Data paths:
  building: benchmark-data-sf10/building
  customer: benchmark-data-sf10/customer
  driver: benchmark-data-sf10/driver
  trip: benchmark-data-sf10/trip
  vehicle: benchmark-data-sf10/vehicle
  zone: benchmark-data-sf10/zone

============================================================
Running Sedonadb Gpu Benchmark
============================================================
Sedonadb Gpu version: 0.3.0
  Running q2... [LIBGPUSPATIAL] [ 12661][18:00:11:940408][info  ] Initializing GpuSpatialRuntime on device 0, PTX root /mnt/data/sedona-db/target/release/build/sedona-libgpuspatial-49614f8a870dbe66/out/share/gpuspatial/shaders
[LIBGPUSPATIAL] [ 12661][18:00:12:098523][info  ] Init Memory Manager
[LIBGPUSPATIAL] [ 12661][18:00:12:098704][info  ] Creating RMM pool memory resource with size 22511 MB
[LIBGPUSPATIAL] [ 12661][18:00:12:144399][info  ] Initialize RTEngine
[LIBGPUSPATIAL] [ 12661][18:00:12:268634][info  ] Create RTSpatialIndex 0x78f1ac00a7d0, fast_build = 0, compact = 0, concurrency = 8
[LIBGPUSPATIAL] [ 12661][18:00:12:271504][info  ] Create RTSpatialRefiner 0x78f1afd298a0, fast_build = 0, compact = 0, parsing_threads = 8, concurrency = 8, pipeline_batches = 1, wkb_parser_memory_quota = 0.80, relate_engine_memory_quota = 0.07
[LIBGPUSPATIAL] [ 12661][18:00:12:277662][info  ] RTSpatialRefiner 0x78f1afd298a0 (Used 0 MB), FinishBuilding Refiner, Total geoms: 1
[LIBGPUSPATIAL] [ 12661][18:00:12:277697][info  ] RTSpatialIndex 0x78f1ac00a7d0 (Used 0 MB), PushBuild, Rectangles 1
[LIBGPUSPATIAL] [ 12661][18:00:12:278055][info  ] RTSpatialIndex 0x78f1ac00a7d0 (Used 0 MB), FinishBuilding Index on Rectangles, Total geoms: 1
[LIBGPUSPATIAL] [ 12658][18:00:12:307272][info  ] RTSpatialIndex 0x78f1ac00a7d0 (Used 6 MB), Allocate result buffer, memory consumption 0 MB, capacity 9
[LIBGPUSPATIAL] [ 12662][18:00:12:307463][info  ] RTSpatialIndex 0x78f1ac00a7d0 (Used 4 MB), Allocate result buffer, memory consumption 0 MB, capacity 18
[LIBGPUSPATIAL] [ 12659][18:00:12:307628][info  ] RTSpatialIndex 0x78f1ac00a7d0 (Used 4 MB), Allocate result buffer, memory consumption 0 MB, capacity 7
[LIBGPUSPATIAL] [ 12662][18:00:12:307750][info  ] RTSpatialIndex 0x78f1ac00a7d0 (Used 4 MB), Probe Points, Size: 100000, Results: 18
[LIBGPUSPATIAL] [ 12656][18:00:12:307820][info  ] RTSpatialIndex 0x78f1ac00a7d0 (Used 3 MB), Allocate result buffer, memory consumption 0 MB, capacity 12
[LIBGPUSPATIAL] [ 12659][18:00:12:308021][info  ] RTSpatialIndex 0x78f1ac00a7d0 (Used 3 MB), Probe Points, Size: 100000, Results: 7
[LIBGPUSPATIAL] [ 12661][18:00:12:308131][info  ] RTSpatialIndex 0x78f1ac00a7d0 (Used 3 MB), Allocate result buffer, memory consumption 0 MB, capacity 15
[LIBGPUSPATIAL] [ 12656][18:00:12:308539][info  ] RTSpatialIndex 0x78f1ac00a7d0 (Used 3 MB), Probe Points, Size: 100000, Results: 12
[LIBGPUSPATIAL] [ 12658][18:00:12:308888][info  ] RTSpatialIndex 0x78f1ac00a7d0 (Used 2 MB), Probe Points, Size: 100000, Results: 9
[LIBGPUSPATIAL] [ 12663][18:00:12:308986][info  ] RTSpatialIndex 0x78f1ac00a7d0 (Used 1 MB), Allocate result buffer, memory consumption 0 MB, capacity 17
[LIBGPUSPATIAL] [ 12659][18:00:12:309254][info  ] RTSpatialRefiner 0x78f1afd298a0 (Used 1 MB), Loaded Geometries, ProbeArray 100000, Loaded 7, Type Point
[LIBGPUSPATIAL] [ 12659][18:00:12:309300][info  ] RTSpatialRefiner 0x78f1afd298a0 (Used 1 MB), Evaluating 7 Geometry Pairs with Predicate Intersects
[LIBGPUSPATIAL] [ 12661][18:00:12:309428][info  ] RTSpatialIndex 0x78f1ac00a7d0 (Used 1 MB), Probe Points, Size: 100000, Results: 15
[LIBGPUSPATIAL] [ 12662][18:00:12:309437][info  ] RTSpatialRefiner 0x78f1afd298a0 (Used 1 MB), Loaded Geometries, ProbeArray 100000, Loaded 18, Type Point
[LIBGPUSPATIAL] [ 12662][18:00:12:309533][info  ] RTSpatialRefiner 0x78f1afd298a0 (Used 0 MB), Evaluating 18 Geometry Pairs with Predicate Intersects
[LIBGPUSPATIAL] [ 12663][18:00:12:309640][info  ] RTSpatialIndex 0x78f1ac00a7d0 (Used 0 MB), Probe Points, Size: 100000, Results: 17
[LIBGPUSPATIAL] [ 12658][18:00:12:333446][info  ] RTSpatialRefiner 0x78f1afd298a0 (Used 1 MB), Loaded Geometries, ProbeArray 100000, Loaded 9, Type Point
[LIBGPUSPATIAL] [ 12656][18:00:12:333480][info  ] RTSpatialRefiner 0x78f1afd298a0 (Used 1 MB), Loaded Geometries, ProbeArray 100000, Loaded 12, Type Point
[LIBGPUSPATIAL] [ 12656][18:00:12:333547][info  ] RTSpatialRefiner 0x78f1afd298a0 (Used 1 MB), Evaluating 12 Geometry Pairs with Predicate Intersects
[LIBGPUSPATIAL] [ 12658][18:00:12:333558][info  ] RTSpatialRefiner 0x78f1afd298a0 (Used 1 MB), Evaluating 9 Geometry Pairs with Predicate Intersects
[LIBGPUSPATIAL] [ 12663][18:00:12:333693][info  ] RTSpatialRefiner 0x78f1afd298a0 (Used 1 MB), Loaded Geometries, ProbeArray 100000, Loaded 17, Type Point
[LIBGPUSPATIAL] [ 12661][18:00:12:333707][info  ] RTSpatialRefiner 0x78f1afd298a0 (Used 1 MB), Loaded Geometries, ProbeArray 100000, Loaded 15, Type Point
[LIBGPUSPATIAL] [ 12663][18:00:12:333737][info  ] RTSpatialRefiner 0x78f1afd298a0 (Used 1 MB), Evaluating 17 Geometry Pairs with Predicate Intersects
[LIBGPUSPATIAL] [ 12661][18:00:12:333767][info  ] RTSpatialRefiner 0x78f1afd298a0 (Used 1 MB), Evaluating 15 Geometry Pairs with Predicate Intersects
[LIBGPUSPATIAL] [ 12660][18:00:12:333937][info  ] RTSpatialIndex 0x78f1ac00a7d0 (Used 1 MB), Allocate result buffer, memory consumption 0 MB, capacity 18
[LIBGPUSPATIAL] [ 12657][18:00:12:334158][info  ] RTSpatialIndex 0x78f1ac00a7d0 (Used 1 MB), Allocate result buffer, memory consumption 0 MB, capacity 13
[LIBGPUSPATIAL] [ 12660][18:00:12:334666][info  ] RTSpatialIndex 0x78f1ac00a7d0 (Used 1 MB), Probe Points, Size: 100000, Results: 18
[LIBGPUSPATIAL] [ 12657][18:00:12:334956][info  ] RTSpatialIndex 0x78f1ac00a7d0 (Used 0 MB), Probe Points, Size: 100000, Results: 13
[LIBGPUSPATIAL] [ 12657][18:00:12:335564][info  ] RTSpatialRefiner 0x78f1afd298a0 (Used 0 MB), Loaded Geometries, ProbeArray 100000, Loaded 13, Type Point
[LIBGPUSPATIAL] [ 12657][18:00:12:335631][info  ] RTSpatialRefiner 0x78f1afd298a0 (Used 0 MB), Evaluating 13 Geometry Pairs with Predicate Intersects
[LIBGPUSPATIAL] [ 12660][18:00:12:335749][info  ] RTSpatialRefiner 0x78f1afd298a0 (Used 0 MB), Loaded Geometries, ProbeArray 100000, Loaded 18, Type Point
[LIBGPUSPATIAL] [ 12660][18:00:12:335809][info  ] RTSpatialRefiner 0x78f1afd298a0 (Used 0 MB), Evaluating 18 Geometry Pairs with Predicate Intersects
[LIBGPUSPATIAL] [ 12659][18:00:12:351268][info  ] RTSpatialIndex 0x78f1ac00a7d0 (Used 3 MB), Allocate result buffer, memory consumption 0 MB, capacity 14
[LIBGPUSPATIAL] [ 12658][18:00:12:351337][info  ] RTSpatialIndex 0x78f1ac00a7d0 (Used 3 MB), Allocate result buffer, memory consumption 0 MB, capacity 13
[LIBGPUSPATIAL] [ 12662][18:00:12:351452][info  ] RTSpatialIndex 0x78f1ac00a7d0 (Used 3 MB), Allocate result buffer, memory consumption 0 MB, capacity 13
[LIBGPUSPATIAL] [ 12661][18:00:12:351535][info  ] RTSpatialIndex 0x78f1ac00a7d0 (Used 3 MB), Allocate result buffer, memory consumption 0 MB, capacity 18
[LIBGPUSPATIAL] [ 12659][18:00:12:351822][info  ] RTSpatialIndex 0x78f1ac00a7d0 (Used 4 MB), Probe Points, Size: 100000, Results: 14
[LIBGPUSPATIAL] [ 12661][18:00:12:352093][info  ] RTSpatialIndex 0x78f1ac00a7d0 (Used 5 MB), Probe Points, Size: 100000, Results: 18
[LIBGPUSPATIAL] [ 12662][18:00:12:352631][info  ] RTSpatialIndex 0x78f1ac00a7d0 (Used 4 MB), Probe Points, Size: 100000, Results: 13
[LIBGPUSPATIAL] [ 12658][18:00:12:352926][info  ] RTSpatialIndex 0x78f1ac00a7d0 (Used 3 MB), Probe Points, Size: 100000, Results: 13
[LIBGPUSPATIAL] [ 12659][18:00:12:353105][info  ] RTSpatialRefiner 0x78f1afd298a0 (Used 4 MB), Loaded Geometries, ProbeArray 100000, Loaded 14, Type Point
[LIBGPUSPATIAL] [ 12656][18:00:12:353234][info  ] RTSpatialIndex 0x78f1ac00a7d0 (Used 4 MB), Allocate result buffer, memory consumption 0 MB, capacity 22
[LIBGPUSPATIAL] [ 12661][18:00:12:353356][info  ] RTSpatialRefiner 0x78f1afd298a0 (Used 4 MB), Loaded Geometries, ProbeArray 100000, Loaded 18, Type Point
[LIBGPUSPATIAL] [ 12659][18:00:12:353362][info  ] RTSpatialRefiner 0x78f1afd298a0 (Used 4 MB), Evaluating 14 Geometry Pairs with Predicate Intersects
[LIBGPUSPATIAL] [ 12661][18:00:12:353446][info  ] RTSpatialRefiner 0x78f1afd298a0 (Used 5 MB), Evaluating 18 Geometry Pairs with Predicate Intersects
[LIBGPUSPATIAL] [ 12663][18:00:12:353624][info  ] RTSpatialIndex 0x78f1ac00a7d0 (Used 4 MB), Allocate result buffer, memory consumption 0 MB, capacity 11
[LIBGPUSPATIAL] [ 12658][18:00:12:353902][info  ] RTSpatialRefiner 0x78f1afd298a0 (Used 3 MB), Loaded Geometries, ProbeArray 100000, Loaded 13, Type Point
[LIBGPUSPATIAL] [ 12658][18:00:12:354022][info  ] RTSpatialRefiner 0x78f1afd298a0 (Used 3 MB), Evaluating 13 Geometry Pairs with Predicate Intersects
[LIBGPUSPATIAL] [ 12662][18:00:12:354029][info  ] RTSpatialRefiner 0x78f1afd298a0 (Used 3 MB), Loaded Geometries, ProbeArray 100000, Loaded 13, Type Point
[LIBGPUSPATIAL] [ 12660][18:00:12:354083][info  ] RTSpatialIndex 0x78f1ac00a7d0 (Used 3 MB), Allocate result buffer, memory consumption 0 MB, capacity 15
[LIBGPUSPATIAL] [ 12662][18:00:12:354304][info  ] RTSpatialRefiner 0x78f1afd298a0 (Used 3 MB), Evaluating 13 Geometry Pairs with Predicate Intersects
[LIBGPUSPATIAL] [ 12656][18:00:12:354478][info  ] RTSpatialIndex 0x78f1ac00a7d0 (Used 3 MB), Probe Points, Size: 100000, Results: 22
[LIBGPUSPATIAL] [ 12663][18:00:12:354755][info  ] RTSpatialIndex 0x78f1ac00a7d0 (Used 2 MB), Probe Points, Size: 100000, Results: 11
[LIBGPUSPATIAL] [ 12657][18:00:12:354890][info  ] RTSpatialIndex 0x78f1ac00a7d0 (Used 1 MB), Allocate result buffer, memory consumption 0 MB, capacity 11
[LIBGPUSPATIAL] [ 12660][18:00:12:355120][info  ] RTSpatialIndex 0x78f1ac00a7d0 (Used 1 MB), Probe Points, Size: 100000, Results: 15
[LIBGPUSPATIAL] [ 12656][18:00:12:355561][info  ] RTSpatialRefiner 0x78f1afd298a0 (Used 1 MB), Loaded Geometries, ProbeArray 100000, Loaded 22, Type Point
[LIBGPUSPATIAL] [ 12663][18:00:12:355607][info  ] RTSpatialRefiner 0x78f1afd298a0 (Used 1 MB), Loaded Geometries, ProbeArray 100000, Loaded 11, Type Point
[LIBGPUSPATIAL] [ 12656][18:00:12:355612][info  ] RTSpatialRefiner 0x78f1afd298a0 (Used 1 MB), Evaluating 22 Geometry Pairs with Predicate Intersects
[LIBGPUSPATIAL] [ 12663][18:00:12:355659][info  ] RTSpatialRefiner 0x78f1afd298a0 (Used 1 MB), Evaluating 11 Geometry Pairs with Predicate Intersects
[LIBGPUSPATIAL] [ 12660][18:00:12:355905][info  ] RTSpatialRefiner 0x78f1afd298a0 (Used 0 MB), Loaded Geometries, ProbeArray 100000, Loaded 15, Type Point
[LIBGPUSPATIAL] [ 12660][18:00:12:355983][info  ] RTSpatialRefiner 0x78f1afd298a0 (Used 0 MB), Evaluating 15 Geometry Pairs with Predicate Intersects
[LIBGPUSPATIAL] [ 12657][18:00:12:356209][info  ] RTSpatialIndex 0x78f1ac00a7d0 (Used 0 MB), Probe Points, Size: 100000, Results: 11
[LIBGPUSPATIAL] [ 12657][18:00:12:356805][info  ] RTSpatialRefiner 0x78f1afd298a0 (Used 0 MB), Loaded Geometries, ProbeArray 100000, Loaded 11, Type Point
[LIBGPUSPATIAL] [ 12657][18:00:12:356875][info  ] RTSpatialRefiner 0x78f1afd298a0 (Used 0 MB), Evaluating 11 Geometry Pairs with Predicate Intersects
[LIBGPUSPATIAL] [ 12661][18:00:12:369238][info  ] RTSpatialIndex 0x78f1ac00a7d0 (Used 1 MB), Allocate result buffer, memory consumption 0 MB, capacity 9
[LIBGPUSPATIAL] [ 12659][18:00:12:369278][info  ] RTSpatialIndex 0x78f1ac00a7d0 (Used 1 MB), Allocate result buffer, memory consumption 0 MB, capacity 14
[LIBGPUSPATIAL] [ 12661][18:00:12:371004][info  ] RTSpatialIndex 0x78f1ac00a7d0 (Used 5 MB), Probe Points, Size: 100000, Results: 9
[LIBGPUSPATIAL] [ 12658][18:00:12:371119][info  ] RTSpatialIndex 0x78f1ac00a7d0 (Used 6 MB), Allocate result buffer, memory consumption 0 MB, capacity 6
[LIBGPUSPATIAL] [ 12662][18:00:12:371440][info  ] RTSpatialIndex 0x78f1ac00a7d0 (Used 5 MB), Allocate result buffer, memory consumption 0 MB, capacity 17
[LIBGPUSPATIAL] [ 12661][18:00:12:371617][info  ] RTSpatialRefiner 0x78f1afd298a0 (Used 5 MB), Loaded Geometries, ProbeArray 100000, Loaded 9, Type Point
[LIBGPUSPATIAL] [ 12661][18:00:12:371698][info  ] RTSpatialRefiner 0x78f1afd298a0 (Used 5 MB), Evaluating 9 Geometry Pairs with Predicate Intersects
[LIBGPUSPATIAL] [ 12659][18:00:12:371727][info  ] RTSpatialIndex 0x78f1ac00a7d0 (Used 5 MB), Probe Points, Size: 100000, Results: 14
[LIBGPUSPATIAL] [ 12663][18:00:12:371797][info  ] RTSpatialIndex 0x78f1ac00a7d0 (Used 4 MB), Allocate result buffer, memory consumption 0 MB, capacity 9
[LIBGPUSPATIAL] [ 12656][18:00:12:371920][info  ] RTSpatialIndex 0x78f1ac00a7d0 (Used 4 MB), Allocate result buffer, memory consumption 0 MB, capacity 12
[LIBGPUSPATIAL] [ 12660][18:00:12:372253][info  ] RTSpatialIndex 0x78f1ac00a7d0 (Used 4 MB), Allocate result buffer, memory consumption 0 MB, capacity 18
[LIBGPUSPATIAL] [ 12659][18:00:12:372259][info  ] RTSpatialRefiner 0x78f1afd298a0 (Used 4 MB), Loaded Geometries, ProbeArray 100000, Loaded 14, Type Point
[LIBGPUSPATIAL] [ 12659][18:00:12:372313][info  ] RTSpatialRefiner 0x78f1afd298a0 (Used 4 MB), Evaluating 14 Geometry Pairs with Predicate Intersects
[LIBGPUSPATIAL] [ 12658][18:00:12:372493][info  ] RTSpatialIndex 0x78f1ac00a7d0 (Used 4 MB), Probe Points, Size: 100000, Results: 6
[LIBGPUSPATIAL] [ 12662][18:00:12:372705][info  ] RTSpatialIndex 0x78f1ac00a7d0 (Used 4 MB), Probe Points, Size: 100000, Results: 17
[LIBGPUSPATIAL] [ 12660][18:00:12:372912][info  ] RTSpatialIndex 0x78f1ac00a7d0 (Used 3 MB), Probe Points, Size: 100000, Results: 18
[LIBGPUSPATIAL] [ 12663][18:00:12:373081][info  ] RTSpatialIndex 0x78f1ac00a7d0 (Used 2 MB), Probe Points, Size: 100000, Results: 9
[LIBGPUSPATIAL] [ 12656][18:00:12:373297][info  ] RTSpatialIndex 0x78f1ac00a7d0 (Used 1 MB), Probe Points, Size: 100000, Results: 12
[LIBGPUSPATIAL] [ 12657][18:00:12:373429][info  ] RTSpatialIndex 0x78f1ac00a7d0 (Used 1 MB), Allocate result buffer, memory consumption 0 MB, capacity 16
[LIBGPUSPATIAL] [ 12658][18:00:12:373590][info  ] RTSpatialRefiner 0x78f1afd298a0 (Used 0 MB), Loaded Geometries, ProbeArray 100000, Loaded 6, Type Point
[LIBGPUSPATIAL] [ 12658][18:00:12:373872][info  ] RTSpatialRefiner 0x78f1afd298a0 (Used 0 MB), Evaluating 6 Geometry Pairs with Predicate Intersects
[LIBGPUSPATIAL] [ 12662][18:00:12:373969][info  ] RTSpatialRefiner 0x78f1afd298a0 (Used 0 MB), Loaded Geometries, ProbeArray 100000, Loaded 17, Type Point
[LIBGPUSPATIAL] [ 12662][18:00:12:374003][info  ] RTSpatialRefiner 0x78f1afd298a0 (Used 0 MB), Evaluating 17 Geometry Pairs with Predicate Intersects
[LIBGPUSPATIAL] [ 12660][18:00:12:374347][info  ] RTSpatialRefiner 0x78f1afd298a0 (Used 0 MB), Loaded Geometries, ProbeArray 100000, Loaded 18, Type Point
[LIBGPUSPATIAL] [ 12663][18:00:12:374422][info  ] RTSpatialRefiner 0x78f1afd298a0 (Used 0 MB), Loaded Geometries, ProbeArray 100000, Loaded 9, Type Point
[LIBGPUSPATIAL] [ 12660][18:00:12:374429][info  ] RTSpatialRefiner 0x78f1afd298a0 (Used 0 MB), Evaluating 18 Geometry Pairs with Predicate Intersects
[LIBGPUSPATIAL] [ 12656][18:00:12:374439][info  ] RTSpatialRefiner 0x78f1afd298a0 (Used 0 MB), Loaded Geometries, ProbeArray 100000, Loaded 12, Type Point
[LIBGPUSPATIAL] [ 12657][18:00:12:374457][info  ] RTSpatialIndex 0x78f1ac00a7d0 (Used 0 MB), Probe Points, Size: 100000, Results: 16
[LIBGPUSPATIAL] [ 12663][18:00:12:374478][info  ] RTSpatialRefiner 0x78f1afd298a0 (Used 0 MB), Evaluating 9 Geometry Pairs with Predicate Intersects
[LIBGPUSPATIAL] [ 12656][18:00:12:374484][info  ] RTSpatialRefiner 0x78f1afd298a0 (Used 0 MB), Evaluating 12 Geometry Pairs with Predicate Intersects
[LIBGPUSPATIAL] [ 12657][18:00:12:375279][info  ] RTSpatialRefiner 0x78f1afd298a0 (Used 0 MB), Loaded Geometries, ProbeArray 100000, Loaded 16, Type Point
[LIBGPUSPATIAL] [ 12657][18:00:12:375322][info  ] RTSpatialRefiner 0x78f1afd298a0 (Used 0 MB), Evaluating 16 Geometry Pairs with Predicate Intersects
[LIBGPUSPATIAL] [ 12658][18:00:12:383437][info  ] RTSpatialIndex 0x78f1ac00a7d0 (Used 0 MB), Allocate result buffer, memory consumption 0 MB, capacity 17
[LIBGPUSPATIAL] [ 12658][18:00:12:383597][info  ] RTSpatialIndex 0x78f1ac00a7d0 (Used 0 MB), Probe Points, Size: 100000, Results: 17
[LIBGPUSPATIAL] [ 12661][18:00:12:386203][info  ] RTSpatialIndex 0x78f1ac00a7d0 (Used 0 MB), Allocate result buffer, memory consumption 0 MB, capacity 11
[LIBGPUSPATIAL] [ 12658][18:00:12:386288][info  ] RTSpatialRefiner 0x78f1afd298a0 (Used 0 MB), Loaded Geometries, ProbeArray 100000, Loaded 17, Type Point
[LIBGPUSPATIAL] [ 12661][18:00:12:386349][info  ] RTSpatialIndex 0x78f1ac00a7d0 (Used 2 MB), Probe Points, Size: 100000, Results: 11
[LIBGPUSPATIAL] [ 12658][18:00:12:386452][info  ] RTSpatialRefiner 0x78f1afd298a0 (Used 1 MB), Evaluating 17 Geometry Pairs with Predicate Intersects
[LIBGPUSPATIAL] [ 12659][18:00:12:386891][info  ] RTSpatialIndex 0x78f1ac00a7d0 (Used 0 MB), Allocate result buffer, memory consumption 0 MB, capacity 18
[LIBGPUSPATIAL] [ 12661][18:00:12:387195][info  ] RTSpatialRefiner 0x78f1afd298a0 (Used 0 MB), Loaded Geometries, ProbeArray 100000, Loaded 11, Type Point
[LIBGPUSPATIAL] [ 12661][18:00:12:387247][info  ] RTSpatialRefiner 0x78f1afd298a0 (Used 0 MB), Evaluating 11 Geometry Pairs with Predicate Intersects
[LIBGPUSPATIAL] [ 12659][18:00:12:387307][info  ] RTSpatialIndex 0x78f1ac00a7d0 (Used 0 MB), Probe Points, Size: 100000, Results: 18
[LIBGPUSPATIAL] [ 12659][18:00:12:387967][info  ] RTSpatialRefiner 0x78f1afd298a0 (Used 3 MB), Loaded Geometries, ProbeArray 100000, Loaded 18, Type Point
[LIBGPUSPATIAL] [ 12659][18:00:12:388045][info  ] RTSpatialRefiner 0x78f1afd298a0 (Used 3 MB), Evaluating 18 Geometry Pairs with Predicate Intersects
[LIBGPUSPATIAL] [ 12662][18:00:12:389207][info  ] RTSpatialIndex 0x78f1ac00a7d0 (Used 2 MB), Allocate result buffer, memory consumption 0 MB, capacity 14
[LIBGPUSPATIAL] [ 12660][18:00:12:389363][info  ] RTSpatialIndex 0x78f1ac00a7d0 (Used 2 MB), Allocate result buffer, memory consumption 0 MB, capacity 10
[LIBGPUSPATIAL] [ 12657][18:00:12:389676][info  ] RTSpatialIndex 0x78f1ac00a7d0 (Used 2 MB), Allocate result buffer, memory consumption 0 MB, capacity 8
[LIBGPUSPATIAL] [ 12662][18:00:12:390671][info  ] RTSpatialIndex 0x78f1ac00a7d0 (Used 3 MB), Probe Points, Size: 100000, Results: 14
[LIBGPUSPATIAL] [ 12660][18:00:12:390777][info  ] RTSpatialIndex 0x78f1ac00a7d0 (Used 2 MB), Probe Points, Size: 100000, Results: 10
[LIBGPUSPATIAL] [ 12657][18:00:12:391021][info  ] RTSpatialIndex 0x78f1ac00a7d0 (Used 1 MB), Probe Points, Size: 100000, Results: 8
[LIBGPUSPATIAL] [ 12663][18:00:12:391218][info  ] RTSpatialIndex 0x78f1ac00a7d0 (Used 0 MB), Allocate result buffer, memory consumption 0 MB, capacity 17
[LIBGPUSPATIAL] [ 12663][18:00:12:391633][info  ] RTSpatialIndex 0x78f1ac00a7d0 (Used 0 MB), Probe Points, Size: 100000, Results: 17
[LIBGPUSPATIAL] [ 12660][18:00:12:391923][info  ] RTSpatialRefiner 0x78f1afd298a0 (Used 1 MB), Loaded Geometries, ProbeArray 100000, Loaded 10, Type Point
[LIBGPUSPATIAL] [ 12660][18:00:12:391993][info  ] RTSpatialRefiner 0x78f1afd298a0 (Used 1 MB), Evaluating 10 Geometry Pairs with Predicate Intersects
[LIBGPUSPATIAL] [ 12656][18:00:12:392386][info  ] RTSpatialIndex 0x78f1ac00a7d0 (Used 0 MB), Allocate result buffer, memory consumption 0 MB, capacity 17
[LIBGPUSPATIAL] [ 12662][18:00:12:392449][info  ] RTSpatialRefiner 0x78f1afd298a0 (Used 0 MB), Loaded Geometries, ProbeArray 100000, Loaded 14, Type Point
[LIBGPUSPATIAL] [ 12662][18:00:12:392537][info  ] RTSpatialRefiner 0x78f1afd298a0 (Used 0 MB), Evaluating 14 Geometry Pairs with Predicate Intersects
[LIBGPUSPATIAL] [ 12657][18:00:12:392685][info  ] RTSpatialRefiner 0x78f1afd298a0 (Used 0 MB), Loaded Geometries, ProbeArray 100000, Loaded 8, Type Point
[LIBGPUSPATIAL] [ 12663][18:00:12:392763][info  ] RTSpatialRefiner 0x78f1afd298a0 (Used 0 MB), Loaded Geometries, ProbeArray 100000, Loaded 17, Type Point
[LIBGPUSPATIAL] [ 12663][18:00:12:392797][info  ] RTSpatialRefiner 0x78f1afd298a0 (Used 0 MB), Evaluating 17 Geometry Pairs with Predicate Intersects
[LIBGPUSPATIAL] [ 12657][18:00:12:392877][info  ] RTSpatialRefiner 0x78f1afd298a0 (Used 0 MB), Evaluating 8 Geometry Pairs with Predicate Intersects
[LIBGPUSPATIAL] [ 12656][18:00:12:392951][info  ] RTSpatialIndex 0x78f1ac00a7d0 (Used 0 MB), Probe Points, Size: 100000, Results: 17
[LIBGPUSPATIAL] [ 12656][18:00:12:393442][info  ] RTSpatialRefiner 0x78f1afd298a0 (Used 0 MB), Loaded Geometries, ProbeArray 100000, Loaded 17, Type Point
[LIBGPUSPATIAL] [ 12656][18:00:12:393521][info  ] RTSpatialRefiner 0x78f1afd298a0 (Used 0 MB), Evaluating 17 Geometry Pairs with Predicate Intersects
[LIBGPUSPATIAL] [ 12658][18:00:12:400278][info  ] RTSpatialIndex 0x78f1ac00a7d0 (Used 0 MB), Allocate result buffer, memory consumption 0 MB, capacity 20
[LIBGPUSPATIAL] [ 12658][18:00:12:400418][info  ] RTSpatialIndex 0x78f1ac00a7d0 (Used 0 MB), Probe Points, Size: 100000, Results: 20
[LIBGPUSPATIAL] [ 12661][18:00:12:401920][info  ] RTSpatialIndex 0x78f1ac00a7d0 (Used 1 MB), Allocate result buffer, memory consumption 0 MB, capacity 14
[LIBGPUSPATIAL] [ 12659][18:00:12:401963][info  ] RTSpatialIndex 0x78f1ac00a7d0 (Used 1 MB), Allocate result buffer, memory consumption 0 MB, capacity 11
[LIBGPUSPATIAL] [ 12659][18:00:12:402152][info  ] RTSpatialIndex 0x78f1ac00a7d0 (Used 1 MB), Probe Points, Size: 100000, Results: 11
[LIBGPUSPATIAL] [ 12661][18:00:12:402160][info  ] RTSpatialIndex 0x78f1ac00a7d0 (Used 1 MB), Probe Points, Size: 100000, Results: 14
[LIBGPUSPATIAL] [ 12658][18:00:12:403054][info  ] RTSpatialRefiner 0x78f1afd298a0 (Used 0 MB), Loaded Geometries, ProbeArray 100000, Loaded 20, Type Point
[LIBGPUSPATIAL] [ 12658][18:00:12:403099][info  ] RTSpatialRefiner 0x78f1afd298a0 (Used 0 MB), Evaluating 20 Geometry Pairs with Predicate Intersects
[LIBGPUSPATIAL] [ 12659][18:00:12:404063][info  ] RTSpatialRefiner 0x78f1afd298a0 (Used 0 MB), Loaded Geometries, ProbeArray 100000, Loaded 11, Type Point
[LIBGPUSPATIAL] [ 12659][18:00:12:404115][info  ] RTSpatialRefiner 0x78f1afd298a0 (Used 0 MB), Evaluating 11 Geometry Pairs with Predicate Intersects
[LIBGPUSPATIAL] [ 12661][18:00:12:404125][info  ] RTSpatialRefiner 0x78f1afd298a0 (Used 0 MB), Loaded Geometries, ProbeArray 100000, Loaded 14, Type Point
[LIBGPUSPATIAL] [ 12661][18:00:12:404163][info  ] RTSpatialRefiner 0x78f1afd298a0 (Used 0 MB), Evaluating 14 Geometry Pairs with Predicate Intersects
[LIBGPUSPATIAL] [ 12660][18:00:12:406750][info  ] RTSpatialIndex 0x78f1ac00a7d0 (Used 2 MB), Allocate result buffer, memory consumption 0 MB, capacity 13
[LIBGPUSPATIAL] [ 12663][18:00:12:406806][info  ] RTSpatialIndex 0x78f1ac00a7d0 (Used 2 MB), Allocate result buffer, memory consumption 0 MB, capacity 6
[LIBGPUSPATIAL] [ 12656][18:00:12:406979][info  ] RTSpatialIndex 0x78f1ac00a7d0 (Used 2 MB), Allocate result buffer, memory consumption 0 MB, capacity 15
[LIBGPUSPATIAL] [ 12663][18:00:12:407062][info  ] RTSpatialIndex 0x78f1ac00a7d0 (Used 2 MB), Probe Points, Size: 100000, Results: 6
[LIBGPUSPATIAL] [ 12660][18:00:12:407175][info  ] RTSpatialIndex 0x78f1ac00a7d0 (Used 1 MB), Probe Points, Size: 100000, Results: 13
[LIBGPUSPATIAL] [ 12656][18:00:12:407388][info  ] RTSpatialIndex 0x78f1ac00a7d0 (Used 0 MB), Probe Points, Size: 100000, Results: 15
[LIBGPUSPATIAL] [ 12663][18:00:12:407545][info  ] RTSpatialRefiner 0x78f1afd298a0 (Used 0 MB), Loaded Geometries, ProbeArray 100000, Loaded 6, Type Point
[LIBGPUSPATIAL] [ 12663][18:00:12:407589][info  ] RTSpatialRefiner 0x78f1afd298a0 (Used 0 MB), Evaluating 6 Geometry Pairs with Predicate Intersects
[LIBGPUSPATIAL] [ 12660][18:00:12:408519][info  ] RTSpatialRefiner 0x78f1afd298a0 (Used 0 MB), Loaded Geometries, ProbeArray 100000, Loaded 13, Type Point
[LIBGPUSPATIAL] [ 12660][18:00:12:408599][info  ] RTSpatialRefiner 0x78f1afd298a0 (Used 0 MB), Evaluating 13 Geometry Pairs with Predicate Intersects
[LIBGPUSPATIAL] [ 12656][18:00:12:408927][info  ] RTSpatialRefiner 0x78f1afd298a0 (Used 0 MB), Loaded Geometries, ProbeArray 100000, Loaded 15, Type Point
[LIBGPUSPATIAL] [ 12656][18:00:12:408968][info  ] RTSpatialRefiner 0x78f1afd298a0 (Used 0 MB), Evaluating 15 Geometry Pairs with Predicate Intersects
[LIBGPUSPATIAL] [ 12657][18:00:12:410520][info  ] RTSpatialIndex 0x78f1ac00a7d0 (Used 1 MB), Allocate result buffer, memory consumption 0 MB, capacity 14
[LIBGPUSPATIAL] [ 12662][18:00:12:410562][info  ] RTSpatialIndex 0x78f1ac00a7d0 (Used 1 MB), Allocate result buffer, memory consumption 0 MB, capacity 11
[LIBGPUSPATIAL] [ 12657][18:00:12:410698][info  ] RTSpatialIndex 0x78f1ac00a7d0 (Used 1 MB), Probe Points, Size: 100000, Results: 14
[LIBGPUSPATIAL] [ 12662][18:00:12:410787][info  ] RTSpatialIndex 0x78f1ac00a7d0 (Used 0 MB), Probe Points, Size: 100000, Results: 11
[LIBGPUSPATIAL] [ 12657][18:00:12:411206][info  ] RTSpatialRefiner 0x78f1afd298a0 (Used 0 MB), Loaded Geometries, ProbeArray 100000, Loaded 14, Type Point
[LIBGPUSPATIAL] [ 12662][18:00:12:411211][info  ] RTSpatialRefiner 0x78f1afd298a0 (Used 0 MB), Loaded Geometries, ProbeArray 100000, Loaded 11, Type Point
[LIBGPUSPATIAL] [ 12657][18:00:12:411257][info  ] RTSpatialRefiner 0x78f1afd298a0 (Used 0 MB), Evaluating 14 Geometry Pairs with Predicate Intersects
[LIBGPUSPATIAL] [ 12662][18:00:12:411263][info  ] RTSpatialRefiner 0x78f1afd298a0 (Used 0 MB), Evaluating 11 Geometry Pairs with Predicate Intersects
[LIBGPUSPATIAL] [ 12658][18:00:12:416224][info  ] RTSpatialIndex 0x78f1ac00a7d0 (Used 0 MB), Allocate result buffer, memory consumption 0 MB, capacity 17
[LIBGPUSPATIAL] [ 12658][18:00:12:416353][info  ] RTSpatialIndex 0x78f1ac00a7d0 (Used 0 MB), Probe Points, Size: 100000, Results: 17
[LIBGPUSPATIAL] [ 12658][18:00:12:416881][info  ] RTSpatialRefiner 0x78f1afd298a0 (Used 0 MB), Loaded Geometries, ProbeArray 100000, Loaded 17, Type Point
[LIBGPUSPATIAL] [ 12658][18:00:12:416929][info  ] RTSpatialRefiner 0x78f1afd298a0 (Used 0 MB), Evaluating 17 Geometry Pairs with Predicate Intersects
[LIBGPUSPATIAL] [ 12659][18:00:12:417832][info  ] RTSpatialIndex 0x78f1ac00a7d0 (Used 1 MB), Allocate result buffer, memory consumption 0 MB, capacity 7
[LIBGPUSPATIAL] [ 12661][18:00:12:418538][info  ] RTSpatialIndex 0x78f1ac00a7d0 (Used 1 MB), Allocate result buffer, memory consumption 0 MB, capacity 17
[LIBGPUSPATIAL] [ 12659][18:00:12:418623][info  ] RTSpatialIndex 0x78f1ac00a7d0 (Used 1 MB), Probe Points, Size: 100000, Results: 7
[LIBGPUSPATIAL] [ 12661][18:00:12:418774][info  ] RTSpatialIndex 0x78f1ac00a7d0 (Used 0 MB), Probe Points, Size: 100000, Results: 17
[LIBGPUSPATIAL] [ 12659][18:00:12:419341][info  ] RTSpatialRefiner 0x78f1afd298a0 (Used 0 MB), Loaded Geometries, ProbeArray 100000, Loaded 7, Type Point
[LIBGPUSPATIAL] [ 12661][18:00:12:419348][info  ] RTSpatialRefiner 0x78f1afd298a0 (Used 0 MB), Loaded Geometries, ProbeArray 100000, Loaded 17, Type Point
[LIBGPUSPATIAL] [ 12659][18:00:12:419379][info  ] RTSpatialRefiner 0x78f1afd298a0 (Used 0 MB), Evaluating 7 Geometry Pairs with Predicate Intersects
[LIBGPUSPATIAL] [ 12661][18:00:12:419386][info  ] RTSpatialRefiner 0x78f1afd298a0 (Used 0 MB), Evaluating 17 Geometry Pairs with Predicate Intersects
[LIBGPUSPATIAL] [ 12660][18:00:12:422327][info  ] RTSpatialIndex 0x78f1ac00a7d0 (Used 1 MB), Allocate result buffer, memory consumption 0 MB, capacity 17
[LIBGPUSPATIAL] [ 12663][18:00:12:422362][info  ] RTSpatialIndex 0x78f1ac00a7d0 (Used 3 MB), Allocate result buffer, memory consumption 0 MB, capacity 21
[LIBGPUSPATIAL] [ 12660][18:00:12:422940][info  ] RTSpatialIndex 0x78f1ac00a7d0 (Used 2 MB), Probe Points, Size: 100000, Results: 17
[LIBGPUSPATIAL] [ 12663][18:00:12:423176][info  ] RTSpatialIndex 0x78f1ac00a7d0 (Used 1 MB), Probe Points, Size: 100000, Results: 21
[LIBGPUSPATIAL] [ 12656][18:00:12:423333][info  ] RTSpatialIndex 0x78f1ac00a7d0 (Used 0 MB), Allocate result buffer, memory consumption 0 MB, capacity 11
[LIBGPUSPATIAL] [ 12656][18:00:12:423743][info  ] RTSpatialIndex 0x78f1ac00a7d0 (Used 0 MB), Probe Points, Size: 100000, Results: 11
[LIBGPUSPATIAL] [ 12662][18:00:12:424272][info  ] RTSpatialIndex 0x78f1ac00a7d0 (Used 0 MB), Allocate result buffer, memory consumption 0 MB, capacity 17
[LIBGPUSPATIAL] [ 12662][18:00:12:424437][info  ] RTSpatialIndex 0x78f1ac00a7d0 (Used 0 MB), Probe Points, Size: 100000, Results: 17
[LIBGPUSPATIAL] [ 12663][18:00:12:424587][info  ] RTSpatialRefiner 0x78f1afd298a0 (Used 0 MB), Loaded Geometries, ProbeArray 100000, Loaded 21, Type Point
[LIBGPUSPATIAL] [ 12663][18:00:12:424634][info  ] RTSpatialRefiner 0x78f1afd298a0 (Used 1 MB), Evaluating 21 Geometry Pairs with Predicate Intersects
[LIBGPUSPATIAL] [ 12660][18:00:12:425074][info  ] RTSpatialRefiner 0x78f1afd298a0 (Used 0 MB), Loaded Geometries, ProbeArray 100000, Loaded 17, Type Point
[LIBGPUSPATIAL] [ 12657][18:00:12:425105][info  ] RTSpatialIndex 0x78f1ac00a7d0 (Used 0 MB), Allocate result buffer, memory consumption 0 MB, capacity 15
[LIBGPUSPATIAL] [ 12660][18:00:12:425122][info  ] RTSpatialRefiner 0x78f1afd298a0 (Used 0 MB), Evaluating 17 Geometry Pairs with Predicate Intersects
[LIBGPUSPATIAL] [ 12656][18:00:12:425285][info  ] RTSpatialRefiner 0x78f1afd298a0 (Used 0 MB), Loaded Geometries, ProbeArray 100000, Loaded 11, Type Point
[LIBGPUSPATIAL] [ 12656][18:00:12:425356][info  ] RTSpatialRefiner 0x78f1afd298a0 (Used 0 MB), Evaluating 11 Geometry Pairs with Predicate Intersects
[LIBGPUSPATIAL] [ 12662][18:00:12:425443][info  ] RTSpatialRefiner 0x78f1afd298a0 (Used 0 MB), Loaded Geometries, ProbeArray 100000, Loaded 17, Type Point
[LIBGPUSPATIAL] [ 12662][18:00:12:425481][info  ] RTSpatialRefiner 0x78f1afd298a0 (Used 0 MB), Evaluating 17 Geometry Pairs with Predicate Intersects
[LIBGPUSPATIAL] [ 12657][18:00:12:425614][info  ] RTSpatialIndex 0x78f1ac00a7d0 (Used 0 MB), Probe Points, Size: 100000, Results: 15
[LIBGPUSPATIAL] [ 12658][18:00:12:429792][info  ] RTSpatialIndex 0x78f1ac00a7d0 (Used 0 MB), Allocate result buffer, memory consumption 0 MB, capacity 13
[LIBGPUSPATIAL] [ 12658][18:00:12:429956][info  ] RTSpatialIndex 0x78f1ac00a7d0 (Used 0 MB), Probe Points, Size: 100000, Results: 13
[LIBGPUSPATIAL] [ 12657][18:00:12:429992][info  ] RTSpatialRefiner 0x78f1afd298a0 (Used 0 MB), Loaded Geometries, ProbeArray 100000, Loaded 15, Type Point
[LIBGPUSPATIAL] [ 12657][18:00:12:430039][info  ] RTSpatialRefiner 0x78f1afd298a0 (Used 0 MB), Evaluating 15 Geometry Pairs with Predicate Intersects
[LIBGPUSPATIAL] [ 12658][18:00:12:430448][info  ] RTSpatialRefiner 0x78f1afd298a0 (Used 0 MB), Loaded Geometries, ProbeArray 100000, Loaded 13, Type Point
[LIBGPUSPATIAL] [ 12658][18:00:12:430491][info  ] RTSpatialRefiner 0x78f1afd298a0 (Used 0 MB), Evaluating 13 Geometry Pairs with Predicate Intersects
[LIBGPUSPATIAL] [ 12659][18:00:12:431682][info  ] RTSpatialIndex 0x78f1ac00a7d0 (Used 2 MB), Allocate result buffer, memory consumption 0 MB, capacity 8
[LIBGPUSPATIAL] [ 12659][18:00:12:432120][info  ] RTSpatialIndex 0x78f1ac00a7d0 (Used 1 MB), Probe Points, Size: 100000, Results: 8
[LIBGPUSPATIAL] [ 12661][18:00:12:432170][info  ] RTSpatialIndex 0x78f1ac00a7d0 (Used 0 MB), Allocate result buffer, memory consumption 0 MB, capacity 16
[LIBGPUSPATIAL] [ 12661][18:00:12:432575][info  ] RTSpatialIndex 0x78f1ac00a7d0 (Used 0 MB), Probe Points, Size: 100000, Results: 16
[LIBGPUSPATIAL] [ 12659][18:00:12:433990][info  ] RTSpatialRefiner 0x78f1afd298a0 (Used 0 MB), Loaded Geometries, ProbeArray 100000, Loaded 8, Type Point
[LIBGPUSPATIAL] [ 12659][18:00:12:434033][info  ] RTSpatialRefiner 0x78f1afd298a0 (Used 0 MB), Evaluating 8 Geometry Pairs with Predicate Intersects
[LIBGPUSPATIAL] [ 12661][18:00:12:434128][info  ] RTSpatialRefiner 0x78f1afd298a0 (Used 0 MB), Loaded Geometries, ProbeArray 100000, Loaded 16, Type Point
[LIBGPUSPATIAL] [ 12661][18:00:12:434165][info  ] RTSpatialRefiner 0x78f1afd298a0 (Used 0 MB), Evaluating 16 Geometry Pairs with Predicate Intersects
[LIBGPUSPATIAL] [ 12663][18:00:12:436453][info  ] RTSpatialIndex 0x78f1ac00a7d0 (Used 0 MB), Allocate result buffer, memory consumption 0 MB, capacity 14
[LIBGPUSPATIAL] [ 12663][18:00:12:436585][info  ] RTSpatialIndex 0x78f1ac00a7d0 (Used 0 MB), Probe Points, Size: 100000, Results: 14
[LIBGPUSPATIAL] [ 12663][18:00:12:438195][info  ] RTSpatialRefiner 0x78f1afd298a0 (Used 3 MB), Loaded Geometries, ProbeArray 100000, Loaded 14, Type Point
[LIBGPUSPATIAL] [ 12663][18:00:12:438252][info  ] RTSpatialRefiner 0x78f1afd298a0 (Used 2 MB), Evaluating 14 Geometry Pairs with Predicate Intersects
[LIBGPUSPATIAL] [ 12662][18:00:12:438682][info  ] RTSpatialIndex 0x78f1ac00a7d0 (Used 1 MB), Allocate result buffer, memory consumption 0 MB, capacity 15
[LIBGPUSPATIAL] [ 12660][18:00:12:438898][info  ] RTSpatialIndex 0x78f1ac00a7d0 (Used 1 MB), Allocate result buffer, memory consumption 0 MB, capacity 11
[LIBGPUSPATIAL] [ 12662][18:00:12:439323][info  ] RTSpatialIndex 0x78f1ac00a7d0 (Used 1 MB), Probe Points, Size: 100000, Results: 15
[LIBGPUSPATIAL] [ 12660][18:00:12:439377][info  ] RTSpatialIndex 0x78f1ac00a7d0 (Used 1 MB), Probe Points, Size: 100000, Results: 11
[LIBGPUSPATIAL] [ 12660][18:00:12:440204][info  ] RTSpatialRefiner 0x78f1afd298a0 (Used 0 MB), Loaded Geometries, ProbeArray 100000, Loaded 11, Type Point
[LIBGPUSPATIAL] [ 12660][18:00:12:440298][info  ] RTSpatialRefiner 0x78f1afd298a0 (Used 0 MB), Evaluating 11 Geometry Pairs with Predicate Intersects
[LIBGPUSPATIAL] [ 12656][18:00:12:440353][info  ] RTSpatialIndex 0x78f1ac00a7d0 (Used 0 MB), Allocate result buffer, memory consumption 0 MB, capacity 18
[LIBGPUSPATIAL] [ 12656][18:00:12:440589][info  ] RTSpatialIndex 0x78f1ac00a7d0 (Used 0 MB), Probe Points, Size: 100000, Results: 18
[LIBGPUSPATIAL] [ 12662][18:00:12:440732][info  ] RTSpatialRefiner 0x78f1afd298a0 (Used 0 MB), Loaded Geometries, ProbeArray 100000, Loaded 15, Type Point
[LIBGPUSPATIAL] [ 12662][18:00:12:440774][info  ] RTSpatialRefiner 0x78f1afd298a0 (Used 0 MB), Evaluating 15 Geometry Pairs with Predicate Intersects
[LIBGPUSPATIAL] [ 12656][18:00:12:440994][info  ] RTSpatialRefiner 0x78f1afd298a0 (Used 0 MB), Loaded Geometries, ProbeArray 100000, Loaded 18, Type Point
[LIBGPUSPATIAL] [ 12656][18:00:12:441046][info  ] RTSpatialRefiner 0x78f1afd298a0 (Used 0 MB), Evaluating 18 Geometry Pairs with Predicate Intersects
[LIBGPUSPATIAL] [ 12657][18:00:12:443415][info  ] RTSpatialIndex 0x78f1ac00a7d0 (Used 0 MB), Allocate result buffer, memory consumption 0 MB, capacity 8
[LIBGPUSPATIAL] [ 12657][18:00:12:443544][info  ] RTSpatialIndex 0x78f1ac00a7d0 (Used 2 MB), Probe Points, Size: 100000, Results: 8
[LIBGPUSPATIAL] [ 12658][18:00:12:444117][info  ] RTSpatialIndex 0x78f1ac00a7d0 (Used 0 MB), Allocate result buffer, memory consumption 0 MB, capacity 12
[LIBGPUSPATIAL] [ 12658][18:00:12:444230][info  ] RTSpatialIndex 0x78f1ac00a7d0 (Used 0 MB), Probe Points, Size: 100000, Results: 12
[LIBGPUSPATIAL] [ 12657][18:00:12:444545][info  ] RTSpatialRefiner 0x78f1afd298a0 (Used 0 MB), Loaded Geometries, ProbeArray 100000, Loaded 8, Type Point
[LIBGPUSPATIAL] [ 12658][18:00:12:444618][info  ] RTSpatialRefiner 0x78f1afd298a0 (Used 0 MB), Loaded Geometries, ProbeArray 100000, Loaded 12, Type Point
[LIBGPUSPATIAL] [ 12657][18:00:12:444689][info  ] RTSpatialRefiner 0x78f1afd298a0 (Used 0 MB), Evaluating 8 Geometry Pairs with Predicate Intersects
[LIBGPUSPATIAL] [ 12658][18:00:12:444787][info  ] RTSpatialRefiner 0x78f1afd298a0 (Used 0 MB), Evaluating 12 Geometry Pairs with Predicate Intersects
[LIBGPUSPATIAL] [ 12659][18:00:12:446588][info  ] RTSpatialIndex 0x78f1ac00a7d0 (Used 0 MB), Allocate result buffer, memory consumption 0 MB, capacity 16
[LIBGPUSPATIAL] [ 12659][18:00:12:446716][info  ] RTSpatialIndex 0x78f1ac00a7d0 (Used 0 MB), Probe Points, Size: 100000, Results: 16
[LIBGPUSPATIAL] [ 12661][18:00:12:447177][info  ] RTSpatialIndex 0x78f1ac00a7d0 (Used 0 MB), Allocate result buffer, memory consumption 0 MB, capacity 13
[LIBGPUSPATIAL] [ 12661][18:00:12:447310][info  ] RTSpatialIndex 0x78f1ac00a7d0 (Used 0 MB), Probe Points, Size: 100000, Results: 13
[LIBGPUSPATIAL] [ 12659][18:00:12:447318][info  ] RTSpatialRefiner 0x78f1afd298a0 (Used 0 MB), Loaded Geometries, ProbeArray 100000, Loaded 16, Type Point
[LIBGPUSPATIAL] [ 12659][18:00:12:447380][info  ] RTSpatialRefiner 0x78f1afd298a0 (Used 0 MB), Evaluating 16 Geometry Pairs with Predicate Intersects
[LIBGPUSPATIAL] [ 12661][18:00:12:449008][info  ] RTSpatialRefiner 0x78f1afd298a0 (Used 0 MB), Loaded Geometries, ProbeArray 100000, Loaded 13, Type Point
[LIBGPUSPATIAL] [ 12661][18:00:12:449054][info  ] RTSpatialRefiner 0x78f1afd298a0 (Used 0 MB), Evaluating 13 Geometry Pairs with Predicate Intersects
[LIBGPUSPATIAL] [ 12663][18:00:12:452652][info  ] RTSpatialIndex 0x78f1ac00a7d0 (Used 0 MB), Allocate result buffer, memory consumption 0 MB, capacity 11
[LIBGPUSPATIAL] [ 12663][18:00:12:452789][info  ] RTSpatialIndex 0x78f1ac00a7d0 (Used 0 MB), Probe Points, Size: 100000, Results: 11
[LIBGPUSPATIAL] [ 12663][18:00:12:453710][info  ] RTSpatialRefiner 0x78f1afd298a0 (Used 2 MB), Loaded Geometries, ProbeArray 100000, Loaded 11, Type Point
[LIBGPUSPATIAL] [ 12663][18:00:12:453890][info  ] RTSpatialRefiner 0x78f1afd298a0 (Used 2 MB), Evaluating 11 Geometry Pairs with Predicate Intersects
[LIBGPUSPATIAL] [ 12660][18:00:12:454363][info  ] RTSpatialIndex 0x78f1ac00a7d0 (Used 2 MB), Allocate result buffer, memory consumption 0 MB, capacity 9
[LIBGPUSPATIAL] [ 12660][18:00:12:454496][info  ] RTSpatialIndex 0x78f1ac00a7d0 (Used 2 MB), Probe Points, Size: 100000, Results: 9
[LIBGPUSPATIAL] [ 12662][18:00:12:455453][info  ] RTSpatialIndex 0x78f1ac00a7d0 (Used 1 MB), Allocate result buffer, memory consumption 0 MB, capacity 17
[LIBGPUSPATIAL] [ 12662][18:00:12:455574][info  ] RTSpatialIndex 0x78f1ac00a7d0 (Used 1 MB), Probe Points, Size: 100000, Results: 17
[LIBGPUSPATIAL] [ 12656][18:00:12:455950][info  ] RTSpatialIndex 0x78f1ac00a7d0 (Used 0 MB), Allocate result buffer, memory consumption 0 MB, capacity 14
[LIBGPUSPATIAL] [ 12660][18:00:12:455981][info  ] RTSpatialRefiner 0x78f1afd298a0 (Used 0 MB), Loaded Geometries, ProbeArray 100000, Loaded 9, Type Point
[LIBGPUSPATIAL] [ 12660][18:00:12:456048][info  ] RTSpatialRefiner 0x78f1afd298a0 (Used 0 MB), Evaluating 9 Geometry Pairs with Predicate Intersects
[LIBGPUSPATIAL] [ 12656][18:00:12:456091][info  ] RTSpatialIndex 0x78f1ac00a7d0 (Used 0 MB), Probe Points, Size: 100000, Results: 14
[LIBGPUSPATIAL] [ 12662][18:00:12:456363][info  ] RTSpatialRefiner 0x78f1afd298a0 (Used 0 MB), Loaded Geometries, ProbeArray 100000, Loaded 17, Type Point
[LIBGPUSPATIAL] [ 12662][18:00:12:456402][info  ] RTSpatialRefiner 0x78f1afd298a0 (Used 0 MB), Evaluating 17 Geometry Pairs with Predicate Intersects
[LIBGPUSPATIAL] [ 12656][18:00:12:457751][info  ] RTSpatialRefiner 0x78f1afd298a0 (Used 1 MB), Loaded Geometries, ProbeArray 100000, Loaded 14, Type Point
[LIBGPUSPATIAL] [ 12656][18:00:12:457898][info  ] RTSpatialRefiner 0x78f1afd298a0 (Used 1 MB), Evaluating 14 Geometry Pairs with Predicate Intersects
[LIBGPUSPATIAL] [ 12658][18:00:12:458490][info  ] RTSpatialIndex 0x78f1ac00a7d0 (Used 1 MB), Allocate result buffer, memory consumption 0 MB, capacity 15
[LIBGPUSPATIAL] [ 12657][18:00:12:458810][info  ] RTSpatialIndex 0x78f1ac00a7d0 (Used 1 MB), Allocate result buffer, memory consumption 0 MB, capacity 13
[LIBGPUSPATIAL] [ 12658][18:00:12:459078][info  ] RTSpatialIndex 0x78f1ac00a7d0 (Used 1 MB), Probe Points, Size: 100000, Results: 15
[LIBGPUSPATIAL] [ 12657][18:00:12:459308][info  ] RTSpatialIndex 0x78f1ac00a7d0 (Used 0 MB), Probe Points, Size: 100000, Results: 13
[LIBGPUSPATIAL] [ 12658][18:00:12:459677][info  ] RTSpatialRefiner 0x78f1afd298a0 (Used 0 MB), Loaded Geometries, ProbeArray 100000, Loaded 15, Type Point
[LIBGPUSPATIAL] [ 12657][18:00:12:459722][info  ] RTSpatialRefiner 0x78f1afd298a0 (Used 0 MB), Loaded Geometries, ProbeArray 100000, Loaded 13, Type Point
[LIBGPUSPATIAL] [ 12658][18:00:12:459761][info  ] RTSpatialRefiner 0x78f1afd298a0 (Used 0 MB), Evaluating 15 Geometry Pairs with Predicate Intersects
[LIBGPUSPATIAL] [ 12657][18:00:12:459768][info  ] RTSpatialRefiner 0x78f1afd298a0 (Used 0 MB), Evaluating 13 Geometry Pairs with Predicate Intersects
[LIBGPUSPATIAL] [ 12659][18:00:12:461193][info  ] RTSpatialIndex 0x78f1ac00a7d0 (Used 0 MB), Allocate result buffer, memory consumption 0 MB, capacity 27
[LIBGPUSPATIAL] [ 12659][18:00:12:461309][info  ] RTSpatialIndex 0x78f1ac00a7d0 (Used 0 MB), Probe Points, Size: 100000, Results: 27
[LIBGPUSPATIAL] [ 12659][18:00:12:461668][info  ] RTSpatialRefiner 0x78f1afd298a0 (Used 0 MB), Loaded Geometries, ProbeArray 100000, Loaded 27, Type Point
[LIBGPUSPATIAL] [ 12659][18:00:12:461710][info  ] RTSpatialRefiner 0x78f1afd298a0 (Used 0 MB), Evaluating 27 Geometry Pairs with Predicate Intersects
[LIBGPUSPATIAL] [ 12661][18:00:12:462866][info  ] RTSpatialIndex 0x78f1ac00a7d0 (Used 0 MB), Allocate result buffer, memory consumption 0 MB, capacity 14
[LIBGPUSPATIAL] [ 12661][18:00:12:463161][info  ] RTSpatialIndex 0x78f1ac00a7d0 (Used 0 MB), Probe Points, Size: 100000, Results: 14
[LIBGPUSPATIAL] [ 12661][18:00:12:463525][info  ] RTSpatialRefiner 0x78f1afd298a0 (Used 0 MB), Loaded Geometries, ProbeArray 100000, Loaded 14, Type Point
[LIBGPUSPATIAL] [ 12661][18:00:12:463561][info  ] RTSpatialRefiner 0x78f1afd298a0 (Used 0 MB), Evaluating 14 Geometry Pairs with Predicate Intersects
[LIBGPUSPATIAL] [ 12663][18:00:12:467589][info  ] RTSpatialIndex 0x78f1ac00a7d0 (Used 0 MB), Allocate result buffer, memory consumption 0 MB, capacity 18
[LIBGPUSPATIAL] [ 12663][18:00:12:467728][info  ] RTSpatialIndex 0x78f1ac00a7d0 (Used 0 MB), Probe Points, Size: 100000, Results: 18
[LIBGPUSPATIAL] [ 12663][18:00:12:468176][info  ] RTSpatialRefiner 0x78f1afd298a0 (Used 0 MB), Loaded Geometries, ProbeArray 100000, Loaded 18, Type Point
[LIBGPUSPATIAL] [ 12663][18:00:12:468222][info  ] RTSpatialRefiner 0x78f1afd298a0 (Used 0 MB), Evaluating 18 Geometry Pairs with Predicate Intersects
[LIBGPUSPATIAL] [ 12660][18:00:12:469047][info  ] RTSpatialIndex 0x78f1ac00a7d0 (Used 0 MB), Allocate result buffer, memory consumption 0 MB, capacity 15
[LIBGPUSPATIAL] [ 12660][18:00:12:469179][info  ] RTSpatialIndex 0x78f1ac00a7d0 (Used 0 MB), Probe Points, Size: 100000, Results: 15
[LIBGPUSPATIAL] [ 12660][18:00:12:469623][info  ] RTSpatialRefiner 0x78f1afd298a0 (Used 0 MB), Loaded Geometries, ProbeArray 100000, Loaded 15, Type Point
[LIBGPUSPATIAL] [ 12660][18:00:12:469678][info  ] RTSpatialRefiner 0x78f1afd298a0 (Used 0 MB), Evaluating 15 Geometry Pairs with Predicate Intersects
[LIBGPUSPATIAL] [ 12662][18:00:12:469687][info  ] RTSpatialIndex 0x78f1ac00a7d0 (Used 0 MB), Allocate result buffer, memory consumption 0 MB, capacity 16
[LIBGPUSPATIAL] [ 12662][18:00:12:470036][info  ] RTSpatialIndex 0x78f1ac00a7d0 (Used 0 MB), Probe Points, Size: 100000, Results: 16
[LIBGPUSPATIAL] [ 12662][18:00:12:470459][info  ] RTSpatialRefiner 0x78f1afd298a0 (Used 0 MB), Loaded Geometries, ProbeArray 100000, Loaded 16, Type Point
[LIBGPUSPATIAL] [ 12662][18:00:12:470521][info  ] RTSpatialRefiner 0x78f1afd298a0 (Used 0 MB), Evaluating 16 Geometry Pairs with Predicate Intersects
[LIBGPUSPATIAL] [ 12656][18:00:12:472299][info  ] RTSpatialIndex 0x78f1ac00a7d0 (Used 0 MB), Allocate result buffer, memory consumption 0 MB, capacity 11
[LIBGPUSPATIAL] [ 12656][18:00:12:472480][info  ] RTSpatialIndex 0x78f1ac00a7d0 (Used 0 MB), Probe Points, Size: 100000, Results: 11
[LIBGPUSPATIAL] [ 12656][18:00:12:472923][info  ] RTSpatialRefiner 0x78f1afd298a0 (Used 1 MB), Loaded Geometries, ProbeArray 100000, Loaded 11, Type Point
[LIBGPUSPATIAL] [ 12656][18:00:12:473058][info  ] RTSpatialRefiner 0x78f1afd298a0 (Used 1 MB), Evaluating 11 Geometry Pairs with Predicate Intersects
[LIBGPUSPATIAL] [ 12658][18:00:12:473343][info  ] RTSpatialIndex 0x78f1ac00a7d0 (Used 0 MB), Allocate result buffer, memory consumption 0 MB, capacity 7
[LIBGPUSPATIAL] [ 12658][18:00:12:473788][info  ] RTSpatialIndex 0x78f1ac00a7d0 (Used 1 MB), Probe Points, Size: 100000, Results: 7
[LIBGPUSPATIAL] [ 12657][18:00:12:473953][info  ] RTSpatialIndex 0x78f1ac00a7d0 (Used 0 MB), Allocate result buffer, memory consumption 0 MB, capacity 14
[LIBGPUSPATIAL] [ 12658][18:00:12:474367][info  ] RTSpatialRefiner 0x78f1afd298a0 (Used 2 MB), Loaded Geometries, ProbeArray 100000, Loaded 7, Type Point
[LIBGPUSPATIAL] [ 12657][18:00:12:474378][info  ] RTSpatialIndex 0x78f1ac00a7d0 (Used 2 MB), Probe Points, Size: 100000, Results: 14
[LIBGPUSPATIAL] [ 12658][18:00:12:474453][info  ] RTSpatialRefiner 0x78f1afd298a0 (Used 1 MB), Evaluating 7 Geometry Pairs with Predicate Intersects
[LIBGPUSPATIAL] [ 12659][18:00:12:474817][info  ] RTSpatialIndex 0x78f1ac00a7d0 (Used 0 MB), Allocate result buffer, memory consumption 0 MB, capacity 18
[LIBGPUSPATIAL] [ 12657][18:00:12:475164][info  ] RTSpatialRefiner 0x78f1afd298a0 (Used 0 MB), Loaded Geometries, ProbeArray 100000, Loaded 14, Type Point
[LIBGPUSPATIAL] [ 12657][18:00:12:475213][info  ] RTSpatialRefiner 0x78f1afd298a0 (Used 0 MB), Evaluating 14 Geometry Pairs with Predicate Intersects
[LIBGPUSPATIAL] [ 12659][18:00:12:475332][info  ] RTSpatialIndex 0x78f1ac00a7d0 (Used 0 MB), Probe Points, Size: 100000, Results: 18
[LIBGPUSPATIAL] [ 12659][18:00:12:475742][info  ] RTSpatialRefiner 0x78f1afd298a0 (Used 0 MB), Loaded Geometries, ProbeArray 100000, Loaded 18, Type Point
[LIBGPUSPATIAL] [ 12659][18:00:12:475786][info  ] RTSpatialRefiner 0x78f1afd298a0 (Used 0 MB), Evaluating 18 Geometry Pairs with Predicate Intersects
[LIBGPUSPATIAL] [ 12661][18:00:12:477001][info  ] RTSpatialIndex 0x78f1ac00a7d0 (Used 0 MB), Allocate result buffer, memory consumption 0 MB, capacity 20
[LIBGPUSPATIAL] [ 12661][18:00:12:477127][info  ] RTSpatialIndex 0x78f1ac00a7d0 (Used 0 MB), Probe Points, Size: 100000, Results: 20
[LIBGPUSPATIAL] [ 12661][18:00:12:477488][info  ] RTSpatialRefiner 0x78f1afd298a0 (Used 0 MB), Loaded Geometries, ProbeArray 100000, Loaded 20, Type Point
[LIBGPUSPATIAL] [ 12661][18:00:12:477532][info  ] RTSpatialRefiner 0x78f1afd298a0 (Used 0 MB), Evaluating 20 Geometry Pairs with Predicate Intersects
[LIBGPUSPATIAL] [ 12663][18:00:12:481612][info  ] RTSpatialIndex 0x78f1ac00a7d0 (Used 0 MB), Allocate result buffer, memory consumption 0 MB, capacity 8
[LIBGPUSPATIAL] [ 12663][18:00:12:481747][info  ] RTSpatialIndex 0x78f1ac00a7d0 (Used 0 MB), Probe Points, Size: 100000, Results: 8
[LIBGPUSPATIAL] [ 12663][18:00:12:482228][info  ] RTSpatialRefiner 0x78f1afd298a0 (Used 0 MB), Loaded Geometries, ProbeArray 100000, Loaded 8, Type Point
[LIBGPUSPATIAL] [ 12660][18:00:12:482280][info  ] RTSpatialIndex 0x78f1ac00a7d0 (Used 0 MB), Allocate result buffer, memory consumption 0 MB, capacity 12
[LIBGPUSPATIAL] [ 12660][18:00:12:482416][info  ] RTSpatialIndex 0x78f1ac00a7d0 (Used 0 MB), Probe Points, Size: 100000, Results: 12
[LIBGPUSPATIAL] [ 12663][18:00:12:482284][info  ] RTSpatialRefiner 0x78f1afd298a0 (Used 0 MB), Evaluating 8 Geometry Pairs with Predicate Intersects
[LIBGPUSPATIAL] [ 12660][18:00:12:483015][info  ] RTSpatialRefiner 0x78f1afd298a0 (Used 0 MB), Loaded Geometries, ProbeArray 100000, Loaded 12, Type Point
[LIBGPUSPATIAL] [ 12660][18:00:12:483058][info  ] RTSpatialRefiner 0x78f1afd298a0 (Used 0 MB), Evaluating 12 Geometry Pairs with Predicate Intersects
[LIBGPUSPATIAL] [ 12662][18:00:12:483168][info  ] RTSpatialIndex 0x78f1ac00a7d0 (Used 0 MB), Allocate result buffer, memory consumption 0 MB, capacity 9
[LIBGPUSPATIAL] [ 12662][18:00:12:483652][info  ] RTSpatialIndex 0x78f1ac00a7d0 (Used 0 MB), Probe Points, Size: 100000, Results: 9
[LIBGPUSPATIAL] [ 12662][18:00:12:484091][info  ] RTSpatialRefiner 0x78f1afd298a0 (Used 0 MB), Loaded Geometries, ProbeArray 100000, Loaded 9, Type Point
[LIBGPUSPATIAL] [ 12662][18:00:12:484154][info  ] RTSpatialRefiner 0x78f1afd298a0 (Used 0 MB), Evaluating 9 Geometry Pairs with Predicate Intersects
[LIBGPUSPATIAL] [ 12656][18:00:12:487054][info  ] RTSpatialIndex 0x78f1ac00a7d0 (Used 0 MB), Allocate result buffer, memory consumption 0 MB, capacity 13
[LIBGPUSPATIAL] [ 12656][18:00:12:487178][info  ] RTSpatialIndex 0x78f1ac00a7d0 (Used 0 MB), Probe Points, Size: 100000, Results: 13
[LIBGPUSPATIAL] [ 12656][18:00:12:488667][info  ] RTSpatialRefiner 0x78f1afd298a0 (Used 0 MB), Loaded Geometries, ProbeArray 100000, Loaded 13, Type Point
[LIBGPUSPATIAL] [ 12656][18:00:12:488735][info  ] RTSpatialRefiner 0x78f1afd298a0 (Used 0 MB), Evaluating 13 Geometry Pairs with Predicate Intersects
[LIBGPUSPATIAL] [ 12658][18:00:12:488742][info  ] RTSpatialIndex 0x78f1ac00a7d0 (Used 0 MB), Allocate result buffer, memory consumption 0 MB, capacity 9
[LIBGPUSPATIAL] [ 12658][18:00:12:489546][info  ] RTSpatialIndex 0x78f1ac00a7d0 (Used 2 MB), Probe Points, Size: 100000, Results: 9
[LIBGPUSPATIAL] [ 12657][18:00:12:489604][info  ] RTSpatialIndex 0x78f1ac00a7d0 (Used 1 MB), Allocate result buffer, memory consumption 0 MB, capacity 14
[LIBGPUSPATIAL] [ 12659][18:00:12:489938][info  ] RTSpatialIndex 0x78f1ac00a7d0 (Used 1 MB), Allocate result buffer, memory consumption 0 MB, capacity 16
[LIBGPUSPATIAL] [ 12657][18:00:12:490042][info  ] RTSpatialIndex 0x78f1ac00a7d0 (Used 1 MB), Probe Points, Size: 100000, Results: 14
[LIBGPUSPATIAL] [ 12658][18:00:12:490053][info  ] RTSpatialRefiner 0x78f1afd298a0 (Used 1 MB), Loaded Geometries, ProbeArray 100000, Loaded 9, Type Point
[LIBGPUSPATIAL] [ 12658][18:00:12:490525][info  ] RTSpatialRefiner 0x78f1afd298a0 (Used 2 MB), Evaluating 9 Geometry Pairs with Predicate Intersects
[LIBGPUSPATIAL] [ 12659][18:00:12:490534][info  ] RTSpatialIndex 0x78f1ac00a7d0 (Used 2 MB), Probe Points, Size: 100000, Results: 16
[LIBGPUSPATIAL] [ 12661][18:00:12:490995][info  ] RTSpatialIndex 0x78f1ac00a7d0 (Used 0 MB), Allocate result buffer, memory consumption 0 MB, capacity 20
[LIBGPUSPATIAL] [ 12661][18:00:12:491103][info  ] RTSpatialIndex 0x78f1ac00a7d0 (Used 0 MB), Probe Points, Size: 100000, Results: 20
[LIBGPUSPATIAL] [ 12661][18:00:12:491756][info  ] RTSpatialRefiner 0x78f1afd298a0 (Used 0 MB), Loaded Geometries, ProbeArray 100000, Loaded 20, Type Point
[LIBGPUSPATIAL] [ 12657][18:00:12:491866][info  ] RTSpatialRefiner 0x78f1afd298a0 (Used 0 MB), Loaded Geometries, ProbeArray 100000, Loaded 14, Type Point
[LIBGPUSPATIAL] [ 12659][18:00:12:491934][info  ] RTSpatialRefiner 0x78f1afd298a0 (Used 0 MB), Loaded Geometries, ProbeArray 100000, Loaded 16, Type Point
[LIBGPUSPATIAL] [ 12657][18:00:12:492021][info  ] RTSpatialRefiner 0x78f1afd298a0 (Used 0 MB), Evaluating 14 Geometry Pairs with Predicate Intersects
[LIBGPUSPATIAL] [ 12659][18:00:12:492057][info  ] RTSpatialRefiner 0x78f1afd298a0 (Used 0 MB), Evaluating 16 Geometry Pairs with Predicate Intersects
[LIBGPUSPATIAL] [ 12661][18:00:12:492337][info  ] RTSpatialRefiner 0x78f1afd298a0 (Used 0 MB), Evaluating 20 Geometry Pairs with Predicate Intersects
[LIBGPUSPATIAL] [ 12663][18:00:12:495578][info  ] RTSpatialIndex 0x78f1ac00a7d0 (Used 2 MB), Allocate result buffer, memory consumption 0 MB, capacity 18
[LIBGPUSPATIAL] [ 12663][18:00:12:495750][info  ] RTSpatialIndex 0x78f1ac00a7d0 (Used 1 MB), Probe Points, Size: 100000, Results: 18
[LIBGPUSPATIAL] [ 12660][18:00:12:496018][info  ] RTSpatialIndex 0x78f1ac00a7d0 (Used 0 MB), Allocate result buffer, memory consumption 0 MB, capacity 17
[LIBGPUSPATIAL] [ 12660][18:00:12:496604][info  ] RTSpatialIndex 0x78f1ac00a7d0 (Used 1 MB), Probe Points, Size: 100000, Results: 17
[LIBGPUSPATIAL] [ 12662][18:00:12:496644][info  ] RTSpatialIndex 0x78f1ac00a7d0 (Used 0 MB), Allocate result buffer, memory consumption 0 MB, capacity 16
[LIBGPUSPATIAL] [ 12663][18:00:12:496674][info  ] RTSpatialRefiner 0x78f1afd298a0 (Used 0 MB), Loaded Geometries, ProbeArray 100000, Loaded 18, Type Point
[LIBGPUSPATIAL] [ 12663][18:00:12:496718][info  ] RTSpatialRefiner 0x78f1afd298a0 (Used 0 MB), Evaluating 18 Geometry Pairs with Predicate Intersects
[LIBGPUSPATIAL] [ 12662][18:00:12:497024][info  ] RTSpatialIndex 0x78f1ac00a7d0 (Used 0 MB), Probe Points, Size: 100000, Results: 16
[LIBGPUSPATIAL] [ 12660][18:00:12:497177][info  ] RTSpatialRefiner 0x78f1afd298a0 (Used 0 MB), Loaded Geometries, ProbeArray 100000, Loaded 17, Type Point
[LIBGPUSPATIAL] [ 12660][18:00:12:497220][info  ] RTSpatialRefiner 0x78f1afd298a0 (Used 0 MB), Evaluating 17 Geometry Pairs with Predicate Intersects
[LIBGPUSPATIAL] [ 12662][18:00:12:497394][info  ] RTSpatialRefiner 0x78f1afd298a0 (Used 0 MB), Loaded Geometries, ProbeArray 100000, Loaded 16, Type Point
[LIBGPUSPATIAL] [ 12662][18:00:12:497441][info  ] RTSpatialRefiner 0x78f1afd298a0 (Used 0 MB), Evaluating 16 Geometry Pairs with Predicate Intersects
[LIBGPUSPATIAL] [ 12656][18:00:12:503163][info  ] RTSpatialIndex 0x78f1ac00a7d0 (Used 0 MB), Allocate result buffer, memory consumption 0 MB, capacity 14
[LIBGPUSPATIAL] [ 12656][18:00:12:503906][info  ] RTSpatialIndex 0x78f1ac00a7d0 (Used 1 MB), Probe Points, Size: 100000, Results: 14
[LIBGPUSPATIAL] [ 12658][18:00:12:504032][info  ] RTSpatialIndex 0x78f1ac00a7d0 (Used 0 MB), Allocate result buffer, memory consumption 0 MB, capacity 13
[LIBGPUSPATIAL] [ 12658][18:00:12:504368][info  ] RTSpatialIndex 0x78f1ac00a7d0 (Used 0 MB), Probe Points, Size: 100000, Results: 13
[LIBGPUSPATIAL] [ 12656][18:00:12:505679][info  ] RTSpatialRefiner 0x78f1afd298a0 (Used 3 MB), Loaded Geometries, ProbeArray 100000, Loaded 14, Type Point
[LIBGPUSPATIAL] [ 12656][18:00:12:505722][info  ] RTSpatialRefiner 0x78f1afd298a0 (Used 4 MB), Evaluating 14 Geometry Pairs with Predicate Intersects
[LIBGPUSPATIAL] [ 12658][18:00:12:505734][info  ] RTSpatialRefiner 0x78f1afd298a0 (Used 4 MB), Loaded Geometries, ProbeArray 100000, Loaded 13, Type Point
[LIBGPUSPATIAL] [ 12658][18:00:12:505772][info  ] RTSpatialRefiner 0x78f1afd298a0 (Used 4 MB), Evaluating 13 Geometry Pairs with Predicate Intersects
[LIBGPUSPATIAL] [ 12657][18:00:12:506221][info  ] RTSpatialIndex 0x78f1ac00a7d0 (Used 3 MB), Allocate result buffer, memory consumption 0 MB, capacity 24
[LIBGPUSPATIAL] [ 12661][18:00:12:506575][info  ] RTSpatialIndex 0x78f1ac00a7d0 (Used 2 MB), Allocate result buffer, memory consumption 0 MB, capacity 8
[LIBGPUSPATIAL] [ 12657][18:00:12:507027][info  ] RTSpatialIndex 0x78f1ac00a7d0 (Used 2 MB), Probe Points, Size: 100000, Results: 24
[LIBGPUSPATIAL] [ 12659][18:00:12:507057][info  ] RTSpatialIndex 0x78f1ac00a7d0 (Used 2 MB), Allocate result buffer, memory consumption 0 MB, capacity 16
[LIBGPUSPATIAL] [ 12661][18:00:12:507175][info  ] RTSpatialIndex 0x78f1ac00a7d0 (Used 1 MB), Probe Points, Size: 100000, Results: 8
[LIBGPUSPATIAL] [ 12659][18:00:12:507772][info  ] RTSpatialIndex 0x78f1ac00a7d0 (Used 0 MB), Probe Points, Size: 100000, Results: 16
[LIBGPUSPATIAL] [ 12661][18:00:12:507881][info  ] RTSpatialRefiner 0x78f1afd298a0 (Used 0 MB), Loaded Geometries, ProbeArray 100000, Loaded 8, Type Point
[LIBGPUSPATIAL] [ 12657][18:00:12:507889][info  ] RTSpatialRefiner 0x78f1afd298a0 (Used 0 MB), Loaded Geometries, ProbeArray 100000, Loaded 24, Type Point
[LIBGPUSPATIAL] [ 12661][18:00:12:508098][info  ] RTSpatialRefiner 0x78f1afd298a0 (Used 0 MB), Evaluating 8 Geometry Pairs with Predicate Intersects
[LIBGPUSPATIAL] [ 12657][18:00:12:508105][info  ] RTSpatialRefiner 0x78f1afd298a0 (Used 0 MB), Evaluating 24 Geometry Pairs with Predicate Intersects
[LIBGPUSPATIAL] [ 12659][18:00:12:508579][info  ] RTSpatialRefiner 0x78f1afd298a0 (Used 0 MB), Loaded Geometries, ProbeArray 100000, Loaded 16, Type Point
[LIBGPUSPATIAL] [ 12659][18:00:12:508622][info  ] RTSpatialRefiner 0x78f1afd298a0 (Used 0 MB), Evaluating 16 Geometry Pairs with Predicate Intersects
[LIBGPUSPATIAL] [ 12662][18:00:12:509789][info  ] RTSpatialIndex 0x78f1ac00a7d0 (Used 0 MB), Allocate result buffer, memory consumption 0 MB, capacity 22
[LIBGPUSPATIAL] [ 12662][18:00:12:510036][info  ] RTSpatialIndex 0x78f1ac00a7d0 (Used 2 MB), Probe Points, Size: 100000, Results: 22
[LIBGPUSPATIAL] [ 12662][18:00:12:510608][info  ] RTSpatialRefiner 0x78f1afd298a0 (Used 1 MB), Loaded Geometries, ProbeArray 100000, Loaded 22, Type Point
[LIBGPUSPATIAL] [ 12662][18:00:12:510660][info  ] RTSpatialRefiner 0x78f1afd298a0 (Used 1 MB), Evaluating 22 Geometry Pairs with Predicate Intersects
[LIBGPUSPATIAL] [ 12663][18:00:12:510804][info  ] RTSpatialIndex 0x78f1ac00a7d0 (Used 1 MB), Allocate result buffer, memory consumption 0 MB, capacity 17
[LIBGPUSPATIAL] [ 12660][18:00:12:511010][info  ] RTSpatialIndex 0x78f1ac00a7d0 (Used 1 MB), Allocate result buffer, memory consumption 0 MB, capacity 15
[LIBGPUSPATIAL] [ 12663][18:00:12:511146][info  ] RTSpatialIndex 0x78f1ac00a7d0 (Used 1 MB), Probe Points, Size: 100000, Results: 17
[LIBGPUSPATIAL] [ 12663][18:00:12:511598][info  ] RTSpatialRefiner 0x78f1afd298a0 (Used 0 MB), Loaded Geometries, ProbeArray 100000, Loaded 17, Type Point
[LIBGPUSPATIAL] [ 12663][18:00:12:511643][info  ] RTSpatialRefiner 0x78f1afd298a0 (Used 0 MB), Evaluating 17 Geometry Pairs with Predicate Intersects
[LIBGPUSPATIAL] [ 12660][18:00:12:512246][info  ] RTSpatialIndex 0x78f1ac00a7d0 (Used 0 MB), Probe Points, Size: 100000, Results: 15
[LIBGPUSPATIAL] [ 12660][18:00:12:512741][info  ] RTSpatialRefiner 0x78f1afd298a0 (Used 0 MB), Loaded Geometries, ProbeArray 100000, Loaded 15, Type Point
[LIBGPUSPATIAL] [ 12660][18:00:12:512782][info  ] RTSpatialRefiner 0x78f1afd298a0 (Used 0 MB), Evaluating 15 Geometry Pairs with Predicate Intersects
[LIBGPUSPATIAL] [ 12658][18:00:12:519481][info  ] RTSpatialIndex 0x78f1ac00a7d0 (Used 0 MB), Allocate result buffer, memory consumption 0 MB, capacity 13
[LIBGPUSPATIAL] [ 12658][18:00:12:519634][info  ] RTSpatialIndex 0x78f1ac00a7d0 (Used 0 MB), Probe Points, Size: 100000, Results: 13
[LIBGPUSPATIAL] [ 12656][18:00:12:520033][info  ] RTSpatialIndex 0x78f1ac00a7d0 (Used 0 MB), Allocate result buffer, memory consumption 0 MB, capacity 12
[LIBGPUSPATIAL] [ 12658][18:00:12:520975][info  ] RTSpatialRefiner 0x78f1afd298a0 (Used 0 MB), Loaded Geometries, ProbeArray 100000, Loaded 13, Type Point
[LIBGPUSPATIAL] [ 12656][18:00:12:521022][info  ] RTSpatialIndex 0x78f1ac00a7d0 (Used 0 MB), Probe Points, Size: 100000, Results: 12
[LIBGPUSPATIAL] [ 12658][18:00:12:521026][info  ] RTSpatialRefiner 0x78f1afd298a0 (Used 0 MB), Evaluating 13 Geometry Pairs with Predicate Intersects
[LIBGPUSPATIAL] [ 12656][18:00:12:521707][info  ] RTSpatialRefiner 0x78f1afd298a0 (Used 0 MB), Loaded Geometries, ProbeArray 100000, Loaded 12, Type Point
[LIBGPUSPATIAL] [ 12656][18:00:12:521927][info  ] RTSpatialRefiner 0x78f1afd298a0 (Used 2 MB), Evaluating 12 Geometry Pairs with Predicate Intersects
[LIBGPUSPATIAL] [ 12661][18:00:12:522330][info  ] RTSpatialIndex 0x78f1ac00a7d0 (Used 1 MB), Allocate result buffer, memory consumption 0 MB, capacity 10
[LIBGPUSPATIAL] [ 12661][18:00:12:523097][info  ] RTSpatialIndex 0x78f1ac00a7d0 (Used 3 MB), Probe Points, Size: 100000, Results: 10
[LIBGPUSPATIAL] [ 12657][18:00:12:523170][info  ] RTSpatialIndex 0x78f1ac00a7d0 (Used 3 MB), Allocate result buffer, memory consumption 0 MB, capacity 16
[LIBGPUSPATIAL] [ 12659][18:00:12:523400][info  ] RTSpatialIndex 0x78f1ac00a7d0 (Used 3 MB), Allocate result buffer, memory consumption 0 MB, capacity 17
[LIBGPUSPATIAL] [ 12662][18:00:12:523912][info  ] RTSpatialIndex 0x78f1ac00a7d0 (Used 2 MB), Allocate result buffer, memory consumption 0 MB, capacity 13
[LIBGPUSPATIAL] [ 12661][18:00:12:523998][info  ] RTSpatialRefiner 0x78f1afd298a0 (Used 2 MB), Loaded Geometries, ProbeArray 100000, Loaded 10, Type Point
[LIBGPUSPATIAL] [ 12661][18:00:12:524050][info  ] RTSpatialRefiner 0x78f1afd298a0 (Used 3 MB), Evaluating 10 Geometry Pairs with Predicate Intersects
[LIBGPUSPATIAL] [ 12659][18:00:12:524092][info  ] RTSpatialIndex 0x78f1ac00a7d0 (Used 3 MB), Probe Points, Size: 100000, Results: 17
[LIBGPUSPATIAL] [ 12657][18:00:12:524542][info  ] RTSpatialIndex 0x78f1ac00a7d0 (Used 2 MB), Probe Points, Size: 100000, Results: 16
[LIBGPUSPATIAL] [ 12662][18:00:12:524748][info  ] RTSpatialIndex 0x78f1ac00a7d0 (Used 1 MB), Probe Points, Size: 100000, Results: 13
[LIBGPUSPATIAL] [ 12663][18:00:12:524931][info  ] RTSpatialIndex 0x78f1ac00a7d0 (Used 1 MB), Allocate result buffer, memory consumption 0 MB, capacity 14
[LIBGPUSPATIAL] [ 12659][18:00:12:524941][info  ] RTSpatialRefiner 0x78f1afd298a0 (Used 1 MB), Loaded Geometries, ProbeArray 100000, Loaded 17, Type Point
[LIBGPUSPATIAL] [ 12659][18:00:12:524979][info  ] RTSpatialRefiner 0x78f1afd298a0 (Used 0 MB), Evaluating 17 Geometry Pairs with Predicate Intersects
[LIBGPUSPATIAL] [ 12663][18:00:12:525187][info  ] RTSpatialIndex 0x78f1ac00a7d0 (Used 0 MB), Probe Points, Size: 100000, Results: 14
[LIBGPUSPATIAL] [ 12662][18:00:12:525575][info  ] RTSpatialRefiner 0x78f1afd298a0 (Used 0 MB), Loaded Geometries, ProbeArray 100000, Loaded 13, Type Point
[LIBGPUSPATIAL] [ 12662][18:00:12:525639][info  ] RTSpatialRefiner 0x78f1afd298a0 (Used 1 MB), Evaluating 13 Geometry Pairs with Predicate Intersects
[LIBGPUSPATIAL] [ 12657][18:00:12:526004][info  ] RTSpatialRefiner 0x78f1afd298a0 (Used 2 MB), Loaded Geometries, ProbeArray 100000, Loaded 16, Type Point
[LIBGPUSPATIAL] [ 12658][18:00:12:526167][info  ] RTSpatialIndex 0x78f1ac00a7d0 (Used 2 MB), Allocate result buffer, memory consumption 0 MB, capacity 2
[LIBGPUSPATIAL] [ 12657][18:00:12:526172][info  ] RTSpatialRefiner 0x78f1afd298a0 (Used 2 MB), Evaluating 16 Geometry Pairs with Predicate Intersects
[LIBGPUSPATIAL] [ 12663][18:00:12:526304][info  ] RTSpatialRefiner 0x78f1afd298a0 (Used 2 MB), Loaded Geometries, ProbeArray 100000, Loaded 14, Type Point
[LIBGPUSPATIAL] [ 12663][18:00:12:526430][info  ] RTSpatialRefiner 0x78f1afd298a0 (Used 2 MB), Evaluating 14 Geometry Pairs with Predicate Intersects
[LIBGPUSPATIAL] [ 12658][18:00:12:526463][info  ] RTSpatialIndex 0x78f1ac00a7d0 (Used 2 MB), Probe Points, Size: 33333, Results: 2
[LIBGPUSPATIAL] [ 12658][18:00:12:526885][info  ] RTSpatialRefiner 0x78f1afd298a0 (Used 0 MB), Loaded Geometries, ProbeArray 33333, Loaded 2, Type Point
[LIBGPUSPATIAL] [ 12658][18:00:12:526965][info  ] RTSpatialRefiner 0x78f1afd298a0 (Used 0 MB), Evaluating 2 Geometry Pairs with Predicate Intersects
[LIBGPUSPATIAL] [ 12660][18:00:12:527243][info  ] RTSpatialIndex 0x78f1ac00a7d0 (Used 0 MB), Allocate result buffer, memory consumption 0 MB, capacity 6
[LIBGPUSPATIAL] [ 12660][18:00:12:530339][info  ] RTSpatialIndex 0x78f1ac00a7d0 (Used 1 MB), Probe Points, Size: 100000, Results: 6
[LIBGPUSPATIAL] [ 12659][18:00:12:530457][info  ] RTSpatialIndex 0x78f1ac00a7d0 (Used 0 MB), Allocate result buffer, memory consumption 0 MB, capacity 4
[LIBGPUSPATIAL] [ 12661][18:00:12:530593][info  ] RTSpatialIndex 0x78f1ac00a7d0 (Used 0 MB), Allocate result buffer, memory consumption 0 MB, capacity 6
[LIBGPUSPATIAL] [ 12659][18:00:12:530748][info  ] RTSpatialIndex 0x78f1ac00a7d0 (Used 0 MB), Probe Points, Size: 33333, Results: 4
[LIBGPUSPATIAL] [ 12661][18:00:12:531167][info  ] RTSpatialIndex 0x78f1ac00a7d0 (Used 0 MB), Probe Points, Size: 33333, Results: 6
[LIBGPUSPATIAL] [ 12662][18:00:12:531277][info  ] RTSpatialIndex 0x78f1ac00a7d0 (Used 0 MB), Allocate result buffer, memory consumption 0 MB, capacity 10
[LIBGPUSPATIAL] [ 12662][18:00:12:531540][info  ] RTSpatialIndex 0x78f1ac00a7d0 (Used 0 MB), Probe Points, Size: 33333, Results: 10
[LIBGPUSPATIAL] [ 12663][18:00:12:531893][info  ] RTSpatialIndex 0x78f1ac00a7d0 (Used 0 MB), Allocate result buffer, memory consumption 0 MB, capacity 6
[LIBGPUSPATIAL] [ 12663][18:00:12:531985][info  ] RTSpatialIndex 0x78f1ac00a7d0 (Used 0 MB), Probe Points, Size: 33333, Results: 6
[LIBGPUSPATIAL] [ 12660][18:00:12:533055][info  ] RTSpatialRefiner 0x78f1afd298a0 (Used 0 MB), Loaded Geometries, ProbeArray 100000, Loaded 6, Type Point
[LIBGPUSPATIAL] [ 12660][18:00:12:533097][info  ] RTSpatialRefiner 0x78f1afd298a0 (Used 0 MB), Evaluating 6 Geometry Pairs with Predicate Intersects
[LIBGPUSPATIAL] [ 12659][18:00:12:533226][info  ] RTSpatialRefiner 0x78f1afd298a0 (Used 0 MB), Loaded Geometries, ProbeArray 33333, Loaded 4, Type Point
[LIBGPUSPATIAL] [ 12662][18:00:12:533235][info  ] RTSpatialRefiner 0x78f1afd298a0 (Used 0 MB), Loaded Geometries, ProbeArray 33333, Loaded 10, Type Point
[LIBGPUSPATIAL] [ 12659][18:00:12:533280][info  ] RTSpatialRefiner 0x78f1afd298a0 (Used 0 MB), Evaluating 4 Geometry Pairs with Predicate Intersects
[LIBGPUSPATIAL] [ 12662][18:00:12:533287][info  ] RTSpatialRefiner 0x78f1afd298a0 (Used 0 MB), Evaluating 10 Geometry Pairs with Predicate Intersects
[LIBGPUSPATIAL] [ 12663][18:00:12:533356][info  ] RTSpatialRefiner 0x78f1afd298a0 (Used 0 MB), Loaded Geometries, ProbeArray 33333, Loaded 6, Type Point
[LIBGPUSPATIAL] [ 12663][18:00:12:533404][info  ] RTSpatialRefiner 0x78f1afd298a0 (Used 0 MB), Evaluating 6 Geometry Pairs with Predicate Intersects
[LIBGPUSPATIAL] [ 12661][18:00:12:533698][info  ] RTSpatialRefiner 0x78f1afd298a0 (Used 0 MB), Loaded Geometries, ProbeArray 33333, Loaded 6, Type Point
[LIBGPUSPATIAL] [ 12661][18:00:12:533750][info  ] RTSpatialRefiner 0x78f1afd298a0 (Used 0 MB), Evaluating 6 Geometry Pairs with Predicate Intersects
[LIBGPUSPATIAL] [ 12656][18:00:12:535470][info  ] RTSpatialIndex 0x78f1ac00a7d0 (Used 0 MB), Allocate result buffer, memory consumption 0 MB, capacity 12
[LIBGPUSPATIAL] [ 12656][18:00:12:535619][info  ] RTSpatialIndex 0x78f1ac00a7d0 (Used 0 MB), Probe Points, Size: 100000, Results: 12
[LIBGPUSPATIAL] [ 12656][18:00:12:536179][info  ] RTSpatialRefiner 0x78f1afd298a0 (Used 0 MB), Loaded Geometries, ProbeArray 100000, Loaded 12, Type Point
[LIBGPUSPATIAL] [ 12656][18:00:12:536233][info  ] RTSpatialRefiner 0x78f1afd298a0 (Used 0 MB), Evaluating 12 Geometry Pairs with Predicate Intersects
[LIBGPUSPATIAL] [ 12660][18:00:12:539368][info  ] RTSpatialIndex 0x78f1ac00a7d0 (Used 0 MB), Allocate result buffer, memory consumption 0 MB, capacity 4
[LIBGPUSPATIAL] [ 12660][18:00:12:540240][info  ] RTSpatialIndex 0x78f1ac00a7d0 (Used 2 MB), Probe Points, Size: 33333, Results: 4
[LIBGPUSPATIAL] [ 12657][18:00:12:541089][info  ] RTSpatialIndex 0x78f1ac00a7d0 (Used 0 MB), Allocate result buffer, memory consumption 0 MB, capacity 15
[LIBGPUSPATIAL] [ 12657][18:00:12:541250][info  ] RTSpatialIndex 0x78f1ac00a7d0 (Used 0 MB), Probe Points, Size: 100000, Results: 15
[LIBGPUSPATIAL] [ 12660][18:00:12:541642][info  ] RTSpatialRefiner 0x78f1afd298a0 (Used 0 MB), Loaded Geometries, ProbeArray 33333, Loaded 4, Type Point
[LIBGPUSPATIAL] [ 12660][18:00:12:541715][info  ] RTSpatialRefiner 0x78f1afd298a0 (Used 0 MB), Evaluating 4 Geometry Pairs with Predicate Intersects
[LIBGPUSPATIAL] [ 12657][18:00:12:543212][info  ] RTSpatialRefiner 0x78f1afd298a0 (Used 0 MB), Loaded Geometries, ProbeArray 100000, Loaded 15, Type Point
[LIBGPUSPATIAL] [ 12657][18:00:12:543255][info  ] RTSpatialRefiner 0x78f1afd298a0 (Used 0 MB), Evaluating 15 Geometry Pairs with Predicate Intersects
[LIBGPUSPATIAL] [ 12656][18:00:12:543993][info  ] RTSpatialIndex 0x78f1ac00a7d0 (Used 0 MB), Allocate result buffer, memory consumption 0 MB, capacity 6
[LIBGPUSPATIAL] [ 12656][18:00:12:545175][info  ] RTSpatialIndex 0x78f1ac00a7d0 (Used 0 MB), Probe Points, Size: 33333, Results: 6
[LIBGPUSPATIAL] [ 12658][18:00:12:549665][info  ] RTSpatialIndex 0x78f1ac00a7d0 (Used 1 MB), Allocate result buffer, memory consumption 0 MB, capacity 11
[LIBGPUSPATIAL] [ 12656][18:00:12:549755][info  ] RTSpatialRefiner 0x78f1afd298a0 (Used 1 MB), Loaded Geometries, ProbeArray 33333, Loaded 6, Type Point
[LIBGPUSPATIAL] [ 12658][18:00:12:549801][info  ] RTSpatialIndex 0x78f1ac00a7d0 (Used 1 MB), Probe Points, Size: 100000, Results: 11
[LIBGPUSPATIAL] [ 12656][18:00:12:549806][info  ] RTSpatialRefiner 0x78f1afd298a0 (Used 1 MB), Evaluating 6 Geometry Pairs with Predicate Intersects
[LIBGPUSPATIAL] [ 12657][18:00:12:550187][info  ] RTSpatialIndex 0x78f1ac00a7d0 (Used 0 MB), Allocate result buffer, memory consumption 0 MB, capacity 5
[LIBGPUSPATIAL] [ 12657][18:00:12:550359][info  ] RTSpatialIndex 0x78f1ac00a7d0 (Used 0 MB), Probe Points, Size: 33333, Results: 5
[LIBGPUSPATIAL] [ 12657][18:00:12:550683][info  ] RTSpatialRefiner 0x78f1afd298a0 (Used 0 MB), Loaded Geometries, ProbeArray 33333, Loaded 5, Type Point
[LIBGPUSPATIAL] [ 12657][18:00:12:550726][info  ] RTSpatialRefiner 0x78f1afd298a0 (Used 0 MB), Evaluating 5 Geometry Pairs with Predicate Intersects
[LIBGPUSPATIAL] [ 12661][18:00:12:552424][info  ] RTSpatialIndex 0x78f1ac00a7d0 (Used 0 MB), Allocate result buffer, memory consumption 0 MB, capacity 11
[LIBGPUSPATIAL] [ 12661][18:00:12:552577][info  ] RTSpatialIndex 0x78f1ac00a7d0 (Used 2 MB), Probe Points, Size: 100000, Results: 11
[LIBGPUSPATIAL] [ 12658][18:00:12:552822][info  ] RTSpatialRefiner 0x78f1afd298a0 (Used 1 MB), Loaded Geometries, ProbeArray 100000, Loaded 11, Type Point
[LIBGPUSPATIAL] [ 12658][18:00:12:553111][info  ] RTSpatialRefiner 0x78f1afd298a0 (Used 0 MB), Evaluating 11 Geometry Pairs with Predicate Intersects
[LIBGPUSPATIAL] [ 12662][18:00:12:553370][info  ] RTSpatialIndex 0x78f1ac00a7d0 (Used 0 MB), Allocate result buffer, memory consumption 0 MB, capacity 19
[LIBGPUSPATIAL] [ 12662][18:00:12:553669][info  ] RTSpatialIndex 0x78f1ac00a7d0 (Used 0 MB), Probe Points, Size: 100000, Results: 19
[LIBGPUSPATIAL] [ 12661][18:00:12:553714][info  ] RTSpatialRefiner 0x78f1afd298a0 (Used 0 MB), Loaded Geometries, ProbeArray 100000, Loaded 11, Type Point
[LIBGPUSPATIAL] [ 12661][18:00:12:553906][info  ] RTSpatialRefiner 0x78f1afd298a0 (Used 0 MB), Evaluating 11 Geometry Pairs with Predicate Intersects
[LIBGPUSPATIAL] [ 12663][18:00:12:555554][info  ] RTSpatialIndex 0x78f1ac00a7d0 (Used 0 MB), Allocate result buffer, memory consumption 0 MB, capacity 10
[LIBGPUSPATIAL] [ 12663][18:00:12:555664][info  ] RTSpatialIndex 0x78f1ac00a7d0 (Used 0 MB), Probe Points, Size: 100000, Results: 10
[LIBGPUSPATIAL] [ 12662][18:00:12:556906][info  ] RTSpatialRefiner 0x78f1afd298a0 (Used 0 MB), Loaded Geometries, ProbeArray 100000, Loaded 19, Type Point
[LIBGPUSPATIAL] [ 12662][18:00:12:556963][info  ] RTSpatialRefiner 0x78f1afd298a0 (Used 0 MB), Evaluating 19 Geometry Pairs with Predicate Intersects
[LIBGPUSPATIAL] [ 12663][18:00:12:558268][info  ] RTSpatialRefiner 0x78f1afd298a0 (Used 0 MB), Loaded Geometries, ProbeArray 100000, Loaded 10, Type Point
[LIBGPUSPATIAL] [ 12663][18:00:12:558331][info  ] RTSpatialRefiner 0x78f1afd298a0 (Used 0 MB), Evaluating 10 Geometry Pairs with Predicate Intersects
[LIBGPUSPATIAL] [ 12659][18:00:12:560182][info  ] RTSpatialIndex 0x78f1ac00a7d0 (Used 0 MB), Allocate result buffer, memory consumption 0 MB, capacity 18
[LIBGPUSPATIAL] [ 12659][18:00:12:560351][info  ] RTSpatialIndex 0x78f1ac00a7d0 (Used 0 MB), Probe Points, Size: 100000, Results: 18
[LIBGPUSPATIAL] [ 12659][18:00:12:561050][info  ] RTSpatialRefiner 0x78f1afd298a0 (Used 0 MB), Loaded Geometries, ProbeArray 100000, Loaded 18, Type Point
[LIBGPUSPATIAL] [ 12660][18:00:12:561088][info  ] RTSpatialIndex 0x78f1ac00a7d0 (Used 0 MB), Allocate result buffer, memory consumption 0 MB, capacity 22
[LIBGPUSPATIAL] [ 12659][18:00:12:561094][info  ] RTSpatialRefiner 0x78f1afd298a0 (Used 0 MB), Evaluating 18 Geometry Pairs with Predicate Intersects
[LIBGPUSPATIAL] [ 12660][18:00:12:561316][info  ] RTSpatialIndex 0x78f1ac00a7d0 (Used 0 MB), Probe Points, Size: 100000, Results: 22
[LIBGPUSPATIAL] [ 12660][18:00:12:562992][info  ] RTSpatialRefiner 0x78f1afd298a0 (Used 0 MB), Loaded Geometries, ProbeArray 100000, Loaded 22, Type Point
[LIBGPUSPATIAL] [ 12660][18:00:12:563146][info  ] RTSpatialRefiner 0x78f1afd298a0 (Used 0 MB), Evaluating 22 Geometry Pairs with Predicate Intersects
[LIBGPUSPATIAL] [ 12658][18:00:12:566409][info  ] RTSpatialIndex 0x78f1ac00a7d0 (Used 0 MB), Allocate result buffer, memory consumption 0 MB, capacity 16
[LIBGPUSPATIAL] [ 12658][18:00:12:566544][info  ] RTSpatialIndex 0x78f1ac00a7d0 (Used 0 MB), Probe Points, Size: 100000, Results: 16
[LIBGPUSPATIAL] [ 12658][18:00:12:566986][info  ] RTSpatialRefiner 0x78f1afd298a0 (Used 0 MB), Loaded Geometries, ProbeArray 100000, Loaded 16, Type Point
[LIBGPUSPATIAL] [ 12658][18:00:12:567030][info  ] RTSpatialRefiner 0x78f1afd298a0 (Used 0 MB), Evaluating 16 Geometry Pairs with Predicate Intersects
[LIBGPUSPATIAL] [ 12661][18:00:12:568933][info  ] RTSpatialIndex 0x78f1ac00a7d0 (Used 0 MB), Allocate result buffer, memory consumption 0 MB, capacity 18
[LIBGPUSPATIAL] [ 12661][18:00:12:569067][info  ] RTSpatialIndex 0x78f1ac00a7d0 (Used 0 MB), Probe Points, Size: 100000, Results: 18
[LIBGPUSPATIAL] [ 12661][18:00:12:569425][info  ] RTSpatialRefiner 0x78f1afd298a0 (Used 0 MB), Loaded Geometries, ProbeArray 100000, Loaded 18, Type Point
[LIBGPUSPATIAL] [ 12661][18:00:12:569472][info  ] RTSpatialRefiner 0x78f1afd298a0 (Used 0 MB), Evaluating 18 Geometry Pairs with Predicate Intersects
[LIBGPUSPATIAL] [ 12662][18:00:12:570780][info  ] RTSpatialIndex 0x78f1ac00a7d0 (Used 1 MB), Allocate result buffer, memory consumption 0 MB, capacity 10
[LIBGPUSPATIAL] [ 12657][18:00:12:570881][info  ] RTSpatialIndex 0x78f1ac00a7d0 (Used 1 MB), Allocate result buffer, memory consumption 0 MB, capacity 11
[LIBGPUSPATIAL] [ 12662][18:00:12:571018][info  ] RTSpatialIndex 0x78f1ac00a7d0 (Used 1 MB), Probe Points, Size: 100000, Results: 10
[LIBGPUSPATIAL] [ 12657][18:00:12:571236][info  ] RTSpatialIndex 0x78f1ac00a7d0 (Used 0 MB), Probe Points, Size: 100000, Results: 11
[LIBGPUSPATIAL] [ 12662][18:00:12:571907][info  ] RTSpatialRefiner 0x78f1afd298a0 (Used 1 MB), Loaded Geometries, ProbeArray 100000, Loaded 10, Type Point
[LIBGPUSPATIAL] [ 12657][18:00:12:571917][info  ] RTSpatialRefiner 0x78f1afd298a0 (Used 1 MB), Loaded Geometries, ProbeArray 100000, Loaded 11, Type Point
[LIBGPUSPATIAL] [ 12662][18:00:12:571963][info  ] RTSpatialRefiner 0x78f1afd298a0 (Used 1 MB), Evaluating 10 Geometry Pairs with Predicate Intersects
[LIBGPUSPATIAL] [ 12663][18:00:12:571977][info  ] RTSpatialIndex 0x78f1ac00a7d0 (Used 1 MB), Allocate result buffer, memory consumption 0 MB, capacity 8
[LIBGPUSPATIAL] [ 12657][18:00:12:571970][info  ] RTSpatialRefiner 0x78f1afd298a0 (Used 1 MB), Evaluating 11 Geometry Pairs with Predicate Intersects
[LIBGPUSPATIAL] [ 12656][18:00:12:572352][info  ] RTSpatialIndex 0x78f1ac00a7d0 (Used 1 MB), Allocate result buffer, memory consumption 0 MB, capacity 13
[LIBGPUSPATIAL] [ 12663][18:00:12:572741][info  ] RTSpatialIndex 0x78f1ac00a7d0 (Used 1 MB), Probe Points, Size: 100000, Results: 8
[LIBGPUSPATIAL] [ 12656][18:00:12:573142][info  ] RTSpatialIndex 0x78f1ac00a7d0 (Used 0 MB), Probe Points, Size: 100000, Results: 13
[LIBGPUSPATIAL] [ 12663][18:00:12:573459][info  ] RTSpatialRefiner 0x78f1afd298a0 (Used 0 MB), Loaded Geometries, ProbeArray 100000, Loaded 8, Type Point
[LIBGPUSPATIAL] [ 12663][18:00:12:573512][info  ] RTSpatialRefiner 0x78f1afd298a0 (Used 0 MB), Evaluating 8 Geometry Pairs with Predicate Intersects
[LIBGPUSPATIAL] [ 12659][18:00:12:574404][info  ] RTSpatialIndex 0x78f1ac00a7d0 (Used 0 MB), Allocate result buffer, memory consumption 0 MB, capacity 21
[LIBGPUSPATIAL] [ 12659][18:00:12:574557][info  ] RTSpatialIndex 0x78f1ac00a7d0 (Used 0 MB), Probe Points, Size: 100000, Results: 21
[LIBGPUSPATIAL] [ 12659][18:00:12:575051][info  ] RTSpatialRefiner 0x78f1afd298a0 (Used 0 MB), Loaded Geometries, ProbeArray 100000, Loaded 21, Type Point
[LIBGPUSPATIAL] [ 12659][18:00:12:575100][info  ] RTSpatialRefiner 0x78f1afd298a0 (Used 0 MB), Evaluating 21 Geometry Pairs with Predicate Intersects
[LIBGPUSPATIAL] [ 12656][18:00:12:575129][info  ] RTSpatialRefiner 0x78f1afd298a0 (Used 0 MB), Loaded Geometries, ProbeArray 100000, Loaded 13, Type Point
[LIBGPUSPATIAL] [ 12656][18:00:12:575176][info  ] RTSpatialRefiner 0x78f1afd298a0 (Used 0 MB), Evaluating 13 Geometry Pairs with Predicate Intersects
[LIBGPUSPATIAL] [ 12660][18:00:12:577421][info  ] RTSpatialIndex 0x78f1ac00a7d0 (Used 0 MB), Allocate result buffer, memory consumption 0 MB, capacity 10
[LIBGPUSPATIAL] [ 12660][18:00:12:577633][info  ] RTSpatialIndex 0x78f1ac00a7d0 (Used 0 MB), Probe Points, Size: 100000, Results: 10
[LIBGPUSPATIAL] [ 12660][18:00:12:579076][info  ] RTSpatialRefiner 0x78f1afd298a0 (Used 0 MB), Loaded Geometries, ProbeArray 100000, Loaded 10, Type Point
[LIBGPUSPATIAL] [ 12660][18:00:12:579125][info  ] RTSpatialRefiner 0x78f1afd298a0 (Used 0 MB), Evaluating 10 Geometry Pairs with Predicate Intersects
[LIBGPUSPATIAL] [ 12658][18:00:12:579920][info  ] RTSpatialIndex 0x78f1ac00a7d0 (Used 0 MB), Allocate result buffer, memory consumption 0 MB, capacity 17
[LIBGPUSPATIAL] [ 12658][18:00:12:580039][info  ] RTSpatialIndex 0x78f1ac00a7d0 (Used 0 MB), Probe Points, Size: 100000, Results: 17
[LIBGPUSPATIAL] [ 12661][18:00:12:581364][info  ] RTSpatialIndex 0x78f1ac00a7d0 (Used 0 MB), Allocate result buffer, memory consumption 0 MB, capacity 18
[LIBGPUSPATIAL] [ 12661][18:00:12:581468][info  ] RTSpatialIndex 0x78f1ac00a7d0 (Used 0 MB), Probe Points, Size: 100000, Results: 18
[LIBGPUSPATIAL] [ 12658][18:00:12:581912][info  ] RTSpatialRefiner 0x78f1afd298a0 (Used 0 MB), Loaded Geometries, ProbeArray 100000, Loaded 17, Type Point
[LIBGPUSPATIAL] [ 12658][18:00:12:581954][info  ] RTSpatialRefiner 0x78f1afd298a0 (Used 0 MB), Evaluating 17 Geometry Pairs with Predicate Intersects
[LIBGPUSPATIAL] [ 12661][18:00:12:583087][info  ] RTSpatialRefiner 0x78f1afd298a0 (Used 0 MB), Loaded Geometries, ProbeArray 100000, Loaded 18, Type Point
[LIBGPUSPATIAL] [ 12661][18:00:12:583201][info  ] RTSpatialRefiner 0x78f1afd298a0 (Used 0 MB), Evaluating 18 Geometry Pairs with Predicate Intersects
[LIBGPUSPATIAL] [ 12662][18:00:12:585064][info  ] RTSpatialIndex 0x78f1ac00a7d0 (Used 0 MB), Allocate result buffer, memory consumption 0 MB, capacity 14
[LIBGPUSPATIAL] [ 12662][18:00:12:585190][info  ] RTSpatialIndex 0x78f1ac00a7d0 (Used 0 MB), Probe Points, Size: 100000, Results: 14
[LIBGPUSPATIAL] [ 12657][18:00:12:586016][info  ] RTSpatialIndex 0x78f1ac00a7d0 (Used 0 MB), Allocate result buffer, memory consumption 0 MB, capacity 22
[LIBGPUSPATIAL] [ 12657][18:00:12:586198][info  ] RTSpatialIndex 0x78f1ac00a7d0 (Used 2 MB), Probe Points, Size: 100000, Results: 22
[LIBGPUSPATIAL] [ 12662][18:00:12:586381][info  ] RTSpatialRefiner 0x78f1afd298a0 (Used 0 MB), Loaded Geometries, ProbeArray 100000, Loaded 14, Type Point
[LIBGPUSPATIAL] [ 12662][18:00:12:586425][info  ] RTSpatialRefiner 0x78f1afd298a0 (Used 0 MB), Evaluating 14 Geometry Pairs with Predicate Intersects
[LIBGPUSPATIAL] [ 12663][18:00:12:586652][info  ] RTSpatialIndex 0x78f1ac00a7d0 (Used 0 MB), Allocate result buffer, memory consumption 0 MB, capacity 19
[LIBGPUSPATIAL] [ 12657][18:00:12:586812][info  ] RTSpatialRefiner 0x78f1afd298a0 (Used 0 MB), Loaded Geometries, ProbeArray 100000, Loaded 22, Type Point
[LIBGPUSPATIAL] [ 12657][18:00:12:586906][info  ] RTSpatialRefiner 0x78f1afd298a0 (Used 0 MB), Evaluating 22 Geometry Pairs with Predicate Intersects
[LIBGPUSPATIAL] [ 12663][18:00:12:587013][info  ] RTSpatialIndex 0x78f1ac00a7d0 (Used 0 MB), Probe Points, Size: 100000, Results: 19
[LIBGPUSPATIAL] [ 12663][18:00:12:587505][info  ] RTSpatialRefiner 0x78f1afd298a0 (Used 0 MB), Loaded Geometries, ProbeArray 100000, Loaded 19, Type Point
[LIBGPUSPATIAL] [ 12663][18:00:12:587559][info  ] RTSpatialRefiner 0x78f1afd298a0 (Used 0 MB), Evaluating 19 Geometry Pairs with Predicate Intersects
[LIBGPUSPATIAL] [ 12659][18:00:12:588438][info  ] RTSpatialIndex 0x78f1ac00a7d0 (Used 0 MB), Allocate result buffer, memory consumption 0 MB, capacity 15
[LIBGPUSPATIAL] [ 12659][18:00:12:588712][info  ] RTSpatialIndex 0x78f1ac00a7d0 (Used 2 MB), Probe Points, Size: 100000, Results: 15
[LIBGPUSPATIAL] [ 12656][18:00:12:589261][info  ] RTSpatialIndex 0x78f1ac00a7d0 (Used 0 MB), Allocate result buffer, memory consumption 0 MB, capacity 9
[LIBGPUSPATIAL] [ 12659][18:00:12:589308][info  ] RTSpatialRefiner 0x78f1afd298a0 (Used 0 MB), Loaded Geometries, ProbeArray 100000, Loaded 15, Type Point
[LIBGPUSPATIAL] [ 12659][18:00:12:589348][info  ] RTSpatialRefiner 0x78f1afd298a0 (Used 0 MB), Evaluating 15 Geometry Pairs with Predicate Intersects
[LIBGPUSPATIAL] [ 12656][18:00:12:589398][info  ] RTSpatialIndex 0x78f1ac00a7d0 (Used 0 MB), Probe Points, Size: 100000, Results: 9
[LIBGPUSPATIAL] [ 12656][18:00:12:589735][info  ] RTSpatialRefiner 0x78f1afd298a0 (Used 0 MB), Loaded Geometries, ProbeArray 100000, Loaded 9, Type Point
[LIBGPUSPATIAL] [ 12656][18:00:12:589804][info  ] RTSpatialRefiner 0x78f1afd298a0 (Used 0 MB), Evaluating 9 Geometry Pairs with Predicate Intersects
[LIBGPUSPATIAL] [ 12660][18:00:12:592681][info  ] RTSpatialIndex 0x78f1ac00a7d0 (Used 0 MB), Allocate result buffer, memory consumption 0 MB, capacity 18
[LIBGPUSPATIAL] [ 12660][18:00:12:592806][info  ] RTSpatialIndex 0x78f1ac00a7d0 (Used 0 MB), Probe Points, Size: 100000, Results: 18
[LIBGPUSPATIAL] [ 12660][18:00:12:593372][info  ] RTSpatialRefiner 0x78f1afd298a0 (Used 0 MB), Loaded Geometries, ProbeArray 100000, Loaded 18, Type Point
[LIBGPUSPATIAL] [ 12660][18:00:12:593411][info  ] RTSpatialRefiner 0x78f1afd298a0 (Used 0 MB), Evaluating 18 Geometry Pairs with Predicate Intersects
[LIBGPUSPATIAL] [ 12658][18:00:12:594371][info  ] RTSpatialIndex 0x78f1ac00a7d0 (Used 0 MB), Allocate result buffer, memory consumption 0 MB, capacity 10
[LIBGPUSPATIAL] [ 12658][18:00:12:594483][info  ] RTSpatialIndex 0x78f1ac00a7d0 (Used 0 MB), Probe Points, Size: 100000, Results: 10
[LIBGPUSPATIAL] [ 12658][18:00:12:594808][info  ] RTSpatialRefiner 0x78f1afd298a0 (Used 0 MB), Loaded Geometries, ProbeArray 100000, Loaded 10, Type Point
[LIBGPUSPATIAL] [ 12658][18:00:12:594862][info  ] RTSpatialRefiner 0x78f1afd298a0 (Used 0 MB), Evaluating 10 Geometry Pairs with Predicate Intersects
[LIBGPUSPATIAL] [ 12661][18:00:12:597282][info  ] RTSpatialIndex 0x78f1ac00a7d0 (Used 0 MB), Allocate result buffer, memory consumption 0 MB, capacity 14
[LIBGPUSPATIAL] [ 12661][18:00:12:597410][info  ] RTSpatialIndex 0x78f1ac00a7d0 (Used 0 MB), Probe Points, Size: 100000, Results: 14
[LIBGPUSPATIAL] [ 12661][18:00:12:597893][info  ] RTSpatialRefiner 0x78f1afd298a0 (Used 0 MB), Loaded Geometries, ProbeArray 100000, Loaded 14, Type Point
[LIBGPUSPATIAL] [ 12661][18:00:12:597938][info  ] RTSpatialRefiner 0x78f1afd298a0 (Used 0 MB), Evaluating 14 Geometry Pairs with Predicate Intersects
[LIBGPUSPATIAL] [ 12662][18:00:12:600372][info  ] RTSpatialIndex 0x78f1ac00a7d0 (Used 2 MB), Allocate result buffer, memory consumption 0 MB, capacity 14
[LIBGPUSPATIAL] [ 12662][18:00:12:601142][info  ] RTSpatialIndex 0x78f1ac00a7d0 (Used 3 MB), Probe Points, Size: 100000, Results: 14
[LIBGPUSPATIAL] [ 12657][18:00:12:601265][info  ] RTSpatialIndex 0x78f1ac00a7d0 (Used 1 MB), Allocate result buffer, memory consumption 0 MB, capacity 13
[LIBGPUSPATIAL] [ 12663][18:00:12:601519][info  ] RTSpatialIndex 0x78f1ac00a7d0 (Used 1 MB), Allocate result buffer, memory consumption 0 MB, capacity 17
[LIBGPUSPATIAL] [ 12657][18:00:12:601827][info  ] RTSpatialIndex 0x78f1ac00a7d0 (Used 1 MB), Probe Points, Size: 100000, Results: 13
[LIBGPUSPATIAL] [ 12663][18:00:12:601902][info  ] RTSpatialIndex 0x78f1ac00a7d0 (Used 0 MB), Probe Points, Size: 100000, Results: 17
[LIBGPUSPATIAL] [ 12662][18:00:12:602151][info  ] RTSpatialRefiner 0x78f1afd298a0 (Used 0 MB), Loaded Geometries, ProbeArray 100000, Loaded 14, Type Point
[LIBGPUSPATIAL] [ 12662][18:00:12:602228][info  ] RTSpatialRefiner 0x78f1afd298a0 (Used 0 MB), Evaluating 14 Geometry Pairs with Predicate Intersects
[LIBGPUSPATIAL] [ 12663][18:00:12:602272][info  ] RTSpatialRefiner 0x78f1afd298a0 (Used 0 MB), Loaded Geometries, ProbeArray 100000, Loaded 17, Type Point
[LIBGPUSPATIAL] [ 12657][18:00:12:602277][info  ] RTSpatialRefiner 0x78f1afd298a0 (Used 0 MB), Loaded Geometries, ProbeArray 100000, Loaded 13, Type Point
[LIBGPUSPATIAL] [ 12663][18:00:12:602324][info  ] RTSpatialRefiner 0x78f1afd298a0 (Used 0 MB), Evaluating 17 Geometry Pairs with Predicate Intersects
[LIBGPUSPATIAL] [ 12657][18:00:12:602343][info  ] RTSpatialRefiner 0x78f1afd298a0 (Used 0 MB), Evaluating 13 Geometry Pairs with Predicate Intersects
[LIBGPUSPATIAL] [ 12659][18:00:12:603078][info  ] RTSpatialIndex 0x78f1ac00a7d0 (Used 2 MB), Allocate result buffer, memory consumption 0 MB, capacity 14
[LIBGPUSPATIAL] [ 12659][18:00:12:604505][info  ] RTSpatialIndex 0x78f1ac00a7d0 (Used 1 MB), Probe Points, Size: 100000, Results: 14
[LIBGPUSPATIAL] [ 12656][18:00:12:604701][info  ] RTSpatialIndex 0x78f1ac00a7d0 (Used 0 MB), Allocate result buffer, memory consumption 0 MB, capacity 13
[LIBGPUSPATIAL] [ 12656][18:00:12:605118][info  ] RTSpatialIndex 0x78f1ac00a7d0 (Used 0 MB), Probe Points, Size: 100000, Results: 13
[LIBGPUSPATIAL] [ 12659][18:00:12:605480][info  ] RTSpatialRefiner 0x78f1afd298a0 (Used 0 MB), Loaded Geometries, ProbeArray 100000, Loaded 14, Type Point
[LIBGPUSPATIAL] [ 12659][18:00:12:605525][info  ] RTSpatialRefiner 0x78f1afd298a0 (Used 0 MB), Evaluating 14 Geometry Pairs with Predicate Intersects
[LIBGPUSPATIAL] [ 12656][18:00:12:605609][info  ] RTSpatialRefiner 0x78f1afd298a0 (Used 0 MB), Loaded Geometries, ProbeArray 100000, Loaded 13, Type Point
[LIBGPUSPATIAL] [ 12656][18:00:12:605644][info  ] RTSpatialRefiner 0x78f1afd298a0 (Used 0 MB), Evaluating 13 Geometry Pairs with Predicate Intersects
[LIBGPUSPATIAL] [ 12660][18:00:12:606777][info  ] RTSpatialIndex 0x78f1ac00a7d0 (Used 2 MB), Allocate result buffer, memory consumption 0 MB, capacity 17
[LIBGPUSPATIAL] [ 12660][18:00:12:607286][info  ] RTSpatialIndex 0x78f1ac00a7d0 (Used 1 MB), Probe Points, Size: 100000, Results: 17
[LIBGPUSPATIAL] [ 12658][18:00:12:607322][info  ] RTSpatialIndex 0x78f1ac00a7d0 (Used 0 MB), Allocate result buffer, memory consumption 0 MB, capacity 10
[LIBGPUSPATIAL] [ 12658][18:00:12:607781][info  ] RTSpatialIndex 0x78f1ac00a7d0 (Used 0 MB), Probe Points, Size: 100000, Results: 10
[LIBGPUSPATIAL] [ 12660][18:00:12:608071][info  ] RTSpatialRefiner 0x78f1afd298a0 (Used 0 MB), Loaded Geometries, ProbeArray 100000, Loaded 17, Type Point
[LIBGPUSPATIAL] [ 12660][18:00:12:608171][info  ] RTSpatialRefiner 0x78f1afd298a0 (Used 0 MB), Evaluating 17 Geometry Pairs with Predicate Intersects
[LIBGPUSPATIAL] [ 12658][18:00:12:608193][info  ] RTSpatialRefiner 0x78f1afd298a0 (Used 0 MB), Loaded Geometries, ProbeArray 100000, Loaded 10, Type Point
[LIBGPUSPATIAL] [ 12658][18:00:12:608236][info  ] RTSpatialRefiner 0x78f1afd298a0 (Used 0 MB), Evaluating 10 Geometry Pairs with Predicate Intersects
[LIBGPUSPATIAL] [ 12661][18:00:12:611065][info  ] RTSpatialIndex 0x78f1ac00a7d0 (Used 0 MB), Allocate result buffer, memory consumption 0 MB, capacity 13
[LIBGPUSPATIAL] [ 12661][18:00:12:611191][info  ] RTSpatialIndex 0x78f1ac00a7d0 (Used 0 MB), Probe Points, Size: 100000, Results: 13
[LIBGPUSPATIAL] [ 12661][18:00:12:611525][info  ] RTSpatialRefiner 0x78f1afd298a0 (Used 0 MB), Loaded Geometries, ProbeArray 100000, Loaded 13, Type Point
[LIBGPUSPATIAL] [ 12661][18:00:12:611561][info  ] RTSpatialRefiner 0x78f1afd298a0 (Used 0 MB), Evaluating 13 Geometry Pairs with Predicate Intersects
[LIBGPUSPATIAL] [ 12663][18:00:12:615305][info  ] RTSpatialIndex 0x78f1ac00a7d0 (Used 0 MB), Allocate result buffer, memory consumption 0 MB, capacity 17
[LIBGPUSPATIAL] [ 12663][18:00:12:615446][info  ] RTSpatialIndex 0x78f1ac00a7d0 (Used 0 MB), Probe Points, Size: 100000, Results: 17
[LIBGPUSPATIAL] [ 12663][18:00:12:615788][info  ] RTSpatialRefiner 0x78f1afd298a0 (Used 0 MB), Loaded Geometries, ProbeArray 100000, Loaded 17, Type Point
[LIBGPUSPATIAL] [ 12663][18:00:12:615832][info  ] RTSpatialRefiner 0x78f1afd298a0 (Used 0 MB), Evaluating 17 Geometry Pairs with Predicate Intersects
[LIBGPUSPATIAL] [ 12662][18:00:12:617146][info  ] RTSpatialIndex 0x78f1ac00a7d0 (Used 1 MB), Allocate result buffer, memory consumption 0 MB, capacity 12
[LIBGPUSPATIAL] [ 12657][18:00:12:617202][info  ] RTSpatialIndex 0x78f1ac00a7d0 (Used 1 MB), Allocate result buffer, memory consumption 0 MB, capacity 12
[LIBGPUSPATIAL] [ 12662][18:00:12:617345][info  ] RTSpatialIndex 0x78f1ac00a7d0 (Used 1 MB), Probe Points, Size: 100000, Results: 12
[LIBGPUSPATIAL] [ 12657][18:00:12:617487][info  ] RTSpatialIndex 0x78f1ac00a7d0 (Used 0 MB), Probe Points, Size: 100000, Results: 12
[LIBGPUSPATIAL] [ 12662][18:00:12:617828][info  ] RTSpatialRefiner 0x78f1afd298a0 (Used 0 MB), Loaded Geometries, ProbeArray 100000, Loaded 12, Type Point
[LIBGPUSPATIAL] [ 12657][18:00:12:617907][info  ] RTSpatialRefiner 0x78f1afd298a0 (Used 0 MB), Loaded Geometries, ProbeArray 100000, Loaded 12, Type Point
[LIBGPUSPATIAL] [ 12662][18:00:12:617957][info  ] RTSpatialRefiner 0x78f1afd298a0 (Used 0 MB), Evaluating 12 Geometry Pairs with Predicate Intersects
[LIBGPUSPATIAL] [ 12657][18:00:12:617964][info  ] RTSpatialRefiner 0x78f1afd298a0 (Used 0 MB), Evaluating 12 Geometry Pairs with Predicate Intersects
[LIBGPUSPATIAL] [ 12656][18:00:12:620068][info  ] RTSpatialIndex 0x78f1ac00a7d0 (Used 1 MB), Allocate result buffer, memory consumption 0 MB, capacity 8
[LIBGPUSPATIAL] [ 12659][18:00:12:620163][info  ] RTSpatialIndex 0x78f1ac00a7d0 (Used 1 MB), Allocate result buffer, memory consumption 0 MB, capacity 17
[LIBGPUSPATIAL] [ 12656][18:00:12:620191][info  ] RTSpatialIndex 0x78f1ac00a7d0 (Used 1 MB), Probe Points, Size: 100000, Results: 8
[LIBGPUSPATIAL] [ 12659][18:00:12:620491][info  ] RTSpatialIndex 0x78f1ac00a7d0 (Used 0 MB), Probe Points, Size: 100000, Results: 17
[LIBGPUSPATIAL] [ 12656][18:00:12:620801][info  ] RTSpatialRefiner 0x78f1afd298a0 (Used 0 MB), Loaded Geometries, ProbeArray 100000, Loaded 8, Type Point
[LIBGPUSPATIAL] [ 12656][18:00:12:620861][info  ] RTSpatialRefiner 0x78f1afd298a0 (Used 0 MB), Evaluating 8 Geometry Pairs with Predicate Intersects
[LIBGPUSPATIAL] [ 12659][18:00:12:620896][info  ] RTSpatialRefiner 0x78f1afd298a0 (Used 0 MB), Loaded Geometries, ProbeArray 100000, Loaded 17, Type Point
[LIBGPUSPATIAL] [ 12659][18:00:12:620961][info  ] RTSpatialRefiner 0x78f1afd298a0 (Used 0 MB), Evaluating 17 Geometry Pairs with Predicate Intersects
[LIBGPUSPATIAL] [ 12658][18:00:12:621915][info  ] RTSpatialIndex 0x78f1ac00a7d0 (Used 0 MB), Allocate result buffer, memory consumption 0 MB, capacity 21
[LIBGPUSPATIAL] [ 12658][18:00:12:622051][info  ] RTSpatialIndex 0x78f1ac00a7d0 (Used 0 MB), Probe Points, Size: 100000, Results: 21
[LIBGPUSPATIAL] [ 12658][18:00:12:622386][info  ] RTSpatialRefiner 0x78f1afd298a0 (Used 0 MB), Loaded Geometries, ProbeArray 100000, Loaded 21, Type Point
[LIBGPUSPATIAL] [ 12658][18:00:12:622430][info  ] RTSpatialRefiner 0x78f1afd298a0 (Used 0 MB), Evaluating 21 Geometry Pairs with Predicate Intersects
[LIBGPUSPATIAL] [ 12660][18:00:12:623085][info  ] RTSpatialIndex 0x78f1ac00a7d0 (Used 0 MB), Allocate result buffer, memory consumption 0 MB, capacity 14
[LIBGPUSPATIAL] [ 12660][18:00:12:623413][info  ] RTSpatialIndex 0x78f1ac00a7d0 (Used 0 MB), Probe Points, Size: 100000, Results: 14
[LIBGPUSPATIAL] [ 12660][18:00:12:623812][info  ] RTSpatialRefiner 0x78f1afd298a0 (Used 0 MB), Loaded Geometries, ProbeArray 100000, Loaded 14, Type Point
[LIBGPUSPATIAL] [ 12660][18:00:12:623877][info  ] RTSpatialRefiner 0x78f1afd298a0 (Used 0 MB), Evaluating 14 Geometry Pairs with Predicate Intersects
[LIBGPUSPATIAL] [ 12661][18:00:12:624603][info  ] RTSpatialIndex 0x78f1ac00a7d0 (Used 0 MB), Allocate result buffer, memory consumption 0 MB, capacity 21
[LIBGPUSPATIAL] [ 12661][18:00:12:624782][info  ] RTSpatialIndex 0x78f1ac00a7d0 (Used 0 MB), Probe Points, Size: 100000, Results: 21
[LIBGPUSPATIAL] [ 12661][18:00:12:625111][info  ] RTSpatialRefiner 0x78f1afd298a0 (Used 0 MB), Loaded Geometries, ProbeArray 100000, Loaded 21, Type Point
[LIBGPUSPATIAL] [ 12661][18:00:12:625153][info  ] RTSpatialRefiner 0x78f1afd298a0 (Used 0 MB), Evaluating 21 Geometry Pairs with Predicate Intersects
[LIBGPUSPATIAL] [ 12663][18:00:12:628756][info  ] RTSpatialIndex 0x78f1ac00a7d0 (Used 0 MB), Allocate result buffer, memory consumption 0 MB, capacity 13
[LIBGPUSPATIAL] [ 12663][18:00:12:628902][info  ] RTSpatialIndex 0x78f1ac00a7d0 (Used 0 MB), Probe Points, Size: 100000, Results: 13
[LIBGPUSPATIAL] [ 12663][18:00:12:629240][info  ] RTSpatialRefiner 0x78f1afd298a0 (Used 0 MB), Loaded Geometries, ProbeArray 100000, Loaded 13, Type Point
[LIBGPUSPATIAL] [ 12663][18:00:12:629284][info  ] RTSpatialRefiner 0x78f1afd298a0 (Used 0 MB), Evaluating 13 Geometry Pairs with Predicate Intersects
[LIBGPUSPATIAL] [ 12657][18:00:12:631404][info  ] RTSpatialIndex 0x78f1ac00a7d0 (Used 0 MB), Allocate result buffer, memory consumption 0 MB, capacity 17
[LIBGPUSPATIAL] [ 12657][18:00:12:631577][info  ] RTSpatialIndex 0x78f1ac00a7d0 (Used 0 MB), Probe Points, Size: 100000, Results: 17
[LIBGPUSPATIAL] [ 12662][18:00:12:632331][info  ] RTSpatialIndex 0x78f1ac00a7d0 (Used 0 MB), Allocate result buffer, memory consumption 0 MB, capacity 20
[LIBGPUSPATIAL] [ 12657][18:00:12:632695][info  ] RTSpatialRefiner 0x78f1afd298a0 (Used 0 MB), Loaded Geometries, ProbeArray 100000, Loaded 17, Type Point
[LIBGPUSPATIAL] [ 12657][18:00:12:632746][info  ] RTSpatialRefiner 0x78f1afd298a0 (Used 0 MB), Evaluating 17 Geometry Pairs with Predicate Intersects
[LIBGPUSPATIAL] [ 12662][18:00:12:632830][info  ] RTSpatialIndex 0x78f1ac00a7d0 (Used 0 MB), Probe Points, Size: 100000, Results: 20
[LIBGPUSPATIAL] [ 12662][18:00:12:633221][info  ] RTSpatialRefiner 0x78f1afd298a0 (Used 0 MB), Loaded Geometries, ProbeArray 100000, Loaded 20, Type Point
[LIBGPUSPATIAL] [ 12662][18:00:12:633336][info  ] RTSpatialRefiner 0x78f1afd298a0 (Used 0 MB), Evaluating 20 Geometry Pairs with Predicate Intersects
[LIBGPUSPATIAL] [ 12656][18:00:12:634241][info  ] RTSpatialIndex 0x78f1ac00a7d0 (Used 0 MB), Allocate result buffer, memory consumption 0 MB, capacity 12
[LIBGPUSPATIAL] [ 12656][18:00:12:634369][info  ] RTSpatialIndex 0x78f1ac00a7d0 (Used 0 MB), Probe Points, Size: 100000, Results: 12
[LIBGPUSPATIAL] [ 12656][18:00:12:634753][info  ] RTSpatialRefiner 0x78f1afd298a0 (Used 1 MB), Loaded Geometries, ProbeArray 100000, Loaded 12, Type Point
[LIBGPUSPATIAL] [ 12656][18:00:12:634800][info  ] RTSpatialRefiner 0x78f1afd298a0 (Used 1 MB), Evaluating 12 Geometry Pairs with Predicate Intersects
[LIBGPUSPATIAL] [ 12659][18:00:12:635127][info  ] RTSpatialIndex 0x78f1ac00a7d0 (Used 0 MB), Allocate result buffer, memory consumption 0 MB, capacity 20
[LIBGPUSPATIAL] [ 12659][18:00:12:635657][info  ] RTSpatialIndex 0x78f1ac00a7d0 (Used 1 MB), Probe Points, Size: 100000, Results: 20
[LIBGPUSPATIAL] [ 12658][18:00:12:635971][info  ] RTSpatialIndex 0x78f1ac00a7d0 (Used 0 MB), Allocate result buffer, memory consumption 0 MB, capacity 17
[LIBGPUSPATIAL] [ 12658][18:00:12:636153][info  ] RTSpatialIndex 0x78f1ac00a7d0 (Used 0 MB), Probe Points, Size: 100000, Results: 17
[LIBGPUSPATIAL] [ 12659][18:00:12:636275][info  ] RTSpatialRefiner 0x78f1afd298a0 (Used 0 MB), Loaded Geometries, ProbeArray 100000, Loaded 20, Type Point
[LIBGPUSPATIAL] [ 12659][18:00:12:636375][info  ] RTSpatialRefiner 0x78f1afd298a0 (Used 0 MB), Evaluating 20 Geometry Pairs with Predicate Intersects
[LIBGPUSPATIAL] [ 12658][18:00:12:636509][info  ] RTSpatialRefiner 0x78f1afd298a0 (Used 0 MB), Loaded Geometries, ProbeArray 100000, Loaded 17, Type Point
[LIBGPUSPATIAL] [ 12658][18:00:12:636568][info  ] RTSpatialRefiner 0x78f1afd298a0 (Used 0 MB), Evaluating 17 Geometry Pairs with Predicate Intersects
[LIBGPUSPATIAL] [ 12660][18:00:12:638191][info  ] RTSpatialIndex 0x78f1ac00a7d0 (Used 1 MB), Allocate result buffer, memory consumption 0 MB, capacity 6
[LIBGPUSPATIAL] [ 12661][18:00:12:638200][info  ] RTSpatialIndex 0x78f1ac00a7d0 (Used 1 MB), Allocate result buffer, memory consumption 0 MB, capacity 22
[LIBGPUSPATIAL] [ 12661][18:00:12:638372][info  ] RTSpatialIndex 0x78f1ac00a7d0 (Used 1 MB), Probe Points, Size: 100000, Results: 22
[LIBGPUSPATIAL] [ 12660][18:00:12:638681][info  ] RTSpatialIndex 0x78f1ac00a7d0 (Used 0 MB), Probe Points, Size: 100000, Results: 6
[LIBGPUSPATIAL] [ 12661][18:00:12:638874][info  ] RTSpatialRefiner 0x78f1afd298a0 (Used 0 MB), Loaded Geometries, ProbeArray 100000, Loaded 22, Type Point
[LIBGPUSPATIAL] [ 12661][18:00:12:638918][info  ] RTSpatialRefiner 0x78f1afd298a0 (Used 0 MB), Evaluating 22 Geometry Pairs with Predicate Intersects
[LIBGPUSPATIAL] [ 12660][18:00:12:639804][info  ] RTSpatialRefiner 0x78f1afd298a0 (Used 0 MB), Loaded Geometries, ProbeArray 100000, Loaded 6, Type Point
[LIBGPUSPATIAL] [ 12660][18:00:12:639890][info  ] RTSpatialRefiner 0x78f1afd298a0 (Used 0 MB), Evaluating 6 Geometry Pairs with Predicate Intersects
[LIBGPUSPATIAL] [ 12663][18:00:12:641515][info  ] RTSpatialIndex 0x78f1ac00a7d0 (Used 0 MB), Allocate result buffer, memory consumption 0 MB, capacity 19
[LIBGPUSPATIAL] [ 12663][18:00:12:641633][info  ] RTSpatialIndex 0x78f1ac00a7d0 (Used 0 MB), Probe Points, Size: 100000, Results: 19
[LIBGPUSPATIAL] [ 12663][18:00:12:644019][info  ] RTSpatialRefiner 0x78f1afd298a0 (Used 0 MB), Loaded Geometries, ProbeArray 100000, Loaded 19, Type Point
[LIBGPUSPATIAL] [ 12663][18:00:12:644065][info  ] RTSpatialRefiner 0x78f1afd298a0 (Used 0 MB), Evaluating 19 Geometry Pairs with Predicate Intersects
[LIBGPUSPATIAL] [ 12657][18:00:12:645688][info  ] RTSpatialIndex 0x78f1ac00a7d0 (Used 0 MB), Allocate result buffer, memory consumption 0 MB, capacity 19
[LIBGPUSPATIAL] [ 12657][18:00:12:645808][info  ] RTSpatialIndex 0x78f1ac00a7d0 (Used 0 MB), Probe Points, Size: 100000, Results: 19
[LIBGPUSPATIAL] [ 12657][18:00:12:646303][info  ] RTSpatialRefiner 0x78f1afd298a0 (Used 0 MB), Loaded Geometries, ProbeArray 100000, Loaded 19, Type Point
[LIBGPUSPATIAL] [ 12657][18:00:12:646351][info  ] RTSpatialRefiner 0x78f1afd298a0 (Used 0 MB), Evaluating 19 Geometry Pairs with Predicate Intersects
[LIBGPUSPATIAL] [ 12662][18:00:12:647781][info  ] RTSpatialIndex 0x78f1ac00a7d0 (Used 0 MB), Allocate result buffer, memory consumption 0 MB, capacity 21
[LIBGPUSPATIAL] [ 12662][18:00:12:647990][info  ] RTSpatialIndex 0x78f1ac00a7d0 (Used 0 MB), Probe Points, Size: 100000, Results: 21
[LIBGPUSPATIAL] [ 12656][18:00:12:648532][info  ] RTSpatialIndex 0x78f1ac00a7d0 (Used 0 MB), Allocate result buffer, memory consumption 0 MB, capacity 17
[LIBGPUSPATIAL] [ 12656][18:00:12:648656][info  ] RTSpatialIndex 0x78f1ac00a7d0 (Used 0 MB), Probe Points, Size: 100000, Results: 17
[LIBGPUSPATIAL] [ 12662][18:00:12:648890][info  ] RTSpatialRefiner 0x78f1afd298a0 (Used 0 MB), Loaded Geometries, ProbeArray 100000, Loaded 21, Type Point
[LIBGPUSPATIAL] [ 12662][18:00:12:648954][info  ] RTSpatialRefiner 0x78f1afd298a0 (Used 0 MB), Evaluating 21 Geometry Pairs with Predicate Intersects
[LIBGPUSPATIAL] [ 12656][18:00:12:649101][info  ] RTSpatialRefiner 0x78f1afd298a0 (Used 0 MB), Loaded Geometries, ProbeArray 100000, Loaded 17, Type Point
[LIBGPUSPATIAL] [ 12656][18:00:12:649148][info  ] RTSpatialRefiner 0x78f1afd298a0 (Used 0 MB), Evaluating 17 Geometry Pairs with Predicate Intersects
[LIBGPUSPATIAL] [ 12658][18:00:12:650369][info  ] RTSpatialIndex 0x78f1ac00a7d0 (Used 1 MB), Allocate result buffer, memory consumption 0 MB, capacity 17
[LIBGPUSPATIAL] [ 12659][18:00:12:652292][info  ] RTSpatialIndex 0x78f1ac00a7d0 (Used 3 MB), Allocate result buffer, memory consumption 0 MB, capacity 17
[LIBGPUSPATIAL] [ 12658][18:00:12:652570][info  ] RTSpatialIndex 0x78f1ac00a7d0 (Used 4 MB), Probe Points, Size: 100000, Results: 17
[LIBGPUSPATIAL] [ 12659][18:00:12:652758][info  ] RTSpatialIndex 0x78f1ac00a7d0 (Used 2 MB), Probe Points, Size: 100000, Results: 17
[LIBGPUSPATIAL] [ 12660][18:00:12:652922][info  ] RTSpatialIndex 0x78f1ac00a7d0 (Used 1 MB), Allocate result buffer, memory consumption 0 MB, capacity 15
[LIBGPUSPATIAL] [ 12658][18:00:12:653009][info  ] RTSpatialRefiner 0x78f1afd298a0 (Used 1 MB), Loaded Geometries, ProbeArray 100000, Loaded 17, Type Point
[LIBGPUSPATIAL] [ 12658][18:00:12:653047][info  ] RTSpatialRefiner 0x78f1afd298a0 (Used 1 MB), Evaluating 17 Geometry Pairs with Predicate Intersects
[LIBGPUSPATIAL] [ 12661][18:00:12:653311][info  ] RTSpatialIndex 0x78f1ac00a7d0 (Used 1 MB), Allocate result buffer, memory consumption 0 MB, capacity 16
[LIBGPUSPATIAL] [ 12660][18:00:12:653639][info  ] RTSpatialIndex 0x78f1ac00a7d0 (Used 1 MB), Probe Points, Size: 100000, Results: 15
[LIBGPUSPATIAL] [ 12659][18:00:12:653659][info  ] RTSpatialRefiner 0x78f1afd298a0 (Used 1 MB), Loaded Geometries, ProbeArray 100000, Loaded 17, Type Point
[LIBGPUSPATIAL] [ 12661][18:00:12:653877][info  ] RTSpatialIndex 0x78f1ac00a7d0 (Used 0 MB), Probe Points, Size: 100000, Results: 16
[LIBGPUSPATIAL] [ 12659][18:00:12:653916][info  ] RTSpatialRefiner 0x78f1afd298a0 (Used 0 MB), Evaluating 17 Geometry Pairs with Predicate Intersects
[LIBGPUSPATIAL] [ 12661][18:00:12:657044][info  ] RTSpatialRefiner 0x78f1afd298a0 (Used 0 MB), Loaded Geometries, ProbeArray 100000, Loaded 16, Type Point
[LIBGPUSPATIAL] [ 12661][18:00:12:657105][info  ] RTSpatialRefiner 0x78f1afd298a0 (Used 0 MB), Evaluating 16 Geometry Pairs with Predicate Intersects
[LIBGPUSPATIAL] [ 12663][18:00:12:657116][info  ] RTSpatialIndex 0x78f1ac00a7d0 (Used 0 MB), Allocate result buffer, memory consumption 0 MB, capacity 9
[LIBGPUSPATIAL] [ 12660][18:00:12:657050][info  ] RTSpatialRefiner 0x78f1afd298a0 (Used 0 MB), Loaded Geometries, ProbeArray 100000, Loaded 15, Type Point
[LIBGPUSPATIAL] [ 12660][18:00:12:657533][info  ] RTSpatialRefiner 0x78f1afd298a0 (Used 0 MB), Evaluating 15 Geometry Pairs with Predicate Intersects
[LIBGPUSPATIAL] [ 12663][18:00:12:658016][info  ] RTSpatialIndex 0x78f1ac00a7d0 (Used 0 MB), Probe Points, Size: 100000, Results: 9
[LIBGPUSPATIAL] [ 12663][18:00:12:658559][info  ] RTSpatialRefiner 0x78f1afd298a0 (Used 0 MB), Loaded Geometries, ProbeArray 100000, Loaded 9, Type Point
[LIBGPUSPATIAL] [ 12663][18:00:12:658601][info  ] RTSpatialRefiner 0x78f1afd298a0 (Used 0 MB), Evaluating 9 Geometry Pairs with Predicate Intersects
[LIBGPUSPATIAL] [ 12657][18:00:12:660173][info  ] RTSpatialIndex 0x78f1ac00a7d0 (Used 0 MB), Allocate result buffer, memory consumption 0 MB, capacity 12
[LIBGPUSPATIAL] [ 12657][18:00:12:660292][info  ] RTSpatialIndex 0x78f1ac00a7d0 (Used 0 MB), Probe Points, Size: 100000, Results: 12
[LIBGPUSPATIAL] [ 12657][18:00:12:660791][info  ] RTSpatialRefiner 0x78f1afd298a0 (Used 0 MB), Loaded Geometries, ProbeArray 100000, Loaded 12, Type Point
[LIBGPUSPATIAL] [ 12657][18:00:12:660833][info  ] RTSpatialRefiner 0x78f1afd298a0 (Used 0 MB), Evaluating 12 Geometry Pairs with Predicate Intersects
[LIBGPUSPATIAL] [ 12662][18:00:12:661974][info  ] RTSpatialIndex 0x78f1ac00a7d0 (Used 0 MB), Allocate result buffer, memory consumption 0 MB, capacity 16
[LIBGPUSPATIAL] [ 12662][18:00:12:662097][info  ] RTSpatialIndex 0x78f1ac00a7d0 (Used 0 MB), Probe Points, Size: 100000, Results: 16
[LIBGPUSPATIAL] [ 12656][18:00:12:662584][info  ] RTSpatialIndex 0x78f1ac00a7d0 (Used 0 MB), Allocate result buffer, memory consumption 0 MB, capacity 15
[LIBGPUSPATIAL] [ 12656][18:00:12:662703][info  ] RTSpatialIndex 0x78f1ac00a7d0 (Used 0 MB), Probe Points, Size: 100000, Results: 15
[LIBGPUSPATIAL] [ 12662][18:00:12:663159][info  ] RTSpatialRefiner 0x78f1afd298a0 (Used 0 MB), Loaded Geometries, ProbeArray 100000, Loaded 16, Type Point
[LIBGPUSPATIAL] [ 12662][18:00:12:663202][info  ] RTSpatialRefiner 0x78f1afd298a0 (Used 0 MB), Evaluating 16 Geometry Pairs with Predicate Intersects
[LIBGPUSPATIAL] [ 12656][18:00:12:664008][info  ] RTSpatialRefiner 0x78f1afd298a0 (Used 0 MB), Loaded Geometries, ProbeArray 100000, Loaded 15, Type Point
[LIBGPUSPATIAL] [ 12656][18:00:12:664048][info  ] RTSpatialRefiner 0x78f1afd298a0 (Used 0 MB), Evaluating 15 Geometry Pairs with Predicate Intersects
[LIBGPUSPATIAL] [ 12659][18:00:12:666293][info  ] RTSpatialIndex 0x78f1ac00a7d0 (Used 0 MB), Allocate result buffer, memory consumption 0 MB, capacity 16
[LIBGPUSPATIAL] [ 12659][18:00:12:666626][info  ] RTSpatialIndex 0x78f1ac00a7d0 (Used 1 MB), Probe Points, Size: 100000, Results: 16
[LIBGPUSPATIAL] [ 12658][18:00:12:666706][info  ] RTSpatialIndex 0x78f1ac00a7d0 (Used 0 MB), Allocate result buffer, memory consumption 0 MB, capacity 14
[LIBGPUSPATIAL] [ 12658][18:00:12:667062][info  ] RTSpatialIndex 0x78f1ac00a7d0 (Used 0 MB), Probe Points, Size: 100000, Results: 14
[LIBGPUSPATIAL] [ 12659][18:00:12:668955][info  ] RTSpatialRefiner 0x78f1afd298a0 (Used 0 MB), Loaded Geometries, ProbeArray 100000, Loaded 16, Type Point
[LIBGPUSPATIAL] [ 12658][18:00:12:669007][info  ] RTSpatialRefiner 0x78f1afd298a0 (Used 0 MB), Loaded Geometries, ProbeArray 100000, Loaded 14, Type Point
[LIBGPUSPATIAL] [ 12659][18:00:12:669012][info  ] RTSpatialRefiner 0x78f1afd298a0 (Used 0 MB), Evaluating 16 Geometry Pairs with Predicate Intersects
[LIBGPUSPATIAL] [ 12658][18:00:12:669053][info  ] RTSpatialRefiner 0x78f1afd298a0 (Used 0 MB), Evaluating 14 Geometry Pairs with Predicate Intersects
[LIBGPUSPATIAL] [ 12661][18:00:12:671601][info  ] RTSpatialIndex 0x78f1ac00a7d0 (Used 2 MB), Allocate result buffer, memory consumption 0 MB, capacity 18
[LIBGPUSPATIAL] [ 12660][18:00:12:672439][info  ] RTSpatialIndex 0x78f1ac00a7d0 (Used 2 MB), Allocate result buffer, memory consumption 0 MB, capacity 10
[LIBGPUSPATIAL] [ 12661][18:00:12:672657][info  ] RTSpatialIndex 0x78f1ac00a7d0 (Used 2 MB), Probe Points, Size: 100000, Results: 18
[LIBGPUSPATIAL] [ 12663][18:00:12:672765][info  ] RTSpatialIndex 0x78f1ac00a7d0 (Used 1 MB), Allocate result buffer, memory consumption 0 MB, capacity 21
[LIBGPUSPATIAL] [ 12660][18:00:12:672858][info  ] RTSpatialIndex 0x78f1ac00a7d0 (Used 1 MB), Probe Points, Size: 100000, Results: 10
[LIBGPUSPATIAL] [ 12663][18:00:12:673002][info  ] RTSpatialIndex 0x78f1ac00a7d0 (Used 0 MB), Probe Points, Size: 100000, Results: 21
[LIBGPUSPATIAL] [ 12657][18:00:12:673932][info  ] RTSpatialIndex 0x78f1ac00a7d0 (Used 0 MB), Allocate result buffer, memory consumption 0 MB, capacity 18
[LIBGPUSPATIAL] [ 12657][18:00:12:674037][info  ] RTSpatialIndex 0x78f1ac00a7d0 (Used 0 MB), Probe Points, Size: 100000, Results: 18
[LIBGPUSPATIAL] [ 12661][18:00:12:674373][info  ] RTSpatialRefiner 0x78f1afd298a0 (Used 0 MB), Loaded Geometries, ProbeArray 100000, Loaded 18, Type Point
[LIBGPUSPATIAL] [ 12660][18:00:12:674379][info  ] RTSpatialRefiner 0x78f1afd298a0 (Used 0 MB), Loaded Geometries, ProbeArray 100000, Loaded 10, Type Point
[LIBGPUSPATIAL] [ 12660][18:00:12:674461][info  ] RTSpatialRefiner 0x78f1afd298a0 (Used 0 MB), Evaluating 10 Geometry Pairs with Predicate Intersects
[LIBGPUSPATIAL] [ 12657][18:00:12:674474][info  ] RTSpatialRefiner 0x78f1afd298a0 (Used 0 MB), Loaded Geometries, ProbeArray 100000, Loaded 18, Type Point
[LIBGPUSPATIAL] [ 12657][18:00:12:674504][info  ] RTSpatialRefiner 0x78f1afd298a0 (Used 0 MB), Evaluating 18 Geometry Pairs with Predicate Intersects
[LIBGPUSPATIAL] [ 12661][18:00:12:674614][info  ] RTSpatialRefiner 0x78f1afd298a0 (Used 0 MB), Evaluating 18 Geometry Pairs with Predicate Intersects
[LIBGPUSPATIAL] [ 12663][18:00:12:675185][info  ] RTSpatialRefiner 0x78f1afd298a0 (Used 0 MB), Loaded Geometries, ProbeArray 100000, Loaded 21, Type Point
[LIBGPUSPATIAL] [ 12663][18:00:12:675279][info  ] RTSpatialRefiner 0x78f1afd298a0 (Used 0 MB), Evaluating 21 Geometry Pairs with Predicate Intersects
[LIBGPUSPATIAL] [ 12662][18:00:12:675586][info  ] RTSpatialIndex 0x78f1ac00a7d0 (Used 0 MB), Allocate result buffer, memory consumption 0 MB, capacity 20
[LIBGPUSPATIAL] [ 12662][18:00:12:676155][info  ] RTSpatialIndex 0x78f1ac00a7d0 (Used 0 MB), Probe Points, Size: 100000, Results: 20
[LIBGPUSPATIAL] [ 12656][18:00:12:676877][info  ] RTSpatialIndex 0x78f1ac00a7d0 (Used 0 MB), Allocate result buffer, memory consumption 0 MB, capacity 21
[LIBGPUSPATIAL] [ 12656][18:00:12:676995][info  ] RTSpatialIndex 0x78f1ac00a7d0 (Used 0 MB), Probe Points, Size: 100000, Results: 21
[LIBGPUSPATIAL] [ 12662][18:00:12:677613][info  ] RTSpatialRefiner 0x78f1afd298a0 (Used 0 MB), Loaded Geometries, ProbeArray 100000, Loaded 20, Type Point
[LIBGPUSPATIAL] [ 12662][18:00:12:677656][info  ] RTSpatialRefiner 0x78f1afd298a0 (Used 0 MB), Evaluating 20 Geometry Pairs with Predicate Intersects
[LIBGPUSPATIAL] [ 12656][18:00:12:679016][info  ] RTSpatialRefiner 0x78f1afd298a0 (Used 0 MB), Loaded Geometries, ProbeArray 100000, Loaded 21, Type Point
[LIBGPUSPATIAL] [ 12656][18:00:12:679059][info  ] RTSpatialRefiner 0x78f1afd298a0 (Used 0 MB), Evaluating 21 Geometry Pairs with Predicate Intersects
[LIBGPUSPATIAL] [ 12658][18:00:12:681436][info  ] RTSpatialIndex 0x78f1ac00a7d0 (Used 0 MB), Allocate result buffer, memory consumption 0 MB, capacity 10
[LIBGPUSPATIAL] [ 12658][18:00:12:681543][info  ] RTSpatialIndex 0x78f1ac00a7d0 (Used 0 MB), Probe Points, Size: 100000, Results: 10
[LIBGPUSPATIAL] [ 12658][18:00:12:682163][info  ] RTSpatialRefiner 0x78f1afd298a0 (Used 0 MB), Loaded Geometries, ProbeArray 100000, Loaded 10, Type Point
[LIBGPUSPATIAL] [ 12658][18:00:12:682202][info  ] RTSpatialRefiner 0x78f1afd298a0 (Used 0 MB), Evaluating 10 Geometry Pairs with Predicate Intersects
[LIBGPUSPATIAL] [ 12659][18:00:12:684067][info  ] RTSpatialIndex 0x78f1ac00a7d0 (Used 0 MB), Allocate result buffer, memory consumption 0 MB, capacity 15
[LIBGPUSPATIAL] [ 12659][18:00:12:684182][info  ] RTSpatialIndex 0x78f1ac00a7d0 (Used 0 MB), Probe Points, Size: 100000, Results: 15
[LIBGPUSPATIAL] [ 12659][18:00:12:684607][info  ] RTSpatialRefiner 0x78f1afd298a0 (Used 0 MB), Loaded Geometries, ProbeArray 100000, Loaded 15, Type Point
[LIBGPUSPATIAL] [ 12659][18:00:12:684674][info  ] RTSpatialRefiner 0x78f1afd298a0 (Used 0 MB), Evaluating 15 Geometry Pairs with Predicate Intersects
[LIBGPUSPATIAL] [ 12657][18:00:12:688147][info  ] RTSpatialIndex 0x78f1ac00a7d0 (Used 1 MB), Allocate result buffer, memory consumption 0 MB, capacity 18
[LIBGPUSPATIAL] [ 12661][18:00:12:688201][info  ] RTSpatialIndex 0x78f1ac00a7d0 (Used 1 MB), Allocate result buffer, memory consumption 0 MB, capacity 13
[LIBGPUSPATIAL] [ 12657][18:00:12:688442][info  ] RTSpatialIndex 0x78f1ac00a7d0 (Used 3 MB), Probe Points, Size: 100000, Results: 18
[LIBGPUSPATIAL] [ 12661][18:00:12:688634][info  ] RTSpatialIndex 0x78f1ac00a7d0 (Used 1 MB), Probe Points, Size: 100000, Results: 13
[LIBGPUSPATIAL] [ 12660][18:00:12:688788][info  ] RTSpatialIndex 0x78f1ac00a7d0 (Used 0 MB), Allocate result buffer, memory consumption 0 MB, capacity 21
[LIBGPUSPATIAL] [ 12657][18:00:12:689239][info  ] RTSpatialRefiner 0x78f1afd298a0 (Used 1 MB), Loaded Geometries, ProbeArray 100000, Loaded 18, Type Point
[LIBGPUSPATIAL] [ 12660][18:00:12:689276][info  ] RTSpatialIndex 0x78f1ac00a7d0 (Used 1 MB), Probe Points, Size: 100000, Results: 21
[LIBGPUSPATIAL] [ 12657][18:00:12:689336][info  ] RTSpatialRefiner 0x78f1afd298a0 (Used 0 MB), Evaluating 18 Geometry Pairs with Predicate Intersects
[LIBGPUSPATIAL] [ 12661][18:00:12:689345][info  ] RTSpatialRefiner 0x78f1afd298a0 (Used 0 MB), Loaded Geometries, ProbeArray 100000, Loaded 13, Type Point
[LIBGPUSPATIAL] [ 12663][18:00:12:689412][info  ] RTSpatialIndex 0x78f1ac00a7d0 (Used 0 MB), Allocate result buffer, memory consumption 0 MB, capacity 17
[LIBGPUSPATIAL] [ 12661][18:00:12:689417][info  ] RTSpatialRefiner 0x78f1afd298a0 (Used 0 MB), Evaluating 13 Geometry Pairs with Predicate Intersects
[LIBGPUSPATIAL] [ 12663][18:00:12:689730][info  ] RTSpatialIndex 0x78f1ac00a7d0 (Used 0 MB), Probe Points, Size: 100000, Results: 17
[LIBGPUSPATIAL] [ 12660][18:00:12:690143][info  ] RTSpatialRefiner 0x78f1afd298a0 (Used 1 MB), Loaded Geometries, ProbeArray 100000, Loaded 21, Type Point
[LIBGPUSPATIAL] [ 12660][18:00:12:690190][info  ] RTSpatialRefiner 0x78f1afd298a0 (Used 0 MB), Evaluating 21 Geometry Pairs with Predicate Intersects
[LIBGPUSPATIAL] [ 12663][18:00:12:690600][info  ] RTSpatialRefiner 0x78f1afd298a0 (Used 0 MB), Loaded Geometries, ProbeArray 100000, Loaded 17, Type Point
[LIBGPUSPATIAL] [ 12663][18:00:12:690675][info  ] RTSpatialRefiner 0x78f1afd298a0 (Used 0 MB), Evaluating 17 Geometry Pairs with Predicate Intersects
[LIBGPUSPATIAL] [ 12662][18:00:12:690624][info  ] RTSpatialIndex 0x78f1ac00a7d0 (Used 0 MB), Allocate result buffer, memory consumption 0 MB, capacity 17
[LIBGPUSPATIAL] [ 12662][18:00:12:691456][info  ] RTSpatialIndex 0x78f1ac00a7d0 (Used 1 MB), Probe Points, Size: 100000, Results: 17
[LIBGPUSPATIAL] [ 12656][18:00:12:692662][info  ] RTSpatialIndex 0x78f1ac00a7d0 (Used 0 MB), Allocate result buffer, memory consumption 0 MB, capacity 20
[LIBGPUSPATIAL] [ 12662][18:00:12:692696][info  ] RTSpatialRefiner 0x78f1afd298a0 (Used 0 MB), Loaded Geometries, ProbeArray 100000, Loaded 17, Type Point
[LIBGPUSPATIAL] [ 12662][18:00:12:692762][info  ] RTSpatialRefiner 0x78f1afd298a0 (Used 0 MB), Evaluating 17 Geometry Pairs with Predicate Intersects
[LIBGPUSPATIAL] [ 12656][18:00:12:692814][info  ] RTSpatialIndex 0x78f1ac00a7d0 (Used 0 MB), Probe Points, Size: 100000, Results: 20
[LIBGPUSPATIAL] [ 12656][18:00:12:693225][info  ] RTSpatialRefiner 0x78f1afd298a0 (Used 0 MB), Loaded Geometries, ProbeArray 100000, Loaded 20, Type Point
[LIBGPUSPATIAL] [ 12656][18:00:12:693270][info  ] RTSpatialRefiner 0x78f1afd298a0 (Used 0 MB), Evaluating 20 Geometry Pairs with Predicate Intersects
[LIBGPUSPATIAL] [ 12658][18:00:12:695324][info  ] RTSpatialIndex 0x78f1ac00a7d0 (Used 0 MB), Allocate result buffer, memory consumption 0 MB, capacity 20
[LIBGPUSPATIAL] [ 12658][18:00:12:695457][info  ] RTSpatialIndex 0x78f1ac00a7d0 (Used 0 MB), Probe Points, Size: 100000, Results: 20
[LIBGPUSPATIAL] [ 12658][18:00:12:696985][info  ] RTSpatialRefiner 0x78f1afd298a0 (Used 0 MB), Loaded Geometries, ProbeArray 100000, Loaded 20, Type Point
[LIBGPUSPATIAL] [ 12658][18:00:12:697029][info  ] RTSpatialRefiner 0x78f1afd298a0 (Used 0 MB), Evaluating 20 Geometry Pairs with Predicate Intersects
[LIBGPUSPATIAL] [ 12659][18:00:12:698260][info  ] RTSpatialIndex 0x78f1ac00a7d0 (Used 0 MB), Allocate result buffer, memory consumption 0 MB, capacity 17
[LIBGPUSPATIAL] [ 12659][18:00:12:698436][info  ] RTSpatialIndex 0x78f1ac00a7d0 (Used 0 MB), Probe Points, Size: 100000, Results: 17
[LIBGPUSPATIAL] [ 12659][18:00:12:699269][info  ] RTSpatialRefiner 0x78f1afd298a0 (Used 0 MB), Loaded Geometries, ProbeArray 100000, Loaded 17, Type Point
[LIBGPUSPATIAL] [ 12659][18:00:12:699358][info  ] RTSpatialRefiner 0x78f1afd298a0 (Used 0 MB), Evaluating 17 Geometry Pairs with Predicate Intersects
[LIBGPUSPATIAL] [ 12657][18:00:12:703046][info  ] RTSpatialIndex 0x78f1ac00a7d0 (Used 0 MB), Allocate result buffer, memory consumption 0 MB, capacity 17
[LIBGPUSPATIAL] [ 12657][18:00:12:703178][info  ] RTSpatialIndex 0x78f1ac00a7d0 (Used 0 MB), Probe Points, Size: 100000, Results: 17
[LIBGPUSPATIAL] [ 12661][18:00:12:703785][info  ] RTSpatialIndex 0x78f1ac00a7d0 (Used 0 MB), Allocate result buffer, memory consumption 0 MB, capacity 16
[LIBGPUSPATIAL] [ 12661][18:00:12:704012][info  ] RTSpatialIndex 0x78f1ac00a7d0 (Used 0 MB), Probe Points, Size: 100000, Results: 16
[LIBGPUSPATIAL] [ 12657][18:00:12:704077][info  ] RTSpatialRefiner 0x78f1afd298a0 (Used 0 MB), Loaded Geometries, ProbeArray 100000, Loaded 17, Type Point
[LIBGPUSPATIAL] [ 12657][18:00:12:704123][info  ] RTSpatialRefiner 0x78f1afd298a0 (Used 0 MB), Evaluating 17 Geometry Pairs with Predicate Intersects
[LIBGPUSPATIAL] [ 12661][18:00:12:704757][info  ] RTSpatialRefiner 0x78f1afd298a0 (Used 2 MB), Loaded Geometries, ProbeArray 100000, Loaded 16, Type Point
[LIBGPUSPATIAL] [ 12661][18:00:12:704907][info  ] RTSpatialRefiner 0x78f1afd298a0 (Used 3 MB), Evaluating 16 Geometry Pairs with Predicate Intersects
[LIBGPUSPATIAL] [ 12660][18:00:12:704934][info  ] RTSpatialIndex 0x78f1ac00a7d0 (Used 1 MB), Allocate result buffer, memory consumption 0 MB, capacity 10
[LIBGPUSPATIAL] [ 12663][18:00:12:705400][info  ] RTSpatialIndex 0x78f1ac00a7d0 (Used 3 MB), Allocate result buffer, memory consumption 0 MB, capacity 13
[LIBGPUSPATIAL] [ 12660][18:00:12:705732][info  ] RTSpatialIndex 0x78f1ac00a7d0 (Used 3 MB), Probe Points, Size: 100000, Results: 10
[LIBGPUSPATIAL] [ 12663][18:00:12:706010][info  ] RTSpatialIndex 0x78f1ac00a7d0 (Used 3 MB), Probe Points, Size: 100000, Results: 13
[LIBGPUSPATIAL] [ 12656][18:00:12:706151][info  ] RTSpatialIndex 0x78f1ac00a7d0 (Used 2 MB), Allocate result buffer, memory consumption 0 MB, capacity 11
[LIBGPUSPATIAL] [ 12660][18:00:12:706558][info  ] RTSpatialRefiner 0x78f1afd298a0 (Used 1 MB), Loaded Geometries, ProbeArray 100000, Loaded 10, Type Point
[LIBGPUSPATIAL] [ 12660][18:00:12:706632][info  ] RTSpatialRefiner 0x78f1afd298a0 (Used 1 MB), Evaluating 10 Geometry Pairs with Predicate Intersects
[LIBGPUSPATIAL] [ 12656][18:00:12:706658][info  ] RTSpatialIndex 0x78f1ac00a7d0 (Used 1 MB), Probe Points, Size: 100000, Results: 11
[LIBGPUSPATIAL] [ 12663][18:00:12:706996][info  ] RTSpatialRefiner 0x78f1afd298a0 (Used 0 MB), Loaded Geometries, ProbeArray 100000, Loaded 13, Type Point
[LIBGPUSPATIAL] [ 12663][18:00:12:707064][info  ] RTSpatialRefiner 0x78f1afd298a0 (Used 0 MB), Evaluating 13 Geometry Pairs with Predicate Intersects
[LIBGPUSPATIAL] [ 12662][18:00:12:707015][info  ] RTSpatialIndex 0x78f1ac00a7d0 (Used 0 MB), Allocate result buffer, memory consumption 0 MB, capacity 16
[LIBGPUSPATIAL] [ 12662][18:00:12:707589][info  ] RTSpatialIndex 0x78f1ac00a7d0 (Used 0 MB), Probe Points, Size: 100000, Results: 16
[LIBGPUSPATIAL] [ 12662][18:00:12:708201][info  ] RTSpatialRefiner 0x78f1afd298a0 (Used 0 MB), Loaded Geometries, ProbeArray 100000, Loaded 16, Type Point
[LIBGPUSPATIAL] [ 12656][18:00:12:708209][info  ] RTSpatialRefiner 0x78f1afd298a0 (Used 0 MB), Loaded Geometries, ProbeArray 100000, Loaded 11, Type Point
[LIBGPUSPATIAL] [ 12662][18:00:12:708260][info  ] RTSpatialRefiner 0x78f1afd298a0 (Used 0 MB), Evaluating 16 Geometry Pairs with Predicate Intersects
[LIBGPUSPATIAL] [ 12656][18:00:12:708266][info  ] RTSpatialRefiner 0x78f1afd298a0 (Used 0 MB), Evaluating 11 Geometry Pairs with Predicate Intersects
[LIBGPUSPATIAL] [ 12658][18:00:12:709644][info  ] RTSpatialIndex 0x78f1ac00a7d0 (Used 0 MB), Allocate result buffer, memory consumption 0 MB, capacity 8
[LIBGPUSPATIAL] [ 12658][18:00:12:709765][info  ] RTSpatialIndex 0x78f1ac00a7d0 (Used 0 MB), Probe Points, Size: 100000, Results: 8
[LIBGPUSPATIAL] [ 12658][18:00:12:710173][info  ] RTSpatialRefiner 0x78f1afd298a0 (Used 0 MB), Loaded Geometries, ProbeArray 100000, Loaded 8, Type Point
[LIBGPUSPATIAL] [ 12658][18:00:12:710215][info  ] RTSpatialRefiner 0x78f1afd298a0 (Used 0 MB), Evaluating 8 Geometry Pairs with Predicate Intersects
[LIBGPUSPATIAL] [ 12659][18:00:12:712777][info  ] RTSpatialIndex 0x78f1ac00a7d0 (Used 0 MB), Allocate result buffer, memory consumption 0 MB, capacity 11
[LIBGPUSPATIAL] [ 12659][18:00:12:712954][info  ] RTSpatialIndex 0x78f1ac00a7d0 (Used 0 MB), Probe Points, Size: 100000, Results: 11
[LIBGPUSPATIAL] [ 12659][18:00:12:713328][info  ] RTSpatialRefiner 0x78f1afd298a0 (Used 0 MB), Loaded Geometries, ProbeArray 100000, Loaded 11, Type Point
[LIBGPUSPATIAL] [ 12659][18:00:12:713374][info  ] RTSpatialRefiner 0x78f1afd298a0 (Used 0 MB), Evaluating 11 Geometry Pairs with Predicate Intersects
[LIBGPUSPATIAL] [ 12657][18:00:12:718937][info  ] RTSpatialIndex 0x78f1ac00a7d0 (Used 2 MB), Allocate result buffer, memory consumption 0 MB, capacity 9
[LIBGPUSPATIAL] [ 12657][18:00:12:719375][info  ] RTSpatialIndex 0x78f1ac00a7d0 (Used 1 MB), Probe Points, Size: 100000, Results: 9
[LIBGPUSPATIAL] [ 12661][18:00:12:719438][info  ] RTSpatialIndex 0x78f1ac00a7d0 (Used 0 MB), Allocate result buffer, memory consumption 0 MB, capacity 15
[LIBGPUSPATIAL] [ 12661][18:00:12:719785][info  ] RTSpatialIndex 0x78f1ac00a7d0 (Used 0 MB), Probe Points, Size: 100000, Results: 15
[LIBGPUSPATIAL] [ 12657][18:00:12:720002][info  ] RTSpatialRefiner 0x78f1afd298a0 (Used 0 MB), Loaded Geometries, ProbeArray 100000, Loaded 9, Type Point
[LIBGPUSPATIAL] [ 12657][18:00:12:720067][info  ] RTSpatialRefiner 0x78f1afd298a0 (Used 0 MB), Evaluating 9 Geometry Pairs with Predicate Intersects
[LIBGPUSPATIAL] [ 12661][18:00:12:720134][info  ] RTSpatialRefiner 0x78f1afd298a0 (Used 0 MB), Loaded Geometries, ProbeArray 100000, Loaded 15, Type Point
[LIBGPUSPATIAL] [ 12661][18:00:12:720190][info  ] RTSpatialRefiner 0x78f1afd298a0 (Used 0 MB), Evaluating 15 Geometry Pairs with Predicate Intersects
[LIBGPUSPATIAL] [ 12660][18:00:12:720833][info  ] RTSpatialIndex 0x78f1ac00a7d0 (Used 2 MB), Allocate result buffer, memory consumption 0 MB, capacity 11
[LIBGPUSPATIAL] [ 12660][18:00:12:721407][info  ] RTSpatialIndex 0x78f1ac00a7d0 (Used 1 MB), Probe Points, Size: 100000, Results: 11
[LIBGPUSPATIAL] [ 12656][18:00:12:721724][info  ] RTSpatialIndex 0x78f1ac00a7d0 (Used 2 MB), Allocate result buffer, memory consumption 0 MB, capacity 23
[LIBGPUSPATIAL] [ 12656][18:00:12:722320][info  ] RTSpatialIndex 0x78f1ac00a7d0 (Used 1 MB), Probe Points, Size: 100000, Results: 23
[LIBGPUSPATIAL] [ 12663][18:00:12:722504][info  ] RTSpatialIndex 0x78f1ac00a7d0 (Used 2 MB), Allocate result buffer, memory consumption 0 MB, capacity 23
[LIBGPUSPATIAL] [ 12660][18:00:12:722559][info  ] RTSpatialRefiner 0x78f1afd298a0 (Used 2 MB), Loaded Geometries, ProbeArray 100000, Loaded 11, Type Point
[LIBGPUSPATIAL] [ 12660][18:00:12:722650][info  ] RTSpatialRefiner 0x78f1afd298a0 (Used 2 MB), Evaluating 11 Geometry Pairs with Predicate Intersects
[LIBGPUSPATIAL] [ 12663][18:00:12:722888][info  ] RTSpatialIndex 0x78f1ac00a7d0 (Used 3 MB), Probe Points, Size: 100000, Results: 23
[LIBGPUSPATIAL] [ 12662][18:00:12:723083][info  ] RTSpatialIndex 0x78f1ac00a7d0 (Used 2 MB), Allocate result buffer, memory consumption 0 MB, capacity 16
[LIBGPUSPATIAL] [ 12656][18:00:12:723479][info  ] RTSpatialRefiner 0x78f1afd298a0 (Used 1 MB), Loaded Geometries, ProbeArray 100000, Loaded 23, Type Point
[LIBGPUSPATIAL] [ 12662][18:00:12:723522][info  ] RTSpatialIndex 0x78f1ac00a7d0 (Used 1 MB), Probe Points, Size: 100000, Results: 16
[LIBGPUSPATIAL] [ 12656][18:00:12:723632][info  ] RTSpatialRefiner 0x78f1afd298a0 (Used 1 MB), Evaluating 23 Geometry Pairs with Predicate Intersects
[LIBGPUSPATIAL] [ 12658][18:00:12:723735][info  ] RTSpatialIndex 0x78f1ac00a7d0 (Used 0 MB), Allocate result buffer, memory consumption 0 MB, capacity 16
[LIBGPUSPATIAL] [ 12663][18:00:12:723949][info  ] RTSpatialRefiner 0x78f1afd298a0 (Used 0 MB), Loaded Geometries, ProbeArray 100000, Loaded 23, Type Point
[LIBGPUSPATIAL] [ 12663][18:00:12:724109][info  ] RTSpatialRefiner 0x78f1afd298a0 (Used 0 MB), Evaluating 23 Geometry Pairs with Predicate Intersects
[LIBGPUSPATIAL] [ 12662][18:00:12:724273][info  ] RTSpatialRefiner 0x78f1afd298a0 (Used 0 MB), Loaded Geometries, ProbeArray 100000, Loaded 16, Type Point
[LIBGPUSPATIAL] [ 12662][18:00:12:724326][info  ] RTSpatialRefiner 0x78f1afd298a0 (Used 0 MB), Evaluating 16 Geometry Pairs with Predicate Intersects
[LIBGPUSPATIAL] [ 12658][18:00:12:724334][info  ] RTSpatialIndex 0x78f1ac00a7d0 (Used 0 MB), Probe Points, Size: 100000, Results: 16
[LIBGPUSPATIAL] [ 12658][18:00:12:725034][info  ] RTSpatialRefiner 0x78f1afd298a0 (Used 0 MB), Loaded Geometries, ProbeArray 100000, Loaded 16, Type Point
[LIBGPUSPATIAL] [ 12658][18:00:12:725078][info  ] RTSpatialRefiner 0x78f1afd298a0 (Used 0 MB), Evaluating 16 Geometry Pairs with Predicate Intersects
[LIBGPUSPATIAL] [ 12659][18:00:12:727042][info  ] RTSpatialIndex 0x78f1ac00a7d0 (Used 0 MB), Allocate result buffer, memory consumption 0 MB, capacity 17
[LIBGPUSPATIAL] [ 12659][18:00:12:727185][info  ] RTSpatialIndex 0x78f1ac00a7d0 (Used 0 MB), Probe Points, Size: 100000, Results: 17
[LIBGPUSPATIAL] [ 12659][18:00:12:729134][info  ] RTSpatialRefiner 0x78f1afd298a0 (Used 0 MB), Loaded Geometries, ProbeArray 100000, Loaded 17, Type Point
[LIBGPUSPATIAL] [ 12659][18:00:12:729183][info  ] RTSpatialRefiner 0x78f1afd298a0 (Used 0 MB), Evaluating 17 Geometry Pairs with Predicate Intersects
[LIBGPUSPATIAL] [ 12658][18:00:12:730531][info  ] RTSpatialIndex 0x78f1ac00a7d0 (Used 0 MB), Allocate result buffer, memory consumption 0 MB, capacity 7
[LIBGPUSPATIAL] [ 12658][18:00:12:730635][info  ] RTSpatialIndex 0x78f1ac00a7d0 (Used 0 MB), Probe Points, Size: 33333, Results: 7
[LIBGPUSPATIAL] [ 12658][18:00:12:732526][info  ] RTSpatialRefiner 0x78f1afd298a0 (Used 0 MB), Loaded Geometries, ProbeArray 33333, Loaded 7, Type Point
[LIBGPUSPATIAL] [ 12658][18:00:12:732588][info  ] RTSpatialRefiner 0x78f1afd298a0 (Used 0 MB), Evaluating 7 Geometry Pairs with Predicate Intersects
[LIBGPUSPATIAL] [ 12661][18:00:12:733378][info  ] RTSpatialIndex 0x78f1ac00a7d0 (Used 0 MB), Allocate result buffer, memory consumption 0 MB, capacity 19
[LIBGPUSPATIAL] [ 12661][18:00:12:733752][info  ] RTSpatialIndex 0x78f1ac00a7d0 (Used 2 MB), Probe Points, Size: 100000, Results: 19
[LIBGPUSPATIAL] [ 12657][18:00:12:734204][info  ] RTSpatialIndex 0x78f1ac00a7d0 (Used 0 MB), Allocate result buffer, memory consumption 0 MB, capacity 14
[LIBGPUSPATIAL] [ 12657][18:00:12:734369][info  ] RTSpatialIndex 0x78f1ac00a7d0 (Used 0 MB), Probe Points, Size: 100000, Results: 14
[LIBGPUSPATIAL] [ 12661][18:00:12:734477][info  ] RTSpatialRefiner 0x78f1afd298a0 (Used 0 MB), Loaded Geometries, ProbeArray 100000, Loaded 19, Type Point
[LIBGPUSPATIAL] [ 12661][18:00:12:734524][info  ] RTSpatialRefiner 0x78f1afd298a0 (Used 0 MB), Evaluating 19 Geometry Pairs with Predicate Intersects
[LIBGPUSPATIAL] [ 12657][18:00:12:734743][info  ] RTSpatialRefiner 0x78f1afd298a0 (Used 0 MB), Loaded Geometries, ProbeArray 100000, Loaded 14, Type Point
[LIBGPUSPATIAL] [ 12657][18:00:12:734784][info  ] RTSpatialRefiner 0x78f1afd298a0 (Used 0 MB), Evaluating 14 Geometry Pairs with Predicate Intersects
[LIBGPUSPATIAL] [ 12663][18:00:12:737563][info  ] RTSpatialIndex 0x78f1ac00a7d0 (Used 0 MB), Allocate result buffer, memory consumption 0 MB, capacity 12
[LIBGPUSPATIAL] [ 12663][18:00:12:737793][info  ] RTSpatialIndex 0x78f1ac00a7d0 (Used 0 MB), Probe Points, Size: 100000, Results: 12
[LIBGPUSPATIAL] [ 12663][18:00:12:738643][info  ] RTSpatialRefiner 0x78f1afd298a0 (Used 4 MB), Loaded Geometries, ProbeArray 100000, Loaded 12, Type Point
[LIBGPUSPATIAL] [ 12663][18:00:12:738693][info  ] RTSpatialRefiner 0x78f1afd298a0 (Used 4 MB), Evaluating 12 Geometry Pairs with Predicate Intersects
[LIBGPUSPATIAL] [ 12660][18:00:12:739166][info  ] RTSpatialIndex 0x78f1ac00a7d0 (Used 2 MB), Allocate result buffer, memory consumption 0 MB, capacity 20
[LIBGPUSPATIAL] [ 12656][18:00:12:739412][info  ] RTSpatialIndex 0x78f1ac00a7d0 (Used 2 MB), Allocate result buffer, memory consumption 0 MB, capacity 13
[LIBGPUSPATIAL] [ 12662][18:00:12:739452][info  ] RTSpatialIndex 0x78f1ac00a7d0 (Used 2 MB), Allocate result buffer, memory consumption 0 MB, capacity 11
[LIBGPUSPATIAL] [ 12660][18:00:12:739713][info  ] RTSpatialIndex 0x78f1ac00a7d0 (Used 2 MB), Probe Points, Size: 100000, Results: 20
[LIBGPUSPATIAL] [ 12656][18:00:12:739816][info  ] RTSpatialIndex 0x78f1ac00a7d0 (Used 1 MB), Probe Points, Size: 100000, Results: 13
[LIBGPUSPATIAL] [ 12662][18:00:12:740055][info  ] RTSpatialIndex 0x78f1ac00a7d0 (Used 1 MB), Probe Points, Size: 100000, Results: 11
[LIBGPUSPATIAL] [ 12660][18:00:12:740610][info  ] RTSpatialRefiner 0x78f1afd298a0 (Used 0 MB), Loaded Geometries, ProbeArray 100000, Loaded 20, Type Point
[LIBGPUSPATIAL] [ 12661][18:00:12:740712][info  ] RTSpatialIndex 0x78f1ac00a7d0 (Used 0 MB), Allocate result buffer, memory consumption 0 MB, capacity 3
[LIBGPUSPATIAL] [ 12661][18:00:12:740870][info  ] RTSpatialIndex 0x78f1ac00a7d0 (Used 0 MB), Probe Points, Size: 33333, Results: 3
[LIBGPUSPATIAL] [ 12659][18:00:12:742423][info  ] RTSpatialIndex 0x78f1ac00a7d0 (Used 0 MB), Allocate result buffer, memory consumption 0 MB, capacity 13
[LIBGPUSPATIAL] [ 12660][18:00:12:742514][info  ] RTSpatialRefiner 0x78f1afd298a0 (Used 0 MB), Evaluating 20 Geometry Pairs with Predicate Intersects
[LIBGPUSPATIAL] [ 12659][18:00:12:742542][info  ] RTSpatialIndex 0x78f1ac00a7d0 (Used 0 MB), Probe Points, Size: 100000, Results: 13
[LIBGPUSPATIAL] [ 12656][18:00:12:742690][info  ] RTSpatialRefiner 0x78f1afd298a0 (Used 0 MB), Loaded Geometries, ProbeArray 100000, Loaded 13, Type Point
[LIBGPUSPATIAL] [ 12656][18:00:12:742748][info  ] RTSpatialRefiner 0x78f1afd298a0 (Used 0 MB), Evaluating 13 Geometry Pairs with Predicate Intersects
[LIBGPUSPATIAL] [ 12662][18:00:12:742883][info  ] RTSpatialRefiner 0x78f1afd298a0 (Used 0 MB), Loaded Geometries, ProbeArray 100000, Loaded 11, Type Point
[LIBGPUSPATIAL] [ 12662][18:00:12:742926][info  ] RTSpatialRefiner 0x78f1afd298a0 (Used 0 MB), Evaluating 11 Geometry Pairs with Predicate Intersects
[LIBGPUSPATIAL] [ 12661][18:00:12:743200][info  ] RTSpatialRefiner 0x78f1afd298a0 (Used 0 MB), Loaded Geometries, ProbeArray 33333, Loaded 3, Type Point
[LIBGPUSPATIAL] [ 12661][18:00:12:743239][info  ] RTSpatialRefiner 0x78f1afd298a0 (Used 0 MB), Evaluating 3 Geometry Pairs with Predicate Intersects
[LIBGPUSPATIAL] [ 12659][18:00:12:743576][info  ] RTSpatialRefiner 0x78f1afd298a0 (Used 0 MB), Loaded Geometries, ProbeArray 100000, Loaded 13, Type Point
[LIBGPUSPATIAL] [ 12659][18:00:12:743621][info  ] RTSpatialRefiner 0x78f1afd298a0 (Used 0 MB), Evaluating 13 Geometry Pairs with Predicate Intersects
[LIBGPUSPATIAL] [ 12663][18:00:12:745202][info  ] RTSpatialIndex 0x78f1ac00a7d0 (Used 0 MB), Allocate result buffer, memory consumption 0 MB, capacity 10
[LIBGPUSPATIAL] [ 12663][18:00:12:745325][info  ] RTSpatialIndex 0x78f1ac00a7d0 (Used 0 MB), Probe Points, Size: 33333, Results: 10
[LIBGPUSPATIAL] [ 12663][18:00:12:746343][info  ] RTSpatialRefiner 0x78f1afd298a0 (Used 0 MB), Loaded Geometries, ProbeArray 33333, Loaded 10, Type Point
[LIBGPUSPATIAL] [ 12663][18:00:12:746397][info  ] RTSpatialRefiner 0x78f1afd298a0 (Used 0 MB), Evaluating 10 Geometry Pairs with Predicate Intersects
[LIBGPUSPATIAL] [ 12657][18:00:12:747397][info  ] RTSpatialIndex 0x78f1ac00a7d0 (Used 0 MB), Allocate result buffer, memory consumption 0 MB, capacity 11
[LIBGPUSPATIAL] [ 12657][18:00:12:747514][info  ] RTSpatialIndex 0x78f1ac00a7d0 (Used 0 MB), Probe Points, Size: 100000, Results: 11
[LIBGPUSPATIAL] [ 12662][18:00:12:748166][info  ] RTSpatialIndex 0x78f1ac00a7d0 (Used 0 MB), Allocate result buffer, memory consumption 0 MB, capacity 6
[LIBGPUSPATIAL] [ 12662][18:00:12:748336][info  ] RTSpatialIndex 0x78f1ac00a7d0 (Used 0 MB), Probe Points, Size: 33333, Results: 6
[LIBGPUSPATIAL] [ 12657][18:00:12:748575][info  ] RTSpatialRefiner 0x78f1afd298a0 (Used 0 MB), Loaded Geometries, ProbeArray 100000, Loaded 11, Type Point
[LIBGPUSPATIAL] [ 12657][18:00:12:748620][info  ] RTSpatialRefiner 0x78f1afd298a0 (Used 0 MB), Evaluating 11 Geometry Pairs with Predicate Intersects
[LIBGPUSPATIAL] [ 12662][18:00:12:749028][info  ] RTSpatialRefiner 0x78f1afd298a0 (Used 0 MB), Loaded Geometries, ProbeArray 33333, Loaded 6, Type Point
[LIBGPUSPATIAL] [ 12662][18:00:12:749099][info  ] RTSpatialRefiner 0x78f1afd298a0 (Used 0 MB), Evaluating 6 Geometry Pairs with Predicate Intersects
[LIBGPUSPATIAL] [ 12659][18:00:12:750548][info  ] RTSpatialIndex 0x78f1ac00a7d0 (Used 0 MB), Allocate result buffer, memory consumption 0 MB, capacity 7
[LIBGPUSPATIAL] [ 12659][18:00:12:750661][info  ] RTSpatialIndex 0x78f1ac00a7d0 (Used 0 MB), Probe Points, Size: 33333, Results: 7
[LIBGPUSPATIAL] [ 12659][18:00:12:751072][info  ] RTSpatialRefiner 0x78f1afd298a0 (Used 0 MB), Loaded Geometries, ProbeArray 33333, Loaded 7, Type Point
[LIBGPUSPATIAL] [ 12659][18:00:12:751118][info  ] RTSpatialRefiner 0x78f1afd298a0 (Used 0 MB), Evaluating 7 Geometry Pairs with Predicate Intersects
[LIBGPUSPATIAL] [ 12658][18:00:12:752768][info  ] RTSpatialIndex 0x78f1ac00a7d0 (Used 0 MB), Allocate result buffer, memory consumption 0 MB, capacity 9
[LIBGPUSPATIAL] [ 12658][18:00:12:752914][info  ] RTSpatialIndex 0x78f1ac00a7d0 (Used 0 MB), Probe Points, Size: 100000, Results: 9
[LIBGPUSPATIAL] [ 12658][18:00:12:753233][info  ] RTSpatialRefiner 0x78f1afd298a0 (Used 0 MB), Loaded Geometries, ProbeArray 100000, Loaded 9, Type Point
[LIBGPUSPATIAL] [ 12658][18:00:12:753291][info  ] RTSpatialRefiner 0x78f1afd298a0 (Used 0 MB), Evaluating 9 Geometry Pairs with Predicate Intersects
[LIBGPUSPATIAL] [ 12657][18:00:12:754206][info  ] RTSpatialIndex 0x78f1ac00a7d0 (Used 0 MB), Allocate result buffer, memory consumption 0 MB, capacity 10
[LIBGPUSPATIAL] [ 12657][18:00:12:754379][info  ] RTSpatialIndex 0x78f1ac00a7d0 (Used 0 MB), Probe Points, Size: 33333, Results: 10
[LIBGPUSPATIAL] [ 12657][18:00:12:754799][info  ] RTSpatialRefiner 0x78f1afd298a0 (Used 0 MB), Loaded Geometries, ProbeArray 33333, Loaded 10, Type Point
[LIBGPUSPATIAL] [ 12657][18:00:12:754878][info  ] RTSpatialRefiner 0x78f1afd298a0 (Used 0 MB), Evaluating 10 Geometry Pairs with Predicate Intersects
[LIBGPUSPATIAL] [ 12656][18:00:12:756390][info  ] RTSpatialIndex 0x78f1ac00a7d0 (Used 0 MB), Allocate result buffer, memory consumption 0 MB, capacity 12
[LIBGPUSPATIAL] [ 12656][18:00:12:756721][info  ] RTSpatialIndex 0x78f1ac00a7d0 (Used 0 MB), Probe Points, Size: 100000, Results: 12
[LIBGPUSPATIAL] [ 12656][18:00:12:757461][info  ] RTSpatialRefiner 0x78f1afd298a0 (Used 1 MB), Loaded Geometries, ProbeArray 100000, Loaded 12, Type Point
[LIBGPUSPATIAL] [ 12656][18:00:12:757514][info  ] RTSpatialRefiner 0x78f1afd298a0 (Used 1 MB), Evaluating 12 Geometry Pairs with Predicate Intersects
[LIBGPUSPATIAL] [ 12660][18:00:12:758355][info  ] RTSpatialIndex 0x78f1ac00a7d0 (Used 0 MB), Allocate result buffer, memory consumption 0 MB, capacity 16
[LIBGPUSPATIAL] [ 12660][18:00:12:759190][info  ] RTSpatialIndex 0x78f1ac00a7d0 (Used 0 MB), Probe Points, Size: 100000, Results: 16
[LIBGPUSPATIAL] [ 12660][18:00:12:759595][info  ] RTSpatialRefiner 0x78f1afd298a0 (Used 0 MB), Loaded Geometries, ProbeArray 100000, Loaded 16, Type Point
[LIBGPUSPATIAL] [ 12660][18:00:12:759641][info  ] RTSpatialRefiner 0x78f1afd298a0 (Used 0 MB), Evaluating 16 Geometry Pairs with Predicate Intersects
[LIBGPUSPATIAL] [ 12661][18:00:12:761604][info  ] RTSpatialIndex 0x78f1ac00a7d0 (Used 0 MB), Allocate result buffer, memory consumption 0 MB, capacity 12
[LIBGPUSPATIAL] [ 12661][18:00:12:761738][info  ] RTSpatialIndex 0x78f1ac00a7d0 (Used 0 MB), Probe Points, Size: 100000, Results: 12
[LIBGPUSPATIAL] [ 12661][18:00:12:763043][info  ] RTSpatialRefiner 0x78f1afd298a0 (Used 0 MB), Loaded Geometries, ProbeArray 100000, Loaded 12, Type Point
[LIBGPUSPATIAL] [ 12661][18:00:12:763088][info  ] RTSpatialRefiner 0x78f1afd298a0 (Used 0 MB), Evaluating 12 Geometry Pairs with Predicate Intersects
[LIBGPUSPATIAL] [ 12656][18:00:12:764945][info  ] RTSpatialIndex 0x78f1ac00a7d0 (Used 0 MB), Allocate result buffer, memory consumption 0 MB, capacity 6
[LIBGPUSPATIAL] [ 12656][18:00:12:765163][info  ] RTSpatialIndex 0x78f1ac00a7d0 (Used 0 MB), Probe Points, Size: 33333, Results: 6
[LIBGPUSPATIAL] [ 12658][18:00:12:767003][info  ] RTSpatialIndex 0x78f1ac00a7d0 (Used 2 MB), Allocate result buffer, memory consumption 0 MB, capacity 11
[LIBGPUSPATIAL] [ 12656][18:00:12:767038][info  ] RTSpatialRefiner 0x78f1afd298a0 (Used 2 MB), Loaded Geometries, ProbeArray 33333, Loaded 6, Type Point
[LIBGPUSPATIAL] [ 12656][18:00:12:767133][info  ] RTSpatialRefiner 0x78f1afd298a0 (Used 2 MB), Evaluating 6 Geometry Pairs with Predicate Intersects
[LIBGPUSPATIAL] [ 12660][18:00:12:767671][info  ] RTSpatialIndex 0x78f1ac00a7d0 (Used 1 MB), Allocate result buffer, memory consumption 0 MB, capacity 7
[LIBGPUSPATIAL] [ 12662][18:00:12:767760][info  ] RTSpatialIndex 0x78f1ac00a7d0 (Used 1 MB), Allocate result buffer, memory consumption 0 MB, capacity 16
[LIBGPUSPATIAL] [ 12658][18:00:12:767835][info  ] RTSpatialIndex 0x78f1ac00a7d0 (Used 1 MB), Probe Points, Size: 100000, Results: 11
[LIBGPUSPATIAL] [ 12660][18:00:12:767986][info  ] RTSpatialIndex 0x78f1ac00a7d0 (Used 1 MB), Probe Points, Size: 33333, Results: 7
[LIBGPUSPATIAL] [ 12662][18:00:12:768185][info  ] RTSpatialIndex 0x78f1ac00a7d0 (Used 0 MB), Probe Points, Size: 100000, Results: 16
[LIBGPUSPATIAL] [ 12658][18:00:12:768437][info  ] RTSpatialRefiner 0x78f1afd298a0 (Used 0 MB), Loaded Geometries, ProbeArray 100000, Loaded 11, Type Point
[LIBGPUSPATIAL] [ 12658][18:00:12:768512][info  ] RTSpatialRefiner 0x78f1afd298a0 (Used 0 MB), Evaluating 11 Geometry Pairs with Predicate Intersects
[LIBGPUSPATIAL] [ 12660][18:00:12:770726][info  ] RTSpatialRefiner 0x78f1afd298a0 (Used 0 MB), Loaded Geometries, ProbeArray 33333, Loaded 7, Type Point
[LIBGPUSPATIAL] [ 12660][18:00:12:770782][info  ] RTSpatialRefiner 0x78f1afd298a0 (Used 0 MB), Evaluating 7 Geometry Pairs with Predicate Intersects
[LIBGPUSPATIAL] [ 12657][18:00:12:771304][info  ] RTSpatialIndex 0x78f1ac00a7d0 (Used 0 MB), Allocate result buffer, memory consumption 0 MB, capacity 12
[LIBGPUSPATIAL] [ 12662][18:00:12:771332][info  ] RTSpatialRefiner 0x78f1afd298a0 (Used 0 MB), Loaded Geometries, ProbeArray 100000, Loaded 16, Type Point
[LIBGPUSPATIAL] [ 12662][18:00:12:771404][info  ] RTSpatialRefiner 0x78f1afd298a0 (Used 0 MB), Evaluating 16 Geometry Pairs with Predicate Intersects
[LIBGPUSPATIAL] [ 12657][18:00:12:771492][info  ] RTSpatialIndex 0x78f1ac00a7d0 (Used 0 MB), Probe Points, Size: 100000, Results: 12
[LIBGPUSPATIAL] [ 12663][18:00:12:773559][info  ] RTSpatialIndex 0x78f1ac00a7d0 (Used 0 MB), Allocate result buffer, memory consumption 0 MB, capacity 14
[LIBGPUSPATIAL] [ 12663][18:00:12:773687][info  ] RTSpatialIndex 0x78f1ac00a7d0 (Used 0 MB), Probe Points, Size: 100000, Results: 14
[LIBGPUSPATIAL] [ 12657][18:00:12:775413][info  ] RTSpatialRefiner 0x78f1afd298a0 (Used 3 MB), Loaded Geometries, ProbeArray 100000, Loaded 12, Type Point
[LIBGPUSPATIAL] [ 12657][18:00:12:775529][info  ] RTSpatialRefiner 0x78f1afd298a0 (Used 2 MB), Evaluating 12 Geometry Pairs with Predicate Intersects
[LIBGPUSPATIAL] [ 12663][18:00:12:775833][info  ] RTSpatialRefiner 0x78f1afd298a0 (Used 1 MB), Loaded Geometries, ProbeArray 100000, Loaded 14, Type Point
[LIBGPUSPATIAL] [ 12663][18:00:12:775930][info  ] RTSpatialRefiner 0x78f1afd298a0 (Used 1 MB), Evaluating 14 Geometry Pairs with Predicate Intersects
[LIBGPUSPATIAL] [ 12659][18:00:12:776154][info  ] RTSpatialIndex 0x78f1ac00a7d0 (Used 1 MB), Allocate result buffer, memory consumption 0 MB, capacity 10
[LIBGPUSPATIAL] [ 12661][18:00:12:776262][info  ] RTSpatialIndex 0x78f1ac00a7d0 (Used 1 MB), Allocate result buffer, memory consumption 0 MB, capacity 19
[LIBGPUSPATIAL] [ 12659][18:00:12:776602][info  ] RTSpatialIndex 0x78f1ac00a7d0 (Used 1 MB), Probe Points, Size: 100000, Results: 10
[LIBGPUSPATIAL] [ 12661][18:00:12:777031][info  ] RTSpatialIndex 0x78f1ac00a7d0 (Used 0 MB), Probe Points, Size: 100000, Results: 19
[LIBGPUSPATIAL] [ 12659][18:00:12:777105][info  ] RTSpatialRefiner 0x78f1afd298a0 (Used 0 MB), Loaded Geometries, ProbeArray 100000, Loaded 10, Type Point
[LIBGPUSPATIAL] [ 12659][18:00:12:777173][info  ] RTSpatialRefiner 0x78f1afd298a0 (Used 0 MB), Evaluating 10 Geometry Pairs with Predicate Intersects
[LIBGPUSPATIAL] [ 12661][18:00:12:780989][info  ] RTSpatialRefiner 0x78f1afd298a0 (Used 0 MB), Loaded Geometries, ProbeArray 100000, Loaded 19, Type Point
[LIBGPUSPATIAL] [ 12661][18:00:12:781047][info  ] RTSpatialRefiner 0x78f1afd298a0 (Used 0 MB), Evaluating 19 Geometry Pairs with Predicate Intersects
[LIBGPUSPATIAL] [ 12658][18:00:12:781573][info  ] RTSpatialIndex 0x78f1ac00a7d0 (Used 0 MB), Allocate result buffer, memory consumption 0 MB, capacity 17
[LIBGPUSPATIAL] [ 12658][18:00:12:782101][info  ] RTSpatialIndex 0x78f1ac00a7d0 (Used 0 MB), Probe Points, Size: 100000, Results: 17
[LIBGPUSPATIAL] [ 12658][18:00:12:782560][info  ] RTSpatialRefiner 0x78f1afd298a0 (Used 0 MB), Loaded Geometries, ProbeArray 100000, Loaded 17, Type Point
[LIBGPUSPATIAL] [ 12658][18:00:12:782620][info  ] RTSpatialRefiner 0x78f1afd298a0 (Used 0 MB), Evaluating 17 Geometry Pairs with Predicate Intersects
[LIBGPUSPATIAL] [ 12662][18:00:12:786087][info  ] RTSpatialIndex 0x78f1ac00a7d0 (Used 0 MB), Allocate result buffer, memory consumption 0 MB, capacity 13
[LIBGPUSPATIAL] [ 12662][18:00:12:786225][info  ] RTSpatialIndex 0x78f1ac00a7d0 (Used 0 MB), Probe Points, Size: 100000, Results: 13
[LIBGPUSPATIAL] [ 12660][18:00:12:786650][info  ] RTSpatialIndex 0x78f1ac00a7d0 (Used 0 MB), Allocate result buffer, memory consumption 0 MB, capacity 18
[LIBGPUSPATIAL] [ 12662][18:00:12:786711][info  ] RTSpatialRefiner 0x78f1afd298a0 (Used 0 MB), Loaded Geometries, ProbeArray 100000, Loaded 13, Type Point
[LIBGPUSPATIAL] [ 12662][18:00:12:786759][info  ] RTSpatialRefiner 0x78f1afd298a0 (Used 0 MB), Evaluating 13 Geometry Pairs with Predicate Intersects
[LIBGPUSPATIAL] [ 12660][18:00:12:786767][info  ] RTSpatialIndex 0x78f1ac00a7d0 (Used 0 MB), Probe Points, Size: 100000, Results: 18
[LIBGPUSPATIAL] [ 12663][18:00:12:788495][info  ] RTSpatialIndex 0x78f1ac00a7d0 (Used 0 MB), Allocate result buffer, memory consumption 0 MB, capacity 19
[LIBGPUSPATIAL] [ 12663][18:00:12:788620][info  ] RTSpatialIndex 0x78f1ac00a7d0 (Used 0 MB), Probe Points, Size: 100000, Results: 19
[LIBGPUSPATIAL] [ 12663][18:00:12:789057][info  ] RTSpatialRefiner 0x78f1afd298a0 (Used 0 MB), Loaded Geometries, ProbeArray 100000, Loaded 19, Type Point
[LIBGPUSPATIAL] [ 12663][18:00:12:789110][info  ] RTSpatialRefiner 0x78f1afd298a0 (Used 0 MB), Evaluating 19 Geometry Pairs with Predicate Intersects
[LIBGPUSPATIAL] [ 12660][18:00:12:789912][info  ] RTSpatialRefiner 0x78f1afd298a0 (Used 2 MB), Loaded Geometries, ProbeArray 100000, Loaded 18, Type Point
[LIBGPUSPATIAL] [ 12660][18:00:12:789988][info  ] RTSpatialRefiner 0x78f1afd298a0 (Used 2 MB), Evaluating 18 Geometry Pairs with Predicate Intersects
[LIBGPUSPATIAL] [ 12659][18:00:12:790481][info  ] RTSpatialIndex 0x78f1ac00a7d0 (Used 1 MB), Allocate result buffer, memory consumption 0 MB, capacity 18
[LIBGPUSPATIAL] [ 12657][18:00:12:790785][info  ] RTSpatialIndex 0x78f1ac00a7d0 (Used 1 MB), Allocate result buffer, memory consumption 0 MB, capacity 13
[LIBGPUSPATIAL] [ 12659][18:00:12:791374][info  ] RTSpatialIndex 0x78f1ac00a7d0 (Used 4 MB), Probe Points, Size: 100000, Results: 18
[LIBGPUSPATIAL] [ 12657][18:00:12:791567][info  ] RTSpatialIndex 0x78f1ac00a7d0 (Used 1 MB), Probe Points, Size: 100000, Results: 13
[LIBGPUSPATIAL] [ 12656][18:00:12:791899][info  ] RTSpatialIndex 0x78f1ac00a7d0 (Used 1 MB), Allocate result buffer, memory consumption 0 MB, capacity 15
[LIBGPUSPATIAL] [ 12659][18:00:12:792330][info  ] RTSpatialRefiner 0x78f1afd298a0 (Used 0 MB), Loaded Geometries, ProbeArray 100000, Loaded 18, Type Point
[LIBGPUSPATIAL] [ 12659][18:00:12:792369][info  ] RTSpatialRefiner 0x78f1afd298a0 (Used 0 MB), Evaluating 18 Geometry Pairs with Predicate Intersects
[LIBGPUSPATIAL] [ 12656][18:00:12:792771][info  ] RTSpatialIndex 0x78f1ac00a7d0 (Used 0 MB), Probe Points, Size: 100000, Results: 15
[LIBGPUSPATIAL] [ 12656][18:00:12:793156][info  ] RTSpatialRefiner 0x78f1afd298a0 (Used 0 MB), Loaded Geometries, ProbeArray 100000, Loaded 15, Type Point
[LIBGPUSPATIAL] [ 12656][18:00:12:793202][info  ] RTSpatialRefiner 0x78f1afd298a0 (Used 0 MB), Evaluating 15 Geometry Pairs with Predicate Intersects
[LIBGPUSPATIAL] [ 12657][18:00:12:793873][info  ] RTSpatialRefiner 0x78f1afd298a0 (Used 0 MB), Loaded Geometries, ProbeArray 100000, Loaded 13, Type Point
[LIBGPUSPATIAL] [ 12657][18:00:12:793920][info  ] RTSpatialRefiner 0x78f1afd298a0 (Used 0 MB), Evaluating 13 Geometry Pairs with Predicate Intersects
[LIBGPUSPATIAL] [ 12661][18:00:12:795177][info  ] RTSpatialIndex 0x78f1ac00a7d0 (Used 0 MB), Allocate result buffer, memory consumption 0 MB, capacity 14
[LIBGPUSPATIAL] [ 12661][18:00:12:795348][info  ] RTSpatialIndex 0x78f1ac00a7d0 (Used 2 MB), Probe Points, Size: 100000, Results: 14
[LIBGPUSPATIAL] [ 12658][18:00:12:795781][info  ] RTSpatialIndex 0x78f1ac00a7d0 (Used 0 MB), Allocate result buffer, memory consumption 0 MB, capacity 15
[LIBGPUSPATIAL] [ 12658][18:00:12:796031][info  ] RTSpatialIndex 0x78f1ac00a7d0 (Used 0 MB), Probe Points, Size: 100000, Results: 15
[LIBGPUSPATIAL] [ 12661][18:00:12:796396][info  ] RTSpatialRefiner 0x78f1afd298a0 (Used 0 MB), Loaded Geometries, ProbeArray 100000, Loaded 14, Type Point
[LIBGPUSPATIAL] [ 12661][18:00:12:796441][info  ] RTSpatialRefiner 0x78f1afd298a0 (Used 0 MB), Evaluating 14 Geometry Pairs with Predicate Intersects
[LIBGPUSPATIAL] [ 12658][18:00:12:796450][info  ] RTSpatialRefiner 0x78f1afd298a0 (Used 0 MB), Loaded Geometries, ProbeArray 100000, Loaded 15, Type Point
[LIBGPUSPATIAL] [ 12658][18:00:12:796485][info  ] RTSpatialRefiner 0x78f1afd298a0 (Used 0 MB), Evaluating 15 Geometry Pairs with Predicate Intersects
[LIBGPUSPATIAL] [ 12662][18:00:12:799873][info  ] RTSpatialIndex 0x78f1ac00a7d0 (Used 0 MB), Allocate result buffer, memory consumption 0 MB, capacity 10
[LIBGPUSPATIAL] [ 12662][18:00:12:800046][info  ] RTSpatialIndex 0x78f1ac00a7d0 (Used 0 MB), Probe Points, Size: 100000, Results: 10
[LIBGPUSPATIAL] [ 12662][18:00:12:800431][info  ] RTSpatialRefiner 0x78f1afd298a0 (Used 0 MB), Loaded Geometries, ProbeArray 100000, Loaded 10, Type Point
[LIBGPUSPATIAL] [ 12662][18:00:12:800492][info  ] RTSpatialRefiner 0x78f1afd298a0 (Used 0 MB), Evaluating 10 Geometry Pairs with Predicate Intersects
[LIBGPUSPATIAL] [ 12663][18:00:12:802374][info  ] RTSpatialIndex 0x78f1ac00a7d0 (Used 0 MB), Allocate result buffer, memory consumption 0 MB, capacity 24
[LIBGPUSPATIAL] [ 12663][18:00:12:802483][info  ] RTSpatialIndex 0x78f1ac00a7d0 (Used 0 MB), Probe Points, Size: 100000, Results: 24
[LIBGPUSPATIAL] [ 12663][18:00:12:803946][info  ] RTSpatialRefiner 0x78f1afd298a0 (Used 0 MB), Loaded Geometries, ProbeArray 100000, Loaded 24, Type Point
[LIBGPUSPATIAL] [ 12663][18:00:12:803988][info  ] RTSpatialRefiner 0x78f1afd298a0 (Used 0 MB), Evaluating 24 Geometry Pairs with Predicate Intersects
[LIBGPUSPATIAL] [ 12660][18:00:12:805171][info  ] RTSpatialIndex 0x78f1ac00a7d0 (Used 1 MB), Allocate result buffer, memory consumption 0 MB, capacity 14
[LIBGPUSPATIAL] [ 12659][18:00:12:805283][info  ] RTSpatialIndex 0x78f1ac00a7d0 (Used 1 MB), Allocate result buffer, memory consumption 0 MB, capacity 17
[LIBGPUSPATIAL] [ 12660][18:00:12:805487][info  ] RTSpatialIndex 0x78f1ac00a7d0 (Used 1 MB), Probe Points, Size: 100000, Results: 14
[LIBGPUSPATIAL] [ 12659][18:00:12:805543][info  ] RTSpatialIndex 0x78f1ac00a7d0 (Used 0 MB), Probe Points, Size: 100000, Results: 17
[LIBGPUSPATIAL] [ 12656][18:00:12:806194][info  ] RTSpatialIndex 0x78f1ac00a7d0 (Used 0 MB), Allocate result buffer, memory consumption 0 MB, capacity 12
[LIBGPUSPATIAL] [ 12656][18:00:12:806317][info  ] RTSpatialIndex 0x78f1ac00a7d0 (Used 0 MB), Probe Points, Size: 100000, Results: 12
[LIBGPUSPATIAL] [ 12657][18:00:12:806713][info  ] RTSpatialIndex 0x78f1ac00a7d0 (Used 0 MB), Allocate result buffer, memory consumption 0 MB, capacity 14
[LIBGPUSPATIAL] [ 12657][18:00:12:806861][info  ] RTSpatialIndex 0x78f1ac00a7d0 (Used 0 MB), Probe Points, Size: 100000, Results: 14
[LIBGPUSPATIAL] [ 12660][18:00:12:808271][info  ] RTSpatialRefiner 0x78f1afd298a0 (Used 1 MB), Loaded Geometries, ProbeArray 100000, Loaded 14, Type Point
[LIBGPUSPATIAL] [ 12660][18:00:12:808320][info  ] RTSpatialRefiner 0x78f1afd298a0 (Used 1 MB), Evaluating 14 Geometry Pairs with Predicate Intersects
[LIBGPUSPATIAL] [ 12656][18:00:12:808345][info  ] RTSpatialRefiner 0x78f1afd298a0 (Used 1 MB), Loaded Geometries, ProbeArray 100000, Loaded 12, Type Point
[LIBGPUSPATIAL] [ 12656][18:00:12:808395][info  ] RTSpatialRefiner 0x78f1afd298a0 (Used 0 MB), Evaluating 12 Geometry Pairs with Predicate Intersects
[LIBGPUSPATIAL] [ 12657][18:00:12:808404][info  ] RTSpatialRefiner 0x78f1afd298a0 (Used 0 MB), Loaded Geometries, ProbeArray 100000, Loaded 14, Type Point
[LIBGPUSPATIAL] [ 12657][18:00:12:808448][info  ] RTSpatialRefiner 0x78f1afd298a0 (Used 0 MB), Evaluating 14 Geometry Pairs with Predicate Intersects
[LIBGPUSPATIAL] [ 12659][18:00:12:808545][info  ] RTSpatialRefiner 0x78f1afd298a0 (Used 0 MB), Loaded Geometries, ProbeArray 100000, Loaded 17, Type Point
[LIBGPUSPATIAL] [ 12659][18:00:12:808604][info  ] RTSpatialRefiner 0x78f1afd298a0 (Used 0 MB), Evaluating 17 Geometry Pairs with Predicate Intersects
[LIBGPUSPATIAL] [ 12658][18:00:12:808812][info  ] RTSpatialIndex 0x78f1ac00a7d0 (Used 0 MB), Allocate result buffer, memory consumption 0 MB, capacity 15
[LIBGPUSPATIAL] [ 12658][18:00:12:809681][info  ] RTSpatialIndex 0x78f1ac00a7d0 (Used 1 MB), Probe Points, Size: 100000, Results: 15
[LIBGPUSPATIAL] [ 12661][18:00:12:810017][info  ] RTSpatialIndex 0x78f1ac00a7d0 (Used 0 MB), Allocate result buffer, memory consumption 0 MB, capacity 15
[LIBGPUSPATIAL] [ 12661][18:00:12:810276][info  ] RTSpatialIndex 0x78f1ac00a7d0 (Used 0 MB), Probe Points, Size: 100000, Results: 15
[LIBGPUSPATIAL] [ 12658][18:00:12:810408][info  ] RTSpatialRefiner 0x78f1afd298a0 (Used 0 MB), Loaded Geometries, ProbeArray 100000, Loaded 15, Type Point
[LIBGPUSPATIAL] [ 12658][18:00:12:810455][info  ] RTSpatialRefiner 0x78f1afd298a0 (Used 0 MB), Evaluating 15 Geometry Pairs with Predicate Intersects
[LIBGPUSPATIAL] [ 12661][18:00:12:811150][info  ] RTSpatialRefiner 0x78f1afd298a0 (Used 0 MB), Loaded Geometries, ProbeArray 100000, Loaded 15, Type Point
[LIBGPUSPATIAL] [ 12661][18:00:12:811192][info  ] RTSpatialRefiner 0x78f1afd298a0 (Used 0 MB), Evaluating 15 Geometry Pairs with Predicate Intersects
[LIBGPUSPATIAL] [ 12662][18:00:12:813062][info  ] RTSpatialIndex 0x78f1ac00a7d0 (Used 0 MB), Allocate result buffer, memory consumption 0 MB, capacity 13
[LIBGPUSPATIAL] [ 12662][18:00:12:813181][info  ] RTSpatialIndex 0x78f1ac00a7d0 (Used 0 MB), Probe Points, Size: 100000, Results: 13
[LIBGPUSPATIAL] [ 12662][18:00:12:814162][info  ] RTSpatialRefiner 0x78f1afd298a0 (Used 0 MB), Loaded Geometries, ProbeArray 100000, Loaded 13, Type Point
[LIBGPUSPATIAL] [ 12662][18:00:12:814294][info  ] RTSpatialRefiner 0x78f1afd298a0 (Used 0 MB), Evaluating 13 Geometry Pairs with Predicate Intersects
[LIBGPUSPATIAL] [ 12663][18:00:12:817387][info  ] RTSpatialIndex 0x78f1ac00a7d0 (Used 0 MB), Allocate result buffer, memory consumption 0 MB, capacity 16
[LIBGPUSPATIAL] [ 12663][18:00:12:817543][info  ] RTSpatialIndex 0x78f1ac00a7d0 (Used 0 MB), Probe Points, Size: 100000, Results: 16
[LIBGPUSPATIAL] [ 12663][18:00:12:819975][info  ] RTSpatialRefiner 0x78f1afd298a0 (Used 0 MB), Loaded Geometries, ProbeArray 100000, Loaded 16, Type Point
[LIBGPUSPATIAL] [ 12663][18:00:12:820020][info  ] RTSpatialRefiner 0x78f1afd298a0 (Used 0 MB), Evaluating 16 Geometry Pairs with Predicate Intersects
[LIBGPUSPATIAL] [ 12656][18:00:12:823616][info  ] RTSpatialIndex 0x78f1ac00a7d0 (Used 5 MB), Allocate result buffer, memory consumption 0 MB, capacity 14
[LIBGPUSPATIAL] [ 12660][18:00:12:824594][info  ] RTSpatialIndex 0x78f1ac00a7d0 (Used 6 MB), Allocate result buffer, memory consumption 0 MB, capacity 13
[LIBGPUSPATIAL] [ 12657][18:00:12:824717][info  ] RTSpatialIndex 0x78f1ac00a7d0 (Used 4 MB), Allocate result buffer, memory consumption 0 MB, capacity 15
[LIBGPUSPATIAL] [ 12659][18:00:12:824836][info  ] RTSpatialIndex 0x78f1ac00a7d0 (Used 4 MB), Allocate result buffer, memory consumption 0 MB, capacity 15
[LIBGPUSPATIAL] [ 12657][18:00:12:825012][info  ] RTSpatialIndex 0x78f1ac00a7d0 (Used 4 MB), Probe Points, Size: 100000, Results: 15
[LIBGPUSPATIAL] [ 12661][18:00:12:825089][info  ] RTSpatialIndex 0x78f1ac00a7d0 (Used 3 MB), Allocate result buffer, memory consumption 0 MB, capacity 15
[LIBGPUSPATIAL] [ 12660][18:00:12:825377][info  ] RTSpatialIndex 0x78f1ac00a7d0 (Used 3 MB), Probe Points, Size: 100000, Results: 13
[LIBGPUSPATIAL] [ 12661][18:00:12:825502][info  ] RTSpatialIndex 0x78f1ac00a7d0 (Used 3 MB), Probe Points, Size: 100000, Results: 15
[LIBGPUSPATIAL] [ 12658][18:00:12:825623][info  ] RTSpatialIndex 0x78f1ac00a7d0 (Used 2 MB), Allocate result buffer, memory consumption 0 MB, capacity 9
[LIBGPUSPATIAL] [ 12657][18:00:12:825731][info  ] RTSpatialRefiner 0x78f1afd298a0 (Used 2 MB), Loaded Geometries, ProbeArray 100000, Loaded 15, Type Point
[LIBGPUSPATIAL] [ 12657][18:00:12:825782][info  ] RTSpatialRefiner 0x78f1afd298a0 (Used 2 MB), Evaluating 15 Geometry Pairs with Predicate Intersects
[LIBGPUSPATIAL] [ 12659][18:00:12:826162][info  ] RTSpatialIndex 0x78f1ac00a7d0 (Used 2 MB), Probe Points, Size: 100000, Results: 15
[LIBGPUSPATIAL] [ 12660][18:00:12:826170][info  ] RTSpatialRefiner 0x78f1afd298a0 (Used 2 MB), Loaded Geometries, ProbeArray 100000, Loaded 13, Type Point
[LIBGPUSPATIAL] [ 12661][18:00:12:826291][info  ] RTSpatialRefiner 0x78f1afd298a0 (Used 1 MB), Loaded Geometries, ProbeArray 100000, Loaded 15, Type Point
[LIBGPUSPATIAL] [ 12660][18:00:12:826393][info  ] RTSpatialRefiner 0x78f1afd298a0 (Used 1 MB), Evaluating 13 Geometry Pairs with Predicate Intersects
[LIBGPUSPATIAL] [ 12656][18:00:12:826400][info  ] RTSpatialIndex 0x78f1ac00a7d0 (Used 1 MB), Probe Points, Size: 100000, Results: 14
[LIBGPUSPATIAL] [ 12661][18:00:12:826422][info  ] RTSpatialRefiner 0x78f1afd298a0 (Used 0 MB), Evaluating 15 Geometry Pairs with Predicate Intersects
[LIBGPUSPATIAL] [ 12658][18:00:12:826566][info  ] RTSpatialIndex 0x78f1ac00a7d0 (Used 0 MB), Probe Points, Size: 100000, Results: 9
[LIBGPUSPATIAL] [ 12656][18:00:12:827189][info  ] RTSpatialRefiner 0x78f1afd298a0 (Used 0 MB), Loaded Geometries, ProbeArray 100000, Loaded 14, Type Point
[LIBGPUSPATIAL] [ 12659][18:00:12:827229][info  ] RTSpatialRefiner 0x78f1afd298a0 (Used 0 MB), Loaded Geometries, ProbeArray 100000, Loaded 15, Type Point
[LIBGPUSPATIAL] [ 12656][18:00:12:827376][info  ] RTSpatialRefiner 0x78f1afd298a0 (Used 0 MB), Evaluating 14 Geometry Pairs with Predicate Intersects
[LIBGPUSPATIAL] [ 12659][18:00:12:827391][info  ] RTSpatialRefiner 0x78f1afd298a0 (Used 0 MB), Evaluating 15 Geometry Pairs with Predicate Intersects
[LIBGPUSPATIAL] [ 12662][18:00:12:827543][info  ] RTSpatialIndex 0x78f1ac00a7d0 (Used 1 MB), Allocate result buffer, memory consumption 0 MB, capacity 19
[LIBGPUSPATIAL] [ 12658][18:00:12:827566][info  ] RTSpatialRefiner 0x78f1afd298a0 (Used 1 MB), Loaded Geometries, ProbeArray 100000, Loaded 9, Type Point
[LIBGPUSPATIAL] [ 12658][18:00:12:827727][info  ] RTSpatialRefiner 0x78f1afd298a0 (Used 0 MB), Evaluating 9 Geometry Pairs with Predicate Intersects
[LIBGPUSPATIAL] [ 12662][18:00:12:828116][info  ] RTSpatialIndex 0x78f1ac00a7d0 (Used 0 MB), Probe Points, Size: 100000, Results: 19
[LIBGPUSPATIAL] [ 12662][18:00:12:828539][info  ] RTSpatialRefiner 0x78f1afd298a0 (Used 0 MB), Loaded Geometries, ProbeArray 100000, Loaded 19, Type Point
[LIBGPUSPATIAL] [ 12662][18:00:12:828595][info  ] RTSpatialRefiner 0x78f1afd298a0 (Used 0 MB), Evaluating 19 Geometry Pairs with Predicate Intersects
[LIBGPUSPATIAL] [ 12663][18:00:12:832814][info  ] RTSpatialIndex 0x78f1ac00a7d0 (Used 0 MB), Allocate result buffer, memory consumption 0 MB, capacity 24
[LIBGPUSPATIAL] [ 12663][18:00:12:832963][info  ] RTSpatialIndex 0x78f1ac00a7d0 (Used 0 MB), Probe Points, Size: 100000, Results: 24
[LIBGPUSPATIAL] [ 12663][18:00:12:833614][info  ] RTSpatialRefiner 0x78f1afd298a0 (Used 0 MB), Loaded Geometries, ProbeArray 100000, Loaded 24, Type Point
[LIBGPUSPATIAL] [ 12663][18:00:12:833726][info  ] RTSpatialRefiner 0x78f1afd298a0 (Used 0 MB), Evaluating 24 Geometry Pairs with Predicate Intersects
[LIBGPUSPATIAL] [ 12661][18:00:12:842657][info  ] RTSpatialIndex 0x78f1ac00a7d0 (Used 5 MB), Allocate result buffer, memory consumption 0 MB, capacity 14
[LIBGPUSPATIAL] [ 12657][18:00:12:842761][info  ] RTSpatialIndex 0x78f1ac00a7d0 (Used 5 MB), Allocate result buffer, memory consumption 0 MB, capacity 19
[LIBGPUSPATIAL] [ 12656][18:00:12:842817][info  ] RTSpatialIndex 0x78f1ac00a7d0 (Used 5 MB), Allocate result buffer, memory consumption 0 MB, capacity 15
[LIBGPUSPATIAL] [ 12661][18:00:12:842989][info  ] RTSpatialIndex 0x78f1ac00a7d0 (Used 5 MB), Probe Points, Size: 100000, Results: 14
[LIBGPUSPATIAL] [ 12660][18:00:12:843049][info  ] RTSpatialIndex 0x78f1ac00a7d0 (Used 4 MB), Allocate result buffer, memory consumption 0 MB, capacity 14
[LIBGPUSPATIAL] [ 12656][18:00:12:843279][info  ] RTSpatialIndex 0x78f1ac00a7d0 (Used 4 MB), Probe Points, Size: 100000, Results: 15
[LIBGPUSPATIAL] [ 12661][18:00:12:843527][info  ] RTSpatialRefiner 0x78f1afd298a0 (Used 3 MB), Loaded Geometries, ProbeArray 100000, Loaded 14, Type Point
[LIBGPUSPATIAL] [ 12662][18:00:12:843547][info  ] RTSpatialIndex 0x78f1ac00a7d0 (Used 3 MB), Allocate result buffer, memory consumption 0 MB, capacity 15
[LIBGPUSPATIAL] [ 12661][18:00:12:843575][info  ] RTSpatialRefiner 0x78f1afd298a0 (Used 3 MB), Evaluating 14 Geometry Pairs with Predicate Intersects
[LIBGPUSPATIAL] [ 12659][18:00:12:843638][info  ] RTSpatialIndex 0x78f1ac00a7d0 (Used 3 MB), Allocate result buffer, memory consumption 0 MB, capacity 12
[LIBGPUSPATIAL] [ 12656][18:00:12:843809][info  ] RTSpatialRefiner 0x78f1afd298a0 (Used 3 MB), Loaded Geometries, ProbeArray 100000, Loaded 15, Type Point
[LIBGPUSPATIAL] [ 12656][18:00:12:843874][info  ] RTSpatialRefiner 0x78f1afd298a0 (Used 3 MB), Evaluating 15 Geometry Pairs with Predicate Intersects
[LIBGPUSPATIAL] [ 12657][18:00:12:843969][info  ] RTSpatialIndex 0x78f1ac00a7d0 (Used 3 MB), Probe Points, Size: 100000, Results: 19
[LIBGPUSPATIAL] [ 12659][18:00:12:844206][info  ] RTSpatialIndex 0x78f1ac00a7d0 (Used 3 MB), Probe Points, Size: 100000, Results: 12
[LIBGPUSPATIAL] [ 12660][18:00:12:844394][info  ] RTSpatialIndex 0x78f1ac00a7d0 (Used 2 MB), Probe Points, Size: 100000, Results: 14
[LIBGPUSPATIAL] [ 12662][18:00:12:844720][info  ] RTSpatialIndex 0x78f1ac00a7d0 (Used 1 MB), Probe Points, Size: 100000, Results: 15
[LIBGPUSPATIAL] [ 12658][18:00:12:844868][info  ] RTSpatialIndex 0x78f1ac00a7d0 (Used 0 MB), Allocate result buffer, memory consumption 0 MB, capacity 8
[LIBGPUSPATIAL] [ 12662][18:00:12:845088][info  ] RTSpatialRefiner 0x78f1afd298a0 (Used 0 MB), Loaded Geometries, ProbeArray 100000, Loaded 15, Type Point
[LIBGPUSPATIAL] [ 12662][18:00:12:845153][info  ] RTSpatialRefiner 0x78f1afd298a0 (Used 0 MB), Evaluating 15 Geometry Pairs with Predicate Intersects
[LIBGPUSPATIAL] [ 12658][18:00:12:845187][info  ] RTSpatialIndex 0x78f1ac00a7d0 (Used 0 MB), Probe Points, Size: 100000, Results: 8
[LIBGPUSPATIAL] [ 12659][18:00:12:845377][info  ] RTSpatialRefiner 0x78f1afd298a0 (Used 0 MB), Loaded Geometries, ProbeArray 100000, Loaded 12, Type Point
[LIBGPUSPATIAL] [ 12657][18:00:12:845387][info  ] RTSpatialRefiner 0x78f1afd298a0 (Used 0 MB), Loaded Geometries, ProbeArray 100000, Loaded 19, Type Point
[LIBGPUSPATIAL] [ 12660][18:00:12:845383][info  ] RTSpatialRefiner 0x78f1afd298a0 (Used 0 MB), Loaded Geometries, ProbeArray 100000, Loaded 14, Type Point
[LIBGPUSPATIAL] [ 12660][18:00:12:845442][info  ] RTSpatialRefiner 0x78f1afd298a0 (Used 0 MB), Evaluating 14 Geometry Pairs with Predicate Intersects
[LIBGPUSPATIAL] [ 12657][18:00:12:845461][info  ] RTSpatialRefiner 0x78f1afd298a0 (Used 0 MB), Evaluating 19 Geometry Pairs with Predicate Intersects
[LIBGPUSPATIAL] [ 12659][18:00:12:845532][info  ] RTSpatialRefiner 0x78f1afd298a0 (Used 0 MB), Evaluating 12 Geometry Pairs with Predicate Intersects
[LIBGPUSPATIAL] [ 12658][18:00:12:845655][info  ] RTSpatialRefiner 0x78f1afd298a0 (Used 0 MB), Loaded Geometries, ProbeArray 100000, Loaded 8, Type Point
[LIBGPUSPATIAL] [ 12658][18:00:12:845711][info  ] RTSpatialRefiner 0x78f1afd298a0 (Used 0 MB), Evaluating 8 Geometry Pairs with Predicate Intersects
[LIBGPUSPATIAL] [ 12663][18:00:12:851952][info  ] RTSpatialIndex 0x78f1ac00a7d0 (Used 0 MB), Allocate result buffer, memory consumption 0 MB, capacity 12
[LIBGPUSPATIAL] [ 12663][18:00:12:852174][info  ] RTSpatialIndex 0x78f1ac00a7d0 (Used 0 MB), Probe Points, Size: 100000, Results: 12
[LIBGPUSPATIAL] [ 12663][18:00:12:852763][info  ] RTSpatialRefiner 0x78f1afd298a0 (Used 0 MB), Loaded Geometries, ProbeArray 100000, Loaded 12, Type Point
[LIBGPUSPATIAL] [ 12663][18:00:12:852804][info  ] RTSpatialRefiner 0x78f1afd298a0 (Used 0 MB), Evaluating 12 Geometry Pairs with Predicate Intersects
[LIBGPUSPATIAL] [ 12656][18:00:12:857622][info  ] RTSpatialIndex 0x78f1ac00a7d0 (Used 0 MB), Allocate result buffer, memory consumption 0 MB, capacity 11
[LIBGPUSPATIAL] [ 12656][18:00:12:857804][info  ] RTSpatialIndex 0x78f1ac00a7d0 (Used 2 MB), Probe Points, Size: 100000, Results: 11
[LIBGPUSPATIAL] [ 12661][18:00:12:858395][info  ] RTSpatialIndex 0x78f1ac00a7d0 (Used 0 MB), Allocate result buffer, memory consumption 0 MB, capacity 10
[LIBGPUSPATIAL] [ 12661][18:00:12:858555][info  ] RTSpatialIndex 0x78f1ac00a7d0 (Used 2 MB), Probe Points, Size: 100000, Results: 10
[LIBGPUSPATIAL] [ 12662][18:00:12:859014][info  ] RTSpatialIndex 0x78f1ac00a7d0 (Used 0 MB), Allocate result buffer, memory consumption 0 MB, capacity 19
[LIBGPUSPATIAL] [ 12656][18:00:12:859621][info  ] RTSpatialRefiner 0x78f1afd298a0 (Used 3 MB), Loaded Geometries, ProbeArray 100000, Loaded 11, Type Point
[LIBGPUSPATIAL] [ 12661][18:00:12:859631][info  ] RTSpatialRefiner 0x78f1afd298a0 (Used 3 MB), Loaded Geometries, ProbeArray 100000, Loaded 10, Type Point
[LIBGPUSPATIAL] [ 12661][18:00:12:859680][info  ] RTSpatialRefiner 0x78f1afd298a0 (Used 2 MB), Evaluating 10 Geometry Pairs with Predicate Intersects
[LIBGPUSPATIAL] [ 12662][18:00:12:859717][info  ] RTSpatialIndex 0x78f1ac00a7d0 (Used 2 MB), Probe Points, Size: 100000, Results: 19
[LIBGPUSPATIAL] [ 12656][18:00:12:859810][info  ] RTSpatialRefiner 0x78f1afd298a0 (Used 1 MB), Evaluating 11 Geometry Pairs with Predicate Intersects
[LIBGPUSPATIAL] [ 12660][18:00:12:859961][info  ] RTSpatialIndex 0x78f1ac00a7d0 (Used 1 MB), Allocate result buffer, memory consumption 0 MB, capacity 14
[LIBGPUSPATIAL] [ 12657][18:00:12:860392][info  ] RTSpatialIndex 0x78f1ac00a7d0 (Used 1 MB), Allocate result buffer, memory consumption 0 MB, capacity 14
[LIBGPUSPATIAL] [ 12662][18:00:12:860432][info  ] RTSpatialRefiner 0x78f1afd298a0 (Used 1 MB), Loaded Geometries, ProbeArray 100000, Loaded 19, Type Point
[LIBGPUSPATIAL] [ 12662][18:00:12:860606][info  ] RTSpatialRefiner 0x78f1afd298a0 (Used 3 MB), Evaluating 19 Geometry Pairs with Predicate Intersects
[LIBGPUSPATIAL] [ 12660][18:00:12:860643][info  ] RTSpatialIndex 0x78f1ac00a7d0 (Used 3 MB), Probe Points, Size: 100000, Results: 14
[LIBGPUSPATIAL] [ 12657][18:00:12:861215][info  ] RTSpatialIndex 0x78f1ac00a7d0 (Used 1 MB), Probe Points, Size: 100000, Results: 14
[LIBGPUSPATIAL] [ 12660][18:00:12:861418][info  ] RTSpatialRefiner 0x78f1afd298a0 (Used 0 MB), Loaded Geometries, ProbeArray 100000, Loaded 14, Type Point
[LIBGPUSPATIAL] [ 12660][18:00:12:861469][info  ] RTSpatialRefiner 0x78f1afd298a0 (Used 0 MB), Evaluating 14 Geometry Pairs with Predicate Intersects
[LIBGPUSPATIAL] [ 12659][18:00:12:861531][info  ] RTSpatialIndex 0x78f1ac00a7d0 (Used 0 MB), Allocate result buffer, memory consumption 0 MB, capacity 17
[LIBGPUSPATIAL] [ 12657][18:00:12:861808][info  ] RTSpatialRefiner 0x78f1afd298a0 (Used 0 MB), Loaded Geometries, ProbeArray 100000, Loaded 14, Type Point
[LIBGPUSPATIAL] [ 12657][18:00:12:861909][info  ] RTSpatialRefiner 0x78f1afd298a0 (Used 0 MB), Evaluating 14 Geometry Pairs with Predicate Intersects
[LIBGPUSPATIAL] [ 12659][18:00:12:864070][info  ] RTSpatialIndex 0x78f1ac00a7d0 (Used 0 MB), Probe Points, Size: 100000, Results: 17
[LIBGPUSPATIAL] [ 12659][18:00:12:864629][info  ] RTSpatialRefiner 0x78f1afd298a0 (Used 0 MB), Loaded Geometries, ProbeArray 100000, Loaded 17, Type Point
[LIBGPUSPATIAL] [ 12659][18:00:12:864674][info  ] RTSpatialRefiner 0x78f1afd298a0 (Used 0 MB), Evaluating 17 Geometry Pairs with Predicate Intersects
[LIBGPUSPATIAL] [ 12663][18:00:12:865980][info  ] RTSpatialIndex 0x78f1ac00a7d0 (Used 0 MB), Allocate result buffer, memory consumption 0 MB, capacity 12
[LIBGPUSPATIAL] [ 12663][18:00:12:866111][info  ] RTSpatialIndex 0x78f1ac00a7d0 (Used 0 MB), Probe Points, Size: 100000, Results: 12
[LIBGPUSPATIAL] [ 12663][18:00:12:866541][info  ] RTSpatialRefiner 0x78f1afd298a0 (Used 0 MB), Loaded Geometries, ProbeArray 100000, Loaded 12, Type Point
[LIBGPUSPATIAL] [ 12663][18:00:12:866591][info  ] RTSpatialRefiner 0x78f1afd298a0 (Used 0 MB), Evaluating 12 Geometry Pairs with Predicate Intersects
[LIBGPUSPATIAL] [ 12658][18:00:12:868174][info  ] RTSpatialIndex 0x78f1ac00a7d0 (Used 0 MB), Allocate result buffer, memory consumption 0 MB, capacity 16
[LIBGPUSPATIAL] [ 12658][18:00:12:868335][info  ] RTSpatialIndex 0x78f1ac00a7d0 (Used 0 MB), Probe Points, Size: 100000, Results: 16
[LIBGPUSPATIAL] [ 12658][18:00:12:868868][info  ] RTSpatialRefiner 0x78f1afd298a0 (Used 0 MB), Loaded Geometries, ProbeArray 100000, Loaded 16, Type Point
[LIBGPUSPATIAL] [ 12658][18:00:12:868942][info  ] RTSpatialRefiner 0x78f1afd298a0 (Used 0 MB), Evaluating 16 Geometry Pairs with Predicate Intersects
[LIBGPUSPATIAL] [ 12656][18:00:12:873855][info  ] RTSpatialIndex 0x78f1ac00a7d0 (Used 0 MB), Allocate result buffer, memory consumption 0 MB, capacity 16
[LIBGPUSPATIAL] [ 12656][18:00:12:874003][info  ] RTSpatialIndex 0x78f1ac00a7d0 (Used 0 MB), Probe Points, Size: 100000, Results: 16
[LIBGPUSPATIAL] [ 12656][18:00:12:874465][info  ] RTSpatialRefiner 0x78f1afd298a0 (Used 3 MB), Loaded Geometries, ProbeArray 100000, Loaded 16, Type Point
[LIBGPUSPATIAL] [ 12656][18:00:12:874574][info  ] RTSpatialRefiner 0x78f1afd298a0 (Used 3 MB), Evaluating 16 Geometry Pairs with Predicate Intersects
[LIBGPUSPATIAL] [ 12661][18:00:12:874943][info  ] RTSpatialIndex 0x78f1ac00a7d0 (Used 1 MB), Allocate result buffer, memory consumption 0 MB, capacity 11
[LIBGPUSPATIAL] [ 12662][18:00:12:875148][info  ] RTSpatialIndex 0x78f1ac00a7d0 (Used 1 MB), Allocate result buffer, memory consumption 0 MB, capacity 32
[LIBGPUSPATIAL] [ 12661][18:00:12:875500][info  ] RTSpatialIndex 0x78f1ac00a7d0 (Used 3 MB), Probe Points, Size: 100000, Results: 11
[LIBGPUSPATIAL] [ 12662][18:00:12:875957][info  ] RTSpatialIndex 0x78f1ac00a7d0 (Used 4 MB), Probe Points, Size: 100000, Results: 32
[LIBGPUSPATIAL] [ 12657][18:00:12:876529][info  ] RTSpatialIndex 0x78f1ac00a7d0 (Used 1 MB), Allocate result buffer, memory consumption 0 MB, capacity 22
[LIBGPUSPATIAL] [ 12661][18:00:12:876769][info  ] RTSpatialRefiner 0x78f1afd298a0 (Used 1 MB), Loaded Geometries, ProbeArray 100000, Loaded 11, Type Point
[LIBGPUSPATIAL] [ 12660][18:00:12:876826][info  ] RTSpatialIndex 0x78f1ac00a7d0 (Used 1 MB), Allocate result buffer, memory consumption 0 MB, capacity 19
[LIBGPUSPATIAL] [ 12662][18:00:12:876831][info  ] RTSpatialRefiner 0x78f1afd298a0 (Used 1 MB), Loaded Geometries, ProbeArray 100000, Loaded 32, Type Point
[LIBGPUSPATIAL] [ 12661][18:00:12:876868][info  ] RTSpatialRefiner 0x78f1afd298a0 (Used 1 MB), Evaluating 11 Geometry Pairs with Predicate Intersects
[LIBGPUSPATIAL] [ 12662][18:00:12:876918][info  ] RTSpatialRefiner 0x78f1afd298a0 (Used 1 MB), Evaluating 32 Geometry Pairs with Predicate Intersects
[LIBGPUSPATIAL] [ 12657][18:00:12:877117][info  ] RTSpatialIndex 0x78f1ac00a7d0 (Used 1 MB), Probe Points, Size: 100000, Results: 22
[LIBGPUSPATIAL] [ 12660][18:00:12:877353][info  ] RTSpatialIndex 0x78f1ac00a7d0 (Used 0 MB), Probe Points, Size: 100000, Results: 19
[LIBGPUSPATIAL] [ 12659][18:00:12:878290][info  ] RTSpatialIndex 0x78f1ac00a7d0 (Used 0 MB), Allocate result buffer, memory consumption 0 MB, capacity 8
[LIBGPUSPATIAL] [ 12659][18:00:12:878465][info  ] RTSpatialIndex 0x78f1ac00a7d0 (Used 0 MB), Probe Points, Size: 100000, Results: 8
[LIBGPUSPATIAL] [ 12660][18:00:12:878782][info  ] RTSpatialRefiner 0x78f1afd298a0 (Used 0 MB), Loaded Geometries, ProbeArray 100000, Loaded 19, Type Point
[LIBGPUSPATIAL] [ 12657][18:00:12:878786][info  ] RTSpatialRefiner 0x78f1afd298a0 (Used 0 MB), Loaded Geometries, ProbeArray 100000, Loaded 22, Type Point
[LIBGPUSPATIAL] [ 12660][18:00:12:878946][info  ] RTSpatialRefiner 0x78f1afd298a0 (Used 0 MB), Evaluating 19 Geometry Pairs with Predicate Intersects
[LIBGPUSPATIAL] [ 12657][18:00:12:878957][info  ] RTSpatialRefiner 0x78f1afd298a0 (Used 0 MB), Evaluating 22 Geometry Pairs with Predicate Intersects
[LIBGPUSPATIAL] [ 12659][18:00:12:879028][info  ] RTSpatialRefiner 0x78f1afd298a0 (Used 0 MB), Loaded Geometries, ProbeArray 100000, Loaded 8, Type Point
[LIBGPUSPATIAL] [ 12659][18:00:12:879064][info  ] RTSpatialRefiner 0x78f1afd298a0 (Used 0 MB), Evaluating 8 Geometry Pairs with Predicate Intersects
[LIBGPUSPATIAL] [ 12663][18:00:12:879752][info  ] RTSpatialIndex 0x78f1ac00a7d0 (Used 0 MB), Allocate result buffer, memory consumption 0 MB, capacity 20
[LIBGPUSPATIAL] [ 12663][18:00:12:880197][info  ] RTSpatialIndex 0x78f1ac00a7d0 (Used 0 MB), Probe Points, Size: 100000, Results: 20
[LIBGPUSPATIAL] [ 12663][18:00:12:880541][info  ] RTSpatialRefiner 0x78f1afd298a0 (Used 0 MB), Loaded Geometries, ProbeArray 100000, Loaded 20, Type Point
[LIBGPUSPATIAL] [ 12663][18:00:12:880599][info  ] RTSpatialRefiner 0x78f1afd298a0 (Used 0 MB), Evaluating 20 Geometry Pairs with Predicate Intersects
[LIBGPUSPATIAL] [ 12658][18:00:12:882630][info  ] RTSpatialIndex 0x78f1ac00a7d0 (Used 0 MB), Allocate result buffer, memory consumption 0 MB, capacity 12
[LIBGPUSPATIAL] [ 12658][18:00:12:882764][info  ] RTSpatialIndex 0x78f1ac00a7d0 (Used 0 MB), Probe Points, Size: 100000, Results: 12
[LIBGPUSPATIAL] [ 12658][18:00:12:883523][info  ] RTSpatialRefiner 0x78f1afd298a0 (Used 0 MB), Loaded Geometries, ProbeArray 100000, Loaded 12, Type Point
[LIBGPUSPATIAL] [ 12658][18:00:12:883650][info  ] RTSpatialRefiner 0x78f1afd298a0 (Used 0 MB), Evaluating 12 Geometry Pairs with Predicate Intersects
[LIBGPUSPATIAL] [ 12656][18:00:12:889148][info  ] RTSpatialIndex 0x78f1ac00a7d0 (Used 0 MB), Allocate result buffer, memory consumption 0 MB, capacity 19
[LIBGPUSPATIAL] [ 12656][18:00:12:889282][info  ] RTSpatialIndex 0x78f1ac00a7d0 (Used 0 MB), Probe Points, Size: 100000, Results: 19
[LIBGPUSPATIAL] [ 12656][18:00:12:889634][info  ] RTSpatialRefiner 0x78f1afd298a0 (Used 0 MB), Loaded Geometries, ProbeArray 100000, Loaded 19, Type Point
[LIBGPUSPATIAL] [ 12656][18:00:12:889681][info  ] RTSpatialRefiner 0x78f1afd298a0 (Used 0 MB), Evaluating 19 Geometry Pairs with Predicate Intersects
[LIBGPUSPATIAL] [ 12662][18:00:12:890868][info  ] RTSpatialIndex 0x78f1ac00a7d0 (Used 1 MB), Allocate result buffer, memory consumption 0 MB, capacity 19
[LIBGPUSPATIAL] [ 12661][18:00:12:890974][info  ] RTSpatialIndex 0x78f1ac00a7d0 (Used 1 MB), Allocate result buffer, memory consumption 0 MB, capacity 15
[LIBGPUSPATIAL] [ 12662][18:00:12:891076][info  ] RTSpatialIndex 0x78f1ac00a7d0 (Used 1 MB), Probe Points, Size: 100000, Results: 19
[LIBGPUSPATIAL] [ 12661][18:00:12:891201][info  ] RTSpatialIndex 0x78f1ac00a7d0 (Used 0 MB), Probe Points, Size: 100000, Results: 15
[LIBGPUSPATIAL] [ 12662][18:00:12:892497][info  ] RTSpatialRefiner 0x78f1afd298a0 (Used 1 MB), Loaded Geometries, ProbeArray 100000, Loaded 19, Type Point
[LIBGPUSPATIAL] [ 12662][18:00:12:892545][info  ] RTSpatialRefiner 0x78f1afd298a0 (Used 0 MB), Evaluating 19 Geometry Pairs with Predicate Intersects
[LIBGPUSPATIAL] [ 12661][18:00:12:892552][info  ] RTSpatialRefiner 0x78f1afd298a0 (Used 0 MB), Loaded Geometries, ProbeArray 100000, Loaded 15, Type Point
[LIBGPUSPATIAL] [ 12661][18:00:12:892607][info  ] RTSpatialRefiner 0x78f1afd298a0 (Used 0 MB), Evaluating 15 Geometry Pairs with Predicate Intersects
[LIBGPUSPATIAL] [ 12659][18:00:12:893237][info  ] RTSpatialIndex 0x78f1ac00a7d0 (Used 1 MB), Allocate result buffer, memory consumption 0 MB, capacity 14
[LIBGPUSPATIAL] [ 12657][18:00:12:893949][info  ] RTSpatialIndex 0x78f1ac00a7d0 (Used 3 MB), Allocate result buffer, memory consumption 0 MB, capacity 13
[LIBGPUSPATIAL] [ 12657][18:00:12:895040][info  ] RTSpatialIndex 0x78f1ac00a7d0 (Used 3 MB), Probe Points, Size: 100000, Results: 13
[LIBGPUSPATIAL] [ 12660][18:00:12:895122][info  ] RTSpatialIndex 0x78f1ac00a7d0 (Used 2 MB), Allocate result buffer, memory consumption 0 MB, capacity 13
[LIBGPUSPATIAL] [ 12659][18:00:12:895045][info  ] RTSpatialIndex 0x78f1ac00a7d0 (Used 3 MB), Probe Points, Size: 100000, Results: 14
[LIBGPUSPATIAL] [ 12663][18:00:12:896713][info  ] RTSpatialIndex 0x78f1ac00a7d0 (Used 1 MB), Allocate result buffer, memory consumption 0 MB, capacity 22
[LIBGPUSPATIAL] [ 12659][18:00:12:896919][info  ] RTSpatialRefiner 0x78f1afd298a0 (Used 1 MB), Loaded Geometries, ProbeArray 100000, Loaded 14, Type Point
[LIBGPUSPATIAL] [ 12659][18:00:12:897020][info  ] RTSpatialRefiner 0x78f1afd298a0 (Used 3 MB), Evaluating 14 Geometry Pairs with Predicate Intersects
[LIBGPUSPATIAL] [ 12657][18:00:12:897045][info  ] RTSpatialRefiner 0x78f1afd298a0 (Used 3 MB), Loaded Geometries, ProbeArray 100000, Loaded 13, Type Point
[LIBGPUSPATIAL] [ 12657][18:00:12:897093][info  ] RTSpatialRefiner 0x78f1afd298a0 (Used 3 MB), Evaluating 13 Geometry Pairs with Predicate Intersects
[LIBGPUSPATIAL] [ 12660][18:00:12:897340][info  ] RTSpatialIndex 0x78f1ac00a7d0 (Used 3 MB), Probe Points, Size: 100000, Results: 13
[LIBGPUSPATIAL] [ 12663][18:00:12:897628][info  ] RTSpatialIndex 0x78f1ac00a7d0 (Used 1 MB), Probe Points, Size: 100000, Results: 22
[LIBGPUSPATIAL] [ 12658][18:00:12:897673][info  ] RTSpatialIndex 0x78f1ac00a7d0 (Used 1 MB), Allocate result buffer, memory consumption 0 MB, capacity 16
[LIBGPUSPATIAL] [ 12658][18:00:12:898124][info  ] RTSpatialIndex 0x78f1ac00a7d0 (Used 0 MB), Probe Points, Size: 100000, Results: 16
[LIBGPUSPATIAL] [ 12658][18:00:12:898624][info  ] RTSpatialRefiner 0x78f1afd298a0 (Used 0 MB), Loaded Geometries, ProbeArray 100000, Loaded 16, Type Point
[LIBGPUSPATIAL] [ 12658][18:00:12:898670][info  ] RTSpatialRefiner 0x78f1afd298a0 (Used 0 MB), Evaluating 16 Geometry Pairs with Predicate Intersects
[LIBGPUSPATIAL] [ 12663][18:00:12:898800][info  ] RTSpatialRefiner 0x78f1afd298a0 (Used 0 MB), Loaded Geometries, ProbeArray 100000, Loaded 22, Type Point
[LIBGPUSPATIAL] [ 12663][18:00:12:898863][info  ] RTSpatialRefiner 0x78f1afd298a0 (Used 0 MB), Evaluating 22 Geometry Pairs with Predicate Intersects
[LIBGPUSPATIAL] [ 12656][18:00:12:901145][info  ] RTSpatialIndex 0x78f1ac00a7d0 (Used 0 MB), Allocate result buffer, memory consumption 0 MB, capacity 9
[LIBGPUSPATIAL] [ 12656][18:00:12:901274][info  ] RTSpatialIndex 0x78f1ac00a7d0 (Used 0 MB), Probe Points, Size: 100000, Results: 9
[LIBGPUSPATIAL] [ 12660][18:00:12:901511][info  ] RTSpatialRefiner 0x78f1afd298a0 (Used 0 MB), Loaded Geometries, ProbeArray 100000, Loaded 13, Type Point
[LIBGPUSPATIAL] [ 12660][18:00:12:901549][info  ] RTSpatialRefiner 0x78f1afd298a0 (Used 0 MB), Evaluating 13 Geometry Pairs with Predicate Intersects
[LIBGPUSPATIAL] [ 12656][18:00:12:903326][info  ] RTSpatialRefiner 0x78f1afd298a0 (Used 0 MB), Loaded Geometries, ProbeArray 100000, Loaded 9, Type Point
[LIBGPUSPATIAL] [ 12656][18:00:12:903437][info  ] RTSpatialRefiner 0x78f1afd298a0 (Used 0 MB), Evaluating 9 Geometry Pairs with Predicate Intersects
[LIBGPUSPATIAL] [ 12661][18:00:12:908277][info  ] RTSpatialIndex 0x78f1ac00a7d0 (Used 1 MB), Allocate result buffer, memory consumption 0 MB, capacity 18
[LIBGPUSPATIAL] [ 12662][18:00:12:908277][info  ] RTSpatialIndex 0x78f1ac00a7d0 (Used 1 MB), Allocate result buffer, memory consumption 0 MB, capacity 18
[LIBGPUSPATIAL] [ 12661][18:00:12:908503][info  ] RTSpatialIndex 0x78f1ac00a7d0 (Used 1 MB), Probe Points, Size: 100000, Results: 18
[LIBGPUSPATIAL] [ 12662][18:00:12:908574][info  ] RTSpatialIndex 0x78f1ac00a7d0 (Used 0 MB), Probe Points, Size: 100000, Results: 18
[LIBGPUSPATIAL] [ 12662][18:00:12:909017][info  ] RTSpatialRefiner 0x78f1afd298a0 (Used 0 MB), Loaded Geometries, ProbeArray 100000, Loaded 18, Type Point
[LIBGPUSPATIAL] [ 12661][18:00:12:909022][info  ] RTSpatialRefiner 0x78f1afd298a0 (Used 0 MB), Loaded Geometries, ProbeArray 100000, Loaded 18, Type Point
[LIBGPUSPATIAL] [ 12662][18:00:12:909069][info  ] RTSpatialRefiner 0x78f1afd298a0 (Used 0 MB), Evaluating 18 Geometry Pairs with Predicate Intersects
[LIBGPUSPATIAL] [ 12661][18:00:12:909074][info  ] RTSpatialRefiner 0x78f1afd298a0 (Used 0 MB), Evaluating 18 Geometry Pairs with Predicate Intersects
[LIBGPUSPATIAL] [ 12658][18:00:12:910106][info  ] RTSpatialIndex 0x78f1ac00a7d0 (Used 0 MB), Allocate result buffer, memory consumption 0 MB, capacity 15
[LIBGPUSPATIAL] [ 12658][18:00:12:910274][info  ] RTSpatialIndex 0x78f1ac00a7d0 (Used 0 MB), Probe Points, Size: 100000, Results: 15
[LIBGPUSPATIAL] [ 12658][18:00:12:910778][info  ] RTSpatialRefiner 0x78f1afd298a0 (Used 0 MB), Loaded Geometries, ProbeArray 100000, Loaded 15, Type Point
[LIBGPUSPATIAL] [ 12658][18:00:12:910832][info  ] RTSpatialRefiner 0x78f1afd298a0 (Used 0 MB), Evaluating 15 Geometry Pairs with Predicate Intersects
[LIBGPUSPATIAL] [ 12657][18:00:12:911912][info  ] RTSpatialIndex 0x78f1ac00a7d0 (Used 1 MB), Allocate result buffer, memory consumption 0 MB, capacity 15
[LIBGPUSPATIAL] [ 12659][18:00:12:912085][info  ] RTSpatialIndex 0x78f1ac00a7d0 (Used 1 MB), Allocate result buffer, memory consumption 0 MB, capacity 21
[LIBGPUSPATIAL] [ 12657][18:00:12:912151][info  ] RTSpatialIndex 0x78f1ac00a7d0 (Used 1 MB), Probe Points, Size: 100000, Results: 15
[LIBGPUSPATIAL] [ 12659][18:00:12:912303][info  ] RTSpatialIndex 0x78f1ac00a7d0 (Used 2 MB), Probe Points, Size: 100000, Results: 21
[LIBGPUSPATIAL] [ 12663][18:00:12:912680][info  ] RTSpatialIndex 0x78f1ac00a7d0 (Used 0 MB), Allocate result buffer, memory consumption 0 MB, capacity 19
[LIBGPUSPATIAL] [ 12659][18:00:12:912969][info  ] RTSpatialRefiner 0x78f1afd298a0 (Used 0 MB), Loaded Geometries, ProbeArray 100000, Loaded 21, Type Point
[LIBGPUSPATIAL] [ 12657][18:00:12:912988][info  ] RTSpatialRefiner 0x78f1afd298a0 (Used 0 MB), Loaded Geometries, ProbeArray 100000, Loaded 15, Type Point
[LIBGPUSPATIAL] [ 12659][18:00:12:913017][info  ] RTSpatialRefiner 0x78f1afd298a0 (Used 0 MB), Evaluating 21 Geometry Pairs with Predicate Intersects
[LIBGPUSPATIAL] [ 12657][18:00:12:913023][info  ] RTSpatialRefiner 0x78f1afd298a0 (Used 0 MB), Evaluating 15 Geometry Pairs with Predicate Intersects
[LIBGPUSPATIAL] [ 12663][18:00:12:913099][info  ] RTSpatialIndex 0x78f1ac00a7d0 (Used 0 MB), Probe Points, Size: 100000, Results: 19
[LIBGPUSPATIAL] [ 12663][18:00:12:913569][info  ] RTSpatialRefiner 0x78f1afd298a0 (Used 0 MB), Loaded Geometries, ProbeArray 100000, Loaded 19, Type Point
[LIBGPUSPATIAL] [ 12663][18:00:12:913686][info  ] RTSpatialRefiner 0x78f1afd298a0 (Used 0 MB), Evaluating 19 Geometry Pairs with Predicate Intersects
[LIBGPUSPATIAL] [ 12660][18:00:12:914337][info  ] RTSpatialIndex 0x78f1ac00a7d0 (Used 0 MB), Allocate result buffer, memory consumption 0 MB, capacity 18
[LIBGPUSPATIAL] [ 12660][18:00:12:914722][info  ] RTSpatialIndex 0x78f1ac00a7d0 (Used 0 MB), Probe Points, Size: 100000, Results: 18
[LIBGPUSPATIAL] [ 12660][18:00:12:917115][info  ] RTSpatialRefiner 0x78f1afd298a0 (Used 0 MB), Loaded Geometries, ProbeArray 100000, Loaded 18, Type Point
[LIBGPUSPATIAL] [ 12660][18:00:12:917186][info  ] RTSpatialRefiner 0x78f1afd298a0 (Used 0 MB), Evaluating 18 Geometry Pairs with Predicate Intersects
[LIBGPUSPATIAL] [ 12656][18:00:12:918100][info  ] RTSpatialIndex 0x78f1ac00a7d0 (Used 0 MB), Allocate result buffer, memory consumption 0 MB, capacity 17
[LIBGPUSPATIAL] [ 12656][18:00:12:918351][info  ] RTSpatialIndex 0x78f1ac00a7d0 (Used 0 MB), Probe Points, Size: 100000, Results: 17
[LIBGPUSPATIAL] [ 12656][18:00:12:918789][info  ] RTSpatialRefiner 0x78f1afd298a0 (Used 0 MB), Loaded Geometries, ProbeArray 100000, Loaded 17, Type Point
[LIBGPUSPATIAL] [ 12656][18:00:12:918863][info  ] RTSpatialRefiner 0x78f1afd298a0 (Used 0 MB), Evaluating 17 Geometry Pairs with Predicate Intersects
[LIBGPUSPATIAL] [ 12661][18:00:12:923222][info  ] RTSpatialIndex 0x78f1ac00a7d0 (Used 1 MB), Allocate result buffer, memory consumption 0 MB, capacity 11
[LIBGPUSPATIAL] [ 12662][18:00:12:923222][info  ] RTSpatialIndex 0x78f1ac00a7d0 (Used 1 MB), Allocate result buffer, memory consumption 0 MB, capacity 17
[LIBGPUSPATIAL] [ 12661][18:00:12:923450][info  ] RTSpatialIndex 0x78f1ac00a7d0 (Used 1 MB), Probe Points, Size: 100000, Results: 11
[LIBGPUSPATIAL] [ 12662][18:00:12:923506][info  ] RTSpatialIndex 0x78f1ac00a7d0 (Used 0 MB), Probe Points, Size: 100000, Results: 17
[LIBGPUSPATIAL] [ 12662][18:00:12:924002][info  ] RTSpatialRefiner 0x78f1afd298a0 (Used 0 MB), Loaded Geometries, ProbeArray 100000, Loaded 17, Type Point
[LIBGPUSPATIAL] [ 12661][18:00:12:924007][info  ] RTSpatialRefiner 0x78f1afd298a0 (Used 0 MB), Loaded Geometries, ProbeArray 100000, Loaded 11, Type Point
[LIBGPUSPATIAL] [ 12662][18:00:12:924054][info  ] RTSpatialRefiner 0x78f1afd298a0 (Used 0 MB), Evaluating 17 Geometry Pairs with Predicate Intersects
[LIBGPUSPATIAL] [ 12661][18:00:12:924060][info  ] RTSpatialRefiner 0x78f1afd298a0 (Used 0 MB), Evaluating 11 Geometry Pairs with Predicate Intersects
[LIBGPUSPATIAL] [ 12658][18:00:12:925018][info  ] RTSpatialIndex 0x78f1ac00a7d0 (Used 0 MB), Allocate result buffer, memory consumption 0 MB, capacity 18
[LIBGPUSPATIAL] [ 12658][18:00:12:925183][info  ] RTSpatialIndex 0x78f1ac00a7d0 (Used 0 MB), Probe Points, Size: 100000, Results: 18
[LIBGPUSPATIAL] [ 12658][18:00:12:925781][info  ] RTSpatialRefiner 0x78f1afd298a0 (Used 0 MB), Loaded Geometries, ProbeArray 100000, Loaded 18, Type Point
[LIBGPUSPATIAL] [ 12658][18:00:12:925893][info  ] RTSpatialRefiner 0x78f1afd298a0 (Used 0 MB), Evaluating 18 Geometry Pairs with Predicate Intersects
[LIBGPUSPATIAL] [ 12659][18:00:12:927510][info  ] RTSpatialIndex 0x78f1ac00a7d0 (Used 2 MB), Allocate result buffer, memory consumption 0 MB, capacity 24
[LIBGPUSPATIAL] [ 12657][18:00:12:927613][info  ] RTSpatialIndex 0x78f1ac00a7d0 (Used 2 MB), Allocate result buffer, memory consumption 0 MB, capacity 13
[LIBGPUSPATIAL] [ 12663][18:00:12:927665][info  ] RTSpatialIndex 0x78f1ac00a7d0 (Used 2 MB), Allocate result buffer, memory consumption 0 MB, capacity 15
[LIBGPUSPATIAL] [ 12659][18:00:12:927826][info  ] RTSpatialIndex 0x78f1ac00a7d0 (Used 2 MB), Probe Points, Size: 100000, Results: 24
[LIBGPUSPATIAL] [ 12657][18:00:12:927947][info  ] RTSpatialIndex 0x78f1ac00a7d0 (Used 1 MB), Probe Points, Size: 100000, Results: 13
[LIBGPUSPATIAL] [ 12663][18:00:12:928116][info  ] RTSpatialIndex 0x78f1ac00a7d0 (Used 0 MB), Probe Points, Size: 100000, Results: 15
[LIBGPUSPATIAL] [ 12663][18:00:12:928503][info  ] RTSpatialRefiner 0x78f1afd298a0 (Used 0 MB), Loaded Geometries, ProbeArray 100000, Loaded 15, Type Point
[LIBGPUSPATIAL] [ 12659][18:00:12:928539][info  ] RTSpatialRefiner 0x78f1afd298a0 (Used 0 MB), Loaded Geometries, ProbeArray 100000, Loaded 24, Type Point
[LIBGPUSPATIAL] [ 12663][18:00:12:928544][info  ] RTSpatialRefiner 0x78f1afd298a0 (Used 0 MB), Evaluating 15 Geometry Pairs with Predicate Intersects
[LIBGPUSPATIAL] [ 12659][18:00:12:928584][info  ] RTSpatialRefiner 0x78f1afd298a0 (Used 0 MB), Evaluating 24 Geometry Pairs with Predicate Intersects
[LIBGPUSPATIAL] [ 12657][18:00:12:929050][info  ] RTSpatialRefiner 0x78f1afd298a0 (Used 0 MB), Loaded Geometries, ProbeArray 100000, Loaded 13, Type Point
[LIBGPUSPATIAL] [ 12657][18:00:12:929099][info  ] RTSpatialRefiner 0x78f1afd298a0 (Used 0 MB), Evaluating 13 Geometry Pairs with Predicate Intersects
[LIBGPUSPATIAL] [ 12660][18:00:12:930572][info  ] RTSpatialIndex 0x78f1ac00a7d0 (Used 0 MB), Allocate result buffer, memory consumption 0 MB, capacity 22
[LIBGPUSPATIAL] [ 12660][18:00:12:930705][info  ] RTSpatialIndex 0x78f1ac00a7d0 (Used 0 MB), Probe Points, Size: 100000, Results: 22
[LIBGPUSPATIAL] [ 12660][18:00:12:931073][info  ] RTSpatialRefiner 0x78f1afd298a0 (Used 0 MB), Loaded Geometries, ProbeArray 100000, Loaded 22, Type Point
[LIBGPUSPATIAL] [ 12660][18:00:12:931120][info  ] RTSpatialRefiner 0x78f1afd298a0 (Used 0 MB), Evaluating 22 Geometry Pairs with Predicate Intersects
[LIBGPUSPATIAL] [ 12656][18:00:12:933013][info  ] RTSpatialIndex 0x78f1ac00a7d0 (Used 0 MB), Allocate result buffer, memory consumption 0 MB, capacity 21
[LIBGPUSPATIAL] [ 12656][18:00:12:933223][info  ] RTSpatialIndex 0x78f1ac00a7d0 (Used 0 MB), Probe Points, Size: 100000, Results: 21
[LIBGPUSPATIAL] [ 12656][18:00:12:935969][info  ] RTSpatialRefiner 0x78f1afd298a0 (Used 0 MB), Loaded Geometries, ProbeArray 100000, Loaded 21, Type Point
[LIBGPUSPATIAL] [ 12656][18:00:12:936036][info  ] RTSpatialRefiner 0x78f1afd298a0 (Used 0 MB), Evaluating 21 Geometry Pairs with Predicate Intersects
[LIBGPUSPATIAL] [ 12661][18:00:12:939718][info  ] RTSpatialIndex 0x78f1ac00a7d0 (Used 2 MB), Allocate result buffer, memory consumption 0 MB, capacity 13
[LIBGPUSPATIAL] [ 12658][18:00:12:939774][info  ] RTSpatialIndex 0x78f1ac00a7d0 (Used 2 MB), Allocate result buffer, memory consumption 0 MB, capacity 11
[LIBGPUSPATIAL] [ 12661][18:00:12:939906][info  ] RTSpatialIndex 0x78f1ac00a7d0 (Used 2 MB), Probe Points, Size: 100000, Results: 13
[LIBGPUSPATIAL] [ 12662][18:00:12:939830][info  ] RTSpatialIndex 0x78f1ac00a7d0 (Used 2 MB), Allocate result buffer, memory consumption 0 MB, capacity 21
[LIBGPUSPATIAL] [ 12662][18:00:12:940090][info  ] RTSpatialIndex 0x78f1ac00a7d0 (Used 1 MB), Probe Points, Size: 100000, Results: 21
[LIBGPUSPATIAL] [ 12658][18:00:12:940241][info  ] RTSpatialIndex 0x78f1ac00a7d0 (Used 0 MB), Probe Points, Size: 100000, Results: 11
[LIBGPUSPATIAL] [ 12662][18:00:12:940620][info  ] RTSpatialRefiner 0x78f1afd298a0 (Used 0 MB), Loaded Geometries, ProbeArray 100000, Loaded 21, Type Point
[LIBGPUSPATIAL] [ 12661][18:00:12:940624][info  ] RTSpatialRefiner 0x78f1afd298a0 (Used 0 MB), Loaded Geometries, ProbeArray 100000, Loaded 13, Type Point
[LIBGPUSPATIAL] [ 12662][18:00:12:940670][info  ] RTSpatialRefiner 0x78f1afd298a0 (Used 0 MB), Evaluating 21 Geometry Pairs with Predicate Intersects
[LIBGPUSPATIAL] [ 12661][18:00:12:940719][info  ] RTSpatialRefiner 0x78f1afd298a0 (Used 0 MB), Evaluating 13 Geometry Pairs with Predicate Intersects
[LIBGPUSPATIAL] [ 12658][18:00:12:940954][info  ] RTSpatialRefiner 0x78f1afd298a0 (Used 0 MB), Loaded Geometries, ProbeArray 100000, Loaded 11, Type Point
[LIBGPUSPATIAL] [ 12658][18:00:12:941010][info  ] RTSpatialRefiner 0x78f1afd298a0 (Used 0 MB), Evaluating 11 Geometry Pairs with Predicate Intersects
[LIBGPUSPATIAL] [ 12663][18:00:12:942129][info  ] RTSpatialIndex 0x78f1ac00a7d0 (Used 3 MB), Allocate result buffer, memory consumption 0 MB, capacity 17
[LIBGPUSPATIAL] [ 12659][18:00:12:942465][info  ] RTSpatialIndex 0x78f1ac00a7d0 (Used 2 MB), Allocate result buffer, memory consumption 0 MB, capacity 5
[LIBGPUSPATIAL] [ 12659][18:00:12:942712][info  ] RTSpatialIndex 0x78f1ac00a7d0 (Used 2 MB), Probe Points, Size: 100000, Results: 5
[LIBGPUSPATIAL] [ 12663][18:00:12:942883][info  ] RTSpatialIndex 0x78f1ac00a7d0 (Used 1 MB), Probe Points, Size: 100000, Results: 17
[LIBGPUSPATIAL] [ 12657][18:00:12:942930][info  ] RTSpatialIndex 0x78f1ac00a7d0 (Used 0 MB), Allocate result buffer, memory consumption 0 MB, capacity 16
[LIBGPUSPATIAL] [ 12659][18:00:12:943640][info  ] RTSpatialRefiner 0x78f1afd298a0 (Used 1 MB), Loaded Geometries, ProbeArray 100000, Loaded 5, Type Point
[LIBGPUSPATIAL] [ 12659][18:00:12:943691][info  ] RTSpatialRefiner 0x78f1afd298a0 (Used 1 MB), Evaluating 5 Geometry Pairs with Predicate Intersects
[LIBGPUSPATIAL] [ 12657][18:00:12:943712][info  ] RTSpatialIndex 0x78f1ac00a7d0 (Used 1 MB), Probe Points, Size: 100000, Results: 16
[LIBGPUSPATIAL] [ 12663][18:00:12:943743][info  ] RTSpatialRefiner 0x78f1afd298a0 (Used 1 MB), Loaded Geometries, ProbeArray 100000, Loaded 17, Type Point
[LIBGPUSPATIAL] [ 12663][18:00:12:943788][info  ] RTSpatialRefiner 0x78f1afd298a0 (Used 0 MB), Evaluating 17 Geometry Pairs with Predicate Intersects
[LIBGPUSPATIAL] [ 12660][18:00:12:943871][info  ] RTSpatialIndex 0x78f1ac00a7d0 (Used 0 MB), Allocate result buffer, memory consumption 0 MB, capacity 16
[LIBGPUSPATIAL] [ 12660][18:00:12:944188][info  ] RTSpatialIndex 0x78f1ac00a7d0 (Used 0 MB), Probe Points, Size: 100000, Results: 16
[LIBGPUSPATIAL] [ 12657][18:00:12:944380][info  ] RTSpatialRefiner 0x78f1afd298a0 (Used 0 MB), Loaded Geometries, ProbeArray 100000, Loaded 16, Type Point
[LIBGPUSPATIAL] [ 12657][18:00:12:944426][info  ] RTSpatialRefiner 0x78f1afd298a0 (Used 0 MB), Evaluating 16 Geometry Pairs with Predicate Intersects
[LIBGPUSPATIAL] [ 12660][18:00:12:944704][info  ] RTSpatialRefiner 0x78f1afd298a0 (Used 0 MB), Loaded Geometries, ProbeArray 100000, Loaded 16, Type Point
[LIBGPUSPATIAL] [ 12660][18:00:12:944762][info  ] RTSpatialRefiner 0x78f1afd298a0 (Used 0 MB), Evaluating 16 Geometry Pairs with Predicate Intersects
[LIBGPUSPATIAL] [ 12658][18:00:12:948337][info  ] RTSpatialIndex 0x78f1ac00a7d0 (Used 0 MB), Allocate result buffer, memory consumption 0 MB, capacity 3
[LIBGPUSPATIAL] [ 12658][18:00:12:948716][info  ] RTSpatialIndex 0x78f1ac00a7d0 (Used 1 MB), Probe Points, Size: 33333, Results: 3
[LIBGPUSPATIAL] [ 12656][18:00:12:948769][info  ] RTSpatialIndex 0x78f1ac00a7d0 (Used 0 MB), Allocate result buffer, memory consumption 0 MB, capacity 20
[LIBGPUSPATIAL] [ 12656][18:00:12:949252][info  ] RTSpatialIndex 0x78f1ac00a7d0 (Used 0 MB), Probe Points, Size: 100000, Results: 20
[LIBGPUSPATIAL] [ 12658][18:00:12:951065][info  ] RTSpatialRefiner 0x78f1afd298a0 (Used 0 MB), Loaded Geometries, ProbeArray 33333, Loaded 3, Type Point
[LIBGPUSPATIAL] [ 12658][18:00:12:951118][info  ] RTSpatialRefiner 0x78f1afd298a0 (Used 0 MB), Evaluating 3 Geometry Pairs with Predicate Intersects
[LIBGPUSPATIAL] [ 12656][18:00:12:951156][info  ] RTSpatialRefiner 0x78f1afd298a0 (Used 0 MB), Loaded Geometries, ProbeArray 100000, Loaded 20, Type Point
[LIBGPUSPATIAL] [ 12656][18:00:12:951203][info  ] RTSpatialRefiner 0x78f1afd298a0 (Used 0 MB), Evaluating 20 Geometry Pairs with Predicate Intersects
[LIBGPUSPATIAL] [ 12662][18:00:12:954087][info  ] RTSpatialIndex 0x78f1ac00a7d0 (Used 0 MB), Allocate result buffer, memory consumption 0 MB, capacity 12
[LIBGPUSPATIAL] [ 12662][18:00:12:954209][info  ] RTSpatialIndex 0x78f1ac00a7d0 (Used 0 MB), Probe Points, Size: 100000, Results: 12
[LIBGPUSPATIAL] [ 12662][18:00:12:955006][info  ] RTSpatialRefiner 0x78f1afd298a0 (Used 0 MB), Loaded Geometries, ProbeArray 100000, Loaded 12, Type Point
[LIBGPUSPATIAL] [ 12662][18:00:12:955102][info  ] RTSpatialRefiner 0x78f1afd298a0 (Used 0 MB), Evaluating 12 Geometry Pairs with Predicate Intersects
[LIBGPUSPATIAL] [ 12661][18:00:12:955592][info  ] RTSpatialIndex 0x78f1ac00a7d0 (Used 0 MB), Allocate result buffer, memory consumption 0 MB, capacity 24
[LIBGPUSPATIAL] [ 12661][18:00:12:955904][info  ] RTSpatialIndex 0x78f1ac00a7d0 (Used 0 MB), Probe Points, Size: 100000, Results: 24
[LIBGPUSPATIAL] [ 12661][18:00:12:956318][info  ] RTSpatialRefiner 0x78f1afd298a0 (Used 0 MB), Loaded Geometries, ProbeArray 100000, Loaded 24, Type Point
[LIBGPUSPATIAL] [ 12661][18:00:12:956402][info  ] RTSpatialRefiner 0x78f1afd298a0 (Used 0 MB), Evaluating 24 Geometry Pairs with Predicate Intersects
[LIBGPUSPATIAL] [ 12659][18:00:12:959001][info  ] RTSpatialIndex 0x78f1ac00a7d0 (Used 3 MB), Allocate result buffer, memory consumption 0 MB, capacity 11
[LIBGPUSPATIAL] [ 12660][18:00:12:959043][info  ] RTSpatialIndex 0x78f1ac00a7d0 (Used 3 MB), Allocate result buffer, memory consumption 0 MB, capacity 13
[LIBGPUSPATIAL] [ 12657][18:00:12:959127][info  ] RTSpatialIndex 0x78f1ac00a7d0 (Used 3 MB), Allocate result buffer, memory consumption 0 MB, capacity 18
[LIBGPUSPATIAL] [ 12659][18:00:12:959318][info  ] RTSpatialIndex 0x78f1ac00a7d0 (Used 3 MB), Probe Points, Size: 100000, Results: 11
[LIBGPUSPATIAL] [ 12663][18:00:12:959368][info  ] RTSpatialIndex 0x78f1ac00a7d0 (Used 2 MB), Allocate result buffer, memory consumption 0 MB, capacity 6
[LIBGPUSPATIAL] [ 12660][18:00:12:959511][info  ] RTSpatialIndex 0x78f1ac00a7d0 (Used 2 MB), Probe Points, Size: 100000, Results: 13
[LIBGPUSPATIAL] [ 12657][18:00:12:959728][info  ] RTSpatialIndex 0x78f1ac00a7d0 (Used 1 MB), Probe Points, Size: 100000, Results: 18
[LIBGPUSPATIAL] [ 12663][18:00:12:960030][info  ] RTSpatialIndex 0x78f1ac00a7d0 (Used 0 MB), Probe Points, Size: 100000, Results: 6
[LIBGPUSPATIAL] [ 12659][18:00:12:960573][info  ] RTSpatialRefiner 0x78f1afd298a0 (Used 0 MB), Loaded Geometries, ProbeArray 100000, Loaded 11, Type Point
[LIBGPUSPATIAL] [ 12659][18:00:12:960647][info  ] RTSpatialRefiner 0x78f1afd298a0 (Used 0 MB), Evaluating 11 Geometry Pairs with Predicate Intersects
[LIBGPUSPATIAL] [ 12662][18:00:12:960682][info  ] RTSpatialIndex 0x78f1ac00a7d0 (Used 0 MB), Allocate result buffer, memory consumption 0 MB, capacity 7
[LIBGPUSPATIAL] [ 12657][18:00:12:960971][info  ] RTSpatialRefiner 0x78f1afd298a0 (Used 0 MB), Loaded Geometries, ProbeArray 100000, Loaded 18, Type Point
[LIBGPUSPATIAL] [ 12663][18:00:12:960993][info  ] RTSpatialRefiner 0x78f1afd298a0 (Used 0 MB), Loaded Geometries, ProbeArray 100000, Loaded 6, Type Point
[LIBGPUSPATIAL] [ 12657][18:00:12:961017][info  ] RTSpatialRefiner 0x78f1afd298a0 (Used 0 MB), Evaluating 18 Geometry Pairs with Predicate Intersects
[LIBGPUSPATIAL] [ 12663][18:00:12:961031][info  ] RTSpatialRefiner 0x78f1afd298a0 (Used 0 MB), Evaluating 6 Geometry Pairs with Predicate Intersects
[LIBGPUSPATIAL] [ 12660][18:00:12:961443][info  ] RTSpatialRefiner 0x78f1afd298a0 (Used 0 MB), Loaded Geometries, ProbeArray 100000, Loaded 13, Type Point
[LIBGPUSPATIAL] [ 12662][18:00:12:961449][info  ] RTSpatialIndex 0x78f1ac00a7d0 (Used 0 MB), Probe Points, Size: 33333, Results: 7
[LIBGPUSPATIAL] [ 12660][18:00:12:961496][info  ] RTSpatialRefiner 0x78f1afd298a0 (Used 0 MB), Evaluating 13 Geometry Pairs with Predicate Intersects
[LIBGPUSPATIAL] [ 12662][18:00:12:962076][info  ] RTSpatialRefiner 0x78f1afd298a0 (Used 0 MB), Loaded Geometries, ProbeArray 33333, Loaded 7, Type Point
[LIBGPUSPATIAL] [ 12662][18:00:12:962114][info  ] RTSpatialRefiner 0x78f1afd298a0 (Used 0 MB), Evaluating 7 Geometry Pairs with Predicate Intersects
[LIBGPUSPATIAL] [ 12661][18:00:12:962335][info  ] RTSpatialIndex 0x78f1ac00a7d0 (Used 0 MB), Allocate result buffer, memory consumption 0 MB, capacity 9
[LIBGPUSPATIAL] [ 12661][18:00:12:964081][info  ] RTSpatialIndex 0x78f1ac00a7d0 (Used 0 MB), Probe Points, Size: 33333, Results: 9
[LIBGPUSPATIAL] [ 12663][18:00:12:965201][info  ] RTSpatialIndex 0x78f1ac00a7d0 (Used 0 MB), Allocate result buffer, memory consumption 0 MB, capacity 10
[LIBGPUSPATIAL] [ 12663][18:00:12:965394][info  ] RTSpatialIndex 0x78f1ac00a7d0 (Used 0 MB), Probe Points, Size: 33333, Results: 10
[LIBGPUSPATIAL] [ 12661][18:00:12:965796][info  ] RTSpatialRefiner 0x78f1afd298a0 (Used 0 MB), Loaded Geometries, ProbeArray 33333, Loaded 9, Type Point
[LIBGPUSPATIAL] [ 12661][18:00:12:965830][info  ] RTSpatialRefiner 0x78f1afd298a0 (Used 0 MB), Evaluating 9 Geometry Pairs with Predicate Intersects
[LIBGPUSPATIAL] [ 12663][18:00:12:965997][info  ] RTSpatialRefiner 0x78f1afd298a0 (Used 0 MB), Loaded Geometries, ProbeArray 33333, Loaded 10, Type Point
[LIBGPUSPATIAL] [ 12663][18:00:12:966037][info  ] RTSpatialRefiner 0x78f1afd298a0 (Used 0 MB), Evaluating 10 Geometry Pairs with Predicate Intersects
[LIBGPUSPATIAL] [ 12656][18:00:12:967249][info  ] RTSpatialIndex 0x78f1ac00a7d0 (Used 0 MB), Allocate result buffer, memory consumption 0 MB, capacity 19
[LIBGPUSPATIAL] [ 12656][18:00:12:967415][info  ] RTSpatialIndex 0x78f1ac00a7d0 (Used 0 MB), Probe Points, Size: 100000, Results: 19
[LIBGPUSPATIAL] [ 12656][18:00:12:967941][info  ] RTSpatialRefiner 0x78f1afd298a0 (Used 0 MB), Loaded Geometries, ProbeArray 100000, Loaded 19, Type Point
[LIBGPUSPATIAL] [ 12656][18:00:12:967990][info  ] RTSpatialRefiner 0x78f1afd298a0 (Used 0 MB), Evaluating 19 Geometry Pairs with Predicate Intersects
[LIBGPUSPATIAL] [ 12658][18:00:12:972155][info  ] RTSpatialIndex 0x78f1ac00a7d0 (Used 0 MB), Allocate result buffer, memory consumption 0 MB, capacity 15
[LIBGPUSPATIAL] [ 12658][18:00:12:972287][info  ] RTSpatialIndex 0x78f1ac00a7d0 (Used 0 MB), Probe Points, Size: 100000, Results: 15
[LIBGPUSPATIAL] [ 12658][18:00:12:972774][info  ] RTSpatialRefiner 0x78f1afd298a0 (Used 0 MB), Loaded Geometries, ProbeArray 100000, Loaded 15, Type Point
[LIBGPUSPATIAL] [ 12658][18:00:12:972816][info  ] RTSpatialRefiner 0x78f1afd298a0 (Used 0 MB), Evaluating 15 Geometry Pairs with Predicate Intersects
[LIBGPUSPATIAL] [ 12657][18:00:12:975167][info  ] RTSpatialIndex 0x78f1ac00a7d0 (Used 0 MB), Allocate result buffer, memory consumption 0 MB, capacity 12
[LIBGPUSPATIAL] [ 12657][18:00:12:975309][info  ] RTSpatialIndex 0x78f1ac00a7d0 (Used 0 MB), Probe Points, Size: 100000, Results: 12
[LIBGPUSPATIAL] [ 12657][18:00:12:976066][info  ] RTSpatialRefiner 0x78f1afd298a0 (Used 0 MB), Loaded Geometries, ProbeArray 100000, Loaded 12, Type Point
[LIBGPUSPATIAL] [ 12657][18:00:12:976109][info  ] RTSpatialRefiner 0x78f1afd298a0 (Used 0 MB), Evaluating 12 Geometry Pairs with Predicate Intersects
[LIBGPUSPATIAL] [ 12660][18:00:12:977454][info  ] RTSpatialIndex 0x78f1ac00a7d0 (Used 0 MB), Allocate result buffer, memory consumption 0 MB, capacity 26
[LIBGPUSPATIAL] [ 12660][18:00:12:977590][info  ] RTSpatialIndex 0x78f1ac00a7d0 (Used 0 MB), Probe Points, Size: 100000, Results: 26
[LIBGPUSPATIAL] [ 12659][18:00:12:978512][info  ] RTSpatialIndex 0x78f1ac00a7d0 (Used 0 MB), Allocate result buffer, memory consumption 0 MB, capacity 16
[LIBGPUSPATIAL] [ 12659][18:00:12:978639][info  ] RTSpatialIndex 0x78f1ac00a7d0 (Used 0 MB), Probe Points, Size: 100000, Results: 16
[LIBGPUSPATIAL] [ 12660][18:00:12:978857][info  ] RTSpatialRefiner 0x78f1afd298a0 (Used 0 MB), Loaded Geometries, ProbeArray 100000, Loaded 26, Type Point
[LIBGPUSPATIAL] [ 12660][18:00:12:978951][info  ] RTSpatialRefiner 0x78f1afd298a0 (Used 0 MB), Evaluating 26 Geometry Pairs with Predicate Intersects
[LIBGPUSPATIAL] [ 12659][18:00:12:979053][info  ] RTSpatialRefiner 0x78f1afd298a0 (Used 0 MB), Loaded Geometries, ProbeArray 100000, Loaded 16, Type Point
[LIBGPUSPATIAL] [ 12659][18:00:12:979107][info  ] RTSpatialRefiner 0x78f1afd298a0 (Used 0 MB), Evaluating 16 Geometry Pairs with Predicate Intersects
[LIBGPUSPATIAL] [ 12656][18:00:12:981203][info  ] RTSpatialIndex 0x78f1ac00a7d0 (Used 0 MB), Allocate result buffer, memory consumption 0 MB, capacity 13
[LIBGPUSPATIAL] [ 12656][18:00:12:981347][info  ] RTSpatialIndex 0x78f1ac00a7d0 (Used 1 MB), Probe Points, Size: 100000, Results: 13
[LIBGPUSPATIAL] [ 12657][18:00:12:981795][info  ] RTSpatialIndex 0x78f1ac00a7d0 (Used 0 MB), Allocate result buffer, memory consumption 0 MB, capacity 6
[LIBGPUSPATIAL] [ 12657][18:00:12:982085][info  ] RTSpatialIndex 0x78f1ac00a7d0 (Used 0 MB), Probe Points, Size: 33333, Results: 6
[LIBGPUSPATIAL] [ 12656][18:00:12:982094][info  ] RTSpatialRefiner 0x78f1afd298a0 (Used 0 MB), Loaded Geometries, ProbeArray 100000, Loaded 13, Type Point
[LIBGPUSPATIAL] [ 12656][18:00:12:982219][info  ] RTSpatialRefiner 0x78f1afd298a0 (Used 0 MB), Evaluating 13 Geometry Pairs with Predicate Intersects
[LIBGPUSPATIAL] [ 12657][18:00:12:982480][info  ] RTSpatialRefiner 0x78f1afd298a0 (Used 0 MB), Loaded Geometries, ProbeArray 33333, Loaded 6, Type Point
[LIBGPUSPATIAL] [ 12657][18:00:12:982529][info  ] RTSpatialRefiner 0x78f1afd298a0 (Used 0 MB), Evaluating 6 Geometry Pairs with Predicate Intersects
[LIBGPUSPATIAL] [ 12659][18:00:12:984465][info  ] RTSpatialIndex 0x78f1ac00a7d0 (Used 0 MB), Allocate result buffer, memory consumption 0 MB, capacity 5
[LIBGPUSPATIAL] [ 12659][18:00:12:984594][info  ] RTSpatialIndex 0x78f1ac00a7d0 (Used 0 MB), Probe Points, Size: 33333, Results: 5
[LIBGPUSPATIAL] [ 12663][18:00:12:984991][info  ] RTSpatialIndex 0x78f1ac00a7d0 (Used 0 MB), Allocate result buffer, memory consumption 0 MB, capacity 20
[LIBGPUSPATIAL] [ 12659][18:00:12:985020][info  ] RTSpatialRefiner 0x78f1afd298a0 (Used 0 MB), Loaded Geometries, ProbeArray 33333, Loaded 5, Type Point
[LIBGPUSPATIAL] [ 12659][18:00:12:985057][info  ] RTSpatialRefiner 0x78f1afd298a0 (Used 0 MB), Evaluating 5 Geometry Pairs with Predicate Intersects
[LIBGPUSPATIAL] [ 12663][18:00:12:985120][info  ] RTSpatialIndex 0x78f1ac00a7d0 (Used 0 MB), Probe Points, Size: 100000, Results: 20
[LIBGPUSPATIAL] [ 12663][18:00:12:985610][info  ] RTSpatialRefiner 0x78f1afd298a0 (Used 0 MB), Loaded Geometries, ProbeArray 100000, Loaded 20, Type Point
[LIBGPUSPATIAL] [ 12663][18:00:12:985661][info  ] RTSpatialRefiner 0x78f1afd298a0 (Used 0 MB), Evaluating 20 Geometry Pairs with Predicate Intersects
[LIBGPUSPATIAL] [ 12658][18:00:12:987417][info  ] RTSpatialIndex 0x78f1ac00a7d0 (Used 1 MB), Allocate result buffer, memory consumption 0 MB, capacity 14
[LIBGPUSPATIAL] [ 12661][18:00:12:987503][info  ] RTSpatialIndex 0x78f1ac00a7d0 (Used 1 MB), Allocate result buffer, memory consumption 0 MB, capacity 16
[LIBGPUSPATIAL] [ 12658][18:00:12:987811][info  ] RTSpatialIndex 0x78f1ac00a7d0 (Used 2 MB), Probe Points, Size: 100000, Results: 14
[LIBGPUSPATIAL] [ 12661][18:00:12:988079][info  ] RTSpatialIndex 0x78f1ac00a7d0 (Used 1 MB), Probe Points, Size: 100000, Results: 16
[LIBGPUSPATIAL] [ 12656][18:00:12:988792][info  ] RTSpatialIndex 0x78f1ac00a7d0 (Used 1 MB), Allocate result buffer, memory consumption 0 MB, capacity 6
[LIBGPUSPATIAL] [ 12658][18:00:12:989010][info  ] RTSpatialRefiner 0x78f1afd298a0 (Used 1 MB), Loaded Geometries, ProbeArray 100000, Loaded 14, Type Point
[LIBGPUSPATIAL] [ 12658][18:00:12:989051][info  ] RTSpatialRefiner 0x78f1afd298a0 (Used 1 MB), Evaluating 14 Geometry Pairs with Predicate Intersects
[LIBGPUSPATIAL] [ 12661][18:00:12:989279][info  ] RTSpatialRefiner 0x78f1afd298a0 (Used 1 MB), Loaded Geometries, ProbeArray 100000, Loaded 16, Type Point
[LIBGPUSPATIAL] [ 12662][18:00:12:989305][info  ] RTSpatialIndex 0x78f1ac00a7d0 (Used 1 MB), Allocate result buffer, memory consumption 0 MB, capacity 17
[LIBGPUSPATIAL] [ 12661][18:00:12:989360][info  ] RTSpatialRefiner 0x78f1afd298a0 (Used 1 MB), Evaluating 16 Geometry Pairs with Predicate Intersects
[LIBGPUSPATIAL] [ 12656][18:00:12:989385][info  ] RTSpatialIndex 0x78f1ac00a7d0 (Used 1 MB), Probe Points, Size: 33333, Results: 6
[LIBGPUSPATIAL] [ 12662][18:00:12:989586][info  ] RTSpatialIndex 0x78f1ac00a7d0 (Used 0 MB), Probe Points, Size: 100000, Results: 17
[LIBGPUSPATIAL] [ 12656][18:00:12:990270][info  ] RTSpatialRefiner 0x78f1afd298a0 (Used 0 MB), Loaded Geometries, ProbeArray 33333, Loaded 6, Type Point
[LIBGPUSPATIAL] [ 12662][18:00:12:990276][info  ] RTSpatialRefiner 0x78f1afd298a0 (Used 0 MB), Loaded Geometries, ProbeArray 100000, Loaded 17, Type Point
[LIBGPUSPATIAL] [ 12656][18:00:12:990429][info  ] RTSpatialRefiner 0x78f1afd298a0 (Used 0 MB), Evaluating 6 Geometry Pairs with Predicate Intersects
[LIBGPUSPATIAL] [ 12662][18:00:12:990435][info  ] RTSpatialRefiner 0x78f1afd298a0 (Used 0 MB), Evaluating 17 Geometry Pairs with Predicate Intersects
[LIBGPUSPATIAL] [ 12660][18:00:12:993109][info  ] RTSpatialIndex 0x78f1ac00a7d0 (Used 0 MB), Allocate result buffer, memory consumption 0 MB, capacity 18
[LIBGPUSPATIAL] [ 12660][18:00:12:993234][info  ] RTSpatialIndex 0x78f1ac00a7d0 (Used 0 MB), Probe Points, Size: 100000, Results: 18
[LIBGPUSPATIAL] [ 12660][18:00:12:994027][info  ] RTSpatialRefiner 0x78f1afd298a0 (Used 0 MB), Loaded Geometries, ProbeArray 100000, Loaded 18, Type Point
[LIBGPUSPATIAL] [ 12660][18:00:12:994069][info  ] RTSpatialRefiner 0x78f1afd298a0 (Used 0 MB), Evaluating 18 Geometry Pairs with Predicate Intersects
[LIBGPUSPATIAL] [ 12663][18:00:12:999185][info  ] RTSpatialIndex 0x78f1ac00a7d0 (Used 0 MB), Allocate result buffer, memory consumption 0 MB, capacity 18
[LIBGPUSPATIAL] [ 12663][18:00:12:999315][info  ] RTSpatialIndex 0x78f1ac00a7d0 (Used 0 MB), Probe Points, Size: 100000, Results: 18
[LIBGPUSPATIAL] [ 12663][18:00:12:999702][info  ] RTSpatialRefiner 0x78f1afd298a0 (Used 0 MB), Loaded Geometries, ProbeArray 100000, Loaded 18, Type Point
[LIBGPUSPATIAL] [ 12663][18:00:12:999749][info  ] RTSpatialRefiner 0x78f1afd298a0 (Used 0 MB), Evaluating 18 Geometry Pairs with Predicate Intersects
[LIBGPUSPATIAL] [ 12660][18:00:13:000116][info  ] RTSpatialIndex 0x78f1ac00a7d0 (Used 0 MB), Allocate result buffer, memory consumption 0 MB, capacity 6
[LIBGPUSPATIAL] [ 12660][18:00:13:000367][info  ] RTSpatialIndex 0x78f1ac00a7d0 (Used 0 MB), Probe Points, Size: 33333, Results: 6
[LIBGPUSPATIAL] [ 12660][18:00:13:000732][info  ] RTSpatialRefiner 0x78f1afd298a0 (Used 0 MB), Loaded Geometries, ProbeArray 33333, Loaded 6, Type Point
[LIBGPUSPATIAL] [ 12660][18:00:13:000853][info  ] RTSpatialRefiner 0x78f1afd298a0 (Used 0 MB), Evaluating 6 Geometry Pairs with Predicate Intersects
[LIBGPUSPATIAL] [ 12658][18:00:13:002222][info  ] RTSpatialIndex 0x78f1ac00a7d0 (Used 2 MB), Allocate result buffer, memory consumption 0 MB, capacity 21
[LIBGPUSPATIAL] [ 12658][18:00:13:002734][info  ] RTSpatialIndex 0x78f1ac00a7d0 (Used 1 MB), Probe Points, Size: 100000, Results: 21
[LIBGPUSPATIAL] [ 12659][18:00:13:002791][info  ] RTSpatialIndex 0x78f1ac00a7d0 (Used 0 MB), Allocate result buffer, memory consumption 0 MB, capacity 15
[LIBGPUSPATIAL] [ 12659][18:00:13:003202][info  ] RTSpatialIndex 0x78f1ac00a7d0 (Used 0 MB), Probe Points, Size: 100000, Results: 15
[LIBGPUSPATIAL] [ 12658][18:00:13:003399][info  ] RTSpatialRefiner 0x78f1afd298a0 (Used 1 MB), Loaded Geometries, ProbeArray 100000, Loaded 21, Type Point
[LIBGPUSPATIAL] [ 12658][18:00:13:003466][info  ] RTSpatialRefiner 0x78f1afd298a0 (Used 1 MB), Evaluating 21 Geometry Pairs with Predicate Intersects
[LIBGPUSPATIAL] [ 12662][18:00:13:003716][info  ] RTSpatialIndex 0x78f1ac00a7d0 (Used 0 MB), Allocate result buffer, memory consumption 0 MB, capacity 19
[LIBGPUSPATIAL] [ 12662][18:00:13:003910][info  ] RTSpatialIndex 0x78f1ac00a7d0 (Used 0 MB), Probe Points, Size: 100000, Results: 19
[LIBGPUSPATIAL] [ 12659][18:00:13:003917][info  ] RTSpatialRefiner 0x78f1afd298a0 (Used 0 MB), Loaded Geometries, ProbeArray 100000, Loaded 15, Type Point
[LIBGPUSPATIAL] [ 12659][18:00:13:003977][info  ] RTSpatialRefiner 0x78f1afd298a0 (Used 0 MB), Evaluating 15 Geometry Pairs with Predicate Intersects
[LIBGPUSPATIAL] [ 12662][18:00:13:004486][info  ] RTSpatialRefiner 0x78f1afd298a0 (Used 0 MB), Loaded Geometries, ProbeArray 100000, Loaded 19, Type Point
[LIBGPUSPATIAL] [ 12662][18:00:13:004537][info  ] RTSpatialRefiner 0x78f1afd298a0 (Used 0 MB), Evaluating 19 Geometry Pairs with Predicate Intersects
[LIBGPUSPATIAL] [ 12661][18:00:13:006813][info  ] RTSpatialIndex 0x78f1ac00a7d0 (Used 1 MB), Allocate result buffer, memory consumption 0 MB, capacity 12
[LIBGPUSPATIAL] [ 12656][18:00:13:006979][info  ] RTSpatialIndex 0x78f1ac00a7d0 (Used 1 MB), Allocate result buffer, memory consumption 0 MB, capacity 17
[LIBGPUSPATIAL] [ 12661][18:00:13:007359][info  ] RTSpatialIndex 0x78f1ac00a7d0 (Used 1 MB), Probe Points, Size: 100000, Results: 12
[LIBGPUSPATIAL] [ 12656][18:00:13:007552][info  ] RTSpatialIndex 0x78f1ac00a7d0 (Used 0 MB), Probe Points, Size: 100000, Results: 17
[LIBGPUSPATIAL] [ 12661][18:00:13:008080][info  ] RTSpatialRefiner 0x78f1afd298a0 (Used 0 MB), Loaded Geometries, ProbeArray 100000, Loaded 12, Type Point
[LIBGPUSPATIAL] [ 12661][18:00:13:008123][info  ] RTSpatialRefiner 0x78f1afd298a0 (Used 0 MB), Evaluating 12 Geometry Pairs with Predicate Intersects
[LIBGPUSPATIAL] [ 12656][18:00:13:009449][info  ] RTSpatialRefiner 0x78f1afd298a0 (Used 0 MB), Loaded Geometries, ProbeArray 100000, Loaded 17, Type Point
[LIBGPUSPATIAL] [ 12656][18:00:13:009493][info  ] RTSpatialRefiner 0x78f1afd298a0 (Used 0 MB), Evaluating 17 Geometry Pairs with Predicate Intersects
[LIBGPUSPATIAL] [ 12657][18:00:13:010099][info  ] RTSpatialIndex 0x78f1ac00a7d0 (Used 0 MB), Allocate result buffer, memory consumption 0 MB, capacity 18
[LIBGPUSPATIAL] [ 12657][18:00:13:010507][info  ] RTSpatialIndex 0x78f1ac00a7d0 (Used 0 MB), Probe Points, Size: 100000, Results: 18
[LIBGPUSPATIAL] [ 12657][18:00:13:010945][info  ] RTSpatialRefiner 0x78f1afd298a0 (Used 0 MB), Loaded Geometries, ProbeArray 100000, Loaded 18, Type Point
[LIBGPUSPATIAL] [ 12657][18:00:13:010995][info  ] RTSpatialRefiner 0x78f1afd298a0 (Used 0 MB), Evaluating 18 Geometry Pairs with Predicate Intersects
[LIBGPUSPATIAL] [ 12663][18:00:13:013203][info  ] RTSpatialIndex 0x78f1ac00a7d0 (Used 0 MB), Allocate result buffer, memory consumption 0 MB, capacity 15
[LIBGPUSPATIAL] [ 12663][18:00:13:013357][info  ] RTSpatialIndex 0x78f1ac00a7d0 (Used 0 MB), Probe Points, Size: 100000, Results: 15
[LIBGPUSPATIAL] [ 12663][18:00:13:013662][info  ] RTSpatialRefiner 0x78f1afd298a0 (Used 0 MB), Loaded Geometries, ProbeArray 100000, Loaded 15, Type Point
[LIBGPUSPATIAL] [ 12663][18:00:13:013705][info  ] RTSpatialRefiner 0x78f1afd298a0 (Used 0 MB), Evaluating 15 Geometry Pairs with Predicate Intersects
[LIBGPUSPATIAL] [ 12658][18:00:13:017915][info  ] RTSpatialIndex 0x78f1ac00a7d0 (Used 1 MB), Allocate result buffer, memory consumption 0 MB, capacity 13
[LIBGPUSPATIAL] [ 12659][18:00:13:017980][info  ] RTSpatialIndex 0x78f1ac00a7d0 (Used 1 MB), Allocate result buffer, memory consumption 0 MB, capacity 15
[LIBGPUSPATIAL] [ 12658][18:00:13:018226][info  ] RTSpatialIndex 0x78f1ac00a7d0 (Used 1 MB), Probe Points, Size: 100000, Results: 13
[LIBGPUSPATIAL] [ 12659][18:00:13:018332][info  ] RTSpatialIndex 0x78f1ac00a7d0 (Used 0 MB), Probe Points, Size: 100000, Results: 15
[LIBGPUSPATIAL] [ 12658][18:00:13:018729][info  ] RTSpatialRefiner 0x78f1afd298a0 (Used 0 MB), Loaded Geometries, ProbeArray 100000, Loaded 13, Type Point
[LIBGPUSPATIAL] [ 12659][18:00:13:018782][info  ] RTSpatialRefiner 0x78f1afd298a0 (Used 0 MB), Loaded Geometries, ProbeArray 100000, Loaded 15, Type Point
[LIBGPUSPATIAL] [ 12658][18:00:13:018788][info  ] RTSpatialRefiner 0x78f1afd298a0 (Used 0 MB), Evaluating 13 Geometry Pairs with Predicate Intersects
[LIBGPUSPATIAL] [ 12659][18:00:13:018827][info  ] RTSpatialRefiner 0x78f1afd298a0 (Used 0 MB), Evaluating 15 Geometry Pairs with Predicate Intersects
[LIBGPUSPATIAL] [ 12662][18:00:13:019811][info  ] RTSpatialIndex 0x78f1ac00a7d0 (Used 0 MB), Allocate result buffer, memory consumption 0 MB, capacity 12
[LIBGPUSPATIAL] [ 12662][18:00:13:019962][info  ] RTSpatialIndex 0x78f1ac00a7d0 (Used 0 MB), Probe Points, Size: 100000, Results: 12
[LIBGPUSPATIAL] [ 12662][18:00:13:020392][info  ] RTSpatialRefiner 0x78f1afd298a0 (Used 0 MB), Loaded Geometries, ProbeArray 100000, Loaded 12, Type Point
[LIBGPUSPATIAL] [ 12662][18:00:13:020509][info  ] RTSpatialRefiner 0x78f1afd298a0 (Used 1 MB), Evaluating 12 Geometry Pairs with Predicate Intersects
[LIBGPUSPATIAL] [ 12660][18:00:13:021394][info  ] RTSpatialIndex 0x78f1ac00a7d0 (Used 1 MB), Allocate result buffer, memory consumption 0 MB, capacity 13
[LIBGPUSPATIAL] [ 12661][18:00:13:021459][info  ] RTSpatialIndex 0x78f1ac00a7d0 (Used 1 MB), Allocate result buffer, memory consumption 0 MB, capacity 19
[LIBGPUSPATIAL] [ 12660][18:00:13:021776][info  ] RTSpatialIndex 0x78f1ac00a7d0 (Used 1 MB), Probe Points, Size: 100000, Results: 13
[LIBGPUSPATIAL] [ 12661][18:00:13:021872][info  ] RTSpatialIndex 0x78f1ac00a7d0 (Used 0 MB), Probe Points, Size: 100000, Results: 19
[LIBGPUSPATIAL] [ 12660][18:00:13:022376][info  ] RTSpatialRefiner 0x78f1afd298a0 (Used 0 MB), Loaded Geometries, ProbeArray 100000, Loaded 13, Type Point
[LIBGPUSPATIAL] [ 12661][18:00:13:022410][info  ] RTSpatialRefiner 0x78f1afd298a0 (Used 0 MB), Loaded Geometries, ProbeArray 100000, Loaded 19, Type Point
[LIBGPUSPATIAL] [ 12660][18:00:13:022446][info  ] RTSpatialRefiner 0x78f1afd298a0 (Used 0 MB), Evaluating 13 Geometry Pairs with Predicate Intersects
[LIBGPUSPATIAL] [ 12661][18:00:13:022462][info  ] RTSpatialRefiner 0x78f1afd298a0 (Used 0 MB), Evaluating 19 Geometry Pairs with Predicate Intersects
[LIBGPUSPATIAL] [ 12657][18:00:13:024925][info  ] RTSpatialIndex 0x78f1ac00a7d0 (Used 1 MB), Allocate result buffer, memory consumption 0 MB, capacity 14
[LIBGPUSPATIAL] [ 12656][18:00:13:024958][info  ] RTSpatialIndex 0x78f1ac00a7d0 (Used 1 MB), Allocate result buffer, memory consumption 0 MB, capacity 19
[LIBGPUSPATIAL] [ 12657][18:00:13:025060][info  ] RTSpatialIndex 0x78f1ac00a7d0 (Used 1 MB), Probe Points, Size: 100000, Results: 14
[LIBGPUSPATIAL] [ 12656][18:00:13:025197][info  ] RTSpatialIndex 0x78f1ac00a7d0 (Used 0 MB), Probe Points, Size: 100000, Results: 19
[LIBGPUSPATIAL] [ 12657][18:00:13:025516][info  ] RTSpatialRefiner 0x78f1afd298a0 (Used 0 MB), Loaded Geometries, ProbeArray 100000, Loaded 14, Type Point
[LIBGPUSPATIAL] [ 12657][18:00:13:025592][info  ] RTSpatialRefiner 0x78f1afd298a0 (Used 0 MB), Evaluating 14 Geometry Pairs with Predicate Intersects
[LIBGPUSPATIAL] [ 12656][18:00:13:025726][info  ] RTSpatialRefiner 0x78f1afd298a0 (Used 0 MB), Loaded Geometries, ProbeArray 100000, Loaded 19, Type Point
[LIBGPUSPATIAL] [ 12656][18:00:13:025777][info  ] RTSpatialRefiner 0x78f1afd298a0 (Used 0 MB), Evaluating 19 Geometry Pairs with Predicate Intersects
[LIBGPUSPATIAL] [ 12663][18:00:13:026553][info  ] RTSpatialIndex 0x78f1ac00a7d0 (Used 0 MB), Allocate result buffer, memory consumption 0 MB, capacity 21
[LIBGPUSPATIAL] [ 12663][18:00:13:030002][info  ] RTSpatialIndex 0x78f1ac00a7d0 (Used 0 MB), Probe Points, Size: 100000, Results: 21
[LIBGPUSPATIAL] [ 12663][18:00:13:032501][info  ] RTSpatialRefiner 0x78f1afd298a0 (Used 2 MB), Loaded Geometries, ProbeArray 100000, Loaded 21, Type Point
[LIBGPUSPATIAL] [ 12663][18:00:13:032594][info  ] RTSpatialRefiner 0x78f1afd298a0 (Used 2 MB), Evaluating 21 Geometry Pairs with Predicate Intersects
[LIBGPUSPATIAL] [ 12658][18:00:13:032656][info  ] RTSpatialIndex 0x78f1ac00a7d0 (Used 1 MB), Allocate result buffer, memory consumption 0 MB, capacity 19
[LIBGPUSPATIAL] [ 12659][18:00:13:032809][info  ] RTSpatialIndex 0x78f1ac00a7d0 (Used 1 MB), Allocate result buffer, memory consumption 0 MB, capacity 11
[LIBGPUSPATIAL] [ 12658][18:00:13:032987][info  ] RTSpatialIndex 0x78f1ac00a7d0 (Used 1 MB), Probe Points, Size: 100000, Results: 19
[LIBGPUSPATIAL] [ 12659][18:00:13:033141][info  ] RTSpatialIndex 0x78f1ac00a7d0 (Used 0 MB), Probe Points, Size: 100000, Results: 11
[LIBGPUSPATIAL] [ 12658][18:00:13:033482][info  ] RTSpatialRefiner 0x78f1afd298a0 (Used 0 MB), Loaded Geometries, ProbeArray 100000, Loaded 19, Type Point
[LIBGPUSPATIAL] [ 12658][18:00:13:033523][info  ] RTSpatialRefiner 0x78f1afd298a0 (Used 0 MB), Evaluating 19 Geometry Pairs with Predicate Intersects
[LIBGPUSPATIAL] [ 12659][18:00:13:033717][info  ] RTSpatialRefiner 0x78f1afd298a0 (Used 0 MB), Loaded Geometries, ProbeArray 100000, Loaded 11, Type Point
[LIBGPUSPATIAL] [ 12659][18:00:13:033764][info  ] RTSpatialRefiner 0x78f1afd298a0 (Used 0 MB), Evaluating 11 Geometry Pairs with Predicate Intersects
[LIBGPUSPATIAL] [ 12662][18:00:13:034726][info  ] RTSpatialIndex 0x78f1ac00a7d0 (Used 0 MB), Allocate result buffer, memory consumption 0 MB, capacity 10
[LIBGPUSPATIAL] [ 12662][18:00:13:034884][info  ] RTSpatialIndex 0x78f1ac00a7d0 (Used 0 MB), Probe Points, Size: 100000, Results: 10
[LIBGPUSPATIAL] [ 12661][18:00:13:036162][info  ] RTSpatialIndex 0x78f1ac00a7d0 (Used 0 MB), Allocate result buffer, memory consumption 0 MB, capacity 16
[LIBGPUSPATIAL] [ 12662][18:00:13:036525][info  ] RTSpatialRefiner 0x78f1afd298a0 (Used 3 MB), Loaded Geometries, ProbeArray 100000, Loaded 10, Type Point
[LIBGPUSPATIAL] [ 12662][18:00:13:036618][info  ] RTSpatialRefiner 0x78f1afd298a0 (Used 3 MB), Evaluating 10 Geometry Pairs with Predicate Intersects
[LIBGPUSPATIAL] [ 12661][18:00:13:036749][info  ] RTSpatialIndex 0x78f1ac00a7d0 (Used 3 MB), Probe Points, Size: 100000, Results: 16
[LIBGPUSPATIAL] [ 12656][18:00:13:036929][info  ] RTSpatialIndex 0x78f1ac00a7d0 (Used 2 MB), Allocate result buffer, memory consumption 0 MB, capacity 14
[LIBGPUSPATIAL] [ 12660][18:00:13:037345][info  ] RTSpatialIndex 0x78f1ac00a7d0 (Used 1 MB), Allocate result buffer, memory consumption 0 MB, capacity 13
[LIBGPUSPATIAL] [ 12661][18:00:13:037355][info  ] RTSpatialRefiner 0x78f1afd298a0 (Used 1 MB), Loaded Geometries, ProbeArray 100000, Loaded 16, Type Point
[LIBGPUSPATIAL] [ 12661][18:00:13:037418][info  ] RTSpatialRefiner 0x78f1afd298a0 (Used 1 MB), Evaluating 16 Geometry Pairs with Predicate Intersects
[LIBGPUSPATIAL] [ 12656][18:00:13:037596][info  ] RTSpatialIndex 0x78f1ac00a7d0 (Used 1 MB), Probe Points, Size: 100000, Results: 14
[LIBGPUSPATIAL] [ 12660][18:00:13:037880][info  ] RTSpatialIndex 0x78f1ac00a7d0 (Used 0 MB), Probe Points, Size: 100000, Results: 13
[LIBGPUSPATIAL] [ 12660][18:00:13:039699][info  ] RTSpatialRefiner 0x78f1afd298a0 (Used 0 MB), Loaded Geometries, ProbeArray 100000, Loaded 13, Type Point
[LIBGPUSPATIAL] [ 12660][18:00:13:039745][info  ] RTSpatialRefiner 0x78f1afd298a0 (Used 0 MB), Evaluating 13 Geometry Pairs with Predicate Intersects
[LIBGPUSPATIAL] [ 12657][18:00:13:039777][info  ] RTSpatialIndex 0x78f1ac00a7d0 (Used 0 MB), Allocate result buffer, memory consumption 0 MB, capacity 11
[LIBGPUSPATIAL] [ 12656][18:00:13:040060][info  ] RTSpatialRefiner 0x78f1afd298a0 (Used 0 MB), Loaded Geometries, ProbeArray 100000, Loaded 14, Type Point
[LIBGPUSPATIAL] [ 12656][18:00:13:040154][info  ] RTSpatialRefiner 0x78f1afd298a0 (Used 0 MB), Evaluating 14 Geometry Pairs with Predicate Intersects
[LIBGPUSPATIAL] [ 12657][18:00:13:040160][info  ] RTSpatialIndex 0x78f1ac00a7d0 (Used 0 MB), Probe Points, Size: 100000, Results: 11
[LIBGPUSPATIAL] [ 12657][18:00:13:042575][info  ] RTSpatialRefiner 0x78f1afd298a0 (Used 0 MB), Loaded Geometries, ProbeArray 100000, Loaded 11, Type Point
[LIBGPUSPATIAL] [ 12657][18:00:13:042628][info  ] RTSpatialRefiner 0x78f1afd298a0 (Used 0 MB), Evaluating 11 Geometry Pairs with Predicate Intersects
[LIBGPUSPATIAL] [ 12658][18:00:13:045664][info  ] RTSpatialIndex 0x78f1ac00a7d0 (Used 0 MB), Allocate result buffer, memory consumption 0 MB, capacity 14
[LIBGPUSPATIAL] [ 12658][18:00:13:045798][info  ] RTSpatialIndex 0x78f1ac00a7d0 (Used 0 MB), Probe Points, Size: 100000, Results: 14
[LIBGPUSPATIAL] [ 12663][18:00:13:046452][info  ] RTSpatialIndex 0x78f1ac00a7d0 (Used 0 MB), Allocate result buffer, memory consumption 0 MB, capacity 15
[LIBGPUSPATIAL] [ 12663][18:00:13:046574][info  ] RTSpatialIndex 0x78f1ac00a7d0 (Used 0 MB), Probe Points, Size: 100000, Results: 15
[LIBGPUSPATIAL] [ 12658][18:00:13:047101][info  ] RTSpatialRefiner 0x78f1afd298a0 (Used 0 MB), Loaded Geometries, ProbeArray 100000, Loaded 14, Type Point
[LIBGPUSPATIAL] [ 12658][18:00:13:047149][info  ] RTSpatialRefiner 0x78f1afd298a0 (Used 0 MB), Evaluating 14 Geometry Pairs with Predicate Intersects
[LIBGPUSPATIAL] [ 12659][18:00:13:047834][info  ] RTSpatialIndex 0x78f1ac00a7d0 (Used 0 MB), Allocate result buffer, memory consumption 0 MB, capacity 12
[LIBGPUSPATIAL] [ 12663][18:00:13:047872][info  ] RTSpatialRefiner 0x78f1afd298a0 (Used 0 MB), Loaded Geometries, ProbeArray 100000, Loaded 15, Type Point
[LIBGPUSPATIAL] [ 12663][18:00:13:047916][info  ] RTSpatialRefiner 0x78f1afd298a0 (Used 0 MB), Evaluating 15 Geometry Pairs with Predicate Intersects
[LIBGPUSPATIAL] [ 12659][18:00:13:047987][info  ] RTSpatialIndex 0x78f1ac00a7d0 (Used 0 MB), Probe Points, Size: 100000, Results: 12
[LIBGPUSPATIAL] [ 12659][18:00:13:048432][info  ] RTSpatialRefiner 0x78f1afd298a0 (Used 0 MB), Loaded Geometries, ProbeArray 100000, Loaded 12, Type Point
[LIBGPUSPATIAL] [ 12659][18:00:13:048478][info  ] RTSpatialRefiner 0x78f1afd298a0 (Used 0 MB), Evaluating 12 Geometry Pairs with Predicate Intersects
[LIBGPUSPATIAL] [ 12662][18:00:13:050561][info  ] RTSpatialIndex 0x78f1ac00a7d0 (Used 0 MB), Allocate result buffer, memory consumption 0 MB, capacity 15
[LIBGPUSPATIAL] [ 12662][18:00:13:050690][info  ] RTSpatialIndex 0x78f1ac00a7d0 (Used 0 MB), Probe Points, Size: 100000, Results: 15
[LIBGPUSPATIAL] [ 12662][18:00:13:051550][info  ] RTSpatialRefiner 0x78f1afd298a0 (Used 0 MB), Loaded Geometries, ProbeArray 100000, Loaded 15, Type Point
[LIBGPUSPATIAL] [ 12662][18:00:13:051600][info  ] RTSpatialRefiner 0x78f1afd298a0 (Used 0 MB), Evaluating 15 Geometry Pairs with Predicate Intersects
[LIBGPUSPATIAL] [ 12661][18:00:13:052429][info  ] RTSpatialIndex 0x78f1ac00a7d0 (Used 0 MB), Allocate result buffer, memory consumption 0 MB, capacity 13
[LIBGPUSPATIAL] [ 12661][18:00:13:052620][info  ] RTSpatialIndex 0x78f1ac00a7d0 (Used 0 MB), Probe Points, Size: 100000, Results: 13
[LIBGPUSPATIAL] [ 12660][18:00:13:053099][info  ] RTSpatialIndex 0x78f1ac00a7d0 (Used 0 MB), Allocate result buffer, memory consumption 0 MB, capacity 21
[LIBGPUSPATIAL] [ 12660][18:00:13:053258][info  ] RTSpatialIndex 0x78f1ac00a7d0 (Used 2 MB), Probe Points, Size: 100000, Results: 21
[LIBGPUSPATIAL] [ 12661][18:00:13:053594][info  ] RTSpatialRefiner 0x78f1afd298a0 (Used 0 MB), Loaded Geometries, ProbeArray 100000, Loaded 13, Type Point
[LIBGPUSPATIAL] [ 12661][18:00:13:053698][info  ] RTSpatialRefiner 0x78f1afd298a0 (Used 0 MB), Evaluating 13 Geometry Pairs with Predicate Intersects
[LIBGPUSPATIAL] [ 12656][18:00:13:053939][info  ] RTSpatialIndex 0x78f1ac00a7d0 (Used 0 MB), Allocate result buffer, memory consumption 0 MB, capacity 11
[LIBGPUSPATIAL] [ 12660][18:00:13:054292][info  ] RTSpatialRefiner 0x78f1afd298a0 (Used 0 MB), Loaded Geometries, ProbeArray 100000, Loaded 21, Type Point
[LIBGPUSPATIAL] [ 12660][18:00:13:054341][info  ] RTSpatialRefiner 0x78f1afd298a0 (Used 0 MB), Evaluating 21 Geometry Pairs with Predicate Intersects
[LIBGPUSPATIAL] [ 12656][18:00:13:054367][info  ] RTSpatialIndex 0x78f1ac00a7d0 (Used 0 MB), Probe Points, Size: 100000, Results: 11
[LIBGPUSPATIAL] [ 12657][18:00:13:056249][info  ] RTSpatialIndex 0x78f1ac00a7d0 (Used 0 MB), Allocate result buffer, memory consumption 0 MB, capacity 22
[LIBGPUSPATIAL] [ 12657][18:00:13:056348][info  ] RTSpatialIndex 0x78f1ac00a7d0 (Used 0 MB), Probe Points, Size: 100000, Results: 22
[LIBGPUSPATIAL] [ 12656][18:00:13:056706][info  ] RTSpatialRefiner 0x78f1afd298a0 (Used 0 MB), Loaded Geometries, ProbeArray 100000, Loaded 11, Type Point
[LIBGPUSPATIAL] [ 12657][18:00:13:056711][info  ] RTSpatialRefiner 0x78f1afd298a0 (Used 0 MB), Loaded Geometries, ProbeArray 100000, Loaded 22, Type Point
[LIBGPUSPATIAL] [ 12656][18:00:13:056762][info  ] RTSpatialRefiner 0x78f1afd298a0 (Used 0 MB), Evaluating 11 Geometry Pairs with Predicate Intersects
[LIBGPUSPATIAL] [ 12657][18:00:13:056768][info  ] RTSpatialRefiner 0x78f1afd298a0 (Used 0 MB), Evaluating 22 Geometry Pairs with Predicate Intersects
[LIBGPUSPATIAL] [ 12658][18:00:13:060171][info  ] RTSpatialIndex 0x78f1ac00a7d0 (Used 0 MB), Allocate result buffer, memory consumption 0 MB, capacity 18
[LIBGPUSPATIAL] [ 12658][18:00:13:060297][info  ] RTSpatialIndex 0x78f1ac00a7d0 (Used 0 MB), Probe Points, Size: 100000, Results: 18
[LIBGPUSPATIAL] [ 12663][18:00:13:061075][info  ] RTSpatialIndex 0x78f1ac00a7d0 (Used 0 MB), Allocate result buffer, memory consumption 0 MB, capacity 15
[LIBGPUSPATIAL] [ 12658][18:00:13:061292][info  ] RTSpatialRefiner 0x78f1afd298a0 (Used 0 MB), Loaded Geometries, ProbeArray 100000, Loaded 18, Type Point
[LIBGPUSPATIAL] [ 12658][18:00:13:061371][info  ] RTSpatialRefiner 0x78f1afd298a0 (Used 2 MB), Evaluating 18 Geometry Pairs with Predicate Intersects
[LIBGPUSPATIAL] [ 12663][18:00:13:061415][info  ] RTSpatialIndex 0x78f1ac00a7d0 (Used 2 MB), Probe Points, Size: 100000, Results: 15
[LIBGPUSPATIAL] [ 12659][18:00:13:061945][info  ] RTSpatialIndex 0x78f1ac00a7d0 (Used 0 MB), Allocate result buffer, memory consumption 0 MB, capacity 11
[LIBGPUSPATIAL] [ 12659][18:00:13:062282][info  ] RTSpatialIndex 0x78f1ac00a7d0 (Used 0 MB), Probe Points, Size: 100000, Results: 11
[LIBGPUSPATIAL] [ 12663][18:00:13:062995][info  ] RTSpatialRefiner 0x78f1afd298a0 (Used 0 MB), Loaded Geometries, ProbeArray 100000, Loaded 15, Type Point
[LIBGPUSPATIAL] [ 12663][18:00:13:063033][info  ] RTSpatialRefiner 0x78f1afd298a0 (Used 0 MB), Evaluating 15 Geometry Pairs with Predicate Intersects
[LIBGPUSPATIAL] [ 12662][18:00:13:065226][info  ] RTSpatialIndex 0x78f1ac00a7d0 (Used 0 MB), Allocate result buffer, memory consumption 0 MB, capacity 23
[LIBGPUSPATIAL] [ 12662][18:00:13:065350][info  ] RTSpatialIndex 0x78f1ac00a7d0 (Used 0 MB), Probe Points, Size: 100000, Results: 23
[LIBGPUSPATIAL] [ 12659][18:00:13:067036][info  ] RTSpatialRefiner 0x78f1afd298a0 (Used 3 MB), Loaded Geometries, ProbeArray 100000, Loaded 11, Type Point
[LIBGPUSPATIAL] [ 12659][18:00:13:067088][info  ] RTSpatialRefiner 0x78f1afd298a0 (Used 3 MB), Evaluating 11 Geometry Pairs with Predicate Intersects
[LIBGPUSPATIAL] [ 12662][18:00:13:067310][info  ] RTSpatialRefiner 0x78f1afd298a0 (Used 2 MB), Loaded Geometries, ProbeArray 100000, Loaded 23, Type Point
[LIBGPUSPATIAL] [ 12662][18:00:13:067355][info  ] RTSpatialRefiner 0x78f1afd298a0 (Used 2 MB), Evaluating 23 Geometry Pairs with Predicate Intersects
[LIBGPUSPATIAL] [ 12661][18:00:13:067716][info  ] RTSpatialIndex 0x78f1ac00a7d0 (Used 2 MB), Allocate result buffer, memory consumption 0 MB, capacity 14
[LIBGPUSPATIAL] [ 12660][18:00:13:068072][info  ] RTSpatialIndex 0x78f1ac00a7d0 (Used 1 MB), Allocate result buffer, memory consumption 0 MB, capacity 6
[LIBGPUSPATIAL] [ 12660][18:00:13:068828][info  ] RTSpatialIndex 0x78f1ac00a7d0 (Used 1 MB), Probe Points, Size: 100000, Results: 6
[LIBGPUSPATIAL] [ 12661][18:00:13:069147][info  ] RTSpatialIndex 0x78f1ac00a7d0 (Used 0 MB), Probe Points, Size: 100000, Results: 14
[LIBGPUSPATIAL] [ 12660][18:00:13:069153][info  ] RTSpatialRefiner 0x78f1afd298a0 (Used 0 MB), Loaded Geometries, ProbeArray 100000, Loaded 6, Type Point
[LIBGPUSPATIAL] [ 12660][18:00:13:069233][info  ] RTSpatialRefiner 0x78f1afd298a0 (Used 0 MB), Evaluating 6 Geometry Pairs with Predicate Intersects
[LIBGPUSPATIAL] [ 12657][18:00:13:070038][info  ] RTSpatialIndex 0x78f1ac00a7d0 (Used 0 MB), Allocate result buffer, memory consumption 0 MB, capacity 11
[LIBGPUSPATIAL] [ 12661][18:00:13:070142][info  ] RTSpatialRefiner 0x78f1afd298a0 (Used 0 MB), Loaded Geometries, ProbeArray 100000, Loaded 14, Type Point
[LIBGPUSPATIAL] [ 12661][18:00:13:070189][info  ] RTSpatialRefiner 0x78f1afd298a0 (Used 0 MB), Evaluating 14 Geometry Pairs with Predicate Intersects
[LIBGPUSPATIAL] [ 12657][18:00:13:071155][info  ] RTSpatialIndex 0x78f1ac00a7d0 (Used 0 MB), Probe Points, Size: 100000, Results: 11
[LIBGPUSPATIAL] [ 12657][18:00:13:071703][info  ] RTSpatialRefiner 0x78f1afd298a0 (Used 1 MB), Loaded Geometries, ProbeArray 100000, Loaded 11, Type Point
[LIBGPUSPATIAL] [ 12657][18:00:13:071754][info  ] RTSpatialRefiner 0x78f1afd298a0 (Used 0 MB), Evaluating 11 Geometry Pairs with Predicate Intersects
[LIBGPUSPATIAL] [ 12656][18:00:13:071872][info  ] RTSpatialIndex 0x78f1ac00a7d0 (Used 0 MB), Allocate result buffer, memory consumption 0 MB, capacity 16
[LIBGPUSPATIAL] [ 12656][18:00:13:072064][info  ] RTSpatialIndex 0x78f1ac00a7d0 (Used 0 MB), Probe Points, Size: 100000, Results: 16
[LIBGPUSPATIAL] [ 12656][18:00:13:073952][info  ] RTSpatialRefiner 0x78f1afd298a0 (Used 0 MB), Loaded Geometries, ProbeArray 100000, Loaded 16, Type Point
[LIBGPUSPATIAL] [ 12663][18:00:13:074096][info  ] RTSpatialIndex 0x78f1ac00a7d0 (Used 0 MB), Allocate result buffer, memory consumption 0 MB, capacity 18
[LIBGPUSPATIAL] [ 12663][18:00:13:074211][info  ] RTSpatialIndex 0x78f1ac00a7d0 (Used 0 MB), Probe Points, Size: 100000, Results: 18
[LIBGPUSPATIAL] [ 12656][18:00:13:074400][info  ] RTSpatialRefiner 0x78f1afd298a0 (Used 0 MB), Evaluating 16 Geometry Pairs with Predicate Intersects
[LIBGPUSPATIAL] [ 12663][18:00:13:074588][info  ] RTSpatialRefiner 0x78f1afd298a0 (Used 1 MB), Loaded Geometries, ProbeArray 100000, Loaded 18, Type Point
[LIBGPUSPATIAL] [ 12663][18:00:13:074635][info  ] RTSpatialRefiner 0x78f1afd298a0 (Used 1 MB), Evaluating 18 Geometry Pairs with Predicate Intersects
[LIBGPUSPATIAL] [ 12658][18:00:13:075770][info  ] RTSpatialIndex 0x78f1ac00a7d0 (Used 0 MB), Allocate result buffer, memory consumption 0 MB, capacity 16
[LIBGPUSPATIAL] [ 12658][18:00:13:076086][info  ] RTSpatialIndex 0x78f1ac00a7d0 (Used 0 MB), Probe Points, Size: 100000, Results: 16
[LIBGPUSPATIAL] [ 12658][18:00:13:076441][info  ] RTSpatialRefiner 0x78f1afd298a0 (Used 0 MB), Loaded Geometries, ProbeArray 100000, Loaded 16, Type Point
[LIBGPUSPATIAL] [ 12658][18:00:13:076484][info  ] RTSpatialRefiner 0x78f1afd298a0 (Used 0 MB), Evaluating 16 Geometry Pairs with Predicate Intersects
[LIBGPUSPATIAL] [ 12659][18:00:13:080036][info  ] RTSpatialIndex 0x78f1ac00a7d0 (Used 0 MB), Allocate result buffer, memory consumption 0 MB, capacity 15
[LIBGPUSPATIAL] [ 12659][18:00:13:080180][info  ] RTSpatialIndex 0x78f1ac00a7d0 (Used 0 MB), Probe Points, Size: 100000, Results: 15
[LIBGPUSPATIAL] [ 12659][18:00:13:080677][info  ] RTSpatialRefiner 0x78f1afd298a0 (Used 0 MB), Loaded Geometries, ProbeArray 100000, Loaded 15, Type Point
[LIBGPUSPATIAL] [ 12659][18:00:13:080753][info  ] RTSpatialRefiner 0x78f1afd298a0 (Used 0 MB), Evaluating 15 Geometry Pairs with Predicate Intersects
[LIBGPUSPATIAL] [ 12662][18:00:13:081517][info  ] RTSpatialIndex 0x78f1ac00a7d0 (Used 0 MB), Allocate result buffer, memory consumption 0 MB, capacity 15
[LIBGPUSPATIAL] [ 12662][18:00:13:081726][info  ] RTSpatialIndex 0x78f1ac00a7d0 (Used 2 MB), Probe Points, Size: 100000, Results: 15
[LIBGPUSPATIAL] [ 12660][18:00:13:081988][info  ] RTSpatialIndex 0x78f1ac00a7d0 (Used 0 MB), Allocate result buffer, memory consumption 0 MB, capacity 12
[LIBGPUSPATIAL] [ 12660][18:00:13:082105][info  ] RTSpatialIndex 0x78f1ac00a7d0 (Used 0 MB), Probe Points, Size: 100000, Results: 12
[LIBGPUSPATIAL] [ 12662][18:00:13:082133][info  ] RTSpatialRefiner 0x78f1afd298a0 (Used 0 MB), Loaded Geometries, ProbeArray 100000, Loaded 15, Type Point
[LIBGPUSPATIAL] [ 12662][18:00:13:082177][info  ] RTSpatialRefiner 0x78f1afd298a0 (Used 0 MB), Evaluating 15 Geometry Pairs with Predicate Intersects
[LIBGPUSPATIAL] [ 12660][18:00:13:082473][info  ] RTSpatialRefiner 0x78f1afd298a0 (Used 0 MB), Loaded Geometries, ProbeArray 100000, Loaded 12, Type Point
[LIBGPUSPATIAL] [ 12660][18:00:13:082553][info  ] RTSpatialRefiner 0x78f1afd298a0 (Used 0 MB), Evaluating 12 Geometry Pairs with Predicate Intersects
[LIBGPUSPATIAL] [ 12661][18:00:13:084165][info  ] RTSpatialIndex 0x78f1ac00a7d0 (Used 0 MB), Allocate result buffer, memory consumption 0 MB, capacity 10
[LIBGPUSPATIAL] [ 12661][18:00:13:084285][info  ] RTSpatialIndex 0x78f1ac00a7d0 (Used 0 MB), Probe Points, Size: 100000, Results: 10
[LIBGPUSPATIAL] [ 12661][18:00:13:084642][info  ] RTSpatialRefiner 0x78f1afd298a0 (Used 0 MB), Loaded Geometries, ProbeArray 100000, Loaded 10, Type Point
[LIBGPUSPATIAL] [ 12661][18:00:13:084685][info  ] RTSpatialRefiner 0x78f1afd298a0 (Used 0 MB), Evaluating 10 Geometry Pairs with Predicate Intersects
[LIBGPUSPATIAL] [ 12656][18:00:13:088800][info  ] RTSpatialIndex 0x78f1ac00a7d0 (Used 1 MB), Allocate result buffer, memory consumption 0 MB, capacity 15
[LIBGPUSPATIAL] [ 12663][18:00:13:088800][info  ] RTSpatialIndex 0x78f1ac00a7d0 (Used 1 MB), Allocate result buffer, memory consumption 0 MB, capacity 13
[LIBGPUSPATIAL] [ 12656][18:00:13:090431][info  ] RTSpatialIndex 0x78f1ac00a7d0 (Used 3 MB), Probe Points, Size: 100000, Results: 15
[LIBGPUSPATIAL] [ 12658][18:00:13:090478][info  ] RTSpatialIndex 0x78f1ac00a7d0 (Used 2 MB), Allocate result buffer, memory consumption 0 MB, capacity 21
[LIBGPUSPATIAL] [ 12657][18:00:13:090544][info  ] RTSpatialIndex 0x78f1ac00a7d0 (Used 2 MB), Allocate result buffer, memory consumption 0 MB, capacity 16
[LIBGPUSPATIAL] [ 12663][18:00:13:090663][info  ] RTSpatialIndex 0x78f1ac00a7d0 (Used 2 MB), Probe Points, Size: 100000, Results: 13
[LIBGPUSPATIAL] [ 12658][18:00:13:091050][info  ] RTSpatialIndex 0x78f1ac00a7d0 (Used 1 MB), Probe Points, Size: 100000, Results: 21
[LIBGPUSPATIAL] [ 12657][18:00:13:091232][info  ] RTSpatialIndex 0x78f1ac00a7d0 (Used 0 MB), Probe Points, Size: 100000, Results: 16
[LIBGPUSPATIAL] [ 12663][18:00:13:091239][info  ] RTSpatialRefiner 0x78f1afd298a0 (Used 0 MB), Loaded Geometries, ProbeArray 100000, Loaded 13, Type Point
[LIBGPUSPATIAL] [ 12663][18:00:13:091314][info  ] RTSpatialRefiner 0x78f1afd298a0 (Used 0 MB), Evaluating 13 Geometry Pairs with Predicate Intersects
[LIBGPUSPATIAL] [ 12656][18:00:13:091399][info  ] RTSpatialRefiner 0x78f1afd298a0 (Used 0 MB), Loaded Geometries, ProbeArray 100000, Loaded 15, Type Point
[LIBGPUSPATIAL] [ 12656][18:00:13:091435][info  ] RTSpatialRefiner 0x78f1afd298a0 (Used 0 MB), Evaluating 15 Geometry Pairs with Predicate Intersects
[LIBGPUSPATIAL] [ 12658][18:00:13:091889][info  ] RTSpatialRefiner 0x78f1afd298a0 (Used 0 MB), Loaded Geometries, ProbeArray 100000, Loaded 21, Type Point
[LIBGPUSPATIAL] [ 12658][18:00:13:091935][info  ] RTSpatialRefiner 0x78f1afd298a0 (Used 0 MB), Evaluating 21 Geometry Pairs with Predicate Intersects
[LIBGPUSPATIAL] [ 12657][18:00:13:092115][info  ] RTSpatialRefiner 0x78f1afd298a0 (Used 0 MB), Loaded Geometries, ProbeArray 100000, Loaded 16, Type Point
[LIBGPUSPATIAL] [ 12657][18:00:13:092156][info  ] RTSpatialRefiner 0x78f1afd298a0 (Used 0 MB), Evaluating 16 Geometry Pairs with Predicate Intersects
[LIBGPUSPATIAL] [ 12659][18:00:13:094965][info  ] RTSpatialIndex 0x78f1ac00a7d0 (Used 2 MB), Allocate result buffer, memory consumption 0 MB, capacity 19
[LIBGPUSPATIAL] [ 12659][18:00:13:096201][info  ] RTSpatialIndex 0x78f1ac00a7d0 (Used 2 MB), Probe Points, Size: 100000, Results: 19
[LIBGPUSPATIAL] [ 12662][18:00:13:096241][info  ] RTSpatialIndex 0x78f1ac00a7d0 (Used 1 MB), Allocate result buffer, memory consumption 0 MB, capacity 15
[LIBGPUSPATIAL] [ 12660][18:00:13:096312][info  ] RTSpatialIndex 0x78f1ac00a7d0 (Used 3 MB), Allocate result buffer, memory consumption 0 MB, capacity 18
[LIBGPUSPATIAL] [ 12662][18:00:13:096820][info  ] RTSpatialIndex 0x78f1ac00a7d0 (Used 2 MB), Probe Points, Size: 100000, Results: 15
[LIBGPUSPATIAL] [ 12660][18:00:13:096992][info  ] RTSpatialIndex 0x78f1ac00a7d0 (Used 1 MB), Probe Points, Size: 100000, Results: 18
[LIBGPUSPATIAL] [ 12661][18:00:13:097047][info  ] RTSpatialIndex 0x78f1ac00a7d0 (Used 0 MB), Allocate result buffer, memory consumption 0 MB, capacity 13
[LIBGPUSPATIAL] [ 12661][18:00:13:097467][info  ] RTSpatialIndex 0x78f1ac00a7d0 (Used 0 MB), Probe Points, Size: 100000, Results: 13
[LIBGPUSPATIAL] [ 12659][18:00:13:097775][info  ] RTSpatialRefiner 0x78f1afd298a0 (Used 0 MB), Loaded Geometries, ProbeArray 100000, Loaded 19, Type Point
[LIBGPUSPATIAL] [ 12659][18:00:13:097816][info  ] RTSpatialRefiner 0x78f1afd298a0 (Used 0 MB), Evaluating 19 Geometry Pairs with Predicate Intersects
[LIBGPUSPATIAL] [ 12662][18:00:13:098746][info  ] RTSpatialRefiner 0x78f1afd298a0 (Used 0 MB), Loaded Geometries, ProbeArray 100000, Loaded 15, Type Point
[LIBGPUSPATIAL] [ 12662][18:00:13:098787][info  ] RTSpatialRefiner 0x78f1afd298a0 (Used 0 MB), Evaluating 15 Geometry Pairs with Predicate Intersects
[LIBGPUSPATIAL] [ 12661][18:00:13:101042][info  ] RTSpatialRefiner 0x78f1afd298a0 (Used 0 MB), Loaded Geometries, ProbeArray 100000, Loaded 13, Type Point
[LIBGPUSPATIAL] [ 12661][18:00:13:101188][info  ] RTSpatialRefiner 0x78f1afd298a0 (Used 0 MB), Evaluating 13 Geometry Pairs with Predicate Intersects
[LIBGPUSPATIAL] [ 12660][18:00:13:101215][info  ] RTSpatialRefiner 0x78f1afd298a0 (Used 0 MB), Loaded Geometries, ProbeArray 100000, Loaded 18, Type Point
[LIBGPUSPATIAL] [ 12660][18:00:13:101254][info  ] RTSpatialRefiner 0x78f1afd298a0 (Used 0 MB), Evaluating 18 Geometry Pairs with Predicate Intersects
[LIBGPUSPATIAL] [ 12663][18:00:13:104427][info  ] RTSpatialIndex 0x78f1ac00a7d0 (Used 2 MB), Allocate result buffer, memory consumption 0 MB, capacity 16
[LIBGPUSPATIAL] [ 12656][18:00:13:104511][info  ] RTSpatialIndex 0x78f1ac00a7d0 (Used 2 MB), Allocate result buffer, memory consumption 0 MB, capacity 14
[LIBGPUSPATIAL] [ 12658][18:00:13:104626][info  ] RTSpatialIndex 0x78f1ac00a7d0 (Used 2 MB), Allocate result buffer, memory consumption 0 MB, capacity 11
[LIBGPUSPATIAL] [ 12656][18:00:13:104747][info  ] RTSpatialIndex 0x78f1ac00a7d0 (Used 3 MB), Probe Points, Size: 100000, Results: 14
[LIBGPUSPATIAL] [ 12663][18:00:13:106070][info  ] RTSpatialIndex 0x78f1ac00a7d0 (Used 2 MB), Probe Points, Size: 100000, Results: 16
[LIBGPUSPATIAL] [ 12657][18:00:13:106138][info  ] RTSpatialIndex 0x78f1ac00a7d0 (Used 1 MB), Allocate result buffer, memory consumption 0 MB, capacity 9
[LIBGPUSPATIAL] [ 12658][18:00:13:106506][info  ] RTSpatialIndex 0x78f1ac00a7d0 (Used 1 MB), Probe Points, Size: 100000, Results: 11
[LIBGPUSPATIAL] [ 12657][18:00:13:106681][info  ] RTSpatialIndex 0x78f1ac00a7d0 (Used 0 MB), Probe Points, Size: 100000, Results: 9
[LIBGPUSPATIAL] [ 12656][18:00:13:106785][info  ] RTSpatialRefiner 0x78f1afd298a0 (Used 0 MB), Loaded Geometries, ProbeArray 100000, Loaded 14, Type Point
[LIBGPUSPATIAL] [ 12656][18:00:13:106886][info  ] RTSpatialRefiner 0x78f1afd298a0 (Used 0 MB), Evaluating 14 Geometry Pairs with Predicate Intersects
[LIBGPUSPATIAL] [ 12663][18:00:13:106912][info  ] RTSpatialRefiner 0x78f1afd298a0 (Used 0 MB), Loaded Geometries, ProbeArray 100000, Loaded 16, Type Point
[LIBGPUSPATIAL] [ 12663][18:00:13:106947][info  ] RTSpatialRefiner 0x78f1afd298a0 (Used 0 MB), Evaluating 16 Geometry Pairs with Predicate Intersects
[LIBGPUSPATIAL] [ 12658][18:00:13:109031][info  ] RTSpatialRefiner 0x78f1afd298a0 (Used 0 MB), Loaded Geometries, ProbeArray 100000, Loaded 11, Type Point
[LIBGPUSPATIAL] [ 12658][18:00:13:109079][info  ] RTSpatialRefiner 0x78f1afd298a0 (Used 0 MB), Evaluating 11 Geometry Pairs with Predicate Intersects
[LIBGPUSPATIAL] [ 12657][18:00:13:110094][info  ] RTSpatialRefiner 0x78f1afd298a0 (Used 1 MB), Loaded Geometries, ProbeArray 100000, Loaded 9, Type Point
[LIBGPUSPATIAL] [ 12657][18:00:13:110183][info  ] RTSpatialRefiner 0x78f1afd298a0 (Used 1 MB), Evaluating 9 Geometry Pairs with Predicate Intersects
[LIBGPUSPATIAL] [ 12662][18:00:13:110521][info  ] RTSpatialIndex 0x78f1ac00a7d0 (Used 0 MB), Allocate result buffer, memory consumption 0 MB, capacity 15
[LIBGPUSPATIAL] [ 12662][18:00:13:111019][info  ] RTSpatialIndex 0x78f1ac00a7d0 (Used 1 MB), Probe Points, Size: 100000, Results: 15
[LIBGPUSPATIAL] [ 12659][18:00:13:111251][info  ] RTSpatialIndex 0x78f1ac00a7d0 (Used 0 MB), Allocate result buffer, memory consumption 0 MB, capacity 19
[LIBGPUSPATIAL] [ 12662][18:00:13:111621][info  ] RTSpatialRefiner 0x78f1afd298a0 (Used 0 MB), Loaded Geometries, ProbeArray 100000, Loaded 15, Type Point
[LIBGPUSPATIAL] [ 12659][18:00:13:111751][info  ] RTSpatialIndex 0x78f1ac00a7d0 (Used 0 MB), Probe Points, Size: 100000, Results: 19
[LIBGPUSPATIAL] [ 12662][18:00:13:111856][info  ] RTSpatialRefiner 0x78f1afd298a0 (Used 0 MB), Evaluating 15 Geometry Pairs with Predicate Intersects
[LIBGPUSPATIAL] [ 12659][18:00:13:113206][info  ] RTSpatialRefiner 0x78f1afd298a0 (Used 0 MB), Loaded Geometries, ProbeArray 100000, Loaded 19, Type Point
[LIBGPUSPATIAL] [ 12659][18:00:13:113252][info  ] RTSpatialRefiner 0x78f1afd298a0 (Used 0 MB), Evaluating 19 Geometry Pairs with Predicate Intersects
[LIBGPUSPATIAL] [ 12660][18:00:13:114394][info  ] RTSpatialIndex 0x78f1ac00a7d0 (Used 3 MB), Allocate result buffer, memory consumption 0 MB, capacity 10
[LIBGPUSPATIAL] [ 12661][18:00:13:114796][info  ] RTSpatialIndex 0x78f1ac00a7d0 (Used 1 MB), Allocate result buffer, memory consumption 0 MB, capacity 9
[LIBGPUSPATIAL] [ 12660][18:00:13:115236][info  ] RTSpatialIndex 0x78f1ac00a7d0 (Used 1 MB), Probe Points, Size: 100000, Results: 10
[LIBGPUSPATIAL] [ 12661][18:00:13:115573][info  ] RTSpatialIndex 0x78f1ac00a7d0 (Used 0 MB), Probe Points, Size: 100000, Results: 9
[LIBGPUSPATIAL] [ 12660][18:00:13:115974][info  ] RTSpatialRefiner 0x78f1afd298a0 (Used 0 MB), Loaded Geometries, ProbeArray 100000, Loaded 10, Type Point
[LIBGPUSPATIAL] [ 12661][18:00:13:116016][info  ] RTSpatialRefiner 0x78f1afd298a0 (Used 0 MB), Loaded Geometries, ProbeArray 100000, Loaded 9, Type Point
[LIBGPUSPATIAL] [ 12660][18:00:13:116021][info  ] RTSpatialRefiner 0x78f1afd298a0 (Used 0 MB), Evaluating 10 Geometry Pairs with Predicate Intersects
[LIBGPUSPATIAL] [ 12661][18:00:13:116060][info  ] RTSpatialRefiner 0x78f1afd298a0 (Used 0 MB), Evaluating 9 Geometry Pairs with Predicate Intersects
[LIBGPUSPATIAL] [ 12656][18:00:13:119283][info  ] RTSpatialIndex 0x78f1ac00a7d0 (Used 0 MB), Allocate result buffer, memory consumption 0 MB, capacity 16
[LIBGPUSPATIAL] [ 12656][18:00:13:119425][info  ] RTSpatialIndex 0x78f1ac00a7d0 (Used 0 MB), Probe Points, Size: 100000, Results: 16
[LIBGPUSPATIAL] [ 12663][18:00:13:120041][info  ] RTSpatialIndex 0x78f1ac00a7d0 (Used 0 MB), Allocate result buffer, memory consumption 0 MB, capacity 14
[LIBGPUSPATIAL] [ 12663][18:00:13:120161][info  ] RTSpatialIndex 0x78f1ac00a7d0 (Used 0 MB), Probe Points, Size: 100000, Results: 14
[LIBGPUSPATIAL] [ 12656][18:00:13:120474][info  ] RTSpatialRefiner 0x78f1afd298a0 (Used 0 MB), Loaded Geometries, ProbeArray 100000, Loaded 16, Type Point
[LIBGPUSPATIAL] [ 12656][18:00:13:120516][info  ] RTSpatialRefiner 0x78f1afd298a0 (Used 0 MB), Evaluating 16 Geometry Pairs with Predicate Intersects
[LIBGPUSPATIAL] [ 12658][18:00:13:121483][info  ] RTSpatialIndex 0x78f1ac00a7d0 (Used 0 MB), Allocate result buffer, memory consumption 0 MB, capacity 8
[LIBGPUSPATIAL] [ 12658][18:00:13:121599][info  ] RTSpatialIndex 0x78f1ac00a7d0 (Used 0 MB), Probe Points, Size: 100000, Results: 8
[LIBGPUSPATIAL] [ 12658][18:00:13:121955][info  ] RTSpatialRefiner 0x78f1afd298a0 (Used 0 MB), Loaded Geometries, ProbeArray 100000, Loaded 8, Type Point
[LIBGPUSPATIAL] [ 12658][18:00:13:121996][info  ] RTSpatialRefiner 0x78f1afd298a0 (Used 0 MB), Evaluating 8 Geometry Pairs with Predicate Intersects
[LIBGPUSPATIAL] [ 12657][18:00:13:124200][info  ] RTSpatialIndex 0x78f1ac00a7d0 (Used 0 MB), Allocate result buffer, memory consumption 0 MB, capacity 14
[LIBGPUSPATIAL] [ 12657][18:00:13:124339][info  ] RTSpatialIndex 0x78f1ac00a7d0 (Used 0 MB), Probe Points, Size: 100000, Results: 14
[LIBGPUSPATIAL] [ 12663][18:00:13:124709][info  ] RTSpatialRefiner 0x78f1afd298a0 (Used 1 MB), Loaded Geometries, ProbeArray 100000, Loaded 14, Type Point
[LIBGPUSPATIAL] [ 12663][18:00:13:124752][info  ] RTSpatialRefiner 0x78f1afd298a0 (Used 1 MB), Evaluating 14 Geometry Pairs with Predicate Intersects
[LIBGPUSPATIAL] [ 12662][18:00:13:125201][info  ] RTSpatialIndex 0x78f1ac00a7d0 (Used 0 MB), Allocate result buffer, memory consumption 0 MB, capacity 16
[LIBGPUSPATIAL] [ 12657][18:00:13:125577][info  ] RTSpatialRefiner 0x78f1afd298a0 (Used 0 MB), Loaded Geometries, ProbeArray 100000, Loaded 14, Type Point
[LIBGPUSPATIAL] [ 12662][18:00:13:125680][info  ] RTSpatialIndex 0x78f1ac00a7d0 (Used 0 MB), Probe Points, Size: 100000, Results: 16
[LIBGPUSPATIAL] [ 12657][18:00:13:125709][info  ] RTSpatialRefiner 0x78f1afd298a0 (Used 0 MB), Evaluating 14 Geometry Pairs with Predicate Intersects
[LIBGPUSPATIAL] [ 12661][18:00:13:126833][info  ] RTSpatialIndex 0x78f1ac00a7d0 (Used 0 MB), Allocate result buffer, memory consumption 0 MB, capacity 16
[LIBGPUSPATIAL] [ 12661][18:00:13:127091][info  ] RTSpatialIndex 0x78f1ac00a7d0 (Used 0 MB), Probe Points, Size: 100000, Results: 16
[LIBGPUSPATIAL] [ 12662][18:00:13:127122][info  ] RTSpatialRefiner 0x78f1afd298a0 (Used 0 MB), Loaded Geometries, ProbeArray 100000, Loaded 16, Type Point
[LIBGPUSPATIAL] [ 12662][18:00:13:127161][info  ] RTSpatialRefiner 0x78f1afd298a0 (Used 0 MB), Evaluating 16 Geometry Pairs with Predicate Intersects
[LIBGPUSPATIAL] [ 12659][18:00:13:128346][info  ] RTSpatialIndex 0x78f1ac00a7d0 (Used 0 MB), Allocate result buffer, memory consumption 0 MB, capacity 15
[LIBGPUSPATIAL] [ 12659][18:00:13:128481][info  ] RTSpatialIndex 0x78f1ac00a7d0 (Used 0 MB), Probe Points, Size: 100000, Results: 15
[LIBGPUSPATIAL] [ 12659][18:00:13:129080][info  ] RTSpatialRefiner 0x78f1afd298a0 (Used 0 MB), Loaded Geometries, ProbeArray 100000, Loaded 15, Type Point
[LIBGPUSPATIAL] [ 12660][18:00:13:129149][info  ] RTSpatialIndex 0x78f1ac00a7d0 (Used 0 MB), Allocate result buffer, memory consumption 0 MB, capacity 12
[LIBGPUSPATIAL] [ 12659][18:00:13:129242][info  ] RTSpatialRefiner 0x78f1afd298a0 (Used 0 MB), Evaluating 15 Geometry Pairs with Predicate Intersects
[LIBGPUSPATIAL] [ 12660][18:00:13:129265][info  ] RTSpatialIndex 0x78f1ac00a7d0 (Used 0 MB), Probe Points, Size: 100000, Results: 12
[LIBGPUSPATIAL] [ 12661][18:00:13:129414][info  ] RTSpatialRefiner 0x78f1afd298a0 (Used 0 MB), Loaded Geometries, ProbeArray 100000, Loaded 16, Type Point
[LIBGPUSPATIAL] [ 12661][18:00:13:129459][info  ] RTSpatialRefiner 0x78f1afd298a0 (Used 0 MB), Evaluating 16 Geometry Pairs with Predicate Intersects
[LIBGPUSPATIAL] [ 12660][18:00:13:129779][info  ] RTSpatialRefiner 0x78f1afd298a0 (Used 0 MB), Loaded Geometries, ProbeArray 100000, Loaded 12, Type Point
[LIBGPUSPATIAL] [ 12660][18:00:13:129824][info  ] RTSpatialRefiner 0x78f1afd298a0 (Used 0 MB), Evaluating 12 Geometry Pairs with Predicate Intersects
[LIBGPUSPATIAL] [ 12656][18:00:13:133610][info  ] RTSpatialIndex 0x78f1ac00a7d0 (Used 0 MB), Allocate result buffer, memory consumption 0 MB, capacity 8
[LIBGPUSPATIAL] [ 12656][18:00:13:133753][info  ] RTSpatialIndex 0x78f1ac00a7d0 (Used 0 MB), Probe Points, Size: 100000, Results: 8
[LIBGPUSPATIAL] [ 12656][18:00:13:134314][info  ] RTSpatialRefiner 0x78f1afd298a0 (Used 1 MB), Loaded Geometries, ProbeArray 100000, Loaded 8, Type Point
[LIBGPUSPATIAL] [ 12656][18:00:13:134427][info  ] RTSpatialRefiner 0x78f1afd298a0 (Used 1 MB), Evaluating 8 Geometry Pairs with Predicate Intersects
[LIBGPUSPATIAL] [ 12658][18:00:13:134878][info  ] RTSpatialIndex 0x78f1ac00a7d0 (Used 0 MB), Allocate result buffer, memory consumption 0 MB, capacity 19
[LIBGPUSPATIAL] [ 12658][18:00:13:135009][info  ] RTSpatialIndex 0x78f1ac00a7d0 (Used 0 MB), Probe Points, Size: 100000, Results: 19
[LIBGPUSPATIAL] [ 12658][18:00:13:138763][info  ] RTSpatialRefiner 0x78f1afd298a0 (Used 2 MB), Loaded Geometries, ProbeArray 100000, Loaded 19, Type Point
[LIBGPUSPATIAL] [ 12658][18:00:13:138819][info  ] RTSpatialRefiner 0x78f1afd298a0 (Used 2 MB), Evaluating 19 Geometry Pairs with Predicate Intersects
[LIBGPUSPATIAL] [ 12663][18:00:13:139402][info  ] RTSpatialIndex 0x78f1ac00a7d0 (Used 3 MB), Allocate result buffer, memory consumption 0 MB, capacity 12
[LIBGPUSPATIAL] [ 12657][18:00:13:139818][info  ] RTSpatialIndex 0x78f1ac00a7d0 (Used 2 MB), Allocate result buffer, memory consumption 0 MB, capacity 20
[LIBGPUSPATIAL] [ 12663][18:00:13:139940][info  ] RTSpatialIndex 0x78f1ac00a7d0 (Used 2 MB), Probe Points, Size: 100000, Results: 12
[LIBGPUSPATIAL] [ 12662][18:00:13:140152][info  ] RTSpatialIndex 0x78f1ac00a7d0 (Used 1 MB), Allocate result buffer, memory consumption 0 MB, capacity 16
[LIBGPUSPATIAL] [ 12663][18:00:13:140553][info  ] RTSpatialRefiner 0x78f1afd298a0 (Used 2 MB), Loaded Geometries, ProbeArray 100000, Loaded 12, Type Point
[LIBGPUSPATIAL] [ 12663][18:00:13:140651][info  ] RTSpatialRefiner 0x78f1afd298a0 (Used 2 MB), Evaluating 12 Geometry Pairs with Predicate Intersects
[LIBGPUSPATIAL] [ 12657][18:00:13:140717][info  ] RTSpatialIndex 0x78f1ac00a7d0 (Used 2 MB), Probe Points, Size: 100000, Results: 20
[LIBGPUSPATIAL] [ 12662][18:00:13:141023][info  ] RTSpatialIndex 0x78f1ac00a7d0 (Used 1 MB), Probe Points, Size: 100000, Results: 16
[LIBGPUSPATIAL] [ 12657][18:00:13:141205][info  ] RTSpatialRefiner 0x78f1afd298a0 (Used 0 MB), Loaded Geometries, ProbeArray 100000, Loaded 20, Type Point
[LIBGPUSPATIAL] [ 12659][18:00:13:141263][info  ] RTSpatialIndex 0x78f1ac00a7d0 (Used 0 MB), Allocate result buffer, memory consumption 0 MB, capacity 15
[LIBGPUSPATIAL] [ 12657][18:00:13:141360][info  ] RTSpatialRefiner 0x78f1afd298a0 (Used 0 MB), Evaluating 20 Geometry Pairs with Predicate Intersects
[LIBGPUSPATIAL] [ 12662][18:00:13:141702][info  ] RTSpatialRefiner 0x78f1afd298a0 (Used 0 MB), Loaded Geometries, ProbeArray 100000, Loaded 16, Type Point
[LIBGPUSPATIAL] [ 12662][18:00:13:141751][info  ] RTSpatialRefiner 0x78f1afd298a0 (Used 0 MB), Evaluating 16 Geometry Pairs with Predicate Intersects
[LIBGPUSPATIAL] [ 12659][18:00:13:143765][info  ] RTSpatialIndex 0x78f1ac00a7d0 (Used 2 MB), Probe Points, Size: 100000, Results: 15
[LIBGPUSPATIAL] [ 12660][18:00:13:143814][info  ] RTSpatialIndex 0x78f1ac00a7d0 (Used 1 MB), Allocate result buffer, memory consumption 0 MB, capacity 15
[LIBGPUSPATIAL] [ 12661][18:00:13:143897][info  ] RTSpatialIndex 0x78f1ac00a7d0 (Used 1 MB), Allocate result buffer, memory consumption 0 MB, capacity 14
[LIBGPUSPATIAL] [ 12660][18:00:13:144051][info  ] RTSpatialIndex 0x78f1ac00a7d0 (Used 1 MB), Probe Points, Size: 100000, Results: 15
[LIBGPUSPATIAL] [ 12661][18:00:13:144294][info  ] RTSpatialIndex 0x78f1ac00a7d0 (Used 0 MB), Probe Points, Size: 100000, Results: 14
[LIBGPUSPATIAL] [ 12659][18:00:13:144622][info  ] RTSpatialRefiner 0x78f1afd298a0 (Used 0 MB), Loaded Geometries, ProbeArray 100000, Loaded 15, Type Point
[LIBGPUSPATIAL] [ 12661][18:00:13:144629][info  ] RTSpatialRefiner 0x78f1afd298a0 (Used 0 MB), Loaded Geometries, ProbeArray 100000, Loaded 14, Type Point
[LIBGPUSPATIAL] [ 12659][18:00:13:144670][info  ] RTSpatialRefiner 0x78f1afd298a0 (Used 0 MB), Evaluating 15 Geometry Pairs with Predicate Intersects
[LIBGPUSPATIAL] [ 12661][18:00:13:144676][info  ] RTSpatialRefiner 0x78f1afd298a0 (Used 0 MB), Evaluating 14 Geometry Pairs with Predicate Intersects
[LIBGPUSPATIAL] [ 12660][18:00:13:144771][info  ] RTSpatialRefiner 0x78f1afd298a0 (Used 0 MB), Loaded Geometries, ProbeArray 100000, Loaded 15, Type Point
[LIBGPUSPATIAL] [ 12660][18:00:13:144817][info  ] RTSpatialRefiner 0x78f1afd298a0 (Used 0 MB), Evaluating 15 Geometry Pairs with Predicate Intersects
[LIBGPUSPATIAL] [ 12656][18:00:13:147421][info  ] RTSpatialIndex 0x78f1ac00a7d0 (Used 0 MB), Allocate result buffer, memory consumption 0 MB, capacity 20
[LIBGPUSPATIAL] [ 12656][18:00:13:147549][info  ] RTSpatialIndex 0x78f1ac00a7d0 (Used 0 MB), Probe Points, Size: 100000, Results: 20
[LIBGPUSPATIAL] [ 12656][18:00:13:150263][info  ] RTSpatialRefiner 0x78f1afd298a0 (Used 0 MB), Loaded Geometries, ProbeArray 100000, Loaded 20, Type Point
[LIBGPUSPATIAL] [ 12656][18:00:13:150307][info  ] RTSpatialRefiner 0x78f1afd298a0 (Used 0 MB), Evaluating 20 Geometry Pairs with Predicate Intersects
[LIBGPUSPATIAL] [ 12662][18:00:13:151968][info  ] RTSpatialIndex 0x78f1ac00a7d0 (Used 0 MB), Allocate result buffer, memory consumption 0 MB, capacity 12
[LIBGPUSPATIAL] [ 12662][18:00:13:152087][info  ] RTSpatialIndex 0x78f1ac00a7d0 (Used 0 MB), Probe Points, Size: 100000, Results: 12
[LIBGPUSPATIAL] [ 12662][18:00:13:152631][info  ] RTSpatialRefiner 0x78f1afd298a0 (Used 1 MB), Loaded Geometries, ProbeArray 100000, Loaded 12, Type Point
[LIBGPUSPATIAL] [ 12662][18:00:13:152718][info  ] RTSpatialRefiner 0x78f1afd298a0 (Used 1 MB), Evaluating 12 Geometry Pairs with Predicate Intersects
[LIBGPUSPATIAL] [ 12658][18:00:13:153142][info  ] RTSpatialIndex 0x78f1ac00a7d0 (Used 0 MB), Allocate result buffer, memory consumption 0 MB, capacity 12
[LIBGPUSPATIAL] [ 12658][18:00:13:153266][info  ] RTSpatialIndex 0x78f1ac00a7d0 (Used 0 MB), Probe Points, Size: 100000, Results: 12
[LIBGPUSPATIAL] [ 12658][18:00:13:153625][info  ] RTSpatialRefiner 0x78f1afd298a0 (Used 0 MB), Loaded Geometries, ProbeArray 100000, Loaded 12, Type Point
[LIBGPUSPATIAL] [ 12658][18:00:13:153669][info  ] RTSpatialRefiner 0x78f1afd298a0 (Used 0 MB), Evaluating 12 Geometry Pairs with Predicate Intersects
[LIBGPUSPATIAL] [ 12657][18:00:13:154981][info  ] RTSpatialIndex 0x78f1ac00a7d0 (Used 0 MB), Allocate result buffer, memory consumption 0 MB, capacity 23
[LIBGPUSPATIAL] [ 12657][18:00:13:155390][info  ] RTSpatialIndex 0x78f1ac00a7d0 (Used 1 MB), Probe Points, Size: 100000, Results: 23
[LIBGPUSPATIAL] [ 12663][18:00:13:155481][info  ] RTSpatialIndex 0x78f1ac00a7d0 (Used 0 MB), Allocate result buffer, memory consumption 0 MB, capacity 24
[LIBGPUSPATIAL] [ 12663][18:00:13:155674][info  ] RTSpatialIndex 0x78f1ac00a7d0 (Used 0 MB), Probe Points, Size: 100000, Results: 24
[LIBGPUSPATIAL] [ 12657][18:00:13:155818][info  ] RTSpatialRefiner 0x78f1afd298a0 (Used 0 MB), Loaded Geometries, ProbeArray 100000, Loaded 23, Type Point
[LIBGPUSPATIAL] [ 12657][18:00:13:155884][info  ] RTSpatialRefiner 0x78f1afd298a0 (Used 0 MB), Evaluating 23 Geometry Pairs with Predicate Intersects
[LIBGPUSPATIAL] [ 12663][18:00:13:156123][info  ] RTSpatialRefiner 0x78f1afd298a0 (Used 0 MB), Loaded Geometries, ProbeArray 100000, Loaded 24, Type Point
[LIBGPUSPATIAL] [ 12663][18:00:13:156309][info  ] RTSpatialRefiner 0x78f1afd298a0 (Used 0 MB), Evaluating 24 Geometry Pairs with Predicate Intersects
[LIBGPUSPATIAL] [ 12661][18:00:13:157278][info  ] RTSpatialIndex 0x78f1ac00a7d0 (Used 0 MB), Allocate result buffer, memory consumption 0 MB, capacity 13
[LIBGPUSPATIAL] [ 12661][18:00:13:157401][info  ] RTSpatialIndex 0x78f1ac00a7d0 (Used 0 MB), Probe Points, Size: 100000, Results: 13
[LIBGPUSPATIAL] [ 12660][18:00:13:158198][info  ] RTSpatialIndex 0x78f1ac00a7d0 (Used 0 MB), Allocate result buffer, memory consumption 0 MB, capacity 25
[LIBGPUSPATIAL] [ 12661][18:00:13:158204][info  ] RTSpatialRefiner 0x78f1afd298a0 (Used 0 MB), Loaded Geometries, ProbeArray 100000, Loaded 13, Type Point
[LIBGPUSPATIAL] [ 12661][18:00:13:158298][info  ] RTSpatialRefiner 0x78f1afd298a0 (Used 0 MB), Evaluating 13 Geometry Pairs with Predicate Intersects
[LIBGPUSPATIAL] [ 12660][18:00:13:158322][info  ] RTSpatialIndex 0x78f1ac00a7d0 (Used 0 MB), Probe Points, Size: 100000, Results: 25
[LIBGPUSPATIAL] [ 12660][18:00:13:158686][info  ] RTSpatialRefiner 0x78f1afd298a0 (Used 0 MB), Loaded Geometries, ProbeArray 100000, Loaded 25, Type Point
[LIBGPUSPATIAL] [ 12660][18:00:13:158751][info  ] RTSpatialRefiner 0x78f1afd298a0 (Used 0 MB), Evaluating 25 Geometry Pairs with Predicate Intersects
[LIBGPUSPATIAL] [ 12658][18:00:13:159326][info  ] RTSpatialIndex 0x78f1ac00a7d0 (Used 0 MB), Allocate result buffer, memory consumption 0 MB, capacity 7
[LIBGPUSPATIAL] [ 12658][18:00:13:159505][info  ] RTSpatialIndex 0x78f1ac00a7d0 (Used 0 MB), Probe Points, Size: 33333, Results: 7
[LIBGPUSPATIAL] [ 12658][18:00:13:159919][info  ] RTSpatialRefiner 0x78f1afd298a0 (Used 0 MB), Loaded Geometries, ProbeArray 33333, Loaded 7, Type Point
[LIBGPUSPATIAL] [ 12658][18:00:13:159972][info  ] RTSpatialRefiner 0x78f1afd298a0 (Used 0 MB), Evaluating 7 Geometry Pairs with Predicate Intersects
[LIBGPUSPATIAL] [ 12659][18:00:13:159982][info  ] RTSpatialIndex 0x78f1ac00a7d0 (Used 0 MB), Allocate result buffer, memory consumption 0 MB, capacity 19
[LIBGPUSPATIAL] [ 12659][18:00:13:160354][info  ] RTSpatialIndex 0x78f1ac00a7d0 (Used 0 MB), Probe Points, Size: 100000, Results: 19
[LIBGPUSPATIAL] [ 12659][18:00:13:160773][info  ] RTSpatialRefiner 0x78f1afd298a0 (Used 0 MB), Loaded Geometries, ProbeArray 100000, Loaded 19, Type Point
[LIBGPUSPATIAL] [ 12659][18:00:13:160897][info  ] RTSpatialRefiner 0x78f1afd298a0 (Used 0 MB), Evaluating 19 Geometry Pairs with Predicate Intersects
[LIBGPUSPATIAL] [ 12656][18:00:13:164947][info  ] RTSpatialIndex 0x78f1ac00a7d0 (Used 0 MB), Allocate result buffer, memory consumption 0 MB, capacity 20
[LIBGPUSPATIAL] [ 12656][18:00:13:165130][info  ] RTSpatialIndex 0x78f1ac00a7d0 (Used 0 MB), Probe Points, Size: 100000, Results: 20
[LIBGPUSPATIAL] [ 12656][18:00:13:165548][info  ] RTSpatialRefiner 0x78f1afd298a0 (Used 0 MB), Loaded Geometries, ProbeArray 100000, Loaded 20, Type Point
[LIBGPUSPATIAL] [ 12656][18:00:13:165584][info  ] RTSpatialRefiner 0x78f1afd298a0 (Used 0 MB), Evaluating 20 Geometry Pairs with Predicate Intersects
[LIBGPUSPATIAL] [ 12662][18:00:13:169527][info  ] RTSpatialIndex 0x78f1ac00a7d0 (Used 1 MB), Allocate result buffer, memory consumption 0 MB, capacity 22
[LIBGPUSPATIAL] [ 12657][18:00:13:169533][info  ] RTSpatialIndex 0x78f1ac00a7d0 (Used 1 MB), Allocate result buffer, memory consumption 0 MB, capacity 15
[LIBGPUSPATIAL] [ 12662][18:00:13:170028][info  ] RTSpatialIndex 0x78f1ac00a7d0 (Used 3 MB), Probe Points, Size: 100000, Results: 22
[LIBGPUSPATIAL] [ 12657][18:00:13:170295][info  ] RTSpatialIndex 0x78f1ac00a7d0 (Used 3 MB), Probe Points, Size: 100000, Results: 15
[LIBGPUSPATIAL] [ 12663][18:00:13:170540][info  ] RTSpatialIndex 0x78f1ac00a7d0 (Used 2 MB), Allocate result buffer, memory consumption 0 MB, capacity 9
[LIBGPUSPATIAL] [ 12661][18:00:13:170895][info  ] RTSpatialIndex 0x78f1ac00a7d0 (Used 1 MB), Allocate result buffer, memory consumption 0 MB, capacity 10
[LIBGPUSPATIAL] [ 12663][18:00:13:170982][info  ] RTSpatialIndex 0x78f1ac00a7d0 (Used 1 MB), Probe Points, Size: 100000, Results: 9
[LIBGPUSPATIAL] [ 12661][18:00:13:171099][info  ] RTSpatialIndex 0x78f1ac00a7d0 (Used 0 MB), Probe Points, Size: 100000, Results: 10
[LIBGPUSPATIAL] [ 12662][18:00:13:171233][info  ] RTSpatialRefiner 0x78f1afd298a0 (Used 0 MB), Loaded Geometries, ProbeArray 100000, Loaded 22, Type Point
[LIBGPUSPATIAL] [ 12657][18:00:13:171279][info  ] RTSpatialRefiner 0x78f1afd298a0 (Used 1 MB), Loaded Geometries, ProbeArray 100000, Loaded 15, Type Point
[LIBGPUSPATIAL] [ 12662][18:00:13:171283][info  ] RTSpatialRefiner 0x78f1afd298a0 (Used 1 MB), Evaluating 22 Geometry Pairs with Predicate Intersects
[LIBGPUSPATIAL] [ 12657][18:00:13:171332][info  ] RTSpatialRefiner 0x78f1afd298a0 (Used 1 MB), Evaluating 15 Geometry Pairs with Predicate Intersects
[LIBGPUSPATIAL] [ 12663][18:00:13:171688][info  ] RTSpatialRefiner 0x78f1afd298a0 (Used 0 MB), Loaded Geometries, ProbeArray 100000, Loaded 9, Type Point
[LIBGPUSPATIAL] [ 12661][18:00:13:171722][info  ] RTSpatialRefiner 0x78f1afd298a0 (Used 0 MB), Loaded Geometries, ProbeArray 100000, Loaded 10, Type Point
[LIBGPUSPATIAL] [ 12663][18:00:13:171774][info  ] RTSpatialRefiner 0x78f1afd298a0 (Used 0 MB), Evaluating 9 Geometry Pairs with Predicate Intersects
[LIBGPUSPATIAL] [ 12661][18:00:13:171793][info  ] RTSpatialRefiner 0x78f1afd298a0 (Used 0 MB), Evaluating 10 Geometry Pairs with Predicate Intersects
[LIBGPUSPATIAL] [ 12660][18:00:13:171820][info  ] RTSpatialIndex 0x78f1ac00a7d0 (Used 0 MB), Allocate result buffer, memory consumption 0 MB, capacity 11
[LIBGPUSPATIAL] [ 12660][18:00:13:173130][info  ] RTSpatialIndex 0x78f1ac00a7d0 (Used 1 MB), Probe Points, Size: 100000, Results: 11
[LIBGPUSPATIAL] [ 12660][18:00:13:175795][info  ] RTSpatialRefiner 0x78f1afd298a0 (Used 0 MB), Loaded Geometries, ProbeArray 100000, Loaded 11, Type Point
[LIBGPUSPATIAL] [ 12660][18:00:13:175865][info  ] RTSpatialRefiner 0x78f1afd298a0 (Used 0 MB), Evaluating 11 Geometry Pairs with Predicate Intersects
[LIBGPUSPATIAL] [ 12659][18:00:13:178835][info  ] RTSpatialIndex 0x78f1ac00a7d0 (Used 3 MB), Allocate result buffer, memory consumption 0 MB, capacity 8
[LIBGPUSPATIAL] [ 12661][18:00:13:179001][info  ] RTSpatialIndex 0x78f1ac00a7d0 (Used 3 MB), Allocate result buffer, memory consumption 0 MB, capacity 4
[LIBGPUSPATIAL] [ 12656][18:00:13:178905][info  ] RTSpatialIndex 0x78f1ac00a7d0 (Used 3 MB), Allocate result buffer, memory consumption 0 MB, capacity 20
[LIBGPUSPATIAL] [ 12658][18:00:13:178956][info  ] RTSpatialIndex 0x78f1ac00a7d0 (Used 3 MB), Allocate result buffer, memory consumption 0 MB, capacity 10
[LIBGPUSPATIAL] [ 12662][18:00:13:179092][info  ] RTSpatialIndex 0x78f1ac00a7d0 (Used 3 MB), Allocate result buffer, memory consumption 0 MB, capacity 8
[LIBGPUSPATIAL] [ 12663][18:00:13:179307][info  ] RTSpatialIndex 0x78f1ac00a7d0 (Used 3 MB), Allocate result buffer, memory consumption 0 MB, capacity 7
[LIBGPUSPATIAL] [ 12656][18:00:13:179417][info  ] RTSpatialIndex 0x78f1ac00a7d0 (Used 3 MB), Probe Points, Size: 100000, Results: 20
[LIBGPUSPATIAL] [ 12661][18:00:13:179546][info  ] RTSpatialIndex 0x78f1ac00a7d0 (Used 2 MB), Probe Points, Size: 33333, Results: 4
[LIBGPUSPATIAL] [ 12658][18:00:13:179655][info  ] RTSpatialIndex 0x78f1ac00a7d0 (Used 2 MB), Probe Points, Size: 100000, Results: 10
[LIBGPUSPATIAL] [ 12659][18:00:13:179751][info  ] RTSpatialIndex 0x78f1ac00a7d0 (Used 1 MB), Probe Points, Size: 100000, Results: 8
[LIBGPUSPATIAL] [ 12662][18:00:13:179966][info  ] RTSpatialIndex 0x78f1ac00a7d0 (Used 0 MB), Probe Points, Size: 33333, Results: 8
[LIBGPUSPATIAL] [ 12663][18:00:13:180248][info  ] RTSpatialIndex 0x78f1ac00a7d0 (Used 0 MB), Probe Points, Size: 33333, Results: 7
[LIBGPUSPATIAL] [ 12661][18:00:13:180804][info  ] RTSpatialRefiner 0x78f1afd298a0 (Used 0 MB), Loaded Geometries, ProbeArray 33333, Loaded 4, Type Point
[LIBGPUSPATIAL] [ 12661][18:00:13:180872][info  ] RTSpatialRefiner 0x78f1afd298a0 (Used 0 MB), Evaluating 4 Geometry Pairs with Predicate Intersects
[LIBGPUSPATIAL] [ 12663][18:00:13:180886][info  ] RTSpatialRefiner 0x78f1afd298a0 (Used 0 MB), Loaded Geometries, ProbeArray 33333, Loaded 7, Type Point
[LIBGPUSPATIAL] [ 12663][18:00:13:180924][info  ] RTSpatialRefiner 0x78f1afd298a0 (Used 0 MB), Evaluating 7 Geometry Pairs with Predicate Intersects
[LIBGPUSPATIAL] [ 12658][18:00:13:180970][info  ] RTSpatialRefiner 0x78f1afd298a0 (Used 0 MB), Loaded Geometries, ProbeArray 100000, Loaded 10, Type Point
[LIBGPUSPATIAL] [ 12658][18:00:13:181008][info  ] RTSpatialRefiner 0x78f1afd298a0 (Used 0 MB), Evaluating 10 Geometry Pairs with Predicate Intersects
[LIBGPUSPATIAL] [ 12662][18:00:13:181228][info  ] RTSpatialRefiner 0x78f1afd298a0 (Used 0 MB), Loaded Geometries, ProbeArray 33333, Loaded 8, Type Point
[LIBGPUSPATIAL] [ 12662][18:00:13:181286][info  ] RTSpatialRefiner 0x78f1afd298a0 (Used 0 MB), Evaluating 8 Geometry Pairs with Predicate Intersects
[LIBGPUSPATIAL] [ 12659][18:00:13:181303][info  ] RTSpatialRefiner 0x78f1afd298a0 (Used 0 MB), Loaded Geometries, ProbeArray 100000, Loaded 8, Type Point
[LIBGPUSPATIAL] [ 12656][18:00:13:181489][info  ] RTSpatialRefiner 0x78f1afd298a0 (Used 0 MB), Loaded Geometries, ProbeArray 100000, Loaded 20, Type Point
[LIBGPUSPATIAL] [ 12656][18:00:13:181547][info  ] RTSpatialRefiner 0x78f1afd298a0 (Used 0 MB), Evaluating 20 Geometry Pairs with Predicate Intersects
[LIBGPUSPATIAL] [ 12659][18:00:13:181590][info  ] RTSpatialRefiner 0x78f1afd298a0 (Used 0 MB), Evaluating 8 Geometry Pairs with Predicate Intersects
[LIBGPUSPATIAL] [ 12657][18:00:13:186313][info  ] RTSpatialIndex 0x78f1ac00a7d0 (Used 0 MB), Allocate result buffer, memory consumption 0 MB, capacity 18
[LIBGPUSPATIAL] [ 12657][18:00:13:186461][info  ] RTSpatialIndex 0x78f1ac00a7d0 (Used 0 MB), Probe Points, Size: 100000, Results: 18
[LIBGPUSPATIAL] [ 12660][18:00:13:188950][info  ] RTSpatialIndex 0x78f1ac00a7d0 (Used 0 MB), Allocate result buffer, memory consumption 0 MB, capacity 20
[LIBGPUSPATIAL] [ 12660][18:00:13:189086][info  ] RTSpatialIndex 0x78f1ac00a7d0 (Used 0 MB), Probe Points, Size: 100000, Results: 20
[LIBGPUSPATIAL] [ 12657][18:00:13:189541][info  ] RTSpatialRefiner 0x78f1afd298a0 (Used 0 MB), Loaded Geometries, ProbeArray 100000, Loaded 18, Type Point
[LIBGPUSPATIAL] [ 12657][18:00:13:189681][info  ] RTSpatialRefiner 0x78f1afd298a0 (Used 0 MB), Evaluating 18 Geometry Pairs with Predicate Intersects
[LIBGPUSPATIAL] [ 12660][18:00:13:192663][info  ] RTSpatialRefiner 0x78f1afd298a0 (Used 0 MB), Loaded Geometries, ProbeArray 100000, Loaded 20, Type Point
[LIBGPUSPATIAL] [ 12660][18:00:13:192725][info  ] RTSpatialRefiner 0x78f1afd298a0 (Used 0 MB), Evaluating 20 Geometry Pairs with Predicate Intersects
[LIBGPUSPATIAL] [ 12659][18:00:13:193749][info  ] RTSpatialIndex 0x78f1ac00a7d0 (Used 0 MB), Allocate result buffer, memory consumption 0 MB, capacity 16
[LIBGPUSPATIAL] [ 12659][18:00:13:193913][info  ] RTSpatialIndex 0x78f1ac00a7d0 (Used 0 MB), Probe Points, Size: 100000, Results: 16
[LIBGPUSPATIAL] [ 12659][18:00:13:194546][info  ] RTSpatialRefiner 0x78f1afd298a0 (Used 1 MB), Loaded Geometries, ProbeArray 100000, Loaded 16, Type Point
[LIBGPUSPATIAL] [ 12659][18:00:13:194661][info  ] RTSpatialRefiner 0x78f1afd298a0 (Used 1 MB), Evaluating 16 Geometry Pairs with Predicate Intersects
[LIBGPUSPATIAL] [ 12658][18:00:13:195900][info  ] RTSpatialIndex 0x78f1ac00a7d0 (Used 1 MB), Allocate result buffer, memory consumption 0 MB, capacity 18
[LIBGPUSPATIAL] [ 12656][18:00:13:196083][info  ] RTSpatialIndex 0x78f1ac00a7d0 (Used 1 MB), Allocate result buffer, memory consumption 0 MB, capacity 20
[LIBGPUSPATIAL] [ 12656][18:00:13:196395][info  ] RTSpatialIndex 0x78f1ac00a7d0 (Used 1 MB), Probe Points, Size: 100000, Results: 20
[LIBGPUSPATIAL] [ 12658][18:00:13:196588][info  ] RTSpatialIndex 0x78f1ac00a7d0 (Used 0 MB), Probe Points, Size: 100000, Results: 18
[LIBGPUSPATIAL] [ 12656][18:00:13:197183][info  ] RTSpatialRefiner 0x78f1afd298a0 (Used 0 MB), Loaded Geometries, ProbeArray 100000, Loaded 20, Type Point
[LIBGPUSPATIAL] [ 12656][18:00:13:197231][info  ] RTSpatialRefiner 0x78f1afd298a0 (Used 0 MB), Evaluating 20 Geometry Pairs with Predicate Intersects
[LIBGPUSPATIAL] [ 12658][18:00:13:197497][info  ] RTSpatialRefiner 0x78f1afd298a0 (Used 0 MB), Loaded Geometries, ProbeArray 100000, Loaded 18, Type Point
[LIBGPUSPATIAL] [ 12658][18:00:13:197561][info  ] RTSpatialRefiner 0x78f1afd298a0 (Used 0 MB), Evaluating 18 Geometry Pairs with Predicate Intersects
[LIBGPUSPATIAL] [ 12662][18:00:13:200621][info  ] RTSpatialIndex 0x78f1ac00a7d0 (Used 0 MB), Allocate result buffer, memory consumption 0 MB, capacity 16
[LIBGPUSPATIAL] [ 12662][18:00:13:200745][info  ] RTSpatialIndex 0x78f1ac00a7d0 (Used 0 MB), Probe Points, Size: 100000, Results: 16
[LIBGPUSPATIAL] [ 12662][18:00:13:201091][info  ] RTSpatialRefiner 0x78f1afd298a0 (Used 0 MB), Loaded Geometries, ProbeArray 100000, Loaded 16, Type Point
[LIBGPUSPATIAL] [ 12662][18:00:13:201134][info  ] RTSpatialRefiner 0x78f1afd298a0 (Used 0 MB), Evaluating 16 Geometry Pairs with Predicate Intersects
[LIBGPUSPATIAL] [ 12659][18:00:13:201720][info  ] RTSpatialIndex 0x78f1ac00a7d0 (Used 0 MB), Allocate result buffer, memory consumption 0 MB, capacity 3
[LIBGPUSPATIAL] [ 12659][18:00:13:202200][info  ] RTSpatialIndex 0x78f1ac00a7d0 (Used 0 MB), Probe Points, Size: 33333, Results: 3
[LIBGPUSPATIAL] [ 12656][18:00:13:202888][info  ] RTSpatialIndex 0x78f1ac00a7d0 (Used 1 MB), Allocate result buffer, memory consumption 0 MB, capacity 2
[LIBGPUSPATIAL] [ 12657][18:00:13:202958][info  ] RTSpatialIndex 0x78f1ac00a7d0 (Used 1 MB), Allocate result buffer, memory consumption 0 MB, capacity 13
[LIBGPUSPATIAL] [ 12659][18:00:13:203007][info  ] RTSpatialRefiner 0x78f1afd298a0 (Used 1 MB), Loaded Geometries, ProbeArray 33333, Loaded 3, Type Point
[LIBGPUSPATIAL] [ 12659][18:00:13:203047][info  ] RTSpatialRefiner 0x78f1afd298a0 (Used 1 MB), Evaluating 3 Geometry Pairs with Predicate Intersects
[LIBGPUSPATIAL] [ 12656][18:00:13:203155][info  ] RTSpatialIndex 0x78f1ac00a7d0 (Used 1 MB), Probe Points, Size: 33333, Results: 2
[LIBGPUSPATIAL] [ 12657][18:00:13:203438][info  ] RTSpatialIndex 0x78f1ac00a7d0 (Used 0 MB), Probe Points, Size: 100000, Results: 13
[LIBGPUSPATIAL] [ 12657][18:00:13:203883][info  ] RTSpatialRefiner 0x78f1afd298a0 (Used 0 MB), Loaded Geometries, ProbeArray 100000, Loaded 13, Type Point
[LIBGPUSPATIAL] [ 12656][18:00:13:203890][info  ] RTSpatialRefiner 0x78f1afd298a0 (Used 0 MB), Loaded Geometries, ProbeArray 33333, Loaded 2, Type Point
[LIBGPUSPATIAL] [ 12657][18:00:13:203936][info  ] RTSpatialRefiner 0x78f1afd298a0 (Used 0 MB), Evaluating 13 Geometry Pairs with Predicate Intersects
[LIBGPUSPATIAL] [ 12656][18:00:13:203943][info  ] RTSpatialRefiner 0x78f1afd298a0 (Used 0 MB), Evaluating 2 Geometry Pairs with Predicate Intersects
[LIBGPUSPATIAL] [ 12660][18:00:13:205987][info  ] RTSpatialIndex 0x78f1ac00a7d0 (Used 0 MB), Allocate result buffer, memory consumption 0 MB, capacity 16
[LIBGPUSPATIAL] [ 12660][18:00:13:206125][info  ] RTSpatialIndex 0x78f1ac00a7d0 (Used 0 MB), Probe Points, Size: 100000, Results: 16
[LIBGPUSPATIAL] [ 12660][18:00:13:206454][info  ] RTSpatialRefiner 0x78f1afd298a0 (Used 0 MB), Loaded Geometries, ProbeArray 100000, Loaded 16, Type Point
[LIBGPUSPATIAL] [ 12660][18:00:13:206508][info  ] RTSpatialRefiner 0x78f1afd298a0 (Used 0 MB), Evaluating 16 Geometry Pairs with Predicate Intersects
[LIBGPUSPATIAL] [ 12657][18:00:13:209757][info  ] RTSpatialIndex 0x78f1ac00a7d0 (Used 1 MB), Allocate result buffer, memory consumption 0 MB, capacity 5
[LIBGPUSPATIAL] [ 12663][18:00:13:209757][info  ] RTSpatialIndex 0x78f1ac00a7d0 (Used 1 MB), Allocate result buffer, memory consumption 0 MB, capacity 23
[LIBGPUSPATIAL] [ 12661][18:00:13:209943][info  ] RTSpatialIndex 0x78f1ac00a7d0 (Used 1 MB), Allocate result buffer, memory consumption 0 MB, capacity 13
[LIBGPUSPATIAL] [ 12661][18:00:13:210250][info  ] RTSpatialIndex 0x78f1ac00a7d0 (Used 1 MB), Probe Points, Size: 100000, Results: 13
[LIBGPUSPATIAL] [ 12663][18:00:13:210378][info  ] RTSpatialIndex 0x78f1ac00a7d0 (Used 1 MB), Probe Points, Size: 100000, Results: 23
[LIBGPUSPATIAL] [ 12657][18:00:13:210974][info  ] RTSpatialIndex 0x78f1ac00a7d0 (Used 0 MB), Probe Points, Size: 33348, Results: 5
[LIBGPUSPATIAL] [ 12660][18:00:13:211052][info  ] RTSpatialIndex 0x78f1ac00a7d0 (Used 0 MB), Allocate result buffer, memory consumption 0 MB, capacity 5
[LIBGPUSPATIAL] [ 12661][18:00:13:211574][info  ] RTSpatialRefiner 0x78f1afd298a0 (Used 1 MB), Loaded Geometries, ProbeArray 100000, Loaded 13, Type Point
[LIBGPUSPATIAL] [ 12661][18:00:13:211626][info  ] RTSpatialRefiner 0x78f1afd298a0 (Used 2 MB), Evaluating 13 Geometry Pairs with Predicate Intersects
[LIBGPUSPATIAL] [ 12663][18:00:13:211744][info  ] RTSpatialRefiner 0x78f1afd298a0 (Used 1 MB), Loaded Geometries, ProbeArray 100000, Loaded 23, Type Point
[LIBGPUSPATIAL] [ 12663][18:00:13:211813][info  ] RTSpatialRefiner 0x78f1afd298a0 (Used 1 MB), Evaluating 23 Geometry Pairs with Predicate Intersects
[LIBGPUSPATIAL] [ 12657][18:00:13:211896][info  ] RTSpatialRefiner 0x78f1afd298a0 (Used 1 MB), Loaded Geometries, ProbeArray 33348, Loaded 5, Type Point
[LIBGPUSPATIAL] [ 12660][18:00:13:211936][info  ] RTSpatialIndex 0x78f1ac00a7d0 (Used 1 MB), Probe Points, Size: 33333, Results: 5
[LIBGPUSPATIAL] [ 12658][18:00:13:212064][info  ] RTSpatialIndex 0x78f1ac00a7d0 (Used 0 MB), Allocate result buffer, memory consumption 0 MB, capacity 13
[LIBGPUSPATIAL] [ 12657][18:00:13:212245][info  ] RTSpatialRefiner 0x78f1afd298a0 (Used 0 MB), Evaluating 5 Geometry Pairs with Predicate Intersects
[LIBGPUSPATIAL] [ 12658][18:00:13:212400][info  ] RTSpatialIndex 0x78f1ac00a7d0 (Used 0 MB), Probe Points, Size: 100000, Results: 13
[LIBGPUSPATIAL] [ 12660][18:00:13:212434][info  ] RTSpatialRefiner 0x78f1afd298a0 (Used 0 MB), Loaded Geometries, ProbeArray 33333, Loaded 5, Type Point
[LIBGPUSPATIAL] [ 12660][18:00:13:212482][info  ] RTSpatialRefiner 0x78f1afd298a0 (Used 0 MB), Evaluating 5 Geometry Pairs with Predicate Intersects
[LIBGPUSPATIAL] [ 12658][18:00:13:212911][info  ] RTSpatialRefiner 0x78f1afd298a0 (Used 0 MB), Loaded Geometries, ProbeArray 100000, Loaded 13, Type Point
[LIBGPUSPATIAL] [ 12658][18:00:13:212964][info  ] RTSpatialRefiner 0x78f1afd298a0 (Used 0 MB), Evaluating 13 Geometry Pairs with Predicate Intersects
[LIBGPUSPATIAL] [ 12662][18:00:13:216960][info  ] RTSpatialIndex 0x78f1ac00a7d0 (Used 0 MB), Allocate result buffer, memory consumption 0 MB, capacity 19
[LIBGPUSPATIAL] [ 12662][18:00:13:217098][info  ] RTSpatialIndex 0x78f1ac00a7d0 (Used 0 MB), Probe Points, Size: 100000, Results: 19
[LIBGPUSPATIAL] [ 12662][18:00:13:218943][info  ] RTSpatialRefiner 0x78f1afd298a0 (Used 0 MB), Loaded Geometries, ProbeArray 100000, Loaded 19, Type Point
[LIBGPUSPATIAL] [ 12662][18:00:13:219087][info  ] RTSpatialRefiner 0x78f1afd298a0 (Used 0 MB), Evaluating 19 Geometry Pairs with Predicate Intersects
[LIBGPUSPATIAL] [ 12656][18:00:13:224061][info  ] RTSpatialIndex 0x78f1ac00a7d0 (Used 0 MB), Allocate result buffer, memory consumption 0 MB, capacity 14
[LIBGPUSPATIAL] [ 12656][18:00:13:224190][info  ] RTSpatialIndex 0x78f1ac00a7d0 (Used 0 MB), Probe Points, Size: 100000, Results: 14
[LIBGPUSPATIAL] [ 12656][18:00:13:224591][info  ] RTSpatialRefiner 0x78f1afd298a0 (Used 0 MB), Loaded Geometries, ProbeArray 100000, Loaded 14, Type Point
[LIBGPUSPATIAL] [ 12656][18:00:13:224635][info  ] RTSpatialRefiner 0x78f1afd298a0 (Used 0 MB), Evaluating 14 Geometry Pairs with Predicate Intersects
[LIBGPUSPATIAL] [ 12659][18:00:13:225115][info  ] RTSpatialIndex 0x78f1ac00a7d0 (Used 0 MB), Allocate result buffer, memory consumption 0 MB, capacity 15
[LIBGPUSPATIAL] [ 12659][18:00:13:225460][info  ] RTSpatialIndex 0x78f1ac00a7d0 (Used 0 MB), Probe Points, Size: 100000, Results: 15
[LIBGPUSPATIAL] [ 12659][18:00:13:225937][info  ] RTSpatialRefiner 0x78f1afd298a0 (Used 0 MB), Loaded Geometries, ProbeArray 100000, Loaded 15, Type Point
[LIBGPUSPATIAL] [ 12659][18:00:13:226028][info  ] RTSpatialRefiner 0x78f1afd298a0 (Used 1 MB), Evaluating 15 Geometry Pairs with Predicate Intersects
[LIBGPUSPATIAL] [ 12663][18:00:13:226856][info  ] RTSpatialIndex 0x78f1ac00a7d0 (Used 1 MB), Allocate result buffer, memory consumption 0 MB, capacity 14
[LIBGPUSPATIAL] [ 12661][18:00:13:227324][info  ] RTSpatialIndex 0x78f1ac00a7d0 (Used 2 MB), Allocate result buffer, memory consumption 0 MB, capacity 16
[LIBGPUSPATIAL] [ 12663][18:00:13:227642][info  ] RTSpatialIndex 0x78f1ac00a7d0 (Used 2 MB), Probe Points, Size: 100000, Results: 14
[LIBGPUSPATIAL] [ 12661][18:00:13:227870][info  ] RTSpatialIndex 0x78f1ac00a7d0 (Used 1 MB), Probe Points, Size: 100000, Results: 16
[LIBGPUSPATIAL] [ 12658][18:00:13:227946][info  ] RTSpatialIndex 0x78f1ac00a7d0 (Used 0 MB), Allocate result buffer, memory consumption 0 MB, capacity 24
[LIBGPUSPATIAL] [ 12663][18:00:13:228388][info  ] RTSpatialRefiner 0x78f1afd298a0 (Used 0 MB), Loaded Geometries, ProbeArray 100000, Loaded 14, Type Point
[LIBGPUSPATIAL] [ 12658][18:00:13:228393][info  ] RTSpatialIndex 0x78f1ac00a7d0 (Used 0 MB), Probe Points, Size: 100000, Results: 24
[LIBGPUSPATIAL] [ 12663][18:00:13:228438][info  ] RTSpatialRefiner 0x78f1afd298a0 (Used 0 MB), Evaluating 14 Geometry Pairs with Predicate Intersects
[LIBGPUSPATIAL] [ 12661][18:00:13:228897][info  ] RTSpatialRefiner 0x78f1afd298a0 (Used 0 MB), Loaded Geometries, ProbeArray 100000, Loaded 16, Type Point
[LIBGPUSPATIAL] [ 12661][18:00:13:228938][info  ] RTSpatialRefiner 0x78f1afd298a0 (Used 0 MB), Evaluating 16 Geometry Pairs with Predicate Intersects
[LIBGPUSPATIAL] [ 12658][18:00:13:232306][info  ] RTSpatialRefiner 0x78f1afd298a0 (Used 3 MB), Loaded Geometries, ProbeArray 100000, Loaded 24, Type Point
[LIBGPUSPATIAL] [ 12658][18:00:13:232439][info  ] RTSpatialRefiner 0x78f1afd298a0 (Used 2 MB), Evaluating 24 Geometry Pairs with Predicate Intersects
[LIBGPUSPATIAL] [ 12660][18:00:13:232889][info  ] RTSpatialIndex 0x78f1ac00a7d0 (Used 3 MB), Allocate result buffer, memory consumption 0 MB, capacity 10
[LIBGPUSPATIAL] [ 12662][18:00:13:233979][info  ] RTSpatialIndex 0x78f1ac00a7d0 (Used 2 MB), Allocate result buffer, memory consumption 0 MB, capacity 17
[LIBGPUSPATIAL] [ 12660][18:00:13:234252][info  ] RTSpatialIndex 0x78f1ac00a7d0 (Used 2 MB), Probe Points, Size: 100000, Results: 10
[LIBGPUSPATIAL] [ 12662][18:00:13:234407][info  ] RTSpatialIndex 0x78f1ac00a7d0 (Used 1 MB), Probe Points, Size: 100000, Results: 17
[LIBGPUSPATIAL] [ 12657][18:00:13:234559][info  ] RTSpatialIndex 0x78f1ac00a7d0 (Used 0 MB), Allocate result buffer, memory consumption 0 MB, capacity 13
[LIBGPUSPATIAL] [ 12657][18:00:13:234941][info  ] RTSpatialIndex 0x78f1ac00a7d0 (Used 0 MB), Probe Points, Size: 100000, Results: 13
[LIBGPUSPATIAL] [ 12660][18:00:13:236008][info  ] RTSpatialRefiner 0x78f1afd298a0 (Used 0 MB), Loaded Geometries, ProbeArray 100000, Loaded 10, Type Point
[LIBGPUSPATIAL] [ 12662][18:00:13:236049][info  ] RTSpatialRefiner 0x78f1afd298a0 (Used 0 MB), Loaded Geometries, ProbeArray 100000, Loaded 17, Type Point
[LIBGPUSPATIAL] [ 12660][18:00:13:236054][info  ] RTSpatialRefiner 0x78f1afd298a0 (Used 0 MB), Evaluating 10 Geometry Pairs with Predicate Intersects
[LIBGPUSPATIAL] [ 12662][18:00:13:236104][info  ] RTSpatialRefiner 0x78f1afd298a0 (Used 0 MB), Evaluating 17 Geometry Pairs with Predicate Intersects
[LIBGPUSPATIAL] [ 12656][18:00:13:237834][info  ] RTSpatialIndex 0x78f1ac00a7d0 (Used 0 MB), Allocate result buffer, memory consumption 0 MB, capacity 11
[LIBGPUSPATIAL] [ 12656][18:00:13:237986][info  ] RTSpatialIndex 0x78f1ac00a7d0 (Used 0 MB), Probe Points, Size: 100000, Results: 11
[LIBGPUSPATIAL] [ 12657][18:00:13:238460][info  ] RTSpatialRefiner 0x78f1afd298a0 (Used 1 MB), Loaded Geometries, ProbeArray 100000, Loaded 13, Type Point
[LIBGPUSPATIAL] [ 12657][18:00:13:238539][info  ] RTSpatialRefiner 0x78f1afd298a0 (Used 1 MB), Evaluating 13 Geometry Pairs with Predicate Intersects
[LIBGPUSPATIAL] [ 12656][18:00:13:238562][info  ] RTSpatialRefiner 0x78f1afd298a0 (Used 0 MB), Loaded Geometries, ProbeArray 100000, Loaded 11, Type Point
[LIBGPUSPATIAL] [ 12656][18:00:13:238600][info  ] RTSpatialRefiner 0x78f1afd298a0 (Used 0 MB), Evaluating 11 Geometry Pairs with Predicate Intersects
[LIBGPUSPATIAL] [ 12659][18:00:13:239085][info  ] RTSpatialIndex 0x78f1ac00a7d0 (Used 1 MB), Allocate result buffer, memory consumption 0 MB, capacity 17
[LIBGPUSPATIAL] [ 12663][18:00:13:239189][info  ] RTSpatialIndex 0x78f1ac00a7d0 (Used 1 MB), Allocate result buffer, memory consumption 0 MB, capacity 17
[LIBGPUSPATIAL] [ 12659][18:00:13:239497][info  ] RTSpatialIndex 0x78f1ac00a7d0 (Used 1 MB), Probe Points, Size: 100000, Results: 17
[LIBGPUSPATIAL] [ 12663][18:00:13:239584][info  ] RTSpatialIndex 0x78f1ac00a7d0 (Used 1 MB), Probe Points, Size: 100000, Results: 17
[LIBGPUSPATIAL] [ 12661][18:00:13:240274][info  ] RTSpatialIndex 0x78f1ac00a7d0 (Used 0 MB), Allocate result buffer, memory consumption 0 MB, capacity 17
[LIBGPUSPATIAL] [ 12661][18:00:13:240396][info  ] RTSpatialIndex 0x78f1ac00a7d0 (Used 0 MB), Probe Points, Size: 100000, Results: 17
[LIBGPUSPATIAL] [ 12663][18:00:13:240670][info  ] RTSpatialRefiner 0x78f1afd298a0 (Used 0 MB), Loaded Geometries, ProbeArray 100000, Loaded 17, Type Point
[LIBGPUSPATIAL] [ 12663][18:00:13:240706][info  ] RTSpatialRefiner 0x78f1afd298a0 (Used 0 MB), Evaluating 17 Geometry Pairs with Predicate Intersects
[LIBGPUSPATIAL] [ 12659][18:00:13:240864][info  ] RTSpatialRefiner 0x78f1afd298a0 (Used 0 MB), Loaded Geometries, ProbeArray 100000, Loaded 17, Type Point
[LIBGPUSPATIAL] [ 12659][18:00:13:240906][info  ] RTSpatialRefiner 0x78f1afd298a0 (Used 0 MB), Evaluating 17 Geometry Pairs with Predicate Intersects
[LIBGPUSPATIAL] [ 12661][18:00:13:241143][info  ] RTSpatialRefiner 0x78f1afd298a0 (Used 0 MB), Loaded Geometries, ProbeArray 100000, Loaded 17, Type Point
[LIBGPUSPATIAL] [ 12661][18:00:13:241305][info  ] RTSpatialRefiner 0x78f1afd298a0 (Used 0 MB), Evaluating 17 Geometry Pairs with Predicate Intersects
[LIBGPUSPATIAL] [ 12658][18:00:13:246925][info  ] RTSpatialIndex 0x78f1ac00a7d0 (Used 0 MB), Allocate result buffer, memory consumption 0 MB, capacity 15
[LIBGPUSPATIAL] [ 12658][18:00:13:247062][info  ] RTSpatialIndex 0x78f1ac00a7d0 (Used 0 MB), Probe Points, Size: 100000, Results: 15
[LIBGPUSPATIAL] [ 12658][18:00:13:249263][info  ] RTSpatialRefiner 0x78f1afd298a0 (Used 2 MB), Loaded Geometries, ProbeArray 100000, Loaded 15, Type Point
[LIBGPUSPATIAL] [ 12658][18:00:13:249335][info  ] RTSpatialRefiner 0x78f1afd298a0 (Used 3 MB), Evaluating 15 Geometry Pairs with Predicate Intersects
[LIBGPUSPATIAL] [ 12660][18:00:13:249383][info  ] RTSpatialIndex 0x78f1ac00a7d0 (Used 3 MB), Allocate result buffer, memory consumption 0 MB, capacity 16
[LIBGPUSPATIAL] [ 12662][18:00:13:249734][info  ] RTSpatialIndex 0x78f1ac00a7d0 (Used 1 MB), Allocate result buffer, memory consumption 0 MB, capacity 8
[LIBGPUSPATIAL] [ 12662][18:00:13:251031][info  ] RTSpatialIndex 0x78f1ac00a7d0 (Used 1 MB), Probe Points, Size: 100000, Results: 8
[LIBGPUSPATIAL] [ 12660][18:00:13:251226][info  ] RTSpatialIndex 0x78f1ac00a7d0 (Used 0 MB), Probe Points, Size: 100000, Results: 16
[LIBGPUSPATIAL] [ 12662][18:00:13:251723][info  ] RTSpatialRefiner 0x78f1afd298a0 (Used 1 MB), Loaded Geometries, ProbeArray 100000, Loaded 8, Type Point
[LIBGPUSPATIAL] [ 12662][18:00:13:251766][info  ] RTSpatialRefiner 0x78f1afd298a0 (Used 1 MB), Evaluating 8 Geometry Pairs with Predicate Intersects
[LIBGPUSPATIAL] [ 12656][18:00:13:252198][info  ] RTSpatialIndex 0x78f1ac00a7d0 (Used 0 MB), Allocate result buffer, memory consumption 0 MB, capacity 11
[LIBGPUSPATIAL] [ 12660][18:00:13:252206][info  ] RTSpatialRefiner 0x78f1afd298a0 (Used 0 MB), Loaded Geometries, ProbeArray 100000, Loaded 16, Type Point
[LIBGPUSPATIAL] [ 12660][18:00:13:252259][info  ] RTSpatialRefiner 0x78f1afd298a0 (Used 0 MB), Evaluating 16 Geometry Pairs with Predicate Intersects
[LIBGPUSPATIAL] [ 12656][18:00:13:253076][info  ] RTSpatialIndex 0x78f1ac00a7d0 (Used 2 MB), Probe Points, Size: 100000, Results: 11
[LIBGPUSPATIAL] [ 12657][18:00:13:253231][info  ] RTSpatialIndex 0x78f1ac00a7d0 (Used 1 MB), Allocate result buffer, memory consumption 0 MB, capacity 19
[LIBGPUSPATIAL] [ 12663][18:00:13:253701][info  ] RTSpatialIndex 0x78f1ac00a7d0 (Used 2 MB), Allocate result buffer, memory consumption 0 MB, capacity 18
[LIBGPUSPATIAL] [ 12656][18:00:13:253709][info  ] RTSpatialRefiner 0x78f1afd298a0 (Used 2 MB), Loaded Geometries, ProbeArray 100000, Loaded 11, Type Point
[LIBGPUSPATIAL] [ 12661][18:00:13:253754][info  ] RTSpatialIndex 0x78f1ac00a7d0 (Used 2 MB), Allocate result buffer, memory consumption 0 MB, capacity 13
[LIBGPUSPATIAL] [ 12656][18:00:13:253758][info  ] RTSpatialRefiner 0x78f1afd298a0 (Used 2 MB), Evaluating 11 Geometry Pairs with Predicate Intersects
[LIBGPUSPATIAL] [ 12657][18:00:13:254111][info  ] RTSpatialIndex 0x78f1ac00a7d0 (Used 2 MB), Probe Points, Size: 100000, Results: 19
[LIBGPUSPATIAL] [ 12663][18:00:13:254280][info  ] RTSpatialIndex 0x78f1ac00a7d0 (Used 1 MB), Probe Points, Size: 100000, Results: 18
[LIBGPUSPATIAL] [ 12661][18:00:13:254497][info  ] RTSpatialIndex 0x78f1ac00a7d0 (Used 0 MB), Probe Points, Size: 100000, Results: 13
[LIBGPUSPATIAL] [ 12657][18:00:13:254990][info  ] RTSpatialRefiner 0x78f1afd298a0 (Used 0 MB), Loaded Geometries, ProbeArray 100000, Loaded 19, Type Point
[LIBGPUSPATIAL] [ 12657][18:00:13:255060][info  ] RTSpatialRefiner 0x78f1afd298a0 (Used 0 MB), Evaluating 19 Geometry Pairs with Predicate Intersects
[LIBGPUSPATIAL] [ 12659][18:00:13:255198][info  ] RTSpatialIndex 0x78f1ac00a7d0 (Used 0 MB), Allocate result buffer, memory consumption 0 MB, capacity 16
[LIBGPUSPATIAL] [ 12661][18:00:13:255272][info  ] RTSpatialRefiner 0x78f1afd298a0 (Used 0 MB), Loaded Geometries, ProbeArray 100000, Loaded 13, Type Point
[LIBGPUSPATIAL] [ 12663][18:00:13:255313][info  ] RTSpatialRefiner 0x78f1afd298a0 (Used 0 MB), Loaded Geometries, ProbeArray 100000, Loaded 18, Type Point
[LIBGPUSPATIAL] [ 12661][18:00:13:255448][info  ] RTSpatialRefiner 0x78f1afd298a0 (Used 0 MB), Evaluating 13 Geometry Pairs with Predicate Intersects
[LIBGPUSPATIAL] [ 12663][18:00:13:255453][info  ] RTSpatialRefiner 0x78f1afd298a0 (Used 0 MB), Evaluating 18 Geometry Pairs with Predicate Intersects
[LIBGPUSPATIAL] [ 12659][18:00:13:255653][info  ] RTSpatialIndex 0x78f1ac00a7d0 (Used 0 MB), Probe Points, Size: 100000, Results: 16
[LIBGPUSPATIAL] [ 12659][18:00:13:258066][info  ] RTSpatialRefiner 0x78f1afd298a0 (Used 0 MB), Loaded Geometries, ProbeArray 100000, Loaded 16, Type Point
[LIBGPUSPATIAL] [ 12659][18:00:13:258124][info  ] RTSpatialRefiner 0x78f1afd298a0 (Used 0 MB), Evaluating 16 Geometry Pairs with Predicate Intersects
[LIBGPUSPATIAL] [ 12658][18:00:13:261493][info  ] RTSpatialIndex 0x78f1ac00a7d0 (Used 0 MB), Allocate result buffer, memory consumption 0 MB, capacity 20
[LIBGPUSPATIAL] [ 12658][18:00:13:261632][info  ] RTSpatialIndex 0x78f1ac00a7d0 (Used 0 MB), Probe Points, Size: 100000, Results: 20
[LIBGPUSPATIAL] [ 12658][18:00:13:262039][info  ] RTSpatialRefiner 0x78f1afd298a0 (Used 0 MB), Loaded Geometries, ProbeArray 100000, Loaded 20, Type Point
[LIBGPUSPATIAL] [ 12658][18:00:13:262084][info  ] RTSpatialRefiner 0x78f1afd298a0 (Used 0 MB), Evaluating 20 Geometry Pairs with Predicate Intersects
[LIBGPUSPATIAL] [ 12662][18:00:13:265954][info  ] RTSpatialIndex 0x78f1ac00a7d0 (Used 0 MB), Allocate result buffer, memory consumption 0 MB, capacity 15
[LIBGPUSPATIAL] [ 12662][18:00:13:266086][info  ] RTSpatialIndex 0x78f1ac00a7d0 (Used 0 MB), Probe Points, Size: 100000, Results: 15
[LIBGPUSPATIAL] [ 12662][18:00:13:267148][info  ] RTSpatialRefiner 0x78f1afd298a0 (Used 1 MB), Loaded Geometries, ProbeArray 100000, Loaded 15, Type Point
[LIBGPUSPATIAL] [ 12662][18:00:13:267201][info  ] RTSpatialRefiner 0x78f1afd298a0 (Used 1 MB), Evaluating 15 Geometry Pairs with Predicate Intersects
[LIBGPUSPATIAL] [ 12656][18:00:13:267481][info  ] RTSpatialIndex 0x78f1ac00a7d0 (Used 0 MB), Allocate result buffer, memory consumption 0 MB, capacity 13
[LIBGPUSPATIAL] [ 12656][18:00:13:267821][info  ] RTSpatialIndex 0x78f1ac00a7d0 (Used 2 MB), Probe Points, Size: 100000, Results: 13
[LIBGPUSPATIAL] [ 12657][18:00:13:268572][info  ] RTSpatialIndex 0x78f1ac00a7d0 (Used 1 MB), Allocate result buffer, memory consumption 0 MB, capacity 16
[LIBGPUSPATIAL] [ 12661][18:00:13:268655][info  ] RTSpatialIndex 0x78f1ac00a7d0 (Used 1 MB), Allocate result buffer, memory consumption 0 MB, capacity 12
[LIBGPUSPATIAL] [ 12656][18:00:13:268820][info  ] RTSpatialRefiner 0x78f1afd298a0 (Used 3 MB), Loaded Geometries, ProbeArray 100000, Loaded 13, Type Point
[LIBGPUSPATIAL] [ 12656][18:00:13:268911][info  ] RTSpatialRefiner 0x78f1afd298a0 (Used 3 MB), Evaluating 13 Geometry Pairs with Predicate Intersects
[LIBGPUSPATIAL] [ 12657][18:00:13:269019][info  ] RTSpatialIndex 0x78f1ac00a7d0 (Used 2 MB), Probe Points, Size: 100000, Results: 16
[LIBGPUSPATIAL] [ 12661][18:00:13:269245][info  ] RTSpatialIndex 0x78f1ac00a7d0 (Used 1 MB), Probe Points, Size: 100000, Results: 12
[LIBGPUSPATIAL] [ 12663][18:00:13:269452][info  ] RTSpatialIndex 0x78f1ac00a7d0 (Used 0 MB), Allocate result buffer, memory consumption 0 MB, capacity 6
[LIBGPUSPATIAL] [ 12663][18:00:13:269912][info  ] RTSpatialIndex 0x78f1ac00a7d0 (Used 0 MB), Probe Points, Size: 100000, Results: 6
[LIBGPUSPATIAL] [ 12657][18:00:13:269921][info  ] RTSpatialRefiner 0x78f1afd298a0 (Used 0 MB), Loaded Geometries, ProbeArray 100000, Loaded 16, Type Point
[LIBGPUSPATIAL] [ 12657][18:00:13:270017][info  ] RTSpatialRefiner 0x78f1afd298a0 (Used 0 MB), Evaluating 16 Geometry Pairs with Predicate Intersects
[LIBGPUSPATIAL] [ 12661][18:00:13:270631][info  ] RTSpatialRefiner 0x78f1afd298a0 (Used 2 MB), Loaded Geometries, ProbeArray 100000, Loaded 12, Type Point
[LIBGPUSPATIAL] [ 12663][18:00:13:270658][info  ] RTSpatialRefiner 0x78f1afd298a0 (Used 2 MB), Loaded Geometries, ProbeArray 100000, Loaded 6, Type Point
[LIBGPUSPATIAL] [ 12660][18:00:13:270833][info  ] RTSpatialIndex 0x78f1ac00a7d0 (Used 1 MB), Allocate result buffer, memory consumption 0 MB, capacity 15
[LIBGPUSPATIAL] [ 12663][18:00:13:270874][info  ] RTSpatialRefiner 0x78f1afd298a0 (Used 1 MB), Evaluating 6 Geometry Pairs with Predicate Intersects
[LIBGPUSPATIAL] [ 12661][18:00:13:270916][info  ] RTSpatialRefiner 0x78f1afd298a0 (Used 1 MB), Evaluating 12 Geometry Pairs with Predicate Intersects
[LIBGPUSPATIAL] [ 12659][18:00:13:271134][info  ] RTSpatialIndex 0x78f1ac00a7d0 (Used 1 MB), Allocate result buffer, memory consumption 0 MB, capacity 14
[LIBGPUSPATIAL] [ 12660][18:00:13:271493][info  ] RTSpatialIndex 0x78f1ac00a7d0 (Used 1 MB), Probe Points, Size: 100000, Results: 15
[LIBGPUSPATIAL] [ 12659][18:00:13:271897][info  ] RTSpatialIndex 0x78f1ac00a7d0 (Used 0 MB), Probe Points, Size: 100000, Results: 14
[LIBGPUSPATIAL] [ 12660][18:00:13:272218][info  ] RTSpatialRefiner 0x78f1afd298a0 (Used 0 MB), Loaded Geometries, ProbeArray 100000, Loaded 15, Type Point
[LIBGPUSPATIAL] [ 12660][18:00:13:272260][info  ] RTSpatialRefiner 0x78f1afd298a0 (Used 0 MB), Evaluating 15 Geometry Pairs with Predicate Intersects
[LIBGPUSPATIAL] [ 12658][18:00:13:274726][info  ] RTSpatialIndex 0x78f1ac00a7d0 (Used 0 MB), Allocate result buffer, memory consumption 0 MB, capacity 13
[LIBGPUSPATIAL] [ 12658][18:00:13:275301][info  ] RTSpatialIndex 0x78f1ac00a7d0 (Used 0 MB), Probe Points, Size: 100000, Results: 13
[LIBGPUSPATIAL] [ 12659][18:00:13:275309][info  ] RTSpatialRefiner 0x78f1afd298a0 (Used 0 MB), Loaded Geometries, ProbeArray 100000, Loaded 14, Type Point
[LIBGPUSPATIAL] [ 12659][18:00:13:275406][info  ] RTSpatialRefiner 0x78f1afd298a0 (Used 0 MB), Evaluating 14 Geometry Pairs with Predicate Intersects
[LIBGPUSPATIAL] [ 12658][18:00:13:277210][info  ] RTSpatialRefiner 0x78f1afd298a0 (Used 0 MB), Loaded Geometries, ProbeArray 100000, Loaded 13, Type Point
[LIBGPUSPATIAL] [ 12658][18:00:13:277251][info  ] RTSpatialRefiner 0x78f1afd298a0 (Used 0 MB), Evaluating 13 Geometry Pairs with Predicate Intersects
[LIBGPUSPATIAL] [ 12662][18:00:13:281510][info  ] RTSpatialIndex 0x78f1ac00a7d0 (Used 0 MB), Allocate result buffer, memory consumption 0 MB, capacity 12
[LIBGPUSPATIAL] [ 12662][18:00:13:281648][info  ] RTSpatialIndex 0x78f1ac00a7d0 (Used 0 MB), Probe Points, Size: 100000, Results: 12
[LIBGPUSPATIAL] [ 12657][18:00:13:282455][info  ] RTSpatialIndex 0x78f1ac00a7d0 (Used 0 MB), Allocate result buffer, memory consumption 0 MB, capacity 17
[LIBGPUSPATIAL] [ 12657][18:00:13:282788][info  ] RTSpatialIndex 0x78f1ac00a7d0 (Used 1 MB), Probe Points, Size: 100000, Results: 17
[LIBGPUSPATIAL] [ 12656][18:00:13:282860][info  ] RTSpatialIndex 0x78f1ac00a7d0 (Used 0 MB), Allocate result buffer, memory consumption 0 MB, capacity 10
[LIBGPUSPATIAL] [ 12662][18:00:13:282990][info  ] RTSpatialRefiner 0x78f1afd298a0 (Used 0 MB), Loaded Geometries, ProbeArray 100000, Loaded 12, Type Point
[LIBGPUSPATIAL] [ 12662][18:00:13:283083][info  ] RTSpatialRefiner 0x78f1afd298a0 (Used 0 MB), Evaluating 12 Geometry Pairs with Predicate Intersects
[LIBGPUSPATIAL] [ 12656][18:00:13:283268][info  ] RTSpatialIndex 0x78f1ac00a7d0 (Used 0 MB), Probe Points, Size: 100000, Results: 10
[LIBGPUSPATIAL] [ 12657][18:00:13:283407][info  ] RTSpatialRefiner 0x78f1afd298a0 (Used 0 MB), Loaded Geometries, ProbeArray 100000, Loaded 17, Type Point
[LIBGPUSPATIAL] [ 12657][18:00:13:283474][info  ] RTSpatialRefiner 0x78f1afd298a0 (Used 0 MB), Evaluating 17 Geometry Pairs with Predicate Intersects
[LIBGPUSPATIAL] [ 12656][18:00:13:283645][info  ] RTSpatialRefiner 0x78f1afd298a0 (Used 0 MB), Loaded Geometries, ProbeArray 100000, Loaded 10, Type Point
[LIBGPUSPATIAL] [ 12656][18:00:13:283686][info  ] RTSpatialRefiner 0x78f1afd298a0 (Used 0 MB), Evaluating 10 Geometry Pairs with Predicate Intersects
[LIBGPUSPATIAL] [ 12660][18:00:13:284741][info  ] RTSpatialIndex 0x78f1ac00a7d0 (Used 0 MB), Allocate result buffer, memory consumption 0 MB, capacity 21
[LIBGPUSPATIAL] [ 12660][18:00:13:285674][info  ] RTSpatialIndex 0x78f1ac00a7d0 (Used 2 MB), Probe Points, Size: 100000, Results: 21
[LIBGPUSPATIAL] [ 12663][18:00:13:285719][info  ] RTSpatialIndex 0x78f1ac00a7d0 (Used 1 MB), Allocate result buffer, memory consumption 0 MB, capacity 15
[LIBGPUSPATIAL] [ 12661][18:00:13:285994][info  ] RTSpatialIndex 0x78f1ac00a7d0 (Used 1 MB), Allocate result buffer, memory consumption 0 MB, capacity 16
[LIBGPUSPATIAL] [ 12663][18:00:13:286379][info  ] RTSpatialIndex 0x78f1ac00a7d0 (Used 1 MB), Probe Points, Size: 100000, Results: 15
[LIBGPUSPATIAL] [ 12661][18:00:13:286435][info  ] RTSpatialIndex 0x78f1ac00a7d0 (Used 0 MB), Probe Points, Size: 100000, Results: 16
[LIBGPUSPATIAL] [ 12660][18:00:13:286569][info  ] RTSpatialRefiner 0x78f1afd298a0 (Used 0 MB), Loaded Geometries, ProbeArray 100000, Loaded 21, Type Point
[LIBGPUSPATIAL] [ 12660][18:00:13:286616][info  ] RTSpatialRefiner 0x78f1afd298a0 (Used 0 MB), Evaluating 21 Geometry Pairs with Predicate Intersects
[LIBGPUSPATIAL] [ 12663][18:00:13:288063][info  ] RTSpatialRefiner 0x78f1afd298a0 (Used 0 MB), Loaded Geometries, ProbeArray 100000, Loaded 15, Type Point
[LIBGPUSPATIAL] [ 12663][18:00:13:288099][info  ] RTSpatialRefiner 0x78f1afd298a0 (Used 0 MB), Evaluating 15 Geometry Pairs with Predicate Intersects
[LIBGPUSPATIAL] [ 12659][18:00:13:288953][info  ] RTSpatialIndex 0x78f1ac00a7d0 (Used 0 MB), Allocate result buffer, memory consumption 0 MB, capacity 13
[LIBGPUSPATIAL] [ 12659][18:00:13:289071][info  ] RTSpatialIndex 0x78f1ac00a7d0 (Used 0 MB), Probe Points, Size: 100000, Results: 13
[LIBGPUSPATIAL] [ 12658][18:00:13:290730][info  ] RTSpatialIndex 0x78f1ac00a7d0 (Used 0 MB), Allocate result buffer, memory consumption 0 MB, capacity 22
[LIBGPUSPATIAL] [ 12658][18:00:13:290871][info  ] RTSpatialIndex 0x78f1ac00a7d0 (Used 0 MB), Probe Points, Size: 100000, Results: 22
[LIBGPUSPATIAL] [ 12661][18:00:13:291094][info  ] RTSpatialRefiner 0x78f1afd298a0 (Used 0 MB), Loaded Geometries, ProbeArray 100000, Loaded 16, Type Point
[LIBGPUSPATIAL] [ 12661][18:00:13:291136][info  ] RTSpatialRefiner 0x78f1afd298a0 (Used 0 MB), Evaluating 16 Geometry Pairs with Predicate Intersects
[LIBGPUSPATIAL] [ 12659][18:00:13:293204][info  ] RTSpatialRefiner 0x78f1afd298a0 (Used 0 MB), Loaded Geometries, ProbeArray 100000, Loaded 13, Type Point
[LIBGPUSPATIAL] [ 12658][18:00:13:293229][info  ] RTSpatialRefiner 0x78f1afd298a0 (Used 0 MB), Loaded Geometries, ProbeArray 100000, Loaded 22, Type Point
[LIBGPUSPATIAL] [ 12659][18:00:13:293290][info  ] RTSpatialRefiner 0x78f1afd298a0 (Used 0 MB), Evaluating 13 Geometry Pairs with Predicate Intersects
[LIBGPUSPATIAL] [ 12658][18:00:13:293297][info  ] RTSpatialRefiner 0x78f1afd298a0 (Used 0 MB), Evaluating 22 Geometry Pairs with Predicate Intersects
[LIBGPUSPATIAL] [ 12662][18:00:13:297260][info  ] RTSpatialIndex 0x78f1ac00a7d0 (Used 0 MB), Allocate result buffer, memory consumption 0 MB, capacity 8
[LIBGPUSPATIAL] [ 12662][18:00:13:298209][info  ] RTSpatialIndex 0x78f1ac00a7d0 (Used 3 MB), Probe Points, Size: 100000, Results: 8
[LIBGPUSPATIAL] [ 12656][18:00:13:298362][info  ] RTSpatialIndex 0x78f1ac00a7d0 (Used 3 MB), Allocate result buffer, memory consumption 0 MB, capacity 15
[LIBGPUSPATIAL] [ 12660][18:00:13:298576][info  ] RTSpatialIndex 0x78f1ac00a7d0 (Used 2 MB), Allocate result buffer, memory consumption 0 MB, capacity 13
[LIBGPUSPATIAL] [ 12656][18:00:13:298927][info  ] RTSpatialIndex 0x78f1ac00a7d0 (Used 2 MB), Probe Points, Size: 100000, Results: 15
[LIBGPUSPATIAL] [ 12660][18:00:13:299075][info  ] RTSpatialIndex 0x78f1ac00a7d0 (Used 1 MB), Probe Points, Size: 100000, Results: 13
[LIBGPUSPATIAL] [ 12657][18:00:13:299205][info  ] RTSpatialIndex 0x78f1ac00a7d0 (Used 0 MB), Allocate result buffer, memory consumption 0 MB, capacity 9
[LIBGPUSPATIAL] [ 12662][18:00:13:299226][info  ] RTSpatialRefiner 0x78f1afd298a0 (Used 0 MB), Loaded Geometries, ProbeArray 100000, Loaded 8, Type Point
[LIBGPUSPATIAL] [ 12662][18:00:13:299271][info  ] RTSpatialRefiner 0x78f1afd298a0 (Used 0 MB), Evaluating 8 Geometry Pairs with Predicate Intersects
[LIBGPUSPATIAL] [ 12656][18:00:13:299813][info  ] RTSpatialRefiner 0x78f1afd298a0 (Used 1 MB), Loaded Geometries, ProbeArray 100000, Loaded 15, Type Point
[LIBGPUSPATIAL] [ 12657][18:00:13:299862][info  ] RTSpatialIndex 0x78f1ac00a7d0 (Used 1 MB), Probe Points, Size: 100000, Results: 9
[LIBGPUSPATIAL] [ 12656][18:00:13:299887][info  ] RTSpatialRefiner 0x78f1afd298a0 (Used 0 MB), Evaluating 15 Geometry Pairs with Predicate Intersects
[LIBGPUSPATIAL] [ 12660][18:00:13:300049][info  ] RTSpatialRefiner 0x78f1afd298a0 (Used 0 MB), Loaded Geometries, ProbeArray 100000, Loaded 13, Type Point
[LIBGPUSPATIAL] [ 12663][18:00:13:300057][info  ] RTSpatialIndex 0x78f1ac00a7d0 (Used 0 MB), Allocate result buffer, memory consumption 0 MB, capacity 9
[LIBGPUSPATIAL] [ 12660][18:00:13:300309][info  ] RTSpatialRefiner 0x78f1afd298a0 (Used 0 MB), Evaluating 13 Geometry Pairs with Predicate Intersects
[LIBGPUSPATIAL] [ 12657][18:00:13:300566][info  ] RTSpatialRefiner 0x78f1afd298a0 (Used 0 MB), Loaded Geometries, ProbeArray 100000, Loaded 9, Type Point
[LIBGPUSPATIAL] [ 12663][18:00:13:300755][info  ] RTSpatialIndex 0x78f1ac00a7d0 (Used 0 MB), Probe Points, Size: 100000, Results: 9
[LIBGPUSPATIAL] [ 12657][18:00:13:300762][info  ] RTSpatialRefiner 0x78f1afd298a0 (Used 0 MB), Evaluating 9 Geometry Pairs with Predicate Intersects
[LIBGPUSPATIAL] [ 12661][18:00:13:303077][info  ] RTSpatialIndex 0x78f1ac00a7d0 (Used 0 MB), Allocate result buffer, memory consumption 0 MB, capacity 11
[LIBGPUSPATIAL] [ 12661][18:00:13:303189][info  ] RTSpatialIndex 0x78f1ac00a7d0 (Used 0 MB), Probe Points, Size: 100000, Results: 11
[LIBGPUSPATIAL] [ 12663][18:00:13:303626][info  ] RTSpatialRefiner 0x78f1afd298a0 (Used 0 MB), Loaded Geometries, ProbeArray 100000, Loaded 9, Type Point
[LIBGPUSPATIAL] [ 12663][18:00:13:303673][info  ] RTSpatialRefiner 0x78f1afd298a0 (Used 0 MB), Evaluating 9 Geometry Pairs with Predicate Intersects
[LIBGPUSPATIAL] [ 12658][18:00:13:305022][info  ] RTSpatialIndex 0x78f1ac00a7d0 (Used 0 MB), Allocate result buffer, memory consumption 0 MB, capacity 15
[LIBGPUSPATIAL] [ 12658][18:00:13:305144][info  ] RTSpatialIndex 0x78f1ac00a7d0 (Used 0 MB), Probe Points, Size: 100000, Results: 15
[LIBGPUSPATIAL] [ 12661][18:00:13:305429][info  ] RTSpatialRefiner 0x78f1afd298a0 (Used 0 MB), Loaded Geometries, ProbeArray 100000, Loaded 11, Type Point
[LIBGPUSPATIAL] [ 12661][18:00:13:305570][info  ] RTSpatialRefiner 0x78f1afd298a0 (Used 0 MB), Evaluating 11 Geometry Pairs with Predicate Intersects
[LIBGPUSPATIAL] [ 12658][18:00:13:305615][info  ] RTSpatialRefiner 0x78f1afd298a0 (Used 0 MB), Loaded Geometries, ProbeArray 100000, Loaded 15, Type Point
[LIBGPUSPATIAL] [ 12658][18:00:13:305655][info  ] RTSpatialRefiner 0x78f1afd298a0 (Used 0 MB), Evaluating 15 Geometry Pairs with Predicate Intersects
[LIBGPUSPATIAL] [ 12659][18:00:13:306790][info  ] RTSpatialIndex 0x78f1ac00a7d0 (Used 0 MB), Allocate result buffer, memory consumption 0 MB, capacity 14
[LIBGPUSPATIAL] [ 12659][18:00:13:306929][info  ] RTSpatialIndex 0x78f1ac00a7d0 (Used 0 MB), Probe Points, Size: 100000, Results: 14
[LIBGPUSPATIAL] [ 12659][18:00:13:307737][info  ] RTSpatialRefiner 0x78f1afd298a0 (Used 0 MB), Loaded Geometries, ProbeArray 100000, Loaded 14, Type Point
[LIBGPUSPATIAL] [ 12659][18:00:13:307780][info  ] RTSpatialRefiner 0x78f1afd298a0 (Used 0 MB), Evaluating 14 Geometry Pairs with Predicate Intersects
[LIBGPUSPATIAL] [ 12656][18:00:13:313897][info  ] RTSpatialIndex 0x78f1ac00a7d0 (Used 2 MB), Allocate result buffer, memory consumption 0 MB, capacity 19
[LIBGPUSPATIAL] [ 12656][18:00:13:314662][info  ] RTSpatialIndex 0x78f1ac00a7d0 (Used 2 MB), Probe Points, Size: 100000, Results: 19
[LIBGPUSPATIAL] [ 12657][18:00:13:314800][info  ] RTSpatialIndex 0x78f1ac00a7d0 (Used 1 MB), Allocate result buffer, memory consumption 0 MB, capacity 27
[LIBGPUSPATIAL] [ 12662][18:00:13:314987][info  ] RTSpatialIndex 0x78f1ac00a7d0 (Used 1 MB), Allocate result buffer, memory consumption 0 MB, capacity 10
[LIBGPUSPATIAL] [ 12657][18:00:13:315201][info  ] RTSpatialIndex 0x78f1ac00a7d0 (Used 1 MB), Probe Points, Size: 100000, Results: 27
[LIBGPUSPATIAL] [ 12656][18:00:13:315351][info  ] RTSpatialRefiner 0x78f1afd298a0 (Used 0 MB), Loaded Geometries, ProbeArray 100000, Loaded 19, Type Point
[LIBGPUSPATIAL] [ 12662][18:00:13:315387][info  ] RTSpatialIndex 0x78f1ac00a7d0 (Used 0 MB), Probe Points, Size: 100000, Results: 10
[LIBGPUSPATIAL] [ 12656][18:00:13:315409][info  ] RTSpatialRefiner 0x78f1afd298a0 (Used 0 MB), Evaluating 19 Geometry Pairs with Predicate Intersects
[LIBGPUSPATIAL] [ 12662][18:00:13:316623][info  ] RTSpatialRefiner 0x78f1afd298a0 (Used 1 MB), Loaded Geometries, ProbeArray 100000, Loaded 10, Type Point
[LIBGPUSPATIAL] [ 12657][18:00:13:316675][info  ] RTSpatialRefiner 0x78f1afd298a0 (Used 1 MB), Loaded Geometries, ProbeArray 100000, Loaded 27, Type Point
[LIBGPUSPATIAL] [ 12662][18:00:13:316681][info  ] RTSpatialRefiner 0x78f1afd298a0 (Used 1 MB), Evaluating 10 Geometry Pairs with Predicate Intersects
[LIBGPUSPATIAL] [ 12657][18:00:13:316717][info  ] RTSpatialRefiner 0x78f1afd298a0 (Used 2 MB), Evaluating 27 Geometry Pairs with Predicate Intersects
[LIBGPUSPATIAL] [ 12663][18:00:13:317102][info  ] RTSpatialIndex 0x78f1ac00a7d0 (Used 2 MB), Allocate result buffer, memory consumption 0 MB, capacity 14
[LIBGPUSPATIAL] [ 12660][18:00:13:317643][info  ] RTSpatialIndex 0x78f1ac00a7d0 (Used 1 MB), Allocate result buffer, memory consumption 0 MB, capacity 11
[LIBGPUSPATIAL] [ 12660][18:00:13:317907][info  ] RTSpatialIndex 0x78f1ac00a7d0 (Used 1 MB), Probe Points, Size: 100000, Results: 11
[LIBGPUSPATIAL] [ 12660][18:00:13:318524][info  ] RTSpatialRefiner 0x78f1afd298a0 (Used 2 MB), Loaded Geometries, ProbeArray 100000, Loaded 11, Type Point
[LIBGPUSPATIAL] [ 12660][18:00:13:318614][info  ] RTSpatialRefiner 0x78f1afd298a0 (Used 2 MB), Evaluating 11 Geometry Pairs with Predicate Intersects
[LIBGPUSPATIAL] [ 12663][18:00:13:318653][info  ] RTSpatialIndex 0x78f1ac00a7d0 (Used 1 MB), Probe Points, Size: 100000, Results: 14
[LIBGPUSPATIAL] [ 12658][18:00:13:319049][info  ] RTSpatialIndex 0x78f1ac00a7d0 (Used 2 MB), Allocate result buffer, memory consumption 0 MB, capacity 14
[LIBGPUSPATIAL] [ 12663][18:00:13:319449][info  ] RTSpatialRefiner 0x78f1afd298a0 (Used 3 MB), Loaded Geometries, ProbeArray 100000, Loaded 14, Type Point
[LIBGPUSPATIAL] [ 12663][18:00:13:319501][info  ] RTSpatialRefiner 0x78f1afd298a0 (Used 3 MB), Evaluating 14 Geometry Pairs with Predicate Intersects
[LIBGPUSPATIAL] [ 12661][18:00:13:319917][info  ] RTSpatialIndex 0x78f1ac00a7d0 (Used 2 MB), Allocate result buffer, memory consumption 0 MB, capacity 15
[LIBGPUSPATIAL] [ 12658][18:00:13:320074][info  ] RTSpatialIndex 0x78f1ac00a7d0 (Used 2 MB), Probe Points, Size: 100000, Results: 14
[LIBGPUSPATIAL] [ 12659][18:00:13:320430][info  ] RTSpatialIndex 0x78f1ac00a7d0 (Used 1 MB), Allocate result buffer, memory consumption 0 MB, capacity 14
[LIBGPUSPATIAL] [ 12661][18:00:13:320796][info  ] RTSpatialIndex 0x78f1ac00a7d0 (Used 1 MB), Probe Points, Size: 100000, Results: 15
[LIBGPUSPATIAL] [ 12659][18:00:13:320920][info  ] RTSpatialIndex 0x78f1ac00a7d0 (Used 0 MB), Probe Points, Size: 100000, Results: 14
[LIBGPUSPATIAL] [ 12658][18:00:13:321074][info  ] RTSpatialRefiner 0x78f1afd298a0 (Used 0 MB), Loaded Geometries, ProbeArray 100000, Loaded 14, Type Point
[LIBGPUSPATIAL] [ 12658][18:00:13:321144][info  ] RTSpatialRefiner 0x78f1afd298a0 (Used 0 MB), Evaluating 14 Geometry Pairs with Predicate Intersects
[LIBGPUSPATIAL] [ 12661][18:00:13:322027][info  ] RTSpatialRefiner 0x78f1afd298a0 (Used 0 MB), Loaded Geometries, ProbeArray 100000, Loaded 15, Type Point
[LIBGPUSPATIAL] [ 12661][18:00:13:322071][info  ] RTSpatialRefiner 0x78f1afd298a0 (Used 0 MB), Evaluating 15 Geometry Pairs with Predicate Intersects
[LIBGPUSPATIAL] [ 12659][18:00:13:324037][info  ] RTSpatialRefiner 0x78f1afd298a0 (Used 0 MB), Loaded Geometries, ProbeArray 100000, Loaded 14, Type Point
[LIBGPUSPATIAL] [ 12659][18:00:13:324089][info  ] RTSpatialRefiner 0x78f1afd298a0 (Used 0 MB), Evaluating 14 Geometry Pairs with Predicate Intersects
[LIBGPUSPATIAL] [ 12656][18:00:13:327781][info  ] RTSpatialIndex 0x78f1ac00a7d0 (Used 0 MB), Allocate result buffer, memory consumption 0 MB, capacity 22
[LIBGPUSPATIAL] [ 12656][18:00:13:327941][info  ] RTSpatialIndex 0x78f1ac00a7d0 (Used 0 MB), Probe Points, Size: 100000, Results: 22
[LIBGPUSPATIAL] [ 12656][18:00:13:329260][info  ] RTSpatialRefiner 0x78f1afd298a0 (Used 1 MB), Loaded Geometries, ProbeArray 100000, Loaded 22, Type Point
[LIBGPUSPATIAL] [ 12656][18:00:13:329308][info  ] RTSpatialRefiner 0x78f1afd298a0 (Used 1 MB), Evaluating 22 Geometry Pairs with Predicate Intersects
[LIBGPUSPATIAL] [ 12657][18:00:13:329645][info  ] RTSpatialIndex 0x78f1ac00a7d0 (Used 0 MB), Allocate result buffer, memory consumption 0 MB, capacity 17
[LIBGPUSPATIAL] [ 12657][18:00:13:329984][info  ] RTSpatialIndex 0x78f1ac00a7d0 (Used 0 MB), Probe Points, Size: 100000, Results: 17
[LIBGPUSPATIAL] [ 12662][18:00:13:331969][info  ] RTSpatialIndex 0x78f1ac00a7d0 (Used 0 MB), Allocate result buffer, memory consumption 0 MB, capacity 16
[LIBGPUSPATIAL] [ 12657][18:00:13:332017][info  ] RTSpatialRefiner 0x78f1afd298a0 (Used 0 MB), Loaded Geometries, ProbeArray 100000, Loaded 17, Type Point
[LIBGPUSPATIAL] [ 12657][18:00:13:332064][info  ] RTSpatialRefiner 0x78f1afd298a0 (Used 0 MB), Evaluating 17 Geometry Pairs with Predicate Intersects
[LIBGPUSPATIAL] [ 12662][18:00:13:332126][info  ] RTSpatialIndex 0x78f1ac00a7d0 (Used 0 MB), Probe Points, Size: 100000, Results: 16
[LIBGPUSPATIAL] [ 12662][18:00:13:332636][info  ] RTSpatialRefiner 0x78f1afd298a0 (Used 2 MB), Loaded Geometries, ProbeArray 100000, Loaded 16, Type Point
[LIBGPUSPATIAL] [ 12662][18:00:13:332727][info  ] RTSpatialRefiner 0x78f1afd298a0 (Used 0 MB), Evaluating 16 Geometry Pairs with Predicate Intersects
[LIBGPUSPATIAL] [ 12663][18:00:13:333795][info  ] RTSpatialIndex 0x78f1ac00a7d0 (Used 3 MB), Allocate result buffer, memory consumption 0 MB, capacity 20
[LIBGPUSPATIAL] [ 12660][18:00:13:334306][info  ] RTSpatialIndex 0x78f1ac00a7d0 (Used 4 MB), Allocate result buffer, memory consumption 0 MB, capacity 17
[LIBGPUSPATIAL] [ 12661][18:00:13:334685][info  ] RTSpatialIndex 0x78f1ac00a7d0 (Used 3 MB), Allocate result buffer, memory consumption 0 MB, capacity 17
[LIBGPUSPATIAL] [ 12663][18:00:13:334866][info  ] RTSpatialIndex 0x78f1ac00a7d0 (Used 3 MB), Probe Points, Size: 100000, Results: 20
[LIBGPUSPATIAL] [ 12658][18:00:13:334911][info  ] RTSpatialIndex 0x78f1ac00a7d0 (Used 2 MB), Allocate result buffer, memory consumption 0 MB, capacity 11
[LIBGPUSPATIAL] [ 12660][18:00:13:335265][info  ] RTSpatialIndex 0x78f1ac00a7d0 (Used 2 MB), Probe Points, Size: 100000, Results: 17
[LIBGPUSPATIAL] [ 12658][18:00:13:335462][info  ] RTSpatialIndex 0x78f1ac00a7d0 (Used 1 MB), Probe Points, Size: 100000, Results: 11
[LIBGPUSPATIAL] [ 12661][18:00:13:335568][info  ] RTSpatialIndex 0x78f1ac00a7d0 (Used 0 MB), Probe Points, Size: 100000, Results: 17
[LIBGPUSPATIAL] [ 12663][18:00:13:335935][info  ] RTSpatialRefiner 0x78f1afd298a0 (Used 0 MB), Loaded Geometries, ProbeArray 100000, Loaded 20, Type Point
[LIBGPUSPATIAL] [ 12660][18:00:13:335940][info  ] RTSpatialRefiner 0x78f1afd298a0 (Used 0 MB), Loaded Geometries, ProbeArray 100000, Loaded 17, Type Point
[LIBGPUSPATIAL] [ 12660][18:00:13:336024][info  ] RTSpatialRefiner 0x78f1afd298a0 (Used 0 MB), Evaluating 17 Geometry Pairs with Predicate Intersects
[LIBGPUSPATIAL] [ 12663][18:00:13:336066][info  ] RTSpatialRefiner 0x78f1afd298a0 (Used 0 MB), Evaluating 20 Geometry Pairs with Predicate Intersects
[LIBGPUSPATIAL] [ 12658][18:00:13:336091][info  ] RTSpatialRefiner 0x78f1afd298a0 (Used 0 MB), Loaded Geometries, ProbeArray 100000, Loaded 11, Type Point
[LIBGPUSPATIAL] [ 12658][18:00:13:336131][info  ] RTSpatialRefiner 0x78f1afd298a0 (Used 0 MB), Evaluating 11 Geometry Pairs with Predicate Intersects
[LIBGPUSPATIAL] [ 12661][18:00:13:336746][info  ] RTSpatialRefiner 0x78f1afd298a0 (Used 0 MB), Loaded Geometries, ProbeArray 100000, Loaded 17, Type Point
[LIBGPUSPATIAL] [ 12661][18:00:13:336853][info  ] RTSpatialRefiner 0x78f1afd298a0 (Used 0 MB), Evaluating 17 Geometry Pairs with Predicate Intersects
[LIBGPUSPATIAL] [ 12659][18:00:13:336883][info  ] RTSpatialIndex 0x78f1ac00a7d0 (Used 1 MB), Allocate result buffer, memory consumption 0 MB, capacity 17
[LIBGPUSPATIAL] [ 12659][18:00:13:337455][info  ] RTSpatialIndex 0x78f1ac00a7d0 (Used 0 MB), Probe Points, Size: 100000, Results: 17
[LIBGPUSPATIAL] [ 12659][18:00:13:338026][info  ] RTSpatialRefiner 0x78f1afd298a0 (Used 0 MB), Loaded Geometries, ProbeArray 100000, Loaded 17, Type Point
[LIBGPUSPATIAL] [ 12659][18:00:13:338073][info  ] RTSpatialRefiner 0x78f1afd298a0 (Used 0 MB), Evaluating 17 Geometry Pairs with Predicate Intersects
[LIBGPUSPATIAL] [ 12656][18:00:13:341921][info  ] RTSpatialIndex 0x78f1ac00a7d0 (Used 0 MB), Allocate result buffer, memory consumption 0 MB, capacity 16
[LIBGPUSPATIAL] [ 12656][18:00:13:342046][info  ] RTSpatialIndex 0x78f1ac00a7d0 (Used 0 MB), Probe Points, Size: 100000, Results: 16
[LIBGPUSPATIAL] [ 12656][18:00:13:344995][info  ] RTSpatialRefiner 0x78f1afd298a0 (Used 0 MB), Loaded Geometries, ProbeArray 100000, Loaded 16, Type Point
[LIBGPUSPATIAL] [ 12656][18:00:13:345044][info  ] RTSpatialRefiner 0x78f1afd298a0 (Used 0 MB), Evaluating 16 Geometry Pairs with Predicate Intersects
[LIBGPUSPATIAL] [ 12662][18:00:13:346564][info  ] RTSpatialIndex 0x78f1ac00a7d0 (Used 0 MB), Allocate result buffer, memory consumption 0 MB, capacity 17
[LIBGPUSPATIAL] [ 12662][18:00:13:346699][info  ] RTSpatialIndex 0x78f1ac00a7d0 (Used 0 MB), Probe Points, Size: 100000, Results: 17
[LIBGPUSPATIAL] [ 12662][18:00:13:347197][info  ] RTSpatialRefiner 0x78f1afd298a0 (Used 0 MB), Loaded Geometries, ProbeArray 100000, Loaded 17, Type Point
[LIBGPUSPATIAL] [ 12662][18:00:13:347244][info  ] RTSpatialRefiner 0x78f1afd298a0 (Used 0 MB), Evaluating 17 Geometry Pairs with Predicate Intersects
[LIBGPUSPATIAL] [ 12657][18:00:13:348165][info  ] RTSpatialIndex 0x78f1ac00a7d0 (Used 0 MB), Allocate result buffer, memory consumption 0 MB, capacity 21
[LIBGPUSPATIAL] [ 12657][18:00:13:348290][info  ] RTSpatialIndex 0x78f1ac00a7d0 (Used 0 MB), Probe Points, Size: 100000, Results: 21
[LIBGPUSPATIAL] [ 12657][18:00:13:348637][info  ] RTSpatialRefiner 0x78f1afd298a0 (Used 0 MB), Loaded Geometries, ProbeArray 100000, Loaded 21, Type Point
[LIBGPUSPATIAL] [ 12657][18:00:13:348681][info  ] RTSpatialRefiner 0x78f1afd298a0 (Used 0 MB), Evaluating 21 Geometry Pairs with Predicate Intersects
[LIBGPUSPATIAL] [ 12660][18:00:13:349812][info  ] RTSpatialIndex 0x78f1ac00a7d0 (Used 0 MB), Allocate result buffer, memory consumption 0 MB, capacity 11
[LIBGPUSPATIAL] [ 12660][18:00:13:350051][info  ] RTSpatialIndex 0x78f1ac00a7d0 (Used 0 MB), Probe Points, Size: 100000, Results: 11
[LIBGPUSPATIAL] [ 12658][18:00:13:350946][info  ] RTSpatialIndex 0x78f1ac00a7d0 (Used 1 MB), Allocate result buffer, memory consumption 0 MB, capacity 15
[LIBGPUSPATIAL] [ 12660][18:00:13:350967][info  ] RTSpatialRefiner 0x78f1afd298a0 (Used 1 MB), Loaded Geometries, ProbeArray 100000, Loaded 11, Type Point
[LIBGPUSPATIAL] [ 12660][18:00:13:351010][info  ] RTSpatialRefiner 0x78f1afd298a0 (Used 1 MB), Evaluating 11 Geometry Pairs with Predicate Intersects
[LIBGPUSPATIAL] [ 12663][18:00:13:351054][info  ] RTSpatialIndex 0x78f1ac00a7d0 (Used 3 MB), Allocate result buffer, memory consumption 0 MB, capacity 16
[LIBGPUSPATIAL] [ 12658][18:00:13:351512][info  ] RTSpatialIndex 0x78f1ac00a7d0 (Used 2 MB), Probe Points, Size: 100000, Results: 15
[LIBGPUSPATIAL] [ 12663][18:00:13:351991][info  ] RTSpatialIndex 0x78f1ac00a7d0 (Used 2 MB), Probe Points, Size: 100000, Results: 16
[LIBGPUSPATIAL] [ 12658][18:00:13:352190][info  ] RTSpatialRefiner 0x78f1afd298a0 (Used 1 MB), Loaded Geometries, ProbeArray 100000, Loaded 15, Type Point
[LIBGPUSPATIAL] [ 12658][18:00:13:352263][info  ] RTSpatialRefiner 0x78f1afd298a0 (Used 1 MB), Evaluating 15 Geometry Pairs with Predicate Intersects
[LIBGPUSPATIAL] [ 12659][18:00:13:352275][info  ] RTSpatialIndex 0x78f1ac00a7d0 (Used 1 MB), Allocate result buffer, memory consumption 0 MB, capacity 15
[LIBGPUSPATIAL] [ 12661][18:00:13:352680][info  ] RTSpatialIndex 0x78f1ac00a7d0 (Used 1 MB), Allocate result buffer, memory consumption 0 MB, capacity 16
[LIBGPUSPATIAL] [ 12663][18:00:13:352686][info  ] RTSpatialRefiner 0x78f1afd298a0 (Used 1 MB), Loaded Geometries, ProbeArray 100000, Loaded 16, Type Point
[LIBGPUSPATIAL] [ 12663][18:00:13:352730][info  ] RTSpatialRefiner 0x78f1afd298a0 (Used 1 MB), Evaluating 16 Geometry Pairs with Predicate Intersects
[LIBGPUSPATIAL] [ 12659][18:00:13:352818][info  ] RTSpatialIndex 0x78f1ac00a7d0 (Used 1 MB), Probe Points, Size: 100000, Results: 15
[LIBGPUSPATIAL] [ 12661][18:00:13:353224][info  ] RTSpatialIndex 0x78f1ac00a7d0 (Used 0 MB), Probe Points, Size: 100000, Results: 16
[LIBGPUSPATIAL] [ 12659][18:00:13:353522][info  ] RTSpatialRefiner 0x78f1afd298a0 (Used 0 MB), Loaded Geometries, ProbeArray 100000, Loaded 15, Type Point
[LIBGPUSPATIAL] [ 12659][18:00:13:353573][info  ] RTSpatialRefiner 0x78f1afd298a0 (Used 0 MB), Evaluating 15 Geometry Pairs with Predicate Intersects
[LIBGPUSPATIAL] [ 12661][18:00:13:357165][info  ] RTSpatialRefiner 0x78f1afd298a0 (Used 0 MB), Loaded Geometries, ProbeArray 100000, Loaded 16, Type Point
[LIBGPUSPATIAL] [ 12661][18:00:13:357216][info  ] RTSpatialRefiner 0x78f1afd298a0 (Used 0 MB), Evaluating 16 Geometry Pairs with Predicate Intersects
[LIBGPUSPATIAL] [ 12656][18:00:13:358028][info  ] RTSpatialIndex 0x78f1ac00a7d0 (Used 0 MB), Allocate result buffer, memory consumption 0 MB, capacity 17
[LIBGPUSPATIAL] [ 12656][18:00:13:358136][info  ] RTSpatialIndex 0x78f1ac00a7d0 (Used 0 MB), Probe Points, Size: 100000, Results: 17
[LIBGPUSPATIAL] [ 12662][18:00:13:360873][info  ] RTSpatialIndex 0x78f1ac00a7d0 (Used 0 MB), Allocate result buffer, memory consumption 0 MB, capacity 24
[LIBGPUSPATIAL] [ 12662][18:00:13:361010][info  ] RTSpatialIndex 0x78f1ac00a7d0 (Used 0 MB), Probe Points, Size: 100000, Results: 24
[LIBGPUSPATIAL] [ 12656][18:00:13:361380][info  ] RTSpatialRefiner 0x78f1afd298a0 (Used 0 MB), Loaded Geometries, ProbeArray 100000, Loaded 17, Type Point
[LIBGPUSPATIAL] [ 12656][18:00:13:361452][info  ] RTSpatialRefiner 0x78f1afd298a0 (Used 0 MB), Evaluating 17 Geometry Pairs with Predicate Intersects
[LIBGPUSPATIAL] [ 12662][18:00:13:361399][info  ] RTSpatialRefiner 0x78f1afd298a0 (Used 0 MB), Loaded Geometries, ProbeArray 100000, Loaded 24, Type Point
[LIBGPUSPATIAL] [ 12662][18:00:13:361740][info  ] RTSpatialRefiner 0x78f1afd298a0 (Used 0 MB), Evaluating 24 Geometry Pairs with Predicate Intersects
[LIBGPUSPATIAL] [ 12657][18:00:13:362726][info  ] RTSpatialIndex 0x78f1ac00a7d0 (Used 0 MB), Allocate result buffer, memory consumption 0 MB, capacity 10
[LIBGPUSPATIAL] [ 12657][18:00:13:362871][info  ] RTSpatialIndex 0x78f1ac00a7d0 (Used 0 MB), Probe Points, Size: 100000, Results: 10
[LIBGPUSPATIAL] [ 12657][18:00:13:365073][info  ] RTSpatialRefiner 0x78f1afd298a0 (Used 0 MB), Loaded Geometries, ProbeArray 100000, Loaded 10, Type Point
[LIBGPUSPATIAL] [ 12657][18:00:13:365180][info  ] RTSpatialRefiner 0x78f1afd298a0 (Used 2 MB), Evaluating 10 Geometry Pairs with Predicate Intersects
[LIBGPUSPATIAL] [ 12659][18:00:13:365262][info  ] RTSpatialIndex 0x78f1ac00a7d0 (Used 2 MB), Allocate result buffer, memory consumption 0 MB, capacity 11
[LIBGPUSPATIAL] [ 12659][18:00:13:365799][info  ] RTSpatialIndex 0x78f1ac00a7d0 (Used 1 MB), Probe Points, Size: 100000, Results: 11
[LIBGPUSPATIAL] [ 12663][18:00:13:365916][info  ] RTSpatialIndex 0x78f1ac00a7d0 (Used 0 MB), Allocate result buffer, memory consumption 0 MB, capacity 9
[LIBGPUSPATIAL] [ 12659][18:00:13:366568][info  ] RTSpatialRefiner 0x78f1afd298a0 (Used 2 MB), Loaded Geometries, ProbeArray 100000, Loaded 11, Type Point
[LIBGPUSPATIAL] [ 12659][18:00:13:366642][info  ] RTSpatialRefiner 0x78f1afd298a0 (Used 2 MB), Evaluating 11 Geometry Pairs with Predicate Intersects
[LIBGPUSPATIAL] [ 12663][18:00:13:366647][info  ] RTSpatialIndex 0x78f1ac00a7d0 (Used 2 MB), Probe Points, Size: 100000, Results: 9
[LIBGPUSPATIAL] [ 12660][18:00:13:366703][info  ] RTSpatialIndex 0x78f1ac00a7d0 (Used 2 MB), Allocate result buffer, memory consumption 0 MB, capacity 17
[LIBGPUSPATIAL] [ 12658][18:00:13:366869][info  ] RTSpatialIndex 0x78f1ac00a7d0 (Used 1 MB), Allocate result buffer, memory consumption 0 MB, capacity 8
[LIBGPUSPATIAL] [ 12660][18:00:13:367211][info  ] RTSpatialIndex 0x78f1ac00a7d0 (Used 1 MB), Probe Points, Size: 100000, Results: 17
[LIBGPUSPATIAL] [ 12663][18:00:13:367455][info  ] RTSpatialRefiner 0x78f1afd298a0 (Used 0 MB), Loaded Geometries, ProbeArray 100000, Loaded 9, Type Point
[LIBGPUSPATIAL] [ 12658][18:00:13:367530][info  ] RTSpatialIndex 0x78f1ac00a7d0 (Used 0 MB), Probe Points, Size: 100000, Results: 8
[LIBGPUSPATIAL] [ 12663][18:00:13:367622][info  ] RTSpatialRefiner 0x78f1afd298a0 (Used 0 MB), Evaluating 9 Geometry Pairs with Predicate Intersects
[LIBGPUSPATIAL] [ 12660][18:00:13:368295][info  ] RTSpatialRefiner 0x78f1afd298a0 (Used 0 MB), Loaded Geometries, ProbeArray 100000, Loaded 17, Type Point
[LIBGPUSPATIAL] [ 12660][18:00:13:368380][info  ] RTSpatialRefiner 0x78f1afd298a0 (Used 0 MB), Evaluating 17 Geometry Pairs with Predicate Intersects
[LIBGPUSPATIAL] [ 12661][18:00:13:370656][info  ] RTSpatialIndex 0x78f1ac00a7d0 (Used 0 MB), Allocate result buffer, memory consumption 0 MB, capacity 21
[LIBGPUSPATIAL] [ 12661][18:00:13:370907][info  ] RTSpatialIndex 0x78f1ac00a7d0 (Used 0 MB), Probe Points, Size: 100000, Results: 21
[LIBGPUSPATIAL] [ 12661][18:00:13:371367][info  ] RTSpatialRefiner 0x78f1afd298a0 (Used 0 MB), Loaded Geometries, ProbeArray 100000, Loaded 21, Type Point
[LIBGPUSPATIAL] [ 12661][18:00:13:371406][info  ] RTSpatialRefiner 0x78f1afd298a0 (Used 0 MB), Evaluating 21 Geometry Pairs with Predicate Intersects
[LIBGPUSPATIAL] [ 12658][18:00:13:371922][info  ] RTSpatialRefiner 0x78f1afd298a0 (Used 0 MB), Loaded Geometries, ProbeArray 100000, Loaded 8, Type Point
[LIBGPUSPATIAL] [ 12658][18:00:13:371976][info  ] RTSpatialRefiner 0x78f1afd298a0 (Used 0 MB), Evaluating 8 Geometry Pairs with Predicate Intersects
[LIBGPUSPATIAL] [ 12662][18:00:13:375528][info  ] RTSpatialIndex 0x78f1ac00a7d0 (Used 0 MB), Allocate result buffer, memory consumption 0 MB, capacity 13
[LIBGPUSPATIAL] [ 12662][18:00:13:375670][info  ] RTSpatialIndex 0x78f1ac00a7d0 (Used 0 MB), Probe Points, Size: 100000, Results: 13
[LIBGPUSPATIAL] [ 12662][18:00:13:376742][info  ] RTSpatialRefiner 0x78f1afd298a0 (Used 0 MB), Loaded Geometries, ProbeArray 100000, Loaded 13, Type Point
[LIBGPUSPATIAL] [ 12662][18:00:13:376812][info  ] RTSpatialRefiner 0x78f1afd298a0 (Used 1 MB), Evaluating 13 Geometry Pairs with Predicate Intersects
[LIBGPUSPATIAL] [ 12656][18:00:13:377040][info  ] RTSpatialIndex 0x78f1ac00a7d0 (Used 1 MB), Allocate result buffer, memory consumption 0 MB, capacity 11
[LIBGPUSPATIAL] [ 12658][18:00:13:377160][info  ] RTSpatialIndex 0x78f1ac00a7d0 (Used 1 MB), Allocate result buffer, memory consumption 0 MB, capacity 3
[LIBGPUSPATIAL] [ 12656][18:00:13:377520][info  ] RTSpatialIndex 0x78f1ac00a7d0 (Used 1 MB), Probe Points, Size: 100000, Results: 11
[LIBGPUSPATIAL] [ 12658][18:00:13:377622][info  ] RTSpatialIndex 0x78f1ac00a7d0 (Used 0 MB), Probe Points, Size: 33333, Results: 3
[LIBGPUSPATIAL] [ 12658][18:00:13:378216][info  ] RTSpatialRefiner 0x78f1afd298a0 (Used 0 MB), Loaded Geometries, ProbeArray 33333, Loaded 3, Type Point
[LIBGPUSPATIAL] [ 12658][18:00:13:378262][info  ] RTSpatialRefiner 0x78f1afd298a0 (Used 0 MB), Evaluating 3 Geometry Pairs with Predicate Intersects
[LIBGPUSPATIAL] [ 12656][18:00:13:378272][info  ] RTSpatialRefiner 0x78f1afd298a0 (Used 0 MB), Loaded Geometries, ProbeArray 100000, Loaded 11, Type Point
[LIBGPUSPATIAL] [ 12656][18:00:13:378315][info  ] RTSpatialRefiner 0x78f1afd298a0 (Used 0 MB), Evaluating 11 Geometry Pairs with Predicate Intersects
[LIBGPUSPATIAL] [ 12659][18:00:13:380719][info  ] RTSpatialIndex 0x78f1ac00a7d0 (Used 1 MB), Allocate result buffer, memory consumption 0 MB, capacity 19
[LIBGPUSPATIAL] [ 12659][18:00:13:380946][info  ] RTSpatialIndex 0x78f1ac00a7d0 (Used 1 MB), Probe Points, Size: 100000, Results: 19
[LIBGPUSPATIAL] [ 12660][18:00:13:381575][info  ] RTSpatialIndex 0x78f1ac00a7d0 (Used 1 MB), Allocate result buffer, memory consumption 0 MB, capacity 14
[LIBGPUSPATIAL] [ 12659][18:00:13:381693][info  ] RTSpatialRefiner 0x78f1afd298a0 (Used 3 MB), Loaded Geometries, ProbeArray 100000, Loaded 19, Type Point
[LIBGPUSPATIAL] [ 12659][18:00:13:381764][info  ] RTSpatialRefiner 0x78f1afd298a0 (Used 3 MB), Evaluating 19 Geometry Pairs with Predicate Intersects
[LIBGPUSPATIAL] [ 12660][18:00:13:382444][info  ] RTSpatialIndex 0x78f1ac00a7d0 (Used 2 MB), Probe Points, Size: 100000, Results: 14
[LIBGPUSPATIAL] [ 12663][18:00:13:382503][info  ] RTSpatialIndex 0x78f1ac00a7d0 (Used 1 MB), Allocate result buffer, memory consumption 0 MB, capacity 13
[LIBGPUSPATIAL] [ 12657][18:00:13:382879][info  ] RTSpatialIndex 0x78f1ac00a7d0 (Used 1 MB), Allocate result buffer, memory consumption 0 MB, capacity 14
[LIBGPUSPATIAL] [ 12663][18:00:13:382963][info  ] RTSpatialIndex 0x78f1ac00a7d0 (Used 1 MB), Probe Points, Size: 100000, Results: 13
[LIBGPUSPATIAL] [ 12660][18:00:13:383280][info  ] RTSpatialRefiner 0x78f1afd298a0 (Used 0 MB), Loaded Geometries, ProbeArray 100000, Loaded 14, Type Point
[LIBGPUSPATIAL] [ 12657][18:00:13:383328][info  ] RTSpatialIndex 0x78f1ac00a7d0 (Used 0 MB), Probe Points, Size: 100000, Results: 14
[LIBGPUSPATIAL] [ 12660][18:00:13:383335][info  ] RTSpatialRefiner 0x78f1afd298a0 (Used 0 MB), Evaluating 14 Geometry Pairs with Predicate Intersects
[LIBGPUSPATIAL] [ 12663][18:00:13:383650][info  ] RTSpatialRefiner 0x78f1afd298a0 (Used 0 MB), Loaded Geometries, ProbeArray 100000, Loaded 13, Type Point
[LIBGPUSPATIAL] [ 12663][18:00:13:383953][info  ] RTSpatialRefiner 0x78f1afd298a0 (Used 0 MB), Evaluating 13 Geometry Pairs with Predicate Intersects
[LIBGPUSPATIAL] [ 12657][18:00:13:383791][info  ] RTSpatialRefiner 0x78f1afd298a0 (Used 0 MB), Loaded Geometries, ProbeArray 100000, Loaded 14, Type Point
[LIBGPUSPATIAL] [ 12657][18:00:13:384070][info  ] RTSpatialRefiner 0x78f1afd298a0 (Used 0 MB), Evaluating 14 Geometry Pairs with Predicate Intersects
[LIBGPUSPATIAL] [ 12661][18:00:13:386019][info  ] RTSpatialIndex 0x78f1ac00a7d0 (Used 0 MB), Allocate result buffer, memory consumption 0 MB, capacity 13
[LIBGPUSPATIAL] [ 12661][18:00:13:386153][info  ] RTSpatialIndex 0x78f1ac00a7d0 (Used 0 MB), Probe Points, Size: 100000, Results: 13
[LIBGPUSPATIAL] [ 12661][18:00:13:386607][info  ] RTSpatialRefiner 0x78f1afd298a0 (Used 0 MB), Loaded Geometries, ProbeArray 100000, Loaded 13, Type Point
[LIBGPUSPATIAL] [ 12661][18:00:13:386667][info  ] RTSpatialRefiner 0x78f1afd298a0 (Used 0 MB), Evaluating 13 Geometry Pairs with Predicate Intersects
[LIBGPUSPATIAL] [ 12662][18:00:13:391087][info  ] RTSpatialIndex 0x78f1ac00a7d0 (Used 0 MB), Allocate result buffer, memory consumption 0 MB, capacity 14
[LIBGPUSPATIAL] [ 12662][18:00:13:391228][info  ] RTSpatialIndex 0x78f1ac00a7d0 (Used 0 MB), Probe Points, Size: 100000, Results: 14
[LIBGPUSPATIAL] [ 12662][18:00:13:391598][info  ] RTSpatialRefiner 0x78f1afd298a0 (Used 0 MB), Loaded Geometries, ProbeArray 100000, Loaded 14, Type Point
[LIBGPUSPATIAL] [ 12662][18:00:13:391642][info  ] RTSpatialRefiner 0x78f1afd298a0 (Used 0 MB), Evaluating 14 Geometry Pairs with Predicate Intersects
[LIBGPUSPATIAL] [ 12656][18:00:13:393668][info  ] RTSpatialIndex 0x78f1ac00a7d0 (Used 0 MB), Allocate result buffer, memory consumption 0 MB, capacity 12
[LIBGPUSPATIAL] [ 12656][18:00:13:393790][info  ] RTSpatialIndex 0x78f1ac00a7d0 (Used 0 MB), Probe Points, Size: 100000, Results: 12
[LIBGPUSPATIAL] [ 12656][18:00:13:394292][info  ] RTSpatialRefiner 0x78f1afd298a0 (Used 0 MB), Loaded Geometries, ProbeArray 100000, Loaded 12, Type Point
[LIBGPUSPATIAL] [ 12656][18:00:13:394332][info  ] RTSpatialRefiner 0x78f1afd298a0 (Used 0 MB), Evaluating 12 Geometry Pairs with Predicate Intersects
[LIBGPUSPATIAL] [ 12659][18:00:13:396062][info  ] RTSpatialIndex 0x78f1ac00a7d0 (Used 0 MB), Allocate result buffer, memory consumption 0 MB, capacity 16
[LIBGPUSPATIAL] [ 12659][18:00:13:396170][info  ] RTSpatialIndex 0x78f1ac00a7d0 (Used 0 MB), Probe Points, Size: 100000, Results: 16
[LIBGPUSPATIAL] [ 12659][18:00:13:396793][info  ] RTSpatialRefiner 0x78f1afd298a0 (Used 0 MB), Loaded Geometries, ProbeArray 100000, Loaded 16, Type Point
[LIBGPUSPATIAL] [ 12659][18:00:13:396879][info  ] RTSpatialRefiner 0x78f1afd298a0 (Used 0 MB), Evaluating 16 Geometry Pairs with Predicate Intersects
[LIBGPUSPATIAL] [ 12662][18:00:13:398290][info  ] RTSpatialIndex 0x78f1ac00a7d0 (Used 3 MB), Allocate result buffer, memory consumption 0 MB, capacity 1
[LIBGPUSPATIAL] [ 12657][18:00:13:398979][info  ] RTSpatialIndex 0x78f1ac00a7d0 (Used 5 MB), Allocate result buffer, memory consumption 0 MB, capacity 14
[LIBGPUSPATIAL] [ 12660][18:00:13:399074][info  ] RTSpatialIndex 0x78f1ac00a7d0 (Used 4 MB), Allocate result buffer, memory consumption 0 MB, capacity 11
[LIBGPUSPATIAL] [ 12661][18:00:13:399139][info  ] RTSpatialIndex 0x78f1ac00a7d0 (Used 4 MB), Allocate result buffer, memory consumption 0 MB, capacity 12
[LIBGPUSPATIAL] [ 12662][18:00:13:399303][info  ] RTSpatialIndex 0x78f1ac00a7d0 (Used 4 MB), Probe Points, Size: 33333, Results: 1
[LIBGPUSPATIAL] [ 12663][18:00:13:399351][info  ] RTSpatialIndex 0x78f1ac00a7d0 (Used 3 MB), Allocate result buffer, memory consumption 0 MB, capacity 21
[LIBGPUSPATIAL] [ 12658][18:00:13:399428][info  ] RTSpatialIndex 0x78f1ac00a7d0 (Used 3 MB), Allocate result buffer, memory consumption 0 MB, capacity 12
[LIBGPUSPATIAL] [ 12663][18:00:13:399723][info  ] RTSpatialIndex 0x78f1ac00a7d0 (Used 3 MB), Probe Points, Size: 100000, Results: 21
[LIBGPUSPATIAL] [ 12662][18:00:13:399893][info  ] RTSpatialRefiner 0x78f1afd298a0 (Used 3 MB), Loaded Geometries, ProbeArray 33333, Loaded 1, Type Point
[LIBGPUSPATIAL] [ 12657][18:00:13:399899][info  ] RTSpatialIndex 0x78f1ac00a7d0 (Used 3 MB), Probe Points, Size: 100000, Results: 14
[LIBGPUSPATIAL] [ 12662][18:00:13:399941][info  ] RTSpatialRefiner 0x78f1afd298a0 (Used 3 MB), Evaluating 1 Geometry Pairs with Predicate Intersects
[LIBGPUSPATIAL] [ 12661][18:00:13:400109][info  ] RTSpatialIndex 0x78f1ac00a7d0 (Used 2 MB), Probe Points, Size: 100000, Results: 12
[LIBGPUSPATIAL] [ 12660][18:00:13:400297][info  ] RTSpatialIndex 0x78f1ac00a7d0 (Used 1 MB), Probe Points, Size: 100000, Results: 11
[LIBGPUSPATIAL] [ 12658][18:00:13:400453][info  ] RTSpatialIndex 0x78f1ac00a7d0 (Used 0 MB), Probe Points, Size: 100000, Results: 12
[LIBGPUSPATIAL] [ 12661][18:00:13:400837][info  ] RTSpatialRefiner 0x78f1afd298a0 (Used 0 MB), Loaded Geometries, ProbeArray 100000, Loaded 12, Type Point
[LIBGPUSPATIAL] [ 12658][18:00:13:400861][info  ] RTSpatialRefiner 0x78f1afd298a0 (Used 0 MB), Loaded Geometries, ProbeArray 100000, Loaded 12, Type Point
[LIBGPUSPATIAL] [ 12663][18:00:13:400876][info  ] RTSpatialRefiner 0x78f1afd298a0 (Used 0 MB), Loaded Geometries, ProbeArray 100000, Loaded 21, Type Point
[LIBGPUSPATIAL] [ 12660][18:00:13:400900][info  ] RTSpatialRefiner 0x78f1afd298a0 (Used 0 MB), Loaded Geometries, ProbeArray 100000, Loaded 11, Type Point
[LIBGPUSPATIAL] [ 12658][18:00:13:400915][info  ] RTSpatialRefiner 0x78f1afd298a0 (Used 0 MB), Evaluating 12 Geometry Pairs with Predicate Intersects
[LIBGPUSPATIAL] [ 12663][18:00:13:400919][info  ] RTSpatialRefiner 0x78f1afd298a0 (Used 0 MB), Evaluating 21 Geometry Pairs with Predicate Intersects
[LIBGPUSPATIAL] [ 12661][18:00:13:400929][info  ] RTSpatialRefiner 0x78f1afd298a0 (Used 0 MB), Evaluating 12 Geometry Pairs with Predicate Intersects
[LIBGPUSPATIAL] [ 12660][18:00:13:400949][info  ] RTSpatialRefiner 0x78f1afd298a0 (Used 0 MB), Evaluating 11 Geometry Pairs with Predicate Intersects
[LIBGPUSPATIAL] [ 12657][18:00:13:401074][info  ] RTSpatialRefiner 0x78f1afd298a0 (Used 0 MB), Loaded Geometries, ProbeArray 100000, Loaded 14, Type Point
[LIBGPUSPATIAL] [ 12657][18:00:13:401123][info  ] RTSpatialRefiner 0x78f1afd298a0 (Used 0 MB), Evaluating 14 Geometry Pairs with Predicate Intersects
[LIBGPUSPATIAL] [ 12656][18:00:13:405452][info  ] RTSpatialIndex 0x78f1ac00a7d0 (Used 0 MB), Allocate result buffer, memory consumption 0 MB, capacity 18
[LIBGPUSPATIAL] [ 12656][18:00:13:405608][info  ] RTSpatialIndex 0x78f1ac00a7d0 (Used 0 MB), Probe Points, Size: 100000, Results: 18
[LIBGPUSPATIAL] [ 12656][18:00:13:406186][info  ] RTSpatialRefiner 0x78f1afd298a0 (Used 0 MB), Loaded Geometries, ProbeArray 100000, Loaded 18, Type Point
[LIBGPUSPATIAL] [ 12656][18:00:13:406225][info  ] RTSpatialRefiner 0x78f1afd298a0 (Used 0 MB), Evaluating 18 Geometry Pairs with Predicate Intersects
[LIBGPUSPATIAL] [ 12661][18:00:13:407260][info  ] RTSpatialIndex 0x78f1ac00a7d0 (Used 0 MB), Allocate result buffer, memory consumption 0 MB, capacity 5
[LIBGPUSPATIAL] [ 12663][18:00:13:407353][info  ] RTSpatialIndex 0x78f1ac00a7d0 (Used 0 MB), Allocate result buffer, memory consumption 0 MB, capacity 4
[LIBGPUSPATIAL] [ 12661][18:00:13:407495][info  ] RTSpatialIndex 0x78f1ac00a7d0 (Used 0 MB), Probe Points, Size: 33333, Results: 5
[LIBGPUSPATIAL] [ 12663][18:00:13:407620][info  ] RTSpatialIndex 0x78f1ac00a7d0 (Used 0 MB), Probe Points, Size: 33333, Results: 4
[LIBGPUSPATIAL] [ 12661][18:00:13:408177][info  ] RTSpatialRefiner 0x78f1afd298a0 (Used 0 MB), Loaded Geometries, ProbeArray 33333, Loaded 5, Type Point
[LIBGPUSPATIAL] [ 12663][18:00:13:408204][info  ] RTSpatialRefiner 0x78f1afd298a0 (Used 0 MB), Loaded Geometries, ProbeArray 33333, Loaded 4, Type Point
[LIBGPUSPATIAL] [ 12661][18:00:13:408222][info  ] RTSpatialRefiner 0x78f1afd298a0 (Used 0 MB), Evaluating 5 Geometry Pairs with Predicate Intersects
[LIBGPUSPATIAL] [ 12663][18:00:13:408241][info  ] RTSpatialRefiner 0x78f1afd298a0 (Used 0 MB), Evaluating 4 Geometry Pairs with Predicate Intersects
[LIBGPUSPATIAL] [ 12656][18:00:13:409982][info  ] RTSpatialIndex 0x78f1ac00a7d0 (Used 0 MB), Allocate result buffer, memory consumption 0 MB, capacity 4
[LIBGPUSPATIAL] [ 12656][18:00:13:410120][info  ] RTSpatialIndex 0x78f1ac00a7d0 (Used 0 MB), Probe Points, Size: 33333, Results: 4
[LIBGPUSPATIAL] [ 12656][18:00:13:410721][info  ] RTSpatialRefiner 0x78f1afd298a0 (Used 0 MB), Loaded Geometries, ProbeArray 33333, Loaded 4, Type Point
[LIBGPUSPATIAL] [ 12656][18:00:13:410770][info  ] RTSpatialRefiner 0x78f1afd298a0 (Used 0 MB), Evaluating 4 Geometry Pairs with Predicate Intersects
[LIBGPUSPATIAL] [ 12657][18:00:13:414417][info  ] RTSpatialIndex 0x78f1ac00a7d0 (Used 1 MB), Allocate result buffer, memory consumption 0 MB, capacity 14
[LIBGPUSPATIAL] [ 12659][18:00:13:414419][info  ] RTSpatialIndex 0x78f1ac00a7d0 (Used 1 MB), Allocate result buffer, memory consumption 0 MB, capacity 16
[LIBGPUSPATIAL] [ 12657][18:00:13:415462][info  ] RTSpatialIndex 0x78f1ac00a7d0 (Used 2 MB), Probe Points, Size: 100000, Results: 14
[LIBGPUSPATIAL] [ 12658][18:00:13:415610][info  ] RTSpatialIndex 0x78f1ac00a7d0 (Used 1 MB), Allocate result buffer, memory consumption 0 MB, capacity 13
[LIBGPUSPATIAL] [ 12659][18:00:13:416108][info  ] RTSpatialIndex 0x78f1ac00a7d0 (Used 2 MB), Probe Points, Size: 100000, Results: 16
[LIBGPUSPATIAL] [ 12657][18:00:13:416405][info  ] RTSpatialRefiner 0x78f1afd298a0 (Used 1 MB), Loaded Geometries, ProbeArray 100000, Loaded 14, Type Point
[LIBGPUSPATIAL] [ 12657][18:00:13:416529][info  ] RTSpatialRefiner 0x78f1afd298a0 (Used 1 MB), Evaluating 14 Geometry Pairs with Predicate Intersects
[LIBGPUSPATIAL] [ 12658][18:00:13:416716][info  ] RTSpatialIndex 0x78f1ac00a7d0 (Used 1 MB), Probe Points, Size: 100000, Results: 13
[LIBGPUSPATIAL] [ 12659][18:00:13:416922][info  ] RTSpatialRefiner 0x78f1afd298a0 (Used 0 MB), Loaded Geometries, ProbeArray 100000, Loaded 16, Type Point
[LIBGPUSPATIAL] [ 12659][18:00:13:416983][info  ] RTSpatialRefiner 0x78f1afd298a0 (Used 0 MB), Evaluating 16 Geometry Pairs with Predicate Intersects
[LIBGPUSPATIAL] [ 12660][18:00:13:417180][info  ] RTSpatialIndex 0x78f1ac00a7d0 (Used 0 MB), Allocate result buffer, memory consumption 0 MB, capacity 17
[LIBGPUSPATIAL] [ 12658][18:00:13:417588][info  ] RTSpatialRefiner 0x78f1afd298a0 (Used 0 MB), Loaded Geometries, ProbeArray 100000, Loaded 13, Type Point
[LIBGPUSPATIAL] [ 12660][18:00:13:417690][info  ] RTSpatialIndex 0x78f1ac00a7d0 (Used 0 MB), Probe Points, Size: 100000, Results: 17
[LIBGPUSPATIAL] [ 12658][18:00:13:417720][info  ] RTSpatialRefiner 0x78f1afd298a0 (Used 0 MB), Evaluating 13 Geometry Pairs with Predicate Intersects
[LIBGPUSPATIAL] [ 12660][18:00:13:418410][info  ] RTSpatialRefiner 0x78f1afd298a0 (Used 0 MB), Loaded Geometries, ProbeArray 100000, Loaded 17, Type Point
[LIBGPUSPATIAL] [ 12660][18:00:13:418468][info  ] RTSpatialRefiner 0x78f1afd298a0 (Used 0 MB), Evaluating 17 Geometry Pairs with Predicate Intersects
[LIBGPUSPATIAL] [ 12659][18:00:13:423019][info  ] RTSpatialIndex 0x78f1ac00a7d0 (Used 0 MB), Allocate result buffer, memory consumption 0 MB, capacity 4
[LIBGPUSPATIAL] [ 12659][18:00:13:423143][info  ] RTSpatialIndex 0x78f1ac00a7d0 (Used 0 MB), Probe Points, Size: 33333, Results: 4
[LIBGPUSPATIAL] [ 12659][18:00:13:423578][info  ] RTSpatialRefiner 0x78f1afd298a0 (Used 0 MB), Loaded Geometries, ProbeArray 33333, Loaded 4, Type Point
[LIBGPUSPATIAL] [ 12659][18:00:13:423621][info  ] RTSpatialRefiner 0x78f1afd298a0 (Used 0 MB), Evaluating 4 Geometry Pairs with Predicate Intersects
[LIBGPUSPATIAL] [ 12656][18:00:13:425495][info  ] RTSpatialIndex 0x78f1ac00a7d0 (Used 0 MB), Allocate result buffer, memory consumption 0 MB, capacity 13
[LIBGPUSPATIAL] [ 12656][18:00:13:425634][info  ] RTSpatialIndex 0x78f1ac00a7d0 (Used 0 MB), Probe Points, Size: 100000, Results: 13
[LIBGPUSPATIAL] [ 12656][18:00:13:426036][info  ] RTSpatialRefiner 0x78f1afd298a0 (Used 0 MB), Loaded Geometries, ProbeArray 100000, Loaded 13, Type Point
[LIBGPUSPATIAL] [ 12656][18:00:13:426080][info  ] RTSpatialRefiner 0x78f1afd298a0 (Used 0 MB), Evaluating 13 Geometry Pairs with Predicate Intersects
[LIBGPUSPATIAL] [ 12658][18:00:13:429591][info  ] RTSpatialIndex 0x78f1ac00a7d0 (Used 1 MB), Allocate result buffer, memory consumption 0 MB, capacity 11
[LIBGPUSPATIAL] [ 12663][18:00:13:429643][info  ] RTSpatialIndex 0x78f1ac00a7d0 (Used 1 MB), Allocate result buffer, memory consumption 0 MB, capacity 17
[LIBGPUSPATIAL] [ 12658][18:00:13:429862][info  ] RTSpatialIndex 0x78f1ac00a7d0 (Used 1 MB), Probe Points, Size: 100000, Results: 11
[LIBGPUSPATIAL] [ 12663][18:00:13:429930][info  ] RTSpatialIndex 0x78f1ac00a7d0 (Used 0 MB), Probe Points, Size: 100000, Results: 17
[LIBGPUSPATIAL] [ 12663][18:00:13:430327][info  ] RTSpatialRefiner 0x78f1afd298a0 (Used 0 MB), Loaded Geometries, ProbeArray 100000, Loaded 17, Type Point
[LIBGPUSPATIAL] [ 12663][18:00:13:430400][info  ] RTSpatialRefiner 0x78f1afd298a0 (Used 1 MB), Evaluating 17 Geometry Pairs with Predicate Intersects
[LIBGPUSPATIAL] [ 12658][18:00:13:430476][info  ] RTSpatialRefiner 0x78f1afd298a0 (Used 1 MB), Loaded Geometries, ProbeArray 100000, Loaded 11, Type Point
[LIBGPUSPATIAL] [ 12658][18:00:13:430539][info  ] RTSpatialRefiner 0x78f1afd298a0 (Used 1 MB), Evaluating 11 Geometry Pairs with Predicate Intersects
[LIBGPUSPATIAL] [ 12657][18:00:13:431062][info  ] RTSpatialIndex 0x78f1ac00a7d0 (Used 1 MB), Allocate result buffer, memory consumption 0 MB, capacity 19
[LIBGPUSPATIAL] [ 12661][18:00:13:431411][info  ] RTSpatialIndex 0x78f1ac00a7d0 (Used 1 MB), Allocate result buffer, memory consumption 0 MB, capacity 21
[LIBGPUSPATIAL] [ 12657][18:00:13:431830][info  ] RTSpatialIndex 0x78f1ac00a7d0 (Used 2 MB), Probe Points, Size: 100000, Results: 19
[LIBGPUSPATIAL] [ 12660][18:00:13:432356][info  ] RTSpatialIndex 0x78f1ac00a7d0 (Used 1 MB), Allocate result buffer, memory consumption 0 MB, capacity 9
[LIBGPUSPATIAL] [ 12657][18:00:13:432491][info  ] RTSpatialRefiner 0x78f1afd298a0 (Used 1 MB), Loaded Geometries, ProbeArray 100000, Loaded 19, Type Point
[LIBGPUSPATIAL] [ 12661][18:00:13:432614][info  ] RTSpatialIndex 0x78f1ac00a7d0 (Used 1 MB), Probe Points, Size: 100000, Results: 21
[LIBGPUSPATIAL] [ 12657][18:00:13:432620][info  ] RTSpatialRefiner 0x78f1afd298a0 (Used 1 MB), Evaluating 19 Geometry Pairs with Predicate Intersects
[LIBGPUSPATIAL] [ 12660][18:00:13:432812][info  ] RTSpatialIndex 0x78f1ac00a7d0 (Used 0 MB), Probe Points, Size: 100000, Results: 9
[LIBGPUSPATIAL] [ 12661][18:00:13:433299][info  ] RTSpatialRefiner 0x78f1afd298a0 (Used 0 MB), Loaded Geometries, ProbeArray 100000, Loaded 21, Type Point
[LIBGPUSPATIAL] [ 12661][18:00:13:433351][info  ] RTSpatialRefiner 0x78f1afd298a0 (Used 0 MB), Evaluating 21 Geometry Pairs with Predicate Intersects
[LIBGPUSPATIAL] [ 12660][18:00:13:433363][info  ] RTSpatialRefiner 0x78f1afd298a0 (Used 0 MB), Loaded Geometries, ProbeArray 100000, Loaded 9, Type Point
[LIBGPUSPATIAL] [ 12660][18:00:13:433410][info  ] RTSpatialRefiner 0x78f1afd298a0 (Used 0 MB), Evaluating 9 Geometry Pairs with Predicate Intersects
[LIBGPUSPATIAL] [ 12656][18:00:13:436586][info  ] RTSpatialIndex 0x78f1ac00a7d0 (Used 1 MB), Allocate result buffer, memory consumption 0 MB, capacity 9
[LIBGPUSPATIAL] [ 12657][18:00:13:436589][info  ] RTSpatialIndex 0x78f1ac00a7d0 (Used 1 MB), Allocate result buffer, memory consumption 0 MB, capacity 8
[LIBGPUSPATIAL] [ 12656][18:00:13:436790][info  ] RTSpatialIndex 0x78f1ac00a7d0 (Used 1 MB), Probe Points, Size: 100000, Results: 9
[LIBGPUSPATIAL] [ 12657][18:00:13:436957][info  ] RTSpatialIndex 0x78f1ac00a7d0 (Used 0 MB), Probe Points, Size: 33333, Results: 8
[LIBGPUSPATIAL] [ 12660][18:00:13:437247][info  ] RTSpatialIndex 0x78f1ac00a7d0 (Used 0 MB), Allocate result buffer, memory consumption 0 MB, capacity 4
[LIBGPUSPATIAL] [ 12660][18:00:13:437378][info  ] RTSpatialIndex 0x78f1ac00a7d0 (Used 0 MB), Probe Points, Size: 33333, Results: 4
[LIBGPUSPATIAL] [ 12656][18:00:13:437514][info  ] RTSpatialRefiner 0x78f1afd298a0 (Used 0 MB), Loaded Geometries, ProbeArray 100000, Loaded 9, Type Point
[LIBGPUSPATIAL] [ 12656][18:00:13:437569][info  ] RTSpatialRefiner 0x78f1afd298a0 (Used 0 MB), Evaluating 9 Geometry Pairs with Predicate Intersects
[LIBGPUSPATIAL] [ 12657][18:00:13:437657][info  ] RTSpatialRefiner 0x78f1afd298a0 (Used 0 MB), Loaded Geometries, ProbeArray 33333, Loaded 8, Type Point
[LIBGPUSPATIAL] [ 12657][18:00:13:437697][info  ] RTSpatialRefiner 0x78f1afd298a0 (Used 0 MB), Evaluating 8 Geometry Pairs with Predicate Intersects
[LIBGPUSPATIAL] [ 12660][18:00:13:437814][info  ] RTSpatialRefiner 0x78f1afd298a0 (Used 0 MB), Loaded Geometries, ProbeArray 33333, Loaded 4, Type Point
[LIBGPUSPATIAL] [ 12660][18:00:13:437882][info  ] RTSpatialRefiner 0x78f1afd298a0 (Used 0 MB), Evaluating 4 Geometry Pairs with Predicate Intersects
[LIBGPUSPATIAL] [ 12663][18:00:13:444536][info  ] RTSpatialIndex 0x78f1ac00a7d0 (Used 2 MB), Allocate result buffer, memory consumption 0 MB, capacity 19
[LIBGPUSPATIAL] [ 12663][18:00:13:444806][info  ] RTSpatialIndex 0x78f1ac00a7d0 (Used 1 MB), Probe Points, Size: 100000, Results: 19
[LIBGPUSPATIAL] [ 12658][18:00:13:444889][info  ] RTSpatialIndex 0x78f1ac00a7d0 (Used 0 MB), Allocate result buffer, memory consumption 0 MB, capacity 17
[LIBGPUSPATIAL] [ 12658][18:00:13:445230][info  ] RTSpatialIndex 0x78f1ac00a7d0 (Used 0 MB), Probe Points, Size: 100000, Results: 17
[LIBGPUSPATIAL] [ 12663][18:00:13:445383][info  ] RTSpatialRefiner 0x78f1afd298a0 (Used 0 MB), Loaded Geometries, ProbeArray 100000, Loaded 19, Type Point
[LIBGPUSPATIAL] [ 12663][18:00:13:445455][info  ] RTSpatialRefiner 0x78f1afd298a0 (Used 0 MB), Evaluating 19 Geometry Pairs with Predicate Intersects
[LIBGPUSPATIAL] [ 12658][18:00:13:445568][info  ] RTSpatialRefiner 0x78f1afd298a0 (Used 0 MB), Loaded Geometries, ProbeArray 100000, Loaded 17, Type Point
[LIBGPUSPATIAL] [ 12658][18:00:13:445615][info  ] RTSpatialRefiner 0x78f1afd298a0 (Used 0 MB), Evaluating 17 Geometry Pairs with Predicate Intersects
[LIBGPUSPATIAL] [ 12661][18:00:13:446353][info  ] RTSpatialIndex 0x78f1ac00a7d0 (Used 0 MB), Allocate result buffer, memory consumption 0 MB, capacity 13
[LIBGPUSPATIAL] [ 12661][18:00:13:446740][info  ] RTSpatialIndex 0x78f1ac00a7d0 (Used 2 MB), Probe Points, Size: 100000, Results: 13
[LIBGPUSPATIAL] [ 12656][18:00:13:447065][info  ] RTSpatialIndex 0x78f1ac00a7d0 (Used 0 MB), Allocate result buffer, memory consumption 0 MB, capacity 16
[LIBGPUSPATIAL] [ 12656][18:00:13:447189][info  ] RTSpatialIndex 0x78f1ac00a7d0 (Used 0 MB), Probe Points, Size: 100000, Results: 16
[LIBGPUSPATIAL] [ 12661][18:00:13:447383][info  ] RTSpatialRefiner 0x78f1afd298a0 (Used 0 MB), Loaded Geometries, ProbeArray 100000, Loaded 13, Type Point
[LIBGPUSPATIAL] [ 12661][18:00:13:447432][info  ] RTSpatialRefiner 0x78f1afd298a0 (Used 0 MB), Evaluating 13 Geometry Pairs with Predicate Intersects
[LIBGPUSPATIAL] [ 12656][18:00:13:447704][info  ] RTSpatialRefiner 0x78f1afd298a0 (Used 0 MB), Loaded Geometries, ProbeArray 100000, Loaded 16, Type Point
[LIBGPUSPATIAL] [ 12656][18:00:13:447752][info  ] RTSpatialRefiner 0x78f1afd298a0 (Used 0 MB), Evaluating 16 Geometry Pairs with Predicate Intersects
[LIBGPUSPATIAL] [ 12660][18:00:13:452947][info  ] RTSpatialIndex 0x78f1ac00a7d0 (Used 0 MB), Allocate result buffer, memory consumption 0 MB, capacity 20
[LIBGPUSPATIAL] [ 12660][18:00:13:453089][info  ] RTSpatialIndex 0x78f1ac00a7d0 (Used 0 MB), Probe Points, Size: 100000, Results: 20
[LIBGPUSPATIAL] [ 12660][18:00:13:453424][info  ] RTSpatialRefiner 0x78f1afd298a0 (Used 0 MB), Loaded Geometries, ProbeArray 100000, Loaded 20, Type Point
[LIBGPUSPATIAL] [ 12660][18:00:13:453466][info  ] RTSpatialRefiner 0x78f1afd298a0 (Used 0 MB), Evaluating 20 Geometry Pairs with Predicate Intersects
[LIBGPUSPATIAL] [ 12658][18:00:13:455307][info  ] RTSpatialIndex 0x78f1ac00a7d0 (Used 0 MB), Allocate result buffer, memory consumption 0 MB, capacity 13
[LIBGPUSPATIAL] [ 12658][18:00:13:455444][info  ] RTSpatialIndex 0x78f1ac00a7d0 (Used 0 MB), Probe Points, Size: 100000, Results: 13
[LIBGPUSPATIAL] [ 12658][18:00:13:455810][info  ] RTSpatialRefiner 0x78f1afd298a0 (Used 0 MB), Loaded Geometries, ProbeArray 100000, Loaded 13, Type Point
[LIBGPUSPATIAL] [ 12658][18:00:13:455874][info  ] RTSpatialRefiner 0x78f1afd298a0 (Used 0 MB), Evaluating 13 Geometry Pairs with Predicate Intersects
[LIBGPUSPATIAL] [ 12661][18:00:13:456313][info  ] RTSpatialIndex 0x78f1ac00a7d0 (Used 0 MB), Allocate result buffer, memory consumption 0 MB, capacity 11
[LIBGPUSPATIAL] [ 12661][18:00:13:456605][info  ] RTSpatialIndex 0x78f1ac00a7d0 (Used 0 MB), Probe Points, Size: 100000, Results: 11
[LIBGPUSPATIAL] [ 12661][18:00:13:456957][info  ] RTSpatialRefiner 0x78f1afd298a0 (Used 0 MB), Loaded Geometries, ProbeArray 100000, Loaded 11, Type Point
[LIBGPUSPATIAL] [ 12661][18:00:13:456995][info  ] RTSpatialRefiner 0x78f1afd298a0 (Used 0 MB), Evaluating 11 Geometry Pairs with Predicate Intersects
[LIBGPUSPATIAL] [ 12663][18:00:13:458815][info  ] RTSpatialIndex 0x78f1ac00a7d0 (Used 0 MB), Allocate result buffer, memory consumption 0 MB, capacity 15
[LIBGPUSPATIAL] [ 12663][18:00:13:458958][info  ] RTSpatialIndex 0x78f1ac00a7d0 (Used 0 MB), Probe Points, Size: 100000, Results: 15
[LIBGPUSPATIAL] [ 12663][18:00:13:459284][info  ] RTSpatialRefiner 0x78f1afd298a0 (Used 0 MB), Loaded Geometries, ProbeArray 100000, Loaded 15, Type Point
[LIBGPUSPATIAL] [ 12663][18:00:13:459325][info  ] RTSpatialRefiner 0x78f1afd298a0 (Used 0 MB), Evaluating 15 Geometry Pairs with Predicate Intersects
[LIBGPUSPATIAL] [ 12656][18:00:13:460448][info  ] RTSpatialIndex 0x78f1ac00a7d0 (Used 0 MB), Allocate result buffer, memory consumption 0 MB, capacity 11
[LIBGPUSPATIAL] [ 12656][18:00:13:460581][info  ] RTSpatialIndex 0x78f1ac00a7d0 (Used 0 MB), Probe Points, Size: 100000, Results: 11
[LIBGPUSPATIAL] [ 12656][18:00:13:460945][info  ] RTSpatialRefiner 0x78f1afd298a0 (Used 0 MB), Loaded Geometries, ProbeArray 100000, Loaded 11, Type Point
[LIBGPUSPATIAL] [ 12656][18:00:13:460989][info  ] RTSpatialRefiner 0x78f1afd298a0 (Used 0 MB), Evaluating 11 Geometry Pairs with Predicate Intersects
[LIBGPUSPATIAL] [ 12660][18:00:13:462893][info  ] RTSpatialIndex 0x78f1ac00a7d0 (Used 0 MB), Allocate result buffer, memory consumption 0 MB, capacity 12
[LIBGPUSPATIAL] [ 12660][18:00:13:463028][info  ] RTSpatialIndex 0x78f1ac00a7d0 (Used 0 MB), Probe Points, Size: 100000, Results: 12
[LIBGPUSPATIAL] [ 12660][18:00:13:463372][info  ] RTSpatialRefiner 0x78f1afd298a0 (Used 0 MB), Loaded Geometries, ProbeArray 100000, Loaded 12, Type Point
[LIBGPUSPATIAL] [ 12660][18:00:13:463414][info  ] RTSpatialRefiner 0x78f1afd298a0 (Used 0 MB), Evaluating 12 Geometry Pairs with Predicate Intersects
[LIBGPUSPATIAL] [ 12658][18:00:13:465061][info  ] RTSpatialIndex 0x78f1ac00a7d0 (Used 0 MB), Allocate result buffer, memory consumption 0 MB, capacity 11
[LIBGPUSPATIAL] [ 12658][18:00:13:465165][info  ] RTSpatialIndex 0x78f1ac00a7d0 (Used 0 MB), Probe Points, Size: 100000, Results: 11
[LIBGPUSPATIAL] [ 12658][18:00:13:465483][info  ] RTSpatialRefiner 0x78f1afd298a0 (Used 0 MB), Loaded Geometries, ProbeArray 100000, Loaded 11, Type Point
[LIBGPUSPATIAL] [ 12658][18:00:13:465517][info  ] RTSpatialRefiner 0x78f1afd298a0 (Used 0 MB), Evaluating 11 Geometry Pairs with Predicate Intersects
[LIBGPUSPATIAL] [ 12661][18:00:13:466039][info  ] RTSpatialIndex 0x78f1ac00a7d0 (Used 0 MB), Allocate result buffer, memory consumption 0 MB, capacity 11
[LIBGPUSPATIAL] [ 12661][18:00:13:466170][info  ] RTSpatialIndex 0x78f1ac00a7d0 (Used 0 MB), Probe Points, Size: 100000, Results: 11
[LIBGPUSPATIAL] [ 12661][18:00:13:466477][info  ] RTSpatialRefiner 0x78f1afd298a0 (Used 0 MB), Loaded Geometries, ProbeArray 100000, Loaded 11, Type Point
[LIBGPUSPATIAL] [ 12661][18:00:13:466523][info  ] RTSpatialRefiner 0x78f1afd298a0 (Used 0 MB), Evaluating 11 Geometry Pairs with Predicate Intersects
[LIBGPUSPATIAL] [ 12663][18:00:13:472242][info  ] RTSpatialIndex 0x78f1ac00a7d0 (Used 2 MB), Allocate result buffer, memory consumption 0 MB, capacity 17
[LIBGPUSPATIAL] [ 12663][18:00:13:472413][info  ] RTSpatialIndex 0x78f1ac00a7d0 (Used 1 MB), Probe Points, Size: 100000, Results: 17
[LIBGPUSPATIAL] [ 12660][18:00:13:472490][info  ] RTSpatialIndex 0x78f1ac00a7d0 (Used 0 MB), Allocate result buffer, memory consumption 0 MB, capacity 15
[LIBGPUSPATIAL] [ 12660][18:00:13:472776][info  ] RTSpatialIndex 0x78f1ac00a7d0 (Used 0 MB), Probe Points, Size: 100000, Results: 15
[LIBGPUSPATIAL] [ 12663][18:00:13:472946][info  ] RTSpatialRefiner 0x78f1afd298a0 (Used 0 MB), Loaded Geometries, ProbeArray 100000, Loaded 17, Type Point
[LIBGPUSPATIAL] [ 12663][18:00:13:472995][info  ] RTSpatialRefiner 0x78f1afd298a0 (Used 0 MB), Evaluating 17 Geometry Pairs with Predicate Intersects
[LIBGPUSPATIAL] [ 12660][18:00:13:473150][info  ] RTSpatialRefiner 0x78f1afd298a0 (Used 0 MB), Loaded Geometries, ProbeArray 100000, Loaded 15, Type Point
[LIBGPUSPATIAL] [ 12660][18:00:13:473194][info  ] RTSpatialRefiner 0x78f1afd298a0 (Used 0 MB), Evaluating 15 Geometry Pairs with Predicate Intersects
[LIBGPUSPATIAL] [ 12656][18:00:13:473952][info  ] RTSpatialIndex 0x78f1ac00a7d0 (Used 0 MB), Allocate result buffer, memory consumption 0 MB, capacity 12
[LIBGPUSPATIAL] [ 12656][18:00:13:474389][info  ] RTSpatialIndex 0x78f1ac00a7d0 (Used 1 MB), Probe Points, Size: 100000, Results: 12
[LIBGPUSPATIAL] [ 12658][18:00:13:474618][info  ] RTSpatialIndex 0x78f1ac00a7d0 (Used 0 MB), Allocate result buffer, memory consumption 0 MB, capacity 22
[LIBGPUSPATIAL] [ 12658][18:00:13:474854][info  ] RTSpatialIndex 0x78f1ac00a7d0 (Used 0 MB), Probe Points, Size: 100000, Results: 22
[LIBGPUSPATIAL] [ 12656][18:00:13:474998][info  ] RTSpatialRefiner 0x78f1afd298a0 (Used 0 MB), Loaded Geometries, ProbeArray 100000, Loaded 12, Type Point
[LIBGPUSPATIAL] [ 12656][18:00:13:475051][info  ] RTSpatialRefiner 0x78f1afd298a0 (Used 0 MB), Evaluating 12 Geometry Pairs with Predicate Intersects
[LIBGPUSPATIAL] [ 12658][18:00:13:475280][info  ] RTSpatialRefiner 0x78f1afd298a0 (Used 1 MB), Loaded Geometries, ProbeArray 100000, Loaded 22, Type Point
[LIBGPUSPATIAL] [ 12658][18:00:13:475315][info  ] RTSpatialRefiner 0x78f1afd298a0 (Used 1 MB), Evaluating 22 Geometry Pairs with Predicate Intersects
[LIBGPUSPATIAL] [ 12661][18:00:13:475593][info  ] RTSpatialIndex 0x78f1ac00a7d0 (Used 0 MB), Allocate result buffer, memory consumption 0 MB, capacity 16
[LIBGPUSPATIAL] [ 12661][18:00:13:475863][info  ] RTSpatialIndex 0x78f1ac00a7d0 (Used 0 MB), Probe Points, Size: 100000, Results: 16
[LIBGPUSPATIAL] [ 12661][18:00:13:476278][info  ] RTSpatialRefiner 0x78f1afd298a0 (Used 0 MB), Loaded Geometries, ProbeArray 100000, Loaded 16, Type Point
[LIBGPUSPATIAL] [ 12661][18:00:13:476324][info  ] RTSpatialRefiner 0x78f1afd298a0 (Used 0 MB), Evaluating 16 Geometry Pairs with Predicate Intersects
[LIBGPUSPATIAL] [ 12660][18:00:13:482997][info  ] RTSpatialIndex 0x78f1ac00a7d0 (Used 0 MB), Allocate result buffer, memory consumption 0 MB, capacity 11
[LIBGPUSPATIAL] [ 12660][18:00:13:483142][info  ] RTSpatialIndex 0x78f1ac00a7d0 (Used 0 MB), Probe Points, Size: 100000, Results: 11
[LIBGPUSPATIAL] [ 12660][18:00:13:483501][info  ] RTSpatialRefiner 0x78f1afd298a0 (Used 0 MB), Loaded Geometries, ProbeArray 100000, Loaded 11, Type Point
[LIBGPUSPATIAL] [ 12660][18:00:13:483537][info  ] RTSpatialRefiner 0x78f1afd298a0 (Used 0 MB), Evaluating 11 Geometry Pairs with Predicate Intersects
[LIBGPUSPATIAL] [ 12658][18:00:13:484758][info  ] RTSpatialIndex 0x78f1ac00a7d0 (Used 0 MB), Allocate result buffer, memory consumption 0 MB, capacity 22
[LIBGPUSPATIAL] [ 12658][18:00:13:484907][info  ] RTSpatialIndex 0x78f1ac00a7d0 (Used 0 MB), Probe Points, Size: 100000, Results: 22
[LIBGPUSPATIAL] [ 12658][18:00:13:485308][info  ] RTSpatialRefiner 0x78f1afd298a0 (Used 0 MB), Loaded Geometries, ProbeArray 100000, Loaded 22, Type Point
[LIBGPUSPATIAL] [ 12658][18:00:13:485352][info  ] RTSpatialRefiner 0x78f1afd298a0 (Used 0 MB), Evaluating 22 Geometry Pairs with Predicate Intersects
[LIBGPUSPATIAL] [ 12661][18:00:13:485368][info  ] RTSpatialIndex 0x78f1ac00a7d0 (Used 0 MB), Allocate result buffer, memory consumption 0 MB, capacity 13
[LIBGPUSPATIAL] [ 12661][18:00:13:485650][info  ] RTSpatialIndex 0x78f1ac00a7d0 (Used 0 MB), Probe Points, Size: 100000, Results: 13
[LIBGPUSPATIAL] [ 12661][18:00:13:486032][info  ] RTSpatialRefiner 0x78f1afd298a0 (Used 1 MB), Loaded Geometries, ProbeArray 100000, Loaded 13, Type Point
[LIBGPUSPATIAL] [ 12661][18:00:13:486092][info  ] RTSpatialRefiner 0x78f1afd298a0 (Used 1 MB), Evaluating 13 Geometry Pairs with Predicate Intersects
[LIBGPUSPATIAL] [ 12663][18:00:13:486354][info  ] RTSpatialIndex 0x78f1ac00a7d0 (Used 0 MB), Allocate result buffer, memory consumption 0 MB, capacity 14
[LIBGPUSPATIAL] [ 12663][18:00:13:486686][info  ] RTSpatialIndex 0x78f1ac00a7d0 (Used 0 MB), Probe Points, Size: 100000, Results: 14
[LIBGPUSPATIAL] [ 12663][18:00:13:487091][info  ] RTSpatialRefiner 0x78f1afd298a0 (Used 0 MB), Loaded Geometries, ProbeArray 100000, Loaded 14, Type Point
[LIBGPUSPATIAL] [ 12663][18:00:13:487140][info  ] RTSpatialRefiner 0x78f1afd298a0 (Used 0 MB), Evaluating 14 Geometry Pairs with Predicate Intersects
[LIBGPUSPATIAL] [ 12656][18:00:13:488095][info  ] RTSpatialIndex 0x78f1ac00a7d0 (Used 0 MB), Allocate result buffer, memory consumption 0 MB, capacity 10
[LIBGPUSPATIAL] [ 12656][18:00:13:488215][info  ] RTSpatialIndex 0x78f1ac00a7d0 (Used 0 MB), Probe Points, Size: 100000, Results: 10
[LIBGPUSPATIAL] [ 12656][18:00:13:488624][info  ] RTSpatialRefiner 0x78f1afd298a0 (Used 0 MB), Loaded Geometries, ProbeArray 100000, Loaded 10, Type Point
[LIBGPUSPATIAL] [ 12656][18:00:13:488668][info  ] RTSpatialRefiner 0x78f1afd298a0 (Used 0 MB), Evaluating 10 Geometry Pairs with Predicate Intersects
[LIBGPUSPATIAL] [ 12660][18:00:13:493006][info  ] RTSpatialIndex 0x78f1ac00a7d0 (Used 0 MB), Allocate result buffer, memory consumption 0 MB, capacity 13
[LIBGPUSPATIAL] [ 12660][18:00:13:493130][info  ] RTSpatialIndex 0x78f1ac00a7d0 (Used 0 MB), Probe Points, Size: 100000, Results: 13
[LIBGPUSPATIAL] [ 12660][18:00:13:493518][info  ] RTSpatialRefiner 0x78f1afd298a0 (Used 0 MB), Loaded Geometries, ProbeArray 100000, Loaded 13, Type Point
[LIBGPUSPATIAL] [ 12660][18:00:13:493559][info  ] RTSpatialRefiner 0x78f1afd298a0 (Used 0 MB), Evaluating 13 Geometry Pairs with Predicate Intersects
[LIBGPUSPATIAL] [ 12658][18:00:13:494724][info  ] RTSpatialIndex 0x78f1ac00a7d0 (Used 0 MB), Allocate result buffer, memory consumption 0 MB, capacity 19
[LIBGPUSPATIAL] [ 12658][18:00:13:494882][info  ] RTSpatialIndex 0x78f1ac00a7d0 (Used 0 MB), Probe Points, Size: 100000, Results: 19
[LIBGPUSPATIAL] [ 12658][18:00:13:495281][info  ] RTSpatialRefiner 0x78f1afd298a0 (Used 1 MB), Loaded Geometries, ProbeArray 100000, Loaded 19, Type Point
[LIBGPUSPATIAL] [ 12658][18:00:13:495330][info  ] RTSpatialRefiner 0x78f1afd298a0 (Used 1 MB), Evaluating 19 Geometry Pairs with Predicate Intersects
[LIBGPUSPATIAL] [ 12661][18:00:13:495610][info  ] RTSpatialIndex 0x78f1ac00a7d0 (Used 0 MB), Allocate result buffer, memory consumption 0 MB, capacity 14
[LIBGPUSPATIAL] [ 12661][18:00:13:495885][info  ] RTSpatialIndex 0x78f1ac00a7d0 (Used 0 MB), Probe Points, Size: 100000, Results: 14
[LIBGPUSPATIAL] [ 12661][18:00:13:497589][info  ] RTSpatialRefiner 0x78f1afd298a0 (Used 0 MB), Loaded Geometries, ProbeArray 100000, Loaded 14, Type Point
[LIBGPUSPATIAL] [ 12661][18:00:13:497632][info  ] RTSpatialRefiner 0x78f1afd298a0 (Used 0 MB), Evaluating 14 Geometry Pairs with Predicate Intersects
[LIBGPUSPATIAL] [ 12663][18:00:13:499810][info  ] RTSpatialIndex 0x78f1ac00a7d0 (Used 0 MB), Allocate result buffer, memory consumption 0 MB, capacity 18
[LIBGPUSPATIAL] [ 12663][18:00:13:499946][info  ] RTSpatialIndex 0x78f1ac00a7d0 (Used 0 MB), Probe Points, Size: 100000, Results: 18
[LIBGPUSPATIAL] [ 12663][18:00:13:500324][info  ] RTSpatialRefiner 0x78f1afd298a0 (Used 0 MB), Loaded Geometries, ProbeArray 100000, Loaded 18, Type Point
[LIBGPUSPATIAL] [ 12663][18:00:13:500369][info  ] RTSpatialRefiner 0x78f1afd298a0 (Used 0 MB), Evaluating 18 Geometry Pairs with Predicate Intersects
[LIBGPUSPATIAL] [ 12656][18:00:13:501173][info  ] RTSpatialIndex 0x78f1ac00a7d0 (Used 0 MB), Allocate result buffer, memory consumption 0 MB, capacity 12
[LIBGPUSPATIAL] [ 12656][18:00:13:501291][info  ] RTSpatialIndex 0x78f1ac00a7d0 (Used 0 MB), Probe Points, Size: 100000, Results: 12
[LIBGPUSPATIAL] [ 12656][18:00:13:501657][info  ] RTSpatialRefiner 0x78f1afd298a0 (Used 0 MB), Loaded Geometries, ProbeArray 100000, Loaded 12, Type Point
[LIBGPUSPATIAL] [ 12656][18:00:13:501700][info  ] RTSpatialRefiner 0x78f1afd298a0 (Used 0 MB), Evaluating 12 Geometry Pairs with Predicate Intersects
[LIBGPUSPATIAL] [ 12660][18:00:13:505008][info  ] RTSpatialIndex 0x78f1ac00a7d0 (Used 1 MB), Allocate result buffer, memory consumption 0 MB, capacity 14
[LIBGPUSPATIAL] [ 12658][18:00:13:505039][info  ] RTSpatialIndex 0x78f1ac00a7d0 (Used 1 MB), Allocate result buffer, memory consumption 0 MB, capacity 13
[LIBGPUSPATIAL] [ 12660][18:00:13:505184][info  ] RTSpatialIndex 0x78f1ac00a7d0 (Used 1 MB), Probe Points, Size: 100000, Results: 14
[LIBGPUSPATIAL] [ 12658][18:00:13:505242][info  ] RTSpatialIndex 0x78f1ac00a7d0 (Used 0 MB), Probe Points, Size: 100000, Results: 13
[LIBGPUSPATIAL] [ 12660][18:00:13:505700][info  ] RTSpatialRefiner 0x78f1afd298a0 (Used 0 MB), Loaded Geometries, ProbeArray 100000, Loaded 14, Type Point
[LIBGPUSPATIAL] [ 12660][18:00:13:505739][info  ] RTSpatialRefiner 0x78f1afd298a0 (Used 0 MB), Evaluating 14 Geometry Pairs with Predicate Intersects
[LIBGPUSPATIAL] [ 12658][18:00:13:505877][info  ] RTSpatialRefiner 0x78f1afd298a0 (Used 0 MB), Loaded Geometries, ProbeArray 100000, Loaded 13, Type Point
[LIBGPUSPATIAL] [ 12658][18:00:13:505928][info  ] RTSpatialRefiner 0x78f1afd298a0 (Used 0 MB), Evaluating 13 Geometry Pairs with Predicate Intersects
[LIBGPUSPATIAL] [ 12661][18:00:13:510404][info  ] RTSpatialIndex 0x78f1ac00a7d0 (Used 0 MB), Allocate result buffer, memory consumption 0 MB, capacity 18
[LIBGPUSPATIAL] [ 12661][18:00:13:510530][info  ] RTSpatialIndex 0x78f1ac00a7d0 (Used 0 MB), Probe Points, Size: 100000, Results: 18
[LIBGPUSPATIAL] [ 12661][18:00:13:510936][info  ] RTSpatialRefiner 0x78f1afd298a0 (Used 0 MB), Loaded Geometries, ProbeArray 100000, Loaded 18, Type Point
[LIBGPUSPATIAL] [ 12661][18:00:13:510978][info  ] RTSpatialRefiner 0x78f1afd298a0 (Used 0 MB), Evaluating 18 Geometry Pairs with Predicate Intersects
[LIBGPUSPATIAL] [ 12663][18:00:13:512912][info  ] RTSpatialIndex 0x78f1ac00a7d0 (Used 0 MB), Allocate result buffer, memory consumption 0 MB, capacity 17
[LIBGPUSPATIAL] [ 12663][18:00:13:513031][info  ] RTSpatialIndex 0x78f1ac00a7d0 (Used 0 MB), Probe Points, Size: 100000, Results: 17
[LIBGPUSPATIAL] [ 12663][18:00:13:513418][info  ] RTSpatialRefiner 0x78f1afd298a0 (Used 0 MB), Loaded Geometries, ProbeArray 100000, Loaded 17, Type Point
[LIBGPUSPATIAL] [ 12663][18:00:13:513460][info  ] RTSpatialRefiner 0x78f1afd298a0 (Used 0 MB), Evaluating 17 Geometry Pairs with Predicate Intersects
[LIBGPUSPATIAL] [ 12656][18:00:13:514567][info  ] RTSpatialIndex 0x78f1ac00a7d0 (Used 0 MB), Allocate result buffer, memory consumption 0 MB, capacity 10
[LIBGPUSPATIAL] [ 12656][18:00:13:514698][info  ] RTSpatialIndex 0x78f1ac00a7d0 (Used 0 MB), Probe Points, Size: 100000, Results: 10
[LIBGPUSPATIAL] [ 12658][18:00:13:515135][info  ] RTSpatialIndex 0x78f1ac00a7d0 (Used 0 MB), Allocate result buffer, memory consumption 0 MB, capacity 14
[LIBGPUSPATIAL] [ 12656][18:00:13:515171][info  ] RTSpatialRefiner 0x78f1afd298a0 (Used 0 MB), Loaded Geometries, ProbeArray 100000, Loaded 10, Type Point
[LIBGPUSPATIAL] [ 12656][18:00:13:515212][info  ] RTSpatialRefiner 0x78f1afd298a0 (Used 0 MB), Evaluating 10 Geometry Pairs with Predicate Intersects
[LIBGPUSPATIAL] [ 12658][18:00:13:515265][info  ] RTSpatialIndex 0x78f1ac00a7d0 (Used 0 MB), Probe Points, Size: 100000, Results: 14
[LIBGPUSPATIAL] [ 12658][18:00:13:515623][info  ] RTSpatialRefiner 0x78f1afd298a0 (Used 0 MB), Loaded Geometries, ProbeArray 100000, Loaded 14, Type Point
[LIBGPUSPATIAL] [ 12658][18:00:13:515660][info  ] RTSpatialRefiner 0x78f1afd298a0 (Used 0 MB), Evaluating 14 Geometry Pairs with Predicate Intersects
[LIBGPUSPATIAL] [ 12660][18:00:13:518426][info  ] RTSpatialIndex 0x78f1ac00a7d0 (Used 0 MB), Allocate result buffer, memory consumption 0 MB, capacity 13
[LIBGPUSPATIAL] [ 12660][18:00:13:518546][info  ] RTSpatialIndex 0x78f1ac00a7d0 (Used 0 MB), Probe Points, Size: 100000, Results: 13
[LIBGPUSPATIAL] [ 12660][18:00:13:518935][info  ] RTSpatialRefiner 0x78f1afd298a0 (Used 0 MB), Loaded Geometries, ProbeArray 100000, Loaded 13, Type Point
[LIBGPUSPATIAL] [ 12660][18:00:13:518977][info  ] RTSpatialRefiner 0x78f1afd298a0 (Used 0 MB), Evaluating 13 Geometry Pairs with Predicate Intersects
[LIBGPUSPATIAL] [ 12661][18:00:13:523795][info  ] RTSpatialIndex 0x78f1ac00a7d0 (Used 0 MB), Allocate result buffer, memory consumption 0 MB, capacity 20
[LIBGPUSPATIAL] [ 12661][18:00:13:523948][info  ] RTSpatialIndex 0x78f1ac00a7d0 (Used 0 MB), Probe Points, Size: 100000, Results: 20
[LIBGPUSPATIAL] [ 12661][18:00:13:524385][info  ] RTSpatialRefiner 0x78f1afd298a0 (Used 0 MB), Loaded Geometries, ProbeArray 100000, Loaded 20, Type Point
[LIBGPUSPATIAL] [ 12661][18:00:13:524434][info  ] RTSpatialRefiner 0x78f1afd298a0 (Used 0 MB), Evaluating 20 Geometry Pairs with Predicate Intersects
[LIBGPUSPATIAL] [ 12658][18:00:13:524470][info  ] RTSpatialIndex 0x78f1ac00a7d0 (Used 0 MB), Allocate result buffer, memory consumption 0 MB, capacity 18
[LIBGPUSPATIAL] [ 12658][18:00:13:524786][info  ] RTSpatialIndex 0x78f1ac00a7d0 (Used 0 MB), Probe Points, Size: 100000, Results: 18
[LIBGPUSPATIAL] [ 12658][18:00:13:525178][info  ] RTSpatialRefiner 0x78f1afd298a0 (Used 0 MB), Loaded Geometries, ProbeArray 100000, Loaded 18, Type Point
[LIBGPUSPATIAL] [ 12658][18:00:13:525217][info  ] RTSpatialRefiner 0x78f1afd298a0 (Used 0 MB), Evaluating 18 Geometry Pairs with Predicate Intersects
[LIBGPUSPATIAL] [ 12663][18:00:13:526262][info  ] RTSpatialIndex 0x78f1ac00a7d0 (Used 0 MB), Allocate result buffer, memory consumption 0 MB, capacity 17
[LIBGPUSPATIAL] [ 12663][18:00:13:526381][info  ] RTSpatialIndex 0x78f1ac00a7d0 (Used 0 MB), Probe Points, Size: 100000, Results: 17
[LIBGPUSPATIAL] [ 12663][18:00:13:526745][info  ] RTSpatialRefiner 0x78f1afd298a0 (Used 0 MB), Loaded Geometries, ProbeArray 100000, Loaded 17, Type Point
[LIBGPUSPATIAL] [ 12663][18:00:13:526787][info  ] RTSpatialRefiner 0x78f1afd298a0 (Used 0 MB), Evaluating 17 Geometry Pairs with Predicate Intersects
[LIBGPUSPATIAL] [ 12656][18:00:13:528158][info  ] RTSpatialIndex 0x78f1ac00a7d0 (Used 0 MB), Allocate result buffer, memory consumption 0 MB, capacity 18
[LIBGPUSPATIAL] [ 12656][18:00:13:528286][info  ] RTSpatialIndex 0x78f1ac00a7d0 (Used 0 MB), Probe Points, Size: 100000, Results: 18
[LIBGPUSPATIAL] [ 12656][18:00:13:528667][info  ] RTSpatialRefiner 0x78f1afd298a0 (Used 0 MB), Loaded Geometries, ProbeArray 100000, Loaded 18, Type Point
[LIBGPUSPATIAL] [ 12656][18:00:13:528711][info  ] RTSpatialRefiner 0x78f1afd298a0 (Used 0 MB), Evaluating 18 Geometry Pairs with Predicate Intersects
[LIBGPUSPATIAL] [ 12660][18:00:13:531612][info  ] RTSpatialIndex 0x78f1ac00a7d0 (Used 0 MB), Allocate result buffer, memory consumption 0 MB, capacity 17
[LIBGPUSPATIAL] [ 12660][18:00:13:531733][info  ] RTSpatialIndex 0x78f1ac00a7d0 (Used 0 MB), Probe Points, Size: 100000, Results: 17
[LIBGPUSPATIAL] [ 12660][18:00:13:532144][info  ] RTSpatialRefiner 0x78f1afd298a0 (Used 0 MB), Loaded Geometries, ProbeArray 100000, Loaded 17, Type Point
[LIBGPUSPATIAL] [ 12660][18:00:13:532188][info  ] RTSpatialRefiner 0x78f1afd298a0 (Used 0 MB), Evaluating 17 Geometry Pairs with Predicate Intersects
[LIBGPUSPATIAL] [ 12658][18:00:13:534378][info  ] RTSpatialIndex 0x78f1ac00a7d0 (Used 0 MB), Allocate result buffer, memory consumption 0 MB, capacity 17
[LIBGPUSPATIAL] [ 12658][18:00:13:534504][info  ] RTSpatialIndex 0x78f1ac00a7d0 (Used 0 MB), Probe Points, Size: 100000, Results: 17
[LIBGPUSPATIAL] [ 12658][18:00:13:534873][info  ] RTSpatialRefiner 0x78f1afd298a0 (Used 0 MB), Loaded Geometries, ProbeArray 100000, Loaded 17, Type Point
[LIBGPUSPATIAL] [ 12658][18:00:13:534917][info  ] RTSpatialRefiner 0x78f1afd298a0 (Used 0 MB), Evaluating 17 Geometry Pairs with Predicate Intersects
[LIBGPUSPATIAL] [ 12661][18:00:13:537301][info  ] RTSpatialIndex 0x78f1ac00a7d0 (Used 0 MB), Allocate result buffer, memory consumption 0 MB, capacity 12
[LIBGPUSPATIAL] [ 12661][18:00:13:537415][info  ] RTSpatialIndex 0x78f1ac00a7d0 (Used 0 MB), Probe Points, Size: 100000, Results: 12
[LIBGPUSPATIAL] [ 12661][18:00:13:537781][info  ] RTSpatialRefiner 0x78f1afd298a0 (Used 0 MB), Loaded Geometries, ProbeArray 100000, Loaded 12, Type Point
[LIBGPUSPATIAL] [ 12661][18:00:13:537822][info  ] RTSpatialRefiner 0x78f1afd298a0 (Used 0 MB), Evaluating 12 Geometry Pairs with Predicate Intersects
[LIBGPUSPATIAL] [ 12658][18:00:13:538557][info  ] RTSpatialIndex 0x78f1ac00a7d0 (Used 0 MB), Allocate result buffer, memory consumption 0 MB, capacity 3
[LIBGPUSPATIAL] [ 12658][18:00:13:538680][info  ] RTSpatialIndex 0x78f1ac00a7d0 (Used 0 MB), Probe Points, Size: 33333, Results: 3
[LIBGPUSPATIAL] [ 12658][18:00:13:538982][info  ] RTSpatialRefiner 0x78f1afd298a0 (Used 0 MB), Loaded Geometries, ProbeArray 33333, Loaded 3, Type Point
[LIBGPUSPATIAL] [ 12658][18:00:13:539026][info  ] RTSpatialRefiner 0x78f1afd298a0 (Used 0 MB), Evaluating 3 Geometry Pairs with Predicate Intersects
[LIBGPUSPATIAL] [ 12663][18:00:13:539637][info  ] RTSpatialIndex 0x78f1ac00a7d0 (Used 0 MB), Allocate result buffer, memory consumption 0 MB, capacity 13
[LIBGPUSPATIAL] [ 12663][18:00:13:539757][info  ] RTSpatialIndex 0x78f1ac00a7d0 (Used 0 MB), Probe Points, Size: 100000, Results: 13
[LIBGPUSPATIAL] [ 12663][18:00:13:540120][info  ] RTSpatialRefiner 0x78f1afd298a0 (Used 0 MB), Loaded Geometries, ProbeArray 100000, Loaded 13, Type Point
[LIBGPUSPATIAL] [ 12663][18:00:13:540161][info  ] RTSpatialRefiner 0x78f1afd298a0 (Used 0 MB), Evaluating 13 Geometry Pairs with Predicate Intersects
[LIBGPUSPATIAL] [ 12656][18:00:13:541451][info  ] RTSpatialIndex 0x78f1ac00a7d0 (Used 0 MB), Allocate result buffer, memory consumption 0 MB, capacity 8
[LIBGPUSPATIAL] [ 12656][18:00:13:541582][info  ] RTSpatialIndex 0x78f1ac00a7d0 (Used 0 MB), Probe Points, Size: 100000, Results: 8
[LIBGPUSPATIAL] [ 12656][18:00:13:541937][info  ] RTSpatialRefiner 0x78f1afd298a0 (Used 0 MB), Loaded Geometries, ProbeArray 100000, Loaded 8, Type Point
[LIBGPUSPATIAL] [ 12656][18:00:13:541982][info  ] RTSpatialRefiner 0x78f1afd298a0 (Used 0 MB), Evaluating 8 Geometry Pairs with Predicate Intersects
[LIBGPUSPATIAL] [ 12660][18:00:13:544951][info  ] RTSpatialIndex 0x78f1ac00a7d0 (Used 0 MB), Allocate result buffer, memory consumption 0 MB, capacity 13
[LIBGPUSPATIAL] [ 12660][18:00:13:545068][info  ] RTSpatialIndex 0x78f1ac00a7d0 (Used 0 MB), Probe Points, Size: 100000, Results: 13
[LIBGPUSPATIAL] [ 12660][18:00:13:545437][info  ] RTSpatialRefiner 0x78f1afd298a0 (Used 0 MB), Loaded Geometries, ProbeArray 100000, Loaded 13, Type Point
[LIBGPUSPATIAL] [ 12660][18:00:13:545479][info  ] RTSpatialRefiner 0x78f1afd298a0 (Used 0 MB), Evaluating 13 Geometry Pairs with Predicate Intersects
[LIBGPUSPATIAL] [ 12661][18:00:13:550530][info  ] RTSpatialIndex 0x78f1ac00a7d0 (Used 0 MB), Allocate result buffer, memory consumption 0 MB, capacity 14
[LIBGPUSPATIAL] [ 12661][18:00:13:550656][info  ] RTSpatialIndex 0x78f1ac00a7d0 (Used 0 MB), Probe Points, Size: 100000, Results: 14
[LIBGPUSPATIAL] [ 12661][18:00:13:551028][info  ] RTSpatialRefiner 0x78f1afd298a0 (Used 0 MB), Loaded Geometries, ProbeArray 100000, Loaded 14, Type Point
[LIBGPUSPATIAL] [ 12661][18:00:13:551069][info  ] RTSpatialRefiner 0x78f1afd298a0 (Used 0 MB), Evaluating 14 Geometry Pairs with Predicate Intersects
[LIBGPUSPATIAL] [ 12663][18:00:13:552725][info  ] RTSpatialIndex 0x78f1ac00a7d0 (Used 0 MB), Allocate result buffer, memory consumption 0 MB, capacity 12
[LIBGPUSPATIAL] [ 12663][18:00:13:552859][info  ] RTSpatialIndex 0x78f1ac00a7d0 (Used 0 MB), Probe Points, Size: 100000, Results: 12
[LIBGPUSPATIAL] [ 12663][18:00:13:553220][info  ] RTSpatialRefiner 0x78f1afd298a0 (Used 0 MB), Loaded Geometries, ProbeArray 100000, Loaded 12, Type Point
[LIBGPUSPATIAL] [ 12663][18:00:13:553261][info  ] RTSpatialRefiner 0x78f1afd298a0 (Used 0 MB), Evaluating 12 Geometry Pairs with Predicate Intersects
[LIBGPUSPATIAL] [ 12656][18:00:13:554576][info  ] RTSpatialIndex 0x78f1ac00a7d0 (Used 0 MB), Allocate result buffer, memory consumption 0 MB, capacity 14
[LIBGPUSPATIAL] [ 12656][18:00:13:554717][info  ] RTSpatialIndex 0x78f1ac00a7d0 (Used 0 MB), Probe Points, Size: 100000, Results: 14
[LIBGPUSPATIAL] [ 12656][18:00:13:555082][info  ] RTSpatialRefiner 0x78f1afd298a0 (Used 0 MB), Loaded Geometries, ProbeArray 100000, Loaded 14, Type Point
[LIBGPUSPATIAL] [ 12656][18:00:13:555125][info  ] RTSpatialRefiner 0x78f1afd298a0 (Used 0 MB), Evaluating 14 Geometry Pairs with Predicate Intersects
[LIBGPUSPATIAL] [ 12660][18:00:13:557991][info  ] RTSpatialIndex 0x78f1ac00a7d0 (Used 0 MB), Allocate result buffer, memory consumption 0 MB, capacity 17
[LIBGPUSPATIAL] [ 12660][18:00:13:558117][info  ] RTSpatialIndex 0x78f1ac00a7d0 (Used 0 MB), Probe Points, Size: 100000, Results: 17
[LIBGPUSPATIAL] [ 12660][18:00:13:558471][info  ] RTSpatialRefiner 0x78f1afd298a0 (Used 0 MB), Loaded Geometries, ProbeArray 100000, Loaded 17, Type Point
[LIBGPUSPATIAL] [ 12660][18:00:13:558513][info  ] RTSpatialRefiner 0x78f1afd298a0 (Used 0 MB), Evaluating 17 Geometry Pairs with Predicate Intersects
[LIBGPUSPATIAL] [ 12661][18:00:13:563567][info  ] RTSpatialIndex 0x78f1ac00a7d0 (Used 0 MB), Allocate result buffer, memory consumption 0 MB, capacity 11
[LIBGPUSPATIAL] [ 12661][18:00:13:563688][info  ] RTSpatialIndex 0x78f1ac00a7d0 (Used 0 MB), Probe Points, Size: 100000, Results: 11
[LIBGPUSPATIAL] [ 12661][18:00:13:564044][info  ] RTSpatialRefiner 0x78f1afd298a0 (Used 0 MB), Loaded Geometries, ProbeArray 100000, Loaded 11, Type Point
[LIBGPUSPATIAL] [ 12661][18:00:13:564086][info  ] RTSpatialRefiner 0x78f1afd298a0 (Used 0 MB), Evaluating 11 Geometry Pairs with Predicate Intersects
[LIBGPUSPATIAL] [ 12663][18:00:13:565789][info  ] RTSpatialIndex 0x78f1ac00a7d0 (Used 0 MB), Allocate result buffer, memory consumption 0 MB, capacity 14
[LIBGPUSPATIAL] [ 12663][18:00:13:565954][info  ] RTSpatialIndex 0x78f1ac00a7d0 (Used 0 MB), Probe Points, Size: 100000, Results: 14
[LIBGPUSPATIAL] [ 12663][18:00:13:566292][info  ] RTSpatialRefiner 0x78f1afd298a0 (Used 0 MB), Loaded Geometries, ProbeArray 100000, Loaded 14, Type Point
[LIBGPUSPATIAL] [ 12663][18:00:13:566333][info  ] RTSpatialRefiner 0x78f1afd298a0 (Used 0 MB), Evaluating 14 Geometry Pairs with Predicate Intersects
[LIBGPUSPATIAL] [ 12656][18:00:13:567775][info  ] RTSpatialIndex 0x78f1ac00a7d0 (Used 0 MB), Allocate result buffer, memory consumption 0 MB, capacity 13
[LIBGPUSPATIAL] [ 12656][18:00:13:567928][info  ] RTSpatialIndex 0x78f1ac00a7d0 (Used 0 MB), Probe Points, Size: 100000, Results: 13
[LIBGPUSPATIAL] [ 12656][18:00:13:568279][info  ] RTSpatialRefiner 0x78f1afd298a0 (Used 0 MB), Loaded Geometries, ProbeArray 100000, Loaded 13, Type Point
[LIBGPUSPATIAL] [ 12656][18:00:13:568331][info  ] RTSpatialRefiner 0x78f1afd298a0 (Used 0 MB), Evaluating 13 Geometry Pairs with Predicate Intersects
[LIBGPUSPATIAL] [ 12660][18:00:13:571080][info  ] RTSpatialIndex 0x78f1ac00a7d0 (Used 0 MB), Allocate result buffer, memory consumption 0 MB, capacity 21
[LIBGPUSPATIAL] [ 12660][18:00:13:571204][info  ] RTSpatialIndex 0x78f1ac00a7d0 (Used 0 MB), Probe Points, Size: 100000, Results: 21
[LIBGPUSPATIAL] [ 12660][18:00:13:571561][info  ] RTSpatialRefiner 0x78f1afd298a0 (Used 0 MB), Loaded Geometries, ProbeArray 100000, Loaded 21, Type Point
[LIBGPUSPATIAL] [ 12660][18:00:13:571604][info  ] RTSpatialRefiner 0x78f1afd298a0 (Used 0 MB), Evaluating 21 Geometry Pairs with Predicate Intersects
[LIBGPUSPATIAL] [ 12661][18:00:13:576584][info  ] RTSpatialIndex 0x78f1ac00a7d0 (Used 0 MB), Allocate result buffer, memory consumption 0 MB, capacity 17
[LIBGPUSPATIAL] [ 12661][18:00:13:576702][info  ] RTSpatialIndex 0x78f1ac00a7d0 (Used 0 MB), Probe Points, Size: 100000, Results: 17
[LIBGPUSPATIAL] [ 12661][18:00:13:577079][info  ] RTSpatialRefiner 0x78f1afd298a0 (Used 0 MB), Loaded Geometries, ProbeArray 100000, Loaded 17, Type Point
[LIBGPUSPATIAL] [ 12661][18:00:13:577134][info  ] RTSpatialRefiner 0x78f1afd298a0 (Used 0 MB), Evaluating 17 Geometry Pairs with Predicate Intersects
[LIBGPUSPATIAL] [ 12663][18:00:13:578986][info  ] RTSpatialIndex 0x78f1ac00a7d0 (Used 0 MB), Allocate result buffer, memory consumption 0 MB, capacity 17
[LIBGPUSPATIAL] [ 12663][18:00:13:579112][info  ] RTSpatialIndex 0x78f1ac00a7d0 (Used 0 MB), Probe Points, Size: 100000, Results: 17
[LIBGPUSPATIAL] [ 12663][18:00:13:579455][info  ] RTSpatialRefiner 0x78f1afd298a0 (Used 0 MB), Loaded Geometries, ProbeArray 100000, Loaded 17, Type Point
[LIBGPUSPATIAL] [ 12663][18:00:13:579495][info  ] RTSpatialRefiner 0x78f1afd298a0 (Used 0 MB), Evaluating 17 Geometry Pairs with Predicate Intersects
[LIBGPUSPATIAL] [ 12661][18:00:13:580693][info  ] RTSpatialIndex 0x78f1ac00a7d0 (Used 0 MB), Allocate result buffer, memory consumption 0 MB, capacity 9
[LIBGPUSPATIAL] [ 12661][18:00:13:581048][info  ] RTSpatialIndex 0x78f1ac00a7d0 (Used 1 MB), Probe Points, Size: 33333, Results: 9
[LIBGPUSPATIAL] [ 12656][18:00:13:581119][info  ] RTSpatialIndex 0x78f1ac00a7d0 (Used 0 MB), Allocate result buffer, memory consumption 0 MB, capacity 21
[LIBGPUSPATIAL] [ 12656][18:00:13:581374][info  ] RTSpatialIndex 0x78f1ac00a7d0 (Used 0 MB), Probe Points, Size: 100000, Results: 21
[LIBGPUSPATIAL] [ 12661][18:00:13:581549][info  ] RTSpatialRefiner 0x78f1afd298a0 (Used 0 MB), Loaded Geometries, ProbeArray 33333, Loaded 9, Type Point
[LIBGPUSPATIAL] [ 12661][18:00:13:581614][info  ] RTSpatialRefiner 0x78f1afd298a0 (Used 0 MB), Evaluating 9 Geometry Pairs with Predicate Intersects
[LIBGPUSPATIAL] [ 12656][18:00:13:581823][info  ] RTSpatialRefiner 0x78f1afd298a0 (Used 0 MB), Loaded Geometries, ProbeArray 100000, Loaded 21, Type Point
[LIBGPUSPATIAL] [ 12656][18:00:13:581885][info  ] RTSpatialRefiner 0x78f1afd298a0 (Used 1 MB), Evaluating 21 Geometry Pairs with Predicate Intersects
[LIBGPUSPATIAL] [ 12660][18:00:13:582406][info  ] RTSpatialIndex 0x78f1ac00a7d0 (Used 0 MB), Allocate result buffer, memory consumption 0 MB, capacity 11
[LIBGPUSPATIAL] [ 12660][18:00:13:582697][info  ] RTSpatialIndex 0x78f1ac00a7d0 (Used 0 MB), Probe Points, Size: 100000, Results: 11
[LIBGPUSPATIAL] [ 12660][18:00:13:583073][info  ] RTSpatialRefiner 0x78f1afd298a0 (Used 0 MB), Loaded Geometries, ProbeArray 100000, Loaded 11, Type Point
[LIBGPUSPATIAL] [ 12660][18:00:13:583144][info  ] RTSpatialRefiner 0x78f1afd298a0 (Used 0 MB), Evaluating 11 Geometry Pairs with Predicate Intersects
[LIBGPUSPATIAL] [ 12656][18:00:13:587199][info  ] RTSpatialIndex 0x78f1ac00a7d0 (Used 0 MB), Allocate result buffer, memory consumption 0 MB, capacity 6
[LIBGPUSPATIAL] [ 12656][18:00:13:587335][info  ] RTSpatialIndex 0x78f1ac00a7d0 (Used 0 MB), Probe Points, Size: 33333, Results: 6
[LIBGPUSPATIAL] [ 12656][18:00:13:587695][info  ] RTSpatialRefiner 0x78f1afd298a0 (Used 0 MB), Loaded Geometries, ProbeArray 33333, Loaded 6, Type Point
[LIBGPUSPATIAL] [ 12656][18:00:13:587737][info  ] RTSpatialRefiner 0x78f1afd298a0 (Used 0 MB), Evaluating 6 Geometry Pairs with Predicate Intersects
[LIBGPUSPATIAL] [ 12663][18:00:13:591256][info  ] RTSpatialIndex 0x78f1ac00a7d0 (Used 0 MB), Allocate result buffer, memory consumption 0 MB, capacity 5
[LIBGPUSPATIAL] [ 12663][18:00:13:591358][info  ] RTSpatialIndex 0x78f1ac00a7d0 (Used 0 MB), Probe Points, Size: 100000, Results: 5
[LIBGPUSPATIAL] [ 12663][18:00:13:591686][info  ] RTSpatialRefiner 0x78f1afd298a0 (Used 1 MB), Loaded Geometries, ProbeArray 100000, Loaded 5, Type Point
[LIBGPUSPATIAL] [ 12663][18:00:13:591721][info  ] RTSpatialRefiner 0x78f1afd298a0 (Used 1 MB), Evaluating 5 Geometry Pairs with Predicate Intersects
[LIBGPUSPATIAL] [ 12660][18:00:13:591921][info  ] RTSpatialIndex 0x78f1ac00a7d0 (Used 0 MB), Allocate result buffer, memory consumption 0 MB, capacity 11
[LIBGPUSPATIAL] [ 12660][18:00:13:592133][info  ] RTSpatialIndex 0x78f1ac00a7d0 (Used 0 MB), Probe Points, Size: 100000, Results: 11
[LIBGPUSPATIAL] [ 12660][18:00:13:592498][info  ] RTSpatialRefiner 0x78f1afd298a0 (Used 0 MB), Loaded Geometries, ProbeArray 100000, Loaded 11, Type Point
[LIBGPUSPATIAL] [ 12660][18:00:13:592533][info  ] RTSpatialRefiner 0x78f1afd298a0 (Used 0 MB), Evaluating 11 Geometry Pairs with Predicate Intersects
[LIBGPUSPATIAL] [ 12663][18:00:13:595143][info  ] RTSpatialIndex 0x78f1ac00a7d0 (Used 0 MB), Allocate result buffer, memory consumption 0 MB, capacity 6
[LIBGPUSPATIAL] [ 12663][18:00:13:595256][info  ] RTSpatialIndex 0x78f1ac00a7d0 (Used 0 MB), Probe Points, Size: 33333, Results: 6
[LIBGPUSPATIAL] [ 12663][18:00:13:595551][info  ] RTSpatialRefiner 0x78f1afd298a0 (Used 0 MB), Loaded Geometries, ProbeArray 33333, Loaded 6, Type Point
[LIBGPUSPATIAL] [ 12663][18:00:13:595586][info  ] RTSpatialRefiner 0x78f1afd298a0 (Used 0 MB), Evaluating 6 Geometry Pairs with Predicate Intersects
[LIBGPUSPATIAL] [ 12660][18:00:13:595932][info  ] RTSpatialIndex 0x78f1ac00a7d0 (Used 0 MB), Allocate result buffer, memory consumption 0 MB, capacity 4
[LIBGPUSPATIAL] [ 12660][18:00:13:596178][info  ] RTSpatialIndex 0x78f1ac00a7d0 (Used 0 MB), Probe Points, Size: 33333, Results: 4
[LIBGPUSPATIAL] [ 12660][18:00:13:596504][info  ] RTSpatialRefiner 0x78f1afd298a0 (Used 0 MB), Loaded Geometries, ProbeArray 33333, Loaded 4, Type Point
[LIBGPUSPATIAL] [ 12660][18:00:13:596548][info  ] RTSpatialRefiner 0x78f1afd298a0 (Used 0 MB), Evaluating 4 Geometry Pairs with Predicate Intersects
2.22s (1 rows)

================================================================================
BENCHMARK SUMMARY
================================================================================
Query     sedonadb_gpu   
-------------------------
q2        2.22s          
-------------------------
Total     2.22s         

Results saved to results_mem_SF_10/sedonadb_gpu_q2_results.json
