Data paths:
  building: benchmark-data-sf10/building
  customer: benchmark-data-sf10/customer
  driver: benchmark-data-sf10/driver
  trip: benchmark-data-sf10/trip
  vehicle: benchmark-data-sf10/vehicle
  zone: benchmark-data-sf10/zone

============================================================
Running Sedonadb Gpu Benchmark
============================================================
Sedonadb Gpu version: 0.3.0
  Running q6... [LIBGPUSPATIAL] [ 54593][17:30:00:029581][info  ] Initializing GpuSpatialRuntime on device 0, PTX root /mnt/data/sedona-db/target/release/build/sedona-libgpuspatial-49614f8a870dbe66/out/share/gpuspatial/shaders
[LIBGPUSPATIAL] [ 54593][17:30:00:194579][info  ] Init Memory Manager
[LIBGPUSPATIAL] [ 54593][17:30:00:194772][info  ] Creating RMM pool memory resource with size 22511 MB
[LIBGPUSPATIAL] [ 54593][17:30:00:243494][info  ] Initialize RTEngine
[LIBGPUSPATIAL] [ 54593][17:30:00:371821][info  ] Create RTSpatialIndex 0x71e8e000ac10, fast_build = 0, compact = 0, concurrency = 8
[LIBGPUSPATIAL] [ 54593][17:30:00:374683][info  ] Create RTSpatialRefiner 0x71e8e3d29be0, fast_build = 0, compact = 0, parsing_threads = 8, concurrency = 8, pipeline_batches = 1, wkb_parser_memory_quota = 0.80, relate_engine_memory_quota = 0.07
[LIBGPUSPATIAL] [ 54593][17:30:00:381815][info  ] RTSpatialRefiner 0x71e8e3d29be0 (Used 0 MB), FinishBuilding Refiner, Total geoms: 18
[LIBGPUSPATIAL] [ 54593][17:30:00:381849][info  ] RTSpatialIndex 0x71e8e000ac10 (Used 0 MB), PushBuild, Rectangles 18
[LIBGPUSPATIAL] [ 54593][17:30:00:382201][info  ] RTSpatialIndex 0x71e8e000ac10 (Used 0 MB), FinishBuilding Index on Rectangles, Total geoms: 18
[LIBGPUSPATIAL] [ 54591][17:30:00:422567][info  ] RTSpatialIndex 0x71e8e000ac10 (Used 5 MB), Allocate result buffer, memory consumption 0 MB, capacity 28
[LIBGPUSPATIAL] [ 54594][17:30:00:423004][info  ] RTSpatialIndex 0x71e8e000ac10 (Used 3 MB), Allocate result buffer, memory consumption 0 MB, capacity 27
[LIBGPUSPATIAL] [ 54591][17:30:00:423157][info  ] RTSpatialIndex 0x71e8e000ac10 (Used 3 MB), Probe Points, Size: 100000, Results: 28
[LIBGPUSPATIAL] [ 54592][17:30:00:423226][info  ] RTSpatialIndex 0x71e8e000ac10 (Used 2 MB), Allocate result buffer, memory consumption 0 MB, capacity 17
[LIBGPUSPATIAL] [ 54596][17:30:00:423351][info  ] RTSpatialIndex 0x71e8e000ac10 (Used 2 MB), Allocate result buffer, memory consumption 0 MB, capacity 25
[LIBGPUSPATIAL] [ 54594][17:30:00:423681][info  ] RTSpatialIndex 0x71e8e000ac10 (Used 2 MB), Probe Points, Size: 100000, Results: 27
[LIBGPUSPATIAL] [ 54596][17:30:00:424610][info  ] RTSpatialIndex 0x71e8e000ac10 (Used 4 MB), Probe Points, Size: 100000, Results: 25
[LIBGPUSPATIAL] [ 54592][17:30:00:425275][info  ] RTSpatialIndex 0x71e8e000ac10 (Used 1 MB), Probe Points, Size: 100000, Results: 17
[LIBGPUSPATIAL] [ 54590][17:30:00:425494][info  ] RTSpatialIndex 0x71e8e000ac10 (Used 1 MB), Allocate result buffer, memory consumption 0 MB, capacity 28
[LIBGPUSPATIAL] [ 54591][17:30:00:425714][info  ] RTSpatialRefiner 0x71e8e3d29be0 (Used 1 MB), Loaded Geometries, ProbeArray 100000, Loaded 20, Type Point
[LIBGPUSPATIAL] [ 54594][17:30:00:425800][info  ] RTSpatialRefiner 0x71e8e3d29be0 (Used 1 MB), Loaded Geometries, ProbeArray 100000, Loaded 19, Type Point
[LIBGPUSPATIAL] [ 54591][17:30:00:425818][info  ] RTSpatialRefiner 0x71e8e3d29be0 (Used 1 MB), Evaluating 28 Geometry Pairs with Predicate Contains
[LIBGPUSPATIAL] [ 54594][17:30:00:425846][info  ] RTSpatialRefiner 0x71e8e3d29be0 (Used 1 MB), Evaluating 27 Geometry Pairs with Predicate Contains
[LIBGPUSPATIAL] [ 54590][17:30:00:425895][info  ] RTSpatialIndex 0x71e8e000ac10 (Used 1 MB), Probe Points, Size: 100000, Results: 28
[LIBGPUSPATIAL] [ 54596][17:30:00:426161][info  ] RTSpatialRefiner 0x71e8e3d29be0 (Used 0 MB), Loaded Geometries, ProbeArray 100000, Loaded 18, Type Point
[LIBGPUSPATIAL] [ 54596][17:30:00:426211][info  ] RTSpatialRefiner 0x71e8e3d29be0 (Used 0 MB), Evaluating 25 Geometry Pairs with Predicate Contains
[LIBGPUSPATIAL] [ 54592][17:30:00:426803][info  ] RTSpatialRefiner 0x71e8e3d29be0 (Used 1 MB), Loaded Geometries, ProbeArray 100000, Loaded 13, Type Point
[LIBGPUSPATIAL] [ 54592][17:30:00:426844][info  ] RTSpatialRefiner 0x71e8e3d29be0 (Used 1 MB), Evaluating 17 Geometry Pairs with Predicate Contains
[LIBGPUSPATIAL] [ 54590][17:30:00:450577][info  ] RTSpatialRefiner 0x71e8e3d29be0 (Used 2 MB), Loaded Geometries, ProbeArray 100000, Loaded 21, Type Point
[LIBGPUSPATIAL] [ 54590][17:30:00:450644][info  ] RTSpatialRefiner 0x71e8e3d29be0 (Used 2 MB), Evaluating 28 Geometry Pairs with Predicate Contains
[LIBGPUSPATIAL] [ 54593][17:30:00:451053][info  ] RTSpatialIndex 0x71e8e000ac10 (Used 2 MB), Allocate result buffer, memory consumption 0 MB, capacity 16
[LIBGPUSPATIAL] [ 54589][17:30:00:451268][info  ] RTSpatialIndex 0x71e8e000ac10 (Used 2 MB), Allocate result buffer, memory consumption 0 MB, capacity 19
[LIBGPUSPATIAL] [ 54595][17:30:00:451570][info  ] RTSpatialIndex 0x71e8e000ac10 (Used 2 MB), Allocate result buffer, memory consumption 0 MB, capacity 12
[LIBGPUSPATIAL] [ 54589][17:30:00:452011][info  ] RTSpatialIndex 0x71e8e000ac10 (Used 3 MB), Probe Points, Size: 100000, Results: 19
[LIBGPUSPATIAL] [ 54593][17:30:00:452141][info  ] RTSpatialIndex 0x71e8e000ac10 (Used 2 MB), Probe Points, Size: 100000, Results: 16
[LIBGPUSPATIAL] [ 54589][17:30:00:452566][info  ] RTSpatialRefiner 0x71e8e3d29be0 (Used 1 MB), Loaded Geometries, ProbeArray 100000, Loaded 14, Type Point
[LIBGPUSPATIAL] [ 54589][17:30:00:452613][info  ] RTSpatialRefiner 0x71e8e3d29be0 (Used 1 MB), Evaluating 19 Geometry Pairs with Predicate Contains
[LIBGPUSPATIAL] [ 54593][17:30:00:452688][info  ] RTSpatialRefiner 0x71e8e3d29be0 (Used 1 MB), Loaded Geometries, ProbeArray 100000, Loaded 10, Type Point
[LIBGPUSPATIAL] [ 54593][17:30:00:452769][info  ] RTSpatialRefiner 0x71e8e3d29be0 (Used 1 MB), Evaluating 16 Geometry Pairs with Predicate Contains
[LIBGPUSPATIAL] [ 54595][17:30:00:452780][info  ] RTSpatialIndex 0x71e8e000ac10 (Used 1 MB), Probe Points, Size: 100000, Results: 12
[LIBGPUSPATIAL] [ 54595][17:30:00:454874][info  ] RTSpatialRefiner 0x71e8e3d29be0 (Used 0 MB), Loaded Geometries, ProbeArray 100000, Loaded 9, Type Point
[LIBGPUSPATIAL] [ 54595][17:30:00:454927][info  ] RTSpatialRefiner 0x71e8e3d29be0 (Used 0 MB), Evaluating 12 Geometry Pairs with Predicate Contains
[LIBGPUSPATIAL] [ 54596][17:30:00:474023][info  ] RTSpatialIndex 0x71e8e000ac10 (Used 1 MB), Allocate result buffer, memory consumption 0 MB, capacity 25
[LIBGPUSPATIAL] [ 54590][17:30:00:474092][info  ] RTSpatialIndex 0x71e8e000ac10 (Used 1 MB), Allocate result buffer, memory consumption 0 MB, capacity 22
[LIBGPUSPATIAL] [ 54596][17:30:00:474213][info  ] RTSpatialIndex 0x71e8e000ac10 (Used 1 MB), Probe Points, Size: 100000, Results: 25
[LIBGPUSPATIAL] [ 54590][17:30:00:474354][info  ] RTSpatialIndex 0x71e8e000ac10 (Used 1 MB), Probe Points, Size: 100000, Results: 22
[LIBGPUSPATIAL] [ 54594][17:30:00:475071][info  ] RTSpatialIndex 0x71e8e000ac10 (Used 1 MB), Allocate result buffer, memory consumption 0 MB, capacity 15
[LIBGPUSPATIAL] [ 54596][17:30:00:475598][info  ] RTSpatialRefiner 0x71e8e3d29be0 (Used 3 MB), Loaded Geometries, ProbeArray 100000, Loaded 21, Type Point
[LIBGPUSPATIAL] [ 54596][17:30:00:475782][info  ] RTSpatialRefiner 0x71e8e3d29be0 (Used 4 MB), Evaluating 25 Geometry Pairs with Predicate Contains
[LIBGPUSPATIAL] [ 54590][17:30:00:475901][info  ] RTSpatialRefiner 0x71e8e3d29be0 (Used 3 MB), Loaded Geometries, ProbeArray 100000, Loaded 14, Type Point
[LIBGPUSPATIAL] [ 54594][17:30:00:475911][info  ] RTSpatialIndex 0x71e8e000ac10 (Used 3 MB), Probe Points, Size: 100000, Results: 15
[LIBGPUSPATIAL] [ 54590][17:30:00:476029][info  ] RTSpatialRefiner 0x71e8e3d29be0 (Used 2 MB), Evaluating 22 Geometry Pairs with Predicate Contains
[LIBGPUSPATIAL] [ 54592][17:30:00:476163][info  ] RTSpatialIndex 0x71e8e000ac10 (Used 2 MB), Allocate result buffer, memory consumption 0 MB, capacity 29
[LIBGPUSPATIAL] [ 54594][17:30:00:476580][info  ] RTSpatialRefiner 0x71e8e3d29be0 (Used 4 MB), Loaded Geometries, ProbeArray 100000, Loaded 13, Type Point
[LIBGPUSPATIAL] [ 54593][17:30:00:476607][info  ] RTSpatialIndex 0x71e8e000ac10 (Used 4 MB), Allocate result buffer, memory consumption 0 MB, capacity 18
[LIBGPUSPATIAL] [ 54594][17:30:00:476628][info  ] RTSpatialRefiner 0x71e8e3d29be0 (Used 4 MB), Evaluating 15 Geometry Pairs with Predicate Contains
[LIBGPUSPATIAL] [ 54591][17:30:00:477054][info  ] RTSpatialIndex 0x71e8e000ac10 (Used 5 MB), Allocate result buffer, memory consumption 0 MB, capacity 29
[LIBGPUSPATIAL] [ 54592][17:30:00:477433][info  ] RTSpatialIndex 0x71e8e000ac10 (Used 4 MB), Probe Points, Size: 100000, Results: 29
[LIBGPUSPATIAL] [ 54593][17:30:00:477751][info  ] RTSpatialIndex 0x71e8e000ac10 (Used 3 MB), Probe Points, Size: 100000, Results: 18
[LIBGPUSPATIAL] [ 54595][17:30:00:477937][info  ] RTSpatialIndex 0x71e8e000ac10 (Used 2 MB), Allocate result buffer, memory consumption 0 MB, capacity 20
[LIBGPUSPATIAL] [ 54592][17:30:00:477944][info  ] RTSpatialRefiner 0x71e8e3d29be0 (Used 2 MB), Loaded Geometries, ProbeArray 100000, Loaded 23, Type Point
[LIBGPUSPATIAL] [ 54592][17:30:00:478029][info  ] RTSpatialRefiner 0x71e8e3d29be0 (Used 2 MB), Evaluating 29 Geometry Pairs with Predicate Contains
[LIBGPUSPATIAL] [ 54591][17:30:00:478281][info  ] RTSpatialIndex 0x71e8e000ac10 (Used 2 MB), Probe Points, Size: 100000, Results: 29
[LIBGPUSPATIAL] [ 54593][17:30:00:478451][info  ] RTSpatialRefiner 0x71e8e3d29be0 (Used 2 MB), Loaded Geometries, ProbeArray 100000, Loaded 14, Type Point
[LIBGPUSPATIAL] [ 54589][17:30:00:478472][info  ] RTSpatialIndex 0x71e8e000ac10 (Used 2 MB), Allocate result buffer, memory consumption 0 MB, capacity 18
[LIBGPUSPATIAL] [ 54593][17:30:00:478589][info  ] RTSpatialRefiner 0x71e8e3d29be0 (Used 2 MB), Evaluating 18 Geometry Pairs with Predicate Contains
[LIBGPUSPATIAL] [ 54591][17:30:00:478987][info  ] RTSpatialRefiner 0x71e8e3d29be0 (Used 1 MB), Loaded Geometries, ProbeArray 100000, Loaded 20, Type Point
[LIBGPUSPATIAL] [ 54591][17:30:00:479050][info  ] RTSpatialRefiner 0x71e8e3d29be0 (Used 1 MB), Evaluating 29 Geometry Pairs with Predicate Contains
[LIBGPUSPATIAL] [ 54589][17:30:00:479371][info  ] RTSpatialIndex 0x71e8e000ac10 (Used 1 MB), Probe Points, Size: 100000, Results: 18
[LIBGPUSPATIAL] [ 54595][17:30:00:480076][info  ] RTSpatialIndex 0x71e8e000ac10 (Used 1 MB), Probe Points, Size: 100000, Results: 20
[LIBGPUSPATIAL] [ 54589][17:30:00:480363][info  ] RTSpatialRefiner 0x71e8e3d29be0 (Used 0 MB), Loaded Geometries, ProbeArray 100000, Loaded 13, Type Point
[LIBGPUSPATIAL] [ 54589][17:30:00:480412][info  ] RTSpatialRefiner 0x71e8e3d29be0 (Used 0 MB), Evaluating 18 Geometry Pairs with Predicate Contains
[LIBGPUSPATIAL] [ 54595][17:30:00:480456][info  ] RTSpatialRefiner 0x71e8e3d29be0 (Used 0 MB), Loaded Geometries, ProbeArray 100000, Loaded 15, Type Point
[LIBGPUSPATIAL] [ 54595][17:30:00:480513][info  ] RTSpatialRefiner 0x71e8e3d29be0 (Used 0 MB), Evaluating 20 Geometry Pairs with Predicate Contains
[LIBGPUSPATIAL] [ 54590][17:30:00:495373][info  ] RTSpatialIndex 0x71e8e000ac10 (Used 1 MB), Allocate result buffer, memory consumption 0 MB, capacity 28
[LIBGPUSPATIAL] [ 54590][17:30:00:495516][info  ] RTSpatialIndex 0x71e8e000ac10 (Used 1 MB), Probe Points, Size: 100000, Results: 28
[LIBGPUSPATIAL] [ 54594][17:30:00:497521][info  ] RTSpatialIndex 0x71e8e000ac10 (Used 1 MB), Allocate result buffer, memory consumption 0 MB, capacity 14
[LIBGPUSPATIAL] [ 54594][17:30:00:497659][info  ] RTSpatialIndex 0x71e8e000ac10 (Used 1 MB), Probe Points, Size: 100000, Results: 14
[LIBGPUSPATIAL] [ 54593][17:30:00:498290][info  ] RTSpatialIndex 0x71e8e000ac10 (Used 1 MB), Allocate result buffer, memory consumption 0 MB, capacity 8
[LIBGPUSPATIAL] [ 54593][17:30:00:498430][info  ] RTSpatialIndex 0x71e8e000ac10 (Used 1 MB), Probe Points, Size: 100000, Results: 8
[LIBGPUSPATIAL] [ 54590][17:30:00:498904][info  ] RTSpatialRefiner 0x71e8e3d29be0 (Used 1 MB), Loaded Geometries, ProbeArray 100000, Loaded 20, Type Point
[LIBGPUSPATIAL] [ 54590][17:30:00:498961][info  ] RTSpatialRefiner 0x71e8e3d29be0 (Used 1 MB), Evaluating 28 Geometry Pairs with Predicate Contains
[LIBGPUSPATIAL] [ 54596][17:30:00:498972][info  ] RTSpatialIndex 0x71e8e000ac10 (Used 1 MB), Allocate result buffer, memory consumption 0 MB, capacity 16
[LIBGPUSPATIAL] [ 54593][17:30:00:499206][info  ] RTSpatialRefiner 0x71e8e3d29be0 (Used 1 MB), Loaded Geometries, ProbeArray 100000, Loaded 6, Type Point
[LIBGPUSPATIAL] [ 54593][17:30:00:499315][info  ] RTSpatialRefiner 0x71e8e3d29be0 (Used 2 MB), Evaluating 8 Geometry Pairs with Predicate Contains
[LIBGPUSPATIAL] [ 54594][17:30:00:499392][info  ] RTSpatialRefiner 0x71e8e3d29be0 (Used 2 MB), Loaded Geometries, ProbeArray 100000, Loaded 13, Type Point
[LIBGPUSPATIAL] [ 54596][17:30:00:499584][info  ] RTSpatialIndex 0x71e8e000ac10 (Used 3 MB), Probe Points, Size: 100000, Results: 16
[LIBGPUSPATIAL] [ 54594][17:30:00:499614][info  ] RTSpatialRefiner 0x71e8e3d29be0 (Used 2 MB), Evaluating 14 Geometry Pairs with Predicate Contains
[LIBGPUSPATIAL] [ 54592][17:30:00:499848][info  ] RTSpatialIndex 0x71e8e000ac10 (Used 2 MB), Allocate result buffer, memory consumption 0 MB, capacity 20
[LIBGPUSPATIAL] [ 54596][17:30:00:500333][info  ] RTSpatialRefiner 0x71e8e3d29be0 (Used 1 MB), Loaded Geometries, ProbeArray 100000, Loaded 13, Type Point
[LIBGPUSPATIAL] [ 54591][17:30:00:500359][info  ] RTSpatialIndex 0x71e8e000ac10 (Used 1 MB), Allocate result buffer, memory consumption 0 MB, capacity 23
[LIBGPUSPATIAL] [ 54596][17:30:00:500391][info  ] RTSpatialRefiner 0x71e8e3d29be0 (Used 1 MB), Evaluating 16 Geometry Pairs with Predicate Contains
[LIBGPUSPATIAL] [ 54592][17:30:00:500546][info  ] RTSpatialIndex 0x71e8e000ac10 (Used 1 MB), Probe Points, Size: 100000, Results: 20
[LIBGPUSPATIAL] [ 54591][17:30:00:500727][info  ] RTSpatialIndex 0x71e8e000ac10 (Used 1 MB), Probe Points, Size: 100000, Results: 23
[LIBGPUSPATIAL] [ 54592][17:30:00:501389][info  ] RTSpatialRefiner 0x71e8e3d29be0 (Used 1 MB), Loaded Geometries, ProbeArray 100000, Loaded 15, Type Point
[LIBGPUSPATIAL] [ 54591][17:30:00:501426][info  ] RTSpatialRefiner 0x71e8e3d29be0 (Used 1 MB), Loaded Geometries, ProbeArray 100000, Loaded 18, Type Point
[LIBGPUSPATIAL] [ 54592][17:30:00:501502][info  ] RTSpatialRefiner 0x71e8e3d29be0 (Used 1 MB), Evaluating 20 Geometry Pairs with Predicate Contains
[LIBGPUSPATIAL] [ 54591][17:30:00:501519][info  ] RTSpatialRefiner 0x71e8e3d29be0 (Used 1 MB), Evaluating 23 Geometry Pairs with Predicate Contains
[LIBGPUSPATIAL] [ 54589][17:30:00:501668][info  ] RTSpatialIndex 0x71e8e000ac10 (Used 1 MB), Allocate result buffer, memory consumption 0 MB, capacity 18
[LIBGPUSPATIAL] [ 54589][17:30:00:502439][info  ] RTSpatialIndex 0x71e8e000ac10 (Used 1 MB), Probe Points, Size: 100000, Results: 18
[LIBGPUSPATIAL] [ 54595][17:30:00:503397][info  ] RTSpatialIndex 0x71e8e000ac10 (Used 1 MB), Allocate result buffer, memory consumption 0 MB, capacity 23
[LIBGPUSPATIAL] [ 54595][17:30:00:503534][info  ] RTSpatialIndex 0x71e8e000ac10 (Used 1 MB), Probe Points, Size: 100000, Results: 23
[LIBGPUSPATIAL] [ 54589][17:30:00:506146][info  ] RTSpatialRefiner 0x71e8e3d29be0 (Used 0 MB), Loaded Geometries, ProbeArray 100000, Loaded 16, Type Point
[LIBGPUSPATIAL] [ 54589][17:30:00:506207][info  ] RTSpatialRefiner 0x71e8e3d29be0 (Used 0 MB), Evaluating 18 Geometry Pairs with Predicate Contains
[LIBGPUSPATIAL] [ 54595][17:30:00:506849][info  ] RTSpatialRefiner 0x71e8e3d29be0 (Used 0 MB), Loaded Geometries, ProbeArray 100000, Loaded 19, Type Point
[LIBGPUSPATIAL] [ 54595][17:30:00:506911][info  ] RTSpatialRefiner 0x71e8e3d29be0 (Used 0 MB), Evaluating 23 Geometry Pairs with Predicate Contains
[LIBGPUSPATIAL] [ 54593][17:30:00:517664][info  ] RTSpatialIndex 0x71e8e000ac10 (Used 1 MB), Allocate result buffer, memory consumption 0 MB, capacity 30
[LIBGPUSPATIAL] [ 54593][17:30:00:517813][info  ] RTSpatialIndex 0x71e8e000ac10 (Used 1 MB), Probe Points, Size: 100000, Results: 30
[LIBGPUSPATIAL] [ 54593][17:30:00:518344][info  ] RTSpatialRefiner 0x71e8e3d29be0 (Used 0 MB), Loaded Geometries, ProbeArray 100000, Loaded 21, Type Point
[LIBGPUSPATIAL] [ 54593][17:30:00:518421][info  ] RTSpatialRefiner 0x71e8e3d29be0 (Used 0 MB), Evaluating 30 Geometry Pairs with Predicate Contains
[LIBGPUSPATIAL] [ 54596][17:30:00:519835][info  ] RTSpatialIndex 0x71e8e000ac10 (Used 2 MB), Allocate result buffer, memory consumption 0 MB, capacity 17
[LIBGPUSPATIAL] [ 54594][17:30:00:519894][info  ] RTSpatialIndex 0x71e8e000ac10 (Used 2 MB), Allocate result buffer, memory consumption 0 MB, capacity 27
[LIBGPUSPATIAL] [ 54590][17:30:00:519980][info  ] RTSpatialIndex 0x71e8e000ac10 (Used 2 MB), Allocate result buffer, memory consumption 0 MB, capacity 21
[LIBGPUSPATIAL] [ 54596][17:30:00:520499][info  ] RTSpatialIndex 0x71e8e000ac10 (Used 4 MB), Probe Points, Size: 100000, Results: 17
[LIBGPUSPATIAL] [ 54594][17:30:00:520689][info  ] RTSpatialIndex 0x71e8e000ac10 (Used 2 MB), Probe Points, Size: 100000, Results: 27
[LIBGPUSPATIAL] [ 54590][17:30:00:520941][info  ] RTSpatialIndex 0x71e8e000ac10 (Used 3 MB), Probe Points, Size: 100000, Results: 21
[LIBGPUSPATIAL] [ 54591][17:30:00:521214][info  ] RTSpatialIndex 0x71e8e000ac10 (Used 2 MB), Allocate result buffer, memory consumption 0 MB, capacity 15
[LIBGPUSPATIAL] [ 54592][17:30:00:521662][info  ] RTSpatialIndex 0x71e8e000ac10 (Used 1 MB), Allocate result buffer, memory consumption 0 MB, capacity 27
[LIBGPUSPATIAL] [ 54592][17:30:00:521791][info  ] RTSpatialIndex 0x71e8e000ac10 (Used 1 MB), Probe Points, Size: 100000, Results: 27
[LIBGPUSPATIAL] [ 54590][17:30:00:521798][info  ] RTSpatialRefiner 0x71e8e3d29be0 (Used 1 MB), Loaded Geometries, ProbeArray 100000, Loaded 15, Type Point
[LIBGPUSPATIAL] [ 54594][17:30:00:521840][info  ] RTSpatialRefiner 0x71e8e3d29be0 (Used 1 MB), Loaded Geometries, ProbeArray 100000, Loaded 21, Type Point
[LIBGPUSPATIAL] [ 54590][17:30:00:521845][info  ] RTSpatialRefiner 0x71e8e3d29be0 (Used 1 MB), Evaluating 21 Geometry Pairs with Predicate Contains
[LIBGPUSPATIAL] [ 54591][17:30:00:521869][info  ] RTSpatialIndex 0x71e8e000ac10 (Used 1 MB), Probe Points, Size: 100000, Results: 15
[LIBGPUSPATIAL] [ 54594][17:30:00:521891][info  ] RTSpatialRefiner 0x71e8e3d29be0 (Used 0 MB), Evaluating 27 Geometry Pairs with Predicate Contains
[LIBGPUSPATIAL] [ 54596][17:30:00:522296][info  ] RTSpatialRefiner 0x71e8e3d29be0 (Used 0 MB), Loaded Geometries, ProbeArray 100000, Loaded 13, Type Point
[LIBGPUSPATIAL] [ 54596][17:30:00:522354][info  ] RTSpatialRefiner 0x71e8e3d29be0 (Used 0 MB), Evaluating 17 Geometry Pairs with Predicate Contains
[LIBGPUSPATIAL] [ 54591][17:30:00:522516][info  ] RTSpatialRefiner 0x71e8e3d29be0 (Used 0 MB), Loaded Geometries, ProbeArray 100000, Loaded 12, Type Point
[LIBGPUSPATIAL] [ 54591][17:30:00:522565][info  ] RTSpatialRefiner 0x71e8e3d29be0 (Used 0 MB), Evaluating 15 Geometry Pairs with Predicate Contains
[LIBGPUSPATIAL] [ 54592][17:30:00:524066][info  ] RTSpatialRefiner 0x71e8e3d29be0 (Used 0 MB), Loaded Geometries, ProbeArray 100000, Loaded 21, Type Point
[LIBGPUSPATIAL] [ 54592][17:30:00:524269][info  ] RTSpatialRefiner 0x71e8e3d29be0 (Used 0 MB), Evaluating 27 Geometry Pairs with Predicate Contains
[LIBGPUSPATIAL] [ 54589][17:30:00:524702][info  ] RTSpatialIndex 0x71e8e000ac10 (Used 1 MB), Allocate result buffer, memory consumption 0 MB, capacity 18
[LIBGPUSPATIAL] [ 54589][17:30:00:524805][info  ] RTSpatialIndex 0x71e8e000ac10 (Used 1 MB), Probe Points, Size: 100000, Results: 18
[LIBGPUSPATIAL] [ 54589][17:30:00:525181][info  ] RTSpatialRefiner 0x71e8e3d29be0 (Used 0 MB), Loaded Geometries, ProbeArray 100000, Loaded 12, Type Point
[LIBGPUSPATIAL] [ 54589][17:30:00:525226][info  ] RTSpatialRefiner 0x71e8e3d29be0 (Used 0 MB), Evaluating 18 Geometry Pairs with Predicate Contains
[LIBGPUSPATIAL] [ 54595][17:30:00:527333][info  ] RTSpatialIndex 0x71e8e000ac10 (Used 1 MB), Allocate result buffer, memory consumption 0 MB, capacity 31
[LIBGPUSPATIAL] [ 54595][17:30:00:527478][info  ] RTSpatialIndex 0x71e8e000ac10 (Used 1 MB), Probe Points, Size: 100000, Results: 31
[LIBGPUSPATIAL] [ 54595][17:30:00:527951][info  ] RTSpatialRefiner 0x71e8e3d29be0 (Used 0 MB), Loaded Geometries, ProbeArray 100000, Loaded 19, Type Point
[LIBGPUSPATIAL] [ 54595][17:30:00:527994][info  ] RTSpatialRefiner 0x71e8e3d29be0 (Used 0 MB), Evaluating 31 Geometry Pairs with Predicate Contains
[LIBGPUSPATIAL] [ 54593][17:30:00:536210][info  ] RTSpatialIndex 0x71e8e000ac10 (Used 1 MB), Allocate result buffer, memory consumption 0 MB, capacity 32
[LIBGPUSPATIAL] [ 54593][17:30:00:536374][info  ] RTSpatialIndex 0x71e8e000ac10 (Used 1 MB), Probe Points, Size: 100000, Results: 32
[LIBGPUSPATIAL] [ 54593][17:30:00:536820][info  ] RTSpatialRefiner 0x71e8e3d29be0 (Used 0 MB), Loaded Geometries, ProbeArray 100000, Loaded 25, Type Point
[LIBGPUSPATIAL] [ 54593][17:30:00:536864][info  ] RTSpatialRefiner 0x71e8e3d29be0 (Used 0 MB), Evaluating 32 Geometry Pairs with Predicate Contains
[LIBGPUSPATIAL] [ 54590][17:30:00:539145][info  ] RTSpatialIndex 0x71e8e000ac10 (Used 1 MB), Allocate result buffer, memory consumption 0 MB, capacity 15
[LIBGPUSPATIAL] [ 54590][17:30:00:539294][info  ] RTSpatialIndex 0x71e8e000ac10 (Used 1 MB), Probe Points, Size: 100000, Results: 15
[LIBGPUSPATIAL] [ 54591][17:30:00:539856][info  ] RTSpatialIndex 0x71e8e000ac10 (Used 1 MB), Allocate result buffer, memory consumption 0 MB, capacity 18
[LIBGPUSPATIAL] [ 54591][17:30:00:539974][info  ] RTSpatialIndex 0x71e8e000ac10 (Used 1 MB), Probe Points, Size: 100000, Results: 18
[LIBGPUSPATIAL] [ 54590][17:30:00:540182][info  ] RTSpatialRefiner 0x71e8e3d29be0 (Used 0 MB), Loaded Geometries, ProbeArray 100000, Loaded 11, Type Point
[LIBGPUSPATIAL] [ 54590][17:30:00:540225][info  ] RTSpatialRefiner 0x71e8e3d29be0 (Used 0 MB), Evaluating 15 Geometry Pairs with Predicate Contains
[LIBGPUSPATIAL] [ 54591][17:30:00:540381][info  ] RTSpatialRefiner 0x71e8e3d29be0 (Used 0 MB), Loaded Geometries, ProbeArray 100000, Loaded 16, Type Point
[LIBGPUSPATIAL] [ 54591][17:30:00:540442][info  ] RTSpatialRefiner 0x71e8e3d29be0 (Used 0 MB), Evaluating 18 Geometry Pairs with Predicate Contains
[LIBGPUSPATIAL] [ 54594][17:30:00:541645][info  ] RTSpatialIndex 0x71e8e000ac10 (Used 1 MB), Allocate result buffer, memory consumption 0 MB, capacity 10
[LIBGPUSPATIAL] [ 54594][17:30:00:541934][info  ] RTSpatialIndex 0x71e8e000ac10 (Used 1 MB), Probe Points, Size: 100000, Results: 10
[LIBGPUSPATIAL] [ 54596][17:30:00:542704][info  ] RTSpatialIndex 0x71e8e000ac10 (Used 1 MB), Allocate result buffer, memory consumption 0 MB, capacity 21
[LIBGPUSPATIAL] [ 54594][17:30:00:542712][info  ] RTSpatialRefiner 0x71e8e3d29be0 (Used 1 MB), Loaded Geometries, ProbeArray 100000, Loaded 9, Type Point
[LIBGPUSPATIAL] [ 54594][17:30:00:542776][info  ] RTSpatialRefiner 0x71e8e3d29be0 (Used 1 MB), Evaluating 10 Geometry Pairs with Predicate Contains
[LIBGPUSPATIAL] [ 54596][17:30:00:543125][info  ] RTSpatialIndex 0x71e8e000ac10 (Used 1 MB), Probe Points, Size: 100000, Results: 21
[LIBGPUSPATIAL] [ 54589][17:30:00:543567][info  ] RTSpatialIndex 0x71e8e000ac10 (Used 1 MB), Allocate result buffer, memory consumption 0 MB, capacity 24
[LIBGPUSPATIAL] [ 54596][17:30:00:543810][info  ] RTSpatialRefiner 0x71e8e3d29be0 (Used 1 MB), Loaded Geometries, ProbeArray 100000, Loaded 16, Type Point
[LIBGPUSPATIAL] [ 54589][17:30:00:543846][info  ] RTSpatialIndex 0x71e8e000ac10 (Used 1 MB), Probe Points, Size: 100000, Results: 24
[LIBGPUSPATIAL] [ 54596][17:30:00:543873][info  ] RTSpatialRefiner 0x71e8e3d29be0 (Used 1 MB), Evaluating 21 Geometry Pairs with Predicate Contains
[LIBGPUSPATIAL] [ 54589][17:30:00:544355][info  ] RTSpatialRefiner 0x71e8e3d29be0 (Used 0 MB), Loaded Geometries, ProbeArray 100000, Loaded 19, Type Point
[LIBGPUSPATIAL] [ 54589][17:30:00:544396][info  ] RTSpatialRefiner 0x71e8e3d29be0 (Used 0 MB), Evaluating 24 Geometry Pairs with Predicate Contains
[LIBGPUSPATIAL] [ 54595][17:30:00:546155][info  ] RTSpatialIndex 0x71e8e000ac10 (Used 1 MB), Allocate result buffer, memory consumption 0 MB, capacity 17
[LIBGPUSPATIAL] [ 54595][17:30:00:546618][info  ] RTSpatialIndex 0x71e8e000ac10 (Used 1 MB), Probe Points, Size: 100000, Results: 17
[LIBGPUSPATIAL] [ 54592][17:30:00:547239][info  ] RTSpatialIndex 0x71e8e000ac10 (Used 1 MB), Allocate result buffer, memory consumption 0 MB, capacity 21
[LIBGPUSPATIAL] [ 54592][17:30:00:547485][info  ] RTSpatialIndex 0x71e8e000ac10 (Used 1 MB), Probe Points, Size: 100000, Results: 21
[LIBGPUSPATIAL] [ 54595][17:30:00:547765][info  ] RTSpatialRefiner 0x71e8e3d29be0 (Used 0 MB), Loaded Geometries, ProbeArray 100000, Loaded 12, Type Point
[LIBGPUSPATIAL] [ 54595][17:30:00:547821][info  ] RTSpatialRefiner 0x71e8e3d29be0 (Used 0 MB), Evaluating 17 Geometry Pairs with Predicate Contains
[LIBGPUSPATIAL] [ 54592][17:30:00:551669][info  ] RTSpatialRefiner 0x71e8e3d29be0 (Used 0 MB), Loaded Geometries, ProbeArray 100000, Loaded 17, Type Point
[LIBGPUSPATIAL] [ 54592][17:30:00:551719][info  ] RTSpatialRefiner 0x71e8e3d29be0 (Used 0 MB), Evaluating 21 Geometry Pairs with Predicate Contains
[LIBGPUSPATIAL] [ 54593][17:30:00:554948][info  ] RTSpatialIndex 0x71e8e000ac10 (Used 1 MB), Allocate result buffer, memory consumption 0 MB, capacity 26
[LIBGPUSPATIAL] [ 54593][17:30:00:555097][info  ] RTSpatialIndex 0x71e8e000ac10 (Used 1 MB), Probe Points, Size: 100000, Results: 26
[LIBGPUSPATIAL] [ 54593][17:30:00:555693][info  ] RTSpatialRefiner 0x71e8e3d29be0 (Used 0 MB), Loaded Geometries, ProbeArray 100000, Loaded 21, Type Point
[LIBGPUSPATIAL] [ 54593][17:30:00:555739][info  ] RTSpatialRefiner 0x71e8e3d29be0 (Used 0 MB), Evaluating 26 Geometry Pairs with Predicate Contains
[LIBGPUSPATIAL] [ 54596][17:30:00:559463][info  ] RTSpatialIndex 0x71e8e000ac10 (Used 2 MB), Allocate result buffer, memory consumption 0 MB, capacity 31
[LIBGPUSPATIAL] [ 54590][17:30:00:559489][info  ] RTSpatialIndex 0x71e8e000ac10 (Used 2 MB), Allocate result buffer, memory consumption 0 MB, capacity 27
[LIBGPUSPATIAL] [ 54591][17:30:00:559549][info  ] RTSpatialIndex 0x71e8e000ac10 (Used 2 MB), Allocate result buffer, memory consumption 0 MB, capacity 26
[LIBGPUSPATIAL] [ 54596][17:30:00:559736][info  ] RTSpatialIndex 0x71e8e000ac10 (Used 2 MB), Probe Points, Size: 100000, Results: 31
[LIBGPUSPATIAL] [ 54591][17:30:00:559835][info  ] RTSpatialIndex 0x71e8e000ac10 (Used 1 MB), Probe Points, Size: 100000, Results: 26
[LIBGPUSPATIAL] [ 54590][17:30:00:559974][info  ] RTSpatialIndex 0x71e8e000ac10 (Used 1 MB), Probe Points, Size: 100000, Results: 27
[LIBGPUSPATIAL] [ 54590][17:30:00:560488][info  ] RTSpatialRefiner 0x71e8e3d29be0 (Used 0 MB), Loaded Geometries, ProbeArray 100000, Loaded 19, Type Point
[LIBGPUSPATIAL] [ 54590][17:30:00:560533][info  ] RTSpatialRefiner 0x71e8e3d29be0 (Used 0 MB), Evaluating 27 Geometry Pairs with Predicate Contains
[LIBGPUSPATIAL] [ 54591][17:30:00:560540][info  ] RTSpatialRefiner 0x71e8e3d29be0 (Used 0 MB), Loaded Geometries, ProbeArray 100000, Loaded 20, Type Point
[LIBGPUSPATIAL] [ 54591][17:30:00:560588][info  ] RTSpatialRefiner 0x71e8e3d29be0 (Used 0 MB), Evaluating 26 Geometry Pairs with Predicate Contains
[LIBGPUSPATIAL] [ 54596][17:30:00:560650][info  ] RTSpatialRefiner 0x71e8e3d29be0 (Used 0 MB), Loaded Geometries, ProbeArray 100000, Loaded 23, Type Point
[LIBGPUSPATIAL] [ 54596][17:30:00:560709][info  ] RTSpatialRefiner 0x71e8e3d29be0 (Used 0 MB), Evaluating 31 Geometry Pairs with Predicate Contains
[LIBGPUSPATIAL] [ 54594][17:30:00:563235][info  ] RTSpatialIndex 0x71e8e000ac10 (Used 2 MB), Allocate result buffer, memory consumption 0 MB, capacity 31
[LIBGPUSPATIAL] [ 54594][17:30:00:563823][info  ] RTSpatialIndex 0x71e8e000ac10 (Used 1 MB), Probe Points, Size: 100000, Results: 31
[LIBGPUSPATIAL] [ 54589][17:30:00:563862][info  ] RTSpatialIndex 0x71e8e000ac10 (Used 1 MB), Allocate result buffer, memory consumption 0 MB, capacity 23
[LIBGPUSPATIAL] [ 54589][17:30:00:564397][info  ] RTSpatialIndex 0x71e8e000ac10 (Used 1 MB), Probe Points, Size: 100000, Results: 23
[LIBGPUSPATIAL] [ 54594][17:30:00:564705][info  ] RTSpatialRefiner 0x71e8e3d29be0 (Used 0 MB), Loaded Geometries, ProbeArray 100000, Loaded 23, Type Point
[LIBGPUSPATIAL] [ 54594][17:30:00:564750][info  ] RTSpatialRefiner 0x71e8e3d29be0 (Used 0 MB), Evaluating 31 Geometry Pairs with Predicate Contains
[LIBGPUSPATIAL] [ 54589][17:30:00:564811][info  ] RTSpatialRefiner 0x71e8e3d29be0 (Used 0 MB), Loaded Geometries, ProbeArray 100000, Loaded 16, Type Point
[LIBGPUSPATIAL] [ 54589][17:30:00:564845][info  ] RTSpatialRefiner 0x71e8e3d29be0 (Used 0 MB), Evaluating 23 Geometry Pairs with Predicate Contains
[LIBGPUSPATIAL] [ 54595][17:30:00:566948][info  ] RTSpatialIndex 0x71e8e000ac10 (Used 1 MB), Allocate result buffer, memory consumption 0 MB, capacity 8
[LIBGPUSPATIAL] [ 54595][17:30:00:567125][info  ] RTSpatialIndex 0x71e8e000ac10 (Used 1 MB), Probe Points, Size: 100000, Results: 8
[LIBGPUSPATIAL] [ 54595][17:30:00:567522][info  ] RTSpatialRefiner 0x71e8e3d29be0 (Used 0 MB), Loaded Geometries, ProbeArray 100000, Loaded 7, Type Point
[LIBGPUSPATIAL] [ 54595][17:30:00:567566][info  ] RTSpatialRefiner 0x71e8e3d29be0 (Used 0 MB), Evaluating 8 Geometry Pairs with Predicate Contains
[LIBGPUSPATIAL] [ 54593][17:30:00:572959][info  ] RTSpatialIndex 0x71e8e000ac10 (Used 1 MB), Allocate result buffer, memory consumption 0 MB, capacity 24
[LIBGPUSPATIAL] [ 54593][17:30:00:573116][info  ] RTSpatialIndex 0x71e8e000ac10 (Used 1 MB), Probe Points, Size: 100000, Results: 24
[LIBGPUSPATIAL] [ 54593][17:30:00:573550][info  ] RTSpatialRefiner 0x71e8e3d29be0 (Used 0 MB), Loaded Geometries, ProbeArray 100000, Loaded 17, Type Point
[LIBGPUSPATIAL] [ 54593][17:30:00:573593][info  ] RTSpatialRefiner 0x71e8e3d29be0 (Used 0 MB), Evaluating 24 Geometry Pairs with Predicate Contains
[LIBGPUSPATIAL] [ 54592][17:30:00:574746][info  ] RTSpatialIndex 0x71e8e000ac10 (Used 1 MB), Allocate result buffer, memory consumption 0 MB, capacity 23
[LIBGPUSPATIAL] [ 54592][17:30:00:575252][info  ] RTSpatialIndex 0x71e8e000ac10 (Used 1 MB), Probe Points, Size: 100000, Results: 23
[LIBGPUSPATIAL] [ 54592][17:30:00:576365][info  ] RTSpatialRefiner 0x71e8e3d29be0 (Used 0 MB), Loaded Geometries, ProbeArray 100000, Loaded 17, Type Point
[LIBGPUSPATIAL] [ 54592][17:30:00:576537][info  ] RTSpatialRefiner 0x71e8e3d29be0 (Used 0 MB), Evaluating 23 Geometry Pairs with Predicate Contains
[LIBGPUSPATIAL] [ 54591][17:30:00:577776][info  ] RTSpatialIndex 0x71e8e000ac10 (Used 1 MB), Allocate result buffer, memory consumption 0 MB, capacity 14
[LIBGPUSPATIAL] [ 54591][17:30:00:577905][info  ] RTSpatialIndex 0x71e8e000ac10 (Used 1 MB), Probe Points, Size: 100000, Results: 14
[LIBGPUSPATIAL] [ 54591][17:30:00:578322][info  ] RTSpatialRefiner 0x71e8e3d29be0 (Used 0 MB), Loaded Geometries, ProbeArray 100000, Loaded 12, Type Point
[LIBGPUSPATIAL] [ 54591][17:30:00:578372][info  ] RTSpatialRefiner 0x71e8e3d29be0 (Used 0 MB), Evaluating 14 Geometry Pairs with Predicate Contains
[LIBGPUSPATIAL] [ 54590][17:30:00:579108][info  ] RTSpatialIndex 0x71e8e000ac10 (Used 1 MB), Allocate result buffer, memory consumption 0 MB, capacity 21
[LIBGPUSPATIAL] [ 54590][17:30:00:579424][info  ] RTSpatialIndex 0x71e8e000ac10 (Used 1 MB), Probe Points, Size: 100000, Results: 21
[LIBGPUSPATIAL] [ 54590][17:30:00:579830][info  ] RTSpatialRefiner 0x71e8e3d29be0 (Used 0 MB), Loaded Geometries, ProbeArray 100000, Loaded 16, Type Point
[LIBGPUSPATIAL] [ 54590][17:30:00:579878][info  ] RTSpatialRefiner 0x71e8e3d29be0 (Used 0 MB), Evaluating 21 Geometry Pairs with Predicate Contains
[LIBGPUSPATIAL] [ 54596][17:30:00:581431][info  ] RTSpatialIndex 0x71e8e000ac10 (Used 1 MB), Allocate result buffer, memory consumption 0 MB, capacity 19
[LIBGPUSPATIAL] [ 54596][17:30:00:581569][info  ] RTSpatialIndex 0x71e8e000ac10 (Used 1 MB), Probe Points, Size: 100000, Results: 19
[LIBGPUSPATIAL] [ 54589][17:30:00:581985][info  ] RTSpatialIndex 0x71e8e000ac10 (Used 1 MB), Allocate result buffer, memory consumption 0 MB, capacity 10
[LIBGPUSPATIAL] [ 54596][17:30:00:582311][info  ] RTSpatialRefiner 0x71e8e3d29be0 (Used 1 MB), Loaded Geometries, ProbeArray 100000, Loaded 16, Type Point
[LIBGPUSPATIAL] [ 54589][17:30:00:582333][info  ] RTSpatialIndex 0x71e8e000ac10 (Used 1 MB), Probe Points, Size: 100000, Results: 10
[LIBGPUSPATIAL] [ 54596][17:30:00:582362][info  ] RTSpatialRefiner 0x71e8e3d29be0 (Used 0 MB), Evaluating 19 Geometry Pairs with Predicate Contains
[LIBGPUSPATIAL] [ 54589][17:30:00:582681][info  ] RTSpatialRefiner 0x71e8e3d29be0 (Used 0 MB), Loaded Geometries, ProbeArray 100000, Loaded 8, Type Point
[LIBGPUSPATIAL] [ 54589][17:30:00:582723][info  ] RTSpatialRefiner 0x71e8e3d29be0 (Used 0 MB), Evaluating 10 Geometry Pairs with Predicate Contains
[LIBGPUSPATIAL] [ 54595][17:30:00:585021][info  ] RTSpatialIndex 0x71e8e000ac10 (Used 1 MB), Allocate result buffer, memory consumption 0 MB, capacity 11
[LIBGPUSPATIAL] [ 54595][17:30:00:585174][info  ] RTSpatialIndex 0x71e8e000ac10 (Used 1 MB), Probe Points, Size: 100000, Results: 11
[LIBGPUSPATIAL] [ 54595][17:30:00:586654][info  ] RTSpatialRefiner 0x71e8e3d29be0 (Used 0 MB), Loaded Geometries, ProbeArray 100000, Loaded 11, Type Point
[LIBGPUSPATIAL] [ 54595][17:30:00:586702][info  ] RTSpatialRefiner 0x71e8e3d29be0 (Used 0 MB), Evaluating 11 Geometry Pairs with Predicate Contains
[LIBGPUSPATIAL] [ 54594][17:30:00:587684][info  ] RTSpatialIndex 0x71e8e000ac10 (Used 1 MB), Allocate result buffer, memory consumption 0 MB, capacity 21
[LIBGPUSPATIAL] [ 54594][17:30:00:587826][info  ] RTSpatialIndex 0x71e8e000ac10 (Used 1 MB), Probe Points, Size: 100000, Results: 21
[LIBGPUSPATIAL] [ 54594][17:30:00:588222][info  ] RTSpatialRefiner 0x71e8e3d29be0 (Used 0 MB), Loaded Geometries, ProbeArray 100000, Loaded 18, Type Point
[LIBGPUSPATIAL] [ 54594][17:30:00:588278][info  ] RTSpatialRefiner 0x71e8e3d29be0 (Used 0 MB), Evaluating 21 Geometry Pairs with Predicate Contains
[LIBGPUSPATIAL] [ 54593][17:30:00:590873][info  ] RTSpatialIndex 0x71e8e000ac10 (Used 1 MB), Allocate result buffer, memory consumption 0 MB, capacity 21
[LIBGPUSPATIAL] [ 54593][17:30:00:591004][info  ] RTSpatialIndex 0x71e8e000ac10 (Used 1 MB), Probe Points, Size: 100000, Results: 21
[LIBGPUSPATIAL] [ 54593][17:30:00:591490][info  ] RTSpatialRefiner 0x71e8e3d29be0 (Used 0 MB), Loaded Geometries, ProbeArray 100000, Loaded 16, Type Point
[LIBGPUSPATIAL] [ 54593][17:30:00:591541][info  ] RTSpatialRefiner 0x71e8e3d29be0 (Used 0 MB), Evaluating 21 Geometry Pairs with Predicate Contains
[LIBGPUSPATIAL] [ 54591][17:30:00:596682][info  ] RTSpatialIndex 0x71e8e000ac10 (Used 1 MB), Allocate result buffer, memory consumption 0 MB, capacity 17
[LIBGPUSPATIAL] [ 54591][17:30:00:596833][info  ] RTSpatialIndex 0x71e8e000ac10 (Used 1 MB), Probe Points, Size: 100000, Results: 17
[LIBGPUSPATIAL] [ 54591][17:30:00:597395][info  ] RTSpatialRefiner 0x71e8e3d29be0 (Used 0 MB), Loaded Geometries, ProbeArray 100000, Loaded 13, Type Point
[LIBGPUSPATIAL] [ 54591][17:30:00:597446][info  ] RTSpatialRefiner 0x71e8e3d29be0 (Used 0 MB), Evaluating 17 Geometry Pairs with Predicate Contains
[LIBGPUSPATIAL] [ 54590][17:30:00:598311][info  ] RTSpatialIndex 0x71e8e000ac10 (Used 1 MB), Allocate result buffer, memory consumption 0 MB, capacity 21
[LIBGPUSPATIAL] [ 54590][17:30:00:598677][info  ] RTSpatialIndex 0x71e8e000ac10 (Used 1 MB), Probe Points, Size: 100000, Results: 21
[LIBGPUSPATIAL] [ 54596][17:30:00:599191][info  ] RTSpatialIndex 0x71e8e000ac10 (Used 1 MB), Allocate result buffer, memory consumption 0 MB, capacity 17
[LIBGPUSPATIAL] [ 54590][17:30:00:599197][info  ] RTSpatialRefiner 0x71e8e3d29be0 (Used 1 MB), Loaded Geometries, ProbeArray 100000, Loaded 17, Type Point
[LIBGPUSPATIAL] [ 54590][17:30:00:599263][info  ] RTSpatialRefiner 0x71e8e3d29be0 (Used 1 MB), Evaluating 21 Geometry Pairs with Predicate Contains
[LIBGPUSPATIAL] [ 54596][17:30:00:599412][info  ] RTSpatialIndex 0x71e8e000ac10 (Used 2 MB), Probe Points, Size: 100000, Results: 17
[LIBGPUSPATIAL] [ 54592][17:30:00:599878][info  ] RTSpatialIndex 0x71e8e000ac10 (Used 1 MB), Allocate result buffer, memory consumption 0 MB, capacity 26
[LIBGPUSPATIAL] [ 54596][17:30:00:600184][info  ] RTSpatialRefiner 0x71e8e3d29be0 (Used 2 MB), Loaded Geometries, ProbeArray 100000, Loaded 13, Type Point
[LIBGPUSPATIAL] [ 54596][17:30:00:600270][info  ] RTSpatialRefiner 0x71e8e3d29be0 (Used 2 MB), Evaluating 17 Geometry Pairs with Predicate Contains
[LIBGPUSPATIAL] [ 54592][17:30:00:600427][info  ] RTSpatialIndex 0x71e8e000ac10 (Used 1 MB), Probe Points, Size: 100000, Results: 26
[LIBGPUSPATIAL] [ 54589][17:30:00:600805][info  ] RTSpatialIndex 0x71e8e000ac10 (Used 1 MB), Allocate result buffer, memory consumption 0 MB, capacity 19
[LIBGPUSPATIAL] [ 54592][17:30:00:601173][info  ] RTSpatialRefiner 0x71e8e3d29be0 (Used 1 MB), Loaded Geometries, ProbeArray 100000, Loaded 23, Type Point
[LIBGPUSPATIAL] [ 54589][17:30:00:601440][info  ] RTSpatialIndex 0x71e8e000ac10 (Used 1 MB), Probe Points, Size: 100000, Results: 19
[LIBGPUSPATIAL] [ 54592][17:30:00:601570][info  ] RTSpatialRefiner 0x71e8e3d29be0 (Used 0 MB), Evaluating 26 Geometry Pairs with Predicate Contains
[LIBGPUSPATIAL] [ 54589][17:30:00:601856][info  ] RTSpatialRefiner 0x71e8e3d29be0 (Used 0 MB), Loaded Geometries, ProbeArray 100000, Loaded 16, Type Point
[LIBGPUSPATIAL] [ 54589][17:30:00:601892][info  ] RTSpatialRefiner 0x71e8e3d29be0 (Used 0 MB), Evaluating 19 Geometry Pairs with Predicate Contains
[LIBGPUSPATIAL] [ 54594][17:30:00:607922][info  ] RTSpatialIndex 0x71e8e000ac10 (Used 1 MB), Allocate result buffer, memory consumption 0 MB, capacity 17
[LIBGPUSPATIAL] [ 54594][17:30:00:608106][info  ] RTSpatialIndex 0x71e8e000ac10 (Used 2 MB), Probe Points, Size: 100000, Results: 17
[LIBGPUSPATIAL] [ 54593][17:30:00:609464][info  ] RTSpatialIndex 0x71e8e000ac10 (Used 1 MB), Allocate result buffer, memory consumption 0 MB, capacity 22
[LIBGPUSPATIAL] [ 54593][17:30:00:609626][info  ] RTSpatialIndex 0x71e8e000ac10 (Used 1 MB), Probe Points, Size: 100000, Results: 22
[LIBGPUSPATIAL] [ 54594][17:30:00:610064][info  ] RTSpatialRefiner 0x71e8e3d29be0 (Used 1 MB), Loaded Geometries, ProbeArray 100000, Loaded 13, Type Point
[LIBGPUSPATIAL] [ 54595][17:30:00:610112][info  ] RTSpatialIndex 0x71e8e000ac10 (Used 1 MB), Allocate result buffer, memory consumption 0 MB, capacity 24
[LIBGPUSPATIAL] [ 54594][17:30:00:610118][info  ] RTSpatialRefiner 0x71e8e3d29be0 (Used 1 MB), Evaluating 17 Geometry Pairs with Predicate Contains
[LIBGPUSPATIAL] [ 54595][17:30:00:610261][info  ] RTSpatialIndex 0x71e8e000ac10 (Used 1 MB), Probe Points, Size: 100000, Results: 24
[LIBGPUSPATIAL] [ 54593][17:30:00:610327][info  ] RTSpatialRefiner 0x71e8e3d29be0 (Used 0 MB), Loaded Geometries, ProbeArray 100000, Loaded 18, Type Point
[LIBGPUSPATIAL] [ 54593][17:30:00:610371][info  ] RTSpatialRefiner 0x71e8e3d29be0 (Used 0 MB), Evaluating 22 Geometry Pairs with Predicate Contains
[LIBGPUSPATIAL] [ 54595][17:30:00:610647][info  ] RTSpatialRefiner 0x71e8e3d29be0 (Used 0 MB), Loaded Geometries, ProbeArray 100000, Loaded 17, Type Point
[LIBGPUSPATIAL] [ 54595][17:30:00:610694][info  ] RTSpatialRefiner 0x71e8e3d29be0 (Used 0 MB), Evaluating 24 Geometry Pairs with Predicate Contains
[LIBGPUSPATIAL] [ 54591][17:30:00:616276][info  ] RTSpatialIndex 0x71e8e000ac10 (Used 1 MB), Allocate result buffer, memory consumption 0 MB, capacity 22
[LIBGPUSPATIAL] [ 54591][17:30:00:616410][info  ] RTSpatialIndex 0x71e8e000ac10 (Used 1 MB), Probe Points, Size: 100000, Results: 22
[LIBGPUSPATIAL] [ 54591][17:30:00:616902][info  ] RTSpatialRefiner 0x71e8e3d29be0 (Used 0 MB), Loaded Geometries, ProbeArray 100000, Loaded 17, Type Point
[LIBGPUSPATIAL] [ 54591][17:30:00:616956][info  ] RTSpatialRefiner 0x71e8e3d29be0 (Used 0 MB), Evaluating 22 Geometry Pairs with Predicate Contains
[LIBGPUSPATIAL] [ 54596][17:30:00:617915][info  ] RTSpatialIndex 0x71e8e000ac10 (Used 2 MB), Allocate result buffer, memory consumption 0 MB, capacity 23
[LIBGPUSPATIAL] [ 54596][17:30:00:619570][info  ] RTSpatialIndex 0x71e8e000ac10 (Used 2 MB), Probe Points, Size: 100000, Results: 23
[LIBGPUSPATIAL] [ 54590][17:30:00:619644][info  ] RTSpatialIndex 0x71e8e000ac10 (Used 1 MB), Allocate result buffer, memory consumption 0 MB, capacity 26
[LIBGPUSPATIAL] [ 54589][17:30:00:619736][info  ] RTSpatialIndex 0x71e8e000ac10 (Used 1 MB), Allocate result buffer, memory consumption 0 MB, capacity 18
[LIBGPUSPATIAL] [ 54590][17:30:00:619967][info  ] RTSpatialIndex 0x71e8e000ac10 (Used 1 MB), Probe Points, Size: 100000, Results: 26
[LIBGPUSPATIAL] [ 54589][17:30:00:620131][info  ] RTSpatialIndex 0x71e8e000ac10 (Used 1 MB), Probe Points, Size: 100000, Results: 18
[LIBGPUSPATIAL] [ 54596][17:30:00:620333][info  ] RTSpatialRefiner 0x71e8e3d29be0 (Used 0 MB), Loaded Geometries, ProbeArray 100000, Loaded 17, Type Point
[LIBGPUSPATIAL] [ 54596][17:30:00:620418][info  ] RTSpatialRefiner 0x71e8e3d29be0 (Used 0 MB), Evaluating 23 Geometry Pairs with Predicate Contains
[LIBGPUSPATIAL] [ 54589][17:30:00:620467][info  ] RTSpatialRefiner 0x71e8e3d29be0 (Used 0 MB), Loaded Geometries, ProbeArray 100000, Loaded 15, Type Point
[LIBGPUSPATIAL] [ 54589][17:30:00:620502][info  ] RTSpatialRefiner 0x71e8e3d29be0 (Used 0 MB), Evaluating 18 Geometry Pairs with Predicate Contains
[LIBGPUSPATIAL] [ 54590][17:30:00:620994][info  ] RTSpatialRefiner 0x71e8e3d29be0 (Used 0 MB), Loaded Geometries, ProbeArray 100000, Loaded 19, Type Point
[LIBGPUSPATIAL] [ 54590][17:30:00:621065][info  ] RTSpatialRefiner 0x71e8e3d29be0 (Used 0 MB), Evaluating 26 Geometry Pairs with Predicate Contains
[LIBGPUSPATIAL] [ 54592][17:30:00:624425][info  ] RTSpatialIndex 0x71e8e000ac10 (Used 1 MB), Allocate result buffer, memory consumption 0 MB, capacity 18
[LIBGPUSPATIAL] [ 54592][17:30:00:624712][info  ] RTSpatialIndex 0x71e8e000ac10 (Used 1 MB), Probe Points, Size: 100000, Results: 18
[LIBGPUSPATIAL] [ 54592][17:30:00:625277][info  ] RTSpatialRefiner 0x71e8e3d29be0 (Used 0 MB), Loaded Geometries, ProbeArray 100000, Loaded 16, Type Point
[LIBGPUSPATIAL] [ 54592][17:30:00:625357][info  ] RTSpatialRefiner 0x71e8e3d29be0 (Used 0 MB), Evaluating 18 Geometry Pairs with Predicate Contains
[LIBGPUSPATIAL] [ 54593][17:30:00:627274][info  ] RTSpatialIndex 0x71e8e000ac10 (Used 1 MB), Allocate result buffer, memory consumption 0 MB, capacity 13
[LIBGPUSPATIAL] [ 54593][17:30:00:627398][info  ] RTSpatialIndex 0x71e8e000ac10 (Used 1 MB), Probe Points, Size: 100000, Results: 13
[LIBGPUSPATIAL] [ 54593][17:30:00:627788][info  ] RTSpatialRefiner 0x71e8e3d29be0 (Used 0 MB), Loaded Geometries, ProbeArray 100000, Loaded 10, Type Point
[LIBGPUSPATIAL] [ 54593][17:30:00:627822][info  ] RTSpatialRefiner 0x71e8e3d29be0 (Used 0 MB), Evaluating 13 Geometry Pairs with Predicate Contains
[LIBGPUSPATIAL] [ 54595][17:30:00:629726][info  ] RTSpatialIndex 0x71e8e000ac10 (Used 1 MB), Allocate result buffer, memory consumption 0 MB, capacity 39
[LIBGPUSPATIAL] [ 54595][17:30:00:630173][info  ] RTSpatialIndex 0x71e8e000ac10 (Used 1 MB), Probe Points, Size: 100000, Results: 39
[LIBGPUSPATIAL] [ 54595][17:30:00:630752][info  ] RTSpatialRefiner 0x71e8e3d29be0 (Used 0 MB), Loaded Geometries, ProbeArray 100000, Loaded 28, Type Point
[LIBGPUSPATIAL] [ 54595][17:30:00:630801][info  ] RTSpatialRefiner 0x71e8e3d29be0 (Used 0 MB), Evaluating 39 Geometry Pairs with Predicate Contains
[LIBGPUSPATIAL] [ 54594][17:30:00:631555][info  ] RTSpatialIndex 0x71e8e000ac10 (Used 1 MB), Allocate result buffer, memory consumption 0 MB, capacity 28
[LIBGPUSPATIAL] [ 54594][17:30:00:631997][info  ] RTSpatialIndex 0x71e8e000ac10 (Used 1 MB), Probe Points, Size: 100000, Results: 28
[LIBGPUSPATIAL] [ 54594][17:30:00:632500][info  ] RTSpatialRefiner 0x71e8e3d29be0 (Used 0 MB), Loaded Geometries, ProbeArray 100000, Loaded 21, Type Point
[LIBGPUSPATIAL] [ 54594][17:30:00:632551][info  ] RTSpatialRefiner 0x71e8e3d29be0 (Used 0 MB), Evaluating 28 Geometry Pairs with Predicate Contains
[LIBGPUSPATIAL] [ 54591][17:30:00:633756][info  ] RTSpatialIndex 0x71e8e000ac10 (Used 1 MB), Allocate result buffer, memory consumption 0 MB, capacity 19
[LIBGPUSPATIAL] [ 54591][17:30:00:633883][info  ] RTSpatialIndex 0x71e8e000ac10 (Used 1 MB), Probe Points, Size: 100000, Results: 19
[LIBGPUSPATIAL] [ 54591][17:30:00:634261][info  ] RTSpatialRefiner 0x71e8e3d29be0 (Used 0 MB), Loaded Geometries, ProbeArray 100000, Loaded 14, Type Point
[LIBGPUSPATIAL] [ 54591][17:30:00:634303][info  ] RTSpatialRefiner 0x71e8e3d29be0 (Used 0 MB), Evaluating 19 Geometry Pairs with Predicate Contains
[LIBGPUSPATIAL] [ 54589][17:30:00:637133][info  ] RTSpatialIndex 0x71e8e000ac10 (Used 1 MB), Allocate result buffer, memory consumption 0 MB, capacity 21
[LIBGPUSPATIAL] [ 54589][17:30:00:637260][info  ] RTSpatialIndex 0x71e8e000ac10 (Used 1 MB), Probe Points, Size: 100000, Results: 21
[LIBGPUSPATIAL] [ 54589][17:30:00:637654][info  ] RTSpatialRefiner 0x71e8e3d29be0 (Used 0 MB), Loaded Geometries, ProbeArray 100000, Loaded 15, Type Point
[LIBGPUSPATIAL] [ 54589][17:30:00:637698][info  ] RTSpatialRefiner 0x71e8e3d29be0 (Used 0 MB), Evaluating 21 Geometry Pairs with Predicate Contains
[LIBGPUSPATIAL] [ 54596][17:30:00:641020][info  ] RTSpatialIndex 0x71e8e000ac10 (Used 1 MB), Allocate result buffer, memory consumption 0 MB, capacity 28
[LIBGPUSPATIAL] [ 54596][17:30:00:641197][info  ] RTSpatialIndex 0x71e8e000ac10 (Used 2 MB), Probe Points, Size: 100000, Results: 28
[LIBGPUSPATIAL] [ 54590][17:30:00:641657][info  ] RTSpatialIndex 0x71e8e000ac10 (Used 1 MB), Allocate result buffer, memory consumption 0 MB, capacity 15
[LIBGPUSPATIAL] [ 54590][17:30:00:641774][info  ] RTSpatialIndex 0x71e8e000ac10 (Used 1 MB), Probe Points, Size: 100000, Results: 15
[LIBGPUSPATIAL] [ 54596][17:30:00:641883][info  ] RTSpatialRefiner 0x71e8e3d29be0 (Used 0 MB), Loaded Geometries, ProbeArray 100000, Loaded 22, Type Point
[LIBGPUSPATIAL] [ 54596][17:30:00:641963][info  ] RTSpatialRefiner 0x71e8e3d29be0 (Used 0 MB), Evaluating 28 Geometry Pairs with Predicate Contains
[LIBGPUSPATIAL] [ 54590][17:30:00:642132][info  ] RTSpatialRefiner 0x71e8e3d29be0 (Used 0 MB), Loaded Geometries, ProbeArray 100000, Loaded 12, Type Point
[LIBGPUSPATIAL] [ 54590][17:30:00:642180][info  ] RTSpatialRefiner 0x71e8e3d29be0 (Used 0 MB), Evaluating 15 Geometry Pairs with Predicate Contains
[LIBGPUSPATIAL] [ 54592][17:30:00:644680][info  ] RTSpatialIndex 0x71e8e000ac10 (Used 1 MB), Allocate result buffer, memory consumption 0 MB, capacity 16
[LIBGPUSPATIAL] [ 54592][17:30:00:644913][info  ] RTSpatialIndex 0x71e8e000ac10 (Used 2 MB), Probe Points, Size: 100000, Results: 16
[LIBGPUSPATIAL] [ 54593][17:30:00:645335][info  ] RTSpatialIndex 0x71e8e000ac10 (Used 1 MB), Allocate result buffer, memory consumption 0 MB, capacity 15
[LIBGPUSPATIAL] [ 54593][17:30:00:645463][info  ] RTSpatialIndex 0x71e8e000ac10 (Used 1 MB), Probe Points, Size: 100000, Results: 15
[LIBGPUSPATIAL] [ 54592][17:30:00:645675][info  ] RTSpatialRefiner 0x71e8e3d29be0 (Used 0 MB), Loaded Geometries, ProbeArray 100000, Loaded 11, Type Point
[LIBGPUSPATIAL] [ 54592][17:30:00:645749][info  ] RTSpatialRefiner 0x71e8e3d29be0 (Used 0 MB), Evaluating 16 Geometry Pairs with Predicate Contains
[LIBGPUSPATIAL] [ 54593][17:30:00:645856][info  ] RTSpatialRefiner 0x71e8e3d29be0 (Used 0 MB), Loaded Geometries, ProbeArray 100000, Loaded 10, Type Point
[LIBGPUSPATIAL] [ 54593][17:30:00:645899][info  ] RTSpatialRefiner 0x71e8e3d29be0 (Used 0 MB), Evaluating 15 Geometry Pairs with Predicate Contains
[LIBGPUSPATIAL] [ 54595][17:30:00:651390][info  ] RTSpatialIndex 0x71e8e000ac10 (Used 1 MB), Allocate result buffer, memory consumption 0 MB, capacity 24
[LIBGPUSPATIAL] [ 54591][17:30:00:651416][info  ] RTSpatialIndex 0x71e8e000ac10 (Used 1 MB), Allocate result buffer, memory consumption 0 MB, capacity 28
[LIBGPUSPATIAL] [ 54591][17:30:00:651535][info  ] RTSpatialIndex 0x71e8e000ac10 (Used 1 MB), Probe Points, Size: 100000, Results: 28
[LIBGPUSPATIAL] [ 54595][17:30:00:651819][info  ] RTSpatialIndex 0x71e8e000ac10 (Used 1 MB), Probe Points, Size: 100000, Results: 24
[LIBGPUSPATIAL] [ 54595][17:30:00:652176][info  ] RTSpatialRefiner 0x71e8e3d29be0 (Used 0 MB), Loaded Geometries, ProbeArray 100000, Loaded 19, Type Point
[LIBGPUSPATIAL] [ 54595][17:30:00:652219][info  ] RTSpatialRefiner 0x71e8e3d29be0 (Used 0 MB), Evaluating 24 Geometry Pairs with Predicate Contains
[LIBGPUSPATIAL] [ 54594][17:30:00:653161][info  ] RTSpatialIndex 0x71e8e000ac10 (Used 1 MB), Allocate result buffer, memory consumption 0 MB, capacity 12
[LIBGPUSPATIAL] [ 54594][17:30:00:653294][info  ] RTSpatialIndex 0x71e8e000ac10 (Used 1 MB), Probe Points, Size: 100000, Results: 12
[LIBGPUSPATIAL] [ 54594][17:30:00:653681][info  ] RTSpatialRefiner 0x71e8e3d29be0 (Used 0 MB), Loaded Geometries, ProbeArray 100000, Loaded 10, Type Point
[LIBGPUSPATIAL] [ 54594][17:30:00:653727][info  ] RTSpatialRefiner 0x71e8e3d29be0 (Used 0 MB), Evaluating 12 Geometry Pairs with Predicate Contains
[LIBGPUSPATIAL] [ 54591][17:30:00:654249][info  ] RTSpatialRefiner 0x71e8e3d29be0 (Used 1 MB), Loaded Geometries, ProbeArray 100000, Loaded 21, Type Point
[LIBGPUSPATIAL] [ 54589][17:30:00:654409][info  ] RTSpatialIndex 0x71e8e000ac10 (Used 1 MB), Allocate result buffer, memory consumption 0 MB, capacity 39
[LIBGPUSPATIAL] [ 54591][17:30:00:654499][info  ] RTSpatialRefiner 0x71e8e3d29be0 (Used 1 MB), Evaluating 28 Geometry Pairs with Predicate Contains
[LIBGPUSPATIAL] [ 54589][17:30:00:654521][info  ] RTSpatialIndex 0x71e8e000ac10 (Used 1 MB), Probe Points, Size: 100000, Results: 39
[LIBGPUSPATIAL] [ 54589][17:30:00:657583][info  ] RTSpatialRefiner 0x71e8e3d29be0 (Used 0 MB), Loaded Geometries, ProbeArray 100000, Loaded 30, Type Point
[LIBGPUSPATIAL] [ 54589][17:30:00:657637][info  ] RTSpatialRefiner 0x71e8e3d29be0 (Used 0 MB), Evaluating 39 Geometry Pairs with Predicate Contains
[LIBGPUSPATIAL] [ 54590][17:30:00:658909][info  ] RTSpatialIndex 0x71e8e000ac10 (Used 1 MB), Allocate result buffer, memory consumption 0 MB, capacity 21
[LIBGPUSPATIAL] [ 54590][17:30:00:659149][info  ] RTSpatialIndex 0x71e8e000ac10 (Used 2 MB), Probe Points, Size: 100000, Results: 21
[LIBGPUSPATIAL] [ 54596][17:30:00:659582][info  ] RTSpatialIndex 0x71e8e000ac10 (Used 1 MB), Allocate result buffer, memory consumption 0 MB, capacity 34
[LIBGPUSPATIAL] [ 54596][17:30:00:659735][info  ] RTSpatialIndex 0x71e8e000ac10 (Used 1 MB), Probe Points, Size: 100000, Results: 34
[LIBGPUSPATIAL] [ 54590][17:30:00:659836][info  ] RTSpatialRefiner 0x71e8e3d29be0 (Used 0 MB), Loaded Geometries, ProbeArray 100000, Loaded 18, Type Point
[LIBGPUSPATIAL] [ 54590][17:30:00:659880][info  ] RTSpatialRefiner 0x71e8e3d29be0 (Used 0 MB), Evaluating 21 Geometry Pairs with Predicate Contains
[LIBGPUSPATIAL] [ 54596][17:30:00:660103][info  ] RTSpatialRefiner 0x71e8e3d29be0 (Used 0 MB), Loaded Geometries, ProbeArray 100000, Loaded 24, Type Point
[LIBGPUSPATIAL] [ 54596][17:30:00:660151][info  ] RTSpatialRefiner 0x71e8e3d29be0 (Used 0 MB), Evaluating 34 Geometry Pairs with Predicate Contains
[LIBGPUSPATIAL] [ 54593][17:30:00:662763][info  ] RTSpatialIndex 0x71e8e000ac10 (Used 1 MB), Allocate result buffer, memory consumption 0 MB, capacity 18
[LIBGPUSPATIAL] [ 54593][17:30:00:662890][info  ] RTSpatialIndex 0x71e8e000ac10 (Used 1 MB), Probe Points, Size: 100000, Results: 18
[LIBGPUSPATIAL] [ 54593][17:30:00:663328][info  ] RTSpatialRefiner 0x71e8e3d29be0 (Used 0 MB), Loaded Geometries, ProbeArray 100000, Loaded 13, Type Point
[LIBGPUSPATIAL] [ 54593][17:30:00:663374][info  ] RTSpatialRefiner 0x71e8e3d29be0 (Used 0 MB), Evaluating 18 Geometry Pairs with Predicate Contains
[LIBGPUSPATIAL] [ 54592][17:30:00:664979][info  ] RTSpatialIndex 0x71e8e000ac10 (Used 1 MB), Allocate result buffer, memory consumption 0 MB, capacity 23
[LIBGPUSPATIAL] [ 54592][17:30:00:665176][info  ] RTSpatialIndex 0x71e8e000ac10 (Used 1 MB), Probe Points, Size: 100000, Results: 23
[LIBGPUSPATIAL] [ 54592][17:30:00:665636][info  ] RTSpatialRefiner 0x71e8e3d29be0 (Used 0 MB), Loaded Geometries, ProbeArray 100000, Loaded 16, Type Point
[LIBGPUSPATIAL] [ 54592][17:30:00:665702][info  ] RTSpatialRefiner 0x71e8e3d29be0 (Used 0 MB), Evaluating 23 Geometry Pairs with Predicate Contains
[LIBGPUSPATIAL] [ 54595][17:30:00:669878][info  ] RTSpatialIndex 0x71e8e000ac10 (Used 1 MB), Allocate result buffer, memory consumption 0 MB, capacity 24
[LIBGPUSPATIAL] [ 54595][17:30:00:670016][info  ] RTSpatialIndex 0x71e8e000ac10 (Used 1 MB), Probe Points, Size: 100000, Results: 24
[LIBGPUSPATIAL] [ 54595][17:30:00:671188][info  ] RTSpatialRefiner 0x71e8e3d29be0 (Used 0 MB), Loaded Geometries, ProbeArray 100000, Loaded 19, Type Point
[LIBGPUSPATIAL] [ 54595][17:30:00:671234][info  ] RTSpatialRefiner 0x71e8e3d29be0 (Used 0 MB), Evaluating 24 Geometry Pairs with Predicate Contains
[LIBGPUSPATIAL] [ 54594][17:30:00:672841][info  ] RTSpatialIndex 0x71e8e000ac10 (Used 1 MB), Allocate result buffer, memory consumption 0 MB, capacity 32
[LIBGPUSPATIAL] [ 54591][17:30:00:672932][info  ] RTSpatialIndex 0x71e8e000ac10 (Used 1 MB), Allocate result buffer, memory consumption 0 MB, capacity 23
[LIBGPUSPATIAL] [ 54594][17:30:00:673266][info  ] RTSpatialIndex 0x71e8e000ac10 (Used 1 MB), Probe Points, Size: 100000, Results: 32
[LIBGPUSPATIAL] [ 54591][17:30:00:673790][info  ] RTSpatialIndex 0x71e8e000ac10 (Used 1 MB), Probe Points, Size: 100000, Results: 23
[LIBGPUSPATIAL] [ 54591][17:30:00:674435][info  ] RTSpatialRefiner 0x71e8e3d29be0 (Used 0 MB), Loaded Geometries, ProbeArray 100000, Loaded 16, Type Point
[LIBGPUSPATIAL] [ 54594][17:30:00:674470][info  ] RTSpatialRefiner 0x71e8e3d29be0 (Used 0 MB), Loaded Geometries, ProbeArray 100000, Loaded 23, Type Point
[LIBGPUSPATIAL] [ 54594][17:30:00:674517][info  ] RTSpatialRefiner 0x71e8e3d29be0 (Used 0 MB), Evaluating 32 Geometry Pairs with Predicate Contains
[LIBGPUSPATIAL] [ 54591][17:30:00:674545][info  ] RTSpatialRefiner 0x71e8e3d29be0 (Used 0 MB), Evaluating 23 Geometry Pairs with Predicate Contains
[LIBGPUSPATIAL] [ 54590][17:30:00:676517][info  ] RTSpatialIndex 0x71e8e000ac10 (Used 2 MB), Allocate result buffer, memory consumption 0 MB, capacity 31
[LIBGPUSPATIAL] [ 54589][17:30:00:677336][info  ] RTSpatialIndex 0x71e8e000ac10 (Used 2 MB), Allocate result buffer, memory consumption 0 MB, capacity 23
[LIBGPUSPATIAL] [ 54596][17:30:00:677419][info  ] RTSpatialIndex 0x71e8e000ac10 (Used 2 MB), Allocate result buffer, memory consumption 0 MB, capacity 17
[LIBGPUSPATIAL] [ 54589][17:30:00:677480][info  ] RTSpatialIndex 0x71e8e000ac10 (Used 2 MB), Probe Points, Size: 100000, Results: 23
[LIBGPUSPATIAL] [ 54590][17:30:00:677550][info  ] RTSpatialIndex 0x71e8e000ac10 (Used 1 MB), Probe Points, Size: 100000, Results: 31
[LIBGPUSPATIAL] [ 54596][17:30:00:677609][info  ] RTSpatialIndex 0x71e8e000ac10 (Used 1 MB), Probe Points, Size: 100000, Results: 17
[LIBGPUSPATIAL] [ 54596][17:30:00:678165][info  ] RTSpatialRefiner 0x71e8e3d29be0 (Used 0 MB), Loaded Geometries, ProbeArray 100000, Loaded 12, Type Point
[LIBGPUSPATIAL] [ 54589][17:30:00:678176][info  ] RTSpatialRefiner 0x71e8e3d29be0 (Used 0 MB), Loaded Geometries, ProbeArray 100000, Loaded 18, Type Point
[LIBGPUSPATIAL] [ 54596][17:30:00:678218][info  ] RTSpatialRefiner 0x71e8e3d29be0 (Used 0 MB), Evaluating 17 Geometry Pairs with Predicate Contains
[LIBGPUSPATIAL] [ 54590][17:30:00:678334][info  ] RTSpatialRefiner 0x71e8e3d29be0 (Used 0 MB), Loaded Geometries, ProbeArray 100000, Loaded 24, Type Point
[LIBGPUSPATIAL] [ 54590][17:30:00:678375][info  ] RTSpatialRefiner 0x71e8e3d29be0 (Used 0 MB), Evaluating 31 Geometry Pairs with Predicate Contains
[LIBGPUSPATIAL] [ 54589][17:30:00:678223][info  ] RTSpatialRefiner 0x71e8e3d29be0 (Used 0 MB), Evaluating 23 Geometry Pairs with Predicate Contains
[LIBGPUSPATIAL] [ 54593][17:30:00:680868][info  ] RTSpatialIndex 0x71e8e000ac10 (Used 1 MB), Allocate result buffer, memory consumption 0 MB, capacity 23
[LIBGPUSPATIAL] [ 54593][17:30:00:681017][info  ] RTSpatialIndex 0x71e8e000ac10 (Used 1 MB), Probe Points, Size: 100000, Results: 23
[LIBGPUSPATIAL] [ 54593][17:30:00:681462][info  ] RTSpatialRefiner 0x71e8e3d29be0 (Used 0 MB), Loaded Geometries, ProbeArray 100000, Loaded 18, Type Point
[LIBGPUSPATIAL] [ 54593][17:30:00:681505][info  ] RTSpatialRefiner 0x71e8e3d29be0 (Used 0 MB), Evaluating 23 Geometry Pairs with Predicate Contains
[LIBGPUSPATIAL] [ 54592][17:30:00:685059][info  ] RTSpatialIndex 0x71e8e000ac10 (Used 1 MB), Allocate result buffer, memory consumption 0 MB, capacity 18
[LIBGPUSPATIAL] [ 54592][17:30:00:685255][info  ] RTSpatialIndex 0x71e8e000ac10 (Used 1 MB), Probe Points, Size: 100000, Results: 18
[LIBGPUSPATIAL] [ 54592][17:30:00:688365][info  ] RTSpatialRefiner 0x71e8e3d29be0 (Used 1 MB), Loaded Geometries, ProbeArray 100000, Loaded 15, Type Point
[LIBGPUSPATIAL] [ 54593][17:30:00:688371][info  ] RTSpatialIndex 0x71e8e000ac10 (Used 1 MB), Allocate result buffer, memory consumption 0 MB, capacity 3
[LIBGPUSPATIAL] [ 54595][17:30:00:688413][info  ] RTSpatialIndex 0x71e8e000ac10 (Used 1 MB), Allocate result buffer, memory consumption 0 MB, capacity 26
[LIBGPUSPATIAL] [ 54592][17:30:00:688545][info  ] RTSpatialRefiner 0x71e8e3d29be0 (Used 1 MB), Evaluating 18 Geometry Pairs with Predicate Contains
[LIBGPUSPATIAL] [ 54593][17:30:00:688605][info  ] RTSpatialIndex 0x71e8e000ac10 (Used 1 MB), Probe Points, Size: 33333, Results: 3
[LIBGPUSPATIAL] [ 54593][17:30:00:689009][info  ] RTSpatialRefiner 0x71e8e3d29be0 (Used 1 MB), Loaded Geometries, ProbeArray 33333, Loaded 2, Type Point
[LIBGPUSPATIAL] [ 54593][17:30:00:689070][info  ] RTSpatialRefiner 0x71e8e3d29be0 (Used 1 MB), Evaluating 3 Geometry Pairs with Predicate Contains
[LIBGPUSPATIAL] [ 54595][17:30:00:689095][info  ] RTSpatialIndex 0x71e8e000ac10 (Used 1 MB), Probe Points, Size: 100000, Results: 26
[LIBGPUSPATIAL] [ 54595][17:30:00:689711][info  ] RTSpatialRefiner 0x71e8e3d29be0 (Used 0 MB), Loaded Geometries, ProbeArray 100000, Loaded 22, Type Point
[LIBGPUSPATIAL] [ 54595][17:30:00:689755][info  ] RTSpatialRefiner 0x71e8e3d29be0 (Used 0 MB), Evaluating 26 Geometry Pairs with Predicate Contains
[LIBGPUSPATIAL] [ 54596][17:30:00:693154][info  ] RTSpatialIndex 0x71e8e000ac10 (Used 1 MB), Allocate result buffer, memory consumption 0 MB, capacity 17
[LIBGPUSPATIAL] [ 54594][17:30:00:693176][info  ] RTSpatialIndex 0x71e8e000ac10 (Used 1 MB), Allocate result buffer, memory consumption 0 MB, capacity 25
[LIBGPUSPATIAL] [ 54596][17:30:00:694275][info  ] RTSpatialIndex 0x71e8e000ac10 (Used 2 MB), Probe Points, Size: 100000, Results: 17
[LIBGPUSPATIAL] [ 54591][17:30:00:694331][info  ] RTSpatialIndex 0x71e8e000ac10 (Used 1 MB), Allocate result buffer, memory consumption 0 MB, capacity 10
[LIBGPUSPATIAL] [ 54594][17:30:00:695002][info  ] RTSpatialIndex 0x71e8e000ac10 (Used 1 MB), Probe Points, Size: 100000, Results: 25
[LIBGPUSPATIAL] [ 54596][17:30:00:695250][info  ] RTSpatialRefiner 0x71e8e3d29be0 (Used 2 MB), Loaded Geometries, ProbeArray 100000, Loaded 13, Type Point
[LIBGPUSPATIAL] [ 54596][17:30:00:695351][info  ] RTSpatialRefiner 0x71e8e3d29be0 (Used 2 MB), Evaluating 17 Geometry Pairs with Predicate Contains
[LIBGPUSPATIAL] [ 54591][17:30:00:695639][info  ] RTSpatialIndex 0x71e8e000ac10 (Used 1 MB), Probe Points, Size: 100000, Results: 10
[LIBGPUSPATIAL] [ 54594][17:30:00:695685][info  ] RTSpatialRefiner 0x71e8e3d29be0 (Used 1 MB), Loaded Geometries, ProbeArray 100000, Loaded 19, Type Point
[LIBGPUSPATIAL] [ 54594][17:30:00:695725][info  ] RTSpatialRefiner 0x71e8e3d29be0 (Used 1 MB), Evaluating 25 Geometry Pairs with Predicate Contains
[LIBGPUSPATIAL] [ 54590][17:30:00:695918][info  ] RTSpatialIndex 0x71e8e000ac10 (Used 1 MB), Allocate result buffer, memory consumption 0 MB, capacity 20
[LIBGPUSPATIAL] [ 54591][17:30:00:696401][info  ] RTSpatialRefiner 0x71e8e3d29be0 (Used 1 MB), Loaded Geometries, ProbeArray 100000, Loaded 6, Type Point
[LIBGPUSPATIAL] [ 54590][17:30:00:696442][info  ] RTSpatialIndex 0x71e8e000ac10 (Used 1 MB), Probe Points, Size: 100000, Results: 20
[LIBGPUSPATIAL] [ 54591][17:30:00:696447][info  ] RTSpatialRefiner 0x71e8e3d29be0 (Used 1 MB), Evaluating 10 Geometry Pairs with Predicate Contains
[LIBGPUSPATIAL] [ 54590][17:30:00:697055][info  ] RTSpatialRefiner 0x71e8e3d29be0 (Used 0 MB), Loaded Geometries, ProbeArray 100000, Loaded 17, Type Point
[LIBGPUSPATIAL] [ 54590][17:30:00:697103][info  ] RTSpatialRefiner 0x71e8e3d29be0 (Used 0 MB), Evaluating 20 Geometry Pairs with Predicate Contains
[LIBGPUSPATIAL] [ 54589][17:30:00:699180][info  ] RTSpatialIndex 0x71e8e000ac10 (Used 1 MB), Allocate result buffer, memory consumption 0 MB, capacity 24
[LIBGPUSPATIAL] [ 54589][17:30:00:699665][info  ] RTSpatialIndex 0x71e8e000ac10 (Used 1 MB), Probe Points, Size: 100000, Results: 24
[LIBGPUSPATIAL] [ 54589][17:30:00:700495][info  ] RTSpatialRefiner 0x71e8e3d29be0 (Used 0 MB), Loaded Geometries, ProbeArray 100000, Loaded 17, Type Point
[LIBGPUSPATIAL] [ 54589][17:30:00:700581][info  ] RTSpatialRefiner 0x71e8e3d29be0 (Used 0 MB), Evaluating 24 Geometry Pairs with Predicate Contains
[LIBGPUSPATIAL] [ 54596][17:30:00:703583][info  ] RTSpatialIndex 0x71e8e000ac10 (Used 0 MB), Allocate result buffer, memory consumption 0 MB, capacity 9
[LIBGPUSPATIAL] [ 54596][17:30:00:703779][info  ] RTSpatialIndex 0x71e8e000ac10 (Used 0 MB), Probe Points, Size: 33333, Results: 9
[LIBGPUSPATIAL] [ 54596][17:30:00:704525][info  ] RTSpatialRefiner 0x71e8e3d29be0 (Used 0 MB), Loaded Geometries, ProbeArray 33333, Loaded 8, Type Point
[LIBGPUSPATIAL] [ 54596][17:30:00:704592][info  ] RTSpatialRefiner 0x71e8e3d29be0 (Used 0 MB), Evaluating 9 Geometry Pairs with Predicate Contains
[LIBGPUSPATIAL] [ 54591][17:30:00:705572][info  ] RTSpatialIndex 0x71e8e000ac10 (Used 0 MB), Allocate result buffer, memory consumption 0 MB, capacity 4
[LIBGPUSPATIAL] [ 54591][17:30:00:706068][info  ] RTSpatialIndex 0x71e8e000ac10 (Used 0 MB), Probe Points, Size: 33333, Results: 4
[LIBGPUSPATIAL] [ 54591][17:30:00:706446][info  ] RTSpatialRefiner 0x71e8e3d29be0 (Used 0 MB), Loaded Geometries, ProbeArray 33333, Loaded 4, Type Point
[LIBGPUSPATIAL] [ 54591][17:30:00:706490][info  ] RTSpatialRefiner 0x71e8e3d29be0 (Used 0 MB), Evaluating 4 Geometry Pairs with Predicate Contains
[LIBGPUSPATIAL] [ 54590][17:30:00:706632][info  ] RTSpatialIndex 0x71e8e000ac10 (Used 0 MB), Allocate result buffer, memory consumption 0 MB, capacity 15
[LIBGPUSPATIAL] [ 54590][17:30:00:707174][info  ] RTSpatialIndex 0x71e8e000ac10 (Used 0 MB), Probe Points, Size: 33333, Results: 15
[LIBGPUSPATIAL] [ 54590][17:30:00:707840][info  ] RTSpatialRefiner 0x71e8e3d29be0 (Used 1 MB), Loaded Geometries, ProbeArray 33333, Loaded 10, Type Point
[LIBGPUSPATIAL] [ 54590][17:30:00:707893][info  ] RTSpatialRefiner 0x71e8e3d29be0 (Used 1 MB), Evaluating 15 Geometry Pairs with Predicate Contains
[LIBGPUSPATIAL] [ 54592][17:30:00:708301][info  ] RTSpatialIndex 0x71e8e000ac10 (Used 1 MB), Allocate result buffer, memory consumption 0 MB, capacity 18
[LIBGPUSPATIAL] [ 54592][17:30:00:708605][info  ] RTSpatialIndex 0x71e8e000ac10 (Used 1 MB), Probe Points, Size: 100000, Results: 18
[LIBGPUSPATIAL] [ 54592][17:30:00:709724][info  ] RTSpatialRefiner 0x71e8e3d29be0 (Used 1 MB), Loaded Geometries, ProbeArray 100000, Loaded 14, Type Point
[LIBGPUSPATIAL] [ 54592][17:30:00:709796][info  ] RTSpatialRefiner 0x71e8e3d29be0 (Used 1 MB), Evaluating 18 Geometry Pairs with Predicate Contains
[LIBGPUSPATIAL] [ 54595][17:30:00:710705][info  ] RTSpatialIndex 0x71e8e000ac10 (Used 1 MB), Allocate result buffer, memory consumption 0 MB, capacity 28
[LIBGPUSPATIAL] [ 54589][17:30:00:711019][info  ] RTSpatialIndex 0x71e8e000ac10 (Used 1 MB), Allocate result buffer, memory consumption 0 MB, capacity 7
[LIBGPUSPATIAL] [ 54595][17:30:00:711294][info  ] RTSpatialIndex 0x71e8e000ac10 (Used 1 MB), Probe Points, Size: 100000, Results: 28
[LIBGPUSPATIAL] [ 54589][17:30:00:711508][info  ] RTSpatialIndex 0x71e8e000ac10 (Used 0 MB), Probe Points, Size: 33333, Results: 7
[LIBGPUSPATIAL] [ 54589][17:30:00:712231][info  ] RTSpatialRefiner 0x71e8e3d29be0 (Used 0 MB), Loaded Geometries, ProbeArray 33333, Loaded 5, Type Point
[LIBGPUSPATIAL] [ 54589][17:30:00:712287][info  ] RTSpatialRefiner 0x71e8e3d29be0 (Used 0 MB), Evaluating 7 Geometry Pairs with Predicate Contains
[LIBGPUSPATIAL] [ 54595][17:30:00:713137][info  ] RTSpatialRefiner 0x71e8e3d29be0 (Used 0 MB), Loaded Geometries, ProbeArray 100000, Loaded 20, Type Point
[LIBGPUSPATIAL] [ 54595][17:30:00:713275][info  ] RTSpatialRefiner 0x71e8e3d29be0 (Used 0 MB), Evaluating 28 Geometry Pairs with Predicate Contains
[LIBGPUSPATIAL] [ 54594][17:30:00:715296][info  ] RTSpatialIndex 0x71e8e000ac10 (Used 1 MB), Allocate result buffer, memory consumption 0 MB, capacity 22
[LIBGPUSPATIAL] [ 54594][17:30:00:715569][info  ] RTSpatialIndex 0x71e8e000ac10 (Used 1 MB), Probe Points, Size: 100000, Results: 22
[LIBGPUSPATIAL] [ 54594][17:30:00:716430][info  ] RTSpatialRefiner 0x71e8e3d29be0 (Used 0 MB), Loaded Geometries, ProbeArray 100000, Loaded 17, Type Point
[LIBGPUSPATIAL] [ 54594][17:30:00:716480][info  ] RTSpatialRefiner 0x71e8e3d29be0 (Used 0 MB), Evaluating 22 Geometry Pairs with Predicate Contains
[LIBGPUSPATIAL] [ 54593][17:30:00:724386][info  ] RTSpatialIndex 0x71e8e000ac10 (Used 1 MB), Allocate result buffer, memory consumption 0 MB, capacity 17
[LIBGPUSPATIAL] [ 54593][17:30:00:724650][info  ] RTSpatialIndex 0x71e8e000ac10 (Used 1 MB), Probe Points, Size: 100000, Results: 17
[LIBGPUSPATIAL] [ 54594][17:30:00:725587][info  ] RTSpatialIndex 0x71e8e000ac10 (Used 0 MB), Allocate result buffer, memory consumption 0 MB, capacity 6
[LIBGPUSPATIAL] [ 54594][17:30:00:725747][info  ] RTSpatialIndex 0x71e8e000ac10 (Used 0 MB), Probe Points, Size: 33333, Results: 6
[LIBGPUSPATIAL] [ 54595][17:30:00:726266][info  ] RTSpatialIndex 0x71e8e000ac10 (Used 0 MB), Allocate result buffer, memory consumption 0 MB, capacity 5
[LIBGPUSPATIAL] [ 54595][17:30:00:726403][info  ] RTSpatialIndex 0x71e8e000ac10 (Used 0 MB), Probe Points, Size: 33333, Results: 5
[LIBGPUSPATIAL] [ 54594][17:30:00:726446][info  ] RTSpatialRefiner 0x71e8e3d29be0 (Used 0 MB), Loaded Geometries, ProbeArray 33333, Loaded 6, Type Point
[LIBGPUSPATIAL] [ 54594][17:30:00:726505][info  ] RTSpatialRefiner 0x71e8e3d29be0 (Used 0 MB), Evaluating 6 Geometry Pairs with Predicate Contains
[LIBGPUSPATIAL] [ 54593][17:30:00:726684][info  ] RTSpatialRefiner 0x71e8e3d29be0 (Used 0 MB), Loaded Geometries, ProbeArray 100000, Loaded 14, Type Point
[LIBGPUSPATIAL] [ 54593][17:30:00:726728][info  ] RTSpatialRefiner 0x71e8e3d29be0 (Used 0 MB), Evaluating 17 Geometry Pairs with Predicate Contains
[LIBGPUSPATIAL] [ 54595][17:30:00:727726][info  ] RTSpatialRefiner 0x71e8e3d29be0 (Used 0 MB), Loaded Geometries, ProbeArray 33333, Loaded 4, Type Point
[LIBGPUSPATIAL] [ 54595][17:30:00:727780][info  ] RTSpatialRefiner 0x71e8e3d29be0 (Used 0 MB), Evaluating 5 Geometry Pairs with Predicate Contains
[LIBGPUSPATIAL] [ 54592][17:30:00:735287][info  ] RTSpatialIndex 0x71e8e000ac10 (Used 1 MB), Allocate result buffer, memory consumption 0 MB, capacity 20
[LIBGPUSPATIAL] [ 54592][17:30:00:735484][info  ] RTSpatialIndex 0x71e8e000ac10 (Used 1 MB), Probe Points, Size: 100000, Results: 20
[LIBGPUSPATIAL] [ 54592][17:30:00:736164][info  ] RTSpatialRefiner 0x71e8e3d29be0 (Used 0 MB), Loaded Geometries, ProbeArray 100000, Loaded 14, Type Point
[LIBGPUSPATIAL] [ 54592][17:30:00:736227][info  ] RTSpatialRefiner 0x71e8e3d29be0 (Used 0 MB), Evaluating 20 Geometry Pairs with Predicate Contains
[LIBGPUSPATIAL] [ 54593][17:30:00:747405][info  ] RTSpatialIndex 0x71e8e000ac10 (Used 1 MB), Allocate result buffer, memory consumption 0 MB, capacity 26
[LIBGPUSPATIAL] [ 54593][17:30:00:747560][info  ] RTSpatialIndex 0x71e8e000ac10 (Used 1 MB), Probe Points, Size: 100000, Results: 26
[LIBGPUSPATIAL] [ 54593][17:30:00:748406][info  ] RTSpatialRefiner 0x71e8e3d29be0 (Used 0 MB), Loaded Geometries, ProbeArray 100000, Loaded 20, Type Point
[LIBGPUSPATIAL] [ 54593][17:30:00:748451][info  ] RTSpatialRefiner 0x71e8e3d29be0 (Used 0 MB), Evaluating 26 Geometry Pairs with Predicate Contains
[LIBGPUSPATIAL] [ 54592][17:30:00:749835][info  ] RTSpatialIndex 0x71e8e000ac10 (Used 1 MB), Allocate result buffer, memory consumption 0 MB, capacity 8
[LIBGPUSPATIAL] [ 54592][17:30:00:749976][info  ] RTSpatialIndex 0x71e8e000ac10 (Used 1 MB), Probe Points, Size: 33333, Results: 8
[LIBGPUSPATIAL] [ 54590][17:30:00:750258][info  ] RTSpatialIndex 0x71e8e000ac10 (Used 1 MB), Allocate result buffer, memory consumption 0 MB, capacity 34
[LIBGPUSPATIAL] [ 54590][17:30:00:750384][info  ] RTSpatialIndex 0x71e8e000ac10 (Used 1 MB), Probe Points, Size: 100000, Results: 34
[LIBGPUSPATIAL] [ 54589][17:30:00:752065][info  ] RTSpatialIndex 0x71e8e000ac10 (Used 1 MB), Allocate result buffer, memory consumption 0 MB, capacity 18
[LIBGPUSPATIAL] [ 54589][17:30:00:752213][info  ] RTSpatialIndex 0x71e8e000ac10 (Used 1 MB), Probe Points, Size: 100000, Results: 18
[LIBGPUSPATIAL] [ 54590][17:30:00:754255][info  ] RTSpatialRefiner 0x71e8e3d29be0 (Used 0 MB), Loaded Geometries, ProbeArray 100000, Loaded 26, Type Point
[LIBGPUSPATIAL] [ 54590][17:30:00:754306][info  ] RTSpatialRefiner 0x71e8e3d29be0 (Used 0 MB), Evaluating 34 Geometry Pairs with Predicate Contains
[LIBGPUSPATIAL] [ 54595][17:30:00:757102][info  ] RTSpatialIndex 0x71e8e000ac10 (Used 1 MB), Allocate result buffer, memory consumption 0 MB, capacity 14
[LIBGPUSPATIAL] [ 54595][17:30:00:757233][info  ] RTSpatialIndex 0x71e8e000ac10 (Used 1 MB), Probe Points, Size: 100000, Results: 14
[LIBGPUSPATIAL] [ 54592][17:30:00:757538][info  ] RTSpatialRefiner 0x71e8e3d29be0 (Used 1 MB), Loaded Geometries, ProbeArray 33333, Loaded 6, Type Point
[LIBGPUSPATIAL] [ 54592][17:30:00:757580][info  ] RTSpatialRefiner 0x71e8e3d29be0 (Used 1 MB), Evaluating 8 Geometry Pairs with Predicate Contains
[LIBGPUSPATIAL] [ 54594][17:30:00:757893][info  ] RTSpatialIndex 0x71e8e000ac10 (Used 1 MB), Allocate result buffer, memory consumption 0 MB, capacity 15
[LIBGPUSPATIAL] [ 54589][17:30:00:758162][info  ] RTSpatialRefiner 0x71e8e3d29be0 (Used 1 MB), Loaded Geometries, ProbeArray 100000, Loaded 14, Type Point
[LIBGPUSPATIAL] [ 54594][17:30:00:758228][info  ] RTSpatialIndex 0x71e8e000ac10 (Used 1 MB), Probe Points, Size: 100000, Results: 15
[LIBGPUSPATIAL] [ 54589][17:30:00:758959][info  ] RTSpatialRefiner 0x71e8e3d29be0 (Used 0 MB), Evaluating 18 Geometry Pairs with Predicate Contains
[LIBGPUSPATIAL] [ 54595][17:30:00:758572][info  ] RTSpatialRefiner 0x71e8e3d29be0 (Used 1 MB), Loaded Geometries, ProbeArray 100000, Loaded 12, Type Point
[LIBGPUSPATIAL] [ 54595][17:30:00:759222][info  ] RTSpatialRefiner 0x71e8e3d29be0 (Used 0 MB), Evaluating 14 Geometry Pairs with Predicate Contains
[LIBGPUSPATIAL] [ 54594][17:30:00:759322][info  ] RTSpatialRefiner 0x71e8e3d29be0 (Used 0 MB), Loaded Geometries, ProbeArray 100000, Loaded 12, Type Point
[LIBGPUSPATIAL] [ 54594][17:30:00:759367][info  ] RTSpatialRefiner 0x71e8e3d29be0 (Used 0 MB), Evaluating 15 Geometry Pairs with Predicate Contains
[LIBGPUSPATIAL] [ 54591][17:30:00:761879][info  ] RTSpatialIndex 0x71e8e000ac10 (Used 1 MB), Allocate result buffer, memory consumption 0 MB, capacity 29
[LIBGPUSPATIAL] [ 54591][17:30:00:762029][info  ] RTSpatialIndex 0x71e8e000ac10 (Used 1 MB), Probe Points, Size: 100000, Results: 29
[LIBGPUSPATIAL] [ 54591][17:30:00:762498][info  ] RTSpatialRefiner 0x71e8e3d29be0 (Used 0 MB), Loaded Geometries, ProbeArray 100000, Loaded 21, Type Point
[LIBGPUSPATIAL] [ 54591][17:30:00:762546][info  ] RTSpatialRefiner 0x71e8e3d29be0 (Used 0 MB), Evaluating 29 Geometry Pairs with Predicate Contains
[LIBGPUSPATIAL] [ 54596][17:30:00:764837][info  ] RTSpatialIndex 0x71e8e000ac10 (Used 1 MB), Allocate result buffer, memory consumption 0 MB, capacity 27
[LIBGPUSPATIAL] [ 54596][17:30:00:764973][info  ] RTSpatialIndex 0x71e8e000ac10 (Used 1 MB), Probe Points, Size: 100000, Results: 27
[LIBGPUSPATIAL] [ 54596][17:30:00:765769][info  ] RTSpatialRefiner 0x71e8e3d29be0 (Used 1 MB), Loaded Geometries, ProbeArray 100000, Loaded 22, Type Point
[LIBGPUSPATIAL] [ 54596][17:30:00:765862][info  ] RTSpatialRefiner 0x71e8e3d29be0 (Used 1 MB), Evaluating 27 Geometry Pairs with Predicate Contains
[LIBGPUSPATIAL] [ 54593][17:30:00:765868][info  ] RTSpatialIndex 0x71e8e000ac10 (Used 1 MB), Allocate result buffer, memory consumption 0 MB, capacity 28
[LIBGPUSPATIAL] [ 54593][17:30:00:769424][info  ] RTSpatialIndex 0x71e8e000ac10 (Used 1 MB), Probe Points, Size: 100000, Results: 28
[LIBGPUSPATIAL] [ 54593][17:30:00:769848][info  ] RTSpatialRefiner 0x71e8e3d29be0 (Used 0 MB), Loaded Geometries, ProbeArray 100000, Loaded 21, Type Point
[LIBGPUSPATIAL] [ 54593][17:30:00:769909][info  ] RTSpatialRefiner 0x71e8e3d29be0 (Used 0 MB), Evaluating 28 Geometry Pairs with Predicate Contains
[LIBGPUSPATIAL] [ 54590][17:30:00:772325][info  ] RTSpatialIndex 0x71e8e000ac10 (Used 1 MB), Allocate result buffer, memory consumption 0 MB, capacity 15
[LIBGPUSPATIAL] [ 54590][17:30:00:772633][info  ] RTSpatialIndex 0x71e8e000ac10 (Used 1 MB), Probe Points, Size: 100000, Results: 15
[LIBGPUSPATIAL] [ 54590][17:30:00:776466][info  ] RTSpatialRefiner 0x71e8e3d29be0 (Used 0 MB), Loaded Geometries, ProbeArray 100000, Loaded 12, Type Point
[LIBGPUSPATIAL] [ 54590][17:30:00:776529][info  ] RTSpatialRefiner 0x71e8e3d29be0 (Used 0 MB), Evaluating 15 Geometry Pairs with Predicate Contains
[LIBGPUSPATIAL] [ 54591][17:30:00:783402][info  ] RTSpatialIndex 0x71e8e000ac10 (Used 2 MB), Allocate result buffer, memory consumption 0 MB, capacity 29
[LIBGPUSPATIAL] [ 54594][17:30:00:783413][info  ] RTSpatialIndex 0x71e8e000ac10 (Used 2 MB), Allocate result buffer, memory consumption 0 MB, capacity 36
[LIBGPUSPATIAL] [ 54595][17:30:00:783565][info  ] RTSpatialIndex 0x71e8e000ac10 (Used 2 MB), Allocate result buffer, memory consumption 0 MB, capacity 18
[LIBGPUSPATIAL] [ 54594][17:30:00:783690][info  ] RTSpatialIndex 0x71e8e000ac10 (Used 2 MB), Probe Points, Size: 100000, Results: 36
[LIBGPUSPATIAL] [ 54595][17:30:00:783813][info  ] RTSpatialIndex 0x71e8e000ac10 (Used 2 MB), Probe Points, Size: 100000, Results: 18
[LIBGPUSPATIAL] [ 54591][17:30:00:784310][info  ] RTSpatialIndex 0x71e8e000ac10 (Used 1 MB), Probe Points, Size: 100000, Results: 29
[LIBGPUSPATIAL] [ 54595][17:30:00:784345][info  ] RTSpatialRefiner 0x71e8e3d29be0 (Used 0 MB), Loaded Geometries, ProbeArray 100000, Loaded 12, Type Point
[LIBGPUSPATIAL] [ 54595][17:30:00:784385][info  ] RTSpatialRefiner 0x71e8e3d29be0 (Used 0 MB), Evaluating 18 Geometry Pairs with Predicate Contains
[LIBGPUSPATIAL] [ 54594][17:30:00:784653][info  ] RTSpatialRefiner 0x71e8e3d29be0 (Used 0 MB), Loaded Geometries, ProbeArray 100000, Loaded 24, Type Point
[LIBGPUSPATIAL] [ 54594][17:30:00:784700][info  ] RTSpatialRefiner 0x71e8e3d29be0 (Used 0 MB), Evaluating 36 Geometry Pairs with Predicate Contains
[LIBGPUSPATIAL] [ 54591][17:30:00:785185][info  ] RTSpatialRefiner 0x71e8e3d29be0 (Used 0 MB), Loaded Geometries, ProbeArray 100000, Loaded 23, Type Point
[LIBGPUSPATIAL] [ 54591][17:30:00:785235][info  ] RTSpatialRefiner 0x71e8e3d29be0 (Used 0 MB), Evaluating 29 Geometry Pairs with Predicate Contains
[LIBGPUSPATIAL] [ 54596][17:30:00:785900][info  ] RTSpatialIndex 0x71e8e000ac10 (Used 1 MB), Allocate result buffer, memory consumption 0 MB, capacity 16
[LIBGPUSPATIAL] [ 54593][17:30:00:788971][info  ] RTSpatialIndex 0x71e8e000ac10 (Used 1 MB), Allocate result buffer, memory consumption 0 MB, capacity 14
[LIBGPUSPATIAL] [ 54593][17:30:00:789141][info  ] RTSpatialIndex 0x71e8e000ac10 (Used 1 MB), Probe Points, Size: 100000, Results: 14
[LIBGPUSPATIAL] [ 54596][17:30:00:789589][info  ] RTSpatialIndex 0x71e8e000ac10 (Used 1 MB), Probe Points, Size: 100000, Results: 16
[LIBGPUSPATIAL] [ 54593][17:30:00:789894][info  ] RTSpatialRefiner 0x71e8e3d29be0 (Used 1 MB), Loaded Geometries, ProbeArray 100000, Loaded 13, Type Point
[LIBGPUSPATIAL] [ 54593][17:30:00:789939][info  ] RTSpatialRefiner 0x71e8e3d29be0 (Used 1 MB), Evaluating 14 Geometry Pairs with Predicate Contains
[LIBGPUSPATIAL] [ 54589][17:30:00:790250][info  ] RTSpatialIndex 0x71e8e000ac10 (Used 1 MB), Allocate result buffer, memory consumption 0 MB, capacity 27
[LIBGPUSPATIAL] [ 54596][17:30:00:790584][info  ] RTSpatialRefiner 0x71e8e3d29be0 (Used 1 MB), Loaded Geometries, ProbeArray 100000, Loaded 11, Type Point
[LIBGPUSPATIAL] [ 54596][17:30:00:790627][info  ] RTSpatialRefiner 0x71e8e3d29be0 (Used 1 MB), Evaluating 16 Geometry Pairs with Predicate Contains
[LIBGPUSPATIAL] [ 54589][17:30:00:791173][info  ] RTSpatialIndex 0x71e8e000ac10 (Used 1 MB), Probe Points, Size: 100000, Results: 27
[LIBGPUSPATIAL] [ 54589][17:30:00:791689][info  ] RTSpatialRefiner 0x71e8e3d29be0 (Used 0 MB), Loaded Geometries, ProbeArray 100000, Loaded 20, Type Point
[LIBGPUSPATIAL] [ 54589][17:30:00:791725][info  ] RTSpatialRefiner 0x71e8e3d29be0 (Used 0 MB), Evaluating 27 Geometry Pairs with Predicate Contains
[LIBGPUSPATIAL] [ 54590][17:30:00:795982][info  ] RTSpatialIndex 0x71e8e000ac10 (Used 1 MB), Allocate result buffer, memory consumption 0 MB, capacity 29
[LIBGPUSPATIAL] [ 54590][17:30:00:796176][info  ] RTSpatialIndex 0x71e8e000ac10 (Used 1 MB), Probe Points, Size: 100000, Results: 29
[LIBGPUSPATIAL] [ 54592][17:30:00:796683][info  ] RTSpatialIndex 0x71e8e000ac10 (Used 1 MB), Allocate result buffer, memory consumption 0 MB, capacity 23
[LIBGPUSPATIAL] [ 54592][17:30:00:796811][info  ] RTSpatialIndex 0x71e8e000ac10 (Used 1 MB), Probe Points, Size: 100000, Results: 23
[LIBGPUSPATIAL] [ 54590][17:30:00:797335][info  ] RTSpatialRefiner 0x71e8e3d29be0 (Used 0 MB), Loaded Geometries, ProbeArray 100000, Loaded 22, Type Point
[LIBGPUSPATIAL] [ 54590][17:30:00:797432][info  ] RTSpatialRefiner 0x71e8e3d29be0 (Used 0 MB), Evaluating 29 Geometry Pairs with Predicate Contains
[LIBGPUSPATIAL] [ 54592][17:30:00:797457][info  ] RTSpatialRefiner 0x71e8e3d29be0 (Used 0 MB), Loaded Geometries, ProbeArray 100000, Loaded 17, Type Point
[LIBGPUSPATIAL] [ 54592][17:30:00:797493][info  ] RTSpatialRefiner 0x71e8e3d29be0 (Used 0 MB), Evaluating 23 Geometry Pairs with Predicate Contains
[LIBGPUSPATIAL] [ 54595][17:30:00:803326][info  ] RTSpatialIndex 0x71e8e000ac10 (Used 1 MB), Allocate result buffer, memory consumption 0 MB, capacity 24
[LIBGPUSPATIAL] [ 54595][17:30:00:803469][info  ] RTSpatialIndex 0x71e8e000ac10 (Used 1 MB), Probe Points, Size: 100000, Results: 24
[LIBGPUSPATIAL] [ 54595][17:30:00:803971][info  ] RTSpatialRefiner 0x71e8e3d29be0 (Used 0 MB), Loaded Geometries, ProbeArray 100000, Loaded 21, Type Point
[LIBGPUSPATIAL] [ 54595][17:30:00:804016][info  ] RTSpatialRefiner 0x71e8e3d29be0 (Used 0 MB), Evaluating 24 Geometry Pairs with Predicate Contains
[LIBGPUSPATIAL] [ 54591][17:30:00:806900][info  ] RTSpatialIndex 0x71e8e000ac10 (Used 1 MB), Allocate result buffer, memory consumption 0 MB, capacity 23
[LIBGPUSPATIAL] [ 54591][17:30:00:807056][info  ] RTSpatialIndex 0x71e8e000ac10 (Used 1 MB), Probe Points, Size: 100000, Results: 23
[LIBGPUSPATIAL] [ 54591][17:30:00:807490][info  ] RTSpatialRefiner 0x71e8e3d29be0 (Used 0 MB), Loaded Geometries, ProbeArray 100000, Loaded 17, Type Point
[LIBGPUSPATIAL] [ 54591][17:30:00:807543][info  ] RTSpatialRefiner 0x71e8e3d29be0 (Used 1 MB), Evaluating 23 Geometry Pairs with Predicate Contains
[LIBGPUSPATIAL] [ 54594][17:30:00:808981][info  ] RTSpatialIndex 0x71e8e000ac10 (Used 1 MB), Allocate result buffer, memory consumption 0 MB, capacity 21
[LIBGPUSPATIAL] [ 54594][17:30:00:809310][info  ] RTSpatialIndex 0x71e8e000ac10 (Used 1 MB), Probe Points, Size: 100000, Results: 21
[LIBGPUSPATIAL] [ 54594][17:30:00:810241][info  ] RTSpatialRefiner 0x71e8e3d29be0 (Used 1 MB), Loaded Geometries, ProbeArray 100000, Loaded 17, Type Point
[LIBGPUSPATIAL] [ 54594][17:30:00:810319][info  ] RTSpatialRefiner 0x71e8e3d29be0 (Used 1 MB), Evaluating 21 Geometry Pairs with Predicate Contains
[LIBGPUSPATIAL] [ 54593][17:30:00:810724][info  ] RTSpatialIndex 0x71e8e000ac10 (Used 1 MB), Allocate result buffer, memory consumption 0 MB, capacity 17
[LIBGPUSPATIAL] [ 54593][17:30:00:810895][info  ] RTSpatialIndex 0x71e8e000ac10 (Used 1 MB), Probe Points, Size: 100000, Results: 17
[LIBGPUSPATIAL] [ 54593][17:30:00:812768][info  ] RTSpatialRefiner 0x71e8e3d29be0 (Used 1 MB), Loaded Geometries, ProbeArray 100000, Loaded 14, Type Point
[LIBGPUSPATIAL] [ 54589][17:30:00:812777][info  ] RTSpatialIndex 0x71e8e000ac10 (Used 1 MB), Allocate result buffer, memory consumption 0 MB, capacity 24
[LIBGPUSPATIAL] [ 54593][17:30:00:813109][info  ] RTSpatialRefiner 0x71e8e3d29be0 (Used 1 MB), Evaluating 17 Geometry Pairs with Predicate Contains
[LIBGPUSPATIAL] [ 54589][17:30:00:813117][info  ] RTSpatialIndex 0x71e8e000ac10 (Used 1 MB), Probe Points, Size: 100000, Results: 24
[LIBGPUSPATIAL] [ 54596][17:30:00:813879][info  ] RTSpatialIndex 0x71e8e000ac10 (Used 1 MB), Allocate result buffer, memory consumption 0 MB, capacity 21
[LIBGPUSPATIAL] [ 54589][17:30:00:814104][info  ] RTSpatialRefiner 0x71e8e3d29be0 (Used 1 MB), Loaded Geometries, ProbeArray 100000, Loaded 22, Type Point
[LIBGPUSPATIAL] [ 54589][17:30:00:814157][info  ] RTSpatialRefiner 0x71e8e3d29be0 (Used 1 MB), Evaluating 24 Geometry Pairs with Predicate Contains
[LIBGPUSPATIAL] [ 54596][17:30:00:814614][info  ] RTSpatialIndex 0x71e8e000ac10 (Used 1 MB), Probe Points, Size: 100000, Results: 21
[LIBGPUSPATIAL] [ 54592][17:30:00:816231][info  ] RTSpatialIndex 0x71e8e000ac10 (Used 1 MB), Allocate result buffer, memory consumption 0 MB, capacity 12
[LIBGPUSPATIAL] [ 54596][17:30:00:816338][info  ] RTSpatialRefiner 0x71e8e3d29be0 (Used 1 MB), Loaded Geometries, ProbeArray 100000, Loaded 19, Type Point
[LIBGPUSPATIAL] [ 54596][17:30:00:816381][info  ] RTSpatialRefiner 0x71e8e3d29be0 (Used 1 MB), Evaluating 21 Geometry Pairs with Predicate Contains
[LIBGPUSPATIAL] [ 54590][17:30:00:817222][info  ] RTSpatialIndex 0x71e8e000ac10 (Used 1 MB), Allocate result buffer, memory consumption 0 MB, capacity 28
[LIBGPUSPATIAL] [ 54592][17:30:00:817364][info  ] RTSpatialIndex 0x71e8e000ac10 (Used 1 MB), Probe Points, Size: 100000, Results: 12
[LIBGPUSPATIAL] [ 54590][17:30:00:817845][info  ] RTSpatialIndex 0x71e8e000ac10 (Used 1 MB), Probe Points, Size: 100000, Results: 28
[LIBGPUSPATIAL] [ 54592][17:30:00:818264][info  ] RTSpatialRefiner 0x71e8e3d29be0 (Used 0 MB), Loaded Geometries, ProbeArray 100000, Loaded 10, Type Point
[LIBGPUSPATIAL] [ 54592][17:30:00:818312][info  ] RTSpatialRefiner 0x71e8e3d29be0 (Used 0 MB), Evaluating 12 Geometry Pairs with Predicate Contains
[LIBGPUSPATIAL] [ 54590][17:30:00:818349][info  ] RTSpatialRefiner 0x71e8e3d29be0 (Used 0 MB), Loaded Geometries, ProbeArray 100000, Loaded 20, Type Point
[LIBGPUSPATIAL] [ 54590][17:30:00:818390][info  ] RTSpatialRefiner 0x71e8e3d29be0 (Used 0 MB), Evaluating 28 Geometry Pairs with Predicate Contains
[LIBGPUSPATIAL] [ 54595][17:30:00:820836][info  ] RTSpatialIndex 0x71e8e000ac10 (Used 1 MB), Allocate result buffer, memory consumption 0 MB, capacity 24
[LIBGPUSPATIAL] [ 54595][17:30:00:821010][info  ] RTSpatialIndex 0x71e8e000ac10 (Used 1 MB), Probe Points, Size: 100000, Results: 24
[LIBGPUSPATIAL] [ 54595][17:30:00:821495][info  ] RTSpatialRefiner 0x71e8e3d29be0 (Used 0 MB), Loaded Geometries, ProbeArray 100000, Loaded 18, Type Point
[LIBGPUSPATIAL] [ 54595][17:30:00:821543][info  ] RTSpatialRefiner 0x71e8e3d29be0 (Used 0 MB), Evaluating 24 Geometry Pairs with Predicate Contains
[LIBGPUSPATIAL] [ 54591][17:30:00:827288][info  ] RTSpatialIndex 0x71e8e000ac10 (Used 1 MB), Allocate result buffer, memory consumption 0 MB, capacity 26
[LIBGPUSPATIAL] [ 54591][17:30:00:827414][info  ] RTSpatialIndex 0x71e8e000ac10 (Used 1 MB), Probe Points, Size: 100000, Results: 26
[LIBGPUSPATIAL] [ 54591][17:30:00:828484][info  ] RTSpatialRefiner 0x71e8e3d29be0 (Used 0 MB), Loaded Geometries, ProbeArray 100000, Loaded 18, Type Point
[LIBGPUSPATIAL] [ 54591][17:30:00:828527][info  ] RTSpatialRefiner 0x71e8e3d29be0 (Used 0 MB), Evaluating 26 Geometry Pairs with Predicate Contains
[LIBGPUSPATIAL] [ 54594][17:30:00:829562][info  ] RTSpatialIndex 0x71e8e000ac10 (Used 1 MB), Allocate result buffer, memory consumption 0 MB, capacity 18
[LIBGPUSPATIAL] [ 54594][17:30:00:829676][info  ] RTSpatialIndex 0x71e8e000ac10 (Used 1 MB), Probe Points, Size: 100000, Results: 18
[LIBGPUSPATIAL] [ 54594][17:30:00:830072][info  ] RTSpatialRefiner 0x71e8e3d29be0 (Used 0 MB), Loaded Geometries, ProbeArray 100000, Loaded 13, Type Point
[LIBGPUSPATIAL] [ 54594][17:30:00:830108][info  ] RTSpatialRefiner 0x71e8e3d29be0 (Used 0 MB), Evaluating 18 Geometry Pairs with Predicate Contains
[LIBGPUSPATIAL] [ 54589][17:30:00:831146][info  ] RTSpatialIndex 0x71e8e000ac10 (Used 1 MB), Allocate result buffer, memory consumption 0 MB, capacity 18
[LIBGPUSPATIAL] [ 54589][17:30:00:831267][info  ] RTSpatialIndex 0x71e8e000ac10 (Used 1 MB), Probe Points, Size: 100000, Results: 18
[LIBGPUSPATIAL] [ 54589][17:30:00:831634][info  ] RTSpatialRefiner 0x71e8e3d29be0 (Used 0 MB), Loaded Geometries, ProbeArray 100000, Loaded 14, Type Point
[LIBGPUSPATIAL] [ 54589][17:30:00:831675][info  ] RTSpatialRefiner 0x71e8e3d29be0 (Used 0 MB), Evaluating 18 Geometry Pairs with Predicate Contains
[LIBGPUSPATIAL] [ 54593][17:30:00:832644][info  ] RTSpatialIndex 0x71e8e000ac10 (Used 1 MB), Allocate result buffer, memory consumption 0 MB, capacity 34
[LIBGPUSPATIAL] [ 54593][17:30:00:832768][info  ] RTSpatialIndex 0x71e8e000ac10 (Used 1 MB), Probe Points, Size: 100000, Results: 34
[LIBGPUSPATIAL] [ 54593][17:30:00:833134][info  ] RTSpatialRefiner 0x71e8e3d29be0 (Used 0 MB), Loaded Geometries, ProbeArray 100000, Loaded 28, Type Point
[LIBGPUSPATIAL] [ 54593][17:30:00:833180][info  ] RTSpatialRefiner 0x71e8e3d29be0 (Used 0 MB), Evaluating 34 Geometry Pairs with Predicate Contains
[LIBGPUSPATIAL] [ 54596][17:30:00:834275][info  ] RTSpatialIndex 0x71e8e000ac10 (Used 1 MB), Allocate result buffer, memory consumption 0 MB, capacity 21
[LIBGPUSPATIAL] [ 54596][17:30:00:834409][info  ] RTSpatialIndex 0x71e8e000ac10 (Used 1 MB), Probe Points, Size: 100000, Results: 21
[LIBGPUSPATIAL] [ 54596][17:30:00:834833][info  ] RTSpatialRefiner 0x71e8e3d29be0 (Used 0 MB), Loaded Geometries, ProbeArray 100000, Loaded 15, Type Point
[LIBGPUSPATIAL] [ 54596][17:30:00:834883][info  ] RTSpatialRefiner 0x71e8e3d29be0 (Used 0 MB), Evaluating 21 Geometry Pairs with Predicate Contains
[LIBGPUSPATIAL] [ 54590][17:30:00:835909][info  ] RTSpatialIndex 0x71e8e000ac10 (Used 1 MB), Allocate result buffer, memory consumption 0 MB, capacity 20
[LIBGPUSPATIAL] [ 54590][17:30:00:836066][info  ] RTSpatialIndex 0x71e8e000ac10 (Used 1 MB), Probe Points, Size: 100000, Results: 20
[LIBGPUSPATIAL] [ 54590][17:30:00:836467][info  ] RTSpatialRefiner 0x71e8e3d29be0 (Used 0 MB), Loaded Geometries, ProbeArray 100000, Loaded 14, Type Point
[LIBGPUSPATIAL] [ 54590][17:30:00:836528][info  ] RTSpatialRefiner 0x71e8e3d29be0 (Used 0 MB), Evaluating 20 Geometry Pairs with Predicate Contains
[LIBGPUSPATIAL] [ 54595][17:30:00:839548][info  ] RTSpatialIndex 0x71e8e000ac10 (Used 1 MB), Allocate result buffer, memory consumption 0 MB, capacity 23
[LIBGPUSPATIAL] [ 54592][17:30:00:839563][info  ] RTSpatialIndex 0x71e8e000ac10 (Used 1 MB), Allocate result buffer, memory consumption 0 MB, capacity 17
[LIBGPUSPATIAL] [ 54595][17:30:00:839699][info  ] RTSpatialIndex 0x71e8e000ac10 (Used 1 MB), Probe Points, Size: 100000, Results: 23
[LIBGPUSPATIAL] [ 54592][17:30:00:839982][info  ] RTSpatialIndex 0x71e8e000ac10 (Used 1 MB), Probe Points, Size: 100000, Results: 17
[LIBGPUSPATIAL] [ 54592][17:30:00:840654][info  ] RTSpatialRefiner 0x71e8e3d29be0 (Used 0 MB), Loaded Geometries, ProbeArray 100000, Loaded 14, Type Point
[LIBGPUSPATIAL] [ 54592][17:30:00:840697][info  ] RTSpatialRefiner 0x71e8e3d29be0 (Used 0 MB), Evaluating 17 Geometry Pairs with Predicate Contains
[LIBGPUSPATIAL] [ 54595][17:30:00:842351][info  ] RTSpatialRefiner 0x71e8e3d29be0 (Used 0 MB), Loaded Geometries, ProbeArray 100000, Loaded 19, Type Point
[LIBGPUSPATIAL] [ 54595][17:30:00:842411][info  ] RTSpatialRefiner 0x71e8e3d29be0 (Used 0 MB), Evaluating 23 Geometry Pairs with Predicate Contains
[LIBGPUSPATIAL] [ 54591][17:30:00:847993][info  ] RTSpatialIndex 0x71e8e000ac10 (Used 1 MB), Allocate result buffer, memory consumption 0 MB, capacity 25
[LIBGPUSPATIAL] [ 54591][17:30:00:848160][info  ] RTSpatialIndex 0x71e8e000ac10 (Used 1 MB), Probe Points, Size: 100000, Results: 25
[LIBGPUSPATIAL] [ 54594][17:30:00:848710][info  ] RTSpatialIndex 0x71e8e000ac10 (Used 2 MB), Allocate result buffer, memory consumption 0 MB, capacity 24
[LIBGPUSPATIAL] [ 54591][17:30:00:849509][info  ] RTSpatialRefiner 0x71e8e3d29be0 (Used 3 MB), Loaded Geometries, ProbeArray 100000, Loaded 20, Type Point
[LIBGPUSPATIAL] [ 54591][17:30:00:849562][info  ] RTSpatialRefiner 0x71e8e3d29be0 (Used 1 MB), Evaluating 25 Geometry Pairs with Predicate Contains
[LIBGPUSPATIAL] [ 54594][17:30:00:849626][info  ] RTSpatialIndex 0x71e8e000ac10 (Used 1 MB), Probe Points, Size: 100000, Results: 24
[LIBGPUSPATIAL] [ 54589][17:30:00:849751][info  ] RTSpatialIndex 0x71e8e000ac10 (Used 1 MB), Allocate result buffer, memory consumption 0 MB, capacity 20
[LIBGPUSPATIAL] [ 54589][17:30:00:850105][info  ] RTSpatialIndex 0x71e8e000ac10 (Used 2 MB), Probe Points, Size: 100000, Results: 20
[LIBGPUSPATIAL] [ 54594][17:30:00:850435][info  ] RTSpatialRefiner 0x71e8e3d29be0 (Used 1 MB), Loaded Geometries, ProbeArray 100000, Loaded 18, Type Point
[LIBGPUSPATIAL] [ 54594][17:30:00:850479][info  ] RTSpatialRefiner 0x71e8e3d29be0 (Used 1 MB), Evaluating 24 Geometry Pairs with Predicate Contains
[LIBGPUSPATIAL] [ 54589][17:30:00:850662][info  ] RTSpatialRefiner 0x71e8e3d29be0 (Used 1 MB), Loaded Geometries, ProbeArray 100000, Loaded 15, Type Point
[LIBGPUSPATIAL] [ 54589][17:30:00:850701][info  ] RTSpatialRefiner 0x71e8e3d29be0 (Used 1 MB), Evaluating 20 Geometry Pairs with Predicate Contains
[LIBGPUSPATIAL] [ 54593][17:30:00:850835][info  ] RTSpatialIndex 0x71e8e000ac10 (Used 1 MB), Allocate result buffer, memory consumption 0 MB, capacity 27
[LIBGPUSPATIAL] [ 54593][17:30:00:851486][info  ] RTSpatialIndex 0x71e8e000ac10 (Used 1 MB), Probe Points, Size: 100000, Results: 27
[LIBGPUSPATIAL] [ 54593][17:30:00:852021][info  ] RTSpatialRefiner 0x71e8e3d29be0 (Used 0 MB), Loaded Geometries, ProbeArray 100000, Loaded 20, Type Point
[LIBGPUSPATIAL] [ 54593][17:30:00:852087][info  ] RTSpatialRefiner 0x71e8e3d29be0 (Used 0 MB), Evaluating 27 Geometry Pairs with Predicate Contains
[LIBGPUSPATIAL] [ 54590][17:30:00:854075][info  ] RTSpatialIndex 0x71e8e000ac10 (Used 1 MB), Allocate result buffer, memory consumption 0 MB, capacity 12
[LIBGPUSPATIAL] [ 54590][17:30:00:854216][info  ] RTSpatialIndex 0x71e8e000ac10 (Used 1 MB), Probe Points, Size: 100000, Results: 12
[LIBGPUSPATIAL] [ 54590][17:30:00:855318][info  ] RTSpatialRefiner 0x71e8e3d29be0 (Used 0 MB), Loaded Geometries, ProbeArray 100000, Loaded 9, Type Point
[LIBGPUSPATIAL] [ 54590][17:30:00:855401][info  ] RTSpatialRefiner 0x71e8e3d29be0 (Used 0 MB), Evaluating 12 Geometry Pairs with Predicate Contains
[LIBGPUSPATIAL] [ 54596][17:30:00:856376][info  ] RTSpatialIndex 0x71e8e000ac10 (Used 1 MB), Allocate result buffer, memory consumption 0 MB, capacity 17
[LIBGPUSPATIAL] [ 54596][17:30:00:856496][info  ] RTSpatialIndex 0x71e8e000ac10 (Used 1 MB), Probe Points, Size: 100000, Results: 17
[LIBGPUSPATIAL] [ 54596][17:30:00:856909][info  ] RTSpatialRefiner 0x71e8e3d29be0 (Used 0 MB), Loaded Geometries, ProbeArray 100000, Loaded 15, Type Point
[LIBGPUSPATIAL] [ 54596][17:30:00:856960][info  ] RTSpatialRefiner 0x71e8e3d29be0 (Used 0 MB), Evaluating 17 Geometry Pairs with Predicate Contains
[LIBGPUSPATIAL] [ 54592][17:30:00:859156][info  ] RTSpatialIndex 0x71e8e000ac10 (Used 1 MB), Allocate result buffer, memory consumption 0 MB, capacity 16
[LIBGPUSPATIAL] [ 54592][17:30:00:859299][info  ] RTSpatialIndex 0x71e8e000ac10 (Used 1 MB), Probe Points, Size: 100000, Results: 16
[LIBGPUSPATIAL] [ 54595][17:30:00:859910][info  ] RTSpatialIndex 0x71e8e000ac10 (Used 1 MB), Allocate result buffer, memory consumption 0 MB, capacity 24
[LIBGPUSPATIAL] [ 54592][17:30:00:859958][info  ] RTSpatialRefiner 0x71e8e3d29be0 (Used 1 MB), Loaded Geometries, ProbeArray 100000, Loaded 10, Type Point
[LIBGPUSPATIAL] [ 54595][17:30:00:860024][info  ] RTSpatialIndex 0x71e8e000ac10 (Used 1 MB), Probe Points, Size: 100000, Results: 24
[LIBGPUSPATIAL] [ 54592][17:30:00:860096][info  ] RTSpatialRefiner 0x71e8e3d29be0 (Used 0 MB), Evaluating 16 Geometry Pairs with Predicate Contains
[LIBGPUSPATIAL] [ 54595][17:30:00:860412][info  ] RTSpatialRefiner 0x71e8e3d29be0 (Used 0 MB), Loaded Geometries, ProbeArray 100000, Loaded 19, Type Point
[LIBGPUSPATIAL] [ 54595][17:30:00:860455][info  ] RTSpatialRefiner 0x71e8e3d29be0 (Used 0 MB), Evaluating 24 Geometry Pairs with Predicate Contains
[LIBGPUSPATIAL] [ 54591][17:30:00:869412][info  ] RTSpatialIndex 0x71e8e000ac10 (Used 2 MB), Allocate result buffer, memory consumption 0 MB, capacity 30
[LIBGPUSPATIAL] [ 54591][17:30:00:869573][info  ] RTSpatialIndex 0x71e8e000ac10 (Used 1 MB), Probe Points, Size: 100000, Results: 30
[LIBGPUSPATIAL] [ 54593][17:30:00:869645][info  ] RTSpatialIndex 0x71e8e000ac10 (Used 1 MB), Allocate result buffer, memory consumption 0 MB, capacity 23
[LIBGPUSPATIAL] [ 54593][17:30:00:870535][info  ] RTSpatialIndex 0x71e8e000ac10 (Used 1 MB), Probe Points, Size: 100000, Results: 23
[LIBGPUSPATIAL] [ 54589][17:30:00:870617][info  ] RTSpatialIndex 0x71e8e000ac10 (Used 1 MB), Allocate result buffer, memory consumption 0 MB, capacity 27
[LIBGPUSPATIAL] [ 54591][17:30:00:870930][info  ] RTSpatialRefiner 0x71e8e3d29be0 (Used 1 MB), Loaded Geometries, ProbeArray 100000, Loaded 25, Type Point
[LIBGPUSPATIAL] [ 54591][17:30:00:870979][info  ] RTSpatialRefiner 0x71e8e3d29be0 (Used 1 MB), Evaluating 30 Geometry Pairs with Predicate Contains
[LIBGPUSPATIAL] [ 54589][17:30:00:871519][info  ] RTSpatialIndex 0x71e8e000ac10 (Used 1 MB), Probe Points, Size: 100000, Results: 27
[LIBGPUSPATIAL] [ 54593][17:30:00:871543][info  ] RTSpatialRefiner 0x71e8e3d29be0 (Used 1 MB), Loaded Geometries, ProbeArray 100000, Loaded 19, Type Point
[LIBGPUSPATIAL] [ 54594][17:30:00:871669][info  ] RTSpatialIndex 0x71e8e000ac10 (Used 1 MB), Allocate result buffer, memory consumption 0 MB, capacity 29
[LIBGPUSPATIAL] [ 54593][17:30:00:871981][info  ] RTSpatialRefiner 0x71e8e3d29be0 (Used 1 MB), Evaluating 23 Geometry Pairs with Predicate Contains
[LIBGPUSPATIAL] [ 54594][17:30:00:872090][info  ] RTSpatialIndex 0x71e8e000ac10 (Used 1 MB), Probe Points, Size: 100000, Results: 29
[LIBGPUSPATIAL] [ 54589][17:30:00:872439][info  ] RTSpatialRefiner 0x71e8e3d29be0 (Used 0 MB), Loaded Geometries, ProbeArray 100000, Loaded 22, Type Point
[LIBGPUSPATIAL] [ 54594][17:30:00:872446][info  ] RTSpatialRefiner 0x71e8e3d29be0 (Used 0 MB), Loaded Geometries, ProbeArray 100000, Loaded 25, Type Point
[LIBGPUSPATIAL] [ 54589][17:30:00:872498][info  ] RTSpatialRefiner 0x71e8e3d29be0 (Used 0 MB), Evaluating 27 Geometry Pairs with Predicate Contains
[LIBGPUSPATIAL] [ 54594][17:30:00:872503][info  ] RTSpatialRefiner 0x71e8e3d29be0 (Used 0 MB), Evaluating 29 Geometry Pairs with Predicate Contains
[LIBGPUSPATIAL] [ 54590][17:30:00:873914][info  ] RTSpatialIndex 0x71e8e000ac10 (Used 2 MB), Allocate result buffer, memory consumption 0 MB, capacity 23
[LIBGPUSPATIAL] [ 54590][17:30:00:874325][info  ] RTSpatialIndex 0x71e8e000ac10 (Used 1 MB), Probe Points, Size: 100000, Results: 23
[LIBGPUSPATIAL] [ 54596][17:30:00:874577][info  ] RTSpatialIndex 0x71e8e000ac10 (Used 1 MB), Allocate result buffer, memory consumption 0 MB, capacity 34
[LIBGPUSPATIAL] [ 54596][17:30:00:874697][info  ] RTSpatialIndex 0x71e8e000ac10 (Used 1 MB), Probe Points, Size: 100000, Results: 34
[LIBGPUSPATIAL] [ 54590][17:30:00:874725][info  ] RTSpatialRefiner 0x71e8e3d29be0 (Used 0 MB), Loaded Geometries, ProbeArray 100000, Loaded 16, Type Point
[LIBGPUSPATIAL] [ 54590][17:30:00:874761][info  ] RTSpatialRefiner 0x71e8e3d29be0 (Used 0 MB), Evaluating 23 Geometry Pairs with Predicate Contains
[LIBGPUSPATIAL] [ 54592][17:30:00:876542][info  ] RTSpatialIndex 0x71e8e000ac10 (Used 1 MB), Allocate result buffer, memory consumption 0 MB, capacity 22
[LIBGPUSPATIAL] [ 54596][17:30:00:876579][info  ] RTSpatialRefiner 0x71e8e3d29be0 (Used 1 MB), Loaded Geometries, ProbeArray 100000, Loaded 25, Type Point
[LIBGPUSPATIAL] [ 54596][17:30:00:876630][info  ] RTSpatialRefiner 0x71e8e3d29be0 (Used 1 MB), Evaluating 34 Geometry Pairs with Predicate Contains
[LIBGPUSPATIAL] [ 54592][17:30:00:876707][info  ] RTSpatialIndex 0x71e8e000ac10 (Used 1 MB), Probe Points, Size: 100000, Results: 22
[LIBGPUSPATIAL] [ 54592][17:30:00:877115][info  ] RTSpatialRefiner 0x71e8e3d29be0 (Used 0 MB), Loaded Geometries, ProbeArray 100000, Loaded 17, Type Point
[LIBGPUSPATIAL] [ 54592][17:30:00:877171][info  ] RTSpatialRefiner 0x71e8e3d29be0 (Used 0 MB), Evaluating 22 Geometry Pairs with Predicate Contains
[LIBGPUSPATIAL] [ 54595][17:30:00:877860][info  ] RTSpatialIndex 0x71e8e000ac10 (Used 1 MB), Allocate result buffer, memory consumption 0 MB, capacity 29
[LIBGPUSPATIAL] [ 54595][17:30:00:878159][info  ] RTSpatialIndex 0x71e8e000ac10 (Used 1 MB), Probe Points, Size: 100000, Results: 29
[LIBGPUSPATIAL] [ 54595][17:30:00:880492][info  ] RTSpatialRefiner 0x71e8e3d29be0 (Used 0 MB), Loaded Geometries, ProbeArray 100000, Loaded 23, Type Point
[LIBGPUSPATIAL] [ 54595][17:30:00:880550][info  ] RTSpatialRefiner 0x71e8e3d29be0 (Used 0 MB), Evaluating 29 Geometry Pairs with Predicate Contains
[LIBGPUSPATIAL] [ 54591][17:30:00:889473][info  ] RTSpatialIndex 0x71e8e000ac10 (Used 1 MB), Allocate result buffer, memory consumption 0 MB, capacity 29
[LIBGPUSPATIAL] [ 54591][17:30:00:889618][info  ] RTSpatialIndex 0x71e8e000ac10 (Used 1 MB), Probe Points, Size: 100000, Results: 29
[LIBGPUSPATIAL] [ 54591][17:30:00:890054][info  ] RTSpatialRefiner 0x71e8e3d29be0 (Used 0 MB), Loaded Geometries, ProbeArray 100000, Loaded 18, Type Point
[LIBGPUSPATIAL] [ 54591][17:30:00:890093][info  ] RTSpatialRefiner 0x71e8e3d29be0 (Used 0 MB), Evaluating 29 Geometry Pairs with Predicate Contains
[LIBGPUSPATIAL] [ 54594][17:30:00:891533][info  ] RTSpatialIndex 0x71e8e000ac10 (Used 2 MB), Allocate result buffer, memory consumption 0 MB, capacity 16
[LIBGPUSPATIAL] [ 54594][17:30:00:892293][info  ] RTSpatialIndex 0x71e8e000ac10 (Used 2 MB), Probe Points, Size: 100000, Results: 16
[LIBGPUSPATIAL] [ 54590][17:30:00:892387][info  ] RTSpatialIndex 0x71e8e000ac10 (Used 1 MB), Allocate result buffer, memory consumption 0 MB, capacity 18
[LIBGPUSPATIAL] [ 54589][17:30:00:892825][info  ] RTSpatialIndex 0x71e8e000ac10 (Used 2 MB), Allocate result buffer, memory consumption 0 MB, capacity 28
[LIBGPUSPATIAL] [ 54590][17:30:00:893344][info  ] RTSpatialIndex 0x71e8e000ac10 (Used 2 MB), Probe Points, Size: 100000, Results: 18
[LIBGPUSPATIAL] [ 54593][17:30:00:893386][info  ] RTSpatialIndex 0x71e8e000ac10 (Used 1 MB), Allocate result buffer, memory consumption 0 MB, capacity 21
[LIBGPUSPATIAL] [ 54589][17:30:00:893503][info  ] RTSpatialIndex 0x71e8e000ac10 (Used 1 MB), Probe Points, Size: 100000, Results: 28
[LIBGPUSPATIAL] [ 54594][17:30:00:893567][info  ] RTSpatialRefiner 0x71e8e3d29be0 (Used 1 MB), Loaded Geometries, ProbeArray 100000, Loaded 12, Type Point
[LIBGPUSPATIAL] [ 54594][17:30:00:893655][info  ] RTSpatialRefiner 0x71e8e3d29be0 (Used 1 MB), Evaluating 16 Geometry Pairs with Predicate Contains
[LIBGPUSPATIAL] [ 54590][17:30:00:893967][info  ] RTSpatialRefiner 0x71e8e3d29be0 (Used 1 MB), Loaded Geometries, ProbeArray 100000, Loaded 17, Type Point
[LIBGPUSPATIAL] [ 54590][17:30:00:894086][info  ] RTSpatialRefiner 0x71e8e3d29be0 (Used 2 MB), Evaluating 18 Geometry Pairs with Predicate Contains
[LIBGPUSPATIAL] [ 54593][17:30:00:894008][info  ] RTSpatialIndex 0x71e8e000ac10 (Used 1 MB), Probe Points, Size: 100000, Results: 21
[LIBGPUSPATIAL] [ 54589][17:30:00:894612][info  ] RTSpatialRefiner 0x71e8e3d29be0 (Used 1 MB), Loaded Geometries, ProbeArray 100000, Loaded 23, Type Point
[LIBGPUSPATIAL] [ 54589][17:30:00:894714][info  ] RTSpatialRefiner 0x71e8e3d29be0 (Used 1 MB), Evaluating 28 Geometry Pairs with Predicate Contains
[LIBGPUSPATIAL] [ 54593][17:30:00:894907][info  ] RTSpatialRefiner 0x71e8e3d29be0 (Used 1 MB), Loaded Geometries, ProbeArray 100000, Loaded 19, Type Point
[LIBGPUSPATIAL] [ 54593][17:30:00:895030][info  ] RTSpatialRefiner 0x71e8e3d29be0 (Used 1 MB), Evaluating 21 Geometry Pairs with Predicate Contains
[LIBGPUSPATIAL] [ 54592][17:30:00:895443][info  ] RTSpatialIndex 0x71e8e000ac10 (Used 1 MB), Allocate result buffer, memory consumption 0 MB, capacity 22
[LIBGPUSPATIAL] [ 54592][17:30:00:898311][info  ] RTSpatialIndex 0x71e8e000ac10 (Used 2 MB), Probe Points, Size: 100000, Results: 22
[LIBGPUSPATIAL] [ 54596][17:30:00:898884][info  ] RTSpatialIndex 0x71e8e000ac10 (Used 1 MB), Allocate result buffer, memory consumption 0 MB, capacity 32
[LIBGPUSPATIAL] [ 54595][17:30:00:899276][info  ] RTSpatialIndex 0x71e8e000ac10 (Used 1 MB), Allocate result buffer, memory consumption 0 MB, capacity 15
[LIBGPUSPATIAL] [ 54592][17:30:00:899282][info  ] RTSpatialRefiner 0x71e8e3d29be0 (Used 1 MB), Loaded Geometries, ProbeArray 100000, Loaded 19, Type Point
[LIBGPUSPATIAL] [ 54592][17:30:00:899352][info  ] RTSpatialRefiner 0x71e8e3d29be0 (Used 1 MB), Evaluating 22 Geometry Pairs with Predicate Contains
[LIBGPUSPATIAL] [ 54596][17:30:00:899907][info  ] RTSpatialIndex 0x71e8e000ac10 (Used 1 MB), Probe Points, Size: 100000, Results: 32
[LIBGPUSPATIAL] [ 54595][17:30:00:900609][info  ] RTSpatialIndex 0x71e8e000ac10 (Used 1 MB), Probe Points, Size: 100000, Results: 15
[LIBGPUSPATIAL] [ 54596][17:30:00:901309][info  ] RTSpatialRefiner 0x71e8e3d29be0 (Used 0 MB), Loaded Geometries, ProbeArray 100000, Loaded 23, Type Point
[LIBGPUSPATIAL] [ 54596][17:30:00:901359][info  ] RTSpatialRefiner 0x71e8e3d29be0 (Used 0 MB), Evaluating 32 Geometry Pairs with Predicate Contains
[LIBGPUSPATIAL] [ 54595][17:30:00:903357][info  ] RTSpatialRefiner 0x71e8e3d29be0 (Used 0 MB), Loaded Geometries, ProbeArray 100000, Loaded 10, Type Point
[LIBGPUSPATIAL] [ 54595][17:30:00:903419][info  ] RTSpatialRefiner 0x71e8e3d29be0 (Used 0 MB), Evaluating 15 Geometry Pairs with Predicate Contains
[LIBGPUSPATIAL] [ 54591][17:30:00:907623][info  ] RTSpatialIndex 0x71e8e000ac10 (Used 1 MB), Allocate result buffer, memory consumption 0 MB, capacity 23
[LIBGPUSPATIAL] [ 54591][17:30:00:907740][info  ] RTSpatialIndex 0x71e8e000ac10 (Used 1 MB), Probe Points, Size: 100000, Results: 23
[LIBGPUSPATIAL] [ 54591][17:30:00:908177][info  ] RTSpatialRefiner 0x71e8e3d29be0 (Used 0 MB), Loaded Geometries, ProbeArray 100000, Loaded 18, Type Point
[LIBGPUSPATIAL] [ 54591][17:30:00:908225][info  ] RTSpatialRefiner 0x71e8e3d29be0 (Used 0 MB), Evaluating 23 Geometry Pairs with Predicate Contains
[LIBGPUSPATIAL] [ 54594][17:30:00:914376][info  ] RTSpatialIndex 0x71e8e000ac10 (Used 1 MB), Allocate result buffer, memory consumption 0 MB, capacity 31
[LIBGPUSPATIAL] [ 54594][17:30:00:914550][info  ] RTSpatialIndex 0x71e8e000ac10 (Used 1 MB), Probe Points, Size: 100000, Results: 31
[LIBGPUSPATIAL] [ 54590][17:30:00:915335][info  ] RTSpatialIndex 0x71e8e000ac10 (Used 1 MB), Allocate result buffer, memory consumption 0 MB, capacity 33
[LIBGPUSPATIAL] [ 54594][17:30:00:915345][info  ] RTSpatialRefiner 0x71e8e3d29be0 (Used 1 MB), Loaded Geometries, ProbeArray 100000, Loaded 20, Type Point
[LIBGPUSPATIAL] [ 54593][17:30:00:915379][info  ] RTSpatialIndex 0x71e8e000ac10 (Used 1 MB), Allocate result buffer, memory consumption 0 MB, capacity 11
[LIBGPUSPATIAL] [ 54594][17:30:00:915385][info  ] RTSpatialRefiner 0x71e8e3d29be0 (Used 1 MB), Evaluating 31 Geometry Pairs with Predicate Contains
[LIBGPUSPATIAL] [ 54590][17:30:00:915516][info  ] RTSpatialIndex 0x71e8e000ac10 (Used 3 MB), Probe Points, Size: 100000, Results: 33
[LIBGPUSPATIAL] [ 54593][17:30:00:915858][info  ] RTSpatialIndex 0x71e8e000ac10 (Used 2 MB), Probe Points, Size: 100000, Results: 11
[LIBGPUSPATIAL] [ 54589][17:30:00:916334][info  ] RTSpatialIndex 0x71e8e000ac10 (Used 1 MB), Allocate result buffer, memory consumption 0 MB, capacity 28
[LIBGPUSPATIAL] [ 54593][17:30:00:916444][info  ] RTSpatialRefiner 0x71e8e3d29be0 (Used 1 MB), Loaded Geometries, ProbeArray 100000, Loaded 10, Type Point
[LIBGPUSPATIAL] [ 54593][17:30:00:916492][info  ] RTSpatialRefiner 0x71e8e3d29be0 (Used 1 MB), Evaluating 11 Geometry Pairs with Predicate Contains
[LIBGPUSPATIAL] [ 54590][17:30:00:916517][info  ] RTSpatialRefiner 0x71e8e3d29be0 (Used 1 MB), Loaded Geometries, ProbeArray 100000, Loaded 26, Type Point
[LIBGPUSPATIAL] [ 54590][17:30:00:916564][info  ] RTSpatialRefiner 0x71e8e3d29be0 (Used 1 MB), Evaluating 33 Geometry Pairs with Predicate Contains
[LIBGPUSPATIAL] [ 54589][17:30:00:916853][info  ] RTSpatialIndex 0x71e8e000ac10 (Used 1 MB), Probe Points, Size: 100000, Results: 28
[LIBGPUSPATIAL] [ 54596][17:30:00:917830][info  ] RTSpatialIndex 0x71e8e000ac10 (Used 1 MB), Allocate result buffer, memory consumption 0 MB, capacity 26
[LIBGPUSPATIAL] [ 54589][17:30:00:918008][info  ] RTSpatialRefiner 0x71e8e3d29be0 (Used 1 MB), Loaded Geometries, ProbeArray 100000, Loaded 22, Type Point
[LIBGPUSPATIAL] [ 54589][17:30:00:918074][info  ] RTSpatialRefiner 0x71e8e3d29be0 (Used 1 MB), Evaluating 28 Geometry Pairs with Predicate Contains
[LIBGPUSPATIAL] [ 54596][17:30:00:920664][info  ] RTSpatialIndex 0x71e8e000ac10 (Used 1 MB), Probe Points, Size: 100000, Results: 26
[LIBGPUSPATIAL] [ 54592][17:30:00:920695][info  ] RTSpatialIndex 0x71e8e000ac10 (Used 1 MB), Allocate result buffer, memory consumption 0 MB, capacity 21
[LIBGPUSPATIAL] [ 54592][17:30:00:921240][info  ] RTSpatialIndex 0x71e8e000ac10 (Used 1 MB), Probe Points, Size: 100000, Results: 21
[LIBGPUSPATIAL] [ 54596][17:30:00:922568][info  ] RTSpatialRefiner 0x71e8e3d29be0 (Used 0 MB), Loaded Geometries, ProbeArray 100000, Loaded 20, Type Point
[LIBGPUSPATIAL] [ 54596][17:30:00:922619][info  ] RTSpatialRefiner 0x71e8e3d29be0 (Used 0 MB), Evaluating 26 Geometry Pairs with Predicate Contains
[LIBGPUSPATIAL] [ 54592][17:30:00:922744][info  ] RTSpatialRefiner 0x71e8e3d29be0 (Used 0 MB), Loaded Geometries, ProbeArray 100000, Loaded 16, Type Point
[LIBGPUSPATIAL] [ 54592][17:30:00:922781][info  ] RTSpatialRefiner 0x71e8e3d29be0 (Used 0 MB), Evaluating 21 Geometry Pairs with Predicate Contains
[LIBGPUSPATIAL] [ 54595][17:30:00:924351][info  ] RTSpatialIndex 0x71e8e000ac10 (Used 1 MB), Allocate result buffer, memory consumption 0 MB, capacity 30
[LIBGPUSPATIAL] [ 54595][17:30:00:925214][info  ] RTSpatialIndex 0x71e8e000ac10 (Used 1 MB), Probe Points, Size: 100000, Results: 30
[LIBGPUSPATIAL] [ 54591][17:30:00:925253][info  ] RTSpatialIndex 0x71e8e000ac10 (Used 1 MB), Allocate result buffer, memory consumption 0 MB, capacity 26
[LIBGPUSPATIAL] [ 54591][17:30:00:925858][info  ] RTSpatialIndex 0x71e8e000ac10 (Used 1 MB), Probe Points, Size: 100000, Results: 26
[LIBGPUSPATIAL] [ 54591][17:30:00:927357][info  ] RTSpatialRefiner 0x71e8e3d29be0 (Used 0 MB), Loaded Geometries, ProbeArray 100000, Loaded 18, Type Point
[LIBGPUSPATIAL] [ 54595][17:30:00:927422][info  ] RTSpatialRefiner 0x71e8e3d29be0 (Used 0 MB), Loaded Geometries, ProbeArray 100000, Loaded 23, Type Point
[LIBGPUSPATIAL] [ 54591][17:30:00:927429][info  ] RTSpatialRefiner 0x71e8e3d29be0 (Used 0 MB), Evaluating 26 Geometry Pairs with Predicate Contains
[LIBGPUSPATIAL] [ 54595][17:30:00:927494][info  ] RTSpatialRefiner 0x71e8e3d29be0 (Used 0 MB), Evaluating 30 Geometry Pairs with Predicate Contains
[LIBGPUSPATIAL] [ 54594][17:30:00:935834][info  ] RTSpatialIndex 0x71e8e000ac10 (Used 1 MB), Allocate result buffer, memory consumption 0 MB, capacity 22
[LIBGPUSPATIAL] [ 54594][17:30:00:935987][info  ] RTSpatialIndex 0x71e8e000ac10 (Used 1 MB), Probe Points, Size: 100000, Results: 22
[LIBGPUSPATIAL] [ 54594][17:30:00:936417][info  ] RTSpatialRefiner 0x71e8e3d29be0 (Used 0 MB), Loaded Geometries, ProbeArray 100000, Loaded 19, Type Point
[LIBGPUSPATIAL] [ 54594][17:30:00:936462][info  ] RTSpatialRefiner 0x71e8e3d29be0 (Used 0 MB), Evaluating 22 Geometry Pairs with Predicate Contains
[LIBGPUSPATIAL] [ 54590][17:30:00:937326][info  ] RTSpatialIndex 0x71e8e000ac10 (Used 1 MB), Allocate result buffer, memory consumption 0 MB, capacity 15
[LIBGPUSPATIAL] [ 54589][17:30:00:937542][info  ] RTSpatialIndex 0x71e8e000ac10 (Used 1 MB), Allocate result buffer, memory consumption 0 MB, capacity 29
[LIBGPUSPATIAL] [ 54589][17:30:00:937668][info  ] RTSpatialIndex 0x71e8e000ac10 (Used 1 MB), Probe Points, Size: 100000, Results: 29
[LIBGPUSPATIAL] [ 54593][17:30:00:938125][info  ] RTSpatialIndex 0x71e8e000ac10 (Used 1 MB), Allocate result buffer, memory consumption 0 MB, capacity 27
[LIBGPUSPATIAL] [ 54590][17:30:00:938177][info  ] RTSpatialIndex 0x71e8e000ac10 (Used 1 MB), Probe Points, Size: 100000, Results: 15
[LIBGPUSPATIAL] [ 54593][17:30:00:938289][info  ] RTSpatialIndex 0x71e8e000ac10 (Used 1 MB), Probe Points, Size: 100000, Results: 27
[LIBGPUSPATIAL] [ 54589][17:30:00:938531][info  ] RTSpatialRefiner 0x71e8e3d29be0 (Used 0 MB), Loaded Geometries, ProbeArray 100000, Loaded 20, Type Point
[LIBGPUSPATIAL] [ 54589][17:30:00:938575][info  ] RTSpatialRefiner 0x71e8e3d29be0 (Used 0 MB), Evaluating 29 Geometry Pairs with Predicate Contains
[LIBGPUSPATIAL] [ 54590][17:30:00:939244][info  ] RTSpatialRefiner 0x71e8e3d29be0 (Used 0 MB), Loaded Geometries, ProbeArray 100000, Loaded 13, Type Point
[LIBGPUSPATIAL] [ 54590][17:30:00:939295][info  ] RTSpatialRefiner 0x71e8e3d29be0 (Used 0 MB), Evaluating 15 Geometry Pairs with Predicate Contains
[LIBGPUSPATIAL] [ 54593][17:30:00:939899][info  ] RTSpatialRefiner 0x71e8e3d29be0 (Used 0 MB), Loaded Geometries, ProbeArray 100000, Loaded 20, Type Point
[LIBGPUSPATIAL] [ 54593][17:30:00:940192][info  ] RTSpatialRefiner 0x71e8e3d29be0 (Used 0 MB), Evaluating 27 Geometry Pairs with Predicate Contains
[LIBGPUSPATIAL] [ 54592][17:30:00:942511][info  ] RTSpatialIndex 0x71e8e000ac10 (Used 1 MB), Allocate result buffer, memory consumption 0 MB, capacity 29
[LIBGPUSPATIAL] [ 54592][17:30:00:942647][info  ] RTSpatialIndex 0x71e8e000ac10 (Used 1 MB), Probe Points, Size: 100000, Results: 29
[LIBGPUSPATIAL] [ 54591][17:30:00:944095][info  ] RTSpatialIndex 0x71e8e000ac10 (Used 1 MB), Allocate result buffer, memory consumption 0 MB, capacity 29
[LIBGPUSPATIAL] [ 54591][17:30:00:944266][info  ] RTSpatialIndex 0x71e8e000ac10 (Used 1 MB), Probe Points, Size: 100000, Results: 29
[LIBGPUSPATIAL] [ 54592][17:30:00:944698][info  ] RTSpatialRefiner 0x71e8e3d29be0 (Used 1 MB), Loaded Geometries, ProbeArray 100000, Loaded 22, Type Point
[LIBGPUSPATIAL] [ 54592][17:30:00:944747][info  ] RTSpatialRefiner 0x71e8e3d29be0 (Used 1 MB), Evaluating 29 Geometry Pairs with Predicate Contains
[LIBGPUSPATIAL] [ 54596][17:30:00:944801][info  ] RTSpatialIndex 0x71e8e000ac10 (Used 1 MB), Allocate result buffer, memory consumption 0 MB, capacity 27
[LIBGPUSPATIAL] [ 54591][17:30:00:945064][info  ] RTSpatialRefiner 0x71e8e3d29be0 (Used 1 MB), Loaded Geometries, ProbeArray 100000, Loaded 22, Type Point
[LIBGPUSPATIAL] [ 54591][17:30:00:945111][info  ] RTSpatialRefiner 0x71e8e3d29be0 (Used 1 MB), Evaluating 29 Geometry Pairs with Predicate Contains
[LIBGPUSPATIAL] [ 54596][17:30:00:945534][info  ] RTSpatialIndex 0x71e8e000ac10 (Used 1 MB), Probe Points, Size: 100000, Results: 27
[LIBGPUSPATIAL] [ 54596][17:30:00:946139][info  ] RTSpatialRefiner 0x71e8e3d29be0 (Used 1 MB), Loaded Geometries, ProbeArray 100000, Loaded 21, Type Point
[LIBGPUSPATIAL] [ 54596][17:30:00:946188][info  ] RTSpatialRefiner 0x71e8e3d29be0 (Used 1 MB), Evaluating 27 Geometry Pairs with Predicate Contains
[LIBGPUSPATIAL] [ 54595][17:30:00:946300][info  ] RTSpatialIndex 0x71e8e000ac10 (Used 1 MB), Allocate result buffer, memory consumption 0 MB, capacity 21
[LIBGPUSPATIAL] [ 54595][17:30:00:950517][info  ] RTSpatialIndex 0x71e8e000ac10 (Used 1 MB), Probe Points, Size: 100000, Results: 21
[LIBGPUSPATIAL] [ 54595][17:30:00:950916][info  ] RTSpatialRefiner 0x71e8e3d29be0 (Used 0 MB), Loaded Geometries, ProbeArray 100000, Loaded 18, Type Point
[LIBGPUSPATIAL] [ 54595][17:30:00:950968][info  ] RTSpatialRefiner 0x71e8e3d29be0 (Used 0 MB), Evaluating 21 Geometry Pairs with Predicate Contains
[LIBGPUSPATIAL] [ 54589][17:30:00:952839][info  ] RTSpatialIndex 0x71e8e000ac10 (Used 1 MB), Allocate result buffer, memory consumption 0 MB, capacity 23
[LIBGPUSPATIAL] [ 54589][17:30:00:952982][info  ] RTSpatialIndex 0x71e8e000ac10 (Used 1 MB), Probe Points, Size: 100000, Results: 23
[LIBGPUSPATIAL] [ 54589][17:30:00:954276][info  ] RTSpatialRefiner 0x71e8e3d29be0 (Used 0 MB), Loaded Geometries, ProbeArray 100000, Loaded 18, Type Point
[LIBGPUSPATIAL] [ 54589][17:30:00:954317][info  ] RTSpatialRefiner 0x71e8e3d29be0 (Used 0 MB), Evaluating 23 Geometry Pairs with Predicate Contains
[LIBGPUSPATIAL] [ 54590][17:30:00:957472][info  ] RTSpatialIndex 0x71e8e000ac10 (Used 3 MB), Allocate result buffer, memory consumption 0 MB, capacity 16
[LIBGPUSPATIAL] [ 54594][17:30:00:957697][info  ] RTSpatialIndex 0x71e8e000ac10 (Used 2 MB), Allocate result buffer, memory consumption 0 MB, capacity 24
[LIBGPUSPATIAL] [ 54590][17:30:00:957972][info  ] RTSpatialIndex 0x71e8e000ac10 (Used 2 MB), Probe Points, Size: 100000, Results: 16
[LIBGPUSPATIAL] [ 54593][17:30:00:958118][info  ] RTSpatialIndex 0x71e8e000ac10 (Used 2 MB), Allocate result buffer, memory consumption 0 MB, capacity 13
[LIBGPUSPATIAL] [ 54594][17:30:00:958110][info  ] RTSpatialIndex 0x71e8e000ac10 (Used 2 MB), Probe Points, Size: 100000, Results: 24
[LIBGPUSPATIAL] [ 54593][17:30:00:958459][info  ] RTSpatialIndex 0x71e8e000ac10 (Used 1 MB), Probe Points, Size: 100000, Results: 13
[LIBGPUSPATIAL] [ 54590][17:30:00:958902][info  ] RTSpatialRefiner 0x71e8e3d29be0 (Used 0 MB), Loaded Geometries, ProbeArray 100000, Loaded 11, Type Point
[LIBGPUSPATIAL] [ 54594][17:30:00:959019][info  ] RTSpatialRefiner 0x71e8e3d29be0 (Used 0 MB), Loaded Geometries, ProbeArray 100000, Loaded 18, Type Point
[LIBGPUSPATIAL] [ 54593][17:30:00:959096][info  ] RTSpatialRefiner 0x71e8e3d29be0 (Used 0 MB), Loaded Geometries, ProbeArray 100000, Loaded 10, Type Point
[LIBGPUSPATIAL] [ 54594][17:30:00:959130][info  ] RTSpatialRefiner 0x71e8e3d29be0 (Used 0 MB), Evaluating 24 Geometry Pairs with Predicate Contains
[LIBGPUSPATIAL] [ 54593][17:30:00:959151][info  ] RTSpatialRefiner 0x71e8e3d29be0 (Used 0 MB), Evaluating 13 Geometry Pairs with Predicate Contains
[LIBGPUSPATIAL] [ 54590][17:30:00:959371][info  ] RTSpatialRefiner 0x71e8e3d29be0 (Used 0 MB), Evaluating 16 Geometry Pairs with Predicate Contains
[LIBGPUSPATIAL] [ 54591][17:30:00:963837][info  ] RTSpatialIndex 0x71e8e000ac10 (Used 1 MB), Allocate result buffer, memory consumption 0 MB, capacity 17
[LIBGPUSPATIAL] [ 54591][17:30:00:963977][info  ] RTSpatialIndex 0x71e8e000ac10 (Used 1 MB), Probe Points, Size: 100000, Results: 17
[LIBGPUSPATIAL] [ 54591][17:30:00:964388][info  ] RTSpatialRefiner 0x71e8e3d29be0 (Used 0 MB), Loaded Geometries, ProbeArray 100000, Loaded 12, Type Point
[LIBGPUSPATIAL] [ 54591][17:30:00:964432][info  ] RTSpatialRefiner 0x71e8e3d29be0 (Used 0 MB), Evaluating 17 Geometry Pairs with Predicate Contains
[LIBGPUSPATIAL] [ 54596][17:30:00:967537][info  ] RTSpatialIndex 0x71e8e000ac10 (Used 1 MB), Allocate result buffer, memory consumption 0 MB, capacity 29
[LIBGPUSPATIAL] [ 54596][17:30:00:967678][info  ] RTSpatialIndex 0x71e8e000ac10 (Used 1 MB), Probe Points, Size: 100000, Results: 29
[LIBGPUSPATIAL] [ 54596][17:30:00:968343][info  ] RTSpatialRefiner 0x71e8e3d29be0 (Used 1 MB), Loaded Geometries, ProbeArray 100000, Loaded 21, Type Point
[LIBGPUSPATIAL] [ 54596][17:30:00:968390][info  ] RTSpatialRefiner 0x71e8e3d29be0 (Used 1 MB), Evaluating 29 Geometry Pairs with Predicate Contains
[LIBGPUSPATIAL] [ 54592][17:30:00:968821][info  ] RTSpatialIndex 0x71e8e000ac10 (Used 1 MB), Allocate result buffer, memory consumption 0 MB, capacity 28
[LIBGPUSPATIAL] [ 54592][17:30:00:969358][info  ] RTSpatialIndex 0x71e8e000ac10 (Used 1 MB), Probe Points, Size: 100000, Results: 28
[LIBGPUSPATIAL] [ 54592][17:30:00:969778][info  ] RTSpatialRefiner 0x71e8e3d29be0 (Used 0 MB), Loaded Geometries, ProbeArray 100000, Loaded 21, Type Point
[LIBGPUSPATIAL] [ 54592][17:30:00:969821][info  ] RTSpatialRefiner 0x71e8e3d29be0 (Used 0 MB), Evaluating 28 Geometry Pairs with Predicate Contains
[LIBGPUSPATIAL] [ 54595][17:30:00:970200][info  ] RTSpatialIndex 0x71e8e000ac10 (Used 1 MB), Allocate result buffer, memory consumption 0 MB, capacity 21
[LIBGPUSPATIAL] [ 54595][17:30:00:970689][info  ] RTSpatialIndex 0x71e8e000ac10 (Used 1 MB), Probe Points, Size: 100000, Results: 21
[LIBGPUSPATIAL] [ 54595][17:30:00:971174][info  ] RTSpatialRefiner 0x71e8e3d29be0 (Used 0 MB), Loaded Geometries, ProbeArray 100000, Loaded 16, Type Point
[LIBGPUSPATIAL] [ 54595][17:30:00:971218][info  ] RTSpatialRefiner 0x71e8e3d29be0 (Used 0 MB), Evaluating 21 Geometry Pairs with Predicate Contains
[LIBGPUSPATIAL] [ 54589][17:30:00:972311][info  ] RTSpatialIndex 0x71e8e000ac10 (Used 1 MB), Allocate result buffer, memory consumption 0 MB, capacity 22
[LIBGPUSPATIAL] [ 54589][17:30:00:972437][info  ] RTSpatialIndex 0x71e8e000ac10 (Used 1 MB), Probe Points, Size: 100000, Results: 22
[LIBGPUSPATIAL] [ 54589][17:30:00:972759][info  ] RTSpatialRefiner 0x71e8e3d29be0 (Used 0 MB), Loaded Geometries, ProbeArray 100000, Loaded 19, Type Point
[LIBGPUSPATIAL] [ 54589][17:30:00:972795][info  ] RTSpatialRefiner 0x71e8e3d29be0 (Used 0 MB), Evaluating 22 Geometry Pairs with Predicate Contains
[LIBGPUSPATIAL] [ 54590][17:30:00:979168][info  ] RTSpatialIndex 0x71e8e000ac10 (Used 2 MB), Allocate result buffer, memory consumption 0 MB, capacity 30
[LIBGPUSPATIAL] [ 54593][17:30:00:979170][info  ] RTSpatialIndex 0x71e8e000ac10 (Used 2 MB), Allocate result buffer, memory consumption 0 MB, capacity 27
[LIBGPUSPATIAL] [ 54594][17:30:00:979214][info  ] RTSpatialIndex 0x71e8e000ac10 (Used 2 MB), Allocate result buffer, memory consumption 0 MB, capacity 15
[LIBGPUSPATIAL] [ 54590][17:30:00:979457][info  ] RTSpatialIndex 0x71e8e000ac10 (Used 2 MB), Probe Points, Size: 100000, Results: 30
[LIBGPUSPATIAL] [ 54593][17:30:00:979875][info  ] RTSpatialIndex 0x71e8e000ac10 (Used 1 MB), Probe Points, Size: 100000, Results: 27
[LIBGPUSPATIAL] [ 54590][17:30:00:980018][info  ] RTSpatialRefiner 0x71e8e3d29be0 (Used 1 MB), Loaded Geometries, ProbeArray 100000, Loaded 20, Type Point
[LIBGPUSPATIAL] [ 54594][17:30:00:980022][info  ] RTSpatialIndex 0x71e8e000ac10 (Used 1 MB), Probe Points, Size: 100000, Results: 15
[LIBGPUSPATIAL] [ 54590][17:30:00:980270][info  ] RTSpatialRefiner 0x71e8e3d29be0 (Used 0 MB), Evaluating 30 Geometry Pairs with Predicate Contains
[LIBGPUSPATIAL] [ 54591][17:30:00:980994][info  ] RTSpatialIndex 0x71e8e000ac10 (Used 1 MB), Allocate result buffer, memory consumption 0 MB, capacity 28
[LIBGPUSPATIAL] [ 54591][17:30:00:981154][info  ] RTSpatialIndex 0x71e8e000ac10 (Used 1 MB), Probe Points, Size: 100000, Results: 28
[LIBGPUSPATIAL] [ 54594][17:30:00:981420][info  ] RTSpatialRefiner 0x71e8e3d29be0 (Used 0 MB), Loaded Geometries, ProbeArray 100000, Loaded 11, Type Point
[LIBGPUSPATIAL] [ 54594][17:30:00:981465][info  ] RTSpatialRefiner 0x71e8e3d29be0 (Used 0 MB), Evaluating 15 Geometry Pairs with Predicate Contains
[LIBGPUSPATIAL] [ 54593][17:30:00:983205][info  ] RTSpatialRefiner 0x71e8e3d29be0 (Used 0 MB), Loaded Geometries, ProbeArray 100000, Loaded 23, Type Point
[LIBGPUSPATIAL] [ 54593][17:30:00:983246][info  ] RTSpatialRefiner 0x71e8e3d29be0 (Used 0 MB), Evaluating 27 Geometry Pairs with Predicate Contains
[LIBGPUSPATIAL] [ 54591][17:30:00:985775][info  ] RTSpatialRefiner 0x71e8e3d29be0 (Used 1 MB), Loaded Geometries, ProbeArray 100000, Loaded 20, Type Point
[LIBGPUSPATIAL] [ 54596][17:30:00:985842][info  ] RTSpatialIndex 0x71e8e000ac10 (Used 1 MB), Allocate result buffer, memory consumption 0 MB, capacity 24
[LIBGPUSPATIAL] [ 54591][17:30:00:985854][info  ] RTSpatialRefiner 0x71e8e3d29be0 (Used 1 MB), Evaluating 28 Geometry Pairs with Predicate Contains
[LIBGPUSPATIAL] [ 54596][17:30:00:986016][info  ] RTSpatialIndex 0x71e8e000ac10 (Used 1 MB), Probe Points, Size: 100000, Results: 24
[LIBGPUSPATIAL] [ 54596][17:30:00:986400][info  ] RTSpatialRefiner 0x71e8e3d29be0 (Used 0 MB), Loaded Geometries, ProbeArray 100000, Loaded 18, Type Point
[LIBGPUSPATIAL] [ 54596][17:30:00:986446][info  ] RTSpatialRefiner 0x71e8e3d29be0 (Used 0 MB), Evaluating 24 Geometry Pairs with Predicate Contains
[LIBGPUSPATIAL] [ 54592][17:30:00:987281][info  ] RTSpatialIndex 0x71e8e000ac10 (Used 1 MB), Allocate result buffer, memory consumption 0 MB, capacity 16
[LIBGPUSPATIAL] [ 54592][17:30:00:987670][info  ] RTSpatialIndex 0x71e8e000ac10 (Used 1 MB), Probe Points, Size: 100000, Results: 16
[LIBGPUSPATIAL] [ 54592][17:30:00:988965][info  ] RTSpatialRefiner 0x71e8e3d29be0 (Used 3 MB), Loaded Geometries, ProbeArray 100000, Loaded 15, Type Point
[LIBGPUSPATIAL] [ 54589][17:30:00:989015][info  ] RTSpatialIndex 0x71e8e000ac10 (Used 1 MB), Allocate result buffer, memory consumption 0 MB, capacity 19
[LIBGPUSPATIAL] [ 54592][17:30:00:989162][info  ] RTSpatialRefiner 0x71e8e3d29be0 (Used 1 MB), Evaluating 16 Geometry Pairs with Predicate Contains
[LIBGPUSPATIAL] [ 54595][17:30:00:989682][info  ] RTSpatialIndex 0x71e8e000ac10 (Used 1 MB), Allocate result buffer, memory consumption 0 MB, capacity 37
[LIBGPUSPATIAL] [ 54589][17:30:00:990412][info  ] RTSpatialIndex 0x71e8e000ac10 (Used 2 MB), Probe Points, Size: 100000, Results: 19
[LIBGPUSPATIAL] [ 54595][17:30:00:990580][info  ] RTSpatialIndex 0x71e8e000ac10 (Used 1 MB), Probe Points, Size: 100000, Results: 37
[LIBGPUSPATIAL] [ 54593][17:30:00:990756][info  ] RTSpatialIndex 0x71e8e000ac10 (Used 0 MB), Allocate result buffer, memory consumption 0 MB, capacity 9
[LIBGPUSPATIAL] [ 54589][17:30:00:991100][info  ] RTSpatialRefiner 0x71e8e3d29be0 (Used 0 MB), Loaded Geometries, ProbeArray 100000, Loaded 16, Type Point
[LIBGPUSPATIAL] [ 54589][17:30:00:991149][info  ] RTSpatialRefiner 0x71e8e3d29be0 (Used 0 MB), Evaluating 19 Geometry Pairs with Predicate Contains
[LIBGPUSPATIAL] [ 54593][17:30:00:991605][info  ] RTSpatialIndex 0x71e8e000ac10 (Used 0 MB), Probe Points, Size: 33333, Results: 9
[LIBGPUSPATIAL] [ 54595][17:30:00:991987][info  ] RTSpatialRefiner 0x71e8e3d29be0 (Used 0 MB), Loaded Geometries, ProbeArray 100000, Loaded 26, Type Point
[LIBGPUSPATIAL] [ 54593][17:30:00:991994][info  ] RTSpatialRefiner 0x71e8e3d29be0 (Used 0 MB), Loaded Geometries, ProbeArray 33333, Loaded 7, Type Point
[LIBGPUSPATIAL] [ 54595][17:30:00:992066][info  ] RTSpatialRefiner 0x71e8e3d29be0 (Used 0 MB), Evaluating 37 Geometry Pairs with Predicate Contains
[LIBGPUSPATIAL] [ 54593][17:30:00:992075][info  ] RTSpatialRefiner 0x71e8e3d29be0 (Used 0 MB), Evaluating 9 Geometry Pairs with Predicate Contains
[LIBGPUSPATIAL] [ 54590][17:30:00:998899][info  ] RTSpatialIndex 0x71e8e000ac10 (Used 1 MB), Allocate result buffer, memory consumption 0 MB, capacity 25
[LIBGPUSPATIAL] [ 54590][17:30:00:999973][info  ] RTSpatialIndex 0x71e8e000ac10 (Used 3 MB), Probe Points, Size: 100000, Results: 25
[LIBGPUSPATIAL] [ 54594][17:30:01:000121][info  ] RTSpatialIndex 0x71e8e000ac10 (Used 1 MB), Allocate result buffer, memory consumption 0 MB, capacity 23
[LIBGPUSPATIAL] [ 54594][17:30:01:000266][info  ] RTSpatialIndex 0x71e8e000ac10 (Used 1 MB), Probe Points, Size: 100000, Results: 23
[LIBGPUSPATIAL] [ 54590][17:30:01:000833][info  ] RTSpatialRefiner 0x71e8e3d29be0 (Used 0 MB), Loaded Geometries, ProbeArray 100000, Loaded 16, Type Point
[LIBGPUSPATIAL] [ 54590][17:30:01:000882][info  ] RTSpatialRefiner 0x71e8e3d29be0 (Used 0 MB), Evaluating 25 Geometry Pairs with Predicate Contains
[LIBGPUSPATIAL] [ 54594][17:30:01:002105][info  ] RTSpatialRefiner 0x71e8e3d29be0 (Used 0 MB), Loaded Geometries, ProbeArray 100000, Loaded 17, Type Point
[LIBGPUSPATIAL] [ 54594][17:30:01:002152][info  ] RTSpatialRefiner 0x71e8e3d29be0 (Used 0 MB), Evaluating 23 Geometry Pairs with Predicate Contains
[LIBGPUSPATIAL] [ 54591][17:30:01:005267][info  ] RTSpatialIndex 0x71e8e000ac10 (Used 1 MB), Allocate result buffer, memory consumption 0 MB, capacity 20
[LIBGPUSPATIAL] [ 54591][17:30:01:005420][info  ] RTSpatialIndex 0x71e8e000ac10 (Used 1 MB), Probe Points, Size: 100000, Results: 20
[LIBGPUSPATIAL] [ 54591][17:30:01:005999][info  ] RTSpatialRefiner 0x71e8e3d29be0 (Used 0 MB), Loaded Geometries, ProbeArray 100000, Loaded 19, Type Point
[LIBGPUSPATIAL] [ 54591][17:30:01:006063][info  ] RTSpatialRefiner 0x71e8e3d29be0 (Used 0 MB), Evaluating 20 Geometry Pairs with Predicate Contains
[LIBGPUSPATIAL] [ 54590][17:30:01:007811][info  ] RTSpatialIndex 0x71e8e000ac10 (Used 0 MB), Allocate result buffer, memory consumption 0 MB, capacity 11
[LIBGPUSPATIAL] [ 54590][17:30:01:007972][info  ] RTSpatialIndex 0x71e8e000ac10 (Used 0 MB), Probe Points, Size: 33333, Results: 11
[LIBGPUSPATIAL] [ 54590][17:30:01:008598][info  ] RTSpatialRefiner 0x71e8e3d29be0 (Used 1 MB), Loaded Geometries, ProbeArray 33333, Loaded 9, Type Point
[LIBGPUSPATIAL] [ 54590][17:30:01:008648][info  ] RTSpatialRefiner 0x71e8e3d29be0 (Used 1 MB), Evaluating 11 Geometry Pairs with Predicate Contains
[LIBGPUSPATIAL] [ 54596][17:30:01:008724][info  ] RTSpatialIndex 0x71e8e000ac10 (Used 1 MB), Allocate result buffer, memory consumption 0 MB, capacity 24
[LIBGPUSPATIAL] [ 54596][17:30:01:009907][info  ] RTSpatialIndex 0x71e8e000ac10 (Used 1 MB), Probe Points, Size: 100000, Results: 24
[LIBGPUSPATIAL] [ 54596][17:30:01:010586][info  ] RTSpatialRefiner 0x71e8e3d29be0 (Used 1 MB), Loaded Geometries, ProbeArray 100000, Loaded 19, Type Point
[LIBGPUSPATIAL] [ 54596][17:30:01:010651][info  ] RTSpatialRefiner 0x71e8e3d29be0 (Used 2 MB), Evaluating 24 Geometry Pairs with Predicate Contains
[LIBGPUSPATIAL] [ 54589][17:30:01:011090][info  ] RTSpatialIndex 0x71e8e000ac10 (Used 1 MB), Allocate result buffer, memory consumption 0 MB, capacity 32
[LIBGPUSPATIAL] [ 54589][17:30:01:012064][info  ] RTSpatialIndex 0x71e8e000ac10 (Used 1 MB), Probe Points, Size: 100000, Results: 32
[LIBGPUSPATIAL] [ 54592][17:30:01:012216][info  ] RTSpatialIndex 0x71e8e000ac10 (Used 1 MB), Allocate result buffer, memory consumption 0 MB, capacity 34
[LIBGPUSPATIAL] [ 54589][17:30:01:012726][info  ] RTSpatialRefiner 0x71e8e3d29be0 (Used 2 MB), Loaded Geometries, ProbeArray 100000, Loaded 22, Type Point
[LIBGPUSPATIAL] [ 54589][17:30:01:012777][info  ] RTSpatialRefiner 0x71e8e3d29be0 (Used 2 MB), Evaluating 32 Geometry Pairs with Predicate Contains
[LIBGPUSPATIAL] [ 54592][17:30:01:013603][info  ] RTSpatialIndex 0x71e8e000ac10 (Used 2 MB), Probe Points, Size: 100000, Results: 34
[LIBGPUSPATIAL] [ 54595][17:30:01:014005][info  ] RTSpatialIndex 0x71e8e000ac10 (Used 1 MB), Allocate result buffer, memory consumption 0 MB, capacity 16
[LIBGPUSPATIAL] [ 54591][17:30:01:014627][info  ] RTSpatialIndex 0x71e8e000ac10 (Used 1 MB), Allocate result buffer, memory consumption 0 MB, capacity 13
[LIBGPUSPATIAL] [ 54592][17:30:01:014649][info  ] RTSpatialRefiner 0x71e8e3d29be0 (Used 1 MB), Loaded Geometries, ProbeArray 100000, Loaded 27, Type Point
[LIBGPUSPATIAL] [ 54592][17:30:01:014689][info  ] RTSpatialRefiner 0x71e8e3d29be0 (Used 1 MB), Evaluating 34 Geometry Pairs with Predicate Contains
[LIBGPUSPATIAL] [ 54595][17:30:01:014834][info  ] RTSpatialIndex 0x71e8e000ac10 (Used 1 MB), Probe Points, Size: 100000, Results: 16
[LIBGPUSPATIAL] [ 54591][17:30:01:015097][info  ] RTSpatialIndex 0x71e8e000ac10 (Used 0 MB), Probe Points, Size: 33333, Results: 13
[LIBGPUSPATIAL] [ 54595][17:30:01:015664][info  ] RTSpatialRefiner 0x71e8e3d29be0 (Used 0 MB), Loaded Geometries, ProbeArray 100000, Loaded 13, Type Point
[LIBGPUSPATIAL] [ 54591][17:30:01:015713][info  ] RTSpatialRefiner 0x71e8e3d29be0 (Used 0 MB), Loaded Geometries, ProbeArray 33333, Loaded 9, Type Point
[LIBGPUSPATIAL] [ 54591][17:30:01:015776][info  ] RTSpatialRefiner 0x71e8e3d29be0 (Used 0 MB), Evaluating 13 Geometry Pairs with Predicate Contains
[LIBGPUSPATIAL] [ 54595][17:30:01:016167][info  ] RTSpatialRefiner 0x71e8e3d29be0 (Used 0 MB), Evaluating 16 Geometry Pairs with Predicate Contains
[LIBGPUSPATIAL] [ 54594][17:30:01:021148][info  ] RTSpatialIndex 0x71e8e000ac10 (Used 1 MB), Allocate result buffer, memory consumption 0 MB, capacity 14
[LIBGPUSPATIAL] [ 54589][17:30:01:021148][info  ] RTSpatialIndex 0x71e8e000ac10 (Used 1 MB), Allocate result buffer, memory consumption 0 MB, capacity 4
[LIBGPUSPATIAL] [ 54594][17:30:01:021332][info  ] RTSpatialIndex 0x71e8e000ac10 (Used 1 MB), Probe Points, Size: 100000, Results: 14
[LIBGPUSPATIAL] [ 54589][17:30:01:021674][info  ] RTSpatialIndex 0x71e8e000ac10 (Used 0 MB), Probe Points, Size: 33333, Results: 4
[LIBGPUSPATIAL] [ 54594][17:30:01:022153][info  ] RTSpatialRefiner 0x71e8e3d29be0 (Used 0 MB), Loaded Geometries, ProbeArray 100000, Loaded 11, Type Point
[LIBGPUSPATIAL] [ 54594][17:30:01:022233][info  ] RTSpatialRefiner 0x71e8e3d29be0 (Used 0 MB), Evaluating 14 Geometry Pairs with Predicate Contains
[LIBGPUSPATIAL] [ 54589][17:30:01:022637][info  ] RTSpatialRefiner 0x71e8e3d29be0 (Used 0 MB), Loaded Geometries, ProbeArray 33333, Loaded 3, Type Point
[LIBGPUSPATIAL] [ 54589][17:30:01:022679][info  ] RTSpatialRefiner 0x71e8e3d29be0 (Used 0 MB), Evaluating 4 Geometry Pairs with Predicate Contains
[LIBGPUSPATIAL] [ 54593][17:30:01:023981][info  ] RTSpatialIndex 0x71e8e000ac10 (Used 1 MB), Allocate result buffer, memory consumption 0 MB, capacity 13
[LIBGPUSPATIAL] [ 54593][17:30:01:024138][info  ] RTSpatialIndex 0x71e8e000ac10 (Used 1 MB), Probe Points, Size: 100000, Results: 13
[LIBGPUSPATIAL] [ 54593][17:30:01:025381][info  ] RTSpatialRefiner 0x71e8e3d29be0 (Used 0 MB), Loaded Geometries, ProbeArray 100000, Loaded 9, Type Point
[LIBGPUSPATIAL] [ 54593][17:30:01:025456][info  ] RTSpatialRefiner 0x71e8e3d29be0 (Used 0 MB), Evaluating 13 Geometry Pairs with Predicate Contains
[LIBGPUSPATIAL] [ 54595][17:30:01:025858][info  ] RTSpatialIndex 0x71e8e000ac10 (Used 0 MB), Allocate result buffer, memory consumption 0 MB, capacity 14
[LIBGPUSPATIAL] [ 54595][17:30:01:025987][info  ] RTSpatialIndex 0x71e8e000ac10 (Used 0 MB), Probe Points, Size: 33333, Results: 14
[LIBGPUSPATIAL] [ 54595][17:30:01:026447][info  ] RTSpatialRefiner 0x71e8e3d29be0 (Used 0 MB), Loaded Geometries, ProbeArray 33333, Loaded 12, Type Point
[LIBGPUSPATIAL] [ 54595][17:30:01:026512][info  ] RTSpatialRefiner 0x71e8e3d29be0 (Used 0 MB), Evaluating 14 Geometry Pairs with Predicate Contains
[LIBGPUSPATIAL] [ 54596][17:30:01:029730][info  ] RTSpatialIndex 0x71e8e000ac10 (Used 1 MB), Allocate result buffer, memory consumption 0 MB, capacity 19
[LIBGPUSPATIAL] [ 54594][17:30:01:029760][info  ] RTSpatialIndex 0x71e8e000ac10 (Used 1 MB), Allocate result buffer, memory consumption 0 MB, capacity 12
[LIBGPUSPATIAL] [ 54596][17:30:01:029882][info  ] RTSpatialIndex 0x71e8e000ac10 (Used 1 MB), Probe Points, Size: 100000, Results: 19
[LIBGPUSPATIAL] [ 54594][17:30:01:030224][info  ] RTSpatialIndex 0x71e8e000ac10 (Used 0 MB), Probe Points, Size: 33333, Results: 12
[LIBGPUSPATIAL] [ 54594][17:30:01:031263][info  ] RTSpatialRefiner 0x71e8e3d29be0 (Used 0 MB), Loaded Geometries, ProbeArray 33333, Loaded 10, Type Point
[LIBGPUSPATIAL] [ 54594][17:30:01:031320][info  ] RTSpatialRefiner 0x71e8e3d29be0 (Used 0 MB), Evaluating 12 Geometry Pairs with Predicate Contains
[LIBGPUSPATIAL] [ 54596][17:30:01:033355][info  ] RTSpatialRefiner 0x71e8e3d29be0 (Used 0 MB), Loaded Geometries, ProbeArray 100000, Loaded 16, Type Point
[LIBGPUSPATIAL] [ 54596][17:30:01:033514][info  ] RTSpatialRefiner 0x71e8e3d29be0 (Used 0 MB), Evaluating 19 Geometry Pairs with Predicate Contains
[LIBGPUSPATIAL] [ 54592][17:30:01:034101][info  ] RTSpatialIndex 0x71e8e000ac10 (Used 1 MB), Allocate result buffer, memory consumption 0 MB, capacity 19
[LIBGPUSPATIAL] [ 54592][17:30:01:034275][info  ] RTSpatialIndex 0x71e8e000ac10 (Used 1 MB), Probe Points, Size: 100000, Results: 19
[LIBGPUSPATIAL] [ 54592][17:30:01:035657][info  ] RTSpatialRefiner 0x71e8e3d29be0 (Used 0 MB), Loaded Geometries, ProbeArray 100000, Loaded 14, Type Point
[LIBGPUSPATIAL] [ 54592][17:30:01:035717][info  ] RTSpatialRefiner 0x71e8e3d29be0 (Used 0 MB), Evaluating 19 Geometry Pairs with Predicate Contains
[LIBGPUSPATIAL] [ 54596][17:30:01:044183][info  ] RTSpatialIndex 0x71e8e000ac10 (Used 0 MB), Allocate result buffer, memory consumption 0 MB, capacity 9
[LIBGPUSPATIAL] [ 54596][17:30:01:044396][info  ] RTSpatialIndex 0x71e8e000ac10 (Used 0 MB), Probe Points, Size: 33333, Results: 9
[LIBGPUSPATIAL] [ 54589][17:30:01:045253][info  ] RTSpatialIndex 0x71e8e000ac10 (Used 1 MB), Allocate result buffer, memory consumption 0 MB, capacity 27
[LIBGPUSPATIAL] [ 54589][17:30:01:045405][info  ] RTSpatialIndex 0x71e8e000ac10 (Used 1 MB), Probe Points, Size: 100000, Results: 27
[LIBGPUSPATIAL] [ 54596][17:30:01:045578][info  ] RTSpatialRefiner 0x71e8e3d29be0 (Used 0 MB), Loaded Geometries, ProbeArray 33333, Loaded 7, Type Point
[LIBGPUSPATIAL] [ 54596][17:30:01:045712][info  ] RTSpatialRefiner 0x71e8e3d29be0 (Used 0 MB), Evaluating 9 Geometry Pairs with Predicate Contains
[LIBGPUSPATIAL] [ 54589][17:30:01:048250][info  ] RTSpatialRefiner 0x71e8e3d29be0 (Used 0 MB), Loaded Geometries, ProbeArray 100000, Loaded 18, Type Point
[LIBGPUSPATIAL] [ 54589][17:30:01:048309][info  ] RTSpatialRefiner 0x71e8e3d29be0 (Used 0 MB), Evaluating 27 Geometry Pairs with Predicate Contains
[LIBGPUSPATIAL] [ 54593][17:30:01:050281][info  ] RTSpatialIndex 0x71e8e000ac10 (Used 1 MB), Allocate result buffer, memory consumption 0 MB, capacity 17
[LIBGPUSPATIAL] [ 54593][17:30:01:050465][info  ] RTSpatialIndex 0x71e8e000ac10 (Used 1 MB), Probe Points, Size: 100000, Results: 17
[LIBGPUSPATIAL] [ 54593][17:30:01:052819][info  ] RTSpatialRefiner 0x71e8e3d29be0 (Used 1 MB), Loaded Geometries, ProbeArray 100000, Loaded 12, Type Point
[LIBGPUSPATIAL] [ 54595][17:30:01:052897][info  ] RTSpatialIndex 0x71e8e000ac10 (Used 1 MB), Allocate result buffer, memory consumption 0 MB, capacity 21
[LIBGPUSPATIAL] [ 54593][17:30:01:052970][info  ] RTSpatialRefiner 0x71e8e3d29be0 (Used 1 MB), Evaluating 17 Geometry Pairs with Predicate Contains
[LIBGPUSPATIAL] [ 54595][17:30:01:053056][info  ] RTSpatialIndex 0x71e8e000ac10 (Used 1 MB), Probe Points, Size: 100000, Results: 21
[LIBGPUSPATIAL] [ 54595][17:30:01:053636][info  ] RTSpatialRefiner 0x71e8e3d29be0 (Used 0 MB), Loaded Geometries, ProbeArray 100000, Loaded 14, Type Point
[LIBGPUSPATIAL] [ 54595][17:30:01:053698][info  ] RTSpatialRefiner 0x71e8e3d29be0 (Used 0 MB), Evaluating 21 Geometry Pairs with Predicate Contains
[LIBGPUSPATIAL] [ 54592][17:30:01:062710][info  ] RTSpatialIndex 0x71e8e000ac10 (Used 1 MB), Allocate result buffer, memory consumption 0 MB, capacity 21
[LIBGPUSPATIAL] [ 54592][17:30:01:062856][info  ] RTSpatialIndex 0x71e8e000ac10 (Used 1 MB), Probe Points, Size: 100000, Results: 21
[LIBGPUSPATIAL] [ 54592][17:30:01:063814][info  ] RTSpatialRefiner 0x71e8e3d29be0 (Used 0 MB), Loaded Geometries, ProbeArray 100000, Loaded 14, Type Point
[LIBGPUSPATIAL] [ 54592][17:30:01:064098][info  ] RTSpatialRefiner 0x71e8e3d29be0 (Used 0 MB), Evaluating 21 Geometry Pairs with Predicate Contains
[LIBGPUSPATIAL] [ 54594][17:30:01:064978][info  ] RTSpatialIndex 0x71e8e000ac10 (Used 1 MB), Allocate result buffer, memory consumption 0 MB, capacity 19
[LIBGPUSPATIAL] [ 54590][17:30:01:065615][info  ] RTSpatialIndex 0x71e8e000ac10 (Used 1 MB), Allocate result buffer, memory consumption 0 MB, capacity 25
[LIBGPUSPATIAL] [ 54594][17:30:01:065749][info  ] RTSpatialIndex 0x71e8e000ac10 (Used 1 MB), Probe Points, Size: 100000, Results: 19
[LIBGPUSPATIAL] [ 54590][17:30:01:066051][info  ] RTSpatialIndex 0x71e8e000ac10 (Used 1 MB), Probe Points, Size: 100000, Results: 25
[LIBGPUSPATIAL] [ 54594][17:30:01:066730][info  ] RTSpatialRefiner 0x71e8e3d29be0 (Used 0 MB), Loaded Geometries, ProbeArray 100000, Loaded 15, Type Point
[LIBGPUSPATIAL] [ 54594][17:30:01:066774][info  ] RTSpatialRefiner 0x71e8e3d29be0 (Used 0 MB), Evaluating 19 Geometry Pairs with Predicate Contains
[LIBGPUSPATIAL] [ 54590][17:30:01:067236][info  ] RTSpatialRefiner 0x71e8e3d29be0 (Used 1 MB), Loaded Geometries, ProbeArray 100000, Loaded 18, Type Point
[LIBGPUSPATIAL] [ 54590][17:30:01:067337][info  ] RTSpatialRefiner 0x71e8e3d29be0 (Used 1 MB), Evaluating 25 Geometry Pairs with Predicate Contains
[LIBGPUSPATIAL] [ 54591][17:30:01:068182][info  ] RTSpatialIndex 0x71e8e000ac10 (Used 2 MB), Allocate result buffer, memory consumption 0 MB, capacity 18
[LIBGPUSPATIAL] [ 54591][17:30:01:068905][info  ] RTSpatialIndex 0x71e8e000ac10 (Used 1 MB), Probe Points, Size: 100000, Results: 18
[LIBGPUSPATIAL] [ 54589][17:30:01:068951][info  ] RTSpatialIndex 0x71e8e000ac10 (Used 1 MB), Allocate result buffer, memory consumption 0 MB, capacity 20
[LIBGPUSPATIAL] [ 54589][17:30:01:069663][info  ] RTSpatialIndex 0x71e8e000ac10 (Used 1 MB), Probe Points, Size: 100000, Results: 20
[LIBGPUSPATIAL] [ 54589][17:30:01:070691][info  ] RTSpatialRefiner 0x71e8e3d29be0 (Used 0 MB), Loaded Geometries, ProbeArray 100000, Loaded 14, Type Point
[LIBGPUSPATIAL] [ 54589][17:30:01:070771][info  ] RTSpatialRefiner 0x71e8e3d29be0 (Used 0 MB), Evaluating 20 Geometry Pairs with Predicate Contains
[LIBGPUSPATIAL] [ 54591][17:30:01:071493][info  ] RTSpatialRefiner 0x71e8e3d29be0 (Used 3 MB), Loaded Geometries, ProbeArray 100000, Loaded 15, Type Point
[LIBGPUSPATIAL] [ 54591][17:30:01:071620][info  ] RTSpatialRefiner 0x71e8e3d29be0 (Used 1 MB), Evaluating 18 Geometry Pairs with Predicate Contains
[LIBGPUSPATIAL] [ 54593][17:30:01:071660][info  ] RTSpatialIndex 0x71e8e000ac10 (Used 1 MB), Allocate result buffer, memory consumption 0 MB, capacity 27
[LIBGPUSPATIAL] [ 54595][17:30:01:071895][info  ] RTSpatialIndex 0x71e8e000ac10 (Used 1 MB), Allocate result buffer, memory consumption 0 MB, capacity 29
[LIBGPUSPATIAL] [ 54593][17:30:01:072172][info  ] RTSpatialIndex 0x71e8e000ac10 (Used 1 MB), Probe Points, Size: 100000, Results: 27
[LIBGPUSPATIAL] [ 54595][17:30:01:072356][info  ] RTSpatialIndex 0x71e8e000ac10 (Used 1 MB), Probe Points, Size: 100000, Results: 29
[LIBGPUSPATIAL] [ 54593][17:30:01:072850][info  ] RTSpatialRefiner 0x71e8e3d29be0 (Used 0 MB), Loaded Geometries, ProbeArray 100000, Loaded 19, Type Point
[LIBGPUSPATIAL] [ 54593][17:30:01:072959][info  ] RTSpatialRefiner 0x71e8e3d29be0 (Used 0 MB), Evaluating 27 Geometry Pairs with Predicate Contains
[LIBGPUSPATIAL] [ 54592][17:30:01:075450][info  ] RTSpatialIndex 0x71e8e000ac10 (Used 0 MB), Allocate result buffer, memory consumption 0 MB, capacity 7
[LIBGPUSPATIAL] [ 54592][17:30:01:075593][info  ] RTSpatialIndex 0x71e8e000ac10 (Used 0 MB), Probe Points, Size: 33333, Results: 7
[LIBGPUSPATIAL] [ 54595][17:30:01:075450][info  ] RTSpatialRefiner 0x71e8e3d29be0 (Used 0 MB), Loaded Geometries, ProbeArray 100000, Loaded 21, Type Point
[LIBGPUSPATIAL] [ 54595][17:30:01:075781][info  ] RTSpatialRefiner 0x71e8e3d29be0 (Used 0 MB), Evaluating 29 Geometry Pairs with Predicate Contains
[LIBGPUSPATIAL] [ 54592][17:30:01:077502][info  ] RTSpatialRefiner 0x71e8e3d29be0 (Used 0 MB), Loaded Geometries, ProbeArray 33333, Loaded 6, Type Point
[LIBGPUSPATIAL] [ 54592][17:30:01:077958][info  ] RTSpatialRefiner 0x71e8e3d29be0 (Used 1 MB), Evaluating 7 Geometry Pairs with Predicate Contains
[LIBGPUSPATIAL] [ 54596][17:30:01:078261][info  ] RTSpatialIndex 0x71e8e000ac10 (Used 1 MB), Allocate result buffer, memory consumption 0 MB, capacity 23
[LIBGPUSPATIAL] [ 54596][17:30:01:078381][info  ] RTSpatialIndex 0x71e8e000ac10 (Used 1 MB), Probe Points, Size: 100000, Results: 23
[LIBGPUSPATIAL] [ 54596][17:30:01:078851][info  ] RTSpatialRefiner 0x71e8e3d29be0 (Used 0 MB), Loaded Geometries, ProbeArray 100000, Loaded 19, Type Point
[LIBGPUSPATIAL] [ 54596][17:30:01:078905][info  ] RTSpatialRefiner 0x71e8e3d29be0 (Used 0 MB), Evaluating 23 Geometry Pairs with Predicate Contains
[LIBGPUSPATIAL] [ 54590][17:30:01:086458][info  ] RTSpatialIndex 0x71e8e000ac10 (Used 2 MB), Allocate result buffer, memory consumption 0 MB, capacity 17
[LIBGPUSPATIAL] [ 54590][17:30:01:087275][info  ] RTSpatialIndex 0x71e8e000ac10 (Used 1 MB), Probe Points, Size: 100000, Results: 17
[LIBGPUSPATIAL] [ 54594][17:30:01:087334][info  ] RTSpatialIndex 0x71e8e000ac10 (Used 1 MB), Allocate result buffer, memory consumption 0 MB, capacity 26
[LIBGPUSPATIAL] [ 54594][17:30:01:088051][info  ] RTSpatialIndex 0x71e8e000ac10 (Used 1 MB), Probe Points, Size: 100000, Results: 26
[LIBGPUSPATIAL] [ 54594][17:30:01:089342][info  ] RTSpatialRefiner 0x71e8e3d29be0 (Used 0 MB), Loaded Geometries, ProbeArray 100000, Loaded 22, Type Point
[LIBGPUSPATIAL] [ 54590][17:30:01:089350][info  ] RTSpatialRefiner 0x71e8e3d29be0 (Used 0 MB), Loaded Geometries, ProbeArray 100000, Loaded 14, Type Point
[LIBGPUSPATIAL] [ 54594][17:30:01:089389][info  ] RTSpatialRefiner 0x71e8e3d29be0 (Used 0 MB), Evaluating 26 Geometry Pairs with Predicate Contains
[LIBGPUSPATIAL] [ 54590][17:30:01:089396][info  ] RTSpatialRefiner 0x71e8e3d29be0 (Used 0 MB), Evaluating 17 Geometry Pairs with Predicate Contains
[LIBGPUSPATIAL] [ 54593][17:30:01:090882][info  ] RTSpatialIndex 0x71e8e000ac10 (Used 1 MB), Allocate result buffer, memory consumption 0 MB, capacity 20
[LIBGPUSPATIAL] [ 54593][17:30:01:091115][info  ] RTSpatialIndex 0x71e8e000ac10 (Used 1 MB), Probe Points, Size: 100000, Results: 20
[LIBGPUSPATIAL] [ 54591][17:30:01:092744][info  ] RTSpatialIndex 0x71e8e000ac10 (Used 2 MB), Allocate result buffer, memory consumption 0 MB, capacity 29
[LIBGPUSPATIAL] [ 54593][17:30:01:092988][info  ] RTSpatialRefiner 0x71e8e3d29be0 (Used 1 MB), Loaded Geometries, ProbeArray 100000, Loaded 16, Type Point
[LIBGPUSPATIAL] [ 54593][17:30:01:093387][info  ] RTSpatialRefiner 0x71e8e3d29be0 (Used 1 MB), Evaluating 20 Geometry Pairs with Predicate Contains
[LIBGPUSPATIAL] [ 54591][17:30:01:093749][info  ] RTSpatialIndex 0x71e8e000ac10 (Used 1 MB), Probe Points, Size: 100000, Results: 29
[LIBGPUSPATIAL] [ 54589][17:30:01:093945][info  ] RTSpatialIndex 0x71e8e000ac10 (Used 1 MB), Allocate result buffer, memory consumption 0 MB, capacity 28
[LIBGPUSPATIAL] [ 54591][17:30:01:094574][info  ] RTSpatialRefiner 0x71e8e3d29be0 (Used 3 MB), Loaded Geometries, ProbeArray 100000, Loaded 19, Type Point
[LIBGPUSPATIAL] [ 54591][17:30:01:094740][info  ] RTSpatialRefiner 0x71e8e3d29be0 (Used 1 MB), Evaluating 29 Geometry Pairs with Predicate Contains
[LIBGPUSPATIAL] [ 54589][17:30:01:095172][info  ] RTSpatialIndex 0x71e8e000ac10 (Used 1 MB), Probe Points, Size: 100000, Results: 28
[LIBGPUSPATIAL] [ 54595][17:30:01:095356][info  ] RTSpatialIndex 0x71e8e000ac10 (Used 1 MB), Allocate result buffer, memory consumption 0 MB, capacity 34
[LIBGPUSPATIAL] [ 54595][17:30:01:095821][info  ] RTSpatialIndex 0x71e8e000ac10 (Used 1 MB), Probe Points, Size: 100000, Results: 34
[LIBGPUSPATIAL] [ 54589][17:30:01:095828][info  ] RTSpatialRefiner 0x71e8e3d29be0 (Used 1 MB), Loaded Geometries, ProbeArray 100000, Loaded 20, Type Point
[LIBGPUSPATIAL] [ 54589][17:30:01:095877][info  ] RTSpatialRefiner 0x71e8e3d29be0 (Used 0 MB), Evaluating 28 Geometry Pairs with Predicate Contains
[LIBGPUSPATIAL] [ 54595][17:30:01:096367][info  ] RTSpatialRefiner 0x71e8e3d29be0 (Used 0 MB), Loaded Geometries, ProbeArray 100000, Loaded 25, Type Point
[LIBGPUSPATIAL] [ 54595][17:30:01:096412][info  ] RTSpatialRefiner 0x71e8e3d29be0 (Used 0 MB), Evaluating 34 Geometry Pairs with Predicate Contains
[LIBGPUSPATIAL] [ 54596][17:30:01:098007][info  ] RTSpatialIndex 0x71e8e000ac10 (Used 1 MB), Allocate result buffer, memory consumption 0 MB, capacity 22
[LIBGPUSPATIAL] [ 54596][17:30:01:098175][info  ] RTSpatialIndex 0x71e8e000ac10 (Used 1 MB), Probe Points, Size: 100000, Results: 22
[LIBGPUSPATIAL] [ 54596][17:30:01:105281][info  ] RTSpatialRefiner 0x71e8e3d29be0 (Used 0 MB), Loaded Geometries, ProbeArray 100000, Loaded 16, Type Point
[LIBGPUSPATIAL] [ 54596][17:30:01:105345][info  ] RTSpatialRefiner 0x71e8e3d29be0 (Used 0 MB), Evaluating 22 Geometry Pairs with Predicate Contains
[LIBGPUSPATIAL] [ 54590][17:30:01:106778][info  ] RTSpatialIndex 0x71e8e000ac10 (Used 1 MB), Allocate result buffer, memory consumption 0 MB, capacity 14
[LIBGPUSPATIAL] [ 54590][17:30:01:106902][info  ] RTSpatialIndex 0x71e8e000ac10 (Used 1 MB), Probe Points, Size: 100000, Results: 14
[LIBGPUSPATIAL] [ 54594][17:30:01:109725][info  ] RTSpatialIndex 0x71e8e000ac10 (Used 1 MB), Allocate result buffer, memory consumption 0 MB, capacity 23
[LIBGPUSPATIAL] [ 54594][17:30:01:109867][info  ] RTSpatialIndex 0x71e8e000ac10 (Used 1 MB), Probe Points, Size: 100000, Results: 23
[LIBGPUSPATIAL] [ 54592][17:30:01:110468][info  ] RTSpatialIndex 0x71e8e000ac10 (Used 1 MB), Allocate result buffer, memory consumption 0 MB, capacity 35
[LIBGPUSPATIAL] [ 54592][17:30:01:110585][info  ] RTSpatialIndex 0x71e8e000ac10 (Used 1 MB), Probe Points, Size: 100000, Results: 35
[LIBGPUSPATIAL] [ 54590][17:30:01:111311][info  ] RTSpatialRefiner 0x71e8e3d29be0 (Used 0 MB), Loaded Geometries, ProbeArray 100000, Loaded 11, Type Point
[LIBGPUSPATIAL] [ 54590][17:30:01:111356][info  ] RTSpatialRefiner 0x71e8e3d29be0 (Used 0 MB), Evaluating 14 Geometry Pairs with Predicate Contains
[LIBGPUSPATIAL] [ 54592][17:30:01:111390][info  ] RTSpatialRefiner 0x71e8e3d29be0 (Used 0 MB), Loaded Geometries, ProbeArray 100000, Loaded 22, Type Point
[LIBGPUSPATIAL] [ 54592][17:30:01:111427][info  ] RTSpatialRefiner 0x71e8e3d29be0 (Used 0 MB), Evaluating 35 Geometry Pairs with Predicate Contains
[LIBGPUSPATIAL] [ 54595][17:30:01:112616][info  ] RTSpatialIndex 0x71e8e000ac10 (Used 1 MB), Allocate result buffer, memory consumption 0 MB, capacity 23
[LIBGPUSPATIAL] [ 54595][17:30:01:112754][info  ] RTSpatialIndex 0x71e8e000ac10 (Used 1 MB), Probe Points, Size: 100000, Results: 23
[LIBGPUSPATIAL] [ 54594][17:30:01:113772][info  ] RTSpatialRefiner 0x71e8e3d29be0 (Used 1 MB), Loaded Geometries, ProbeArray 100000, Loaded 17, Type Point
[LIBGPUSPATIAL] [ 54594][17:30:01:113811][info  ] RTSpatialRefiner 0x71e8e3d29be0 (Used 1 MB), Evaluating 23 Geometry Pairs with Predicate Contains
[LIBGPUSPATIAL] [ 54593][17:30:01:114172][info  ] RTSpatialIndex 0x71e8e000ac10 (Used 1 MB), Allocate result buffer, memory consumption 0 MB, capacity 24
[LIBGPUSPATIAL] [ 54595][17:30:01:114252][info  ] RTSpatialRefiner 0x71e8e3d29be0 (Used 2 MB), Loaded Geometries, ProbeArray 100000, Loaded 18, Type Point
[LIBGPUSPATIAL] [ 54595][17:30:01:114347][info  ] RTSpatialRefiner 0x71e8e3d29be0 (Used 2 MB), Evaluating 23 Geometry Pairs with Predicate Contains
[LIBGPUSPATIAL] [ 54593][17:30:01:114882][info  ] RTSpatialIndex 0x71e8e000ac10 (Used 2 MB), Probe Points, Size: 100000, Results: 24
[LIBGPUSPATIAL] [ 54591][17:30:01:114934][info  ] RTSpatialIndex 0x71e8e000ac10 (Used 1 MB), Allocate result buffer, memory consumption 0 MB, capacity 27
[LIBGPUSPATIAL] [ 54593][17:30:01:115432][info  ] RTSpatialRefiner 0x71e8e3d29be0 (Used 1 MB), Loaded Geometries, ProbeArray 100000, Loaded 17, Type Point
[LIBGPUSPATIAL] [ 54593][17:30:01:115486][info  ] RTSpatialRefiner 0x71e8e3d29be0 (Used 1 MB), Evaluating 24 Geometry Pairs with Predicate Contains
[LIBGPUSPATIAL] [ 54591][17:30:01:115741][info  ] RTSpatialIndex 0x71e8e000ac10 (Used 1 MB), Probe Points, Size: 100000, Results: 27
[LIBGPUSPATIAL] [ 54591][17:30:01:116163][info  ] RTSpatialRefiner 0x71e8e3d29be0 (Used 1 MB), Loaded Geometries, ProbeArray 100000, Loaded 21, Type Point
[LIBGPUSPATIAL] [ 54591][17:30:01:116276][info  ] RTSpatialRefiner 0x71e8e3d29be0 (Used 1 MB), Evaluating 27 Geometry Pairs with Predicate Contains
[LIBGPUSPATIAL] [ 54589][17:30:01:119289][info  ] RTSpatialIndex 0x71e8e000ac10 (Used 1 MB), Allocate result buffer, memory consumption 0 MB, capacity 24
[LIBGPUSPATIAL] [ 54589][17:30:01:119455][info  ] RTSpatialIndex 0x71e8e000ac10 (Used 1 MB), Probe Points, Size: 100000, Results: 24
[LIBGPUSPATIAL] [ 54589][17:30:01:119970][info  ] RTSpatialRefiner 0x71e8e3d29be0 (Used 0 MB), Loaded Geometries, ProbeArray 100000, Loaded 17, Type Point
[LIBGPUSPATIAL] [ 54589][17:30:01:120009][info  ] RTSpatialRefiner 0x71e8e3d29be0 (Used 0 MB), Evaluating 24 Geometry Pairs with Predicate Contains
[LIBGPUSPATIAL] [ 54596][17:30:01:126002][info  ] RTSpatialIndex 0x71e8e000ac10 (Used 1 MB), Allocate result buffer, memory consumption 0 MB, capacity 21
[LIBGPUSPATIAL] [ 54596][17:30:01:126205][info  ] RTSpatialIndex 0x71e8e000ac10 (Used 1 MB), Probe Points, Size: 100000, Results: 21
[LIBGPUSPATIAL] [ 54596][17:30:01:126688][info  ] RTSpatialRefiner 0x71e8e3d29be0 (Used 0 MB), Loaded Geometries, ProbeArray 100000, Loaded 15, Type Point
[LIBGPUSPATIAL] [ 54596][17:30:01:126779][info  ] RTSpatialRefiner 0x71e8e3d29be0 (Used 0 MB), Evaluating 21 Geometry Pairs with Predicate Contains
[LIBGPUSPATIAL] [ 54590][17:30:01:128763][info  ] RTSpatialIndex 0x71e8e000ac10 (Used 1 MB), Allocate result buffer, memory consumption 0 MB, capacity 17
[LIBGPUSPATIAL] [ 54590][17:30:01:128899][info  ] RTSpatialIndex 0x71e8e000ac10 (Used 1 MB), Probe Points, Size: 100000, Results: 17
[LIBGPUSPATIAL] [ 54590][17:30:01:129340][info  ] RTSpatialRefiner 0x71e8e3d29be0 (Used 1 MB), Loaded Geometries, ProbeArray 100000, Loaded 14, Type Point
[LIBGPUSPATIAL] [ 54590][17:30:01:129383][info  ] RTSpatialRefiner 0x71e8e3d29be0 (Used 1 MB), Evaluating 17 Geometry Pairs with Predicate Contains
[LIBGPUSPATIAL] [ 54592][17:30:01:129431][info  ] RTSpatialIndex 0x71e8e000ac10 (Used 1 MB), Allocate result buffer, memory consumption 0 MB, capacity 20
[LIBGPUSPATIAL] [ 54595][17:30:01:131251][info  ] RTSpatialIndex 0x71e8e000ac10 (Used 1 MB), Allocate result buffer, memory consumption 0 MB, capacity 35
[LIBGPUSPATIAL] [ 54595][17:30:01:131390][info  ] RTSpatialIndex 0x71e8e000ac10 (Used 1 MB), Probe Points, Size: 100000, Results: 35
[LIBGPUSPATIAL] [ 54595][17:30:01:131798][info  ] RTSpatialRefiner 0x71e8e3d29be0 (Used 1 MB), Loaded Geometries, ProbeArray 100000, Loaded 25, Type Point
[LIBGPUSPATIAL] [ 54595][17:30:01:131843][info  ] RTSpatialRefiner 0x71e8e3d29be0 (Used 1 MB), Evaluating 35 Geometry Pairs with Predicate Contains
[LIBGPUSPATIAL] [ 54592][17:30:01:132869][info  ] RTSpatialIndex 0x71e8e000ac10 (Used 1 MB), Probe Points, Size: 100000, Results: 20
[LIBGPUSPATIAL] [ 54593][17:30:01:132939][info  ] RTSpatialIndex 0x71e8e000ac10 (Used 1 MB), Allocate result buffer, memory consumption 0 MB, capacity 15
[LIBGPUSPATIAL] [ 54593][17:30:01:133526][info  ] RTSpatialIndex 0x71e8e000ac10 (Used 1 MB), Probe Points, Size: 100000, Results: 15
[LIBGPUSPATIAL] [ 54592][17:30:01:134317][info  ] RTSpatialRefiner 0x71e8e3d29be0 (Used 0 MB), Loaded Geometries, ProbeArray 100000, Loaded 15, Type Point
[LIBGPUSPATIAL] [ 54592][17:30:01:134382][info  ] RTSpatialRefiner 0x71e8e3d29be0 (Used 0 MB), Evaluating 20 Geometry Pairs with Predicate Contains
[LIBGPUSPATIAL] [ 54593][17:30:01:134510][info  ] RTSpatialRefiner 0x71e8e3d29be0 (Used 0 MB), Loaded Geometries, ProbeArray 100000, Loaded 12, Type Point
[LIBGPUSPATIAL] [ 54593][17:30:01:134563][info  ] RTSpatialRefiner 0x71e8e3d29be0 (Used 0 MB), Evaluating 15 Geometry Pairs with Predicate Contains
[LIBGPUSPATIAL] [ 54591][17:30:01:136157][info  ] RTSpatialIndex 0x71e8e000ac10 (Used 1 MB), Allocate result buffer, memory consumption 0 MB, capacity 21
[LIBGPUSPATIAL] [ 54591][17:30:01:136306][info  ] RTSpatialIndex 0x71e8e000ac10 (Used 1 MB), Probe Points, Size: 100000, Results: 21
[LIBGPUSPATIAL] [ 54591][17:30:01:137027][info  ] RTSpatialRefiner 0x71e8e3d29be0 (Used 0 MB), Loaded Geometries, ProbeArray 100000, Loaded 18, Type Point
[LIBGPUSPATIAL] [ 54591][17:30:01:137220][info  ] RTSpatialRefiner 0x71e8e3d29be0 (Used 0 MB), Evaluating 21 Geometry Pairs with Predicate Contains
[LIBGPUSPATIAL] [ 54589][17:30:01:140365][info  ] RTSpatialIndex 0x71e8e000ac10 (Used 2 MB), Allocate result buffer, memory consumption 0 MB, capacity 18
[LIBGPUSPATIAL] [ 54589][17:30:01:140528][info  ] RTSpatialIndex 0x71e8e000ac10 (Used 1 MB), Probe Points, Size: 100000, Results: 18
[LIBGPUSPATIAL] [ 54594][17:30:01:140586][info  ] RTSpatialIndex 0x71e8e000ac10 (Used 1 MB), Allocate result buffer, memory consumption 0 MB, capacity 20
[LIBGPUSPATIAL] [ 54594][17:30:01:140910][info  ] RTSpatialIndex 0x71e8e000ac10 (Used 1 MB), Probe Points, Size: 100000, Results: 20
[LIBGPUSPATIAL] [ 54589][17:30:01:141180][info  ] RTSpatialRefiner 0x71e8e3d29be0 (Used 0 MB), Loaded Geometries, ProbeArray 100000, Loaded 13, Type Point
[LIBGPUSPATIAL] [ 54589][17:30:01:141217][info  ] RTSpatialRefiner 0x71e8e3d29be0 (Used 0 MB), Evaluating 18 Geometry Pairs with Predicate Contains
[LIBGPUSPATIAL] [ 54594][17:30:01:141684][info  ] RTSpatialRefiner 0x71e8e3d29be0 (Used 0 MB), Loaded Geometries, ProbeArray 100000, Loaded 15, Type Point
[LIBGPUSPATIAL] [ 54594][17:30:01:141728][info  ] RTSpatialRefiner 0x71e8e3d29be0 (Used 0 MB), Evaluating 20 Geometry Pairs with Predicate Contains
[LIBGPUSPATIAL] [ 54596][17:30:01:145885][info  ] RTSpatialIndex 0x71e8e000ac10 (Used 1 MB), Allocate result buffer, memory consumption 0 MB, capacity 25
[LIBGPUSPATIAL] [ 54590][17:30:01:145907][info  ] RTSpatialIndex 0x71e8e000ac10 (Used 1 MB), Allocate result buffer, memory consumption 0 MB, capacity 30
[LIBGPUSPATIAL] [ 54596][17:30:01:146393][info  ] RTSpatialIndex 0x71e8e000ac10 (Used 1 MB), Probe Points, Size: 100000, Results: 25
[LIBGPUSPATIAL] [ 54590][17:30:01:146444][info  ] RTSpatialIndex 0x71e8e000ac10 (Used 1 MB), Probe Points, Size: 100000, Results: 30
[LIBGPUSPATIAL] [ 54596][17:30:01:148414][info  ] RTSpatialRefiner 0x71e8e3d29be0 (Used 1 MB), Loaded Geometries, ProbeArray 100000, Loaded 20, Type Point
[LIBGPUSPATIAL] [ 54590][17:30:01:148419][info  ] RTSpatialRefiner 0x71e8e3d29be0 (Used 1 MB), Loaded Geometries, ProbeArray 100000, Loaded 21, Type Point
[LIBGPUSPATIAL] [ 54596][17:30:01:148475][info  ] RTSpatialRefiner 0x71e8e3d29be0 (Used 1 MB), Evaluating 25 Geometry Pairs with Predicate Contains
[LIBGPUSPATIAL] [ 54590][17:30:01:148481][info  ] RTSpatialRefiner 0x71e8e3d29be0 (Used 1 MB), Evaluating 30 Geometry Pairs with Predicate Contains
[LIBGPUSPATIAL] [ 54595][17:30:01:148969][info  ] RTSpatialIndex 0x71e8e000ac10 (Used 1 MB), Allocate result buffer, memory consumption 0 MB, capacity 20
[LIBGPUSPATIAL] [ 54595][17:30:01:149664][info  ] RTSpatialIndex 0x71e8e000ac10 (Used 1 MB), Probe Points, Size: 100000, Results: 20
[LIBGPUSPATIAL] [ 54595][17:30:01:150284][info  ] RTSpatialRefiner 0x71e8e3d29be0 (Used 0 MB), Loaded Geometries, ProbeArray 100000, Loaded 14, Type Point
[LIBGPUSPATIAL] [ 54595][17:30:01:150386][info  ] RTSpatialRefiner 0x71e8e3d29be0 (Used 0 MB), Evaluating 20 Geometry Pairs with Predicate Contains
[LIBGPUSPATIAL] [ 54593][17:30:01:151222][info  ] RTSpatialIndex 0x71e8e000ac10 (Used 1 MB), Allocate result buffer, memory consumption 0 MB, capacity 16
[LIBGPUSPATIAL] [ 54593][17:30:01:151366][info  ] RTSpatialIndex 0x71e8e000ac10 (Used 1 MB), Probe Points, Size: 100000, Results: 16
[LIBGPUSPATIAL] [ 54593][17:30:01:151753][info  ] RTSpatialRefiner 0x71e8e3d29be0 (Used 0 MB), Loaded Geometries, ProbeArray 100000, Loaded 11, Type Point
[LIBGPUSPATIAL] [ 54593][17:30:01:151804][info  ] RTSpatialRefiner 0x71e8e3d29be0 (Used 0 MB), Evaluating 16 Geometry Pairs with Predicate Contains
[LIBGPUSPATIAL] [ 54592][17:30:01:155773][info  ] RTSpatialIndex 0x71e8e000ac10 (Used 1 MB), Allocate result buffer, memory consumption 0 MB, capacity 22
[LIBGPUSPATIAL] [ 54591][17:30:01:155815][info  ] RTSpatialIndex 0x71e8e000ac10 (Used 1 MB), Allocate result buffer, memory consumption 0 MB, capacity 16
[LIBGPUSPATIAL] [ 54592][17:30:01:156150][info  ] RTSpatialIndex 0x71e8e000ac10 (Used 1 MB), Probe Points, Size: 100000, Results: 22
[LIBGPUSPATIAL] [ 54591][17:30:01:156220][info  ] RTSpatialIndex 0x71e8e000ac10 (Used 1 MB), Probe Points, Size: 100000, Results: 16
[LIBGPUSPATIAL] [ 54592][17:30:01:156680][info  ] RTSpatialRefiner 0x71e8e3d29be0 (Used 0 MB), Loaded Geometries, ProbeArray 100000, Loaded 16, Type Point
[LIBGPUSPATIAL] [ 54592][17:30:01:156812][info  ] RTSpatialRefiner 0x71e8e3d29be0 (Used 0 MB), Evaluating 22 Geometry Pairs with Predicate Contains
[LIBGPUSPATIAL] [ 54591][17:30:01:156894][info  ] RTSpatialRefiner 0x71e8e3d29be0 (Used 0 MB), Loaded Geometries, ProbeArray 100000, Loaded 13, Type Point
[LIBGPUSPATIAL] [ 54591][17:30:01:156934][info  ] RTSpatialRefiner 0x71e8e3d29be0 (Used 0 MB), Evaluating 16 Geometry Pairs with Predicate Contains
[LIBGPUSPATIAL] [ 54594][17:30:01:158160][info  ] RTSpatialIndex 0x71e8e000ac10 (Used 1 MB), Allocate result buffer, memory consumption 0 MB, capacity 26
[LIBGPUSPATIAL] [ 54594][17:30:01:158295][info  ] RTSpatialIndex 0x71e8e000ac10 (Used 1 MB), Probe Points, Size: 100000, Results: 26
[LIBGPUSPATIAL] [ 54594][17:30:01:158716][info  ] RTSpatialRefiner 0x71e8e3d29be0 (Used 1 MB), Loaded Geometries, ProbeArray 100000, Loaded 18, Type Point
[LIBGPUSPATIAL] [ 54594][17:30:01:158789][info  ] RTSpatialRefiner 0x71e8e3d29be0 (Used 1 MB), Evaluating 26 Geometry Pairs with Predicate Contains
[LIBGPUSPATIAL] [ 54589][17:30:01:158831][info  ] RTSpatialIndex 0x71e8e000ac10 (Used 1 MB), Allocate result buffer, memory consumption 0 MB, capacity 21
[LIBGPUSPATIAL] [ 54589][17:30:01:159160][info  ] RTSpatialIndex 0x71e8e000ac10 (Used 1 MB), Probe Points, Size: 100000, Results: 21
[LIBGPUSPATIAL] [ 54589][17:30:01:161317][info  ] RTSpatialRefiner 0x71e8e3d29be0 (Used 0 MB), Loaded Geometries, ProbeArray 100000, Loaded 18, Type Point
[LIBGPUSPATIAL] [ 54589][17:30:01:161367][info  ] RTSpatialRefiner 0x71e8e3d29be0 (Used 0 MB), Evaluating 21 Geometry Pairs with Predicate Contains
[LIBGPUSPATIAL] [ 54590][17:30:01:167554][info  ] RTSpatialIndex 0x71e8e000ac10 (Used 1 MB), Allocate result buffer, memory consumption 0 MB, capacity 22
[LIBGPUSPATIAL] [ 54590][17:30:01:167697][info  ] RTSpatialIndex 0x71e8e000ac10 (Used 1 MB), Probe Points, Size: 100000, Results: 22
[LIBGPUSPATIAL] [ 54590][17:30:01:168281][info  ] RTSpatialRefiner 0x71e8e3d29be0 (Used 1 MB), Loaded Geometries, ProbeArray 100000, Loaded 18, Type Point
[LIBGPUSPATIAL] [ 54590][17:30:01:168327][info  ] RTSpatialRefiner 0x71e8e3d29be0 (Used 1 MB), Evaluating 22 Geometry Pairs with Predicate Contains
[LIBGPUSPATIAL] [ 54595][17:30:01:168637][info  ] RTSpatialIndex 0x71e8e000ac10 (Used 1 MB), Allocate result buffer, memory consumption 0 MB, capacity 20
[LIBGPUSPATIAL] [ 54595][17:30:01:168837][info  ] RTSpatialIndex 0x71e8e000ac10 (Used 1 MB), Probe Points, Size: 100000, Results: 20
[LIBGPUSPATIAL] [ 54596][17:30:01:170007][info  ] RTSpatialIndex 0x71e8e000ac10 (Used 1 MB), Allocate result buffer, memory consumption 0 MB, capacity 28
[LIBGPUSPATIAL] [ 54596][17:30:01:170177][info  ] RTSpatialIndex 0x71e8e000ac10 (Used 1 MB), Probe Points, Size: 100000, Results: 28
[LIBGPUSPATIAL] [ 54595][17:30:01:170387][info  ] RTSpatialRefiner 0x71e8e3d29be0 (Used 0 MB), Loaded Geometries, ProbeArray 100000, Loaded 16, Type Point
[LIBGPUSPATIAL] [ 54595][17:30:01:170466][info  ] RTSpatialRefiner 0x71e8e3d29be0 (Used 0 MB), Evaluating 20 Geometry Pairs with Predicate Contains
[LIBGPUSPATIAL] [ 54596][17:30:01:171229][info  ] RTSpatialRefiner 0x71e8e3d29be0 (Used 0 MB), Loaded Geometries, ProbeArray 100000, Loaded 22, Type Point
[LIBGPUSPATIAL] [ 54596][17:30:01:171275][info  ] RTSpatialRefiner 0x71e8e3d29be0 (Used 0 MB), Evaluating 28 Geometry Pairs with Predicate Contains
[LIBGPUSPATIAL] [ 54593][17:30:01:172512][info  ] RTSpatialIndex 0x71e8e000ac10 (Used 1 MB), Allocate result buffer, memory consumption 0 MB, capacity 23
[LIBGPUSPATIAL] [ 54593][17:30:01:172639][info  ] RTSpatialIndex 0x71e8e000ac10 (Used 1 MB), Probe Points, Size: 100000, Results: 23
[LIBGPUSPATIAL] [ 54593][17:30:01:173395][info  ] RTSpatialRefiner 0x71e8e3d29be0 (Used 0 MB), Loaded Geometries, ProbeArray 100000, Loaded 16, Type Point
[LIBGPUSPATIAL] [ 54593][17:30:01:173467][info  ] RTSpatialRefiner 0x71e8e3d29be0 (Used 0 MB), Evaluating 23 Geometry Pairs with Predicate Contains
[LIBGPUSPATIAL] [ 54594][17:30:01:175253][info  ] RTSpatialIndex 0x71e8e000ac10 (Used 2 MB), Allocate result buffer, memory consumption 0 MB, capacity 21
[LIBGPUSPATIAL] [ 54594][17:30:01:175427][info  ] RTSpatialIndex 0x71e8e000ac10 (Used 2 MB), Probe Points, Size: 100000, Results: 21
[LIBGPUSPATIAL] [ 54591][17:30:01:176780][info  ] RTSpatialIndex 0x71e8e000ac10 (Used 1 MB), Allocate result buffer, memory consumption 0 MB, capacity 24
[LIBGPUSPATIAL] [ 54592][17:30:01:176828][info  ] RTSpatialIndex 0x71e8e000ac10 (Used 1 MB), Allocate result buffer, memory consumption 0 MB, capacity 17
[LIBGPUSPATIAL] [ 54591][17:30:01:177389][info  ] RTSpatialIndex 0x71e8e000ac10 (Used 1 MB), Probe Points, Size: 100000, Results: 24
[LIBGPUSPATIAL] [ 54594][17:30:01:177598][info  ] RTSpatialRefiner 0x71e8e3d29be0 (Used 1 MB), Loaded Geometries, ProbeArray 100000, Loaded 18, Type Point
[LIBGPUSPATIAL] [ 54594][17:30:01:177647][info  ] RTSpatialRefiner 0x71e8e3d29be0 (Used 1 MB), Evaluating 21 Geometry Pairs with Predicate Contains
[LIBGPUSPATIAL] [ 54592][17:30:01:177808][info  ] RTSpatialIndex 0x71e8e000ac10 (Used 1 MB), Probe Points, Size: 100000, Results: 17
[LIBGPUSPATIAL] [ 54591][17:30:01:178243][info  ] RTSpatialRefiner 0x71e8e3d29be0 (Used 0 MB), Loaded Geometries, ProbeArray 100000, Loaded 20, Type Point
[LIBGPUSPATIAL] [ 54591][17:30:01:178288][info  ] RTSpatialRefiner 0x71e8e3d29be0 (Used 0 MB), Evaluating 24 Geometry Pairs with Predicate Contains
[LIBGPUSPATIAL] [ 54592][17:30:01:178250][info  ] RTSpatialRefiner 0x71e8e3d29be0 (Used 0 MB), Loaded Geometries, ProbeArray 100000, Loaded 14, Type Point
[LIBGPUSPATIAL] [ 54592][17:30:01:178378][info  ] RTSpatialRefiner 0x71e8e3d29be0 (Used 0 MB), Evaluating 17 Geometry Pairs with Predicate Contains
[LIBGPUSPATIAL] [ 54589][17:30:01:180409][info  ] RTSpatialIndex 0x71e8e000ac10 (Used 1 MB), Allocate result buffer, memory consumption 0 MB, capacity 26
[LIBGPUSPATIAL] [ 54589][17:30:01:180552][info  ] RTSpatialIndex 0x71e8e000ac10 (Used 1 MB), Probe Points, Size: 100000, Results: 26
[LIBGPUSPATIAL] [ 54589][17:30:01:181552][info  ] RTSpatialRefiner 0x71e8e3d29be0 (Used 0 MB), Loaded Geometries, ProbeArray 100000, Loaded 22, Type Point
[LIBGPUSPATIAL] [ 54589][17:30:01:181603][info  ] RTSpatialRefiner 0x71e8e3d29be0 (Used 0 MB), Evaluating 26 Geometry Pairs with Predicate Contains
[LIBGPUSPATIAL] [ 54590][17:30:01:185446][info  ] RTSpatialIndex 0x71e8e000ac10 (Used 1 MB), Allocate result buffer, memory consumption 0 MB, capacity 26
[LIBGPUSPATIAL] [ 54590][17:30:01:185576][info  ] RTSpatialIndex 0x71e8e000ac10 (Used 1 MB), Probe Points, Size: 100000, Results: 26
[LIBGPUSPATIAL] [ 54590][17:30:01:186182][info  ] RTSpatialRefiner 0x71e8e3d29be0 (Used 0 MB), Loaded Geometries, ProbeArray 100000, Loaded 20, Type Point
[LIBGPUSPATIAL] [ 54590][17:30:01:186226][info  ] RTSpatialRefiner 0x71e8e3d29be0 (Used 0 MB), Evaluating 26 Geometry Pairs with Predicate Contains
[LIBGPUSPATIAL] [ 54596][17:30:01:188076][info  ] RTSpatialIndex 0x71e8e000ac10 (Used 1 MB), Allocate result buffer, memory consumption 0 MB, capacity 21
[LIBGPUSPATIAL] [ 54596][17:30:01:188273][info  ] RTSpatialIndex 0x71e8e000ac10 (Used 1 MB), Probe Points, Size: 100000, Results: 21
[LIBGPUSPATIAL] [ 54596][17:30:01:189316][info  ] RTSpatialRefiner 0x71e8e3d29be0 (Used 0 MB), Loaded Geometries, ProbeArray 100000, Loaded 17, Type Point
[LIBGPUSPATIAL] [ 54596][17:30:01:189423][info  ] RTSpatialRefiner 0x71e8e3d29be0 (Used 1 MB), Evaluating 21 Geometry Pairs with Predicate Contains
[LIBGPUSPATIAL] [ 54595][17:30:01:189831][info  ] RTSpatialIndex 0x71e8e000ac10 (Used 1 MB), Allocate result buffer, memory consumption 0 MB, capacity 32
[LIBGPUSPATIAL] [ 54595][17:30:01:191198][info  ] RTSpatialIndex 0x71e8e000ac10 (Used 1 MB), Probe Points, Size: 100000, Results: 32
[LIBGPUSPATIAL] [ 54595][17:30:01:193252][info  ] RTSpatialRefiner 0x71e8e3d29be0 (Used 0 MB), Loaded Geometries, ProbeArray 100000, Loaded 22, Type Point
[LIBGPUSPATIAL] [ 54595][17:30:01:193329][info  ] RTSpatialRefiner 0x71e8e3d29be0 (Used 0 MB), Evaluating 32 Geometry Pairs with Predicate Contains
[LIBGPUSPATIAL] [ 54593][17:30:01:194106][info  ] RTSpatialIndex 0x71e8e000ac10 (Used 1 MB), Allocate result buffer, memory consumption 0 MB, capacity 23
[LIBGPUSPATIAL] [ 54593][17:30:01:194474][info  ] RTSpatialIndex 0x71e8e000ac10 (Used 2 MB), Probe Points, Size: 100000, Results: 23
[LIBGPUSPATIAL] [ 54591][17:30:01:194795][info  ] RTSpatialIndex 0x71e8e000ac10 (Used 1 MB), Allocate result buffer, memory consumption 0 MB, capacity 13
[LIBGPUSPATIAL] [ 54591][17:30:01:194921][info  ] RTSpatialIndex 0x71e8e000ac10 (Used 1 MB), Probe Points, Size: 100000, Results: 13
[LIBGPUSPATIAL] [ 54593][17:30:01:196797][info  ] RTSpatialRefiner 0x71e8e3d29be0 (Used 2 MB), Loaded Geometries, ProbeArray 100000, Loaded 18, Type Point
[LIBGPUSPATIAL] [ 54593][17:30:01:196846][info  ] RTSpatialRefiner 0x71e8e3d29be0 (Used 2 MB), Evaluating 23 Geometry Pairs with Predicate Contains
[LIBGPUSPATIAL] [ 54591][17:30:01:196978][info  ] RTSpatialRefiner 0x71e8e3d29be0 (Used 2 MB), Loaded Geometries, ProbeArray 100000, Loaded 9, Type Point
[LIBGPUSPATIAL] [ 54591][17:30:01:197022][info  ] RTSpatialRefiner 0x71e8e3d29be0 (Used 2 MB), Evaluating 13 Geometry Pairs with Predicate Contains
[LIBGPUSPATIAL] [ 54592][17:30:01:198358][info  ] RTSpatialIndex 0x71e8e000ac10 (Used 1 MB), Allocate result buffer, memory consumption 0 MB, capacity 21
[LIBGPUSPATIAL] [ 54594][17:30:01:198560][info  ] RTSpatialIndex 0x71e8e000ac10 (Used 1 MB), Allocate result buffer, memory consumption 0 MB, capacity 12
[LIBGPUSPATIAL] [ 54592][17:30:01:198788][info  ] RTSpatialIndex 0x71e8e000ac10 (Used 1 MB), Probe Points, Size: 100000, Results: 21
[LIBGPUSPATIAL] [ 54594][17:30:01:198913][info  ] RTSpatialIndex 0x71e8e000ac10 (Used 1 MB), Probe Points, Size: 100000, Results: 12
[LIBGPUSPATIAL] [ 54592][17:30:01:201290][info  ] RTSpatialRefiner 0x71e8e3d29be0 (Used 2 MB), Loaded Geometries, ProbeArray 100000, Loaded 18, Type Point
[LIBGPUSPATIAL] [ 54592][17:30:01:201472][info  ] RTSpatialRefiner 0x71e8e3d29be0 (Used 2 MB), Evaluating 21 Geometry Pairs with Predicate Contains
[LIBGPUSPATIAL] [ 54594][17:30:01:201576][info  ] RTSpatialRefiner 0x71e8e3d29be0 (Used 1 MB), Loaded Geometries, ProbeArray 100000, Loaded 11, Type Point
[LIBGPUSPATIAL] [ 54589][17:30:01:201605][info  ] RTSpatialIndex 0x71e8e000ac10 (Used 1 MB), Allocate result buffer, memory consumption 0 MB, capacity 12
[LIBGPUSPATIAL] [ 54594][17:30:01:201664][info  ] RTSpatialRefiner 0x71e8e3d29be0 (Used 1 MB), Evaluating 12 Geometry Pairs with Predicate Contains
[LIBGPUSPATIAL] [ 54590][17:30:01:202282][info  ] RTSpatialIndex 0x71e8e000ac10 (Used 1 MB), Allocate result buffer, memory consumption 0 MB, capacity 46
[LIBGPUSPATIAL] [ 54589][17:30:01:202812][info  ] RTSpatialIndex 0x71e8e000ac10 (Used 1 MB), Probe Points, Size: 100000, Results: 12
[LIBGPUSPATIAL] [ 54590][17:30:01:202859][info  ] RTSpatialIndex 0x71e8e000ac10 (Used 1 MB), Probe Points, Size: 100000, Results: 46
[LIBGPUSPATIAL] [ 54596][17:30:01:203961][info  ] RTSpatialIndex 0x71e8e000ac10 (Used 1 MB), Allocate result buffer, memory consumption 0 MB, capacity 27
[LIBGPUSPATIAL] [ 54596][17:30:01:204111][info  ] RTSpatialIndex 0x71e8e000ac10 (Used 1 MB), Probe Points, Size: 100000, Results: 27
[LIBGPUSPATIAL] [ 54589][17:30:01:204450][info  ] RTSpatialRefiner 0x71e8e3d29be0 (Used 0 MB), Loaded Geometries, ProbeArray 100000, Loaded 10, Type Point
[LIBGPUSPATIAL] [ 54589][17:30:01:204520][info  ] RTSpatialRefiner 0x71e8e3d29be0 (Used 0 MB), Evaluating 12 Geometry Pairs with Predicate Contains
[LIBGPUSPATIAL] [ 54590][17:30:01:205405][info  ] RTSpatialRefiner 0x71e8e3d29be0 (Used 0 MB), Loaded Geometries, ProbeArray 100000, Loaded 34, Type Point
[LIBGPUSPATIAL] [ 54590][17:30:01:205452][info  ] RTSpatialRefiner 0x71e8e3d29be0 (Used 0 MB), Evaluating 46 Geometry Pairs with Predicate Contains
[LIBGPUSPATIAL] [ 54596][17:30:01:206308][info  ] RTSpatialRefiner 0x71e8e3d29be0 (Used 0 MB), Loaded Geometries, ProbeArray 100000, Loaded 24, Type Point
[LIBGPUSPATIAL] [ 54596][17:30:01:206637][info  ] RTSpatialRefiner 0x71e8e3d29be0 (Used 0 MB), Evaluating 27 Geometry Pairs with Predicate Contains
[LIBGPUSPATIAL] [ 54595][17:30:01:211792][info  ] RTSpatialIndex 0x71e8e000ac10 (Used 1 MB), Allocate result buffer, memory consumption 0 MB, capacity 32
[LIBGPUSPATIAL] [ 54595][17:30:01:211930][info  ] RTSpatialIndex 0x71e8e000ac10 (Used 1 MB), Probe Points, Size: 100000, Results: 32
[LIBGPUSPATIAL] [ 54595][17:30:01:212800][info  ] RTSpatialRefiner 0x71e8e3d29be0 (Used 0 MB), Loaded Geometries, ProbeArray 100000, Loaded 26, Type Point
[LIBGPUSPATIAL] [ 54595][17:30:01:212849][info  ] RTSpatialRefiner 0x71e8e3d29be0 (Used 0 MB), Evaluating 32 Geometry Pairs with Predicate Contains
[LIBGPUSPATIAL] [ 54591][17:30:01:216649][info  ] RTSpatialIndex 0x71e8e000ac10 (Used 1 MB), Allocate result buffer, memory consumption 0 MB, capacity 22
[LIBGPUSPATIAL] [ 54591][17:30:01:216792][info  ] RTSpatialIndex 0x71e8e000ac10 (Used 1 MB), Probe Points, Size: 100000, Results: 22
[LIBGPUSPATIAL] [ 54591][17:30:01:217205][info  ] RTSpatialRefiner 0x71e8e3d29be0 (Used 0 MB), Loaded Geometries, ProbeArray 100000, Loaded 18, Type Point
[LIBGPUSPATIAL] [ 54591][17:30:01:217248][info  ] RTSpatialRefiner 0x71e8e3d29be0 (Used 0 MB), Evaluating 22 Geometry Pairs with Predicate Contains
[LIBGPUSPATIAL] [ 54593][17:30:01:218019][info  ] RTSpatialIndex 0x71e8e000ac10 (Used 1 MB), Allocate result buffer, memory consumption 0 MB, capacity 22
[LIBGPUSPATIAL] [ 54593][17:30:01:218162][info  ] RTSpatialIndex 0x71e8e000ac10 (Used 1 MB), Probe Points, Size: 100000, Results: 22
[LIBGPUSPATIAL] [ 54593][17:30:01:219011][info  ] RTSpatialRefiner 0x71e8e3d29be0 (Used 0 MB), Loaded Geometries, ProbeArray 100000, Loaded 17, Type Point
[LIBGPUSPATIAL] [ 54593][17:30:01:219525][info  ] RTSpatialRefiner 0x71e8e3d29be0 (Used 0 MB), Evaluating 22 Geometry Pairs with Predicate Contains
[LIBGPUSPATIAL] [ 54594][17:30:01:222581][info  ] RTSpatialIndex 0x71e8e000ac10 (Used 1 MB), Allocate result buffer, memory consumption 0 MB, capacity 21
[LIBGPUSPATIAL] [ 54594][17:30:01:222797][info  ] RTSpatialIndex 0x71e8e000ac10 (Used 3 MB), Probe Points, Size: 100000, Results: 21
[LIBGPUSPATIAL] [ 54592][17:30:01:222603][info  ] RTSpatialIndex 0x71e8e000ac10 (Used 1 MB), Allocate result buffer, memory consumption 0 MB, capacity 35
[LIBGPUSPATIAL] [ 54592][17:30:01:223757][info  ] RTSpatialIndex 0x71e8e000ac10 (Used 1 MB), Probe Points, Size: 100000, Results: 35
[LIBGPUSPATIAL] [ 54594][17:30:01:223893][info  ] RTSpatialRefiner 0x71e8e3d29be0 (Used 1 MB), Loaded Geometries, ProbeArray 100000, Loaded 17, Type Point
[LIBGPUSPATIAL] [ 54589][17:30:01:223941][info  ] RTSpatialIndex 0x71e8e000ac10 (Used 1 MB), Allocate result buffer, memory consumption 0 MB, capacity 27
[LIBGPUSPATIAL] [ 54594][17:30:01:223946][info  ] RTSpatialRefiner 0x71e8e3d29be0 (Used 1 MB), Evaluating 21 Geometry Pairs with Predicate Contains
[LIBGPUSPATIAL] [ 54589][17:30:01:224462][info  ] RTSpatialIndex 0x71e8e000ac10 (Used 2 MB), Probe Points, Size: 100000, Results: 27
[LIBGPUSPATIAL] [ 54590][17:30:01:224957][info  ] RTSpatialIndex 0x71e8e000ac10 (Used 1 MB), Allocate result buffer, memory consumption 0 MB, capacity 29
[LIBGPUSPATIAL] [ 54592][17:30:01:224992][info  ] RTSpatialRefiner 0x71e8e3d29be0 (Used 1 MB), Loaded Geometries, ProbeArray 100000, Loaded 23, Type Point
[LIBGPUSPATIAL] [ 54592][17:30:01:225168][info  ] RTSpatialRefiner 0x71e8e3d29be0 (Used 1 MB), Evaluating 35 Geometry Pairs with Predicate Contains
[LIBGPUSPATIAL] [ 54590][17:30:01:225321][info  ] RTSpatialIndex 0x71e8e000ac10 (Used 1 MB), Probe Points, Size: 100000, Results: 29
[LIBGPUSPATIAL] [ 54589][17:30:01:225328][info  ] RTSpatialRefiner 0x71e8e3d29be0 (Used 1 MB), Loaded Geometries, ProbeArray 100000, Loaded 19, Type Point
[LIBGPUSPATIAL] [ 54589][17:30:01:225364][info  ] RTSpatialRefiner 0x71e8e3d29be0 (Used 0 MB), Evaluating 27 Geometry Pairs with Predicate Contains
[LIBGPUSPATIAL] [ 54590][17:30:01:226485][info  ] RTSpatialRefiner 0x71e8e3d29be0 (Used 2 MB), Loaded Geometries, ProbeArray 100000, Loaded 24, Type Point
[LIBGPUSPATIAL] [ 54590][17:30:01:226528][info  ] RTSpatialRefiner 0x71e8e3d29be0 (Used 2 MB), Evaluating 29 Geometry Pairs with Predicate Contains
[LIBGPUSPATIAL] [ 54596][17:30:01:228688][info  ] RTSpatialIndex 0x71e8e000ac10 (Used 1 MB), Allocate result buffer, memory consumption 0 MB, capacity 19
[LIBGPUSPATIAL] [ 54596][17:30:01:229158][info  ] RTSpatialIndex 0x71e8e000ac10 (Used 1 MB), Probe Points, Size: 100000, Results: 19
[LIBGPUSPATIAL] [ 54595][17:30:01:229288][info  ] RTSpatialIndex 0x71e8e000ac10 (Used 1 MB), Allocate result buffer, memory consumption 0 MB, capacity 29
[LIBGPUSPATIAL] [ 54595][17:30:01:230163][info  ] RTSpatialIndex 0x71e8e000ac10 (Used 1 MB), Probe Points, Size: 100000, Results: 29
[LIBGPUSPATIAL] [ 54596][17:30:01:232304][info  ] RTSpatialRefiner 0x71e8e3d29be0 (Used 0 MB), Loaded Geometries, ProbeArray 100000, Loaded 14, Type Point
[LIBGPUSPATIAL] [ 54595][17:30:01:232320][info  ] RTSpatialRefiner 0x71e8e3d29be0 (Used 0 MB), Loaded Geometries, ProbeArray 100000, Loaded 21, Type Point
[LIBGPUSPATIAL] [ 54596][17:30:01:232353][info  ] RTSpatialRefiner 0x71e8e3d29be0 (Used 0 MB), Evaluating 19 Geometry Pairs with Predicate Contains
[LIBGPUSPATIAL] [ 54595][17:30:01:232360][info  ] RTSpatialRefiner 0x71e8e3d29be0 (Used 0 MB), Evaluating 29 Geometry Pairs with Predicate Contains
[LIBGPUSPATIAL] [ 54591][17:30:01:233218][info  ] RTSpatialIndex 0x71e8e000ac10 (Used 1 MB), Allocate result buffer, memory consumption 0 MB, capacity 32
[LIBGPUSPATIAL] [ 54591][17:30:01:233789][info  ] RTSpatialIndex 0x71e8e000ac10 (Used 1 MB), Probe Points, Size: 100000, Results: 32
[LIBGPUSPATIAL] [ 54591][17:30:01:234657][info  ] RTSpatialRefiner 0x71e8e3d29be0 (Used 1 MB), Loaded Geometries, ProbeArray 100000, Loaded 23, Type Point
[LIBGPUSPATIAL] [ 54591][17:30:01:234814][info  ] RTSpatialRefiner 0x71e8e3d29be0 (Used 1 MB), Evaluating 32 Geometry Pairs with Predicate Contains
[LIBGPUSPATIAL] [ 54593][17:30:01:235233][info  ] RTSpatialIndex 0x71e8e000ac10 (Used 1 MB), Allocate result buffer, memory consumption 0 MB, capacity 19
[LIBGPUSPATIAL] [ 54593][17:30:01:235845][info  ] RTSpatialIndex 0x71e8e000ac10 (Used 1 MB), Probe Points, Size: 100000, Results: 19
[LIBGPUSPATIAL] [ 54593][17:30:01:237443][info  ] RTSpatialRefiner 0x71e8e3d29be0 (Used 0 MB), Loaded Geometries, ProbeArray 100000, Loaded 17, Type Point
[LIBGPUSPATIAL] [ 54593][17:30:01:237483][info  ] RTSpatialRefiner 0x71e8e3d29be0 (Used 0 MB), Evaluating 19 Geometry Pairs with Predicate Contains
[LIBGPUSPATIAL] [ 54594][17:30:01:243749][info  ] RTSpatialIndex 0x71e8e000ac10 (Used 1 MB), Allocate result buffer, memory consumption 0 MB, capacity 20
[LIBGPUSPATIAL] [ 54594][17:30:01:243883][info  ] RTSpatialIndex 0x71e8e000ac10 (Used 1 MB), Probe Points, Size: 100000, Results: 20
[LIBGPUSPATIAL] [ 54594][17:30:01:244290][info  ] RTSpatialRefiner 0x71e8e3d29be0 (Used 0 MB), Loaded Geometries, ProbeArray 100000, Loaded 16, Type Point
[LIBGPUSPATIAL] [ 54594][17:30:01:244333][info  ] RTSpatialRefiner 0x71e8e3d29be0 (Used 0 MB), Evaluating 20 Geometry Pairs with Predicate Contains
[LIBGPUSPATIAL] [ 54589][17:30:01:246132][info  ] RTSpatialIndex 0x71e8e000ac10 (Used 1 MB), Allocate result buffer, memory consumption 0 MB, capacity 34
[LIBGPUSPATIAL] [ 54590][17:30:01:246186][info  ] RTSpatialIndex 0x71e8e000ac10 (Used 1 MB), Allocate result buffer, memory consumption 0 MB, capacity 26
[LIBGPUSPATIAL] [ 54589][17:30:01:246406][info  ] RTSpatialIndex 0x71e8e000ac10 (Used 1 MB), Probe Points, Size: 100000, Results: 34
[LIBGPUSPATIAL] [ 54590][17:30:01:246465][info  ] RTSpatialIndex 0x71e8e000ac10 (Used 1 MB), Probe Points, Size: 100000, Results: 26
[LIBGPUSPATIAL] [ 54589][17:30:01:247233][info  ] RTSpatialRefiner 0x71e8e3d29be0 (Used 0 MB), Loaded Geometries, ProbeArray 100000, Loaded 25, Type Point
[LIBGPUSPATIAL] [ 54589][17:30:01:247311][info  ] RTSpatialRefiner 0x71e8e3d29be0 (Used 0 MB), Evaluating 34 Geometry Pairs with Predicate Contains
[LIBGPUSPATIAL] [ 54592][17:30:01:247936][info  ] RTSpatialIndex 0x71e8e000ac10 (Used 1 MB), Allocate result buffer, memory consumption 0 MB, capacity 20
[LIBGPUSPATIAL] [ 54590][17:30:01:248269][info  ] RTSpatialRefiner 0x71e8e3d29be0 (Used 1 MB), Loaded Geometries, ProbeArray 100000, Loaded 18, Type Point
[LIBGPUSPATIAL] [ 54590][17:30:01:248314][info  ] RTSpatialRefiner 0x71e8e3d29be0 (Used 1 MB), Evaluating 26 Geometry Pairs with Predicate Contains
[LIBGPUSPATIAL] [ 54592][17:30:01:249165][info  ] RTSpatialIndex 0x71e8e000ac10 (Used 1 MB), Probe Points, Size: 100000, Results: 20
[LIBGPUSPATIAL] [ 54592][17:30:01:252412][info  ] RTSpatialRefiner 0x71e8e3d29be0 (Used 3 MB), Loaded Geometries, ProbeArray 100000, Loaded 14, Type Point
[LIBGPUSPATIAL] [ 54591][17:30:01:252535][info  ] RTSpatialIndex 0x71e8e000ac10 (Used 1 MB), Allocate result buffer, memory consumption 0 MB, capacity 36
[LIBGPUSPATIAL] [ 54592][17:30:01:252540][info  ] RTSpatialRefiner 0x71e8e3d29be0 (Used 1 MB), Evaluating 20 Geometry Pairs with Predicate Contains
[LIBGPUSPATIAL] [ 54595][17:30:01:253192][info  ] RTSpatialIndex 0x71e8e000ac10 (Used 1 MB), Allocate result buffer, memory consumption 0 MB, capacity 22
[LIBGPUSPATIAL] [ 54591][17:30:01:253397][info  ] RTSpatialIndex 0x71e8e000ac10 (Used 1 MB), Probe Points, Size: 100000, Results: 36
[LIBGPUSPATIAL] [ 54595][17:30:01:253926][info  ] RTSpatialIndex 0x71e8e000ac10 (Used 2 MB), Probe Points, Size: 100000, Results: 22
[LIBGPUSPATIAL] [ 54591][17:30:01:254178][info  ] RTSpatialRefiner 0x71e8e3d29be0 (Used 1 MB), Loaded Geometries, ProbeArray 100000, Loaded 25, Type Point
[LIBGPUSPATIAL] [ 54591][17:30:01:254301][info  ] RTSpatialRefiner 0x71e8e3d29be0 (Used 1 MB), Evaluating 36 Geometry Pairs with Predicate Contains
[LIBGPUSPATIAL] [ 54596][17:30:01:254862][info  ] RTSpatialIndex 0x71e8e000ac10 (Used 1 MB), Allocate result buffer, memory consumption 0 MB, capacity 22
[LIBGPUSPATIAL] [ 54595][17:30:01:255485][info  ] RTSpatialRefiner 0x71e8e3d29be0 (Used 1 MB), Loaded Geometries, ProbeArray 100000, Loaded 17, Type Point
[LIBGPUSPATIAL] [ 54595][17:30:01:255547][info  ] RTSpatialRefiner 0x71e8e3d29be0 (Used 1 MB), Evaluating 22 Geometry Pairs with Predicate Contains
[LIBGPUSPATIAL] [ 54596][17:30:01:255749][info  ] RTSpatialIndex 0x71e8e000ac10 (Used 1 MB), Probe Points, Size: 100000, Results: 22
[LIBGPUSPATIAL] [ 54593][17:30:01:256160][info  ] RTSpatialIndex 0x71e8e000ac10 (Used 1 MB), Allocate result buffer, memory consumption 0 MB, capacity 27
[LIBGPUSPATIAL] [ 54593][17:30:01:256281][info  ] RTSpatialIndex 0x71e8e000ac10 (Used 1 MB), Probe Points, Size: 100000, Results: 27
[LIBGPUSPATIAL] [ 54596][17:30:01:256733][info  ] RTSpatialRefiner 0x71e8e3d29be0 (Used 0 MB), Loaded Geometries, ProbeArray 100000, Loaded 18, Type Point
[LIBGPUSPATIAL] [ 54596][17:30:01:256800][info  ] RTSpatialRefiner 0x71e8e3d29be0 (Used 0 MB), Evaluating 22 Geometry Pairs with Predicate Contains
[LIBGPUSPATIAL] [ 54593][17:30:01:257283][info  ] RTSpatialRefiner 0x71e8e3d29be0 (Used 0 MB), Loaded Geometries, ProbeArray 100000, Loaded 20, Type Point
[LIBGPUSPATIAL] [ 54593][17:30:01:257323][info  ] RTSpatialRefiner 0x71e8e3d29be0 (Used 0 MB), Evaluating 27 Geometry Pairs with Predicate Contains
[LIBGPUSPATIAL] [ 54594][17:30:01:263900][info  ] RTSpatialIndex 0x71e8e000ac10 (Used 1 MB), Allocate result buffer, memory consumption 0 MB, capacity 23
[LIBGPUSPATIAL] [ 54594][17:30:01:264028][info  ] RTSpatialIndex 0x71e8e000ac10 (Used 1 MB), Probe Points, Size: 100000, Results: 23
[LIBGPUSPATIAL] [ 54594][17:30:01:264502][info  ] RTSpatialRefiner 0x71e8e3d29be0 (Used 0 MB), Loaded Geometries, ProbeArray 100000, Loaded 20, Type Point
[LIBGPUSPATIAL] [ 54594][17:30:01:264545][info  ] RTSpatialRefiner 0x71e8e3d29be0 (Used 0 MB), Evaluating 23 Geometry Pairs with Predicate Contains
[LIBGPUSPATIAL] [ 54590][17:30:01:265382][info  ] RTSpatialIndex 0x71e8e000ac10 (Used 1 MB), Allocate result buffer, memory consumption 0 MB, capacity 22
[LIBGPUSPATIAL] [ 54589][17:30:01:265792][info  ] RTSpatialIndex 0x71e8e000ac10 (Used 1 MB), Allocate result buffer, memory consumption 0 MB, capacity 32
[LIBGPUSPATIAL] [ 54589][17:30:01:265908][info  ] RTSpatialIndex 0x71e8e000ac10 (Used 1 MB), Probe Points, Size: 100000, Results: 32
[LIBGPUSPATIAL] [ 54590][17:30:01:266160][info  ] RTSpatialIndex 0x71e8e000ac10 (Used 1 MB), Probe Points, Size: 100000, Results: 22
[LIBGPUSPATIAL] [ 54590][17:30:01:266534][info  ] RTSpatialRefiner 0x71e8e3d29be0 (Used 0 MB), Loaded Geometries, ProbeArray 100000, Loaded 18, Type Point
[LIBGPUSPATIAL] [ 54590][17:30:01:266577][info  ] RTSpatialRefiner 0x71e8e3d29be0 (Used 0 MB), Evaluating 22 Geometry Pairs with Predicate Contains
[LIBGPUSPATIAL] [ 54589][17:30:01:267212][info  ] RTSpatialRefiner 0x71e8e3d29be0 (Used 0 MB), Loaded Geometries, ProbeArray 100000, Loaded 24, Type Point
[LIBGPUSPATIAL] [ 54589][17:30:01:267253][info  ] RTSpatialRefiner 0x71e8e3d29be0 (Used 0 MB), Evaluating 32 Geometry Pairs with Predicate Contains
[LIBGPUSPATIAL] [ 54591][17:30:01:272198][info  ] RTSpatialIndex 0x71e8e000ac10 (Used 1 MB), Allocate result buffer, memory consumption 0 MB, capacity 10
[LIBGPUSPATIAL] [ 54591][17:30:01:272348][info  ] RTSpatialIndex 0x71e8e000ac10 (Used 1 MB), Probe Points, Size: 100000, Results: 10
[LIBGPUSPATIAL] [ 54591][17:30:01:273697][info  ] RTSpatialRefiner 0x71e8e3d29be0 (Used 4 MB), Loaded Geometries, ProbeArray 100000, Loaded 8, Type Point
[LIBGPUSPATIAL] [ 54591][17:30:01:273751][info  ] RTSpatialRefiner 0x71e8e3d29be0 (Used 4 MB), Evaluating 10 Geometry Pairs with Predicate Contains
[LIBGPUSPATIAL] [ 54592][17:30:01:274970][info  ] RTSpatialIndex 0x71e8e000ac10 (Used 5 MB), Allocate result buffer, memory consumption 0 MB, capacity 26
[LIBGPUSPATIAL] [ 54592][17:30:01:275561][info  ] RTSpatialIndex 0x71e8e000ac10 (Used 3 MB), Probe Points, Size: 100000, Results: 26
[LIBGPUSPATIAL] [ 54596][17:30:01:275635][info  ] RTSpatialIndex 0x71e8e000ac10 (Used 2 MB), Allocate result buffer, memory consumption 0 MB, capacity 19
[LIBGPUSPATIAL] [ 54593][17:30:01:275698][info  ] RTSpatialIndex 0x71e8e000ac10 (Used 2 MB), Allocate result buffer, memory consumption 0 MB, capacity 12
[LIBGPUSPATIAL] [ 54595][17:30:01:276112][info  ] RTSpatialIndex 0x71e8e000ac10 (Used 2 MB), Allocate result buffer, memory consumption 0 MB, capacity 27
[LIBGPUSPATIAL] [ 54592][17:30:01:276496][info  ] RTSpatialRefiner 0x71e8e3d29be0 (Used 2 MB), Loaded Geometries, ProbeArray 100000, Loaded 20, Type Point
[LIBGPUSPATIAL] [ 54596][17:30:01:276505][info  ] RTSpatialIndex 0x71e8e000ac10 (Used 2 MB), Probe Points, Size: 100000, Results: 19
[LIBGPUSPATIAL] [ 54592][17:30:01:276538][info  ] RTSpatialRefiner 0x71e8e3d29be0 (Used 1 MB), Evaluating 26 Geometry Pairs with Predicate Contains
[LIBGPUSPATIAL] [ 54593][17:30:01:276880][info  ] RTSpatialIndex 0x71e8e000ac10 (Used 1 MB), Probe Points, Size: 100000, Results: 12
[LIBGPUSPATIAL] [ 54595][17:30:01:277101][info  ] RTSpatialIndex 0x71e8e000ac10 (Used 1 MB), Probe Points, Size: 100000, Results: 27
[LIBGPUSPATIAL] [ 54596][17:30:01:277247][info  ] RTSpatialRefiner 0x71e8e3d29be0 (Used 0 MB), Loaded Geometries, ProbeArray 100000, Loaded 16, Type Point
[LIBGPUSPATIAL] [ 54596][17:30:01:277300][info  ] RTSpatialRefiner 0x71e8e3d29be0 (Used 0 MB), Evaluating 19 Geometry Pairs with Predicate Contains
[LIBGPUSPATIAL] [ 54595][17:30:01:277605][info  ] RTSpatialRefiner 0x71e8e3d29be0 (Used 0 MB), Loaded Geometries, ProbeArray 100000, Loaded 18, Type Point
[LIBGPUSPATIAL] [ 54595][17:30:01:277646][info  ] RTSpatialRefiner 0x71e8e3d29be0 (Used 0 MB), Evaluating 27 Geometry Pairs with Predicate Contains
[LIBGPUSPATIAL] [ 54594][17:30:01:281353][info  ] RTSpatialIndex 0x71e8e000ac10 (Used 1 MB), Allocate result buffer, memory consumption 0 MB, capacity 14
[LIBGPUSPATIAL] [ 54593][17:30:01:281361][info  ] RTSpatialRefiner 0x71e8e3d29be0 (Used 1 MB), Loaded Geometries, ProbeArray 100000, Loaded 11, Type Point
[LIBGPUSPATIAL] [ 54593][17:30:01:281463][info  ] RTSpatialRefiner 0x71e8e3d29be0 (Used 1 MB), Evaluating 12 Geometry Pairs with Predicate Contains
[LIBGPUSPATIAL] [ 54594][17:30:01:281674][info  ] RTSpatialIndex 0x71e8e000ac10 (Used 1 MB), Probe Points, Size: 100000, Results: 14
[LIBGPUSPATIAL] [ 54594][17:30:01:282197][info  ] RTSpatialRefiner 0x71e8e3d29be0 (Used 1 MB), Loaded Geometries, ProbeArray 100000, Loaded 12, Type Point
[LIBGPUSPATIAL] [ 54594][17:30:01:282244][info  ] RTSpatialRefiner 0x71e8e3d29be0 (Used 1 MB), Evaluating 14 Geometry Pairs with Predicate Contains
[LIBGPUSPATIAL] [ 54590][17:30:01:282380][info  ] RTSpatialIndex 0x71e8e000ac10 (Used 1 MB), Allocate result buffer, memory consumption 0 MB, capacity 29
[LIBGPUSPATIAL] [ 54590][17:30:01:282668][info  ] RTSpatialIndex 0x71e8e000ac10 (Used 1 MB), Probe Points, Size: 100000, Results: 29
[LIBGPUSPATIAL] [ 54590][17:30:01:283282][info  ] RTSpatialRefiner 0x71e8e3d29be0 (Used 0 MB), Loaded Geometries, ProbeArray 100000, Loaded 25, Type Point
[LIBGPUSPATIAL] [ 54590][17:30:01:283326][info  ] RTSpatialRefiner 0x71e8e3d29be0 (Used 0 MB), Evaluating 29 Geometry Pairs with Predicate Contains
[LIBGPUSPATIAL] [ 54589][17:30:01:284295][info  ] RTSpatialIndex 0x71e8e000ac10 (Used 1 MB), Allocate result buffer, memory consumption 0 MB, capacity 30
[LIBGPUSPATIAL] [ 54589][17:30:01:284447][info  ] RTSpatialIndex 0x71e8e000ac10 (Used 1 MB), Probe Points, Size: 100000, Results: 30
[LIBGPUSPATIAL] [ 54589][17:30:01:286166][info  ] RTSpatialRefiner 0x71e8e3d29be0 (Used 0 MB), Loaded Geometries, ProbeArray 100000, Loaded 24, Type Point
[LIBGPUSPATIAL] [ 54589][17:30:01:286313][info  ] RTSpatialRefiner 0x71e8e3d29be0 (Used 0 MB), Evaluating 30 Geometry Pairs with Predicate Contains
[LIBGPUSPATIAL] [ 54593][17:30:01:288660][info  ] RTSpatialIndex 0x71e8e000ac10 (Used 0 MB), Allocate result buffer, memory consumption 0 MB, capacity 4
[LIBGPUSPATIAL] [ 54593][17:30:01:288797][info  ] RTSpatialIndex 0x71e8e000ac10 (Used 0 MB), Probe Points, Size: 33333, Results: 4
[LIBGPUSPATIAL] [ 54593][17:30:01:290299][info  ] RTSpatialRefiner 0x71e8e3d29be0 (Used 0 MB), Loaded Geometries, ProbeArray 33333, Loaded 3, Type Point
[LIBGPUSPATIAL] [ 54593][17:30:01:290346][info  ] RTSpatialRefiner 0x71e8e3d29be0 (Used 0 MB), Evaluating 4 Geometry Pairs with Predicate Contains
[LIBGPUSPATIAL] [ 54591][17:30:01:291504][info  ] RTSpatialIndex 0x71e8e000ac10 (Used 1 MB), Allocate result buffer, memory consumption 0 MB, capacity 16
[LIBGPUSPATIAL] [ 54591][17:30:01:291625][info  ] RTSpatialIndex 0x71e8e000ac10 (Used 1 MB), Probe Points, Size: 100000, Results: 16
[LIBGPUSPATIAL] [ 54591][17:30:01:292094][info  ] RTSpatialRefiner 0x71e8e3d29be0 (Used 0 MB), Loaded Geometries, ProbeArray 100000, Loaded 12, Type Point
[LIBGPUSPATIAL] [ 54591][17:30:01:292137][info  ] RTSpatialRefiner 0x71e8e3d29be0 (Used 0 MB), Evaluating 16 Geometry Pairs with Predicate Contains
[LIBGPUSPATIAL] [ 54592][17:30:01:296135][info  ] RTSpatialIndex 0x71e8e000ac10 (Used 2 MB), Allocate result buffer, memory consumption 0 MB, capacity 30
[LIBGPUSPATIAL] [ 54592][17:30:01:296758][info  ] RTSpatialIndex 0x71e8e000ac10 (Used 1 MB), Probe Points, Size: 100000, Results: 30
[LIBGPUSPATIAL] [ 54595][17:30:01:296812][info  ] RTSpatialIndex 0x71e8e000ac10 (Used 1 MB), Allocate result buffer, memory consumption 0 MB, capacity 10
[LIBGPUSPATIAL] [ 54595][17:30:01:297222][info  ] RTSpatialIndex 0x71e8e000ac10 (Used 1 MB), Probe Points, Size: 100000, Results: 10
[LIBGPUSPATIAL] [ 54595][17:30:01:297623][info  ] RTSpatialRefiner 0x71e8e3d29be0 (Used 0 MB), Loaded Geometries, ProbeArray 100000, Loaded 8, Type Point
[LIBGPUSPATIAL] [ 54595][17:30:01:297667][info  ] RTSpatialRefiner 0x71e8e3d29be0 (Used 0 MB), Evaluating 10 Geometry Pairs with Predicate Contains
[LIBGPUSPATIAL] [ 54592][17:30:01:297742][info  ] RTSpatialRefiner 0x71e8e3d29be0 (Used 0 MB), Loaded Geometries, ProbeArray 100000, Loaded 23, Type Point
[LIBGPUSPATIAL] [ 54592][17:30:01:297781][info  ] RTSpatialRefiner 0x71e8e3d29be0 (Used 0 MB), Evaluating 30 Geometry Pairs with Predicate Contains
[LIBGPUSPATIAL] [ 54590][17:30:01:300335][info  ] RTSpatialIndex 0x71e8e000ac10 (Used 1 MB), Allocate result buffer, memory consumption 0 MB, capacity 17
[LIBGPUSPATIAL] [ 54590][17:30:01:300552][info  ] RTSpatialIndex 0x71e8e000ac10 (Used 2 MB), Probe Points, Size: 100000, Results: 17
[LIBGPUSPATIAL] [ 54594][17:30:01:301393][info  ] RTSpatialIndex 0x71e8e000ac10 (Used 1 MB), Allocate result buffer, memory consumption 0 MB, capacity 19
[LIBGPUSPATIAL] [ 54594][17:30:01:301611][info  ] RTSpatialIndex 0x71e8e000ac10 (Used 1 MB), Probe Points, Size: 100000, Results: 19
[LIBGPUSPATIAL] [ 54594][17:30:01:302423][info  ] RTSpatialRefiner 0x71e8e3d29be0 (Used 0 MB), Loaded Geometries, ProbeArray 100000, Loaded 15, Type Point
[LIBGPUSPATIAL] [ 54594][17:30:01:302610][info  ] RTSpatialRefiner 0x71e8e3d29be0 (Used 0 MB), Evaluating 19 Geometry Pairs with Predicate Contains
[LIBGPUSPATIAL] [ 54590][17:30:01:303350][info  ] RTSpatialRefiner 0x71e8e3d29be0 (Used 1 MB), Loaded Geometries, ProbeArray 100000, Loaded 14, Type Point
[LIBGPUSPATIAL] [ 54590][17:30:01:303438][info  ] RTSpatialRefiner 0x71e8e3d29be0 (Used 2 MB), Evaluating 17 Geometry Pairs with Predicate Contains
[LIBGPUSPATIAL] [ 54589][17:30:01:304164][info  ] RTSpatialIndex 0x71e8e000ac10 (Used 1 MB), Allocate result buffer, memory consumption 0 MB, capacity 20
[LIBGPUSPATIAL] [ 54596][17:30:01:304222][info  ] RTSpatialIndex 0x71e8e000ac10 (Used 1 MB), Allocate result buffer, memory consumption 0 MB, capacity 25
[LIBGPUSPATIAL] [ 54589][17:30:01:304343][info  ] RTSpatialIndex 0x71e8e000ac10 (Used 1 MB), Probe Points, Size: 100000, Results: 20
[LIBGPUSPATIAL] [ 54596][17:30:01:304965][info  ] RTSpatialIndex 0x71e8e000ac10 (Used 1 MB), Probe Points, Size: 100000, Results: 25
[LIBGPUSPATIAL] [ 54595][17:30:01:305189][info  ] RTSpatialIndex 0x71e8e000ac10 (Used 0 MB), Allocate result buffer, memory consumption 0 MB, capacity 11
[LIBGPUSPATIAL] [ 54589][17:30:01:305230][info  ] RTSpatialRefiner 0x71e8e3d29be0 (Used 0 MB), Loaded Geometries, ProbeArray 100000, Loaded 17, Type Point
[LIBGPUSPATIAL] [ 54589][17:30:01:305278][info  ] RTSpatialRefiner 0x71e8e3d29be0 (Used 0 MB), Evaluating 20 Geometry Pairs with Predicate Contains
[LIBGPUSPATIAL] [ 54595][17:30:01:305696][info  ] RTSpatialIndex 0x71e8e000ac10 (Used 0 MB), Probe Points, Size: 33333, Results: 11
[LIBGPUSPATIAL] [ 54596][17:30:01:305994][info  ] RTSpatialRefiner 0x71e8e3d29be0 (Used 0 MB), Loaded Geometries, ProbeArray 100000, Loaded 19, Type Point
[LIBGPUSPATIAL] [ 54596][17:30:01:306059][info  ] RTSpatialRefiner 0x71e8e3d29be0 (Used 0 MB), Evaluating 25 Geometry Pairs with Predicate Contains
[LIBGPUSPATIAL] [ 54595][17:30:01:307254][info  ] RTSpatialRefiner 0x71e8e3d29be0 (Used 0 MB), Loaded Geometries, ProbeArray 33333, Loaded 10, Type Point
[LIBGPUSPATIAL] [ 54595][17:30:01:307298][info  ] RTSpatialRefiner 0x71e8e3d29be0 (Used 0 MB), Evaluating 11 Geometry Pairs with Predicate Contains
[LIBGPUSPATIAL] [ 54589][17:30:01:312275][info  ] RTSpatialIndex 0x71e8e000ac10 (Used 1 MB), Allocate result buffer, memory consumption 0 MB, capacity 9
[LIBGPUSPATIAL] [ 54591][17:30:01:312523][info  ] RTSpatialIndex 0x71e8e000ac10 (Used 1 MB), Allocate result buffer, memory consumption 0 MB, capacity 25
[LIBGPUSPATIAL] [ 54589][17:30:01:312672][info  ] RTSpatialIndex 0x71e8e000ac10 (Used 1 MB), Probe Points, Size: 33333, Results: 9
[LIBGPUSPATIAL] [ 54590][17:30:01:312882][info  ] RTSpatialIndex 0x71e8e000ac10 (Used 1 MB), Allocate result buffer, memory consumption 0 MB, capacity 9
[LIBGPUSPATIAL] [ 54590][17:30:01:313011][info  ] RTSpatialIndex 0x71e8e000ac10 (Used 1 MB), Probe Points, Size: 33333, Results: 9
[LIBGPUSPATIAL] [ 54591][17:30:01:313164][info  ] RTSpatialIndex 0x71e8e000ac10 (Used 1 MB), Probe Points, Size: 100000, Results: 25
[LIBGPUSPATIAL] [ 54589][17:30:01:313505][info  ] RTSpatialRefiner 0x71e8e3d29be0 (Used 0 MB), Loaded Geometries, ProbeArray 33333, Loaded 7, Type Point
[LIBGPUSPATIAL] [ 54589][17:30:01:313551][info  ] RTSpatialRefiner 0x71e8e3d29be0 (Used 0 MB), Evaluating 9 Geometry Pairs with Predicate Contains
[LIBGPUSPATIAL] [ 54591][17:30:01:313651][info  ] RTSpatialRefiner 0x71e8e3d29be0 (Used 0 MB), Loaded Geometries, ProbeArray 100000, Loaded 17, Type Point
[LIBGPUSPATIAL] [ 54591][17:30:01:313705][info  ] RTSpatialRefiner 0x71e8e3d29be0 (Used 0 MB), Evaluating 25 Geometry Pairs with Predicate Contains
[LIBGPUSPATIAL] [ 54590][17:30:01:314576][info  ] RTSpatialRefiner 0x71e8e3d29be0 (Used 0 MB), Loaded Geometries, ProbeArray 33333, Loaded 8, Type Point
[LIBGPUSPATIAL] [ 54590][17:30:01:314622][info  ] RTSpatialRefiner 0x71e8e3d29be0 (Used 0 MB), Evaluating 9 Geometry Pairs with Predicate Contains
[LIBGPUSPATIAL] [ 54592][17:30:01:316887][info  ] RTSpatialIndex 0x71e8e000ac10 (Used 1 MB), Allocate result buffer, memory consumption 0 MB, capacity 23
[LIBGPUSPATIAL] [ 54592][17:30:01:317024][info  ] RTSpatialIndex 0x71e8e000ac10 (Used 1 MB), Probe Points, Size: 100000, Results: 23
[LIBGPUSPATIAL] [ 54592][17:30:01:318524][info  ] RTSpatialRefiner 0x71e8e3d29be0 (Used 0 MB), Loaded Geometries, ProbeArray 100000, Loaded 18, Type Point
[LIBGPUSPATIAL] [ 54592][17:30:01:318739][info  ] RTSpatialRefiner 0x71e8e3d29be0 (Used 0 MB), Evaluating 23 Geometry Pairs with Predicate Contains
[LIBGPUSPATIAL] [ 54591][17:30:01:324359][info  ] RTSpatialIndex 0x71e8e000ac10 (Used 0 MB), Allocate result buffer, memory consumption 0 MB, capacity 7
[LIBGPUSPATIAL] [ 54591][17:30:01:326438][info  ] RTSpatialIndex 0x71e8e000ac10 (Used 2 MB), Probe Points, Size: 33333, Results: 7
[LIBGPUSPATIAL] [ 54593][17:30:01:326438][info  ] RTSpatialIndex 0x71e8e000ac10 (Used 2 MB), Allocate result buffer, memory consumption 0 MB, capacity 23
[LIBGPUSPATIAL] [ 54594][17:30:01:326669][info  ] RTSpatialIndex 0x71e8e000ac10 (Used 1 MB), Allocate result buffer, memory consumption 0 MB, capacity 37
[LIBGPUSPATIAL] [ 54593][17:30:01:326921][info  ] RTSpatialIndex 0x71e8e000ac10 (Used 1 MB), Probe Points, Size: 100000, Results: 23
[LIBGPUSPATIAL] [ 54594][17:30:01:327435][info  ] RTSpatialIndex 0x71e8e000ac10 (Used 1 MB), Probe Points, Size: 100000, Results: 37
[LIBGPUSPATIAL] [ 54596][17:30:01:327547][info  ] RTSpatialIndex 0x71e8e000ac10 (Used 1 MB), Allocate result buffer, memory consumption 0 MB, capacity 25
[LIBGPUSPATIAL] [ 54591][17:30:01:327752][info  ] RTSpatialRefiner 0x71e8e3d29be0 (Used 1 MB), Loaded Geometries, ProbeArray 33333, Loaded 5, Type Point
[LIBGPUSPATIAL] [ 54591][17:30:01:327804][info  ] RTSpatialRefiner 0x71e8e3d29be0 (Used 1 MB), Evaluating 7 Geometry Pairs with Predicate Contains
[LIBGPUSPATIAL] [ 54593][17:30:01:327997][info  ] RTSpatialRefiner 0x71e8e3d29be0 (Used 1 MB), Loaded Geometries, ProbeArray 100000, Loaded 18, Type Point
[LIBGPUSPATIAL] [ 54593][17:30:01:328075][info  ] RTSpatialRefiner 0x71e8e3d29be0 (Used 1 MB), Evaluating 23 Geometry Pairs with Predicate Contains
[LIBGPUSPATIAL] [ 54594][17:30:01:328191][info  ] RTSpatialRefiner 0x71e8e3d29be0 (Used 1 MB), Loaded Geometries, ProbeArray 100000, Loaded 28, Type Point
[LIBGPUSPATIAL] [ 54594][17:30:01:328252][info  ] RTSpatialRefiner 0x71e8e3d29be0 (Used 1 MB), Evaluating 37 Geometry Pairs with Predicate Contains
[LIBGPUSPATIAL] [ 54596][17:30:01:328407][info  ] RTSpatialIndex 0x71e8e000ac10 (Used 1 MB), Probe Points, Size: 100000, Results: 25
[LIBGPUSPATIAL] [ 54596][17:30:01:329030][info  ] RTSpatialRefiner 0x71e8e3d29be0 (Used 0 MB), Loaded Geometries, ProbeArray 100000, Loaded 20, Type Point
[LIBGPUSPATIAL] [ 54596][17:30:01:329102][info  ] RTSpatialRefiner 0x71e8e3d29be0 (Used 0 MB), Evaluating 25 Geometry Pairs with Predicate Contains
[LIBGPUSPATIAL] [ 54594][17:30:01:337707][info  ] RTSpatialIndex 0x71e8e000ac10 (Used 0 MB), Allocate result buffer, memory consumption 0 MB, capacity 15
[LIBGPUSPATIAL] [ 54594][17:30:01:338125][info  ] RTSpatialIndex 0x71e8e000ac10 (Used 0 MB), Probe Points, Size: 33333, Results: 15
[LIBGPUSPATIAL] [ 54594][17:30:01:340432][info  ] RTSpatialRefiner 0x71e8e3d29be0 (Used 0 MB), Loaded Geometries, ProbeArray 33333, Loaded 9, Type Point
[LIBGPUSPATIAL] [ 54594][17:30:01:340682][info  ] RTSpatialRefiner 0x71e8e3d29be0 (Used 0 MB), Evaluating 15 Geometry Pairs with Predicate Contains
[LIBGPUSPATIAL] [ 54592][17:30:01:343467][info  ] RTSpatialIndex 0x71e8e000ac10 (Used 1 MB), Allocate result buffer, memory consumption 0 MB, capacity 20
[LIBGPUSPATIAL] [ 54592][17:30:01:343610][info  ] RTSpatialIndex 0x71e8e000ac10 (Used 1 MB), Probe Points, Size: 100000, Results: 20
[LIBGPUSPATIAL] [ 54592][17:30:01:344305][info  ] RTSpatialRefiner 0x71e8e3d29be0 (Used 0 MB), Loaded Geometries, ProbeArray 100000, Loaded 15, Type Point
[LIBGPUSPATIAL] [ 54592][17:30:01:344350][info  ] RTSpatialRefiner 0x71e8e3d29be0 (Used 0 MB), Evaluating 20 Geometry Pairs with Predicate Contains
[LIBGPUSPATIAL] [ 54589][17:30:01:349395][info  ] RTSpatialIndex 0x71e8e000ac10 (Used 1 MB), Allocate result buffer, memory consumption 0 MB, capacity 29
[LIBGPUSPATIAL] [ 54589][17:30:01:349566][info  ] RTSpatialIndex 0x71e8e000ac10 (Used 1 MB), Probe Points, Size: 100000, Results: 29
[LIBGPUSPATIAL] [ 54589][17:30:01:350131][info  ] RTSpatialRefiner 0x71e8e3d29be0 (Used 0 MB), Loaded Geometries, ProbeArray 100000, Loaded 21, Type Point
[LIBGPUSPATIAL] [ 54589][17:30:01:350179][info  ] RTSpatialRefiner 0x71e8e3d29be0 (Used 0 MB), Evaluating 29 Geometry Pairs with Predicate Contains
[LIBGPUSPATIAL] [ 54593][17:30:01:351693][info  ] RTSpatialIndex 0x71e8e000ac10 (Used 1 MB), Allocate result buffer, memory consumption 0 MB, capacity 19
[LIBGPUSPATIAL] [ 54593][17:30:01:351861][info  ] RTSpatialIndex 0x71e8e000ac10 (Used 1 MB), Probe Points, Size: 100000, Results: 19
[LIBGPUSPATIAL] [ 54595][17:30:01:353049][info  ] RTSpatialIndex 0x71e8e000ac10 (Used 1 MB), Allocate result buffer, memory consumption 0 MB, capacity 28
[LIBGPUSPATIAL] [ 54593][17:30:01:353110][info  ] RTSpatialRefiner 0x71e8e3d29be0 (Used 1 MB), Loaded Geometries, ProbeArray 100000, Loaded 16, Type Point
[LIBGPUSPATIAL] [ 54593][17:30:01:353169][info  ] RTSpatialRefiner 0x71e8e3d29be0 (Used 1 MB), Evaluating 19 Geometry Pairs with Predicate Contains
[LIBGPUSPATIAL] [ 54595][17:30:01:353194][info  ] RTSpatialIndex 0x71e8e000ac10 (Used 1 MB), Probe Points, Size: 100000, Results: 28
[LIBGPUSPATIAL] [ 54596][17:30:01:353653][info  ] RTSpatialIndex 0x71e8e000ac10 (Used 1 MB), Allocate result buffer, memory consumption 0 MB, capacity 18
[LIBGPUSPATIAL] [ 54596][17:30:01:354020][info  ] RTSpatialIndex 0x71e8e000ac10 (Used 1 MB), Probe Points, Size: 100000, Results: 18
[LIBGPUSPATIAL] [ 54595][17:30:01:354260][info  ] RTSpatialRefiner 0x71e8e3d29be0 (Used 0 MB), Loaded Geometries, ProbeArray 100000, Loaded 20, Type Point
[LIBGPUSPATIAL] [ 54595][17:30:01:354307][info  ] RTSpatialRefiner 0x71e8e3d29be0 (Used 0 MB), Evaluating 28 Geometry Pairs with Predicate Contains
[LIBGPUSPATIAL] [ 54596][17:30:01:354703][info  ] RTSpatialRefiner 0x71e8e3d29be0 (Used 0 MB), Loaded Geometries, ProbeArray 100000, Loaded 15, Type Point
[LIBGPUSPATIAL] [ 54596][17:30:01:354757][info  ] RTSpatialRefiner 0x71e8e3d29be0 (Used 0 MB), Evaluating 18 Geometry Pairs with Predicate Contains
[LIBGPUSPATIAL] [ 54590][17:30:01:356749][info  ] RTSpatialIndex 0x71e8e000ac10 (Used 1 MB), Allocate result buffer, memory consumption 0 MB, capacity 23
[LIBGPUSPATIAL] [ 54590][17:30:01:357004][info  ] RTSpatialIndex 0x71e8e000ac10 (Used 1 MB), Probe Points, Size: 100000, Results: 23
[LIBGPUSPATIAL] [ 54590][17:30:01:358031][info  ] RTSpatialRefiner 0x71e8e3d29be0 (Used 0 MB), Loaded Geometries, ProbeArray 100000, Loaded 17, Type Point
[LIBGPUSPATIAL] [ 54590][17:30:01:358201][info  ] RTSpatialRefiner 0x71e8e3d29be0 (Used 0 MB), Evaluating 23 Geometry Pairs with Predicate Contains
[LIBGPUSPATIAL] [ 54596][17:30:01:362791][info  ] RTSpatialIndex 0x71e8e000ac10 (Used 0 MB), Allocate result buffer, memory consumption 0 MB, capacity 12
[LIBGPUSPATIAL] [ 54596][17:30:01:363022][info  ] RTSpatialIndex 0x71e8e000ac10 (Used 0 MB), Probe Points, Size: 33333, Results: 12
[LIBGPUSPATIAL] [ 54596][17:30:01:363480][info  ] RTSpatialRefiner 0x71e8e3d29be0 (Used 1 MB), Loaded Geometries, ProbeArray 33333, Loaded 7, Type Point
[LIBGPUSPATIAL] [ 54596][17:30:01:363531][info  ] RTSpatialRefiner 0x71e8e3d29be0 (Used 1 MB), Evaluating 12 Geometry Pairs with Predicate Contains
[LIBGPUSPATIAL] [ 54592][17:30:01:364546][info  ] RTSpatialIndex 0x71e8e000ac10 (Used 1 MB), Allocate result buffer, memory consumption 0 MB, capacity 37
[LIBGPUSPATIAL] [ 54592][17:30:01:365122][info  ] RTSpatialIndex 0x71e8e000ac10 (Used 1 MB), Probe Points, Size: 100000, Results: 37
[LIBGPUSPATIAL] [ 54592][17:30:01:365875][info  ] RTSpatialRefiner 0x71e8e3d29be0 (Used 0 MB), Loaded Geometries, ProbeArray 100000, Loaded 30, Type Point
[LIBGPUSPATIAL] [ 54592][17:30:01:366026][info  ] RTSpatialRefiner 0x71e8e3d29be0 (Used 0 MB), Evaluating 37 Geometry Pairs with Predicate Contains
[LIBGPUSPATIAL] [ 54594][17:30:01:369562][info  ] RTSpatialIndex 0x71e8e000ac10 (Used 1 MB), Allocate result buffer, memory consumption 0 MB, capacity 22
[LIBGPUSPATIAL] [ 54594][17:30:01:369702][info  ] RTSpatialIndex 0x71e8e000ac10 (Used 1 MB), Probe Points, Size: 100000, Results: 22
[LIBGPUSPATIAL] [ 54594][17:30:01:370342][info  ] RTSpatialRefiner 0x71e8e3d29be0 (Used 0 MB), Loaded Geometries, ProbeArray 100000, Loaded 20, Type Point
[LIBGPUSPATIAL] [ 54594][17:30:01:370420][info  ] RTSpatialRefiner 0x71e8e3d29be0 (Used 0 MB), Evaluating 22 Geometry Pairs with Predicate Contains
[LIBGPUSPATIAL] [ 54589][17:30:01:371867][info  ] RTSpatialIndex 0x71e8e000ac10 (Used 1 MB), Allocate result buffer, memory consumption 0 MB, capacity 21
[LIBGPUSPATIAL] [ 54589][17:30:01:372026][info  ] RTSpatialIndex 0x71e8e000ac10 (Used 1 MB), Probe Points, Size: 100000, Results: 21
[LIBGPUSPATIAL] [ 54593][17:30:01:372830][info  ] RTSpatialIndex 0x71e8e000ac10 (Used 1 MB), Allocate result buffer, memory consumption 0 MB, capacity 31
[LIBGPUSPATIAL] [ 54589][17:30:01:372838][info  ] RTSpatialRefiner 0x71e8e3d29be0 (Used 1 MB), Loaded Geometries, ProbeArray 100000, Loaded 16, Type Point
[LIBGPUSPATIAL] [ 54589][17:30:01:372918][info  ] RTSpatialRefiner 0x71e8e3d29be0 (Used 1 MB), Evaluating 21 Geometry Pairs with Predicate Contains
[LIBGPUSPATIAL] [ 54593][17:30:01:373461][info  ] RTSpatialIndex 0x71e8e000ac10 (Used 1 MB), Probe Points, Size: 100000, Results: 31
[LIBGPUSPATIAL] [ 54593][17:30:01:373918][info  ] RTSpatialRefiner 0x71e8e3d29be0 (Used 0 MB), Loaded Geometries, ProbeArray 100000, Loaded 25, Type Point
[LIBGPUSPATIAL] [ 54593][17:30:01:374077][info  ] RTSpatialRefiner 0x71e8e3d29be0 (Used 0 MB), Evaluating 31 Geometry Pairs with Predicate Contains
[LIBGPUSPATIAL] [ 54591][17:30:01:375728][info  ] RTSpatialIndex 0x71e8e000ac10 (Used 1 MB), Allocate result buffer, memory consumption 0 MB, capacity 23
[LIBGPUSPATIAL] [ 54595][17:30:01:375874][info  ] RTSpatialIndex 0x71e8e000ac10 (Used 1 MB), Allocate result buffer, memory consumption 0 MB, capacity 25
[LIBGPUSPATIAL] [ 54591][17:30:01:376428][info  ] RTSpatialIndex 0x71e8e000ac10 (Used 1 MB), Probe Points, Size: 100000, Results: 23
[LIBGPUSPATIAL] [ 54595][17:30:01:376494][info  ] RTSpatialIndex 0x71e8e000ac10 (Used 1 MB), Probe Points, Size: 100000, Results: 25
[LIBGPUSPATIAL] [ 54591][17:30:01:376994][info  ] RTSpatialRefiner 0x71e8e3d29be0 (Used 0 MB), Loaded Geometries, ProbeArray 100000, Loaded 18, Type Point
[LIBGPUSPATIAL] [ 54591][17:30:01:377065][info  ] RTSpatialRefiner 0x71e8e3d29be0 (Used 0 MB), Evaluating 23 Geometry Pairs with Predicate Contains
[LIBGPUSPATIAL] [ 54595][17:30:01:377620][info  ] RTSpatialRefiner 0x71e8e3d29be0 (Used 0 MB), Loaded Geometries, ProbeArray 100000, Loaded 20, Type Point
[LIBGPUSPATIAL] [ 54595][17:30:01:377940][info  ] RTSpatialRefiner 0x71e8e3d29be0 (Used 0 MB), Evaluating 25 Geometry Pairs with Predicate Contains
[LIBGPUSPATIAL] [ 54590][17:30:01:379156][info  ] RTSpatialIndex 0x71e8e000ac10 (Used 1 MB), Allocate result buffer, memory consumption 0 MB, capacity 28
[LIBGPUSPATIAL] [ 54590][17:30:01:379297][info  ] RTSpatialIndex 0x71e8e000ac10 (Used 1 MB), Probe Points, Size: 100000, Results: 28
[LIBGPUSPATIAL] [ 54590][17:30:01:382853][info  ] RTSpatialRefiner 0x71e8e3d29be0 (Used 0 MB), Loaded Geometries, ProbeArray 100000, Loaded 23, Type Point
[LIBGPUSPATIAL] [ 54590][17:30:01:382917][info  ] RTSpatialRefiner 0x71e8e3d29be0 (Used 0 MB), Evaluating 28 Geometry Pairs with Predicate Contains
[LIBGPUSPATIAL] [ 54592][17:30:01:387328][info  ] RTSpatialIndex 0x71e8e000ac10 (Used 1 MB), Allocate result buffer, memory consumption 0 MB, capacity 24
[LIBGPUSPATIAL] [ 54592][17:30:01:387461][info  ] RTSpatialIndex 0x71e8e000ac10 (Used 1 MB), Probe Points, Size: 100000, Results: 24
[LIBGPUSPATIAL] [ 54592][17:30:01:388648][info  ] RTSpatialRefiner 0x71e8e3d29be0 (Used 0 MB), Loaded Geometries, ProbeArray 100000, Loaded 21, Type Point
[LIBGPUSPATIAL] [ 54592][17:30:01:388694][info  ] RTSpatialRefiner 0x71e8e3d29be0 (Used 0 MB), Evaluating 24 Geometry Pairs with Predicate Contains
[LIBGPUSPATIAL] [ 54594][17:30:01:391826][info  ] RTSpatialIndex 0x71e8e000ac10 (Used 1 MB), Allocate result buffer, memory consumption 0 MB, capacity 34
[LIBGPUSPATIAL] [ 54594][17:30:01:391960][info  ] RTSpatialIndex 0x71e8e000ac10 (Used 1 MB), Probe Points, Size: 100000, Results: 34
[LIBGPUSPATIAL] [ 54594][17:30:01:392346][info  ] RTSpatialRefiner 0x71e8e3d29be0 (Used 0 MB), Loaded Geometries, ProbeArray 100000, Loaded 23, Type Point
[LIBGPUSPATIAL] [ 54594][17:30:01:392391][info  ] RTSpatialRefiner 0x71e8e3d29be0 (Used 0 MB), Evaluating 34 Geometry Pairs with Predicate Contains
[LIBGPUSPATIAL] [ 54593][17:30:01:394107][info  ] RTSpatialIndex 0x71e8e000ac10 (Used 1 MB), Allocate result buffer, memory consumption 0 MB, capacity 22
[LIBGPUSPATIAL] [ 54593][17:30:01:394231][info  ] RTSpatialIndex 0x71e8e000ac10 (Used 1 MB), Probe Points, Size: 100000, Results: 22
[LIBGPUSPATIAL] [ 54593][17:30:01:394689][info  ] RTSpatialRefiner 0x71e8e3d29be0 (Used 0 MB), Loaded Geometries, ProbeArray 100000, Loaded 17, Type Point
[LIBGPUSPATIAL] [ 54593][17:30:01:394735][info  ] RTSpatialRefiner 0x71e8e3d29be0 (Used 0 MB), Evaluating 22 Geometry Pairs with Predicate Contains
[LIBGPUSPATIAL] [ 54589][17:30:01:396238][info  ] RTSpatialIndex 0x71e8e000ac10 (Used 1 MB), Allocate result buffer, memory consumption 0 MB, capacity 19
[LIBGPUSPATIAL] [ 54596][17:30:01:396372][info  ] RTSpatialIndex 0x71e8e000ac10 (Used 1 MB), Allocate result buffer, memory consumption 0 MB, capacity 22
[LIBGPUSPATIAL] [ 54589][17:30:01:396481][info  ] RTSpatialIndex 0x71e8e000ac10 (Used 1 MB), Probe Points, Size: 100000, Results: 19
[LIBGPUSPATIAL] [ 54596][17:30:01:396907][info  ] RTSpatialIndex 0x71e8e000ac10 (Used 1 MB), Probe Points, Size: 100000, Results: 22
[LIBGPUSPATIAL] [ 54596][17:30:01:397541][info  ] RTSpatialRefiner 0x71e8e3d29be0 (Used 1 MB), Loaded Geometries, ProbeArray 100000, Loaded 17, Type Point
[LIBGPUSPATIAL] [ 54596][17:30:01:397645][info  ] RTSpatialRefiner 0x71e8e3d29be0 (Used 1 MB), Evaluating 22 Geometry Pairs with Predicate Contains
[LIBGPUSPATIAL] [ 54591][17:30:01:397716][info  ] RTSpatialIndex 0x71e8e000ac10 (Used 1 MB), Allocate result buffer, memory consumption 0 MB, capacity 19
[LIBGPUSPATIAL] [ 54592][17:30:01:397982][info  ] RTSpatialIndex 0x71e8e000ac10 (Used 1 MB), Allocate result buffer, memory consumption 0 MB, capacity 7
[LIBGPUSPATIAL] [ 54589][17:30:01:397990][info  ] RTSpatialRefiner 0x71e8e3d29be0 (Used 1 MB), Loaded Geometries, ProbeArray 100000, Loaded 13, Type Point
[LIBGPUSPATIAL] [ 54589][17:30:01:398100][info  ] RTSpatialRefiner 0x71e8e3d29be0 (Used 1 MB), Evaluating 19 Geometry Pairs with Predicate Contains
[LIBGPUSPATIAL] [ 54591][17:30:01:398333][info  ] RTSpatialIndex 0x71e8e000ac10 (Used 1 MB), Probe Points, Size: 100000, Results: 19
[LIBGPUSPATIAL] [ 54592][17:30:01:398481][info  ] RTSpatialIndex 0x71e8e000ac10 (Used 0 MB), Probe Points, Size: 33333, Results: 7
[LIBGPUSPATIAL] [ 54591][17:30:01:398846][info  ] RTSpatialRefiner 0x71e8e3d29be0 (Used 1 MB), Loaded Geometries, ProbeArray 100000, Loaded 15, Type Point
[LIBGPUSPATIAL] [ 54591][17:30:01:398895][info  ] RTSpatialRefiner 0x71e8e3d29be0 (Used 1 MB), Evaluating 19 Geometry Pairs with Predicate Contains
[LIBGPUSPATIAL] [ 54592][17:30:01:399118][info  ] RTSpatialRefiner 0x71e8e3d29be0 (Used 1 MB), Loaded Geometries, ProbeArray 33333, Loaded 6, Type Point
[LIBGPUSPATIAL] [ 54592][17:30:01:399168][info  ] RTSpatialRefiner 0x71e8e3d29be0 (Used 1 MB), Evaluating 7 Geometry Pairs with Predicate Contains
[LIBGPUSPATIAL] [ 54595][17:30:01:399901][info  ] RTSpatialIndex 0x71e8e000ac10 (Used 1 MB), Allocate result buffer, memory consumption 0 MB, capacity 21
[LIBGPUSPATIAL] [ 54595][17:30:01:400645][info  ] RTSpatialIndex 0x71e8e000ac10 (Used 1 MB), Probe Points, Size: 100000, Results: 21
[LIBGPUSPATIAL] [ 54595][17:30:01:401685][info  ] RTSpatialRefiner 0x71e8e3d29be0 (Used 1 MB), Loaded Geometries, ProbeArray 100000, Loaded 17, Type Point
[LIBGPUSPATIAL] [ 54595][17:30:01:401847][info  ] RTSpatialRefiner 0x71e8e3d29be0 (Used 1 MB), Evaluating 21 Geometry Pairs with Predicate Contains
[LIBGPUSPATIAL] [ 54590][17:30:01:401950][info  ] RTSpatialIndex 0x71e8e000ac10 (Used 1 MB), Allocate result buffer, memory consumption 0 MB, capacity 22
[LIBGPUSPATIAL] [ 54590][17:30:01:402656][info  ] RTSpatialIndex 0x71e8e000ac10 (Used 1 MB), Probe Points, Size: 100000, Results: 22
[LIBGPUSPATIAL] [ 54590][17:30:01:403129][info  ] RTSpatialRefiner 0x71e8e3d29be0 (Used 0 MB), Loaded Geometries, ProbeArray 100000, Loaded 14, Type Point
[LIBGPUSPATIAL] [ 54590][17:30:01:403169][info  ] RTSpatialRefiner 0x71e8e3d29be0 (Used 0 MB), Evaluating 22 Geometry Pairs with Predicate Contains
[LIBGPUSPATIAL] [ 54594][17:30:01:409571][info  ] RTSpatialIndex 0x71e8e000ac10 (Used 1 MB), Allocate result buffer, memory consumption 0 MB, capacity 21
[LIBGPUSPATIAL] [ 54594][17:30:01:409727][info  ] RTSpatialIndex 0x71e8e000ac10 (Used 1 MB), Probe Points, Size: 100000, Results: 21
[LIBGPUSPATIAL] [ 54594][17:30:01:410184][info  ] RTSpatialRefiner 0x71e8e3d29be0 (Used 0 MB), Loaded Geometries, ProbeArray 100000, Loaded 16, Type Point
[LIBGPUSPATIAL] [ 54594][17:30:01:410237][info  ] RTSpatialRefiner 0x71e8e3d29be0 (Used 0 MB), Evaluating 21 Geometry Pairs with Predicate Contains
[LIBGPUSPATIAL] [ 54593][17:30:01:413061][info  ] RTSpatialIndex 0x71e8e000ac10 (Used 1 MB), Allocate result buffer, memory consumption 0 MB, capacity 26
[LIBGPUSPATIAL] [ 54593][17:30:01:413204][info  ] RTSpatialIndex 0x71e8e000ac10 (Used 1 MB), Probe Points, Size: 100000, Results: 26
[LIBGPUSPATIAL] [ 54593][17:30:01:413586][info  ] RTSpatialRefiner 0x71e8e3d29be0 (Used 0 MB), Loaded Geometries, ProbeArray 100000, Loaded 20, Type Point
[LIBGPUSPATIAL] [ 54593][17:30:01:413628][info  ] RTSpatialRefiner 0x71e8e3d29be0 (Used 0 MB), Evaluating 26 Geometry Pairs with Predicate Contains
[LIBGPUSPATIAL] [ 54596][17:30:01:416057][info  ] RTSpatialIndex 0x71e8e000ac10 (Used 1 MB), Allocate result buffer, memory consumption 0 MB, capacity 19
[LIBGPUSPATIAL] [ 54596][17:30:01:416185][info  ] RTSpatialIndex 0x71e8e000ac10 (Used 1 MB), Probe Points, Size: 100000, Results: 19
[LIBGPUSPATIAL] [ 54596][17:30:01:418506][info  ] RTSpatialRefiner 0x71e8e3d29be0 (Used 0 MB), Loaded Geometries, ProbeArray 100000, Loaded 17, Type Point
[LIBGPUSPATIAL] [ 54596][17:30:01:418591][info  ] RTSpatialRefiner 0x71e8e3d29be0 (Used 1 MB), Evaluating 19 Geometry Pairs with Predicate Contains
[LIBGPUSPATIAL] [ 54591][17:30:01:419175][info  ] RTSpatialIndex 0x71e8e000ac10 (Used 1 MB), Allocate result buffer, memory consumption 0 MB, capacity 29
[LIBGPUSPATIAL] [ 54591][17:30:01:419442][info  ] RTSpatialIndex 0x71e8e000ac10 (Used 1 MB), Probe Points, Size: 100000, Results: 29
[LIBGPUSPATIAL] [ 54589][17:30:01:420067][info  ] RTSpatialIndex 0x71e8e000ac10 (Used 1 MB), Allocate result buffer, memory consumption 0 MB, capacity 30
[LIBGPUSPATIAL] [ 54589][17:30:01:420419][info  ] RTSpatialIndex 0x71e8e000ac10 (Used 1 MB), Probe Points, Size: 100000, Results: 30
[LIBGPUSPATIAL] [ 54589][17:30:01:420793][info  ] RTSpatialRefiner 0x71e8e3d29be0 (Used 0 MB), Loaded Geometries, ProbeArray 100000, Loaded 23, Type Point
[LIBGPUSPATIAL] [ 54589][17:30:01:420837][info  ] RTSpatialRefiner 0x71e8e3d29be0 (Used 0 MB), Evaluating 30 Geometry Pairs with Predicate Contains
[LIBGPUSPATIAL] [ 54591][17:30:01:420899][info  ] RTSpatialRefiner 0x71e8e3d29be0 (Used 0 MB), Loaded Geometries, ProbeArray 100000, Loaded 22, Type Point
[LIBGPUSPATIAL] [ 54591][17:30:01:420940][info  ] RTSpatialRefiner 0x71e8e3d29be0 (Used 0 MB), Evaluating 29 Geometry Pairs with Predicate Contains
[LIBGPUSPATIAL] [ 54590][17:30:01:422139][info  ] RTSpatialIndex 0x71e8e000ac10 (Used 1 MB), Allocate result buffer, memory consumption 0 MB, capacity 15
[LIBGPUSPATIAL] [ 54590][17:30:01:423173][info  ] RTSpatialIndex 0x71e8e000ac10 (Used 1 MB), Probe Points, Size: 100000, Results: 15
[LIBGPUSPATIAL] [ 54595][17:30:01:423215][info  ] RTSpatialIndex 0x71e8e000ac10 (Used 1 MB), Allocate result buffer, memory consumption 0 MB, capacity 34
[LIBGPUSPATIAL] [ 54595][17:30:01:423655][info  ] RTSpatialIndex 0x71e8e000ac10 (Used 1 MB), Probe Points, Size: 100000, Results: 34
[LIBGPUSPATIAL] [ 54595][17:30:01:424210][info  ] RTSpatialRefiner 0x71e8e3d29be0 (Used 0 MB), Loaded Geometries, ProbeArray 100000, Loaded 24, Type Point
[LIBGPUSPATIAL] [ 54590][17:30:01:424265][info  ] RTSpatialRefiner 0x71e8e3d29be0 (Used 0 MB), Loaded Geometries, ProbeArray 100000, Loaded 10, Type Point
[LIBGPUSPATIAL] [ 54595][17:30:01:424269][info  ] RTSpatialRefiner 0x71e8e3d29be0 (Used 0 MB), Evaluating 34 Geometry Pairs with Predicate Contains
[LIBGPUSPATIAL] [ 54590][17:30:01:424308][info  ] RTSpatialRefiner 0x71e8e3d29be0 (Used 0 MB), Evaluating 15 Geometry Pairs with Predicate Contains
[LIBGPUSPATIAL] [ 54594][17:30:01:427315][info  ] RTSpatialIndex 0x71e8e000ac10 (Used 1 MB), Allocate result buffer, memory consumption 0 MB, capacity 16
[LIBGPUSPATIAL] [ 54594][17:30:01:427452][info  ] RTSpatialIndex 0x71e8e000ac10 (Used 1 MB), Probe Points, Size: 100000, Results: 16
[LIBGPUSPATIAL] [ 54594][17:30:01:427906][info  ] RTSpatialRefiner 0x71e8e3d29be0 (Used 0 MB), Loaded Geometries, ProbeArray 100000, Loaded 13, Type Point
[LIBGPUSPATIAL] [ 54594][17:30:01:427958][info  ] RTSpatialRefiner 0x71e8e3d29be0 (Used 0 MB), Evaluating 16 Geometry Pairs with Predicate Contains
[LIBGPUSPATIAL] [ 54593][17:30:01:431798][info  ] RTSpatialIndex 0x71e8e000ac10 (Used 1 MB), Allocate result buffer, memory consumption 0 MB, capacity 20
[LIBGPUSPATIAL] [ 54592][17:30:01:431798][info  ] RTSpatialIndex 0x71e8e000ac10 (Used 1 MB), Allocate result buffer, memory consumption 0 MB, capacity 18
[LIBGPUSPATIAL] [ 54593][17:30:01:432073][info  ] RTSpatialIndex 0x71e8e000ac10 (Used 1 MB), Probe Points, Size: 100000, Results: 20
[LIBGPUSPATIAL] [ 54592][17:30:01:432117][info  ] RTSpatialIndex 0x71e8e000ac10 (Used 1 MB), Probe Points, Size: 100000, Results: 18
[LIBGPUSPATIAL] [ 54592][17:30:01:432763][info  ] RTSpatialRefiner 0x71e8e3d29be0 (Used 0 MB), Loaded Geometries, ProbeArray 100000, Loaded 15, Type Point
[LIBGPUSPATIAL] [ 54593][17:30:01:432790][info  ] RTSpatialRefiner 0x71e8e3d29be0 (Used 0 MB), Loaded Geometries, ProbeArray 100000, Loaded 15, Type Point
[LIBGPUSPATIAL] [ 54592][17:30:01:432809][info  ] RTSpatialRefiner 0x71e8e3d29be0 (Used 0 MB), Evaluating 18 Geometry Pairs with Predicate Contains
[LIBGPUSPATIAL] [ 54593][17:30:01:432830][info  ] RTSpatialRefiner 0x71e8e3d29be0 (Used 0 MB), Evaluating 20 Geometry Pairs with Predicate Contains
[LIBGPUSPATIAL] [ 54589][17:30:01:438156][info  ] RTSpatialIndex 0x71e8e000ac10 (Used 1 MB), Allocate result buffer, memory consumption 0 MB, capacity 18
[LIBGPUSPATIAL] [ 54589][17:30:01:438292][info  ] RTSpatialIndex 0x71e8e000ac10 (Used 1 MB), Probe Points, Size: 100000, Results: 18
[LIBGPUSPATIAL] [ 54596][17:30:01:439764][info  ] RTSpatialIndex 0x71e8e000ac10 (Used 1 MB), Allocate result buffer, memory consumption 0 MB, capacity 15
[LIBGPUSPATIAL] [ 54596][17:30:01:439901][info  ] RTSpatialIndex 0x71e8e000ac10 (Used 1 MB), Probe Points, Size: 100000, Results: 15
[LIBGPUSPATIAL] [ 54589][17:30:01:440375][info  ] RTSpatialRefiner 0x71e8e3d29be0 (Used 0 MB), Loaded Geometries, ProbeArray 100000, Loaded 13, Type Point
[LIBGPUSPATIAL] [ 54596][17:30:01:440406][info  ] RTSpatialRefiner 0x71e8e3d29be0 (Used 0 MB), Loaded Geometries, ProbeArray 100000, Loaded 13, Type Point
[LIBGPUSPATIAL] [ 54589][17:30:01:440435][info  ] RTSpatialRefiner 0x71e8e3d29be0 (Used 0 MB), Evaluating 18 Geometry Pairs with Predicate Contains
[LIBGPUSPATIAL] [ 54596][17:30:01:440458][info  ] RTSpatialRefiner 0x71e8e3d29be0 (Used 0 MB), Evaluating 15 Geometry Pairs with Predicate Contains
[LIBGPUSPATIAL] [ 54591][17:30:01:441321][info  ] RTSpatialIndex 0x71e8e000ac10 (Used 2 MB), Allocate result buffer, memory consumption 0 MB, capacity 22
[LIBGPUSPATIAL] [ 54590][17:30:01:441675][info  ] RTSpatialIndex 0x71e8e000ac10 (Used 1 MB), Allocate result buffer, memory consumption 0 MB, capacity 20
[LIBGPUSPATIAL] [ 54591][17:30:01:441942][info  ] RTSpatialIndex 0x71e8e000ac10 (Used 1 MB), Probe Points, Size: 100000, Results: 22
[LIBGPUSPATIAL] [ 54590][17:30:01:442455][info  ] RTSpatialIndex 0x71e8e000ac10 (Used 1 MB), Probe Points, Size: 100000, Results: 20
[LIBGPUSPATIAL] [ 54591][17:30:01:442712][info  ] RTSpatialRefiner 0x71e8e3d29be0 (Used 1 MB), Loaded Geometries, ProbeArray 100000, Loaded 18, Type Point
[LIBGPUSPATIAL] [ 54595][17:30:01:442765][info  ] RTSpatialIndex 0x71e8e000ac10 (Used 1 MB), Allocate result buffer, memory consumption 0 MB, capacity 23
[LIBGPUSPATIAL] [ 54591][17:30:01:442770][info  ] RTSpatialRefiner 0x71e8e3d29be0 (Used 1 MB), Evaluating 22 Geometry Pairs with Predicate Contains
[LIBGPUSPATIAL] [ 54590][17:30:01:443141][info  ] RTSpatialRefiner 0x71e8e3d29be0 (Used 1 MB), Loaded Geometries, ProbeArray 100000, Loaded 16, Type Point
[LIBGPUSPATIAL] [ 54595][17:30:01:443267][info  ] RTSpatialIndex 0x71e8e000ac10 (Used 1 MB), Probe Points, Size: 100000, Results: 23
[LIBGPUSPATIAL] [ 54590][17:30:01:443439][info  ] RTSpatialRefiner 0x71e8e3d29be0 (Used 0 MB), Evaluating 20 Geometry Pairs with Predicate Contains
[LIBGPUSPATIAL] [ 54595][17:30:01:444048][info  ] RTSpatialRefiner 0x71e8e3d29be0 (Used 1 MB), Loaded Geometries, ProbeArray 100000, Loaded 17, Type Point
[LIBGPUSPATIAL] [ 54595][17:30:01:444100][info  ] RTSpatialRefiner 0x71e8e3d29be0 (Used 1 MB), Evaluating 23 Geometry Pairs with Predicate Contains
[LIBGPUSPATIAL] [ 54594][17:30:01:444627][info  ] RTSpatialIndex 0x71e8e000ac10 (Used 1 MB), Allocate result buffer, memory consumption 0 MB, capacity 25
[LIBGPUSPATIAL] [ 54594][17:30:01:446050][info  ] RTSpatialIndex 0x71e8e000ac10 (Used 1 MB), Probe Points, Size: 100000, Results: 25
[LIBGPUSPATIAL] [ 54594][17:30:01:446516][info  ] RTSpatialRefiner 0x71e8e3d29be0 (Used 0 MB), Loaded Geometries, ProbeArray 100000, Loaded 19, Type Point
[LIBGPUSPATIAL] [ 54594][17:30:01:446646][info  ] RTSpatialRefiner 0x71e8e3d29be0 (Used 0 MB), Evaluating 25 Geometry Pairs with Predicate Contains
[LIBGPUSPATIAL] [ 54593][17:30:01:450376][info  ] RTSpatialIndex 0x71e8e000ac10 (Used 1 MB), Allocate result buffer, memory consumption 0 MB, capacity 31
[LIBGPUSPATIAL] [ 54593][17:30:01:450514][info  ] RTSpatialIndex 0x71e8e000ac10 (Used 1 MB), Probe Points, Size: 100000, Results: 31
[LIBGPUSPATIAL] [ 54593][17:30:01:451990][info  ] RTSpatialRefiner 0x71e8e3d29be0 (Used 0 MB), Loaded Geometries, ProbeArray 100000, Loaded 21, Type Point
[LIBGPUSPATIAL] [ 54593][17:30:01:452051][info  ] RTSpatialRefiner 0x71e8e3d29be0 (Used 0 MB), Evaluating 31 Geometry Pairs with Predicate Contains
[LIBGPUSPATIAL] [ 54592][17:30:01:454732][info  ] RTSpatialIndex 0x71e8e000ac10 (Used 1 MB), Allocate result buffer, memory consumption 0 MB, capacity 18
[LIBGPUSPATIAL] [ 54592][17:30:01:454866][info  ] RTSpatialIndex 0x71e8e000ac10 (Used 1 MB), Probe Points, Size: 100000, Results: 18
[LIBGPUSPATIAL] [ 54592][17:30:01:455329][info  ] RTSpatialRefiner 0x71e8e3d29be0 (Used 0 MB), Loaded Geometries, ProbeArray 100000, Loaded 14, Type Point
[LIBGPUSPATIAL] [ 54592][17:30:01:455376][info  ] RTSpatialRefiner 0x71e8e3d29be0 (Used 0 MB), Evaluating 18 Geometry Pairs with Predicate Contains
[LIBGPUSPATIAL] [ 54596][17:30:01:457908][info  ] RTSpatialIndex 0x71e8e000ac10 (Used 1 MB), Allocate result buffer, memory consumption 0 MB, capacity 18
[LIBGPUSPATIAL] [ 54596][17:30:01:458063][info  ] RTSpatialIndex 0x71e8e000ac10 (Used 1 MB), Probe Points, Size: 100000, Results: 18
[LIBGPUSPATIAL] [ 54596][17:30:01:458544][info  ] RTSpatialRefiner 0x71e8e3d29be0 (Used 0 MB), Loaded Geometries, ProbeArray 100000, Loaded 14, Type Point
[LIBGPUSPATIAL] [ 54596][17:30:01:458594][info  ] RTSpatialRefiner 0x71e8e3d29be0 (Used 0 MB), Evaluating 18 Geometry Pairs with Predicate Contains
[LIBGPUSPATIAL] [ 54591][17:30:01:461194][info  ] RTSpatialIndex 0x71e8e000ac10 (Used 3 MB), Allocate result buffer, memory consumption 0 MB, capacity 22
[LIBGPUSPATIAL] [ 54590][17:30:01:461310][info  ] RTSpatialIndex 0x71e8e000ac10 (Used 2 MB), Allocate result buffer, memory consumption 0 MB, capacity 37
[LIBGPUSPATIAL] [ 54589][17:30:01:461421][info  ] RTSpatialIndex 0x71e8e000ac10 (Used 2 MB), Allocate result buffer, memory consumption 0 MB, capacity 23
[LIBGPUSPATIAL] [ 54590][17:30:01:461521][info  ] RTSpatialIndex 0x71e8e000ac10 (Used 2 MB), Probe Points, Size: 100000, Results: 37
[LIBGPUSPATIAL] [ 54591][17:30:01:461705][info  ] RTSpatialIndex 0x71e8e000ac10 (Used 1 MB), Probe Points, Size: 100000, Results: 22
[LIBGPUSPATIAL] [ 54589][17:30:01:461887][info  ] RTSpatialIndex 0x71e8e000ac10 (Used 1 MB), Probe Points, Size: 100000, Results: 23
[LIBGPUSPATIAL] [ 54590][17:30:01:463295][info  ] RTSpatialRefiner 0x71e8e3d29be0 (Used 0 MB), Loaded Geometries, ProbeArray 100000, Loaded 27, Type Point
[LIBGPUSPATIAL] [ 54590][17:30:01:463346][info  ] RTSpatialRefiner 0x71e8e3d29be0 (Used 0 MB), Evaluating 37 Geometry Pairs with Predicate Contains
[LIBGPUSPATIAL] [ 54589][17:30:01:463383][info  ] RTSpatialRefiner 0x71e8e3d29be0 (Used 0 MB), Loaded Geometries, ProbeArray 100000, Loaded 20, Type Point
[LIBGPUSPATIAL] [ 54591][17:30:01:463508][info  ] RTSpatialRefiner 0x71e8e3d29be0 (Used 0 MB), Loaded Geometries, ProbeArray 100000, Loaded 15, Type Point
[LIBGPUSPATIAL] [ 54591][17:30:01:463580][info  ] RTSpatialRefiner 0x71e8e3d29be0 (Used 0 MB), Evaluating 22 Geometry Pairs with Predicate Contains
[LIBGPUSPATIAL] [ 54589][17:30:01:463624][info  ] RTSpatialRefiner 0x71e8e3d29be0 (Used 0 MB), Evaluating 23 Geometry Pairs with Predicate Contains
[LIBGPUSPATIAL] [ 54594][17:30:01:465137][info  ] RTSpatialIndex 0x71e8e000ac10 (Used 2 MB), Allocate result buffer, memory consumption 0 MB, capacity 21
[LIBGPUSPATIAL] [ 54594][17:30:01:465564][info  ] RTSpatialIndex 0x71e8e000ac10 (Used 1 MB), Probe Points, Size: 100000, Results: 21
[LIBGPUSPATIAL] [ 54595][17:30:01:465593][info  ] RTSpatialIndex 0x71e8e000ac10 (Used 1 MB), Allocate result buffer, memory consumption 0 MB, capacity 21
[LIBGPUSPATIAL] [ 54595][17:30:01:465871][info  ] RTSpatialIndex 0x71e8e000ac10 (Used 1 MB), Probe Points, Size: 100000, Results: 21
[LIBGPUSPATIAL] [ 54594][17:30:01:466436][info  ] RTSpatialRefiner 0x71e8e3d29be0 (Used 0 MB), Loaded Geometries, ProbeArray 100000, Loaded 17, Type Point
[LIBGPUSPATIAL] [ 54594][17:30:01:466483][info  ] RTSpatialRefiner 0x71e8e3d29be0 (Used 0 MB), Evaluating 21 Geometry Pairs with Predicate Contains
[LIBGPUSPATIAL] [ 54595][17:30:01:467179][info  ] RTSpatialRefiner 0x71e8e3d29be0 (Used 0 MB), Loaded Geometries, ProbeArray 100000, Loaded 17, Type Point
[LIBGPUSPATIAL] [ 54595][17:30:01:467231][info  ] RTSpatialRefiner 0x71e8e3d29be0 (Used 0 MB), Evaluating 21 Geometry Pairs with Predicate Contains
[LIBGPUSPATIAL] [ 54593][17:30:01:469696][info  ] RTSpatialIndex 0x71e8e000ac10 (Used 1 MB), Allocate result buffer, memory consumption 0 MB, capacity 21
[LIBGPUSPATIAL] [ 54593][17:30:01:469834][info  ] RTSpatialIndex 0x71e8e000ac10 (Used 1 MB), Probe Points, Size: 100000, Results: 21
[LIBGPUSPATIAL] [ 54593][17:30:01:470406][info  ] RTSpatialRefiner 0x71e8e3d29be0 (Used 0 MB), Loaded Geometries, ProbeArray 100000, Loaded 19, Type Point
[LIBGPUSPATIAL] [ 54593][17:30:01:470460][info  ] RTSpatialRefiner 0x71e8e3d29be0 (Used 0 MB), Evaluating 21 Geometry Pairs with Predicate Contains
[LIBGPUSPATIAL] [ 54596][17:30:01:475012][info  ] RTSpatialIndex 0x71e8e000ac10 (Used 1 MB), Allocate result buffer, memory consumption 0 MB, capacity 19
[LIBGPUSPATIAL] [ 54596][17:30:01:475175][info  ] RTSpatialIndex 0x71e8e000ac10 (Used 1 MB), Probe Points, Size: 100000, Results: 19
[LIBGPUSPATIAL] [ 54592][17:30:01:476137][info  ] RTSpatialIndex 0x71e8e000ac10 (Used 1 MB), Allocate result buffer, memory consumption 0 MB, capacity 29
[LIBGPUSPATIAL] [ 54592][17:30:01:476278][info  ] RTSpatialIndex 0x71e8e000ac10 (Used 1 MB), Probe Points, Size: 100000, Results: 29
[LIBGPUSPATIAL] [ 54596][17:30:01:476308][info  ] RTSpatialRefiner 0x71e8e3d29be0 (Used 0 MB), Loaded Geometries, ProbeArray 100000, Loaded 13, Type Point
[LIBGPUSPATIAL] [ 54596][17:30:01:476347][info  ] RTSpatialRefiner 0x71e8e3d29be0 (Used 0 MB), Evaluating 19 Geometry Pairs with Predicate Contains
[LIBGPUSPATIAL] [ 54592][17:30:01:476648][info  ] RTSpatialRefiner 0x71e8e3d29be0 (Used 0 MB), Loaded Geometries, ProbeArray 100000, Loaded 24, Type Point
[LIBGPUSPATIAL] [ 54592][17:30:01:476684][info  ] RTSpatialRefiner 0x71e8e3d29be0 (Used 0 MB), Evaluating 29 Geometry Pairs with Predicate Contains
[LIBGPUSPATIAL] [ 54589][17:30:01:481176][info  ] RTSpatialIndex 0x71e8e000ac10 (Used 1 MB), Allocate result buffer, memory consumption 0 MB, capacity 11
[LIBGPUSPATIAL] [ 54589][17:30:01:481321][info  ] RTSpatialIndex 0x71e8e000ac10 (Used 1 MB), Probe Points, Size: 100000, Results: 11
[LIBGPUSPATIAL] [ 54591][17:30:01:481821][info  ] RTSpatialIndex 0x71e8e000ac10 (Used 1 MB), Allocate result buffer, memory consumption 0 MB, capacity 24
[LIBGPUSPATIAL] [ 54589][17:30:01:481843][info  ] RTSpatialRefiner 0x71e8e3d29be0 (Used 1 MB), Loaded Geometries, ProbeArray 100000, Loaded 10, Type Point
[LIBGPUSPATIAL] [ 54589][17:30:01:481902][info  ] RTSpatialRefiner 0x71e8e3d29be0 (Used 1 MB), Evaluating 11 Geometry Pairs with Predicate Contains
[LIBGPUSPATIAL] [ 54591][17:30:01:482062][info  ] RTSpatialIndex 0x71e8e000ac10 (Used 1 MB), Probe Points, Size: 100000, Results: 24
[LIBGPUSPATIAL] [ 54590][17:30:01:483087][info  ] RTSpatialIndex 0x71e8e000ac10 (Used 1 MB), Allocate result buffer, memory consumption 0 MB, capacity 20
[LIBGPUSPATIAL] [ 54590][17:30:01:483236][info  ] RTSpatialIndex 0x71e8e000ac10 (Used 1 MB), Probe Points, Size: 100000, Results: 20
[LIBGPUSPATIAL] [ 54591][17:30:01:483512][info  ] RTSpatialRefiner 0x71e8e3d29be0 (Used 0 MB), Loaded Geometries, ProbeArray 100000, Loaded 16, Type Point
[LIBGPUSPATIAL] [ 54591][17:30:01:483554][info  ] RTSpatialRefiner 0x71e8e3d29be0 (Used 0 MB), Evaluating 24 Geometry Pairs with Predicate Contains
[LIBGPUSPATIAL] [ 54590][17:30:01:484279][info  ] RTSpatialRefiner 0x71e8e3d29be0 (Used 0 MB), Loaded Geometries, ProbeArray 100000, Loaded 17, Type Point
[LIBGPUSPATIAL] [ 54590][17:30:01:484333][info  ] RTSpatialRefiner 0x71e8e3d29be0 (Used 0 MB), Evaluating 20 Geometry Pairs with Predicate Contains
[LIBGPUSPATIAL] [ 54595][17:30:01:485120][info  ] RTSpatialIndex 0x71e8e000ac10 (Used 1 MB), Allocate result buffer, memory consumption 0 MB, capacity 23
[LIBGPUSPATIAL] [ 54595][17:30:01:485240][info  ] RTSpatialIndex 0x71e8e000ac10 (Used 1 MB), Probe Points, Size: 100000, Results: 23
[LIBGPUSPATIAL] [ 54595][17:30:01:485674][info  ] RTSpatialRefiner 0x71e8e3d29be0 (Used 0 MB), Loaded Geometries, ProbeArray 100000, Loaded 18, Type Point
[LIBGPUSPATIAL] [ 54595][17:30:01:485712][info  ] RTSpatialRefiner 0x71e8e3d29be0 (Used 0 MB), Evaluating 23 Geometry Pairs with Predicate Contains
[LIBGPUSPATIAL] [ 54593][17:30:01:489002][info  ] RTSpatialIndex 0x71e8e000ac10 (Used 1 MB), Allocate result buffer, memory consumption 0 MB, capacity 29
[LIBGPUSPATIAL] [ 54594][17:30:01:489026][info  ] RTSpatialIndex 0x71e8e000ac10 (Used 1 MB), Allocate result buffer, memory consumption 0 MB, capacity 23
[LIBGPUSPATIAL] [ 54593][17:30:01:489658][info  ] RTSpatialIndex 0x71e8e000ac10 (Used 1 MB), Probe Points, Size: 100000, Results: 29
[LIBGPUSPATIAL] [ 54594][17:30:01:489796][info  ] RTSpatialIndex 0x71e8e000ac10 (Used 1 MB), Probe Points, Size: 100000, Results: 23
[LIBGPUSPATIAL] [ 54594][17:30:01:490467][info  ] RTSpatialRefiner 0x71e8e3d29be0 (Used 0 MB), Loaded Geometries, ProbeArray 100000, Loaded 19, Type Point
[LIBGPUSPATIAL] [ 54593][17:30:01:490705][info  ] RTSpatialRefiner 0x71e8e3d29be0 (Used 0 MB), Loaded Geometries, ProbeArray 100000, Loaded 24, Type Point
[LIBGPUSPATIAL] [ 54593][17:30:01:490744][info  ] RTSpatialRefiner 0x71e8e3d29be0 (Used 0 MB), Evaluating 29 Geometry Pairs with Predicate Contains
[LIBGPUSPATIAL] [ 54594][17:30:01:491005][info  ] RTSpatialRefiner 0x71e8e3d29be0 (Used 0 MB), Evaluating 23 Geometry Pairs with Predicate Contains
[LIBGPUSPATIAL] [ 54596][17:30:01:493694][info  ] RTSpatialIndex 0x71e8e000ac10 (Used 1 MB), Allocate result buffer, memory consumption 0 MB, capacity 19
[LIBGPUSPATIAL] [ 54596][17:30:01:493853][info  ] RTSpatialIndex 0x71e8e000ac10 (Used 2 MB), Probe Points, Size: 100000, Results: 19
[LIBGPUSPATIAL] [ 54592][17:30:01:496375][info  ] RTSpatialIndex 0x71e8e000ac10 (Used 1 MB), Allocate result buffer, memory consumption 0 MB, capacity 13
[LIBGPUSPATIAL] [ 54592][17:30:01:496529][info  ] RTSpatialIndex 0x71e8e000ac10 (Used 1 MB), Probe Points, Size: 100000, Results: 13
[LIBGPUSPATIAL] [ 54596][17:30:01:496540][info  ] RTSpatialRefiner 0x71e8e3d29be0 (Used 1 MB), Loaded Geometries, ProbeArray 100000, Loaded 15, Type Point
[LIBGPUSPATIAL] [ 54596][17:30:01:496626][info  ] RTSpatialRefiner 0x71e8e3d29be0 (Used 0 MB), Evaluating 19 Geometry Pairs with Predicate Contains
[LIBGPUSPATIAL] [ 54592][17:30:01:497726][info  ] RTSpatialRefiner 0x71e8e3d29be0 (Used 0 MB), Loaded Geometries, ProbeArray 100000, Loaded 12, Type Point
[LIBGPUSPATIAL] [ 54592][17:30:01:497768][info  ] RTSpatialRefiner 0x71e8e3d29be0 (Used 0 MB), Evaluating 13 Geometry Pairs with Predicate Contains
[LIBGPUSPATIAL] [ 54589][17:30:01:499252][info  ] RTSpatialIndex 0x71e8e000ac10 (Used 1 MB), Allocate result buffer, memory consumption 0 MB, capacity 23
[LIBGPUSPATIAL] [ 54589][17:30:01:499397][info  ] RTSpatialIndex 0x71e8e000ac10 (Used 1 MB), Probe Points, Size: 100000, Results: 23
[LIBGPUSPATIAL] [ 54591][17:30:01:500263][info  ] RTSpatialIndex 0x71e8e000ac10 (Used 1 MB), Allocate result buffer, memory consumption 0 MB, capacity 13
[LIBGPUSPATIAL] [ 54591][17:30:01:500397][info  ] RTSpatialIndex 0x71e8e000ac10 (Used 1 MB), Probe Points, Size: 100000, Results: 13
[LIBGPUSPATIAL] [ 54589][17:30:01:500780][info  ] RTSpatialRefiner 0x71e8e3d29be0 (Used 0 MB), Loaded Geometries, ProbeArray 100000, Loaded 17, Type Point
[LIBGPUSPATIAL] [ 54589][17:30:01:500920][info  ] RTSpatialRefiner 0x71e8e3d29be0 (Used 0 MB), Evaluating 23 Geometry Pairs with Predicate Contains
[LIBGPUSPATIAL] [ 54590][17:30:01:501625][info  ] RTSpatialIndex 0x71e8e000ac10 (Used 1 MB), Allocate result buffer, memory consumption 0 MB, capacity 21
[LIBGPUSPATIAL] [ 54591][17:30:01:501632][info  ] RTSpatialRefiner 0x71e8e3d29be0 (Used 1 MB), Loaded Geometries, ProbeArray 100000, Loaded 11, Type Point
[LIBGPUSPATIAL] [ 54591][17:30:01:501720][info  ] RTSpatialRefiner 0x71e8e3d29be0 (Used 1 MB), Evaluating 13 Geometry Pairs with Predicate Contains
[LIBGPUSPATIAL] [ 54590][17:30:01:502472][info  ] RTSpatialIndex 0x71e8e000ac10 (Used 1 MB), Probe Points, Size: 100000, Results: 21
[LIBGPUSPATIAL] [ 54590][17:30:01:503524][info  ] RTSpatialRefiner 0x71e8e3d29be0 (Used 1 MB), Loaded Geometries, ProbeArray 100000, Loaded 16, Type Point
[LIBGPUSPATIAL] [ 54590][17:30:01:503658][info  ] RTSpatialRefiner 0x71e8e3d29be0 (Used 1 MB), Evaluating 21 Geometry Pairs with Predicate Contains
[LIBGPUSPATIAL] [ 54595][17:30:01:504408][info  ] RTSpatialIndex 0x71e8e000ac10 (Used 1 MB), Allocate result buffer, memory consumption 0 MB, capacity 19
[LIBGPUSPATIAL] [ 54595][17:30:01:505193][info  ] RTSpatialIndex 0x71e8e000ac10 (Used 1 MB), Probe Points, Size: 100000, Results: 19
[LIBGPUSPATIAL] [ 54595][17:30:01:505768][info  ] RTSpatialRefiner 0x71e8e3d29be0 (Used 0 MB), Loaded Geometries, ProbeArray 100000, Loaded 14, Type Point
[LIBGPUSPATIAL] [ 54595][17:30:01:506233][info  ] RTSpatialRefiner 0x71e8e3d29be0 (Used 0 MB), Evaluating 19 Geometry Pairs with Predicate Contains
[LIBGPUSPATIAL] [ 54594][17:30:01:510093][info  ] RTSpatialIndex 0x71e8e000ac10 (Used 1 MB), Allocate result buffer, memory consumption 0 MB, capacity 25
[LIBGPUSPATIAL] [ 54594][17:30:01:510280][info  ] RTSpatialIndex 0x71e8e000ac10 (Used 1 MB), Probe Points, Size: 100000, Results: 25
[LIBGPUSPATIAL] [ 54593][17:30:01:510910][info  ] RTSpatialIndex 0x71e8e000ac10 (Used 1 MB), Allocate result buffer, memory consumption 0 MB, capacity 19
[LIBGPUSPATIAL] [ 54593][17:30:01:511031][info  ] RTSpatialIndex 0x71e8e000ac10 (Used 1 MB), Probe Points, Size: 100000, Results: 19
[LIBGPUSPATIAL] [ 54594][17:30:01:511619][info  ] RTSpatialRefiner 0x71e8e3d29be0 (Used 0 MB), Loaded Geometries, ProbeArray 100000, Loaded 18, Type Point
[LIBGPUSPATIAL] [ 54594][17:30:01:511667][info  ] RTSpatialRefiner 0x71e8e3d29be0 (Used 0 MB), Evaluating 25 Geometry Pairs with Predicate Contains
[LIBGPUSPATIAL] [ 54593][17:30:01:512241][info  ] RTSpatialRefiner 0x71e8e3d29be0 (Used 0 MB), Loaded Geometries, ProbeArray 100000, Loaded 14, Type Point
[LIBGPUSPATIAL] [ 54593][17:30:01:512285][info  ] RTSpatialRefiner 0x71e8e3d29be0 (Used 0 MB), Evaluating 19 Geometry Pairs with Predicate Contains
[LIBGPUSPATIAL] [ 54592][17:30:01:516853][info  ] RTSpatialIndex 0x71e8e000ac10 (Used 1 MB), Allocate result buffer, memory consumption 0 MB, capacity 22
[LIBGPUSPATIAL] [ 54596][17:30:01:516855][info  ] RTSpatialIndex 0x71e8e000ac10 (Used 1 MB), Allocate result buffer, memory consumption 0 MB, capacity 33
[LIBGPUSPATIAL] [ 54592][17:30:01:517116][info  ] RTSpatialIndex 0x71e8e000ac10 (Used 1 MB), Probe Points, Size: 100000, Results: 22
[LIBGPUSPATIAL] [ 54596][17:30:01:517173][info  ] RTSpatialIndex 0x71e8e000ac10 (Used 1 MB), Probe Points, Size: 100000, Results: 33
[LIBGPUSPATIAL] [ 54596][17:30:01:518802][info  ] RTSpatialRefiner 0x71e8e3d29be0 (Used 0 MB), Loaded Geometries, ProbeArray 100000, Loaded 20, Type Point
[LIBGPUSPATIAL] [ 54596][17:30:01:518859][info  ] RTSpatialRefiner 0x71e8e3d29be0 (Used 0 MB), Evaluating 33 Geometry Pairs with Predicate Contains
[LIBGPUSPATIAL] [ 54592][17:30:01:518870][info  ] RTSpatialRefiner 0x71e8e3d29be0 (Used 0 MB), Loaded Geometries, ProbeArray 100000, Loaded 16, Type Point
[LIBGPUSPATIAL] [ 54592][17:30:01:518908][info  ] RTSpatialRefiner 0x71e8e3d29be0 (Used 0 MB), Evaluating 22 Geometry Pairs with Predicate Contains
[LIBGPUSPATIAL] [ 54589][17:30:01:520020][info  ] RTSpatialIndex 0x71e8e000ac10 (Used 1 MB), Allocate result buffer, memory consumption 0 MB, capacity 29
[LIBGPUSPATIAL] [ 54589][17:30:01:520245][info  ] RTSpatialIndex 0x71e8e000ac10 (Used 1 MB), Probe Points, Size: 100000, Results: 29
[LIBGPUSPATIAL] [ 54590][17:30:01:520726][info  ] RTSpatialIndex 0x71e8e000ac10 (Used 1 MB), Allocate result buffer, memory consumption 0 MB, capacity 18
[LIBGPUSPATIAL] [ 54589][17:30:01:520787][info  ] RTSpatialRefiner 0x71e8e3d29be0 (Used 1 MB), Loaded Geometries, ProbeArray 100000, Loaded 23, Type Point
[LIBGPUSPATIAL] [ 54589][17:30:01:520835][info  ] RTSpatialRefiner 0x71e8e3d29be0 (Used 2 MB), Evaluating 29 Geometry Pairs with Predicate Contains
[LIBGPUSPATIAL] [ 54590][17:30:01:520932][info  ] RTSpatialIndex 0x71e8e000ac10 (Used 2 MB), Probe Points, Size: 100000, Results: 18
[LIBGPUSPATIAL] [ 54591][17:30:01:524336][info  ] RTSpatialIndex 0x71e8e000ac10 (Used 1 MB), Allocate result buffer, memory consumption 0 MB, capacity 18
[LIBGPUSPATIAL] [ 54590][17:30:01:525158][info  ] RTSpatialRefiner 0x71e8e3d29be0 (Used 1 MB), Loaded Geometries, ProbeArray 100000, Loaded 17, Type Point
[LIBGPUSPATIAL] [ 54590][17:30:01:525219][info  ] RTSpatialRefiner 0x71e8e3d29be0 (Used 1 MB), Evaluating 18 Geometry Pairs with Predicate Contains
[LIBGPUSPATIAL] [ 54591][17:30:01:525437][info  ] RTSpatialIndex 0x71e8e000ac10 (Used 2 MB), Probe Points, Size: 100000, Results: 18
[LIBGPUSPATIAL] [ 54595][17:30:01:525875][info  ] RTSpatialIndex 0x71e8e000ac10 (Used 1 MB), Allocate result buffer, memory consumption 0 MB, capacity 21
[LIBGPUSPATIAL] [ 54591][17:30:01:526140][info  ] RTSpatialRefiner 0x71e8e3d29be0 (Used 1 MB), Loaded Geometries, ProbeArray 100000, Loaded 14, Type Point
[LIBGPUSPATIAL] [ 54591][17:30:01:526181][info  ] RTSpatialRefiner 0x71e8e3d29be0 (Used 1 MB), Evaluating 18 Geometry Pairs with Predicate Contains
[LIBGPUSPATIAL] [ 54595][17:30:01:526268][info  ] RTSpatialIndex 0x71e8e000ac10 (Used 1 MB), Probe Points, Size: 100000, Results: 21
[LIBGPUSPATIAL] [ 54595][17:30:01:528193][info  ] RTSpatialRefiner 0x71e8e3d29be0 (Used 0 MB), Loaded Geometries, ProbeArray 100000, Loaded 16, Type Point
[LIBGPUSPATIAL] [ 54595][17:30:01:528247][info  ] RTSpatialRefiner 0x71e8e3d29be0 (Used 0 MB), Evaluating 21 Geometry Pairs with Predicate Contains
[LIBGPUSPATIAL] [ 54593][17:30:01:529800][info  ] RTSpatialIndex 0x71e8e000ac10 (Used 1 MB), Allocate result buffer, memory consumption 0 MB, capacity 17
[LIBGPUSPATIAL] [ 54593][17:30:01:530659][info  ] RTSpatialIndex 0x71e8e000ac10 (Used 1 MB), Probe Points, Size: 100000, Results: 17
[LIBGPUSPATIAL] [ 54594][17:30:01:530750][info  ] RTSpatialIndex 0x71e8e000ac10 (Used 1 MB), Allocate result buffer, memory consumption 0 MB, capacity 13
[LIBGPUSPATIAL] [ 54594][17:30:01:531060][info  ] RTSpatialIndex 0x71e8e000ac10 (Used 1 MB), Probe Points, Size: 100000, Results: 13
[LIBGPUSPATIAL] [ 54593][17:30:01:532409][info  ] RTSpatialRefiner 0x71e8e3d29be0 (Used 0 MB), Loaded Geometries, ProbeArray 100000, Loaded 12, Type Point
[LIBGPUSPATIAL] [ 54593][17:30:01:532454][info  ] RTSpatialRefiner 0x71e8e3d29be0 (Used 0 MB), Evaluating 17 Geometry Pairs with Predicate Contains
[LIBGPUSPATIAL] [ 54594][17:30:01:532497][info  ] RTSpatialRefiner 0x71e8e3d29be0 (Used 0 MB), Loaded Geometries, ProbeArray 100000, Loaded 9, Type Point
[LIBGPUSPATIAL] [ 54594][17:30:01:532536][info  ] RTSpatialRefiner 0x71e8e3d29be0 (Used 0 MB), Evaluating 13 Geometry Pairs with Predicate Contains
[LIBGPUSPATIAL] [ 54596][17:30:01:535260][info  ] RTSpatialIndex 0x71e8e000ac10 (Used 1 MB), Allocate result buffer, memory consumption 0 MB, capacity 33
[LIBGPUSPATIAL] [ 54596][17:30:01:535388][info  ] RTSpatialIndex 0x71e8e000ac10 (Used 1 MB), Probe Points, Size: 100000, Results: 33
[LIBGPUSPATIAL] [ 54596][17:30:01:536895][info  ] RTSpatialRefiner 0x71e8e3d29be0 (Used 0 MB), Loaded Geometries, ProbeArray 100000, Loaded 23, Type Point
[LIBGPUSPATIAL] [ 54596][17:30:01:536941][info  ] RTSpatialRefiner 0x71e8e3d29be0 (Used 0 MB), Evaluating 33 Geometry Pairs with Predicate Contains
[LIBGPUSPATIAL] [ 54592][17:30:01:537928][info  ] RTSpatialIndex 0x71e8e000ac10 (Used 1 MB), Allocate result buffer, memory consumption 0 MB, capacity 27
[LIBGPUSPATIAL] [ 54592][17:30:01:538083][info  ] RTSpatialIndex 0x71e8e000ac10 (Used 1 MB), Probe Points, Size: 100000, Results: 27
[LIBGPUSPATIAL] [ 54592][17:30:01:538754][info  ] RTSpatialRefiner 0x71e8e3d29be0 (Used 0 MB), Loaded Geometries, ProbeArray 100000, Loaded 19, Type Point
[LIBGPUSPATIAL] [ 54592][17:30:01:538878][info  ] RTSpatialRefiner 0x71e8e3d29be0 (Used 0 MB), Evaluating 27 Geometry Pairs with Predicate Contains
[LIBGPUSPATIAL] [ 54589][17:30:01:541765][info  ] RTSpatialIndex 0x71e8e000ac10 (Used 1 MB), Allocate result buffer, memory consumption 0 MB, capacity 31
[LIBGPUSPATIAL] [ 54589][17:30:01:541902][info  ] RTSpatialIndex 0x71e8e000ac10 (Used 1 MB), Probe Points, Size: 100000, Results: 31
[LIBGPUSPATIAL] [ 54589][17:30:01:542410][info  ] RTSpatialRefiner 0x71e8e3d29be0 (Used 0 MB), Loaded Geometries, ProbeArray 100000, Loaded 24, Type Point
[LIBGPUSPATIAL] [ 54589][17:30:01:542456][info  ] RTSpatialRefiner 0x71e8e3d29be0 (Used 0 MB), Evaluating 31 Geometry Pairs with Predicate Contains
[LIBGPUSPATIAL] [ 54591][17:30:01:544600][info  ] RTSpatialIndex 0x71e8e000ac10 (Used 1 MB), Allocate result buffer, memory consumption 0 MB, capacity 13
[LIBGPUSPATIAL] [ 54591][17:30:01:544814][info  ] RTSpatialIndex 0x71e8e000ac10 (Used 2 MB), Probe Points, Size: 100000, Results: 13
[LIBGPUSPATIAL] [ 54590][17:30:01:545629][info  ] RTSpatialIndex 0x71e8e000ac10 (Used 1 MB), Allocate result buffer, memory consumption 0 MB, capacity 27
[LIBGPUSPATIAL] [ 54590][17:30:01:545791][info  ] RTSpatialIndex 0x71e8e000ac10 (Used 1 MB), Probe Points, Size: 100000, Results: 27
[LIBGPUSPATIAL] [ 54591][17:30:01:545860][info  ] RTSpatialRefiner 0x71e8e3d29be0 (Used 0 MB), Loaded Geometries, ProbeArray 100000, Loaded 11, Type Point
[LIBGPUSPATIAL] [ 54591][17:30:01:545930][info  ] RTSpatialRefiner 0x71e8e3d29be0 (Used 0 MB), Evaluating 13 Geometry Pairs with Predicate Contains
[LIBGPUSPATIAL] [ 54595][17:30:01:547842][info  ] RTSpatialIndex 0x71e8e000ac10 (Used 1 MB), Allocate result buffer, memory consumption 0 MB, capacity 17
[LIBGPUSPATIAL] [ 54595][17:30:01:547957][info  ] RTSpatialIndex 0x71e8e000ac10 (Used 1 MB), Probe Points, Size: 100000, Results: 17
[LIBGPUSPATIAL] [ 54590][17:30:01:549308][info  ] RTSpatialRefiner 0x71e8e3d29be0 (Used 1 MB), Loaded Geometries, ProbeArray 100000, Loaded 20, Type Point
[LIBGPUSPATIAL] [ 54590][17:30:01:549408][info  ] RTSpatialRefiner 0x71e8e3d29be0 (Used 1 MB), Evaluating 27 Geometry Pairs with Predicate Contains
[LIBGPUSPATIAL] [ 54595][17:30:01:549455][info  ] RTSpatialRefiner 0x71e8e3d29be0 (Used 1 MB), Loaded Geometries, ProbeArray 100000, Loaded 14, Type Point
[LIBGPUSPATIAL] [ 54595][17:30:01:549494][info  ] RTSpatialRefiner 0x71e8e3d29be0 (Used 1 MB), Evaluating 17 Geometry Pairs with Predicate Contains
[LIBGPUSPATIAL] [ 54593][17:30:01:549813][info  ] RTSpatialIndex 0x71e8e000ac10 (Used 1 MB), Allocate result buffer, memory consumption 0 MB, capacity 29
[LIBGPUSPATIAL] [ 54593][17:30:01:550116][info  ] RTSpatialIndex 0x71e8e000ac10 (Used 1 MB), Probe Points, Size: 100000, Results: 29
[LIBGPUSPATIAL] [ 54593][17:30:01:550580][info  ] RTSpatialRefiner 0x71e8e3d29be0 (Used 0 MB), Loaded Geometries, ProbeArray 100000, Loaded 20, Type Point
[LIBGPUSPATIAL] [ 54593][17:30:01:550626][info  ] RTSpatialRefiner 0x71e8e3d29be0 (Used 0 MB), Evaluating 29 Geometry Pairs with Predicate Contains
[LIBGPUSPATIAL] [ 54594][17:30:01:552248][info  ] RTSpatialIndex 0x71e8e000ac10 (Used 1 MB), Allocate result buffer, memory consumption 0 MB, capacity 27
[LIBGPUSPATIAL] [ 54594][17:30:01:552391][info  ] RTSpatialIndex 0x71e8e000ac10 (Used 1 MB), Probe Points, Size: 100000, Results: 27
[LIBGPUSPATIAL] [ 54594][17:30:01:553006][info  ] RTSpatialRefiner 0x71e8e3d29be0 (Used 0 MB), Loaded Geometries, ProbeArray 100000, Loaded 22, Type Point
[LIBGPUSPATIAL] [ 54594][17:30:01:553068][info  ] RTSpatialRefiner 0x71e8e3d29be0 (Used 0 MB), Evaluating 27 Geometry Pairs with Predicate Contains
[LIBGPUSPATIAL] [ 54596][17:30:01:557117][info  ] RTSpatialIndex 0x71e8e000ac10 (Used 1 MB), Allocate result buffer, memory consumption 0 MB, capacity 24
[LIBGPUSPATIAL] [ 54596][17:30:01:557897][info  ] RTSpatialIndex 0x71e8e000ac10 (Used 1 MB), Probe Points, Size: 100000, Results: 24
[LIBGPUSPATIAL] [ 54592][17:30:01:558015][info  ] RTSpatialIndex 0x71e8e000ac10 (Used 1 MB), Allocate result buffer, memory consumption 0 MB, capacity 16
[LIBGPUSPATIAL] [ 54592][17:30:01:559081][info  ] RTSpatialIndex 0x71e8e000ac10 (Used 1 MB), Probe Points, Size: 100000, Results: 16
[LIBGPUSPATIAL] [ 54589][17:30:01:559165][info  ] RTSpatialIndex 0x71e8e000ac10 (Used 1 MB), Allocate result buffer, memory consumption 0 MB, capacity 24
[LIBGPUSPATIAL] [ 54596][17:30:01:559393][info  ] RTSpatialRefiner 0x71e8e3d29be0 (Used 1 MB), Loaded Geometries, ProbeArray 100000, Loaded 18, Type Point
[LIBGPUSPATIAL] [ 54596][17:30:01:559479][info  ] RTSpatialRefiner 0x71e8e3d29be0 (Used 1 MB), Evaluating 24 Geometry Pairs with Predicate Contains
[LIBGPUSPATIAL] [ 54589][17:30:01:559560][info  ] RTSpatialIndex 0x71e8e000ac10 (Used 1 MB), Probe Points, Size: 100000, Results: 24
[LIBGPUSPATIAL] [ 54592][17:30:01:559976][info  ] RTSpatialRefiner 0x71e8e3d29be0 (Used 0 MB), Loaded Geometries, ProbeArray 100000, Loaded 14, Type Point
[LIBGPUSPATIAL] [ 54592][17:30:01:560019][info  ] RTSpatialRefiner 0x71e8e3d29be0 (Used 0 MB), Evaluating 16 Geometry Pairs with Predicate Contains
[LIBGPUSPATIAL] [ 54589][17:30:01:560075][info  ] RTSpatialRefiner 0x71e8e3d29be0 (Used 0 MB), Loaded Geometries, ProbeArray 100000, Loaded 18, Type Point
[LIBGPUSPATIAL] [ 54589][17:30:01:560115][info  ] RTSpatialRefiner 0x71e8e3d29be0 (Used 0 MB), Evaluating 24 Geometry Pairs with Predicate Contains
[LIBGPUSPATIAL] [ 54591][17:30:01:563198][info  ] RTSpatialIndex 0x71e8e000ac10 (Used 1 MB), Allocate result buffer, memory consumption 0 MB, capacity 24
[LIBGPUSPATIAL] [ 54591][17:30:01:563328][info  ] RTSpatialIndex 0x71e8e000ac10 (Used 1 MB), Probe Points, Size: 100000, Results: 24
[LIBGPUSPATIAL] [ 54591][17:30:01:564409][info  ] RTSpatialRefiner 0x71e8e3d29be0 (Used 0 MB), Loaded Geometries, ProbeArray 100000, Loaded 17, Type Point
[LIBGPUSPATIAL] [ 54591][17:30:01:564452][info  ] RTSpatialRefiner 0x71e8e3d29be0 (Used 0 MB), Evaluating 24 Geometry Pairs with Predicate Contains
[LIBGPUSPATIAL] [ 54590][17:30:01:567052][info  ] RTSpatialIndex 0x71e8e000ac10 (Used 1 MB), Allocate result buffer, memory consumption 0 MB, capacity 26
[LIBGPUSPATIAL] [ 54590][17:30:01:567204][info  ] RTSpatialIndex 0x71e8e000ac10 (Used 1 MB), Probe Points, Size: 100000, Results: 26
[LIBGPUSPATIAL] [ 54593][17:30:01:567754][info  ] RTSpatialIndex 0x71e8e000ac10 (Used 1 MB), Allocate result buffer, memory consumption 0 MB, capacity 24
[LIBGPUSPATIAL] [ 54593][17:30:01:567876][info  ] RTSpatialIndex 0x71e8e000ac10 (Used 1 MB), Probe Points, Size: 100000, Results: 24
[LIBGPUSPATIAL] [ 54590][17:30:01:568060][info  ] RTSpatialRefiner 0x71e8e3d29be0 (Used 0 MB), Loaded Geometries, ProbeArray 100000, Loaded 19, Type Point
[LIBGPUSPATIAL] [ 54590][17:30:01:568108][info  ] RTSpatialRefiner 0x71e8e3d29be0 (Used 0 MB), Evaluating 26 Geometry Pairs with Predicate Contains
[LIBGPUSPATIAL] [ 54593][17:30:01:568244][info  ] RTSpatialRefiner 0x71e8e3d29be0 (Used 0 MB), Loaded Geometries, ProbeArray 100000, Loaded 17, Type Point
[LIBGPUSPATIAL] [ 54593][17:30:01:568282][info  ] RTSpatialRefiner 0x71e8e3d29be0 (Used 0 MB), Evaluating 24 Geometry Pairs with Predicate Contains
[LIBGPUSPATIAL] [ 54595][17:30:01:570056][info  ] RTSpatialIndex 0x71e8e000ac10 (Used 1 MB), Allocate result buffer, memory consumption 0 MB, capacity 20
[LIBGPUSPATIAL] [ 54595][17:30:01:570178][info  ] RTSpatialIndex 0x71e8e000ac10 (Used 1 MB), Probe Points, Size: 100000, Results: 20
[LIBGPUSPATIAL] [ 54595][17:30:01:571205][info  ] RTSpatialRefiner 0x71e8e3d29be0 (Used 0 MB), Loaded Geometries, ProbeArray 100000, Loaded 15, Type Point
[LIBGPUSPATIAL] [ 54595][17:30:01:571247][info  ] RTSpatialRefiner 0x71e8e3d29be0 (Used 0 MB), Evaluating 20 Geometry Pairs with Predicate Contains
[LIBGPUSPATIAL] [ 54594][17:30:01:573089][info  ] RTSpatialIndex 0x71e8e000ac10 (Used 1 MB), Allocate result buffer, memory consumption 0 MB, capacity 32
[LIBGPUSPATIAL] [ 54594][17:30:01:573311][info  ] RTSpatialIndex 0x71e8e000ac10 (Used 1 MB), Probe Points, Size: 100000, Results: 32
[LIBGPUSPATIAL] [ 54593][17:30:01:574709][info  ] RTSpatialIndex 0x71e8e000ac10 (Used 0 MB), Allocate result buffer, memory consumption 0 MB, capacity 11
[LIBGPUSPATIAL] [ 54593][17:30:01:574854][info  ] RTSpatialIndex 0x71e8e000ac10 (Used 0 MB), Probe Points, Size: 33333, Results: 11
[LIBGPUSPATIAL] [ 54594][17:30:01:575434][info  ] RTSpatialRefiner 0x71e8e3d29be0 (Used 0 MB), Loaded Geometries, ProbeArray 100000, Loaded 23, Type Point
[LIBGPUSPATIAL] [ 54593][17:30:01:575857][info  ] RTSpatialRefiner 0x71e8e3d29be0 (Used 0 MB), Loaded Geometries, ProbeArray 33333, Loaded 7, Type Point
[LIBGPUSPATIAL] [ 54593][17:30:01:575896][info  ] RTSpatialRefiner 0x71e8e3d29be0 (Used 0 MB), Evaluating 11 Geometry Pairs with Predicate Contains
[LIBGPUSPATIAL] [ 54594][17:30:01:576118][info  ] RTSpatialRefiner 0x71e8e3d29be0 (Used 1 MB), Evaluating 32 Geometry Pairs with Predicate Contains
[LIBGPUSPATIAL] [ 54589][17:30:01:576608][info  ] RTSpatialIndex 0x71e8e000ac10 (Used 1 MB), Allocate result buffer, memory consumption 0 MB, capacity 24
[LIBGPUSPATIAL] [ 54589][17:30:01:576749][info  ] RTSpatialIndex 0x71e8e000ac10 (Used 1 MB), Probe Points, Size: 100000, Results: 24
[LIBGPUSPATIAL] [ 54592][17:30:01:578906][info  ] RTSpatialIndex 0x71e8e000ac10 (Used 1 MB), Allocate result buffer, memory consumption 0 MB, capacity 23
[LIBGPUSPATIAL] [ 54592][17:30:01:579061][info  ] RTSpatialIndex 0x71e8e000ac10 (Used 1 MB), Probe Points, Size: 100000, Results: 23
[LIBGPUSPATIAL] [ 54589][17:30:01:579506][info  ] RTSpatialRefiner 0x71e8e3d29be0 (Used 0 MB), Loaded Geometries, ProbeArray 100000, Loaded 18, Type Point
[LIBGPUSPATIAL] [ 54589][17:30:01:579554][info  ] RTSpatialRefiner 0x71e8e3d29be0 (Used 0 MB), Evaluating 24 Geometry Pairs with Predicate Contains
[LIBGPUSPATIAL] [ 54596][17:30:01:581875][info  ] RTSpatialIndex 0x71e8e000ac10 (Used 1 MB), Allocate result buffer, memory consumption 0 MB, capacity 23
[LIBGPUSPATIAL] [ 54596][17:30:01:582069][info  ] RTSpatialIndex 0x71e8e000ac10 (Used 2 MB), Probe Points, Size: 100000, Results: 23
[LIBGPUSPATIAL] [ 54590][17:30:01:582601][info  ] RTSpatialIndex 0x71e8e000ac10 (Used 1 MB), Allocate result buffer, memory consumption 0 MB, capacity 20
[LIBGPUSPATIAL] [ 54590][17:30:01:582736][info  ] RTSpatialIndex 0x71e8e000ac10 (Used 1 MB), Probe Points, Size: 100000, Results: 20
[LIBGPUSPATIAL] [ 54592][17:30:01:583020][info  ] RTSpatialRefiner 0x71e8e3d29be0 (Used 0 MB), Loaded Geometries, ProbeArray 100000, Loaded 15, Type Point
[LIBGPUSPATIAL] [ 54596][17:30:01:583059][info  ] RTSpatialRefiner 0x71e8e3d29be0 (Used 0 MB), Loaded Geometries, ProbeArray 100000, Loaded 16, Type Point
[LIBGPUSPATIAL] [ 54592][17:30:01:583129][info  ] RTSpatialRefiner 0x71e8e3d29be0 (Used 0 MB), Evaluating 23 Geometry Pairs with Predicate Contains
[LIBGPUSPATIAL] [ 54596][17:30:01:583134][info  ] RTSpatialRefiner 0x71e8e3d29be0 (Used 0 MB), Evaluating 23 Geometry Pairs with Predicate Contains
[LIBGPUSPATIAL] [ 54590][17:30:01:583286][info  ] RTSpatialRefiner 0x71e8e3d29be0 (Used 0 MB), Loaded Geometries, ProbeArray 100000, Loaded 15, Type Point
[LIBGPUSPATIAL] [ 54590][17:30:01:583327][info  ] RTSpatialRefiner 0x71e8e3d29be0 (Used 0 MB), Evaluating 20 Geometry Pairs with Predicate Contains
[LIBGPUSPATIAL] [ 54591][17:30:01:584323][info  ] RTSpatialIndex 0x71e8e000ac10 (Used 1 MB), Allocate result buffer, memory consumption 0 MB, capacity 22
[LIBGPUSPATIAL] [ 54591][17:30:01:584892][info  ] RTSpatialIndex 0x71e8e000ac10 (Used 1 MB), Probe Points, Size: 100000, Results: 22
[LIBGPUSPATIAL] [ 54591][17:30:01:587744][info  ] RTSpatialRefiner 0x71e8e3d29be0 (Used 0 MB), Loaded Geometries, ProbeArray 100000, Loaded 18, Type Point
[LIBGPUSPATIAL] [ 54591][17:30:01:587797][info  ] RTSpatialRefiner 0x71e8e3d29be0 (Used 0 MB), Evaluating 22 Geometry Pairs with Predicate Contains
[LIBGPUSPATIAL] [ 54595][17:30:01:589337][info  ] RTSpatialIndex 0x71e8e000ac10 (Used 1 MB), Allocate result buffer, memory consumption 0 MB, capacity 36
[LIBGPUSPATIAL] [ 54595][17:30:01:589513][info  ] RTSpatialIndex 0x71e8e000ac10 (Used 1 MB), Probe Points, Size: 100000, Results: 36
[LIBGPUSPATIAL] [ 54595][17:30:01:590072][info  ] RTSpatialRefiner 0x71e8e3d29be0 (Used 0 MB), Loaded Geometries, ProbeArray 100000, Loaded 26, Type Point
[LIBGPUSPATIAL] [ 54595][17:30:01:590154][info  ] RTSpatialRefiner 0x71e8e3d29be0 (Used 0 MB), Evaluating 36 Geometry Pairs with Predicate Contains
[LIBGPUSPATIAL] [ 54594][17:30:01:597526][info  ] RTSpatialIndex 0x71e8e000ac10 (Used 1 MB), Allocate result buffer, memory consumption 0 MB, capacity 30
[LIBGPUSPATIAL] [ 54594][17:30:01:597658][info  ] RTSpatialIndex 0x71e8e000ac10 (Used 1 MB), Probe Points, Size: 100000, Results: 30
[LIBGPUSPATIAL] [ 54594][17:30:01:598307][info  ] RTSpatialRefiner 0x71e8e3d29be0 (Used 0 MB), Loaded Geometries, ProbeArray 100000, Loaded 21, Type Point
[LIBGPUSPATIAL] [ 54594][17:30:01:598413][info  ] RTSpatialRefiner 0x71e8e3d29be0 (Used 0 MB), Evaluating 30 Geometry Pairs with Predicate Contains
[LIBGPUSPATIAL] [ 54589][17:30:01:602719][info  ] RTSpatialIndex 0x71e8e000ac10 (Used 1 MB), Allocate result buffer, memory consumption 0 MB, capacity 17
[LIBGPUSPATIAL] [ 54590][17:30:01:602934][info  ] RTSpatialIndex 0x71e8e000ac10 (Used 1 MB), Allocate result buffer, memory consumption 0 MB, capacity 32
[LIBGPUSPATIAL] [ 54590][17:30:01:603100][info  ] RTSpatialIndex 0x71e8e000ac10 (Used 3 MB), Probe Points, Size: 100000, Results: 32
[LIBGPUSPATIAL] [ 54589][17:30:01:603281][info  ] RTSpatialIndex 0x71e8e000ac10 (Used 2 MB), Probe Points, Size: 100000, Results: 17
[LIBGPUSPATIAL] [ 54596][17:30:01:603697][info  ] RTSpatialIndex 0x71e8e000ac10 (Used 1 MB), Allocate result buffer, memory consumption 0 MB, capacity 24
[LIBGPUSPATIAL] [ 54596][17:30:01:603842][info  ] RTSpatialIndex 0x71e8e000ac10 (Used 1 MB), Probe Points, Size: 100000, Results: 24
[LIBGPUSPATIAL] [ 54589][17:30:01:604364][info  ] RTSpatialRefiner 0x71e8e3d29be0 (Used 1 MB), Loaded Geometries, ProbeArray 100000, Loaded 13, Type Point
[LIBGPUSPATIAL] [ 54592][17:30:01:604373][info  ] RTSpatialIndex 0x71e8e000ac10 (Used 1 MB), Allocate result buffer, memory consumption 0 MB, capacity 20
[LIBGPUSPATIAL] [ 54589][17:30:01:604409][info  ] RTSpatialRefiner 0x71e8e3d29be0 (Used 1 MB), Evaluating 17 Geometry Pairs with Predicate Contains
[LIBGPUSPATIAL] [ 54592][17:30:01:604489][info  ] RTSpatialIndex 0x71e8e000ac10 (Used 1 MB), Probe Points, Size: 100000, Results: 20
[LIBGPUSPATIAL] [ 54590][17:30:01:604970][info  ] RTSpatialRefiner 0x71e8e3d29be0 (Used 1 MB), Loaded Geometries, ProbeArray 100000, Loaded 22, Type Point
[LIBGPUSPATIAL] [ 54596][17:30:01:605007][info  ] RTSpatialRefiner 0x71e8e3d29be0 (Used 1 MB), Loaded Geometries, ProbeArray 100000, Loaded 19, Type Point
[LIBGPUSPATIAL] [ 54590][17:30:01:605013][info  ] RTSpatialRefiner 0x71e8e3d29be0 (Used 1 MB), Evaluating 32 Geometry Pairs with Predicate Contains
[LIBGPUSPATIAL] [ 54596][17:30:01:605065][info  ] RTSpatialRefiner 0x71e8e3d29be0 (Used 1 MB), Evaluating 24 Geometry Pairs with Predicate Contains
[LIBGPUSPATIAL] [ 54592][17:30:01:605602][info  ] RTSpatialRefiner 0x71e8e3d29be0 (Used 2 MB), Loaded Geometries, ProbeArray 100000, Loaded 16, Type Point
[LIBGPUSPATIAL] [ 54592][17:30:01:605644][info  ] RTSpatialRefiner 0x71e8e3d29be0 (Used 2 MB), Evaluating 20 Geometry Pairs with Predicate Contains
[LIBGPUSPATIAL] [ 54591][17:30:01:606426][info  ] RTSpatialIndex 0x71e8e000ac10 (Used 2 MB), Allocate result buffer, memory consumption 0 MB, capacity 19
[LIBGPUSPATIAL] [ 54591][17:30:01:606978][info  ] RTSpatialIndex 0x71e8e000ac10 (Used 1 MB), Probe Points, Size: 100000, Results: 19
[LIBGPUSPATIAL] [ 54593][17:30:01:607222][info  ] RTSpatialIndex 0x71e8e000ac10 (Used 1 MB), Allocate result buffer, memory consumption 0 MB, capacity 21
[LIBGPUSPATIAL] [ 54593][17:30:01:607602][info  ] RTSpatialIndex 0x71e8e000ac10 (Used 1 MB), Probe Points, Size: 100000, Results: 21
[LIBGPUSPATIAL] [ 54591][17:30:01:607849][info  ] RTSpatialRefiner 0x71e8e3d29be0 (Used 0 MB), Loaded Geometries, ProbeArray 100000, Loaded 16, Type Point
[LIBGPUSPATIAL] [ 54591][17:30:01:607892][info  ] RTSpatialRefiner 0x71e8e3d29be0 (Used 0 MB), Evaluating 19 Geometry Pairs with Predicate Contains
[LIBGPUSPATIAL] [ 54595][17:30:01:608476][info  ] RTSpatialIndex 0x71e8e000ac10 (Used 1 MB), Allocate result buffer, memory consumption 0 MB, capacity 16
[LIBGPUSPATIAL] [ 54595][17:30:01:608632][info  ] RTSpatialIndex 0x71e8e000ac10 (Used 1 MB), Probe Points, Size: 100000, Results: 16
[LIBGPUSPATIAL] [ 54593][17:30:01:608659][info  ] RTSpatialRefiner 0x71e8e3d29be0 (Used 0 MB), Loaded Geometries, ProbeArray 100000, Loaded 17, Type Point
[LIBGPUSPATIAL] [ 54593][17:30:01:608843][info  ] RTSpatialRefiner 0x71e8e3d29be0 (Used 0 MB), Evaluating 21 Geometry Pairs with Predicate Contains
[LIBGPUSPATIAL] [ 54595][17:30:01:609642][info  ] RTSpatialRefiner 0x71e8e3d29be0 (Used 0 MB), Loaded Geometries, ProbeArray 100000, Loaded 12, Type Point
[LIBGPUSPATIAL] [ 54595][17:30:01:609683][info  ] RTSpatialRefiner 0x71e8e3d29be0 (Used 0 MB), Evaluating 16 Geometry Pairs with Predicate Contains
[LIBGPUSPATIAL] [ 54589][17:30:01:610773][info  ] RTSpatialIndex 0x71e8e000ac10 (Used 0 MB), Allocate result buffer, memory consumption 0 MB, capacity 9
[LIBGPUSPATIAL] [ 54589][17:30:01:610891][info  ] RTSpatialIndex 0x71e8e000ac10 (Used 0 MB), Probe Points, Size: 33348, Results: 9
[LIBGPUSPATIAL] [ 54589][17:30:01:612462][info  ] RTSpatialRefiner 0x71e8e3d29be0 (Used 0 MB), Loaded Geometries, ProbeArray 33348, Loaded 6, Type Point
[LIBGPUSPATIAL] [ 54589][17:30:01:612982][info  ] RTSpatialRefiner 0x71e8e3d29be0 (Used 0 MB), Evaluating 9 Geometry Pairs with Predicate Contains
[LIBGPUSPATIAL] [ 54590][17:30:01:612787][info  ] RTSpatialIndex 0x71e8e000ac10 (Used 0 MB), Allocate result buffer, memory consumption 0 MB, capacity 14
[LIBGPUSPATIAL] [ 54590][17:30:01:613756][info  ] RTSpatialIndex 0x71e8e000ac10 (Used 0 MB), Probe Points, Size: 33333, Results: 14
[LIBGPUSPATIAL] [ 54590][17:30:01:614312][info  ] RTSpatialRefiner 0x71e8e3d29be0 (Used 0 MB), Loaded Geometries, ProbeArray 33333, Loaded 9, Type Point
[LIBGPUSPATIAL] [ 54590][17:30:01:614361][info  ] RTSpatialRefiner 0x71e8e3d29be0 (Used 0 MB), Evaluating 14 Geometry Pairs with Predicate Contains
[LIBGPUSPATIAL] [ 54595][17:30:01:616982][info  ] RTSpatialIndex 0x71e8e000ac10 (Used 0 MB), Allocate result buffer, memory consumption 0 MB, capacity 8
[LIBGPUSPATIAL] [ 54595][17:30:01:617161][info  ] RTSpatialIndex 0x71e8e000ac10 (Used 0 MB), Probe Points, Size: 33333, Results: 8
[LIBGPUSPATIAL] [ 54594][17:30:01:617856][info  ] RTSpatialIndex 0x71e8e000ac10 (Used 1 MB), Allocate result buffer, memory consumption 0 MB, capacity 34
[LIBGPUSPATIAL] [ 54594][17:30:01:617982][info  ] RTSpatialIndex 0x71e8e000ac10 (Used 1 MB), Probe Points, Size: 100000, Results: 34
[LIBGPUSPATIAL] [ 54595][17:30:01:618285][info  ] RTSpatialRefiner 0x71e8e3d29be0 (Used 0 MB), Loaded Geometries, ProbeArray 33333, Loaded 7, Type Point
[LIBGPUSPATIAL] [ 54595][17:30:01:618329][info  ] RTSpatialRefiner 0x71e8e3d29be0 (Used 0 MB), Evaluating 8 Geometry Pairs with Predicate Contains
[LIBGPUSPATIAL] [ 54594][17:30:01:619748][info  ] RTSpatialRefiner 0x71e8e3d29be0 (Used 0 MB), Loaded Geometries, ProbeArray 100000, Loaded 26, Type Point
[LIBGPUSPATIAL] [ 54594][17:30:01:619805][info  ] RTSpatialRefiner 0x71e8e3d29be0 (Used 0 MB), Evaluating 34 Geometry Pairs with Predicate Contains
[LIBGPUSPATIAL] [ 54592][17:30:01:626842][info  ] RTSpatialIndex 0x71e8e000ac10 (Used 1 MB), Allocate result buffer, memory consumption 0 MB, capacity 38
[LIBGPUSPATIAL] [ 54596][17:30:01:626842][info  ] RTSpatialIndex 0x71e8e000ac10 (Used 1 MB), Allocate result buffer, memory consumption 0 MB, capacity 13
[LIBGPUSPATIAL] [ 54592][17:30:01:627099][info  ] RTSpatialIndex 0x71e8e000ac10 (Used 1 MB), Probe Points, Size: 100000, Results: 38
[LIBGPUSPATIAL] [ 54596][17:30:01:627197][info  ] RTSpatialIndex 0x71e8e000ac10 (Used 1 MB), Probe Points, Size: 100000, Results: 13
[LIBGPUSPATIAL] [ 54594][17:30:01:627853][info  ] RTSpatialIndex 0x71e8e000ac10 (Used 0 MB), Allocate result buffer, memory consumption 0 MB, capacity 4
[LIBGPUSPATIAL] [ 54594][17:30:01:628000][info  ] RTSpatialIndex 0x71e8e000ac10 (Used 2 MB), Probe Points, Size: 33333, Results: 4
[LIBGPUSPATIAL] [ 54592][17:30:01:628185][info  ] RTSpatialRefiner 0x71e8e3d29be0 (Used 1 MB), Loaded Geometries, ProbeArray 100000, Loaded 27, Type Point
[LIBGPUSPATIAL] [ 54592][17:30:01:628492][info  ] RTSpatialRefiner 0x71e8e3d29be0 (Used 3 MB), Evaluating 38 Geometry Pairs with Predicate Contains
[LIBGPUSPATIAL] [ 54594][17:30:01:628857][info  ] RTSpatialRefiner 0x71e8e3d29be0 (Used 1 MB), Loaded Geometries, ProbeArray 33333, Loaded 2, Type Point
[LIBGPUSPATIAL] [ 54591][17:30:01:628904][info  ] RTSpatialIndex 0x71e8e000ac10 (Used 1 MB), Allocate result buffer, memory consumption 0 MB, capacity 16
[LIBGPUSPATIAL] [ 54594][17:30:01:628905][info  ] RTSpatialRefiner 0x71e8e3d29be0 (Used 1 MB), Evaluating 4 Geometry Pairs with Predicate Contains
[LIBGPUSPATIAL] [ 54596][17:30:01:628934][info  ] RTSpatialRefiner 0x71e8e3d29be0 (Used 1 MB), Loaded Geometries, ProbeArray 100000, Loaded 11, Type Point
[LIBGPUSPATIAL] [ 54596][17:30:01:629004][info  ] RTSpatialRefiner 0x71e8e3d29be0 (Used 1 MB), Evaluating 13 Geometry Pairs with Predicate Contains
[LIBGPUSPATIAL] [ 54591][17:30:01:629351][info  ] RTSpatialIndex 0x71e8e000ac10 (Used 1 MB), Probe Points, Size: 100000, Results: 16
[LIBGPUSPATIAL] [ 54593][17:30:01:629702][info  ] RTSpatialIndex 0x71e8e000ac10 (Used 1 MB), Allocate result buffer, memory consumption 0 MB, capacity 26
[LIBGPUSPATIAL] [ 54591][17:30:01:629943][info  ] RTSpatialRefiner 0x71e8e3d29be0 (Used 1 MB), Loaded Geometries, ProbeArray 100000, Loaded 15, Type Point
[LIBGPUSPATIAL] [ 54591][17:30:01:629986][info  ] RTSpatialRefiner 0x71e8e3d29be0 (Used 1 MB), Evaluating 16 Geometry Pairs with Predicate Contains
[LIBGPUSPATIAL] [ 54593][17:30:01:630405][info  ] RTSpatialIndex 0x71e8e000ac10 (Used 1 MB), Probe Points, Size: 100000, Results: 26
[LIBGPUSPATIAL] [ 54593][17:30:01:631484][info  ] RTSpatialRefiner 0x71e8e3d29be0 (Used 0 MB), Loaded Geometries, ProbeArray 100000, Loaded 19, Type Point
[LIBGPUSPATIAL] [ 54593][17:30:01:631703][info  ] RTSpatialRefiner 0x71e8e3d29be0 (Used 0 MB), Evaluating 26 Geometry Pairs with Predicate Contains
[LIBGPUSPATIAL] [ 54591][17:30:01:639989][info  ] RTSpatialIndex 0x71e8e000ac10 (Used 0 MB), Allocate result buffer, memory consumption 0 MB, capacity 7
[LIBGPUSPATIAL] [ 54591][17:30:01:640183][info  ] RTSpatialIndex 0x71e8e000ac10 (Used 0 MB), Probe Points, Size: 33333, Results: 7
[LIBGPUSPATIAL] [ 54591][17:30:01:641810][info  ] RTSpatialRefiner 0x71e8e3d29be0 (Used 0 MB), Loaded Geometries, ProbeArray 33333, Loaded 6, Type Point
[LIBGPUSPATIAL] [ 54591][17:30:01:641862][info  ] RTSpatialRefiner 0x71e8e3d29be0 (Used 0 MB), Evaluating 7 Geometry Pairs with Predicate Contains
[LIBGPUSPATIAL] [ 54596][17:30:01:648004][info  ] RTSpatialIndex 0x71e8e000ac10 (Used 1 MB), Allocate result buffer, memory consumption 0 MB, capacity 22
[LIBGPUSPATIAL] [ 54596][17:30:01:648157][info  ] RTSpatialIndex 0x71e8e000ac10 (Used 1 MB), Probe Points, Size: 100000, Results: 22
[LIBGPUSPATIAL] [ 54592][17:30:01:650741][info  ] RTSpatialIndex 0x71e8e000ac10 (Used 2 MB), Allocate result buffer, memory consumption 0 MB, capacity 20
[LIBGPUSPATIAL] [ 54595][17:30:01:651149][info  ] RTSpatialIndex 0x71e8e000ac10 (Used 1 MB), Allocate result buffer, memory consumption 0 MB, capacity 19
[LIBGPUSPATIAL] [ 54596][17:30:01:651352][info  ] RTSpatialRefiner 0x71e8e3d29be0 (Used 1 MB), Loaded Geometries, ProbeArray 100000, Loaded 17, Type Point
[LIBGPUSPATIAL] [ 54596][17:30:01:651404][info  ] RTSpatialRefiner 0x71e8e3d29be0 (Used 1 MB), Evaluating 22 Geometry Pairs with Predicate Contains
[LIBGPUSPATIAL] [ 54593][17:30:01:652338][info  ] RTSpatialIndex 0x71e8e000ac10 (Used 2 MB), Allocate result buffer, memory consumption 0 MB, capacity 17
[LIBGPUSPATIAL] [ 54595][17:30:01:652515][info  ] RTSpatialIndex 0x71e8e000ac10 (Used 2 MB), Probe Points, Size: 100000, Results: 19
[LIBGPUSPATIAL] [ 54592][17:30:01:652619][info  ] RTSpatialIndex 0x71e8e000ac10 (Used 2 MB), Probe Points, Size: 100000, Results: 20
[LIBGPUSPATIAL] [ 54593][17:30:01:652665][info  ] RTSpatialIndex 0x71e8e000ac10 (Used 1 MB), Probe Points, Size: 100000, Results: 17
[LIBGPUSPATIAL] [ 54593][17:30:01:653279][info  ] RTSpatialRefiner 0x71e8e3d29be0 (Used 0 MB), Loaded Geometries, ProbeArray 100000, Loaded 14, Type Point
[LIBGPUSPATIAL] [ 54593][17:30:01:653338][info  ] RTSpatialRefiner 0x71e8e3d29be0 (Used 0 MB), Evaluating 17 Geometry Pairs with Predicate Contains
[LIBGPUSPATIAL] [ 54595][17:30:01:654335][info  ] RTSpatialRefiner 0x71e8e3d29be0 (Used 1 MB), Loaded Geometries, ProbeArray 100000, Loaded 13, Type Point
[LIBGPUSPATIAL] [ 54595][17:30:01:654408][info  ] RTSpatialRefiner 0x71e8e3d29be0 (Used 1 MB), Evaluating 19 Geometry Pairs with Predicate Contains
[LIBGPUSPATIAL] [ 54590][17:30:01:654569][info  ] RTSpatialIndex 0x71e8e000ac10 (Used 1 MB), Allocate result buffer, memory consumption 0 MB, capacity 28
[LIBGPUSPATIAL] [ 54592][17:30:01:654700][info  ] RTSpatialRefiner 0x71e8e3d29be0 (Used 1 MB), Loaded Geometries, ProbeArray 100000, Loaded 16, Type Point
[LIBGPUSPATIAL] [ 54592][17:30:01:655159][info  ] RTSpatialRefiner 0x71e8e3d29be0 (Used 1 MB), Evaluating 20 Geometry Pairs with Predicate Contains
[LIBGPUSPATIAL] [ 54590][17:30:01:655563][info  ] RTSpatialIndex 0x71e8e000ac10 (Used 1 MB), Probe Points, Size: 100000, Results: 28
[LIBGPUSPATIAL] [ 54594][17:30:01:655619][info  ] RTSpatialIndex 0x71e8e000ac10 (Used 1 MB), Allocate result buffer, memory consumption 0 MB, capacity 37
[LIBGPUSPATIAL] [ 54590][17:30:01:656388][info  ] RTSpatialRefiner 0x71e8e3d29be0 (Used 1 MB), Loaded Geometries, ProbeArray 100000, Loaded 19, Type Point
[LIBGPUSPATIAL] [ 54594][17:30:01:656396][info  ] RTSpatialIndex 0x71e8e000ac10 (Used 1 MB), Probe Points, Size: 100000, Results: 37
[LIBGPUSPATIAL] [ 54590][17:30:01:656445][info  ] RTSpatialRefiner 0x71e8e3d29be0 (Used 0 MB), Evaluating 28 Geometry Pairs with Predicate Contains
[LIBGPUSPATIAL] [ 54594][17:30:01:659386][info  ] RTSpatialRefiner 0x71e8e3d29be0 (Used 0 MB), Loaded Geometries, ProbeArray 100000, Loaded 24, Type Point
[LIBGPUSPATIAL] [ 54594][17:30:01:659456][info  ] RTSpatialRefiner 0x71e8e3d29be0 (Used 0 MB), Evaluating 37 Geometry Pairs with Predicate Contains
[LIBGPUSPATIAL] [ 54596][17:30:01:660108][info  ] RTSpatialIndex 0x71e8e000ac10 (Used 0 MB), Allocate result buffer, memory consumption 0 MB, capacity 5
[LIBGPUSPATIAL] [ 54596][17:30:01:660345][info  ] RTSpatialIndex 0x71e8e000ac10 (Used 0 MB), Probe Points, Size: 33333, Results: 5
[LIBGPUSPATIAL] [ 54596][17:30:01:660920][info  ] RTSpatialRefiner 0x71e8e3d29be0 (Used 0 MB), Loaded Geometries, ProbeArray 33333, Loaded 4, Type Point
[LIBGPUSPATIAL] [ 54596][17:30:01:661069][info  ] RTSpatialRefiner 0x71e8e3d29be0 (Used 0 MB), Evaluating 5 Geometry Pairs with Predicate Contains
[LIBGPUSPATIAL] [ 54591][17:30:01:668549][info  ] RTSpatialIndex 0x71e8e000ac10 (Used 1 MB), Allocate result buffer, memory consumption 0 MB, capacity 24
[LIBGPUSPATIAL] [ 54591][17:30:01:668708][info  ] RTSpatialIndex 0x71e8e000ac10 (Used 1 MB), Probe Points, Size: 100000, Results: 24
[LIBGPUSPATIAL] [ 54591][17:30:01:669111][info  ] RTSpatialRefiner 0x71e8e3d29be0 (Used 0 MB), Loaded Geometries, ProbeArray 100000, Loaded 17, Type Point
[LIBGPUSPATIAL] [ 54591][17:30:01:669156][info  ] RTSpatialRefiner 0x71e8e3d29be0 (Used 0 MB), Evaluating 24 Geometry Pairs with Predicate Contains
[LIBGPUSPATIAL] [ 54593][17:30:01:670570][info  ] RTSpatialIndex 0x71e8e000ac10 (Used 1 MB), Allocate result buffer, memory consumption 0 MB, capacity 36
[LIBGPUSPATIAL] [ 54593][17:30:01:670723][info  ] RTSpatialIndex 0x71e8e000ac10 (Used 1 MB), Probe Points, Size: 100000, Results: 36
[LIBGPUSPATIAL] [ 54593][17:30:01:671109][info  ] RTSpatialRefiner 0x71e8e3d29be0 (Used 0 MB), Loaded Geometries, ProbeArray 100000, Loaded 27, Type Point
[LIBGPUSPATIAL] [ 54593][17:30:01:671160][info  ] RTSpatialRefiner 0x71e8e3d29be0 (Used 0 MB), Evaluating 36 Geometry Pairs with Predicate Contains
[LIBGPUSPATIAL] [ 54589][17:30:01:672605][info  ] RTSpatialIndex 0x71e8e000ac10 (Used 1 MB), Allocate result buffer, memory consumption 0 MB, capacity 19
[LIBGPUSPATIAL] [ 54589][17:30:01:672853][info  ] RTSpatialIndex 0x71e8e000ac10 (Used 1 MB), Probe Points, Size: 100000, Results: 19
[LIBGPUSPATIAL] [ 54589][17:30:01:673406][info  ] RTSpatialRefiner 0x71e8e3d29be0 (Used 1 MB), Loaded Geometries, ProbeArray 100000, Loaded 17, Type Point
[LIBGPUSPATIAL] [ 54589][17:30:01:673492][info  ] RTSpatialRefiner 0x71e8e3d29be0 (Used 3 MB), Evaluating 19 Geometry Pairs with Predicate Contains
[LIBGPUSPATIAL] [ 54590][17:30:01:674650][info  ] RTSpatialIndex 0x71e8e000ac10 (Used 2 MB), Allocate result buffer, memory consumption 0 MB, capacity 30
[LIBGPUSPATIAL] [ 54592][17:30:01:674945][info  ] RTSpatialIndex 0x71e8e000ac10 (Used 2 MB), Allocate result buffer, memory consumption 0 MB, capacity 32
[LIBGPUSPATIAL] [ 54590][17:30:01:675086][info  ] RTSpatialIndex 0x71e8e000ac10 (Used 2 MB), Probe Points, Size: 100000, Results: 30
[LIBGPUSPATIAL] [ 54595][17:30:01:675356][info  ] RTSpatialIndex 0x71e8e000ac10 (Used 1 MB), Allocate result buffer, memory consumption 0 MB, capacity 20
[LIBGPUSPATIAL] [ 54590][17:30:01:675622][info  ] RTSpatialRefiner 0x71e8e3d29be0 (Used 1 MB), Loaded Geometries, ProbeArray 100000, Loaded 22, Type Point
[LIBGPUSPATIAL] [ 54592][17:30:01:675657][info  ] RTSpatialIndex 0x71e8e000ac10 (Used 1 MB), Probe Points, Size: 100000, Results: 32
[LIBGPUSPATIAL] [ 54595][17:30:01:675726][info  ] RTSpatialIndex 0x71e8e000ac10 (Used 1 MB), Probe Points, Size: 100000, Results: 20
[LIBGPUSPATIAL] [ 54590][17:30:01:675822][info  ] RTSpatialRefiner 0x71e8e3d29be0 (Used 1 MB), Evaluating 30 Geometry Pairs with Predicate Contains
[LIBGPUSPATIAL] [ 54592][17:30:01:676312][info  ] RTSpatialRefiner 0x71e8e3d29be0 (Used 0 MB), Loaded Geometries, ProbeArray 100000, Loaded 26, Type Point
[LIBGPUSPATIAL] [ 54592][17:30:01:676360][info  ] RTSpatialRefiner 0x71e8e3d29be0 (Used 0 MB), Evaluating 32 Geometry Pairs with Predicate Contains
[LIBGPUSPATIAL] [ 54595][17:30:01:677176][info  ] RTSpatialRefiner 0x71e8e3d29be0 (Used 0 MB), Loaded Geometries, ProbeArray 100000, Loaded 17, Type Point
[LIBGPUSPATIAL] [ 54595][17:30:01:677256][info  ] RTSpatialRefiner 0x71e8e3d29be0 (Used 0 MB), Evaluating 20 Geometry Pairs with Predicate Contains
[LIBGPUSPATIAL] [ 54594][17:30:01:681690][info  ] RTSpatialIndex 0x71e8e000ac10 (Used 1 MB), Allocate result buffer, memory consumption 0 MB, capacity 20
[LIBGPUSPATIAL] [ 54594][17:30:01:681839][info  ] RTSpatialIndex 0x71e8e000ac10 (Used 1 MB), Probe Points, Size: 100000, Results: 20
[LIBGPUSPATIAL] [ 54594][17:30:01:683350][info  ] RTSpatialRefiner 0x71e8e3d29be0 (Used 0 MB), Loaded Geometries, ProbeArray 100000, Loaded 14, Type Point
[LIBGPUSPATIAL] [ 54594][17:30:01:683404][info  ] RTSpatialRefiner 0x71e8e3d29be0 (Used 0 MB), Evaluating 20 Geometry Pairs with Predicate Contains
[LIBGPUSPATIAL] [ 54591][17:30:01:688633][info  ] RTSpatialIndex 0x71e8e000ac10 (Used 1 MB), Allocate result buffer, memory consumption 0 MB, capacity 23
[LIBGPUSPATIAL] [ 54593][17:30:01:688655][info  ] RTSpatialIndex 0x71e8e000ac10 (Used 1 MB), Allocate result buffer, memory consumption 0 MB, capacity 20
[LIBGPUSPATIAL] [ 54593][17:30:01:688898][info  ] RTSpatialIndex 0x71e8e000ac10 (Used 1 MB), Probe Points, Size: 100000, Results: 20
[LIBGPUSPATIAL] [ 54591][17:30:01:689240][info  ] RTSpatialIndex 0x71e8e000ac10 (Used 1 MB), Probe Points, Size: 100000, Results: 23
[LIBGPUSPATIAL] [ 54593][17:30:01:689461][info  ] RTSpatialRefiner 0x71e8e3d29be0 (Used 0 MB), Loaded Geometries, ProbeArray 100000, Loaded 16, Type Point
[LIBGPUSPATIAL] [ 54593][17:30:01:689527][info  ] RTSpatialRefiner 0x71e8e3d29be0 (Used 0 MB), Evaluating 20 Geometry Pairs with Predicate Contains
[LIBGPUSPATIAL] [ 54591][17:30:01:691270][info  ] RTSpatialRefiner 0x71e8e3d29be0 (Used 0 MB), Loaded Geometries, ProbeArray 100000, Loaded 19, Type Point
[LIBGPUSPATIAL] [ 54591][17:30:01:691317][info  ] RTSpatialRefiner 0x71e8e3d29be0 (Used 0 MB), Evaluating 23 Geometry Pairs with Predicate Contains
[LIBGPUSPATIAL] [ 54589][17:30:01:692229][info  ] RTSpatialIndex 0x71e8e000ac10 (Used 1 MB), Allocate result buffer, memory consumption 0 MB, capacity 24
[LIBGPUSPATIAL] [ 54589][17:30:01:692367][info  ] RTSpatialIndex 0x71e8e000ac10 (Used 1 MB), Probe Points, Size: 100000, Results: 24
[LIBGPUSPATIAL] [ 54589][17:30:01:693305][info  ] RTSpatialRefiner 0x71e8e3d29be0 (Used 0 MB), Loaded Geometries, ProbeArray 100000, Loaded 19, Type Point
[LIBGPUSPATIAL] [ 54589][17:30:01:693350][info  ] RTSpatialRefiner 0x71e8e3d29be0 (Used 0 MB), Evaluating 24 Geometry Pairs with Predicate Contains
[LIBGPUSPATIAL] [ 54592][17:30:01:696301][info  ] RTSpatialIndex 0x71e8e000ac10 (Used 3 MB), Allocate result buffer, memory consumption 0 MB, capacity 25
[LIBGPUSPATIAL] [ 54595][17:30:01:696487][info  ] RTSpatialIndex 0x71e8e000ac10 (Used 2 MB), Allocate result buffer, memory consumption 0 MB, capacity 25
[LIBGPUSPATIAL] [ 54592][17:30:01:697099][info  ] RTSpatialIndex 0x71e8e000ac10 (Used 2 MB), Probe Points, Size: 100000, Results: 25
[LIBGPUSPATIAL] [ 54595][17:30:01:697290][info  ] RTSpatialIndex 0x71e8e000ac10 (Used 1 MB), Probe Points, Size: 100000, Results: 25
[LIBGPUSPATIAL] [ 54590][17:30:01:697342][info  ] RTSpatialIndex 0x71e8e000ac10 (Used 1 MB), Allocate result buffer, memory consumption 0 MB, capacity 22
[LIBGPUSPATIAL] [ 54592][17:30:01:697719][info  ] RTSpatialRefiner 0x71e8e3d29be0 (Used 1 MB), Loaded Geometries, ProbeArray 100000, Loaded 20, Type Point
[LIBGPUSPATIAL] [ 54592][17:30:01:697768][info  ] RTSpatialRefiner 0x71e8e3d29be0 (Used 1 MB), Evaluating 25 Geometry Pairs with Predicate Contains
[LIBGPUSPATIAL] [ 54590][17:30:01:697885][info  ] RTSpatialIndex 0x71e8e000ac10 (Used 1 MB), Probe Points, Size: 100000, Results: 22
[LIBGPUSPATIAL] [ 54595][17:30:01:698102][info  ] RTSpatialRefiner 0x71e8e3d29be0 (Used 0 MB), Loaded Geometries, ProbeArray 100000, Loaded 16, Type Point
[LIBGPUSPATIAL] [ 54595][17:30:01:698152][info  ] RTSpatialRefiner 0x71e8e3d29be0 (Used 0 MB), Evaluating 25 Geometry Pairs with Predicate Contains
[LIBGPUSPATIAL] [ 54590][17:30:01:698966][info  ] RTSpatialRefiner 0x71e8e3d29be0 (Used 1 MB), Loaded Geometries, ProbeArray 100000, Loaded 18, Type Point
[LIBGPUSPATIAL] [ 54590][17:30:01:699072][info  ] RTSpatialRefiner 0x71e8e3d29be0 (Used 1 MB), Evaluating 22 Geometry Pairs with Predicate Contains
[LIBGPUSPATIAL] [ 54596][17:30:01:699185][info  ] RTSpatialIndex 0x71e8e000ac10 (Used 1 MB), Allocate result buffer, memory consumption 0 MB, capacity 21
[LIBGPUSPATIAL] [ 54596][17:30:01:700096][info  ] RTSpatialIndex 0x71e8e000ac10 (Used 1 MB), Probe Points, Size: 100000, Results: 21
[LIBGPUSPATIAL] [ 54596][17:30:01:701325][info  ] RTSpatialRefiner 0x71e8e3d29be0 (Used 1 MB), Loaded Geometries, ProbeArray 100000, Loaded 16, Type Point
[LIBGPUSPATIAL] [ 54594][17:30:01:701528][info  ] RTSpatialIndex 0x71e8e000ac10 (Used 1 MB), Allocate result buffer, memory consumption 0 MB, capacity 22
[LIBGPUSPATIAL] [ 54594][17:30:01:701655][info  ] RTSpatialIndex 0x71e8e000ac10 (Used 1 MB), Probe Points, Size: 100000, Results: 22
[LIBGPUSPATIAL] [ 54596][17:30:01:701756][info  ] RTSpatialRefiner 0x71e8e3d29be0 (Used 0 MB), Evaluating 21 Geometry Pairs with Predicate Contains
[LIBGPUSPATIAL] [ 54594][17:30:01:702083][info  ] RTSpatialRefiner 0x71e8e3d29be0 (Used 0 MB), Loaded Geometries, ProbeArray 100000, Loaded 18, Type Point
[LIBGPUSPATIAL] [ 54594][17:30:01:702132][info  ] RTSpatialRefiner 0x71e8e3d29be0 (Used 0 MB), Evaluating 22 Geometry Pairs with Predicate Contains
[LIBGPUSPATIAL] [ 54593][17:30:01:707516][info  ] RTSpatialIndex 0x71e8e000ac10 (Used 1 MB), Allocate result buffer, memory consumption 0 MB, capacity 27
[LIBGPUSPATIAL] [ 54592][17:30:01:707517][info  ] RTSpatialIndex 0x71e8e000ac10 (Used 1 MB), Allocate result buffer, memory consumption 0 MB, capacity 8
[LIBGPUSPATIAL] [ 54593][17:30:01:707851][info  ] RTSpatialIndex 0x71e8e000ac10 (Used 1 MB), Probe Points, Size: 100000, Results: 27
[LIBGPUSPATIAL] [ 54592][17:30:01:707907][info  ] RTSpatialIndex 0x71e8e000ac10 (Used 0 MB), Probe Points, Size: 33333, Results: 8
[LIBGPUSPATIAL] [ 54592][17:30:01:708392][info  ] RTSpatialRefiner 0x71e8e3d29be0 (Used 0 MB), Loaded Geometries, ProbeArray 33333, Loaded 5, Type Point
[LIBGPUSPATIAL] [ 54592][17:30:01:708522][info  ] RTSpatialRefiner 0x71e8e3d29be0 (Used 0 MB), Evaluating 8 Geometry Pairs with Predicate Contains
[LIBGPUSPATIAL] [ 54593][17:30:01:708616][info  ] RTSpatialRefiner 0x71e8e3d29be0 (Used 0 MB), Loaded Geometries, ProbeArray 100000, Loaded 21, Type Point
[LIBGPUSPATIAL] [ 54593][17:30:01:708683][info  ] RTSpatialRefiner 0x71e8e3d29be0 (Used 0 MB), Evaluating 27 Geometry Pairs with Predicate Contains
[LIBGPUSPATIAL] [ 54589][17:30:01:710536][info  ] RTSpatialIndex 0x71e8e000ac10 (Used 1 MB), Allocate result buffer, memory consumption 0 MB, capacity 25
[LIBGPUSPATIAL] [ 54589][17:30:01:710681][info  ] RTSpatialIndex 0x71e8e000ac10 (Used 1 MB), Probe Points, Size: 100000, Results: 25
[LIBGPUSPATIAL] [ 54591][17:30:01:711174][info  ] RTSpatialIndex 0x71e8e000ac10 (Used 1 MB), Allocate result buffer, memory consumption 0 MB, capacity 24
[LIBGPUSPATIAL] [ 54591][17:30:01:711312][info  ] RTSpatialIndex 0x71e8e000ac10 (Used 1 MB), Probe Points, Size: 100000, Results: 24
[LIBGPUSPATIAL] [ 54589][17:30:01:713796][info  ] RTSpatialRefiner 0x71e8e3d29be0 (Used 0 MB), Loaded Geometries, ProbeArray 100000, Loaded 19, Type Point
[LIBGPUSPATIAL] [ 54589][17:30:01:713860][info  ] RTSpatialRefiner 0x71e8e3d29be0 (Used 0 MB), Evaluating 25 Geometry Pairs with Predicate Contains
[LIBGPUSPATIAL] [ 54595][17:30:01:716247][info  ] RTSpatialIndex 0x71e8e000ac10 (Used 1 MB), Allocate result buffer, memory consumption 0 MB, capacity 28
[LIBGPUSPATIAL] [ 54595][17:30:01:716371][info  ] RTSpatialIndex 0x71e8e000ac10 (Used 1 MB), Probe Points, Size: 100000, Results: 28
[LIBGPUSPATIAL] [ 54595][17:30:01:716812][info  ] RTSpatialRefiner 0x71e8e3d29be0 (Used 1 MB), Loaded Geometries, ProbeArray 100000, Loaded 25, Type Point
[LIBGPUSPATIAL] [ 54595][17:30:01:716879][info  ] RTSpatialRefiner 0x71e8e3d29be0 (Used 1 MB), Evaluating 28 Geometry Pairs with Predicate Contains
[LIBGPUSPATIAL] [ 54591][17:30:01:717275][info  ] RTSpatialRefiner 0x71e8e3d29be0 (Used 1 MB), Loaded Geometries, ProbeArray 100000, Loaded 20, Type Point
[LIBGPUSPATIAL] [ 54590][17:30:01:717328][info  ] RTSpatialIndex 0x71e8e000ac10 (Used 1 MB), Allocate result buffer, memory consumption 0 MB, capacity 13
[LIBGPUSPATIAL] [ 54591][17:30:01:717334][info  ] RTSpatialRefiner 0x71e8e3d29be0 (Used 1 MB), Evaluating 24 Geometry Pairs with Predicate Contains
[LIBGPUSPATIAL] [ 54590][17:30:01:717664][info  ] RTSpatialIndex 0x71e8e000ac10 (Used 1 MB), Probe Points, Size: 100000, Results: 13
[LIBGPUSPATIAL] [ 54590][17:30:01:718234][info  ] RTSpatialRefiner 0x71e8e3d29be0 (Used 0 MB), Loaded Geometries, ProbeArray 100000, Loaded 11, Type Point
[LIBGPUSPATIAL] [ 54590][17:30:01:718282][info  ] RTSpatialRefiner 0x71e8e3d29be0 (Used 0 MB), Evaluating 13 Geometry Pairs with Predicate Contains
[LIBGPUSPATIAL] [ 54594][17:30:01:720996][info  ] RTSpatialIndex 0x71e8e000ac10 (Used 1 MB), Allocate result buffer, memory consumption 0 MB, capacity 27
[LIBGPUSPATIAL] [ 54594][17:30:01:721158][info  ] RTSpatialIndex 0x71e8e000ac10 (Used 1 MB), Probe Points, Size: 100000, Results: 27
[LIBGPUSPATIAL] [ 54594][17:30:01:722350][info  ] RTSpatialRefiner 0x71e8e3d29be0 (Used 0 MB), Loaded Geometries, ProbeArray 100000, Loaded 18, Type Point
[LIBGPUSPATIAL] [ 54594][17:30:01:722404][info  ] RTSpatialRefiner 0x71e8e3d29be0 (Used 0 MB), Evaluating 27 Geometry Pairs with Predicate Contains
[LIBGPUSPATIAL] [ 54596][17:30:01:724177][info  ] RTSpatialIndex 0x71e8e000ac10 (Used 1 MB), Allocate result buffer, memory consumption 0 MB, capacity 14
[LIBGPUSPATIAL] [ 54596][17:30:01:724317][info  ] RTSpatialIndex 0x71e8e000ac10 (Used 1 MB), Probe Points, Size: 100000, Results: 14
[LIBGPUSPATIAL] [ 54596][17:30:01:727408][info  ] RTSpatialRefiner 0x71e8e3d29be0 (Used 0 MB), Loaded Geometries, ProbeArray 100000, Loaded 12, Type Point
[LIBGPUSPATIAL] [ 54596][17:30:01:727471][info  ] RTSpatialRefiner 0x71e8e3d29be0 (Used 0 MB), Evaluating 14 Geometry Pairs with Predicate Contains
[LIBGPUSPATIAL] [ 54593][17:30:01:728183][info  ] RTSpatialIndex 0x71e8e000ac10 (Used 1 MB), Allocate result buffer, memory consumption 0 MB, capacity 18
[LIBGPUSPATIAL] [ 54593][17:30:01:728430][info  ] RTSpatialIndex 0x71e8e000ac10 (Used 1 MB), Probe Points, Size: 100000, Results: 18
[LIBGPUSPATIAL] [ 54593][17:30:01:730365][info  ] RTSpatialRefiner 0x71e8e3d29be0 (Used 0 MB), Loaded Geometries, ProbeArray 100000, Loaded 14, Type Point
[LIBGPUSPATIAL] [ 54593][17:30:01:730989][info  ] RTSpatialRefiner 0x71e8e3d29be0 (Used 0 MB), Evaluating 18 Geometry Pairs with Predicate Contains
[LIBGPUSPATIAL] [ 54589][17:30:01:733638][info  ] RTSpatialIndex 0x71e8e000ac10 (Used 1 MB), Allocate result buffer, memory consumption 0 MB, capacity 22
[LIBGPUSPATIAL] [ 54589][17:30:01:733771][info  ] RTSpatialIndex 0x71e8e000ac10 (Used 1 MB), Probe Points, Size: 100000, Results: 22
[LIBGPUSPATIAL] [ 54589][17:30:01:734133][info  ] RTSpatialRefiner 0x71e8e3d29be0 (Used 0 MB), Loaded Geometries, ProbeArray 100000, Loaded 16, Type Point
[LIBGPUSPATIAL] [ 54589][17:30:01:734174][info  ] RTSpatialRefiner 0x71e8e3d29be0 (Used 0 MB), Evaluating 22 Geometry Pairs with Predicate Contains
[LIBGPUSPATIAL] [ 54595][17:30:01:735765][info  ] RTSpatialIndex 0x71e8e000ac10 (Used 1 MB), Allocate result buffer, memory consumption 0 MB, capacity 19
[LIBGPUSPATIAL] [ 54590][17:30:01:735833][info  ] RTSpatialIndex 0x71e8e000ac10 (Used 3 MB), Allocate result buffer, memory consumption 0 MB, capacity 20
[LIBGPUSPATIAL] [ 54590][17:30:01:736430][info  ] RTSpatialIndex 0x71e8e000ac10 (Used 2 MB), Probe Points, Size: 100000, Results: 20
[LIBGPUSPATIAL] [ 54591][17:30:01:736510][info  ] RTSpatialIndex 0x71e8e000ac10 (Used 1 MB), Allocate result buffer, memory consumption 0 MB, capacity 23
[LIBGPUSPATIAL] [ 54595][17:30:01:736906][info  ] RTSpatialIndex 0x71e8e000ac10 (Used 1 MB), Probe Points, Size: 100000, Results: 19
[LIBGPUSPATIAL] [ 54591][17:30:01:736972][info  ] RTSpatialIndex 0x71e8e000ac10 (Used 1 MB), Probe Points, Size: 100000, Results: 23
[LIBGPUSPATIAL] [ 54595][17:30:01:737680][info  ] RTSpatialRefiner 0x71e8e3d29be0 (Used 0 MB), Loaded Geometries, ProbeArray 100000, Loaded 14, Type Point
[LIBGPUSPATIAL] [ 54595][17:30:01:737719][info  ] RTSpatialRefiner 0x71e8e3d29be0 (Used 0 MB), Evaluating 19 Geometry Pairs with Predicate Contains
[LIBGPUSPATIAL] [ 54590][17:30:01:737748][info  ] RTSpatialRefiner 0x71e8e3d29be0 (Used 0 MB), Loaded Geometries, ProbeArray 100000, Loaded 17, Type Point
[LIBGPUSPATIAL] [ 54590][17:30:01:737785][info  ] RTSpatialRefiner 0x71e8e3d29be0 (Used 0 MB), Evaluating 20 Geometry Pairs with Predicate Contains
[LIBGPUSPATIAL] [ 54591][17:30:01:738188][info  ] RTSpatialRefiner 0x71e8e3d29be0 (Used 0 MB), Loaded Geometries, ProbeArray 100000, Loaded 20, Type Point
[LIBGPUSPATIAL] [ 54591][17:30:01:738231][info  ] RTSpatialRefiner 0x71e8e3d29be0 (Used 0 MB), Evaluating 23 Geometry Pairs with Predicate Contains
[LIBGPUSPATIAL] [ 54594][17:30:01:740529][info  ] RTSpatialIndex 0x71e8e000ac10 (Used 1 MB), Allocate result buffer, memory consumption 0 MB, capacity 10
[LIBGPUSPATIAL] [ 54594][17:30:01:740686][info  ] RTSpatialIndex 0x71e8e000ac10 (Used 1 MB), Probe Points, Size: 100000, Results: 10
[LIBGPUSPATIAL] [ 54592][17:30:01:741229][info  ] RTSpatialIndex 0x71e8e000ac10 (Used 1 MB), Allocate result buffer, memory consumption 0 MB, capacity 21
[LIBGPUSPATIAL] [ 54592][17:30:01:741360][info  ] RTSpatialIndex 0x71e8e000ac10 (Used 1 MB), Probe Points, Size: 100000, Results: 21
[LIBGPUSPATIAL] [ 54594][17:30:01:741874][info  ] RTSpatialRefiner 0x71e8e3d29be0 (Used 0 MB), Loaded Geometries, ProbeArray 100000, Loaded 9, Type Point
[LIBGPUSPATIAL] [ 54594][17:30:01:741915][info  ] RTSpatialRefiner 0x71e8e3d29be0 (Used 0 MB), Evaluating 10 Geometry Pairs with Predicate Contains
[LIBGPUSPATIAL] [ 54592][17:30:01:743248][info  ] RTSpatialRefiner 0x71e8e3d29be0 (Used 0 MB), Loaded Geometries, ProbeArray 100000, Loaded 15, Type Point
[LIBGPUSPATIAL] [ 54592][17:30:01:743307][info  ] RTSpatialRefiner 0x71e8e3d29be0 (Used 0 MB), Evaluating 21 Geometry Pairs with Predicate Contains
[LIBGPUSPATIAL] [ 54596][17:30:01:748674][info  ] RTSpatialIndex 0x71e8e000ac10 (Used 1 MB), Allocate result buffer, memory consumption 0 MB, capacity 25
[LIBGPUSPATIAL] [ 54596][17:30:01:748812][info  ] RTSpatialIndex 0x71e8e000ac10 (Used 1 MB), Probe Points, Size: 100000, Results: 25
[LIBGPUSPATIAL] [ 54596][17:30:01:749183][info  ] RTSpatialRefiner 0x71e8e3d29be0 (Used 0 MB), Loaded Geometries, ProbeArray 100000, Loaded 18, Type Point
[LIBGPUSPATIAL] [ 54596][17:30:01:749230][info  ] RTSpatialRefiner 0x71e8e3d29be0 (Used 0 MB), Evaluating 25 Geometry Pairs with Predicate Contains
[LIBGPUSPATIAL] [ 54589][17:30:01:750248][info  ] RTSpatialIndex 0x71e8e000ac10 (Used 1 MB), Allocate result buffer, memory consumption 0 MB, capacity 19
[LIBGPUSPATIAL] [ 54589][17:30:01:750375][info  ] RTSpatialIndex 0x71e8e000ac10 (Used 1 MB), Probe Points, Size: 100000, Results: 19
[LIBGPUSPATIAL] [ 54589][17:30:01:751278][info  ] RTSpatialRefiner 0x71e8e3d29be0 (Used 0 MB), Loaded Geometries, ProbeArray 100000, Loaded 14, Type Point
[LIBGPUSPATIAL] [ 54589][17:30:01:751329][info  ] RTSpatialRefiner 0x71e8e3d29be0 (Used 0 MB), Evaluating 19 Geometry Pairs with Predicate Contains
[LIBGPUSPATIAL] [ 54593][17:30:01:752532][info  ] RTSpatialIndex 0x71e8e000ac10 (Used 1 MB), Allocate result buffer, memory consumption 0 MB, capacity 32
[LIBGPUSPATIAL] [ 54593][17:30:01:752661][info  ] RTSpatialIndex 0x71e8e000ac10 (Used 1 MB), Probe Points, Size: 100000, Results: 32
[LIBGPUSPATIAL] [ 54593][17:30:01:753887][info  ] RTSpatialRefiner 0x71e8e3d29be0 (Used 0 MB), Loaded Geometries, ProbeArray 100000, Loaded 23, Type Point
[LIBGPUSPATIAL] [ 54593][17:30:01:753931][info  ] RTSpatialRefiner 0x71e8e3d29be0 (Used 0 MB), Evaluating 32 Geometry Pairs with Predicate Contains
[LIBGPUSPATIAL] [ 54590][17:30:01:754886][info  ] RTSpatialIndex 0x71e8e000ac10 (Used 1 MB), Allocate result buffer, memory consumption 0 MB, capacity 20
[LIBGPUSPATIAL] [ 54590][17:30:01:755004][info  ] RTSpatialIndex 0x71e8e000ac10 (Used 1 MB), Probe Points, Size: 100000, Results: 20
[LIBGPUSPATIAL] [ 54590][17:30:01:755614][info  ] RTSpatialRefiner 0x71e8e3d29be0 (Used 1 MB), Loaded Geometries, ProbeArray 100000, Loaded 16, Type Point
[LIBGPUSPATIAL] [ 54590][17:30:01:755693][info  ] RTSpatialRefiner 0x71e8e3d29be0 (Used 1 MB), Evaluating 20 Geometry Pairs with Predicate Contains
[LIBGPUSPATIAL] [ 54591][17:30:01:755721][info  ] RTSpatialIndex 0x71e8e000ac10 (Used 1 MB), Allocate result buffer, memory consumption 0 MB, capacity 25
[LIBGPUSPATIAL] [ 54591][17:30:01:756180][info  ] RTSpatialIndex 0x71e8e000ac10 (Used 1 MB), Probe Points, Size: 100000, Results: 25
[LIBGPUSPATIAL] [ 54595][17:30:01:757294][info  ] RTSpatialIndex 0x71e8e000ac10 (Used 1 MB), Allocate result buffer, memory consumption 0 MB, capacity 20
[LIBGPUSPATIAL] [ 54595][17:30:01:757412][info  ] RTSpatialIndex 0x71e8e000ac10 (Used 1 MB), Probe Points, Size: 100000, Results: 20
[LIBGPUSPATIAL] [ 54591][17:30:01:757728][info  ] RTSpatialRefiner 0x71e8e3d29be0 (Used 0 MB), Loaded Geometries, ProbeArray 100000, Loaded 18, Type Point
[LIBGPUSPATIAL] [ 54591][17:30:01:757920][info  ] RTSpatialRefiner 0x71e8e3d29be0 (Used 0 MB), Evaluating 25 Geometry Pairs with Predicate Contains
[LIBGPUSPATIAL] [ 54595][17:30:01:757943][info  ] RTSpatialRefiner 0x71e8e3d29be0 (Used 0 MB), Loaded Geometries, ProbeArray 100000, Loaded 14, Type Point
[LIBGPUSPATIAL] [ 54595][17:30:01:757979][info  ] RTSpatialRefiner 0x71e8e3d29be0 (Used 0 MB), Evaluating 20 Geometry Pairs with Predicate Contains
[LIBGPUSPATIAL] [ 54594][17:30:01:760757][info  ] RTSpatialIndex 0x71e8e000ac10 (Used 1 MB), Allocate result buffer, memory consumption 0 MB, capacity 24
[LIBGPUSPATIAL] [ 54594][17:30:01:760892][info  ] RTSpatialIndex 0x71e8e000ac10 (Used 1 MB), Probe Points, Size: 100000, Results: 24
[LIBGPUSPATIAL] [ 54594][17:30:01:761297][info  ] RTSpatialRefiner 0x71e8e3d29be0 (Used 0 MB), Loaded Geometries, ProbeArray 100000, Loaded 18, Type Point
[LIBGPUSPATIAL] [ 54594][17:30:01:761362][info  ] RTSpatialRefiner 0x71e8e3d29be0 (Used 0 MB), Evaluating 24 Geometry Pairs with Predicate Contains
[LIBGPUSPATIAL] [ 54592][17:30:01:764589][info  ] RTSpatialIndex 0x71e8e000ac10 (Used 1 MB), Allocate result buffer, memory consumption 0 MB, capacity 23
[LIBGPUSPATIAL] [ 54592][17:30:01:764733][info  ] RTSpatialIndex 0x71e8e000ac10 (Used 1 MB), Probe Points, Size: 100000, Results: 23
[LIBGPUSPATIAL] [ 54592][17:30:01:765530][info  ] RTSpatialRefiner 0x71e8e3d29be0 (Used 0 MB), Loaded Geometries, ProbeArray 100000, Loaded 21, Type Point
[LIBGPUSPATIAL] [ 54592][17:30:01:765947][info  ] RTSpatialRefiner 0x71e8e3d29be0 (Used 1 MB), Evaluating 23 Geometry Pairs with Predicate Contains
[LIBGPUSPATIAL] [ 54596][17:30:01:766182][info  ] RTSpatialIndex 0x71e8e000ac10 (Used 1 MB), Allocate result buffer, memory consumption 0 MB, capacity 22
[LIBGPUSPATIAL] [ 54596][17:30:01:766301][info  ] RTSpatialIndex 0x71e8e000ac10 (Used 1 MB), Probe Points, Size: 100000, Results: 22
[LIBGPUSPATIAL] [ 54596][17:30:01:766636][info  ] RTSpatialRefiner 0x71e8e3d29be0 (Used 0 MB), Loaded Geometries, ProbeArray 100000, Loaded 17, Type Point
[LIBGPUSPATIAL] [ 54596][17:30:01:766679][info  ] RTSpatialRefiner 0x71e8e3d29be0 (Used 0 MB), Evaluating 22 Geometry Pairs with Predicate Contains
[LIBGPUSPATIAL] [ 54589][17:30:01:768096][info  ] RTSpatialIndex 0x71e8e000ac10 (Used 1 MB), Allocate result buffer, memory consumption 0 MB, capacity 23
[LIBGPUSPATIAL] [ 54589][17:30:01:768223][info  ] RTSpatialIndex 0x71e8e000ac10 (Used 1 MB), Probe Points, Size: 100000, Results: 23
[LIBGPUSPATIAL] [ 54589][17:30:01:768623][info  ] RTSpatialRefiner 0x71e8e3d29be0 (Used 0 MB), Loaded Geometries, ProbeArray 100000, Loaded 16, Type Point
[LIBGPUSPATIAL] [ 54589][17:30:01:768670][info  ] RTSpatialRefiner 0x71e8e3d29be0 (Used 0 MB), Evaluating 23 Geometry Pairs with Predicate Contains
[LIBGPUSPATIAL] [ 54593][17:30:01:772615][info  ] RTSpatialIndex 0x71e8e000ac10 (Used 1 MB), Allocate result buffer, memory consumption 0 MB, capacity 22
[LIBGPUSPATIAL] [ 54593][17:30:01:772775][info  ] RTSpatialIndex 0x71e8e000ac10 (Used 1 MB), Probe Points, Size: 100000, Results: 22
[LIBGPUSPATIAL] [ 54593][17:30:01:773314][info  ] RTSpatialRefiner 0x71e8e3d29be0 (Used 1 MB), Loaded Geometries, ProbeArray 100000, Loaded 16, Type Point
[LIBGPUSPATIAL] [ 54590][17:30:01:773379][info  ] RTSpatialIndex 0x71e8e000ac10 (Used 1 MB), Allocate result buffer, memory consumption 0 MB, capacity 12
[LIBGPUSPATIAL] [ 54593][17:30:01:773477][info  ] RTSpatialRefiner 0x71e8e3d29be0 (Used 1 MB), Evaluating 22 Geometry Pairs with Predicate Contains
[LIBGPUSPATIAL] [ 54590][17:30:01:773500][info  ] RTSpatialIndex 0x71e8e000ac10 (Used 1 MB), Probe Points, Size: 100000, Results: 12
[LIBGPUSPATIAL] [ 54590][17:30:01:774412][info  ] RTSpatialRefiner 0x71e8e3d29be0 (Used 0 MB), Loaded Geometries, ProbeArray 100000, Loaded 10, Type Point
[LIBGPUSPATIAL] [ 54590][17:30:01:774529][info  ] RTSpatialRefiner 0x71e8e3d29be0 (Used 0 MB), Evaluating 12 Geometry Pairs with Predicate Contains
[LIBGPUSPATIAL] [ 54591][17:30:01:775191][info  ] RTSpatialIndex 0x71e8e000ac10 (Used 1 MB), Allocate result buffer, memory consumption 0 MB, capacity 26
[LIBGPUSPATIAL] [ 54591][17:30:01:775325][info  ] RTSpatialIndex 0x71e8e000ac10 (Used 1 MB), Probe Points, Size: 100000, Results: 26
[LIBGPUSPATIAL] [ 54591][17:30:01:778429][info  ] RTSpatialRefiner 0x71e8e3d29be0 (Used 0 MB), Loaded Geometries, ProbeArray 100000, Loaded 18, Type Point
[LIBGPUSPATIAL] [ 54591][17:30:01:778489][info  ] RTSpatialRefiner 0x71e8e3d29be0 (Used 0 MB), Evaluating 26 Geometry Pairs with Predicate Contains
[LIBGPUSPATIAL] [ 54595][17:30:01:779391][info  ] RTSpatialIndex 0x71e8e000ac10 (Used 1 MB), Allocate result buffer, memory consumption 0 MB, capacity 28
[LIBGPUSPATIAL] [ 54595][17:30:01:780234][info  ] RTSpatialIndex 0x71e8e000ac10 (Used 1 MB), Probe Points, Size: 100000, Results: 28
[LIBGPUSPATIAL] [ 54594][17:30:01:780289][info  ] RTSpatialIndex 0x71e8e000ac10 (Used 1 MB), Allocate result buffer, memory consumption 0 MB, capacity 15
[LIBGPUSPATIAL] [ 54594][17:30:01:780509][info  ] RTSpatialIndex 0x71e8e000ac10 (Used 1 MB), Probe Points, Size: 100000, Results: 15
[LIBGPUSPATIAL] [ 54595][17:30:01:780760][info  ] RTSpatialRefiner 0x71e8e3d29be0 (Used 0 MB), Loaded Geometries, ProbeArray 100000, Loaded 21, Type Point
[LIBGPUSPATIAL] [ 54595][17:30:01:780833][info  ] RTSpatialRefiner 0x71e8e3d29be0 (Used 0 MB), Evaluating 28 Geometry Pairs with Predicate Contains
[LIBGPUSPATIAL] [ 54594][17:30:01:781160][info  ] RTSpatialRefiner 0x71e8e3d29be0 (Used 0 MB), Loaded Geometries, ProbeArray 100000, Loaded 10, Type Point
[LIBGPUSPATIAL] [ 54594][17:30:01:781230][info  ] RTSpatialRefiner 0x71e8e3d29be0 (Used 0 MB), Evaluating 15 Geometry Pairs with Predicate Contains
[LIBGPUSPATIAL] [ 54596][17:30:01:783146][info  ] RTSpatialIndex 0x71e8e000ac10 (Used 1 MB), Allocate result buffer, memory consumption 0 MB, capacity 15
[LIBGPUSPATIAL] [ 54596][17:30:01:783277][info  ] RTSpatialIndex 0x71e8e000ac10 (Used 1 MB), Probe Points, Size: 100000, Results: 15
[LIBGPUSPATIAL] [ 54596][17:30:01:784701][info  ] RTSpatialRefiner 0x71e8e3d29be0 (Used 1 MB), Loaded Geometries, ProbeArray 100000, Loaded 13, Type Point
[LIBGPUSPATIAL] [ 54596][17:30:01:784763][info  ] RTSpatialRefiner 0x71e8e3d29be0 (Used 1 MB), Evaluating 15 Geometry Pairs with Predicate Contains
[LIBGPUSPATIAL] [ 54589][17:30:01:785808][info  ] RTSpatialIndex 0x71e8e000ac10 (Used 1 MB), Allocate result buffer, memory consumption 0 MB, capacity 16
[LIBGPUSPATIAL] [ 54589][17:30:01:785972][info  ] RTSpatialIndex 0x71e8e000ac10 (Used 1 MB), Probe Points, Size: 100000, Results: 16
[LIBGPUSPATIAL] [ 54589][17:30:01:786593][info  ] RTSpatialRefiner 0x71e8e3d29be0 (Used 0 MB), Loaded Geometries, ProbeArray 100000, Loaded 13, Type Point
[LIBGPUSPATIAL] [ 54589][17:30:01:786670][info  ] RTSpatialRefiner 0x71e8e3d29be0 (Used 0 MB), Evaluating 16 Geometry Pairs with Predicate Contains
[LIBGPUSPATIAL] [ 54592][17:30:01:787764][info  ] RTSpatialIndex 0x71e8e000ac10 (Used 1 MB), Allocate result buffer, memory consumption 0 MB, capacity 27
[LIBGPUSPATIAL] [ 54592][17:30:01:787901][info  ] RTSpatialIndex 0x71e8e000ac10 (Used 1 MB), Probe Points, Size: 100000, Results: 27
[LIBGPUSPATIAL] [ 54592][17:30:01:788793][info  ] RTSpatialRefiner 0x71e8e3d29be0 (Used 0 MB), Loaded Geometries, ProbeArray 100000, Loaded 19, Type Point
[LIBGPUSPATIAL] [ 54592][17:30:01:788837][info  ] RTSpatialRefiner 0x71e8e3d29be0 (Used 0 MB), Evaluating 27 Geometry Pairs with Predicate Contains
[LIBGPUSPATIAL] [ 54593][17:30:01:791777][info  ] RTSpatialIndex 0x71e8e000ac10 (Used 1 MB), Allocate result buffer, memory consumption 0 MB, capacity 20
[LIBGPUSPATIAL] [ 54590][17:30:01:791834][info  ] RTSpatialIndex 0x71e8e000ac10 (Used 1 MB), Allocate result buffer, memory consumption 0 MB, capacity 16
[LIBGPUSPATIAL] [ 54593][17:30:01:791951][info  ] RTSpatialIndex 0x71e8e000ac10 (Used 1 MB), Probe Points, Size: 100000, Results: 20
[LIBGPUSPATIAL] [ 54590][17:30:01:792280][info  ] RTSpatialIndex 0x71e8e000ac10 (Used 1 MB), Probe Points, Size: 100000, Results: 16
[LIBGPUSPATIAL] [ 54593][17:30:01:794333][info  ] RTSpatialRefiner 0x71e8e3d29be0 (Used 0 MB), Loaded Geometries, ProbeArray 100000, Loaded 18, Type Point
[LIBGPUSPATIAL] [ 54593][17:30:01:794390][info  ] RTSpatialRefiner 0x71e8e3d29be0 (Used 0 MB), Evaluating 20 Geometry Pairs with Predicate Contains
[LIBGPUSPATIAL] [ 54590][17:30:01:795455][info  ] RTSpatialRefiner 0x71e8e3d29be0 (Used 1 MB), Loaded Geometries, ProbeArray 100000, Loaded 14, Type Point
[LIBGPUSPATIAL] [ 54591][17:30:01:795466][info  ] RTSpatialIndex 0x71e8e000ac10 (Used 1 MB), Allocate result buffer, memory consumption 0 MB, capacity 20
[LIBGPUSPATIAL] [ 54590][17:30:01:795528][info  ] RTSpatialRefiner 0x71e8e3d29be0 (Used 1 MB), Evaluating 16 Geometry Pairs with Predicate Contains
[LIBGPUSPATIAL] [ 54591][17:30:01:795613][info  ] RTSpatialIndex 0x71e8e000ac10 (Used 1 MB), Probe Points, Size: 100000, Results: 20
[LIBGPUSPATIAL] [ 54591][17:30:01:795928][info  ] RTSpatialRefiner 0x71e8e3d29be0 (Used 0 MB), Loaded Geometries, ProbeArray 100000, Loaded 15, Type Point
[LIBGPUSPATIAL] [ 54591][17:30:01:795971][info  ] RTSpatialRefiner 0x71e8e3d29be0 (Used 0 MB), Evaluating 20 Geometry Pairs with Predicate Contains
[LIBGPUSPATIAL] [ 54594][17:30:01:798680][info  ] RTSpatialIndex 0x71e8e000ac10 (Used 1 MB), Allocate result buffer, memory consumption 0 MB, capacity 23
[LIBGPUSPATIAL] [ 54594][17:30:01:798810][info  ] RTSpatialIndex 0x71e8e000ac10 (Used 1 MB), Probe Points, Size: 100000, Results: 23
[LIBGPUSPATIAL] [ 54595][17:30:01:800463][info  ] RTSpatialIndex 0x71e8e000ac10 (Used 1 MB), Allocate result buffer, memory consumption 0 MB, capacity 14
[LIBGPUSPATIAL] [ 54594][17:30:01:800473][info  ] RTSpatialRefiner 0x71e8e3d29be0 (Used 1 MB), Loaded Geometries, ProbeArray 100000, Loaded 16, Type Point
[LIBGPUSPATIAL] [ 54594][17:30:01:800570][info  ] RTSpatialRefiner 0x71e8e3d29be0 (Used 1 MB), Evaluating 23 Geometry Pairs with Predicate Contains
[LIBGPUSPATIAL] [ 54595][17:30:01:801245][info  ] RTSpatialIndex 0x71e8e000ac10 (Used 1 MB), Probe Points, Size: 100000, Results: 14
[LIBGPUSPATIAL] [ 54595][17:30:01:801771][info  ] RTSpatialRefiner 0x71e8e3d29be0 (Used 0 MB), Loaded Geometries, ProbeArray 100000, Loaded 11, Type Point
[LIBGPUSPATIAL] [ 54595][17:30:01:801893][info  ] RTSpatialRefiner 0x71e8e3d29be0 (Used 0 MB), Evaluating 14 Geometry Pairs with Predicate Contains
[LIBGPUSPATIAL] [ 54596][17:30:01:803358][info  ] RTSpatialIndex 0x71e8e000ac10 (Used 1 MB), Allocate result buffer, memory consumption 0 MB, capacity 25
[LIBGPUSPATIAL] [ 54596][17:30:01:803495][info  ] RTSpatialIndex 0x71e8e000ac10 (Used 1 MB), Probe Points, Size: 100000, Results: 25
[LIBGPUSPATIAL] [ 54596][17:30:01:804177][info  ] RTSpatialRefiner 0x71e8e3d29be0 (Used 0 MB), Loaded Geometries, ProbeArray 100000, Loaded 18, Type Point
[LIBGPUSPATIAL] [ 54596][17:30:01:804225][info  ] RTSpatialRefiner 0x71e8e3d29be0 (Used 0 MB), Evaluating 25 Geometry Pairs with Predicate Contains
[LIBGPUSPATIAL] [ 54592][17:30:01:805909][info  ] RTSpatialIndex 0x71e8e000ac10 (Used 1 MB), Allocate result buffer, memory consumption 0 MB, capacity 25
[LIBGPUSPATIAL] [ 54592][17:30:01:806030][info  ] RTSpatialIndex 0x71e8e000ac10 (Used 1 MB), Probe Points, Size: 100000, Results: 25
[LIBGPUSPATIAL] [ 54592][17:30:01:806944][info  ] RTSpatialRefiner 0x71e8e3d29be0 (Used 1 MB), Loaded Geometries, ProbeArray 100000, Loaded 20, Type Point
[LIBGPUSPATIAL] [ 54592][17:30:01:807000][info  ] RTSpatialRefiner 0x71e8e3d29be0 (Used 1 MB), Evaluating 25 Geometry Pairs with Predicate Contains
[LIBGPUSPATIAL] [ 54589][17:30:01:808103][info  ] RTSpatialIndex 0x71e8e000ac10 (Used 1 MB), Allocate result buffer, memory consumption 0 MB, capacity 24
[LIBGPUSPATIAL] [ 54589][17:30:01:808319][info  ] RTSpatialIndex 0x71e8e000ac10 (Used 1 MB), Probe Points, Size: 100000, Results: 24
[LIBGPUSPATIAL] [ 54589][17:30:01:809855][info  ] RTSpatialRefiner 0x71e8e3d29be0 (Used 0 MB), Loaded Geometries, ProbeArray 100000, Loaded 20, Type Point
[LIBGPUSPATIAL] [ 54589][17:30:01:809906][info  ] RTSpatialRefiner 0x71e8e3d29be0 (Used 0 MB), Evaluating 24 Geometry Pairs with Predicate Contains
[LIBGPUSPATIAL] [ 54593][17:30:01:812393][info  ] RTSpatialIndex 0x71e8e000ac10 (Used 1 MB), Allocate result buffer, memory consumption 0 MB, capacity 17
[LIBGPUSPATIAL] [ 54593][17:30:01:812514][info  ] RTSpatialIndex 0x71e8e000ac10 (Used 1 MB), Probe Points, Size: 100000, Results: 17
[LIBGPUSPATIAL] [ 54591][17:30:01:813125][info  ] RTSpatialIndex 0x71e8e000ac10 (Used 1 MB), Allocate result buffer, memory consumption 0 MB, capacity 27
[LIBGPUSPATIAL] [ 54593][17:30:01:814289][info  ] RTSpatialRefiner 0x71e8e3d29be0 (Used 1 MB), Loaded Geometries, ProbeArray 100000, Loaded 11, Type Point
[LIBGPUSPATIAL] [ 54591][17:30:01:814312][info  ] RTSpatialIndex 0x71e8e000ac10 (Used 1 MB), Probe Points, Size: 100000, Results: 27
[LIBGPUSPATIAL] [ 54593][17:30:01:814336][info  ] RTSpatialRefiner 0x71e8e3d29be0 (Used 0 MB), Evaluating 17 Geometry Pairs with Predicate Contains
[LIBGPUSPATIAL] [ 54590][17:30:01:815956][info  ] RTSpatialIndex 0x71e8e000ac10 (Used 1 MB), Allocate result buffer, memory consumption 0 MB, capacity 28
[LIBGPUSPATIAL] [ 54590][17:30:01:816104][info  ] RTSpatialIndex 0x71e8e000ac10 (Used 1 MB), Probe Points, Size: 100000, Results: 28
[LIBGPUSPATIAL] [ 54591][17:30:01:817332][info  ] RTSpatialRefiner 0x71e8e3d29be0 (Used 0 MB), Loaded Geometries, ProbeArray 100000, Loaded 21, Type Point
[LIBGPUSPATIAL] [ 54591][17:30:01:817374][info  ] RTSpatialRefiner 0x71e8e3d29be0 (Used 0 MB), Evaluating 27 Geometry Pairs with Predicate Contains
[LIBGPUSPATIAL] [ 54590][17:30:01:817539][info  ] RTSpatialRefiner 0x71e8e3d29be0 (Used 0 MB), Loaded Geometries, ProbeArray 100000, Loaded 20, Type Point
[LIBGPUSPATIAL] [ 54590][17:30:01:817575][info  ] RTSpatialRefiner 0x71e8e3d29be0 (Used 0 MB), Evaluating 28 Geometry Pairs with Predicate Contains
[LIBGPUSPATIAL] [ 54594][17:30:01:819607][info  ] RTSpatialIndex 0x71e8e000ac10 (Used 1 MB), Allocate result buffer, memory consumption 0 MB, capacity 28
[LIBGPUSPATIAL] [ 54594][17:30:01:819744][info  ] RTSpatialIndex 0x71e8e000ac10 (Used 1 MB), Probe Points, Size: 100000, Results: 28
[LIBGPUSPATIAL] [ 54594][17:30:01:820270][info  ] RTSpatialRefiner 0x71e8e3d29be0 (Used 0 MB), Loaded Geometries, ProbeArray 100000, Loaded 21, Type Point
[LIBGPUSPATIAL] [ 54594][17:30:01:820334][info  ] RTSpatialRefiner 0x71e8e3d29be0 (Used 0 MB), Evaluating 28 Geometry Pairs with Predicate Contains
[LIBGPUSPATIAL] [ 54596][17:30:01:822213][info  ] RTSpatialIndex 0x71e8e000ac10 (Used 1 MB), Allocate result buffer, memory consumption 0 MB, capacity 27
[LIBGPUSPATIAL] [ 54595][17:30:01:822315][info  ] RTSpatialIndex 0x71e8e000ac10 (Used 1 MB), Allocate result buffer, memory consumption 0 MB, capacity 31
[LIBGPUSPATIAL] [ 54596][17:30:01:822483][info  ] RTSpatialIndex 0x71e8e000ac10 (Used 1 MB), Probe Points, Size: 100000, Results: 27
[LIBGPUSPATIAL] [ 54595][17:30:01:822537][info  ] RTSpatialIndex 0x71e8e000ac10 (Used 1 MB), Probe Points, Size: 100000, Results: 31
[LIBGPUSPATIAL] [ 54596][17:30:01:823205][info  ] RTSpatialRefiner 0x71e8e3d29be0 (Used 0 MB), Loaded Geometries, ProbeArray 100000, Loaded 22, Type Point
[LIBGPUSPATIAL] [ 54596][17:30:01:823250][info  ] RTSpatialRefiner 0x71e8e3d29be0 (Used 0 MB), Evaluating 27 Geometry Pairs with Predicate Contains
[LIBGPUSPATIAL] [ 54595][17:30:01:823554][info  ] RTSpatialRefiner 0x71e8e3d29be0 (Used 0 MB), Loaded Geometries, ProbeArray 100000, Loaded 22, Type Point
[LIBGPUSPATIAL] [ 54595][17:30:01:823592][info  ] RTSpatialRefiner 0x71e8e3d29be0 (Used 0 MB), Evaluating 31 Geometry Pairs with Predicate Contains
[LIBGPUSPATIAL] [ 54592][17:30:01:825569][info  ] RTSpatialIndex 0x71e8e000ac10 (Used 1 MB), Allocate result buffer, memory consumption 0 MB, capacity 16
[LIBGPUSPATIAL] [ 54592][17:30:01:825720][info  ] RTSpatialIndex 0x71e8e000ac10 (Used 1 MB), Probe Points, Size: 100000, Results: 16
[LIBGPUSPATIAL] [ 54592][17:30:01:826327][info  ] RTSpatialRefiner 0x71e8e3d29be0 (Used 0 MB), Loaded Geometries, ProbeArray 100000, Loaded 12, Type Point
[LIBGPUSPATIAL] [ 54592][17:30:01:826435][info  ] RTSpatialRefiner 0x71e8e3d29be0 (Used 0 MB), Evaluating 16 Geometry Pairs with Predicate Contains
[LIBGPUSPATIAL] [ 54589][17:30:01:827858][info  ] RTSpatialIndex 0x71e8e000ac10 (Used 1 MB), Allocate result buffer, memory consumption 0 MB, capacity 27
[LIBGPUSPATIAL] [ 54589][17:30:01:827992][info  ] RTSpatialIndex 0x71e8e000ac10 (Used 1 MB), Probe Points, Size: 100000, Results: 27
[LIBGPUSPATIAL] [ 54589][17:30:01:828926][info  ] RTSpatialRefiner 0x71e8e3d29be0 (Used 0 MB), Loaded Geometries, ProbeArray 100000, Loaded 20, Type Point
[LIBGPUSPATIAL] [ 54589][17:30:01:828971][info  ] RTSpatialRefiner 0x71e8e3d29be0 (Used 0 MB), Evaluating 27 Geometry Pairs with Predicate Contains
[LIBGPUSPATIAL] [ 54593][17:30:01:831335][info  ] RTSpatialIndex 0x71e8e000ac10 (Used 1 MB), Allocate result buffer, memory consumption 0 MB, capacity 23
[LIBGPUSPATIAL] [ 54593][17:30:01:831515][info  ] RTSpatialIndex 0x71e8e000ac10 (Used 1 MB), Probe Points, Size: 100000, Results: 23
[LIBGPUSPATIAL] [ 54593][17:30:01:832216][info  ] RTSpatialRefiner 0x71e8e3d29be0 (Used 0 MB), Loaded Geometries, ProbeArray 100000, Loaded 18, Type Point
[LIBGPUSPATIAL] [ 54593][17:30:01:832269][info  ] RTSpatialRefiner 0x71e8e3d29be0 (Used 0 MB), Evaluating 23 Geometry Pairs with Predicate Contains
[LIBGPUSPATIAL] [ 54591][17:30:01:836231][info  ] RTSpatialIndex 0x71e8e000ac10 (Used 1 MB), Allocate result buffer, memory consumption 0 MB, capacity 25
[LIBGPUSPATIAL] [ 54590][17:30:01:836270][info  ] RTSpatialIndex 0x71e8e000ac10 (Used 1 MB), Allocate result buffer, memory consumption 0 MB, capacity 25
[LIBGPUSPATIAL] [ 54591][17:30:01:836494][info  ] RTSpatialIndex 0x71e8e000ac10 (Used 1 MB), Probe Points, Size: 100000, Results: 25
[LIBGPUSPATIAL] [ 54590][17:30:01:836569][info  ] RTSpatialIndex 0x71e8e000ac10 (Used 1 MB), Probe Points, Size: 100000, Results: 25
[LIBGPUSPATIAL] [ 54590][17:30:01:836994][info  ] RTSpatialRefiner 0x71e8e3d29be0 (Used 0 MB), Loaded Geometries, ProbeArray 100000, Loaded 19, Type Point
[LIBGPUSPATIAL] [ 54590][17:30:01:837056][info  ] RTSpatialRefiner 0x71e8e3d29be0 (Used 0 MB), Evaluating 25 Geometry Pairs with Predicate Contains
[LIBGPUSPATIAL] [ 54591][17:30:01:837800][info  ] RTSpatialRefiner 0x71e8e3d29be0 (Used 0 MB), Loaded Geometries, ProbeArray 100000, Loaded 16, Type Point
[LIBGPUSPATIAL] [ 54591][17:30:01:837844][info  ] RTSpatialRefiner 0x71e8e3d29be0 (Used 0 MB), Evaluating 25 Geometry Pairs with Predicate Contains
[LIBGPUSPATIAL] [ 54594][17:30:01:840656][info  ] RTSpatialIndex 0x71e8e000ac10 (Used 1 MB), Allocate result buffer, memory consumption 0 MB, capacity 27
[LIBGPUSPATIAL] [ 54594][17:30:01:840793][info  ] RTSpatialIndex 0x71e8e000ac10 (Used 1 MB), Probe Points, Size: 100000, Results: 27
[LIBGPUSPATIAL] [ 54594][17:30:01:841368][info  ] RTSpatialRefiner 0x71e8e3d29be0 (Used 0 MB), Loaded Geometries, ProbeArray 100000, Loaded 19, Type Point
[LIBGPUSPATIAL] [ 54594][17:30:01:841415][info  ] RTSpatialRefiner 0x71e8e3d29be0 (Used 0 MB), Evaluating 27 Geometry Pairs with Predicate Contains
[LIBGPUSPATIAL] [ 54595][17:30:01:843744][info  ] RTSpatialIndex 0x71e8e000ac10 (Used 1 MB), Allocate result buffer, memory consumption 0 MB, capacity 22
[LIBGPUSPATIAL] [ 54595][17:30:01:844087][info  ] RTSpatialIndex 0x71e8e000ac10 (Used 1 MB), Probe Points, Size: 100000, Results: 22
[LIBGPUSPATIAL] [ 54596][17:30:01:844784][info  ] RTSpatialIndex 0x71e8e000ac10 (Used 1 MB), Allocate result buffer, memory consumption 0 MB, capacity 32
[LIBGPUSPATIAL] [ 54596][17:30:01:844941][info  ] RTSpatialIndex 0x71e8e000ac10 (Used 1 MB), Probe Points, Size: 100000, Results: 32
[LIBGPUSPATIAL] [ 54595][17:30:01:845095][info  ] RTSpatialRefiner 0x71e8e3d29be0 (Used 0 MB), Loaded Geometries, ProbeArray 100000, Loaded 16, Type Point
[LIBGPUSPATIAL] [ 54595][17:30:01:845259][info  ] RTSpatialRefiner 0x71e8e3d29be0 (Used 0 MB), Evaluating 22 Geometry Pairs with Predicate Contains
[LIBGPUSPATIAL] [ 54596][17:30:01:846026][info  ] RTSpatialRefiner 0x71e8e3d29be0 (Used 1 MB), Loaded Geometries, ProbeArray 100000, Loaded 25, Type Point
[LIBGPUSPATIAL] [ 54596][17:30:01:846103][info  ] RTSpatialRefiner 0x71e8e3d29be0 (Used 1 MB), Evaluating 32 Geometry Pairs with Predicate Contains
[LIBGPUSPATIAL] [ 54589][17:30:01:846112][info  ] RTSpatialIndex 0x71e8e000ac10 (Used 1 MB), Allocate result buffer, memory consumption 0 MB, capacity 19
[LIBGPUSPATIAL] [ 54589][17:30:01:846906][info  ] RTSpatialIndex 0x71e8e000ac10 (Used 1 MB), Probe Points, Size: 100000, Results: 19
[LIBGPUSPATIAL] [ 54592][17:30:01:846936][info  ] RTSpatialIndex 0x71e8e000ac10 (Used 1 MB), Allocate result buffer, memory consumption 0 MB, capacity 38
[LIBGPUSPATIAL] [ 54589][17:30:01:847464][info  ] RTSpatialRefiner 0x71e8e3d29be0 (Used 1 MB), Loaded Geometries, ProbeArray 100000, Loaded 17, Type Point
[LIBGPUSPATIAL] [ 54589][17:30:01:847507][info  ] RTSpatialRefiner 0x71e8e3d29be0 (Used 1 MB), Evaluating 19 Geometry Pairs with Predicate Contains
[LIBGPUSPATIAL] [ 54592][17:30:01:847814][info  ] RTSpatialIndex 0x71e8e000ac10 (Used 1 MB), Probe Points, Size: 100000, Results: 38
[LIBGPUSPATIAL] [ 54592][17:30:01:848260][info  ] RTSpatialRefiner 0x71e8e3d29be0 (Used 0 MB), Loaded Geometries, ProbeArray 100000, Loaded 29, Type Point
[LIBGPUSPATIAL] [ 54592][17:30:01:848304][info  ] RTSpatialRefiner 0x71e8e3d29be0 (Used 0 MB), Evaluating 38 Geometry Pairs with Predicate Contains
[LIBGPUSPATIAL] [ 54593][17:30:01:850186][info  ] RTSpatialIndex 0x71e8e000ac10 (Used 1 MB), Allocate result buffer, memory consumption 0 MB, capacity 13
[LIBGPUSPATIAL] [ 54593][17:30:01:850296][info  ] RTSpatialIndex 0x71e8e000ac10 (Used 1 MB), Probe Points, Size: 100000, Results: 13
[LIBGPUSPATIAL] [ 54593][17:30:01:851194][info  ] RTSpatialRefiner 0x71e8e3d29be0 (Used 0 MB), Loaded Geometries, ProbeArray 100000, Loaded 12, Type Point
[LIBGPUSPATIAL] [ 54593][17:30:01:851330][info  ] RTSpatialRefiner 0x71e8e3d29be0 (Used 0 MB), Evaluating 13 Geometry Pairs with Predicate Contains
[LIBGPUSPATIAL] [ 54590][17:30:01:853878][info  ] RTSpatialIndex 0x71e8e000ac10 (Used 1 MB), Allocate result buffer, memory consumption 0 MB, capacity 35
[LIBGPUSPATIAL] [ 54590][17:30:01:854162][info  ] RTSpatialIndex 0x71e8e000ac10 (Used 1 MB), Probe Points, Size: 100000, Results: 35
[LIBGPUSPATIAL] [ 54590][17:30:01:856945][info  ] RTSpatialRefiner 0x71e8e3d29be0 (Used 1 MB), Loaded Geometries, ProbeArray 100000, Loaded 27, Type Point
[LIBGPUSPATIAL] [ 54590][17:30:01:857180][info  ] RTSpatialRefiner 0x71e8e3d29be0 (Used 1 MB), Evaluating 35 Geometry Pairs with Predicate Contains
[LIBGPUSPATIAL] [ 54591][17:30:01:857238][info  ] RTSpatialIndex 0x71e8e000ac10 (Used 1 MB), Allocate result buffer, memory consumption 0 MB, capacity 14
[LIBGPUSPATIAL] [ 54591][17:30:01:857612][info  ] RTSpatialIndex 0x71e8e000ac10 (Used 1 MB), Probe Points, Size: 100000, Results: 14
[LIBGPUSPATIAL] [ 54591][17:30:01:858894][info  ] RTSpatialRefiner 0x71e8e3d29be0 (Used 0 MB), Loaded Geometries, ProbeArray 100000, Loaded 13, Type Point
[LIBGPUSPATIAL] [ 54591][17:30:01:858953][info  ] RTSpatialRefiner 0x71e8e3d29be0 (Used 0 MB), Evaluating 14 Geometry Pairs with Predicate Contains
[LIBGPUSPATIAL] [ 54594][17:30:01:860090][info  ] RTSpatialIndex 0x71e8e000ac10 (Used 1 MB), Allocate result buffer, memory consumption 0 MB, capacity 11
[LIBGPUSPATIAL] [ 54593][17:30:01:860353][info  ] RTSpatialIndex 0x71e8e000ac10 (Used 1 MB), Allocate result buffer, memory consumption 0 MB, capacity 5
[LIBGPUSPATIAL] [ 54593][17:30:01:860728][info  ] RTSpatialIndex 0x71e8e000ac10 (Used 1 MB), Probe Points, Size: 33333, Results: 5
[LIBGPUSPATIAL] [ 54594][17:30:01:860797][info  ] RTSpatialIndex 0x71e8e000ac10 (Used 1 MB), Probe Points, Size: 100000, Results: 11
[LIBGPUSPATIAL] [ 54593][17:30:01:861179][info  ] RTSpatialRefiner 0x71e8e3d29be0 (Used 0 MB), Loaded Geometries, ProbeArray 33333, Loaded 4, Type Point
[LIBGPUSPATIAL] [ 54593][17:30:01:861305][info  ] RTSpatialRefiner 0x71e8e3d29be0 (Used 0 MB), Evaluating 5 Geometry Pairs with Predicate Contains
[LIBGPUSPATIAL] [ 54594][17:30:01:861552][info  ] RTSpatialRefiner 0x71e8e3d29be0 (Used 0 MB), Loaded Geometries, ProbeArray 100000, Loaded 10, Type Point
[LIBGPUSPATIAL] [ 54594][17:30:01:861612][info  ] RTSpatialRefiner 0x71e8e3d29be0 (Used 0 MB), Evaluating 11 Geometry Pairs with Predicate Contains
[LIBGPUSPATIAL] [ 54596][17:30:01:863336][info  ] RTSpatialIndex 0x71e8e000ac10 (Used 1 MB), Allocate result buffer, memory consumption 0 MB, capacity 25
[LIBGPUSPATIAL] [ 54596][17:30:01:863482][info  ] RTSpatialIndex 0x71e8e000ac10 (Used 1 MB), Probe Points, Size: 100000, Results: 25
[LIBGPUSPATIAL] [ 54596][17:30:01:863834][info  ] RTSpatialRefiner 0x71e8e3d29be0 (Used 0 MB), Loaded Geometries, ProbeArray 100000, Loaded 19, Type Point
[LIBGPUSPATIAL] [ 54596][17:30:01:863879][info  ] RTSpatialRefiner 0x71e8e3d29be0 (Used 0 MB), Evaluating 25 Geometry Pairs with Predicate Contains
[LIBGPUSPATIAL] [ 54595][17:30:01:864833][info  ] RTSpatialIndex 0x71e8e000ac10 (Used 1 MB), Allocate result buffer, memory consumption 0 MB, capacity 18
[LIBGPUSPATIAL] [ 54595][17:30:01:865063][info  ] RTSpatialIndex 0x71e8e000ac10 (Used 1 MB), Probe Points, Size: 100000, Results: 18
[LIBGPUSPATIAL] [ 54595][17:30:01:865582][info  ] RTSpatialRefiner 0x71e8e3d29be0 (Used 0 MB), Loaded Geometries, ProbeArray 100000, Loaded 14, Type Point
[LIBGPUSPATIAL] [ 54595][17:30:01:865767][info  ] RTSpatialRefiner 0x71e8e3d29be0 (Used 0 MB), Evaluating 18 Geometry Pairs with Predicate Contains
[LIBGPUSPATIAL] [ 54589][17:30:01:866574][info  ] RTSpatialIndex 0x71e8e000ac10 (Used 2 MB), Allocate result buffer, memory consumption 0 MB, capacity 35
[LIBGPUSPATIAL] [ 54592][17:30:01:867262][info  ] RTSpatialIndex 0x71e8e000ac10 (Used 1 MB), Allocate result buffer, memory consumption 0 MB, capacity 25
[LIBGPUSPATIAL] [ 54589][17:30:01:868215][info  ] RTSpatialIndex 0x71e8e000ac10 (Used 1 MB), Probe Points, Size: 100000, Results: 35
[LIBGPUSPATIAL] [ 54592][17:30:01:868589][info  ] RTSpatialIndex 0x71e8e000ac10 (Used 1 MB), Probe Points, Size: 100000, Results: 25
[LIBGPUSPATIAL] [ 54589][17:30:01:870362][info  ] RTSpatialRefiner 0x71e8e3d29be0 (Used 0 MB), Loaded Geometries, ProbeArray 100000, Loaded 24, Type Point
[LIBGPUSPATIAL] [ 54589][17:30:01:870415][info  ] RTSpatialRefiner 0x71e8e3d29be0 (Used 0 MB), Evaluating 35 Geometry Pairs with Predicate Contains
[LIBGPUSPATIAL] [ 54592][17:30:01:871031][info  ] RTSpatialRefiner 0x71e8e3d29be0 (Used 0 MB), Loaded Geometries, ProbeArray 100000, Loaded 18, Type Point
[LIBGPUSPATIAL] [ 54592][17:30:01:871098][info  ] RTSpatialRefiner 0x71e8e3d29be0 (Used 0 MB), Evaluating 25 Geometry Pairs with Predicate Contains
[LIBGPUSPATIAL] [ 54591][17:30:01:877348][info  ] RTSpatialIndex 0x71e8e000ac10 (Used 1 MB), Allocate result buffer, memory consumption 0 MB, capacity 25
[LIBGPUSPATIAL] [ 54591][17:30:01:877482][info  ] RTSpatialIndex 0x71e8e000ac10 (Used 1 MB), Probe Points, Size: 100000, Results: 25
[LIBGPUSPATIAL] [ 54591][17:30:01:877942][info  ] RTSpatialRefiner 0x71e8e3d29be0 (Used 0 MB), Loaded Geometries, ProbeArray 100000, Loaded 19, Type Point
[LIBGPUSPATIAL] [ 54591][17:30:01:877982][info  ] RTSpatialRefiner 0x71e8e3d29be0 (Used 0 MB), Evaluating 25 Geometry Pairs with Predicate Contains
[LIBGPUSPATIAL] [ 54590][17:30:01:878813][info  ] RTSpatialIndex 0x71e8e000ac10 (Used 1 MB), Allocate result buffer, memory consumption 0 MB, capacity 22
[LIBGPUSPATIAL] [ 54590][17:30:01:878932][info  ] RTSpatialIndex 0x71e8e000ac10 (Used 1 MB), Probe Points, Size: 100000, Results: 22
[LIBGPUSPATIAL] [ 54596][17:30:01:880481][info  ] RTSpatialIndex 0x71e8e000ac10 (Used 1 MB), Allocate result buffer, memory consumption 0 MB, capacity 25
[LIBGPUSPATIAL] [ 54596][17:30:01:880625][info  ] RTSpatialIndex 0x71e8e000ac10 (Used 1 MB), Probe Points, Size: 100000, Results: 25
[LIBGPUSPATIAL] [ 54596][17:30:01:881426][info  ] RTSpatialRefiner 0x71e8e3d29be0 (Used 0 MB), Loaded Geometries, ProbeArray 100000, Loaded 19, Type Point
[LIBGPUSPATIAL] [ 54590][17:30:01:881433][info  ] RTSpatialRefiner 0x71e8e3d29be0 (Used 0 MB), Loaded Geometries, ProbeArray 100000, Loaded 16, Type Point
[LIBGPUSPATIAL] [ 54596][17:30:01:881485][info  ] RTSpatialRefiner 0x71e8e3d29be0 (Used 0 MB), Evaluating 25 Geometry Pairs with Predicate Contains
[LIBGPUSPATIAL] [ 54590][17:30:01:881491][info  ] RTSpatialRefiner 0x71e8e3d29be0 (Used 0 MB), Evaluating 22 Geometry Pairs with Predicate Contains
[LIBGPUSPATIAL] [ 54594][17:30:01:882861][info  ] RTSpatialIndex 0x71e8e000ac10 (Used 1 MB), Allocate result buffer, memory consumption 0 MB, capacity 23
[LIBGPUSPATIAL] [ 54595][17:30:01:882934][info  ] RTSpatialIndex 0x71e8e000ac10 (Used 1 MB), Allocate result buffer, memory consumption 0 MB, capacity 22
[LIBGPUSPATIAL] [ 54594][17:30:01:883271][info  ] RTSpatialIndex 0x71e8e000ac10 (Used 1 MB), Probe Points, Size: 100000, Results: 23
[LIBGPUSPATIAL] [ 54594][17:30:01:883730][info  ] RTSpatialRefiner 0x71e8e3d29be0 (Used 1 MB), Loaded Geometries, ProbeArray 100000, Loaded 19, Type Point
[LIBGPUSPATIAL] [ 54595][17:30:01:883845][info  ] RTSpatialIndex 0x71e8e000ac10 (Used 1 MB), Probe Points, Size: 100000, Results: 22
[LIBGPUSPATIAL] [ 54594][17:30:01:883993][info  ] RTSpatialRefiner 0x71e8e3d29be0 (Used 0 MB), Evaluating 23 Geometry Pairs with Predicate Contains
[LIBGPUSPATIAL] [ 54595][17:30:01:885189][info  ] RTSpatialRefiner 0x71e8e3d29be0 (Used 0 MB), Loaded Geometries, ProbeArray 100000, Loaded 18, Type Point
[LIBGPUSPATIAL] [ 54595][17:30:01:885235][info  ] RTSpatialRefiner 0x71e8e3d29be0 (Used 0 MB), Evaluating 22 Geometry Pairs with Predicate Contains
[LIBGPUSPATIAL] [ 54589][17:30:01:886152][info  ] RTSpatialIndex 0x71e8e000ac10 (Used 1 MB), Allocate result buffer, memory consumption 0 MB, capacity 17
[LIBGPUSPATIAL] [ 54589][17:30:01:886293][info  ] RTSpatialIndex 0x71e8e000ac10 (Used 1 MB), Probe Points, Size: 100000, Results: 17
[LIBGPUSPATIAL] [ 54589][17:30:01:887206][info  ] RTSpatialRefiner 0x71e8e3d29be0 (Used 0 MB), Loaded Geometries, ProbeArray 100000, Loaded 15, Type Point
[LIBGPUSPATIAL] [ 54589][17:30:01:887253][info  ] RTSpatialRefiner 0x71e8e3d29be0 (Used 0 MB), Evaluating 17 Geometry Pairs with Predicate Contains
[LIBGPUSPATIAL] [ 54592][17:30:01:893546][info  ] RTSpatialIndex 0x71e8e000ac10 (Used 1 MB), Allocate result buffer, memory consumption 0 MB, capacity 31
[LIBGPUSPATIAL] [ 54592][17:30:01:894288][info  ] RTSpatialIndex 0x71e8e000ac10 (Used 2 MB), Probe Points, Size: 100000, Results: 31
[LIBGPUSPATIAL] [ 54591][17:30:01:894364][info  ] RTSpatialIndex 0x71e8e000ac10 (Used 1 MB), Allocate result buffer, memory consumption 0 MB, capacity 25
[LIBGPUSPATIAL] [ 54593][17:30:01:895230][info  ] RTSpatialIndex 0x71e8e000ac10 (Used 1 MB), Allocate result buffer, memory consumption 0 MB, capacity 18
[LIBGPUSPATIAL] [ 54591][17:30:01:895481][info  ] RTSpatialIndex 0x71e8e000ac10 (Used 1 MB), Probe Points, Size: 100000, Results: 25
[LIBGPUSPATIAL] [ 54592][17:30:01:895676][info  ] RTSpatialRefiner 0x71e8e3d29be0 (Used 1 MB), Loaded Geometries, ProbeArray 100000, Loaded 22, Type Point
[LIBGPUSPATIAL] [ 54593][17:30:01:895719][info  ] RTSpatialIndex 0x71e8e000ac10 (Used 1 MB), Probe Points, Size: 100000, Results: 18
[LIBGPUSPATIAL] [ 54592][17:30:01:895725][info  ] RTSpatialRefiner 0x71e8e3d29be0 (Used 1 MB), Evaluating 31 Geometry Pairs with Predicate Contains
[LIBGPUSPATIAL] [ 54591][17:30:01:895909][info  ] RTSpatialRefiner 0x71e8e3d29be0 (Used 0 MB), Loaded Geometries, ProbeArray 100000, Loaded 19, Type Point
[LIBGPUSPATIAL] [ 54591][17:30:01:895947][info  ] RTSpatialRefiner 0x71e8e3d29be0 (Used 0 MB), Evaluating 25 Geometry Pairs with Predicate Contains
[LIBGPUSPATIAL] [ 54593][17:30:01:897109][info  ] RTSpatialRefiner 0x71e8e3d29be0 (Used 0 MB), Loaded Geometries, ProbeArray 100000, Loaded 14, Type Point
[LIBGPUSPATIAL] [ 54593][17:30:01:897190][info  ] RTSpatialRefiner 0x71e8e3d29be0 (Used 0 MB), Evaluating 18 Geometry Pairs with Predicate Contains
[LIBGPUSPATIAL] [ 54596][17:30:01:898223][info  ] RTSpatialIndex 0x71e8e000ac10 (Used 1 MB), Allocate result buffer, memory consumption 0 MB, capacity 14
[LIBGPUSPATIAL] [ 54596][17:30:01:898375][info  ] RTSpatialIndex 0x71e8e000ac10 (Used 2 MB), Probe Points, Size: 100000, Results: 14
[LIBGPUSPATIAL] [ 54590][17:30:01:898761][info  ] RTSpatialIndex 0x71e8e000ac10 (Used 1 MB), Allocate result buffer, memory consumption 0 MB, capacity 20
[LIBGPUSPATIAL] [ 54596][17:30:01:898809][info  ] RTSpatialRefiner 0x71e8e3d29be0 (Used 1 MB), Loaded Geometries, ProbeArray 100000, Loaded 12, Type Point
[LIBGPUSPATIAL] [ 54596][17:30:01:898850][info  ] RTSpatialRefiner 0x71e8e3d29be0 (Used 1 MB), Evaluating 14 Geometry Pairs with Predicate Contains
[LIBGPUSPATIAL] [ 54590][17:30:01:898885][info  ] RTSpatialIndex 0x71e8e000ac10 (Used 1 MB), Probe Points, Size: 100000, Results: 20
[LIBGPUSPATIAL] [ 54590][17:30:01:899776][info  ] RTSpatialRefiner 0x71e8e3d29be0 (Used 0 MB), Loaded Geometries, ProbeArray 100000, Loaded 15, Type Point
[LIBGPUSPATIAL] [ 54590][17:30:01:899821][info  ] RTSpatialRefiner 0x71e8e3d29be0 (Used 0 MB), Evaluating 20 Geometry Pairs with Predicate Contains
[LIBGPUSPATIAL] [ 54595][17:30:01:902529][info  ] RTSpatialIndex 0x71e8e000ac10 (Used 1 MB), Allocate result buffer, memory consumption 0 MB, capacity 17
[LIBGPUSPATIAL] [ 54595][17:30:01:902813][info  ] RTSpatialIndex 0x71e8e000ac10 (Used 2 MB), Probe Points, Size: 100000, Results: 17
[LIBGPUSPATIAL] [ 54595][17:30:01:903476][info  ] RTSpatialRefiner 0x71e8e3d29be0 (Used 2 MB), Loaded Geometries, ProbeArray 100000, Loaded 15, Type Point
[LIBGPUSPATIAL] [ 54595][17:30:01:903557][info  ] RTSpatialRefiner 0x71e8e3d29be0 (Used 1 MB), Evaluating 17 Geometry Pairs with Predicate Contains
[LIBGPUSPATIAL] [ 54594][17:30:01:903971][info  ] RTSpatialIndex 0x71e8e000ac10 (Used 1 MB), Allocate result buffer, memory consumption 0 MB, capacity 34
[LIBGPUSPATIAL] [ 54594][17:30:01:904239][info  ] RTSpatialIndex 0x71e8e000ac10 (Used 1 MB), Probe Points, Size: 100000, Results: 34
[LIBGPUSPATIAL] [ 54594][17:30:01:904946][info  ] RTSpatialRefiner 0x71e8e3d29be0 (Used 1 MB), Loaded Geometries, ProbeArray 100000, Loaded 24, Type Point
[LIBGPUSPATIAL] [ 54594][17:30:01:905114][info  ] RTSpatialRefiner 0x71e8e3d29be0 (Used 1 MB), Evaluating 34 Geometry Pairs with Predicate Contains
[LIBGPUSPATIAL] [ 54589][17:30:01:905901][info  ] RTSpatialIndex 0x71e8e000ac10 (Used 1 MB), Allocate result buffer, memory consumption 0 MB, capacity 17
[LIBGPUSPATIAL] [ 54589][17:30:01:906731][info  ] RTSpatialIndex 0x71e8e000ac10 (Used 1 MB), Probe Points, Size: 100000, Results: 17
[LIBGPUSPATIAL] [ 54589][17:30:01:907187][info  ] RTSpatialRefiner 0x71e8e3d29be0 (Used 0 MB), Loaded Geometries, ProbeArray 100000, Loaded 14, Type Point
[LIBGPUSPATIAL] [ 54589][17:30:01:907227][info  ] RTSpatialRefiner 0x71e8e3d29be0 (Used 0 MB), Evaluating 17 Geometry Pairs with Predicate Contains
[LIBGPUSPATIAL] [ 54590][17:30:01:908589][info  ] RTSpatialIndex 0x71e8e000ac10 (Used 0 MB), Allocate result buffer, memory consumption 0 MB, capacity 2
[LIBGPUSPATIAL] [ 54590][17:30:01:908699][info  ] RTSpatialIndex 0x71e8e000ac10 (Used 0 MB), Probe Points, Size: 33333, Results: 2
[LIBGPUSPATIAL] [ 54590][17:30:01:909346][info  ] RTSpatialRefiner 0x71e8e3d29be0 (Used 0 MB), Loaded Geometries, ProbeArray 33333, Loaded 1, Type Point
[LIBGPUSPATIAL] [ 54590][17:30:01:909410][info  ] RTSpatialRefiner 0x71e8e3d29be0 (Used 0 MB), Evaluating 2 Geometry Pairs with Predicate Contains
[LIBGPUSPATIAL] [ 54595][17:30:01:911425][info  ] RTSpatialIndex 0x71e8e000ac10 (Used 0 MB), Allocate result buffer, memory consumption 0 MB, capacity 6
[LIBGPUSPATIAL] [ 54595][17:30:01:911545][info  ] RTSpatialIndex 0x71e8e000ac10 (Used 0 MB), Probe Points, Size: 33333, Results: 6
[LIBGPUSPATIAL] [ 54595][17:30:01:911887][info  ] RTSpatialRefiner 0x71e8e3d29be0 (Used 0 MB), Loaded Geometries, ProbeArray 33333, Loaded 5, Type Point
[LIBGPUSPATIAL] [ 54595][17:30:01:911928][info  ] RTSpatialRefiner 0x71e8e3d29be0 (Used 0 MB), Evaluating 6 Geometry Pairs with Predicate Contains
[LIBGPUSPATIAL] [ 54594][17:30:01:913782][info  ] RTSpatialIndex 0x71e8e000ac10 (Used 0 MB), Allocate result buffer, memory consumption 0 MB, capacity 5
[LIBGPUSPATIAL] [ 54594][17:30:01:914119][info  ] RTSpatialIndex 0x71e8e000ac10 (Used 0 MB), Probe Points, Size: 33333, Results: 5
[LIBGPUSPATIAL] [ 54594][17:30:01:915432][info  ] RTSpatialRefiner 0x71e8e3d29be0 (Used 1 MB), Loaded Geometries, ProbeArray 33333, Loaded 4, Type Point
[LIBGPUSPATIAL] [ 54594][17:30:01:915489][info  ] RTSpatialRefiner 0x71e8e3d29be0 (Used 1 MB), Evaluating 5 Geometry Pairs with Predicate Contains
[LIBGPUSPATIAL] [ 54592][17:30:01:915564][info  ] RTSpatialIndex 0x71e8e000ac10 (Used 2 MB), Allocate result buffer, memory consumption 0 MB, capacity 16
[LIBGPUSPATIAL] [ 54592][17:30:01:916579][info  ] RTSpatialIndex 0x71e8e000ac10 (Used 3 MB), Probe Points, Size: 100000, Results: 16
[LIBGPUSPATIAL] [ 54593][17:30:01:916628][info  ] RTSpatialIndex 0x71e8e000ac10 (Used 2 MB), Allocate result buffer, memory consumption 0 MB, capacity 23
[LIBGPUSPATIAL] [ 54591][17:30:01:916706][info  ] RTSpatialIndex 0x71e8e000ac10 (Used 2 MB), Allocate result buffer, memory consumption 0 MB, capacity 21
[LIBGPUSPATIAL] [ 54589][17:30:01:916863][info  ] RTSpatialIndex 0x71e8e000ac10 (Used 2 MB), Allocate result buffer, memory consumption 0 MB, capacity 8
[LIBGPUSPATIAL] [ 54596][17:30:01:917225][info  ] RTSpatialIndex 0x71e8e000ac10 (Used 2 MB), Allocate result buffer, memory consumption 0 MB, capacity 19
[LIBGPUSPATIAL] [ 54591][17:30:01:917393][info  ] RTSpatialIndex 0x71e8e000ac10 (Used 2 MB), Probe Points, Size: 100000, Results: 21
[LIBGPUSPATIAL] [ 54592][17:30:01:917526][info  ] RTSpatialRefiner 0x71e8e3d29be0 (Used 2 MB), Loaded Geometries, ProbeArray 100000, Loaded 14, Type Point
[LIBGPUSPATIAL] [ 54593][17:30:01:917660][info  ] RTSpatialIndex 0x71e8e000ac10 (Used 2 MB), Probe Points, Size: 100000, Results: 23
[LIBGPUSPATIAL] [ 54592][17:30:01:917689][info  ] RTSpatialRefiner 0x71e8e3d29be0 (Used 1 MB), Evaluating 16 Geometry Pairs with Predicate Contains
[LIBGPUSPATIAL] [ 54589][17:30:01:918285][info  ] RTSpatialIndex 0x71e8e000ac10 (Used 1 MB), Probe Points, Size: 33333, Results: 8
[LIBGPUSPATIAL] [ 54591][17:30:01:918493][info  ] RTSpatialRefiner 0x71e8e3d29be0 (Used 1 MB), Loaded Geometries, ProbeArray 100000, Loaded 17, Type Point
[LIBGPUSPATIAL] [ 54591][17:30:01:918564][info  ] RTSpatialRefiner 0x71e8e3d29be0 (Used 1 MB), Evaluating 21 Geometry Pairs with Predicate Contains
[LIBGPUSPATIAL] [ 54593][17:30:01:919015][info  ] RTSpatialRefiner 0x71e8e3d29be0 (Used 1 MB), Loaded Geometries, ProbeArray 100000, Loaded 15, Type Point
[LIBGPUSPATIAL] [ 54596][17:30:01:919097][info  ] RTSpatialIndex 0x71e8e000ac10 (Used 1 MB), Probe Points, Size: 100000, Results: 19
[LIBGPUSPATIAL] [ 54593][17:30:01:919102][info  ] RTSpatialRefiner 0x71e8e3d29be0 (Used 1 MB), Evaluating 23 Geometry Pairs with Predicate Contains
[LIBGPUSPATIAL] [ 54589][17:30:01:919248][info  ] RTSpatialRefiner 0x71e8e3d29be0 (Used 0 MB), Loaded Geometries, ProbeArray 33333, Loaded 7, Type Point
[LIBGPUSPATIAL] [ 54589][17:30:01:919302][info  ] RTSpatialRefiner 0x71e8e3d29be0 (Used 0 MB), Evaluating 8 Geometry Pairs with Predicate Contains
[LIBGPUSPATIAL] [ 54596][17:30:01:919993][info  ] RTSpatialRefiner 0x71e8e3d29be0 (Used 0 MB), Loaded Geometries, ProbeArray 100000, Loaded 15, Type Point
[LIBGPUSPATIAL] [ 54596][17:30:01:920058][info  ] RTSpatialRefiner 0x71e8e3d29be0 (Used 0 MB), Evaluating 19 Geometry Pairs with Predicate Contains
[LIBGPUSPATIAL] [ 54591][17:30:01:929170][info  ] RTSpatialIndex 0x71e8e000ac10 (Used 0 MB), Allocate result buffer, memory consumption 0 MB, capacity 5
[LIBGPUSPATIAL] [ 54591][17:30:01:929326][info  ] RTSpatialIndex 0x71e8e000ac10 (Used 0 MB), Probe Points, Size: 33333, Results: 5
[LIBGPUSPATIAL] [ 54591][17:30:01:930538][info  ] RTSpatialRefiner 0x71e8e3d29be0 (Used 0 MB), Loaded Geometries, ProbeArray 33333, Loaded 4, Type Point
[LIBGPUSPATIAL] [ 54591][17:30:01:930589][info  ] RTSpatialRefiner 0x71e8e3d29be0 (Used 0 MB), Evaluating 5 Geometry Pairs with Predicate Contains
[LIBGPUSPATIAL] [ 54593][17:30:01:938354][info  ] RTSpatialIndex 0x71e8e000ac10 (Used 1 MB), Allocate result buffer, memory consumption 0 MB, capacity 16
[LIBGPUSPATIAL] [ 54593][17:30:01:938505][info  ] RTSpatialIndex 0x71e8e000ac10 (Used 1 MB), Probe Points, Size: 100000, Results: 16
[LIBGPUSPATIAL] [ 54593][17:30:01:939158][info  ] RTSpatialRefiner 0x71e8e3d29be0 (Used 0 MB), Loaded Geometries, ProbeArray 100000, Loaded 14, Type Point
[LIBGPUSPATIAL] [ 54593][17:30:01:939206][info  ] RTSpatialRefiner 0x71e8e3d29be0 (Used 0 MB), Evaluating 16 Geometry Pairs with Predicate Contains
[LIBGPUSPATIAL] [ 54592][17:30:01:939914][info  ] RTSpatialIndex 0x71e8e000ac10 (Used 2 MB), Allocate result buffer, memory consumption 0 MB, capacity 25
[LIBGPUSPATIAL] [ 54596][17:30:01:940251][info  ] RTSpatialIndex 0x71e8e000ac10 (Used 1 MB), Allocate result buffer, memory consumption 0 MB, capacity 27
[LIBGPUSPATIAL] [ 54592][17:30:01:940321][info  ] RTSpatialIndex 0x71e8e000ac10 (Used 1 MB), Probe Points, Size: 100000, Results: 25
[LIBGPUSPATIAL] [ 54596][17:30:01:940688][info  ] RTSpatialIndex 0x71e8e000ac10 (Used 1 MB), Probe Points, Size: 100000, Results: 27
[LIBGPUSPATIAL] [ 54596][17:30:01:942215][info  ] RTSpatialRefiner 0x71e8e3d29be0 (Used 0 MB), Loaded Geometries, ProbeArray 100000, Loaded 20, Type Point
[LIBGPUSPATIAL] [ 54592][17:30:01:942234][info  ] RTSpatialRefiner 0x71e8e3d29be0 (Used 0 MB), Loaded Geometries, ProbeArray 100000, Loaded 18, Type Point
[LIBGPUSPATIAL] [ 54596][17:30:01:942264][info  ] RTSpatialRefiner 0x71e8e3d29be0 (Used 0 MB), Evaluating 27 Geometry Pairs with Predicate Contains
[LIBGPUSPATIAL] [ 54592][17:30:01:942268][info  ] RTSpatialRefiner 0x71e8e3d29be0 (Used 0 MB), Evaluating 25 Geometry Pairs with Predicate Contains
[LIBGPUSPATIAL] [ 54589][17:30:01:947840][info  ] RTSpatialIndex 0x71e8e000ac10 (Used 1 MB), Allocate result buffer, memory consumption 0 MB, capacity 28
[LIBGPUSPATIAL] [ 54589][17:30:01:947973][info  ] RTSpatialIndex 0x71e8e000ac10 (Used 1 MB), Probe Points, Size: 100000, Results: 28
[LIBGPUSPATIAL] [ 54596][17:30:01:948494][info  ] RTSpatialIndex 0x71e8e000ac10 (Used 0 MB), Allocate result buffer, memory consumption 0 MB, capacity 6
[LIBGPUSPATIAL] [ 54596][17:30:01:948647][info  ] RTSpatialIndex 0x71e8e000ac10 (Used 0 MB), Probe Points, Size: 33333, Results: 6
[LIBGPUSPATIAL] [ 54589][17:30:01:948993][info  ] RTSpatialRefiner 0x71e8e3d29be0 (Used 0 MB), Loaded Geometries, ProbeArray 100000, Loaded 22, Type Point
[LIBGPUSPATIAL] [ 54589][17:30:01:949072][info  ] RTSpatialRefiner 0x71e8e3d29be0 (Used 0 MB), Evaluating 28 Geometry Pairs with Predicate Contains
[LIBGPUSPATIAL] [ 54596][17:30:01:949234][info  ] RTSpatialRefiner 0x71e8e3d29be0 (Used 0 MB), Loaded Geometries, ProbeArray 33333, Loaded 5, Type Point
[LIBGPUSPATIAL] [ 54596][17:30:01:949281][info  ] RTSpatialRefiner 0x71e8e3d29be0 (Used 0 MB), Evaluating 6 Geometry Pairs with Predicate Contains
[LIBGPUSPATIAL] [ 54594][17:30:01:950508][info  ] RTSpatialIndex 0x71e8e000ac10 (Used 1 MB), Allocate result buffer, memory consumption 0 MB, capacity 25
[LIBGPUSPATIAL] [ 54590][17:30:01:950609][info  ] RTSpatialIndex 0x71e8e000ac10 (Used 1 MB), Allocate result buffer, memory consumption 0 MB, capacity 21
[LIBGPUSPATIAL] [ 54594][17:30:01:950779][info  ] RTSpatialIndex 0x71e8e000ac10 (Used 1 MB), Probe Points, Size: 100000, Results: 25
[LIBGPUSPATIAL] [ 54590][17:30:01:951211][info  ] RTSpatialIndex 0x71e8e000ac10 (Used 1 MB), Probe Points, Size: 100000, Results: 21
[LIBGPUSPATIAL] [ 54594][17:30:01:951749][info  ] RTSpatialRefiner 0x71e8e3d29be0 (Used 0 MB), Loaded Geometries, ProbeArray 100000, Loaded 19, Type Point
[LIBGPUSPATIAL] [ 54594][17:30:01:951789][info  ] RTSpatialRefiner 0x71e8e3d29be0 (Used 0 MB), Evaluating 25 Geometry Pairs with Predicate Contains
[LIBGPUSPATIAL] [ 54590][17:30:01:953022][info  ] RTSpatialRefiner 0x71e8e3d29be0 (Used 0 MB), Loaded Geometries, ProbeArray 100000, Loaded 15, Type Point
[LIBGPUSPATIAL] [ 54590][17:30:01:953094][info  ] RTSpatialRefiner 0x71e8e3d29be0 (Used 0 MB), Evaluating 21 Geometry Pairs with Predicate Contains
[LIBGPUSPATIAL] [ 54593][17:30:01:957362][info  ] RTSpatialIndex 0x71e8e000ac10 (Used 1 MB), Allocate result buffer, memory consumption 0 MB, capacity 26
[LIBGPUSPATIAL] [ 54592][17:30:01:957413][info  ] RTSpatialIndex 0x71e8e000ac10 (Used 1 MB), Allocate result buffer, memory consumption 0 MB, capacity 23
[LIBGPUSPATIAL] [ 54593][17:30:01:957552][info  ] RTSpatialIndex 0x71e8e000ac10 (Used 1 MB), Probe Points, Size: 100000, Results: 26
[LIBGPUSPATIAL] [ 54592][17:30:01:957602][info  ] RTSpatialIndex 0x71e8e000ac10 (Used 1 MB), Probe Points, Size: 100000, Results: 23
[LIBGPUSPATIAL] [ 54593][17:30:01:958470][info  ] RTSpatialRefiner 0x71e8e3d29be0 (Used 0 MB), Loaded Geometries, ProbeArray 100000, Loaded 19, Type Point
[LIBGPUSPATIAL] [ 54593][17:30:01:958513][info  ] RTSpatialRefiner 0x71e8e3d29be0 (Used 0 MB), Evaluating 26 Geometry Pairs with Predicate Contains
[LIBGPUSPATIAL] [ 54592][17:30:01:959382][info  ] RTSpatialRefiner 0x71e8e3d29be0 (Used 0 MB), Loaded Geometries, ProbeArray 100000, Loaded 15, Type Point
[LIBGPUSPATIAL] [ 54592][17:30:01:959431][info  ] RTSpatialRefiner 0x71e8e3d29be0 (Used 0 MB), Evaluating 23 Geometry Pairs with Predicate Contains
[LIBGPUSPATIAL] [ 54589][17:30:01:963312][info  ] RTSpatialIndex 0x71e8e000ac10 (Used 1 MB), Allocate result buffer, memory consumption 0 MB, capacity 22
[LIBGPUSPATIAL] [ 54589][17:30:01:963454][info  ] RTSpatialIndex 0x71e8e000ac10 (Used 1 MB), Probe Points, Size: 100000, Results: 22
[LIBGPUSPATIAL] [ 54589][17:30:01:964084][info  ] RTSpatialRefiner 0x71e8e3d29be0 (Used 0 MB), Loaded Geometries, ProbeArray 100000, Loaded 16, Type Point
[LIBGPUSPATIAL] [ 54589][17:30:01:964223][info  ] RTSpatialRefiner 0x71e8e3d29be0 (Used 0 MB), Evaluating 22 Geometry Pairs with Predicate Contains
[LIBGPUSPATIAL] [ 54594][17:30:01:969162][info  ] RTSpatialIndex 0x71e8e000ac10 (Used 1 MB), Allocate result buffer, memory consumption 0 MB, capacity 31
[LIBGPUSPATIAL] [ 54594][17:30:01:969358][info  ] RTSpatialIndex 0x71e8e000ac10 (Used 1 MB), Probe Points, Size: 100000, Results: 31
[LIBGPUSPATIAL] [ 54590][17:30:01:969831][info  ] RTSpatialIndex 0x71e8e000ac10 (Used 1 MB), Allocate result buffer, memory consumption 0 MB, capacity 12
[LIBGPUSPATIAL] [ 54594][17:30:01:969898][info  ] RTSpatialRefiner 0x71e8e3d29be0 (Used 1 MB), Loaded Geometries, ProbeArray 100000, Loaded 23, Type Point
[LIBGPUSPATIAL] [ 54594][17:30:01:969940][info  ] RTSpatialRefiner 0x71e8e3d29be0 (Used 1 MB), Evaluating 31 Geometry Pairs with Predicate Contains
[LIBGPUSPATIAL] [ 54590][17:30:01:969946][info  ] RTSpatialIndex 0x71e8e000ac10 (Used 1 MB), Probe Points, Size: 100000, Results: 12
[LIBGPUSPATIAL] [ 54590][17:30:01:970543][info  ] RTSpatialRefiner 0x71e8e3d29be0 (Used 0 MB), Loaded Geometries, ProbeArray 100000, Loaded 10, Type Point
[LIBGPUSPATIAL] [ 54590][17:30:01:970579][info  ] RTSpatialRefiner 0x71e8e3d29be0 (Used 0 MB), Evaluating 12 Geometry Pairs with Predicate Contains
[LIBGPUSPATIAL] [ 54592][17:30:01:973682][info  ] RTSpatialIndex 0x71e8e000ac10 (Used 1 MB), Allocate result buffer, memory consumption 0 MB, capacity 20
[LIBGPUSPATIAL] [ 54592][17:30:01:973824][info  ] RTSpatialIndex 0x71e8e000ac10 (Used 1 MB), Probe Points, Size: 100000, Results: 20
[LIBGPUSPATIAL] [ 54592][17:30:01:974307][info  ] RTSpatialRefiner 0x71e8e3d29be0 (Used 1 MB), Loaded Geometries, ProbeArray 100000, Loaded 15, Type Point
[LIBGPUSPATIAL] [ 54593][17:30:01:974361][info  ] RTSpatialIndex 0x71e8e000ac10 (Used 1 MB), Allocate result buffer, memory consumption 0 MB, capacity 19
[LIBGPUSPATIAL] [ 54592][17:30:01:974367][info  ] RTSpatialRefiner 0x71e8e3d29be0 (Used 1 MB), Evaluating 20 Geometry Pairs with Predicate Contains
[LIBGPUSPATIAL] [ 54593][17:30:01:974685][info  ] RTSpatialIndex 0x71e8e000ac10 (Used 1 MB), Probe Points, Size: 100000, Results: 19
[LIBGPUSPATIAL] [ 54593][17:30:01:975282][info  ] RTSpatialRefiner 0x71e8e3d29be0 (Used 0 MB), Loaded Geometries, ProbeArray 100000, Loaded 13, Type Point
[LIBGPUSPATIAL] [ 54593][17:30:01:975327][info  ] RTSpatialRefiner 0x71e8e3d29be0 (Used 0 MB), Evaluating 19 Geometry Pairs with Predicate Contains
[LIBGPUSPATIAL] [ 54596][17:30:01:979995][info  ] RTSpatialIndex 0x71e8e000ac10 (Used 1 MB), Allocate result buffer, memory consumption 0 MB, capacity 30
[LIBGPUSPATIAL] [ 54596][17:30:01:980169][info  ] RTSpatialIndex 0x71e8e000ac10 (Used 1 MB), Probe Points, Size: 100000, Results: 30
[LIBGPUSPATIAL] [ 54596][17:30:01:981159][info  ] RTSpatialRefiner 0x71e8e3d29be0 (Used 1 MB), Loaded Geometries, ProbeArray 100000, Loaded 21, Type Point
[LIBGPUSPATIAL] [ 54596][17:30:01:981207][info  ] RTSpatialRefiner 0x71e8e3d29be0 (Used 1 MB), Evaluating 30 Geometry Pairs with Predicate Contains
[LIBGPUSPATIAL] [ 54589][17:30:01:981526][info  ] RTSpatialIndex 0x71e8e000ac10 (Used 1 MB), Allocate result buffer, memory consumption 0 MB, capacity 20
[LIBGPUSPATIAL] [ 54589][17:30:01:981715][info  ] RTSpatialIndex 0x71e8e000ac10 (Used 1 MB), Probe Points, Size: 100000, Results: 20
[LIBGPUSPATIAL] [ 54589][17:30:01:982187][info  ] RTSpatialRefiner 0x71e8e3d29be0 (Used 0 MB), Loaded Geometries, ProbeArray 100000, Loaded 18, Type Point
[LIBGPUSPATIAL] [ 54589][17:30:01:982233][info  ] RTSpatialRefiner 0x71e8e3d29be0 (Used 0 MB), Evaluating 20 Geometry Pairs with Predicate Contains
[LIBGPUSPATIAL] [ 54590][17:30:01:983677][info  ] RTSpatialIndex 0x71e8e000ac10 (Used 1 MB), Allocate result buffer, memory consumption 0 MB, capacity 22
[LIBGPUSPATIAL] [ 54590][17:30:01:983808][info  ] RTSpatialIndex 0x71e8e000ac10 (Used 1 MB), Probe Points, Size: 100000, Results: 22
[LIBGPUSPATIAL] [ 54590][17:30:01:984192][info  ] RTSpatialRefiner 0x71e8e3d29be0 (Used 0 MB), Loaded Geometries, ProbeArray 100000, Loaded 19, Type Point
[LIBGPUSPATIAL] [ 54590][17:30:01:984234][info  ] RTSpatialRefiner 0x71e8e3d29be0 (Used 0 MB), Evaluating 22 Geometry Pairs with Predicate Contains
[LIBGPUSPATIAL] [ 54594][17:30:01:986270][info  ] RTSpatialIndex 0x71e8e000ac10 (Used 1 MB), Allocate result buffer, memory consumption 0 MB, capacity 28
[LIBGPUSPATIAL] [ 54594][17:30:01:986393][info  ] RTSpatialIndex 0x71e8e000ac10 (Used 1 MB), Probe Points, Size: 100000, Results: 28
[LIBGPUSPATIAL] [ 54594][17:30:01:988333][info  ] RTSpatialRefiner 0x71e8e3d29be0 (Used 0 MB), Loaded Geometries, ProbeArray 100000, Loaded 21, Type Point
[LIBGPUSPATIAL] [ 54594][17:30:01:988379][info  ] RTSpatialRefiner 0x71e8e3d29be0 (Used 0 MB), Evaluating 28 Geometry Pairs with Predicate Contains
[LIBGPUSPATIAL] [ 54592][17:30:01:990165][info  ] RTSpatialIndex 0x71e8e000ac10 (Used 1 MB), Allocate result buffer, memory consumption 0 MB, capacity 24
[LIBGPUSPATIAL] [ 54592][17:30:01:990303][info  ] RTSpatialIndex 0x71e8e000ac10 (Used 1 MB), Probe Points, Size: 100000, Results: 24
[LIBGPUSPATIAL] [ 54592][17:30:01:990818][info  ] RTSpatialRefiner 0x71e8e3d29be0 (Used 1 MB), Loaded Geometries, ProbeArray 100000, Loaded 20, Type Point
[LIBGPUSPATIAL] [ 54592][17:30:01:990868][info  ] RTSpatialRefiner 0x71e8e3d29be0 (Used 1 MB), Evaluating 24 Geometry Pairs with Predicate Contains
[LIBGPUSPATIAL] [ 54593][17:30:01:990933][info  ] RTSpatialIndex 0x71e8e000ac10 (Used 1 MB), Allocate result buffer, memory consumption 0 MB, capacity 16
[LIBGPUSPATIAL] [ 54593][17:30:01:991580][info  ] RTSpatialIndex 0x71e8e000ac10 (Used 1 MB), Probe Points, Size: 100000, Results: 16
[LIBGPUSPATIAL] [ 54593][17:30:01:991964][info  ] RTSpatialRefiner 0x71e8e3d29be0 (Used 0 MB), Loaded Geometries, ProbeArray 100000, Loaded 14, Type Point
[LIBGPUSPATIAL] [ 54593][17:30:01:992007][info  ] RTSpatialRefiner 0x71e8e3d29be0 (Used 0 MB), Evaluating 16 Geometry Pairs with Predicate Contains
[LIBGPUSPATIAL] [ 54592][17:30:01:996602][info  ] RTSpatialIndex 0x71e8e000ac10 (Used 1 MB), Allocate result buffer, memory consumption 0 MB, capacity 14
[LIBGPUSPATIAL] [ 54590][17:30:01:996652][info  ] RTSpatialIndex 0x71e8e000ac10 (Used 1 MB), Allocate result buffer, memory consumption 0 MB, capacity 17
[LIBGPUSPATIAL] [ 54592][17:30:01:996780][info  ] RTSpatialIndex 0x71e8e000ac10 (Used 1 MB), Probe Points, Size: 33333, Results: 14
[LIBGPUSPATIAL] [ 54590][17:30:01:996890][info  ] RTSpatialIndex 0x71e8e000ac10 (Used 1 MB), Probe Points, Size: 100000, Results: 17
[LIBGPUSPATIAL] [ 54590][17:30:01:997344][info  ] RTSpatialRefiner 0x71e8e3d29be0 (Used 1 MB), Loaded Geometries, ProbeArray 100000, Loaded 14, Type Point
[LIBGPUSPATIAL] [ 54592][17:30:01:997372][info  ] RTSpatialRefiner 0x71e8e3d29be0 (Used 1 MB), Loaded Geometries, ProbeArray 33333, Loaded 10, Type Point
[LIBGPUSPATIAL] [ 54590][17:30:01:997386][info  ] RTSpatialRefiner 0x71e8e3d29be0 (Used 1 MB), Evaluating 17 Geometry Pairs with Predicate Contains
[LIBGPUSPATIAL] [ 54592][17:30:01:997411][info  ] RTSpatialRefiner 0x71e8e3d29be0 (Used 1 MB), Evaluating 14 Geometry Pairs with Predicate Contains
[LIBGPUSPATIAL] [ 54596][17:30:01:997723][info  ] RTSpatialIndex 0x71e8e000ac10 (Used 1 MB), Allocate result buffer, memory consumption 0 MB, capacity 20
[LIBGPUSPATIAL] [ 54596][17:30:01:998082][info  ] RTSpatialIndex 0x71e8e000ac10 (Used 2 MB), Probe Points, Size: 100000, Results: 20
[LIBGPUSPATIAL] [ 54596][17:30:01:998793][info  ] RTSpatialRefiner 0x71e8e3d29be0 (Used 1 MB), Loaded Geometries, ProbeArray 100000, Loaded 15, Type Point
[LIBGPUSPATIAL] [ 54596][17:30:01:998838][info  ] RTSpatialRefiner 0x71e8e3d29be0 (Used 1 MB), Evaluating 20 Geometry Pairs with Predicate Contains
[LIBGPUSPATIAL] [ 54589][17:30:01:998845][info  ] RTSpatialIndex 0x71e8e000ac10 (Used 1 MB), Allocate result buffer, memory consumption 0 MB, capacity 23
[LIBGPUSPATIAL] [ 54589][17:30:01:999189][info  ] RTSpatialIndex 0x71e8e000ac10 (Used 1 MB), Probe Points, Size: 100000, Results: 23
[LIBGPUSPATIAL] [ 54589][17:30:01:999694][info  ] RTSpatialRefiner 0x71e8e3d29be0 (Used 0 MB), Loaded Geometries, ProbeArray 100000, Loaded 16, Type Point
[LIBGPUSPATIAL] [ 54589][17:30:01:999744][info  ] RTSpatialRefiner 0x71e8e3d29be0 (Used 0 MB), Evaluating 23 Geometry Pairs with Predicate Contains
[LIBGPUSPATIAL] [ 54594][17:30:02:004824][info  ] RTSpatialIndex 0x71e8e000ac10 (Used 1 MB), Allocate result buffer, memory consumption 0 MB, capacity 25
[LIBGPUSPATIAL] [ 54594][17:30:02:004957][info  ] RTSpatialIndex 0x71e8e000ac10 (Used 1 MB), Probe Points, Size: 100000, Results: 25
[LIBGPUSPATIAL] [ 54594][17:30:02:005360][info  ] RTSpatialRefiner 0x71e8e3d29be0 (Used 0 MB), Loaded Geometries, ProbeArray 100000, Loaded 19, Type Point
[LIBGPUSPATIAL] [ 54594][17:30:02:005402][info  ] RTSpatialRefiner 0x71e8e3d29be0 (Used 0 MB), Evaluating 25 Geometry Pairs with Predicate Contains
[LIBGPUSPATIAL] [ 54593][17:30:02:008134][info  ] RTSpatialIndex 0x71e8e000ac10 (Used 1 MB), Allocate result buffer, memory consumption 0 MB, capacity 31
[LIBGPUSPATIAL] [ 54593][17:30:02:008276][info  ] RTSpatialIndex 0x71e8e000ac10 (Used 1 MB), Probe Points, Size: 100000, Results: 31
[LIBGPUSPATIAL] [ 54593][17:30:02:008645][info  ] RTSpatialRefiner 0x71e8e3d29be0 (Used 0 MB), Loaded Geometries, ProbeArray 100000, Loaded 23, Type Point
[LIBGPUSPATIAL] [ 54593][17:30:02:008692][info  ] RTSpatialRefiner 0x71e8e3d29be0 (Used 0 MB), Evaluating 31 Geometry Pairs with Predicate Contains
[LIBGPUSPATIAL] [ 54590][17:30:02:010803][info  ] RTSpatialIndex 0x71e8e000ac10 (Used 1 MB), Allocate result buffer, memory consumption 0 MB, capacity 21
[LIBGPUSPATIAL] [ 54590][17:30:02:010935][info  ] RTSpatialIndex 0x71e8e000ac10 (Used 1 MB), Probe Points, Size: 100000, Results: 21
[LIBGPUSPATIAL] [ 54590][17:30:02:011267][info  ] RTSpatialRefiner 0x71e8e3d29be0 (Used 0 MB), Loaded Geometries, ProbeArray 100000, Loaded 17, Type Point
[LIBGPUSPATIAL] [ 54590][17:30:02:011310][info  ] RTSpatialRefiner 0x71e8e3d29be0 (Used 0 MB), Evaluating 21 Geometry Pairs with Predicate Contains
[LIBGPUSPATIAL] [ 54596][17:30:02:015243][info  ] RTSpatialIndex 0x71e8e000ac10 (Used 2 MB), Allocate result buffer, memory consumption 0 MB, capacity 19
[LIBGPUSPATIAL] [ 54596][17:30:02:015641][info  ] RTSpatialIndex 0x71e8e000ac10 (Used 1 MB), Probe Points, Size: 100000, Results: 19
[LIBGPUSPATIAL] [ 54589][17:30:02:015700][info  ] RTSpatialIndex 0x71e8e000ac10 (Used 1 MB), Allocate result buffer, memory consumption 0 MB, capacity 19
[LIBGPUSPATIAL] [ 54589][17:30:02:016019][info  ] RTSpatialIndex 0x71e8e000ac10 (Used 1 MB), Probe Points, Size: 100000, Results: 19
[LIBGPUSPATIAL] [ 54596][17:30:02:016319][info  ] RTSpatialRefiner 0x71e8e3d29be0 (Used 0 MB), Loaded Geometries, ProbeArray 100000, Loaded 15, Type Point
[LIBGPUSPATIAL] [ 54596][17:30:02:016364][info  ] RTSpatialRefiner 0x71e8e3d29be0 (Used 0 MB), Evaluating 19 Geometry Pairs with Predicate Contains
[LIBGPUSPATIAL] [ 54589][17:30:02:016384][info  ] RTSpatialRefiner 0x71e8e3d29be0 (Used 0 MB), Loaded Geometries, ProbeArray 100000, Loaded 13, Type Point
[LIBGPUSPATIAL] [ 54589][17:30:02:016424][info  ] RTSpatialRefiner 0x71e8e3d29be0 (Used 0 MB), Evaluating 19 Geometry Pairs with Predicate Contains
[LIBGPUSPATIAL] [ 54594][17:30:02:021177][info  ] RTSpatialIndex 0x71e8e000ac10 (Used 1 MB), Allocate result buffer, memory consumption 0 MB, capacity 22
[LIBGPUSPATIAL] [ 54594][17:30:02:021308][info  ] RTSpatialIndex 0x71e8e000ac10 (Used 1 MB), Probe Points, Size: 100000, Results: 22
[LIBGPUSPATIAL] [ 54594][17:30:02:021649][info  ] RTSpatialRefiner 0x71e8e3d29be0 (Used 0 MB), Loaded Geometries, ProbeArray 100000, Loaded 15, Type Point
[LIBGPUSPATIAL] [ 54594][17:30:02:021690][info  ] RTSpatialRefiner 0x71e8e3d29be0 (Used 0 MB), Evaluating 22 Geometry Pairs with Predicate Contains
[LIBGPUSPATIAL] [ 54590][17:30:02:023436][info  ] RTSpatialIndex 0x71e8e000ac10 (Used 1 MB), Allocate result buffer, memory consumption 0 MB, capacity 15
[LIBGPUSPATIAL] [ 54590][17:30:02:023565][info  ] RTSpatialIndex 0x71e8e000ac10 (Used 1 MB), Probe Points, Size: 100000, Results: 15
[LIBGPUSPATIAL] [ 54590][17:30:02:023908][info  ] RTSpatialRefiner 0x71e8e3d29be0 (Used 0 MB), Loaded Geometries, ProbeArray 100000, Loaded 13, Type Point
[LIBGPUSPATIAL] [ 54590][17:30:02:023950][info  ] RTSpatialRefiner 0x71e8e3d29be0 (Used 0 MB), Evaluating 15 Geometry Pairs with Predicate Contains
[LIBGPUSPATIAL] [ 54593][17:30:02:024632][info  ] RTSpatialIndex 0x71e8e000ac10 (Used 1 MB), Allocate result buffer, memory consumption 0 MB, capacity 34
[LIBGPUSPATIAL] [ 54593][17:30:02:024761][info  ] RTSpatialIndex 0x71e8e000ac10 (Used 1 MB), Probe Points, Size: 100000, Results: 34
[LIBGPUSPATIAL] [ 54593][17:30:02:025094][info  ] RTSpatialRefiner 0x71e8e3d29be0 (Used 0 MB), Loaded Geometries, ProbeArray 100000, Loaded 25, Type Point
[LIBGPUSPATIAL] [ 54593][17:30:02:025136][info  ] RTSpatialRefiner 0x71e8e3d29be0 (Used 0 MB), Evaluating 34 Geometry Pairs with Predicate Contains
[LIBGPUSPATIAL] [ 54589][17:30:02:032784][info  ] RTSpatialIndex 0x71e8e000ac10 (Used 1 MB), Allocate result buffer, memory consumption 0 MB, capacity 22
[LIBGPUSPATIAL] [ 54596][17:30:02:032784][info  ] RTSpatialIndex 0x71e8e000ac10 (Used 1 MB), Allocate result buffer, memory consumption 0 MB, capacity 16
[LIBGPUSPATIAL] [ 54589][17:30:02:033021][info  ] RTSpatialIndex 0x71e8e000ac10 (Used 1 MB), Probe Points, Size: 100000, Results: 22
[LIBGPUSPATIAL] [ 54596][17:30:02:033098][info  ] RTSpatialIndex 0x71e8e000ac10 (Used 1 MB), Probe Points, Size: 100000, Results: 16
[LIBGPUSPATIAL] [ 54596][17:30:02:033480][info  ] RTSpatialRefiner 0x71e8e3d29be0 (Used 0 MB), Loaded Geometries, ProbeArray 100000, Loaded 12, Type Point
[LIBGPUSPATIAL] [ 54589][17:30:02:033485][info  ] RTSpatialRefiner 0x71e8e3d29be0 (Used 0 MB), Loaded Geometries, ProbeArray 100000, Loaded 17, Type Point
[LIBGPUSPATIAL] [ 54596][17:30:02:033531][info  ] RTSpatialRefiner 0x71e8e3d29be0 (Used 0 MB), Evaluating 16 Geometry Pairs with Predicate Contains
[LIBGPUSPATIAL] [ 54589][17:30:02:033537][info  ] RTSpatialRefiner 0x71e8e3d29be0 (Used 0 MB), Evaluating 22 Geometry Pairs with Predicate Contains
[LIBGPUSPATIAL] [ 54590][17:30:02:035839][info  ] RTSpatialIndex 0x71e8e000ac10 (Used 1 MB), Allocate result buffer, memory consumption 0 MB, capacity 18
[LIBGPUSPATIAL] [ 54590][17:30:02:035968][info  ] RTSpatialIndex 0x71e8e000ac10 (Used 1 MB), Probe Points, Size: 100000, Results: 18
[LIBGPUSPATIAL] [ 54590][17:30:02:036350][info  ] RTSpatialRefiner 0x71e8e3d29be0 (Used 0 MB), Loaded Geometries, ProbeArray 100000, Loaded 13, Type Point
[LIBGPUSPATIAL] [ 54590][17:30:02:036398][info  ] RTSpatialRefiner 0x71e8e3d29be0 (Used 0 MB), Evaluating 18 Geometry Pairs with Predicate Contains
[LIBGPUSPATIAL] [ 54594][17:30:02:037845][info  ] RTSpatialIndex 0x71e8e000ac10 (Used 1 MB), Allocate result buffer, memory consumption 0 MB, capacity 33
[LIBGPUSPATIAL] [ 54594][17:30:02:037961][info  ] RTSpatialIndex 0x71e8e000ac10 (Used 1 MB), Probe Points, Size: 100000, Results: 33
[LIBGPUSPATIAL] [ 54594][17:30:02:038351][info  ] RTSpatialRefiner 0x71e8e3d29be0 (Used 0 MB), Loaded Geometries, ProbeArray 100000, Loaded 22, Type Point
[LIBGPUSPATIAL] [ 54594][17:30:02:038394][info  ] RTSpatialRefiner 0x71e8e3d29be0 (Used 0 MB), Evaluating 33 Geometry Pairs with Predicate Contains
[LIBGPUSPATIAL] [ 54593][17:30:02:041132][info  ] RTSpatialIndex 0x71e8e000ac10 (Used 1 MB), Allocate result buffer, memory consumption 0 MB, capacity 32
[LIBGPUSPATIAL] [ 54593][17:30:02:041260][info  ] RTSpatialIndex 0x71e8e000ac10 (Used 1 MB), Probe Points, Size: 100000, Results: 32
[LIBGPUSPATIAL] [ 54593][17:30:02:041749][info  ] RTSpatialRefiner 0x71e8e3d29be0 (Used 0 MB), Loaded Geometries, ProbeArray 100000, Loaded 23, Type Point
[LIBGPUSPATIAL] [ 54593][17:30:02:041792][info  ] RTSpatialRefiner 0x71e8e3d29be0 (Used 0 MB), Evaluating 32 Geometry Pairs with Predicate Contains
[LIBGPUSPATIAL] [ 54590][17:30:02:048669][info  ] RTSpatialIndex 0x71e8e000ac10 (Used 1 MB), Allocate result buffer, memory consumption 0 MB, capacity 15
[LIBGPUSPATIAL] [ 54590][17:30:02:048814][info  ] RTSpatialIndex 0x71e8e000ac10 (Used 1 MB), Probe Points, Size: 100000, Results: 15
[LIBGPUSPATIAL] [ 54590][17:30:02:049342][info  ] RTSpatialRefiner 0x71e8e3d29be0 (Used 2 MB), Loaded Geometries, ProbeArray 100000, Loaded 12, Type Point
[LIBGPUSPATIAL] [ 54590][17:30:02:049413][info  ] RTSpatialRefiner 0x71e8e3d29be0 (Used 2 MB), Evaluating 15 Geometry Pairs with Predicate Contains
[LIBGPUSPATIAL] [ 54596][17:30:02:049593][info  ] RTSpatialIndex 0x71e8e000ac10 (Used 1 MB), Allocate result buffer, memory consumption 0 MB, capacity 28
[LIBGPUSPATIAL] [ 54589][17:30:02:049833][info  ] RTSpatialIndex 0x71e8e000ac10 (Used 1 MB), Allocate result buffer, memory consumption 0 MB, capacity 19
[LIBGPUSPATIAL] [ 54596][17:30:02:050113][info  ] RTSpatialIndex 0x71e8e000ac10 (Used 1 MB), Probe Points, Size: 100000, Results: 28
[LIBGPUSPATIAL] [ 54589][17:30:02:050317][info  ] RTSpatialIndex 0x71e8e000ac10 (Used 1 MB), Probe Points, Size: 100000, Results: 19
[LIBGPUSPATIAL] [ 54596][17:30:02:051002][info  ] RTSpatialRefiner 0x71e8e3d29be0 (Used 0 MB), Loaded Geometries, ProbeArray 100000, Loaded 22, Type Point
[LIBGPUSPATIAL] [ 54596][17:30:02:051111][info  ] RTSpatialRefiner 0x71e8e3d29be0 (Used 0 MB), Evaluating 28 Geometry Pairs with Predicate Contains
[LIBGPUSPATIAL] [ 54589][17:30:02:051271][info  ] RTSpatialRefiner 0x71e8e3d29be0 (Used 0 MB), Loaded Geometries, ProbeArray 100000, Loaded 15, Type Point
[LIBGPUSPATIAL] [ 54589][17:30:02:051320][info  ] RTSpatialRefiner 0x71e8e3d29be0 (Used 0 MB), Evaluating 19 Geometry Pairs with Predicate Contains
[LIBGPUSPATIAL] [ 54594][17:30:02:054137][info  ] RTSpatialIndex 0x71e8e000ac10 (Used 1 MB), Allocate result buffer, memory consumption 0 MB, capacity 23
[LIBGPUSPATIAL] [ 54594][17:30:02:054264][info  ] RTSpatialIndex 0x71e8e000ac10 (Used 1 MB), Probe Points, Size: 100000, Results: 23
[LIBGPUSPATIAL] [ 54594][17:30:02:054718][info  ] RTSpatialRefiner 0x71e8e3d29be0 (Used 0 MB), Loaded Geometries, ProbeArray 100000, Loaded 17, Type Point
[LIBGPUSPATIAL] [ 54594][17:30:02:054759][info  ] RTSpatialRefiner 0x71e8e3d29be0 (Used 0 MB), Evaluating 23 Geometry Pairs with Predicate Contains
[LIBGPUSPATIAL] [ 54593][17:30:02:057533][info  ] RTSpatialIndex 0x71e8e000ac10 (Used 1 MB), Allocate result buffer, memory consumption 0 MB, capacity 17
[LIBGPUSPATIAL] [ 54593][17:30:02:057668][info  ] RTSpatialIndex 0x71e8e000ac10 (Used 1 MB), Probe Points, Size: 100000, Results: 17
[LIBGPUSPATIAL] [ 54593][17:30:02:058027][info  ] RTSpatialRefiner 0x71e8e3d29be0 (Used 0 MB), Loaded Geometries, ProbeArray 100000, Loaded 13, Type Point
[LIBGPUSPATIAL] [ 54593][17:30:02:058096][info  ] RTSpatialRefiner 0x71e8e3d29be0 (Used 0 MB), Evaluating 17 Geometry Pairs with Predicate Contains
[LIBGPUSPATIAL] [ 54589][17:30:02:063885][info  ] RTSpatialIndex 0x71e8e000ac10 (Used 1 MB), Allocate result buffer, memory consumption 0 MB, capacity 25
[LIBGPUSPATIAL] [ 54589][17:30:02:064015][info  ] RTSpatialIndex 0x71e8e000ac10 (Used 1 MB), Probe Points, Size: 100000, Results: 25
[LIBGPUSPATIAL] [ 54589][17:30:02:064439][info  ] RTSpatialRefiner 0x71e8e3d29be0 (Used 0 MB), Loaded Geometries, ProbeArray 100000, Loaded 20, Type Point
[LIBGPUSPATIAL] [ 54589][17:30:02:064485][info  ] RTSpatialRefiner 0x71e8e3d29be0 (Used 0 MB), Evaluating 25 Geometry Pairs with Predicate Contains
[LIBGPUSPATIAL] [ 54590][17:30:02:066490][info  ] RTSpatialIndex 0x71e8e000ac10 (Used 1 MB), Allocate result buffer, memory consumption 0 MB, capacity 26
[LIBGPUSPATIAL] [ 54590][17:30:02:066636][info  ] RTSpatialIndex 0x71e8e000ac10 (Used 1 MB), Probe Points, Size: 100000, Results: 26
[LIBGPUSPATIAL] [ 54590][17:30:02:067257][info  ] RTSpatialRefiner 0x71e8e3d29be0 (Used 2 MB), Loaded Geometries, ProbeArray 100000, Loaded 19, Type Point
[LIBGPUSPATIAL] [ 54590][17:30:02:067354][info  ] RTSpatialRefiner 0x71e8e3d29be0 (Used 2 MB), Evaluating 26 Geometry Pairs with Predicate Contains
[LIBGPUSPATIAL] [ 54594][17:30:02:067543][info  ] RTSpatialIndex 0x71e8e000ac10 (Used 1 MB), Allocate result buffer, memory consumption 0 MB, capacity 27
[LIBGPUSPATIAL] [ 54596][17:30:02:067809][info  ] RTSpatialIndex 0x71e8e000ac10 (Used 1 MB), Allocate result buffer, memory consumption 0 MB, capacity 21
[LIBGPUSPATIAL] [ 54594][17:30:02:067875][info  ] RTSpatialIndex 0x71e8e000ac10 (Used 1 MB), Probe Points, Size: 100000, Results: 27
[LIBGPUSPATIAL] [ 54596][17:30:02:068185][info  ] RTSpatialIndex 0x71e8e000ac10 (Used 1 MB), Probe Points, Size: 100000, Results: 21
[LIBGPUSPATIAL] [ 54594][17:30:02:068502][info  ] RTSpatialRefiner 0x71e8e3d29be0 (Used 0 MB), Loaded Geometries, ProbeArray 100000, Loaded 20, Type Point
[LIBGPUSPATIAL] [ 54594][17:30:02:068551][info  ] RTSpatialRefiner 0x71e8e3d29be0 (Used 0 MB), Evaluating 27 Geometry Pairs with Predicate Contains
[LIBGPUSPATIAL] [ 54596][17:30:02:069013][info  ] RTSpatialRefiner 0x71e8e3d29be0 (Used 0 MB), Loaded Geometries, ProbeArray 100000, Loaded 16, Type Point
[LIBGPUSPATIAL] [ 54596][17:30:02:069074][info  ] RTSpatialRefiner 0x71e8e3d29be0 (Used 0 MB), Evaluating 21 Geometry Pairs with Predicate Contains
[LIBGPUSPATIAL] [ 54593][17:30:02:070763][info  ] RTSpatialIndex 0x71e8e000ac10 (Used 1 MB), Allocate result buffer, memory consumption 0 MB, capacity 21
[LIBGPUSPATIAL] [ 54593][17:30:02:070894][info  ] RTSpatialIndex 0x71e8e000ac10 (Used 1 MB), Probe Points, Size: 100000, Results: 21
[LIBGPUSPATIAL] [ 54593][17:30:02:071298][info  ] RTSpatialRefiner 0x71e8e3d29be0 (Used 0 MB), Loaded Geometries, ProbeArray 100000, Loaded 17, Type Point
[LIBGPUSPATIAL] [ 54593][17:30:02:071340][info  ] RTSpatialRefiner 0x71e8e3d29be0 (Used 0 MB), Evaluating 21 Geometry Pairs with Predicate Contains
[LIBGPUSPATIAL] [ 54589][17:30:02:077086][info  ] RTSpatialIndex 0x71e8e000ac10 (Used 1 MB), Allocate result buffer, memory consumption 0 MB, capacity 29
[LIBGPUSPATIAL] [ 54589][17:30:02:077223][info  ] RTSpatialIndex 0x71e8e000ac10 (Used 1 MB), Probe Points, Size: 100000, Results: 29
[LIBGPUSPATIAL] [ 54589][17:30:02:077623][info  ] RTSpatialRefiner 0x71e8e3d29be0 (Used 0 MB), Loaded Geometries, ProbeArray 100000, Loaded 21, Type Point
[LIBGPUSPATIAL] [ 54589][17:30:02:077672][info  ] RTSpatialRefiner 0x71e8e3d29be0 (Used 0 MB), Evaluating 29 Geometry Pairs with Predicate Contains
[LIBGPUSPATIAL] [ 54590][17:30:02:079869][info  ] RTSpatialIndex 0x71e8e000ac10 (Used 1 MB), Allocate result buffer, memory consumption 0 MB, capacity 12
[LIBGPUSPATIAL] [ 54590][17:30:02:079989][info  ] RTSpatialIndex 0x71e8e000ac10 (Used 1 MB), Probe Points, Size: 100000, Results: 12
[LIBGPUSPATIAL] [ 54590][17:30:02:080375][info  ] RTSpatialRefiner 0x71e8e3d29be0 (Used 0 MB), Loaded Geometries, ProbeArray 100000, Loaded 10, Type Point
[LIBGPUSPATIAL] [ 54590][17:30:02:080412][info  ] RTSpatialRefiner 0x71e8e3d29be0 (Used 0 MB), Evaluating 12 Geometry Pairs with Predicate Contains
[LIBGPUSPATIAL] [ 54594][17:30:02:080884][info  ] RTSpatialIndex 0x71e8e000ac10 (Used 1 MB), Allocate result buffer, memory consumption 0 MB, capacity 18
[LIBGPUSPATIAL] [ 54594][17:30:02:081137][info  ] RTSpatialIndex 0x71e8e000ac10 (Used 1 MB), Probe Points, Size: 100000, Results: 18
[LIBGPUSPATIAL] [ 54594][17:30:02:081594][info  ] RTSpatialRefiner 0x71e8e3d29be0 (Used 0 MB), Loaded Geometries, ProbeArray 100000, Loaded 14, Type Point
[LIBGPUSPATIAL] [ 54594][17:30:02:081640][info  ] RTSpatialRefiner 0x71e8e3d29be0 (Used 0 MB), Evaluating 18 Geometry Pairs with Predicate Contains
[LIBGPUSPATIAL] [ 54596][17:30:02:084872][info  ] RTSpatialIndex 0x71e8e000ac10 (Used 1 MB), Allocate result buffer, memory consumption 0 MB, capacity 22
[LIBGPUSPATIAL] [ 54596][17:30:02:085000][info  ] RTSpatialIndex 0x71e8e000ac10 (Used 1 MB), Probe Points, Size: 100000, Results: 22
[LIBGPUSPATIAL] [ 54596][17:30:02:085388][info  ] RTSpatialRefiner 0x71e8e3d29be0 (Used 0 MB), Loaded Geometries, ProbeArray 100000, Loaded 15, Type Point
[LIBGPUSPATIAL] [ 54596][17:30:02:085429][info  ] RTSpatialRefiner 0x71e8e3d29be0 (Used 0 MB), Evaluating 22 Geometry Pairs with Predicate Contains
[LIBGPUSPATIAL] [ 54593][17:30:02:086860][info  ] RTSpatialIndex 0x71e8e000ac10 (Used 1 MB), Allocate result buffer, memory consumption 0 MB, capacity 26
[LIBGPUSPATIAL] [ 54593][17:30:02:086984][info  ] RTSpatialIndex 0x71e8e000ac10 (Used 1 MB), Probe Points, Size: 100000, Results: 26
[LIBGPUSPATIAL] [ 54593][17:30:02:087426][info  ] RTSpatialRefiner 0x71e8e3d29be0 (Used 0 MB), Loaded Geometries, ProbeArray 100000, Loaded 22, Type Point
[LIBGPUSPATIAL] [ 54593][17:30:02:087467][info  ] RTSpatialRefiner 0x71e8e3d29be0 (Used 0 MB), Evaluating 26 Geometry Pairs with Predicate Contains
[LIBGPUSPATIAL] [ 54589][17:30:02:089775][info  ] RTSpatialIndex 0x71e8e000ac10 (Used 1 MB), Allocate result buffer, memory consumption 0 MB, capacity 28
[LIBGPUSPATIAL] [ 54589][17:30:02:089897][info  ] RTSpatialIndex 0x71e8e000ac10 (Used 1 MB), Probe Points, Size: 100000, Results: 28
[LIBGPUSPATIAL] [ 54589][17:30:02:090308][info  ] RTSpatialRefiner 0x71e8e3d29be0 (Used 0 MB), Loaded Geometries, ProbeArray 100000, Loaded 19, Type Point
[LIBGPUSPATIAL] [ 54589][17:30:02:090357][info  ] RTSpatialRefiner 0x71e8e3d29be0 (Used 0 MB), Evaluating 28 Geometry Pairs with Predicate Contains
[LIBGPUSPATIAL] [ 54590][17:30:02:096987][info  ] RTSpatialIndex 0x71e8e000ac10 (Used 1 MB), Allocate result buffer, memory consumption 0 MB, capacity 24
[LIBGPUSPATIAL] [ 54590][17:30:02:097430][info  ] RTSpatialIndex 0x71e8e000ac10 (Used 1 MB), Probe Points, Size: 100000, Results: 24
[LIBGPUSPATIAL] [ 54594][17:30:02:097486][info  ] RTSpatialIndex 0x71e8e000ac10 (Used 1 MB), Allocate result buffer, memory consumption 0 MB, capacity 17
[LIBGPUSPATIAL] [ 54594][17:30:02:097699][info  ] RTSpatialIndex 0x71e8e000ac10 (Used 1 MB), Probe Points, Size: 100000, Results: 17
[LIBGPUSPATIAL] [ 54590][17:30:02:097915][info  ] RTSpatialRefiner 0x71e8e3d29be0 (Used 0 MB), Loaded Geometries, ProbeArray 100000, Loaded 16, Type Point
[LIBGPUSPATIAL] [ 54590][17:30:02:097954][info  ] RTSpatialRefiner 0x71e8e3d29be0 (Used 0 MB), Evaluating 24 Geometry Pairs with Predicate Contains
[LIBGPUSPATIAL] [ 54594][17:30:02:098495][info  ] RTSpatialRefiner 0x71e8e3d29be0 (Used 0 MB), Loaded Geometries, ProbeArray 100000, Loaded 12, Type Point
[LIBGPUSPATIAL] [ 54594][17:30:02:098542][info  ] RTSpatialRefiner 0x71e8e3d29be0 (Used 0 MB), Evaluating 17 Geometry Pairs with Predicate Contains
[LIBGPUSPATIAL] [ 54596][17:30:02:101728][info  ] RTSpatialIndex 0x71e8e000ac10 (Used 1 MB), Allocate result buffer, memory consumption 0 MB, capacity 33
[LIBGPUSPATIAL] [ 54596][17:30:02:101878][info  ] RTSpatialIndex 0x71e8e000ac10 (Used 1 MB), Probe Points, Size: 100000, Results: 33
[LIBGPUSPATIAL] [ 54589][17:30:02:102513][info  ] RTSpatialIndex 0x71e8e000ac10 (Used 1 MB), Allocate result buffer, memory consumption 0 MB, capacity 31
[LIBGPUSPATIAL] [ 54596][17:30:02:102546][info  ] RTSpatialRefiner 0x71e8e3d29be0 (Used 1 MB), Loaded Geometries, ProbeArray 100000, Loaded 21, Type Point
[LIBGPUSPATIAL] [ 54596][17:30:02:102589][info  ] RTSpatialRefiner 0x71e8e3d29be0 (Used 1 MB), Evaluating 33 Geometry Pairs with Predicate Contains
[LIBGPUSPATIAL] [ 54589][17:30:02:102652][info  ] RTSpatialIndex 0x71e8e000ac10 (Used 1 MB), Probe Points, Size: 100000, Results: 31
[LIBGPUSPATIAL] [ 54589][17:30:02:103006][info  ] RTSpatialRefiner 0x71e8e3d29be0 (Used 1 MB), Loaded Geometries, ProbeArray 100000, Loaded 24, Type Point
[LIBGPUSPATIAL] [ 54589][17:30:02:103095][info  ] RTSpatialRefiner 0x71e8e3d29be0 (Used 1 MB), Evaluating 31 Geometry Pairs with Predicate Contains
[LIBGPUSPATIAL] [ 54593][17:30:02:103427][info  ] RTSpatialIndex 0x71e8e000ac10 (Used 1 MB), Allocate result buffer, memory consumption 0 MB, capacity 28
[LIBGPUSPATIAL] [ 54593][17:30:02:103797][info  ] RTSpatialIndex 0x71e8e000ac10 (Used 1 MB), Probe Points, Size: 100000, Results: 28
[LIBGPUSPATIAL] [ 54593][17:30:02:104265][info  ] RTSpatialRefiner 0x71e8e3d29be0 (Used 0 MB), Loaded Geometries, ProbeArray 100000, Loaded 19, Type Point
[LIBGPUSPATIAL] [ 54593][17:30:02:104306][info  ] RTSpatialRefiner 0x71e8e3d29be0 (Used 0 MB), Evaluating 28 Geometry Pairs with Predicate Contains
[LIBGPUSPATIAL] [ 54593][17:30:02:110387][info  ] RTSpatialIndex 0x71e8e000ac10 (Used 0 MB), Allocate result buffer, memory consumption 0 MB, capacity 4
[LIBGPUSPATIAL] [ 54593][17:30:02:110512][info  ] RTSpatialIndex 0x71e8e000ac10 (Used 0 MB), Probe Points, Size: 33333, Results: 4
[LIBGPUSPATIAL] [ 54593][17:30:02:110916][info  ] RTSpatialRefiner 0x71e8e3d29be0 (Used 0 MB), Loaded Geometries, ProbeArray 33333, Loaded 4, Type Point
[LIBGPUSPATIAL] [ 54593][17:30:02:110958][info  ] RTSpatialRefiner 0x71e8e3d29be0 (Used 0 MB), Evaluating 4 Geometry Pairs with Predicate Contains
[LIBGPUSPATIAL] [ 54590][17:30:02:114118][info  ] RTSpatialIndex 0x71e8e000ac10 (Used 1 MB), Allocate result buffer, memory consumption 0 MB, capacity 24
[LIBGPUSPATIAL] [ 54590][17:30:02:114601][info  ] RTSpatialIndex 0x71e8e000ac10 (Used 1 MB), Probe Points, Size: 100000, Results: 24
[LIBGPUSPATIAL] [ 54594][17:30:02:114699][info  ] RTSpatialIndex 0x71e8e000ac10 (Used 2 MB), Allocate result buffer, memory consumption 0 MB, capacity 23
[LIBGPUSPATIAL] [ 54590][17:30:02:115191][info  ] RTSpatialRefiner 0x71e8e3d29be0 (Used 1 MB), Loaded Geometries, ProbeArray 100000, Loaded 16, Type Point
[LIBGPUSPATIAL] [ 54594][17:30:02:115195][info  ] RTSpatialIndex 0x71e8e000ac10 (Used 1 MB), Probe Points, Size: 100000, Results: 23
[LIBGPUSPATIAL] [ 54589][17:30:02:115237][info  ] RTSpatialIndex 0x71e8e000ac10 (Used 1 MB), Allocate result buffer, memory consumption 0 MB, capacity 25
[LIBGPUSPATIAL] [ 54590][17:30:02:115245][info  ] RTSpatialRefiner 0x71e8e3d29be0 (Used 1 MB), Evaluating 24 Geometry Pairs with Predicate Contains
[LIBGPUSPATIAL] [ 54589][17:30:02:115557][info  ] RTSpatialIndex 0x71e8e000ac10 (Used 1 MB), Probe Points, Size: 100000, Results: 25
[LIBGPUSPATIAL] [ 54594][17:30:02:115758][info  ] RTSpatialRefiner 0x71e8e3d29be0 (Used 0 MB), Loaded Geometries, ProbeArray 100000, Loaded 15, Type Point
[LIBGPUSPATIAL] [ 54594][17:30:02:115805][info  ] RTSpatialRefiner 0x71e8e3d29be0 (Used 0 MB), Evaluating 23 Geometry Pairs with Predicate Contains
[LIBGPUSPATIAL] [ 54589][17:30:02:116180][info  ] RTSpatialRefiner 0x71e8e3d29be0 (Used 0 MB), Loaded Geometries, ProbeArray 100000, Loaded 15, Type Point
[LIBGPUSPATIAL] [ 54589][17:30:02:116216][info  ] RTSpatialRefiner 0x71e8e3d29be0 (Used 0 MB), Evaluating 25 Geometry Pairs with Predicate Contains
[LIBGPUSPATIAL] [ 54596][17:30:02:117074][info  ] RTSpatialIndex 0x71e8e000ac10 (Used 1 MB), Allocate result buffer, memory consumption 0 MB, capacity 28
[LIBGPUSPATIAL] [ 54596][17:30:02:117199][info  ] RTSpatialIndex 0x71e8e000ac10 (Used 1 MB), Probe Points, Size: 100000, Results: 28
[LIBGPUSPATIAL] [ 54596][17:30:02:117559][info  ] RTSpatialRefiner 0x71e8e3d29be0 (Used 0 MB), Loaded Geometries, ProbeArray 100000, Loaded 21, Type Point
[LIBGPUSPATIAL] [ 54596][17:30:02:117604][info  ] RTSpatialRefiner 0x71e8e3d29be0 (Used 0 MB), Evaluating 28 Geometry Pairs with Predicate Contains
[LIBGPUSPATIAL] [ 54589][17:30:02:128159][info  ] RTSpatialIndex 0x71e8e000ac10 (Used 1 MB), Allocate result buffer, memory consumption 0 MB, capacity 17
[LIBGPUSPATIAL] [ 54589][17:30:02:128291][info  ] RTSpatialIndex 0x71e8e000ac10 (Used 1 MB), Probe Points, Size: 100000, Results: 17
[LIBGPUSPATIAL] [ 54589][17:30:02:128636][info  ] RTSpatialRefiner 0x71e8e3d29be0 (Used 0 MB), Loaded Geometries, ProbeArray 100000, Loaded 15, Type Point
[LIBGPUSPATIAL] [ 54589][17:30:02:128682][info  ] RTSpatialRefiner 0x71e8e3d29be0 (Used 0 MB), Evaluating 17 Geometry Pairs with Predicate Contains
[LIBGPUSPATIAL] [ 54596][17:30:02:129272][info  ] RTSpatialIndex 0x71e8e000ac10 (Used 1 MB), Allocate result buffer, memory consumption 0 MB, capacity 17
[LIBGPUSPATIAL] [ 54596][17:30:02:129515][info  ] RTSpatialIndex 0x71e8e000ac10 (Used 1 MB), Probe Points, Size: 100000, Results: 17
[LIBGPUSPATIAL] [ 54596][17:30:02:129849][info  ] RTSpatialRefiner 0x71e8e3d29be0 (Used 0 MB), Loaded Geometries, ProbeArray 100000, Loaded 14, Type Point
[LIBGPUSPATIAL] [ 54596][17:30:02:129894][info  ] RTSpatialRefiner 0x71e8e3d29be0 (Used 0 MB), Evaluating 17 Geometry Pairs with Predicate Contains
[LIBGPUSPATIAL] [ 54594][17:30:02:131483][info  ] RTSpatialIndex 0x71e8e000ac10 (Used 2 MB), Allocate result buffer, memory consumption 0 MB, capacity 21
[LIBGPUSPATIAL] [ 54594][17:30:02:131856][info  ] RTSpatialIndex 0x71e8e000ac10 (Used 1 MB), Probe Points, Size: 100000, Results: 21
[LIBGPUSPATIAL] [ 54590][17:30:02:131908][info  ] RTSpatialIndex 0x71e8e000ac10 (Used 1 MB), Allocate result buffer, memory consumption 0 MB, capacity 31
[LIBGPUSPATIAL] [ 54590][17:30:02:132222][info  ] RTSpatialIndex 0x71e8e000ac10 (Used 1 MB), Probe Points, Size: 100000, Results: 31
[LIBGPUSPATIAL] [ 54594][17:30:02:132466][info  ] RTSpatialRefiner 0x71e8e3d29be0 (Used 0 MB), Loaded Geometries, ProbeArray 100000, Loaded 18, Type Point
[LIBGPUSPATIAL] [ 54594][17:30:02:132516][info  ] RTSpatialRefiner 0x71e8e3d29be0 (Used 0 MB), Evaluating 21 Geometry Pairs with Predicate Contains
[LIBGPUSPATIAL] [ 54590][17:30:02:132604][info  ] RTSpatialRefiner 0x71e8e3d29be0 (Used 0 MB), Loaded Geometries, ProbeArray 100000, Loaded 25, Type Point
[LIBGPUSPATIAL] [ 54590][17:30:02:132653][info  ] RTSpatialRefiner 0x71e8e3d29be0 (Used 0 MB), Evaluating 31 Geometry Pairs with Predicate Contains
[LIBGPUSPATIAL] [ 54589][17:30:02:133903][info  ] RTSpatialIndex 0x71e8e000ac10 (Used 0 MB), Allocate result buffer, memory consumption 0 MB, capacity 8
[LIBGPUSPATIAL] [ 54589][17:30:02:134069][info  ] RTSpatialIndex 0x71e8e000ac10 (Used 0 MB), Probe Points, Size: 33333, Results: 8
[LIBGPUSPATIAL] [ 54589][17:30:02:134409][info  ] RTSpatialRefiner 0x71e8e3d29be0 (Used 0 MB), Loaded Geometries, ProbeArray 33333, Loaded 7, Type Point
[LIBGPUSPATIAL] [ 54589][17:30:02:134458][info  ] RTSpatialRefiner 0x71e8e3d29be0 (Used 0 MB), Evaluating 8 Geometry Pairs with Predicate Contains
[LIBGPUSPATIAL] [ 54590][17:30:02:138902][info  ] RTSpatialIndex 0x71e8e000ac10 (Used 0 MB), Allocate result buffer, memory consumption 0 MB, capacity 9
[LIBGPUSPATIAL] [ 54590][17:30:02:139021][info  ] RTSpatialIndex 0x71e8e000ac10 (Used 0 MB), Probe Points, Size: 33333, Results: 9
[LIBGPUSPATIAL] [ 54590][17:30:02:139376][info  ] RTSpatialRefiner 0x71e8e3d29be0 (Used 0 MB), Loaded Geometries, ProbeArray 33333, Loaded 7, Type Point
[LIBGPUSPATIAL] [ 54590][17:30:02:139418][info  ] RTSpatialRefiner 0x71e8e3d29be0 (Used 0 MB), Evaluating 9 Geometry Pairs with Predicate Contains
[LIBGPUSPATIAL] [ 54596][17:30:02:141713][info  ] RTSpatialIndex 0x71e8e000ac10 (Used 1 MB), Allocate result buffer, memory consumption 0 MB, capacity 19
[LIBGPUSPATIAL] [ 54596][17:30:02:141816][info  ] RTSpatialIndex 0x71e8e000ac10 (Used 1 MB), Probe Points, Size: 100000, Results: 19
[LIBGPUSPATIAL] [ 54596][17:30:02:142163][info  ] RTSpatialRefiner 0x71e8e3d29be0 (Used 0 MB), Loaded Geometries, ProbeArray 100000, Loaded 14, Type Point
[LIBGPUSPATIAL] [ 54596][17:30:02:142199][info  ] RTSpatialRefiner 0x71e8e3d29be0 (Used 0 MB), Evaluating 19 Geometry Pairs with Predicate Contains
[LIBGPUSPATIAL] [ 54594][17:30:02:146176][info  ] RTSpatialIndex 0x71e8e000ac10 (Used 1 MB), Allocate result buffer, memory consumption 0 MB, capacity 9
[LIBGPUSPATIAL] [ 54594][17:30:02:146276][info  ] RTSpatialIndex 0x71e8e000ac10 (Used 1 MB), Probe Points, Size: 100000, Results: 9
[LIBGPUSPATIAL] [ 54594][17:30:02:146627][info  ] RTSpatialRefiner 0x71e8e3d29be0 (Used 0 MB), Loaded Geometries, ProbeArray 100000, Loaded 7, Type Point
[LIBGPUSPATIAL] [ 54594][17:30:02:146662][info  ] RTSpatialRefiner 0x71e8e3d29be0 (Used 0 MB), Evaluating 9 Geometry Pairs with Predicate Contains
[LIBGPUSPATIAL] [ 54594][17:30:02:150939][info  ] RTSpatialIndex 0x71e8e000ac10 (Used 0 MB), Allocate result buffer, memory consumption 0 MB, capacity 8
[LIBGPUSPATIAL] [ 54594][17:30:02:151051][info  ] RTSpatialIndex 0x71e8e000ac10 (Used 0 MB), Probe Points, Size: 33333, Results: 8
[LIBGPUSPATIAL] [ 54594][17:30:02:151376][info  ] RTSpatialRefiner 0x71e8e3d29be0 (Used 0 MB), Loaded Geometries, ProbeArray 33333, Loaded 7, Type Point
[LIBGPUSPATIAL] [ 54594][17:30:02:151410][info  ] RTSpatialRefiner 0x71e8e3d29be0 (Used 0 MB), Evaluating 8 Geometry Pairs with Predicate Contains
[LIBGPUSPATIAL] [ 54596][17:30:02:153191][info  ] RTSpatialIndex 0x71e8e000ac10 (Used 1 MB), Allocate result buffer, memory consumption 0 MB, capacity 15
[LIBGPUSPATIAL] [ 54596][17:30:02:153295][info  ] RTSpatialIndex 0x71e8e000ac10 (Used 1 MB), Probe Points, Size: 100000, Results: 15
[LIBGPUSPATIAL] [ 54596][17:30:02:153647][info  ] RTSpatialRefiner 0x71e8e3d29be0 (Used 0 MB), Loaded Geometries, ProbeArray 100000, Loaded 12, Type Point
[LIBGPUSPATIAL] [ 54596][17:30:02:153682][info  ] RTSpatialRefiner 0x71e8e3d29be0 (Used 0 MB), Evaluating 15 Geometry Pairs with Predicate Contains
[LIBGPUSPATIAL] [ 54596][17:30:02:164871][info  ] RTSpatialIndex 0x71e8e000ac10 (Used 1 MB), Allocate result buffer, memory consumption 0 MB, capacity 28
[LIBGPUSPATIAL] [ 54596][17:30:02:165001][info  ] RTSpatialIndex 0x71e8e000ac10 (Used 1 MB), Probe Points, Size: 100000, Results: 28
[LIBGPUSPATIAL] [ 54596][17:30:02:165421][info  ] RTSpatialRefiner 0x71e8e3d29be0 (Used 0 MB), Loaded Geometries, ProbeArray 100000, Loaded 20, Type Point
[LIBGPUSPATIAL] [ 54596][17:30:02:165457][info  ] RTSpatialRefiner 0x71e8e3d29be0 (Used 0 MB), Evaluating 28 Geometry Pairs with Predicate Contains
[LIBGPUSPATIAL] [ 54596][17:30:02:169792][info  ] RTSpatialIndex 0x71e8e000ac10 (Used 0 MB), Allocate result buffer, memory consumption 0 MB, capacity 13
[LIBGPUSPATIAL] [ 54596][17:30:02:169914][info  ] RTSpatialIndex 0x71e8e000ac10 (Used 0 MB), Probe Points, Size: 33333, Results: 13
[LIBGPUSPATIAL] [ 54596][17:30:02:170307][info  ] RTSpatialRefiner 0x71e8e3d29be0 (Used 0 MB), Loaded Geometries, ProbeArray 33333, Loaded 10, Type Point
[LIBGPUSPATIAL] [ 54596][17:30:02:170353][info  ] RTSpatialRefiner 0x71e8e3d29be0 (Used 0 MB), Evaluating 13 Geometry Pairs with Predicate Contains
3.14s (3 rows)

================================================================================
BENCHMARK SUMMARY
================================================================================
Query     sedonadb_gpu   
-------------------------
q6        3.14s          
-------------------------
Total     3.14s         

Results saved to results_mem_SF_10/sedonadb_gpu_q6_results.json
