Data paths:
  building: benchmark-data-sf10/building
  customer: benchmark-data-sf10/customer
  driver: benchmark-data-sf10/driver
  trip: benchmark-data-sf10/trip
  vehicle: benchmark-data-sf10/vehicle
  zone: benchmark-data-sf10/zone

============================================================
Running Sedonadb Gpu Benchmark
============================================================
Sedonadb Gpu version: 0.3.0
  Running q2... [LIBGPUSPATIAL] [ 10803][17:58:30:978903][info  ] Initializing GpuSpatialRuntime on device 0, PTX root /mnt/data/sedona-db/target/release/build/sedona-libgpuspatial-49614f8a870dbe66/out/share/gpuspatial/shaders
[LIBGPUSPATIAL] [ 10803][17:58:31:138117][info  ] Init Memory Manager
[LIBGPUSPATIAL] [ 10803][17:58:31:138294][info  ] Creating RMM pool memory resource with size 22511 MB
[LIBGPUSPATIAL] [ 10803][17:58:31:183552][info  ] Initialize RTEngine
[LIBGPUSPATIAL] [ 10803][17:58:31:322229][info  ] Create RTSpatialIndex 0x790ca000a7d0, fast_build = 0, compact = 0, concurrency = 8
[LIBGPUSPATIAL] [ 10803][17:58:31:325093][info  ] Create RTSpatialRefiner 0x790ca3d29630, fast_build = 0, compact = 0, parsing_threads = 8, concurrency = 8, pipeline_batches = 1, wkb_parser_memory_quota = 0.80, relate_engine_memory_quota = 0.03
[LIBGPUSPATIAL] [ 10803][17:58:31:331283][info  ] RTSpatialRefiner 0x790ca3d29630 (Used 0 MB), FinishBuilding Refiner, Total geoms: 1
[LIBGPUSPATIAL] [ 10803][17:58:31:331328][info  ] RTSpatialIndex 0x790ca000a7d0 (Used 0 MB), PushBuild, Rectangles 1
[LIBGPUSPATIAL] [ 10803][17:58:31:331633][info  ] RTSpatialIndex 0x790ca000a7d0 (Used 0 MB), FinishBuilding Index on Rectangles, Total geoms: 1
[LIBGPUSPATIAL] [ 10802][17:58:31:361207][info  ] RTSpatialIndex 0x790ca000a7d0 (Used 5 MB), Allocate result buffer, memory consumption 0 MB, capacity 12
[LIBGPUSPATIAL] [ 10797][17:58:31:361368][info  ] RTSpatialIndex 0x790ca000a7d0 (Used 5 MB), Allocate result buffer, memory consumption 0 MB, capacity 13
[LIBGPUSPATIAL] [ 10803][17:58:31:361450][info  ] RTSpatialIndex 0x790ca000a7d0 (Used 5 MB), Allocate result buffer, memory consumption 0 MB, capacity 7
[LIBGPUSPATIAL] [ 10801][17:58:31:361583][info  ] RTSpatialIndex 0x790ca000a7d0 (Used 5 MB), Allocate result buffer, memory consumption 0 MB, capacity 18
[LIBGPUSPATIAL] [ 10803][17:58:31:361671][info  ] RTSpatialIndex 0x790ca000a7d0 (Used 5 MB), Probe Points, Size: 100000, Results: 7
[LIBGPUSPATIAL] [ 10802][17:58:31:361829][info  ] RTSpatialIndex 0x790ca000a7d0 (Used 4 MB), Probe Points, Size: 100000, Results: 12
[LIBGPUSPATIAL] [ 10801][17:58:31:362050][info  ] RTSpatialIndex 0x790ca000a7d0 (Used 3 MB), Probe Points, Size: 100000, Results: 18
[LIBGPUSPATIAL] [ 10800][17:58:31:362236][info  ] RTSpatialIndex 0x790ca000a7d0 (Used 3 MB), Allocate result buffer, memory consumption 0 MB, capacity 15
[LIBGPUSPATIAL] [ 10797][17:58:31:362557][info  ] RTSpatialIndex 0x790ca000a7d0 (Used 3 MB), Probe Points, Size: 100000, Results: 13
[LIBGPUSPATIAL] [ 10798][17:58:31:363044][info  ] RTSpatialIndex 0x790ca000a7d0 (Used 2 MB), Allocate result buffer, memory consumption 0 MB, capacity 18
[LIBGPUSPATIAL] [ 10799][17:58:31:363231][info  ] RTSpatialIndex 0x790ca000a7d0 (Used 2 MB), Allocate result buffer, memory consumption 0 MB, capacity 9
[LIBGPUSPATIAL] [ 10797][17:58:31:363415][info  ] RTSpatialRefiner 0x790ca3d29630 (Used 2 MB), Loaded Geometries, ProbeArray 100000, Loaded 13, Type Point
[LIBGPUSPATIAL] [ 10797][17:58:31:363463][info  ] RTSpatialRefiner 0x790ca3d29630 (Used 2 MB), Evaluating 13 Geometry Pairs with Predicate Intersects
[LIBGPUSPATIAL] [ 10801][17:58:31:363510][info  ] RTSpatialRefiner 0x790ca3d29630 (Used 2 MB), Loaded Geometries, ProbeArray 100000, Loaded 18, Type Point
[LIBGPUSPATIAL] [ 10798][17:58:31:363542][info  ] RTSpatialIndex 0x790ca000a7d0 (Used 2 MB), Probe Points, Size: 100000, Results: 18
[LIBGPUSPATIAL] [ 10801][17:58:31:363565][info  ] RTSpatialRefiner 0x790ca3d29630 (Used 1 MB), Evaluating 18 Geometry Pairs with Predicate Intersects
[LIBGPUSPATIAL] [ 10802][17:58:31:363575][info  ] RTSpatialRefiner 0x790ca3d29630 (Used 1 MB), Loaded Geometries, ProbeArray 100000, Loaded 12, Type Point
[LIBGPUSPATIAL] [ 10803][17:58:31:363609][info  ] RTSpatialRefiner 0x790ca3d29630 (Used 1 MB), Loaded Geometries, ProbeArray 100000, Loaded 7, Type Point
[LIBGPUSPATIAL] [ 10802][17:58:31:363627][info  ] RTSpatialRefiner 0x790ca3d29630 (Used 1 MB), Evaluating 12 Geometry Pairs with Predicate Intersects
[LIBGPUSPATIAL] [ 10803][17:58:31:363699][info  ] RTSpatialRefiner 0x790ca3d29630 (Used 1 MB), Evaluating 7 Geometry Pairs with Predicate Intersects
[LIBGPUSPATIAL] [ 10800][17:58:31:363815][info  ] RTSpatialIndex 0x790ca000a7d0 (Used 1 MB), Probe Points, Size: 100000, Results: 15
[LIBGPUSPATIAL] [ 10799][17:58:31:363891][info  ] RTSpatialIndex 0x790ca000a7d0 (Used 0 MB), Probe Points, Size: 100000, Results: 9
[LIBGPUSPATIAL] [ 10800][17:58:31:388053][info  ] RTSpatialRefiner 0x790ca3d29630 (Used 0 MB), Loaded Geometries, ProbeArray 100000, Loaded 15, Type Point
[LIBGPUSPATIAL] [ 10800][17:58:31:388164][info  ] RTSpatialRefiner 0x790ca3d29630 (Used 0 MB), Evaluating 15 Geometry Pairs with Predicate Intersects
[LIBGPUSPATIAL] [ 10799][17:58:31:388294][info  ] RTSpatialRefiner 0x790ca3d29630 (Used 0 MB), Loaded Geometries, ProbeArray 100000, Loaded 9, Type Point
[LIBGPUSPATIAL] [ 10798][17:58:31:388309][info  ] RTSpatialRefiner 0x790ca3d29630 (Used 0 MB), Loaded Geometries, ProbeArray 100000, Loaded 18, Type Point
[LIBGPUSPATIAL] [ 10796][17:58:31:388423][info  ] RTSpatialIndex 0x790ca000a7d0 (Used 0 MB), Allocate result buffer, memory consumption 0 MB, capacity 17
[LIBGPUSPATIAL] [ 10798][17:58:31:388498][info  ] RTSpatialRefiner 0x790ca3d29630 (Used 0 MB), Evaluating 18 Geometry Pairs with Predicate Intersects
[LIBGPUSPATIAL] [ 10799][17:58:31:388624][info  ] RTSpatialRefiner 0x790ca3d29630 (Used 1 MB), Evaluating 9 Geometry Pairs with Predicate Intersects
[LIBGPUSPATIAL] [ 10796][17:58:31:389383][info  ] RTSpatialIndex 0x790ca000a7d0 (Used 1 MB), Probe Points, Size: 100000, Results: 17
[LIBGPUSPATIAL] [ 10796][17:58:31:390791][info  ] RTSpatialRefiner 0x790ca3d29630 (Used 0 MB), Loaded Geometries, ProbeArray 100000, Loaded 17, Type Point
[LIBGPUSPATIAL] [ 10796][17:58:31:390878][info  ] RTSpatialRefiner 0x790ca3d29630 (Used 0 MB), Evaluating 17 Geometry Pairs with Predicate Intersects
[LIBGPUSPATIAL] [ 10800][17:58:31:405528][info  ] RTSpatialIndex 0x790ca000a7d0 (Used 4 MB), Allocate result buffer, memory consumption 0 MB, capacity 18
[LIBGPUSPATIAL] [ 10797][17:58:31:405547][info  ] RTSpatialIndex 0x790ca000a7d0 (Used 4 MB), Allocate result buffer, memory consumption 0 MB, capacity 11
[LIBGPUSPATIAL] [ 10798][17:58:31:405798][info  ] RTSpatialIndex 0x790ca000a7d0 (Used 4 MB), Allocate result buffer, memory consumption 0 MB, capacity 15
[LIBGPUSPATIAL] [ 10801][17:58:31:406555][info  ] RTSpatialIndex 0x790ca000a7d0 (Used 6 MB), Allocate result buffer, memory consumption 0 MB, capacity 13
[LIBGPUSPATIAL] [ 10800][17:58:31:406883][info  ] RTSpatialIndex 0x790ca000a7d0 (Used 6 MB), Probe Points, Size: 100000, Results: 18
[LIBGPUSPATIAL] [ 10803][17:58:31:406917][info  ] RTSpatialIndex 0x790ca000a7d0 (Used 5 MB), Allocate result buffer, memory consumption 0 MB, capacity 14
[LIBGPUSPATIAL] [ 10802][17:58:31:407087][info  ] RTSpatialIndex 0x790ca000a7d0 (Used 5 MB), Allocate result buffer, memory consumption 0 MB, capacity 22
[LIBGPUSPATIAL] [ 10796][17:58:31:407321][info  ] RTSpatialIndex 0x790ca000a7d0 (Used 5 MB), Allocate result buffer, memory consumption 0 MB, capacity 11
[LIBGPUSPATIAL] [ 10800][17:58:31:407443][info  ] RTSpatialRefiner 0x790ca3d29630 (Used 5 MB), Loaded Geometries, ProbeArray 100000, Loaded 18, Type Point
[LIBGPUSPATIAL] [ 10802][17:58:31:407463][info  ] RTSpatialIndex 0x790ca000a7d0 (Used 5 MB), Probe Points, Size: 100000, Results: 22
[LIBGPUSPATIAL] [ 10800][17:58:31:407486][info  ] RTSpatialRefiner 0x790ca3d29630 (Used 4 MB), Evaluating 18 Geometry Pairs with Predicate Intersects
[LIBGPUSPATIAL] [ 10799][17:58:31:407544][info  ] RTSpatialIndex 0x790ca000a7d0 (Used 4 MB), Allocate result buffer, memory consumption 0 MB, capacity 13
[LIBGPUSPATIAL] [ 10797][17:58:31:407820][info  ] RTSpatialIndex 0x790ca000a7d0 (Used 4 MB), Probe Points, Size: 100000, Results: 11
[LIBGPUSPATIAL] [ 10801][17:58:31:408017][info  ] RTSpatialIndex 0x790ca000a7d0 (Used 3 MB), Probe Points, Size: 100000, Results: 13
[LIBGPUSPATIAL] [ 10803][17:58:31:408259][info  ] RTSpatialIndex 0x790ca000a7d0 (Used 3 MB), Probe Points, Size: 100000, Results: 14
[LIBGPUSPATIAL] [ 10802][17:58:31:408264][info  ] RTSpatialRefiner 0x790ca3d29630 (Used 3 MB), Loaded Geometries, ProbeArray 100000, Loaded 22, Type Point
[LIBGPUSPATIAL] [ 10798][17:58:31:408469][info  ] RTSpatialIndex 0x790ca000a7d0 (Used 2 MB), Probe Points, Size: 100000, Results: 15
[LIBGPUSPATIAL] [ 10796][17:58:31:408655][info  ] RTSpatialIndex 0x790ca000a7d0 (Used 1 MB), Probe Points, Size: 100000, Results: 11
[LIBGPUSPATIAL] [ 10802][17:58:31:408715][info  ] RTSpatialRefiner 0x790ca3d29630 (Used 0 MB), Evaluating 22 Geometry Pairs with Predicate Intersects
[LIBGPUSPATIAL] [ 10799][17:58:31:408724][info  ] RTSpatialIndex 0x790ca000a7d0 (Used 0 MB), Probe Points, Size: 100000, Results: 13
[LIBGPUSPATIAL] [ 10797][17:58:31:408927][info  ] RTSpatialRefiner 0x790ca3d29630 (Used 0 MB), Loaded Geometries, ProbeArray 100000, Loaded 11, Type Point
[LIBGPUSPATIAL] [ 10797][17:58:31:409104][info  ] RTSpatialRefiner 0x790ca3d29630 (Used 0 MB), Evaluating 11 Geometry Pairs with Predicate Intersects
[LIBGPUSPATIAL] [ 10801][17:58:31:409204][info  ] RTSpatialRefiner 0x790ca3d29630 (Used 0 MB), Loaded Geometries, ProbeArray 100000, Loaded 13, Type Point
[LIBGPUSPATIAL] [ 10801][17:58:31:409383][info  ] RTSpatialRefiner 0x790ca3d29630 (Used 0 MB), Evaluating 13 Geometry Pairs with Predicate Intersects
[LIBGPUSPATIAL] [ 10803][17:58:31:409518][info  ] RTSpatialRefiner 0x790ca3d29630 (Used 0 MB), Loaded Geometries, ProbeArray 100000, Loaded 14, Type Point
[LIBGPUSPATIAL] [ 10803][17:58:31:409565][info  ] RTSpatialRefiner 0x790ca3d29630 (Used 0 MB), Evaluating 14 Geometry Pairs with Predicate Intersects
[LIBGPUSPATIAL] [ 10799][17:58:31:409757][info  ] RTSpatialRefiner 0x790ca3d29630 (Used 0 MB), Loaded Geometries, ProbeArray 100000, Loaded 13, Type Point
[LIBGPUSPATIAL] [ 10796][17:58:31:409797][info  ] RTSpatialRefiner 0x790ca3d29630 (Used 0 MB), Loaded Geometries, ProbeArray 100000, Loaded 11, Type Point
[LIBGPUSPATIAL] [ 10799][17:58:31:409872][info  ] RTSpatialRefiner 0x790ca3d29630 (Used 0 MB), Evaluating 13 Geometry Pairs with Predicate Intersects
[LIBGPUSPATIAL] [ 10796][17:58:31:409880][info  ] RTSpatialRefiner 0x790ca3d29630 (Used 0 MB), Evaluating 11 Geometry Pairs with Predicate Intersects
[LIBGPUSPATIAL] [ 10798][17:58:31:410200][info  ] RTSpatialRefiner 0x790ca3d29630 (Used 0 MB), Loaded Geometries, ProbeArray 100000, Loaded 15, Type Point
[LIBGPUSPATIAL] [ 10798][17:58:31:410251][info  ] RTSpatialRefiner 0x790ca3d29630 (Used 0 MB), Evaluating 15 Geometry Pairs with Predicate Intersects
[LIBGPUSPATIAL] [ 10800][17:58:31:422673][info  ] RTSpatialIndex 0x790ca000a7d0 (Used 0 MB), Allocate result buffer, memory consumption 0 MB, capacity 9
[LIBGPUSPATIAL] [ 10800][17:58:31:424401][info  ] RTSpatialIndex 0x790ca000a7d0 (Used 4 MB), Probe Points, Size: 100000, Results: 9
[LIBGPUSPATIAL] [ 10802][17:58:31:424628][info  ] RTSpatialIndex 0x790ca000a7d0 (Used 5 MB), Allocate result buffer, memory consumption 0 MB, capacity 12
[LIBGPUSPATIAL] [ 10801][17:58:31:425344][info  ] RTSpatialIndex 0x790ca000a7d0 (Used 7 MB), Allocate result buffer, memory consumption 0 MB, capacity 17
[LIBGPUSPATIAL] [ 10800][17:58:31:425622][info  ] RTSpatialRefiner 0x790ca3d29630 (Used 5 MB), Loaded Geometries, ProbeArray 100000, Loaded 9, Type Point
[LIBGPUSPATIAL] [ 10800][17:58:31:425668][info  ] RTSpatialRefiner 0x790ca3d29630 (Used 5 MB), Evaluating 9 Geometry Pairs with Predicate Intersects
[LIBGPUSPATIAL] [ 10797][17:58:31:425675][info  ] RTSpatialIndex 0x790ca000a7d0 (Used 5 MB), Allocate result buffer, memory consumption 0 MB, capacity 16
[LIBGPUSPATIAL] [ 10799][17:58:31:425722][info  ] RTSpatialIndex 0x790ca000a7d0 (Used 5 MB), Allocate result buffer, memory consumption 0 MB, capacity 6
[LIBGPUSPATIAL] [ 10796][17:58:31:425900][info  ] RTSpatialIndex 0x790ca000a7d0 (Used 5 MB), Allocate result buffer, memory consumption 0 MB, capacity 9
[LIBGPUSPATIAL] [ 10801][17:58:31:426109][info  ] RTSpatialIndex 0x790ca000a7d0 (Used 5 MB), Probe Points, Size: 100000, Results: 17
[LIBGPUSPATIAL] [ 10803][17:58:31:426227][info  ] RTSpatialIndex 0x790ca000a7d0 (Used 4 MB), Allocate result buffer, memory consumption 0 MB, capacity 14
[LIBGPUSPATIAL] [ 10802][17:58:31:426541][info  ] RTSpatialIndex 0x790ca000a7d0 (Used 4 MB), Probe Points, Size: 100000, Results: 12
[LIBGPUSPATIAL] [ 10798][17:58:31:426639][info  ] RTSpatialIndex 0x790ca000a7d0 (Used 4 MB), Allocate result buffer, memory consumption 0 MB, capacity 18
[LIBGPUSPATIAL] [ 10797][17:58:31:426789][info  ] RTSpatialIndex 0x790ca000a7d0 (Used 4 MB), Probe Points, Size: 100000, Results: 16
[LIBGPUSPATIAL] [ 10796][17:58:31:426975][info  ] RTSpatialIndex 0x790ca000a7d0 (Used 3 MB), Probe Points, Size: 100000, Results: 9
[LIBGPUSPATIAL] [ 10801][17:58:31:427037][info  ] RTSpatialRefiner 0x790ca3d29630 (Used 2 MB), Loaded Geometries, ProbeArray 100000, Loaded 17, Type Point
[LIBGPUSPATIAL] [ 10801][17:58:31:427173][info  ] RTSpatialRefiner 0x790ca3d29630 (Used 2 MB), Evaluating 17 Geometry Pairs with Predicate Intersects
[LIBGPUSPATIAL] [ 10799][17:58:31:427182][info  ] RTSpatialIndex 0x790ca000a7d0 (Used 2 MB), Probe Points, Size: 100000, Results: 6
[LIBGPUSPATIAL] [ 10803][17:58:31:427635][info  ] RTSpatialIndex 0x790ca000a7d0 (Used 1 MB), Probe Points, Size: 100000, Results: 14
[LIBGPUSPATIAL] [ 10802][17:58:31:427867][info  ] RTSpatialRefiner 0x790ca3d29630 (Used 0 MB), Loaded Geometries, ProbeArray 100000, Loaded 12, Type Point
[LIBGPUSPATIAL] [ 10797][17:58:31:427878][info  ] RTSpatialRefiner 0x790ca3d29630 (Used 0 MB), Loaded Geometries, ProbeArray 100000, Loaded 16, Type Point
[LIBGPUSPATIAL] [ 10796][17:58:31:427910][info  ] RTSpatialRefiner 0x790ca3d29630 (Used 0 MB), Loaded Geometries, ProbeArray 100000, Loaded 9, Type Point
[LIBGPUSPATIAL] [ 10798][17:58:31:427930][info  ] RTSpatialIndex 0x790ca000a7d0 (Used 0 MB), Probe Points, Size: 100000, Results: 18
[LIBGPUSPATIAL] [ 10796][17:58:31:427956][info  ] RTSpatialRefiner 0x790ca3d29630 (Used 0 MB), Evaluating 9 Geometry Pairs with Predicate Intersects
[LIBGPUSPATIAL] [ 10802][17:58:31:427986][info  ] RTSpatialRefiner 0x790ca3d29630 (Used 0 MB), Evaluating 12 Geometry Pairs with Predicate Intersects
[LIBGPUSPATIAL] [ 10797][17:58:31:428150][info  ] RTSpatialRefiner 0x790ca3d29630 (Used 0 MB), Evaluating 16 Geometry Pairs with Predicate Intersects
[LIBGPUSPATIAL] [ 10799][17:58:31:428337][info  ] RTSpatialRefiner 0x790ca3d29630 (Used 0 MB), Loaded Geometries, ProbeArray 100000, Loaded 6, Type Point
[LIBGPUSPATIAL] [ 10799][17:58:31:428444][info  ] RTSpatialRefiner 0x790ca3d29630 (Used 0 MB), Evaluating 6 Geometry Pairs with Predicate Intersects
[LIBGPUSPATIAL] [ 10798][17:58:31:428601][info  ] RTSpatialRefiner 0x790ca3d29630 (Used 0 MB), Loaded Geometries, ProbeArray 100000, Loaded 18, Type Point
[LIBGPUSPATIAL] [ 10798][17:58:31:428660][info  ] RTSpatialRefiner 0x790ca3d29630 (Used 0 MB), Evaluating 18 Geometry Pairs with Predicate Intersects
[LIBGPUSPATIAL] [ 10803][17:58:31:428670][info  ] RTSpatialRefiner 0x790ca3d29630 (Used 0 MB), Loaded Geometries, ProbeArray 100000, Loaded 14, Type Point
[LIBGPUSPATIAL] [ 10803][17:58:31:428790][info  ] RTSpatialRefiner 0x790ca3d29630 (Used 0 MB), Evaluating 14 Geometry Pairs with Predicate Intersects
[LIBGPUSPATIAL] [ 10800][17:58:31:441957][info  ] RTSpatialIndex 0x790ca000a7d0 (Used 2 MB), Allocate result buffer, memory consumption 0 MB, capacity 11
[LIBGPUSPATIAL] [ 10802][17:58:31:442636][info  ] RTSpatialIndex 0x790ca000a7d0 (Used 3 MB), Allocate result buffer, memory consumption 0 MB, capacity 17
[LIBGPUSPATIAL] [ 10800][17:58:31:444106][info  ] RTSpatialIndex 0x790ca000a7d0 (Used 6 MB), Probe Points, Size: 100000, Results: 11
[LIBGPUSPATIAL] [ 10802][17:58:31:444328][info  ] RTSpatialIndex 0x790ca000a7d0 (Used 5 MB), Probe Points, Size: 100000, Results: 17
[LIBGPUSPATIAL] [ 10803][17:58:31:444459][info  ] RTSpatialIndex 0x790ca000a7d0 (Used 4 MB), Allocate result buffer, memory consumption 0 MB, capacity 18
[LIBGPUSPATIAL] [ 10798][17:58:31:444696][info  ] RTSpatialIndex 0x790ca000a7d0 (Used 4 MB), Allocate result buffer, memory consumption 0 MB, capacity 10
[LIBGPUSPATIAL] [ 10800][17:58:31:444811][info  ] RTSpatialRefiner 0x790ca3d29630 (Used 4 MB), Loaded Geometries, ProbeArray 100000, Loaded 11, Type Point
[LIBGPUSPATIAL] [ 10800][17:58:31:444887][info  ] RTSpatialRefiner 0x790ca3d29630 (Used 4 MB), Evaluating 11 Geometry Pairs with Predicate Intersects
[LIBGPUSPATIAL] [ 10797][17:58:31:444966][info  ] RTSpatialIndex 0x790ca000a7d0 (Used 4 MB), Allocate result buffer, memory consumption 0 MB, capacity 8
[LIBGPUSPATIAL] [ 10802][17:58:31:445156][info  ] RTSpatialRefiner 0x790ca3d29630 (Used 4 MB), Loaded Geometries, ProbeArray 100000, Loaded 17, Type Point
[LIBGPUSPATIAL] [ 10801][17:58:31:445175][info  ] RTSpatialIndex 0x790ca000a7d0 (Used 4 MB), Allocate result buffer, memory consumption 0 MB, capacity 14
[LIBGPUSPATIAL] [ 10802][17:58:31:445218][info  ] RTSpatialRefiner 0x790ca3d29630 (Used 4 MB), Evaluating 17 Geometry Pairs with Predicate Intersects
[LIBGPUSPATIAL] [ 10796][17:58:31:445403][info  ] RTSpatialIndex 0x790ca000a7d0 (Used 4 MB), Allocate result buffer, memory consumption 0 MB, capacity 17
[LIBGPUSPATIAL] [ 10799][17:58:31:445665][info  ] RTSpatialIndex 0x790ca000a7d0 (Used 4 MB), Allocate result buffer, memory consumption 0 MB, capacity 17
[LIBGPUSPATIAL] [ 10803][17:58:31:445831][info  ] RTSpatialIndex 0x790ca000a7d0 (Used 4 MB), Probe Points, Size: 100000, Results: 18
[LIBGPUSPATIAL] [ 10798][17:58:31:446108][info  ] RTSpatialIndex 0x790ca000a7d0 (Used 4 MB), Probe Points, Size: 100000, Results: 10
[LIBGPUSPATIAL] [ 10797][17:58:31:446314][info  ] RTSpatialIndex 0x790ca000a7d0 (Used 3 MB), Probe Points, Size: 100000, Results: 8
[LIBGPUSPATIAL] [ 10801][17:58:31:446554][info  ] RTSpatialIndex 0x790ca000a7d0 (Used 2 MB), Probe Points, Size: 100000, Results: 14
[LIBGPUSPATIAL] [ 10803][17:58:31:446737][info  ] RTSpatialRefiner 0x790ca3d29630 (Used 1 MB), Loaded Geometries, ProbeArray 100000, Loaded 18, Type Point
[LIBGPUSPATIAL] [ 10796][17:58:31:446783][info  ] RTSpatialIndex 0x790ca000a7d0 (Used 1 MB), Probe Points, Size: 100000, Results: 17
[LIBGPUSPATIAL] [ 10803][17:58:31:446930][info  ] RTSpatialRefiner 0x790ca3d29630 (Used 1 MB), Evaluating 18 Geometry Pairs with Predicate Intersects
[LIBGPUSPATIAL] [ 10799][17:58:31:447050][info  ] RTSpatialIndex 0x790ca000a7d0 (Used 0 MB), Probe Points, Size: 100000, Results: 17
[LIBGPUSPATIAL] [ 10798][17:58:31:447090][info  ] RTSpatialRefiner 0x790ca3d29630 (Used 0 MB), Loaded Geometries, ProbeArray 100000, Loaded 10, Type Point
[LIBGPUSPATIAL] [ 10798][17:58:31:447132][info  ] RTSpatialRefiner 0x790ca3d29630 (Used 0 MB), Evaluating 10 Geometry Pairs with Predicate Intersects
[LIBGPUSPATIAL] [ 10797][17:58:31:447236][info  ] RTSpatialRefiner 0x790ca3d29630 (Used 0 MB), Loaded Geometries, ProbeArray 100000, Loaded 8, Type Point
[LIBGPUSPATIAL] [ 10797][17:58:31:447285][info  ] RTSpatialRefiner 0x790ca3d29630 (Used 0 MB), Evaluating 8 Geometry Pairs with Predicate Intersects
[LIBGPUSPATIAL] [ 10796][17:58:31:448318][info  ] RTSpatialRefiner 0x790ca3d29630 (Used 0 MB), Loaded Geometries, ProbeArray 100000, Loaded 17, Type Point
[LIBGPUSPATIAL] [ 10796][17:58:31:448367][info  ] RTSpatialRefiner 0x790ca3d29630 (Used 0 MB), Evaluating 17 Geometry Pairs with Predicate Intersects
[LIBGPUSPATIAL] [ 10801][17:58:31:448456][info  ] RTSpatialRefiner 0x790ca3d29630 (Used 0 MB), Loaded Geometries, ProbeArray 100000, Loaded 14, Type Point
[LIBGPUSPATIAL] [ 10801][17:58:31:448508][info  ] RTSpatialRefiner 0x790ca3d29630 (Used 0 MB), Evaluating 14 Geometry Pairs with Predicate Intersects
[LIBGPUSPATIAL] [ 10799][17:58:31:448874][info  ] RTSpatialRefiner 0x790ca3d29630 (Used 0 MB), Loaded Geometries, ProbeArray 100000, Loaded 17, Type Point
[LIBGPUSPATIAL] [ 10799][17:58:31:448945][info  ] RTSpatialRefiner 0x790ca3d29630 (Used 0 MB), Evaluating 17 Geometry Pairs with Predicate Intersects
[LIBGPUSPATIAL] [ 10802][17:58:31:461958][info  ] RTSpatialIndex 0x790ca000a7d0 (Used 5 MB), Allocate result buffer, memory consumption 0 MB, capacity 15
[LIBGPUSPATIAL] [ 10800][17:58:31:463129][info  ] RTSpatialIndex 0x790ca000a7d0 (Used 6 MB), Allocate result buffer, memory consumption 0 MB, capacity 14
[LIBGPUSPATIAL] [ 10798][17:58:31:463227][info  ] RTSpatialIndex 0x790ca000a7d0 (Used 6 MB), Allocate result buffer, memory consumption 0 MB, capacity 13
[LIBGPUSPATIAL] [ 10799][17:58:31:463285][info  ] RTSpatialIndex 0x790ca000a7d0 (Used 6 MB), Allocate result buffer, memory consumption 0 MB, capacity 20
[LIBGPUSPATIAL] [ 10800][17:58:31:463426][info  ] RTSpatialIndex 0x790ca000a7d0 (Used 6 MB), Probe Points, Size: 100000, Results: 14
[LIBGPUSPATIAL] [ 10798][17:58:31:463559][info  ] RTSpatialIndex 0x790ca000a7d0 (Used 5 MB), Probe Points, Size: 100000, Results: 13
[LIBGPUSPATIAL] [ 10796][17:58:31:463617][info  ] RTSpatialIndex 0x790ca000a7d0 (Used 5 MB), Allocate result buffer, memory consumption 0 MB, capacity 6
[LIBGPUSPATIAL] [ 10802][17:58:31:463808][info  ] RTSpatialIndex 0x790ca000a7d0 (Used 4 MB), Probe Points, Size: 100000, Results: 15
[LIBGPUSPATIAL] [ 10801][17:58:31:464125][info  ] RTSpatialIndex 0x790ca000a7d0 (Used 3 MB), Allocate result buffer, memory consumption 0 MB, capacity 11
[LIBGPUSPATIAL] [ 10803][17:58:31:464425][info  ] RTSpatialIndex 0x790ca000a7d0 (Used 3 MB), Allocate result buffer, memory consumption 0 MB, capacity 11
[LIBGPUSPATIAL] [ 10800][17:58:31:464433][info  ] RTSpatialRefiner 0x790ca3d29630 (Used 3 MB), Loaded Geometries, ProbeArray 100000, Loaded 14, Type Point
[LIBGPUSPATIAL] [ 10802][17:58:31:464438][info  ] RTSpatialRefiner 0x790ca3d29630 (Used 3 MB), Loaded Geometries, ProbeArray 100000, Loaded 15, Type Point
[LIBGPUSPATIAL] [ 10798][17:58:31:464481][info  ] RTSpatialRefiner 0x790ca3d29630 (Used 3 MB), Loaded Geometries, ProbeArray 100000, Loaded 13, Type Point
[LIBGPUSPATIAL] [ 10800][17:58:31:464488][info  ] RTSpatialRefiner 0x790ca3d29630 (Used 3 MB), Evaluating 14 Geometry Pairs with Predicate Intersects
[LIBGPUSPATIAL] [ 10802][17:58:31:464491][info  ] RTSpatialRefiner 0x790ca3d29630 (Used 3 MB), Evaluating 15 Geometry Pairs with Predicate Intersects
[LIBGPUSPATIAL] [ 10797][17:58:31:464524][info  ] RTSpatialIndex 0x790ca000a7d0 (Used 3 MB), Allocate result buffer, memory consumption 0 MB, capacity 14
[LIBGPUSPATIAL] [ 10798][17:58:31:464563][info  ] RTSpatialRefiner 0x790ca3d29630 (Used 3 MB), Evaluating 13 Geometry Pairs with Predicate Intersects
[LIBGPUSPATIAL] [ 10799][17:58:31:464900][info  ] RTSpatialIndex 0x790ca000a7d0 (Used 3 MB), Probe Points, Size: 100000, Results: 20
[LIBGPUSPATIAL] [ 10796][17:58:31:465081][info  ] RTSpatialIndex 0x790ca000a7d0 (Used 3 MB), Probe Points, Size: 100000, Results: 6
[LIBGPUSPATIAL] [ 10801][17:58:31:465289][info  ] RTSpatialIndex 0x790ca000a7d0 (Used 2 MB), Probe Points, Size: 100000, Results: 11
[LIBGPUSPATIAL] [ 10803][17:58:31:465477][info  ] RTSpatialIndex 0x790ca000a7d0 (Used 1 MB), Probe Points, Size: 100000, Results: 11
[LIBGPUSPATIAL] [ 10797][17:58:31:465629][info  ] RTSpatialIndex 0x790ca000a7d0 (Used 0 MB), Probe Points, Size: 100000, Results: 14
[LIBGPUSPATIAL] [ 10799][17:58:31:466305][info  ] RTSpatialRefiner 0x790ca3d29630 (Used 0 MB), Loaded Geometries, ProbeArray 100000, Loaded 20, Type Point
[LIBGPUSPATIAL] [ 10799][17:58:31:466361][info  ] RTSpatialRefiner 0x790ca3d29630 (Used 0 MB), Evaluating 20 Geometry Pairs with Predicate Intersects
[LIBGPUSPATIAL] [ 10797][17:58:31:466368][info  ] RTSpatialRefiner 0x790ca3d29630 (Used 0 MB), Loaded Geometries, ProbeArray 100000, Loaded 14, Type Point
[LIBGPUSPATIAL] [ 10797][17:58:31:466409][info  ] RTSpatialRefiner 0x790ca3d29630 (Used 0 MB), Evaluating 14 Geometry Pairs with Predicate Intersects
[LIBGPUSPATIAL] [ 10801][17:58:31:466462][info  ] RTSpatialRefiner 0x790ca3d29630 (Used 0 MB), Loaded Geometries, ProbeArray 100000, Loaded 11, Type Point
[LIBGPUSPATIAL] [ 10796][17:58:31:466471][info  ] RTSpatialRefiner 0x790ca3d29630 (Used 0 MB), Loaded Geometries, ProbeArray 100000, Loaded 6, Type Point
[LIBGPUSPATIAL] [ 10801][17:58:31:466517][info  ] RTSpatialRefiner 0x790ca3d29630 (Used 0 MB), Evaluating 11 Geometry Pairs with Predicate Intersects
[LIBGPUSPATIAL] [ 10796][17:58:31:466526][info  ] RTSpatialRefiner 0x790ca3d29630 (Used 0 MB), Evaluating 6 Geometry Pairs with Predicate Intersects
[LIBGPUSPATIAL] [ 10803][17:58:31:466604][info  ] RTSpatialRefiner 0x790ca3d29630 (Used 0 MB), Loaded Geometries, ProbeArray 100000, Loaded 11, Type Point
[LIBGPUSPATIAL] [ 10803][17:58:31:466662][info  ] RTSpatialRefiner 0x790ca3d29630 (Used 0 MB), Evaluating 11 Geometry Pairs with Predicate Intersects
[LIBGPUSPATIAL] [ 10802][17:58:31:479752][info  ] RTSpatialIndex 0x790ca000a7d0 (Used 2 MB), Allocate result buffer, memory consumption 0 MB, capacity 11
[LIBGPUSPATIAL] [ 10802][17:58:31:481210][info  ] RTSpatialIndex 0x790ca000a7d0 (Used 6 MB), Probe Points, Size: 100000, Results: 11
[LIBGPUSPATIAL] [ 10800][17:58:31:481549][info  ] RTSpatialIndex 0x790ca000a7d0 (Used 3 MB), Allocate result buffer, memory consumption 0 MB, capacity 17
[LIBGPUSPATIAL] [ 10802][17:58:31:482012][info  ] RTSpatialRefiner 0x790ca3d29630 (Used 7 MB), Loaded Geometries, ProbeArray 100000, Loaded 11, Type Point
[LIBGPUSPATIAL] [ 10802][17:58:31:482096][info  ] RTSpatialRefiner 0x790ca3d29630 (Used 6 MB), Evaluating 11 Geometry Pairs with Predicate Intersects
[LIBGPUSPATIAL] [ 10797][17:58:31:482177][info  ] RTSpatialIndex 0x790ca000a7d0 (Used 7 MB), Allocate result buffer, memory consumption 0 MB, capacity 15
[LIBGPUSPATIAL] [ 10801][17:58:31:482597][info  ] RTSpatialIndex 0x790ca000a7d0 (Used 5 MB), Allocate result buffer, memory consumption 0 MB, capacity 17
[LIBGPUSPATIAL] [ 10800][17:58:31:482866][info  ] RTSpatialIndex 0x790ca000a7d0 (Used 5 MB), Probe Points, Size: 100000, Results: 17
[LIBGPUSPATIAL] [ 10796][17:58:31:483003][info  ] RTSpatialIndex 0x790ca000a7d0 (Used 4 MB), Allocate result buffer, memory consumption 0 MB, capacity 21
[LIBGPUSPATIAL] [ 10803][17:58:31:483222][info  ] RTSpatialIndex 0x790ca000a7d0 (Used 4 MB), Allocate result buffer, memory consumption 0 MB, capacity 7
[LIBGPUSPATIAL] [ 10798][17:58:31:483395][info  ] RTSpatialIndex 0x790ca000a7d0 (Used 4 MB), Allocate result buffer, memory consumption 0 MB, capacity 17
[LIBGPUSPATIAL] [ 10796][17:58:31:483552][info  ] RTSpatialIndex 0x790ca000a7d0 (Used 4 MB), Probe Points, Size: 100000, Results: 21
[LIBGPUSPATIAL] [ 10800][17:58:31:483703][info  ] RTSpatialRefiner 0x790ca3d29630 (Used 4 MB), Loaded Geometries, ProbeArray 100000, Loaded 17, Type Point
[LIBGPUSPATIAL] [ 10797][17:58:31:483753][info  ] RTSpatialIndex 0x790ca000a7d0 (Used 4 MB), Probe Points, Size: 100000, Results: 15
[LIBGPUSPATIAL] [ 10800][17:58:31:483813][info  ] RTSpatialRefiner 0x790ca3d29630 (Used 3 MB), Evaluating 17 Geometry Pairs with Predicate Intersects
[LIBGPUSPATIAL] [ 10801][17:58:31:484160][info  ] RTSpatialIndex 0x790ca000a7d0 (Used 3 MB), Probe Points, Size: 100000, Results: 17
[LIBGPUSPATIAL] [ 10799][17:58:31:484319][info  ] RTSpatialIndex 0x790ca000a7d0 (Used 2 MB), Allocate result buffer, memory consumption 0 MB, capacity 17
[LIBGPUSPATIAL] [ 10803][17:58:31:484442][info  ] RTSpatialIndex 0x790ca000a7d0 (Used 2 MB), Probe Points, Size: 100000, Results: 7
[LIBGPUSPATIAL] [ 10796][17:58:31:484591][info  ] RTSpatialRefiner 0x790ca3d29630 (Used 1 MB), Loaded Geometries, ProbeArray 100000, Loaded 21, Type Point
[LIBGPUSPATIAL] [ 10797][17:58:31:484638][info  ] RTSpatialRefiner 0x790ca3d29630 (Used 1 MB), Loaded Geometries, ProbeArray 100000, Loaded 15, Type Point
[LIBGPUSPATIAL] [ 10798][17:58:31:484721][info  ] RTSpatialIndex 0x790ca000a7d0 (Used 1 MB), Probe Points, Size: 100000, Results: 17
[LIBGPUSPATIAL] [ 10796][17:58:31:484762][info  ] RTSpatialRefiner 0x790ca3d29630 (Used 0 MB), Evaluating 21 Geometry Pairs with Predicate Intersects
[LIBGPUSPATIAL] [ 10797][17:58:31:484855][info  ] RTSpatialRefiner 0x790ca3d29630 (Used 0 MB), Evaluating 15 Geometry Pairs with Predicate Intersects
[LIBGPUSPATIAL] [ 10799][17:58:31:485055][info  ] RTSpatialIndex 0x790ca000a7d0 (Used 0 MB), Probe Points, Size: 100000, Results: 17
[LIBGPUSPATIAL] [ 10803][17:58:31:485545][info  ] RTSpatialRefiner 0x790ca3d29630 (Used 0 MB), Loaded Geometries, ProbeArray 100000, Loaded 7, Type Point
[LIBGPUSPATIAL] [ 10803][17:58:31:485664][info  ] RTSpatialRefiner 0x790ca3d29630 (Used 0 MB), Evaluating 7 Geometry Pairs with Predicate Intersects
[LIBGPUSPATIAL] [ 10798][17:58:31:485700][info  ] RTSpatialRefiner 0x790ca3d29630 (Used 0 MB), Loaded Geometries, ProbeArray 100000, Loaded 17, Type Point
[LIBGPUSPATIAL] [ 10798][17:58:31:485740][info  ] RTSpatialRefiner 0x790ca3d29630 (Used 0 MB), Evaluating 17 Geometry Pairs with Predicate Intersects
[LIBGPUSPATIAL] [ 10801][17:58:31:485943][info  ] RTSpatialRefiner 0x790ca3d29630 (Used 0 MB), Loaded Geometries, ProbeArray 100000, Loaded 17, Type Point
[LIBGPUSPATIAL] [ 10801][17:58:31:485992][info  ] RTSpatialRefiner 0x790ca3d29630 (Used 0 MB), Evaluating 17 Geometry Pairs with Predicate Intersects
[LIBGPUSPATIAL] [ 10799][17:58:31:486197][info  ] RTSpatialRefiner 0x790ca3d29630 (Used 0 MB), Loaded Geometries, ProbeArray 100000, Loaded 17, Type Point
[LIBGPUSPATIAL] [ 10799][17:58:31:486280][info  ] RTSpatialRefiner 0x790ca3d29630 (Used 0 MB), Evaluating 17 Geometry Pairs with Predicate Intersects
[LIBGPUSPATIAL] [ 10802][17:58:31:497345][info  ] RTSpatialIndex 0x790ca000a7d0 (Used 0 MB), Allocate result buffer, memory consumption 0 MB, capacity 18
[LIBGPUSPATIAL] [ 10802][17:58:31:497577][info  ] RTSpatialIndex 0x790ca000a7d0 (Used 0 MB), Probe Points, Size: 100000, Results: 18
[LIBGPUSPATIAL] [ 10802][17:58:31:499853][info  ] RTSpatialRefiner 0x790ca3d29630 (Used 7 MB), Loaded Geometries, ProbeArray 100000, Loaded 18, Type Point
[LIBGPUSPATIAL] [ 10802][17:58:31:499931][info  ] RTSpatialRefiner 0x790ca3d29630 (Used 7 MB), Evaluating 18 Geometry Pairs with Predicate Intersects
[LIBGPUSPATIAL] [ 10800][17:58:31:500614][info  ] RTSpatialIndex 0x790ca000a7d0 (Used 6 MB), Allocate result buffer, memory consumption 0 MB, capacity 16
[LIBGPUSPATIAL] [ 10796][17:58:31:500886][info  ] RTSpatialIndex 0x790ca000a7d0 (Used 5 MB), Allocate result buffer, memory consumption 0 MB, capacity 14
[LIBGPUSPATIAL] [ 10797][17:58:31:501076][info  ] RTSpatialIndex 0x790ca000a7d0 (Used 5 MB), Allocate result buffer, memory consumption 0 MB, capacity 8
[LIBGPUSPATIAL] [ 10803][17:58:31:501126][info  ] RTSpatialIndex 0x790ca000a7d0 (Used 5 MB), Allocate result buffer, memory consumption 0 MB, capacity 8
[LIBGPUSPATIAL] [ 10798][17:58:31:501220][info  ] RTSpatialIndex 0x790ca000a7d0 (Used 5 MB), Allocate result buffer, memory consumption 0 MB, capacity 11
[LIBGPUSPATIAL] [ 10801][17:58:31:501286][info  ] RTSpatialIndex 0x790ca000a7d0 (Used 5 MB), Allocate result buffer, memory consumption 0 MB, capacity 15
[LIBGPUSPATIAL] [ 10800][17:58:31:501455][info  ] RTSpatialIndex 0x790ca000a7d0 (Used 5 MB), Probe Points, Size: 100000, Results: 16
[LIBGPUSPATIAL] [ 10799][17:58:31:501485][info  ] RTSpatialIndex 0x790ca000a7d0 (Used 5 MB), Allocate result buffer, memory consumption 0 MB, capacity 13
[LIBGPUSPATIAL] [ 10796][17:58:31:501661][info  ] RTSpatialIndex 0x790ca000a7d0 (Used 4 MB), Probe Points, Size: 100000, Results: 14
[LIBGPUSPATIAL] [ 10803][17:58:31:501984][info  ] RTSpatialIndex 0x790ca000a7d0 (Used 3 MB), Probe Points, Size: 100000, Results: 8
[LIBGPUSPATIAL] [ 10797][17:58:31:502205][info  ] RTSpatialIndex 0x790ca000a7d0 (Used 3 MB), Probe Points, Size: 100000, Results: 8
[LIBGPUSPATIAL] [ 10800][17:58:31:502229][info  ] RTSpatialRefiner 0x790ca3d29630 (Used 3 MB), Loaded Geometries, ProbeArray 100000, Loaded 16, Type Point
[LIBGPUSPATIAL] [ 10798][17:58:31:502525][info  ] RTSpatialIndex 0x790ca000a7d0 (Used 2 MB), Probe Points, Size: 100000, Results: 11
[LIBGPUSPATIAL] [ 10800][17:58:31:502646][info  ] RTSpatialRefiner 0x790ca3d29630 (Used 2 MB), Evaluating 16 Geometry Pairs with Predicate Intersects
[LIBGPUSPATIAL] [ 10801][17:58:31:502655][info  ] RTSpatialIndex 0x790ca000a7d0 (Used 2 MB), Probe Points, Size: 100000, Results: 15
[LIBGPUSPATIAL] [ 10799][17:58:31:502816][info  ] RTSpatialIndex 0x790ca000a7d0 (Used 0 MB), Probe Points, Size: 100000, Results: 13
[LIBGPUSPATIAL] [ 10796][17:58:31:502883][info  ] RTSpatialRefiner 0x790ca3d29630 (Used 0 MB), Loaded Geometries, ProbeArray 100000, Loaded 14, Type Point
[LIBGPUSPATIAL] [ 10796][17:58:31:502934][info  ] RTSpatialRefiner 0x790ca3d29630 (Used 0 MB), Evaluating 14 Geometry Pairs with Predicate Intersects
[LIBGPUSPATIAL] [ 10803][17:58:31:503260][info  ] RTSpatialRefiner 0x790ca3d29630 (Used 0 MB), Loaded Geometries, ProbeArray 100000, Loaded 8, Type Point
[LIBGPUSPATIAL] [ 10803][17:58:31:503295][info  ] RTSpatialRefiner 0x790ca3d29630 (Used 0 MB), Evaluating 8 Geometry Pairs with Predicate Intersects
[LIBGPUSPATIAL] [ 10797][17:58:31:503491][info  ] RTSpatialRefiner 0x790ca3d29630 (Used 0 MB), Loaded Geometries, ProbeArray 100000, Loaded 8, Type Point
[LIBGPUSPATIAL] [ 10797][17:58:31:503544][info  ] RTSpatialRefiner 0x790ca3d29630 (Used 0 MB), Evaluating 8 Geometry Pairs with Predicate Intersects
[LIBGPUSPATIAL] [ 10798][17:58:31:504031][info  ] RTSpatialRefiner 0x790ca3d29630 (Used 0 MB), Loaded Geometries, ProbeArray 100000, Loaded 11, Type Point
[LIBGPUSPATIAL] [ 10798][17:58:31:504119][info  ] RTSpatialRefiner 0x790ca3d29630 (Used 0 MB), Evaluating 11 Geometry Pairs with Predicate Intersects
[LIBGPUSPATIAL] [ 10801][17:58:31:504240][info  ] RTSpatialRefiner 0x790ca3d29630 (Used 0 MB), Loaded Geometries, ProbeArray 100000, Loaded 15, Type Point
[LIBGPUSPATIAL] [ 10799][17:58:31:504272][info  ] RTSpatialRefiner 0x790ca3d29630 (Used 0 MB), Loaded Geometries, ProbeArray 100000, Loaded 13, Type Point
[LIBGPUSPATIAL] [ 10801][17:58:31:504392][info  ] RTSpatialRefiner 0x790ca3d29630 (Used 0 MB), Evaluating 15 Geometry Pairs with Predicate Intersects
[LIBGPUSPATIAL] [ 10799][17:58:31:504416][info  ] RTSpatialRefiner 0x790ca3d29630 (Used 0 MB), Evaluating 13 Geometry Pairs with Predicate Intersects
[LIBGPUSPATIAL] [ 10802][17:58:31:514044][info  ] RTSpatialIndex 0x790ca000a7d0 (Used 0 MB), Allocate result buffer, memory consumption 0 MB, capacity 14
[LIBGPUSPATIAL] [ 10802][17:58:31:514171][info  ] RTSpatialIndex 0x790ca000a7d0 (Used 0 MB), Probe Points, Size: 100000, Results: 14
[LIBGPUSPATIAL] [ 10796][17:58:31:516913][info  ] RTSpatialIndex 0x790ca000a7d0 (Used 1 MB), Allocate result buffer, memory consumption 0 MB, capacity 11
[LIBGPUSPATIAL] [ 10802][17:58:31:516934][info  ] RTSpatialRefiner 0x790ca3d29630 (Used 1 MB), Loaded Geometries, ProbeArray 100000, Loaded 14, Type Point
[LIBGPUSPATIAL] [ 10800][17:58:31:516997][info  ] RTSpatialIndex 0x790ca000a7d0 (Used 1 MB), Allocate result buffer, memory consumption 0 MB, capacity 13
[LIBGPUSPATIAL] [ 10802][17:58:31:517213][info  ] RTSpatialRefiner 0x790ca3d29630 (Used 3 MB), Evaluating 14 Geometry Pairs with Predicate Intersects
[LIBGPUSPATIAL] [ 10796][17:58:31:518228][info  ] RTSpatialIndex 0x790ca000a7d0 (Used 7 MB), Probe Points, Size: 100000, Results: 11
[LIBGPUSPATIAL] [ 10797][17:58:31:518501][info  ] RTSpatialIndex 0x790ca000a7d0 (Used 5 MB), Allocate result buffer, memory consumption 0 MB, capacity 13
[LIBGPUSPATIAL] [ 10799][17:58:31:518770][info  ] RTSpatialIndex 0x790ca000a7d0 (Used 4 MB), Allocate result buffer, memory consumption 0 MB, capacity 12
[LIBGPUSPATIAL] [ 10801][17:58:31:518910][info  ] RTSpatialIndex 0x790ca000a7d0 (Used 4 MB), Allocate result buffer, memory consumption 0 MB, capacity 17
[LIBGPUSPATIAL] [ 10796][17:58:31:519103][info  ] RTSpatialRefiner 0x790ca3d29630 (Used 4 MB), Loaded Geometries, ProbeArray 100000, Loaded 11, Type Point
[LIBGPUSPATIAL] [ 10803][17:58:31:519109][info  ] RTSpatialIndex 0x790ca000a7d0 (Used 4 MB), Allocate result buffer, memory consumption 0 MB, capacity 16
[LIBGPUSPATIAL] [ 10796][17:58:31:519176][info  ] RTSpatialRefiner 0x790ca3d29630 (Used 4 MB), Evaluating 11 Geometry Pairs with Predicate Intersects
[LIBGPUSPATIAL] [ 10801][17:58:31:519234][info  ] RTSpatialIndex 0x790ca000a7d0 (Used 4 MB), Probe Points, Size: 100000, Results: 17
[LIBGPUSPATIAL] [ 10797][17:58:31:519409][info  ] RTSpatialIndex 0x790ca000a7d0 (Used 3 MB), Probe Points, Size: 100000, Results: 13
[LIBGPUSPATIAL] [ 10803][17:58:31:519702][info  ] RTSpatialIndex 0x790ca000a7d0 (Used 3 MB), Probe Points, Size: 100000, Results: 16
[LIBGPUSPATIAL] [ 10799][17:58:31:519826][info  ] RTSpatialIndex 0x790ca000a7d0 (Used 2 MB), Probe Points, Size: 100000, Results: 12
[LIBGPUSPATIAL] [ 10800][17:58:31:520082][info  ] RTSpatialIndex 0x790ca000a7d0 (Used 1 MB), Probe Points, Size: 100000, Results: 13
[LIBGPUSPATIAL] [ 10798][17:58:31:520117][info  ] RTSpatialIndex 0x790ca000a7d0 (Used 0 MB), Allocate result buffer, memory consumption 0 MB, capacity 9
[LIBGPUSPATIAL] [ 10801][17:58:31:520594][info  ] RTSpatialRefiner 0x790ca3d29630 (Used 0 MB), Loaded Geometries, ProbeArray 100000, Loaded 17, Type Point
[LIBGPUSPATIAL] [ 10798][17:58:31:520634][info  ] RTSpatialIndex 0x790ca000a7d0 (Used 0 MB), Probe Points, Size: 100000, Results: 9
[LIBGPUSPATIAL] [ 10797][17:58:31:520648][info  ] RTSpatialRefiner 0x790ca3d29630 (Used 0 MB), Loaded Geometries, ProbeArray 100000, Loaded 13, Type Point
[LIBGPUSPATIAL] [ 10801][17:58:31:520657][info  ] RTSpatialRefiner 0x790ca3d29630 (Used 0 MB), Evaluating 17 Geometry Pairs with Predicate Intersects
[LIBGPUSPATIAL] [ 10797][17:58:31:520695][info  ] RTSpatialRefiner 0x790ca3d29630 (Used 0 MB), Evaluating 13 Geometry Pairs with Predicate Intersects
[LIBGPUSPATIAL] [ 10803][17:58:31:520976][info  ] RTSpatialRefiner 0x790ca3d29630 (Used 0 MB), Loaded Geometries, ProbeArray 100000, Loaded 16, Type Point
[LIBGPUSPATIAL] [ 10803][17:58:31:521021][info  ] RTSpatialRefiner 0x790ca3d29630 (Used 0 MB), Evaluating 16 Geometry Pairs with Predicate Intersects
[LIBGPUSPATIAL] [ 10800][17:58:31:521335][info  ] RTSpatialRefiner 0x790ca3d29630 (Used 0 MB), Loaded Geometries, ProbeArray 100000, Loaded 13, Type Point
[LIBGPUSPATIAL] [ 10799][17:58:31:521368][info  ] RTSpatialRefiner 0x790ca3d29630 (Used 0 MB), Loaded Geometries, ProbeArray 100000, Loaded 12, Type Point
[LIBGPUSPATIAL] [ 10799][17:58:31:521418][info  ] RTSpatialRefiner 0x790ca3d29630 (Used 0 MB), Evaluating 12 Geometry Pairs with Predicate Intersects
[LIBGPUSPATIAL] [ 10798][17:58:31:521425][info  ] RTSpatialRefiner 0x790ca3d29630 (Used 0 MB), Loaded Geometries, ProbeArray 100000, Loaded 9, Type Point
[LIBGPUSPATIAL] [ 10798][17:58:31:521463][info  ] RTSpatialRefiner 0x790ca3d29630 (Used 0 MB), Evaluating 9 Geometry Pairs with Predicate Intersects
[LIBGPUSPATIAL] [ 10800][17:58:31:521560][info  ] RTSpatialRefiner 0x790ca3d29630 (Used 0 MB), Evaluating 13 Geometry Pairs with Predicate Intersects
[LIBGPUSPATIAL] [ 10802][17:58:31:532996][info  ] RTSpatialIndex 0x790ca000a7d0 (Used 0 MB), Allocate result buffer, memory consumption 0 MB, capacity 11
[LIBGPUSPATIAL] [ 10802][17:58:31:533224][info  ] RTSpatialIndex 0x790ca000a7d0 (Used 0 MB), Probe Points, Size: 100000, Results: 11
[LIBGPUSPATIAL] [ 10802][17:58:31:534215][info  ] RTSpatialRefiner 0x790ca3d29630 (Used 2 MB), Loaded Geometries, ProbeArray 100000, Loaded 11, Type Point
[LIBGPUSPATIAL] [ 10802][17:58:31:534317][info  ] RTSpatialRefiner 0x790ca3d29630 (Used 4 MB), Evaluating 11 Geometry Pairs with Predicate Intersects
[LIBGPUSPATIAL] [ 10796][17:58:31:535181][info  ] RTSpatialIndex 0x790ca000a7d0 (Used 6 MB), Allocate result buffer, memory consumption 0 MB, capacity 18
[LIBGPUSPATIAL] [ 10801][17:58:31:535888][info  ] RTSpatialIndex 0x790ca000a7d0 (Used 6 MB), Allocate result buffer, memory consumption 0 MB, capacity 16
[LIBGPUSPATIAL] [ 10796][17:58:31:536117][info  ] RTSpatialIndex 0x790ca000a7d0 (Used 5 MB), Probe Points, Size: 100000, Results: 18
[LIBGPUSPATIAL] [ 10797][17:58:31:536282][info  ] RTSpatialIndex 0x790ca000a7d0 (Used 4 MB), Allocate result buffer, memory consumption 0 MB, capacity 14
[LIBGPUSPATIAL] [ 10798][17:58:31:536466][info  ] RTSpatialIndex 0x790ca000a7d0 (Used 4 MB), Allocate result buffer, memory consumption 0 MB, capacity 15
[LIBGPUSPATIAL] [ 10796][17:58:31:536584][info  ] RTSpatialRefiner 0x790ca3d29630 (Used 4 MB), Loaded Geometries, ProbeArray 100000, Loaded 18, Type Point
[LIBGPUSPATIAL] [ 10797][17:58:31:536609][info  ] RTSpatialIndex 0x790ca000a7d0 (Used 4 MB), Probe Points, Size: 100000, Results: 14
[LIBGPUSPATIAL] [ 10796][17:58:31:536642][info  ] RTSpatialRefiner 0x790ca3d29630 (Used 4 MB), Evaluating 18 Geometry Pairs with Predicate Intersects
[LIBGPUSPATIAL] [ 10803][17:58:31:536649][info  ] RTSpatialIndex 0x790ca000a7d0 (Used 4 MB), Allocate result buffer, memory consumption 0 MB, capacity 27
[LIBGPUSPATIAL] [ 10801][17:58:31:536832][info  ] RTSpatialIndex 0x790ca000a7d0 (Used 3 MB), Probe Points, Size: 100000, Results: 16
[LIBGPUSPATIAL] [ 10800][17:58:31:536903][info  ] RTSpatialIndex 0x790ca000a7d0 (Used 3 MB), Allocate result buffer, memory consumption 0 MB, capacity 14
[LIBGPUSPATIAL] [ 10799][17:58:31:537362][info  ] RTSpatialIndex 0x790ca000a7d0 (Used 3 MB), Allocate result buffer, memory consumption 0 MB, capacity 15
[LIBGPUSPATIAL] [ 10797][17:58:31:537437][info  ] RTSpatialRefiner 0x790ca3d29630 (Used 3 MB), Loaded Geometries, ProbeArray 100000, Loaded 14, Type Point
[LIBGPUSPATIAL] [ 10801][17:58:31:537535][info  ] RTSpatialRefiner 0x790ca3d29630 (Used 3 MB), Loaded Geometries, ProbeArray 100000, Loaded 16, Type Point
[LIBGPUSPATIAL] [ 10797][17:58:31:537543][info  ] RTSpatialRefiner 0x790ca3d29630 (Used 3 MB), Evaluating 14 Geometry Pairs with Predicate Intersects
[LIBGPUSPATIAL] [ 10801][17:58:31:537595][info  ] RTSpatialRefiner 0x790ca3d29630 (Used 3 MB), Evaluating 16 Geometry Pairs with Predicate Intersects
[LIBGPUSPATIAL] [ 10798][17:58:31:537780][info  ] RTSpatialIndex 0x790ca000a7d0 (Used 3 MB), Probe Points, Size: 100000, Results: 15
[LIBGPUSPATIAL] [ 10803][17:58:31:537968][info  ] RTSpatialIndex 0x790ca000a7d0 (Used 2 MB), Probe Points, Size: 100000, Results: 27
[LIBGPUSPATIAL] [ 10800][17:58:31:538099][info  ] RTSpatialIndex 0x790ca000a7d0 (Used 2 MB), Probe Points, Size: 100000, Results: 14
[LIBGPUSPATIAL] [ 10799][17:58:31:538274][info  ] RTSpatialIndex 0x790ca000a7d0 (Used 0 MB), Probe Points, Size: 100000, Results: 15
[LIBGPUSPATIAL] [ 10798][17:58:31:539103][info  ] RTSpatialRefiner 0x790ca3d29630 (Used 0 MB), Loaded Geometries, ProbeArray 100000, Loaded 15, Type Point
[LIBGPUSPATIAL] [ 10798][17:58:31:539147][info  ] RTSpatialRefiner 0x790ca3d29630 (Used 0 MB), Evaluating 15 Geometry Pairs with Predicate Intersects
[LIBGPUSPATIAL] [ 10800][17:58:31:541214][info  ] RTSpatialRefiner 0x790ca3d29630 (Used 0 MB), Loaded Geometries, ProbeArray 100000, Loaded 14, Type Point
[LIBGPUSPATIAL] [ 10799][17:58:31:541267][info  ] RTSpatialRefiner 0x790ca3d29630 (Used 0 MB), Loaded Geometries, ProbeArray 100000, Loaded 15, Type Point
[LIBGPUSPATIAL] [ 10800][17:58:31:541271][info  ] RTSpatialRefiner 0x790ca3d29630 (Used 0 MB), Evaluating 14 Geometry Pairs with Predicate Intersects
[LIBGPUSPATIAL] [ 10803][17:58:31:541281][info  ] RTSpatialRefiner 0x790ca3d29630 (Used 0 MB), Loaded Geometries, ProbeArray 100000, Loaded 27, Type Point
[LIBGPUSPATIAL] [ 10799][17:58:31:541303][info  ] RTSpatialRefiner 0x790ca3d29630 (Used 0 MB), Evaluating 15 Geometry Pairs with Predicate Intersects
[LIBGPUSPATIAL] [ 10803][17:58:31:541323][info  ] RTSpatialRefiner 0x790ca3d29630 (Used 0 MB), Evaluating 27 Geometry Pairs with Predicate Intersects
[LIBGPUSPATIAL] [ 10802][17:58:31:549754][info  ] RTSpatialIndex 0x790ca000a7d0 (Used 0 MB), Allocate result buffer, memory consumption 0 MB, capacity 13
[LIBGPUSPATIAL] [ 10802][17:58:31:549971][info  ] RTSpatialIndex 0x790ca000a7d0 (Used 0 MB), Probe Points, Size: 100000, Results: 13
[LIBGPUSPATIAL] [ 10796][17:58:31:551398][info  ] RTSpatialIndex 0x790ca000a7d0 (Used 3 MB), Allocate result buffer, memory consumption 0 MB, capacity 8
[LIBGPUSPATIAL] [ 10801][17:58:31:551530][info  ] RTSpatialIndex 0x790ca000a7d0 (Used 2 MB), Allocate result buffer, memory consumption 0 MB, capacity 9
[LIBGPUSPATIAL] [ 10802][17:58:31:551668][info  ] RTSpatialRefiner 0x790ca3d29630 (Used 3 MB), Loaded Geometries, ProbeArray 100000, Loaded 13, Type Point
[LIBGPUSPATIAL] [ 10802][17:58:31:551743][info  ] RTSpatialRefiner 0x790ca3d29630 (Used 4 MB), Evaluating 13 Geometry Pairs with Predicate Intersects
[LIBGPUSPATIAL] [ 10797][17:58:31:551989][info  ] RTSpatialIndex 0x790ca000a7d0 (Used 4 MB), Allocate result buffer, memory consumption 0 MB, capacity 14
[LIBGPUSPATIAL] [ 10798][17:58:31:552206][info  ] RTSpatialIndex 0x790ca000a7d0 (Used 3 MB), Allocate result buffer, memory consumption 0 MB, capacity 12
[LIBGPUSPATIAL] [ 10801][17:58:31:552531][info  ] RTSpatialIndex 0x790ca000a7d0 (Used 3 MB), Probe Points, Size: 100000, Results: 9
[LIBGPUSPATIAL] [ 10797][17:58:31:552712][info  ] RTSpatialIndex 0x790ca000a7d0 (Used 2 MB), Probe Points, Size: 100000, Results: 14
[LIBGPUSPATIAL] [ 10796][17:58:31:552951][info  ] RTSpatialIndex 0x790ca000a7d0 (Used 1 MB), Probe Points, Size: 100000, Results: 8
[LIBGPUSPATIAL] [ 10798][17:58:31:553137][info  ] RTSpatialIndex 0x790ca000a7d0 (Used 0 MB), Probe Points, Size: 100000, Results: 12
[LIBGPUSPATIAL] [ 10796][17:58:31:553932][info  ] RTSpatialRefiner 0x790ca3d29630 (Used 3 MB), Loaded Geometries, ProbeArray 100000, Loaded 8, Type Point
[LIBGPUSPATIAL] [ 10796][17:58:31:553992][info  ] RTSpatialRefiner 0x790ca3d29630 (Used 3 MB), Evaluating 8 Geometry Pairs with Predicate Intersects
[LIBGPUSPATIAL] [ 10797][17:58:31:554004][info  ] RTSpatialRefiner 0x790ca3d29630 (Used 3 MB), Loaded Geometries, ProbeArray 100000, Loaded 14, Type Point
[LIBGPUSPATIAL] [ 10797][17:58:31:554062][info  ] RTSpatialRefiner 0x790ca3d29630 (Used 3 MB), Evaluating 14 Geometry Pairs with Predicate Intersects
[LIBGPUSPATIAL] [ 10801][17:58:31:554074][info  ] RTSpatialRefiner 0x790ca3d29630 (Used 3 MB), Loaded Geometries, ProbeArray 100000, Loaded 9, Type Point
[LIBGPUSPATIAL] [ 10798][17:58:31:554221][info  ] RTSpatialRefiner 0x790ca3d29630 (Used 2 MB), Loaded Geometries, ProbeArray 100000, Loaded 12, Type Point
[LIBGPUSPATIAL] [ 10798][17:58:31:554254][info  ] RTSpatialRefiner 0x790ca3d29630 (Used 2 MB), Evaluating 12 Geometry Pairs with Predicate Intersects
[LIBGPUSPATIAL] [ 10801][17:58:31:554450][info  ] RTSpatialRefiner 0x790ca3d29630 (Used 2 MB), Evaluating 9 Geometry Pairs with Predicate Intersects
[LIBGPUSPATIAL] [ 10800][17:58:31:554689][info  ] RTSpatialIndex 0x790ca000a7d0 (Used 2 MB), Allocate result buffer, memory consumption 0 MB, capacity 20
[LIBGPUSPATIAL] [ 10799][17:58:31:555123][info  ] RTSpatialIndex 0x790ca000a7d0 (Used 2 MB), Allocate result buffer, memory consumption 0 MB, capacity 7
[LIBGPUSPATIAL] [ 10800][17:58:31:555400][info  ] RTSpatialIndex 0x790ca000a7d0 (Used 2 MB), Probe Points, Size: 100000, Results: 20
[LIBGPUSPATIAL] [ 10803][17:58:31:555484][info  ] RTSpatialIndex 0x790ca000a7d0 (Used 1 MB), Allocate result buffer, memory consumption 0 MB, capacity 18
[LIBGPUSPATIAL] [ 10799][17:58:31:555992][info  ] RTSpatialIndex 0x790ca000a7d0 (Used 1 MB), Probe Points, Size: 100000, Results: 7
[LIBGPUSPATIAL] [ 10800][17:58:31:556336][info  ] RTSpatialRefiner 0x790ca3d29630 (Used 0 MB), Loaded Geometries, ProbeArray 100000, Loaded 20, Type Point
[LIBGPUSPATIAL] [ 10803][17:58:31:556407][info  ] RTSpatialIndex 0x790ca000a7d0 (Used 0 MB), Probe Points, Size: 100000, Results: 18
[LIBGPUSPATIAL] [ 10800][17:58:31:556451][info  ] RTSpatialRefiner 0x790ca3d29630 (Used 0 MB), Evaluating 20 Geometry Pairs with Predicate Intersects
[LIBGPUSPATIAL] [ 10803][17:58:31:556925][info  ] RTSpatialRefiner 0x790ca3d29630 (Used 0 MB), Loaded Geometries, ProbeArray 100000, Loaded 18, Type Point
[LIBGPUSPATIAL] [ 10803][17:58:31:557008][info  ] RTSpatialRefiner 0x790ca3d29630 (Used 0 MB), Evaluating 18 Geometry Pairs with Predicate Intersects
[LIBGPUSPATIAL] [ 10799][17:58:31:560223][info  ] RTSpatialRefiner 0x790ca3d29630 (Used 0 MB), Loaded Geometries, ProbeArray 100000, Loaded 7, Type Point
[LIBGPUSPATIAL] [ 10799][17:58:31:560275][info  ] RTSpatialRefiner 0x790ca3d29630 (Used 0 MB), Evaluating 7 Geometry Pairs with Predicate Intersects
[LIBGPUSPATIAL] [ 10802][17:58:31:567460][info  ] RTSpatialIndex 0x790ca000a7d0 (Used 0 MB), Allocate result buffer, memory consumption 0 MB, capacity 14
[LIBGPUSPATIAL] [ 10802][17:58:31:567593][info  ] RTSpatialIndex 0x790ca000a7d0 (Used 0 MB), Probe Points, Size: 100000, Results: 14
[LIBGPUSPATIAL] [ 10800][17:58:31:568442][info  ] RTSpatialIndex 0x790ca000a7d0 (Used 0 MB), Allocate result buffer, memory consumption 0 MB, capacity 20
[LIBGPUSPATIAL] [ 10802][17:58:31:568450][info  ] RTSpatialRefiner 0x790ca3d29630 (Used 0 MB), Loaded Geometries, ProbeArray 100000, Loaded 14, Type Point
[LIBGPUSPATIAL] [ 10802][17:58:31:568526][info  ] RTSpatialRefiner 0x790ca3d29630 (Used 0 MB), Evaluating 14 Geometry Pairs with Predicate Intersects
[LIBGPUSPATIAL] [ 10800][17:58:31:570186][info  ] RTSpatialIndex 0x790ca000a7d0 (Used 5 MB), Probe Points, Size: 100000, Results: 20
[LIBGPUSPATIAL] [ 10801][17:58:31:570563][info  ] RTSpatialIndex 0x790ca000a7d0 (Used 3 MB), Allocate result buffer, memory consumption 0 MB, capacity 16
[LIBGPUSPATIAL] [ 10796][17:58:31:570650][info  ] RTSpatialIndex 0x790ca000a7d0 (Used 3 MB), Allocate result buffer, memory consumption 0 MB, capacity 18
[LIBGPUSPATIAL] [ 10798][17:58:31:570894][info  ] RTSpatialIndex 0x790ca000a7d0 (Used 3 MB), Allocate result buffer, memory consumption 0 MB, capacity 17
[LIBGPUSPATIAL] [ 10801][17:58:31:570995][info  ] RTSpatialIndex 0x790ca000a7d0 (Used 3 MB), Probe Points, Size: 100000, Results: 16
[LIBGPUSPATIAL] [ 10800][17:58:31:571190][info  ] RTSpatialRefiner 0x790ca3d29630 (Used 3 MB), Loaded Geometries, ProbeArray 100000, Loaded 20, Type Point
[LIBGPUSPATIAL] [ 10803][17:58:31:571246][info  ] RTSpatialIndex 0x790ca000a7d0 (Used 3 MB), Allocate result buffer, memory consumption 0 MB, capacity 16
[LIBGPUSPATIAL] [ 10800][17:58:31:571297][info  ] RTSpatialRefiner 0x790ca3d29630 (Used 3 MB), Evaluating 20 Geometry Pairs with Predicate Intersects
[LIBGPUSPATIAL] [ 10796][17:58:31:571525][info  ] RTSpatialIndex 0x790ca000a7d0 (Used 3 MB), Probe Points, Size: 100000, Results: 18
[LIBGPUSPATIAL] [ 10797][17:58:31:571785][info  ] RTSpatialIndex 0x790ca000a7d0 (Used 2 MB), Allocate result buffer, memory consumption 0 MB, capacity 24
[LIBGPUSPATIAL] [ 10801][17:58:31:571948][info  ] RTSpatialRefiner 0x790ca3d29630 (Used 2 MB), Loaded Geometries, ProbeArray 100000, Loaded 16, Type Point
[LIBGPUSPATIAL] [ 10801][17:58:31:572166][info  ] RTSpatialRefiner 0x790ca3d29630 (Used 2 MB), Evaluating 16 Geometry Pairs with Predicate Intersects
[LIBGPUSPATIAL] [ 10798][17:58:31:572196][info  ] RTSpatialIndex 0x790ca000a7d0 (Used 2 MB), Probe Points, Size: 100000, Results: 17
[LIBGPUSPATIAL] [ 10803][17:58:31:572620][info  ] RTSpatialIndex 0x790ca000a7d0 (Used 1 MB), Probe Points, Size: 100000, Results: 16
[LIBGPUSPATIAL] [ 10796][17:58:31:572789][info  ] RTSpatialRefiner 0x790ca3d29630 (Used 0 MB), Loaded Geometries, ProbeArray 100000, Loaded 18, Type Point
[LIBGPUSPATIAL] [ 10796][17:58:31:572862][info  ] RTSpatialRefiner 0x790ca3d29630 (Used 0 MB), Evaluating 18 Geometry Pairs with Predicate Intersects
[LIBGPUSPATIAL] [ 10803][17:58:31:573186][info  ] RTSpatialRefiner 0x790ca3d29630 (Used 2 MB), Loaded Geometries, ProbeArray 100000, Loaded 16, Type Point
[LIBGPUSPATIAL] [ 10803][17:58:31:573277][info  ] RTSpatialRefiner 0x790ca3d29630 (Used 2 MB), Evaluating 16 Geometry Pairs with Predicate Intersects
[LIBGPUSPATIAL] [ 10798][17:58:31:573543][info  ] RTSpatialRefiner 0x790ca3d29630 (Used 1 MB), Loaded Geometries, ProbeArray 100000, Loaded 17, Type Point
[LIBGPUSPATIAL] [ 10798][17:58:31:573582][info  ] RTSpatialRefiner 0x790ca3d29630 (Used 1 MB), Evaluating 17 Geometry Pairs with Predicate Intersects
[LIBGPUSPATIAL] [ 10797][17:58:31:573610][info  ] RTSpatialIndex 0x790ca000a7d0 (Used 1 MB), Probe Points, Size: 100000, Results: 24
[LIBGPUSPATIAL] [ 10799][17:58:31:574352][info  ] RTSpatialIndex 0x790ca000a7d0 (Used 0 MB), Allocate result buffer, memory consumption 0 MB, capacity 9
[LIBGPUSPATIAL] [ 10797][17:58:31:574650][info  ] RTSpatialRefiner 0x790ca3d29630 (Used 0 MB), Loaded Geometries, ProbeArray 100000, Loaded 24, Type Point
[LIBGPUSPATIAL] [ 10797][17:58:31:574701][info  ] RTSpatialRefiner 0x790ca3d29630 (Used 1 MB), Evaluating 24 Geometry Pairs with Predicate Intersects
[LIBGPUSPATIAL] [ 10799][17:58:31:575156][info  ] RTSpatialIndex 0x790ca000a7d0 (Used 0 MB), Probe Points, Size: 100000, Results: 9
[LIBGPUSPATIAL] [ 10799][17:58:31:578315][info  ] RTSpatialRefiner 0x790ca3d29630 (Used 0 MB), Loaded Geometries, ProbeArray 100000, Loaded 9, Type Point
[LIBGPUSPATIAL] [ 10799][17:58:31:578369][info  ] RTSpatialRefiner 0x790ca3d29630 (Used 0 MB), Evaluating 9 Geometry Pairs with Predicate Intersects
[LIBGPUSPATIAL] [ 10802][17:58:31:585784][info  ] RTSpatialIndex 0x790ca000a7d0 (Used 0 MB), Allocate result buffer, memory consumption 0 MB, capacity 12
[LIBGPUSPATIAL] [ 10802][17:58:31:585961][info  ] RTSpatialIndex 0x790ca000a7d0 (Used 0 MB), Probe Points, Size: 100000, Results: 12
[LIBGPUSPATIAL] [ 10802][17:58:31:586723][info  ] RTSpatialRefiner 0x790ca3d29630 (Used 2 MB), Loaded Geometries, ProbeArray 100000, Loaded 12, Type Point
[LIBGPUSPATIAL] [ 10802][17:58:31:586825][info  ] RTSpatialRefiner 0x790ca3d29630 (Used 2 MB), Evaluating 12 Geometry Pairs with Predicate Intersects
[LIBGPUSPATIAL] [ 10800][17:58:31:587141][info  ] RTSpatialIndex 0x790ca000a7d0 (Used 3 MB), Allocate result buffer, memory consumption 0 MB, capacity 8
[LIBGPUSPATIAL] [ 10801][17:58:31:587581][info  ] RTSpatialIndex 0x790ca000a7d0 (Used 2 MB), Allocate result buffer, memory consumption 0 MB, capacity 22
[LIBGPUSPATIAL] [ 10800][17:58:31:587957][info  ] RTSpatialIndex 0x790ca000a7d0 (Used 2 MB), Probe Points, Size: 100000, Results: 8
[LIBGPUSPATIAL] [ 10796][17:58:31:588100][info  ] RTSpatialIndex 0x790ca000a7d0 (Used 4 MB), Allocate result buffer, memory consumption 0 MB, capacity 17
[LIBGPUSPATIAL] [ 10800][17:58:31:588436][info  ] RTSpatialRefiner 0x790ca3d29630 (Used 4 MB), Loaded Geometries, ProbeArray 100000, Loaded 8, Type Point
[LIBGPUSPATIAL] [ 10800][17:58:31:588497][info  ] RTSpatialRefiner 0x790ca3d29630 (Used 4 MB), Evaluating 8 Geometry Pairs with Predicate Intersects
[LIBGPUSPATIAL] [ 10801][17:58:31:588794][info  ] RTSpatialIndex 0x790ca000a7d0 (Used 3 MB), Probe Points, Size: 100000, Results: 22
[LIBGPUSPATIAL] [ 10798][17:58:31:588948][info  ] RTSpatialIndex 0x790ca000a7d0 (Used 2 MB), Allocate result buffer, memory consumption 0 MB, capacity 15
[LIBGPUSPATIAL] [ 10796][17:58:31:589562][info  ] RTSpatialIndex 0x790ca000a7d0 (Used 3 MB), Probe Points, Size: 100000, Results: 17
[LIBGPUSPATIAL] [ 10801][17:58:31:589588][info  ] RTSpatialRefiner 0x790ca3d29630 (Used 3 MB), Loaded Geometries, ProbeArray 100000, Loaded 22, Type Point
[LIBGPUSPATIAL] [ 10797][17:58:31:589670][info  ] RTSpatialIndex 0x790ca000a7d0 (Used 2 MB), Allocate result buffer, memory consumption 0 MB, capacity 16
[LIBGPUSPATIAL] [ 10801][17:58:31:589693][info  ] RTSpatialRefiner 0x790ca3d29630 (Used 2 MB), Evaluating 22 Geometry Pairs with Predicate Intersects
[LIBGPUSPATIAL] [ 10798][17:58:31:589731][info  ] RTSpatialIndex 0x790ca000a7d0 (Used 2 MB), Probe Points, Size: 100000, Results: 15
[LIBGPUSPATIAL] [ 10803][17:58:31:590052][info  ] RTSpatialIndex 0x790ca000a7d0 (Used 1 MB), Allocate result buffer, memory consumption 0 MB, capacity 16
[LIBGPUSPATIAL] [ 10796][17:58:31:590312][info  ] RTSpatialRefiner 0x790ca3d29630 (Used 1 MB), Loaded Geometries, ProbeArray 100000, Loaded 17, Type Point
[LIBGPUSPATIAL] [ 10796][17:58:31:590379][info  ] RTSpatialRefiner 0x790ca3d29630 (Used 1 MB), Evaluating 17 Geometry Pairs with Predicate Intersects
[LIBGPUSPATIAL] [ 10797][17:58:31:590388][info  ] RTSpatialIndex 0x790ca000a7d0 (Used 1 MB), Probe Points, Size: 100000, Results: 16
[LIBGPUSPATIAL] [ 10803][17:58:31:590596][info  ] RTSpatialIndex 0x790ca000a7d0 (Used 0 MB), Probe Points, Size: 100000, Results: 16
[LIBGPUSPATIAL] [ 10798][17:58:31:590853][info  ] RTSpatialRefiner 0x790ca3d29630 (Used 0 MB), Loaded Geometries, ProbeArray 100000, Loaded 15, Type Point
[LIBGPUSPATIAL] [ 10798][17:58:31:590932][info  ] RTSpatialRefiner 0x790ca3d29630 (Used 0 MB), Evaluating 15 Geometry Pairs with Predicate Intersects
[LIBGPUSPATIAL] [ 10797][17:58:31:591407][info  ] RTSpatialRefiner 0x790ca3d29630 (Used 0 MB), Loaded Geometries, ProbeArray 100000, Loaded 16, Type Point
[LIBGPUSPATIAL] [ 10797][17:58:31:591459][info  ] RTSpatialRefiner 0x790ca3d29630 (Used 0 MB), Evaluating 16 Geometry Pairs with Predicate Intersects
[LIBGPUSPATIAL] [ 10803][17:58:31:591530][info  ] RTSpatialRefiner 0x790ca3d29630 (Used 0 MB), Loaded Geometries, ProbeArray 100000, Loaded 16, Type Point
[LIBGPUSPATIAL] [ 10803][17:58:31:591659][info  ] RTSpatialRefiner 0x790ca3d29630 (Used 0 MB), Evaluating 16 Geometry Pairs with Predicate Intersects
[LIBGPUSPATIAL] [ 10799][17:58:31:591920][info  ] RTSpatialIndex 0x790ca000a7d0 (Used 0 MB), Allocate result buffer, memory consumption 0 MB, capacity 13
[LIBGPUSPATIAL] [ 10799][17:58:31:592616][info  ] RTSpatialIndex 0x790ca000a7d0 (Used 0 MB), Probe Points, Size: 100000, Results: 13
[LIBGPUSPATIAL] [ 10799][17:58:31:593066][info  ] RTSpatialRefiner 0x790ca3d29630 (Used 0 MB), Loaded Geometries, ProbeArray 100000, Loaded 13, Type Point
[LIBGPUSPATIAL] [ 10799][17:58:31:593108][info  ] RTSpatialRefiner 0x790ca3d29630 (Used 0 MB), Evaluating 13 Geometry Pairs with Predicate Intersects
[LIBGPUSPATIAL] [ 10802][17:58:31:601520][info  ] RTSpatialIndex 0x790ca000a7d0 (Used 0 MB), Allocate result buffer, memory consumption 0 MB, capacity 12
[LIBGPUSPATIAL] [ 10802][17:58:31:601658][info  ] RTSpatialIndex 0x790ca000a7d0 (Used 0 MB), Probe Points, Size: 100000, Results: 12
[LIBGPUSPATIAL] [ 10802][17:58:31:602094][info  ] RTSpatialRefiner 0x790ca3d29630 (Used 0 MB), Loaded Geometries, ProbeArray 100000, Loaded 12, Type Point
[LIBGPUSPATIAL] [ 10802][17:58:31:602139][info  ] RTSpatialRefiner 0x790ca3d29630 (Used 0 MB), Evaluating 12 Geometry Pairs with Predicate Intersects
[LIBGPUSPATIAL] [ 10796][17:58:31:604076][info  ] RTSpatialIndex 0x790ca000a7d0 (Used 0 MB), Allocate result buffer, memory consumption 0 MB, capacity 14
[LIBGPUSPATIAL] [ 10796][17:58:31:604192][info  ] RTSpatialIndex 0x790ca000a7d0 (Used 0 MB), Probe Points, Size: 100000, Results: 14
[LIBGPUSPATIAL] [ 10796][17:58:31:605748][info  ] RTSpatialRefiner 0x790ca3d29630 (Used 3 MB), Loaded Geometries, ProbeArray 100000, Loaded 14, Type Point
[LIBGPUSPATIAL] [ 10796][17:58:31:605868][info  ] RTSpatialRefiner 0x790ca3d29630 (Used 5 MB), Evaluating 14 Geometry Pairs with Predicate Intersects
[LIBGPUSPATIAL] [ 10800][17:58:31:606489][info  ] RTSpatialIndex 0x790ca000a7d0 (Used 4 MB), Allocate result buffer, memory consumption 0 MB, capacity 10
[LIBGPUSPATIAL] [ 10798][17:58:31:606782][info  ] RTSpatialIndex 0x790ca000a7d0 (Used 3 MB), Allocate result buffer, memory consumption 0 MB, capacity 6
[LIBGPUSPATIAL] [ 10799][17:58:31:606921][info  ] RTSpatialIndex 0x790ca000a7d0 (Used 3 MB), Allocate result buffer, memory consumption 0 MB, capacity 13
[LIBGPUSPATIAL] [ 10803][17:58:31:606960][info  ] RTSpatialIndex 0x790ca000a7d0 (Used 3 MB), Allocate result buffer, memory consumption 0 MB, capacity 17
[LIBGPUSPATIAL] [ 10797][17:58:31:607454][info  ] RTSpatialIndex 0x790ca000a7d0 (Used 6 MB), Allocate result buffer, memory consumption 0 MB, capacity 15
[LIBGPUSPATIAL] [ 10799][17:58:31:607737][info  ] RTSpatialIndex 0x790ca000a7d0 (Used 5 MB), Probe Points, Size: 100000, Results: 13
[LIBGPUSPATIAL] [ 10798][17:58:31:607985][info  ] RTSpatialIndex 0x790ca000a7d0 (Used 4 MB), Probe Points, Size: 100000, Results: 6
[LIBGPUSPATIAL] [ 10800][17:58:31:608195][info  ] RTSpatialIndex 0x790ca000a7d0 (Used 3 MB), Probe Points, Size: 100000, Results: 10
[LIBGPUSPATIAL] [ 10803][17:58:31:608479][info  ] RTSpatialIndex 0x790ca000a7d0 (Used 2 MB), Probe Points, Size: 100000, Results: 17
[LIBGPUSPATIAL] [ 10799][17:58:31:608484][info  ] RTSpatialRefiner 0x790ca3d29630 (Used 2 MB), Loaded Geometries, ProbeArray 100000, Loaded 13, Type Point
[LIBGPUSPATIAL] [ 10799][17:58:31:608653][info  ] RTSpatialRefiner 0x790ca3d29630 (Used 1 MB), Evaluating 13 Geometry Pairs with Predicate Intersects
[LIBGPUSPATIAL] [ 10798][17:58:31:608759][info  ] RTSpatialRefiner 0x790ca3d29630 (Used 1 MB), Loaded Geometries, ProbeArray 100000, Loaded 6, Type Point
[LIBGPUSPATIAL] [ 10798][17:58:31:608831][info  ] RTSpatialRefiner 0x790ca3d29630 (Used 1 MB), Evaluating 6 Geometry Pairs with Predicate Intersects
[LIBGPUSPATIAL] [ 10797][17:58:31:608886][info  ] RTSpatialIndex 0x790ca000a7d0 (Used 1 MB), Probe Points, Size: 100000, Results: 15
[LIBGPUSPATIAL] [ 10800][17:58:31:609035][info  ] RTSpatialRefiner 0x790ca3d29630 (Used 1 MB), Loaded Geometries, ProbeArray 100000, Loaded 10, Type Point
[LIBGPUSPATIAL] [ 10803][17:58:31:609219][info  ] RTSpatialRefiner 0x790ca3d29630 (Used 1 MB), Loaded Geometries, ProbeArray 100000, Loaded 17, Type Point
[LIBGPUSPATIAL] [ 10800][17:58:31:609265][info  ] RTSpatialRefiner 0x790ca3d29630 (Used 1 MB), Evaluating 10 Geometry Pairs with Predicate Intersects
[LIBGPUSPATIAL] [ 10803][17:58:31:609270][info  ] RTSpatialRefiner 0x790ca3d29630 (Used 1 MB), Evaluating 17 Geometry Pairs with Predicate Intersects
[LIBGPUSPATIAL] [ 10797][17:58:31:609570][info  ] RTSpatialRefiner 0x790ca3d29630 (Used 1 MB), Loaded Geometries, ProbeArray 100000, Loaded 15, Type Point
[LIBGPUSPATIAL] [ 10797][17:58:31:609629][info  ] RTSpatialRefiner 0x790ca3d29630 (Used 1 MB), Evaluating 15 Geometry Pairs with Predicate Intersects
[LIBGPUSPATIAL] [ 10801][17:58:31:609638][info  ] RTSpatialIndex 0x790ca000a7d0 (Used 1 MB), Allocate result buffer, memory consumption 0 MB, capacity 13
[LIBGPUSPATIAL] [ 10802][17:58:31:609799][info  ] RTSpatialIndex 0x790ca000a7d0 (Used 1 MB), Allocate result buffer, memory consumption 0 MB, capacity 6
[LIBGPUSPATIAL] [ 10801][17:58:31:610646][info  ] RTSpatialIndex 0x790ca000a7d0 (Used 1 MB), Probe Points, Size: 100000, Results: 13
[LIBGPUSPATIAL] [ 10802][17:58:31:610908][info  ] RTSpatialIndex 0x790ca000a7d0 (Used 0 MB), Probe Points, Size: 33333, Results: 6
[LIBGPUSPATIAL] [ 10796][17:58:31:611559][info  ] RTSpatialIndex 0x790ca000a7d0 (Used 0 MB), Allocate result buffer, memory consumption 0 MB, capacity 6
[LIBGPUSPATIAL] [ 10801][17:58:31:611715][info  ] RTSpatialRefiner 0x790ca3d29630 (Used 0 MB), Loaded Geometries, ProbeArray 100000, Loaded 13, Type Point
[LIBGPUSPATIAL] [ 10801][17:58:31:611755][info  ] RTSpatialRefiner 0x790ca3d29630 (Used 0 MB), Evaluating 13 Geometry Pairs with Predicate Intersects
[LIBGPUSPATIAL] [ 10802][17:58:31:612009][info  ] RTSpatialRefiner 0x790ca3d29630 (Used 0 MB), Loaded Geometries, ProbeArray 33333, Loaded 6, Type Point
[LIBGPUSPATIAL] [ 10802][17:58:31:612052][info  ] RTSpatialRefiner 0x790ca3d29630 (Used 0 MB), Evaluating 6 Geometry Pairs with Predicate Intersects
[LIBGPUSPATIAL] [ 10799][17:58:31:614132][info  ] RTSpatialIndex 0x790ca000a7d0 (Used 0 MB), Allocate result buffer, memory consumption 0 MB, capacity 2
[LIBGPUSPATIAL] [ 10799][17:58:31:614262][info  ] RTSpatialIndex 0x790ca000a7d0 (Used 0 MB), Probe Points, Size: 33333, Results: 2
[LIBGPUSPATIAL] [ 10796][17:58:31:615001][info  ] RTSpatialIndex 0x790ca000a7d0 (Used 0 MB), Probe Points, Size: 33333, Results: 6
[LIBGPUSPATIAL] [ 10800][17:58:31:615220][info  ] RTSpatialIndex 0x790ca000a7d0 (Used 0 MB), Allocate result buffer, memory consumption 0 MB, capacity 6
[LIBGPUSPATIAL] [ 10800][17:58:31:615356][info  ] RTSpatialIndex 0x790ca000a7d0 (Used 0 MB), Probe Points, Size: 33333, Results: 6
[LIBGPUSPATIAL] [ 10799][17:58:31:615729][info  ] RTSpatialRefiner 0x790ca3d29630 (Used 0 MB), Loaded Geometries, ProbeArray 33333, Loaded 2, Type Point
[LIBGPUSPATIAL] [ 10798][17:58:31:615733][info  ] RTSpatialIndex 0x790ca000a7d0 (Used 0 MB), Allocate result buffer, memory consumption 0 MB, capacity 4
[LIBGPUSPATIAL] [ 10799][17:58:31:615805][info  ] RTSpatialRefiner 0x790ca3d29630 (Used 0 MB), Evaluating 2 Geometry Pairs with Predicate Intersects
[LIBGPUSPATIAL] [ 10798][17:58:31:615969][info  ] RTSpatialIndex 0x790ca000a7d0 (Used 0 MB), Probe Points, Size: 33333, Results: 4
[LIBGPUSPATIAL] [ 10796][17:58:31:616550][info  ] RTSpatialRefiner 0x790ca3d29630 (Used 0 MB), Loaded Geometries, ProbeArray 33333, Loaded 6, Type Point
[LIBGPUSPATIAL] [ 10797][17:58:31:616557][info  ] RTSpatialIndex 0x790ca000a7d0 (Used 0 MB), Allocate result buffer, memory consumption 0 MB, capacity 5
[LIBGPUSPATIAL] [ 10796][17:58:31:616610][info  ] RTSpatialRefiner 0x790ca3d29630 (Used 0 MB), Evaluating 6 Geometry Pairs with Predicate Intersects
[LIBGPUSPATIAL] [ 10798][17:58:31:616622][info  ] RTSpatialRefiner 0x790ca3d29630 (Used 0 MB), Loaded Geometries, ProbeArray 33333, Loaded 4, Type Point
[LIBGPUSPATIAL] [ 10798][17:58:31:616733][info  ] RTSpatialRefiner 0x790ca3d29630 (Used 0 MB), Evaluating 4 Geometry Pairs with Predicate Intersects
[LIBGPUSPATIAL] [ 10800][17:58:31:617107][info  ] RTSpatialRefiner 0x790ca3d29630 (Used 1 MB), Loaded Geometries, ProbeArray 33333, Loaded 6, Type Point
[LIBGPUSPATIAL] [ 10800][17:58:31:617167][info  ] RTSpatialRefiner 0x790ca3d29630 (Used 1 MB), Evaluating 6 Geometry Pairs with Predicate Intersects
[LIBGPUSPATIAL] [ 10803][17:58:31:617306][info  ] RTSpatialIndex 0x790ca000a7d0 (Used 1 MB), Allocate result buffer, memory consumption 0 MB, capacity 4
[LIBGPUSPATIAL] [ 10797][17:58:31:617429][info  ] RTSpatialIndex 0x790ca000a7d0 (Used 1 MB), Probe Points, Size: 33333, Results: 5
[LIBGPUSPATIAL] [ 10797][17:58:31:617958][info  ] RTSpatialRefiner 0x790ca3d29630 (Used 0 MB), Loaded Geometries, ProbeArray 33333, Loaded 5, Type Point
[LIBGPUSPATIAL] [ 10801][17:58:31:617985][info  ] RTSpatialIndex 0x790ca000a7d0 (Used 0 MB), Allocate result buffer, memory consumption 0 MB, capacity 10
[LIBGPUSPATIAL] [ 10797][17:58:31:618005][info  ] RTSpatialRefiner 0x790ca3d29630 (Used 0 MB), Evaluating 5 Geometry Pairs with Predicate Intersects
[LIBGPUSPATIAL] [ 10803][17:58:31:618355][info  ] RTSpatialIndex 0x790ca000a7d0 (Used 0 MB), Probe Points, Size: 33333, Results: 4
[LIBGPUSPATIAL] [ 10801][17:58:31:618468][info  ] RTSpatialIndex 0x790ca000a7d0 (Used 0 MB), Probe Points, Size: 33333, Results: 10
[LIBGPUSPATIAL] [ 10803][17:58:31:620569][info  ] RTSpatialRefiner 0x790ca3d29630 (Used 0 MB), Loaded Geometries, ProbeArray 33333, Loaded 4, Type Point
[LIBGPUSPATIAL] [ 10803][17:58:31:620653][info  ] RTSpatialRefiner 0x790ca3d29630 (Used 0 MB), Evaluating 4 Geometry Pairs with Predicate Intersects
[LIBGPUSPATIAL] [ 10801][17:58:31:625534][info  ] RTSpatialRefiner 0x790ca3d29630 (Used 0 MB), Loaded Geometries, ProbeArray 33333, Loaded 10, Type Point
[LIBGPUSPATIAL] [ 10801][17:58:31:625640][info  ] RTSpatialRefiner 0x790ca3d29630 (Used 0 MB), Evaluating 10 Geometry Pairs with Predicate Intersects
[LIBGPUSPATIAL] [ 10802][17:58:31:630889][info  ] RTSpatialIndex 0x790ca000a7d0 (Used 0 MB), Allocate result buffer, memory consumption 0 MB, capacity 13
[LIBGPUSPATIAL] [ 10802][17:58:31:631052][info  ] RTSpatialIndex 0x790ca000a7d0 (Used 0 MB), Probe Points, Size: 100000, Results: 13
[LIBGPUSPATIAL] [ 10802][17:58:31:631588][info  ] RTSpatialRefiner 0x790ca3d29630 (Used 0 MB), Loaded Geometries, ProbeArray 100000, Loaded 13, Type Point
[LIBGPUSPATIAL] [ 10802][17:58:31:631635][info  ] RTSpatialRefiner 0x790ca3d29630 (Used 0 MB), Evaluating 13 Geometry Pairs with Predicate Intersects
[LIBGPUSPATIAL] [ 10796][17:58:31:638103][info  ] RTSpatialIndex 0x790ca000a7d0 (Used 0 MB), Allocate result buffer, memory consumption 0 MB, capacity 11
[LIBGPUSPATIAL] [ 10796][17:58:31:638481][info  ] RTSpatialIndex 0x790ca000a7d0 (Used 0 MB), Probe Points, Size: 100000, Results: 11
[LIBGPUSPATIAL] [ 10800][17:58:31:639575][info  ] RTSpatialIndex 0x790ca000a7d0 (Used 0 MB), Allocate result buffer, memory consumption 0 MB, capacity 22
[LIBGPUSPATIAL] [ 10800][17:58:31:639708][info  ] RTSpatialIndex 0x790ca000a7d0 (Used 0 MB), Probe Points, Size: 100000, Results: 22
[LIBGPUSPATIAL] [ 10796][17:58:31:640072][info  ] RTSpatialRefiner 0x790ca3d29630 (Used 0 MB), Loaded Geometries, ProbeArray 100000, Loaded 11, Type Point
[LIBGPUSPATIAL] [ 10796][17:58:31:640116][info  ] RTSpatialRefiner 0x790ca3d29630 (Used 0 MB), Evaluating 11 Geometry Pairs with Predicate Intersects
[LIBGPUSPATIAL] [ 10803][17:58:31:641405][info  ] RTSpatialIndex 0x790ca000a7d0 (Used 0 MB), Allocate result buffer, memory consumption 0 MB, capacity 18
[LIBGPUSPATIAL] [ 10803][17:58:31:641536][info  ] RTSpatialIndex 0x790ca000a7d0 (Used 0 MB), Probe Points, Size: 100000, Results: 18
[LIBGPUSPATIAL] [ 10797][17:58:31:641993][info  ] RTSpatialIndex 0x790ca000a7d0 (Used 0 MB), Allocate result buffer, memory consumption 0 MB, capacity 11
[LIBGPUSPATIAL] [ 10797][17:58:31:642096][info  ] RTSpatialIndex 0x790ca000a7d0 (Used 0 MB), Probe Points, Size: 100000, Results: 11
[LIBGPUSPATIAL] [ 10803][17:58:31:642597][info  ] RTSpatialRefiner 0x790ca3d29630 (Used 0 MB), Loaded Geometries, ProbeArray 100000, Loaded 18, Type Point
[LIBGPUSPATIAL] [ 10797][17:58:31:642605][info  ] RTSpatialRefiner 0x790ca3d29630 (Used 0 MB), Loaded Geometries, ProbeArray 100000, Loaded 11, Type Point
[LIBGPUSPATIAL] [ 10803][17:58:31:642653][info  ] RTSpatialRefiner 0x790ca3d29630 (Used 0 MB), Evaluating 18 Geometry Pairs with Predicate Intersects
[LIBGPUSPATIAL] [ 10797][17:58:31:642660][info  ] RTSpatialRefiner 0x790ca3d29630 (Used 0 MB), Evaluating 11 Geometry Pairs with Predicate Intersects
[LIBGPUSPATIAL] [ 10800][17:58:31:642716][info  ] RTSpatialRefiner 0x790ca3d29630 (Used 0 MB), Loaded Geometries, ProbeArray 100000, Loaded 22, Type Point
[LIBGPUSPATIAL] [ 10800][17:58:31:642752][info  ] RTSpatialRefiner 0x790ca3d29630 (Used 0 MB), Evaluating 22 Geometry Pairs with Predicate Intersects
[LIBGPUSPATIAL] [ 10802][17:58:31:645574][info  ] RTSpatialIndex 0x790ca000a7d0 (Used 1 MB), Allocate result buffer, memory consumption 0 MB, capacity 9
[LIBGPUSPATIAL] [ 10802][17:58:31:645716][info  ] RTSpatialIndex 0x790ca000a7d0 (Used 1 MB), Probe Points, Size: 100000, Results: 9
[LIBGPUSPATIAL] [ 10801][17:58:31:646051][info  ] RTSpatialIndex 0x790ca000a7d0 (Used 0 MB), Allocate result buffer, memory consumption 0 MB, capacity 11
[LIBGPUSPATIAL] [ 10801][17:58:31:646179][info  ] RTSpatialIndex 0x790ca000a7d0 (Used 0 MB), Probe Points, Size: 100000, Results: 11
[LIBGPUSPATIAL] [ 10802][17:58:31:646455][info  ] RTSpatialRefiner 0x790ca3d29630 (Used 0 MB), Loaded Geometries, ProbeArray 100000, Loaded 9, Type Point
[LIBGPUSPATIAL] [ 10802][17:58:31:646500][info  ] RTSpatialRefiner 0x790ca3d29630 (Used 0 MB), Evaluating 9 Geometry Pairs with Predicate Intersects
[LIBGPUSPATIAL] [ 10799][17:58:31:649546][info  ] RTSpatialIndex 0x790ca000a7d0 (Used 2 MB), Allocate result buffer, memory consumption 0 MB, capacity 19
[LIBGPUSPATIAL] [ 10798][17:58:31:649789][info  ] RTSpatialIndex 0x790ca000a7d0 (Used 1 MB), Allocate result buffer, memory consumption 0 MB, capacity 10
[LIBGPUSPATIAL] [ 10801][17:58:31:650044][info  ] RTSpatialRefiner 0x790ca3d29630 (Used 1 MB), Loaded Geometries, ProbeArray 100000, Loaded 11, Type Point
[LIBGPUSPATIAL] [ 10799][17:58:31:650055][info  ] RTSpatialIndex 0x790ca000a7d0 (Used 1 MB), Probe Points, Size: 100000, Results: 19
[LIBGPUSPATIAL] [ 10801][17:58:31:650084][info  ] RTSpatialRefiner 0x790ca3d29630 (Used 0 MB), Evaluating 11 Geometry Pairs with Predicate Intersects
[LIBGPUSPATIAL] [ 10798][17:58:31:650349][info  ] RTSpatialIndex 0x790ca000a7d0 (Used 0 MB), Probe Points, Size: 100000, Results: 10
[LIBGPUSPATIAL] [ 10799][17:58:31:650675][info  ] RTSpatialRefiner 0x790ca3d29630 (Used 0 MB), Loaded Geometries, ProbeArray 100000, Loaded 19, Type Point
[LIBGPUSPATIAL] [ 10799][17:58:31:650729][info  ] RTSpatialRefiner 0x790ca3d29630 (Used 0 MB), Evaluating 19 Geometry Pairs with Predicate Intersects
[LIBGPUSPATIAL] [ 10796][17:58:31:653064][info  ] RTSpatialIndex 0x790ca000a7d0 (Used 0 MB), Allocate result buffer, memory consumption 0 MB, capacity 18
[LIBGPUSPATIAL] [ 10796][17:58:31:653215][info  ] RTSpatialIndex 0x790ca000a7d0 (Used 0 MB), Probe Points, Size: 100000, Results: 18
[LIBGPUSPATIAL] [ 10798][17:58:31:653499][info  ] RTSpatialRefiner 0x790ca3d29630 (Used 0 MB), Loaded Geometries, ProbeArray 100000, Loaded 10, Type Point
[LIBGPUSPATIAL] [ 10798][17:58:31:653535][info  ] RTSpatialRefiner 0x790ca3d29630 (Used 0 MB), Evaluating 10 Geometry Pairs with Predicate Intersects
[LIBGPUSPATIAL] [ 10797][17:58:31:655504][info  ] RTSpatialIndex 0x790ca000a7d0 (Used 0 MB), Allocate result buffer, memory consumption 0 MB, capacity 16
[LIBGPUSPATIAL] [ 10797][17:58:31:655631][info  ] RTSpatialIndex 0x790ca000a7d0 (Used 0 MB), Probe Points, Size: 100000, Results: 16
[LIBGPUSPATIAL] [ 10796][17:58:31:656143][info  ] RTSpatialRefiner 0x790ca3d29630 (Used 0 MB), Loaded Geometries, ProbeArray 100000, Loaded 18, Type Point
[LIBGPUSPATIAL] [ 10796][17:58:31:656187][info  ] RTSpatialRefiner 0x790ca3d29630 (Used 0 MB), Evaluating 18 Geometry Pairs with Predicate Intersects
[LIBGPUSPATIAL] [ 10797][17:58:31:656788][info  ] RTSpatialRefiner 0x790ca3d29630 (Used 0 MB), Loaded Geometries, ProbeArray 100000, Loaded 16, Type Point
[LIBGPUSPATIAL] [ 10797][17:58:31:656833][info  ] RTSpatialRefiner 0x790ca3d29630 (Used 0 MB), Evaluating 16 Geometry Pairs with Predicate Intersects
[LIBGPUSPATIAL] [ 10803][17:58:31:658142][info  ] RTSpatialIndex 0x790ca000a7d0 (Used 1 MB), Allocate result buffer, memory consumption 0 MB, capacity 21
[LIBGPUSPATIAL] [ 10800][17:58:31:658204][info  ] RTSpatialIndex 0x790ca000a7d0 (Used 1 MB), Allocate result buffer, memory consumption 0 MB, capacity 10
[LIBGPUSPATIAL] [ 10800][17:58:31:658555][info  ] RTSpatialIndex 0x790ca000a7d0 (Used 1 MB), Probe Points, Size: 100000, Results: 10
[LIBGPUSPATIAL] [ 10803][17:58:31:658895][info  ] RTSpatialIndex 0x790ca000a7d0 (Used 0 MB), Probe Points, Size: 100000, Results: 21
[LIBGPUSPATIAL] [ 10800][17:58:31:659556][info  ] RTSpatialRefiner 0x790ca3d29630 (Used 0 MB), Loaded Geometries, ProbeArray 100000, Loaded 10, Type Point
[LIBGPUSPATIAL] [ 10800][17:58:31:659606][info  ] RTSpatialRefiner 0x790ca3d29630 (Used 0 MB), Evaluating 10 Geometry Pairs with Predicate Intersects
[LIBGPUSPATIAL] [ 10802][17:58:31:661135][info  ] RTSpatialIndex 0x790ca000a7d0 (Used 0 MB), Allocate result buffer, memory consumption 0 MB, capacity 13
[LIBGPUSPATIAL] [ 10802][17:58:31:661297][info  ] RTSpatialIndex 0x790ca000a7d0 (Used 0 MB), Probe Points, Size: 100000, Results: 13
[LIBGPUSPATIAL] [ 10803][17:58:31:661451][info  ] RTSpatialRefiner 0x790ca3d29630 (Used 0 MB), Loaded Geometries, ProbeArray 100000, Loaded 21, Type Point
[LIBGPUSPATIAL] [ 10803][17:58:31:661489][info  ] RTSpatialRefiner 0x790ca3d29630 (Used 0 MB), Evaluating 21 Geometry Pairs with Predicate Intersects
[LIBGPUSPATIAL] [ 10801][17:58:31:663577][info  ] RTSpatialIndex 0x790ca000a7d0 (Used 0 MB), Allocate result buffer, memory consumption 0 MB, capacity 22
[LIBGPUSPATIAL] [ 10801][17:58:31:663692][info  ] RTSpatialIndex 0x790ca000a7d0 (Used 0 MB), Probe Points, Size: 100000, Results: 22
[LIBGPUSPATIAL] [ 10802][17:58:31:664773][info  ] RTSpatialRefiner 0x790ca3d29630 (Used 1 MB), Loaded Geometries, ProbeArray 100000, Loaded 13, Type Point
[LIBGPUSPATIAL] [ 10802][17:58:31:664820][info  ] RTSpatialRefiner 0x790ca3d29630 (Used 2 MB), Evaluating 13 Geometry Pairs with Predicate Intersects
[LIBGPUSPATIAL] [ 10799][17:58:31:664968][info  ] RTSpatialIndex 0x790ca000a7d0 (Used 0 MB), Allocate result buffer, memory consumption 0 MB, capacity 10
[LIBGPUSPATIAL] [ 10801][17:58:31:665014][info  ] RTSpatialRefiner 0x790ca3d29630 (Used 0 MB), Loaded Geometries, ProbeArray 100000, Loaded 22, Type Point
[LIBGPUSPATIAL] [ 10801][17:58:31:665062][info  ] RTSpatialRefiner 0x790ca3d29630 (Used 0 MB), Evaluating 22 Geometry Pairs with Predicate Intersects
[LIBGPUSPATIAL] [ 10799][17:58:31:665098][info  ] RTSpatialIndex 0x790ca000a7d0 (Used 0 MB), Probe Points, Size: 100000, Results: 10
[LIBGPUSPATIAL] [ 10799][17:58:31:665935][info  ] RTSpatialRefiner 0x790ca3d29630 (Used 0 MB), Loaded Geometries, ProbeArray 100000, Loaded 10, Type Point
[LIBGPUSPATIAL] [ 10799][17:58:31:666158][info  ] RTSpatialRefiner 0x790ca3d29630 (Used 1 MB), Evaluating 10 Geometry Pairs with Predicate Intersects
[LIBGPUSPATIAL] [ 10798][17:58:31:666555][info  ] RTSpatialIndex 0x790ca000a7d0 (Used 0 MB), Allocate result buffer, memory consumption 0 MB, capacity 8
[LIBGPUSPATIAL] [ 10798][17:58:31:668021][info  ] RTSpatialIndex 0x790ca000a7d0 (Used 0 MB), Probe Points, Size: 100000, Results: 8
[LIBGPUSPATIAL] [ 10798][17:58:31:669020][info  ] RTSpatialRefiner 0x790ca3d29630 (Used 1 MB), Loaded Geometries, ProbeArray 100000, Loaded 8, Type Point
[LIBGPUSPATIAL] [ 10798][17:58:31:669065][info  ] RTSpatialRefiner 0x790ca3d29630 (Used 1 MB), Evaluating 8 Geometry Pairs with Predicate Intersects
[LIBGPUSPATIAL] [ 10797][17:58:31:669376][info  ] RTSpatialIndex 0x790ca000a7d0 (Used 0 MB), Allocate result buffer, memory consumption 0 MB, capacity 17
[LIBGPUSPATIAL] [ 10797][17:58:31:669740][info  ] RTSpatialIndex 0x790ca000a7d0 (Used 0 MB), Probe Points, Size: 100000, Results: 17
[LIBGPUSPATIAL] [ 10797][17:58:31:670510][info  ] RTSpatialRefiner 0x790ca3d29630 (Used 0 MB), Loaded Geometries, ProbeArray 100000, Loaded 17, Type Point
[LIBGPUSPATIAL] [ 10797][17:58:31:670553][info  ] RTSpatialRefiner 0x790ca3d29630 (Used 0 MB), Evaluating 17 Geometry Pairs with Predicate Intersects
[LIBGPUSPATIAL] [ 10796][17:58:31:673378][info  ] RTSpatialIndex 0x790ca000a7d0 (Used 1 MB), Allocate result buffer, memory consumption 0 MB, capacity 18
[LIBGPUSPATIAL] [ 10800][17:58:31:673411][info  ] RTSpatialIndex 0x790ca000a7d0 (Used 1 MB), Allocate result buffer, memory consumption 0 MB, capacity 18
[LIBGPUSPATIAL] [ 10796][17:58:31:673616][info  ] RTSpatialIndex 0x790ca000a7d0 (Used 1 MB), Probe Points, Size: 100000, Results: 18
[LIBGPUSPATIAL] [ 10800][17:58:31:673671][info  ] RTSpatialIndex 0x790ca000a7d0 (Used 0 MB), Probe Points, Size: 100000, Results: 18
[LIBGPUSPATIAL] [ 10796][17:58:31:674085][info  ] RTSpatialRefiner 0x790ca3d29630 (Used 0 MB), Loaded Geometries, ProbeArray 100000, Loaded 18, Type Point
[LIBGPUSPATIAL] [ 10796][17:58:31:674128][info  ] RTSpatialRefiner 0x790ca3d29630 (Used 0 MB), Evaluating 18 Geometry Pairs with Predicate Intersects
[LIBGPUSPATIAL] [ 10800][17:58:31:674413][info  ] RTSpatialRefiner 0x790ca3d29630 (Used 0 MB), Loaded Geometries, ProbeArray 100000, Loaded 18, Type Point
[LIBGPUSPATIAL] [ 10800][17:58:31:674460][info  ] RTSpatialRefiner 0x790ca3d29630 (Used 1 MB), Evaluating 18 Geometry Pairs with Predicate Intersects
[LIBGPUSPATIAL] [ 10803][17:58:31:675069][info  ] RTSpatialIndex 0x790ca000a7d0 (Used 0 MB), Allocate result buffer, memory consumption 0 MB, capacity 15
[LIBGPUSPATIAL] [ 10803][17:58:31:675483][info  ] RTSpatialIndex 0x790ca000a7d0 (Used 0 MB), Probe Points, Size: 100000, Results: 15
[LIBGPUSPATIAL] [ 10801][17:58:31:677989][info  ] RTSpatialIndex 0x790ca000a7d0 (Used 0 MB), Allocate result buffer, memory consumption 0 MB, capacity 13
[LIBGPUSPATIAL] [ 10801][17:58:31:678116][info  ] RTSpatialIndex 0x790ca000a7d0 (Used 0 MB), Probe Points, Size: 100000, Results: 13
[LIBGPUSPATIAL] [ 10802][17:58:31:678500][info  ] RTSpatialIndex 0x790ca000a7d0 (Used 0 MB), Allocate result buffer, memory consumption 0 MB, capacity 8
[LIBGPUSPATIAL] [ 10802][17:58:31:678607][info  ] RTSpatialIndex 0x790ca000a7d0 (Used 0 MB), Probe Points, Size: 100000, Results: 8
[LIBGPUSPATIAL] [ 10803][17:58:31:678924][info  ] RTSpatialRefiner 0x790ca3d29630 (Used 0 MB), Loaded Geometries, ProbeArray 100000, Loaded 15, Type Point
[LIBGPUSPATIAL] [ 10803][17:58:31:678969][info  ] RTSpatialRefiner 0x790ca3d29630 (Used 0 MB), Evaluating 15 Geometry Pairs with Predicate Intersects
[LIBGPUSPATIAL] [ 10801][17:58:31:679453][info  ] RTSpatialRefiner 0x790ca3d29630 (Used 0 MB), Loaded Geometries, ProbeArray 100000, Loaded 13, Type Point
[LIBGPUSPATIAL] [ 10802][17:58:31:679530][info  ] RTSpatialRefiner 0x790ca3d29630 (Used 0 MB), Loaded Geometries, ProbeArray 100000, Loaded 8, Type Point
[LIBGPUSPATIAL] [ 10801][17:58:31:679610][info  ] RTSpatialRefiner 0x790ca3d29630 (Used 0 MB), Evaluating 13 Geometry Pairs with Predicate Intersects
[LIBGPUSPATIAL] [ 10802][17:58:31:679616][info  ] RTSpatialRefiner 0x790ca3d29630 (Used 0 MB), Evaluating 8 Geometry Pairs with Predicate Intersects
[LIBGPUSPATIAL] [ 10797][17:58:31:682922][info  ] RTSpatialIndex 0x790ca000a7d0 (Used 2 MB), Allocate result buffer, memory consumption 0 MB, capacity 10
[LIBGPUSPATIAL] [ 10799][17:58:31:682957][info  ] RTSpatialIndex 0x790ca000a7d0 (Used 2 MB), Allocate result buffer, memory consumption 0 MB, capacity 14
[LIBGPUSPATIAL] [ 10798][17:58:31:683011][info  ] RTSpatialIndex 0x790ca000a7d0 (Used 2 MB), Allocate result buffer, memory consumption 0 MB, capacity 19
[LIBGPUSPATIAL] [ 10797][17:58:31:683194][info  ] RTSpatialIndex 0x790ca000a7d0 (Used 2 MB), Probe Points, Size: 100000, Results: 10
[LIBGPUSPATIAL] [ 10798][17:58:31:683249][info  ] RTSpatialIndex 0x790ca000a7d0 (Used 1 MB), Probe Points, Size: 100000, Results: 19
[LIBGPUSPATIAL] [ 10799][17:58:31:684012][info  ] RTSpatialIndex 0x790ca000a7d0 (Used 0 MB), Probe Points, Size: 100000, Results: 14
[LIBGPUSPATIAL] [ 10798][17:58:31:684629][info  ] RTSpatialRefiner 0x790ca3d29630 (Used 0 MB), Loaded Geometries, ProbeArray 100000, Loaded 19, Type Point
[LIBGPUSPATIAL] [ 10797][17:58:31:684660][info  ] RTSpatialRefiner 0x790ca3d29630 (Used 0 MB), Loaded Geometries, ProbeArray 100000, Loaded 10, Type Point
[LIBGPUSPATIAL] [ 10798][17:58:31:684678][info  ] RTSpatialRefiner 0x790ca3d29630 (Used 0 MB), Evaluating 19 Geometry Pairs with Predicate Intersects
[LIBGPUSPATIAL] [ 10797][17:58:31:684698][info  ] RTSpatialRefiner 0x790ca3d29630 (Used 0 MB), Evaluating 10 Geometry Pairs with Predicate Intersects
[LIBGPUSPATIAL] [ 10799][17:58:31:685416][info  ] RTSpatialRefiner 0x790ca3d29630 (Used 0 MB), Loaded Geometries, ProbeArray 100000, Loaded 14, Type Point
[LIBGPUSPATIAL] [ 10799][17:58:31:685459][info  ] RTSpatialRefiner 0x790ca3d29630 (Used 0 MB), Evaluating 14 Geometry Pairs with Predicate Intersects
[LIBGPUSPATIAL] [ 10800][17:58:31:687597][info  ] RTSpatialIndex 0x790ca000a7d0 (Used 0 MB), Allocate result buffer, memory consumption 0 MB, capacity 17
[LIBGPUSPATIAL] [ 10800][17:58:31:687746][info  ] RTSpatialIndex 0x790ca000a7d0 (Used 0 MB), Probe Points, Size: 100000, Results: 17
[LIBGPUSPATIAL] [ 10796][17:58:31:688366][info  ] RTSpatialIndex 0x790ca000a7d0 (Used 0 MB), Allocate result buffer, memory consumption 0 MB, capacity 14
[LIBGPUSPATIAL] [ 10796][17:58:31:688478][info  ] RTSpatialIndex 0x790ca000a7d0 (Used 0 MB), Probe Points, Size: 100000, Results: 14
[LIBGPUSPATIAL] [ 10796][17:58:31:689414][info  ] RTSpatialRefiner 0x790ca3d29630 (Used 0 MB), Loaded Geometries, ProbeArray 100000, Loaded 14, Type Point
[LIBGPUSPATIAL] [ 10800][17:58:31:689422][info  ] RTSpatialRefiner 0x790ca3d29630 (Used 0 MB), Loaded Geometries, ProbeArray 100000, Loaded 17, Type Point
[LIBGPUSPATIAL] [ 10796][17:58:31:689463][info  ] RTSpatialRefiner 0x790ca3d29630 (Used 0 MB), Evaluating 14 Geometry Pairs with Predicate Intersects
[LIBGPUSPATIAL] [ 10800][17:58:31:689484][info  ] RTSpatialRefiner 0x790ca3d29630 (Used 0 MB), Evaluating 17 Geometry Pairs with Predicate Intersects
[LIBGPUSPATIAL] [ 10803][17:58:31:691444][info  ] RTSpatialIndex 0x790ca000a7d0 (Used 0 MB), Allocate result buffer, memory consumption 0 MB, capacity 14
[LIBGPUSPATIAL] [ 10803][17:58:31:691618][info  ] RTSpatialIndex 0x790ca000a7d0 (Used 2 MB), Probe Points, Size: 100000, Results: 14
[LIBGPUSPATIAL] [ 10801][17:58:31:692231][info  ] RTSpatialIndex 0x790ca000a7d0 (Used 0 MB), Allocate result buffer, memory consumption 0 MB, capacity 12
[LIBGPUSPATIAL] [ 10801][17:58:31:692389][info  ] RTSpatialIndex 0x790ca000a7d0 (Used 2 MB), Probe Points, Size: 100000, Results: 12
[LIBGPUSPATIAL] [ 10803][17:58:31:692705][info  ] RTSpatialRefiner 0x790ca3d29630 (Used 1 MB), Loaded Geometries, ProbeArray 100000, Loaded 14, Type Point
[LIBGPUSPATIAL] [ 10803][17:58:31:692778][info  ] RTSpatialRefiner 0x790ca3d29630 (Used 0 MB), Evaluating 14 Geometry Pairs with Predicate Intersects
[LIBGPUSPATIAL] [ 10802][17:58:31:692855][info  ] RTSpatialIndex 0x790ca000a7d0 (Used 0 MB), Allocate result buffer, memory consumption 0 MB, capacity 12
[LIBGPUSPATIAL] [ 10802][17:58:31:692975][info  ] RTSpatialIndex 0x790ca000a7d0 (Used 0 MB), Probe Points, Size: 100000, Results: 12
[LIBGPUSPATIAL] [ 10801][17:58:31:694661][info  ] RTSpatialRefiner 0x790ca3d29630 (Used 0 MB), Loaded Geometries, ProbeArray 100000, Loaded 12, Type Point
[LIBGPUSPATIAL] [ 10801][17:58:31:694707][info  ] RTSpatialRefiner 0x790ca3d29630 (Used 0 MB), Evaluating 12 Geometry Pairs with Predicate Intersects
[LIBGPUSPATIAL] [ 10802][17:58:31:694733][info  ] RTSpatialRefiner 0x790ca3d29630 (Used 0 MB), Loaded Geometries, ProbeArray 100000, Loaded 12, Type Point
[LIBGPUSPATIAL] [ 10802][17:58:31:694778][info  ] RTSpatialRefiner 0x790ca3d29630 (Used 0 MB), Evaluating 12 Geometry Pairs with Predicate Intersects
[LIBGPUSPATIAL] [ 10797][17:58:31:699022][info  ] RTSpatialIndex 0x790ca000a7d0 (Used 3 MB), Allocate result buffer, memory consumption 0 MB, capacity 10
[LIBGPUSPATIAL] [ 10798][17:58:31:699027][info  ] RTSpatialIndex 0x790ca000a7d0 (Used 3 MB), Allocate result buffer, memory consumption 0 MB, capacity 17
[LIBGPUSPATIAL] [ 10797][17:58:31:699583][info  ] RTSpatialIndex 0x790ca000a7d0 (Used 2 MB), Probe Points, Size: 100000, Results: 10
[LIBGPUSPATIAL] [ 10798][17:58:31:699716][info  ] RTSpatialIndex 0x790ca000a7d0 (Used 1 MB), Probe Points, Size: 100000, Results: 17
[LIBGPUSPATIAL] [ 10799][17:58:31:699748][info  ] RTSpatialIndex 0x790ca000a7d0 (Used 0 MB), Allocate result buffer, memory consumption 0 MB, capacity 14
[LIBGPUSPATIAL] [ 10799][17:58:31:700242][info  ] RTSpatialIndex 0x790ca000a7d0 (Used 0 MB), Probe Points, Size: 100000, Results: 14
[LIBGPUSPATIAL] [ 10798][17:58:31:700940][info  ] RTSpatialRefiner 0x790ca3d29630 (Used 1 MB), Loaded Geometries, ProbeArray 100000, Loaded 17, Type Point
[LIBGPUSPATIAL] [ 10798][17:58:31:700983][info  ] RTSpatialRefiner 0x790ca3d29630 (Used 1 MB), Evaluating 17 Geometry Pairs with Predicate Intersects
[LIBGPUSPATIAL] [ 10796][17:58:31:701174][info  ] RTSpatialIndex 0x790ca000a7d0 (Used 0 MB), Allocate result buffer, memory consumption 0 MB, capacity 13
[LIBGPUSPATIAL] [ 10796][17:58:31:701320][info  ] RTSpatialIndex 0x790ca000a7d0 (Used 0 MB), Probe Points, Size: 100000, Results: 13
[LIBGPUSPATIAL] [ 10797][17:58:31:701429][info  ] RTSpatialRefiner 0x790ca3d29630 (Used 0 MB), Loaded Geometries, ProbeArray 100000, Loaded 10, Type Point
[LIBGPUSPATIAL] [ 10799][17:58:31:701435][info  ] RTSpatialRefiner 0x790ca3d29630 (Used 0 MB), Loaded Geometries, ProbeArray 100000, Loaded 14, Type Point
[LIBGPUSPATIAL] [ 10797][17:58:31:701478][info  ] RTSpatialRefiner 0x790ca3d29630 (Used 0 MB), Evaluating 10 Geometry Pairs with Predicate Intersects
[LIBGPUSPATIAL] [ 10799][17:58:31:701498][info  ] RTSpatialRefiner 0x790ca3d29630 (Used 0 MB), Evaluating 14 Geometry Pairs with Predicate Intersects
[LIBGPUSPATIAL] [ 10796][17:58:31:701743][info  ] RTSpatialRefiner 0x790ca3d29630 (Used 0 MB), Loaded Geometries, ProbeArray 100000, Loaded 13, Type Point
[LIBGPUSPATIAL] [ 10796][17:58:31:701853][info  ] RTSpatialRefiner 0x790ca3d29630 (Used 1 MB), Evaluating 13 Geometry Pairs with Predicate Intersects
[LIBGPUSPATIAL] [ 10800][17:58:31:702505][info  ] RTSpatialIndex 0x790ca000a7d0 (Used 1 MB), Allocate result buffer, memory consumption 0 MB, capacity 14
[LIBGPUSPATIAL] [ 10800][17:58:31:702946][info  ] RTSpatialIndex 0x790ca000a7d0 (Used 0 MB), Probe Points, Size: 100000, Results: 14
[LIBGPUSPATIAL] [ 10800][17:58:31:703580][info  ] RTSpatialRefiner 0x790ca3d29630 (Used 0 MB), Loaded Geometries, ProbeArray 100000, Loaded 14, Type Point
[LIBGPUSPATIAL] [ 10800][17:58:31:703629][info  ] RTSpatialRefiner 0x790ca3d29630 (Used 0 MB), Evaluating 14 Geometry Pairs with Predicate Intersects
[LIBGPUSPATIAL] [ 10803][17:58:31:705937][info  ] RTSpatialIndex 0x790ca000a7d0 (Used 0 MB), Allocate result buffer, memory consumption 0 MB, capacity 17
[LIBGPUSPATIAL] [ 10803][17:58:31:706070][info  ] RTSpatialIndex 0x790ca000a7d0 (Used 0 MB), Probe Points, Size: 100000, Results: 17
[LIBGPUSPATIAL] [ 10803][17:58:31:706619][info  ] RTSpatialRefiner 0x790ca3d29630 (Used 0 MB), Loaded Geometries, ProbeArray 100000, Loaded 17, Type Point
[LIBGPUSPATIAL] [ 10803][17:58:31:706671][info  ] RTSpatialRefiner 0x790ca3d29630 (Used 0 MB), Evaluating 17 Geometry Pairs with Predicate Intersects
[LIBGPUSPATIAL] [ 10801][17:58:31:707616][info  ] RTSpatialIndex 0x790ca000a7d0 (Used 3 MB), Allocate result buffer, memory consumption 0 MB, capacity 17
[LIBGPUSPATIAL] [ 10802][17:58:31:707743][info  ] RTSpatialIndex 0x790ca000a7d0 (Used 1 MB), Allocate result buffer, memory consumption 0 MB, capacity 17
[LIBGPUSPATIAL] [ 10801][17:58:31:707984][info  ] RTSpatialIndex 0x790ca000a7d0 (Used 1 MB), Probe Points, Size: 100000, Results: 17
[LIBGPUSPATIAL] [ 10802][17:58:31:708329][info  ] RTSpatialIndex 0x790ca000a7d0 (Used 0 MB), Probe Points, Size: 100000, Results: 17
[LIBGPUSPATIAL] [ 10801][17:58:31:710128][info  ] RTSpatialRefiner 0x790ca3d29630 (Used 0 MB), Loaded Geometries, ProbeArray 100000, Loaded 17, Type Point
[LIBGPUSPATIAL] [ 10802][17:58:31:710134][info  ] RTSpatialRefiner 0x790ca3d29630 (Used 0 MB), Loaded Geometries, ProbeArray 100000, Loaded 17, Type Point
[LIBGPUSPATIAL] [ 10802][17:58:31:710264][info  ] RTSpatialRefiner 0x790ca3d29630 (Used 0 MB), Evaluating 17 Geometry Pairs with Predicate Intersects
[LIBGPUSPATIAL] [ 10801][17:58:31:710303][info  ] RTSpatialRefiner 0x790ca3d29630 (Used 0 MB), Evaluating 17 Geometry Pairs with Predicate Intersects
[LIBGPUSPATIAL] [ 10799][17:58:31:715120][info  ] RTSpatialIndex 0x790ca000a7d0 (Used 1 MB), Allocate result buffer, memory consumption 0 MB, capacity 12
[LIBGPUSPATIAL] [ 10796][17:58:31:715153][info  ] RTSpatialIndex 0x790ca000a7d0 (Used 3 MB), Allocate result buffer, memory consumption 0 MB, capacity 21
[LIBGPUSPATIAL] [ 10799][17:58:31:715746][info  ] RTSpatialIndex 0x790ca000a7d0 (Used 3 MB), Probe Points, Size: 100000, Results: 12
[LIBGPUSPATIAL] [ 10796][17:58:31:716205][info  ] RTSpatialIndex 0x790ca000a7d0 (Used 2 MB), Probe Points, Size: 100000, Results: 21
[LIBGPUSPATIAL] [ 10797][17:58:31:716336][info  ] RTSpatialIndex 0x790ca000a7d0 (Used 1 MB), Allocate result buffer, memory consumption 0 MB, capacity 21
[LIBGPUSPATIAL] [ 10798][17:58:31:716625][info  ] RTSpatialIndex 0x790ca000a7d0 (Used 1 MB), Allocate result buffer, memory consumption 0 MB, capacity 17
[LIBGPUSPATIAL] [ 10799][17:58:31:716631][info  ] RTSpatialRefiner 0x790ca3d29630 (Used 1 MB), Loaded Geometries, ProbeArray 100000, Loaded 12, Type Point
[LIBGPUSPATIAL] [ 10799][17:58:31:716719][info  ] RTSpatialRefiner 0x790ca3d29630 (Used 1 MB), Evaluating 12 Geometry Pairs with Predicate Intersects
[LIBGPUSPATIAL] [ 10797][17:58:31:716904][info  ] RTSpatialIndex 0x790ca000a7d0 (Used 1 MB), Probe Points, Size: 100000, Results: 21
[LIBGPUSPATIAL] [ 10796][17:58:31:717144][info  ] RTSpatialRefiner 0x790ca3d29630 (Used 0 MB), Loaded Geometries, ProbeArray 100000, Loaded 21, Type Point
[LIBGPUSPATIAL] [ 10798][17:58:31:717255][info  ] RTSpatialIndex 0x790ca000a7d0 (Used 2 MB), Probe Points, Size: 100000, Results: 17
[LIBGPUSPATIAL] [ 10796][17:58:31:717291][info  ] RTSpatialRefiner 0x790ca3d29630 (Used 2 MB), Evaluating 21 Geometry Pairs with Predicate Intersects
[LIBGPUSPATIAL] [ 10800][17:58:31:717858][info  ] RTSpatialIndex 0x790ca000a7d0 (Used 0 MB), Allocate result buffer, memory consumption 0 MB, capacity 6
[LIBGPUSPATIAL] [ 10797][17:58:31:718249][info  ] RTSpatialRefiner 0x790ca3d29630 (Used 0 MB), Loaded Geometries, ProbeArray 100000, Loaded 21, Type Point
[LIBGPUSPATIAL] [ 10797][17:58:31:718291][info  ] RTSpatialRefiner 0x790ca3d29630 (Used 0 MB), Evaluating 21 Geometry Pairs with Predicate Intersects
[LIBGPUSPATIAL] [ 10798][17:58:31:718357][info  ] RTSpatialRefiner 0x790ca3d29630 (Used 1 MB), Loaded Geometries, ProbeArray 100000, Loaded 17, Type Point
[LIBGPUSPATIAL] [ 10798][17:58:31:718399][info  ] RTSpatialRefiner 0x790ca3d29630 (Used 1 MB), Evaluating 17 Geometry Pairs with Predicate Intersects
[LIBGPUSPATIAL] [ 10800][17:58:31:718539][info  ] RTSpatialIndex 0x790ca000a7d0 (Used 0 MB), Probe Points, Size: 100000, Results: 6
[LIBGPUSPATIAL] [ 10800][17:58:31:719096][info  ] RTSpatialRefiner 0x790ca3d29630 (Used 0 MB), Loaded Geometries, ProbeArray 100000, Loaded 6, Type Point
[LIBGPUSPATIAL] [ 10800][17:58:31:719231][info  ] RTSpatialRefiner 0x790ca3d29630 (Used 0 MB), Evaluating 6 Geometry Pairs with Predicate Intersects
[LIBGPUSPATIAL] [ 10803][17:58:31:720792][info  ] RTSpatialIndex 0x790ca000a7d0 (Used 0 MB), Allocate result buffer, memory consumption 0 MB, capacity 20
[LIBGPUSPATIAL] [ 10803][17:58:31:720939][info  ] RTSpatialIndex 0x790ca000a7d0 (Used 0 MB), Probe Points, Size: 100000, Results: 20
[LIBGPUSPATIAL] [ 10803][17:58:31:721437][info  ] RTSpatialRefiner 0x790ca3d29630 (Used 0 MB), Loaded Geometries, ProbeArray 100000, Loaded 20, Type Point
[LIBGPUSPATIAL] [ 10803][17:58:31:721475][info  ] RTSpatialRefiner 0x790ca3d29630 (Used 0 MB), Evaluating 20 Geometry Pairs with Predicate Intersects
[LIBGPUSPATIAL] [ 10801][17:58:31:723335][info  ] RTSpatialIndex 0x790ca000a7d0 (Used 1 MB), Allocate result buffer, memory consumption 0 MB, capacity 19
[LIBGPUSPATIAL] [ 10802][17:58:31:723386][info  ] RTSpatialIndex 0x790ca000a7d0 (Used 1 MB), Allocate result buffer, memory consumption 0 MB, capacity 15
[LIBGPUSPATIAL] [ 10801][17:58:31:723576][info  ] RTSpatialIndex 0x790ca000a7d0 (Used 1 MB), Probe Points, Size: 100000, Results: 19
[LIBGPUSPATIAL] [ 10802][17:58:31:723678][info  ] RTSpatialIndex 0x790ca000a7d0 (Used 0 MB), Probe Points, Size: 100000, Results: 15
[LIBGPUSPATIAL] [ 10802][17:58:31:724067][info  ] RTSpatialRefiner 0x790ca3d29630 (Used 0 MB), Loaded Geometries, ProbeArray 100000, Loaded 15, Type Point
[LIBGPUSPATIAL] [ 10802][17:58:31:724109][info  ] RTSpatialRefiner 0x790ca3d29630 (Used 0 MB), Evaluating 15 Geometry Pairs with Predicate Intersects
[LIBGPUSPATIAL] [ 10801][17:58:31:725041][info  ] RTSpatialRefiner 0x790ca3d29630 (Used 0 MB), Loaded Geometries, ProbeArray 100000, Loaded 19, Type Point
[LIBGPUSPATIAL] [ 10801][17:58:31:725100][info  ] RTSpatialRefiner 0x790ca3d29630 (Used 0 MB), Evaluating 19 Geometry Pairs with Predicate Intersects
[LIBGPUSPATIAL] [ 10799][17:58:31:731773][info  ] RTSpatialIndex 0x790ca000a7d0 (Used 3 MB), Allocate result buffer, memory consumption 0 MB, capacity 20
[LIBGPUSPATIAL] [ 10796][17:58:31:732023][info  ] RTSpatialIndex 0x790ca000a7d0 (Used 2 MB), Allocate result buffer, memory consumption 0 MB, capacity 22
[LIBGPUSPATIAL] [ 10797][17:58:31:732088][info  ] RTSpatialIndex 0x790ca000a7d0 (Used 2 MB), Allocate result buffer, memory consumption 0 MB, capacity 17
[LIBGPUSPATIAL] [ 10799][17:58:31:732295][info  ] RTSpatialIndex 0x790ca000a7d0 (Used 2 MB), Probe Points, Size: 100000, Results: 20
[LIBGPUSPATIAL] [ 10796][17:58:31:732406][info  ] RTSpatialIndex 0x790ca000a7d0 (Used 1 MB), Probe Points, Size: 100000, Results: 22
[LIBGPUSPATIAL] [ 10797][17:58:31:732529][info  ] RTSpatialIndex 0x790ca000a7d0 (Used 0 MB), Probe Points, Size: 100000, Results: 17
[LIBGPUSPATIAL] [ 10799][17:58:31:733058][info  ] RTSpatialRefiner 0x790ca3d29630 (Used 0 MB), Loaded Geometries, ProbeArray 100000, Loaded 20, Type Point
[LIBGPUSPATIAL] [ 10799][17:58:31:733109][info  ] RTSpatialRefiner 0x790ca3d29630 (Used 0 MB), Evaluating 20 Geometry Pairs with Predicate Intersects
[LIBGPUSPATIAL] [ 10798][17:58:31:733173][info  ] RTSpatialIndex 0x790ca000a7d0 (Used 2 MB), Allocate result buffer, memory consumption 0 MB, capacity 13
[LIBGPUSPATIAL] [ 10797][17:58:31:733221][info  ] RTSpatialRefiner 0x790ca3d29630 (Used 2 MB), Loaded Geometries, ProbeArray 100000, Loaded 17, Type Point
[LIBGPUSPATIAL] [ 10796][17:58:31:733198][info  ] RTSpatialRefiner 0x790ca3d29630 (Used 2 MB), Loaded Geometries, ProbeArray 100000, Loaded 22, Type Point
[LIBGPUSPATIAL] [ 10797][17:58:31:733310][info  ] RTSpatialRefiner 0x790ca3d29630 (Used 2 MB), Evaluating 17 Geometry Pairs with Predicate Intersects
[LIBGPUSPATIAL] [ 10796][17:58:31:733442][info  ] RTSpatialRefiner 0x790ca3d29630 (Used 2 MB), Evaluating 22 Geometry Pairs with Predicate Intersects
[LIBGPUSPATIAL] [ 10798][17:58:31:733755][info  ] RTSpatialIndex 0x790ca000a7d0 (Used 1 MB), Probe Points, Size: 100000, Results: 13
[LIBGPUSPATIAL] [ 10800][17:58:31:733860][info  ] RTSpatialIndex 0x790ca000a7d0 (Used 0 MB), Allocate result buffer, memory consumption 0 MB, capacity 15
[LIBGPUSPATIAL] [ 10800][17:58:31:734384][info  ] RTSpatialIndex 0x790ca000a7d0 (Used 2 MB), Probe Points, Size: 100000, Results: 15
[LIBGPUSPATIAL] [ 10798][17:58:31:734505][info  ] RTSpatialRefiner 0x790ca3d29630 (Used 1 MB), Loaded Geometries, ProbeArray 100000, Loaded 13, Type Point
[LIBGPUSPATIAL] [ 10798][17:58:31:734618][info  ] RTSpatialRefiner 0x790ca3d29630 (Used 1 MB), Evaluating 13 Geometry Pairs with Predicate Intersects
[LIBGPUSPATIAL] [ 10800][17:58:31:735226][info  ] RTSpatialRefiner 0x790ca3d29630 (Used 0 MB), Loaded Geometries, ProbeArray 100000, Loaded 15, Type Point
[LIBGPUSPATIAL] [ 10800][17:58:31:735275][info  ] RTSpatialRefiner 0x790ca3d29630 (Used 0 MB), Evaluating 15 Geometry Pairs with Predicate Intersects
[LIBGPUSPATIAL] [ 10803][17:58:31:735328][info  ] RTSpatialIndex 0x790ca000a7d0 (Used 0 MB), Allocate result buffer, memory consumption 0 MB, capacity 17
[LIBGPUSPATIAL] [ 10803][17:58:31:735811][info  ] RTSpatialIndex 0x790ca000a7d0 (Used 0 MB), Probe Points, Size: 100000, Results: 17
[LIBGPUSPATIAL] [ 10802][17:58:31:736592][info  ] RTSpatialIndex 0x790ca000a7d0 (Used 0 MB), Allocate result buffer, memory consumption 0 MB, capacity 21
[LIBGPUSPATIAL] [ 10802][17:58:31:736723][info  ] RTSpatialIndex 0x790ca000a7d0 (Used 0 MB), Probe Points, Size: 100000, Results: 21
[LIBGPUSPATIAL] [ 10803][17:58:31:736933][info  ] RTSpatialRefiner 0x790ca3d29630 (Used 0 MB), Loaded Geometries, ProbeArray 100000, Loaded 17, Type Point
[LIBGPUSPATIAL] [ 10803][17:58:31:737099][info  ] RTSpatialRefiner 0x790ca3d29630 (Used 0 MB), Evaluating 17 Geometry Pairs with Predicate Intersects
[LIBGPUSPATIAL] [ 10802][17:58:31:737254][info  ] RTSpatialRefiner 0x790ca3d29630 (Used 0 MB), Loaded Geometries, ProbeArray 100000, Loaded 21, Type Point
[LIBGPUSPATIAL] [ 10802][17:58:31:737310][info  ] RTSpatialRefiner 0x790ca3d29630 (Used 0 MB), Evaluating 21 Geometry Pairs with Predicate Intersects
[LIBGPUSPATIAL] [ 10801][17:58:31:738265][info  ] RTSpatialIndex 0x790ca000a7d0 (Used 0 MB), Allocate result buffer, memory consumption 0 MB, capacity 12
[LIBGPUSPATIAL] [ 10801][17:58:31:738383][info  ] RTSpatialIndex 0x790ca000a7d0 (Used 0 MB), Probe Points, Size: 100000, Results: 12
[LIBGPUSPATIAL] [ 10801][17:58:31:738779][info  ] RTSpatialRefiner 0x790ca3d29630 (Used 0 MB), Loaded Geometries, ProbeArray 100000, Loaded 12, Type Point
[LIBGPUSPATIAL] [ 10801][17:58:31:738821][info  ] RTSpatialRefiner 0x790ca3d29630 (Used 0 MB), Evaluating 12 Geometry Pairs with Predicate Intersects
[LIBGPUSPATIAL] [ 10796][17:58:31:748214][info  ] RTSpatialIndex 0x790ca000a7d0 (Used 0 MB), Allocate result buffer, memory consumption 0 MB, capacity 16
[LIBGPUSPATIAL] [ 10796][17:58:31:749090][info  ] RTSpatialIndex 0x790ca000a7d0 (Used 2 MB), Probe Points, Size: 100000, Results: 16
[LIBGPUSPATIAL] [ 10799][17:58:31:749354][info  ] RTSpatialIndex 0x790ca000a7d0 (Used 1 MB), Allocate result buffer, memory consumption 0 MB, capacity 21
[LIBGPUSPATIAL] [ 10797][17:58:31:749425][info  ] RTSpatialIndex 0x790ca000a7d0 (Used 1 MB), Allocate result buffer, memory consumption 0 MB, capacity 17
[LIBGPUSPATIAL] [ 10799][17:58:31:749515][info  ] RTSpatialIndex 0x790ca000a7d0 (Used 1 MB), Probe Points, Size: 100000, Results: 21
[LIBGPUSPATIAL] [ 10797][17:58:31:749708][info  ] RTSpatialIndex 0x790ca000a7d0 (Used 0 MB), Probe Points, Size: 100000, Results: 17
[LIBGPUSPATIAL] [ 10802][17:58:31:750171][info  ] RTSpatialIndex 0x790ca000a7d0 (Used 0 MB), Allocate result buffer, memory consumption 0 MB, capacity 20
[LIBGPUSPATIAL] [ 10799][17:58:31:750178][info  ] RTSpatialRefiner 0x790ca3d29630 (Used 0 MB), Loaded Geometries, ProbeArray 100000, Loaded 21, Type Point
[LIBGPUSPATIAL] [ 10799][17:58:31:750413][info  ] RTSpatialRefiner 0x790ca3d29630 (Used 0 MB), Evaluating 21 Geometry Pairs with Predicate Intersects
[LIBGPUSPATIAL] [ 10797][17:58:31:750666][info  ] RTSpatialRefiner 0x790ca3d29630 (Used 0 MB), Loaded Geometries, ProbeArray 100000, Loaded 17, Type Point
[LIBGPUSPATIAL] [ 10797][17:58:31:751099][info  ] RTSpatialRefiner 0x790ca3d29630 (Used 2 MB), Evaluating 17 Geometry Pairs with Predicate Intersects
[LIBGPUSPATIAL] [ 10796][17:58:31:751173][info  ] RTSpatialRefiner 0x790ca3d29630 (Used 2 MB), Loaded Geometries, ProbeArray 100000, Loaded 16, Type Point
[LIBGPUSPATIAL] [ 10796][17:58:31:751275][info  ] RTSpatialRefiner 0x790ca3d29630 (Used 2 MB), Evaluating 16 Geometry Pairs with Predicate Intersects
[LIBGPUSPATIAL] [ 10802][17:58:31:752567][info  ] RTSpatialIndex 0x790ca000a7d0 (Used 4 MB), Probe Points, Size: 100000, Results: 20
[LIBGPUSPATIAL] [ 10800][17:58:31:752760][info  ] RTSpatialIndex 0x790ca000a7d0 (Used 3 MB), Allocate result buffer, memory consumption 0 MB, capacity 10
[LIBGPUSPATIAL] [ 10801][17:58:31:753215][info  ] RTSpatialIndex 0x790ca000a7d0 (Used 3 MB), Allocate result buffer, memory consumption 0 MB, capacity 18
[LIBGPUSPATIAL] [ 10798][17:58:31:753452][info  ] RTSpatialIndex 0x790ca000a7d0 (Used 3 MB), Allocate result buffer, memory consumption 0 MB, capacity 19
[LIBGPUSPATIAL] [ 10802][17:58:31:753500][info  ] RTSpatialRefiner 0x790ca3d29630 (Used 3 MB), Loaded Geometries, ProbeArray 100000, Loaded 20, Type Point
[LIBGPUSPATIAL] [ 10802][17:58:31:753569][info  ] RTSpatialRefiner 0x790ca3d29630 (Used 3 MB), Evaluating 20 Geometry Pairs with Predicate Intersects
[LIBGPUSPATIAL] [ 10803][17:58:31:753937][info  ] RTSpatialIndex 0x790ca000a7d0 (Used 3 MB), Allocate result buffer, memory consumption 0 MB, capacity 16
[LIBGPUSPATIAL] [ 10800][17:58:31:754206][info  ] RTSpatialIndex 0x790ca000a7d0 (Used 3 MB), Probe Points, Size: 100000, Results: 10
[LIBGPUSPATIAL] [ 10801][17:58:31:754369][info  ] RTSpatialIndex 0x790ca000a7d0 (Used 2 MB), Probe Points, Size: 100000, Results: 18
[LIBGPUSPATIAL] [ 10798][17:58:31:754465][info  ] RTSpatialIndex 0x790ca000a7d0 (Used 1 MB), Probe Points, Size: 100000, Results: 19
[LIBGPUSPATIAL] [ 10803][17:58:31:754999][info  ] RTSpatialIndex 0x790ca000a7d0 (Used 0 MB), Probe Points, Size: 100000, Results: 16
[LIBGPUSPATIAL] [ 10803][17:58:31:757882][info  ] RTSpatialRefiner 0x790ca3d29630 (Used 0 MB), Loaded Geometries, ProbeArray 100000, Loaded 16, Type Point
[LIBGPUSPATIAL] [ 10803][17:58:31:757934][info  ] RTSpatialRefiner 0x790ca3d29630 (Used 0 MB), Evaluating 16 Geometry Pairs with Predicate Intersects
[LIBGPUSPATIAL] [ 10798][17:58:31:757952][info  ] RTSpatialRefiner 0x790ca3d29630 (Used 0 MB), Loaded Geometries, ProbeArray 100000, Loaded 19, Type Point
[LIBGPUSPATIAL] [ 10798][17:58:31:757997][info  ] RTSpatialRefiner 0x790ca3d29630 (Used 0 MB), Evaluating 19 Geometry Pairs with Predicate Intersects
[LIBGPUSPATIAL] [ 10800][17:58:31:758035][info  ] RTSpatialRefiner 0x790ca3d29630 (Used 0 MB), Loaded Geometries, ProbeArray 100000, Loaded 10, Type Point
[LIBGPUSPATIAL] [ 10800][17:58:31:758073][info  ] RTSpatialRefiner 0x790ca3d29630 (Used 0 MB), Evaluating 10 Geometry Pairs with Predicate Intersects
[LIBGPUSPATIAL] [ 10801][17:58:31:758721][info  ] RTSpatialRefiner 0x790ca3d29630 (Used 0 MB), Loaded Geometries, ProbeArray 100000, Loaded 18, Type Point
[LIBGPUSPATIAL] [ 10801][17:58:31:758765][info  ] RTSpatialRefiner 0x790ca3d29630 (Used 0 MB), Evaluating 18 Geometry Pairs with Predicate Intersects
[LIBGPUSPATIAL] [ 10797][17:58:31:764233][info  ] RTSpatialIndex 0x790ca000a7d0 (Used 0 MB), Allocate result buffer, memory consumption 0 MB, capacity 14
[LIBGPUSPATIAL] [ 10797][17:58:31:764361][info  ] RTSpatialIndex 0x790ca000a7d0 (Used 0 MB), Probe Points, Size: 100000, Results: 14
[LIBGPUSPATIAL] [ 10799][17:58:31:764980][info  ] RTSpatialIndex 0x790ca000a7d0 (Used 0 MB), Allocate result buffer, memory consumption 0 MB, capacity 16
[LIBGPUSPATIAL] [ 10799][17:58:31:765094][info  ] RTSpatialIndex 0x790ca000a7d0 (Used 0 MB), Probe Points, Size: 100000, Results: 16
[LIBGPUSPATIAL] [ 10799][17:58:31:765479][info  ] RTSpatialRefiner 0x790ca3d29630 (Used 0 MB), Loaded Geometries, ProbeArray 100000, Loaded 16, Type Point
[LIBGPUSPATIAL] [ 10799][17:58:31:765522][info  ] RTSpatialRefiner 0x790ca3d29630 (Used 0 MB), Evaluating 16 Geometry Pairs with Predicate Intersects
[LIBGPUSPATIAL] [ 10797][17:58:31:766082][info  ] RTSpatialRefiner 0x790ca3d29630 (Used 0 MB), Loaded Geometries, ProbeArray 100000, Loaded 14, Type Point
[LIBGPUSPATIAL] [ 10797][17:58:31:766147][info  ] RTSpatialRefiner 0x790ca3d29630 (Used 1 MB), Evaluating 14 Geometry Pairs with Predicate Intersects
[LIBGPUSPATIAL] [ 10796][17:58:31:766869][info  ] RTSpatialIndex 0x790ca000a7d0 (Used 0 MB), Allocate result buffer, memory consumption 0 MB, capacity 18
[LIBGPUSPATIAL] [ 10796][17:58:31:768054][info  ] RTSpatialIndex 0x790ca000a7d0 (Used 1 MB), Probe Points, Size: 100000, Results: 18
[LIBGPUSPATIAL] [ 10802][17:58:31:768201][info  ] RTSpatialIndex 0x790ca000a7d0 (Used 0 MB), Allocate result buffer, memory consumption 0 MB, capacity 11
[LIBGPUSPATIAL] [ 10796][17:58:31:768503][info  ] RTSpatialRefiner 0x790ca3d29630 (Used 0 MB), Loaded Geometries, ProbeArray 100000, Loaded 18, Type Point
[LIBGPUSPATIAL] [ 10796][17:58:31:768546][info  ] RTSpatialRefiner 0x790ca3d29630 (Used 0 MB), Evaluating 18 Geometry Pairs with Predicate Intersects
[LIBGPUSPATIAL] [ 10802][17:58:31:768995][info  ] RTSpatialIndex 0x790ca000a7d0 (Used 0 MB), Probe Points, Size: 100000, Results: 11
[LIBGPUSPATIAL] [ 10802][17:58:31:769270][info  ] RTSpatialRefiner 0x790ca3d29630 (Used 0 MB), Loaded Geometries, ProbeArray 100000, Loaded 11, Type Point
[LIBGPUSPATIAL] [ 10802][17:58:31:769313][info  ] RTSpatialRefiner 0x790ca3d29630 (Used 0 MB), Evaluating 11 Geometry Pairs with Predicate Intersects
[LIBGPUSPATIAL] [ 10798][17:58:31:770655][info  ] RTSpatialIndex 0x790ca000a7d0 (Used 0 MB), Allocate result buffer, memory consumption 0 MB, capacity 9
[LIBGPUSPATIAL] [ 10798][17:58:31:770782][info  ] RTSpatialIndex 0x790ca000a7d0 (Used 0 MB), Probe Points, Size: 100000, Results: 9
[LIBGPUSPATIAL] [ 10798][17:58:31:771138][info  ] RTSpatialRefiner 0x790ca3d29630 (Used 0 MB), Loaded Geometries, ProbeArray 100000, Loaded 9, Type Point
[LIBGPUSPATIAL] [ 10798][17:58:31:771182][info  ] RTSpatialRefiner 0x790ca3d29630 (Used 0 MB), Evaluating 9 Geometry Pairs with Predicate Intersects
[LIBGPUSPATIAL] [ 10803][17:58:31:773468][info  ] RTSpatialIndex 0x790ca000a7d0 (Used 0 MB), Allocate result buffer, memory consumption 0 MB, capacity 15
[LIBGPUSPATIAL] [ 10803][17:58:31:773894][info  ] RTSpatialIndex 0x790ca000a7d0 (Used 0 MB), Probe Points, Size: 100000, Results: 15
[LIBGPUSPATIAL] [ 10801][17:58:31:776027][info  ] RTSpatialIndex 0x790ca000a7d0 (Used 2 MB), Allocate result buffer, memory consumption 0 MB, capacity 18
[LIBGPUSPATIAL] [ 10803][17:58:31:776329][info  ] RTSpatialRefiner 0x790ca3d29630 (Used 2 MB), Loaded Geometries, ProbeArray 100000, Loaded 15, Type Point
[LIBGPUSPATIAL] [ 10803][17:58:31:776390][info  ] RTSpatialRefiner 0x790ca3d29630 (Used 2 MB), Evaluating 15 Geometry Pairs with Predicate Intersects
[LIBGPUSPATIAL] [ 10800][17:58:31:776941][info  ] RTSpatialIndex 0x790ca000a7d0 (Used 1 MB), Allocate result buffer, memory consumption 0 MB, capacity 21
[LIBGPUSPATIAL] [ 10800][17:58:31:777234][info  ] RTSpatialIndex 0x790ca000a7d0 (Used 1 MB), Probe Points, Size: 100000, Results: 21
[LIBGPUSPATIAL] [ 10801][17:58:31:777647][info  ] RTSpatialIndex 0x790ca000a7d0 (Used 0 MB), Probe Points, Size: 100000, Results: 18
[LIBGPUSPATIAL] [ 10801][17:58:31:778178][info  ] RTSpatialRefiner 0x790ca3d29630 (Used 0 MB), Loaded Geometries, ProbeArray 100000, Loaded 18, Type Point
[LIBGPUSPATIAL] [ 10800][17:58:31:778499][info  ] RTSpatialRefiner 0x790ca3d29630 (Used 1 MB), Loaded Geometries, ProbeArray 100000, Loaded 21, Type Point
[LIBGPUSPATIAL] [ 10801][17:58:31:778548][info  ] RTSpatialRefiner 0x790ca3d29630 (Used 1 MB), Evaluating 18 Geometry Pairs with Predicate Intersects
[LIBGPUSPATIAL] [ 10799][17:58:31:778709][info  ] RTSpatialIndex 0x790ca000a7d0 (Used 0 MB), Allocate result buffer, memory consumption 0 MB, capacity 20
[LIBGPUSPATIAL] [ 10800][17:58:31:778883][info  ] RTSpatialRefiner 0x790ca3d29630 (Used 0 MB), Evaluating 21 Geometry Pairs with Predicate Intersects
[LIBGPUSPATIAL] [ 10799][17:58:31:778889][info  ] RTSpatialIndex 0x790ca000a7d0 (Used 0 MB), Probe Points, Size: 100000, Results: 20
[LIBGPUSPATIAL] [ 10797][17:58:31:782211][info  ] RTSpatialIndex 0x790ca000a7d0 (Used 2 MB), Allocate result buffer, memory consumption 0 MB, capacity 10
[LIBGPUSPATIAL] [ 10799][17:58:31:782501][info  ] RTSpatialRefiner 0x790ca3d29630 (Used 2 MB), Loaded Geometries, ProbeArray 100000, Loaded 20, Type Point
[LIBGPUSPATIAL] [ 10799][17:58:31:782588][info  ] RTSpatialRefiner 0x790ca3d29630 (Used 2 MB), Evaluating 20 Geometry Pairs with Predicate Intersects
[LIBGPUSPATIAL] [ 10802][17:58:31:782741][info  ] RTSpatialIndex 0x790ca000a7d0 (Used 1 MB), Allocate result buffer, memory consumption 0 MB, capacity 23
[LIBGPUSPATIAL] [ 10797][17:58:31:782680][info  ] RTSpatialIndex 0x790ca000a7d0 (Used 1 MB), Probe Points, Size: 100000, Results: 10
[LIBGPUSPATIAL] [ 10802][17:58:31:783253][info  ] RTSpatialIndex 0x790ca000a7d0 (Used 0 MB), Probe Points, Size: 100000, Results: 23
[LIBGPUSPATIAL] [ 10797][17:58:31:783592][info  ] RTSpatialRefiner 0x790ca3d29630 (Used 1 MB), Loaded Geometries, ProbeArray 100000, Loaded 10, Type Point
[LIBGPUSPATIAL] [ 10797][17:58:31:783668][info  ] RTSpatialRefiner 0x790ca3d29630 (Used 1 MB), Evaluating 10 Geometry Pairs with Predicate Intersects
[LIBGPUSPATIAL] [ 10802][17:58:31:783678][info  ] RTSpatialRefiner 0x790ca3d29630 (Used 1 MB), Loaded Geometries, ProbeArray 100000, Loaded 23, Type Point
[LIBGPUSPATIAL] [ 10802][17:58:31:783732][info  ] RTSpatialRefiner 0x790ca3d29630 (Used 1 MB), Evaluating 23 Geometry Pairs with Predicate Intersects
[LIBGPUSPATIAL] [ 10796][17:58:31:785772][info  ] RTSpatialIndex 0x790ca000a7d0 (Used 0 MB), Allocate result buffer, memory consumption 0 MB, capacity 13
[LIBGPUSPATIAL] [ 10796][17:58:31:785956][info  ] RTSpatialIndex 0x790ca000a7d0 (Used 0 MB), Probe Points, Size: 100000, Results: 13
[LIBGPUSPATIAL] [ 10796][17:58:31:786293][info  ] RTSpatialRefiner 0x790ca3d29630 (Used 0 MB), Loaded Geometries, ProbeArray 100000, Loaded 13, Type Point
[LIBGPUSPATIAL] [ 10796][17:58:31:786337][info  ] RTSpatialRefiner 0x790ca3d29630 (Used 0 MB), Evaluating 13 Geometry Pairs with Predicate Intersects
[LIBGPUSPATIAL] [ 10803][17:58:31:788861][info  ] RTSpatialIndex 0x790ca000a7d0 (Used 1 MB), Allocate result buffer, memory consumption 0 MB, capacity 17
[LIBGPUSPATIAL] [ 10803][17:58:31:788982][info  ] RTSpatialIndex 0x790ca000a7d0 (Used 1 MB), Probe Points, Size: 100000, Results: 17
[LIBGPUSPATIAL] [ 10798][17:58:31:789245][info  ] RTSpatialIndex 0x790ca000a7d0 (Used 0 MB), Allocate result buffer, memory consumption 0 MB, capacity 21
[LIBGPUSPATIAL] [ 10798][17:58:31:789347][info  ] RTSpatialIndex 0x790ca000a7d0 (Used 0 MB), Probe Points, Size: 100000, Results: 21
[LIBGPUSPATIAL] [ 10798][17:58:31:789683][info  ] RTSpatialRefiner 0x790ca3d29630 (Used 0 MB), Loaded Geometries, ProbeArray 100000, Loaded 21, Type Point
[LIBGPUSPATIAL] [ 10798][17:58:31:789718][info  ] RTSpatialRefiner 0x790ca3d29630 (Used 0 MB), Evaluating 21 Geometry Pairs with Predicate Intersects
[LIBGPUSPATIAL] [ 10800][17:58:31:792148][info  ] RTSpatialIndex 0x790ca000a7d0 (Used 2 MB), Allocate result buffer, memory consumption 0 MB, capacity 10
[LIBGPUSPATIAL] [ 10803][17:58:31:792666][info  ] RTSpatialRefiner 0x790ca3d29630 (Used 2 MB), Loaded Geometries, ProbeArray 100000, Loaded 17, Type Point
[LIBGPUSPATIAL] [ 10800][17:58:31:792950][info  ] RTSpatialIndex 0x790ca000a7d0 (Used 1 MB), Probe Points, Size: 100000, Results: 10
[LIBGPUSPATIAL] [ 10803][17:58:31:792988][info  ] RTSpatialRefiner 0x790ca3d29630 (Used 0 MB), Evaluating 17 Geometry Pairs with Predicate Intersects
[LIBGPUSPATIAL] [ 10800][17:58:31:793380][info  ] RTSpatialRefiner 0x790ca3d29630 (Used 0 MB), Loaded Geometries, ProbeArray 100000, Loaded 10, Type Point
[LIBGPUSPATIAL] [ 10801][17:58:31:793587][info  ] RTSpatialIndex 0x790ca000a7d0 (Used 0 MB), Allocate result buffer, memory consumption 0 MB, capacity 17
[LIBGPUSPATIAL] [ 10800][17:58:31:793652][info  ] RTSpatialRefiner 0x790ca3d29630 (Used 0 MB), Evaluating 10 Geometry Pairs with Predicate Intersects
[LIBGPUSPATIAL] [ 10801][17:58:31:794064][info  ] RTSpatialIndex 0x790ca000a7d0 (Used 1 MB), Probe Points, Size: 100000, Results: 17
[LIBGPUSPATIAL] [ 10801][17:58:31:794544][info  ] RTSpatialRefiner 0x790ca3d29630 (Used 0 MB), Loaded Geometries, ProbeArray 100000, Loaded 17, Type Point
[LIBGPUSPATIAL] [ 10801][17:58:31:796189][info  ] RTSpatialRefiner 0x790ca3d29630 (Used 0 MB), Evaluating 17 Geometry Pairs with Predicate Intersects
[LIBGPUSPATIAL] [ 10799][17:58:31:796192][info  ] RTSpatialIndex 0x790ca000a7d0 (Used 0 MB), Allocate result buffer, memory consumption 0 MB, capacity 17
[LIBGPUSPATIAL] [ 10799][17:58:31:796558][info  ] RTSpatialIndex 0x790ca000a7d0 (Used 0 MB), Probe Points, Size: 100000, Results: 17
[LIBGPUSPATIAL] [ 10799][17:58:31:797060][info  ] RTSpatialRefiner 0x790ca3d29630 (Used 0 MB), Loaded Geometries, ProbeArray 100000, Loaded 17, Type Point
[LIBGPUSPATIAL] [ 10799][17:58:31:797111][info  ] RTSpatialRefiner 0x790ca3d29630 (Used 0 MB), Evaluating 17 Geometry Pairs with Predicate Intersects
[LIBGPUSPATIAL] [ 10802][17:58:31:798025][info  ] RTSpatialIndex 0x790ca000a7d0 (Used 0 MB), Allocate result buffer, memory consumption 0 MB, capacity 13
[LIBGPUSPATIAL] [ 10802][17:58:31:798140][info  ] RTSpatialIndex 0x790ca000a7d0 (Used 0 MB), Probe Points, Size: 100000, Results: 13
[LIBGPUSPATIAL] [ 10802][17:58:31:798574][info  ] RTSpatialRefiner 0x790ca3d29630 (Used 0 MB), Loaded Geometries, ProbeArray 100000, Loaded 13, Type Point
[LIBGPUSPATIAL] [ 10802][17:58:31:798637][info  ] RTSpatialRefiner 0x790ca3d29630 (Used 0 MB), Evaluating 13 Geometry Pairs with Predicate Intersects
[LIBGPUSPATIAL] [ 10797][17:58:31:799814][info  ] RTSpatialIndex 0x790ca000a7d0 (Used 0 MB), Allocate result buffer, memory consumption 0 MB, capacity 20
[LIBGPUSPATIAL] [ 10797][17:58:31:799971][info  ] RTSpatialIndex 0x790ca000a7d0 (Used 2 MB), Probe Points, Size: 100000, Results: 20
[LIBGPUSPATIAL] [ 10796][17:58:31:800571][info  ] RTSpatialIndex 0x790ca000a7d0 (Used 0 MB), Allocate result buffer, memory consumption 0 MB, capacity 16
[LIBGPUSPATIAL] [ 10796][17:58:31:800755][info  ] RTSpatialIndex 0x790ca000a7d0 (Used 0 MB), Probe Points, Size: 100000, Results: 16
[LIBGPUSPATIAL] [ 10797][17:58:31:800926][info  ] RTSpatialRefiner 0x790ca3d29630 (Used 0 MB), Loaded Geometries, ProbeArray 100000, Loaded 20, Type Point
[LIBGPUSPATIAL] [ 10797][17:58:31:801121][info  ] RTSpatialRefiner 0x790ca3d29630 (Used 0 MB), Evaluating 20 Geometry Pairs with Predicate Intersects
[LIBGPUSPATIAL] [ 10798][17:58:31:802889][info  ] RTSpatialIndex 0x790ca000a7d0 (Used 0 MB), Allocate result buffer, memory consumption 0 MB, capacity 17
[LIBGPUSPATIAL] [ 10798][17:58:31:803007][info  ] RTSpatialIndex 0x790ca000a7d0 (Used 0 MB), Probe Points, Size: 100000, Results: 17
[LIBGPUSPATIAL] [ 10796][17:58:31:803067][info  ] RTSpatialRefiner 0x790ca3d29630 (Used 0 MB), Loaded Geometries, ProbeArray 100000, Loaded 16, Type Point
[LIBGPUSPATIAL] [ 10796][17:58:31:803102][info  ] RTSpatialRefiner 0x790ca3d29630 (Used 0 MB), Evaluating 16 Geometry Pairs with Predicate Intersects
[LIBGPUSPATIAL] [ 10798][17:58:31:803768][info  ] RTSpatialRefiner 0x790ca3d29630 (Used 0 MB), Loaded Geometries, ProbeArray 100000, Loaded 17, Type Point
[LIBGPUSPATIAL] [ 10798][17:58:31:803803][info  ] RTSpatialRefiner 0x790ca3d29630 (Used 0 MB), Evaluating 17 Geometry Pairs with Predicate Intersects
[LIBGPUSPATIAL] [ 10803][17:58:31:808008][info  ] RTSpatialIndex 0x790ca000a7d0 (Used 0 MB), Allocate result buffer, memory consumption 0 MB, capacity 11
[LIBGPUSPATIAL] [ 10803][17:58:31:808147][info  ] RTSpatialIndex 0x790ca000a7d0 (Used 0 MB), Probe Points, Size: 100000, Results: 11
[LIBGPUSPATIAL] [ 10803][17:58:31:808582][info  ] RTSpatialRefiner 0x790ca3d29630 (Used 0 MB), Loaded Geometries, ProbeArray 100000, Loaded 11, Type Point
[LIBGPUSPATIAL] [ 10803][17:58:31:808634][info  ] RTSpatialRefiner 0x790ca3d29630 (Used 0 MB), Evaluating 11 Geometry Pairs with Predicate Intersects
[LIBGPUSPATIAL] [ 10801][17:58:31:811000][info  ] RTSpatialIndex 0x790ca000a7d0 (Used 3 MB), Allocate result buffer, memory consumption 0 MB, capacity 9
[LIBGPUSPATIAL] [ 10800][17:58:31:811582][info  ] RTSpatialIndex 0x790ca000a7d0 (Used 2 MB), Allocate result buffer, memory consumption 0 MB, capacity 11
[LIBGPUSPATIAL] [ 10799][17:58:31:811672][info  ] RTSpatialIndex 0x790ca000a7d0 (Used 2 MB), Allocate result buffer, memory consumption 0 MB, capacity 16
[LIBGPUSPATIAL] [ 10799][17:58:31:811772][info  ] RTSpatialIndex 0x790ca000a7d0 (Used 2 MB), Probe Points, Size: 100000, Results: 16
[LIBGPUSPATIAL] [ 10801][17:58:31:812007][info  ] RTSpatialIndex 0x790ca000a7d0 (Used 1 MB), Probe Points, Size: 100000, Results: 9
[LIBGPUSPATIAL] [ 10800][17:58:31:812070][info  ] RTSpatialIndex 0x790ca000a7d0 (Used 0 MB), Probe Points, Size: 100000, Results: 11
[LIBGPUSPATIAL] [ 10800][17:58:31:812445][info  ] RTSpatialRefiner 0x790ca3d29630 (Used 0 MB), Loaded Geometries, ProbeArray 100000, Loaded 11, Type Point
[LIBGPUSPATIAL] [ 10800][17:58:31:812490][info  ] RTSpatialRefiner 0x790ca3d29630 (Used 0 MB), Evaluating 11 Geometry Pairs with Predicate Intersects
[LIBGPUSPATIAL] [ 10801][17:58:31:812511][info  ] RTSpatialRefiner 0x790ca3d29630 (Used 0 MB), Loaded Geometries, ProbeArray 100000, Loaded 9, Type Point
[LIBGPUSPATIAL] [ 10801][17:58:31:812555][info  ] RTSpatialRefiner 0x790ca3d29630 (Used 0 MB), Evaluating 9 Geometry Pairs with Predicate Intersects
[LIBGPUSPATIAL] [ 10799][17:58:31:812962][info  ] RTSpatialRefiner 0x790ca3d29630 (Used 0 MB), Loaded Geometries, ProbeArray 100000, Loaded 16, Type Point
[LIBGPUSPATIAL] [ 10799][17:58:31:813012][info  ] RTSpatialRefiner 0x790ca3d29630 (Used 0 MB), Evaluating 16 Geometry Pairs with Predicate Intersects
[LIBGPUSPATIAL] [ 10802][17:58:31:814329][info  ] RTSpatialIndex 0x790ca000a7d0 (Used 0 MB), Allocate result buffer, memory consumption 0 MB, capacity 12
[LIBGPUSPATIAL] [ 10802][17:58:31:814454][info  ] RTSpatialIndex 0x790ca000a7d0 (Used 0 MB), Probe Points, Size: 100000, Results: 12
[LIBGPUSPATIAL] [ 10802][17:58:31:815212][info  ] RTSpatialRefiner 0x790ca3d29630 (Used 0 MB), Loaded Geometries, ProbeArray 100000, Loaded 12, Type Point
[LIBGPUSPATIAL] [ 10802][17:58:31:815273][info  ] RTSpatialRefiner 0x790ca3d29630 (Used 0 MB), Evaluating 12 Geometry Pairs with Predicate Intersects
[LIBGPUSPATIAL] [ 10798][17:58:31:815907][info  ] RTSpatialIndex 0x790ca000a7d0 (Used 0 MB), Allocate result buffer, memory consumption 0 MB, capacity 13
[LIBGPUSPATIAL] [ 10798][17:58:31:816342][info  ] RTSpatialIndex 0x790ca000a7d0 (Used 0 MB), Probe Points, Size: 100000, Results: 13
[LIBGPUSPATIAL] [ 10798][17:58:31:816697][info  ] RTSpatialRefiner 0x790ca3d29630 (Used 0 MB), Loaded Geometries, ProbeArray 100000, Loaded 13, Type Point
[LIBGPUSPATIAL] [ 10798][17:58:31:816741][info  ] RTSpatialRefiner 0x790ca3d29630 (Used 0 MB), Evaluating 13 Geometry Pairs with Predicate Intersects
[LIBGPUSPATIAL] [ 10796][17:58:31:817349][info  ] RTSpatialIndex 0x790ca000a7d0 (Used 0 MB), Allocate result buffer, memory consumption 0 MB, capacity 15
[LIBGPUSPATIAL] [ 10796][17:58:31:817735][info  ] RTSpatialIndex 0x790ca000a7d0 (Used 0 MB), Probe Points, Size: 100000, Results: 15
[LIBGPUSPATIAL] [ 10796][17:58:31:818156][info  ] RTSpatialRefiner 0x790ca3d29630 (Used 1 MB), Loaded Geometries, ProbeArray 100000, Loaded 15, Type Point
[LIBGPUSPATIAL] [ 10796][17:58:31:818229][info  ] RTSpatialRefiner 0x790ca3d29630 (Used 1 MB), Evaluating 15 Geometry Pairs with Predicate Intersects
[LIBGPUSPATIAL] [ 10797][17:58:31:818631][info  ] RTSpatialIndex 0x790ca000a7d0 (Used 0 MB), Allocate result buffer, memory consumption 0 MB, capacity 8
[LIBGPUSPATIAL] [ 10797][17:58:31:818823][info  ] RTSpatialIndex 0x790ca000a7d0 (Used 0 MB), Probe Points, Size: 100000, Results: 8
[LIBGPUSPATIAL] [ 10797][17:58:31:819373][info  ] RTSpatialRefiner 0x790ca3d29630 (Used 0 MB), Loaded Geometries, ProbeArray 100000, Loaded 8, Type Point
[LIBGPUSPATIAL] [ 10797][17:58:31:819473][info  ] RTSpatialRefiner 0x790ca3d29630 (Used 0 MB), Evaluating 8 Geometry Pairs with Predicate Intersects
[LIBGPUSPATIAL] [ 10802][17:58:31:820964][info  ] RTSpatialIndex 0x790ca000a7d0 (Used 0 MB), Allocate result buffer, memory consumption 0 MB, capacity 6
[LIBGPUSPATIAL] [ 10802][17:58:31:821080][info  ] RTSpatialIndex 0x790ca000a7d0 (Used 0 MB), Probe Points, Size: 33333, Results: 6
[LIBGPUSPATIAL] [ 10802][17:58:31:822218][info  ] RTSpatialRefiner 0x790ca3d29630 (Used 0 MB), Loaded Geometries, ProbeArray 33333, Loaded 6, Type Point
[LIBGPUSPATIAL] [ 10802][17:58:31:822255][info  ] RTSpatialRefiner 0x790ca3d29630 (Used 0 MB), Evaluating 6 Geometry Pairs with Predicate Intersects
[LIBGPUSPATIAL] [ 10803][17:58:31:823464][info  ] RTSpatialIndex 0x790ca000a7d0 (Used 0 MB), Allocate result buffer, memory consumption 0 MB, capacity 17
[LIBGPUSPATIAL] [ 10803][17:58:31:823625][info  ] RTSpatialIndex 0x790ca000a7d0 (Used 0 MB), Probe Points, Size: 100000, Results: 17
[LIBGPUSPATIAL] [ 10803][17:58:31:824004][info  ] RTSpatialRefiner 0x790ca3d29630 (Used 0 MB), Loaded Geometries, ProbeArray 100000, Loaded 17, Type Point
[LIBGPUSPATIAL] [ 10803][17:58:31:824048][info  ] RTSpatialRefiner 0x790ca3d29630 (Used 0 MB), Evaluating 17 Geometry Pairs with Predicate Intersects
[LIBGPUSPATIAL] [ 10800][17:58:31:826695][info  ] RTSpatialIndex 0x790ca000a7d0 (Used 1 MB), Allocate result buffer, memory consumption 0 MB, capacity 20
[LIBGPUSPATIAL] [ 10801][17:58:31:826709][info  ] RTSpatialIndex 0x790ca000a7d0 (Used 1 MB), Allocate result buffer, memory consumption 0 MB, capacity 14
[LIBGPUSPATIAL] [ 10800][17:58:31:826911][info  ] RTSpatialIndex 0x790ca000a7d0 (Used 1 MB), Probe Points, Size: 100000, Results: 20
[LIBGPUSPATIAL] [ 10801][17:58:31:827035][info  ] RTSpatialIndex 0x790ca000a7d0 (Used 0 MB), Probe Points, Size: 100000, Results: 14
[LIBGPUSPATIAL] [ 10800][17:58:31:827727][info  ] RTSpatialRefiner 0x790ca3d29630 (Used 1 MB), Loaded Geometries, ProbeArray 100000, Loaded 20, Type Point
[LIBGPUSPATIAL] [ 10801][17:58:31:827731][info  ] RTSpatialRefiner 0x790ca3d29630 (Used 1 MB), Loaded Geometries, ProbeArray 100000, Loaded 14, Type Point
[LIBGPUSPATIAL] [ 10800][17:58:31:827782][info  ] RTSpatialRefiner 0x790ca3d29630 (Used 0 MB), Evaluating 20 Geometry Pairs with Predicate Intersects
[LIBGPUSPATIAL] [ 10801][17:58:31:827801][info  ] RTSpatialRefiner 0x790ca3d29630 (Used 0 MB), Evaluating 14 Geometry Pairs with Predicate Intersects
[LIBGPUSPATIAL] [ 10799][17:58:31:828147][info  ] RTSpatialIndex 0x790ca000a7d0 (Used 0 MB), Allocate result buffer, memory consumption 0 MB, capacity 16
[LIBGPUSPATIAL] [ 10799][17:58:31:828446][info  ] RTSpatialIndex 0x790ca000a7d0 (Used 0 MB), Probe Points, Size: 100000, Results: 16
[LIBGPUSPATIAL] [ 10799][17:58:31:828874][info  ] RTSpatialRefiner 0x790ca3d29630 (Used 0 MB), Loaded Geometries, ProbeArray 100000, Loaded 16, Type Point
[LIBGPUSPATIAL] [ 10799][17:58:31:828920][info  ] RTSpatialRefiner 0x790ca3d29630 (Used 0 MB), Evaluating 16 Geometry Pairs with Predicate Intersects
[LIBGPUSPATIAL] [ 10798][17:58:31:831103][info  ] RTSpatialIndex 0x790ca000a7d0 (Used 0 MB), Allocate result buffer, memory consumption 0 MB, capacity 23
[LIBGPUSPATIAL] [ 10798][17:58:31:831248][info  ] RTSpatialIndex 0x790ca000a7d0 (Used 0 MB), Probe Points, Size: 100000, Results: 23
[LIBGPUSPATIAL] [ 10796][17:58:31:831976][info  ] RTSpatialIndex 0x790ca000a7d0 (Used 0 MB), Allocate result buffer, memory consumption 0 MB, capacity 19
[LIBGPUSPATIAL] [ 10796][17:58:31:832082][info  ] RTSpatialIndex 0x790ca000a7d0 (Used 0 MB), Probe Points, Size: 100000, Results: 19
[LIBGPUSPATIAL] [ 10798][17:58:31:832343][info  ] RTSpatialRefiner 0x790ca3d29630 (Used 0 MB), Loaded Geometries, ProbeArray 100000, Loaded 23, Type Point
[LIBGPUSPATIAL] [ 10798][17:58:31:832392][info  ] RTSpatialRefiner 0x790ca3d29630 (Used 0 MB), Evaluating 23 Geometry Pairs with Predicate Intersects
[LIBGPUSPATIAL] [ 10796][17:58:31:832613][info  ] RTSpatialRefiner 0x790ca3d29630 (Used 0 MB), Loaded Geometries, ProbeArray 100000, Loaded 19, Type Point
[LIBGPUSPATIAL] [ 10796][17:58:31:832657][info  ] RTSpatialRefiner 0x790ca3d29630 (Used 0 MB), Evaluating 19 Geometry Pairs with Predicate Intersects
[LIBGPUSPATIAL] [ 10797][17:58:31:833474][info  ] RTSpatialIndex 0x790ca000a7d0 (Used 0 MB), Allocate result buffer, memory consumption 0 MB, capacity 16
[LIBGPUSPATIAL] [ 10797][17:58:31:833618][info  ] RTSpatialIndex 0x790ca000a7d0 (Used 0 MB), Probe Points, Size: 100000, Results: 16
[LIBGPUSPATIAL] [ 10797][17:58:31:833972][info  ] RTSpatialRefiner 0x790ca3d29630 (Used 0 MB), Loaded Geometries, ProbeArray 100000, Loaded 16, Type Point
[LIBGPUSPATIAL] [ 10797][17:58:31:834015][info  ] RTSpatialRefiner 0x790ca3d29630 (Used 0 MB), Evaluating 16 Geometry Pairs with Predicate Intersects
[LIBGPUSPATIAL] [ 10803][17:58:31:838025][info  ] RTSpatialIndex 0x790ca000a7d0 (Used 1 MB), Allocate result buffer, memory consumption 0 MB, capacity 13
[LIBGPUSPATIAL] [ 10796][17:58:31:838030][info  ] RTSpatialIndex 0x790ca000a7d0 (Used 1 MB), Allocate result buffer, memory consumption 0 MB, capacity 3
[LIBGPUSPATIAL] [ 10803][17:58:31:838366][info  ] RTSpatialIndex 0x790ca000a7d0 (Used 1 MB), Probe Points, Size: 100000, Results: 13
[LIBGPUSPATIAL] [ 10796][17:58:31:838428][info  ] RTSpatialIndex 0x790ca000a7d0 (Used 0 MB), Probe Points, Size: 33333, Results: 3
[LIBGPUSPATIAL] [ 10796][17:58:31:838887][info  ] RTSpatialRefiner 0x790ca3d29630 (Used 0 MB), Loaded Geometries, ProbeArray 33333, Loaded 3, Type Point
[LIBGPUSPATIAL] [ 10803][17:58:31:838936][info  ] RTSpatialRefiner 0x790ca3d29630 (Used 0 MB), Loaded Geometries, ProbeArray 100000, Loaded 13, Type Point
[LIBGPUSPATIAL] [ 10796][17:58:31:838941][info  ] RTSpatialRefiner 0x790ca3d29630 (Used 0 MB), Evaluating 3 Geometry Pairs with Predicate Intersects
[LIBGPUSPATIAL] [ 10803][17:58:31:838980][info  ] RTSpatialRefiner 0x790ca3d29630 (Used 0 MB), Evaluating 13 Geometry Pairs with Predicate Intersects
[LIBGPUSPATIAL] [ 10797][17:58:31:838990][info  ] RTSpatialIndex 0x790ca000a7d0 (Used 0 MB), Allocate result buffer, memory consumption 0 MB, capacity 7
[LIBGPUSPATIAL] [ 10797][17:58:31:839391][info  ] RTSpatialIndex 0x790ca000a7d0 (Used 0 MB), Probe Points, Size: 33333, Results: 7
[LIBGPUSPATIAL] [ 10797][17:58:31:839900][info  ] RTSpatialRefiner 0x790ca3d29630 (Used 0 MB), Loaded Geometries, ProbeArray 33333, Loaded 7, Type Point
[LIBGPUSPATIAL] [ 10797][17:58:31:839946][info  ] RTSpatialRefiner 0x790ca3d29630 (Used 0 MB), Evaluating 7 Geometry Pairs with Predicate Intersects
[LIBGPUSPATIAL] [ 10799][17:58:31:842164][info  ] RTSpatialIndex 0x790ca000a7d0 (Used 0 MB), Allocate result buffer, memory consumption 0 MB, capacity 11
[LIBGPUSPATIAL] [ 10799][17:58:31:842704][info  ] RTSpatialIndex 0x790ca000a7d0 (Used 2 MB), Probe Points, Size: 100000, Results: 11
[LIBGPUSPATIAL] [ 10800][17:58:31:843195][info  ] RTSpatialIndex 0x790ca000a7d0 (Used 2 MB), Allocate result buffer, memory consumption 0 MB, capacity 16
[LIBGPUSPATIAL] [ 10802][17:58:31:843685][info  ] RTSpatialIndex 0x790ca000a7d0 (Used 3 MB), Allocate result buffer, memory consumption 0 MB, capacity 18
[LIBGPUSPATIAL] [ 10799][17:58:31:843828][info  ] RTSpatialRefiner 0x790ca3d29630 (Used 3 MB), Loaded Geometries, ProbeArray 100000, Loaded 11, Type Point
[LIBGPUSPATIAL] [ 10799][17:58:31:843996][info  ] RTSpatialRefiner 0x790ca3d29630 (Used 2 MB), Evaluating 11 Geometry Pairs with Predicate Intersects
[LIBGPUSPATIAL] [ 10802][17:58:31:844302][info  ] RTSpatialIndex 0x790ca000a7d0 (Used 2 MB), Probe Points, Size: 100000, Results: 18
[LIBGPUSPATIAL] [ 10801][17:58:31:844455][info  ] RTSpatialIndex 0x790ca000a7d0 (Used 1 MB), Allocate result buffer, memory consumption 0 MB, capacity 11
[LIBGPUSPATIAL] [ 10800][17:58:31:844637][info  ] RTSpatialIndex 0x790ca000a7d0 (Used 1 MB), Probe Points, Size: 100000, Results: 16
[LIBGPUSPATIAL] [ 10801][17:58:31:844831][info  ] RTSpatialIndex 0x790ca000a7d0 (Used 1 MB), Probe Points, Size: 100000, Results: 11
[LIBGPUSPATIAL] [ 10802][17:58:31:845150][info  ] RTSpatialRefiner 0x790ca3d29630 (Used 0 MB), Loaded Geometries, ProbeArray 100000, Loaded 18, Type Point
[LIBGPUSPATIAL] [ 10802][17:58:31:845210][info  ] RTSpatialRefiner 0x790ca3d29630 (Used 0 MB), Evaluating 18 Geometry Pairs with Predicate Intersects
[LIBGPUSPATIAL] [ 10800][17:58:31:845624][info  ] RTSpatialRefiner 0x790ca3d29630 (Used 0 MB), Loaded Geometries, ProbeArray 100000, Loaded 16, Type Point
[LIBGPUSPATIAL] [ 10800][17:58:31:845811][info  ] RTSpatialRefiner 0x790ca3d29630 (Used 0 MB), Evaluating 16 Geometry Pairs with Predicate Intersects
[LIBGPUSPATIAL] [ 10803][17:58:31:846504][info  ] RTSpatialIndex 0x790ca000a7d0 (Used 1 MB), Allocate result buffer, memory consumption 0 MB, capacity 7
[LIBGPUSPATIAL] [ 10801][17:58:31:846566][info  ] RTSpatialRefiner 0x790ca3d29630 (Used 1 MB), Loaded Geometries, ProbeArray 100000, Loaded 11, Type Point
[LIBGPUSPATIAL] [ 10801][17:58:31:846717][info  ] RTSpatialRefiner 0x790ca3d29630 (Used 1 MB), Evaluating 11 Geometry Pairs with Predicate Intersects
[LIBGPUSPATIAL] [ 10798][17:58:31:847090][info  ] RTSpatialIndex 0x790ca000a7d0 (Used 1 MB), Allocate result buffer, memory consumption 0 MB, capacity 12
[LIBGPUSPATIAL] [ 10803][17:58:31:847455][info  ] RTSpatialIndex 0x790ca000a7d0 (Used 1 MB), Probe Points, Size: 33333, Results: 7
[LIBGPUSPATIAL] [ 10798][17:58:31:847729][info  ] RTSpatialIndex 0x790ca000a7d0 (Used 0 MB), Probe Points, Size: 100000, Results: 12
[LIBGPUSPATIAL] [ 10798][17:58:31:848468][info  ] RTSpatialRefiner 0x790ca3d29630 (Used 0 MB), Loaded Geometries, ProbeArray 100000, Loaded 12, Type Point
[LIBGPUSPATIAL] [ 10798][17:58:31:848548][info  ] RTSpatialRefiner 0x790ca3d29630 (Used 0 MB), Evaluating 12 Geometry Pairs with Predicate Intersects
[LIBGPUSPATIAL] [ 10803][17:58:31:849055][info  ] RTSpatialRefiner 0x790ca3d29630 (Used 0 MB), Loaded Geometries, ProbeArray 33333, Loaded 7, Type Point
[LIBGPUSPATIAL] [ 10803][17:58:31:849096][info  ] RTSpatialRefiner 0x790ca3d29630 (Used 0 MB), Evaluating 7 Geometry Pairs with Predicate Intersects
[LIBGPUSPATIAL] [ 10799][17:58:31:849994][info  ] RTSpatialIndex 0x790ca000a7d0 (Used 0 MB), Allocate result buffer, memory consumption 0 MB, capacity 6
[LIBGPUSPATIAL] [ 10799][17:58:31:850096][info  ] RTSpatialIndex 0x790ca000a7d0 (Used 0 MB), Probe Points, Size: 33333, Results: 6
[LIBGPUSPATIAL] [ 10799][17:58:31:850926][info  ] RTSpatialRefiner 0x790ca3d29630 (Used 0 MB), Loaded Geometries, ProbeArray 33333, Loaded 6, Type Point
[LIBGPUSPATIAL] [ 10799][17:58:31:850988][info  ] RTSpatialRefiner 0x790ca3d29630 (Used 0 MB), Evaluating 6 Geometry Pairs with Predicate Intersects
[LIBGPUSPATIAL] [ 10800][17:58:31:852389][info  ] RTSpatialIndex 0x790ca000a7d0 (Used 0 MB), Allocate result buffer, memory consumption 0 MB, capacity 7
[LIBGPUSPATIAL] [ 10800][17:58:31:852511][info  ] RTSpatialIndex 0x790ca000a7d0 (Used 0 MB), Probe Points, Size: 33333, Results: 7
[LIBGPUSPATIAL] [ 10801][17:58:31:853012][info  ] RTSpatialIndex 0x790ca000a7d0 (Used 0 MB), Allocate result buffer, memory consumption 0 MB, capacity 10
[LIBGPUSPATIAL] [ 10801][17:58:31:853134][info  ] RTSpatialIndex 0x790ca000a7d0 (Used 0 MB), Probe Points, Size: 33333, Results: 10
[LIBGPUSPATIAL] [ 10800][17:58:31:853558][info  ] RTSpatialRefiner 0x790ca3d29630 (Used 0 MB), Loaded Geometries, ProbeArray 33333, Loaded 7, Type Point
[LIBGPUSPATIAL] [ 10800][17:58:31:853602][info  ] RTSpatialRefiner 0x790ca3d29630 (Used 0 MB), Evaluating 7 Geometry Pairs with Predicate Intersects
[LIBGPUSPATIAL] [ 10801][17:58:31:854015][info  ] RTSpatialRefiner 0x790ca3d29630 (Used 0 MB), Loaded Geometries, ProbeArray 33333, Loaded 10, Type Point
[LIBGPUSPATIAL] [ 10801][17:58:31:854056][info  ] RTSpatialRefiner 0x790ca3d29630 (Used 0 MB), Evaluating 10 Geometry Pairs with Predicate Intersects
[LIBGPUSPATIAL] [ 10798][17:58:31:855477][info  ] RTSpatialIndex 0x790ca000a7d0 (Used 0 MB), Allocate result buffer, memory consumption 0 MB, capacity 10
[LIBGPUSPATIAL] [ 10798][17:58:31:855877][info  ] RTSpatialIndex 0x790ca000a7d0 (Used 0 MB), Probe Points, Size: 33333, Results: 10
[LIBGPUSPATIAL] [ 10798][17:58:31:856541][info  ] RTSpatialRefiner 0x790ca3d29630 (Used 0 MB), Loaded Geometries, ProbeArray 33333, Loaded 10, Type Point
[LIBGPUSPATIAL] [ 10798][17:58:31:856597][info  ] RTSpatialRefiner 0x790ca3d29630 (Used 0 MB), Evaluating 10 Geometry Pairs with Predicate Intersects
[LIBGPUSPATIAL] [ 10796][17:58:31:860098][info  ] RTSpatialIndex 0x790ca000a7d0 (Used 1 MB), Allocate result buffer, memory consumption 0 MB, capacity 9
[LIBGPUSPATIAL] [ 10797][17:58:31:860103][info  ] RTSpatialIndex 0x790ca000a7d0 (Used 1 MB), Allocate result buffer, memory consumption 0 MB, capacity 12
[LIBGPUSPATIAL] [ 10796][17:58:31:860485][info  ] RTSpatialIndex 0x790ca000a7d0 (Used 3 MB), Probe Points, Size: 100000, Results: 9
[LIBGPUSPATIAL] [ 10797][17:58:31:860802][info  ] RTSpatialIndex 0x790ca000a7d0 (Used 2 MB), Probe Points, Size: 100000, Results: 12
[LIBGPUSPATIAL] [ 10802][17:58:31:861227][info  ] RTSpatialIndex 0x790ca000a7d0 (Used 0 MB), Allocate result buffer, memory consumption 0 MB, capacity 14
[LIBGPUSPATIAL] [ 10802][17:58:31:861361][info  ] RTSpatialIndex 0x790ca000a7d0 (Used 0 MB), Probe Points, Size: 100000, Results: 14
[LIBGPUSPATIAL] [ 10802][17:58:31:861776][info  ] RTSpatialRefiner 0x790ca3d29630 (Used 0 MB), Loaded Geometries, ProbeArray 100000, Loaded 14, Type Point
[LIBGPUSPATIAL] [ 10797][17:58:31:861788][info  ] RTSpatialRefiner 0x790ca3d29630 (Used 0 MB), Loaded Geometries, ProbeArray 100000, Loaded 12, Type Point
[LIBGPUSPATIAL] [ 10797][17:58:31:861954][info  ] RTSpatialRefiner 0x790ca3d29630 (Used 0 MB), Evaluating 12 Geometry Pairs with Predicate Intersects
[LIBGPUSPATIAL] [ 10796][17:58:31:862016][info  ] RTSpatialRefiner 0x790ca3d29630 (Used 0 MB), Loaded Geometries, ProbeArray 100000, Loaded 9, Type Point
[LIBGPUSPATIAL] [ 10796][17:58:31:862068][info  ] RTSpatialRefiner 0x790ca3d29630 (Used 0 MB), Evaluating 9 Geometry Pairs with Predicate Intersects
[LIBGPUSPATIAL] [ 10802][17:58:31:861959][info  ] RTSpatialRefiner 0x790ca3d29630 (Used 0 MB), Evaluating 14 Geometry Pairs with Predicate Intersects
[LIBGPUSPATIAL] [ 10799][17:58:31:869277][info  ] RTSpatialIndex 0x790ca000a7d0 (Used 0 MB), Allocate result buffer, memory consumption 0 MB, capacity 12
[LIBGPUSPATIAL] [ 10799][17:58:31:869406][info  ] RTSpatialIndex 0x790ca000a7d0 (Used 0 MB), Probe Points, Size: 100000, Results: 12
[LIBGPUSPATIAL] [ 10799][17:58:31:869914][info  ] RTSpatialRefiner 0x790ca3d29630 (Used 0 MB), Loaded Geometries, ProbeArray 100000, Loaded 12, Type Point
[LIBGPUSPATIAL] [ 10799][17:58:31:869958][info  ] RTSpatialRefiner 0x790ca3d29630 (Used 0 MB), Evaluating 12 Geometry Pairs with Predicate Intersects
[LIBGPUSPATIAL] [ 10800][17:58:31:870817][info  ] RTSpatialIndex 0x790ca000a7d0 (Used 0 MB), Allocate result buffer, memory consumption 0 MB, capacity 14
[LIBGPUSPATIAL] [ 10800][17:58:31:870968][info  ] RTSpatialIndex 0x790ca000a7d0 (Used 0 MB), Probe Points, Size: 100000, Results: 14
[LIBGPUSPATIAL] [ 10800][17:58:31:873001][info  ] RTSpatialRefiner 0x790ca3d29630 (Used 0 MB), Loaded Geometries, ProbeArray 100000, Loaded 14, Type Point
[LIBGPUSPATIAL] [ 10800][17:58:31:873043][info  ] RTSpatialRefiner 0x790ca3d29630 (Used 0 MB), Evaluating 14 Geometry Pairs with Predicate Intersects
[LIBGPUSPATIAL] [ 10802][17:58:31:875957][info  ] RTSpatialIndex 0x790ca000a7d0 (Used 0 MB), Allocate result buffer, memory consumption 0 MB, capacity 13
[LIBGPUSPATIAL] [ 10802][17:58:31:876107][info  ] RTSpatialIndex 0x790ca000a7d0 (Used 0 MB), Probe Points, Size: 100000, Results: 13
[LIBGPUSPATIAL] [ 10802][17:58:31:876642][info  ] RTSpatialRefiner 0x790ca3d29630 (Used 1 MB), Loaded Geometries, ProbeArray 100000, Loaded 13, Type Point
[LIBGPUSPATIAL] [ 10802][17:58:31:876705][info  ] RTSpatialRefiner 0x790ca3d29630 (Used 0 MB), Evaluating 13 Geometry Pairs with Predicate Intersects
[LIBGPUSPATIAL] [ 10797][17:58:31:877091][info  ] RTSpatialIndex 0x790ca000a7d0 (Used 0 MB), Allocate result buffer, memory consumption 0 MB, capacity 19
[LIBGPUSPATIAL] [ 10797][17:58:31:877940][info  ] RTSpatialIndex 0x790ca000a7d0 (Used 4 MB), Probe Points, Size: 100000, Results: 19
[LIBGPUSPATIAL] [ 10796][17:58:31:878131][info  ] RTSpatialIndex 0x790ca000a7d0 (Used 1 MB), Allocate result buffer, memory consumption 0 MB, capacity 11
[LIBGPUSPATIAL] [ 10798][17:58:31:878836][info  ] RTSpatialIndex 0x790ca000a7d0 (Used 4 MB), Allocate result buffer, memory consumption 0 MB, capacity 15
[LIBGPUSPATIAL] [ 10797][17:58:31:878946][info  ] RTSpatialRefiner 0x790ca3d29630 (Used 3 MB), Loaded Geometries, ProbeArray 100000, Loaded 19, Type Point
[LIBGPUSPATIAL] [ 10797][17:58:31:879004][info  ] RTSpatialRefiner 0x790ca3d29630 (Used 3 MB), Evaluating 19 Geometry Pairs with Predicate Intersects
[LIBGPUSPATIAL] [ 10796][17:58:31:879106][info  ] RTSpatialIndex 0x790ca000a7d0 (Used 3 MB), Probe Points, Size: 100000, Results: 11
[LIBGPUSPATIAL] [ 10801][17:58:31:879251][info  ] RTSpatialIndex 0x790ca000a7d0 (Used 2 MB), Allocate result buffer, memory consumption 0 MB, capacity 10
[LIBGPUSPATIAL] [ 10803][17:58:31:879515][info  ] RTSpatialIndex 0x790ca000a7d0 (Used 2 MB), Allocate result buffer, memory consumption 0 MB, capacity 16
[LIBGPUSPATIAL] [ 10798][17:58:31:879812][info  ] RTSpatialIndex 0x790ca000a7d0 (Used 2 MB), Probe Points, Size: 100000, Results: 15
[LIBGPUSPATIAL] [ 10796][17:58:31:879854][info  ] RTSpatialRefiner 0x790ca3d29630 (Used 1 MB), Loaded Geometries, ProbeArray 100000, Loaded 11, Type Point
[LIBGPUSPATIAL] [ 10796][17:58:31:879901][info  ] RTSpatialRefiner 0x790ca3d29630 (Used 1 MB), Evaluating 11 Geometry Pairs with Predicate Intersects
[LIBGPUSPATIAL] [ 10801][17:58:31:880260][info  ] RTSpatialIndex 0x790ca000a7d0 (Used 1 MB), Probe Points, Size: 100000, Results: 10
[LIBGPUSPATIAL] [ 10798][17:58:31:880266][info  ] RTSpatialRefiner 0x790ca3d29630 (Used 1 MB), Loaded Geometries, ProbeArray 100000, Loaded 15, Type Point
[LIBGPUSPATIAL] [ 10803][17:58:31:880467][info  ] RTSpatialIndex 0x790ca000a7d0 (Used 0 MB), Probe Points, Size: 100000, Results: 16
[LIBGPUSPATIAL] [ 10798][17:58:31:880564][info  ] RTSpatialRefiner 0x790ca3d29630 (Used 0 MB), Evaluating 15 Geometry Pairs with Predicate Intersects
[LIBGPUSPATIAL] [ 10801][17:58:31:882021][info  ] RTSpatialRefiner 0x790ca3d29630 (Used 0 MB), Loaded Geometries, ProbeArray 100000, Loaded 10, Type Point
[LIBGPUSPATIAL] [ 10801][17:58:31:882070][info  ] RTSpatialRefiner 0x790ca3d29630 (Used 0 MB), Evaluating 10 Geometry Pairs with Predicate Intersects
[LIBGPUSPATIAL] [ 10799][17:58:31:883092][info  ] RTSpatialIndex 0x790ca000a7d0 (Used 0 MB), Allocate result buffer, memory consumption 0 MB, capacity 13
[LIBGPUSPATIAL] [ 10799][17:58:31:883211][info  ] RTSpatialIndex 0x790ca000a7d0 (Used 0 MB), Probe Points, Size: 100000, Results: 13
[LIBGPUSPATIAL] [ 10803][17:58:31:884789][info  ] RTSpatialRefiner 0x790ca3d29630 (Used 0 MB), Loaded Geometries, ProbeArray 100000, Loaded 16, Type Point
[LIBGPUSPATIAL] [ 10803][17:58:31:884867][info  ] RTSpatialRefiner 0x790ca3d29630 (Used 0 MB), Evaluating 16 Geometry Pairs with Predicate Intersects
[LIBGPUSPATIAL] [ 10799][17:58:31:884917][info  ] RTSpatialRefiner 0x790ca3d29630 (Used 0 MB), Loaded Geometries, ProbeArray 100000, Loaded 13, Type Point
[LIBGPUSPATIAL] [ 10799][17:58:31:884960][info  ] RTSpatialRefiner 0x790ca3d29630 (Used 0 MB), Evaluating 13 Geometry Pairs with Predicate Intersects
[LIBGPUSPATIAL] [ 10800][17:58:31:885906][info  ] RTSpatialIndex 0x790ca000a7d0 (Used 0 MB), Allocate result buffer, memory consumption 0 MB, capacity 19
[LIBGPUSPATIAL] [ 10800][17:58:31:886034][info  ] RTSpatialIndex 0x790ca000a7d0 (Used 0 MB), Probe Points, Size: 100000, Results: 19
[LIBGPUSPATIAL] [ 10800][17:58:31:886383][info  ] RTSpatialRefiner 0x790ca3d29630 (Used 0 MB), Loaded Geometries, ProbeArray 100000, Loaded 19, Type Point
[LIBGPUSPATIAL] [ 10800][17:58:31:886429][info  ] RTSpatialRefiner 0x790ca3d29630 (Used 0 MB), Evaluating 19 Geometry Pairs with Predicate Intersects
[LIBGPUSPATIAL] [ 10797][17:58:31:891124][info  ] RTSpatialIndex 0x790ca000a7d0 (Used 0 MB), Allocate result buffer, memory consumption 0 MB, capacity 14
[LIBGPUSPATIAL] [ 10797][17:58:31:891733][info  ] RTSpatialIndex 0x790ca000a7d0 (Used 1 MB), Probe Points, Size: 100000, Results: 14
[LIBGPUSPATIAL] [ 10802][17:58:31:891814][info  ] RTSpatialIndex 0x790ca000a7d0 (Used 0 MB), Allocate result buffer, memory consumption 0 MB, capacity 14
[LIBGPUSPATIAL] [ 10802][17:58:31:892378][info  ] RTSpatialIndex 0x790ca000a7d0 (Used 1 MB), Probe Points, Size: 100000, Results: 14
[LIBGPUSPATIAL] [ 10796][17:58:31:892468][info  ] RTSpatialIndex 0x790ca000a7d0 (Used 0 MB), Allocate result buffer, memory consumption 0 MB, capacity 17
[LIBGPUSPATIAL] [ 10796][17:58:31:892874][info  ] RTSpatialIndex 0x790ca000a7d0 (Used 0 MB), Probe Points, Size: 100000, Results: 17
[LIBGPUSPATIAL] [ 10797][17:58:31:892883][info  ] RTSpatialRefiner 0x790ca3d29630 (Used 0 MB), Loaded Geometries, ProbeArray 100000, Loaded 14, Type Point
[LIBGPUSPATIAL] [ 10797][17:58:31:892962][info  ] RTSpatialRefiner 0x790ca3d29630 (Used 0 MB), Evaluating 14 Geometry Pairs with Predicate Intersects
[LIBGPUSPATIAL] [ 10802][17:58:31:893241][info  ] RTSpatialRefiner 0x790ca3d29630 (Used 0 MB), Loaded Geometries, ProbeArray 100000, Loaded 14, Type Point
[LIBGPUSPATIAL] [ 10796][17:58:31:893248][info  ] RTSpatialRefiner 0x790ca3d29630 (Used 0 MB), Loaded Geometries, ProbeArray 100000, Loaded 17, Type Point
[LIBGPUSPATIAL] [ 10802][17:58:31:893294][info  ] RTSpatialRefiner 0x790ca3d29630 (Used 0 MB), Evaluating 14 Geometry Pairs with Predicate Intersects
[LIBGPUSPATIAL] [ 10796][17:58:31:893343][info  ] RTSpatialRefiner 0x790ca3d29630 (Used 0 MB), Evaluating 17 Geometry Pairs with Predicate Intersects
[LIBGPUSPATIAL] [ 10798][17:58:31:894334][info  ] RTSpatialIndex 0x790ca000a7d0 (Used 0 MB), Allocate result buffer, memory consumption 0 MB, capacity 12
[LIBGPUSPATIAL] [ 10798][17:58:31:894534][info  ] RTSpatialIndex 0x790ca000a7d0 (Used 0 MB), Probe Points, Size: 100000, Results: 12
[LIBGPUSPATIAL] [ 10801][17:58:31:894967][info  ] RTSpatialIndex 0x790ca000a7d0 (Used 0 MB), Allocate result buffer, memory consumption 0 MB, capacity 18
[LIBGPUSPATIAL] [ 10801][17:58:31:895065][info  ] RTSpatialIndex 0x790ca000a7d0 (Used 0 MB), Probe Points, Size: 100000, Results: 18
[LIBGPUSPATIAL] [ 10798][17:58:31:895427][info  ] RTSpatialRefiner 0x790ca3d29630 (Used 0 MB), Loaded Geometries, ProbeArray 100000, Loaded 12, Type Point
[LIBGPUSPATIAL] [ 10801][17:58:31:895467][info  ] RTSpatialRefiner 0x790ca3d29630 (Used 0 MB), Loaded Geometries, ProbeArray 100000, Loaded 18, Type Point
[LIBGPUSPATIAL] [ 10798][17:58:31:895473][info  ] RTSpatialRefiner 0x790ca3d29630 (Used 0 MB), Evaluating 12 Geometry Pairs with Predicate Intersects
[LIBGPUSPATIAL] [ 10801][17:58:31:895504][info  ] RTSpatialRefiner 0x790ca3d29630 (Used 0 MB), Evaluating 18 Geometry Pairs with Predicate Intersects
[LIBGPUSPATIAL] [ 10799][17:58:31:898251][info  ] RTSpatialIndex 0x790ca000a7d0 (Used 0 MB), Allocate result buffer, memory consumption 0 MB, capacity 14
[LIBGPUSPATIAL] [ 10799][17:58:31:898371][info  ] RTSpatialIndex 0x790ca000a7d0 (Used 0 MB), Probe Points, Size: 100000, Results: 14
[LIBGPUSPATIAL] [ 10800][17:58:31:899078][info  ] RTSpatialIndex 0x790ca000a7d0 (Used 0 MB), Allocate result buffer, memory consumption 0 MB, capacity 24
[LIBGPUSPATIAL] [ 10800][17:58:31:899216][info  ] RTSpatialIndex 0x790ca000a7d0 (Used 0 MB), Probe Points, Size: 100000, Results: 24
[LIBGPUSPATIAL] [ 10799][17:58:31:899431][info  ] RTSpatialRefiner 0x790ca3d29630 (Used 1 MB), Loaded Geometries, ProbeArray 100000, Loaded 14, Type Point
[LIBGPUSPATIAL] [ 10799][17:58:31:899473][info  ] RTSpatialRefiner 0x790ca3d29630 (Used 1 MB), Evaluating 14 Geometry Pairs with Predicate Intersects
[LIBGPUSPATIAL] [ 10800][17:58:31:899782][info  ] RTSpatialRefiner 0x790ca3d29630 (Used 0 MB), Loaded Geometries, ProbeArray 100000, Loaded 24, Type Point
[LIBGPUSPATIAL] [ 10800][17:58:31:899815][info  ] RTSpatialRefiner 0x790ca3d29630 (Used 0 MB), Evaluating 24 Geometry Pairs with Predicate Intersects
[LIBGPUSPATIAL] [ 10803][17:58:31:901198][info  ] RTSpatialIndex 0x790ca000a7d0 (Used 1 MB), Allocate result buffer, memory consumption 0 MB, capacity 13
[LIBGPUSPATIAL] [ 10803][17:58:31:902502][info  ] RTSpatialIndex 0x790ca000a7d0 (Used 0 MB), Probe Points, Size: 100000, Results: 13
[LIBGPUSPATIAL] [ 10803][17:58:31:903140][info  ] RTSpatialRefiner 0x790ca3d29630 (Used 0 MB), Loaded Geometries, ProbeArray 100000, Loaded 13, Type Point
[LIBGPUSPATIAL] [ 10803][17:58:31:903191][info  ] RTSpatialRefiner 0x790ca3d29630 (Used 0 MB), Evaluating 13 Geometry Pairs with Predicate Intersects
[LIBGPUSPATIAL] [ 10797][17:58:31:905634][info  ] RTSpatialIndex 0x790ca000a7d0 (Used 0 MB), Allocate result buffer, memory consumption 0 MB, capacity 15
[LIBGPUSPATIAL] [ 10797][17:58:31:905746][info  ] RTSpatialIndex 0x790ca000a7d0 (Used 0 MB), Probe Points, Size: 100000, Results: 15
[LIBGPUSPATIAL] [ 10796][17:58:31:906260][info  ] RTSpatialIndex 0x790ca000a7d0 (Used 0 MB), Allocate result buffer, memory consumption 0 MB, capacity 15
[LIBGPUSPATIAL] [ 10796][17:58:31:906393][info  ] RTSpatialIndex 0x790ca000a7d0 (Used 0 MB), Probe Points, Size: 100000, Results: 15
[LIBGPUSPATIAL] [ 10797][17:58:31:906665][info  ] RTSpatialRefiner 0x790ca3d29630 (Used 0 MB), Loaded Geometries, ProbeArray 100000, Loaded 15, Type Point
[LIBGPUSPATIAL] [ 10797][17:58:31:906713][info  ] RTSpatialRefiner 0x790ca3d29630 (Used 0 MB), Evaluating 15 Geometry Pairs with Predicate Intersects
[LIBGPUSPATIAL] [ 10796][17:58:31:906755][info  ] RTSpatialRefiner 0x790ca3d29630 (Used 0 MB), Loaded Geometries, ProbeArray 100000, Loaded 15, Type Point
[LIBGPUSPATIAL] [ 10796][17:58:31:906802][info  ] RTSpatialRefiner 0x790ca3d29630 (Used 0 MB), Evaluating 15 Geometry Pairs with Predicate Intersects
[LIBGPUSPATIAL] [ 10802][17:58:31:907401][info  ] RTSpatialIndex 0x790ca000a7d0 (Used 1 MB), Allocate result buffer, memory consumption 0 MB, capacity 14
[LIBGPUSPATIAL] [ 10802][17:58:31:907772][info  ] RTSpatialIndex 0x790ca000a7d0 (Used 0 MB), Probe Points, Size: 100000, Results: 14
[LIBGPUSPATIAL] [ 10798][17:58:31:908649][info  ] RTSpatialIndex 0x790ca000a7d0 (Used 2 MB), Allocate result buffer, memory consumption 0 MB, capacity 14
[LIBGPUSPATIAL] [ 10802][17:58:31:908906][info  ] RTSpatialRefiner 0x790ca3d29630 (Used 2 MB), Loaded Geometries, ProbeArray 100000, Loaded 14, Type Point
[LIBGPUSPATIAL] [ 10802][17:58:31:908983][info  ] RTSpatialRefiner 0x790ca3d29630 (Used 2 MB), Evaluating 14 Geometry Pairs with Predicate Intersects
[LIBGPUSPATIAL] [ 10798][17:58:31:909106][info  ] RTSpatialIndex 0x790ca000a7d0 (Used 3 MB), Probe Points, Size: 100000, Results: 14
[LIBGPUSPATIAL] [ 10801][17:58:31:909249][info  ] RTSpatialIndex 0x790ca000a7d0 (Used 1 MB), Allocate result buffer, memory consumption 0 MB, capacity 17
[LIBGPUSPATIAL] [ 10801][17:58:31:909512][info  ] RTSpatialIndex 0x790ca000a7d0 (Used 0 MB), Probe Points, Size: 100000, Results: 17
[LIBGPUSPATIAL] [ 10798][17:58:31:909778][info  ] RTSpatialRefiner 0x790ca3d29630 (Used 0 MB), Loaded Geometries, ProbeArray 100000, Loaded 14, Type Point
[LIBGPUSPATIAL] [ 10798][17:58:31:909815][info  ] RTSpatialRefiner 0x790ca3d29630 (Used 0 MB), Evaluating 14 Geometry Pairs with Predicate Intersects
[LIBGPUSPATIAL] [ 10801][17:58:31:910163][info  ] RTSpatialRefiner 0x790ca3d29630 (Used 0 MB), Loaded Geometries, ProbeArray 100000, Loaded 17, Type Point
[LIBGPUSPATIAL] [ 10801][17:58:31:910215][info  ] RTSpatialRefiner 0x790ca3d29630 (Used 0 MB), Evaluating 17 Geometry Pairs with Predicate Intersects
[LIBGPUSPATIAL] [ 10799][17:58:31:913323][info  ] RTSpatialIndex 0x790ca000a7d0 (Used 0 MB), Allocate result buffer, memory consumption 0 MB, capacity 15
[LIBGPUSPATIAL] [ 10799][17:58:31:913450][info  ] RTSpatialIndex 0x790ca000a7d0 (Used 0 MB), Probe Points, Size: 100000, Results: 15
[LIBGPUSPATIAL] [ 10799][17:58:31:913804][info  ] RTSpatialRefiner 0x790ca3d29630 (Used 0 MB), Loaded Geometries, ProbeArray 100000, Loaded 15, Type Point
[LIBGPUSPATIAL] [ 10799][17:58:31:913862][info  ] RTSpatialRefiner 0x790ca3d29630 (Used 0 MB), Evaluating 15 Geometry Pairs with Predicate Intersects
[LIBGPUSPATIAL] [ 10800][17:58:31:915755][info  ] RTSpatialIndex 0x790ca000a7d0 (Used 0 MB), Allocate result buffer, memory consumption 0 MB, capacity 16
[LIBGPUSPATIAL] [ 10800][17:58:31:915929][info  ] RTSpatialIndex 0x790ca000a7d0 (Used 0 MB), Probe Points, Size: 100000, Results: 16
[LIBGPUSPATIAL] [ 10803][17:58:31:917574][info  ] RTSpatialIndex 0x790ca000a7d0 (Used 0 MB), Allocate result buffer, memory consumption 0 MB, capacity 10
[LIBGPUSPATIAL] [ 10800][17:58:31:917857][info  ] RTSpatialRefiner 0x790ca3d29630 (Used 0 MB), Loaded Geometries, ProbeArray 100000, Loaded 16, Type Point
[LIBGPUSPATIAL] [ 10803][17:58:31:917862][info  ] RTSpatialIndex 0x790ca000a7d0 (Used 0 MB), Probe Points, Size: 100000, Results: 10
[LIBGPUSPATIAL] [ 10800][17:58:31:917912][info  ] RTSpatialRefiner 0x790ca3d29630 (Used 0 MB), Evaluating 16 Geometry Pairs with Predicate Intersects
[LIBGPUSPATIAL] [ 10803][17:58:31:918336][info  ] RTSpatialRefiner 0x790ca3d29630 (Used 0 MB), Loaded Geometries, ProbeArray 100000, Loaded 10, Type Point
[LIBGPUSPATIAL] [ 10803][17:58:31:918476][info  ] RTSpatialRefiner 0x790ca3d29630 (Used 0 MB), Evaluating 10 Geometry Pairs with Predicate Intersects
[LIBGPUSPATIAL] [ 10797][17:58:31:921205][info  ] RTSpatialIndex 0x790ca000a7d0 (Used 1 MB), Allocate result buffer, memory consumption 0 MB, capacity 15
[LIBGPUSPATIAL] [ 10796][17:58:31:921240][info  ] RTSpatialIndex 0x790ca000a7d0 (Used 1 MB), Allocate result buffer, memory consumption 0 MB, capacity 15
[LIBGPUSPATIAL] [ 10797][17:58:31:921390][info  ] RTSpatialIndex 0x790ca000a7d0 (Used 1 MB), Probe Points, Size: 100000, Results: 15
[LIBGPUSPATIAL] [ 10796][17:58:31:921502][info  ] RTSpatialIndex 0x790ca000a7d0 (Used 0 MB), Probe Points, Size: 100000, Results: 15
[LIBGPUSPATIAL] [ 10797][17:58:31:923052][info  ] RTSpatialRefiner 0x790ca3d29630 (Used 3 MB), Loaded Geometries, ProbeArray 100000, Loaded 15, Type Point
[LIBGPUSPATIAL] [ 10797][17:58:31:923106][info  ] RTSpatialRefiner 0x790ca3d29630 (Used 4 MB), Evaluating 15 Geometry Pairs with Predicate Intersects
[LIBGPUSPATIAL] [ 10796][17:58:31:923145][info  ] RTSpatialRefiner 0x790ca3d29630 (Used 4 MB), Loaded Geometries, ProbeArray 100000, Loaded 15, Type Point
[LIBGPUSPATIAL] [ 10796][17:58:31:923212][info  ] RTSpatialRefiner 0x790ca3d29630 (Used 4 MB), Evaluating 15 Geometry Pairs with Predicate Intersects
[LIBGPUSPATIAL] [ 10802][17:58:31:923498][info  ] RTSpatialIndex 0x790ca000a7d0 (Used 2 MB), Allocate result buffer, memory consumption 0 MB, capacity 19
[LIBGPUSPATIAL] [ 10801][17:58:31:923712][info  ] RTSpatialIndex 0x790ca000a7d0 (Used 2 MB), Allocate result buffer, memory consumption 0 MB, capacity 15
[LIBGPUSPATIAL] [ 10798][17:58:31:924037][info  ] RTSpatialIndex 0x790ca000a7d0 (Used 2 MB), Allocate result buffer, memory consumption 0 MB, capacity 15
[LIBGPUSPATIAL] [ 10801][17:58:31:924500][info  ] RTSpatialIndex 0x790ca000a7d0 (Used 2 MB), Probe Points, Size: 100000, Results: 15
[LIBGPUSPATIAL] [ 10798][17:58:31:924770][info  ] RTSpatialIndex 0x790ca000a7d0 (Used 1 MB), Probe Points, Size: 100000, Results: 15
[LIBGPUSPATIAL] [ 10802][17:58:31:925116][info  ] RTSpatialIndex 0x790ca000a7d0 (Used 0 MB), Probe Points, Size: 100000, Results: 19
[LIBGPUSPATIAL] [ 10801][17:58:31:925255][info  ] RTSpatialRefiner 0x790ca3d29630 (Used 0 MB), Loaded Geometries, ProbeArray 100000, Loaded 15, Type Point
[LIBGPUSPATIAL] [ 10798][17:58:31:925691][info  ] RTSpatialRefiner 0x790ca3d29630 (Used 0 MB), Loaded Geometries, ProbeArray 100000, Loaded 15, Type Point
[LIBGPUSPATIAL] [ 10802][17:58:31:925715][info  ] RTSpatialRefiner 0x790ca3d29630 (Used 0 MB), Loaded Geometries, ProbeArray 100000, Loaded 19, Type Point
[LIBGPUSPATIAL] [ 10799][17:58:31:925781][info  ] RTSpatialIndex 0x790ca000a7d0 (Used 0 MB), Allocate result buffer, memory consumption 0 MB, capacity 19
[LIBGPUSPATIAL] [ 10802][17:58:31:925786][info  ] RTSpatialRefiner 0x790ca3d29630 (Used 0 MB), Evaluating 19 Geometry Pairs with Predicate Intersects
[LIBGPUSPATIAL] [ 10798][17:58:31:925873][info  ] RTSpatialRefiner 0x790ca3d29630 (Used 0 MB), Evaluating 15 Geometry Pairs with Predicate Intersects
[LIBGPUSPATIAL] [ 10799][17:58:31:926065][info  ] RTSpatialIndex 0x790ca000a7d0 (Used 0 MB), Probe Points, Size: 100000, Results: 19
[LIBGPUSPATIAL] [ 10801][17:58:31:926609][info  ] RTSpatialRefiner 0x790ca3d29630 (Used 0 MB), Evaluating 15 Geometry Pairs with Predicate Intersects
[LIBGPUSPATIAL] [ 10799][17:58:31:926861][info  ] RTSpatialRefiner 0x790ca3d29630 (Used 0 MB), Loaded Geometries, ProbeArray 100000, Loaded 19, Type Point
[LIBGPUSPATIAL] [ 10799][17:58:31:926910][info  ] RTSpatialRefiner 0x790ca3d29630 (Used 0 MB), Evaluating 19 Geometry Pairs with Predicate Intersects
[LIBGPUSPATIAL] [ 10800][17:58:31:932306][info  ] RTSpatialIndex 0x790ca000a7d0 (Used 2 MB), Allocate result buffer, memory consumption 0 MB, capacity 24
[LIBGPUSPATIAL] [ 10800][17:58:31:932776][info  ] RTSpatialIndex 0x790ca000a7d0 (Used 1 MB), Probe Points, Size: 100000, Results: 24
[LIBGPUSPATIAL] [ 10803][17:58:31:932830][info  ] RTSpatialIndex 0x790ca000a7d0 (Used 0 MB), Allocate result buffer, memory consumption 0 MB, capacity 13
[LIBGPUSPATIAL] [ 10803][17:58:31:933188][info  ] RTSpatialIndex 0x790ca000a7d0 (Used 0 MB), Probe Points, Size: 100000, Results: 13
[LIBGPUSPATIAL] [ 10803][17:58:31:933660][info  ] RTSpatialRefiner 0x790ca3d29630 (Used 0 MB), Loaded Geometries, ProbeArray 100000, Loaded 13, Type Point
[LIBGPUSPATIAL] [ 10800][17:58:31:933665][info  ] RTSpatialRefiner 0x790ca3d29630 (Used 0 MB), Loaded Geometries, ProbeArray 100000, Loaded 24, Type Point
[LIBGPUSPATIAL] [ 10800][17:58:31:933721][info  ] RTSpatialRefiner 0x790ca3d29630 (Used 0 MB), Evaluating 24 Geometry Pairs with Predicate Intersects
[LIBGPUSPATIAL] [ 10803][17:58:31:933726][info  ] RTSpatialRefiner 0x790ca3d29630 (Used 0 MB), Evaluating 13 Geometry Pairs with Predicate Intersects
[LIBGPUSPATIAL] [ 10797][17:58:31:937632][info  ] RTSpatialIndex 0x790ca000a7d0 (Used 0 MB), Allocate result buffer, memory consumption 0 MB, capacity 14
[LIBGPUSPATIAL] [ 10797][17:58:31:937767][info  ] RTSpatialIndex 0x790ca000a7d0 (Used 0 MB), Probe Points, Size: 100000, Results: 14
[LIBGPUSPATIAL] [ 10797][17:58:31:938311][info  ] RTSpatialRefiner 0x790ca3d29630 (Used 1 MB), Loaded Geometries, ProbeArray 100000, Loaded 14, Type Point
[LIBGPUSPATIAL] [ 10796][17:58:31:938448][info  ] RTSpatialIndex 0x790ca000a7d0 (Used 0 MB), Allocate result buffer, memory consumption 0 MB, capacity 9
[LIBGPUSPATIAL] [ 10797][17:58:31:938528][info  ] RTSpatialRefiner 0x790ca3d29630 (Used 0 MB), Evaluating 14 Geometry Pairs with Predicate Intersects
[LIBGPUSPATIAL] [ 10796][17:58:31:938602][info  ] RTSpatialIndex 0x790ca000a7d0 (Used 2 MB), Probe Points, Size: 100000, Results: 9
[LIBGPUSPATIAL] [ 10802][17:58:31:938950][info  ] RTSpatialIndex 0x790ca000a7d0 (Used 0 MB), Allocate result buffer, memory consumption 0 MB, capacity 13
[LIBGPUSPATIAL] [ 10796][17:58:31:939011][info  ] RTSpatialRefiner 0x790ca3d29630 (Used 0 MB), Loaded Geometries, ProbeArray 100000, Loaded 9, Type Point
[LIBGPUSPATIAL] [ 10796][17:58:31:939051][info  ] RTSpatialRefiner 0x790ca3d29630 (Used 0 MB), Evaluating 9 Geometry Pairs with Predicate Intersects
[LIBGPUSPATIAL] [ 10802][17:58:31:939434][info  ] RTSpatialIndex 0x790ca000a7d0 (Used 2 MB), Probe Points, Size: 100000, Results: 13
[LIBGPUSPATIAL] [ 10798][17:58:31:940015][info  ] RTSpatialIndex 0x790ca000a7d0 (Used 0 MB), Allocate result buffer, memory consumption 0 MB, capacity 11
[LIBGPUSPATIAL] [ 10802][17:58:31:940564][info  ] RTSpatialRefiner 0x790ca3d29630 (Used 0 MB), Loaded Geometries, ProbeArray 100000, Loaded 13, Type Point
[LIBGPUSPATIAL] [ 10802][17:58:31:940625][info  ] RTSpatialRefiner 0x790ca3d29630 (Used 0 MB), Evaluating 13 Geometry Pairs with Predicate Intersects
[LIBGPUSPATIAL] [ 10798][17:58:31:940773][info  ] RTSpatialIndex 0x790ca000a7d0 (Used 0 MB), Probe Points, Size: 100000, Results: 11
[LIBGPUSPATIAL] [ 10798][17:58:31:941470][info  ] RTSpatialRefiner 0x790ca3d29630 (Used 2 MB), Loaded Geometries, ProbeArray 100000, Loaded 11, Type Point
[LIBGPUSPATIAL] [ 10798][17:58:31:941635][info  ] RTSpatialRefiner 0x790ca3d29630 (Used 2 MB), Evaluating 11 Geometry Pairs with Predicate Intersects
[LIBGPUSPATIAL] [ 10801][17:58:31:941834][info  ] RTSpatialIndex 0x790ca000a7d0 (Used 1 MB), Allocate result buffer, memory consumption 0 MB, capacity 12
[LIBGPUSPATIAL] [ 10799][17:58:31:942219][info  ] RTSpatialIndex 0x790ca000a7d0 (Used 1 MB), Allocate result buffer, memory consumption 0 MB, capacity 14
[LIBGPUSPATIAL] [ 10801][17:58:31:942334][info  ] RTSpatialIndex 0x790ca000a7d0 (Used 1 MB), Probe Points, Size: 100000, Results: 12
[LIBGPUSPATIAL] [ 10799][17:58:31:942553][info  ] RTSpatialIndex 0x790ca000a7d0 (Used 0 MB), Probe Points, Size: 100000, Results: 14
[LIBGPUSPATIAL] [ 10799][17:58:31:943696][info  ] RTSpatialRefiner 0x790ca3d29630 (Used 0 MB), Loaded Geometries, ProbeArray 100000, Loaded 14, Type Point
[LIBGPUSPATIAL] [ 10799][17:58:31:943731][info  ] RTSpatialRefiner 0x790ca3d29630 (Used 0 MB), Evaluating 14 Geometry Pairs with Predicate Intersects
[LIBGPUSPATIAL] [ 10801][17:58:31:945061][info  ] RTSpatialRefiner 0x790ca3d29630 (Used 0 MB), Loaded Geometries, ProbeArray 100000, Loaded 12, Type Point
[LIBGPUSPATIAL] [ 10801][17:58:31:945143][info  ] RTSpatialRefiner 0x790ca3d29630 (Used 0 MB), Evaluating 12 Geometry Pairs with Predicate Intersects
[LIBGPUSPATIAL] [ 10800][17:58:31:947004][info  ] RTSpatialIndex 0x790ca000a7d0 (Used 0 MB), Allocate result buffer, memory consumption 0 MB, capacity 12
[LIBGPUSPATIAL] [ 10800][17:58:31:947121][info  ] RTSpatialIndex 0x790ca000a7d0 (Used 0 MB), Probe Points, Size: 100000, Results: 12
[LIBGPUSPATIAL] [ 10803][17:58:31:947601][info  ] RTSpatialIndex 0x790ca000a7d0 (Used 0 MB), Allocate result buffer, memory consumption 0 MB, capacity 19
[LIBGPUSPATIAL] [ 10803][17:58:31:947691][info  ] RTSpatialIndex 0x790ca000a7d0 (Used 0 MB), Probe Points, Size: 100000, Results: 19
[LIBGPUSPATIAL] [ 10800][17:58:31:948293][info  ] RTSpatialRefiner 0x790ca3d29630 (Used 0 MB), Loaded Geometries, ProbeArray 100000, Loaded 12, Type Point
[LIBGPUSPATIAL] [ 10800][17:58:31:948339][info  ] RTSpatialRefiner 0x790ca3d29630 (Used 0 MB), Evaluating 12 Geometry Pairs with Predicate Intersects
[LIBGPUSPATIAL] [ 10803][17:58:31:948377][info  ] RTSpatialRefiner 0x790ca3d29630 (Used 0 MB), Loaded Geometries, ProbeArray 100000, Loaded 19, Type Point
[LIBGPUSPATIAL] [ 10803][17:58:31:948414][info  ] RTSpatialRefiner 0x790ca3d29630 (Used 0 MB), Evaluating 19 Geometry Pairs with Predicate Intersects
[LIBGPUSPATIAL] [ 10797][17:58:31:952361][info  ] RTSpatialIndex 0x790ca000a7d0 (Used 0 MB), Allocate result buffer, memory consumption 0 MB, capacity 10
[LIBGPUSPATIAL] [ 10797][17:58:31:952494][info  ] RTSpatialIndex 0x790ca000a7d0 (Used 0 MB), Probe Points, Size: 100000, Results: 10
[LIBGPUSPATIAL] [ 10796][17:58:31:953170][info  ] RTSpatialIndex 0x790ca000a7d0 (Used 0 MB), Allocate result buffer, memory consumption 0 MB, capacity 8
[LIBGPUSPATIAL] [ 10796][17:58:31:953285][info  ] RTSpatialIndex 0x790ca000a7d0 (Used 0 MB), Probe Points, Size: 100000, Results: 8
[LIBGPUSPATIAL] [ 10796][17:58:31:953781][info  ] RTSpatialRefiner 0x790ca3d29630 (Used 1 MB), Loaded Geometries, ProbeArray 100000, Loaded 8, Type Point
[LIBGPUSPATIAL] [ 10797][17:58:31:953792][info  ] RTSpatialRefiner 0x790ca3d29630 (Used 1 MB), Loaded Geometries, ProbeArray 100000, Loaded 10, Type Point
[LIBGPUSPATIAL] [ 10796][17:58:31:953826][info  ] RTSpatialRefiner 0x790ca3d29630 (Used 1 MB), Evaluating 8 Geometry Pairs with Predicate Intersects
[LIBGPUSPATIAL] [ 10797][17:58:31:953832][info  ] RTSpatialRefiner 0x790ca3d29630 (Used 1 MB), Evaluating 10 Geometry Pairs with Predicate Intersects
[LIBGPUSPATIAL] [ 10802][17:58:31:954234][info  ] RTSpatialIndex 0x790ca000a7d0 (Used 0 MB), Allocate result buffer, memory consumption 0 MB, capacity 18
[LIBGPUSPATIAL] [ 10802][17:58:31:954568][info  ] RTSpatialIndex 0x790ca000a7d0 (Used 0 MB), Probe Points, Size: 100000, Results: 18
[LIBGPUSPATIAL] [ 10802][17:58:31:955039][info  ] RTSpatialRefiner 0x790ca3d29630 (Used 0 MB), Loaded Geometries, ProbeArray 100000, Loaded 18, Type Point
[LIBGPUSPATIAL] [ 10802][17:58:31:955088][info  ] RTSpatialRefiner 0x790ca3d29630 (Used 0 MB), Evaluating 18 Geometry Pairs with Predicate Intersects
[LIBGPUSPATIAL] [ 10798][17:58:31:956289][info  ] RTSpatialIndex 0x790ca000a7d0 (Used 1 MB), Allocate result buffer, memory consumption 0 MB, capacity 16
[LIBGPUSPATIAL] [ 10799][17:58:31:956350][info  ] RTSpatialIndex 0x790ca000a7d0 (Used 1 MB), Allocate result buffer, memory consumption 0 MB, capacity 22
[LIBGPUSPATIAL] [ 10798][17:58:31:956466][info  ] RTSpatialIndex 0x790ca000a7d0 (Used 1 MB), Probe Points, Size: 100000, Results: 16
[LIBGPUSPATIAL] [ 10799][17:58:31:956616][info  ] RTSpatialIndex 0x790ca000a7d0 (Used 0 MB), Probe Points, Size: 100000, Results: 22
[LIBGPUSPATIAL] [ 10798][17:58:31:957074][info  ] RTSpatialRefiner 0x790ca3d29630 (Used 0 MB), Loaded Geometries, ProbeArray 100000, Loaded 16, Type Point
[LIBGPUSPATIAL] [ 10798][17:58:31:957140][info  ] RTSpatialRefiner 0x790ca3d29630 (Used 0 MB), Evaluating 16 Geometry Pairs with Predicate Intersects
[LIBGPUSPATIAL] [ 10799][17:58:31:957080][info  ] RTSpatialRefiner 0x790ca3d29630 (Used 0 MB), Loaded Geometries, ProbeArray 100000, Loaded 22, Type Point
[LIBGPUSPATIAL] [ 10799][17:58:31:957213][info  ] RTSpatialRefiner 0x790ca3d29630 (Used 0 MB), Evaluating 22 Geometry Pairs with Predicate Intersects
[LIBGPUSPATIAL] [ 10801][17:58:31:959231][info  ] RTSpatialIndex 0x790ca000a7d0 (Used 0 MB), Allocate result buffer, memory consumption 0 MB, capacity 17
[LIBGPUSPATIAL] [ 10801][17:58:31:959361][info  ] RTSpatialIndex 0x790ca000a7d0 (Used 0 MB), Probe Points, Size: 100000, Results: 17
[LIBGPUSPATIAL] [ 10801][17:58:31:959869][info  ] RTSpatialRefiner 0x790ca3d29630 (Used 0 MB), Loaded Geometries, ProbeArray 100000, Loaded 17, Type Point
[LIBGPUSPATIAL] [ 10801][17:58:31:959916][info  ] RTSpatialRefiner 0x790ca3d29630 (Used 0 MB), Evaluating 17 Geometry Pairs with Predicate Intersects
[LIBGPUSPATIAL] [ 10800][17:58:31:961007][info  ] RTSpatialIndex 0x790ca000a7d0 (Used 0 MB), Allocate result buffer, memory consumption 0 MB, capacity 12
[LIBGPUSPATIAL] [ 10800][17:58:31:961133][info  ] RTSpatialIndex 0x790ca000a7d0 (Used 0 MB), Probe Points, Size: 100000, Results: 12
[LIBGPUSPATIAL] [ 10800][17:58:31:961561][info  ] RTSpatialRefiner 0x790ca3d29630 (Used 0 MB), Loaded Geometries, ProbeArray 100000, Loaded 12, Type Point
[LIBGPUSPATIAL] [ 10800][17:58:31:961608][info  ] RTSpatialRefiner 0x790ca3d29630 (Used 0 MB), Evaluating 12 Geometry Pairs with Predicate Intersects
[LIBGPUSPATIAL] [ 10803][17:58:31:962419][info  ] RTSpatialIndex 0x790ca000a7d0 (Used 0 MB), Allocate result buffer, memory consumption 0 MB, capacity 15
[LIBGPUSPATIAL] [ 10803][17:58:31:962549][info  ] RTSpatialIndex 0x790ca000a7d0 (Used 0 MB), Probe Points, Size: 100000, Results: 15
[LIBGPUSPATIAL] [ 10803][17:58:31:963027][info  ] RTSpatialRefiner 0x790ca3d29630 (Used 0 MB), Loaded Geometries, ProbeArray 100000, Loaded 15, Type Point
[LIBGPUSPATIAL] [ 10803][17:58:31:963071][info  ] RTSpatialRefiner 0x790ca3d29630 (Used 0 MB), Evaluating 15 Geometry Pairs with Predicate Intersects
[LIBGPUSPATIAL] [ 10797][17:58:31:968331][info  ] RTSpatialIndex 0x790ca000a7d0 (Used 3 MB), Allocate result buffer, memory consumption 0 MB, capacity 11
[LIBGPUSPATIAL] [ 10796][17:58:31:968334][info  ] RTSpatialIndex 0x790ca000a7d0 (Used 3 MB), Allocate result buffer, memory consumption 0 MB, capacity 16
[LIBGPUSPATIAL] [ 10797][17:58:31:968899][info  ] RTSpatialIndex 0x790ca000a7d0 (Used 2 MB), Probe Points, Size: 100000, Results: 11
[LIBGPUSPATIAL] [ 10796][17:58:31:969056][info  ] RTSpatialIndex 0x790ca000a7d0 (Used 1 MB), Probe Points, Size: 100000, Results: 16
[LIBGPUSPATIAL] [ 10802][17:58:31:969413][info  ] RTSpatialIndex 0x790ca000a7d0 (Used 0 MB), Allocate result buffer, memory consumption 0 MB, capacity 22
[LIBGPUSPATIAL] [ 10802][17:58:31:969547][info  ] RTSpatialIndex 0x790ca000a7d0 (Used 0 MB), Probe Points, Size: 100000, Results: 22
[LIBGPUSPATIAL] [ 10797][17:58:31:969907][info  ] RTSpatialRefiner 0x790ca3d29630 (Used 0 MB), Loaded Geometries, ProbeArray 100000, Loaded 11, Type Point
[LIBGPUSPATIAL] [ 10797][17:58:31:969944][info  ] RTSpatialRefiner 0x790ca3d29630 (Used 0 MB), Evaluating 11 Geometry Pairs with Predicate Intersects
[LIBGPUSPATIAL] [ 10796][17:58:31:970284][info  ] RTSpatialRefiner 0x790ca3d29630 (Used 1 MB), Loaded Geometries, ProbeArray 100000, Loaded 16, Type Point
[LIBGPUSPATIAL] [ 10796][17:58:31:970337][info  ] RTSpatialRefiner 0x790ca3d29630 (Used 1 MB), Evaluating 16 Geometry Pairs with Predicate Intersects
[LIBGPUSPATIAL] [ 10802][17:58:31:970649][info  ] RTSpatialRefiner 0x790ca3d29630 (Used 0 MB), Loaded Geometries, ProbeArray 100000, Loaded 22, Type Point
[LIBGPUSPATIAL] [ 10802][17:58:31:970699][info  ] RTSpatialRefiner 0x790ca3d29630 (Used 0 MB), Evaluating 22 Geometry Pairs with Predicate Intersects
[LIBGPUSPATIAL] [ 10799][17:58:31:971322][info  ] RTSpatialIndex 0x790ca000a7d0 (Used 1 MB), Allocate result buffer, memory consumption 0 MB, capacity 13
[LIBGPUSPATIAL] [ 10798][17:58:31:971761][info  ] RTSpatialIndex 0x790ca000a7d0 (Used 1 MB), Allocate result buffer, memory consumption 0 MB, capacity 19
[LIBGPUSPATIAL] [ 10799][17:58:31:972068][info  ] RTSpatialIndex 0x790ca000a7d0 (Used 3 MB), Probe Points, Size: 100000, Results: 13
[LIBGPUSPATIAL] [ 10799][17:58:31:972490][info  ] RTSpatialRefiner 0x790ca3d29630 (Used 2 MB), Loaded Geometries, ProbeArray 100000, Loaded 13, Type Point
[LIBGPUSPATIAL] [ 10799][17:58:31:972525][info  ] RTSpatialRefiner 0x790ca3d29630 (Used 2 MB), Evaluating 13 Geometry Pairs with Predicate Intersects
[LIBGPUSPATIAL] [ 10798][17:58:31:974276][info  ] RTSpatialIndex 0x790ca000a7d0 (Used 2 MB), Probe Points, Size: 100000, Results: 19
[LIBGPUSPATIAL] [ 10801][17:58:31:974332][info  ] RTSpatialIndex 0x790ca000a7d0 (Used 2 MB), Allocate result buffer, memory consumption 0 MB, capacity 8
[LIBGPUSPATIAL] [ 10800][17:58:31:974445][info  ] RTSpatialIndex 0x790ca000a7d0 (Used 1 MB), Allocate result buffer, memory consumption 0 MB, capacity 20
[LIBGPUSPATIAL] [ 10801][17:58:31:974968][info  ] RTSpatialIndex 0x790ca000a7d0 (Used 1 MB), Probe Points, Size: 100000, Results: 8
[LIBGPUSPATIAL] [ 10800][17:58:31:975177][info  ] RTSpatialIndex 0x790ca000a7d0 (Used 0 MB), Probe Points, Size: 100000, Results: 20
[LIBGPUSPATIAL] [ 10798][17:58:31:975418][info  ] RTSpatialRefiner 0x790ca3d29630 (Used 0 MB), Loaded Geometries, ProbeArray 100000, Loaded 19, Type Point
[LIBGPUSPATIAL] [ 10798][17:58:31:975460][info  ] RTSpatialRefiner 0x790ca3d29630 (Used 0 MB), Evaluating 19 Geometry Pairs with Predicate Intersects
[LIBGPUSPATIAL] [ 10800][17:58:31:976128][info  ] RTSpatialRefiner 0x790ca3d29630 (Used 0 MB), Loaded Geometries, ProbeArray 100000, Loaded 20, Type Point
[LIBGPUSPATIAL] [ 10801][17:58:31:976171][info  ] RTSpatialRefiner 0x790ca3d29630 (Used 0 MB), Loaded Geometries, ProbeArray 100000, Loaded 8, Type Point
[LIBGPUSPATIAL] [ 10800][17:58:31:976192][info  ] RTSpatialRefiner 0x790ca3d29630 (Used 0 MB), Evaluating 20 Geometry Pairs with Predicate Intersects
[LIBGPUSPATIAL] [ 10801][17:58:31:976214][info  ] RTSpatialRefiner 0x790ca3d29630 (Used 0 MB), Evaluating 8 Geometry Pairs with Predicate Intersects
[LIBGPUSPATIAL] [ 10803][17:58:31:978389][info  ] RTSpatialIndex 0x790ca000a7d0 (Used 0 MB), Allocate result buffer, memory consumption 0 MB, capacity 19
[LIBGPUSPATIAL] [ 10803][17:58:31:978527][info  ] RTSpatialIndex 0x790ca000a7d0 (Used 0 MB), Probe Points, Size: 100000, Results: 19
[LIBGPUSPATIAL] [ 10803][17:58:31:978906][info  ] RTSpatialRefiner 0x790ca3d29630 (Used 0 MB), Loaded Geometries, ProbeArray 100000, Loaded 19, Type Point
[LIBGPUSPATIAL] [ 10803][17:58:31:978953][info  ] RTSpatialRefiner 0x790ca3d29630 (Used 0 MB), Evaluating 19 Geometry Pairs with Predicate Intersects
[LIBGPUSPATIAL] [ 10797][17:58:31:984463][info  ] RTSpatialIndex 0x790ca000a7d0 (Used 2 MB), Allocate result buffer, memory consumption 0 MB, capacity 15
[LIBGPUSPATIAL] [ 10797][17:58:31:984898][info  ] RTSpatialIndex 0x790ca000a7d0 (Used 3 MB), Probe Points, Size: 100000, Results: 15
[LIBGPUSPATIAL] [ 10802][17:58:31:985189][info  ] RTSpatialIndex 0x790ca000a7d0 (Used 1 MB), Allocate result buffer, memory consumption 0 MB, capacity 16
[LIBGPUSPATIAL] [ 10796][17:58:31:985403][info  ] RTSpatialIndex 0x790ca000a7d0 (Used 1 MB), Allocate result buffer, memory consumption 0 MB, capacity 12
[LIBGPUSPATIAL] [ 10802][17:58:31:985470][info  ] RTSpatialIndex 0x790ca000a7d0 (Used 1 MB), Probe Points, Size: 100000, Results: 16
[LIBGPUSPATIAL] [ 10796][17:58:31:985556][info  ] RTSpatialIndex 0x790ca000a7d0 (Used 0 MB), Probe Points, Size: 100000, Results: 12
[LIBGPUSPATIAL] [ 10797][17:58:31:987013][info  ] RTSpatialRefiner 0x790ca3d29630 (Used 0 MB), Loaded Geometries, ProbeArray 100000, Loaded 15, Type Point
[LIBGPUSPATIAL] [ 10802][17:58:31:987032][info  ] RTSpatialRefiner 0x790ca3d29630 (Used 0 MB), Loaded Geometries, ProbeArray 100000, Loaded 16, Type Point
[LIBGPUSPATIAL] [ 10802][17:58:31:987102][info  ] RTSpatialRefiner 0x790ca3d29630 (Used 0 MB), Evaluating 16 Geometry Pairs with Predicate Intersects
[LIBGPUSPATIAL] [ 10796][17:58:31:987178][info  ] RTSpatialRefiner 0x790ca3d29630 (Used 0 MB), Loaded Geometries, ProbeArray 100000, Loaded 12, Type Point
[LIBGPUSPATIAL] [ 10797][17:58:31:987227][info  ] RTSpatialRefiner 0x790ca3d29630 (Used 0 MB), Evaluating 15 Geometry Pairs with Predicate Intersects
[LIBGPUSPATIAL] [ 10796][17:58:31:987232][info  ] RTSpatialRefiner 0x790ca3d29630 (Used 0 MB), Evaluating 12 Geometry Pairs with Predicate Intersects
[LIBGPUSPATIAL] [ 10799][17:58:31:988492][info  ] RTSpatialIndex 0x790ca000a7d0 (Used 1 MB), Allocate result buffer, memory consumption 0 MB, capacity 15
[LIBGPUSPATIAL] [ 10798][17:58:31:988917][info  ] RTSpatialIndex 0x790ca000a7d0 (Used 1 MB), Allocate result buffer, memory consumption 0 MB, capacity 9
[LIBGPUSPATIAL] [ 10799][17:58:31:989216][info  ] RTSpatialIndex 0x790ca000a7d0 (Used 1 MB), Probe Points, Size: 100000, Results: 15
[LIBGPUSPATIAL] [ 10798][17:58:31:989476][info  ] RTSpatialIndex 0x790ca000a7d0 (Used 0 MB), Probe Points, Size: 100000, Results: 9
[LIBGPUSPATIAL] [ 10801][17:58:31:990018][info  ] RTSpatialIndex 0x790ca000a7d0 (Used 0 MB), Allocate result buffer, memory consumption 0 MB, capacity 14
[LIBGPUSPATIAL] [ 10801][17:58:31:990131][info  ] RTSpatialIndex 0x790ca000a7d0 (Used 0 MB), Probe Points, Size: 100000, Results: 14
[LIBGPUSPATIAL] [ 10799][17:58:31:990507][info  ] RTSpatialRefiner 0x790ca3d29630 (Used 1 MB), Loaded Geometries, ProbeArray 100000, Loaded 15, Type Point
[LIBGPUSPATIAL] [ 10799][17:58:31:990560][info  ] RTSpatialRefiner 0x790ca3d29630 (Used 1 MB), Evaluating 15 Geometry Pairs with Predicate Intersects
[LIBGPUSPATIAL] [ 10801][17:58:31:990656][info  ] RTSpatialRefiner 0x790ca3d29630 (Used 1 MB), Loaded Geometries, ProbeArray 100000, Loaded 14, Type Point
[LIBGPUSPATIAL] [ 10798][17:58:31:990671][info  ] RTSpatialRefiner 0x790ca3d29630 (Used 1 MB), Loaded Geometries, ProbeArray 100000, Loaded 9, Type Point
[LIBGPUSPATIAL] [ 10801][17:58:31:990710][info  ] RTSpatialRefiner 0x790ca3d29630 (Used 0 MB), Evaluating 14 Geometry Pairs with Predicate Intersects
[LIBGPUSPATIAL] [ 10798][17:58:31:990717][info  ] RTSpatialRefiner 0x790ca3d29630 (Used 0 MB), Evaluating 9 Geometry Pairs with Predicate Intersects
[LIBGPUSPATIAL] [ 10800][17:58:31:991206][info  ] RTSpatialIndex 0x790ca000a7d0 (Used 0 MB), Allocate result buffer, memory consumption 0 MB, capacity 22
[LIBGPUSPATIAL] [ 10800][17:58:31:991878][info  ] RTSpatialIndex 0x790ca000a7d0 (Used 1 MB), Probe Points, Size: 100000, Results: 22
[LIBGPUSPATIAL] [ 10803][17:58:31:992056][info  ] RTSpatialIndex 0x790ca000a7d0 (Used 0 MB), Allocate result buffer, memory consumption 0 MB, capacity 32
[LIBGPUSPATIAL] [ 10803][17:58:31:992479][info  ] RTSpatialIndex 0x790ca000a7d0 (Used 0 MB), Probe Points, Size: 100000, Results: 32
[LIBGPUSPATIAL] [ 10800][17:58:31:992788][info  ] RTSpatialRefiner 0x790ca3d29630 (Used 0 MB), Loaded Geometries, ProbeArray 100000, Loaded 22, Type Point
[LIBGPUSPATIAL] [ 10800][17:58:31:992834][info  ] RTSpatialRefiner 0x790ca3d29630 (Used 0 MB), Evaluating 22 Geometry Pairs with Predicate Intersects
[LIBGPUSPATIAL] [ 10803][17:58:31:992857][info  ] RTSpatialRefiner 0x790ca3d29630 (Used 0 MB), Loaded Geometries, ProbeArray 100000, Loaded 32, Type Point
[LIBGPUSPATIAL] [ 10803][17:58:31:992900][info  ] RTSpatialRefiner 0x790ca3d29630 (Used 0 MB), Evaluating 32 Geometry Pairs with Predicate Intersects
[LIBGPUSPATIAL] [ 10802][17:58:32:000317][info  ] RTSpatialIndex 0x790ca000a7d0 (Used 0 MB), Allocate result buffer, memory consumption 0 MB, capacity 13
[LIBGPUSPATIAL] [ 10802][17:58:32:000460][info  ] RTSpatialIndex 0x790ca000a7d0 (Used 0 MB), Probe Points, Size: 100000, Results: 13
[LIBGPUSPATIAL] [ 10802][17:58:32:000787][info  ] RTSpatialRefiner 0x790ca3d29630 (Used 0 MB), Loaded Geometries, ProbeArray 100000, Loaded 13, Type Point
[LIBGPUSPATIAL] [ 10802][17:58:32:000835][info  ] RTSpatialRefiner 0x790ca3d29630 (Used 0 MB), Evaluating 13 Geometry Pairs with Predicate Intersects
[LIBGPUSPATIAL] [ 10796][17:58:32:001695][info  ] RTSpatialIndex 0x790ca000a7d0 (Used 0 MB), Allocate result buffer, memory consumption 0 MB, capacity 16
[LIBGPUSPATIAL] [ 10796][17:58:32:001861][info  ] RTSpatialIndex 0x790ca000a7d0 (Used 0 MB), Probe Points, Size: 100000, Results: 16
[LIBGPUSPATIAL] [ 10796][17:58:32:002212][info  ] RTSpatialRefiner 0x790ca3d29630 (Used 0 MB), Loaded Geometries, ProbeArray 100000, Loaded 16, Type Point
[LIBGPUSPATIAL] [ 10796][17:58:32:002258][info  ] RTSpatialRefiner 0x790ca3d29630 (Used 0 MB), Evaluating 16 Geometry Pairs with Predicate Intersects
[LIBGPUSPATIAL] [ 10797][17:58:32:002656][info  ] RTSpatialIndex 0x790ca000a7d0 (Used 0 MB), Allocate result buffer, memory consumption 0 MB, capacity 18
[LIBGPUSPATIAL] [ 10797][17:58:32:002798][info  ] RTSpatialIndex 0x790ca000a7d0 (Used 0 MB), Probe Points, Size: 100000, Results: 18
[LIBGPUSPATIAL] [ 10799][17:58:32:004925][info  ] RTSpatialIndex 0x790ca000a7d0 (Used 0 MB), Allocate result buffer, memory consumption 0 MB, capacity 13
[LIBGPUSPATIAL] [ 10799][17:58:32:005218][info  ] RTSpatialIndex 0x790ca000a7d0 (Used 2 MB), Probe Points, Size: 100000, Results: 13
[LIBGPUSPATIAL] [ 10801][17:58:32:005566][info  ] RTSpatialIndex 0x790ca000a7d0 (Used 0 MB), Allocate result buffer, memory consumption 0 MB, capacity 21
[LIBGPUSPATIAL] [ 10801][17:58:32:005686][info  ] RTSpatialIndex 0x790ca000a7d0 (Used 0 MB), Probe Points, Size: 100000, Results: 21
[LIBGPUSPATIAL] [ 10803][17:58:32:006174][info  ] RTSpatialIndex 0x790ca000a7d0 (Used 2 MB), Allocate result buffer, memory consumption 0 MB, capacity 19
[LIBGPUSPATIAL] [ 10799][17:58:32:006340][info  ] RTSpatialRefiner 0x790ca3d29630 (Used 2 MB), Loaded Geometries, ProbeArray 100000, Loaded 13, Type Point
[LIBGPUSPATIAL] [ 10801][17:58:32:006345][info  ] RTSpatialRefiner 0x790ca3d29630 (Used 2 MB), Loaded Geometries, ProbeArray 100000, Loaded 21, Type Point
[LIBGPUSPATIAL] [ 10799][17:58:32:006395][info  ] RTSpatialRefiner 0x790ca3d29630 (Used 2 MB), Evaluating 13 Geometry Pairs with Predicate Intersects
[LIBGPUSPATIAL] [ 10801][17:58:32:006415][info  ] RTSpatialRefiner 0x790ca3d29630 (Used 2 MB), Evaluating 21 Geometry Pairs with Predicate Intersects
[LIBGPUSPATIAL] [ 10797][17:58:32:006550][info  ] RTSpatialRefiner 0x790ca3d29630 (Used 4 MB), Loaded Geometries, ProbeArray 100000, Loaded 18, Type Point
[LIBGPUSPATIAL] [ 10803][17:58:32:007013][info  ] RTSpatialIndex 0x790ca000a7d0 (Used 2 MB), Probe Points, Size: 100000, Results: 19
[LIBGPUSPATIAL] [ 10798][17:58:32:007212][info  ] RTSpatialIndex 0x790ca000a7d0 (Used 2 MB), Allocate result buffer, memory consumption 0 MB, capacity 17
[LIBGPUSPATIAL] [ 10800][17:58:32:007387][info  ] RTSpatialIndex 0x790ca000a7d0 (Used 2 MB), Allocate result buffer, memory consumption 0 MB, capacity 19
[LIBGPUSPATIAL] [ 10797][17:58:32:007680][info  ] RTSpatialRefiner 0x790ca3d29630 (Used 1 MB), Evaluating 18 Geometry Pairs with Predicate Intersects
[LIBGPUSPATIAL] [ 10798][17:58:32:008100][info  ] RTSpatialIndex 0x790ca000a7d0 (Used 1 MB), Probe Points, Size: 100000, Results: 17
[LIBGPUSPATIAL] [ 10800][17:58:32:008187][info  ] RTSpatialIndex 0x790ca000a7d0 (Used 0 MB), Probe Points, Size: 100000, Results: 19
[LIBGPUSPATIAL] [ 10803][17:58:32:008245][info  ] RTSpatialRefiner 0x790ca3d29630 (Used 0 MB), Loaded Geometries, ProbeArray 100000, Loaded 19, Type Point
[LIBGPUSPATIAL] [ 10803][17:58:32:008344][info  ] RTSpatialRefiner 0x790ca3d29630 (Used 0 MB), Evaluating 19 Geometry Pairs with Predicate Intersects
[LIBGPUSPATIAL] [ 10798][17:58:32:008666][info  ] RTSpatialRefiner 0x790ca3d29630 (Used 0 MB), Loaded Geometries, ProbeArray 100000, Loaded 17, Type Point
[LIBGPUSPATIAL] [ 10798][17:58:32:008732][info  ] RTSpatialRefiner 0x790ca3d29630 (Used 0 MB), Evaluating 17 Geometry Pairs with Predicate Intersects
[LIBGPUSPATIAL] [ 10800][17:58:32:009141][info  ] RTSpatialRefiner 0x790ca3d29630 (Used 0 MB), Loaded Geometries, ProbeArray 100000, Loaded 19, Type Point
[LIBGPUSPATIAL] [ 10800][17:58:32:009194][info  ] RTSpatialRefiner 0x790ca3d29630 (Used 0 MB), Evaluating 19 Geometry Pairs with Predicate Intersects
[LIBGPUSPATIAL] [ 10802][17:58:32:012626][info  ] RTSpatialIndex 0x790ca000a7d0 (Used 0 MB), Allocate result buffer, memory consumption 0 MB, capacity 26
[LIBGPUSPATIAL] [ 10802][17:58:32:012751][info  ] RTSpatialIndex 0x790ca000a7d0 (Used 0 MB), Probe Points, Size: 100000, Results: 26
[LIBGPUSPATIAL] [ 10796][17:58:32:014875][info  ] RTSpatialIndex 0x790ca000a7d0 (Used 0 MB), Allocate result buffer, memory consumption 0 MB, capacity 15
[LIBGPUSPATIAL] [ 10796][17:58:32:015006][info  ] RTSpatialIndex 0x790ca000a7d0 (Used 0 MB), Probe Points, Size: 100000, Results: 15
[LIBGPUSPATIAL] [ 10796][17:58:32:015468][info  ] RTSpatialRefiner 0x790ca3d29630 (Used 0 MB), Loaded Geometries, ProbeArray 100000, Loaded 15, Type Point
[LIBGPUSPATIAL] [ 10796][17:58:32:015513][info  ] RTSpatialRefiner 0x790ca3d29630 (Used 0 MB), Evaluating 15 Geometry Pairs with Predicate Intersects
[LIBGPUSPATIAL] [ 10802][17:58:32:017084][info  ] RTSpatialRefiner 0x790ca3d29630 (Used 0 MB), Loaded Geometries, ProbeArray 100000, Loaded 26, Type Point
[LIBGPUSPATIAL] [ 10802][17:58:32:017125][info  ] RTSpatialRefiner 0x790ca3d29630 (Used 0 MB), Evaluating 26 Geometry Pairs with Predicate Intersects
[LIBGPUSPATIAL] [ 10799][17:58:32:020495][info  ] RTSpatialIndex 0x790ca000a7d0 (Used 1 MB), Allocate result buffer, memory consumption 0 MB, capacity 16
[LIBGPUSPATIAL] [ 10799][17:58:32:020647][info  ] RTSpatialIndex 0x790ca000a7d0 (Used 1 MB), Probe Points, Size: 100000, Results: 16
[LIBGPUSPATIAL] [ 10801][17:58:32:020944][info  ] RTSpatialIndex 0x790ca000a7d0 (Used 0 MB), Allocate result buffer, memory consumption 0 MB, capacity 24
[LIBGPUSPATIAL] [ 10801][17:58:32:021097][info  ] RTSpatialIndex 0x790ca000a7d0 (Used 0 MB), Probe Points, Size: 100000, Results: 24
[LIBGPUSPATIAL] [ 10799][17:58:32:022265][info  ] RTSpatialRefiner 0x790ca3d29630 (Used 2 MB), Loaded Geometries, ProbeArray 100000, Loaded 16, Type Point
[LIBGPUSPATIAL] [ 10799][17:58:32:022314][info  ] RTSpatialRefiner 0x790ca3d29630 (Used 2 MB), Evaluating 16 Geometry Pairs with Predicate Intersects
[LIBGPUSPATIAL] [ 10797][17:58:32:022454][info  ] RTSpatialIndex 0x790ca000a7d0 (Used 2 MB), Allocate result buffer, memory consumption 0 MB, capacity 11
[LIBGPUSPATIAL] [ 10801][17:58:32:022579][info  ] RTSpatialRefiner 0x790ca3d29630 (Used 1 MB), Loaded Geometries, ProbeArray 100000, Loaded 24, Type Point
[LIBGPUSPATIAL] [ 10801][17:58:32:022627][info  ] RTSpatialRefiner 0x790ca3d29630 (Used 1 MB), Evaluating 24 Geometry Pairs with Predicate Intersects
[LIBGPUSPATIAL] [ 10797][17:58:32:023486][info  ] RTSpatialIndex 0x790ca000a7d0 (Used 1 MB), Probe Points, Size: 100000, Results: 11
[LIBGPUSPATIAL] [ 10803][17:58:32:023606][info  ] RTSpatialIndex 0x790ca000a7d0 (Used 0 MB), Allocate result buffer, memory consumption 0 MB, capacity 18
[LIBGPUSPATIAL] [ 10803][17:58:32:024138][info  ] RTSpatialIndex 0x790ca000a7d0 (Used 2 MB), Probe Points, Size: 100000, Results: 18
[LIBGPUSPATIAL] [ 10797][17:58:32:024633][info  ] RTSpatialRefiner 0x790ca3d29630 (Used 1 MB), Loaded Geometries, ProbeArray 100000, Loaded 11, Type Point
[LIBGPUSPATIAL] [ 10797][17:58:32:024681][info  ] RTSpatialRefiner 0x790ca3d29630 (Used 1 MB), Evaluating 11 Geometry Pairs with Predicate Intersects
[LIBGPUSPATIAL] [ 10803][17:58:32:025194][info  ] RTSpatialRefiner 0x790ca3d29630 (Used 0 MB), Loaded Geometries, ProbeArray 100000, Loaded 18, Type Point
[LIBGPUSPATIAL] [ 10803][17:58:32:025327][info  ] RTSpatialRefiner 0x790ca3d29630 (Used 0 MB), Evaluating 18 Geometry Pairs with Predicate Intersects
[LIBGPUSPATIAL] [ 10800][17:58:32:025338][info  ] RTSpatialIndex 0x790ca000a7d0 (Used 0 MB), Allocate result buffer, memory consumption 0 MB, capacity 15
[LIBGPUSPATIAL] [ 10798][17:58:32:026023][info  ] RTSpatialIndex 0x790ca000a7d0 (Used 1 MB), Allocate result buffer, memory consumption 0 MB, capacity 21
[LIBGPUSPATIAL] [ 10798][17:58:32:026123][info  ] RTSpatialIndex 0x790ca000a7d0 (Used 1 MB), Probe Points, Size: 100000, Results: 21
[LIBGPUSPATIAL] [ 10798][17:58:32:026404][info  ] RTSpatialRefiner 0x790ca3d29630 (Used 0 MB), Loaded Geometries, ProbeArray 100000, Loaded 21, Type Point
[LIBGPUSPATIAL] [ 10798][17:58:32:026439][info  ] RTSpatialRefiner 0x790ca3d29630 (Used 0 MB), Evaluating 21 Geometry Pairs with Predicate Intersects
[LIBGPUSPATIAL] [ 10800][17:58:32:028164][info  ] RTSpatialIndex 0x790ca000a7d0 (Used 0 MB), Probe Points, Size: 100000, Results: 15
[LIBGPUSPATIAL] [ 10800][17:58:32:028698][info  ] RTSpatialRefiner 0x790ca3d29630 (Used 0 MB), Loaded Geometries, ProbeArray 100000, Loaded 15, Type Point
[LIBGPUSPATIAL] [ 10800][17:58:32:028738][info  ] RTSpatialRefiner 0x790ca3d29630 (Used 0 MB), Evaluating 15 Geometry Pairs with Predicate Intersects
[LIBGPUSPATIAL] [ 10796][17:58:32:030093][info  ] RTSpatialIndex 0x790ca000a7d0 (Used 0 MB), Allocate result buffer, memory consumption 0 MB, capacity 18
[LIBGPUSPATIAL] [ 10796][17:58:32:030214][info  ] RTSpatialIndex 0x790ca000a7d0 (Used 0 MB), Probe Points, Size: 100000, Results: 18
[LIBGPUSPATIAL] [ 10802][17:58:32:030693][info  ] RTSpatialIndex 0x790ca000a7d0 (Used 0 MB), Allocate result buffer, memory consumption 0 MB, capacity 18
[LIBGPUSPATIAL] [ 10802][17:58:32:030830][info  ] RTSpatialIndex 0x790ca000a7d0 (Used 0 MB), Probe Points, Size: 100000, Results: 18
[LIBGPUSPATIAL] [ 10796][17:58:32:031178][info  ] RTSpatialRefiner 0x790ca3d29630 (Used 0 MB), Loaded Geometries, ProbeArray 100000, Loaded 18, Type Point
[LIBGPUSPATIAL] [ 10796][17:58:32:031224][info  ] RTSpatialRefiner 0x790ca3d29630 (Used 0 MB), Evaluating 18 Geometry Pairs with Predicate Intersects
[LIBGPUSPATIAL] [ 10802][17:58:32:031407][info  ] RTSpatialRefiner 0x790ca3d29630 (Used 0 MB), Loaded Geometries, ProbeArray 100000, Loaded 18, Type Point
[LIBGPUSPATIAL] [ 10802][17:58:32:031453][info  ] RTSpatialRefiner 0x790ca3d29630 (Used 0 MB), Evaluating 18 Geometry Pairs with Predicate Intersects
[LIBGPUSPATIAL] [ 10801][17:58:32:034641][info  ] RTSpatialIndex 0x790ca000a7d0 (Used 0 MB), Allocate result buffer, memory consumption 0 MB, capacity 5
[LIBGPUSPATIAL] [ 10801][17:58:32:034758][info  ] RTSpatialIndex 0x790ca000a7d0 (Used 0 MB), Probe Points, Size: 100000, Results: 5
[LIBGPUSPATIAL] [ 10801][17:58:32:035209][info  ] RTSpatialRefiner 0x790ca3d29630 (Used 0 MB), Loaded Geometries, ProbeArray 100000, Loaded 5, Type Point
[LIBGPUSPATIAL] [ 10801][17:58:32:035253][info  ] RTSpatialRefiner 0x790ca3d29630 (Used 0 MB), Evaluating 5 Geometry Pairs with Predicate Intersects
[LIBGPUSPATIAL] [ 10802][17:58:32:036484][info  ] RTSpatialIndex 0x790ca000a7d0 (Used 0 MB), Allocate result buffer, memory consumption 0 MB, capacity 6
[LIBGPUSPATIAL] [ 10802][17:58:32:036617][info  ] RTSpatialIndex 0x790ca000a7d0 (Used 0 MB), Probe Points, Size: 33333, Results: 6
[LIBGPUSPATIAL] [ 10798][17:58:32:038503][info  ] RTSpatialIndex 0x790ca000a7d0 (Used 0 MB), Allocate result buffer, memory consumption 0 MB, capacity 20
[LIBGPUSPATIAL] [ 10798][17:58:32:038622][info  ] RTSpatialIndex 0x790ca000a7d0 (Used 0 MB), Probe Points, Size: 100000, Results: 20
[LIBGPUSPATIAL] [ 10798][17:58:32:039220][info  ] RTSpatialRefiner 0x790ca3d29630 (Used 0 MB), Loaded Geometries, ProbeArray 100000, Loaded 20, Type Point
[LIBGPUSPATIAL] [ 10798][17:58:32:039264][info  ] RTSpatialRefiner 0x790ca3d29630 (Used 0 MB), Evaluating 20 Geometry Pairs with Predicate Intersects
[LIBGPUSPATIAL] [ 10797][17:58:32:041206][info  ] RTSpatialIndex 0x790ca000a7d0 (Used 0 MB), Allocate result buffer, memory consumption 0 MB, capacity 13
[LIBGPUSPATIAL] [ 10797][17:58:32:041349][info  ] RTSpatialIndex 0x790ca000a7d0 (Used 0 MB), Probe Points, Size: 100000, Results: 13
[LIBGPUSPATIAL] [ 10802][17:58:32:041685][info  ] RTSpatialRefiner 0x790ca3d29630 (Used 3 MB), Loaded Geometries, ProbeArray 33333, Loaded 6, Type Point
[LIBGPUSPATIAL] [ 10802][17:58:32:041762][info  ] RTSpatialRefiner 0x790ca3d29630 (Used 3 MB), Evaluating 6 Geometry Pairs with Predicate Intersects
[LIBGPUSPATIAL] [ 10799][17:58:32:042125][info  ] RTSpatialIndex 0x790ca000a7d0 (Used 1 MB), Allocate result buffer, memory consumption 0 MB, capacity 18
[LIBGPUSPATIAL] [ 10797][17:58:32:042253][info  ] RTSpatialRefiner 0x790ca3d29630 (Used 1 MB), Loaded Geometries, ProbeArray 100000, Loaded 13, Type Point
[LIBGPUSPATIAL] [ 10797][17:58:32:042293][info  ] RTSpatialRefiner 0x790ca3d29630 (Used 1 MB), Evaluating 13 Geometry Pairs with Predicate Intersects
[LIBGPUSPATIAL] [ 10800][17:58:32:042793][info  ] RTSpatialIndex 0x790ca000a7d0 (Used 1 MB), Allocate result buffer, memory consumption 0 MB, capacity 17
[LIBGPUSPATIAL] [ 10799][17:58:32:043237][info  ] RTSpatialIndex 0x790ca000a7d0 (Used 1 MB), Probe Points, Size: 100000, Results: 18
[LIBGPUSPATIAL] [ 10800][17:58:32:043295][info  ] RTSpatialIndex 0x790ca000a7d0 (Used 0 MB), Probe Points, Size: 100000, Results: 17
[LIBGPUSPATIAL] [ 10800][17:58:32:043809][info  ] RTSpatialRefiner 0x790ca3d29630 (Used 0 MB), Loaded Geometries, ProbeArray 100000, Loaded 17, Type Point
[LIBGPUSPATIAL] [ 10800][17:58:32:043870][info  ] RTSpatialRefiner 0x790ca3d29630 (Used 0 MB), Evaluating 17 Geometry Pairs with Predicate Intersects
[LIBGPUSPATIAL] [ 10803][17:58:32:044823][info  ] RTSpatialIndex 0x790ca000a7d0 (Used 0 MB), Allocate result buffer, memory consumption 0 MB, capacity 17
[LIBGPUSPATIAL] [ 10803][17:58:32:045001][info  ] RTSpatialIndex 0x790ca000a7d0 (Used 0 MB), Probe Points, Size: 100000, Results: 17
[LIBGPUSPATIAL] [ 10799][17:58:32:047187][info  ] RTSpatialRefiner 0x790ca3d29630 (Used 1 MB), Loaded Geometries, ProbeArray 100000, Loaded 18, Type Point
[LIBGPUSPATIAL] [ 10799][17:58:32:047265][info  ] RTSpatialRefiner 0x790ca3d29630 (Used 1 MB), Evaluating 18 Geometry Pairs with Predicate Intersects
[LIBGPUSPATIAL] [ 10803][17:58:32:047651][info  ] RTSpatialRefiner 0x790ca3d29630 (Used 0 MB), Loaded Geometries, ProbeArray 100000, Loaded 17, Type Point
[LIBGPUSPATIAL] [ 10803][17:58:32:047894][info  ] RTSpatialRefiner 0x790ca3d29630 (Used 2 MB), Evaluating 17 Geometry Pairs with Predicate Intersects
[LIBGPUSPATIAL] [ 10796][17:58:32:048476][info  ] RTSpatialIndex 0x790ca000a7d0 (Used 1 MB), Allocate result buffer, memory consumption 0 MB, capacity 11
[LIBGPUSPATIAL] [ 10801][17:58:32:048536][info  ] RTSpatialIndex 0x790ca000a7d0 (Used 1 MB), Allocate result buffer, memory consumption 0 MB, capacity 11
[LIBGPUSPATIAL] [ 10801][17:58:32:048858][info  ] RTSpatialIndex 0x790ca000a7d0 (Used 1 MB), Probe Points, Size: 100000, Results: 11
[LIBGPUSPATIAL] [ 10796][17:58:32:049130][info  ] RTSpatialIndex 0x790ca000a7d0 (Used 0 MB), Probe Points, Size: 100000, Results: 11
[LIBGPUSPATIAL] [ 10801][17:58:32:050539][info  ] RTSpatialRefiner 0x790ca3d29630 (Used 0 MB), Loaded Geometries, ProbeArray 100000, Loaded 11, Type Point
[LIBGPUSPATIAL] [ 10801][17:58:32:050590][info  ] RTSpatialRefiner 0x790ca3d29630 (Used 0 MB), Evaluating 11 Geometry Pairs with Predicate Intersects
[LIBGPUSPATIAL] [ 10796][17:58:32:050547][info  ] RTSpatialRefiner 0x790ca3d29630 (Used 0 MB), Loaded Geometries, ProbeArray 100000, Loaded 11, Type Point
[LIBGPUSPATIAL] [ 10796][17:58:32:050670][info  ] RTSpatialRefiner 0x790ca3d29630 (Used 0 MB), Evaluating 11 Geometry Pairs with Predicate Intersects
[LIBGPUSPATIAL] [ 10798][17:58:32:052393][info  ] RTSpatialIndex 0x790ca000a7d0 (Used 0 MB), Allocate result buffer, memory consumption 0 MB, capacity 19
[LIBGPUSPATIAL] [ 10798][17:58:32:052510][info  ] RTSpatialIndex 0x790ca000a7d0 (Used 0 MB), Probe Points, Size: 100000, Results: 19
[LIBGPUSPATIAL] [ 10798][17:58:32:056202][info  ] RTSpatialRefiner 0x790ca3d29630 (Used 0 MB), Loaded Geometries, ProbeArray 100000, Loaded 19, Type Point
[LIBGPUSPATIAL] [ 10798][17:58:32:056256][info  ] RTSpatialRefiner 0x790ca3d29630 (Used 0 MB), Evaluating 19 Geometry Pairs with Predicate Intersects
[LIBGPUSPATIAL] [ 10796][17:58:32:056206][info  ] RTSpatialIndex 0x790ca000a7d0 (Used 0 MB), Allocate result buffer, memory consumption 0 MB, capacity 3
[LIBGPUSPATIAL] [ 10796][17:58:32:056802][info  ] RTSpatialIndex 0x790ca000a7d0 (Used 3 MB), Probe Points, Size: 33333, Results: 3
[LIBGPUSPATIAL] [ 10796][17:58:32:057635][info  ] RTSpatialRefiner 0x790ca3d29630 (Used 2 MB), Loaded Geometries, ProbeArray 33333, Loaded 3, Type Point
[LIBGPUSPATIAL] [ 10796][17:58:32:057676][info  ] RTSpatialRefiner 0x790ca3d29630 (Used 2 MB), Evaluating 3 Geometry Pairs with Predicate Intersects
[LIBGPUSPATIAL] [ 10797][17:58:32:058058][info  ] RTSpatialIndex 0x790ca000a7d0 (Used 1 MB), Allocate result buffer, memory consumption 0 MB, capacity 24
[LIBGPUSPATIAL] [ 10800][17:58:32:058194][info  ] RTSpatialIndex 0x790ca000a7d0 (Used 1 MB), Allocate result buffer, memory consumption 0 MB, capacity 6
[LIBGPUSPATIAL] [ 10797][17:58:32:058488][info  ] RTSpatialIndex 0x790ca000a7d0 (Used 1 MB), Probe Points, Size: 100000, Results: 24
[LIBGPUSPATIAL] [ 10800][17:58:32:058752][info  ] RTSpatialIndex 0x790ca000a7d0 (Used 0 MB), Probe Points, Size: 100000, Results: 6
[LIBGPUSPATIAL] [ 10797][17:58:32:062431][info  ] RTSpatialRefiner 0x790ca3d29630 (Used 1 MB), Loaded Geometries, ProbeArray 100000, Loaded 24, Type Point
[LIBGPUSPATIAL] [ 10797][17:58:32:062508][info  ] RTSpatialRefiner 0x790ca3d29630 (Used 1 MB), Evaluating 24 Geometry Pairs with Predicate Intersects
[LIBGPUSPATIAL] [ 10800][17:58:32:062641][info  ] RTSpatialRefiner 0x790ca3d29630 (Used 1 MB), Loaded Geometries, ProbeArray 100000, Loaded 6, Type Point
[LIBGPUSPATIAL] [ 10803][17:58:32:062683][info  ] RTSpatialIndex 0x790ca000a7d0 (Used 1 MB), Allocate result buffer, memory consumption 0 MB, capacity 21
[LIBGPUSPATIAL] [ 10800][17:58:32:062755][info  ] RTSpatialRefiner 0x790ca3d29630 (Used 1 MB), Evaluating 6 Geometry Pairs with Predicate Intersects
[LIBGPUSPATIAL] [ 10803][17:58:32:063369][info  ] RTSpatialIndex 0x790ca000a7d0 (Used 2 MB), Probe Points, Size: 100000, Results: 21
[LIBGPUSPATIAL] [ 10802][17:58:32:063559][info  ] RTSpatialIndex 0x790ca000a7d0 (Used 1 MB), Allocate result buffer, memory consumption 0 MB, capacity 13
[LIBGPUSPATIAL] [ 10799][17:58:32:063784][info  ] RTSpatialIndex 0x790ca000a7d0 (Used 1 MB), Allocate result buffer, memory consumption 0 MB, capacity 12
[LIBGPUSPATIAL] [ 10802][17:58:32:064442][info  ] RTSpatialIndex 0x790ca000a7d0 (Used 2 MB), Probe Points, Size: 100000, Results: 13
[LIBGPUSPATIAL] [ 10803][17:58:32:064593][info  ] RTSpatialRefiner 0x790ca3d29630 (Used 1 MB), Loaded Geometries, ProbeArray 100000, Loaded 21, Type Point
[LIBGPUSPATIAL] [ 10799][17:58:32:064730][info  ] RTSpatialIndex 0x790ca000a7d0 (Used 1 MB), Probe Points, Size: 100000, Results: 12
[LIBGPUSPATIAL] [ 10801][17:58:32:064897][info  ] RTSpatialIndex 0x790ca000a7d0 (Used 0 MB), Allocate result buffer, memory consumption 0 MB, capacity 16
[LIBGPUSPATIAL] [ 10803][17:58:32:064961][info  ] RTSpatialRefiner 0x790ca3d29630 (Used 0 MB), Evaluating 21 Geometry Pairs with Predicate Intersects
[LIBGPUSPATIAL] [ 10799][17:58:32:065348][info  ] RTSpatialRefiner 0x790ca3d29630 (Used 0 MB), Loaded Geometries, ProbeArray 100000, Loaded 12, Type Point
[LIBGPUSPATIAL] [ 10799][17:58:32:065397][info  ] RTSpatialRefiner 0x790ca3d29630 (Used 0 MB), Evaluating 12 Geometry Pairs with Predicate Intersects
[LIBGPUSPATIAL] [ 10801][17:58:32:065353][info  ] RTSpatialIndex 0x790ca000a7d0 (Used 0 MB), Probe Points, Size: 100000, Results: 16
[LIBGPUSPATIAL] [ 10802][17:58:32:066082][info  ] RTSpatialRefiner 0x790ca3d29630 (Used 0 MB), Loaded Geometries, ProbeArray 100000, Loaded 13, Type Point
[LIBGPUSPATIAL] [ 10802][17:58:32:066378][info  ] RTSpatialRefiner 0x790ca3d29630 (Used 0 MB), Evaluating 13 Geometry Pairs with Predicate Intersects
[LIBGPUSPATIAL] [ 10797][17:58:32:069412][info  ] RTSpatialIndex 0x790ca000a7d0 (Used 0 MB), Allocate result buffer, memory consumption 0 MB, capacity 9
[LIBGPUSPATIAL] [ 10801][17:58:32:069743][info  ] RTSpatialRefiner 0x790ca3d29630 (Used 0 MB), Loaded Geometries, ProbeArray 100000, Loaded 16, Type Point
[LIBGPUSPATIAL] [ 10801][17:58:32:069787][info  ] RTSpatialRefiner 0x790ca3d29630 (Used 0 MB), Evaluating 16 Geometry Pairs with Predicate Intersects
[LIBGPUSPATIAL] [ 10797][17:58:32:070540][info  ] RTSpatialIndex 0x790ca000a7d0 (Used 2 MB), Probe Points, Size: 33333, Results: 9
[LIBGPUSPATIAL] [ 10798][17:58:32:071036][info  ] RTSpatialIndex 0x790ca000a7d0 (Used 1 MB), Allocate result buffer, memory consumption 0 MB, capacity 13
[LIBGPUSPATIAL] [ 10800][17:58:32:071271][info  ] RTSpatialIndex 0x790ca000a7d0 (Used 1 MB), Allocate result buffer, memory consumption 0 MB, capacity 10
[LIBGPUSPATIAL] [ 10797][17:58:32:071317][info  ] RTSpatialRefiner 0x790ca3d29630 (Used 1 MB), Loaded Geometries, ProbeArray 33333, Loaded 9, Type Point
[LIBGPUSPATIAL] [ 10797][17:58:32:072940][info  ] RTSpatialRefiner 0x790ca3d29630 (Used 1 MB), Evaluating 9 Geometry Pairs with Predicate Intersects
[LIBGPUSPATIAL] [ 10799][17:58:32:073017][info  ] RTSpatialIndex 0x790ca000a7d0 (Used 1 MB), Allocate result buffer, memory consumption 0 MB, capacity 6
[LIBGPUSPATIAL] [ 10800][17:58:32:073409][info  ] RTSpatialIndex 0x790ca000a7d0 (Used 1 MB), Probe Points, Size: 33333, Results: 10
[LIBGPUSPATIAL] [ 10798][17:58:32:073567][info  ] RTSpatialIndex 0x790ca000a7d0 (Used 1 MB), Probe Points, Size: 100000, Results: 13
[LIBGPUSPATIAL] [ 10799][17:58:32:073729][info  ] RTSpatialIndex 0x790ca000a7d0 (Used 0 MB), Probe Points, Size: 33333, Results: 6
[LIBGPUSPATIAL] [ 10800][17:58:32:074170][info  ] RTSpatialRefiner 0x790ca3d29630 (Used 0 MB), Loaded Geometries, ProbeArray 33333, Loaded 10, Type Point
[LIBGPUSPATIAL] [ 10799][17:58:32:074206][info  ] RTSpatialRefiner 0x790ca3d29630 (Used 0 MB), Loaded Geometries, ProbeArray 33333, Loaded 6, Type Point
[LIBGPUSPATIAL] [ 10800][17:58:32:074235][info  ] RTSpatialRefiner 0x790ca3d29630 (Used 0 MB), Evaluating 10 Geometry Pairs with Predicate Intersects
[LIBGPUSPATIAL] [ 10799][17:58:32:074257][info  ] RTSpatialRefiner 0x790ca3d29630 (Used 0 MB), Evaluating 6 Geometry Pairs with Predicate Intersects
[LIBGPUSPATIAL] [ 10801][17:58:32:074821][info  ] RTSpatialIndex 0x790ca000a7d0 (Used 0 MB), Allocate result buffer, memory consumption 0 MB, capacity 5
[LIBGPUSPATIAL] [ 10798][17:58:32:074886][info  ] RTSpatialRefiner 0x790ca3d29630 (Used 0 MB), Loaded Geometries, ProbeArray 100000, Loaded 13, Type Point
[LIBGPUSPATIAL] [ 10798][17:58:32:074929][info  ] RTSpatialRefiner 0x790ca3d29630 (Used 0 MB), Evaluating 13 Geometry Pairs with Predicate Intersects
[LIBGPUSPATIAL] [ 10801][17:58:32:075151][info  ] RTSpatialIndex 0x790ca000a7d0 (Used 0 MB), Probe Points, Size: 33333, Results: 5
[LIBGPUSPATIAL] [ 10796][17:58:32:077329][info  ] RTSpatialIndex 0x790ca000a7d0 (Used 0 MB), Allocate result buffer, memory consumption 0 MB, capacity 15
[LIBGPUSPATIAL] [ 10801][17:58:32:078689][info  ] RTSpatialRefiner 0x790ca3d29630 (Used 3 MB), Loaded Geometries, ProbeArray 33333, Loaded 5, Type Point
[LIBGPUSPATIAL] [ 10801][17:58:32:078818][info  ] RTSpatialRefiner 0x790ca3d29630 (Used 1 MB), Evaluating 5 Geometry Pairs with Predicate Intersects
[LIBGPUSPATIAL] [ 10796][17:58:32:078975][info  ] RTSpatialIndex 0x790ca000a7d0 (Used 1 MB), Probe Points, Size: 100000, Results: 15
[LIBGPUSPATIAL] [ 10803][17:58:32:079327][info  ] RTSpatialIndex 0x790ca000a7d0 (Used 2 MB), Allocate result buffer, memory consumption 0 MB, capacity 12
[LIBGPUSPATIAL] [ 10796][17:58:32:080050][info  ] RTSpatialRefiner 0x790ca3d29630 (Used 1 MB), Loaded Geometries, ProbeArray 100000, Loaded 15, Type Point
[LIBGPUSPATIAL] [ 10803][17:58:32:080061][info  ] RTSpatialIndex 0x790ca000a7d0 (Used 1 MB), Probe Points, Size: 100000, Results: 12
[LIBGPUSPATIAL] [ 10802][17:58:32:080366][info  ] RTSpatialIndex 0x790ca000a7d0 (Used 0 MB), Allocate result buffer, memory consumption 0 MB, capacity 13
[LIBGPUSPATIAL] [ 10796][17:58:32:080420][info  ] RTSpatialRefiner 0x790ca3d29630 (Used 0 MB), Evaluating 15 Geometry Pairs with Predicate Intersects
[LIBGPUSPATIAL] [ 10802][17:58:32:081031][info  ] RTSpatialIndex 0x790ca000a7d0 (Used 0 MB), Probe Points, Size: 100000, Results: 13
[LIBGPUSPATIAL] [ 10803][17:58:32:081593][info  ] RTSpatialRefiner 0x790ca3d29630 (Used 0 MB), Loaded Geometries, ProbeArray 100000, Loaded 12, Type Point
[LIBGPUSPATIAL] [ 10803][17:58:32:081645][info  ] RTSpatialRefiner 0x790ca3d29630 (Used 0 MB), Evaluating 12 Geometry Pairs with Predicate Intersects
[LIBGPUSPATIAL] [ 10802][17:58:32:082473][info  ] RTSpatialRefiner 0x790ca3d29630 (Used 0 MB), Loaded Geometries, ProbeArray 100000, Loaded 13, Type Point
[LIBGPUSPATIAL] [ 10802][17:58:32:082553][info  ] RTSpatialRefiner 0x790ca3d29630 (Used 0 MB), Evaluating 13 Geometry Pairs with Predicate Intersects
[LIBGPUSPATIAL] [ 10798][17:58:32:084178][info  ] RTSpatialIndex 0x790ca000a7d0 (Used 0 MB), Allocate result buffer, memory consumption 0 MB, capacity 6
[LIBGPUSPATIAL] [ 10798][17:58:32:084323][info  ] RTSpatialIndex 0x790ca000a7d0 (Used 0 MB), Probe Points, Size: 33333, Results: 6
[LIBGPUSPATIAL] [ 10798][17:58:32:085670][info  ] RTSpatialRefiner 0x790ca3d29630 (Used 0 MB), Loaded Geometries, ProbeArray 33333, Loaded 6, Type Point
[LIBGPUSPATIAL] [ 10798][17:58:32:085745][info  ] RTSpatialRefiner 0x790ca3d29630 (Used 0 MB), Evaluating 6 Geometry Pairs with Predicate Intersects
[LIBGPUSPATIAL] [ 10803][17:58:32:088615][info  ] RTSpatialIndex 0x790ca000a7d0 (Used 0 MB), Allocate result buffer, memory consumption 0 MB, capacity 7
[LIBGPUSPATIAL] [ 10803][17:58:32:088789][info  ] RTSpatialIndex 0x790ca000a7d0 (Used 0 MB), Probe Points, Size: 33333, Results: 7
[LIBGPUSPATIAL] [ 10803][17:58:32:089206][info  ] RTSpatialRefiner 0x790ca3d29630 (Used 0 MB), Loaded Geometries, ProbeArray 33333, Loaded 7, Type Point
[LIBGPUSPATIAL] [ 10803][17:58:32:089258][info  ] RTSpatialRefiner 0x790ca3d29630 (Used 0 MB), Evaluating 7 Geometry Pairs with Predicate Intersects
[LIBGPUSPATIAL] [ 10799][17:58:32:093815][info  ] RTSpatialIndex 0x790ca000a7d0 (Used 0 MB), Allocate result buffer, memory consumption 0 MB, capacity 16
[LIBGPUSPATIAL] [ 10799][17:58:32:093971][info  ] RTSpatialIndex 0x790ca000a7d0 (Used 0 MB), Probe Points, Size: 100000, Results: 16
[LIBGPUSPATIAL] [ 10796][17:58:32:095888][info  ] RTSpatialIndex 0x790ca000a7d0 (Used 0 MB), Allocate result buffer, memory consumption 0 MB, capacity 14
[LIBGPUSPATIAL] [ 10796][17:58:32:096121][info  ] RTSpatialIndex 0x790ca000a7d0 (Used 0 MB), Probe Points, Size: 100000, Results: 14
[LIBGPUSPATIAL] [ 10799][17:58:32:096801][info  ] RTSpatialRefiner 0x790ca3d29630 (Used 4 MB), Loaded Geometries, ProbeArray 100000, Loaded 16, Type Point
[LIBGPUSPATIAL] [ 10799][17:58:32:096897][info  ] RTSpatialRefiner 0x790ca3d29630 (Used 3 MB), Evaluating 16 Geometry Pairs with Predicate Intersects
[LIBGPUSPATIAL] [ 10797][17:58:32:097095][info  ] RTSpatialIndex 0x790ca000a7d0 (Used 3 MB), Allocate result buffer, memory consumption 0 MB, capacity 15
[LIBGPUSPATIAL] [ 10796][17:58:32:097221][info  ] RTSpatialRefiner 0x790ca3d29630 (Used 3 MB), Loaded Geometries, ProbeArray 100000, Loaded 14, Type Point
[LIBGPUSPATIAL] [ 10796][17:58:32:097301][info  ] RTSpatialRefiner 0x790ca3d29630 (Used 2 MB), Evaluating 14 Geometry Pairs with Predicate Intersects
[LIBGPUSPATIAL] [ 10802][17:58:32:097345][info  ] RTSpatialIndex 0x790ca000a7d0 (Used 2 MB), Allocate result buffer, memory consumption 0 MB, capacity 21
[LIBGPUSPATIAL] [ 10797][17:58:32:097814][info  ] RTSpatialIndex 0x790ca000a7d0 (Used 2 MB), Probe Points, Size: 100000, Results: 15
[LIBGPUSPATIAL] [ 10800][17:58:32:097901][info  ] RTSpatialIndex 0x790ca000a7d0 (Used 2 MB), Allocate result buffer, memory consumption 0 MB, capacity 17
[LIBGPUSPATIAL] [ 10802][17:58:32:098101][info  ] RTSpatialIndex 0x790ca000a7d0 (Used 1 MB), Probe Points, Size: 100000, Results: 21
[LIBGPUSPATIAL] [ 10800][17:58:32:098310][info  ] RTSpatialIndex 0x790ca000a7d0 (Used 1 MB), Probe Points, Size: 100000, Results: 17
[LIBGPUSPATIAL] [ 10802][17:58:32:098948][info  ] RTSpatialRefiner 0x790ca3d29630 (Used 0 MB), Loaded Geometries, ProbeArray 100000, Loaded 21, Type Point
[LIBGPUSPATIAL] [ 10802][17:58:32:098996][info  ] RTSpatialRefiner 0x790ca3d29630 (Used 0 MB), Evaluating 21 Geometry Pairs with Predicate Intersects
[LIBGPUSPATIAL] [ 10800][17:58:32:099048][info  ] RTSpatialRefiner 0x790ca3d29630 (Used 0 MB), Loaded Geometries, ProbeArray 100000, Loaded 17, Type Point
[LIBGPUSPATIAL] [ 10800][17:58:32:099168][info  ] RTSpatialRefiner 0x790ca3d29630 (Used 0 MB), Evaluating 17 Geometry Pairs with Predicate Intersects
[LIBGPUSPATIAL] [ 10797][17:58:32:099937][info  ] RTSpatialRefiner 0x790ca3d29630 (Used 0 MB), Loaded Geometries, ProbeArray 100000, Loaded 15, Type Point
[LIBGPUSPATIAL] [ 10797][17:58:32:100003][info  ] RTSpatialRefiner 0x790ca3d29630 (Used 0 MB), Evaluating 15 Geometry Pairs with Predicate Intersects
[LIBGPUSPATIAL] [ 10798][17:58:32:100724][info  ] RTSpatialIndex 0x790ca000a7d0 (Used 0 MB), Allocate result buffer, memory consumption 0 MB, capacity 17
[LIBGPUSPATIAL] [ 10798][17:58:32:100965][info  ] RTSpatialIndex 0x790ca000a7d0 (Used 0 MB), Probe Points, Size: 100000, Results: 17
[LIBGPUSPATIAL] [ 10798][17:58:32:101483][info  ] RTSpatialRefiner 0x790ca3d29630 (Used 0 MB), Loaded Geometries, ProbeArray 100000, Loaded 17, Type Point
[LIBGPUSPATIAL] [ 10798][17:58:32:101528][info  ] RTSpatialRefiner 0x790ca3d29630 (Used 0 MB), Evaluating 17 Geometry Pairs with Predicate Intersects
[LIBGPUSPATIAL] [ 10803][17:58:32:106125][info  ] RTSpatialIndex 0x790ca000a7d0 (Used 0 MB), Allocate result buffer, memory consumption 0 MB, capacity 18
[LIBGPUSPATIAL] [ 10803][17:58:32:106256][info  ] RTSpatialIndex 0x790ca000a7d0 (Used 0 MB), Probe Points, Size: 100000, Results: 18
[LIBGPUSPATIAL] [ 10803][17:58:32:106623][info  ] RTSpatialRefiner 0x790ca3d29630 (Used 0 MB), Loaded Geometries, ProbeArray 100000, Loaded 18, Type Point
[LIBGPUSPATIAL] [ 10803][17:58:32:106666][info  ] RTSpatialRefiner 0x790ca3d29630 (Used 0 MB), Evaluating 18 Geometry Pairs with Predicate Intersects
[LIBGPUSPATIAL] [ 10801][17:58:32:109809][info  ] RTSpatialIndex 0x790ca000a7d0 (Used 0 MB), Allocate result buffer, memory consumption 0 MB, capacity 20
[LIBGPUSPATIAL] [ 10801][17:58:32:109961][info  ] RTSpatialIndex 0x790ca000a7d0 (Used 0 MB), Probe Points, Size: 100000, Results: 20
[LIBGPUSPATIAL] [ 10801][17:58:32:110267][info  ] RTSpatialRefiner 0x790ca3d29630 (Used 0 MB), Loaded Geometries, ProbeArray 100000, Loaded 20, Type Point
[LIBGPUSPATIAL] [ 10801][17:58:32:110313][info  ] RTSpatialRefiner 0x790ca3d29630 (Used 0 MB), Evaluating 20 Geometry Pairs with Predicate Intersects
[LIBGPUSPATIAL] [ 10796][17:58:32:111445][info  ] RTSpatialIndex 0x790ca000a7d0 (Used 1 MB), Allocate result buffer, memory consumption 0 MB, capacity 21
[LIBGPUSPATIAL] [ 10799][17:58:32:111509][info  ] RTSpatialIndex 0x790ca000a7d0 (Used 1 MB), Allocate result buffer, memory consumption 0 MB, capacity 12
[LIBGPUSPATIAL] [ 10796][17:58:32:111721][info  ] RTSpatialIndex 0x790ca000a7d0 (Used 1 MB), Probe Points, Size: 100000, Results: 21
[LIBGPUSPATIAL] [ 10799][17:58:32:111866][info  ] RTSpatialIndex 0x790ca000a7d0 (Used 0 MB), Probe Points, Size: 100000, Results: 12
[LIBGPUSPATIAL] [ 10802][17:58:32:112302][info  ] RTSpatialIndex 0x790ca000a7d0 (Used 0 MB), Allocate result buffer, memory consumption 0 MB, capacity 6
[LIBGPUSPATIAL] [ 10802][17:58:32:112417][info  ] RTSpatialIndex 0x790ca000a7d0 (Used 0 MB), Probe Points, Size: 100000, Results: 6
[LIBGPUSPATIAL] [ 10797][17:58:32:113277][info  ] RTSpatialIndex 0x790ca000a7d0 (Used 1 MB), Allocate result buffer, memory consumption 0 MB, capacity 15
[LIBGPUSPATIAL] [ 10802][17:58:32:113310][info  ] RTSpatialRefiner 0x790ca3d29630 (Used 1 MB), Loaded Geometries, ProbeArray 100000, Loaded 6, Type Point
[LIBGPUSPATIAL] [ 10799][17:58:32:113316][info  ] RTSpatialRefiner 0x790ca3d29630 (Used 1 MB), Loaded Geometries, ProbeArray 100000, Loaded 12, Type Point
[LIBGPUSPATIAL] [ 10796][17:58:32:113326][info  ] RTSpatialRefiner 0x790ca3d29630 (Used 1 MB), Loaded Geometries, ProbeArray 100000, Loaded 21, Type Point
[LIBGPUSPATIAL] [ 10802][17:58:32:113544][info  ] RTSpatialRefiner 0x790ca3d29630 (Used 1 MB), Evaluating 6 Geometry Pairs with Predicate Intersects
[LIBGPUSPATIAL] [ 10799][17:58:32:113563][info  ] RTSpatialRefiner 0x790ca3d29630 (Used 1 MB), Evaluating 12 Geometry Pairs with Predicate Intersects
[LIBGPUSPATIAL] [ 10796][17:58:32:113589][info  ] RTSpatialRefiner 0x790ca3d29630 (Used 1 MB), Evaluating 21 Geometry Pairs with Predicate Intersects
[LIBGPUSPATIAL] [ 10800][17:58:32:113377][info  ] RTSpatialIndex 0x790ca000a7d0 (Used 1 MB), Allocate result buffer, memory consumption 0 MB, capacity 19
[LIBGPUSPATIAL] [ 10797][17:58:32:113818][info  ] RTSpatialIndex 0x790ca000a7d0 (Used 1 MB), Probe Points, Size: 100000, Results: 15
[LIBGPUSPATIAL] [ 10800][17:58:32:114171][info  ] RTSpatialIndex 0x790ca000a7d0 (Used 0 MB), Probe Points, Size: 100000, Results: 19
[LIBGPUSPATIAL] [ 10797][17:58:32:114532][info  ] RTSpatialRefiner 0x790ca3d29630 (Used 0 MB), Loaded Geometries, ProbeArray 100000, Loaded 15, Type Point
[LIBGPUSPATIAL] [ 10797][17:58:32:114576][info  ] RTSpatialRefiner 0x790ca3d29630 (Used 0 MB), Evaluating 15 Geometry Pairs with Predicate Intersects
[LIBGPUSPATIAL] [ 10800][17:58:32:116105][info  ] RTSpatialRefiner 0x790ca3d29630 (Used 1 MB), Loaded Geometries, ProbeArray 100000, Loaded 19, Type Point
[LIBGPUSPATIAL] [ 10800][17:58:32:116190][info  ] RTSpatialRefiner 0x790ca3d29630 (Used 1 MB), Evaluating 19 Geometry Pairs with Predicate Intersects
[LIBGPUSPATIAL] [ 10798][17:58:32:116408][info  ] RTSpatialIndex 0x790ca000a7d0 (Used 0 MB), Allocate result buffer, memory consumption 0 MB, capacity 19
[LIBGPUSPATIAL] [ 10798][17:58:32:116769][info  ] RTSpatialIndex 0x790ca000a7d0 (Used 0 MB), Probe Points, Size: 100000, Results: 19
[LIBGPUSPATIAL] [ 10803][17:58:32:120057][info  ] RTSpatialIndex 0x790ca000a7d0 (Used 0 MB), Allocate result buffer, memory consumption 0 MB, capacity 14
[LIBGPUSPATIAL] [ 10803][17:58:32:120183][info  ] RTSpatialIndex 0x790ca000a7d0 (Used 0 MB), Probe Points, Size: 100000, Results: 14
[LIBGPUSPATIAL] [ 10798][17:58:32:120412][info  ] RTSpatialRefiner 0x790ca3d29630 (Used 0 MB), Loaded Geometries, ProbeArray 100000, Loaded 19, Type Point
[LIBGPUSPATIAL] [ 10798][17:58:32:120503][info  ] RTSpatialRefiner 0x790ca3d29630 (Used 0 MB), Evaluating 19 Geometry Pairs with Predicate Intersects
[LIBGPUSPATIAL] [ 10803][17:58:32:122066][info  ] RTSpatialRefiner 0x790ca3d29630 (Used 0 MB), Loaded Geometries, ProbeArray 100000, Loaded 14, Type Point
[LIBGPUSPATIAL] [ 10803][17:58:32:122114][info  ] RTSpatialRefiner 0x790ca3d29630 (Used 0 MB), Evaluating 14 Geometry Pairs with Predicate Intersects
[LIBGPUSPATIAL] [ 10801][17:58:32:122993][info  ] RTSpatialIndex 0x790ca000a7d0 (Used 0 MB), Allocate result buffer, memory consumption 0 MB, capacity 18
[LIBGPUSPATIAL] [ 10801][17:58:32:123103][info  ] RTSpatialIndex 0x790ca000a7d0 (Used 0 MB), Probe Points, Size: 100000, Results: 18
[LIBGPUSPATIAL] [ 10801][17:58:32:123414][info  ] RTSpatialRefiner 0x790ca3d29630 (Used 0 MB), Loaded Geometries, ProbeArray 100000, Loaded 18, Type Point
[LIBGPUSPATIAL] [ 10801][17:58:32:123451][info  ] RTSpatialRefiner 0x790ca3d29630 (Used 0 MB), Evaluating 18 Geometry Pairs with Predicate Intersects
[LIBGPUSPATIAL] [ 10796][17:58:32:125692][info  ] RTSpatialIndex 0x790ca000a7d0 (Used 0 MB), Allocate result buffer, memory consumption 0 MB, capacity 13
[LIBGPUSPATIAL] [ 10796][17:58:32:125865][info  ] RTSpatialIndex 0x790ca000a7d0 (Used 0 MB), Probe Points, Size: 100000, Results: 13
[LIBGPUSPATIAL] [ 10796][17:58:32:126196][info  ] RTSpatialRefiner 0x790ca3d29630 (Used 0 MB), Loaded Geometries, ProbeArray 100000, Loaded 13, Type Point
[LIBGPUSPATIAL] [ 10796][17:58:32:126256][info  ] RTSpatialRefiner 0x790ca3d29630 (Used 0 MB), Evaluating 13 Geometry Pairs with Predicate Intersects
[LIBGPUSPATIAL] [ 10799][17:58:32:127909][info  ] RTSpatialIndex 0x790ca000a7d0 (Used 1 MB), Allocate result buffer, memory consumption 0 MB, capacity 19
[LIBGPUSPATIAL] [ 10802][17:58:32:128008][info  ] RTSpatialIndex 0x790ca000a7d0 (Used 1 MB), Allocate result buffer, memory consumption 0 MB, capacity 12
[LIBGPUSPATIAL] [ 10799][17:58:32:128101][info  ] RTSpatialIndex 0x790ca000a7d0 (Used 3 MB), Probe Points, Size: 100000, Results: 19
[LIBGPUSPATIAL] [ 10802][17:58:32:128511][info  ] RTSpatialIndex 0x790ca000a7d0 (Used 1 MB), Probe Points, Size: 100000, Results: 12
[LIBGPUSPATIAL] [ 10797][17:58:32:128656][info  ] RTSpatialIndex 0x790ca000a7d0 (Used 0 MB), Allocate result buffer, memory consumption 0 MB, capacity 11
[LIBGPUSPATIAL] [ 10799][17:58:32:128867][info  ] RTSpatialRefiner 0x790ca3d29630 (Used 0 MB), Loaded Geometries, ProbeArray 100000, Loaded 19, Type Point
[LIBGPUSPATIAL] [ 10799][17:58:32:128916][info  ] RTSpatialRefiner 0x790ca3d29630 (Used 0 MB), Evaluating 19 Geometry Pairs with Predicate Intersects
[LIBGPUSPATIAL] [ 10797][17:58:32:128948][info  ] RTSpatialIndex 0x790ca000a7d0 (Used 0 MB), Probe Points, Size: 100000, Results: 11
[LIBGPUSPATIAL] [ 10802][17:58:32:129186][info  ] RTSpatialRefiner 0x790ca3d29630 (Used 0 MB), Loaded Geometries, ProbeArray 100000, Loaded 12, Type Point
[LIBGPUSPATIAL] [ 10802][17:58:32:129234][info  ] RTSpatialRefiner 0x790ca3d29630 (Used 0 MB), Evaluating 12 Geometry Pairs with Predicate Intersects
[LIBGPUSPATIAL] [ 10797][17:58:32:129442][info  ] RTSpatialRefiner 0x790ca3d29630 (Used 0 MB), Loaded Geometries, ProbeArray 100000, Loaded 11, Type Point
[LIBGPUSPATIAL] [ 10797][17:58:32:129486][info  ] RTSpatialRefiner 0x790ca3d29630 (Used 0 MB), Evaluating 11 Geometry Pairs with Predicate Intersects
[LIBGPUSPATIAL] [ 10800][17:58:32:131465][info  ] RTSpatialIndex 0x790ca000a7d0 (Used 0 MB), Allocate result buffer, memory consumption 0 MB, capacity 12
[LIBGPUSPATIAL] [ 10800][17:58:32:131665][info  ] RTSpatialIndex 0x790ca000a7d0 (Used 0 MB), Probe Points, Size: 100000, Results: 12
[LIBGPUSPATIAL] [ 10800][17:58:32:132112][info  ] RTSpatialRefiner 0x790ca3d29630 (Used 0 MB), Loaded Geometries, ProbeArray 100000, Loaded 12, Type Point
[LIBGPUSPATIAL] [ 10800][17:58:32:132157][info  ] RTSpatialRefiner 0x790ca3d29630 (Used 0 MB), Evaluating 12 Geometry Pairs with Predicate Intersects
[LIBGPUSPATIAL] [ 10798][17:58:32:133662][info  ] RTSpatialIndex 0x790ca000a7d0 (Used 0 MB), Allocate result buffer, memory consumption 0 MB, capacity 14
[LIBGPUSPATIAL] [ 10798][17:58:32:133823][info  ] RTSpatialIndex 0x790ca000a7d0 (Used 0 MB), Probe Points, Size: 100000, Results: 14
[LIBGPUSPATIAL] [ 10798][17:58:32:134185][info  ] RTSpatialRefiner 0x790ca3d29630 (Used 0 MB), Loaded Geometries, ProbeArray 100000, Loaded 14, Type Point
[LIBGPUSPATIAL] [ 10798][17:58:32:134234][info  ] RTSpatialRefiner 0x790ca3d29630 (Used 0 MB), Evaluating 14 Geometry Pairs with Predicate Intersects
[LIBGPUSPATIAL] [ 10803][17:58:32:135175][info  ] RTSpatialIndex 0x790ca000a7d0 (Used 0 MB), Allocate result buffer, memory consumption 0 MB, capacity 11
[LIBGPUSPATIAL] [ 10803][17:58:32:135311][info  ] RTSpatialIndex 0x790ca000a7d0 (Used 0 MB), Probe Points, Size: 100000, Results: 11
[LIBGPUSPATIAL] [ 10803][17:58:32:135639][info  ] RTSpatialRefiner 0x790ca3d29630 (Used 0 MB), Loaded Geometries, ProbeArray 100000, Loaded 11, Type Point
[LIBGPUSPATIAL] [ 10803][17:58:32:135681][info  ] RTSpatialRefiner 0x790ca3d29630 (Used 0 MB), Evaluating 11 Geometry Pairs with Predicate Intersects
[LIBGPUSPATIAL] [ 10801][17:58:32:137945][info  ] RTSpatialIndex 0x790ca000a7d0 (Used 0 MB), Allocate result buffer, memory consumption 0 MB, capacity 15
[LIBGPUSPATIAL] [ 10801][17:58:32:138138][info  ] RTSpatialIndex 0x790ca000a7d0 (Used 0 MB), Probe Points, Size: 100000, Results: 15
[LIBGPUSPATIAL] [ 10801][17:58:32:138551][info  ] RTSpatialRefiner 0x790ca3d29630 (Used 0 MB), Loaded Geometries, ProbeArray 100000, Loaded 15, Type Point
[LIBGPUSPATIAL] [ 10801][17:58:32:138650][info  ] RTSpatialRefiner 0x790ca3d29630 (Used 0 MB), Evaluating 15 Geometry Pairs with Predicate Intersects
[LIBGPUSPATIAL] [ 10796][17:58:32:140476][info  ] RTSpatialIndex 0x790ca000a7d0 (Used 0 MB), Allocate result buffer, memory consumption 0 MB, capacity 19
[LIBGPUSPATIAL] [ 10796][17:58:32:140680][info  ] RTSpatialIndex 0x790ca000a7d0 (Used 0 MB), Probe Points, Size: 100000, Results: 19
[LIBGPUSPATIAL] [ 10796][17:58:32:141061][info  ] RTSpatialRefiner 0x790ca3d29630 (Used 0 MB), Loaded Geometries, ProbeArray 100000, Loaded 19, Type Point
[LIBGPUSPATIAL] [ 10796][17:58:32:141157][info  ] RTSpatialRefiner 0x790ca3d29630 (Used 0 MB), Evaluating 19 Geometry Pairs with Predicate Intersects
[LIBGPUSPATIAL] [ 10799][17:58:32:142204][info  ] RTSpatialIndex 0x790ca000a7d0 (Used 0 MB), Allocate result buffer, memory consumption 0 MB, capacity 16
[LIBGPUSPATIAL] [ 10799][17:58:32:142428][info  ] RTSpatialIndex 0x790ca000a7d0 (Used 2 MB), Probe Points, Size: 100000, Results: 16
[LIBGPUSPATIAL] [ 10797][17:58:32:143077][info  ] RTSpatialIndex 0x790ca000a7d0 (Used 1 MB), Allocate result buffer, memory consumption 0 MB, capacity 12
[LIBGPUSPATIAL] [ 10802][17:58:32:143128][info  ] RTSpatialIndex 0x790ca000a7d0 (Used 1 MB), Allocate result buffer, memory consumption 0 MB, capacity 18
[LIBGPUSPATIAL] [ 10797][17:58:32:143275][info  ] RTSpatialIndex 0x790ca000a7d0 (Used 1 MB), Probe Points, Size: 100000, Results: 12
[LIBGPUSPATIAL] [ 10799][17:58:32:143337][info  ] RTSpatialRefiner 0x790ca3d29630 (Used 0 MB), Loaded Geometries, ProbeArray 100000, Loaded 16, Type Point
[LIBGPUSPATIAL] [ 10799][17:58:32:143391][info  ] RTSpatialRefiner 0x790ca3d29630 (Used 0 MB), Evaluating 16 Geometry Pairs with Predicate Intersects
[LIBGPUSPATIAL] [ 10802][17:58:32:143398][info  ] RTSpatialIndex 0x790ca000a7d0 (Used 0 MB), Probe Points, Size: 100000, Results: 18
[LIBGPUSPATIAL] [ 10797][17:58:32:145057][info  ] RTSpatialRefiner 0x790ca3d29630 (Used 1 MB), Loaded Geometries, ProbeArray 100000, Loaded 12, Type Point
[LIBGPUSPATIAL] [ 10797][17:58:32:145158][info  ] RTSpatialRefiner 0x790ca3d29630 (Used 1 MB), Evaluating 12 Geometry Pairs with Predicate Intersects
[LIBGPUSPATIAL] [ 10802][17:58:32:145192][info  ] RTSpatialRefiner 0x790ca3d29630 (Used 1 MB), Loaded Geometries, ProbeArray 100000, Loaded 18, Type Point
[LIBGPUSPATIAL] [ 10802][17:58:32:145240][info  ] RTSpatialRefiner 0x790ca3d29630 (Used 1 MB), Evaluating 18 Geometry Pairs with Predicate Intersects
[LIBGPUSPATIAL] [ 10800][17:58:32:145680][info  ] RTSpatialIndex 0x790ca000a7d0 (Used 0 MB), Allocate result buffer, memory consumption 0 MB, capacity 10
[LIBGPUSPATIAL] [ 10800][17:58:32:146086][info  ] RTSpatialIndex 0x790ca000a7d0 (Used 0 MB), Probe Points, Size: 100000, Results: 10
[LIBGPUSPATIAL] [ 10800][17:58:32:147021][info  ] RTSpatialRefiner 0x790ca3d29630 (Used 0 MB), Loaded Geometries, ProbeArray 100000, Loaded 10, Type Point
[LIBGPUSPATIAL] [ 10800][17:58:32:147173][info  ] RTSpatialRefiner 0x790ca3d29630 (Used 0 MB), Evaluating 10 Geometry Pairs with Predicate Intersects
[LIBGPUSPATIAL] [ 10798][17:58:32:147806][info  ] RTSpatialIndex 0x790ca000a7d0 (Used 0 MB), Allocate result buffer, memory consumption 0 MB, capacity 11
[LIBGPUSPATIAL] [ 10798][17:58:32:148998][info  ] RTSpatialIndex 0x790ca000a7d0 (Used 1 MB), Probe Points, Size: 100000, Results: 11
[LIBGPUSPATIAL] [ 10803][17:58:32:149098][info  ] RTSpatialIndex 0x790ca000a7d0 (Used 0 MB), Allocate result buffer, memory consumption 0 MB, capacity 22
[LIBGPUSPATIAL] [ 10803][17:58:32:149318][info  ] RTSpatialIndex 0x790ca000a7d0 (Used 0 MB), Probe Points, Size: 100000, Results: 22
[LIBGPUSPATIAL] [ 10798][17:58:32:149375][info  ] RTSpatialRefiner 0x790ca3d29630 (Used 0 MB), Loaded Geometries, ProbeArray 100000, Loaded 11, Type Point
[LIBGPUSPATIAL] [ 10798][17:58:32:149412][info  ] RTSpatialRefiner 0x790ca3d29630 (Used 0 MB), Evaluating 11 Geometry Pairs with Predicate Intersects
[LIBGPUSPATIAL] [ 10803][17:58:32:151089][info  ] RTSpatialRefiner 0x790ca3d29630 (Used 0 MB), Loaded Geometries, ProbeArray 100000, Loaded 22, Type Point
[LIBGPUSPATIAL] [ 10803][17:58:32:151132][info  ] RTSpatialRefiner 0x790ca3d29630 (Used 0 MB), Evaluating 22 Geometry Pairs with Predicate Intersects
[LIBGPUSPATIAL] [ 10801][17:58:32:151740][info  ] RTSpatialIndex 0x790ca000a7d0 (Used 0 MB), Allocate result buffer, memory consumption 0 MB, capacity 21
[LIBGPUSPATIAL] [ 10801][17:58:32:151955][info  ] RTSpatialIndex 0x790ca000a7d0 (Used 0 MB), Probe Points, Size: 100000, Results: 21
[LIBGPUSPATIAL] [ 10801][17:58:32:152310][info  ] RTSpatialRefiner 0x790ca3d29630 (Used 0 MB), Loaded Geometries, ProbeArray 100000, Loaded 21, Type Point
[LIBGPUSPATIAL] [ 10801][17:58:32:152372][info  ] RTSpatialRefiner 0x790ca3d29630 (Used 0 MB), Evaluating 21 Geometry Pairs with Predicate Intersects
[LIBGPUSPATIAL] [ 10796][17:58:32:155085][info  ] RTSpatialIndex 0x790ca000a7d0 (Used 0 MB), Allocate result buffer, memory consumption 0 MB, capacity 14
[LIBGPUSPATIAL] [ 10796][17:58:32:155213][info  ] RTSpatialIndex 0x790ca000a7d0 (Used 0 MB), Probe Points, Size: 100000, Results: 14
[LIBGPUSPATIAL] [ 10796][17:58:32:155783][info  ] RTSpatialRefiner 0x790ca3d29630 (Used 0 MB), Loaded Geometries, ProbeArray 100000, Loaded 14, Type Point
[LIBGPUSPATIAL] [ 10799][17:58:32:155808][info  ] RTSpatialIndex 0x790ca000a7d0 (Used 0 MB), Allocate result buffer, memory consumption 0 MB, capacity 13
[LIBGPUSPATIAL] [ 10796][17:58:32:155826][info  ] RTSpatialRefiner 0x790ca3d29630 (Used 0 MB), Evaluating 14 Geometry Pairs with Predicate Intersects
[LIBGPUSPATIAL] [ 10799][17:58:32:156109][info  ] RTSpatialIndex 0x790ca000a7d0 (Used 0 MB), Probe Points, Size: 100000, Results: 13
[LIBGPUSPATIAL] [ 10799][17:58:32:156426][info  ] RTSpatialRefiner 0x790ca3d29630 (Used 0 MB), Loaded Geometries, ProbeArray 100000, Loaded 13, Type Point
[LIBGPUSPATIAL] [ 10799][17:58:32:156469][info  ] RTSpatialRefiner 0x790ca3d29630 (Used 0 MB), Evaluating 13 Geometry Pairs with Predicate Intersects
[LIBGPUSPATIAL] [ 10797][17:58:32:158124][info  ] RTSpatialIndex 0x790ca000a7d0 (Used 0 MB), Allocate result buffer, memory consumption 0 MB, capacity 11
[LIBGPUSPATIAL] [ 10797][17:58:32:158504][info  ] RTSpatialIndex 0x790ca000a7d0 (Used 0 MB), Probe Points, Size: 100000, Results: 11
[LIBGPUSPATIAL] [ 10802][17:58:32:159264][info  ] RTSpatialIndex 0x790ca000a7d0 (Used 0 MB), Allocate result buffer, memory consumption 0 MB, capacity 10
[LIBGPUSPATIAL] [ 10802][17:58:32:159384][info  ] RTSpatialIndex 0x790ca000a7d0 (Used 0 MB), Probe Points, Size: 100000, Results: 10
[LIBGPUSPATIAL] [ 10797][17:58:32:159593][info  ] RTSpatialRefiner 0x790ca3d29630 (Used 0 MB), Loaded Geometries, ProbeArray 100000, Loaded 11, Type Point
[LIBGPUSPATIAL] [ 10797][17:58:32:159647][info  ] RTSpatialRefiner 0x790ca3d29630 (Used 0 MB), Evaluating 11 Geometry Pairs with Predicate Intersects
[LIBGPUSPATIAL] [ 10802][17:58:32:160441][info  ] RTSpatialRefiner 0x790ca3d29630 (Used 0 MB), Loaded Geometries, ProbeArray 100000, Loaded 10, Type Point
[LIBGPUSPATIAL] [ 10802][17:58:32:160485][info  ] RTSpatialRefiner 0x790ca3d29630 (Used 0 MB), Evaluating 10 Geometry Pairs with Predicate Intersects
[LIBGPUSPATIAL] [ 10798][17:58:32:164026][info  ] RTSpatialIndex 0x790ca000a7d0 (Used 2 MB), Allocate result buffer, memory consumption 0 MB, capacity 16
[LIBGPUSPATIAL] [ 10798][17:58:32:164160][info  ] RTSpatialIndex 0x790ca000a7d0 (Used 2 MB), Probe Points, Size: 100000, Results: 16
[LIBGPUSPATIAL] [ 10800][17:58:32:164448][info  ] RTSpatialIndex 0x790ca000a7d0 (Used 0 MB), Allocate result buffer, memory consumption 0 MB, capacity 15
[LIBGPUSPATIAL] [ 10800][17:58:32:164554][info  ] RTSpatialIndex 0x790ca000a7d0 (Used 0 MB), Probe Points, Size: 100000, Results: 15
[LIBGPUSPATIAL] [ 10800][17:58:32:164948][info  ] RTSpatialRefiner 0x790ca3d29630 (Used 0 MB), Loaded Geometries, ProbeArray 100000, Loaded 15, Type Point
[LIBGPUSPATIAL] [ 10800][17:58:32:164984][info  ] RTSpatialRefiner 0x790ca3d29630 (Used 0 MB), Evaluating 15 Geometry Pairs with Predicate Intersects
[LIBGPUSPATIAL] [ 10803][17:58:32:167504][info  ] RTSpatialIndex 0x790ca000a7d0 (Used 1 MB), Allocate result buffer, memory consumption 0 MB, capacity 11
[LIBGPUSPATIAL] [ 10803][17:58:32:167637][info  ] RTSpatialIndex 0x790ca000a7d0 (Used 1 MB), Probe Points, Size: 100000, Results: 11
[LIBGPUSPATIAL] [ 10801][17:58:32:167870][info  ] RTSpatialIndex 0x790ca000a7d0 (Used 0 MB), Allocate result buffer, memory consumption 0 MB, capacity 15
[LIBGPUSPATIAL] [ 10801][17:58:32:167991][info  ] RTSpatialIndex 0x790ca000a7d0 (Used 0 MB), Probe Points, Size: 100000, Results: 15
[LIBGPUSPATIAL] [ 10798][17:58:32:168293][info  ] RTSpatialRefiner 0x790ca3d29630 (Used 0 MB), Loaded Geometries, ProbeArray 100000, Loaded 16, Type Point
[LIBGPUSPATIAL] [ 10798][17:58:32:168337][info  ] RTSpatialRefiner 0x790ca3d29630 (Used 0 MB), Evaluating 16 Geometry Pairs with Predicate Intersects
[LIBGPUSPATIAL] [ 10799][17:58:32:169415][info  ] RTSpatialIndex 0x790ca000a7d0 (Used 3 MB), Allocate result buffer, memory consumption 0 MB, capacity 14
[LIBGPUSPATIAL] [ 10803][17:58:32:169517][info  ] RTSpatialRefiner 0x790ca3d29630 (Used 1 MB), Loaded Geometries, ProbeArray 100000, Loaded 11, Type Point
[LIBGPUSPATIAL] [ 10803][17:58:32:169606][info  ] RTSpatialRefiner 0x790ca3d29630 (Used 1 MB), Evaluating 11 Geometry Pairs with Predicate Intersects
[LIBGPUSPATIAL] [ 10801][17:58:32:169613][info  ] RTSpatialRefiner 0x790ca3d29630 (Used 1 MB), Loaded Geometries, ProbeArray 100000, Loaded 15, Type Point
[LIBGPUSPATIAL] [ 10796][17:58:32:169649][info  ] RTSpatialIndex 0x790ca000a7d0 (Used 1 MB), Allocate result buffer, memory consumption 0 MB, capacity 18
[LIBGPUSPATIAL] [ 10801][17:58:32:169654][info  ] RTSpatialRefiner 0x790ca3d29630 (Used 1 MB), Evaluating 15 Geometry Pairs with Predicate Intersects
[LIBGPUSPATIAL] [ 10799][17:58:32:169807][info  ] RTSpatialIndex 0x790ca000a7d0 (Used 1 MB), Probe Points, Size: 100000, Results: 14
[LIBGPUSPATIAL] [ 10796][17:58:32:170017][info  ] RTSpatialIndex 0x790ca000a7d0 (Used 0 MB), Probe Points, Size: 100000, Results: 18
[LIBGPUSPATIAL] [ 10799][17:58:32:171528][info  ] RTSpatialRefiner 0x790ca3d29630 (Used 0 MB), Loaded Geometries, ProbeArray 100000, Loaded 14, Type Point
[LIBGPUSPATIAL] [ 10799][17:58:32:171583][info  ] RTSpatialRefiner 0x790ca3d29630 (Used 1 MB), Evaluating 14 Geometry Pairs with Predicate Intersects
[LIBGPUSPATIAL] [ 10796][17:58:32:172021][info  ] RTSpatialRefiner 0x790ca3d29630 (Used 0 MB), Loaded Geometries, ProbeArray 100000, Loaded 18, Type Point
[LIBGPUSPATIAL] [ 10796][17:58:32:172212][info  ] RTSpatialRefiner 0x790ca3d29630 (Used 0 MB), Evaluating 18 Geometry Pairs with Predicate Intersects
[LIBGPUSPATIAL] [ 10797][17:58:32:172258][info  ] RTSpatialIndex 0x790ca000a7d0 (Used 0 MB), Allocate result buffer, memory consumption 0 MB, capacity 15
[LIBGPUSPATIAL] [ 10797][17:58:32:172893][info  ] RTSpatialIndex 0x790ca000a7d0 (Used 0 MB), Probe Points, Size: 100000, Results: 15
[LIBGPUSPATIAL] [ 10797][17:58:32:173383][info  ] RTSpatialRefiner 0x790ca3d29630 (Used 1 MB), Loaded Geometries, ProbeArray 100000, Loaded 15, Type Point
[LIBGPUSPATIAL] [ 10797][17:58:32:173424][info  ] RTSpatialRefiner 0x790ca3d29630 (Used 1 MB), Evaluating 15 Geometry Pairs with Predicate Intersects
[LIBGPUSPATIAL] [ 10802][17:58:32:174546][info  ] RTSpatialIndex 0x790ca000a7d0 (Used 0 MB), Allocate result buffer, memory consumption 0 MB, capacity 12
[LIBGPUSPATIAL] [ 10802][17:58:32:174670][info  ] RTSpatialIndex 0x790ca000a7d0 (Used 0 MB), Probe Points, Size: 100000, Results: 12
[LIBGPUSPATIAL] [ 10802][17:58:32:175172][info  ] RTSpatialRefiner 0x790ca3d29630 (Used 0 MB), Loaded Geometries, ProbeArray 100000, Loaded 12, Type Point
[LIBGPUSPATIAL] [ 10802][17:58:32:175212][info  ] RTSpatialRefiner 0x790ca3d29630 (Used 0 MB), Evaluating 12 Geometry Pairs with Predicate Intersects
[LIBGPUSPATIAL] [ 10800][17:58:32:177349][info  ] RTSpatialIndex 0x790ca000a7d0 (Used 0 MB), Allocate result buffer, memory consumption 0 MB, capacity 23
[LIBGPUSPATIAL] [ 10800][17:58:32:177460][info  ] RTSpatialIndex 0x790ca000a7d0 (Used 0 MB), Probe Points, Size: 100000, Results: 23
[LIBGPUSPATIAL] [ 10800][17:58:32:178328][info  ] RTSpatialRefiner 0x790ca3d29630 (Used 0 MB), Loaded Geometries, ProbeArray 100000, Loaded 23, Type Point
[LIBGPUSPATIAL] [ 10800][17:58:32:178372][info  ] RTSpatialRefiner 0x790ca3d29630 (Used 0 MB), Evaluating 23 Geometry Pairs with Predicate Intersects
[LIBGPUSPATIAL] [ 10798][17:58:32:181594][info  ] RTSpatialIndex 0x790ca000a7d0 (Used 0 MB), Allocate result buffer, memory consumption 0 MB, capacity 15
[LIBGPUSPATIAL] [ 10798][17:58:32:181714][info  ] RTSpatialIndex 0x790ca000a7d0 (Used 0 MB), Probe Points, Size: 100000, Results: 15
[LIBGPUSPATIAL] [ 10803][17:58:32:182277][info  ] RTSpatialIndex 0x790ca000a7d0 (Used 0 MB), Allocate result buffer, memory consumption 0 MB, capacity 16
[LIBGPUSPATIAL] [ 10798][17:58:32:182799][info  ] RTSpatialRefiner 0x790ca3d29630 (Used 2 MB), Loaded Geometries, ProbeArray 100000, Loaded 15, Type Point
[LIBGPUSPATIAL] [ 10798][17:58:32:182912][info  ] RTSpatialRefiner 0x790ca3d29630 (Used 2 MB), Evaluating 15 Geometry Pairs with Predicate Intersects
[LIBGPUSPATIAL] [ 10803][17:58:32:183076][info  ] RTSpatialIndex 0x790ca000a7d0 (Used 1 MB), Probe Points, Size: 100000, Results: 16
[LIBGPUSPATIAL] [ 10801][17:58:32:183160][info  ] RTSpatialIndex 0x790ca000a7d0 (Used 0 MB), Allocate result buffer, memory consumption 0 MB, capacity 15
[LIBGPUSPATIAL] [ 10801][17:58:32:183539][info  ] RTSpatialIndex 0x790ca000a7d0 (Used 0 MB), Probe Points, Size: 100000, Results: 15
[LIBGPUSPATIAL] [ 10803][17:58:32:183599][info  ] RTSpatialRefiner 0x790ca3d29630 (Used 0 MB), Loaded Geometries, ProbeArray 100000, Loaded 16, Type Point
[LIBGPUSPATIAL] [ 10803][17:58:32:183745][info  ] RTSpatialRefiner 0x790ca3d29630 (Used 0 MB), Evaluating 16 Geometry Pairs with Predicate Intersects
[LIBGPUSPATIAL] [ 10801][17:58:32:184468][info  ] RTSpatialRefiner 0x790ca3d29630 (Used 0 MB), Loaded Geometries, ProbeArray 100000, Loaded 15, Type Point
[LIBGPUSPATIAL] [ 10801][17:58:32:184520][info  ] RTSpatialRefiner 0x790ca3d29630 (Used 0 MB), Evaluating 15 Geometry Pairs with Predicate Intersects
[LIBGPUSPATIAL] [ 10799][17:58:32:185251][info  ] RTSpatialIndex 0x790ca000a7d0 (Used 0 MB), Allocate result buffer, memory consumption 0 MB, capacity 10
[LIBGPUSPATIAL] [ 10799][17:58:32:185393][info  ] RTSpatialIndex 0x790ca000a7d0 (Used 0 MB), Probe Points, Size: 100000, Results: 10
[LIBGPUSPATIAL] [ 10796][17:58:32:186006][info  ] RTSpatialIndex 0x790ca000a7d0 (Used 0 MB), Allocate result buffer, memory consumption 0 MB, capacity 16
[LIBGPUSPATIAL] [ 10796][17:58:32:186152][info  ] RTSpatialIndex 0x790ca000a7d0 (Used 0 MB), Probe Points, Size: 100000, Results: 16
[LIBGPUSPATIAL] [ 10799][17:58:32:186601][info  ] RTSpatialRefiner 0x790ca3d29630 (Used 0 MB), Loaded Geometries, ProbeArray 100000, Loaded 10, Type Point
[LIBGPUSPATIAL] [ 10799][17:58:32:186652][info  ] RTSpatialRefiner 0x790ca3d29630 (Used 0 MB), Evaluating 10 Geometry Pairs with Predicate Intersects
[LIBGPUSPATIAL] [ 10796][17:58:32:186684][info  ] RTSpatialRefiner 0x790ca3d29630 (Used 0 MB), Loaded Geometries, ProbeArray 100000, Loaded 16, Type Point
[LIBGPUSPATIAL] [ 10796][17:58:32:186727][info  ] RTSpatialRefiner 0x790ca3d29630 (Used 0 MB), Evaluating 16 Geometry Pairs with Predicate Intersects
[LIBGPUSPATIAL] [ 10797][17:58:32:187372][info  ] RTSpatialIndex 0x790ca000a7d0 (Used 0 MB), Allocate result buffer, memory consumption 0 MB, capacity 19
[LIBGPUSPATIAL] [ 10797][17:58:32:187899][info  ] RTSpatialIndex 0x790ca000a7d0 (Used 0 MB), Probe Points, Size: 100000, Results: 19
[LIBGPUSPATIAL] [ 10802][17:58:32:188962][info  ] RTSpatialIndex 0x790ca000a7d0 (Used 0 MB), Allocate result buffer, memory consumption 0 MB, capacity 15
[LIBGPUSPATIAL] [ 10802][17:58:32:189087][info  ] RTSpatialIndex 0x790ca000a7d0 (Used 0 MB), Probe Points, Size: 100000, Results: 15
[LIBGPUSPATIAL] [ 10797][17:58:32:190064][info  ] RTSpatialRefiner 0x790ca3d29630 (Used 0 MB), Loaded Geometries, ProbeArray 100000, Loaded 19, Type Point
[LIBGPUSPATIAL] [ 10797][17:58:32:190109][info  ] RTSpatialRefiner 0x790ca3d29630 (Used 0 MB), Evaluating 19 Geometry Pairs with Predicate Intersects
[LIBGPUSPATIAL] [ 10800][17:58:32:192228][info  ] RTSpatialIndex 0x790ca000a7d0 (Used 0 MB), Allocate result buffer, memory consumption 0 MB, capacity 15
[LIBGPUSPATIAL] [ 10800][17:58:32:192388][info  ] RTSpatialIndex 0x790ca000a7d0 (Used 0 MB), Probe Points, Size: 100000, Results: 15
[LIBGPUSPATIAL] [ 10802][17:58:32:192635][info  ] RTSpatialRefiner 0x790ca3d29630 (Used 0 MB), Loaded Geometries, ProbeArray 100000, Loaded 15, Type Point
[LIBGPUSPATIAL] [ 10802][17:58:32:192749][info  ] RTSpatialRefiner 0x790ca3d29630 (Used 0 MB), Evaluating 15 Geometry Pairs with Predicate Intersects
[LIBGPUSPATIAL] [ 10800][17:58:32:192858][info  ] RTSpatialRefiner 0x790ca3d29630 (Used 0 MB), Loaded Geometries, ProbeArray 100000, Loaded 15, Type Point
[LIBGPUSPATIAL] [ 10800][17:58:32:192921][info  ] RTSpatialRefiner 0x790ca3d29630 (Used 0 MB), Evaluating 15 Geometry Pairs with Predicate Intersects
[LIBGPUSPATIAL] [ 10803][17:58:32:194998][info  ] RTSpatialIndex 0x790ca000a7d0 (Used 0 MB), Allocate result buffer, memory consumption 0 MB, capacity 9
[LIBGPUSPATIAL] [ 10803][17:58:32:195131][info  ] RTSpatialIndex 0x790ca000a7d0 (Used 0 MB), Probe Points, Size: 100000, Results: 9
[LIBGPUSPATIAL] [ 10803][17:58:32:195554][info  ] RTSpatialRefiner 0x790ca3d29630 (Used 0 MB), Loaded Geometries, ProbeArray 100000, Loaded 9, Type Point
[LIBGPUSPATIAL] [ 10803][17:58:32:195603][info  ] RTSpatialRefiner 0x790ca3d29630 (Used 0 MB), Evaluating 9 Geometry Pairs with Predicate Intersects
[LIBGPUSPATIAL] [ 10798][17:58:32:196539][info  ] RTSpatialIndex 0x790ca000a7d0 (Used 0 MB), Allocate result buffer, memory consumption 0 MB, capacity 14
[LIBGPUSPATIAL] [ 10798][17:58:32:196675][info  ] RTSpatialIndex 0x790ca000a7d0 (Used 0 MB), Probe Points, Size: 100000, Results: 14
[LIBGPUSPATIAL] [ 10798][17:58:32:197124][info  ] RTSpatialRefiner 0x790ca3d29630 (Used 1 MB), Loaded Geometries, ProbeArray 100000, Loaded 14, Type Point
[LIBGPUSPATIAL] [ 10798][17:58:32:197168][info  ] RTSpatialRefiner 0x790ca3d29630 (Used 1 MB), Evaluating 14 Geometry Pairs with Predicate Intersects
[LIBGPUSPATIAL] [ 10801][17:58:32:197615][info  ] RTSpatialIndex 0x790ca000a7d0 (Used 0 MB), Allocate result buffer, memory consumption 0 MB, capacity 18
[LIBGPUSPATIAL] [ 10801][17:58:32:197875][info  ] RTSpatialIndex 0x790ca000a7d0 (Used 0 MB), Probe Points, Size: 100000, Results: 18
[LIBGPUSPATIAL] [ 10801][17:58:32:198330][info  ] RTSpatialRefiner 0x790ca3d29630 (Used 0 MB), Loaded Geometries, ProbeArray 100000, Loaded 18, Type Point
[LIBGPUSPATIAL] [ 10801][17:58:32:198375][info  ] RTSpatialRefiner 0x790ca3d29630 (Used 0 MB), Evaluating 18 Geometry Pairs with Predicate Intersects
[LIBGPUSPATIAL] [ 10799][17:58:32:200602][info  ] RTSpatialIndex 0x790ca000a7d0 (Used 0 MB), Allocate result buffer, memory consumption 0 MB, capacity 13
[LIBGPUSPATIAL] [ 10799][17:58:32:203309][info  ] RTSpatialIndex 0x790ca000a7d0 (Used 2 MB), Probe Points, Size: 100000, Results: 13
[LIBGPUSPATIAL] [ 10797][17:58:32:203338][info  ] RTSpatialIndex 0x790ca000a7d0 (Used 1 MB), Allocate result buffer, memory consumption 0 MB, capacity 19
[LIBGPUSPATIAL] [ 10796][17:58:32:203400][info  ] RTSpatialIndex 0x790ca000a7d0 (Used 1 MB), Allocate result buffer, memory consumption 0 MB, capacity 21
[LIBGPUSPATIAL] [ 10797][17:58:32:203895][info  ] RTSpatialIndex 0x790ca000a7d0 (Used 1 MB), Probe Points, Size: 100000, Results: 19
[LIBGPUSPATIAL] [ 10796][17:58:32:203982][info  ] RTSpatialIndex 0x790ca000a7d0 (Used 0 MB), Probe Points, Size: 100000, Results: 21
[LIBGPUSPATIAL] [ 10799][17:58:32:204175][info  ] RTSpatialRefiner 0x790ca3d29630 (Used 0 MB), Loaded Geometries, ProbeArray 100000, Loaded 13, Type Point
[LIBGPUSPATIAL] [ 10799][17:58:32:204276][info  ] RTSpatialRefiner 0x790ca3d29630 (Used 0 MB), Evaluating 13 Geometry Pairs with Predicate Intersects
[LIBGPUSPATIAL] [ 10797][17:58:32:204387][info  ] RTSpatialRefiner 0x790ca3d29630 (Used 0 MB), Loaded Geometries, ProbeArray 100000, Loaded 19, Type Point
[LIBGPUSPATIAL] [ 10797][17:58:32:204430][info  ] RTSpatialRefiner 0x790ca3d29630 (Used 0 MB), Evaluating 19 Geometry Pairs with Predicate Intersects
[LIBGPUSPATIAL] [ 10796][17:58:32:204540][info  ] RTSpatialRefiner 0x790ca3d29630 (Used 0 MB), Loaded Geometries, ProbeArray 100000, Loaded 21, Type Point
[LIBGPUSPATIAL] [ 10796][17:58:32:204659][info  ] RTSpatialRefiner 0x790ca3d29630 (Used 0 MB), Evaluating 21 Geometry Pairs with Predicate Intersects
[LIBGPUSPATIAL] [ 10800][17:58:32:205695][info  ] RTSpatialIndex 0x790ca000a7d0 (Used 0 MB), Allocate result buffer, memory consumption 0 MB, capacity 15
[LIBGPUSPATIAL] [ 10800][17:58:32:205887][info  ] RTSpatialIndex 0x790ca000a7d0 (Used 0 MB), Probe Points, Size: 100000, Results: 15
[LIBGPUSPATIAL] [ 10800][17:58:32:206452][info  ] RTSpatialRefiner 0x790ca3d29630 (Used 0 MB), Loaded Geometries, ProbeArray 100000, Loaded 15, Type Point
[LIBGPUSPATIAL] [ 10800][17:58:32:206521][info  ] RTSpatialRefiner 0x790ca3d29630 (Used 0 MB), Evaluating 15 Geometry Pairs with Predicate Intersects
[LIBGPUSPATIAL] [ 10802][17:58:32:206611][info  ] RTSpatialIndex 0x790ca000a7d0 (Used 0 MB), Allocate result buffer, memory consumption 0 MB, capacity 25
[LIBGPUSPATIAL] [ 10802][17:58:32:206921][info  ] RTSpatialIndex 0x790ca000a7d0 (Used 0 MB), Probe Points, Size: 100000, Results: 25
[LIBGPUSPATIAL] [ 10802][17:58:32:207661][info  ] RTSpatialRefiner 0x790ca3d29630 (Used 0 MB), Loaded Geometries, ProbeArray 100000, Loaded 25, Type Point
[LIBGPUSPATIAL] [ 10802][17:58:32:209174][info  ] RTSpatialRefiner 0x790ca3d29630 (Used 2 MB), Evaluating 25 Geometry Pairs with Predicate Intersects
[LIBGPUSPATIAL] [ 10803][17:58:32:209745][info  ] RTSpatialIndex 0x790ca000a7d0 (Used 2 MB), Allocate result buffer, memory consumption 0 MB, capacity 14
[LIBGPUSPATIAL] [ 10801][17:58:32:210019][info  ] RTSpatialIndex 0x790ca000a7d0 (Used 1 MB), Allocate result buffer, memory consumption 0 MB, capacity 13
[LIBGPUSPATIAL] [ 10803][17:58:32:210271][info  ] RTSpatialIndex 0x790ca000a7d0 (Used 1 MB), Probe Points, Size: 100000, Results: 14
[LIBGPUSPATIAL] [ 10801][17:58:32:210660][info  ] RTSpatialIndex 0x790ca000a7d0 (Used 2 MB), Probe Points, Size: 100000, Results: 13
[LIBGPUSPATIAL] [ 10798][17:58:32:211113][info  ] RTSpatialIndex 0x790ca000a7d0 (Used 0 MB), Allocate result buffer, memory consumption 0 MB, capacity 16
[LIBGPUSPATIAL] [ 10798][17:58:32:211234][info  ] RTSpatialIndex 0x790ca000a7d0 (Used 0 MB), Probe Points, Size: 100000, Results: 16
[LIBGPUSPATIAL] [ 10801][17:58:32:212055][info  ] RTSpatialRefiner 0x790ca3d29630 (Used 0 MB), Loaded Geometries, ProbeArray 100000, Loaded 13, Type Point
[LIBGPUSPATIAL] [ 10801][17:58:32:212111][info  ] RTSpatialRefiner 0x790ca3d29630 (Used 0 MB), Evaluating 13 Geometry Pairs with Predicate Intersects
[LIBGPUSPATIAL] [ 10803][17:58:32:212120][info  ] RTSpatialRefiner 0x790ca3d29630 (Used 0 MB), Loaded Geometries, ProbeArray 100000, Loaded 14, Type Point
[LIBGPUSPATIAL] [ 10803][17:58:32:212156][info  ] RTSpatialRefiner 0x790ca3d29630 (Used 0 MB), Evaluating 14 Geometry Pairs with Predicate Intersects
[LIBGPUSPATIAL] [ 10798][17:58:32:212932][info  ] RTSpatialRefiner 0x790ca3d29630 (Used 0 MB), Loaded Geometries, ProbeArray 100000, Loaded 16, Type Point
[LIBGPUSPATIAL] [ 10798][17:58:32:212978][info  ] RTSpatialRefiner 0x790ca3d29630 (Used 0 MB), Evaluating 16 Geometry Pairs with Predicate Intersects
[LIBGPUSPATIAL] [ 10796][17:58:32:217148][info  ] RTSpatialIndex 0x790ca000a7d0 (Used 0 MB), Allocate result buffer, memory consumption 0 MB, capacity 11
[LIBGPUSPATIAL] [ 10796][17:58:32:217590][info  ] RTSpatialIndex 0x790ca000a7d0 (Used 1 MB), Probe Points, Size: 100000, Results: 11
[LIBGPUSPATIAL] [ 10797][17:58:32:217660][info  ] RTSpatialIndex 0x790ca000a7d0 (Used 0 MB), Allocate result buffer, memory consumption 0 MB, capacity 15
[LIBGPUSPATIAL] [ 10797][17:58:32:218161][info  ] RTSpatialIndex 0x790ca000a7d0 (Used 0 MB), Probe Points, Size: 100000, Results: 15
[LIBGPUSPATIAL] [ 10796][17:58:32:218304][info  ] RTSpatialRefiner 0x790ca3d29630 (Used 0 MB), Loaded Geometries, ProbeArray 100000, Loaded 11, Type Point
[LIBGPUSPATIAL] [ 10796][17:58:32:218339][info  ] RTSpatialRefiner 0x790ca3d29630 (Used 0 MB), Evaluating 11 Geometry Pairs with Predicate Intersects
[LIBGPUSPATIAL] [ 10797][17:58:32:219069][info  ] RTSpatialRefiner 0x790ca3d29630 (Used 0 MB), Loaded Geometries, ProbeArray 100000, Loaded 15, Type Point
[LIBGPUSPATIAL] [ 10797][17:58:32:219127][info  ] RTSpatialRefiner 0x790ca3d29630 (Used 0 MB), Evaluating 15 Geometry Pairs with Predicate Intersects
[LIBGPUSPATIAL] [ 10800][17:58:32:220396][info  ] RTSpatialIndex 0x790ca000a7d0 (Used 1 MB), Allocate result buffer, memory consumption 0 MB, capacity 15
[LIBGPUSPATIAL] [ 10799][17:58:32:220512][info  ] RTSpatialIndex 0x790ca000a7d0 (Used 1 MB), Allocate result buffer, memory consumption 0 MB, capacity 9
[LIBGPUSPATIAL] [ 10800][17:58:32:220658][info  ] RTSpatialIndex 0x790ca000a7d0 (Used 1 MB), Probe Points, Size: 100000, Results: 15
[LIBGPUSPATIAL] [ 10799][17:58:32:220751][info  ] RTSpatialIndex 0x790ca000a7d0 (Used 0 MB), Probe Points, Size: 100000, Results: 9
[LIBGPUSPATIAL] [ 10800][17:58:32:221277][info  ] RTSpatialRefiner 0x790ca3d29630 (Used 0 MB), Loaded Geometries, ProbeArray 100000, Loaded 15, Type Point
[LIBGPUSPATIAL] [ 10800][17:58:32:221318][info  ] RTSpatialRefiner 0x790ca3d29630 (Used 0 MB), Evaluating 15 Geometry Pairs with Predicate Intersects
[LIBGPUSPATIAL] [ 10799][17:58:32:221619][info  ] RTSpatialRefiner 0x790ca3d29630 (Used 0 MB), Loaded Geometries, ProbeArray 100000, Loaded 9, Type Point
[LIBGPUSPATIAL] [ 10799][17:58:32:221674][info  ] RTSpatialRefiner 0x790ca3d29630 (Used 0 MB), Evaluating 9 Geometry Pairs with Predicate Intersects
[LIBGPUSPATIAL] [ 10802][17:58:32:223336][info  ] RTSpatialIndex 0x790ca000a7d0 (Used 0 MB), Allocate result buffer, memory consumption 0 MB, capacity 11
[LIBGPUSPATIAL] [ 10802][17:58:32:223633][info  ] RTSpatialIndex 0x790ca000a7d0 (Used 0 MB), Probe Points, Size: 100000, Results: 11
[LIBGPUSPATIAL] [ 10802][17:58:32:224054][info  ] RTSpatialRefiner 0x790ca3d29630 (Used 0 MB), Loaded Geometries, ProbeArray 100000, Loaded 11, Type Point
[LIBGPUSPATIAL] [ 10802][17:58:32:224103][info  ] RTSpatialRefiner 0x790ca3d29630 (Used 0 MB), Evaluating 11 Geometry Pairs with Predicate Intersects
[LIBGPUSPATIAL] [ 10801][17:58:32:224490][info  ] RTSpatialIndex 0x790ca000a7d0 (Used 0 MB), Allocate result buffer, memory consumption 0 MB, capacity 16
[LIBGPUSPATIAL] [ 10801][17:58:32:224825][info  ] RTSpatialIndex 0x790ca000a7d0 (Used 0 MB), Probe Points, Size: 100000, Results: 16
[LIBGPUSPATIAL] [ 10801][17:58:32:226000][info  ] RTSpatialRefiner 0x790ca3d29630 (Used 2 MB), Loaded Geometries, ProbeArray 100000, Loaded 16, Type Point
[LIBGPUSPATIAL] [ 10801][17:58:32:226044][info  ] RTSpatialRefiner 0x790ca3d29630 (Used 2 MB), Evaluating 16 Geometry Pairs with Predicate Intersects
[LIBGPUSPATIAL] [ 10803][17:58:32:226219][info  ] RTSpatialIndex 0x790ca000a7d0 (Used 3 MB), Allocate result buffer, memory consumption 0 MB, capacity 20
[LIBGPUSPATIAL] [ 10798][17:58:32:226359][info  ] RTSpatialIndex 0x790ca000a7d0 (Used 1 MB), Allocate result buffer, memory consumption 0 MB, capacity 8
[LIBGPUSPATIAL] [ 10798][17:58:32:226472][info  ] RTSpatialIndex 0x790ca000a7d0 (Used 1 MB), Probe Points, Size: 100000, Results: 8
[LIBGPUSPATIAL] [ 10798][17:58:32:226872][info  ] RTSpatialRefiner 0x790ca3d29630 (Used 0 MB), Loaded Geometries, ProbeArray 100000, Loaded 8, Type Point
[LIBGPUSPATIAL] [ 10798][17:58:32:226920][info  ] RTSpatialRefiner 0x790ca3d29630 (Used 0 MB), Evaluating 8 Geometry Pairs with Predicate Intersects
[LIBGPUSPATIAL] [ 10803][17:58:32:227453][info  ] RTSpatialIndex 0x790ca000a7d0 (Used 0 MB), Probe Points, Size: 100000, Results: 20
[LIBGPUSPATIAL] [ 10803][17:58:32:227938][info  ] RTSpatialRefiner 0x790ca3d29630 (Used 0 MB), Loaded Geometries, ProbeArray 100000, Loaded 20, Type Point
[LIBGPUSPATIAL] [ 10803][17:58:32:227977][info  ] RTSpatialRefiner 0x790ca3d29630 (Used 0 MB), Evaluating 20 Geometry Pairs with Predicate Intersects
[LIBGPUSPATIAL] [ 10796][17:58:32:231285][info  ] RTSpatialIndex 0x790ca000a7d0 (Used 0 MB), Allocate result buffer, memory consumption 0 MB, capacity 8
[LIBGPUSPATIAL] [ 10796][17:58:32:231416][info  ] RTSpatialIndex 0x790ca000a7d0 (Used 0 MB), Probe Points, Size: 100000, Results: 8
[LIBGPUSPATIAL] [ 10796][17:58:32:231764][info  ] RTSpatialRefiner 0x790ca3d29630 (Used 0 MB), Loaded Geometries, ProbeArray 100000, Loaded 8, Type Point
[LIBGPUSPATIAL] [ 10796][17:58:32:231798][info  ] RTSpatialRefiner 0x790ca3d29630 (Used 0 MB), Evaluating 8 Geometry Pairs with Predicate Intersects
[LIBGPUSPATIAL] [ 10797][17:58:32:232832][info  ] RTSpatialIndex 0x790ca000a7d0 (Used 0 MB), Allocate result buffer, memory consumption 0 MB, capacity 15
[LIBGPUSPATIAL] [ 10797][17:58:32:232979][info  ] RTSpatialIndex 0x790ca000a7d0 (Used 0 MB), Probe Points, Size: 100000, Results: 15
[LIBGPUSPATIAL] [ 10800][17:58:32:234220][info  ] RTSpatialIndex 0x790ca000a7d0 (Used 0 MB), Allocate result buffer, memory consumption 0 MB, capacity 16
[LIBGPUSPATIAL] [ 10800][17:58:32:234341][info  ] RTSpatialIndex 0x790ca000a7d0 (Used 0 MB), Probe Points, Size: 100000, Results: 16
[LIBGPUSPATIAL] [ 10797][17:58:32:234726][info  ] RTSpatialRefiner 0x790ca3d29630 (Used 0 MB), Loaded Geometries, ProbeArray 100000, Loaded 15, Type Point
[LIBGPUSPATIAL] [ 10797][17:58:32:234775][info  ] RTSpatialRefiner 0x790ca3d29630 (Used 0 MB), Evaluating 15 Geometry Pairs with Predicate Intersects
[LIBGPUSPATIAL] [ 10800][17:58:32:235276][info  ] RTSpatialRefiner 0x790ca3d29630 (Used 0 MB), Loaded Geometries, ProbeArray 100000, Loaded 16, Type Point
[LIBGPUSPATIAL] [ 10800][17:58:32:235320][info  ] RTSpatialRefiner 0x790ca3d29630 (Used 0 MB), Evaluating 16 Geometry Pairs with Predicate Intersects
[LIBGPUSPATIAL] [ 10799][17:58:32:237187][info  ] RTSpatialIndex 0x790ca000a7d0 (Used 1 MB), Allocate result buffer, memory consumption 0 MB, capacity 16
[LIBGPUSPATIAL] [ 10802][17:58:32:237233][info  ] RTSpatialIndex 0x790ca000a7d0 (Used 1 MB), Allocate result buffer, memory consumption 0 MB, capacity 20
[LIBGPUSPATIAL] [ 10799][17:58:32:237356][info  ] RTSpatialIndex 0x790ca000a7d0 (Used 1 MB), Probe Points, Size: 100000, Results: 16
[LIBGPUSPATIAL] [ 10802][17:58:32:237556][info  ] RTSpatialIndex 0x790ca000a7d0 (Used 0 MB), Probe Points, Size: 100000, Results: 20
[LIBGPUSPATIAL] [ 10799][17:58:32:238035][info  ] RTSpatialRefiner 0x790ca3d29630 (Used 0 MB), Loaded Geometries, ProbeArray 100000, Loaded 16, Type Point
[LIBGPUSPATIAL] [ 10799][17:58:32:238084][info  ] RTSpatialRefiner 0x790ca3d29630 (Used 0 MB), Evaluating 16 Geometry Pairs with Predicate Intersects
[LIBGPUSPATIAL] [ 10802][17:58:32:238042][info  ] RTSpatialRefiner 0x790ca3d29630 (Used 0 MB), Loaded Geometries, ProbeArray 100000, Loaded 20, Type Point
[LIBGPUSPATIAL] [ 10802][17:58:32:238295][info  ] RTSpatialRefiner 0x790ca3d29630 (Used 0 MB), Evaluating 20 Geometry Pairs with Predicate Intersects
[LIBGPUSPATIAL] [ 10803][17:58:32:240912][info  ] RTSpatialIndex 0x790ca000a7d0 (Used 2 MB), Allocate result buffer, memory consumption 0 MB, capacity 23
[LIBGPUSPATIAL] [ 10803][17:58:32:241507][info  ] RTSpatialIndex 0x790ca000a7d0 (Used 1 MB), Probe Points, Size: 100000, Results: 23
[LIBGPUSPATIAL] [ 10801][17:58:32:241595][info  ] RTSpatialIndex 0x790ca000a7d0 (Used 0 MB), Allocate result buffer, memory consumption 0 MB, capacity 14
[LIBGPUSPATIAL] [ 10801][17:58:32:241759][info  ] RTSpatialIndex 0x790ca000a7d0 (Used 0 MB), Probe Points, Size: 100000, Results: 14
[LIBGPUSPATIAL] [ 10803][17:58:32:241908][info  ] RTSpatialRefiner 0x790ca3d29630 (Used 0 MB), Loaded Geometries, ProbeArray 100000, Loaded 23, Type Point
[LIBGPUSPATIAL] [ 10803][17:58:32:241953][info  ] RTSpatialRefiner 0x790ca3d29630 (Used 0 MB), Evaluating 23 Geometry Pairs with Predicate Intersects
[LIBGPUSPATIAL] [ 10801][17:58:32:242346][info  ] RTSpatialRefiner 0x790ca3d29630 (Used 0 MB), Loaded Geometries, ProbeArray 100000, Loaded 14, Type Point
[LIBGPUSPATIAL] [ 10801][17:58:32:242467][info  ] RTSpatialRefiner 0x790ca3d29630 (Used 0 MB), Evaluating 14 Geometry Pairs with Predicate Intersects
[LIBGPUSPATIAL] [ 10798][17:58:32:243275][info  ] RTSpatialIndex 0x790ca000a7d0 (Used 0 MB), Allocate result buffer, memory consumption 0 MB, capacity 20
[LIBGPUSPATIAL] [ 10798][17:58:32:243403][info  ] RTSpatialIndex 0x790ca000a7d0 (Used 0 MB), Probe Points, Size: 100000, Results: 20
[LIBGPUSPATIAL] [ 10798][17:58:32:243739][info  ] RTSpatialRefiner 0x790ca3d29630 (Used 0 MB), Loaded Geometries, ProbeArray 100000, Loaded 20, Type Point
[LIBGPUSPATIAL] [ 10798][17:58:32:243782][info  ] RTSpatialRefiner 0x790ca3d29630 (Used 0 MB), Evaluating 20 Geometry Pairs with Predicate Intersects
[LIBGPUSPATIAL] [ 10796][17:58:32:244952][info  ] RTSpatialIndex 0x790ca000a7d0 (Used 0 MB), Allocate result buffer, memory consumption 0 MB, capacity 19
[LIBGPUSPATIAL] [ 10796][17:58:32:245078][info  ] RTSpatialIndex 0x790ca000a7d0 (Used 0 MB), Probe Points, Size: 100000, Results: 19
[LIBGPUSPATIAL] [ 10796][17:58:32:245524][info  ] RTSpatialRefiner 0x790ca3d29630 (Used 0 MB), Loaded Geometries, ProbeArray 100000, Loaded 19, Type Point
[LIBGPUSPATIAL] [ 10796][17:58:32:245566][info  ] RTSpatialRefiner 0x790ca3d29630 (Used 0 MB), Evaluating 19 Geometry Pairs with Predicate Intersects
[LIBGPUSPATIAL] [ 10797][17:58:32:247949][info  ] RTSpatialIndex 0x790ca000a7d0 (Used 0 MB), Allocate result buffer, memory consumption 0 MB, capacity 19
[LIBGPUSPATIAL] [ 10797][17:58:32:248083][info  ] RTSpatialIndex 0x790ca000a7d0 (Used 0 MB), Probe Points, Size: 100000, Results: 19
[LIBGPUSPATIAL] [ 10800][17:58:32:248732][info  ] RTSpatialIndex 0x790ca000a7d0 (Used 0 MB), Allocate result buffer, memory consumption 0 MB, capacity 16
[LIBGPUSPATIAL] [ 10800][17:58:32:248890][info  ] RTSpatialIndex 0x790ca000a7d0 (Used 0 MB), Probe Points, Size: 100000, Results: 16
[LIBGPUSPATIAL] [ 10797][17:58:32:249158][info  ] RTSpatialRefiner 0x790ca3d29630 (Used 0 MB), Loaded Geometries, ProbeArray 100000, Loaded 19, Type Point
[LIBGPUSPATIAL] [ 10797][17:58:32:249218][info  ] RTSpatialRefiner 0x790ca3d29630 (Used 0 MB), Evaluating 19 Geometry Pairs with Predicate Intersects
[LIBGPUSPATIAL] [ 10800][17:58:32:249224][info  ] RTSpatialRefiner 0x790ca3d29630 (Used 0 MB), Loaded Geometries, ProbeArray 100000, Loaded 16, Type Point
[LIBGPUSPATIAL] [ 10800][17:58:32:249260][info  ] RTSpatialRefiner 0x790ca3d29630 (Used 0 MB), Evaluating 16 Geometry Pairs with Predicate Intersects
[LIBGPUSPATIAL] [ 10799][17:58:32:251308][info  ] RTSpatialIndex 0x790ca000a7d0 (Used 0 MB), Allocate result buffer, memory consumption 0 MB, capacity 14
[LIBGPUSPATIAL] [ 10799][17:58:32:251425][info  ] RTSpatialIndex 0x790ca000a7d0 (Used 0 MB), Probe Points, Size: 100000, Results: 14
[LIBGPUSPATIAL] [ 10799][17:58:32:251910][info  ] RTSpatialRefiner 0x790ca3d29630 (Used 0 MB), Loaded Geometries, ProbeArray 100000, Loaded 14, Type Point
[LIBGPUSPATIAL] [ 10799][17:58:32:251951][info  ] RTSpatialRefiner 0x790ca3d29630 (Used 0 MB), Evaluating 14 Geometry Pairs with Predicate Intersects
[LIBGPUSPATIAL] [ 10802][17:58:32:252030][info  ] RTSpatialIndex 0x790ca000a7d0 (Used 0 MB), Allocate result buffer, memory consumption 0 MB, capacity 16
[LIBGPUSPATIAL] [ 10802][17:58:32:252658][info  ] RTSpatialIndex 0x790ca000a7d0 (Used 0 MB), Probe Points, Size: 100000, Results: 16
[LIBGPUSPATIAL] [ 10802][17:58:32:253024][info  ] RTSpatialRefiner 0x790ca3d29630 (Used 0 MB), Loaded Geometries, ProbeArray 100000, Loaded 16, Type Point
[LIBGPUSPATIAL] [ 10802][17:58:32:253064][info  ] RTSpatialRefiner 0x790ca3d29630 (Used 0 MB), Evaluating 16 Geometry Pairs with Predicate Intersects
[LIBGPUSPATIAL] [ 10803][17:58:32:254930][info  ] RTSpatialIndex 0x790ca000a7d0 (Used 0 MB), Allocate result buffer, memory consumption 0 MB, capacity 15
[LIBGPUSPATIAL] [ 10803][17:58:32:255044][info  ] RTSpatialIndex 0x790ca000a7d0 (Used 0 MB), Probe Points, Size: 100000, Results: 15
[LIBGPUSPATIAL] [ 10803][17:58:32:255425][info  ] RTSpatialRefiner 0x790ca3d29630 (Used 1 MB), Loaded Geometries, ProbeArray 100000, Loaded 15, Type Point
[LIBGPUSPATIAL] [ 10803][17:58:32:255461][info  ] RTSpatialRefiner 0x790ca3d29630 (Used 1 MB), Evaluating 15 Geometry Pairs with Predicate Intersects
[LIBGPUSPATIAL] [ 10801][17:58:32:255810][info  ] RTSpatialIndex 0x790ca000a7d0 (Used 0 MB), Allocate result buffer, memory consumption 0 MB, capacity 12
[LIBGPUSPATIAL] [ 10801][17:58:32:256156][info  ] RTSpatialIndex 0x790ca000a7d0 (Used 0 MB), Probe Points, Size: 100000, Results: 12
[LIBGPUSPATIAL] [ 10801][17:58:32:256614][info  ] RTSpatialRefiner 0x790ca3d29630 (Used 0 MB), Loaded Geometries, ProbeArray 100000, Loaded 12, Type Point
[LIBGPUSPATIAL] [ 10801][17:58:32:256657][info  ] RTSpatialRefiner 0x790ca3d29630 (Used 0 MB), Evaluating 12 Geometry Pairs with Predicate Intersects
[LIBGPUSPATIAL] [ 10798][17:58:32:257044][info  ] RTSpatialIndex 0x790ca000a7d0 (Used 0 MB), Allocate result buffer, memory consumption 0 MB, capacity 20
[LIBGPUSPATIAL] [ 10802][17:58:32:257826][info  ] RTSpatialIndex 0x790ca000a7d0 (Used 1 MB), Allocate result buffer, memory consumption 0 MB, capacity 5
[LIBGPUSPATIAL] [ 10802][17:58:32:257966][info  ] RTSpatialIndex 0x790ca000a7d0 (Used 1 MB), Probe Points, Size: 33333, Results: 5
[LIBGPUSPATIAL] [ 10798][17:58:32:258312][info  ] RTSpatialIndex 0x790ca000a7d0 (Used 0 MB), Probe Points, Size: 100000, Results: 20
[LIBGPUSPATIAL] [ 10796][17:58:32:259092][info  ] RTSpatialIndex 0x790ca000a7d0 (Used 0 MB), Allocate result buffer, memory consumption 0 MB, capacity 12
[LIBGPUSPATIAL] [ 10802][17:58:32:259101][info  ] RTSpatialRefiner 0x790ca3d29630 (Used 0 MB), Loaded Geometries, ProbeArray 33333, Loaded 5, Type Point
[LIBGPUSPATIAL] [ 10798][17:58:32:259212][info  ] RTSpatialRefiner 0x790ca3d29630 (Used 0 MB), Loaded Geometries, ProbeArray 100000, Loaded 20, Type Point
[LIBGPUSPATIAL] [ 10798][17:58:32:259259][info  ] RTSpatialRefiner 0x790ca3d29630 (Used 0 MB), Evaluating 20 Geometry Pairs with Predicate Intersects
[LIBGPUSPATIAL] [ 10802][17:58:32:259573][info  ] RTSpatialRefiner 0x790ca3d29630 (Used 0 MB), Evaluating 5 Geometry Pairs with Predicate Intersects
[LIBGPUSPATIAL] [ 10796][17:58:32:259661][info  ] RTSpatialIndex 0x790ca000a7d0 (Used 0 MB), Probe Points, Size: 100000, Results: 12
[LIBGPUSPATIAL] [ 10796][17:58:32:260024][info  ] RTSpatialRefiner 0x790ca3d29630 (Used 0 MB), Loaded Geometries, ProbeArray 100000, Loaded 12, Type Point
[LIBGPUSPATIAL] [ 10796][17:58:32:260065][info  ] RTSpatialRefiner 0x790ca3d29630 (Used 0 MB), Evaluating 12 Geometry Pairs with Predicate Intersects
[LIBGPUSPATIAL] [ 10797][17:58:32:261231][info  ] RTSpatialIndex 0x790ca000a7d0 (Used 0 MB), Allocate result buffer, memory consumption 0 MB, capacity 8
[LIBGPUSPATIAL] [ 10797][17:58:32:261361][info  ] RTSpatialIndex 0x790ca000a7d0 (Used 0 MB), Probe Points, Size: 100000, Results: 8
[LIBGPUSPATIAL] [ 10797][17:58:32:261907][info  ] RTSpatialRefiner 0x790ca3d29630 (Used 0 MB), Loaded Geometries, ProbeArray 100000, Loaded 8, Type Point
[LIBGPUSPATIAL] [ 10797][17:58:32:261951][info  ] RTSpatialRefiner 0x790ca3d29630 (Used 0 MB), Evaluating 8 Geometry Pairs with Predicate Intersects
[LIBGPUSPATIAL] [ 10800][17:58:32:262923][info  ] RTSpatialIndex 0x790ca000a7d0 (Used 0 MB), Allocate result buffer, memory consumption 0 MB, capacity 12
[LIBGPUSPATIAL] [ 10800][17:58:32:263042][info  ] RTSpatialIndex 0x790ca000a7d0 (Used 0 MB), Probe Points, Size: 100000, Results: 12
[LIBGPUSPATIAL] [ 10800][17:58:32:263661][info  ] RTSpatialRefiner 0x790ca3d29630 (Used 0 MB), Loaded Geometries, ProbeArray 100000, Loaded 12, Type Point
[LIBGPUSPATIAL] [ 10800][17:58:32:263727][info  ] RTSpatialRefiner 0x790ca3d29630 (Used 0 MB), Evaluating 12 Geometry Pairs with Predicate Intersects
[LIBGPUSPATIAL] [ 10796][17:58:32:265525][info  ] RTSpatialIndex 0x790ca000a7d0 (Used 1 MB), Allocate result buffer, memory consumption 0 MB, capacity 7
[LIBGPUSPATIAL] [ 10796][17:58:32:266281][info  ] RTSpatialIndex 0x790ca000a7d0 (Used 1 MB), Probe Points, Size: 33333, Results: 7
[LIBGPUSPATIAL] [ 10799][17:58:32:266395][info  ] RTSpatialIndex 0x790ca000a7d0 (Used 0 MB), Allocate result buffer, memory consumption 0 MB, capacity 13
[LIBGPUSPATIAL] [ 10799][17:58:32:266939][info  ] RTSpatialIndex 0x790ca000a7d0 (Used 0 MB), Probe Points, Size: 100000, Results: 13
[LIBGPUSPATIAL] [ 10796][17:58:32:266962][info  ] RTSpatialRefiner 0x790ca3d29630 (Used 0 MB), Loaded Geometries, ProbeArray 33333, Loaded 7, Type Point
[LIBGPUSPATIAL] [ 10796][17:58:32:267084][info  ] RTSpatialRefiner 0x790ca3d29630 (Used 0 MB), Evaluating 7 Geometry Pairs with Predicate Intersects
[LIBGPUSPATIAL] [ 10799][17:58:32:267423][info  ] RTSpatialRefiner 0x790ca3d29630 (Used 0 MB), Loaded Geometries, ProbeArray 100000, Loaded 13, Type Point
[LIBGPUSPATIAL] [ 10799][17:58:32:267485][info  ] RTSpatialRefiner 0x790ca3d29630 (Used 0 MB), Evaluating 13 Geometry Pairs with Predicate Intersects
[LIBGPUSPATIAL] [ 10801][17:58:32:269263][info  ] RTSpatialIndex 0x790ca000a7d0 (Used 0 MB), Allocate result buffer, memory consumption 0 MB, capacity 24
[LIBGPUSPATIAL] [ 10801][17:58:32:269407][info  ] RTSpatialIndex 0x790ca000a7d0 (Used 0 MB), Probe Points, Size: 100000, Results: 24
[LIBGPUSPATIAL] [ 10801][17:58:32:269817][info  ] RTSpatialRefiner 0x790ca3d29630 (Used 0 MB), Loaded Geometries, ProbeArray 100000, Loaded 24, Type Point
[LIBGPUSPATIAL] [ 10801][17:58:32:269884][info  ] RTSpatialRefiner 0x790ca3d29630 (Used 0 MB), Evaluating 24 Geometry Pairs with Predicate Intersects
[LIBGPUSPATIAL] [ 10803][17:58:32:271321][info  ] RTSpatialIndex 0x790ca000a7d0 (Used 0 MB), Allocate result buffer, memory consumption 0 MB, capacity 18
[LIBGPUSPATIAL] [ 10803][17:58:32:271450][info  ] RTSpatialIndex 0x790ca000a7d0 (Used 0 MB), Probe Points, Size: 100000, Results: 18
[LIBGPUSPATIAL] [ 10803][17:58:32:272987][info  ] RTSpatialRefiner 0x790ca3d29630 (Used 1 MB), Loaded Geometries, ProbeArray 100000, Loaded 18, Type Point
[LIBGPUSPATIAL] [ 10803][17:58:32:273110][info  ] RTSpatialRefiner 0x790ca3d29630 (Used 1 MB), Evaluating 18 Geometry Pairs with Predicate Intersects
[LIBGPUSPATIAL] [ 10798][17:58:32:274003][info  ] RTSpatialIndex 0x790ca000a7d0 (Used 0 MB), Allocate result buffer, memory consumption 0 MB, capacity 20
[LIBGPUSPATIAL] [ 10798][17:58:32:274180][info  ] RTSpatialIndex 0x790ca000a7d0 (Used 0 MB), Probe Points, Size: 100000, Results: 20
[LIBGPUSPATIAL] [ 10798][17:58:32:274569][info  ] RTSpatialRefiner 0x790ca3d29630 (Used 0 MB), Loaded Geometries, ProbeArray 100000, Loaded 20, Type Point
[LIBGPUSPATIAL] [ 10798][17:58:32:274618][info  ] RTSpatialRefiner 0x790ca3d29630 (Used 0 MB), Evaluating 20 Geometry Pairs with Predicate Intersects
[LIBGPUSPATIAL] [ 10797][17:58:32:275567][info  ] RTSpatialIndex 0x790ca000a7d0 (Used 0 MB), Allocate result buffer, memory consumption 0 MB, capacity 16
[LIBGPUSPATIAL] [ 10797][17:58:32:275755][info  ] RTSpatialIndex 0x790ca000a7d0 (Used 0 MB), Probe Points, Size: 100000, Results: 16
[LIBGPUSPATIAL] [ 10797][17:58:32:276176][info  ] RTSpatialRefiner 0x790ca3d29630 (Used 0 MB), Loaded Geometries, ProbeArray 100000, Loaded 16, Type Point
[LIBGPUSPATIAL] [ 10797][17:58:32:276255][info  ] RTSpatialRefiner 0x790ca3d29630 (Used 0 MB), Evaluating 16 Geometry Pairs with Predicate Intersects
[LIBGPUSPATIAL] [ 10800][17:58:32:277201][info  ] RTSpatialIndex 0x790ca000a7d0 (Used 0 MB), Allocate result buffer, memory consumption 0 MB, capacity 22
[LIBGPUSPATIAL] [ 10800][17:58:32:277332][info  ] RTSpatialIndex 0x790ca000a7d0 (Used 0 MB), Probe Points, Size: 100000, Results: 22
[LIBGPUSPATIAL] [ 10800][17:58:32:278065][info  ] RTSpatialRefiner 0x790ca3d29630 (Used 0 MB), Loaded Geometries, ProbeArray 100000, Loaded 22, Type Point
[LIBGPUSPATIAL] [ 10800][17:58:32:278113][info  ] RTSpatialRefiner 0x790ca3d29630 (Used 0 MB), Evaluating 22 Geometry Pairs with Predicate Intersects
[LIBGPUSPATIAL] [ 10802][17:58:32:278678][info  ] RTSpatialIndex 0x790ca000a7d0 (Used 0 MB), Allocate result buffer, memory consumption 0 MB, capacity 13
[LIBGPUSPATIAL] [ 10802][17:58:32:278985][info  ] RTSpatialIndex 0x790ca000a7d0 (Used 0 MB), Probe Points, Size: 100000, Results: 13
[LIBGPUSPATIAL] [ 10802][17:58:32:279551][info  ] RTSpatialRefiner 0x790ca3d29630 (Used 0 MB), Loaded Geometries, ProbeArray 100000, Loaded 13, Type Point
[LIBGPUSPATIAL] [ 10802][17:58:32:279602][info  ] RTSpatialRefiner 0x790ca3d29630 (Used 0 MB), Evaluating 13 Geometry Pairs with Predicate Intersects
[LIBGPUSPATIAL] [ 10799][17:58:32:281430][info  ] RTSpatialIndex 0x790ca000a7d0 (Used 0 MB), Allocate result buffer, memory consumption 0 MB, capacity 10
[LIBGPUSPATIAL] [ 10799][17:58:32:281591][info  ] RTSpatialIndex 0x790ca000a7d0 (Used 0 MB), Probe Points, Size: 100000, Results: 10
[LIBGPUSPATIAL] [ 10799][17:58:32:282084][info  ] RTSpatialRefiner 0x790ca3d29630 (Used 0 MB), Loaded Geometries, ProbeArray 100000, Loaded 10, Type Point
[LIBGPUSPATIAL] [ 10799][17:58:32:282154][info  ] RTSpatialRefiner 0x790ca3d29630 (Used 0 MB), Evaluating 10 Geometry Pairs with Predicate Intersects
[LIBGPUSPATIAL] [ 10797][17:58:32:282473][info  ] RTSpatialIndex 0x790ca000a7d0 (Used 0 MB), Allocate result buffer, memory consumption 0 MB, capacity 3
[LIBGPUSPATIAL] [ 10797][17:58:32:282791][info  ] RTSpatialIndex 0x790ca000a7d0 (Used 0 MB), Probe Points, Size: 33333, Results: 3
[LIBGPUSPATIAL] [ 10801][17:58:32:283906][info  ] RTSpatialIndex 0x790ca000a7d0 (Used 1 MB), Allocate result buffer, memory consumption 0 MB, capacity 9
[LIBGPUSPATIAL] [ 10800][17:58:32:284194][info  ] RTSpatialIndex 0x790ca000a7d0 (Used 1 MB), Allocate result buffer, memory consumption 0 MB, capacity 8
[LIBGPUSPATIAL] [ 10797][17:58:32:284247][info  ] RTSpatialRefiner 0x790ca3d29630 (Used 1 MB), Loaded Geometries, ProbeArray 33333, Loaded 3, Type Point
[LIBGPUSPATIAL] [ 10797][17:58:32:284343][info  ] RTSpatialRefiner 0x790ca3d29630 (Used 1 MB), Evaluating 3 Geometry Pairs with Predicate Intersects
[LIBGPUSPATIAL] [ 10801][17:58:32:284604][info  ] RTSpatialIndex 0x790ca000a7d0 (Used 1 MB), Probe Points, Size: 100000, Results: 9
[LIBGPUSPATIAL] [ 10800][17:58:32:284802][info  ] RTSpatialIndex 0x790ca000a7d0 (Used 0 MB), Probe Points, Size: 33333, Results: 8
[LIBGPUSPATIAL] [ 10796][17:58:32:285738][info  ] RTSpatialIndex 0x790ca000a7d0 (Used 0 MB), Allocate result buffer, memory consumption 0 MB, capacity 10
[LIBGPUSPATIAL] [ 10796][17:58:32:285877][info  ] RTSpatialIndex 0x790ca000a7d0 (Used 0 MB), Probe Points, Size: 100000, Results: 10
[LIBGPUSPATIAL] [ 10801][17:58:32:285933][info  ] RTSpatialRefiner 0x790ca3d29630 (Used 0 MB), Loaded Geometries, ProbeArray 100000, Loaded 9, Type Point
[LIBGPUSPATIAL] [ 10801][17:58:32:285979][info  ] RTSpatialRefiner 0x790ca3d29630 (Used 0 MB), Evaluating 9 Geometry Pairs with Predicate Intersects
[LIBGPUSPATIAL] [ 10796][17:58:32:286868][info  ] RTSpatialRefiner 0x790ca3d29630 (Used 0 MB), Loaded Geometries, ProbeArray 100000, Loaded 10, Type Point
[LIBGPUSPATIAL] [ 10796][17:58:32:286914][info  ] RTSpatialRefiner 0x790ca3d29630 (Used 0 MB), Evaluating 10 Geometry Pairs with Predicate Intersects
[LIBGPUSPATIAL] [ 10800][17:58:32:286993][info  ] RTSpatialRefiner 0x790ca3d29630 (Used 0 MB), Loaded Geometries, ProbeArray 33333, Loaded 8, Type Point
[LIBGPUSPATIAL] [ 10800][17:58:32:287101][info  ] RTSpatialRefiner 0x790ca3d29630 (Used 0 MB), Evaluating 8 Geometry Pairs with Predicate Intersects
[LIBGPUSPATIAL] [ 10799][17:58:32:289692][info  ] RTSpatialIndex 0x790ca000a7d0 (Used 1 MB), Allocate result buffer, memory consumption 0 MB, capacity 4
[LIBGPUSPATIAL] [ 10803][17:58:32:289915][info  ] RTSpatialIndex 0x790ca000a7d0 (Used 1 MB), Allocate result buffer, memory consumption 0 MB, capacity 13
[LIBGPUSPATIAL] [ 10798][17:58:32:290340][info  ] RTSpatialIndex 0x790ca000a7d0 (Used 1 MB), Allocate result buffer, memory consumption 0 MB, capacity 20
[LIBGPUSPATIAL] [ 10799][17:58:32:290629][info  ] RTSpatialIndex 0x790ca000a7d0 (Used 1 MB), Probe Points, Size: 33333, Results: 4
[LIBGPUSPATIAL] [ 10803][17:58:32:290897][info  ] RTSpatialIndex 0x790ca000a7d0 (Used 1 MB), Probe Points, Size: 100000, Results: 13
[LIBGPUSPATIAL] [ 10799][17:58:32:291515][info  ] RTSpatialRefiner 0x790ca3d29630 (Used 2 MB), Loaded Geometries, ProbeArray 33333, Loaded 4, Type Point
[LIBGPUSPATIAL] [ 10798][17:58:32:291648][info  ] RTSpatialIndex 0x790ca000a7d0 (Used 2 MB), Probe Points, Size: 100000, Results: 20
[LIBGPUSPATIAL] [ 10799][17:58:32:291655][info  ] RTSpatialRefiner 0x790ca3d29630 (Used 2 MB), Evaluating 4 Geometry Pairs with Predicate Intersects
[LIBGPUSPATIAL] [ 10803][17:58:32:291663][info  ] RTSpatialRefiner 0x790ca3d29630 (Used 2 MB), Loaded Geometries, ProbeArray 100000, Loaded 13, Type Point
[LIBGPUSPATIAL] [ 10801][17:58:32:291895][info  ] RTSpatialIndex 0x790ca000a7d0 (Used 2 MB), Allocate result buffer, memory consumption 0 MB, capacity 7
[LIBGPUSPATIAL] [ 10803][17:58:32:291931][info  ] RTSpatialRefiner 0x790ca3d29630 (Used 2 MB), Evaluating 13 Geometry Pairs with Predicate Intersects
[LIBGPUSPATIAL] [ 10798][17:58:32:292310][info  ] RTSpatialRefiner 0x790ca3d29630 (Used 1 MB), Loaded Geometries, ProbeArray 100000, Loaded 20, Type Point
[LIBGPUSPATIAL] [ 10798][17:58:32:292436][info  ] RTSpatialRefiner 0x790ca3d29630 (Used 1 MB), Evaluating 20 Geometry Pairs with Predicate Intersects
[LIBGPUSPATIAL] [ 10801][17:58:32:292464][info  ] RTSpatialIndex 0x790ca000a7d0 (Used 1 MB), Probe Points, Size: 33333, Results: 7
[LIBGPUSPATIAL] [ 10802][17:58:32:292761][info  ] RTSpatialIndex 0x790ca000a7d0 (Used 0 MB), Allocate result buffer, memory consumption 0 MB, capacity 19
[LIBGPUSPATIAL] [ 10801][17:58:32:293161][info  ] RTSpatialRefiner 0x790ca3d29630 (Used 0 MB), Loaded Geometries, ProbeArray 33333, Loaded 7, Type Point
[LIBGPUSPATIAL] [ 10801][17:58:32:293216][info  ] RTSpatialRefiner 0x790ca3d29630 (Used 1 MB), Evaluating 7 Geometry Pairs with Predicate Intersects
[LIBGPUSPATIAL] [ 10802][17:58:32:293372][info  ] RTSpatialIndex 0x790ca000a7d0 (Used 1 MB), Probe Points, Size: 100000, Results: 19
[LIBGPUSPATIAL] [ 10802][17:58:32:294350][info  ] RTSpatialRefiner 0x790ca3d29630 (Used 0 MB), Loaded Geometries, ProbeArray 100000, Loaded 19, Type Point
[LIBGPUSPATIAL] [ 10802][17:58:32:294394][info  ] RTSpatialRefiner 0x790ca3d29630 (Used 0 MB), Evaluating 19 Geometry Pairs with Predicate Intersects
[LIBGPUSPATIAL] [ 10798][17:58:32:299520][info  ] RTSpatialIndex 0x790ca000a7d0 (Used 0 MB), Allocate result buffer, memory consumption 0 MB, capacity 2
[LIBGPUSPATIAL] [ 10798][17:58:32:299706][info  ] RTSpatialIndex 0x790ca000a7d0 (Used 0 MB), Probe Points, Size: 33333, Results: 2
[LIBGPUSPATIAL] [ 10803][17:58:32:299520][info  ] RTSpatialIndex 0x790ca000a7d0 (Used 0 MB), Allocate result buffer, memory consumption 0 MB, capacity 5
[LIBGPUSPATIAL] [ 10803][17:58:32:300170][info  ] RTSpatialIndex 0x790ca000a7d0 (Used 0 MB), Probe Points, Size: 33348, Results: 5
[LIBGPUSPATIAL] [ 10798][17:58:32:302686][info  ] RTSpatialRefiner 0x790ca3d29630 (Used 0 MB), Loaded Geometries, ProbeArray 33333, Loaded 2, Type Point
[LIBGPUSPATIAL] [ 10798][17:58:32:302760][info  ] RTSpatialRefiner 0x790ca3d29630 (Used 0 MB), Evaluating 2 Geometry Pairs with Predicate Intersects
[LIBGPUSPATIAL] [ 10796][17:58:32:302885][info  ] RTSpatialIndex 0x790ca000a7d0 (Used 2 MB), Allocate result buffer, memory consumption 0 MB, capacity 18
[LIBGPUSPATIAL] [ 10796][17:58:32:303387][info  ] RTSpatialIndex 0x790ca000a7d0 (Used 1 MB), Probe Points, Size: 100000, Results: 18
[LIBGPUSPATIAL] [ 10803][17:58:32:303582][info  ] RTSpatialRefiner 0x790ca3d29630 (Used 0 MB), Loaded Geometries, ProbeArray 33348, Loaded 5, Type Point
[LIBGPUSPATIAL] [ 10800][17:58:32:303587][info  ] RTSpatialIndex 0x790ca000a7d0 (Used 0 MB), Allocate result buffer, memory consumption 0 MB, capacity 14
[LIBGPUSPATIAL] [ 10803][17:58:32:303636][info  ] RTSpatialRefiner 0x790ca3d29630 (Used 0 MB), Evaluating 5 Geometry Pairs with Predicate Intersects
[LIBGPUSPATIAL] [ 10796][17:58:32:303984][info  ] RTSpatialRefiner 0x790ca3d29630 (Used 0 MB), Loaded Geometries, ProbeArray 100000, Loaded 18, Type Point
[LIBGPUSPATIAL] [ 10796][17:58:32:304068][info  ] RTSpatialRefiner 0x790ca3d29630 (Used 0 MB), Evaluating 18 Geometry Pairs with Predicate Intersects
[LIBGPUSPATIAL] [ 10800][17:58:32:304174][info  ] RTSpatialIndex 0x790ca000a7d0 (Used 0 MB), Probe Points, Size: 100000, Results: 14
[LIBGPUSPATIAL] [ 10800][17:58:32:305936][info  ] RTSpatialRefiner 0x790ca3d29630 (Used 0 MB), Loaded Geometries, ProbeArray 100000, Loaded 14, Type Point
[LIBGPUSPATIAL] [ 10800][17:58:32:305984][info  ] RTSpatialRefiner 0x790ca3d29630 (Used 0 MB), Evaluating 14 Geometry Pairs with Predicate Intersects
[LIBGPUSPATIAL] [ 10802][17:58:32:308216][info  ] RTSpatialIndex 0x790ca000a7d0 (Used 0 MB), Allocate result buffer, memory consumption 0 MB, capacity 16
[LIBGPUSPATIAL] [ 10802][17:58:32:308345][info  ] RTSpatialIndex 0x790ca000a7d0 (Used 0 MB), Probe Points, Size: 100000, Results: 16
[LIBGPUSPATIAL] [ 10802][17:58:32:309420][info  ] RTSpatialRefiner 0x790ca3d29630 (Used 0 MB), Loaded Geometries, ProbeArray 100000, Loaded 16, Type Point
[LIBGPUSPATIAL] [ 10802][17:58:32:309466][info  ] RTSpatialRefiner 0x790ca3d29630 (Used 0 MB), Evaluating 16 Geometry Pairs with Predicate Intersects
[LIBGPUSPATIAL] [ 10801][17:58:32:310386][info  ] RTSpatialIndex 0x790ca000a7d0 (Used 0 MB), Allocate result buffer, memory consumption 0 MB, capacity 23
[LIBGPUSPATIAL] [ 10801][17:58:32:310854][info  ] RTSpatialIndex 0x790ca000a7d0 (Used 0 MB), Probe Points, Size: 100000, Results: 23
[LIBGPUSPATIAL] [ 10801][17:58:32:311245][info  ] RTSpatialRefiner 0x790ca3d29630 (Used 0 MB), Loaded Geometries, ProbeArray 100000, Loaded 23, Type Point
[LIBGPUSPATIAL] [ 10801][17:58:32:311289][info  ] RTSpatialRefiner 0x790ca3d29630 (Used 0 MB), Evaluating 23 Geometry Pairs with Predicate Intersects
[LIBGPUSPATIAL] [ 10799][17:58:32:312976][info  ] RTSpatialIndex 0x790ca000a7d0 (Used 0 MB), Allocate result buffer, memory consumption 0 MB, capacity 13
[LIBGPUSPATIAL] [ 10799][17:58:32:313105][info  ] RTSpatialIndex 0x790ca000a7d0 (Used 0 MB), Probe Points, Size: 100000, Results: 13
[LIBGPUSPATIAL] [ 10799][17:58:32:313690][info  ] RTSpatialRefiner 0x790ca3d29630 (Used 0 MB), Loaded Geometries, ProbeArray 100000, Loaded 13, Type Point
[LIBGPUSPATIAL] [ 10799][17:58:32:313736][info  ] RTSpatialRefiner 0x790ca3d29630 (Used 0 MB), Evaluating 13 Geometry Pairs with Predicate Intersects
[LIBGPUSPATIAL] [ 10797][17:58:32:314355][info  ] RTSpatialIndex 0x790ca000a7d0 (Used 0 MB), Allocate result buffer, memory consumption 0 MB, capacity 16
[LIBGPUSPATIAL] [ 10797][17:58:32:314631][info  ] RTSpatialIndex 0x790ca000a7d0 (Used 0 MB), Probe Points, Size: 100000, Results: 16
[LIBGPUSPATIAL] [ 10797][17:58:32:315829][info  ] RTSpatialRefiner 0x790ca3d29630 (Used 0 MB), Loaded Geometries, ProbeArray 100000, Loaded 16, Type Point
[LIBGPUSPATIAL] [ 10797][17:58:32:315895][info  ] RTSpatialRefiner 0x790ca3d29630 (Used 0 MB), Evaluating 16 Geometry Pairs with Predicate Intersects
[LIBGPUSPATIAL] [ 10796][17:58:32:317352][info  ] RTSpatialIndex 0x790ca000a7d0 (Used 0 MB), Allocate result buffer, memory consumption 0 MB, capacity 13
[LIBGPUSPATIAL] [ 10796][17:58:32:317473][info  ] RTSpatialIndex 0x790ca000a7d0 (Used 0 MB), Probe Points, Size: 100000, Results: 13
[LIBGPUSPATIAL] [ 10796][17:58:32:317772][info  ] RTSpatialRefiner 0x790ca3d29630 (Used 0 MB), Loaded Geometries, ProbeArray 100000, Loaded 13, Type Point
[LIBGPUSPATIAL] [ 10796][17:58:32:317815][info  ] RTSpatialRefiner 0x790ca3d29630 (Used 0 MB), Evaluating 13 Geometry Pairs with Predicate Intersects
[LIBGPUSPATIAL] [ 10800][17:58:32:319197][info  ] RTSpatialIndex 0x790ca000a7d0 (Used 0 MB), Allocate result buffer, memory consumption 0 MB, capacity 11
[LIBGPUSPATIAL] [ 10800][17:58:32:319325][info  ] RTSpatialIndex 0x790ca000a7d0 (Used 0 MB), Probe Points, Size: 100000, Results: 11
[LIBGPUSPATIAL] [ 10800][17:58:32:320009][info  ] RTSpatialRefiner 0x790ca3d29630 (Used 0 MB), Loaded Geometries, ProbeArray 100000, Loaded 11, Type Point
[LIBGPUSPATIAL] [ 10800][17:58:32:320052][info  ] RTSpatialRefiner 0x790ca3d29630 (Used 0 MB), Evaluating 11 Geometry Pairs with Predicate Intersects
[LIBGPUSPATIAL] [ 10802][17:58:32:323338][info  ] RTSpatialIndex 0x790ca000a7d0 (Used 0 MB), Allocate result buffer, memory consumption 0 MB, capacity 17
[LIBGPUSPATIAL] [ 10802][17:58:32:323513][info  ] RTSpatialIndex 0x790ca000a7d0 (Used 0 MB), Probe Points, Size: 100000, Results: 17
[LIBGPUSPATIAL] [ 10802][17:58:32:324198][info  ] RTSpatialRefiner 0x790ca3d29630 (Used 0 MB), Loaded Geometries, ProbeArray 100000, Loaded 17, Type Point
[LIBGPUSPATIAL] [ 10802][17:58:32:324240][info  ] RTSpatialRefiner 0x790ca3d29630 (Used 0 MB), Evaluating 17 Geometry Pairs with Predicate Intersects
[LIBGPUSPATIAL] [ 10801][17:58:32:325400][info  ] RTSpatialIndex 0x790ca000a7d0 (Used 0 MB), Allocate result buffer, memory consumption 0 MB, capacity 14
[LIBGPUSPATIAL] [ 10801][17:58:32:325586][info  ] RTSpatialIndex 0x790ca000a7d0 (Used 0 MB), Probe Points, Size: 100000, Results: 14
[LIBGPUSPATIAL] [ 10803][17:58:32:326213][info  ] RTSpatialIndex 0x790ca000a7d0 (Used 1 MB), Allocate result buffer, memory consumption 0 MB, capacity 15
[LIBGPUSPATIAL] [ 10801][17:58:32:326298][info  ] RTSpatialRefiner 0x790ca3d29630 (Used 1 MB), Loaded Geometries, ProbeArray 100000, Loaded 14, Type Point
[LIBGPUSPATIAL] [ 10801][17:58:32:326361][info  ] RTSpatialRefiner 0x790ca3d29630 (Used 1 MB), Evaluating 14 Geometry Pairs with Predicate Intersects
[LIBGPUSPATIAL] [ 10798][17:58:32:326521][info  ] RTSpatialIndex 0x790ca000a7d0 (Used 1 MB), Allocate result buffer, memory consumption 0 MB, capacity 10
[LIBGPUSPATIAL] [ 10803][17:58:32:327019][info  ] RTSpatialIndex 0x790ca000a7d0 (Used 2 MB), Probe Points, Size: 100000, Results: 15
[LIBGPUSPATIAL] [ 10798][17:58:32:327251][info  ] RTSpatialIndex 0x790ca000a7d0 (Used 1 MB), Probe Points, Size: 100000, Results: 10
[LIBGPUSPATIAL] [ 10799][17:58:32:327431][info  ] RTSpatialIndex 0x790ca000a7d0 (Used 0 MB), Allocate result buffer, memory consumption 0 MB, capacity 16
[LIBGPUSPATIAL] [ 10798][17:58:32:327813][info  ] RTSpatialRefiner 0x790ca3d29630 (Used 0 MB), Loaded Geometries, ProbeArray 100000, Loaded 10, Type Point
[LIBGPUSPATIAL] [ 10798][17:58:32:327879][info  ] RTSpatialRefiner 0x790ca3d29630 (Used 0 MB), Evaluating 10 Geometry Pairs with Predicate Intersects
[LIBGPUSPATIAL] [ 10803][17:58:32:327902][info  ] RTSpatialRefiner 0x790ca3d29630 (Used 0 MB), Loaded Geometries, ProbeArray 100000, Loaded 15, Type Point
[LIBGPUSPATIAL] [ 10803][17:58:32:327939][info  ] RTSpatialRefiner 0x790ca3d29630 (Used 0 MB), Evaluating 15 Geometry Pairs with Predicate Intersects
[LIBGPUSPATIAL] [ 10799][17:58:32:328320][info  ] RTSpatialIndex 0x790ca000a7d0 (Used 0 MB), Probe Points, Size: 100000, Results: 16
[LIBGPUSPATIAL] [ 10799][17:58:32:328821][info  ] RTSpatialRefiner 0x790ca3d29630 (Used 0 MB), Loaded Geometries, ProbeArray 100000, Loaded 16, Type Point
[LIBGPUSPATIAL] [ 10799][17:58:32:328886][info  ] RTSpatialRefiner 0x790ca3d29630 (Used 0 MB), Evaluating 16 Geometry Pairs with Predicate Intersects
[LIBGPUSPATIAL] [ 10796][17:58:32:330588][info  ] RTSpatialIndex 0x790ca000a7d0 (Used 1 MB), Allocate result buffer, memory consumption 0 MB, capacity 24
[LIBGPUSPATIAL] [ 10797][17:58:32:330812][info  ] RTSpatialIndex 0x790ca000a7d0 (Used 1 MB), Allocate result buffer, memory consumption 0 MB, capacity 19
[LIBGPUSPATIAL] [ 10796][17:58:32:331043][info  ] RTSpatialIndex 0x790ca000a7d0 (Used 1 MB), Probe Points, Size: 100000, Results: 24
[LIBGPUSPATIAL] [ 10797][17:58:32:331291][info  ] RTSpatialIndex 0x790ca000a7d0 (Used 0 MB), Probe Points, Size: 100000, Results: 19
[LIBGPUSPATIAL] [ 10800][17:58:32:332796][info  ] RTSpatialIndex 0x790ca000a7d0 (Used 0 MB), Allocate result buffer, memory consumption 0 MB, capacity 11
[LIBGPUSPATIAL] [ 10797][17:58:32:332860][info  ] RTSpatialRefiner 0x790ca3d29630 (Used 0 MB), Loaded Geometries, ProbeArray 100000, Loaded 19, Type Point
[LIBGPUSPATIAL] [ 10800][17:58:32:332943][info  ] RTSpatialIndex 0x790ca000a7d0 (Used 0 MB), Probe Points, Size: 100000, Results: 11
[LIBGPUSPATIAL] [ 10797][17:58:32:333008][info  ] RTSpatialRefiner 0x790ca3d29630 (Used 0 MB), Evaluating 19 Geometry Pairs with Predicate Intersects
[LIBGPUSPATIAL] [ 10796][17:58:32:333158][info  ] RTSpatialRefiner 0x790ca3d29630 (Used 0 MB), Loaded Geometries, ProbeArray 100000, Loaded 24, Type Point
[LIBGPUSPATIAL] [ 10796][17:58:32:333222][info  ] RTSpatialRefiner 0x790ca3d29630 (Used 0 MB), Evaluating 24 Geometry Pairs with Predicate Intersects
[LIBGPUSPATIAL] [ 10800][17:58:32:333605][info  ] RTSpatialRefiner 0x790ca3d29630 (Used 0 MB), Loaded Geometries, ProbeArray 100000, Loaded 11, Type Point
[LIBGPUSPATIAL] [ 10800][17:58:32:333645][info  ] RTSpatialRefiner 0x790ca3d29630 (Used 0 MB), Evaluating 11 Geometry Pairs with Predicate Intersects
[LIBGPUSPATIAL] [ 10802][17:58:32:338007][info  ] RTSpatialIndex 0x790ca000a7d0 (Used 0 MB), Allocate result buffer, memory consumption 0 MB, capacity 9
[LIBGPUSPATIAL] [ 10802][17:58:32:338138][info  ] RTSpatialIndex 0x790ca000a7d0 (Used 0 MB), Probe Points, Size: 100000, Results: 9
[LIBGPUSPATIAL] [ 10802][17:58:32:338506][info  ] RTSpatialRefiner 0x790ca3d29630 (Used 0 MB), Loaded Geometries, ProbeArray 100000, Loaded 9, Type Point
[LIBGPUSPATIAL] [ 10802][17:58:32:338549][info  ] RTSpatialRefiner 0x790ca3d29630 (Used 0 MB), Evaluating 9 Geometry Pairs with Predicate Intersects
[LIBGPUSPATIAL] [ 10801][17:58:32:340275][info  ] RTSpatialIndex 0x790ca000a7d0 (Used 1 MB), Allocate result buffer, memory consumption 0 MB, capacity 17
[LIBGPUSPATIAL] [ 10801][17:58:32:340393][info  ] RTSpatialIndex 0x790ca000a7d0 (Used 1 MB), Probe Points, Size: 100000, Results: 17
[LIBGPUSPATIAL] [ 10803][17:58:32:340643][info  ] RTSpatialIndex 0x790ca000a7d0 (Used 0 MB), Allocate result buffer, memory consumption 0 MB, capacity 17
[LIBGPUSPATIAL] [ 10803][17:58:32:340757][info  ] RTSpatialIndex 0x790ca000a7d0 (Used 0 MB), Probe Points, Size: 100000, Results: 17
[LIBGPUSPATIAL] [ 10798][17:58:32:341928][info  ] RTSpatialIndex 0x790ca000a7d0 (Used 0 MB), Allocate result buffer, memory consumption 0 MB, capacity 16
[LIBGPUSPATIAL] [ 10803][17:58:32:341996][info  ] RTSpatialRefiner 0x790ca3d29630 (Used 0 MB), Loaded Geometries, ProbeArray 100000, Loaded 17, Type Point
[LIBGPUSPATIAL] [ 10803][17:58:32:342044][info  ] RTSpatialRefiner 0x790ca3d29630 (Used 0 MB), Evaluating 17 Geometry Pairs with Predicate Intersects
[LIBGPUSPATIAL] [ 10798][17:58:32:342061][info  ] RTSpatialIndex 0x790ca000a7d0 (Used 0 MB), Probe Points, Size: 100000, Results: 16
[LIBGPUSPATIAL] [ 10801][17:58:32:342271][info  ] RTSpatialRefiner 0x790ca3d29630 (Used 0 MB), Loaded Geometries, ProbeArray 100000, Loaded 17, Type Point
[LIBGPUSPATIAL] [ 10801][17:58:32:342312][info  ] RTSpatialRefiner 0x790ca3d29630 (Used 0 MB), Evaluating 17 Geometry Pairs with Predicate Intersects
[LIBGPUSPATIAL] [ 10798][17:58:32:343051][info  ] RTSpatialRefiner 0x790ca3d29630 (Used 0 MB), Loaded Geometries, ProbeArray 100000, Loaded 16, Type Point
[LIBGPUSPATIAL] [ 10798][17:58:32:343096][info  ] RTSpatialRefiner 0x790ca3d29630 (Used 0 MB), Evaluating 16 Geometry Pairs with Predicate Intersects
[LIBGPUSPATIAL] [ 10799][17:58:32:343280][info  ] RTSpatialIndex 0x790ca000a7d0 (Used 0 MB), Allocate result buffer, memory consumption 0 MB, capacity 17
[LIBGPUSPATIAL] [ 10799][17:58:32:343711][info  ] RTSpatialIndex 0x790ca000a7d0 (Used 0 MB), Probe Points, Size: 100000, Results: 17
[LIBGPUSPATIAL] [ 10796][17:58:32:345495][info  ] RTSpatialIndex 0x790ca000a7d0 (Used 0 MB), Allocate result buffer, memory consumption 0 MB, capacity 15
[LIBGPUSPATIAL] [ 10796][17:58:32:345662][info  ] RTSpatialIndex 0x790ca000a7d0 (Used 0 MB), Probe Points, Size: 100000, Results: 15
[LIBGPUSPATIAL] [ 10799][17:58:32:346024][info  ] RTSpatialRefiner 0x790ca3d29630 (Used 1 MB), Loaded Geometries, ProbeArray 100000, Loaded 17, Type Point
[LIBGPUSPATIAL] [ 10799][17:58:32:346177][info  ] RTSpatialRefiner 0x790ca3d29630 (Used 3 MB), Evaluating 17 Geometry Pairs with Predicate Intersects
[LIBGPUSPATIAL] [ 10800][17:58:32:346780][info  ] RTSpatialIndex 0x790ca000a7d0 (Used 1 MB), Allocate result buffer, memory consumption 0 MB, capacity 13
[LIBGPUSPATIAL] [ 10796][17:58:32:346830][info  ] RTSpatialRefiner 0x790ca3d29630 (Used 1 MB), Loaded Geometries, ProbeArray 100000, Loaded 15, Type Point
[LIBGPUSPATIAL] [ 10796][17:58:32:346965][info  ] RTSpatialRefiner 0x790ca3d29630 (Used 1 MB), Evaluating 15 Geometry Pairs with Predicate Intersects
[LIBGPUSPATIAL] [ 10797][17:58:32:347011][info  ] RTSpatialIndex 0x790ca000a7d0 (Used 1 MB), Allocate result buffer, memory consumption 0 MB, capacity 17
[LIBGPUSPATIAL] [ 10800][17:58:32:347400][info  ] RTSpatialIndex 0x790ca000a7d0 (Used 1 MB), Probe Points, Size: 100000, Results: 13
[LIBGPUSPATIAL] [ 10797][17:58:32:347620][info  ] RTSpatialIndex 0x790ca000a7d0 (Used 0 MB), Probe Points, Size: 100000, Results: 17
[LIBGPUSPATIAL] [ 10800][17:58:32:347960][info  ] RTSpatialRefiner 0x790ca3d29630 (Used 0 MB), Loaded Geometries, ProbeArray 100000, Loaded 13, Type Point
[LIBGPUSPATIAL] [ 10800][17:58:32:348019][info  ] RTSpatialRefiner 0x790ca3d29630 (Used 0 MB), Evaluating 13 Geometry Pairs with Predicate Intersects
[LIBGPUSPATIAL] [ 10797][17:58:32:348129][info  ] RTSpatialRefiner 0x790ca3d29630 (Used 0 MB), Loaded Geometries, ProbeArray 100000, Loaded 17, Type Point
[LIBGPUSPATIAL] [ 10797][17:58:32:348214][info  ] RTSpatialRefiner 0x790ca3d29630 (Used 0 MB), Evaluating 17 Geometry Pairs with Predicate Intersects
[LIBGPUSPATIAL] [ 10802][17:58:32:351492][info  ] RTSpatialIndex 0x790ca000a7d0 (Used 0 MB), Allocate result buffer, memory consumption 0 MB, capacity 27
[LIBGPUSPATIAL] [ 10802][17:58:32:351624][info  ] RTSpatialIndex 0x790ca000a7d0 (Used 0 MB), Probe Points, Size: 100000, Results: 27
[LIBGPUSPATIAL] [ 10802][17:58:32:352019][info  ] RTSpatialRefiner 0x790ca3d29630 (Used 0 MB), Loaded Geometries, ProbeArray 100000, Loaded 27, Type Point
[LIBGPUSPATIAL] [ 10802][17:58:32:352063][info  ] RTSpatialRefiner 0x790ca3d29630 (Used 0 MB), Evaluating 27 Geometry Pairs with Predicate Intersects
[LIBGPUSPATIAL] [ 10801][17:58:32:355884][info  ] RTSpatialIndex 0x790ca000a7d0 (Used 0 MB), Allocate result buffer, memory consumption 0 MB, capacity 18
[LIBGPUSPATIAL] [ 10801][17:58:32:356021][info  ] RTSpatialIndex 0x790ca000a7d0 (Used 0 MB), Probe Points, Size: 100000, Results: 18
[LIBGPUSPATIAL] [ 10798][17:58:32:356601][info  ] RTSpatialIndex 0x790ca000a7d0 (Used 0 MB), Allocate result buffer, memory consumption 0 MB, capacity 15
[LIBGPUSPATIAL] [ 10798][17:58:32:356729][info  ] RTSpatialIndex 0x790ca000a7d0 (Used 0 MB), Probe Points, Size: 100000, Results: 15
[LIBGPUSPATIAL] [ 10798][17:58:32:357122][info  ] RTSpatialRefiner 0x790ca3d29630 (Used 0 MB), Loaded Geometries, ProbeArray 100000, Loaded 15, Type Point
[LIBGPUSPATIAL] [ 10801][17:58:32:357150][info  ] RTSpatialRefiner 0x790ca3d29630 (Used 0 MB), Loaded Geometries, ProbeArray 100000, Loaded 18, Type Point
[LIBGPUSPATIAL] [ 10798][17:58:32:357168][info  ] RTSpatialRefiner 0x790ca3d29630 (Used 0 MB), Evaluating 15 Geometry Pairs with Predicate Intersects
[LIBGPUSPATIAL] [ 10801][17:58:32:357195][info  ] RTSpatialRefiner 0x790ca3d29630 (Used 0 MB), Evaluating 18 Geometry Pairs with Predicate Intersects
[LIBGPUSPATIAL] [ 10803][17:58:32:357783][info  ] RTSpatialIndex 0x790ca000a7d0 (Used 0 MB), Allocate result buffer, memory consumption 0 MB, capacity 16
[LIBGPUSPATIAL] [ 10803][17:58:32:358147][info  ] RTSpatialIndex 0x790ca000a7d0 (Used 0 MB), Probe Points, Size: 100000, Results: 16
[LIBGPUSPATIAL] [ 10803][17:58:32:359008][info  ] RTSpatialRefiner 0x790ca3d29630 (Used 0 MB), Loaded Geometries, ProbeArray 100000, Loaded 16, Type Point
[LIBGPUSPATIAL] [ 10803][17:58:32:359057][info  ] RTSpatialRefiner 0x790ca3d29630 (Used 0 MB), Evaluating 16 Geometry Pairs with Predicate Intersects
[LIBGPUSPATIAL] [ 10799][17:58:32:360335][info  ] RTSpatialIndex 0x790ca000a7d0 (Used 0 MB), Allocate result buffer, memory consumption 0 MB, capacity 13
[LIBGPUSPATIAL] [ 10799][17:58:32:360514][info  ] RTSpatialIndex 0x790ca000a7d0 (Used 0 MB), Probe Points, Size: 100000, Results: 13
[LIBGPUSPATIAL] [ 10800][17:58:32:361164][info  ] RTSpatialIndex 0x790ca000a7d0 (Used 0 MB), Allocate result buffer, memory consumption 0 MB, capacity 10
[LIBGPUSPATIAL] [ 10800][17:58:32:361273][info  ] RTSpatialIndex 0x790ca000a7d0 (Used 0 MB), Probe Points, Size: 100000, Results: 10
[LIBGPUSPATIAL] [ 10797][17:58:32:361836][info  ] RTSpatialIndex 0x790ca000a7d0 (Used 0 MB), Allocate result buffer, memory consumption 0 MB, capacity 8
[LIBGPUSPATIAL] [ 10797][17:58:32:362006][info  ] RTSpatialIndex 0x790ca000a7d0 (Used 0 MB), Probe Points, Size: 100000, Results: 8
[LIBGPUSPATIAL] [ 10800][17:58:32:362194][info  ] RTSpatialRefiner 0x790ca3d29630 (Used 0 MB), Loaded Geometries, ProbeArray 100000, Loaded 10, Type Point
[LIBGPUSPATIAL] [ 10800][17:58:32:362302][info  ] RTSpatialRefiner 0x790ca3d29630 (Used 0 MB), Evaluating 10 Geometry Pairs with Predicate Intersects
[LIBGPUSPATIAL] [ 10799][17:58:32:362593][info  ] RTSpatialRefiner 0x790ca3d29630 (Used 0 MB), Loaded Geometries, ProbeArray 100000, Loaded 13, Type Point
[LIBGPUSPATIAL] [ 10799][17:58:32:362664][info  ] RTSpatialRefiner 0x790ca3d29630 (Used 0 MB), Evaluating 13 Geometry Pairs with Predicate Intersects
[LIBGPUSPATIAL] [ 10796][17:58:32:362788][info  ] RTSpatialIndex 0x790ca000a7d0 (Used 0 MB), Allocate result buffer, memory consumption 0 MB, capacity 20
[LIBGPUSPATIAL] [ 10797][17:58:32:363054][info  ] RTSpatialRefiner 0x790ca3d29630 (Used 0 MB), Loaded Geometries, ProbeArray 100000, Loaded 8, Type Point
[LIBGPUSPATIAL] [ 10796][17:58:32:363123][info  ] RTSpatialIndex 0x790ca000a7d0 (Used 0 MB), Probe Points, Size: 100000, Results: 20
[LIBGPUSPATIAL] [ 10797][17:58:32:363199][info  ] RTSpatialRefiner 0x790ca3d29630 (Used 0 MB), Evaluating 8 Geometry Pairs with Predicate Intersects
[LIBGPUSPATIAL] [ 10796][17:58:32:363553][info  ] RTSpatialRefiner 0x790ca3d29630 (Used 0 MB), Loaded Geometries, ProbeArray 100000, Loaded 20, Type Point
[LIBGPUSPATIAL] [ 10796][17:58:32:363650][info  ] RTSpatialRefiner 0x790ca3d29630 (Used 0 MB), Evaluating 20 Geometry Pairs with Predicate Intersects
[LIBGPUSPATIAL] [ 10802][17:58:32:366126][info  ] RTSpatialIndex 0x790ca000a7d0 (Used 0 MB), Allocate result buffer, memory consumption 0 MB, capacity 17
[LIBGPUSPATIAL] [ 10802][17:58:32:366256][info  ] RTSpatialIndex 0x790ca000a7d0 (Used 0 MB), Probe Points, Size: 100000, Results: 17
[LIBGPUSPATIAL] [ 10802][17:58:32:366788][info  ] RTSpatialRefiner 0x790ca3d29630 (Used 0 MB), Loaded Geometries, ProbeArray 100000, Loaded 17, Type Point
[LIBGPUSPATIAL] [ 10802][17:58:32:366870][info  ] RTSpatialRefiner 0x790ca3d29630 (Used 0 MB), Evaluating 17 Geometry Pairs with Predicate Intersects
[LIBGPUSPATIAL] [ 10801][17:58:32:370025][info  ] RTSpatialIndex 0x790ca000a7d0 (Used 0 MB), Allocate result buffer, memory consumption 0 MB, capacity 6
[LIBGPUSPATIAL] [ 10801][17:58:32:370150][info  ] RTSpatialIndex 0x790ca000a7d0 (Used 0 MB), Probe Points, Size: 100000, Results: 6
[LIBGPUSPATIAL] [ 10801][17:58:32:370472][info  ] RTSpatialRefiner 0x790ca3d29630 (Used 0 MB), Loaded Geometries, ProbeArray 100000, Loaded 6, Type Point
[LIBGPUSPATIAL] [ 10801][17:58:32:370511][info  ] RTSpatialRefiner 0x790ca3d29630 (Used 0 MB), Evaluating 6 Geometry Pairs with Predicate Intersects
[LIBGPUSPATIAL] [ 10803][17:58:32:371609][info  ] RTSpatialIndex 0x790ca000a7d0 (Used 1 MB), Allocate result buffer, memory consumption 0 MB, capacity 14
[LIBGPUSPATIAL] [ 10798][17:58:32:371833][info  ] RTSpatialIndex 0x790ca000a7d0 (Used 1 MB), Allocate result buffer, memory consumption 0 MB, capacity 21
[LIBGPUSPATIAL] [ 10803][17:58:32:372233][info  ] RTSpatialIndex 0x790ca000a7d0 (Used 1 MB), Probe Points, Size: 100000, Results: 14
[LIBGPUSPATIAL] [ 10798][17:58:32:372293][info  ] RTSpatialIndex 0x790ca000a7d0 (Used 0 MB), Probe Points, Size: 100000, Results: 21
[LIBGPUSPATIAL] [ 10803][17:58:32:373942][info  ] RTSpatialRefiner 0x790ca3d29630 (Used 0 MB), Loaded Geometries, ProbeArray 100000, Loaded 14, Type Point
[LIBGPUSPATIAL] [ 10803][17:58:32:373986][info  ] RTSpatialRefiner 0x790ca3d29630 (Used 0 MB), Evaluating 14 Geometry Pairs with Predicate Intersects
[LIBGPUSPATIAL] [ 10798][17:58:32:374224][info  ] RTSpatialRefiner 0x790ca3d29630 (Used 0 MB), Loaded Geometries, ProbeArray 100000, Loaded 21, Type Point
[LIBGPUSPATIAL] [ 10798][17:58:32:374356][info  ] RTSpatialRefiner 0x790ca3d29630 (Used 0 MB), Evaluating 21 Geometry Pairs with Predicate Intersects
[LIBGPUSPATIAL] [ 10800][17:58:32:376221][info  ] RTSpatialIndex 0x790ca000a7d0 (Used 0 MB), Allocate result buffer, memory consumption 0 MB, capacity 15
[LIBGPUSPATIAL] [ 10800][17:58:32:376345][info  ] RTSpatialIndex 0x790ca000a7d0 (Used 0 MB), Probe Points, Size: 100000, Results: 15
[LIBGPUSPATIAL] [ 10799][17:58:32:377080][info  ] RTSpatialIndex 0x790ca000a7d0 (Used 0 MB), Allocate result buffer, memory consumption 0 MB, capacity 12
[LIBGPUSPATIAL] [ 10800][17:58:32:377490][info  ] RTSpatialRefiner 0x790ca3d29630 (Used 2 MB), Loaded Geometries, ProbeArray 100000, Loaded 15, Type Point
[LIBGPUSPATIAL] [ 10799][17:58:32:377533][info  ] RTSpatialIndex 0x790ca000a7d0 (Used 1 MB), Probe Points, Size: 100000, Results: 12
[LIBGPUSPATIAL] [ 10800][17:58:32:377538][info  ] RTSpatialRefiner 0x790ca3d29630 (Used 1 MB), Evaluating 15 Geometry Pairs with Predicate Intersects
[LIBGPUSPATIAL] [ 10796][17:58:32:377994][info  ] RTSpatialIndex 0x790ca000a7d0 (Used 1 MB), Allocate result buffer, memory consumption 0 MB, capacity 13
[LIBGPUSPATIAL] [ 10799][17:58:32:378191][info  ] RTSpatialRefiner 0x790ca3d29630 (Used 1 MB), Loaded Geometries, ProbeArray 100000, Loaded 12, Type Point
[LIBGPUSPATIAL] [ 10799][17:58:32:378278][info  ] RTSpatialRefiner 0x790ca3d29630 (Used 1 MB), Evaluating 12 Geometry Pairs with Predicate Intersects
[LIBGPUSPATIAL] [ 10797][17:58:32:378343][info  ] RTSpatialIndex 0x790ca000a7d0 (Used 1 MB), Allocate result buffer, memory consumption 0 MB, capacity 15
[LIBGPUSPATIAL] [ 10796][17:58:32:378671][info  ] RTSpatialIndex 0x790ca000a7d0 (Used 1 MB), Probe Points, Size: 100000, Results: 13
[LIBGPUSPATIAL] [ 10797][17:58:32:378955][info  ] RTSpatialIndex 0x790ca000a7d0 (Used 0 MB), Probe Points, Size: 100000, Results: 15
[LIBGPUSPATIAL] [ 10802][17:58:32:379919][info  ] RTSpatialIndex 0x790ca000a7d0 (Used 0 MB), Allocate result buffer, memory consumption 0 MB, capacity 21
[LIBGPUSPATIAL] [ 10802][17:58:32:380063][info  ] RTSpatialIndex 0x790ca000a7d0 (Used 0 MB), Probe Points, Size: 100000, Results: 21
[LIBGPUSPATIAL] [ 10797][17:58:32:380229][info  ] RTSpatialRefiner 0x790ca3d29630 (Used 0 MB), Loaded Geometries, ProbeArray 100000, Loaded 15, Type Point
[LIBGPUSPATIAL] [ 10797][17:58:32:380270][info  ] RTSpatialRefiner 0x790ca3d29630 (Used 0 MB), Evaluating 15 Geometry Pairs with Predicate Intersects
[LIBGPUSPATIAL] [ 10796][17:58:32:380513][info  ] RTSpatialRefiner 0x790ca3d29630 (Used 0 MB), Loaded Geometries, ProbeArray 100000, Loaded 13, Type Point
[LIBGPUSPATIAL] [ 10796][17:58:32:380551][info  ] RTSpatialRefiner 0x790ca3d29630 (Used 0 MB), Evaluating 13 Geometry Pairs with Predicate Intersects
[LIBGPUSPATIAL] [ 10802][17:58:32:380827][info  ] RTSpatialRefiner 0x790ca3d29630 (Used 0 MB), Loaded Geometries, ProbeArray 100000, Loaded 21, Type Point
[LIBGPUSPATIAL] [ 10802][17:58:32:380897][info  ] RTSpatialRefiner 0x790ca3d29630 (Used 0 MB), Evaluating 21 Geometry Pairs with Predicate Intersects
[LIBGPUSPATIAL] [ 10801][17:58:32:383644][info  ] RTSpatialIndex 0x790ca000a7d0 (Used 0 MB), Allocate result buffer, memory consumption 0 MB, capacity 15
[LIBGPUSPATIAL] [ 10801][17:58:32:383772][info  ] RTSpatialIndex 0x790ca000a7d0 (Used 0 MB), Probe Points, Size: 100000, Results: 15
[LIBGPUSPATIAL] [ 10801][17:58:32:384103][info  ] RTSpatialRefiner 0x790ca3d29630 (Used 0 MB), Loaded Geometries, ProbeArray 100000, Loaded 15, Type Point
[LIBGPUSPATIAL] [ 10801][17:58:32:384145][info  ] RTSpatialRefiner 0x790ca3d29630 (Used 0 MB), Evaluating 15 Geometry Pairs with Predicate Intersects
[LIBGPUSPATIAL] [ 10803][17:58:32:386484][info  ] RTSpatialIndex 0x790ca000a7d0 (Used 0 MB), Allocate result buffer, memory consumption 0 MB, capacity 13
[LIBGPUSPATIAL] [ 10803][17:58:32:386616][info  ] RTSpatialIndex 0x790ca000a7d0 (Used 0 MB), Probe Points, Size: 100000, Results: 13
[LIBGPUSPATIAL] [ 10803][17:58:32:387148][info  ] RTSpatialRefiner 0x790ca3d29630 (Used 0 MB), Loaded Geometries, ProbeArray 100000, Loaded 13, Type Point
[LIBGPUSPATIAL] [ 10803][17:58:32:387192][info  ] RTSpatialRefiner 0x790ca3d29630 (Used 0 MB), Evaluating 13 Geometry Pairs with Predicate Intersects
[LIBGPUSPATIAL] [ 10798][17:58:32:388667][info  ] RTSpatialIndex 0x790ca000a7d0 (Used 0 MB), Allocate result buffer, memory consumption 0 MB, capacity 13
[LIBGPUSPATIAL] [ 10798][17:58:32:388794][info  ] RTSpatialIndex 0x790ca000a7d0 (Used 0 MB), Probe Points, Size: 100000, Results: 13
[LIBGPUSPATIAL] [ 10798][17:58:32:389177][info  ] RTSpatialRefiner 0x790ca3d29630 (Used 0 MB), Loaded Geometries, ProbeArray 100000, Loaded 13, Type Point
[LIBGPUSPATIAL] [ 10798][17:58:32:389221][info  ] RTSpatialRefiner 0x790ca3d29630 (Used 0 MB), Evaluating 13 Geometry Pairs with Predicate Intersects
[LIBGPUSPATIAL] [ 10800][17:58:32:391454][info  ] RTSpatialIndex 0x790ca000a7d0 (Used 0 MB), Allocate result buffer, memory consumption 0 MB, capacity 19
[LIBGPUSPATIAL] [ 10800][17:58:32:391586][info  ] RTSpatialIndex 0x790ca000a7d0 (Used 0 MB), Probe Points, Size: 100000, Results: 19
[LIBGPUSPATIAL] [ 10800][17:58:32:392027][info  ] RTSpatialRefiner 0x790ca3d29630 (Used 1 MB), Loaded Geometries, ProbeArray 100000, Loaded 19, Type Point
[LIBGPUSPATIAL] [ 10800][17:58:32:392087][info  ] RTSpatialRefiner 0x790ca3d29630 (Used 1 MB), Evaluating 19 Geometry Pairs with Predicate Intersects
[LIBGPUSPATIAL] [ 10799][17:58:32:392442][info  ] RTSpatialIndex 0x790ca000a7d0 (Used 0 MB), Allocate result buffer, memory consumption 0 MB, capacity 16
[LIBGPUSPATIAL] [ 10799][17:58:32:392812][info  ] RTSpatialIndex 0x790ca000a7d0 (Used 2 MB), Probe Points, Size: 100000, Results: 16
[LIBGPUSPATIAL] [ 10797][17:58:32:393240][info  ] RTSpatialIndex 0x790ca000a7d0 (Used 0 MB), Allocate result buffer, memory consumption 0 MB, capacity 12
[LIBGPUSPATIAL] [ 10799][17:58:32:393427][info  ] RTSpatialRefiner 0x790ca3d29630 (Used 0 MB), Loaded Geometries, ProbeArray 100000, Loaded 16, Type Point
[LIBGPUSPATIAL] [ 10799][17:58:32:393476][info  ] RTSpatialRefiner 0x790ca3d29630 (Used 0 MB), Evaluating 16 Geometry Pairs with Predicate Intersects
[LIBGPUSPATIAL] [ 10797][17:58:32:393485][info  ] RTSpatialIndex 0x790ca000a7d0 (Used 0 MB), Probe Points, Size: 100000, Results: 12
[LIBGPUSPATIAL] [ 10797][17:58:32:393793][info  ] RTSpatialRefiner 0x790ca3d29630 (Used 0 MB), Loaded Geometries, ProbeArray 100000, Loaded 12, Type Point
[LIBGPUSPATIAL] [ 10797][17:58:32:393854][info  ] RTSpatialRefiner 0x790ca3d29630 (Used 0 MB), Evaluating 12 Geometry Pairs with Predicate Intersects
[LIBGPUSPATIAL] [ 10796][17:58:32:395105][info  ] RTSpatialIndex 0x790ca000a7d0 (Used 2 MB), Allocate result buffer, memory consumption 0 MB, capacity 22
[LIBGPUSPATIAL] [ 10796][17:58:32:395638][info  ] RTSpatialIndex 0x790ca000a7d0 (Used 1 MB), Probe Points, Size: 100000, Results: 22
[LIBGPUSPATIAL] [ 10802][17:58:32:395712][info  ] RTSpatialIndex 0x790ca000a7d0 (Used 0 MB), Allocate result buffer, memory consumption 0 MB, capacity 10
[LIBGPUSPATIAL] [ 10802][17:58:32:396068][info  ] RTSpatialIndex 0x790ca000a7d0 (Used 0 MB), Probe Points, Size: 100000, Results: 10
[LIBGPUSPATIAL] [ 10796][17:58:32:396587][info  ] RTSpatialRefiner 0x790ca3d29630 (Used 1 MB), Loaded Geometries, ProbeArray 100000, Loaded 22, Type Point
[LIBGPUSPATIAL] [ 10796][17:58:32:396631][info  ] RTSpatialRefiner 0x790ca3d29630 (Used 1 MB), Evaluating 22 Geometry Pairs with Predicate Intersects
[LIBGPUSPATIAL] [ 10802][17:58:32:396656][info  ] RTSpatialRefiner 0x790ca3d29630 (Used 1 MB), Loaded Geometries, ProbeArray 100000, Loaded 10, Type Point
[LIBGPUSPATIAL] [ 10802][17:58:32:396805][info  ] RTSpatialRefiner 0x790ca3d29630 (Used 0 MB), Evaluating 10 Geometry Pairs with Predicate Intersects
[LIBGPUSPATIAL] [ 10801][17:58:32:397047][info  ] RTSpatialIndex 0x790ca000a7d0 (Used 0 MB), Allocate result buffer, memory consumption 0 MB, capacity 9
[LIBGPUSPATIAL] [ 10801][17:58:32:397442][info  ] RTSpatialIndex 0x790ca000a7d0 (Used 0 MB), Probe Points, Size: 100000, Results: 9
[LIBGPUSPATIAL] [ 10801][17:58:32:397859][info  ] RTSpatialRefiner 0x790ca3d29630 (Used 0 MB), Loaded Geometries, ProbeArray 100000, Loaded 9, Type Point
[LIBGPUSPATIAL] [ 10801][17:58:32:397925][info  ] RTSpatialRefiner 0x790ca3d29630 (Used 0 MB), Evaluating 9 Geometry Pairs with Predicate Intersects
[LIBGPUSPATIAL] [ 10803][17:58:32:399901][info  ] RTSpatialIndex 0x790ca000a7d0 (Used 0 MB), Allocate result buffer, memory consumption 0 MB, capacity 14
[LIBGPUSPATIAL] [ 10803][17:58:32:400041][info  ] RTSpatialIndex 0x790ca000a7d0 (Used 0 MB), Probe Points, Size: 100000, Results: 14
[LIBGPUSPATIAL] [ 10798][17:58:32:402813][info  ] RTSpatialIndex 0x790ca000a7d0 (Used 0 MB), Allocate result buffer, memory consumption 0 MB, capacity 11
[LIBGPUSPATIAL] [ 10798][17:58:32:403212][info  ] RTSpatialIndex 0x790ca000a7d0 (Used 0 MB), Probe Points, Size: 100000, Results: 11
[LIBGPUSPATIAL] [ 10803][17:58:32:403301][info  ] RTSpatialRefiner 0x790ca3d29630 (Used 0 MB), Loaded Geometries, ProbeArray 100000, Loaded 14, Type Point
[LIBGPUSPATIAL] [ 10803][17:58:32:403358][info  ] RTSpatialRefiner 0x790ca3d29630 (Used 0 MB), Evaluating 14 Geometry Pairs with Predicate Intersects
[LIBGPUSPATIAL] [ 10798][17:58:32:403610][info  ] RTSpatialRefiner 0x790ca3d29630 (Used 0 MB), Loaded Geometries, ProbeArray 100000, Loaded 11, Type Point
[LIBGPUSPATIAL] [ 10798][17:58:32:403654][info  ] RTSpatialRefiner 0x790ca3d29630 (Used 0 MB), Evaluating 11 Geometry Pairs with Predicate Intersects
[LIBGPUSPATIAL] [ 10800][17:58:32:406061][info  ] RTSpatialIndex 0x790ca000a7d0 (Used 0 MB), Allocate result buffer, memory consumption 0 MB, capacity 22
[LIBGPUSPATIAL] [ 10800][17:58:32:406209][info  ] RTSpatialIndex 0x790ca000a7d0 (Used 0 MB), Probe Points, Size: 100000, Results: 22
[LIBGPUSPATIAL] [ 10800][17:58:32:406927][info  ] RTSpatialRefiner 0x790ca3d29630 (Used 3 MB), Loaded Geometries, ProbeArray 100000, Loaded 22, Type Point
[LIBGPUSPATIAL] [ 10800][17:58:32:406972][info  ] RTSpatialRefiner 0x790ca3d29630 (Used 1 MB), Evaluating 22 Geometry Pairs with Predicate Intersects
[LIBGPUSPATIAL] [ 10797][17:58:32:407262][info  ] RTSpatialIndex 0x790ca000a7d0 (Used 1 MB), Allocate result buffer, memory consumption 0 MB, capacity 8
[LIBGPUSPATIAL] [ 10799][17:58:32:407327][info  ] RTSpatialIndex 0x790ca000a7d0 (Used 1 MB), Allocate result buffer, memory consumption 0 MB, capacity 11
[LIBGPUSPATIAL] [ 10797][17:58:32:407513][info  ] RTSpatialIndex 0x790ca000a7d0 (Used 1 MB), Probe Points, Size: 100000, Results: 8
[LIBGPUSPATIAL] [ 10799][17:58:32:407661][info  ] RTSpatialIndex 0x790ca000a7d0 (Used 0 MB), Probe Points, Size: 100000, Results: 11
[LIBGPUSPATIAL] [ 10797][17:58:32:407939][info  ] RTSpatialRefiner 0x790ca3d29630 (Used 0 MB), Loaded Geometries, ProbeArray 100000, Loaded 8, Type Point
[LIBGPUSPATIAL] [ 10797][17:58:32:407984][info  ] RTSpatialRefiner 0x790ca3d29630 (Used 0 MB), Evaluating 8 Geometry Pairs with Predicate Intersects
[LIBGPUSPATIAL] [ 10799][17:58:32:408085][info  ] RTSpatialRefiner 0x790ca3d29630 (Used 0 MB), Loaded Geometries, ProbeArray 100000, Loaded 11, Type Point
[LIBGPUSPATIAL] [ 10799][17:58:32:408126][info  ] RTSpatialRefiner 0x790ca3d29630 (Used 0 MB), Evaluating 11 Geometry Pairs with Predicate Intersects
[LIBGPUSPATIAL] [ 10796][17:58:32:408749][info  ] RTSpatialIndex 0x790ca000a7d0 (Used 0 MB), Allocate result buffer, memory consumption 0 MB, capacity 15
[LIBGPUSPATIAL] [ 10796][17:58:32:409248][info  ] RTSpatialIndex 0x790ca000a7d0 (Used 0 MB), Probe Points, Size: 100000, Results: 15
[LIBGPUSPATIAL] [ 10801][17:58:32:411193][info  ] RTSpatialIndex 0x790ca000a7d0 (Used 1 MB), Allocate result buffer, memory consumption 0 MB, capacity 14
[LIBGPUSPATIAL] [ 10802][17:58:32:411242][info  ] RTSpatialIndex 0x790ca000a7d0 (Used 1 MB), Allocate result buffer, memory consumption 0 MB, capacity 14
[LIBGPUSPATIAL] [ 10801][17:58:32:411464][info  ] RTSpatialIndex 0x790ca000a7d0 (Used 1 MB), Probe Points, Size: 100000, Results: 14
[LIBGPUSPATIAL] [ 10796][17:58:32:411753][info  ] RTSpatialRefiner 0x790ca3d29630 (Used 0 MB), Loaded Geometries, ProbeArray 100000, Loaded 15, Type Point
[LIBGPUSPATIAL] [ 10796][17:58:32:411797][info  ] RTSpatialRefiner 0x790ca3d29630 (Used 0 MB), Evaluating 15 Geometry Pairs with Predicate Intersects
[LIBGPUSPATIAL] [ 10802][17:58:32:411854][info  ] RTSpatialIndex 0x790ca000a7d0 (Used 0 MB), Probe Points, Size: 100000, Results: 14
[LIBGPUSPATIAL] [ 10801][17:58:32:412138][info  ] RTSpatialRefiner 0x790ca3d29630 (Used 0 MB), Loaded Geometries, ProbeArray 100000, Loaded 14, Type Point
[LIBGPUSPATIAL] [ 10801][17:58:32:412177][info  ] RTSpatialRefiner 0x790ca3d29630 (Used 0 MB), Evaluating 14 Geometry Pairs with Predicate Intersects
[LIBGPUSPATIAL] [ 10802][17:58:32:412269][info  ] RTSpatialRefiner 0x790ca3d29630 (Used 0 MB), Loaded Geometries, ProbeArray 100000, Loaded 14, Type Point
[LIBGPUSPATIAL] [ 10802][17:58:32:412308][info  ] RTSpatialRefiner 0x790ca3d29630 (Used 0 MB), Evaluating 14 Geometry Pairs with Predicate Intersects
[LIBGPUSPATIAL] [ 10803][17:58:32:417018][info  ] RTSpatialIndex 0x790ca000a7d0 (Used 0 MB), Allocate result buffer, memory consumption 0 MB, capacity 14
[LIBGPUSPATIAL] [ 10803][17:58:32:417156][info  ] RTSpatialIndex 0x790ca000a7d0 (Used 0 MB), Probe Points, Size: 100000, Results: 14
[LIBGPUSPATIAL] [ 10803][17:58:32:417513][info  ] RTSpatialRefiner 0x790ca3d29630 (Used 0 MB), Loaded Geometries, ProbeArray 100000, Loaded 14, Type Point
[LIBGPUSPATIAL] [ 10803][17:58:32:417570][info  ] RTSpatialRefiner 0x790ca3d29630 (Used 1 MB), Evaluating 14 Geometry Pairs with Predicate Intersects
[LIBGPUSPATIAL] [ 10798][17:58:32:418084][info  ] RTSpatialIndex 0x790ca000a7d0 (Used 0 MB), Allocate result buffer, memory consumption 0 MB, capacity 17
[LIBGPUSPATIAL] [ 10798][17:58:32:418391][info  ] RTSpatialIndex 0x790ca000a7d0 (Used 0 MB), Probe Points, Size: 100000, Results: 17
[LIBGPUSPATIAL] [ 10798][17:58:32:419108][info  ] RTSpatialRefiner 0x790ca3d29630 (Used 0 MB), Loaded Geometries, ProbeArray 100000, Loaded 17, Type Point
[LIBGPUSPATIAL] [ 10798][17:58:32:419169][info  ] RTSpatialRefiner 0x790ca3d29630 (Used 0 MB), Evaluating 17 Geometry Pairs with Predicate Intersects
[LIBGPUSPATIAL] [ 10800][17:58:32:420220][info  ] RTSpatialIndex 0x790ca000a7d0 (Used 0 MB), Allocate result buffer, memory consumption 0 MB, capacity 16
[LIBGPUSPATIAL] [ 10800][17:58:32:420340][info  ] RTSpatialIndex 0x790ca000a7d0 (Used 0 MB), Probe Points, Size: 100000, Results: 16
[LIBGPUSPATIAL] [ 10800][17:58:32:420681][info  ] RTSpatialRefiner 0x790ca3d29630 (Used 0 MB), Loaded Geometries, ProbeArray 100000, Loaded 16, Type Point
[LIBGPUSPATIAL] [ 10800][17:58:32:420726][info  ] RTSpatialRefiner 0x790ca3d29630 (Used 0 MB), Evaluating 16 Geometry Pairs with Predicate Intersects
[LIBGPUSPATIAL] [ 10797][17:58:32:421665][info  ] RTSpatialIndex 0x790ca000a7d0 (Used 2 MB), Allocate result buffer, memory consumption 0 MB, capacity 10
[LIBGPUSPATIAL] [ 10797][17:58:32:422241][info  ] RTSpatialIndex 0x790ca000a7d0 (Used 1 MB), Probe Points, Size: 100000, Results: 10
[LIBGPUSPATIAL] [ 10799][17:58:32:422308][info  ] RTSpatialIndex 0x790ca000a7d0 (Used 0 MB), Allocate result buffer, memory consumption 0 MB, capacity 15
[LIBGPUSPATIAL] [ 10799][17:58:32:422520][info  ] RTSpatialIndex 0x790ca000a7d0 (Used 0 MB), Probe Points, Size: 100000, Results: 15
[LIBGPUSPATIAL] [ 10797][17:58:32:422636][info  ] RTSpatialRefiner 0x790ca3d29630 (Used 0 MB), Loaded Geometries, ProbeArray 100000, Loaded 10, Type Point
[LIBGPUSPATIAL] [ 10797][17:58:32:422679][info  ] RTSpatialRefiner 0x790ca3d29630 (Used 0 MB), Evaluating 10 Geometry Pairs with Predicate Intersects
[LIBGPUSPATIAL] [ 10799][17:58:32:423035][info  ] RTSpatialRefiner 0x790ca3d29630 (Used 0 MB), Loaded Geometries, ProbeArray 100000, Loaded 15, Type Point
[LIBGPUSPATIAL] [ 10799][17:58:32:423148][info  ] RTSpatialRefiner 0x790ca3d29630 (Used 0 MB), Evaluating 15 Geometry Pairs with Predicate Intersects
[LIBGPUSPATIAL] [ 10801][17:58:32:425886][info  ] RTSpatialIndex 0x790ca000a7d0 (Used 3 MB), Allocate result buffer, memory consumption 0 MB, capacity 20
[LIBGPUSPATIAL] [ 10796][17:58:32:425918][info  ] RTSpatialIndex 0x790ca000a7d0 (Used 3 MB), Allocate result buffer, memory consumption 0 MB, capacity 14
[LIBGPUSPATIAL] [ 10801][17:58:32:426429][info  ] RTSpatialIndex 0x790ca000a7d0 (Used 2 MB), Probe Points, Size: 100000, Results: 20
[LIBGPUSPATIAL] [ 10796][17:58:32:426574][info  ] RTSpatialIndex 0x790ca000a7d0 (Used 1 MB), Probe Points, Size: 100000, Results: 14
[LIBGPUSPATIAL] [ 10802][17:58:32:426705][info  ] RTSpatialIndex 0x790ca000a7d0 (Used 0 MB), Allocate result buffer, memory consumption 0 MB, capacity 14
[LIBGPUSPATIAL] [ 10802][17:58:32:427159][info  ] RTSpatialIndex 0x790ca000a7d0 (Used 0 MB), Probe Points, Size: 100000, Results: 14
[LIBGPUSPATIAL] [ 10796][17:58:32:427184][info  ] RTSpatialRefiner 0x790ca3d29630 (Used 0 MB), Loaded Geometries, ProbeArray 100000, Loaded 14, Type Point
[LIBGPUSPATIAL] [ 10796][17:58:32:427225][info  ] RTSpatialRefiner 0x790ca3d29630 (Used 0 MB), Evaluating 14 Geometry Pairs with Predicate Intersects
[LIBGPUSPATIAL] [ 10801][17:58:32:427372][info  ] RTSpatialRefiner 0x790ca3d29630 (Used 0 MB), Loaded Geometries, ProbeArray 100000, Loaded 20, Type Point
[LIBGPUSPATIAL] [ 10801][17:58:32:427460][info  ] RTSpatialRefiner 0x790ca3d29630 (Used 0 MB), Evaluating 20 Geometry Pairs with Predicate Intersects
[LIBGPUSPATIAL] [ 10802][17:58:32:429934][info  ] RTSpatialRefiner 0x790ca3d29630 (Used 0 MB), Loaded Geometries, ProbeArray 100000, Loaded 14, Type Point
[LIBGPUSPATIAL] [ 10802][17:58:32:429985][info  ] RTSpatialRefiner 0x790ca3d29630 (Used 0 MB), Evaluating 14 Geometry Pairs with Predicate Intersects
[LIBGPUSPATIAL] [ 10803][17:58:32:431737][info  ] RTSpatialIndex 0x790ca000a7d0 (Used 0 MB), Allocate result buffer, memory consumption 0 MB, capacity 17
[LIBGPUSPATIAL] [ 10803][17:58:32:431877][info  ] RTSpatialIndex 0x790ca000a7d0 (Used 0 MB), Probe Points, Size: 100000, Results: 17
[LIBGPUSPATIAL] [ 10800][17:58:32:433389][info  ] RTSpatialIndex 0x790ca000a7d0 (Used 0 MB), Allocate result buffer, memory consumption 0 MB, capacity 17
[LIBGPUSPATIAL] [ 10800][17:58:32:433548][info  ] RTSpatialIndex 0x790ca000a7d0 (Used 2 MB), Probe Points, Size: 100000, Results: 17
[LIBGPUSPATIAL] [ 10803][17:58:32:433789][info  ] RTSpatialRefiner 0x790ca3d29630 (Used 1 MB), Loaded Geometries, ProbeArray 100000, Loaded 17, Type Point
[LIBGPUSPATIAL] [ 10803][17:58:32:433866][info  ] RTSpatialRefiner 0x790ca3d29630 (Used 0 MB), Evaluating 17 Geometry Pairs with Predicate Intersects
[LIBGPUSPATIAL] [ 10798][17:58:32:434009][info  ] RTSpatialIndex 0x790ca000a7d0 (Used 0 MB), Allocate result buffer, memory consumption 0 MB, capacity 11
[LIBGPUSPATIAL] [ 10800][17:58:32:434156][info  ] RTSpatialRefiner 0x790ca3d29630 (Used 0 MB), Loaded Geometries, ProbeArray 100000, Loaded 17, Type Point
[LIBGPUSPATIAL] [ 10800][17:58:32:434236][info  ] RTSpatialRefiner 0x790ca3d29630 (Used 0 MB), Evaluating 17 Geometry Pairs with Predicate Intersects
[LIBGPUSPATIAL] [ 10798][17:58:32:434447][info  ] RTSpatialIndex 0x790ca000a7d0 (Used 2 MB), Probe Points, Size: 100000, Results: 11
[LIBGPUSPATIAL] [ 10798][17:58:32:434938][info  ] RTSpatialRefiner 0x790ca3d29630 (Used 0 MB), Loaded Geometries, ProbeArray 100000, Loaded 11, Type Point
[LIBGPUSPATIAL] [ 10797][17:58:32:434946][info  ] RTSpatialIndex 0x790ca000a7d0 (Used 0 MB), Allocate result buffer, memory consumption 0 MB, capacity 16
[LIBGPUSPATIAL] [ 10798][17:58:32:435007][info  ] RTSpatialRefiner 0x790ca3d29630 (Used 0 MB), Evaluating 11 Geometry Pairs with Predicate Intersects
[LIBGPUSPATIAL] [ 10797][17:58:32:435576][info  ] RTSpatialIndex 0x790ca000a7d0 (Used 0 MB), Probe Points, Size: 100000, Results: 16
[LIBGPUSPATIAL] [ 10797][17:58:32:436113][info  ] RTSpatialRefiner 0x790ca3d29630 (Used 0 MB), Loaded Geometries, ProbeArray 100000, Loaded 16, Type Point
[LIBGPUSPATIAL] [ 10797][17:58:32:436162][info  ] RTSpatialRefiner 0x790ca3d29630 (Used 0 MB), Evaluating 16 Geometry Pairs with Predicate Intersects
[LIBGPUSPATIAL] [ 10799][17:58:32:437056][info  ] RTSpatialIndex 0x790ca000a7d0 (Used 0 MB), Allocate result buffer, memory consumption 0 MB, capacity 17
[LIBGPUSPATIAL] [ 10799][17:58:32:437179][info  ] RTSpatialIndex 0x790ca000a7d0 (Used 0 MB), Probe Points, Size: 100000, Results: 17
[LIBGPUSPATIAL] [ 10799][17:58:32:439151][info  ] RTSpatialRefiner 0x790ca3d29630 (Used 0 MB), Loaded Geometries, ProbeArray 100000, Loaded 17, Type Point
[LIBGPUSPATIAL] [ 10799][17:58:32:439198][info  ] RTSpatialRefiner 0x790ca3d29630 (Used 0 MB), Evaluating 17 Geometry Pairs with Predicate Intersects
[LIBGPUSPATIAL] [ 10796][17:58:32:440120][info  ] RTSpatialIndex 0x790ca000a7d0 (Used 0 MB), Allocate result buffer, memory consumption 0 MB, capacity 11
[LIBGPUSPATIAL] [ 10796][17:58:32:440608][info  ] RTSpatialIndex 0x790ca000a7d0 (Used 1 MB), Probe Points, Size: 100000, Results: 11
[LIBGPUSPATIAL] [ 10801][17:58:32:440672][info  ] RTSpatialIndex 0x790ca000a7d0 (Used 0 MB), Allocate result buffer, memory consumption 0 MB, capacity 16
[LIBGPUSPATIAL] [ 10801][17:58:32:441017][info  ] RTSpatialIndex 0x790ca000a7d0 (Used 0 MB), Probe Points, Size: 100000, Results: 16
[LIBGPUSPATIAL] [ 10796][17:58:32:442119][info  ] RTSpatialRefiner 0x790ca3d29630 (Used 0 MB), Loaded Geometries, ProbeArray 100000, Loaded 11, Type Point
[LIBGPUSPATIAL] [ 10796][17:58:32:442163][info  ] RTSpatialRefiner 0x790ca3d29630 (Used 0 MB), Evaluating 11 Geometry Pairs with Predicate Intersects
[LIBGPUSPATIAL] [ 10801][17:58:32:442887][info  ] RTSpatialRefiner 0x790ca3d29630 (Used 0 MB), Loaded Geometries, ProbeArray 100000, Loaded 16, Type Point
[LIBGPUSPATIAL] [ 10802][17:58:32:442932][info  ] RTSpatialIndex 0x790ca000a7d0 (Used 0 MB), Allocate result buffer, memory consumption 0 MB, capacity 14
[LIBGPUSPATIAL] [ 10801][17:58:32:442936][info  ] RTSpatialRefiner 0x790ca3d29630 (Used 0 MB), Evaluating 16 Geometry Pairs with Predicate Intersects
[LIBGPUSPATIAL] [ 10802][17:58:32:443348][info  ] RTSpatialIndex 0x790ca000a7d0 (Used 0 MB), Probe Points, Size: 100000, Results: 14
[LIBGPUSPATIAL] [ 10802][17:58:32:443829][info  ] RTSpatialRefiner 0x790ca3d29630 (Used 0 MB), Loaded Geometries, ProbeArray 100000, Loaded 14, Type Point
[LIBGPUSPATIAL] [ 10802][17:58:32:443912][info  ] RTSpatialRefiner 0x790ca3d29630 (Used 0 MB), Evaluating 14 Geometry Pairs with Predicate Intersects
[LIBGPUSPATIAL] [ 10798][17:58:32:448563][info  ] RTSpatialIndex 0x790ca000a7d0 (Used 2 MB), Allocate result buffer, memory consumption 0 MB, capacity 17
[LIBGPUSPATIAL] [ 10800][17:58:32:448612][info  ] RTSpatialIndex 0x790ca000a7d0 (Used 2 MB), Allocate result buffer, memory consumption 0 MB, capacity 11
[LIBGPUSPATIAL] [ 10803][17:58:32:448674][info  ] RTSpatialIndex 0x790ca000a7d0 (Used 3 MB), Allocate result buffer, memory consumption 0 MB, capacity 15
[LIBGPUSPATIAL] [ 10798][17:58:32:449234][info  ] RTSpatialIndex 0x790ca000a7d0 (Used 3 MB), Probe Points, Size: 100000, Results: 17
[LIBGPUSPATIAL] [ 10800][17:58:32:449344][info  ] RTSpatialIndex 0x790ca000a7d0 (Used 2 MB), Probe Points, Size: 100000, Results: 11
[LIBGPUSPATIAL] [ 10803][17:58:32:449461][info  ] RTSpatialIndex 0x790ca000a7d0 (Used 1 MB), Probe Points, Size: 100000, Results: 15
[LIBGPUSPATIAL] [ 10797][17:58:32:449537][info  ] RTSpatialIndex 0x790ca000a7d0 (Used 0 MB), Allocate result buffer, memory consumption 0 MB, capacity 17
[LIBGPUSPATIAL] [ 10797][17:58:32:449984][info  ] RTSpatialIndex 0x790ca000a7d0 (Used 0 MB), Probe Points, Size: 100000, Results: 17
[LIBGPUSPATIAL] [ 10800][17:58:32:450065][info  ] RTSpatialRefiner 0x790ca3d29630 (Used 0 MB), Loaded Geometries, ProbeArray 100000, Loaded 11, Type Point
[LIBGPUSPATIAL] [ 10800][17:58:32:450148][info  ] RTSpatialRefiner 0x790ca3d29630 (Used 0 MB), Evaluating 11 Geometry Pairs with Predicate Intersects
[LIBGPUSPATIAL] [ 10798][17:58:32:450260][info  ] RTSpatialRefiner 0x790ca3d29630 (Used 0 MB), Loaded Geometries, ProbeArray 100000, Loaded 17, Type Point
[LIBGPUSPATIAL] [ 10798][17:58:32:450334][info  ] RTSpatialRefiner 0x790ca3d29630 (Used 0 MB), Evaluating 17 Geometry Pairs with Predicate Intersects
[LIBGPUSPATIAL] [ 10803][17:58:32:450369][info  ] RTSpatialRefiner 0x790ca3d29630 (Used 0 MB), Loaded Geometries, ProbeArray 100000, Loaded 15, Type Point
[LIBGPUSPATIAL] [ 10803][17:58:32:450415][info  ] RTSpatialRefiner 0x790ca3d29630 (Used 0 MB), Evaluating 15 Geometry Pairs with Predicate Intersects
[LIBGPUSPATIAL] [ 10797][17:58:32:450424][info  ] RTSpatialRefiner 0x790ca3d29630 (Used 0 MB), Loaded Geometries, ProbeArray 100000, Loaded 17, Type Point
[LIBGPUSPATIAL] [ 10797][17:58:32:450460][info  ] RTSpatialRefiner 0x790ca3d29630 (Used 0 MB), Evaluating 17 Geometry Pairs with Predicate Intersects
[LIBGPUSPATIAL] [ 10799][17:58:32:452677][info  ] RTSpatialIndex 0x790ca000a7d0 (Used 0 MB), Allocate result buffer, memory consumption 0 MB, capacity 16
[LIBGPUSPATIAL] [ 10799][17:58:32:452813][info  ] RTSpatialIndex 0x790ca000a7d0 (Used 0 MB), Probe Points, Size: 100000, Results: 16
[LIBGPUSPATIAL] [ 10799][17:58:32:453820][info  ] RTSpatialRefiner 0x790ca3d29630 (Used 0 MB), Loaded Geometries, ProbeArray 100000, Loaded 16, Type Point
[LIBGPUSPATIAL] [ 10799][17:58:32:453884][info  ] RTSpatialRefiner 0x790ca3d29630 (Used 0 MB), Evaluating 16 Geometry Pairs with Predicate Intersects
[LIBGPUSPATIAL] [ 10796][17:58:32:454652][info  ] RTSpatialIndex 0x790ca000a7d0 (Used 0 MB), Allocate result buffer, memory consumption 0 MB, capacity 15
[LIBGPUSPATIAL] [ 10796][17:58:32:454769][info  ] RTSpatialIndex 0x790ca000a7d0 (Used 0 MB), Probe Points, Size: 100000, Results: 15
[LIBGPUSPATIAL] [ 10796][17:58:32:455328][info  ] RTSpatialRefiner 0x790ca3d29630 (Used 1 MB), Loaded Geometries, ProbeArray 100000, Loaded 15, Type Point
[LIBGPUSPATIAL] [ 10796][17:58:32:455428][info  ] RTSpatialRefiner 0x790ca3d29630 (Used 0 MB), Evaluating 15 Geometry Pairs with Predicate Intersects
[LIBGPUSPATIAL] [ 10801][17:58:32:455456][info  ] RTSpatialIndex 0x790ca000a7d0 (Used 0 MB), Allocate result buffer, memory consumption 0 MB, capacity 9
[LIBGPUSPATIAL] [ 10801][17:58:32:455817][info  ] RTSpatialIndex 0x790ca000a7d0 (Used 0 MB), Probe Points, Size: 100000, Results: 9
[LIBGPUSPATIAL] [ 10801][17:58:32:456255][info  ] RTSpatialRefiner 0x790ca3d29630 (Used 0 MB), Loaded Geometries, ProbeArray 100000, Loaded 9, Type Point
[LIBGPUSPATIAL] [ 10801][17:58:32:456312][info  ] RTSpatialRefiner 0x790ca3d29630 (Used 0 MB), Evaluating 9 Geometry Pairs with Predicate Intersects
[LIBGPUSPATIAL] [ 10802][17:58:32:456963][info  ] RTSpatialIndex 0x790ca000a7d0 (Used 0 MB), Allocate result buffer, memory consumption 0 MB, capacity 19
[LIBGPUSPATIAL] [ 10802][17:58:32:457260][info  ] RTSpatialIndex 0x790ca000a7d0 (Used 0 MB), Probe Points, Size: 100000, Results: 19
[LIBGPUSPATIAL] [ 10802][17:58:32:457673][info  ] RTSpatialRefiner 0x790ca3d29630 (Used 0 MB), Loaded Geometries, ProbeArray 100000, Loaded 19, Type Point
[LIBGPUSPATIAL] [ 10802][17:58:32:457721][info  ] RTSpatialRefiner 0x790ca3d29630 (Used 0 MB), Evaluating 19 Geometry Pairs with Predicate Intersects
[LIBGPUSPATIAL] [ 10802][17:58:32:462881][info  ] RTSpatialIndex 0x790ca000a7d0 (Used 0 MB), Allocate result buffer, memory consumption 0 MB, capacity 8
[LIBGPUSPATIAL] [ 10802][17:58:32:463021][info  ] RTSpatialIndex 0x790ca000a7d0 (Used 0 MB), Probe Points, Size: 33333, Results: 8
[LIBGPUSPATIAL] [ 10800][17:58:32:463561][info  ] RTSpatialIndex 0x790ca000a7d0 (Used 0 MB), Allocate result buffer, memory consumption 0 MB, capacity 12
[LIBGPUSPATIAL] [ 10802][17:58:32:463592][info  ] RTSpatialRefiner 0x790ca3d29630 (Used 0 MB), Loaded Geometries, ProbeArray 33333, Loaded 8, Type Point
[LIBGPUSPATIAL] [ 10802][17:58:32:463650][info  ] RTSpatialRefiner 0x790ca3d29630 (Used 0 MB), Evaluating 8 Geometry Pairs with Predicate Intersects
[LIBGPUSPATIAL] [ 10800][17:58:32:463739][info  ] RTSpatialIndex 0x790ca000a7d0 (Used 0 MB), Probe Points, Size: 100000, Results: 12
[LIBGPUSPATIAL] [ 10800][17:58:32:464917][info  ] RTSpatialRefiner 0x790ca3d29630 (Used 3 MB), Loaded Geometries, ProbeArray 100000, Loaded 12, Type Point
[LIBGPUSPATIAL] [ 10800][17:58:32:464957][info  ] RTSpatialRefiner 0x790ca3d29630 (Used 3 MB), Evaluating 12 Geometry Pairs with Predicate Intersects
[LIBGPUSPATIAL] [ 10797][17:58:32:465252][info  ] RTSpatialIndex 0x790ca000a7d0 (Used 2 MB), Allocate result buffer, memory consumption 0 MB, capacity 24
[LIBGPUSPATIAL] [ 10803][17:58:32:465995][info  ] RTSpatialIndex 0x790ca000a7d0 (Used 2 MB), Allocate result buffer, memory consumption 0 MB, capacity 11
[LIBGPUSPATIAL] [ 10798][17:58:32:466269][info  ] RTSpatialIndex 0x790ca000a7d0 (Used 3 MB), Allocate result buffer, memory consumption 0 MB, capacity 14
[LIBGPUSPATIAL] [ 10797][17:58:32:466719][info  ] RTSpatialIndex 0x790ca000a7d0 (Used 3 MB), Probe Points, Size: 100000, Results: 24
[LIBGPUSPATIAL] [ 10803][17:58:32:466963][info  ] RTSpatialIndex 0x790ca000a7d0 (Used 2 MB), Probe Points, Size: 100000, Results: 11
[LIBGPUSPATIAL] [ 10798][17:58:32:467125][info  ] RTSpatialIndex 0x790ca000a7d0 (Used 1 MB), Probe Points, Size: 100000, Results: 14
[LIBGPUSPATIAL] [ 10799][17:58:32:467282][info  ] RTSpatialIndex 0x790ca000a7d0 (Used 0 MB), Allocate result buffer, memory consumption 0 MB, capacity 21
[LIBGPUSPATIAL] [ 10797][17:58:32:467613][info  ] RTSpatialRefiner 0x790ca3d29630 (Used 0 MB), Loaded Geometries, ProbeArray 100000, Loaded 24, Type Point
[LIBGPUSPATIAL] [ 10799][17:58:32:467823][info  ] RTSpatialIndex 0x790ca000a7d0 (Used 0 MB), Probe Points, Size: 100000, Results: 21
[LIBGPUSPATIAL] [ 10797][17:58:32:467831][info  ] RTSpatialRefiner 0x790ca3d29630 (Used 0 MB), Evaluating 24 Geometry Pairs with Predicate Intersects
[LIBGPUSPATIAL] [ 10798][17:58:32:468092][info  ] RTSpatialRefiner 0x790ca3d29630 (Used 0 MB), Loaded Geometries, ProbeArray 100000, Loaded 14, Type Point
[LIBGPUSPATIAL] [ 10798][17:58:32:468137][info  ] RTSpatialRefiner 0x790ca3d29630 (Used 0 MB), Evaluating 14 Geometry Pairs with Predicate Intersects
[LIBGPUSPATIAL] [ 10803][17:58:32:468406][info  ] RTSpatialRefiner 0x790ca3d29630 (Used 1 MB), Loaded Geometries, ProbeArray 100000, Loaded 11, Type Point
[LIBGPUSPATIAL] [ 10803][17:58:32:468517][info  ] RTSpatialRefiner 0x790ca3d29630 (Used 1 MB), Evaluating 11 Geometry Pairs with Predicate Intersects
[LIBGPUSPATIAL] [ 10799][17:58:32:468836][info  ] RTSpatialRefiner 0x790ca3d29630 (Used 0 MB), Loaded Geometries, ProbeArray 100000, Loaded 21, Type Point
[LIBGPUSPATIAL] [ 10799][17:58:32:468976][info  ] RTSpatialRefiner 0x790ca3d29630 (Used 2 MB), Evaluating 21 Geometry Pairs with Predicate Intersects
[LIBGPUSPATIAL] [ 10801][17:58:32:469195][info  ] RTSpatialIndex 0x790ca000a7d0 (Used 1 MB), Allocate result buffer, memory consumption 0 MB, capacity 13
[LIBGPUSPATIAL] [ 10796][17:58:32:469535][info  ] RTSpatialIndex 0x790ca000a7d0 (Used 1 MB), Allocate result buffer, memory consumption 0 MB, capacity 8
[LIBGPUSPATIAL] [ 10801][17:58:32:469752][info  ] RTSpatialIndex 0x790ca000a7d0 (Used 1 MB), Probe Points, Size: 100000, Results: 13
[LIBGPUSPATIAL] [ 10796][17:58:32:470036][info  ] RTSpatialIndex 0x790ca000a7d0 (Used 0 MB), Probe Points, Size: 100000, Results: 8
[LIBGPUSPATIAL] [ 10801][17:58:32:470305][info  ] RTSpatialRefiner 0x790ca3d29630 (Used 0 MB), Loaded Geometries, ProbeArray 100000, Loaded 13, Type Point
[LIBGPUSPATIAL] [ 10801][17:58:32:470340][info  ] RTSpatialRefiner 0x790ca3d29630 (Used 0 MB), Evaluating 13 Geometry Pairs with Predicate Intersects
[LIBGPUSPATIAL] [ 10796][17:58:32:471648][info  ] RTSpatialRefiner 0x790ca3d29630 (Used 0 MB), Loaded Geometries, ProbeArray 100000, Loaded 8, Type Point
[LIBGPUSPATIAL] [ 10796][17:58:32:471686][info  ] RTSpatialRefiner 0x790ca3d29630 (Used 0 MB), Evaluating 8 Geometry Pairs with Predicate Intersects
[LIBGPUSPATIAL] [ 10796][17:58:32:476686][info  ] RTSpatialIndex 0x790ca000a7d0 (Used 0 MB), Allocate result buffer, memory consumption 0 MB, capacity 3
[LIBGPUSPATIAL] [ 10796][17:58:32:476811][info  ] RTSpatialIndex 0x790ca000a7d0 (Used 0 MB), Probe Points, Size: 33333, Results: 3
[LIBGPUSPATIAL] [ 10796][17:58:32:477387][info  ] RTSpatialRefiner 0x790ca3d29630 (Used 0 MB), Loaded Geometries, ProbeArray 33333, Loaded 3, Type Point
[LIBGPUSPATIAL] [ 10796][17:58:32:477429][info  ] RTSpatialRefiner 0x790ca3d29630 (Used 0 MB), Evaluating 3 Geometry Pairs with Predicate Intersects
[LIBGPUSPATIAL] [ 10801][17:58:32:479714][info  ] RTSpatialIndex 0x790ca000a7d0 (Used 0 MB), Allocate result buffer, memory consumption 0 MB, capacity 21
[LIBGPUSPATIAL] [ 10801][17:58:32:479872][info  ] RTSpatialIndex 0x790ca000a7d0 (Used 2 MB), Probe Points, Size: 100000, Results: 21
[LIBGPUSPATIAL] [ 10800][17:58:32:480516][info  ] RTSpatialIndex 0x790ca000a7d0 (Used 0 MB), Allocate result buffer, memory consumption 0 MB, capacity 18
[LIBGPUSPATIAL] [ 10800][17:58:32:480783][info  ] RTSpatialIndex 0x790ca000a7d0 (Used 0 MB), Probe Points, Size: 100000, Results: 18
[LIBGPUSPATIAL] [ 10801][17:58:32:480788][info  ] RTSpatialRefiner 0x790ca3d29630 (Used 0 MB), Loaded Geometries, ProbeArray 100000, Loaded 21, Type Point
[LIBGPUSPATIAL] [ 10801][17:58:32:480909][info  ] RTSpatialRefiner 0x790ca3d29630 (Used 0 MB), Evaluating 21 Geometry Pairs with Predicate Intersects
[LIBGPUSPATIAL] [ 10797][17:58:32:481940][info  ] RTSpatialIndex 0x790ca000a7d0 (Used 0 MB), Allocate result buffer, memory consumption 0 MB, capacity 13
[LIBGPUSPATIAL] [ 10800][17:58:32:481961][info  ] RTSpatialRefiner 0x790ca3d29630 (Used 0 MB), Loaded Geometries, ProbeArray 100000, Loaded 18, Type Point
[LIBGPUSPATIAL] [ 10800][17:58:32:482155][info  ] RTSpatialRefiner 0x790ca3d29630 (Used 2 MB), Evaluating 18 Geometry Pairs with Predicate Intersects
[LIBGPUSPATIAL] [ 10797][17:58:32:482808][info  ] RTSpatialIndex 0x790ca000a7d0 (Used 2 MB), Probe Points, Size: 100000, Results: 13
[LIBGPUSPATIAL] [ 10798][17:58:32:483017][info  ] RTSpatialIndex 0x790ca000a7d0 (Used 3 MB), Allocate result buffer, memory consumption 0 MB, capacity 11
[LIBGPUSPATIAL] [ 10799][17:58:32:483435][info  ] RTSpatialIndex 0x790ca000a7d0 (Used 2 MB), Allocate result buffer, memory consumption 0 MB, capacity 13
[LIBGPUSPATIAL] [ 10797][17:58:32:483534][info  ] RTSpatialRefiner 0x790ca3d29630 (Used 2 MB), Loaded Geometries, ProbeArray 100000, Loaded 13, Type Point
[LIBGPUSPATIAL] [ 10797][17:58:32:483617][info  ] RTSpatialRefiner 0x790ca3d29630 (Used 2 MB), Evaluating 13 Geometry Pairs with Predicate Intersects
[LIBGPUSPATIAL] [ 10798][17:58:32:483678][info  ] RTSpatialIndex 0x790ca000a7d0 (Used 2 MB), Probe Points, Size: 100000, Results: 11
[LIBGPUSPATIAL] [ 10799][17:58:32:483744][info  ] RTSpatialIndex 0x790ca000a7d0 (Used 2 MB), Probe Points, Size: 100000, Results: 13
[LIBGPUSPATIAL] [ 10803][17:58:32:483880][info  ] RTSpatialIndex 0x790ca000a7d0 (Used 1 MB), Allocate result buffer, memory consumption 0 MB, capacity 19
[LIBGPUSPATIAL] [ 10798][17:58:32:484466][info  ] RTSpatialRefiner 0x790ca3d29630 (Used 0 MB), Loaded Geometries, ProbeArray 100000, Loaded 11, Type Point
[LIBGPUSPATIAL] [ 10803][17:58:32:484472][info  ] RTSpatialIndex 0x790ca000a7d0 (Used 0 MB), Probe Points, Size: 100000, Results: 19
[LIBGPUSPATIAL] [ 10798][17:58:32:484554][info  ] RTSpatialRefiner 0x790ca3d29630 (Used 0 MB), Evaluating 11 Geometry Pairs with Predicate Intersects
[LIBGPUSPATIAL] [ 10799][17:58:32:484906][info  ] RTSpatialRefiner 0x790ca3d29630 (Used 0 MB), Loaded Geometries, ProbeArray 100000, Loaded 13, Type Point
[LIBGPUSPATIAL] [ 10799][17:58:32:484954][info  ] RTSpatialRefiner 0x790ca3d29630 (Used 0 MB), Evaluating 13 Geometry Pairs with Predicate Intersects
[LIBGPUSPATIAL] [ 10803][17:58:32:485093][info  ] RTSpatialRefiner 0x790ca3d29630 (Used 0 MB), Loaded Geometries, ProbeArray 100000, Loaded 19, Type Point
[LIBGPUSPATIAL] [ 10803][17:58:32:485144][info  ] RTSpatialRefiner 0x790ca3d29630 (Used 0 MB), Evaluating 19 Geometry Pairs with Predicate Intersects
[LIBGPUSPATIAL] [ 10801][17:58:32:486259][info  ] RTSpatialIndex 0x790ca000a7d0 (Used 0 MB), Allocate result buffer, memory consumption 0 MB, capacity 4
[LIBGPUSPATIAL] [ 10801][17:58:32:486421][info  ] RTSpatialIndex 0x790ca000a7d0 (Used 0 MB), Probe Points, Size: 33333, Results: 4
[LIBGPUSPATIAL] [ 10801][17:58:32:486823][info  ] RTSpatialRefiner 0x790ca3d29630 (Used 0 MB), Loaded Geometries, ProbeArray 33333, Loaded 4, Type Point
[LIBGPUSPATIAL] [ 10801][17:58:32:486889][info  ] RTSpatialRefiner 0x790ca3d29630 (Used 0 MB), Evaluating 4 Geometry Pairs with Predicate Intersects
[LIBGPUSPATIAL] [ 10800][17:58:32:488635][info  ] RTSpatialIndex 0x790ca000a7d0 (Used 0 MB), Allocate result buffer, memory consumption 0 MB, capacity 4
[LIBGPUSPATIAL] [ 10800][17:58:32:488753][info  ] RTSpatialIndex 0x790ca000a7d0 (Used 0 MB), Probe Points, Size: 33333, Results: 4
[LIBGPUSPATIAL] [ 10800][17:58:32:489088][info  ] RTSpatialRefiner 0x790ca3d29630 (Used 0 MB), Loaded Geometries, ProbeArray 33333, Loaded 4, Type Point
[LIBGPUSPATIAL] [ 10800][17:58:32:489129][info  ] RTSpatialRefiner 0x790ca3d29630 (Used 0 MB), Evaluating 4 Geometry Pairs with Predicate Intersects
[LIBGPUSPATIAL] [ 10799][17:58:32:498902][info  ] RTSpatialIndex 0x790ca000a7d0 (Used 3 MB), Allocate result buffer, memory consumption 0 MB, capacity 12
[LIBGPUSPATIAL] [ 10796][17:58:32:498926][info  ] RTSpatialIndex 0x790ca000a7d0 (Used 3 MB), Allocate result buffer, memory consumption 0 MB, capacity 12
[LIBGPUSPATIAL] [ 10803][17:58:32:498984][info  ] RTSpatialIndex 0x790ca000a7d0 (Used 3 MB), Allocate result buffer, memory consumption 0 MB, capacity 16
[LIBGPUSPATIAL] [ 10798][17:58:32:499098][info  ] RTSpatialIndex 0x790ca000a7d0 (Used 3 MB), Allocate result buffer, memory consumption 0 MB, capacity 17
[LIBGPUSPATIAL] [ 10796][17:58:32:499292][info  ] RTSpatialIndex 0x790ca000a7d0 (Used 3 MB), Probe Points, Size: 100000, Results: 12
[LIBGPUSPATIAL] [ 10797][17:58:32:499351][info  ] RTSpatialIndex 0x790ca000a7d0 (Used 3 MB), Allocate result buffer, memory consumption 0 MB, capacity 14
[LIBGPUSPATIAL] [ 10799][17:58:32:499608][info  ] RTSpatialIndex 0x790ca000a7d0 (Used 3 MB), Probe Points, Size: 100000, Results: 12
[LIBGPUSPATIAL] [ 10796][17:58:32:499889][info  ] RTSpatialRefiner 0x790ca3d29630 (Used 2 MB), Loaded Geometries, ProbeArray 100000, Loaded 12, Type Point
[LIBGPUSPATIAL] [ 10803][17:58:32:499914][info  ] RTSpatialIndex 0x790ca000a7d0 (Used 2 MB), Probe Points, Size: 100000, Results: 16
[LIBGPUSPATIAL] [ 10796][17:58:32:499942][info  ] RTSpatialRefiner 0x790ca3d29630 (Used 1 MB), Evaluating 12 Geometry Pairs with Predicate Intersects
[LIBGPUSPATIAL] [ 10798][17:58:32:500099][info  ] RTSpatialIndex 0x790ca000a7d0 (Used 1 MB), Probe Points, Size: 100000, Results: 17
[LIBGPUSPATIAL] [ 10797][17:58:32:500325][info  ] RTSpatialIndex 0x790ca000a7d0 (Used 0 MB), Probe Points, Size: 100000, Results: 14
[LIBGPUSPATIAL] [ 10799][17:58:32:500334][info  ] RTSpatialRefiner 0x790ca3d29630 (Used 0 MB), Loaded Geometries, ProbeArray 100000, Loaded 12, Type Point
[LIBGPUSPATIAL] [ 10799][17:58:32:500499][info  ] RTSpatialRefiner 0x790ca3d29630 (Used 0 MB), Evaluating 12 Geometry Pairs with Predicate Intersects
[LIBGPUSPATIAL] [ 10797][17:58:32:500891][info  ] RTSpatialRefiner 0x790ca3d29630 (Used 0 MB), Loaded Geometries, ProbeArray 100000, Loaded 14, Type Point
[LIBGPUSPATIAL] [ 10803][17:58:32:500941][info  ] RTSpatialRefiner 0x790ca3d29630 (Used 0 MB), Loaded Geometries, ProbeArray 100000, Loaded 16, Type Point
[LIBGPUSPATIAL] [ 10797][17:58:32:500963][info  ] RTSpatialRefiner 0x790ca3d29630 (Used 0 MB), Evaluating 14 Geometry Pairs with Predicate Intersects
[LIBGPUSPATIAL] [ 10798][17:58:32:500992][info  ] RTSpatialRefiner 0x790ca3d29630 (Used 0 MB), Loaded Geometries, ProbeArray 100000, Loaded 17, Type Point
[LIBGPUSPATIAL] [ 10803][17:58:32:500998][info  ] RTSpatialRefiner 0x790ca3d29630 (Used 0 MB), Evaluating 16 Geometry Pairs with Predicate Intersects
[LIBGPUSPATIAL] [ 10798][17:58:32:501072][info  ] RTSpatialRefiner 0x790ca3d29630 (Used 0 MB), Evaluating 17 Geometry Pairs with Predicate Intersects
[LIBGPUSPATIAL] [ 10800][17:58:32:504731][info  ] RTSpatialIndex 0x790ca000a7d0 (Used 0 MB), Allocate result buffer, memory consumption 0 MB, capacity 17
[LIBGPUSPATIAL] [ 10800][17:58:32:504882][info  ] RTSpatialIndex 0x790ca000a7d0 (Used 0 MB), Probe Points, Size: 100000, Results: 17
[LIBGPUSPATIAL] [ 10800][17:58:32:505288][info  ] RTSpatialRefiner 0x790ca3d29630 (Used 0 MB), Loaded Geometries, ProbeArray 100000, Loaded 17, Type Point
[LIBGPUSPATIAL] [ 10800][17:58:32:505352][info  ] RTSpatialRefiner 0x790ca3d29630 (Used 1 MB), Evaluating 17 Geometry Pairs with Predicate Intersects
[LIBGPUSPATIAL] [ 10801][17:58:32:505881][info  ] RTSpatialIndex 0x790ca000a7d0 (Used 1 MB), Allocate result buffer, memory consumption 0 MB, capacity 21
[LIBGPUSPATIAL] [ 10799][17:58:32:506125][info  ] RTSpatialIndex 0x790ca000a7d0 (Used 1 MB), Allocate result buffer, memory consumption 0 MB, capacity 5
[LIBGPUSPATIAL] [ 10801][17:58:32:506384][info  ] RTSpatialIndex 0x790ca000a7d0 (Used 1 MB), Probe Points, Size: 100000, Results: 21
[LIBGPUSPATIAL] [ 10799][17:58:32:506517][info  ] RTSpatialIndex 0x790ca000a7d0 (Used 1 MB), Probe Points, Size: 33333, Results: 5
[LIBGPUSPATIAL] [ 10797][17:58:32:506906][info  ] RTSpatialIndex 0x790ca000a7d0 (Used 0 MB), Allocate result buffer, memory consumption 0 MB, capacity 1
[LIBGPUSPATIAL] [ 10801][17:58:32:507283][info  ] RTSpatialRefiner 0x790ca3d29630 (Used 0 MB), Loaded Geometries, ProbeArray 100000, Loaded 21, Type Point
[LIBGPUSPATIAL] [ 10797][17:58:32:507301][info  ] RTSpatialIndex 0x790ca000a7d0 (Used 0 MB), Probe Points, Size: 33333, Results: 1
[LIBGPUSPATIAL] [ 10799][17:58:32:507315][info  ] RTSpatialRefiner 0x790ca3d29630 (Used 0 MB), Loaded Geometries, ProbeArray 33333, Loaded 5, Type Point
[LIBGPUSPATIAL] [ 10801][17:58:32:507344][info  ] RTSpatialRefiner 0x790ca3d29630 (Used 0 MB), Evaluating 21 Geometry Pairs with Predicate Intersects
[LIBGPUSPATIAL] [ 10799][17:58:32:507403][info  ] RTSpatialRefiner 0x790ca3d29630 (Used 0 MB), Evaluating 5 Geometry Pairs with Predicate Intersects
[LIBGPUSPATIAL] [ 10797][17:58:32:507799][info  ] RTSpatialRefiner 0x790ca3d29630 (Used 0 MB), Loaded Geometries, ProbeArray 33333, Loaded 1, Type Point
[LIBGPUSPATIAL] [ 10797][17:58:32:507857][info  ] RTSpatialRefiner 0x790ca3d29630 (Used 0 MB), Evaluating 1 Geometry Pairs with Predicate Intersects
[LIBGPUSPATIAL] [ 10796][17:58:32:513670][info  ] RTSpatialIndex 0x790ca000a7d0 (Used 0 MB), Allocate result buffer, memory consumption 0 MB, capacity 13
[LIBGPUSPATIAL] [ 10796][17:58:32:513876][info  ] RTSpatialIndex 0x790ca000a7d0 (Used 0 MB), Probe Points, Size: 100000, Results: 13
[LIBGPUSPATIAL] [ 10796][17:58:32:514588][info  ] RTSpatialRefiner 0x790ca3d29630 (Used 1 MB), Loaded Geometries, ProbeArray 100000, Loaded 13, Type Point
[LIBGPUSPATIAL] [ 10796][17:58:32:514643][info  ] RTSpatialRefiner 0x790ca3d29630 (Used 1 MB), Evaluating 13 Geometry Pairs with Predicate Intersects
[LIBGPUSPATIAL] [ 10803][17:58:32:515077][info  ] RTSpatialIndex 0x790ca000a7d0 (Used 2 MB), Allocate result buffer, memory consumption 0 MB, capacity 16
[LIBGPUSPATIAL] [ 10803][17:58:32:515520][info  ] RTSpatialIndex 0x790ca000a7d0 (Used 1 MB), Probe Points, Size: 100000, Results: 16
[LIBGPUSPATIAL] [ 10798][17:58:32:515657][info  ] RTSpatialIndex 0x790ca000a7d0 (Used 0 MB), Allocate result buffer, memory consumption 0 MB, capacity 9
[LIBGPUSPATIAL] [ 10798][17:58:32:516207][info  ] RTSpatialIndex 0x790ca000a7d0 (Used 1 MB), Probe Points, Size: 100000, Results: 9
[LIBGPUSPATIAL] [ 10800][17:58:32:516418][info  ] RTSpatialIndex 0x790ca000a7d0 (Used 0 MB), Allocate result buffer, memory consumption 0 MB, capacity 19
[LIBGPUSPATIAL] [ 10803][17:58:32:516801][info  ] RTSpatialRefiner 0x790ca3d29630 (Used 3 MB), Loaded Geometries, ProbeArray 100000, Loaded 16, Type Point
[LIBGPUSPATIAL] [ 10798][17:58:32:516825][info  ] RTSpatialRefiner 0x790ca3d29630 (Used 1 MB), Loaded Geometries, ProbeArray 100000, Loaded 9, Type Point
[LIBGPUSPATIAL] [ 10800][17:58:32:516868][info  ] RTSpatialIndex 0x790ca000a7d0 (Used 1 MB), Probe Points, Size: 100000, Results: 19
[LIBGPUSPATIAL] [ 10803][17:58:32:516875][info  ] RTSpatialRefiner 0x790ca3d29630 (Used 1 MB), Evaluating 16 Geometry Pairs with Predicate Intersects
[LIBGPUSPATIAL] [ 10798][17:58:32:516899][info  ] RTSpatialRefiner 0x790ca3d29630 (Used 0 MB), Evaluating 9 Geometry Pairs with Predicate Intersects
[LIBGPUSPATIAL] [ 10801][17:58:32:516945][info  ] RTSpatialIndex 0x790ca000a7d0 (Used 0 MB), Allocate result buffer, memory consumption 0 MB, capacity 13
[LIBGPUSPATIAL] [ 10801][17:58:32:517363][info  ] RTSpatialIndex 0x790ca000a7d0 (Used 0 MB), Probe Points, Size: 100000, Results: 13
[LIBGPUSPATIAL] [ 10800][17:58:32:517561][info  ] RTSpatialRefiner 0x790ca3d29630 (Used 0 MB), Loaded Geometries, ProbeArray 100000, Loaded 19, Type Point
[LIBGPUSPATIAL] [ 10800][17:58:32:517612][info  ] RTSpatialRefiner 0x790ca3d29630 (Used 0 MB), Evaluating 19 Geometry Pairs with Predicate Intersects
[LIBGPUSPATIAL] [ 10801][17:58:32:518024][info  ] RTSpatialRefiner 0x790ca3d29630 (Used 0 MB), Loaded Geometries, ProbeArray 100000, Loaded 13, Type Point
[LIBGPUSPATIAL] [ 10801][17:58:32:518117][info  ] RTSpatialRefiner 0x790ca3d29630 (Used 0 MB), Evaluating 13 Geometry Pairs with Predicate Intersects
[LIBGPUSPATIAL] [ 10803][17:58:32:520835][info  ] RTSpatialIndex 0x790ca000a7d0 (Used 0 MB), Allocate result buffer, memory consumption 0 MB, capacity 4
[LIBGPUSPATIAL] [ 10803][17:58:32:520986][info  ] RTSpatialIndex 0x790ca000a7d0 (Used 0 MB), Probe Points, Size: 33333, Results: 4
[LIBGPUSPATIAL] [ 10803][17:58:32:521396][info  ] RTSpatialRefiner 0x790ca3d29630 (Used 0 MB), Loaded Geometries, ProbeArray 33333, Loaded 4, Type Point
[LIBGPUSPATIAL] [ 10803][17:58:32:521444][info  ] RTSpatialRefiner 0x790ca3d29630 (Used 0 MB), Evaluating 4 Geometry Pairs with Predicate Intersects
[LIBGPUSPATIAL] [ 10798][17:58:32:522633][info  ] RTSpatialIndex 0x790ca000a7d0 (Used 0 MB), Allocate result buffer, memory consumption 0 MB, capacity 4
[LIBGPUSPATIAL] [ 10798][17:58:32:522750][info  ] RTSpatialIndex 0x790ca000a7d0 (Used 0 MB), Probe Points, Size: 33333, Results: 4
[LIBGPUSPATIAL] [ 10798][17:58:32:523041][info  ] RTSpatialRefiner 0x790ca3d29630 (Used 0 MB), Loaded Geometries, ProbeArray 33333, Loaded 4, Type Point
[LIBGPUSPATIAL] [ 10798][17:58:32:523082][info  ] RTSpatialRefiner 0x790ca3d29630 (Used 0 MB), Evaluating 4 Geometry Pairs with Predicate Intersects
[LIBGPUSPATIAL] [ 10796][17:58:32:525208][info  ] RTSpatialIndex 0x790ca000a7d0 (Used 0 MB), Allocate result buffer, memory consumption 0 MB, capacity 11
[LIBGPUSPATIAL] [ 10796][17:58:32:525335][info  ] RTSpatialIndex 0x790ca000a7d0 (Used 0 MB), Probe Points, Size: 100000, Results: 11
[LIBGPUSPATIAL] [ 10796][17:58:32:525655][info  ] RTSpatialRefiner 0x790ca3d29630 (Used 0 MB), Loaded Geometries, ProbeArray 100000, Loaded 11, Type Point
[LIBGPUSPATIAL] [ 10796][17:58:32:525697][info  ] RTSpatialRefiner 0x790ca3d29630 (Used 0 MB), Evaluating 11 Geometry Pairs with Predicate Intersects
[LIBGPUSPATIAL] [ 10797][17:58:32:528660][info  ] RTSpatialIndex 0x790ca000a7d0 (Used 0 MB), Allocate result buffer, memory consumption 0 MB, capacity 13
[LIBGPUSPATIAL] [ 10797][17:58:32:528814][info  ] RTSpatialIndex 0x790ca000a7d0 (Used 0 MB), Probe Points, Size: 100000, Results: 13
[LIBGPUSPATIAL] [ 10797][17:58:32:529211][info  ] RTSpatialRefiner 0x790ca3d29630 (Used 0 MB), Loaded Geometries, ProbeArray 100000, Loaded 13, Type Point
[LIBGPUSPATIAL] [ 10797][17:58:32:529257][info  ] RTSpatialRefiner 0x790ca3d29630 (Used 0 MB), Evaluating 13 Geometry Pairs with Predicate Intersects
[LIBGPUSPATIAL] [ 10800][17:58:32:531233][info  ] RTSpatialIndex 0x790ca000a7d0 (Used 1 MB), Allocate result buffer, memory consumption 0 MB, capacity 15
[LIBGPUSPATIAL] [ 10801][17:58:32:531304][info  ] RTSpatialIndex 0x790ca000a7d0 (Used 1 MB), Allocate result buffer, memory consumption 0 MB, capacity 11
[LIBGPUSPATIAL] [ 10800][17:58:32:531491][info  ] RTSpatialIndex 0x790ca000a7d0 (Used 1 MB), Probe Points, Size: 100000, Results: 15
[LIBGPUSPATIAL] [ 10801][17:58:32:531522][info  ] RTSpatialIndex 0x790ca000a7d0 (Used 0 MB), Probe Points, Size: 100000, Results: 11
[LIBGPUSPATIAL] [ 10801][17:58:32:532294][info  ] RTSpatialRefiner 0x790ca3d29630 (Used 0 MB), Loaded Geometries, ProbeArray 100000, Loaded 11, Type Point
[LIBGPUSPATIAL] [ 10801][17:58:32:532348][info  ] RTSpatialRefiner 0x790ca3d29630 (Used 0 MB), Evaluating 11 Geometry Pairs with Predicate Intersects
[LIBGPUSPATIAL] [ 10800][17:58:32:532299][info  ] RTSpatialRefiner 0x790ca3d29630 (Used 0 MB), Loaded Geometries, ProbeArray 100000, Loaded 15, Type Point
[LIBGPUSPATIAL] [ 10800][17:58:32:532429][info  ] RTSpatialRefiner 0x790ca3d29630 (Used 0 MB), Evaluating 15 Geometry Pairs with Predicate Intersects
[LIBGPUSPATIAL] [ 10796][17:58:32:535385][info  ] RTSpatialIndex 0x790ca000a7d0 (Used 0 MB), Allocate result buffer, memory consumption 0 MB, capacity 17
[LIBGPUSPATIAL] [ 10796][17:58:32:535510][info  ] RTSpatialIndex 0x790ca000a7d0 (Used 0 MB), Probe Points, Size: 100000, Results: 17
[LIBGPUSPATIAL] [ 10796][17:58:32:535826][info  ] RTSpatialRefiner 0x790ca3d29630 (Used 0 MB), Loaded Geometries, ProbeArray 100000, Loaded 17, Type Point
[LIBGPUSPATIAL] [ 10796][17:58:32:535879][info  ] RTSpatialRefiner 0x790ca3d29630 (Used 0 MB), Evaluating 17 Geometry Pairs with Predicate Intersects
[LIBGPUSPATIAL] [ 10798][17:58:32:541472][info  ] RTSpatialIndex 0x790ca000a7d0 (Used 0 MB), Allocate result buffer, memory consumption 0 MB, capacity 20
[LIBGPUSPATIAL] [ 10798][17:58:32:541604][info  ] RTSpatialIndex 0x790ca000a7d0 (Used 0 MB), Probe Points, Size: 100000, Results: 20
[LIBGPUSPATIAL] [ 10798][17:58:32:541975][info  ] RTSpatialRefiner 0x790ca3d29630 (Used 0 MB), Loaded Geometries, ProbeArray 100000, Loaded 20, Type Point
[LIBGPUSPATIAL] [ 10798][17:58:32:542022][info  ] RTSpatialRefiner 0x790ca3d29630 (Used 0 MB), Evaluating 20 Geometry Pairs with Predicate Intersects
[LIBGPUSPATIAL] [ 10797][17:58:32:542742][info  ] RTSpatialIndex 0x790ca000a7d0 (Used 0 MB), Allocate result buffer, memory consumption 0 MB, capacity 9
[LIBGPUSPATIAL] [ 10797][17:58:32:542941][info  ] RTSpatialIndex 0x790ca000a7d0 (Used 0 MB), Probe Points, Size: 100000, Results: 9
[LIBGPUSPATIAL] [ 10797][17:58:32:543223][info  ] RTSpatialRefiner 0x790ca3d29630 (Used 0 MB), Loaded Geometries, ProbeArray 100000, Loaded 9, Type Point
[LIBGPUSPATIAL] [ 10797][17:58:32:543265][info  ] RTSpatialRefiner 0x790ca3d29630 (Used 0 MB), Evaluating 9 Geometry Pairs with Predicate Intersects
[LIBGPUSPATIAL] [ 10796][17:58:32:544779][info  ] RTSpatialIndex 0x790ca000a7d0 (Used 0 MB), Allocate result buffer, memory consumption 0 MB, capacity 13
[LIBGPUSPATIAL] [ 10796][17:58:32:544939][info  ] RTSpatialIndex 0x790ca000a7d0 (Used 0 MB), Probe Points, Size: 100000, Results: 13
[LIBGPUSPATIAL] [ 10796][17:58:32:545346][info  ] RTSpatialRefiner 0x790ca3d29630 (Used 3 MB), Loaded Geometries, ProbeArray 100000, Loaded 13, Type Point
[LIBGPUSPATIAL] [ 10796][17:58:32:545422][info  ] RTSpatialRefiner 0x790ca3d29630 (Used 3 MB), Evaluating 13 Geometry Pairs with Predicate Intersects
[LIBGPUSPATIAL] [ 10801][17:58:32:545787][info  ] RTSpatialIndex 0x790ca000a7d0 (Used 1 MB), Allocate result buffer, memory consumption 0 MB, capacity 11
[LIBGPUSPATIAL] [ 10800][17:58:32:545986][info  ] RTSpatialIndex 0x790ca000a7d0 (Used 1 MB), Allocate result buffer, memory consumption 0 MB, capacity 17
[LIBGPUSPATIAL] [ 10801][17:58:32:546277][info  ] RTSpatialIndex 0x790ca000a7d0 (Used 1 MB), Probe Points, Size: 100000, Results: 11
[LIBGPUSPATIAL] [ 10800][17:58:32:546419][info  ] RTSpatialIndex 0x790ca000a7d0 (Used 0 MB), Probe Points, Size: 100000, Results: 17
[LIBGPUSPATIAL] [ 10800][17:58:32:546798][info  ] RTSpatialRefiner 0x790ca3d29630 (Used 0 MB), Loaded Geometries, ProbeArray 100000, Loaded 17, Type Point
[LIBGPUSPATIAL] [ 10801][17:58:32:546803][info  ] RTSpatialRefiner 0x790ca3d29630 (Used 0 MB), Loaded Geometries, ProbeArray 100000, Loaded 11, Type Point
[LIBGPUSPATIAL] [ 10800][17:58:32:546865][info  ] RTSpatialRefiner 0x790ca3d29630 (Used 0 MB), Evaluating 17 Geometry Pairs with Predicate Intersects
[LIBGPUSPATIAL] [ 10801][17:58:32:546887][info  ] RTSpatialRefiner 0x790ca3d29630 (Used 0 MB), Evaluating 11 Geometry Pairs with Predicate Intersects
[LIBGPUSPATIAL] [ 10796][17:58:32:554912][info  ] RTSpatialIndex 0x790ca000a7d0 (Used 0 MB), Allocate result buffer, memory consumption 0 MB, capacity 11
[LIBGPUSPATIAL] [ 10796][17:58:32:555044][info  ] RTSpatialIndex 0x790ca000a7d0 (Used 0 MB), Probe Points, Size: 100000, Results: 11
[LIBGPUSPATIAL] [ 10796][17:58:32:555471][info  ] RTSpatialRefiner 0x790ca3d29630 (Used 1 MB), Loaded Geometries, ProbeArray 100000, Loaded 11, Type Point
[LIBGPUSPATIAL] [ 10796][17:58:32:555528][info  ] RTSpatialRefiner 0x790ca3d29630 (Used 0 MB), Evaluating 11 Geometry Pairs with Predicate Intersects
[LIBGPUSPATIAL] [ 10798][17:58:32:555735][info  ] RTSpatialIndex 0x790ca000a7d0 (Used 0 MB), Allocate result buffer, memory consumption 0 MB, capacity 12
[LIBGPUSPATIAL] [ 10798][17:58:32:556203][info  ] RTSpatialIndex 0x790ca000a7d0 (Used 1 MB), Probe Points, Size: 100000, Results: 12
[LIBGPUSPATIAL] [ 10797][17:58:32:556408][info  ] RTSpatialIndex 0x790ca000a7d0 (Used 0 MB), Allocate result buffer, memory consumption 0 MB, capacity 16
[LIBGPUSPATIAL] [ 10797][17:58:32:556736][info  ] RTSpatialIndex 0x790ca000a7d0 (Used 0 MB), Probe Points, Size: 100000, Results: 16
[LIBGPUSPATIAL] [ 10798][17:58:32:556914][info  ] RTSpatialRefiner 0x790ca3d29630 (Used 0 MB), Loaded Geometries, ProbeArray 100000, Loaded 12, Type Point
[LIBGPUSPATIAL] [ 10798][17:58:32:556964][info  ] RTSpatialRefiner 0x790ca3d29630 (Used 0 MB), Evaluating 12 Geometry Pairs with Predicate Intersects
[LIBGPUSPATIAL] [ 10797][17:58:32:557198][info  ] RTSpatialRefiner 0x790ca3d29630 (Used 0 MB), Loaded Geometries, ProbeArray 100000, Loaded 16, Type Point
[LIBGPUSPATIAL] [ 10797][17:58:32:557248][info  ] RTSpatialRefiner 0x790ca3d29630 (Used 0 MB), Evaluating 16 Geometry Pairs with Predicate Intersects
[LIBGPUSPATIAL] [ 10801][17:58:32:560086][info  ] RTSpatialIndex 0x790ca000a7d0 (Used 1 MB), Allocate result buffer, memory consumption 0 MB, capacity 16
[LIBGPUSPATIAL] [ 10800][17:58:32:560123][info  ] RTSpatialIndex 0x790ca000a7d0 (Used 1 MB), Allocate result buffer, memory consumption 0 MB, capacity 14
[LIBGPUSPATIAL] [ 10801][17:58:32:560303][info  ] RTSpatialIndex 0x790ca000a7d0 (Used 1 MB), Probe Points, Size: 100000, Results: 16
[LIBGPUSPATIAL] [ 10800][17:58:32:560358][info  ] RTSpatialIndex 0x790ca000a7d0 (Used 0 MB), Probe Points, Size: 100000, Results: 14
[LIBGPUSPATIAL] [ 10801][17:58:32:560714][info  ] RTSpatialRefiner 0x790ca3d29630 (Used 0 MB), Loaded Geometries, ProbeArray 100000, Loaded 16, Type Point
[LIBGPUSPATIAL] [ 10800][17:58:32:560724][info  ] RTSpatialRefiner 0x790ca3d29630 (Used 0 MB), Loaded Geometries, ProbeArray 100000, Loaded 14, Type Point
[LIBGPUSPATIAL] [ 10801][17:58:32:560759][info  ] RTSpatialRefiner 0x790ca3d29630 (Used 0 MB), Evaluating 16 Geometry Pairs with Predicate Intersects
[LIBGPUSPATIAL] [ 10800][17:58:32:560764][info  ] RTSpatialRefiner 0x790ca3d29630 (Used 0 MB), Evaluating 14 Geometry Pairs with Predicate Intersects
[LIBGPUSPATIAL] [ 10796][17:58:32:566920][info  ] RTSpatialIndex 0x790ca000a7d0 (Used 0 MB), Allocate result buffer, memory consumption 0 MB, capacity 22
[LIBGPUSPATIAL] [ 10796][17:58:32:567081][info  ] RTSpatialIndex 0x790ca000a7d0 (Used 0 MB), Probe Points, Size: 100000, Results: 22
[LIBGPUSPATIAL] [ 10796][17:58:32:567421][info  ] RTSpatialRefiner 0x790ca3d29630 (Used 0 MB), Loaded Geometries, ProbeArray 100000, Loaded 22, Type Point
[LIBGPUSPATIAL] [ 10796][17:58:32:567464][info  ] RTSpatialRefiner 0x790ca3d29630 (Used 0 MB), Evaluating 22 Geometry Pairs with Predicate Intersects
[LIBGPUSPATIAL] [ 10801][17:58:32:569639][info  ] RTSpatialIndex 0x790ca000a7d0 (Used 0 MB), Allocate result buffer, memory consumption 0 MB, capacity 13
[LIBGPUSPATIAL] [ 10801][17:58:32:569853][info  ] RTSpatialIndex 0x790ca000a7d0 (Used 2 MB), Probe Points, Size: 100000, Results: 13
[LIBGPUSPATIAL] [ 10801][17:58:32:570387][info  ] RTSpatialRefiner 0x790ca3d29630 (Used 3 MB), Loaded Geometries, ProbeArray 100000, Loaded 13, Type Point
[LIBGPUSPATIAL] [ 10801][17:58:32:570438][info  ] RTSpatialRefiner 0x790ca3d29630 (Used 1 MB), Evaluating 13 Geometry Pairs with Predicate Intersects
[LIBGPUSPATIAL] [ 10798][17:58:32:570449][info  ] RTSpatialIndex 0x790ca000a7d0 (Used 1 MB), Allocate result buffer, memory consumption 0 MB, capacity 15
[LIBGPUSPATIAL] [ 10797][17:58:32:570541][info  ] RTSpatialIndex 0x790ca000a7d0 (Used 1 MB), Allocate result buffer, memory consumption 0 MB, capacity 11
[LIBGPUSPATIAL] [ 10798][17:58:32:570901][info  ] RTSpatialIndex 0x790ca000a7d0 (Used 1 MB), Probe Points, Size: 100000, Results: 15
[LIBGPUSPATIAL] [ 10797][17:58:32:570952][info  ] RTSpatialIndex 0x790ca000a7d0 (Used 0 MB), Probe Points, Size: 100000, Results: 11
[LIBGPUSPATIAL] [ 10797][17:58:32:571343][info  ] RTSpatialRefiner 0x790ca3d29630 (Used 0 MB), Loaded Geometries, ProbeArray 100000, Loaded 11, Type Point
[LIBGPUSPATIAL] [ 10798][17:58:32:571372][info  ] RTSpatialRefiner 0x790ca3d29630 (Used 0 MB), Loaded Geometries, ProbeArray 100000, Loaded 15, Type Point
[LIBGPUSPATIAL] [ 10797][17:58:32:571391][info  ] RTSpatialRefiner 0x790ca3d29630 (Used 0 MB), Evaluating 11 Geometry Pairs with Predicate Intersects
[LIBGPUSPATIAL] [ 10798][17:58:32:571411][info  ] RTSpatialRefiner 0x790ca3d29630 (Used 0 MB), Evaluating 15 Geometry Pairs with Predicate Intersects
[LIBGPUSPATIAL] [ 10800][17:58:32:573519][info  ] RTSpatialIndex 0x790ca000a7d0 (Used 0 MB), Allocate result buffer, memory consumption 0 MB, capacity 18
[LIBGPUSPATIAL] [ 10800][17:58:32:573633][info  ] RTSpatialIndex 0x790ca000a7d0 (Used 0 MB), Probe Points, Size: 100000, Results: 18
[LIBGPUSPATIAL] [ 10800][17:58:32:573998][info  ] RTSpatialRefiner 0x790ca3d29630 (Used 0 MB), Loaded Geometries, ProbeArray 100000, Loaded 18, Type Point
[LIBGPUSPATIAL] [ 10800][17:58:32:574039][info  ] RTSpatialRefiner 0x790ca3d29630 (Used 0 MB), Evaluating 18 Geometry Pairs with Predicate Intersects
[LIBGPUSPATIAL] [ 10801][17:58:32:580105][info  ] RTSpatialIndex 0x790ca000a7d0 (Used 2 MB), Allocate result buffer, memory consumption 0 MB, capacity 14
[LIBGPUSPATIAL] [ 10801][17:58:32:580600][info  ] RTSpatialIndex 0x790ca000a7d0 (Used 1 MB), Probe Points, Size: 100000, Results: 14
[LIBGPUSPATIAL] [ 10796][17:58:32:580665][info  ] RTSpatialIndex 0x790ca000a7d0 (Used 0 MB), Allocate result buffer, memory consumption 0 MB, capacity 22
[LIBGPUSPATIAL] [ 10796][17:58:32:580880][info  ] RTSpatialIndex 0x790ca000a7d0 (Used 0 MB), Probe Points, Size: 100000, Results: 22
[LIBGPUSPATIAL] [ 10796][17:58:32:581350][info  ] RTSpatialRefiner 0x790ca3d29630 (Used 0 MB), Loaded Geometries, ProbeArray 100000, Loaded 22, Type Point
[LIBGPUSPATIAL] [ 10801][17:58:32:581355][info  ] RTSpatialRefiner 0x790ca3d29630 (Used 0 MB), Loaded Geometries, ProbeArray 100000, Loaded 14, Type Point
[LIBGPUSPATIAL] [ 10796][17:58:32:581395][info  ] RTSpatialRefiner 0x790ca3d29630 (Used 0 MB), Evaluating 22 Geometry Pairs with Predicate Intersects
[LIBGPUSPATIAL] [ 10801][17:58:32:581432][info  ] RTSpatialRefiner 0x790ca3d29630 (Used 0 MB), Evaluating 14 Geometry Pairs with Predicate Intersects
[LIBGPUSPATIAL] [ 10797][17:58:32:584384][info  ] RTSpatialIndex 0x790ca000a7d0 (Used 2 MB), Allocate result buffer, memory consumption 0 MB, capacity 12
[LIBGPUSPATIAL] [ 10797][17:58:32:584555][info  ] RTSpatialIndex 0x790ca000a7d0 (Used 1 MB), Probe Points, Size: 100000, Results: 12
[LIBGPUSPATIAL] [ 10798][17:58:32:584621][info  ] RTSpatialIndex 0x790ca000a7d0 (Used 0 MB), Allocate result buffer, memory consumption 0 MB, capacity 11
[LIBGPUSPATIAL] [ 10798][17:58:32:585022][info  ] RTSpatialIndex 0x790ca000a7d0 (Used 0 MB), Probe Points, Size: 100000, Results: 11
[LIBGPUSPATIAL] [ 10797][17:58:32:585184][info  ] RTSpatialRefiner 0x790ca3d29630 (Used 0 MB), Loaded Geometries, ProbeArray 100000, Loaded 12, Type Point
[LIBGPUSPATIAL] [ 10797][17:58:32:585244][info  ] RTSpatialRefiner 0x790ca3d29630 (Used 0 MB), Evaluating 12 Geometry Pairs with Predicate Intersects
[LIBGPUSPATIAL] [ 10798][17:58:32:585332][info  ] RTSpatialRefiner 0x790ca3d29630 (Used 0 MB), Loaded Geometries, ProbeArray 100000, Loaded 11, Type Point
[LIBGPUSPATIAL] [ 10798][17:58:32:585379][info  ] RTSpatialRefiner 0x790ca3d29630 (Used 0 MB), Evaluating 11 Geometry Pairs with Predicate Intersects
[LIBGPUSPATIAL] [ 10800][17:58:32:586346][info  ] RTSpatialIndex 0x790ca000a7d0 (Used 0 MB), Allocate result buffer, memory consumption 0 MB, capacity 17
[LIBGPUSPATIAL] [ 10800][17:58:32:586496][info  ] RTSpatialIndex 0x790ca000a7d0 (Used 0 MB), Probe Points, Size: 100000, Results: 17
[LIBGPUSPATIAL] [ 10800][17:58:32:586792][info  ] RTSpatialRefiner 0x790ca3d29630 (Used 0 MB), Loaded Geometries, ProbeArray 100000, Loaded 17, Type Point
[LIBGPUSPATIAL] [ 10800][17:58:32:586833][info  ] RTSpatialRefiner 0x790ca3d29630 (Used 0 MB), Evaluating 17 Geometry Pairs with Predicate Intersects
[LIBGPUSPATIAL] [ 10801][17:58:32:590991][info  ] RTSpatialIndex 0x790ca000a7d0 (Used 0 MB), Allocate result buffer, memory consumption 0 MB, capacity 18
[LIBGPUSPATIAL] [ 10801][17:58:32:591121][info  ] RTSpatialIndex 0x790ca000a7d0 (Used 0 MB), Probe Points, Size: 100000, Results: 18
[LIBGPUSPATIAL] [ 10801][17:58:32:591451][info  ] RTSpatialRefiner 0x790ca3d29630 (Used 0 MB), Loaded Geometries, ProbeArray 100000, Loaded 18, Type Point
[LIBGPUSPATIAL] [ 10801][17:58:32:591486][info  ] RTSpatialRefiner 0x790ca3d29630 (Used 0 MB), Evaluating 18 Geometry Pairs with Predicate Intersects
[LIBGPUSPATIAL] [ 10796][17:58:32:594297][info  ] RTSpatialIndex 0x790ca000a7d0 (Used 0 MB), Allocate result buffer, memory consumption 0 MB, capacity 19
[LIBGPUSPATIAL] [ 10796][17:58:32:594415][info  ] RTSpatialIndex 0x790ca000a7d0 (Used 0 MB), Probe Points, Size: 100000, Results: 19
[LIBGPUSPATIAL] [ 10796][17:58:32:594737][info  ] RTSpatialRefiner 0x790ca3d29630 (Used 0 MB), Loaded Geometries, ProbeArray 100000, Loaded 19, Type Point
[LIBGPUSPATIAL] [ 10796][17:58:32:594777][info  ] RTSpatialRefiner 0x790ca3d29630 (Used 0 MB), Evaluating 19 Geometry Pairs with Predicate Intersects
[LIBGPUSPATIAL] [ 10797][17:58:32:598245][info  ] RTSpatialIndex 0x790ca000a7d0 (Used 2 MB), Allocate result buffer, memory consumption 0 MB, capacity 10
[LIBGPUSPATIAL] [ 10797][17:58:32:598722][info  ] RTSpatialIndex 0x790ca000a7d0 (Used 1 MB), Probe Points, Size: 100000, Results: 10
[LIBGPUSPATIAL] [ 10798][17:58:32:598755][info  ] RTSpatialIndex 0x790ca000a7d0 (Used 0 MB), Allocate result buffer, memory consumption 0 MB, capacity 13
[LIBGPUSPATIAL] [ 10798][17:58:32:599226][info  ] RTSpatialIndex 0x790ca000a7d0 (Used 1 MB), Probe Points, Size: 100000, Results: 13
[LIBGPUSPATIAL] [ 10797][17:58:32:599301][info  ] RTSpatialRefiner 0x790ca3d29630 (Used 0 MB), Loaded Geometries, ProbeArray 100000, Loaded 10, Type Point
[LIBGPUSPATIAL] [ 10800][17:58:32:599325][info  ] RTSpatialIndex 0x790ca000a7d0 (Used 0 MB), Allocate result buffer, memory consumption 0 MB, capacity 17
[LIBGPUSPATIAL] [ 10797][17:58:32:599349][info  ] RTSpatialRefiner 0x790ca3d29630 (Used 0 MB), Evaluating 10 Geometry Pairs with Predicate Intersects
[LIBGPUSPATIAL] [ 10800][17:58:32:599717][info  ] RTSpatialIndex 0x790ca000a7d0 (Used 0 MB), Probe Points, Size: 100000, Results: 17
[LIBGPUSPATIAL] [ 10798][17:58:32:599815][info  ] RTSpatialRefiner 0x790ca3d29630 (Used 0 MB), Loaded Geometries, ProbeArray 100000, Loaded 13, Type Point
[LIBGPUSPATIAL] [ 10798][17:58:32:599885][info  ] RTSpatialRefiner 0x790ca3d29630 (Used 0 MB), Evaluating 13 Geometry Pairs with Predicate Intersects
[LIBGPUSPATIAL] [ 10800][17:58:32:600223][info  ] RTSpatialRefiner 0x790ca3d29630 (Used 0 MB), Loaded Geometries, ProbeArray 100000, Loaded 17, Type Point
[LIBGPUSPATIAL] [ 10800][17:58:32:600272][info  ] RTSpatialRefiner 0x790ca3d29630 (Used 0 MB), Evaluating 17 Geometry Pairs with Predicate Intersects
[LIBGPUSPATIAL] [ 10801][17:58:32:601138][info  ] RTSpatialIndex 0x790ca000a7d0 (Used 0 MB), Allocate result buffer, memory consumption 0 MB, capacity 20
[LIBGPUSPATIAL] [ 10801][17:58:32:601261][info  ] RTSpatialIndex 0x790ca000a7d0 (Used 0 MB), Probe Points, Size: 100000, Results: 20
[LIBGPUSPATIAL] [ 10801][17:58:32:601595][info  ] RTSpatialRefiner 0x790ca3d29630 (Used 0 MB), Loaded Geometries, ProbeArray 100000, Loaded 20, Type Point
[LIBGPUSPATIAL] [ 10801][17:58:32:601645][info  ] RTSpatialRefiner 0x790ca3d29630 (Used 0 MB), Evaluating 20 Geometry Pairs with Predicate Intersects
[LIBGPUSPATIAL] [ 10796][17:58:32:605101][info  ] RTSpatialIndex 0x790ca000a7d0 (Used 0 MB), Allocate result buffer, memory consumption 0 MB, capacity 13
[LIBGPUSPATIAL] [ 10796][17:58:32:605227][info  ] RTSpatialIndex 0x790ca000a7d0 (Used 0 MB), Probe Points, Size: 100000, Results: 13
[LIBGPUSPATIAL] [ 10796][17:58:32:605567][info  ] RTSpatialRefiner 0x790ca3d29630 (Used 0 MB), Loaded Geometries, ProbeArray 100000, Loaded 13, Type Point
[LIBGPUSPATIAL] [ 10796][17:58:32:605615][info  ] RTSpatialRefiner 0x790ca3d29630 (Used 0 MB), Evaluating 13 Geometry Pairs with Predicate Intersects
[LIBGPUSPATIAL] [ 10797][17:58:32:612714][info  ] RTSpatialIndex 0x790ca000a7d0 (Used 0 MB), Allocate result buffer, memory consumption 0 MB, capacity 12
[LIBGPUSPATIAL] [ 10797][17:58:32:612940][info  ] RTSpatialIndex 0x790ca000a7d0 (Used 2 MB), Probe Points, Size: 100000, Results: 12
[LIBGPUSPATIAL] [ 10800][17:58:32:613610][info  ] RTSpatialIndex 0x790ca000a7d0 (Used 1 MB), Allocate result buffer, memory consumption 0 MB, capacity 13
[LIBGPUSPATIAL] [ 10798][17:58:32:613783][info  ] RTSpatialIndex 0x790ca000a7d0 (Used 3 MB), Allocate result buffer, memory consumption 0 MB, capacity 14
[LIBGPUSPATIAL] [ 10797][17:58:32:613961][info  ] RTSpatialRefiner 0x790ca3d29630 (Used 3 MB), Loaded Geometries, ProbeArray 100000, Loaded 12, Type Point
[LIBGPUSPATIAL] [ 10797][17:58:32:614010][info  ] RTSpatialRefiner 0x790ca3d29630 (Used 3 MB), Evaluating 12 Geometry Pairs with Predicate Intersects
[LIBGPUSPATIAL] [ 10800][17:58:32:614201][info  ] RTSpatialIndex 0x790ca000a7d0 (Used 3 MB), Probe Points, Size: 100000, Results: 13
[LIBGPUSPATIAL] [ 10798][17:58:32:614561][info  ] RTSpatialIndex 0x790ca000a7d0 (Used 2 MB), Probe Points, Size: 100000, Results: 14
[LIBGPUSPATIAL] [ 10801][17:58:32:614662][info  ] RTSpatialIndex 0x790ca000a7d0 (Used 1 MB), Allocate result buffer, memory consumption 0 MB, capacity 12
[LIBGPUSPATIAL] [ 10796][17:58:32:614806][info  ] RTSpatialIndex 0x790ca000a7d0 (Used 1 MB), Allocate result buffer, memory consumption 0 MB, capacity 14
[LIBGPUSPATIAL] [ 10800][17:58:32:615019][info  ] RTSpatialRefiner 0x790ca3d29630 (Used 1 MB), Loaded Geometries, ProbeArray 100000, Loaded 13, Type Point
[LIBGPUSPATIAL] [ 10800][17:58:32:615072][info  ] RTSpatialRefiner 0x790ca3d29630 (Used 1 MB), Evaluating 13 Geometry Pairs with Predicate Intersects
[LIBGPUSPATIAL] [ 10798][17:58:32:615150][info  ] RTSpatialRefiner 0x790ca3d29630 (Used 1 MB), Loaded Geometries, ProbeArray 100000, Loaded 14, Type Point
[LIBGPUSPATIAL] [ 10798][17:58:32:615204][info  ] RTSpatialRefiner 0x790ca3d29630 (Used 1 MB), Evaluating 14 Geometry Pairs with Predicate Intersects
[LIBGPUSPATIAL] [ 10801][17:58:32:615228][info  ] RTSpatialIndex 0x790ca000a7d0 (Used 1 MB), Probe Points, Size: 100000, Results: 12
[LIBGPUSPATIAL] [ 10796][17:58:32:615414][info  ] RTSpatialIndex 0x790ca000a7d0 (Used 0 MB), Probe Points, Size: 100000, Results: 14
[LIBGPUSPATIAL] [ 10801][17:58:32:615667][info  ] RTSpatialRefiner 0x790ca3d29630 (Used 0 MB), Loaded Geometries, ProbeArray 100000, Loaded 12, Type Point
[LIBGPUSPATIAL] [ 10801][17:58:32:615714][info  ] RTSpatialRefiner 0x790ca3d29630 (Used 0 MB), Evaluating 12 Geometry Pairs with Predicate Intersects
[LIBGPUSPATIAL] [ 10796][17:58:32:616017][info  ] RTSpatialRefiner 0x790ca3d29630 (Used 0 MB), Loaded Geometries, ProbeArray 100000, Loaded 14, Type Point
[LIBGPUSPATIAL] [ 10796][17:58:32:616062][info  ] RTSpatialRefiner 0x790ca3d29630 (Used 0 MB), Evaluating 14 Geometry Pairs with Predicate Intersects
[LIBGPUSPATIAL] [ 10800][17:58:32:625153][info  ] RTSpatialIndex 0x790ca000a7d0 (Used 3 MB), Allocate result buffer, memory consumption 0 MB, capacity 12
[LIBGPUSPATIAL] [ 10798][17:58:32:625330][info  ] RTSpatialIndex 0x790ca000a7d0 (Used 2 MB), Allocate result buffer, memory consumption 0 MB, capacity 13
[LIBGPUSPATIAL] [ 10800][17:58:32:625452][info  ] RTSpatialIndex 0x790ca000a7d0 (Used 2 MB), Probe Points, Size: 100000, Results: 12
[LIBGPUSPATIAL] [ 10801][17:58:32:625567][info  ] RTSpatialIndex 0x790ca000a7d0 (Used 1 MB), Allocate result buffer, memory consumption 0 MB, capacity 14
[LIBGPUSPATIAL] [ 10798][17:58:32:625818][info  ] RTSpatialIndex 0x790ca000a7d0 (Used 1 MB), Probe Points, Size: 100000, Results: 13
[LIBGPUSPATIAL] [ 10801][17:58:32:626001][info  ] RTSpatialIndex 0x790ca000a7d0 (Used 0 MB), Probe Points, Size: 100000, Results: 14
[LIBGPUSPATIAL] [ 10800][17:58:32:626180][info  ] RTSpatialRefiner 0x790ca3d29630 (Used 0 MB), Loaded Geometries, ProbeArray 100000, Loaded 12, Type Point
[LIBGPUSPATIAL] [ 10800][17:58:32:626226][info  ] RTSpatialRefiner 0x790ca3d29630 (Used 0 MB), Evaluating 12 Geometry Pairs with Predicate Intersects
[LIBGPUSPATIAL] [ 10798][17:58:32:626453][info  ] RTSpatialRefiner 0x790ca3d29630 (Used 0 MB), Loaded Geometries, ProbeArray 100000, Loaded 13, Type Point
[LIBGPUSPATIAL] [ 10801][17:58:32:626488][info  ] RTSpatialRefiner 0x790ca3d29630 (Used 0 MB), Loaded Geometries, ProbeArray 100000, Loaded 14, Type Point
[LIBGPUSPATIAL] [ 10798][17:58:32:626509][info  ] RTSpatialRefiner 0x790ca3d29630 (Used 0 MB), Evaluating 13 Geometry Pairs with Predicate Intersects
[LIBGPUSPATIAL] [ 10801][17:58:32:626540][info  ] RTSpatialRefiner 0x790ca3d29630 (Used 0 MB), Evaluating 14 Geometry Pairs with Predicate Intersects
[LIBGPUSPATIAL] [ 10797][17:58:32:628026][info  ] RTSpatialIndex 0x790ca000a7d0 (Used 0 MB), Allocate result buffer, memory consumption 0 MB, capacity 10
[LIBGPUSPATIAL] [ 10797][17:58:32:628146][info  ] RTSpatialIndex 0x790ca000a7d0 (Used 0 MB), Probe Points, Size: 100000, Results: 10
[LIBGPUSPATIAL] [ 10797][17:58:32:628531][info  ] RTSpatialRefiner 0x790ca3d29630 (Used 0 MB), Loaded Geometries, ProbeArray 100000, Loaded 10, Type Point
[LIBGPUSPATIAL] [ 10797][17:58:32:628593][info  ] RTSpatialRefiner 0x790ca3d29630 (Used 0 MB), Evaluating 10 Geometry Pairs with Predicate Intersects
[LIBGPUSPATIAL] [ 10796][17:58:32:629138][info  ] RTSpatialIndex 0x790ca000a7d0 (Used 0 MB), Allocate result buffer, memory consumption 0 MB, capacity 18
[LIBGPUSPATIAL] [ 10796][17:58:32:629431][info  ] RTSpatialIndex 0x790ca000a7d0 (Used 0 MB), Probe Points, Size: 100000, Results: 18
[LIBGPUSPATIAL] [ 10796][17:58:32:629792][info  ] RTSpatialRefiner 0x790ca3d29630 (Used 0 MB), Loaded Geometries, ProbeArray 100000, Loaded 18, Type Point
[LIBGPUSPATIAL] [ 10796][17:58:32:629836][info  ] RTSpatialRefiner 0x790ca3d29630 (Used 0 MB), Evaluating 18 Geometry Pairs with Predicate Intersects
[LIBGPUSPATIAL] [ 10801][17:58:32:635977][info  ] RTSpatialIndex 0x790ca000a7d0 (Used 0 MB), Allocate result buffer, memory consumption 0 MB, capacity 11
[LIBGPUSPATIAL] [ 10801][17:58:32:636110][info  ] RTSpatialIndex 0x790ca000a7d0 (Used 0 MB), Probe Points, Size: 100000, Results: 11
[LIBGPUSPATIAL] [ 10801][17:58:32:636516][info  ] RTSpatialRefiner 0x790ca3d29630 (Used 0 MB), Loaded Geometries, ProbeArray 100000, Loaded 11, Type Point
[LIBGPUSPATIAL] [ 10801][17:58:32:636564][info  ] RTSpatialRefiner 0x790ca3d29630 (Used 0 MB), Evaluating 11 Geometry Pairs with Predicate Intersects
[LIBGPUSPATIAL] [ 10800][17:58:32:639347][info  ] RTSpatialIndex 0x790ca000a7d0 (Used 0 MB), Allocate result buffer, memory consumption 0 MB, capacity 14
[LIBGPUSPATIAL] [ 10800][17:58:32:639794][info  ] RTSpatialIndex 0x790ca000a7d0 (Used 1 MB), Probe Points, Size: 100000, Results: 14
[LIBGPUSPATIAL] [ 10798][17:58:32:639874][info  ] RTSpatialIndex 0x790ca000a7d0 (Used 0 MB), Allocate result buffer, memory consumption 0 MB, capacity 17
[LIBGPUSPATIAL] [ 10798][17:58:32:640188][info  ] RTSpatialIndex 0x790ca000a7d0 (Used 0 MB), Probe Points, Size: 100000, Results: 17
[LIBGPUSPATIAL] [ 10800][17:58:32:640428][info  ] RTSpatialRefiner 0x790ca3d29630 (Used 0 MB), Loaded Geometries, ProbeArray 100000, Loaded 14, Type Point
[LIBGPUSPATIAL] [ 10800][17:58:32:640470][info  ] RTSpatialRefiner 0x790ca3d29630 (Used 0 MB), Evaluating 14 Geometry Pairs with Predicate Intersects
[LIBGPUSPATIAL] [ 10798][17:58:32:641025][info  ] RTSpatialRefiner 0x790ca3d29630 (Used 0 MB), Loaded Geometries, ProbeArray 100000, Loaded 17, Type Point
[LIBGPUSPATIAL] [ 10798][17:58:32:641089][info  ] RTSpatialRefiner 0x790ca3d29630 (Used 0 MB), Evaluating 17 Geometry Pairs with Predicate Intersects
[LIBGPUSPATIAL] [ 10797][17:58:32:641798][info  ] RTSpatialIndex 0x790ca000a7d0 (Used 0 MB), Allocate result buffer, memory consumption 0 MB, capacity 18
[LIBGPUSPATIAL] [ 10797][17:58:32:641951][info  ] RTSpatialIndex 0x790ca000a7d0 (Used 0 MB), Probe Points, Size: 100000, Results: 18
[LIBGPUSPATIAL] [ 10797][17:58:32:642345][info  ] RTSpatialRefiner 0x790ca3d29630 (Used 1 MB), Loaded Geometries, ProbeArray 100000, Loaded 18, Type Point
[LIBGPUSPATIAL] [ 10797][17:58:32:642400][info  ] RTSpatialRefiner 0x790ca3d29630 (Used 1 MB), Evaluating 18 Geometry Pairs with Predicate Intersects
[LIBGPUSPATIAL] [ 10796][17:58:32:642774][info  ] RTSpatialIndex 0x790ca000a7d0 (Used 0 MB), Allocate result buffer, memory consumption 0 MB, capacity 17
[LIBGPUSPATIAL] [ 10796][17:58:32:643000][info  ] RTSpatialIndex 0x790ca000a7d0 (Used 0 MB), Probe Points, Size: 100000, Results: 17
[LIBGPUSPATIAL] [ 10796][17:58:32:643429][info  ] RTSpatialRefiner 0x790ca3d29630 (Used 0 MB), Loaded Geometries, ProbeArray 100000, Loaded 17, Type Point
[LIBGPUSPATIAL] [ 10796][17:58:32:643473][info  ] RTSpatialRefiner 0x790ca3d29630 (Used 0 MB), Evaluating 17 Geometry Pairs with Predicate Intersects
[LIBGPUSPATIAL] [ 10801][17:58:32:645855][info  ] RTSpatialIndex 0x790ca000a7d0 (Used 0 MB), Allocate result buffer, memory consumption 0 MB, capacity 17
[LIBGPUSPATIAL] [ 10801][17:58:32:645976][info  ] RTSpatialIndex 0x790ca000a7d0 (Used 0 MB), Probe Points, Size: 100000, Results: 17
[LIBGPUSPATIAL] [ 10801][17:58:32:646257][info  ] RTSpatialRefiner 0x790ca3d29630 (Used 0 MB), Loaded Geometries, ProbeArray 100000, Loaded 17, Type Point
[LIBGPUSPATIAL] [ 10801][17:58:32:646292][info  ] RTSpatialRefiner 0x790ca3d29630 (Used 0 MB), Evaluating 17 Geometry Pairs with Predicate Intersects
[LIBGPUSPATIAL] [ 10796][17:58:32:648374][info  ] RTSpatialIndex 0x790ca000a7d0 (Used 0 MB), Allocate result buffer, memory consumption 0 MB, capacity 3
[LIBGPUSPATIAL] [ 10796][17:58:32:648488][info  ] RTSpatialIndex 0x790ca000a7d0 (Used 0 MB), Probe Points, Size: 33333, Results: 3
[LIBGPUSPATIAL] [ 10796][17:58:32:648784][info  ] RTSpatialRefiner 0x790ca3d29630 (Used 0 MB), Loaded Geometries, ProbeArray 33333, Loaded 3, Type Point
[LIBGPUSPATIAL] [ 10796][17:58:32:648825][info  ] RTSpatialRefiner 0x790ca3d29630 (Used 0 MB), Evaluating 3 Geometry Pairs with Predicate Intersects
[LIBGPUSPATIAL] [ 10801][17:58:32:650512][info  ] RTSpatialIndex 0x790ca000a7d0 (Used 0 MB), Allocate result buffer, memory consumption 0 MB, capacity 9
[LIBGPUSPATIAL] [ 10801][17:58:32:650655][info  ] RTSpatialIndex 0x790ca000a7d0 (Used 0 MB), Probe Points, Size: 33333, Results: 9
[LIBGPUSPATIAL] [ 10801][17:58:32:650942][info  ] RTSpatialRefiner 0x790ca3d29630 (Used 0 MB), Loaded Geometries, ProbeArray 33333, Loaded 9, Type Point
[LIBGPUSPATIAL] [ 10801][17:58:32:650980][info  ] RTSpatialRefiner 0x790ca3d29630 (Used 0 MB), Evaluating 9 Geometry Pairs with Predicate Intersects
[LIBGPUSPATIAL] [ 10800][17:58:32:653199][info  ] RTSpatialIndex 0x790ca000a7d0 (Used 0 MB), Allocate result buffer, memory consumption 0 MB, capacity 17
[LIBGPUSPATIAL] [ 10800][17:58:32:653323][info  ] RTSpatialIndex 0x790ca000a7d0 (Used 0 MB), Probe Points, Size: 100000, Results: 17
[LIBGPUSPATIAL] [ 10800][17:58:32:653672][info  ] RTSpatialRefiner 0x790ca3d29630 (Used 1 MB), Loaded Geometries, ProbeArray 100000, Loaded 17, Type Point
[LIBGPUSPATIAL] [ 10800][17:58:32:653717][info  ] RTSpatialRefiner 0x790ca3d29630 (Used 1 MB), Evaluating 17 Geometry Pairs with Predicate Intersects
[LIBGPUSPATIAL] [ 10797][17:58:32:653993][info  ] RTSpatialIndex 0x790ca000a7d0 (Used 0 MB), Allocate result buffer, memory consumption 0 MB, capacity 8
[LIBGPUSPATIAL] [ 10797][17:58:32:654365][info  ] RTSpatialIndex 0x790ca000a7d0 (Used 1 MB), Probe Points, Size: 100000, Results: 8
[LIBGPUSPATIAL] [ 10798][17:58:32:654617][info  ] RTSpatialIndex 0x790ca000a7d0 (Used 0 MB), Allocate result buffer, memory consumption 0 MB, capacity 13
[LIBGPUSPATIAL] [ 10797][17:58:32:654823][info  ] RTSpatialRefiner 0x790ca3d29630 (Used 0 MB), Loaded Geometries, ProbeArray 100000, Loaded 8, Type Point
[LIBGPUSPATIAL] [ 10797][17:58:32:654922][info  ] RTSpatialRefiner 0x790ca3d29630 (Used 0 MB), Evaluating 8 Geometry Pairs with Predicate Intersects
[LIBGPUSPATIAL] [ 10798][17:58:32:654994][info  ] RTSpatialIndex 0x790ca000a7d0 (Used 0 MB), Probe Points, Size: 100000, Results: 13
[LIBGPUSPATIAL] [ 10798][17:58:32:655327][info  ] RTSpatialRefiner 0x790ca3d29630 (Used 0 MB), Loaded Geometries, ProbeArray 100000, Loaded 13, Type Point
[LIBGPUSPATIAL] [ 10798][17:58:32:655376][info  ] RTSpatialRefiner 0x790ca3d29630 (Used 0 MB), Evaluating 13 Geometry Pairs with Predicate Intersects
[LIBGPUSPATIAL] [ 10800][17:58:32:663121][info  ] RTSpatialIndex 0x790ca000a7d0 (Used 0 MB), Allocate result buffer, memory consumption 0 MB, capacity 5
[LIBGPUSPATIAL] [ 10800][17:58:32:663526][info  ] RTSpatialIndex 0x790ca000a7d0 (Used 1 MB), Probe Points, Size: 100000, Results: 5
[LIBGPUSPATIAL] [ 10797][17:58:32:663581][info  ] RTSpatialIndex 0x790ca000a7d0 (Used 0 MB), Allocate result buffer, memory consumption 0 MB, capacity 14
[LIBGPUSPATIAL] [ 10797][17:58:32:664008][info  ] RTSpatialIndex 0x790ca000a7d0 (Used 1 MB), Probe Points, Size: 100000, Results: 14
[LIBGPUSPATIAL] [ 10800][17:58:32:664155][info  ] RTSpatialRefiner 0x790ca3d29630 (Used 0 MB), Loaded Geometries, ProbeArray 100000, Loaded 5, Type Point
[LIBGPUSPATIAL] [ 10800][17:58:32:664202][info  ] RTSpatialRefiner 0x790ca3d29630 (Used 0 MB), Evaluating 5 Geometry Pairs with Predicate Intersects
[LIBGPUSPATIAL] [ 10798][17:58:32:664209][info  ] RTSpatialIndex 0x790ca000a7d0 (Used 0 MB), Allocate result buffer, memory consumption 0 MB, capacity 17
[LIBGPUSPATIAL] [ 10797][17:58:32:664506][info  ] RTSpatialRefiner 0x790ca3d29630 (Used 0 MB), Loaded Geometries, ProbeArray 100000, Loaded 14, Type Point
[LIBGPUSPATIAL] [ 10798][17:58:32:664554][info  ] RTSpatialIndex 0x790ca000a7d0 (Used 0 MB), Probe Points, Size: 100000, Results: 17
[LIBGPUSPATIAL] [ 10797][17:58:32:664568][info  ] RTSpatialRefiner 0x790ca3d29630 (Used 0 MB), Evaluating 14 Geometry Pairs with Predicate Intersects
[LIBGPUSPATIAL] [ 10798][17:58:32:664943][info  ] RTSpatialRefiner 0x790ca3d29630 (Used 0 MB), Loaded Geometries, ProbeArray 100000, Loaded 17, Type Point
[LIBGPUSPATIAL] [ 10798][17:58:32:664993][info  ] RTSpatialRefiner 0x790ca3d29630 (Used 0 MB), Evaluating 17 Geometry Pairs with Predicate Intersects
[LIBGPUSPATIAL] [ 10800][17:58:32:669434][info  ] RTSpatialIndex 0x790ca000a7d0 (Used 0 MB), Allocate result buffer, memory consumption 0 MB, capacity 6
[LIBGPUSPATIAL] [ 10800][17:58:32:669550][info  ] RTSpatialIndex 0x790ca000a7d0 (Used 0 MB), Probe Points, Size: 33333, Results: 6
[LIBGPUSPATIAL] [ 10800][17:58:32:669889][info  ] RTSpatialRefiner 0x790ca3d29630 (Used 0 MB), Loaded Geometries, ProbeArray 33333, Loaded 6, Type Point
[LIBGPUSPATIAL] [ 10800][17:58:32:669931][info  ] RTSpatialRefiner 0x790ca3d29630 (Used 0 MB), Evaluating 6 Geometry Pairs with Predicate Intersects
[LIBGPUSPATIAL] [ 10797][17:58:32:673214][info  ] RTSpatialIndex 0x790ca000a7d0 (Used 0 MB), Allocate result buffer, memory consumption 0 MB, capacity 13
[LIBGPUSPATIAL] [ 10797][17:58:32:673336][info  ] RTSpatialIndex 0x790ca000a7d0 (Used 0 MB), Probe Points, Size: 100000, Results: 13
[LIBGPUSPATIAL] [ 10797][17:58:32:673654][info  ] RTSpatialRefiner 0x790ca3d29630 (Used 0 MB), Loaded Geometries, ProbeArray 100000, Loaded 13, Type Point
[LIBGPUSPATIAL] [ 10797][17:58:32:673689][info  ] RTSpatialRefiner 0x790ca3d29630 (Used 0 MB), Evaluating 13 Geometry Pairs with Predicate Intersects
[LIBGPUSPATIAL] [ 10798][17:58:32:675696][info  ] RTSpatialIndex 0x790ca000a7d0 (Used 0 MB), Allocate result buffer, memory consumption 0 MB, capacity 21
[LIBGPUSPATIAL] [ 10798][17:58:32:675806][info  ] RTSpatialIndex 0x790ca000a7d0 (Used 0 MB), Probe Points, Size: 100000, Results: 21
[LIBGPUSPATIAL] [ 10798][17:58:32:676117][info  ] RTSpatialRefiner 0x790ca3d29630 (Used 0 MB), Loaded Geometries, ProbeArray 100000, Loaded 21, Type Point
[LIBGPUSPATIAL] [ 10798][17:58:32:676152][info  ] RTSpatialRefiner 0x790ca3d29630 (Used 0 MB), Evaluating 21 Geometry Pairs with Predicate Intersects
[LIBGPUSPATIAL] [ 10797][17:58:32:682364][info  ] RTSpatialIndex 0x790ca000a7d0 (Used 0 MB), Allocate result buffer, memory consumption 0 MB, capacity 21
[LIBGPUSPATIAL] [ 10797][17:58:32:682501][info  ] RTSpatialIndex 0x790ca000a7d0 (Used 0 MB), Probe Points, Size: 100000, Results: 21
[LIBGPUSPATIAL] [ 10797][17:58:32:682831][info  ] RTSpatialRefiner 0x790ca3d29630 (Used 0 MB), Loaded Geometries, ProbeArray 100000, Loaded 21, Type Point
[LIBGPUSPATIAL] [ 10797][17:58:32:682894][info  ] RTSpatialRefiner 0x790ca3d29630 (Used 0 MB), Evaluating 21 Geometry Pairs with Predicate Intersects
[LIBGPUSPATIAL] [ 10798][17:58:32:684622][info  ] RTSpatialIndex 0x790ca000a7d0 (Used 0 MB), Allocate result buffer, memory consumption 0 MB, capacity 11
[LIBGPUSPATIAL] [ 10798][17:58:32:684724][info  ] RTSpatialIndex 0x790ca000a7d0 (Used 0 MB), Probe Points, Size: 100000, Results: 11
[LIBGPUSPATIAL] [ 10798][17:58:32:684999][info  ] RTSpatialRefiner 0x790ca3d29630 (Used 0 MB), Loaded Geometries, ProbeArray 100000, Loaded 11, Type Point
[LIBGPUSPATIAL] [ 10798][17:58:32:685034][info  ] RTSpatialRefiner 0x790ca3d29630 (Used 0 MB), Evaluating 11 Geometry Pairs with Predicate Intersects
[LIBGPUSPATIAL] [ 10797][17:58:32:686331][info  ] RTSpatialIndex 0x790ca000a7d0 (Used 0 MB), Allocate result buffer, memory consumption 0 MB, capacity 6
[LIBGPUSPATIAL] [ 10797][17:58:32:686457][info  ] RTSpatialIndex 0x790ca000a7d0 (Used 0 MB), Probe Points, Size: 33333, Results: 6
[LIBGPUSPATIAL] [ 10797][17:58:32:686776][info  ] RTSpatialRefiner 0x790ca3d29630 (Used 0 MB), Loaded Geometries, ProbeArray 33333, Loaded 6, Type Point
[LIBGPUSPATIAL] [ 10797][17:58:32:686814][info  ] RTSpatialRefiner 0x790ca3d29630 (Used 0 MB), Evaluating 6 Geometry Pairs with Predicate Intersects
[LIBGPUSPATIAL] [ 10798][17:58:32:693330][info  ] RTSpatialIndex 0x790ca000a7d0 (Used 0 MB), Allocate result buffer, memory consumption 0 MB, capacity 11
[LIBGPUSPATIAL] [ 10798][17:58:32:693446][info  ] RTSpatialIndex 0x790ca000a7d0 (Used 0 MB), Probe Points, Size: 100000, Results: 11
[LIBGPUSPATIAL] [ 10798][17:58:32:693732][info  ] RTSpatialRefiner 0x790ca3d29630 (Used 0 MB), Loaded Geometries, ProbeArray 100000, Loaded 11, Type Point
[LIBGPUSPATIAL] [ 10798][17:58:32:693768][info  ] RTSpatialRefiner 0x790ca3d29630 (Used 0 MB), Evaluating 11 Geometry Pairs with Predicate Intersects
[LIBGPUSPATIAL] [ 10798][17:58:32:696977][info  ] RTSpatialIndex 0x790ca000a7d0 (Used 0 MB), Allocate result buffer, memory consumption 0 MB, capacity 4
[LIBGPUSPATIAL] [ 10798][17:58:32:697088][info  ] RTSpatialIndex 0x790ca000a7d0 (Used 0 MB), Probe Points, Size: 33333, Results: 4
[LIBGPUSPATIAL] [ 10798][17:58:32:697337][info  ] RTSpatialRefiner 0x790ca3d29630 (Used 0 MB), Loaded Geometries, ProbeArray 33333, Loaded 4, Type Point
[LIBGPUSPATIAL] [ 10798][17:58:32:697371][info  ] RTSpatialRefiner 0x790ca3d29630 (Used 0 MB), Evaluating 4 Geometry Pairs with Predicate Intersects
2.28s (1 rows)

================================================================================
BENCHMARK SUMMARY
================================================================================
Query     sedonadb_gpu   
-------------------------
q2        2.28s          
-------------------------
Total     2.28s         

Results saved to results_mem_SF_10/sedonadb_gpu_q2_results.json
