Data paths:
  building: benchmark-data-sf10/building
  customer: benchmark-data-sf10/customer
  driver: benchmark-data-sf10/driver
  trip: benchmark-data-sf10/trip
  vehicle: benchmark-data-sf10/vehicle
  zone: benchmark-data-sf10/zone

============================================================
Running Sedonadb Gpu Benchmark
============================================================
Sedonadb Gpu version: 0.3.0
  Running q6... [LIBGPUSPATIAL] [ 12323][17:59:51:679002][info  ] Initializing GpuSpatialRuntime on device 0, PTX root /mnt/data/sedona-db/target/release/build/sedona-libgpuspatial-49614f8a870dbe66/out/share/gpuspatial/shaders
[LIBGPUSPATIAL] [ 12323][17:59:51:835441][info  ] Init Memory Manager
[LIBGPUSPATIAL] [ 12323][17:59:51:835630][info  ] Creating RMM pool memory resource with size 22511 MB
[LIBGPUSPATIAL] [ 12323][17:59:51:880684][info  ] Initialize RTEngine
[LIBGPUSPATIAL] [ 12323][17:59:52:001743][info  ] Create RTSpatialIndex 0x77600000ac10, fast_build = 0, compact = 0, concurrency = 8
[LIBGPUSPATIAL] [ 12323][17:59:52:004618][info  ] Create RTSpatialRefiner 0x776003d29930, fast_build = 0, compact = 0, parsing_threads = 8, concurrency = 8, pipeline_batches = 1, wkb_parser_memory_quota = 0.80, relate_engine_memory_quota = 0.06
[LIBGPUSPATIAL] [ 12323][17:59:52:011645][info  ] RTSpatialRefiner 0x776003d29930 (Used 0 MB), FinishBuilding Refiner, Total geoms: 18
[LIBGPUSPATIAL] [ 12323][17:59:52:011679][info  ] RTSpatialIndex 0x77600000ac10 (Used 0 MB), PushBuild, Rectangles 18
[LIBGPUSPATIAL] [ 12323][17:59:52:012050][info  ] RTSpatialIndex 0x77600000ac10 (Used 0 MB), FinishBuilding Index on Rectangles, Total geoms: 18
[LIBGPUSPATIAL] [ 12325][17:59:52:054208][info  ] RTSpatialIndex 0x77600000ac10 (Used 5 MB), Allocate result buffer, memory consumption 0 MB, capacity 25
[LIBGPUSPATIAL] [ 12327][17:59:52:054357][info  ] RTSpatialIndex 0x77600000ac10 (Used 4 MB), Allocate result buffer, memory consumption 0 MB, capacity 16
[LIBGPUSPATIAL] [ 12328][17:59:52:054433][info  ] RTSpatialIndex 0x77600000ac10 (Used 4 MB), Allocate result buffer, memory consumption 0 MB, capacity 28
[LIBGPUSPATIAL] [ 12324][17:59:52:054535][info  ] RTSpatialIndex 0x77600000ac10 (Used 4 MB), Allocate result buffer, memory consumption 0 MB, capacity 12
[LIBGPUSPATIAL] [ 12330][17:59:52:054630][info  ] RTSpatialIndex 0x77600000ac10 (Used 4 MB), Allocate result buffer, memory consumption 0 MB, capacity 28
[LIBGPUSPATIAL] [ 12325][17:59:52:054771][info  ] RTSpatialIndex 0x77600000ac10 (Used 4 MB), Probe Points, Size: 100000, Results: 25
[LIBGPUSPATIAL] [ 12330][17:59:52:055221][info  ] RTSpatialIndex 0x77600000ac10 (Used 4 MB), Probe Points, Size: 100000, Results: 28
[LIBGPUSPATIAL] [ 12327][17:59:52:055455][info  ] RTSpatialIndex 0x77600000ac10 (Used 3 MB), Probe Points, Size: 100000, Results: 16
[LIBGPUSPATIAL] [ 12328][17:59:52:055636][info  ] RTSpatialIndex 0x77600000ac10 (Used 2 MB), Probe Points, Size: 100000, Results: 28
[LIBGPUSPATIAL] [ 12324][17:59:52:055881][info  ] RTSpatialIndex 0x77600000ac10 (Used 1 MB), Probe Points, Size: 100000, Results: 12
[LIBGPUSPATIAL] [ 12329][17:59:52:056105][info  ] RTSpatialIndex 0x77600000ac10 (Used 1 MB), Allocate result buffer, memory consumption 0 MB, capacity 17
[LIBGPUSPATIAL] [ 12325][17:59:52:056472][info  ] RTSpatialRefiner 0x776003d29930 (Used 1 MB), Loaded Geometries, ProbeArray 100000, Loaded 18, Type Point
[LIBGPUSPATIAL] [ 12325][17:59:52:056531][info  ] RTSpatialRefiner 0x776003d29930 (Used 1 MB), Evaluating 25 Geometry Pairs with Predicate Contains
[LIBGPUSPATIAL] [ 12329][17:59:52:056561][info  ] RTSpatialIndex 0x77600000ac10 (Used 1 MB), Probe Points, Size: 100000, Results: 17
[LIBGPUSPATIAL] [ 12324][17:59:52:056569][info  ] RTSpatialRefiner 0x776003d29930 (Used 1 MB), Loaded Geometries, ProbeArray 100000, Loaded 9, Type Point
[LIBGPUSPATIAL] [ 12328][17:59:52:056595][info  ] RTSpatialRefiner 0x776003d29930 (Used 0 MB), Loaded Geometries, ProbeArray 100000, Loaded 20, Type Point
[LIBGPUSPATIAL] [ 12324][17:59:52:056617][info  ] RTSpatialRefiner 0x776003d29930 (Used 0 MB), Evaluating 12 Geometry Pairs with Predicate Contains
[LIBGPUSPATIAL] [ 12328][17:59:52:056653][info  ] RTSpatialRefiner 0x776003d29930 (Used 0 MB), Evaluating 28 Geometry Pairs with Predicate Contains
[LIBGPUSPATIAL] [ 12330][17:59:52:056689][info  ] RTSpatialRefiner 0x776003d29930 (Used 0 MB), Loaded Geometries, ProbeArray 100000, Loaded 21, Type Point
[LIBGPUSPATIAL] [ 12327][17:59:52:056720][info  ] RTSpatialRefiner 0x776003d29930 (Used 0 MB), Loaded Geometries, ProbeArray 100000, Loaded 10, Type Point
[LIBGPUSPATIAL] [ 12330][17:59:52:056739][info  ] RTSpatialRefiner 0x776003d29930 (Used 0 MB), Evaluating 28 Geometry Pairs with Predicate Contains
[LIBGPUSPATIAL] [ 12327][17:59:52:056759][info  ] RTSpatialRefiner 0x776003d29930 (Used 0 MB), Evaluating 16 Geometry Pairs with Predicate Contains
[LIBGPUSPATIAL] [ 12329][17:59:52:080898][info  ] RTSpatialRefiner 0x776003d29930 (Used 1 MB), Loaded Geometries, ProbeArray 100000, Loaded 13, Type Point
[LIBGPUSPATIAL] [ 12329][17:59:52:081054][info  ] RTSpatialRefiner 0x776003d29930 (Used 1 MB), Evaluating 17 Geometry Pairs with Predicate Contains
[LIBGPUSPATIAL] [ 12326][17:59:52:081159][info  ] RTSpatialIndex 0x77600000ac10 (Used 1 MB), Allocate result buffer, memory consumption 0 MB, capacity 27
[LIBGPUSPATIAL] [ 12323][17:59:52:081462][info  ] RTSpatialIndex 0x77600000ac10 (Used 1 MB), Allocate result buffer, memory consumption 0 MB, capacity 19
[LIBGPUSPATIAL] [ 12326][17:59:52:082032][info  ] RTSpatialIndex 0x77600000ac10 (Used 2 MB), Probe Points, Size: 100000, Results: 27
[LIBGPUSPATIAL] [ 12326][17:59:52:082653][info  ] RTSpatialRefiner 0x776003d29930 (Used 1 MB), Loaded Geometries, ProbeArray 100000, Loaded 19, Type Point
[LIBGPUSPATIAL] [ 12326][17:59:52:082698][info  ] RTSpatialRefiner 0x776003d29930 (Used 1 MB), Evaluating 27 Geometry Pairs with Predicate Contains
[LIBGPUSPATIAL] [ 12323][17:59:52:083280][info  ] RTSpatialIndex 0x77600000ac10 (Used 1 MB), Probe Points, Size: 100000, Results: 19
[LIBGPUSPATIAL] [ 12323][17:59:52:084006][info  ] RTSpatialRefiner 0x776003d29930 (Used 0 MB), Loaded Geometries, ProbeArray 100000, Loaded 14, Type Point
[LIBGPUSPATIAL] [ 12323][17:59:52:084043][info  ] RTSpatialRefiner 0x776003d29930 (Used 0 MB), Evaluating 19 Geometry Pairs with Predicate Contains
[LIBGPUSPATIAL] [ 12327][17:59:52:103330][info  ] RTSpatialIndex 0x77600000ac10 (Used 1 MB), Allocate result buffer, memory consumption 0 MB, capacity 18
[LIBGPUSPATIAL] [ 12330][17:59:52:103362][info  ] RTSpatialIndex 0x77600000ac10 (Used 1 MB), Allocate result buffer, memory consumption 0 MB, capacity 22
[LIBGPUSPATIAL] [ 12327][17:59:52:103562][info  ] RTSpatialIndex 0x77600000ac10 (Used 1 MB), Probe Points, Size: 100000, Results: 18
[LIBGPUSPATIAL] [ 12330][17:59:52:103678][info  ] RTSpatialIndex 0x77600000ac10 (Used 1 MB), Probe Points, Size: 100000, Results: 22
[LIBGPUSPATIAL] [ 12324][17:59:52:104588][info  ] RTSpatialIndex 0x77600000ac10 (Used 1 MB), Allocate result buffer, memory consumption 0 MB, capacity 20
[LIBGPUSPATIAL] [ 12324][17:59:52:104737][info  ] RTSpatialIndex 0x77600000ac10 (Used 1 MB), Probe Points, Size: 100000, Results: 20
[LIBGPUSPATIAL] [ 12325][17:59:52:105497][info  ] RTSpatialIndex 0x77600000ac10 (Used 2 MB), Allocate result buffer, memory consumption 0 MB, capacity 25
[LIBGPUSPATIAL] [ 12330][17:59:52:105832][info  ] RTSpatialRefiner 0x776003d29930 (Used 4 MB), Loaded Geometries, ProbeArray 100000, Loaded 14, Type Point
[LIBGPUSPATIAL] [ 12327][17:59:52:105857][info  ] RTSpatialRefiner 0x776003d29930 (Used 4 MB), Loaded Geometries, ProbeArray 100000, Loaded 14, Type Point
[LIBGPUSPATIAL] [ 12330][17:59:52:105924][info  ] RTSpatialRefiner 0x776003d29930 (Used 4 MB), Evaluating 22 Geometry Pairs with Predicate Contains
[LIBGPUSPATIAL] [ 12324][17:59:52:106003][info  ] RTSpatialRefiner 0x776003d29930 (Used 4 MB), Loaded Geometries, ProbeArray 100000, Loaded 15, Type Point
[LIBGPUSPATIAL] [ 12324][17:59:52:106050][info  ] RTSpatialRefiner 0x776003d29930 (Used 4 MB), Evaluating 20 Geometry Pairs with Predicate Contains
[LIBGPUSPATIAL] [ 12327][17:59:52:106201][info  ] RTSpatialRefiner 0x776003d29930 (Used 3 MB), Evaluating 18 Geometry Pairs with Predicate Contains
[LIBGPUSPATIAL] [ 12326][17:59:52:106522][info  ] RTSpatialIndex 0x77600000ac10 (Used 3 MB), Allocate result buffer, memory consumption 0 MB, capacity 15
[LIBGPUSPATIAL] [ 12325][17:59:52:106704][info  ] RTSpatialIndex 0x77600000ac10 (Used 3 MB), Probe Points, Size: 100000, Results: 25
[LIBGPUSPATIAL] [ 12329][17:59:52:106883][info  ] RTSpatialIndex 0x77600000ac10 (Used 2 MB), Allocate result buffer, memory consumption 0 MB, capacity 29
[LIBGPUSPATIAL] [ 12328][17:59:52:107107][info  ] RTSpatialIndex 0x77600000ac10 (Used 4 MB), Allocate result buffer, memory consumption 0 MB, capacity 29
[LIBGPUSPATIAL] [ 12325][17:59:52:107468][info  ] RTSpatialRefiner 0x776003d29930 (Used 5 MB), Loaded Geometries, ProbeArray 100000, Loaded 21, Type Point
[LIBGPUSPATIAL] [ 12325][17:59:52:107532][info  ] RTSpatialRefiner 0x776003d29930 (Used 3 MB), Evaluating 25 Geometry Pairs with Predicate Contains
[LIBGPUSPATIAL] [ 12326][17:59:52:107662][info  ] RTSpatialIndex 0x77600000ac10 (Used 3 MB), Probe Points, Size: 100000, Results: 15
[LIBGPUSPATIAL] [ 12323][17:59:52:107810][info  ] RTSpatialIndex 0x77600000ac10 (Used 2 MB), Allocate result buffer, memory consumption 0 MB, capacity 18
[LIBGPUSPATIAL] [ 12329][17:59:52:108167][info  ] RTSpatialIndex 0x77600000ac10 (Used 2 MB), Probe Points, Size: 100000, Results: 29
[LIBGPUSPATIAL] [ 12326][17:59:52:108370][info  ] RTSpatialRefiner 0x776003d29930 (Used 2 MB), Loaded Geometries, ProbeArray 100000, Loaded 13, Type Point
[LIBGPUSPATIAL] [ 12326][17:59:52:108427][info  ] RTSpatialRefiner 0x776003d29930 (Used 2 MB), Evaluating 15 Geometry Pairs with Predicate Contains
[LIBGPUSPATIAL] [ 12328][17:59:52:108477][info  ] RTSpatialIndex 0x77600000ac10 (Used 2 MB), Probe Points, Size: 100000, Results: 29
[LIBGPUSPATIAL] [ 12323][17:59:52:108983][info  ] RTSpatialIndex 0x77600000ac10 (Used 1 MB), Probe Points, Size: 100000, Results: 18
[LIBGPUSPATIAL] [ 12328][17:59:52:109207][info  ] RTSpatialRefiner 0x776003d29930 (Used 0 MB), Loaded Geometries, ProbeArray 100000, Loaded 20, Type Point
[LIBGPUSPATIAL] [ 12329][17:59:52:109267][info  ] RTSpatialRefiner 0x776003d29930 (Used 0 MB), Loaded Geometries, ProbeArray 100000, Loaded 23, Type Point
[LIBGPUSPATIAL] [ 12328][17:59:52:109274][info  ] RTSpatialRefiner 0x776003d29930 (Used 0 MB), Evaluating 29 Geometry Pairs with Predicate Contains
[LIBGPUSPATIAL] [ 12329][17:59:52:109974][info  ] RTSpatialRefiner 0x776003d29930 (Used 0 MB), Evaluating 29 Geometry Pairs with Predicate Contains
[LIBGPUSPATIAL] [ 12323][17:59:52:110280][info  ] RTSpatialRefiner 0x776003d29930 (Used 0 MB), Loaded Geometries, ProbeArray 100000, Loaded 13, Type Point
[LIBGPUSPATIAL] [ 12323][17:59:52:110332][info  ] RTSpatialRefiner 0x776003d29930 (Used 0 MB), Evaluating 18 Geometry Pairs with Predicate Contains
[LIBGPUSPATIAL] [ 12330][17:59:52:125536][info  ] RTSpatialIndex 0x77600000ac10 (Used 1 MB), Allocate result buffer, memory consumption 0 MB, capacity 28
[LIBGPUSPATIAL] [ 12327][17:59:52:125582][info  ] RTSpatialIndex 0x77600000ac10 (Used 1 MB), Allocate result buffer, memory consumption 0 MB, capacity 8
[LIBGPUSPATIAL] [ 12330][17:59:52:125968][info  ] RTSpatialIndex 0x77600000ac10 (Used 1 MB), Probe Points, Size: 100000, Results: 28
[LIBGPUSPATIAL] [ 12327][17:59:52:126022][info  ] RTSpatialIndex 0x77600000ac10 (Used 1 MB), Probe Points, Size: 100000, Results: 8
[LIBGPUSPATIAL] [ 12324][17:59:52:127030][info  ] RTSpatialIndex 0x77600000ac10 (Used 1 MB), Allocate result buffer, memory consumption 0 MB, capacity 23
[LIBGPUSPATIAL] [ 12324][17:59:52:127237][info  ] RTSpatialIndex 0x77600000ac10 (Used 1 MB), Probe Points, Size: 100000, Results: 23
[LIBGPUSPATIAL] [ 12327][17:59:52:127585][info  ] RTSpatialRefiner 0x776003d29930 (Used 1 MB), Loaded Geometries, ProbeArray 100000, Loaded 6, Type Point
[LIBGPUSPATIAL] [ 12327][17:59:52:127648][info  ] RTSpatialRefiner 0x776003d29930 (Used 1 MB), Evaluating 8 Geometry Pairs with Predicate Contains
[LIBGPUSPATIAL] [ 12330][17:59:52:127976][info  ] RTSpatialRefiner 0x776003d29930 (Used 2 MB), Loaded Geometries, ProbeArray 100000, Loaded 20, Type Point
[LIBGPUSPATIAL] [ 12330][17:59:52:128023][info  ] RTSpatialRefiner 0x776003d29930 (Used 2 MB), Evaluating 28 Geometry Pairs with Predicate Contains
[LIBGPUSPATIAL] [ 12325][17:59:52:128063][info  ] RTSpatialIndex 0x77600000ac10 (Used 2 MB), Allocate result buffer, memory consumption 0 MB, capacity 16
[LIBGPUSPATIAL] [ 12324][17:59:52:128092][info  ] RTSpatialRefiner 0x776003d29930 (Used 2 MB), Loaded Geometries, ProbeArray 100000, Loaded 19, Type Point
[LIBGPUSPATIAL] [ 12324][17:59:52:128129][info  ] RTSpatialRefiner 0x776003d29930 (Used 2 MB), Evaluating 23 Geometry Pairs with Predicate Contains
[LIBGPUSPATIAL] [ 12329][17:59:52:128804][info  ] RTSpatialIndex 0x77600000ac10 (Used 2 MB), Allocate result buffer, memory consumption 0 MB, capacity 20
[LIBGPUSPATIAL] [ 12323][17:59:52:128886][info  ] RTSpatialIndex 0x77600000ac10 (Used 2 MB), Allocate result buffer, memory consumption 0 MB, capacity 18
[LIBGPUSPATIAL] [ 12325][17:59:52:129051][info  ] RTSpatialIndex 0x77600000ac10 (Used 2 MB), Probe Points, Size: 100000, Results: 16
[LIBGPUSPATIAL] [ 12325][17:59:52:129640][info  ] RTSpatialRefiner 0x776003d29930 (Used 4 MB), Loaded Geometries, ProbeArray 100000, Loaded 13, Type Point
[LIBGPUSPATIAL] [ 12329][17:59:52:129700][info  ] RTSpatialIndex 0x77600000ac10 (Used 4 MB), Probe Points, Size: 100000, Results: 20
[LIBGPUSPATIAL] [ 12325][17:59:52:129707][info  ] RTSpatialRefiner 0x776003d29930 (Used 4 MB), Evaluating 16 Geometry Pairs with Predicate Contains
[LIBGPUSPATIAL] [ 12323][17:59:52:129983][info  ] RTSpatialIndex 0x77600000ac10 (Used 3 MB), Probe Points, Size: 100000, Results: 18
[LIBGPUSPATIAL] [ 12328][17:59:52:130244][info  ] RTSpatialIndex 0x77600000ac10 (Used 1 MB), Allocate result buffer, memory consumption 0 MB, capacity 23
[LIBGPUSPATIAL] [ 12326][17:59:52:130528][info  ] RTSpatialIndex 0x77600000ac10 (Used 1 MB), Allocate result buffer, memory consumption 0 MB, capacity 14
[LIBGPUSPATIAL] [ 12329][17:59:52:130786][info  ] RTSpatialRefiner 0x776003d29930 (Used 1 MB), Loaded Geometries, ProbeArray 100000, Loaded 15, Type Point
[LIBGPUSPATIAL] [ 12329][17:59:52:130833][info  ] RTSpatialRefiner 0x776003d29930 (Used 1 MB), Evaluating 20 Geometry Pairs with Predicate Contains
[LIBGPUSPATIAL] [ 12323][17:59:52:130904][info  ] RTSpatialRefiner 0x776003d29930 (Used 1 MB), Loaded Geometries, ProbeArray 100000, Loaded 16, Type Point
[LIBGPUSPATIAL] [ 12323][17:59:52:130949][info  ] RTSpatialRefiner 0x776003d29930 (Used 1 MB), Evaluating 18 Geometry Pairs with Predicate Contains
[LIBGPUSPATIAL] [ 12328][17:59:52:131169][info  ] RTSpatialIndex 0x77600000ac10 (Used 1 MB), Probe Points, Size: 100000, Results: 23
[LIBGPUSPATIAL] [ 12326][17:59:52:131485][info  ] RTSpatialIndex 0x77600000ac10 (Used 1 MB), Probe Points, Size: 100000, Results: 14
[LIBGPUSPATIAL] [ 12326][17:59:52:133094][info  ] RTSpatialRefiner 0x776003d29930 (Used 0 MB), Loaded Geometries, ProbeArray 100000, Loaded 13, Type Point
[LIBGPUSPATIAL] [ 12328][17:59:52:133104][info  ] RTSpatialRefiner 0x776003d29930 (Used 0 MB), Loaded Geometries, ProbeArray 100000, Loaded 18, Type Point
[LIBGPUSPATIAL] [ 12326][17:59:52:133149][info  ] RTSpatialRefiner 0x776003d29930 (Used 0 MB), Evaluating 14 Geometry Pairs with Predicate Contains
[LIBGPUSPATIAL] [ 12328][17:59:52:133154][info  ] RTSpatialRefiner 0x776003d29930 (Used 0 MB), Evaluating 23 Geometry Pairs with Predicate Contains
[LIBGPUSPATIAL] [ 12330][17:59:52:146223][info  ] RTSpatialIndex 0x77600000ac10 (Used 2 MB), Allocate result buffer, memory consumption 0 MB, capacity 21
[LIBGPUSPATIAL] [ 12330][17:59:52:146399][info  ] RTSpatialIndex 0x77600000ac10 (Used 1 MB), Probe Points, Size: 100000, Results: 21
[LIBGPUSPATIAL] [ 12327][17:59:52:146478][info  ] RTSpatialIndex 0x77600000ac10 (Used 1 MB), Allocate result buffer, memory consumption 0 MB, capacity 30
[LIBGPUSPATIAL] [ 12327][17:59:52:147030][info  ] RTSpatialIndex 0x77600000ac10 (Used 1 MB), Probe Points, Size: 100000, Results: 30
[LIBGPUSPATIAL] [ 12330][17:59:52:148035][info  ] RTSpatialRefiner 0x776003d29930 (Used 0 MB), Loaded Geometries, ProbeArray 100000, Loaded 15, Type Point
[LIBGPUSPATIAL] [ 12330][17:59:52:148078][info  ] RTSpatialRefiner 0x776003d29930 (Used 0 MB), Evaluating 21 Geometry Pairs with Predicate Contains
[LIBGPUSPATIAL] [ 12329][17:59:52:148910][info  ] RTSpatialIndex 0x77600000ac10 (Used 1 MB), Allocate result buffer, memory consumption 0 MB, capacity 27
[LIBGPUSPATIAL] [ 12327][17:59:52:148977][info  ] RTSpatialRefiner 0x776003d29930 (Used 1 MB), Loaded Geometries, ProbeArray 100000, Loaded 21, Type Point
[LIBGPUSPATIAL] [ 12327][17:59:52:149035][info  ] RTSpatialRefiner 0x776003d29930 (Used 1 MB), Evaluating 30 Geometry Pairs with Predicate Contains
[LIBGPUSPATIAL] [ 12329][17:59:52:149067][info  ] RTSpatialIndex 0x77600000ac10 (Used 1 MB), Probe Points, Size: 100000, Results: 27
[LIBGPUSPATIAL] [ 12329][17:59:52:150147][info  ] RTSpatialRefiner 0x776003d29930 (Used 2 MB), Loaded Geometries, ProbeArray 100000, Loaded 21, Type Point
[LIBGPUSPATIAL] [ 12329][17:59:52:150251][info  ] RTSpatialRefiner 0x776003d29930 (Used 4 MB), Evaluating 27 Geometry Pairs with Predicate Contains
[LIBGPUSPATIAL] [ 12324][17:59:52:150695][info  ] RTSpatialIndex 0x77600000ac10 (Used 2 MB), Allocate result buffer, memory consumption 0 MB, capacity 31
[LIBGPUSPATIAL] [ 12323][17:59:52:151213][info  ] RTSpatialIndex 0x77600000ac10 (Used 4 MB), Allocate result buffer, memory consumption 0 MB, capacity 18
[LIBGPUSPATIAL] [ 12326][17:59:52:151290][info  ] RTSpatialIndex 0x77600000ac10 (Used 5 MB), Allocate result buffer, memory consumption 0 MB, capacity 27
[LIBGPUSPATIAL] [ 12324][17:59:52:151675][info  ] RTSpatialIndex 0x77600000ac10 (Used 4 MB), Probe Points, Size: 100000, Results: 31
[LIBGPUSPATIAL] [ 12324][17:59:52:152038][info  ] RTSpatialRefiner 0x776003d29930 (Used 3 MB), Loaded Geometries, ProbeArray 100000, Loaded 19, Type Point
[LIBGPUSPATIAL] [ 12325][17:59:52:152049][info  ] RTSpatialIndex 0x77600000ac10 (Used 3 MB), Allocate result buffer, memory consumption 0 MB, capacity 17
[LIBGPUSPATIAL] [ 12324][17:59:52:152081][info  ] RTSpatialRefiner 0x776003d29930 (Used 3 MB), Evaluating 31 Geometry Pairs with Predicate Contains
[LIBGPUSPATIAL] [ 12323][17:59:52:152156][info  ] RTSpatialIndex 0x77600000ac10 (Used 3 MB), Probe Points, Size: 100000, Results: 18
[LIBGPUSPATIAL] [ 12326][17:59:52:152433][info  ] RTSpatialIndex 0x77600000ac10 (Used 2 MB), Probe Points, Size: 100000, Results: 27
[LIBGPUSPATIAL] [ 12328][17:59:52:152492][info  ] RTSpatialIndex 0x77600000ac10 (Used 2 MB), Allocate result buffer, memory consumption 0 MB, capacity 15
[LIBGPUSPATIAL] [ 12325][17:59:52:152818][info  ] RTSpatialIndex 0x77600000ac10 (Used 1 MB), Probe Points, Size: 100000, Results: 17
[LIBGPUSPATIAL] [ 12328][17:59:52:153151][info  ] RTSpatialIndex 0x77600000ac10 (Used 1 MB), Probe Points, Size: 100000, Results: 15
[LIBGPUSPATIAL] [ 12325][17:59:52:153431][info  ] RTSpatialRefiner 0x776003d29930 (Used 0 MB), Loaded Geometries, ProbeArray 100000, Loaded 13, Type Point
[LIBGPUSPATIAL] [ 12325][17:59:52:153487][info  ] RTSpatialRefiner 0x776003d29930 (Used 0 MB), Evaluating 17 Geometry Pairs with Predicate Contains
[LIBGPUSPATIAL] [ 12326][17:59:52:155553][info  ] RTSpatialRefiner 0x776003d29930 (Used 0 MB), Loaded Geometries, ProbeArray 100000, Loaded 21, Type Point
[LIBGPUSPATIAL] [ 12326][17:59:52:155612][info  ] RTSpatialRefiner 0x776003d29930 (Used 0 MB), Evaluating 27 Geometry Pairs with Predicate Contains
[LIBGPUSPATIAL] [ 12323][17:59:52:155826][info  ] RTSpatialRefiner 0x776003d29930 (Used 0 MB), Loaded Geometries, ProbeArray 100000, Loaded 12, Type Point
[LIBGPUSPATIAL] [ 12328][17:59:52:155833][info  ] RTSpatialRefiner 0x776003d29930 (Used 0 MB), Loaded Geometries, ProbeArray 100000, Loaded 12, Type Point
[LIBGPUSPATIAL] [ 12323][17:59:52:155896][info  ] RTSpatialRefiner 0x776003d29930 (Used 0 MB), Evaluating 18 Geometry Pairs with Predicate Contains
[LIBGPUSPATIAL] [ 12328][17:59:52:155905][info  ] RTSpatialRefiner 0x776003d29930 (Used 0 MB), Evaluating 15 Geometry Pairs with Predicate Contains
[LIBGPUSPATIAL] [ 12330][17:59:52:165333][info  ] RTSpatialIndex 0x77600000ac10 (Used 1 MB), Allocate result buffer, memory consumption 0 MB, capacity 15
[LIBGPUSPATIAL] [ 12330][17:59:52:166044][info  ] RTSpatialIndex 0x77600000ac10 (Used 1 MB), Probe Points, Size: 100000, Results: 15
[LIBGPUSPATIAL] [ 12327][17:59:52:166113][info  ] RTSpatialIndex 0x77600000ac10 (Used 1 MB), Allocate result buffer, memory consumption 0 MB, capacity 32
[LIBGPUSPATIAL] [ 12327][17:59:52:166447][info  ] RTSpatialIndex 0x77600000ac10 (Used 1 MB), Probe Points, Size: 100000, Results: 32
[LIBGPUSPATIAL] [ 12330][17:59:52:168059][info  ] RTSpatialRefiner 0x776003d29930 (Used 0 MB), Loaded Geometries, ProbeArray 100000, Loaded 11, Type Point
[LIBGPUSPATIAL] [ 12327][17:59:52:168089][info  ] RTSpatialRefiner 0x776003d29930 (Used 0 MB), Loaded Geometries, ProbeArray 100000, Loaded 25, Type Point
[LIBGPUSPATIAL] [ 12330][17:59:52:168107][info  ] RTSpatialRefiner 0x776003d29930 (Used 0 MB), Evaluating 15 Geometry Pairs with Predicate Contains
[LIBGPUSPATIAL] [ 12327][17:59:52:168126][info  ] RTSpatialRefiner 0x776003d29930 (Used 0 MB), Evaluating 32 Geometry Pairs with Predicate Contains
[LIBGPUSPATIAL] [ 12329][17:59:52:169585][info  ] RTSpatialIndex 0x77600000ac10 (Used 1 MB), Allocate result buffer, memory consumption 0 MB, capacity 21
[LIBGPUSPATIAL] [ 12329][17:59:52:169739][info  ] RTSpatialIndex 0x77600000ac10 (Used 1 MB), Probe Points, Size: 100000, Results: 21
[LIBGPUSPATIAL] [ 12325][17:59:52:170717][info  ] RTSpatialIndex 0x77600000ac10 (Used 1 MB), Allocate result buffer, memory consumption 0 MB, capacity 21
[LIBGPUSPATIAL] [ 12325][17:59:52:170834][info  ] RTSpatialIndex 0x77600000ac10 (Used 1 MB), Probe Points, Size: 100000, Results: 21
[LIBGPUSPATIAL] [ 12324][17:59:52:171327][info  ] RTSpatialIndex 0x77600000ac10 (Used 1 MB), Allocate result buffer, memory consumption 0 MB, capacity 17
[LIBGPUSPATIAL] [ 12325][17:59:52:171521][info  ] RTSpatialRefiner 0x776003d29930 (Used 1 MB), Loaded Geometries, ProbeArray 100000, Loaded 16, Type Point
[LIBGPUSPATIAL] [ 12325][17:59:52:171602][info  ] RTSpatialRefiner 0x776003d29930 (Used 1 MB), Evaluating 21 Geometry Pairs with Predicate Contains
[LIBGPUSPATIAL] [ 12329][17:59:52:171628][info  ] RTSpatialRefiner 0x776003d29930 (Used 1 MB), Loaded Geometries, ProbeArray 100000, Loaded 17, Type Point
[LIBGPUSPATIAL] [ 12324][17:59:52:171648][info  ] RTSpatialIndex 0x77600000ac10 (Used 1 MB), Probe Points, Size: 100000, Results: 17
[LIBGPUSPATIAL] [ 12329][17:59:52:171676][info  ] RTSpatialRefiner 0x776003d29930 (Used 0 MB), Evaluating 21 Geometry Pairs with Predicate Contains
[LIBGPUSPATIAL] [ 12324][17:59:52:172121][info  ] RTSpatialRefiner 0x776003d29930 (Used 0 MB), Loaded Geometries, ProbeArray 100000, Loaded 12, Type Point
[LIBGPUSPATIAL] [ 12324][17:59:52:172170][info  ] RTSpatialRefiner 0x776003d29930 (Used 0 MB), Evaluating 17 Geometry Pairs with Predicate Contains
[LIBGPUSPATIAL] [ 12323][17:59:52:172878][info  ] RTSpatialIndex 0x77600000ac10 (Used 1 MB), Allocate result buffer, memory consumption 0 MB, capacity 24
[LIBGPUSPATIAL] [ 12323][17:59:52:173023][info  ] RTSpatialIndex 0x77600000ac10 (Used 1 MB), Probe Points, Size: 100000, Results: 24
[LIBGPUSPATIAL] [ 12326][17:59:52:174292][info  ] RTSpatialIndex 0x77600000ac10 (Used 1 MB), Allocate result buffer, memory consumption 0 MB, capacity 10
[LIBGPUSPATIAL] [ 12326][17:59:52:174482][info  ] RTSpatialIndex 0x77600000ac10 (Used 1 MB), Probe Points, Size: 100000, Results: 10
[LIBGPUSPATIAL] [ 12328][17:59:52:174918][info  ] RTSpatialIndex 0x77600000ac10 (Used 1 MB), Allocate result buffer, memory consumption 0 MB, capacity 18
[LIBGPUSPATIAL] [ 12328][17:59:52:175043][info  ] RTSpatialIndex 0x77600000ac10 (Used 1 MB), Probe Points, Size: 100000, Results: 18
[LIBGPUSPATIAL] [ 12323][17:59:52:176225][info  ] RTSpatialRefiner 0x776003d29930 (Used 0 MB), Loaded Geometries, ProbeArray 100000, Loaded 19, Type Point
[LIBGPUSPATIAL] [ 12326][17:59:52:176229][info  ] RTSpatialRefiner 0x776003d29930 (Used 0 MB), Loaded Geometries, ProbeArray 100000, Loaded 9, Type Point
[LIBGPUSPATIAL] [ 12326][17:59:52:176279][info  ] RTSpatialRefiner 0x776003d29930 (Used 0 MB), Evaluating 10 Geometry Pairs with Predicate Contains
[LIBGPUSPATIAL] [ 12323][17:59:52:176308][info  ] RTSpatialRefiner 0x776003d29930 (Used 0 MB), Evaluating 24 Geometry Pairs with Predicate Contains
[LIBGPUSPATIAL] [ 12328][17:59:52:176482][info  ] RTSpatialRefiner 0x776003d29930 (Used 0 MB), Loaded Geometries, ProbeArray 100000, Loaded 16, Type Point
[LIBGPUSPATIAL] [ 12328][17:59:52:176525][info  ] RTSpatialRefiner 0x776003d29930 (Used 0 MB), Evaluating 18 Geometry Pairs with Predicate Contains
[LIBGPUSPATIAL] [ 12327][17:59:52:184825][info  ] RTSpatialIndex 0x77600000ac10 (Used 1 MB), Allocate result buffer, memory consumption 0 MB, capacity 26
[LIBGPUSPATIAL] [ 12327][17:59:52:184999][info  ] RTSpatialIndex 0x77600000ac10 (Used 1 MB), Probe Points, Size: 100000, Results: 26
[LIBGPUSPATIAL] [ 12330][17:59:52:185414][info  ] RTSpatialIndex 0x77600000ac10 (Used 1 MB), Allocate result buffer, memory consumption 0 MB, capacity 27
[LIBGPUSPATIAL] [ 12330][17:59:52:185781][info  ] RTSpatialIndex 0x77600000ac10 (Used 1 MB), Probe Points, Size: 100000, Results: 27
[LIBGPUSPATIAL] [ 12327][17:59:52:185790][info  ] RTSpatialRefiner 0x776003d29930 (Used 1 MB), Loaded Geometries, ProbeArray 100000, Loaded 21, Type Point
[LIBGPUSPATIAL] [ 12327][17:59:52:185862][info  ] RTSpatialRefiner 0x776003d29930 (Used 0 MB), Evaluating 26 Geometry Pairs with Predicate Contains
[LIBGPUSPATIAL] [ 12330][17:59:52:186141][info  ] RTSpatialRefiner 0x776003d29930 (Used 0 MB), Loaded Geometries, ProbeArray 100000, Loaded 19, Type Point
[LIBGPUSPATIAL] [ 12330][17:59:52:186176][info  ] RTSpatialRefiner 0x776003d29930 (Used 0 MB), Evaluating 27 Geometry Pairs with Predicate Contains
[LIBGPUSPATIAL] [ 12329][17:59:52:189304][info  ] RTSpatialIndex 0x77600000ac10 (Used 1 MB), Allocate result buffer, memory consumption 0 MB, capacity 23
[LIBGPUSPATIAL] [ 12325][17:59:52:189336][info  ] RTSpatialIndex 0x77600000ac10 (Used 1 MB), Allocate result buffer, memory consumption 0 MB, capacity 31
[LIBGPUSPATIAL] [ 12329][17:59:52:189598][info  ] RTSpatialIndex 0x77600000ac10 (Used 1 MB), Probe Points, Size: 100000, Results: 23
[LIBGPUSPATIAL] [ 12325][17:59:52:189652][info  ] RTSpatialIndex 0x77600000ac10 (Used 1 MB), Probe Points, Size: 100000, Results: 31
[LIBGPUSPATIAL] [ 12324][17:59:52:190139][info  ] RTSpatialIndex 0x77600000ac10 (Used 1 MB), Allocate result buffer, memory consumption 0 MB, capacity 8
[LIBGPUSPATIAL] [ 12324][17:59:52:190248][info  ] RTSpatialIndex 0x77600000ac10 (Used 1 MB), Probe Points, Size: 100000, Results: 8
[LIBGPUSPATIAL] [ 12329][17:59:52:190511][info  ] RTSpatialRefiner 0x776003d29930 (Used 0 MB), Loaded Geometries, ProbeArray 100000, Loaded 17, Type Point
[LIBGPUSPATIAL] [ 12329][17:59:52:190561][info  ] RTSpatialRefiner 0x776003d29930 (Used 0 MB), Evaluating 23 Geometry Pairs with Predicate Contains
[LIBGPUSPATIAL] [ 12325][17:59:52:190662][info  ] RTSpatialRefiner 0x776003d29930 (Used 0 MB), Loaded Geometries, ProbeArray 100000, Loaded 23, Type Point
[LIBGPUSPATIAL] [ 12324][17:59:52:190710][info  ] RTSpatialRefiner 0x776003d29930 (Used 0 MB), Loaded Geometries, ProbeArray 100000, Loaded 7, Type Point
[LIBGPUSPATIAL] [ 12324][17:59:52:190770][info  ] RTSpatialRefiner 0x776003d29930 (Used 0 MB), Evaluating 8 Geometry Pairs with Predicate Contains
[LIBGPUSPATIAL] [ 12325][17:59:52:190780][info  ] RTSpatialRefiner 0x776003d29930 (Used 0 MB), Evaluating 31 Geometry Pairs with Predicate Contains
[LIBGPUSPATIAL] [ 12328][17:59:52:196234][info  ] RTSpatialIndex 0x77600000ac10 (Used 2 MB), Allocate result buffer, memory consumption 0 MB, capacity 26
[LIBGPUSPATIAL] [ 12326][17:59:52:196235][info  ] RTSpatialIndex 0x77600000ac10 (Used 2 MB), Allocate result buffer, memory consumption 0 MB, capacity 31
[LIBGPUSPATIAL] [ 12323][17:59:52:196370][info  ] RTSpatialIndex 0x77600000ac10 (Used 2 MB), Allocate result buffer, memory consumption 0 MB, capacity 23
[LIBGPUSPATIAL] [ 12328][17:59:52:196574][info  ] RTSpatialIndex 0x77600000ac10 (Used 2 MB), Probe Points, Size: 100000, Results: 26
[LIBGPUSPATIAL] [ 12326][17:59:52:196688][info  ] RTSpatialIndex 0x77600000ac10 (Used 1 MB), Probe Points, Size: 100000, Results: 31
[LIBGPUSPATIAL] [ 12323][17:59:52:197242][info  ] RTSpatialIndex 0x77600000ac10 (Used 1 MB), Probe Points, Size: 100000, Results: 23
[LIBGPUSPATIAL] [ 12328][17:59:52:197639][info  ] RTSpatialRefiner 0x776003d29930 (Used 0 MB), Loaded Geometries, ProbeArray 100000, Loaded 20, Type Point
[LIBGPUSPATIAL] [ 12328][17:59:52:197679][info  ] RTSpatialRefiner 0x776003d29930 (Used 0 MB), Evaluating 26 Geometry Pairs with Predicate Contains
[LIBGPUSPATIAL] [ 12326][17:59:52:197990][info  ] RTSpatialRefiner 0x776003d29930 (Used 0 MB), Loaded Geometries, ProbeArray 100000, Loaded 23, Type Point
[LIBGPUSPATIAL] [ 12326][17:59:52:198022][info  ] RTSpatialRefiner 0x776003d29930 (Used 0 MB), Evaluating 31 Geometry Pairs with Predicate Contains
[LIBGPUSPATIAL] [ 12323][17:59:52:201130][info  ] RTSpatialRefiner 0x776003d29930 (Used 0 MB), Loaded Geometries, ProbeArray 100000, Loaded 16, Type Point
[LIBGPUSPATIAL] [ 12323][17:59:52:201183][info  ] RTSpatialRefiner 0x776003d29930 (Used 0 MB), Evaluating 23 Geometry Pairs with Predicate Contains
[LIBGPUSPATIAL] [ 12327][17:59:52:203680][info  ] RTSpatialIndex 0x77600000ac10 (Used 1 MB), Allocate result buffer, memory consumption 0 MB, capacity 24
[LIBGPUSPATIAL] [ 12327][17:59:52:204226][info  ] RTSpatialIndex 0x77600000ac10 (Used 1 MB), Probe Points, Size: 100000, Results: 24
[LIBGPUSPATIAL] [ 12330][17:59:52:204286][info  ] RTSpatialIndex 0x77600000ac10 (Used 1 MB), Allocate result buffer, memory consumption 0 MB, capacity 21
[LIBGPUSPATIAL] [ 12330][17:59:52:204489][info  ] RTSpatialIndex 0x77600000ac10 (Used 1 MB), Probe Points, Size: 100000, Results: 21
[LIBGPUSPATIAL] [ 12327][17:59:52:204907][info  ] RTSpatialRefiner 0x776003d29930 (Used 0 MB), Loaded Geometries, ProbeArray 100000, Loaded 17, Type Point
[LIBGPUSPATIAL] [ 12327][17:59:52:205059][info  ] RTSpatialRefiner 0x776003d29930 (Used 0 MB), Evaluating 24 Geometry Pairs with Predicate Contains
[LIBGPUSPATIAL] [ 12330][17:59:52:205126][info  ] RTSpatialRefiner 0x776003d29930 (Used 0 MB), Loaded Geometries, ProbeArray 100000, Loaded 16, Type Point
[LIBGPUSPATIAL] [ 12330][17:59:52:205184][info  ] RTSpatialRefiner 0x776003d29930 (Used 0 MB), Evaluating 21 Geometry Pairs with Predicate Contains
[LIBGPUSPATIAL] [ 12325][17:59:52:208681][info  ] RTSpatialIndex 0x77600000ac10 (Used 1 MB), Allocate result buffer, memory consumption 0 MB, capacity 19
[LIBGPUSPATIAL] [ 12329][17:59:52:208686][info  ] RTSpatialIndex 0x77600000ac10 (Used 1 MB), Allocate result buffer, memory consumption 0 MB, capacity 26
[LIBGPUSPATIAL] [ 12325][17:59:52:208891][info  ] RTSpatialIndex 0x77600000ac10 (Used 1 MB), Probe Points, Size: 100000, Results: 19
[LIBGPUSPATIAL] [ 12329][17:59:52:208957][info  ] RTSpatialIndex 0x77600000ac10 (Used 1 MB), Probe Points, Size: 100000, Results: 26
[LIBGPUSPATIAL] [ 12325][17:59:52:209612][info  ] RTSpatialRefiner 0x776003d29930 (Used 1 MB), Loaded Geometries, ProbeArray 100000, Loaded 16, Type Point
[LIBGPUSPATIAL] [ 12329][17:59:52:209650][info  ] RTSpatialRefiner 0x776003d29930 (Used 1 MB), Loaded Geometries, ProbeArray 100000, Loaded 23, Type Point
[LIBGPUSPATIAL] [ 12324][17:59:52:209679][info  ] RTSpatialIndex 0x77600000ac10 (Used 1 MB), Allocate result buffer, memory consumption 0 MB, capacity 11
[LIBGPUSPATIAL] [ 12325][17:59:52:209692][info  ] RTSpatialRefiner 0x776003d29930 (Used 1 MB), Evaluating 19 Geometry Pairs with Predicate Contains
[LIBGPUSPATIAL] [ 12329][17:59:52:209700][info  ] RTSpatialRefiner 0x776003d29930 (Used 1 MB), Evaluating 26 Geometry Pairs with Predicate Contains
[LIBGPUSPATIAL] [ 12324][17:59:52:210039][info  ] RTSpatialIndex 0x77600000ac10 (Used 1 MB), Probe Points, Size: 100000, Results: 11
[LIBGPUSPATIAL] [ 12324][17:59:52:210506][info  ] RTSpatialRefiner 0x776003d29930 (Used 0 MB), Loaded Geometries, ProbeArray 100000, Loaded 11, Type Point
[LIBGPUSPATIAL] [ 12324][17:59:52:210553][info  ] RTSpatialRefiner 0x776003d29930 (Used 0 MB), Evaluating 11 Geometry Pairs with Predicate Contains
[LIBGPUSPATIAL] [ 12326][17:59:52:215428][info  ] RTSpatialIndex 0x77600000ac10 (Used 1 MB), Allocate result buffer, memory consumption 0 MB, capacity 21
[LIBGPUSPATIAL] [ 12326][17:59:52:216302][info  ] RTSpatialIndex 0x77600000ac10 (Used 1 MB), Probe Points, Size: 100000, Results: 21
[LIBGPUSPATIAL] [ 12328][17:59:52:216356][info  ] RTSpatialIndex 0x77600000ac10 (Used 1 MB), Allocate result buffer, memory consumption 0 MB, capacity 14
[LIBGPUSPATIAL] [ 12328][17:59:52:217006][info  ] RTSpatialIndex 0x77600000ac10 (Used 1 MB), Probe Points, Size: 100000, Results: 14
[LIBGPUSPATIAL] [ 12323][17:59:52:218413][info  ] RTSpatialIndex 0x77600000ac10 (Used 1 MB), Allocate result buffer, memory consumption 0 MB, capacity 10
[LIBGPUSPATIAL] [ 12323][17:59:52:218511][info  ] RTSpatialIndex 0x77600000ac10 (Used 1 MB), Probe Points, Size: 100000, Results: 10
[LIBGPUSPATIAL] [ 12326][17:59:52:219015][info  ] RTSpatialRefiner 0x776003d29930 (Used 0 MB), Loaded Geometries, ProbeArray 100000, Loaded 18, Type Point
[LIBGPUSPATIAL] [ 12323][17:59:52:219061][info  ] RTSpatialRefiner 0x776003d29930 (Used 0 MB), Loaded Geometries, ProbeArray 100000, Loaded 8, Type Point
[LIBGPUSPATIAL] [ 12326][17:59:52:219067][info  ] RTSpatialRefiner 0x776003d29930 (Used 0 MB), Evaluating 21 Geometry Pairs with Predicate Contains
[LIBGPUSPATIAL] [ 12328][17:59:52:219077][info  ] RTSpatialRefiner 0x776003d29930 (Used 0 MB), Loaded Geometries, ProbeArray 100000, Loaded 12, Type Point
[LIBGPUSPATIAL] [ 12323][17:59:52:219097][info  ] RTSpatialRefiner 0x776003d29930 (Used 0 MB), Evaluating 10 Geometry Pairs with Predicate Contains
[LIBGPUSPATIAL] [ 12328][17:59:52:219116][info  ] RTSpatialRefiner 0x776003d29930 (Used 0 MB), Evaluating 14 Geometry Pairs with Predicate Contains
[LIBGPUSPATIAL] [ 12327][17:59:52:221676][info  ] RTSpatialIndex 0x77600000ac10 (Used 1 MB), Allocate result buffer, memory consumption 0 MB, capacity 21
[LIBGPUSPATIAL] [ 12327][17:59:52:221819][info  ] RTSpatialIndex 0x77600000ac10 (Used 1 MB), Probe Points, Size: 100000, Results: 21
[LIBGPUSPATIAL] [ 12327][17:59:52:222354][info  ] RTSpatialRefiner 0x776003d29930 (Used 1 MB), Loaded Geometries, ProbeArray 100000, Loaded 16, Type Point
[LIBGPUSPATIAL] [ 12327][17:59:52:222412][info  ] RTSpatialRefiner 0x776003d29930 (Used 1 MB), Evaluating 21 Geometry Pairs with Predicate Contains
[LIBGPUSPATIAL] [ 12330][17:59:52:222714][info  ] RTSpatialIndex 0x77600000ac10 (Used 1 MB), Allocate result buffer, memory consumption 0 MB, capacity 21
[LIBGPUSPATIAL] [ 12330][17:59:52:222953][info  ] RTSpatialIndex 0x77600000ac10 (Used 1 MB), Probe Points, Size: 100000, Results: 21
[LIBGPUSPATIAL] [ 12330][17:59:52:224026][info  ] RTSpatialRefiner 0x776003d29930 (Used 0 MB), Loaded Geometries, ProbeArray 100000, Loaded 17, Type Point
[LIBGPUSPATIAL] [ 12330][17:59:52:224070][info  ] RTSpatialRefiner 0x776003d29930 (Used 0 MB), Evaluating 21 Geometry Pairs with Predicate Contains
[LIBGPUSPATIAL] [ 12325][17:59:52:226998][info  ] RTSpatialIndex 0x77600000ac10 (Used 1 MB), Allocate result buffer, memory consumption 0 MB, capacity 17
[LIBGPUSPATIAL] [ 12325][17:59:52:227158][info  ] RTSpatialIndex 0x77600000ac10 (Used 2 MB), Probe Points, Size: 100000, Results: 17
[LIBGPUSPATIAL] [ 12324][17:59:52:227876][info  ] RTSpatialIndex 0x77600000ac10 (Used 1 MB), Allocate result buffer, memory consumption 0 MB, capacity 24
[LIBGPUSPATIAL] [ 12329][17:59:52:227907][info  ] RTSpatialIndex 0x77600000ac10 (Used 1 MB), Allocate result buffer, memory consumption 0 MB, capacity 18
[LIBGPUSPATIAL] [ 12324][17:59:52:228073][info  ] RTSpatialIndex 0x77600000ac10 (Used 1 MB), Probe Points, Size: 100000, Results: 24
[LIBGPUSPATIAL] [ 12325][17:59:52:228211][info  ] RTSpatialRefiner 0x776003d29930 (Used 1 MB), Loaded Geometries, ProbeArray 100000, Loaded 13, Type Point
[LIBGPUSPATIAL] [ 12329][17:59:52:228283][info  ] RTSpatialIndex 0x77600000ac10 (Used 1 MB), Probe Points, Size: 100000, Results: 18
[LIBGPUSPATIAL] [ 12325][17:59:52:228325][info  ] RTSpatialRefiner 0x776003d29930 (Used 0 MB), Evaluating 17 Geometry Pairs with Predicate Contains
[LIBGPUSPATIAL] [ 12324][17:59:52:229135][info  ] RTSpatialRefiner 0x776003d29930 (Used 0 MB), Loaded Geometries, ProbeArray 100000, Loaded 17, Type Point
[LIBGPUSPATIAL] [ 12329][17:59:52:229159][info  ] RTSpatialRefiner 0x776003d29930 (Used 0 MB), Loaded Geometries, ProbeArray 100000, Loaded 16, Type Point
[LIBGPUSPATIAL] [ 12324][17:59:52:229187][info  ] RTSpatialRefiner 0x776003d29930 (Used 0 MB), Evaluating 24 Geometry Pairs with Predicate Contains
[LIBGPUSPATIAL] [ 12329][17:59:52:229193][info  ] RTSpatialRefiner 0x776003d29930 (Used 0 MB), Evaluating 18 Geometry Pairs with Predicate Contains
[LIBGPUSPATIAL] [ 12323][17:59:52:237037][info  ] RTSpatialIndex 0x77600000ac10 (Used 1 MB), Allocate result buffer, memory consumption 0 MB, capacity 19
[LIBGPUSPATIAL] [ 12323][17:59:52:237179][info  ] RTSpatialIndex 0x77600000ac10 (Used 1 MB), Probe Points, Size: 100000, Results: 19
[LIBGPUSPATIAL] [ 12323][17:59:52:237597][info  ] RTSpatialRefiner 0x776003d29930 (Used 0 MB), Loaded Geometries, ProbeArray 100000, Loaded 16, Type Point
[LIBGPUSPATIAL] [ 12323][17:59:52:237643][info  ] RTSpatialRefiner 0x776003d29930 (Used 0 MB), Evaluating 19 Geometry Pairs with Predicate Contains
[LIBGPUSPATIAL] [ 12326][17:59:52:238644][info  ] RTSpatialIndex 0x77600000ac10 (Used 1 MB), Allocate result buffer, memory consumption 0 MB, capacity 17
[LIBGPUSPATIAL] [ 12326][17:59:52:238779][info  ] RTSpatialIndex 0x77600000ac10 (Used 1 MB), Probe Points, Size: 100000, Results: 17
[LIBGPUSPATIAL] [ 12326][17:59:52:239325][info  ] RTSpatialRefiner 0x776003d29930 (Used 0 MB), Loaded Geometries, ProbeArray 100000, Loaded 13, Type Point
[LIBGPUSPATIAL] [ 12326][17:59:52:239369][info  ] RTSpatialRefiner 0x776003d29930 (Used 0 MB), Evaluating 17 Geometry Pairs with Predicate Contains
[LIBGPUSPATIAL] [ 12328][17:59:52:240629][info  ] RTSpatialIndex 0x77600000ac10 (Used 1 MB), Allocate result buffer, memory consumption 0 MB, capacity 17
[LIBGPUSPATIAL] [ 12328][17:59:52:241057][info  ] RTSpatialIndex 0x77600000ac10 (Used 2 MB), Probe Points, Size: 100000, Results: 17
[LIBGPUSPATIAL] [ 12328][17:59:52:241657][info  ] RTSpatialRefiner 0x776003d29930 (Used 2 MB), Loaded Geometries, ProbeArray 100000, Loaded 13, Type Point
[LIBGPUSPATIAL] [ 12328][17:59:52:241768][info  ] RTSpatialRefiner 0x776003d29930 (Used 2 MB), Evaluating 17 Geometry Pairs with Predicate Contains
[LIBGPUSPATIAL] [ 12330][17:59:52:241895][info  ] RTSpatialIndex 0x77600000ac10 (Used 1 MB), Allocate result buffer, memory consumption 0 MB, capacity 26
[LIBGPUSPATIAL] [ 12327][17:59:52:242149][info  ] RTSpatialIndex 0x77600000ac10 (Used 1 MB), Allocate result buffer, memory consumption 0 MB, capacity 22
[LIBGPUSPATIAL] [ 12330][17:59:52:242426][info  ] RTSpatialIndex 0x77600000ac10 (Used 1 MB), Probe Points, Size: 100000, Results: 26
[LIBGPUSPATIAL] [ 12330][17:59:52:243173][info  ] RTSpatialRefiner 0x776003d29930 (Used 1 MB), Loaded Geometries, ProbeArray 100000, Loaded 19, Type Point
[LIBGPUSPATIAL] [ 12330][17:59:52:243215][info  ] RTSpatialRefiner 0x776003d29930 (Used 1 MB), Evaluating 26 Geometry Pairs with Predicate Contains
[LIBGPUSPATIAL] [ 12327][17:59:52:243545][info  ] RTSpatialIndex 0x77600000ac10 (Used 1 MB), Probe Points, Size: 100000, Results: 22
[LIBGPUSPATIAL] [ 12327][17:59:52:243927][info  ] RTSpatialRefiner 0x776003d29930 (Used 0 MB), Loaded Geometries, ProbeArray 100000, Loaded 18, Type Point
[LIBGPUSPATIAL] [ 12327][17:59:52:243967][info  ] RTSpatialRefiner 0x776003d29930 (Used 0 MB), Evaluating 22 Geometry Pairs with Predicate Contains
[LIBGPUSPATIAL] [ 12325][17:59:52:245116][info  ] RTSpatialIndex 0x77600000ac10 (Used 1 MB), Allocate result buffer, memory consumption 0 MB, capacity 23
[LIBGPUSPATIAL] [ 12325][17:59:52:245238][info  ] RTSpatialIndex 0x77600000ac10 (Used 1 MB), Probe Points, Size: 100000, Results: 23
[LIBGPUSPATIAL] [ 12329][17:59:52:246120][info  ] RTSpatialIndex 0x77600000ac10 (Used 2 MB), Allocate result buffer, memory consumption 0 MB, capacity 16
[LIBGPUSPATIAL] [ 12325][17:59:52:246507][info  ] RTSpatialRefiner 0x776003d29930 (Used 2 MB), Loaded Geometries, ProbeArray 100000, Loaded 17, Type Point
[LIBGPUSPATIAL] [ 12325][17:59:52:246544][info  ] RTSpatialRefiner 0x776003d29930 (Used 2 MB), Evaluating 23 Geometry Pairs with Predicate Contains
[LIBGPUSPATIAL] [ 12329][17:59:52:247099][info  ] RTSpatialIndex 0x77600000ac10 (Used 1 MB), Probe Points, Size: 100000, Results: 16
[LIBGPUSPATIAL] [ 12324][17:59:52:247495][info  ] RTSpatialIndex 0x77600000ac10 (Used 1 MB), Allocate result buffer, memory consumption 0 MB, capacity 39
[LIBGPUSPATIAL] [ 12324][17:59:52:247621][info  ] RTSpatialIndex 0x77600000ac10 (Used 1 MB), Probe Points, Size: 100000, Results: 39
[LIBGPUSPATIAL] [ 12329][17:59:52:247903][info  ] RTSpatialRefiner 0x776003d29930 (Used 0 MB), Loaded Geometries, ProbeArray 100000, Loaded 11, Type Point
[LIBGPUSPATIAL] [ 12329][17:59:52:247948][info  ] RTSpatialRefiner 0x776003d29930 (Used 0 MB), Evaluating 16 Geometry Pairs with Predicate Contains
[LIBGPUSPATIAL] [ 12324][17:59:52:250938][info  ] RTSpatialRefiner 0x776003d29930 (Used 0 MB), Loaded Geometries, ProbeArray 100000, Loaded 28, Type Point
[LIBGPUSPATIAL] [ 12324][17:59:52:251028][info  ] RTSpatialRefiner 0x776003d29930 (Used 0 MB), Evaluating 39 Geometry Pairs with Predicate Contains
[LIBGPUSPATIAL] [ 12323][17:59:52:255248][info  ] RTSpatialIndex 0x77600000ac10 (Used 1 MB), Allocate result buffer, memory consumption 0 MB, capacity 18
[LIBGPUSPATIAL] [ 12323][17:59:52:255412][info  ] RTSpatialIndex 0x77600000ac10 (Used 1 MB), Probe Points, Size: 100000, Results: 18
[LIBGPUSPATIAL] [ 12323][17:59:52:255988][info  ] RTSpatialRefiner 0x776003d29930 (Used 0 MB), Loaded Geometries, ProbeArray 100000, Loaded 15, Type Point
[LIBGPUSPATIAL] [ 12323][17:59:52:256036][info  ] RTSpatialRefiner 0x776003d29930 (Used 0 MB), Evaluating 18 Geometry Pairs with Predicate Contains
[LIBGPUSPATIAL] [ 12326][17:59:52:257130][info  ] RTSpatialIndex 0x77600000ac10 (Used 1 MB), Allocate result buffer, memory consumption 0 MB, capacity 28
[LIBGPUSPATIAL] [ 12326][17:59:52:257257][info  ] RTSpatialIndex 0x77600000ac10 (Used 1 MB), Probe Points, Size: 100000, Results: 28
[LIBGPUSPATIAL] [ 12326][17:59:52:257697][info  ] RTSpatialRefiner 0x776003d29930 (Used 0 MB), Loaded Geometries, ProbeArray 100000, Loaded 21, Type Point
[LIBGPUSPATIAL] [ 12326][17:59:52:257738][info  ] RTSpatialRefiner 0x776003d29930 (Used 0 MB), Evaluating 28 Geometry Pairs with Predicate Contains
[LIBGPUSPATIAL] [ 12328][17:59:52:259238][info  ] RTSpatialIndex 0x77600000ac10 (Used 1 MB), Allocate result buffer, memory consumption 0 MB, capacity 22
[LIBGPUSPATIAL] [ 12328][17:59:52:259375][info  ] RTSpatialIndex 0x77600000ac10 (Used 1 MB), Probe Points, Size: 100000, Results: 22
[LIBGPUSPATIAL] [ 12328][17:59:52:259781][info  ] RTSpatialRefiner 0x776003d29930 (Used 0 MB), Loaded Geometries, ProbeArray 100000, Loaded 17, Type Point
[LIBGPUSPATIAL] [ 12328][17:59:52:259832][info  ] RTSpatialRefiner 0x776003d29930 (Used 0 MB), Evaluating 22 Geometry Pairs with Predicate Contains
[LIBGPUSPATIAL] [ 12330][17:59:52:260306][info  ] RTSpatialIndex 0x77600000ac10 (Used 1 MB), Allocate result buffer, memory consumption 0 MB, capacity 15
[LIBGPUSPATIAL] [ 12330][17:59:52:260759][info  ] RTSpatialIndex 0x77600000ac10 (Used 1 MB), Probe Points, Size: 100000, Results: 15
[LIBGPUSPATIAL] [ 12327][17:59:52:261812][info  ] RTSpatialIndex 0x77600000ac10 (Used 1 MB), Allocate result buffer, memory consumption 0 MB, capacity 13
[LIBGPUSPATIAL] [ 12327][17:59:52:261958][info  ] RTSpatialIndex 0x77600000ac10 (Used 1 MB), Probe Points, Size: 100000, Results: 13
[LIBGPUSPATIAL] [ 12330][17:59:52:264189][info  ] RTSpatialRefiner 0x776003d29930 (Used 1 MB), Loaded Geometries, ProbeArray 100000, Loaded 12, Type Point
[LIBGPUSPATIAL] [ 12330][17:59:52:264277][info  ] RTSpatialRefiner 0x776003d29930 (Used 1 MB), Evaluating 15 Geometry Pairs with Predicate Contains
[LIBGPUSPATIAL] [ 12327][17:59:52:264762][info  ] RTSpatialRefiner 0x776003d29930 (Used 1 MB), Loaded Geometries, ProbeArray 100000, Loaded 10, Type Point
[LIBGPUSPATIAL] [ 12327][17:59:52:264836][info  ] RTSpatialRefiner 0x776003d29930 (Used 1 MB), Evaluating 13 Geometry Pairs with Predicate Contains
[LIBGPUSPATIAL] [ 12329][17:59:52:264869][info  ] RTSpatialIndex 0x77600000ac10 (Used 1 MB), Allocate result buffer, memory consumption 0 MB, capacity 23
[LIBGPUSPATIAL] [ 12329][17:59:52:265235][info  ] RTSpatialIndex 0x77600000ac10 (Used 1 MB), Probe Points, Size: 100000, Results: 23
[LIBGPUSPATIAL] [ 12325][17:59:52:265599][info  ] RTSpatialIndex 0x77600000ac10 (Used 1 MB), Allocate result buffer, memory consumption 0 MB, capacity 28
[LIBGPUSPATIAL] [ 12325][17:59:52:265878][info  ] RTSpatialIndex 0x77600000ac10 (Used 1 MB), Probe Points, Size: 100000, Results: 28
[LIBGPUSPATIAL] [ 12329][17:59:52:265948][info  ] RTSpatialRefiner 0x776003d29930 (Used 0 MB), Loaded Geometries, ProbeArray 100000, Loaded 16, Type Point
[LIBGPUSPATIAL] [ 12329][17:59:52:266004][info  ] RTSpatialRefiner 0x776003d29930 (Used 0 MB), Evaluating 23 Geometry Pairs with Predicate Contains
[LIBGPUSPATIAL] [ 12325][17:59:52:268071][info  ] RTSpatialRefiner 0x776003d29930 (Used 0 MB), Loaded Geometries, ProbeArray 100000, Loaded 22, Type Point
[LIBGPUSPATIAL] [ 12325][17:59:52:268117][info  ] RTSpatialRefiner 0x776003d29930 (Used 0 MB), Evaluating 28 Geometry Pairs with Predicate Contains
[LIBGPUSPATIAL] [ 12323][17:59:52:273115][info  ] RTSpatialIndex 0x77600000ac10 (Used 1 MB), Allocate result buffer, memory consumption 0 MB, capacity 21
[LIBGPUSPATIAL] [ 12323][17:59:52:273261][info  ] RTSpatialIndex 0x77600000ac10 (Used 1 MB), Probe Points, Size: 100000, Results: 21
[LIBGPUSPATIAL] [ 12323][17:59:52:274245][info  ] RTSpatialRefiner 0x776003d29930 (Used 1 MB), Loaded Geometries, ProbeArray 100000, Loaded 15, Type Point
[LIBGPUSPATIAL] [ 12326][17:59:52:274280][info  ] RTSpatialIndex 0x77600000ac10 (Used 1 MB), Allocate result buffer, memory consumption 0 MB, capacity 12
[LIBGPUSPATIAL] [ 12323][17:59:52:274299][info  ] RTSpatialRefiner 0x776003d29930 (Used 1 MB), Evaluating 21 Geometry Pairs with Predicate Contains
[LIBGPUSPATIAL] [ 12326][17:59:52:274560][info  ] RTSpatialIndex 0x77600000ac10 (Used 1 MB), Probe Points, Size: 100000, Results: 12
[LIBGPUSPATIAL] [ 12324][17:59:52:275425][info  ] RTSpatialIndex 0x77600000ac10 (Used 1 MB), Allocate result buffer, memory consumption 0 MB, capacity 24
[LIBGPUSPATIAL] [ 12326][17:59:52:275432][info  ] RTSpatialRefiner 0x776003d29930 (Used 1 MB), Loaded Geometries, ProbeArray 100000, Loaded 10, Type Point
[LIBGPUSPATIAL] [ 12326][17:59:52:275670][info  ] RTSpatialRefiner 0x776003d29930 (Used 1 MB), Evaluating 12 Geometry Pairs with Predicate Contains
[LIBGPUSPATIAL] [ 12324][17:59:52:276090][info  ] RTSpatialIndex 0x77600000ac10 (Used 1 MB), Probe Points, Size: 100000, Results: 24
[LIBGPUSPATIAL] [ 12324][17:59:52:276625][info  ] RTSpatialRefiner 0x776003d29930 (Used 0 MB), Loaded Geometries, ProbeArray 100000, Loaded 19, Type Point
[LIBGPUSPATIAL] [ 12324][17:59:52:276857][info  ] RTSpatialRefiner 0x776003d29930 (Used 0 MB), Evaluating 24 Geometry Pairs with Predicate Contains
[LIBGPUSPATIAL] [ 12328][17:59:52:279001][info  ] RTSpatialIndex 0x77600000ac10 (Used 1 MB), Allocate result buffer, memory consumption 0 MB, capacity 19
[LIBGPUSPATIAL] [ 12328][17:59:52:279136][info  ] RTSpatialIndex 0x77600000ac10 (Used 1 MB), Probe Points, Size: 100000, Results: 19
[LIBGPUSPATIAL] [ 12328][17:59:52:279987][info  ] RTSpatialRefiner 0x776003d29930 (Used 0 MB), Loaded Geometries, ProbeArray 100000, Loaded 14, Type Point
[LIBGPUSPATIAL] [ 12328][17:59:52:280030][info  ] RTSpatialRefiner 0x776003d29930 (Used 0 MB), Evaluating 19 Geometry Pairs with Predicate Contains
[LIBGPUSPATIAL] [ 12330][17:59:52:281283][info  ] RTSpatialIndex 0x77600000ac10 (Used 2 MB), Allocate result buffer, memory consumption 0 MB, capacity 21
[LIBGPUSPATIAL] [ 12330][17:59:52:281806][info  ] RTSpatialIndex 0x77600000ac10 (Used 1 MB), Probe Points, Size: 100000, Results: 21
[LIBGPUSPATIAL] [ 12327][17:59:52:281891][info  ] RTSpatialIndex 0x77600000ac10 (Used 1 MB), Allocate result buffer, memory consumption 0 MB, capacity 15
[LIBGPUSPATIAL] [ 12327][17:59:52:282290][info  ] RTSpatialIndex 0x77600000ac10 (Used 2 MB), Probe Points, Size: 100000, Results: 15
[LIBGPUSPATIAL] [ 12330][17:59:52:282833][info  ] RTSpatialRefiner 0x776003d29930 (Used 1 MB), Loaded Geometries, ProbeArray 100000, Loaded 18, Type Point
[LIBGPUSPATIAL] [ 12329][17:59:52:282900][info  ] RTSpatialIndex 0x77600000ac10 (Used 1 MB), Allocate result buffer, memory consumption 0 MB, capacity 18
[LIBGPUSPATIAL] [ 12327][17:59:52:282906][info  ] RTSpatialRefiner 0x776003d29930 (Used 1 MB), Loaded Geometries, ProbeArray 100000, Loaded 10, Type Point
[LIBGPUSPATIAL] [ 12330][17:59:52:282914][info  ] RTSpatialRefiner 0x776003d29930 (Used 1 MB), Evaluating 21 Geometry Pairs with Predicate Contains
[LIBGPUSPATIAL] [ 12327][17:59:52:282976][info  ] RTSpatialRefiner 0x776003d29930 (Used 1 MB), Evaluating 15 Geometry Pairs with Predicate Contains
[LIBGPUSPATIAL] [ 12329][17:59:52:283325][info  ] RTSpatialIndex 0x77600000ac10 (Used 1 MB), Probe Points, Size: 100000, Results: 18
[LIBGPUSPATIAL] [ 12329][17:59:52:283985][info  ] RTSpatialRefiner 0x776003d29930 (Used 0 MB), Loaded Geometries, ProbeArray 100000, Loaded 15, Type Point
[LIBGPUSPATIAL] [ 12329][17:59:52:284035][info  ] RTSpatialRefiner 0x776003d29930 (Used 0 MB), Evaluating 18 Geometry Pairs with Predicate Contains
[LIBGPUSPATIAL] [ 12325][17:59:52:285087][info  ] RTSpatialIndex 0x77600000ac10 (Used 1 MB), Allocate result buffer, memory consumption 0 MB, capacity 34
[LIBGPUSPATIAL] [ 12325][17:59:52:285215][info  ] RTSpatialIndex 0x77600000ac10 (Used 1 MB), Probe Points, Size: 100000, Results: 34
[LIBGPUSPATIAL] [ 12325][17:59:52:286580][info  ] RTSpatialRefiner 0x776003d29930 (Used 0 MB), Loaded Geometries, ProbeArray 100000, Loaded 24, Type Point
[LIBGPUSPATIAL] [ 12325][17:59:52:286635][info  ] RTSpatialRefiner 0x776003d29930 (Used 0 MB), Evaluating 34 Geometry Pairs with Predicate Contains
[LIBGPUSPATIAL] [ 12323][17:59:52:291608][info  ] RTSpatialIndex 0x77600000ac10 (Used 1 MB), Allocate result buffer, memory consumption 0 MB, capacity 39
[LIBGPUSPATIAL] [ 12323][17:59:52:291743][info  ] RTSpatialIndex 0x77600000ac10 (Used 1 MB), Probe Points, Size: 100000, Results: 39
[LIBGPUSPATIAL] [ 12323][17:59:52:292141][info  ] RTSpatialRefiner 0x776003d29930 (Used 0 MB), Loaded Geometries, ProbeArray 100000, Loaded 30, Type Point
[LIBGPUSPATIAL] [ 12323][17:59:52:292191][info  ] RTSpatialRefiner 0x776003d29930 (Used 0 MB), Evaluating 39 Geometry Pairs with Predicate Contains
[LIBGPUSPATIAL] [ 12326][17:59:52:292807][info  ] RTSpatialIndex 0x77600000ac10 (Used 1 MB), Allocate result buffer, memory consumption 0 MB, capacity 32
[LIBGPUSPATIAL] [ 12326][17:59:52:293179][info  ] RTSpatialIndex 0x77600000ac10 (Used 1 MB), Probe Points, Size: 100000, Results: 32
[LIBGPUSPATIAL] [ 12326][17:59:52:294049][info  ] RTSpatialRefiner 0x776003d29930 (Used 0 MB), Loaded Geometries, ProbeArray 100000, Loaded 23, Type Point
[LIBGPUSPATIAL] [ 12326][17:59:52:294086][info  ] RTSpatialRefiner 0x776003d29930 (Used 0 MB), Evaluating 32 Geometry Pairs with Predicate Contains
[LIBGPUSPATIAL] [ 12324][17:59:52:298519][info  ] RTSpatialIndex 0x77600000ac10 (Used 1 MB), Allocate result buffer, memory consumption 0 MB, capacity 24
[LIBGPUSPATIAL] [ 12328][17:59:52:299115][info  ] RTSpatialIndex 0x77600000ac10 (Used 1 MB), Allocate result buffer, memory consumption 0 MB, capacity 28
[LIBGPUSPATIAL] [ 12324][17:59:52:299485][info  ] RTSpatialIndex 0x77600000ac10 (Used 3 MB), Probe Points, Size: 100000, Results: 24
[LIBGPUSPATIAL] [ 12328][17:59:52:299795][info  ] RTSpatialIndex 0x77600000ac10 (Used 2 MB), Probe Points, Size: 100000, Results: 28
[LIBGPUSPATIAL] [ 12330][17:59:52:300461][info  ] RTSpatialIndex 0x77600000ac10 (Used 3 MB), Allocate result buffer, memory consumption 0 MB, capacity 31
[LIBGPUSPATIAL] [ 12327][17:59:52:300707][info  ] RTSpatialIndex 0x77600000ac10 (Used 3 MB), Allocate result buffer, memory consumption 0 MB, capacity 18
[LIBGPUSPATIAL] [ 12330][17:59:52:301002][info  ] RTSpatialIndex 0x77600000ac10 (Used 2 MB), Probe Points, Size: 100000, Results: 31
[LIBGPUSPATIAL] [ 12328][17:59:52:301072][info  ] RTSpatialRefiner 0x776003d29930 (Used 1 MB), Loaded Geometries, ProbeArray 100000, Loaded 21, Type Point
[LIBGPUSPATIAL] [ 12324][17:59:52:301091][info  ] RTSpatialRefiner 0x776003d29930 (Used 1 MB), Loaded Geometries, ProbeArray 100000, Loaded 19, Type Point
[LIBGPUSPATIAL] [ 12328][17:59:52:301155][info  ] RTSpatialRefiner 0x776003d29930 (Used 1 MB), Evaluating 28 Geometry Pairs with Predicate Contains
[LIBGPUSPATIAL] [ 12324][17:59:52:301247][info  ] RTSpatialRefiner 0x776003d29930 (Used 1 MB), Evaluating 24 Geometry Pairs with Predicate Contains
[LIBGPUSPATIAL] [ 12327][17:59:52:301254][info  ] RTSpatialIndex 0x77600000ac10 (Used 1 MB), Probe Points, Size: 100000, Results: 18
[LIBGPUSPATIAL] [ 12329][17:59:52:301460][info  ] RTSpatialIndex 0x77600000ac10 (Used 1 MB), Allocate result buffer, memory consumption 0 MB, capacity 18
[LIBGPUSPATIAL] [ 12329][17:59:52:301828][info  ] RTSpatialIndex 0x77600000ac10 (Used 1 MB), Probe Points, Size: 100000, Results: 18
[LIBGPUSPATIAL] [ 12330][17:59:52:301834][info  ] RTSpatialRefiner 0x776003d29930 (Used 1 MB), Loaded Geometries, ProbeArray 100000, Loaded 24, Type Point
[LIBGPUSPATIAL] [ 12330][17:59:52:301961][info  ] RTSpatialRefiner 0x776003d29930 (Used 0 MB), Evaluating 31 Geometry Pairs with Predicate Contains
[LIBGPUSPATIAL] [ 12327][17:59:52:302027][info  ] RTSpatialRefiner 0x776003d29930 (Used 0 MB), Loaded Geometries, ProbeArray 100000, Loaded 13, Type Point
[LIBGPUSPATIAL] [ 12327][17:59:52:302126][info  ] RTSpatialRefiner 0x776003d29930 (Used 0 MB), Evaluating 18 Geometry Pairs with Predicate Contains
[LIBGPUSPATIAL] [ 12329][17:59:52:302345][info  ] RTSpatialRefiner 0x776003d29930 (Used 0 MB), Loaded Geometries, ProbeArray 100000, Loaded 14, Type Point
[LIBGPUSPATIAL] [ 12329][17:59:52:302445][info  ] RTSpatialRefiner 0x776003d29930 (Used 0 MB), Evaluating 18 Geometry Pairs with Predicate Contains
[LIBGPUSPATIAL] [ 12325][17:59:52:304576][info  ] RTSpatialIndex 0x77600000ac10 (Used 1 MB), Allocate result buffer, memory consumption 0 MB, capacity 17
[LIBGPUSPATIAL] [ 12325][17:59:52:304728][info  ] RTSpatialIndex 0x77600000ac10 (Used 1 MB), Probe Points, Size: 100000, Results: 17
[LIBGPUSPATIAL] [ 12325][17:59:52:306201][info  ] RTSpatialRefiner 0x776003d29930 (Used 0 MB), Loaded Geometries, ProbeArray 100000, Loaded 12, Type Point
[LIBGPUSPATIAL] [ 12325][17:59:52:306257][info  ] RTSpatialRefiner 0x776003d29930 (Used 0 MB), Evaluating 17 Geometry Pairs with Predicate Contains
[LIBGPUSPATIAL] [ 12323][17:59:52:310527][info  ] RTSpatialIndex 0x77600000ac10 (Used 1 MB), Allocate result buffer, memory consumption 0 MB, capacity 23
[LIBGPUSPATIAL] [ 12326][17:59:52:310544][info  ] RTSpatialIndex 0x77600000ac10 (Used 1 MB), Allocate result buffer, memory consumption 0 MB, capacity 25
[LIBGPUSPATIAL] [ 12323][17:59:52:310757][info  ] RTSpatialIndex 0x77600000ac10 (Used 1 MB), Probe Points, Size: 100000, Results: 23
[LIBGPUSPATIAL] [ 12326][17:59:52:310803][info  ] RTSpatialIndex 0x77600000ac10 (Used 1 MB), Probe Points, Size: 100000, Results: 25
[LIBGPUSPATIAL] [ 12323][17:59:52:311222][info  ] RTSpatialRefiner 0x776003d29930 (Used 0 MB), Loaded Geometries, ProbeArray 100000, Loaded 18, Type Point
[LIBGPUSPATIAL] [ 12323][17:59:52:311259][info  ] RTSpatialRefiner 0x776003d29930 (Used 0 MB), Evaluating 23 Geometry Pairs with Predicate Contains
[LIBGPUSPATIAL] [ 12326][17:59:52:315255][info  ] RTSpatialRefiner 0x776003d29930 (Used 0 MB), Loaded Geometries, ProbeArray 100000, Loaded 19, Type Point
[LIBGPUSPATIAL] [ 12326][17:59:52:315325][info  ] RTSpatialRefiner 0x776003d29930 (Used 0 MB), Evaluating 25 Geometry Pairs with Predicate Contains
[LIBGPUSPATIAL] [ 12324][17:59:52:318538][info  ] RTSpatialIndex 0x77600000ac10 (Used 1 MB), Allocate result buffer, memory consumption 0 MB, capacity 26
[LIBGPUSPATIAL] [ 12324][17:59:52:318674][info  ] RTSpatialIndex 0x77600000ac10 (Used 1 MB), Probe Points, Size: 100000, Results: 26
[LIBGPUSPATIAL] [ 12324][17:59:52:319095][info  ] RTSpatialRefiner 0x776003d29930 (Used 0 MB), Loaded Geometries, ProbeArray 100000, Loaded 22, Type Point
[LIBGPUSPATIAL] [ 12324][17:59:52:319205][info  ] RTSpatialRefiner 0x776003d29930 (Used 0 MB), Evaluating 26 Geometry Pairs with Predicate Contains
[LIBGPUSPATIAL] [ 12327][17:59:52:320578][info  ] RTSpatialIndex 0x77600000ac10 (Used 3 MB), Allocate result buffer, memory consumption 0 MB, capacity 23
[LIBGPUSPATIAL] [ 12329][17:59:52:320882][info  ] RTSpatialIndex 0x77600000ac10 (Used 3 MB), Allocate result buffer, memory consumption 0 MB, capacity 20
[LIBGPUSPATIAL] [ 12328][17:59:52:320927][info  ] RTSpatialIndex 0x77600000ac10 (Used 3 MB), Allocate result buffer, memory consumption 0 MB, capacity 23
[LIBGPUSPATIAL] [ 12330][17:59:52:321027][info  ] RTSpatialIndex 0x77600000ac10 (Used 3 MB), Allocate result buffer, memory consumption 0 MB, capacity 20
[LIBGPUSPATIAL] [ 12329][17:59:52:321167][info  ] RTSpatialIndex 0x77600000ac10 (Used 3 MB), Probe Points, Size: 100000, Results: 20
[LIBGPUSPATIAL] [ 12328][17:59:52:321489][info  ] RTSpatialIndex 0x77600000ac10 (Used 2 MB), Probe Points, Size: 100000, Results: 23
[LIBGPUSPATIAL] [ 12330][17:59:52:321657][info  ] RTSpatialIndex 0x77600000ac10 (Used 2 MB), Probe Points, Size: 100000, Results: 20
[LIBGPUSPATIAL] [ 12327][17:59:52:321893][info  ] RTSpatialIndex 0x77600000ac10 (Used 1 MB), Probe Points, Size: 100000, Results: 23
[LIBGPUSPATIAL] [ 12325][17:59:52:325310][info  ] RTSpatialIndex 0x77600000ac10 (Used 1 MB), Allocate result buffer, memory consumption 0 MB, capacity 17
[LIBGPUSPATIAL] [ 12325][17:59:52:325449][info  ] RTSpatialIndex 0x77600000ac10 (Used 1 MB), Probe Points, Size: 100000, Results: 17
[LIBGPUSPATIAL] [ 12329][17:59:52:326077][info  ] RTSpatialRefiner 0x776003d29930 (Used 0 MB), Loaded Geometries, ProbeArray 100000, Loaded 14, Type Point
[LIBGPUSPATIAL] [ 12329][17:59:52:326126][info  ] RTSpatialRefiner 0x776003d29930 (Used 0 MB), Evaluating 20 Geometry Pairs with Predicate Contains
[LIBGPUSPATIAL] [ 12328][17:59:52:326315][info  ] RTSpatialRefiner 0x776003d29930 (Used 0 MB), Loaded Geometries, ProbeArray 100000, Loaded 16, Type Point
[LIBGPUSPATIAL] [ 12327][17:59:52:326361][info  ] RTSpatialRefiner 0x776003d29930 (Used 0 MB), Loaded Geometries, ProbeArray 100000, Loaded 18, Type Point
[LIBGPUSPATIAL] [ 12328][17:59:52:326366][info  ] RTSpatialRefiner 0x776003d29930 (Used 0 MB), Evaluating 23 Geometry Pairs with Predicate Contains
[LIBGPUSPATIAL] [ 12330][17:59:52:326397][info  ] RTSpatialRefiner 0x776003d29930 (Used 0 MB), Loaded Geometries, ProbeArray 100000, Loaded 17, Type Point
[LIBGPUSPATIAL] [ 12330][17:59:52:326447][info  ] RTSpatialRefiner 0x776003d29930 (Used 0 MB), Evaluating 20 Geometry Pairs with Predicate Contains
[LIBGPUSPATIAL] [ 12327][17:59:52:326400][info  ] RTSpatialRefiner 0x776003d29930 (Used 0 MB), Evaluating 23 Geometry Pairs with Predicate Contains
[LIBGPUSPATIAL] [ 12325][17:59:52:326761][info  ] RTSpatialRefiner 0x776003d29930 (Used 0 MB), Loaded Geometries, ProbeArray 100000, Loaded 13, Type Point
[LIBGPUSPATIAL] [ 12325][17:59:52:326808][info  ] RTSpatialRefiner 0x776003d29930 (Used 0 MB), Evaluating 17 Geometry Pairs with Predicate Contains
[LIBGPUSPATIAL] [ 12323][17:59:52:328102][info  ] RTSpatialIndex 0x77600000ac10 (Used 1 MB), Allocate result buffer, memory consumption 0 MB, capacity 24
[LIBGPUSPATIAL] [ 12323][17:59:52:328461][info  ] RTSpatialIndex 0x77600000ac10 (Used 1 MB), Probe Points, Size: 100000, Results: 24
[LIBGPUSPATIAL] [ 12323][17:59:52:330360][info  ] RTSpatialRefiner 0x776003d29930 (Used 0 MB), Loaded Geometries, ProbeArray 100000, Loaded 17, Type Point
[LIBGPUSPATIAL] [ 12323][17:59:52:330466][info  ] RTSpatialRefiner 0x776003d29930 (Used 0 MB), Evaluating 24 Geometry Pairs with Predicate Contains
[LIBGPUSPATIAL] [ 12329][17:59:52:333621][info  ] RTSpatialIndex 0x77600000ac10 (Used 1 MB), Allocate result buffer, memory consumption 0 MB, capacity 8
[LIBGPUSPATIAL] [ 12327][17:59:52:333652][info  ] RTSpatialIndex 0x77600000ac10 (Used 1 MB), Allocate result buffer, memory consumption 0 MB, capacity 3
[LIBGPUSPATIAL] [ 12330][17:59:52:333752][info  ] RTSpatialIndex 0x77600000ac10 (Used 1 MB), Allocate result buffer, memory consumption 0 MB, capacity 15
[LIBGPUSPATIAL] [ 12329][17:59:52:333904][info  ] RTSpatialIndex 0x77600000ac10 (Used 1 MB), Probe Points, Size: 33333, Results: 8
[LIBGPUSPATIAL] [ 12327][17:59:52:334007][info  ] RTSpatialIndex 0x77600000ac10 (Used 0 MB), Probe Points, Size: 33333, Results: 3
[LIBGPUSPATIAL] [ 12330][17:59:52:334113][info  ] RTSpatialIndex 0x77600000ac10 (Used 0 MB), Probe Points, Size: 33333, Results: 15
[LIBGPUSPATIAL] [ 12329][17:59:52:334711][info  ] RTSpatialRefiner 0x776003d29930 (Used 1 MB), Loaded Geometries, ProbeArray 33333, Loaded 6, Type Point
[LIBGPUSPATIAL] [ 12330][17:59:52:334740][info  ] RTSpatialRefiner 0x776003d29930 (Used 1 MB), Loaded Geometries, ProbeArray 33333, Loaded 10, Type Point
[LIBGPUSPATIAL] [ 12327][17:59:52:334755][info  ] RTSpatialRefiner 0x776003d29930 (Used 1 MB), Loaded Geometries, ProbeArray 33333, Loaded 2, Type Point
[LIBGPUSPATIAL] [ 12329][17:59:52:334757][info  ] RTSpatialRefiner 0x776003d29930 (Used 1 MB), Evaluating 8 Geometry Pairs with Predicate Contains
[LIBGPUSPATIAL] [ 12330][17:59:52:334784][info  ] RTSpatialRefiner 0x776003d29930 (Used 1 MB), Evaluating 15 Geometry Pairs with Predicate Contains
[LIBGPUSPATIAL] [ 12327][17:59:52:334805][info  ] RTSpatialRefiner 0x776003d29930 (Used 1 MB), Evaluating 3 Geometry Pairs with Predicate Contains
[LIBGPUSPATIAL] [ 12326][17:59:52:334908][info  ] RTSpatialIndex 0x77600000ac10 (Used 1 MB), Allocate result buffer, memory consumption 0 MB, capacity 22
[LIBGPUSPATIAL] [ 12325][17:59:52:335223][info  ] RTSpatialIndex 0x77600000ac10 (Used 1 MB), Allocate result buffer, memory consumption 0 MB, capacity 9
[LIBGPUSPATIAL] [ 12325][17:59:52:335951][info  ] RTSpatialIndex 0x77600000ac10 (Used 1 MB), Probe Points, Size: 33333, Results: 9
[LIBGPUSPATIAL] [ 12326][17:59:52:336534][info  ] RTSpatialIndex 0x77600000ac10 (Used 1 MB), Probe Points, Size: 100000, Results: 22
[LIBGPUSPATIAL] [ 12325][17:59:52:336697][info  ] RTSpatialRefiner 0x776003d29930 (Used 1 MB), Loaded Geometries, ProbeArray 33333, Loaded 8, Type Point
[LIBGPUSPATIAL] [ 12323][17:59:52:336875][info  ] RTSpatialIndex 0x77600000ac10 (Used 0 MB), Allocate result buffer, memory consumption 0 MB, capacity 7
[LIBGPUSPATIAL] [ 12325][17:59:52:336965][info  ] RTSpatialRefiner 0x776003d29930 (Used 0 MB), Evaluating 9 Geometry Pairs with Predicate Contains
[LIBGPUSPATIAL] [ 12323][17:59:52:337661][info  ] RTSpatialIndex 0x77600000ac10 (Used 0 MB), Probe Points, Size: 33333, Results: 7
[LIBGPUSPATIAL] [ 12326][17:59:52:337691][info  ] RTSpatialRefiner 0x776003d29930 (Used 0 MB), Loaded Geometries, ProbeArray 100000, Loaded 17, Type Point
[LIBGPUSPATIAL] [ 12326][17:59:52:337744][info  ] RTSpatialRefiner 0x776003d29930 (Used 0 MB), Evaluating 22 Geometry Pairs with Predicate Contains
[LIBGPUSPATIAL] [ 12323][17:59:52:338108][info  ] RTSpatialRefiner 0x776003d29930 (Used 2 MB), Loaded Geometries, ProbeArray 33333, Loaded 5, Type Point
[LIBGPUSPATIAL] [ 12323][17:59:52:338150][info  ] RTSpatialRefiner 0x776003d29930 (Used 2 MB), Evaluating 7 Geometry Pairs with Predicate Contains
[LIBGPUSPATIAL] [ 12324][17:59:52:340377][info  ] RTSpatialIndex 0x77600000ac10 (Used 1 MB), Allocate result buffer, memory consumption 0 MB, capacity 28
[LIBGPUSPATIAL] [ 12324][17:59:52:341711][info  ] RTSpatialIndex 0x77600000ac10 (Used 1 MB), Probe Points, Size: 100000, Results: 28
[LIBGPUSPATIAL] [ 12324][17:59:52:342992][info  ] RTSpatialRefiner 0x776003d29930 (Used 0 MB), Loaded Geometries, ProbeArray 100000, Loaded 20, Type Point
[LIBGPUSPATIAL] [ 12324][17:59:52:343078][info  ] RTSpatialRefiner 0x776003d29930 (Used 0 MB), Evaluating 28 Geometry Pairs with Predicate Contains
[LIBGPUSPATIAL] [ 12328][17:59:52:346531][info  ] RTSpatialIndex 0x77600000ac10 (Used 1 MB), Allocate result buffer, memory consumption 0 MB, capacity 10
[LIBGPUSPATIAL] [ 12328][17:59:52:346761][info  ] RTSpatialIndex 0x77600000ac10 (Used 1 MB), Probe Points, Size: 100000, Results: 10
[LIBGPUSPATIAL] [ 12328][17:59:52:347294][info  ] RTSpatialRefiner 0x776003d29930 (Used 0 MB), Loaded Geometries, ProbeArray 100000, Loaded 6, Type Point
[LIBGPUSPATIAL] [ 12328][17:59:52:347356][info  ] RTSpatialRefiner 0x776003d29930 (Used 0 MB), Evaluating 10 Geometry Pairs with Predicate Contains
[LIBGPUSPATIAL] [ 12326][17:59:52:350258][info  ] RTSpatialIndex 0x77600000ac10 (Used 0 MB), Allocate result buffer, memory consumption 0 MB, capacity 6
[LIBGPUSPATIAL] [ 12326][17:59:52:350435][info  ] RTSpatialIndex 0x77600000ac10 (Used 0 MB), Probe Points, Size: 33333, Results: 6
[LIBGPUSPATIAL] [ 12326][17:59:52:354500][info  ] RTSpatialRefiner 0x776003d29930 (Used 0 MB), Loaded Geometries, ProbeArray 33333, Loaded 6, Type Point
[LIBGPUSPATIAL] [ 12326][17:59:52:354585][info  ] RTSpatialRefiner 0x776003d29930 (Used 0 MB), Evaluating 6 Geometry Pairs with Predicate Contains
[LIBGPUSPATIAL] [ 12328][17:59:52:355010][info  ] RTSpatialIndex 0x77600000ac10 (Used 0 MB), Allocate result buffer, memory consumption 0 MB, capacity 4
[LIBGPUSPATIAL] [ 12328][17:59:52:355295][info  ] RTSpatialIndex 0x77600000ac10 (Used 0 MB), Probe Points, Size: 33333, Results: 4
[LIBGPUSPATIAL] [ 12328][17:59:52:355942][info  ] RTSpatialRefiner 0x776003d29930 (Used 0 MB), Loaded Geometries, ProbeArray 33333, Loaded 4, Type Point
[LIBGPUSPATIAL] [ 12328][17:59:52:356089][info  ] RTSpatialRefiner 0x776003d29930 (Used 0 MB), Evaluating 4 Geometry Pairs with Predicate Contains
[LIBGPUSPATIAL] [ 12324][17:59:52:356377][info  ] RTSpatialIndex 0x77600000ac10 (Used 0 MB), Allocate result buffer, memory consumption 0 MB, capacity 5
[LIBGPUSPATIAL] [ 12324][17:59:52:356793][info  ] RTSpatialIndex 0x77600000ac10 (Used 0 MB), Probe Points, Size: 33333, Results: 5
[LIBGPUSPATIAL] [ 12324][17:59:52:357282][info  ] RTSpatialRefiner 0x776003d29930 (Used 0 MB), Loaded Geometries, ProbeArray 33333, Loaded 4, Type Point
[LIBGPUSPATIAL] [ 12324][17:59:52:357353][info  ] RTSpatialRefiner 0x776003d29930 (Used 0 MB), Evaluating 5 Geometry Pairs with Predicate Contains
[LIBGPUSPATIAL] [ 12323][17:59:52:379264][info  ] RTSpatialIndex 0x77600000ac10 (Used 2 MB), Allocate result buffer, memory consumption 0 MB, capacity 17
[LIBGPUSPATIAL] [ 12330][17:59:52:379911][info  ] RTSpatialIndex 0x77600000ac10 (Used 2 MB), Allocate result buffer, memory consumption 0 MB, capacity 14
[LIBGPUSPATIAL] [ 12325][17:59:52:379982][info  ] RTSpatialIndex 0x77600000ac10 (Used 2 MB), Allocate result buffer, memory consumption 0 MB, capacity 23
[LIBGPUSPATIAL] [ 12323][17:59:52:380068][info  ] RTSpatialIndex 0x77600000ac10 (Used 2 MB), Probe Points, Size: 100000, Results: 17
[LIBGPUSPATIAL] [ 12330][17:59:52:380170][info  ] RTSpatialIndex 0x77600000ac10 (Used 1 MB), Probe Points, Size: 100000, Results: 14
[LIBGPUSPATIAL] [ 12325][17:59:52:380448][info  ] RTSpatialIndex 0x77600000ac10 (Used 1 MB), Probe Points, Size: 100000, Results: 23
[LIBGPUSPATIAL] [ 12325][17:59:52:381032][info  ] RTSpatialRefiner 0x776003d29930 (Used 0 MB), Loaded Geometries, ProbeArray 100000, Loaded 17, Type Point
[LIBGPUSPATIAL] [ 12323][17:59:52:381056][info  ] RTSpatialRefiner 0x776003d29930 (Used 0 MB), Loaded Geometries, ProbeArray 100000, Loaded 14, Type Point
[LIBGPUSPATIAL] [ 12323][17:59:52:381097][info  ] RTSpatialRefiner 0x776003d29930 (Used 0 MB), Evaluating 17 Geometry Pairs with Predicate Contains
[LIBGPUSPATIAL] [ 12325][17:59:52:381104][info  ] RTSpatialRefiner 0x776003d29930 (Used 0 MB), Evaluating 23 Geometry Pairs with Predicate Contains
[LIBGPUSPATIAL] [ 12330][17:59:52:381895][info  ] RTSpatialRefiner 0x776003d29930 (Used 0 MB), Loaded Geometries, ProbeArray 100000, Loaded 12, Type Point
[LIBGPUSPATIAL] [ 12330][17:59:52:381966][info  ] RTSpatialRefiner 0x776003d29930 (Used 0 MB), Evaluating 14 Geometry Pairs with Predicate Contains
[LIBGPUSPATIAL] [ 12324][17:59:52:384959][info  ] RTSpatialIndex 0x77600000ac10 (Used 1 MB), Allocate result buffer, memory consumption 0 MB, capacity 18
[LIBGPUSPATIAL] [ 12324][17:59:52:385215][info  ] RTSpatialIndex 0x77600000ac10 (Used 2 MB), Probe Points, Size: 100000, Results: 18
[LIBGPUSPATIAL] [ 12328][17:59:52:385665][info  ] RTSpatialIndex 0x77600000ac10 (Used 1 MB), Allocate result buffer, memory consumption 0 MB, capacity 15
[LIBGPUSPATIAL] [ 12328][17:59:52:385819][info  ] RTSpatialIndex 0x77600000ac10 (Used 1 MB), Probe Points, Size: 100000, Results: 15
[LIBGPUSPATIAL] [ 12324][17:59:52:385998][info  ] RTSpatialRefiner 0x776003d29930 (Used 0 MB), Loaded Geometries, ProbeArray 100000, Loaded 14, Type Point
[LIBGPUSPATIAL] [ 12324][17:59:52:386111][info  ] RTSpatialRefiner 0x776003d29930 (Used 0 MB), Evaluating 18 Geometry Pairs with Predicate Contains
[LIBGPUSPATIAL] [ 12328][17:59:52:386325][info  ] RTSpatialRefiner 0x776003d29930 (Used 0 MB), Loaded Geometries, ProbeArray 100000, Loaded 12, Type Point
[LIBGPUSPATIAL] [ 12328][17:59:52:386399][info  ] RTSpatialRefiner 0x776003d29930 (Used 0 MB), Evaluating 15 Geometry Pairs with Predicate Contains
[LIBGPUSPATIAL] [ 12327][17:59:52:394897][info  ] RTSpatialIndex 0x77600000ac10 (Used 1 MB), Allocate result buffer, memory consumption 0 MB, capacity 29
[LIBGPUSPATIAL] [ 12327][17:59:52:395040][info  ] RTSpatialIndex 0x77600000ac10 (Used 1 MB), Probe Points, Size: 100000, Results: 29
[LIBGPUSPATIAL] [ 12327][17:59:52:395483][info  ] RTSpatialRefiner 0x776003d29930 (Used 0 MB), Loaded Geometries, ProbeArray 100000, Loaded 21, Type Point
[LIBGPUSPATIAL] [ 12327][17:59:52:395528][info  ] RTSpatialRefiner 0x776003d29930 (Used 0 MB), Evaluating 29 Geometry Pairs with Predicate Contains
[LIBGPUSPATIAL] [ 12329][17:59:52:396913][info  ] RTSpatialIndex 0x77600000ac10 (Used 1 MB), Allocate result buffer, memory consumption 0 MB, capacity 34
[LIBGPUSPATIAL] [ 12326][17:59:52:396978][info  ] RTSpatialIndex 0x77600000ac10 (Used 1 MB), Allocate result buffer, memory consumption 0 MB, capacity 27
[LIBGPUSPATIAL] [ 12329][17:59:52:397111][info  ] RTSpatialIndex 0x77600000ac10 (Used 1 MB), Probe Points, Size: 100000, Results: 34
[LIBGPUSPATIAL] [ 12326][17:59:52:397216][info  ] RTSpatialIndex 0x77600000ac10 (Used 1 MB), Probe Points, Size: 100000, Results: 27
[LIBGPUSPATIAL] [ 12329][17:59:52:397536][info  ] RTSpatialRefiner 0x776003d29930 (Used 0 MB), Loaded Geometries, ProbeArray 100000, Loaded 26, Type Point
[LIBGPUSPATIAL] [ 12329][17:59:52:397584][info  ] RTSpatialRefiner 0x776003d29930 (Used 0 MB), Evaluating 34 Geometry Pairs with Predicate Contains
[LIBGPUSPATIAL] [ 12326][17:59:52:398145][info  ] RTSpatialRefiner 0x776003d29930 (Used 1 MB), Loaded Geometries, ProbeArray 100000, Loaded 22, Type Point
[LIBGPUSPATIAL] [ 12326][17:59:52:398189][info  ] RTSpatialRefiner 0x776003d29930 (Used 1 MB), Evaluating 27 Geometry Pairs with Predicate Contains
[LIBGPUSPATIAL] [ 12330][17:59:52:398465][info  ] RTSpatialIndex 0x77600000ac10 (Used 1 MB), Allocate result buffer, memory consumption 0 MB, capacity 18
[LIBGPUSPATIAL] [ 12330][17:59:52:398882][info  ] RTSpatialIndex 0x77600000ac10 (Used 1 MB), Probe Points, Size: 100000, Results: 18
[LIBGPUSPATIAL] [ 12330][17:59:52:399397][info  ] RTSpatialRefiner 0x776003d29930 (Used 1 MB), Loaded Geometries, ProbeArray 100000, Loaded 12, Type Point
[LIBGPUSPATIAL] [ 12330][17:59:52:399501][info  ] RTSpatialRefiner 0x776003d29930 (Used 1 MB), Evaluating 18 Geometry Pairs with Predicate Contains
[LIBGPUSPATIAL] [ 12325][17:59:52:399772][info  ] RTSpatialIndex 0x77600000ac10 (Used 1 MB), Allocate result buffer, memory consumption 0 MB, capacity 12
[LIBGPUSPATIAL] [ 12323][17:59:52:400183][info  ] RTSpatialIndex 0x77600000ac10 (Used 1 MB), Allocate result buffer, memory consumption 0 MB, capacity 26
[LIBGPUSPATIAL] [ 12325][17:59:52:400437][info  ] RTSpatialIndex 0x77600000ac10 (Used 1 MB), Probe Points, Size: 100000, Results: 12
[LIBGPUSPATIAL] [ 12323][17:59:52:400749][info  ] RTSpatialIndex 0x77600000ac10 (Used 1 MB), Probe Points, Size: 100000, Results: 26
[LIBGPUSPATIAL] [ 12325][17:59:52:403347][info  ] RTSpatialRefiner 0x776003d29930 (Used 0 MB), Loaded Geometries, ProbeArray 100000, Loaded 10, Type Point
[LIBGPUSPATIAL] [ 12325][17:59:52:403498][info  ] RTSpatialRefiner 0x776003d29930 (Used 0 MB), Evaluating 12 Geometry Pairs with Predicate Contains
[LIBGPUSPATIAL] [ 12323][17:59:52:403352][info  ] RTSpatialRefiner 0x776003d29930 (Used 0 MB), Loaded Geometries, ProbeArray 100000, Loaded 20, Type Point
[LIBGPUSPATIAL] [ 12323][17:59:52:403687][info  ] RTSpatialRefiner 0x776003d29930 (Used 1 MB), Evaluating 26 Geometry Pairs with Predicate Contains
[LIBGPUSPATIAL] [ 12328][17:59:52:404918][info  ] RTSpatialIndex 0x77600000ac10 (Used 1 MB), Allocate result buffer, memory consumption 0 MB, capacity 36
[LIBGPUSPATIAL] [ 12328][17:59:52:405479][info  ] RTSpatialIndex 0x77600000ac10 (Used 1 MB), Probe Points, Size: 100000, Results: 36
[LIBGPUSPATIAL] [ 12328][17:59:52:406343][info  ] RTSpatialRefiner 0x776003d29930 (Used 1 MB), Loaded Geometries, ProbeArray 100000, Loaded 24, Type Point
[LIBGPUSPATIAL] [ 12328][17:59:52:406402][info  ] RTSpatialRefiner 0x776003d29930 (Used 1 MB), Evaluating 36 Geometry Pairs with Predicate Contains
[LIBGPUSPATIAL] [ 12324][17:59:52:406662][info  ] RTSpatialIndex 0x77600000ac10 (Used 1 MB), Allocate result buffer, memory consumption 0 MB, capacity 27
[LIBGPUSPATIAL] [ 12324][17:59:52:406804][info  ] RTSpatialIndex 0x77600000ac10 (Used 1 MB), Probe Points, Size: 100000, Results: 27
[LIBGPUSPATIAL] [ 12324][17:59:52:407146][info  ] RTSpatialRefiner 0x776003d29930 (Used 0 MB), Loaded Geometries, ProbeArray 100000, Loaded 20, Type Point
[LIBGPUSPATIAL] [ 12324][17:59:52:407192][info  ] RTSpatialRefiner 0x776003d29930 (Used 0 MB), Evaluating 27 Geometry Pairs with Predicate Contains
[LIBGPUSPATIAL] [ 12327][17:59:52:412692][info  ] RTSpatialIndex 0x77600000ac10 (Used 1 MB), Allocate result buffer, memory consumption 0 MB, capacity 29
[LIBGPUSPATIAL] [ 12327][17:59:52:412861][info  ] RTSpatialIndex 0x77600000ac10 (Used 1 MB), Probe Points, Size: 100000, Results: 29
[LIBGPUSPATIAL] [ 12327][17:59:52:414073][info  ] RTSpatialRefiner 0x776003d29930 (Used 1 MB), Loaded Geometries, ProbeArray 100000, Loaded 23, Type Point
[LIBGPUSPATIAL] [ 12327][17:59:52:414131][info  ] RTSpatialRefiner 0x776003d29930 (Used 1 MB), Evaluating 29 Geometry Pairs with Predicate Contains
[LIBGPUSPATIAL] [ 12329][17:59:52:414142][info  ] RTSpatialIndex 0x77600000ac10 (Used 1 MB), Allocate result buffer, memory consumption 0 MB, capacity 15
[LIBGPUSPATIAL] [ 12329][17:59:52:414422][info  ] RTSpatialIndex 0x77600000ac10 (Used 1 MB), Probe Points, Size: 100000, Results: 15
[LIBGPUSPATIAL] [ 12330][17:59:52:416461][info  ] RTSpatialIndex 0x77600000ac10 (Used 1 MB), Allocate result buffer, memory consumption 0 MB, capacity 24
[LIBGPUSPATIAL] [ 12330][17:59:52:416591][info  ] RTSpatialIndex 0x77600000ac10 (Used 1 MB), Probe Points, Size: 100000, Results: 24
[LIBGPUSPATIAL] [ 12326][17:59:52:417654][info  ] RTSpatialIndex 0x77600000ac10 (Used 1 MB), Allocate result buffer, memory consumption 0 MB, capacity 16
[LIBGPUSPATIAL] [ 12326][17:59:52:417778][info  ] RTSpatialIndex 0x77600000ac10 (Used 1 MB), Probe Points, Size: 100000, Results: 16
[LIBGPUSPATIAL] [ 12329][17:59:52:418123][info  ] RTSpatialRefiner 0x776003d29930 (Used 0 MB), Loaded Geometries, ProbeArray 100000, Loaded 12, Type Point
[LIBGPUSPATIAL] [ 12329][17:59:52:418164][info  ] RTSpatialRefiner 0x776003d29930 (Used 0 MB), Evaluating 15 Geometry Pairs with Predicate Contains
[LIBGPUSPATIAL] [ 12330][17:59:52:418896][info  ] RTSpatialRefiner 0x776003d29930 (Used 0 MB), Loaded Geometries, ProbeArray 100000, Loaded 21, Type Point
[LIBGPUSPATIAL] [ 12330][17:59:52:418945][info  ] RTSpatialRefiner 0x776003d29930 (Used 0 MB), Evaluating 24 Geometry Pairs with Predicate Contains
[LIBGPUSPATIAL] [ 12326][17:59:52:419121][info  ] RTSpatialRefiner 0x776003d29930 (Used 0 MB), Loaded Geometries, ProbeArray 100000, Loaded 11, Type Point
[LIBGPUSPATIAL] [ 12326][17:59:52:419247][info  ] RTSpatialRefiner 0x776003d29930 (Used 0 MB), Evaluating 16 Geometry Pairs with Predicate Contains
[LIBGPUSPATIAL] [ 12325][17:59:52:421852][info  ] RTSpatialIndex 0x77600000ac10 (Used 1 MB), Allocate result buffer, memory consumption 0 MB, capacity 17
[LIBGPUSPATIAL] [ 12325][17:59:52:422033][info  ] RTSpatialIndex 0x77600000ac10 (Used 1 MB), Probe Points, Size: 100000, Results: 17
[LIBGPUSPATIAL] [ 12325][17:59:52:423313][info  ] RTSpatialRefiner 0x776003d29930 (Used 1 MB), Loaded Geometries, ProbeArray 100000, Loaded 14, Type Point
[LIBGPUSPATIAL] [ 12323][17:59:52:423356][info  ] RTSpatialIndex 0x77600000ac10 (Used 1 MB), Allocate result buffer, memory consumption 0 MB, capacity 28
[LIBGPUSPATIAL] [ 12323][17:59:52:423594][info  ] RTSpatialIndex 0x77600000ac10 (Used 1 MB), Probe Points, Size: 100000, Results: 28
[LIBGPUSPATIAL] [ 12325][17:59:52:423683][info  ] RTSpatialRefiner 0x776003d29930 (Used 0 MB), Evaluating 17 Geometry Pairs with Predicate Contains
[LIBGPUSPATIAL] [ 12323][17:59:52:423954][info  ] RTSpatialRefiner 0x776003d29930 (Used 1 MB), Loaded Geometries, ProbeArray 100000, Loaded 21, Type Point
[LIBGPUSPATIAL] [ 12323][17:59:52:424033][info  ] RTSpatialRefiner 0x776003d29930 (Used 1 MB), Evaluating 28 Geometry Pairs with Predicate Contains
[LIBGPUSPATIAL] [ 12324][17:59:52:424593][info  ] RTSpatialIndex 0x77600000ac10 (Used 1 MB), Allocate result buffer, memory consumption 0 MB, capacity 24
[LIBGPUSPATIAL] [ 12324][17:59:52:425187][info  ] RTSpatialIndex 0x77600000ac10 (Used 1 MB), Probe Points, Size: 100000, Results: 24
[LIBGPUSPATIAL] [ 12324][17:59:52:425916][info  ] RTSpatialRefiner 0x776003d29930 (Used 1 MB), Loaded Geometries, ProbeArray 100000, Loaded 22, Type Point
[LIBGPUSPATIAL] [ 12328][17:59:52:425921][info  ] RTSpatialIndex 0x77600000ac10 (Used 1 MB), Allocate result buffer, memory consumption 0 MB, capacity 21
[LIBGPUSPATIAL] [ 12324][17:59:52:425969][info  ] RTSpatialRefiner 0x776003d29930 (Used 1 MB), Evaluating 24 Geometry Pairs with Predicate Contains
[LIBGPUSPATIAL] [ 12328][17:59:52:426276][info  ] RTSpatialIndex 0x77600000ac10 (Used 1 MB), Probe Points, Size: 100000, Results: 21
[LIBGPUSPATIAL] [ 12328][17:59:52:426664][info  ] RTSpatialRefiner 0x776003d29930 (Used 0 MB), Loaded Geometries, ProbeArray 100000, Loaded 17, Type Point
[LIBGPUSPATIAL] [ 12328][17:59:52:426713][info  ] RTSpatialRefiner 0x776003d29930 (Used 0 MB), Evaluating 21 Geometry Pairs with Predicate Contains
[LIBGPUSPATIAL] [ 12327][17:59:52:430351][info  ] RTSpatialIndex 0x77600000ac10 (Used 1 MB), Allocate result buffer, memory consumption 0 MB, capacity 23
[LIBGPUSPATIAL] [ 12327][17:59:52:430496][info  ] RTSpatialIndex 0x77600000ac10 (Used 1 MB), Probe Points, Size: 100000, Results: 23
[LIBGPUSPATIAL] [ 12327][17:59:52:434082][info  ] RTSpatialRefiner 0x776003d29930 (Used 0 MB), Loaded Geometries, ProbeArray 100000, Loaded 17, Type Point
[LIBGPUSPATIAL] [ 12327][17:59:52:434145][info  ] RTSpatialRefiner 0x776003d29930 (Used 0 MB), Evaluating 23 Geometry Pairs with Predicate Contains
[LIBGPUSPATIAL] [ 12330][17:59:52:435038][info  ] RTSpatialIndex 0x77600000ac10 (Used 1 MB), Allocate result buffer, memory consumption 0 MB, capacity 24
[LIBGPUSPATIAL] [ 12330][17:59:52:435291][info  ] RTSpatialIndex 0x77600000ac10 (Used 1 MB), Probe Points, Size: 100000, Results: 24
[LIBGPUSPATIAL] [ 12330][17:59:52:435721][info  ] RTSpatialRefiner 0x776003d29930 (Used 0 MB), Loaded Geometries, ProbeArray 100000, Loaded 18, Type Point
[LIBGPUSPATIAL] [ 12330][17:59:52:435769][info  ] RTSpatialRefiner 0x776003d29930 (Used 0 MB), Evaluating 24 Geometry Pairs with Predicate Contains
[LIBGPUSPATIAL] [ 12326][17:59:52:436526][info  ] RTSpatialIndex 0x77600000ac10 (Used 1 MB), Allocate result buffer, memory consumption 0 MB, capacity 21
[LIBGPUSPATIAL] [ 12326][17:59:52:436701][info  ] RTSpatialIndex 0x77600000ac10 (Used 1 MB), Probe Points, Size: 100000, Results: 21
[LIBGPUSPATIAL] [ 12326][17:59:52:437070][info  ] RTSpatialRefiner 0x776003d29930 (Used 0 MB), Loaded Geometries, ProbeArray 100000, Loaded 19, Type Point
[LIBGPUSPATIAL] [ 12326][17:59:52:437129][info  ] RTSpatialRefiner 0x776003d29930 (Used 0 MB), Evaluating 21 Geometry Pairs with Predicate Contains
[LIBGPUSPATIAL] [ 12329][17:59:52:438032][info  ] RTSpatialIndex 0x77600000ac10 (Used 1 MB), Allocate result buffer, memory consumption 0 MB, capacity 29
[LIBGPUSPATIAL] [ 12329][17:59:52:438165][info  ] RTSpatialIndex 0x77600000ac10 (Used 1 MB), Probe Points, Size: 100000, Results: 29
[LIBGPUSPATIAL] [ 12329][17:59:52:438471][info  ] RTSpatialRefiner 0x776003d29930 (Used 0 MB), Loaded Geometries, ProbeArray 100000, Loaded 22, Type Point
[LIBGPUSPATIAL] [ 12329][17:59:52:438516][info  ] RTSpatialRefiner 0x776003d29930 (Used 0 MB), Evaluating 29 Geometry Pairs with Predicate Contains
[LIBGPUSPATIAL] [ 12323][17:59:52:442230][info  ] RTSpatialIndex 0x77600000ac10 (Used 1 MB), Allocate result buffer, memory consumption 0 MB, capacity 14
[LIBGPUSPATIAL] [ 12323][17:59:52:442366][info  ] RTSpatialIndex 0x77600000ac10 (Used 1 MB), Probe Points, Size: 100000, Results: 14
[LIBGPUSPATIAL] [ 12323][17:59:52:442908][info  ] RTSpatialRefiner 0x776003d29930 (Used 0 MB), Loaded Geometries, ProbeArray 100000, Loaded 13, Type Point
[LIBGPUSPATIAL] [ 12323][17:59:52:442954][info  ] RTSpatialRefiner 0x776003d29930 (Used 0 MB), Evaluating 14 Geometry Pairs with Predicate Contains
[LIBGPUSPATIAL] [ 12324][17:59:52:443748][info  ] RTSpatialIndex 0x77600000ac10 (Used 1 MB), Allocate result buffer, memory consumption 0 MB, capacity 18
[LIBGPUSPATIAL] [ 12324][17:59:52:443893][info  ] RTSpatialIndex 0x77600000ac10 (Used 1 MB), Probe Points, Size: 100000, Results: 18
[LIBGPUSPATIAL] [ 12324][17:59:52:444186][info  ] RTSpatialRefiner 0x776003d29930 (Used 0 MB), Loaded Geometries, ProbeArray 100000, Loaded 14, Type Point
[LIBGPUSPATIAL] [ 12324][17:59:52:444229][info  ] RTSpatialRefiner 0x776003d29930 (Used 0 MB), Evaluating 18 Geometry Pairs with Predicate Contains
[LIBGPUSPATIAL] [ 12328][17:59:52:445350][info  ] RTSpatialIndex 0x77600000ac10 (Used 1 MB), Allocate result buffer, memory consumption 0 MB, capacity 18
[LIBGPUSPATIAL] [ 12328][17:59:52:445469][info  ] RTSpatialIndex 0x77600000ac10 (Used 1 MB), Probe Points, Size: 100000, Results: 18
[LIBGPUSPATIAL] [ 12325][17:59:52:447164][info  ] RTSpatialIndex 0x77600000ac10 (Used 1 MB), Allocate result buffer, memory consumption 0 MB, capacity 16
[LIBGPUSPATIAL] [ 12325][17:59:52:447318][info  ] RTSpatialIndex 0x77600000ac10 (Used 1 MB), Probe Points, Size: 100000, Results: 16
[LIBGPUSPATIAL] [ 12328][17:59:52:447530][info  ] RTSpatialRefiner 0x776003d29930 (Used 0 MB), Loaded Geometries, ProbeArray 100000, Loaded 13, Type Point
[LIBGPUSPATIAL] [ 12328][17:59:52:447618][info  ] RTSpatialRefiner 0x776003d29930 (Used 0 MB), Evaluating 18 Geometry Pairs with Predicate Contains
[LIBGPUSPATIAL] [ 12325][17:59:52:447768][info  ] RTSpatialRefiner 0x776003d29930 (Used 0 MB), Loaded Geometries, ProbeArray 100000, Loaded 10, Type Point
[LIBGPUSPATIAL] [ 12325][17:59:52:447907][info  ] RTSpatialRefiner 0x776003d29930 (Used 0 MB), Evaluating 16 Geometry Pairs with Predicate Contains
[LIBGPUSPATIAL] [ 12327][17:59:52:451239][info  ] RTSpatialIndex 0x77600000ac10 (Used 1 MB), Allocate result buffer, memory consumption 0 MB, capacity 26
[LIBGPUSPATIAL] [ 12327][17:59:52:451397][info  ] RTSpatialIndex 0x77600000ac10 (Used 1 MB), Probe Points, Size: 100000, Results: 26
[LIBGPUSPATIAL] [ 12327][17:59:52:451870][info  ] RTSpatialRefiner 0x776003d29930 (Used 0 MB), Loaded Geometries, ProbeArray 100000, Loaded 18, Type Point
[LIBGPUSPATIAL] [ 12327][17:59:52:451921][info  ] RTSpatialRefiner 0x776003d29930 (Used 0 MB), Evaluating 26 Geometry Pairs with Predicate Contains
[LIBGPUSPATIAL] [ 12330][17:59:52:452611][info  ] RTSpatialIndex 0x77600000ac10 (Used 1 MB), Allocate result buffer, memory consumption 0 MB, capacity 23
[LIBGPUSPATIAL] [ 12330][17:59:52:452927][info  ] RTSpatialIndex 0x77600000ac10 (Used 1 MB), Probe Points, Size: 100000, Results: 23
[LIBGPUSPATIAL] [ 12330][17:59:52:453321][info  ] RTSpatialRefiner 0x776003d29930 (Used 0 MB), Loaded Geometries, ProbeArray 100000, Loaded 19, Type Point
[LIBGPUSPATIAL] [ 12330][17:59:52:453380][info  ] RTSpatialRefiner 0x776003d29930 (Used 0 MB), Evaluating 23 Geometry Pairs with Predicate Contains
[LIBGPUSPATIAL] [ 12326][17:59:52:453953][info  ] RTSpatialIndex 0x77600000ac10 (Used 1 MB), Allocate result buffer, memory consumption 0 MB, capacity 21
[LIBGPUSPATIAL] [ 12326][17:59:52:454100][info  ] RTSpatialIndex 0x77600000ac10 (Used 1 MB), Probe Points, Size: 100000, Results: 21
[LIBGPUSPATIAL] [ 12329][17:59:52:454723][info  ] RTSpatialIndex 0x77600000ac10 (Used 1 MB), Allocate result buffer, memory consumption 0 MB, capacity 28
[LIBGPUSPATIAL] [ 12329][17:59:52:454876][info  ] RTSpatialIndex 0x77600000ac10 (Used 1 MB), Probe Points, Size: 100000, Results: 28
[LIBGPUSPATIAL] [ 12326][17:59:52:455162][info  ] RTSpatialRefiner 0x776003d29930 (Used 0 MB), Loaded Geometries, ProbeArray 100000, Loaded 15, Type Point
[LIBGPUSPATIAL] [ 12326][17:59:52:455212][info  ] RTSpatialRefiner 0x776003d29930 (Used 0 MB), Evaluating 21 Geometry Pairs with Predicate Contains
[LIBGPUSPATIAL] [ 12329][17:59:52:455237][info  ] RTSpatialRefiner 0x776003d29930 (Used 0 MB), Loaded Geometries, ProbeArray 100000, Loaded 20, Type Point
[LIBGPUSPATIAL] [ 12329][17:59:52:455281][info  ] RTSpatialRefiner 0x776003d29930 (Used 0 MB), Evaluating 28 Geometry Pairs with Predicate Contains
[LIBGPUSPATIAL] [ 12324][17:59:52:460639][info  ] RTSpatialIndex 0x77600000ac10 (Used 1 MB), Allocate result buffer, memory consumption 0 MB, capacity 20
[LIBGPUSPATIAL] [ 12324][17:59:52:460823][info  ] RTSpatialIndex 0x77600000ac10 (Used 1 MB), Probe Points, Size: 100000, Results: 20
[LIBGPUSPATIAL] [ 12323][17:59:52:461638][info  ] RTSpatialIndex 0x77600000ac10 (Used 1 MB), Allocate result buffer, memory consumption 0 MB, capacity 17
[LIBGPUSPATIAL] [ 12323][17:59:52:462016][info  ] RTSpatialIndex 0x77600000ac10 (Used 1 MB), Probe Points, Size: 100000, Results: 17
[LIBGPUSPATIAL] [ 12324][17:59:52:462024][info  ] RTSpatialRefiner 0x776003d29930 (Used 1 MB), Loaded Geometries, ProbeArray 100000, Loaded 15, Type Point
[LIBGPUSPATIAL] [ 12324][17:59:52:462111][info  ] RTSpatialRefiner 0x776003d29930 (Used 0 MB), Evaluating 20 Geometry Pairs with Predicate Contains
[LIBGPUSPATIAL] [ 12323][17:59:52:462999][info  ] RTSpatialRefiner 0x776003d29930 (Used 0 MB), Loaded Geometries, ProbeArray 100000, Loaded 14, Type Point
[LIBGPUSPATIAL] [ 12323][17:59:52:463045][info  ] RTSpatialRefiner 0x776003d29930 (Used 0 MB), Evaluating 17 Geometry Pairs with Predicate Contains
[LIBGPUSPATIAL] [ 12328][17:59:52:467162][info  ] RTSpatialIndex 0x77600000ac10 (Used 1 MB), Allocate result buffer, memory consumption 0 MB, capacity 24
[LIBGPUSPATIAL] [ 12325][17:59:52:467181][info  ] RTSpatialIndex 0x77600000ac10 (Used 1 MB), Allocate result buffer, memory consumption 0 MB, capacity 22
[LIBGPUSPATIAL] [ 12328][17:59:52:467357][info  ] RTSpatialIndex 0x77600000ac10 (Used 1 MB), Probe Points, Size: 100000, Results: 24
[LIBGPUSPATIAL] [ 12325][17:59:52:467494][info  ] RTSpatialIndex 0x77600000ac10 (Used 1 MB), Probe Points, Size: 100000, Results: 22
[LIBGPUSPATIAL] [ 12325][17:59:52:467932][info  ] RTSpatialRefiner 0x776003d29930 (Used 0 MB), Loaded Geometries, ProbeArray 100000, Loaded 17, Type Point
[LIBGPUSPATIAL] [ 12325][17:59:52:467972][info  ] RTSpatialRefiner 0x776003d29930 (Used 0 MB), Evaluating 22 Geometry Pairs with Predicate Contains
[LIBGPUSPATIAL] [ 12327][17:59:52:468377][info  ] RTSpatialIndex 0x77600000ac10 (Used 1 MB), Allocate result buffer, memory consumption 0 MB, capacity 25
[LIBGPUSPATIAL] [ 12327][17:59:52:468690][info  ] RTSpatialIndex 0x77600000ac10 (Used 1 MB), Probe Points, Size: 100000, Results: 25
[LIBGPUSPATIAL] [ 12327][17:59:52:470155][info  ] RTSpatialRefiner 0x776003d29930 (Used 0 MB), Loaded Geometries, ProbeArray 100000, Loaded 20, Type Point
[LIBGPUSPATIAL] [ 12328][17:59:52:470211][info  ] RTSpatialRefiner 0x776003d29930 (Used 0 MB), Loaded Geometries, ProbeArray 100000, Loaded 18, Type Point
[LIBGPUSPATIAL] [ 12327][17:59:52:470222][info  ] RTSpatialRefiner 0x776003d29930 (Used 0 MB), Evaluating 25 Geometry Pairs with Predicate Contains
[LIBGPUSPATIAL] [ 12328][17:59:52:470363][info  ] RTSpatialRefiner 0x776003d29930 (Used 1 MB), Evaluating 24 Geometry Pairs with Predicate Contains
[LIBGPUSPATIAL] [ 12330][17:59:52:470780][info  ] RTSpatialIndex 0x77600000ac10 (Used 1 MB), Allocate result buffer, memory consumption 0 MB, capacity 24
[LIBGPUSPATIAL] [ 12330][17:59:52:471222][info  ] RTSpatialIndex 0x77600000ac10 (Used 1 MB), Probe Points, Size: 100000, Results: 24
[LIBGPUSPATIAL] [ 12330][17:59:52:471720][info  ] RTSpatialRefiner 0x776003d29930 (Used 2 MB), Loaded Geometries, ProbeArray 100000, Loaded 19, Type Point
[LIBGPUSPATIAL] [ 12330][17:59:52:471907][info  ] RTSpatialRefiner 0x776003d29930 (Used 2 MB), Evaluating 24 Geometry Pairs with Predicate Contains
[LIBGPUSPATIAL] [ 12326][17:59:52:471914][info  ] RTSpatialIndex 0x77600000ac10 (Used 2 MB), Allocate result buffer, memory consumption 0 MB, capacity 17
[LIBGPUSPATIAL] [ 12326][17:59:52:472409][info  ] RTSpatialIndex 0x77600000ac10 (Used 1 MB), Probe Points, Size: 100000, Results: 17
[LIBGPUSPATIAL] [ 12329][17:59:52:472445][info  ] RTSpatialIndex 0x77600000ac10 (Used 1 MB), Allocate result buffer, memory consumption 0 MB, capacity 20
[LIBGPUSPATIAL] [ 12329][17:59:52:472665][info  ] RTSpatialIndex 0x77600000ac10 (Used 1 MB), Probe Points, Size: 100000, Results: 20
[LIBGPUSPATIAL] [ 12326][17:59:52:473243][info  ] RTSpatialRefiner 0x776003d29930 (Used 0 MB), Loaded Geometries, ProbeArray 100000, Loaded 15, Type Point
[LIBGPUSPATIAL] [ 12326][17:59:52:473292][info  ] RTSpatialRefiner 0x776003d29930 (Used 0 MB), Evaluating 17 Geometry Pairs with Predicate Contains
[LIBGPUSPATIAL] [ 12329][17:59:52:473381][info  ] RTSpatialRefiner 0x776003d29930 (Used 0 MB), Loaded Geometries, ProbeArray 100000, Loaded 14, Type Point
[LIBGPUSPATIAL] [ 12329][17:59:52:473454][info  ] RTSpatialRefiner 0x776003d29930 (Used 0 MB), Evaluating 20 Geometry Pairs with Predicate Contains
[LIBGPUSPATIAL] [ 12324][17:59:52:478184][info  ] RTSpatialIndex 0x77600000ac10 (Used 1 MB), Allocate result buffer, memory consumption 0 MB, capacity 27
[LIBGPUSPATIAL] [ 12324][17:59:52:478328][info  ] RTSpatialIndex 0x77600000ac10 (Used 1 MB), Probe Points, Size: 100000, Results: 27
[LIBGPUSPATIAL] [ 12324][17:59:52:478806][info  ] RTSpatialRefiner 0x776003d29930 (Used 0 MB), Loaded Geometries, ProbeArray 100000, Loaded 22, Type Point
[LIBGPUSPATIAL] [ 12324][17:59:52:478866][info  ] RTSpatialRefiner 0x776003d29930 (Used 0 MB), Evaluating 27 Geometry Pairs with Predicate Contains
[LIBGPUSPATIAL] [ 12323][17:59:52:481913][info  ] RTSpatialIndex 0x77600000ac10 (Used 1 MB), Allocate result buffer, memory consumption 0 MB, capacity 34
[LIBGPUSPATIAL] [ 12323][17:59:52:482055][info  ] RTSpatialIndex 0x77600000ac10 (Used 1 MB), Probe Points, Size: 100000, Results: 34
[LIBGPUSPATIAL] [ 12323][17:59:52:482379][info  ] RTSpatialRefiner 0x776003d29930 (Used 0 MB), Loaded Geometries, ProbeArray 100000, Loaded 28, Type Point
[LIBGPUSPATIAL] [ 12323][17:59:52:482422][info  ] RTSpatialRefiner 0x776003d29930 (Used 0 MB), Evaluating 34 Geometry Pairs with Predicate Contains
[LIBGPUSPATIAL] [ 12325][17:59:52:487337][info  ] RTSpatialIndex 0x77600000ac10 (Used 1 MB), Allocate result buffer, memory consumption 0 MB, capacity 22
[LIBGPUSPATIAL] [ 12325][17:59:52:487525][info  ] RTSpatialIndex 0x77600000ac10 (Used 1 MB), Probe Points, Size: 100000, Results: 22
[LIBGPUSPATIAL] [ 12327][17:59:52:488242][info  ] RTSpatialIndex 0x77600000ac10 (Used 1 MB), Allocate result buffer, memory consumption 0 MB, capacity 30
[LIBGPUSPATIAL] [ 12325][17:59:52:488612][info  ] RTSpatialRefiner 0x776003d29930 (Used 2 MB), Loaded Geometries, ProbeArray 100000, Loaded 19, Type Point
[LIBGPUSPATIAL] [ 12325][17:59:52:488714][info  ] RTSpatialRefiner 0x776003d29930 (Used 2 MB), Evaluating 22 Geometry Pairs with Predicate Contains
[LIBGPUSPATIAL] [ 12327][17:59:52:488810][info  ] RTSpatialIndex 0x77600000ac10 (Used 1 MB), Probe Points, Size: 100000, Results: 30
[LIBGPUSPATIAL] [ 12330][17:59:52:488964][info  ] RTSpatialIndex 0x77600000ac10 (Used 1 MB), Allocate result buffer, memory consumption 0 MB, capacity 29
[LIBGPUSPATIAL] [ 12330][17:59:52:489389][info  ] RTSpatialIndex 0x77600000ac10 (Used 1 MB), Probe Points, Size: 100000, Results: 29
[LIBGPUSPATIAL] [ 12327][17:59:52:489493][info  ] RTSpatialRefiner 0x776003d29930 (Used 0 MB), Loaded Geometries, ProbeArray 100000, Loaded 25, Type Point
[LIBGPUSPATIAL] [ 12327][17:59:52:489534][info  ] RTSpatialRefiner 0x776003d29930 (Used 0 MB), Evaluating 30 Geometry Pairs with Predicate Contains
[LIBGPUSPATIAL] [ 12330][17:59:52:489952][info  ] RTSpatialRefiner 0x776003d29930 (Used 0 MB), Loaded Geometries, ProbeArray 100000, Loaded 23, Type Point
[LIBGPUSPATIAL] [ 12330][17:59:52:490130][info  ] RTSpatialRefiner 0x776003d29930 (Used 2 MB), Evaluating 29 Geometry Pairs with Predicate Contains
[LIBGPUSPATIAL] [ 12328][17:59:52:490969][info  ] RTSpatialIndex 0x77600000ac10 (Used 2 MB), Allocate result buffer, memory consumption 0 MB, capacity 29
[LIBGPUSPATIAL] [ 12329][17:59:52:491236][info  ] RTSpatialIndex 0x77600000ac10 (Used 2 MB), Allocate result buffer, memory consumption 0 MB, capacity 12
[LIBGPUSPATIAL] [ 12326][17:59:52:491447][info  ] RTSpatialIndex 0x77600000ac10 (Used 2 MB), Allocate result buffer, memory consumption 0 MB, capacity 34
[LIBGPUSPATIAL] [ 12328][17:59:52:491862][info  ] RTSpatialIndex 0x77600000ac10 (Used 2 MB), Probe Points, Size: 100000, Results: 29
[LIBGPUSPATIAL] [ 12326][17:59:52:492030][info  ] RTSpatialIndex 0x77600000ac10 (Used 1 MB), Probe Points, Size: 100000, Results: 34
[LIBGPUSPATIAL] [ 12329][17:59:52:492103][info  ] RTSpatialIndex 0x77600000ac10 (Used 1 MB), Probe Points, Size: 100000, Results: 12
[LIBGPUSPATIAL] [ 12326][17:59:52:492492][info  ] RTSpatialRefiner 0x776003d29930 (Used 0 MB), Loaded Geometries, ProbeArray 100000, Loaded 25, Type Point
[LIBGPUSPATIAL] [ 12326][17:59:52:492535][info  ] RTSpatialRefiner 0x776003d29930 (Used 0 MB), Evaluating 34 Geometry Pairs with Predicate Contains
[LIBGPUSPATIAL] [ 12329][17:59:52:492959][info  ] RTSpatialRefiner 0x776003d29930 (Used 0 MB), Loaded Geometries, ProbeArray 100000, Loaded 9, Type Point
[LIBGPUSPATIAL] [ 12329][17:59:52:493002][info  ] RTSpatialRefiner 0x776003d29930 (Used 0 MB), Evaluating 12 Geometry Pairs with Predicate Contains
[LIBGPUSPATIAL] [ 12328][17:59:52:493365][info  ] RTSpatialRefiner 0x776003d29930 (Used 0 MB), Loaded Geometries, ProbeArray 100000, Loaded 25, Type Point
[LIBGPUSPATIAL] [ 12328][17:59:52:493411][info  ] RTSpatialRefiner 0x776003d29930 (Used 0 MB), Evaluating 29 Geometry Pairs with Predicate Contains
[LIBGPUSPATIAL] [ 12324][17:59:52:495935][info  ] RTSpatialIndex 0x77600000ac10 (Used 1 MB), Allocate result buffer, memory consumption 0 MB, capacity 28
[LIBGPUSPATIAL] [ 12324][17:59:52:496090][info  ] RTSpatialIndex 0x77600000ac10 (Used 1 MB), Probe Points, Size: 100000, Results: 28
[LIBGPUSPATIAL] [ 12324][17:59:52:496713][info  ] RTSpatialRefiner 0x776003d29930 (Used 0 MB), Loaded Geometries, ProbeArray 100000, Loaded 23, Type Point
[LIBGPUSPATIAL] [ 12324][17:59:52:496765][info  ] RTSpatialRefiner 0x776003d29930 (Used 0 MB), Evaluating 28 Geometry Pairs with Predicate Contains
[LIBGPUSPATIAL] [ 12323][17:59:52:499899][info  ] RTSpatialIndex 0x77600000ac10 (Used 1 MB), Allocate result buffer, memory consumption 0 MB, capacity 27
[LIBGPUSPATIAL] [ 12323][17:59:52:500166][info  ] RTSpatialIndex 0x77600000ac10 (Used 1 MB), Probe Points, Size: 100000, Results: 27
[LIBGPUSPATIAL] [ 12323][17:59:52:500544][info  ] RTSpatialRefiner 0x776003d29930 (Used 0 MB), Loaded Geometries, ProbeArray 100000, Loaded 20, Type Point
[LIBGPUSPATIAL] [ 12323][17:59:52:500686][info  ] RTSpatialRefiner 0x776003d29930 (Used 0 MB), Evaluating 27 Geometry Pairs with Predicate Contains
[LIBGPUSPATIAL] [ 12327][17:59:52:506613][info  ] RTSpatialIndex 0x77600000ac10 (Used 1 MB), Allocate result buffer, memory consumption 0 MB, capacity 29
[LIBGPUSPATIAL] [ 12327][17:59:52:506756][info  ] RTSpatialIndex 0x77600000ac10 (Used 1 MB), Probe Points, Size: 100000, Results: 29
[LIBGPUSPATIAL] [ 12330][17:59:52:507534][info  ] RTSpatialIndex 0x77600000ac10 (Used 1 MB), Allocate result buffer, memory consumption 0 MB, capacity 15
[LIBGPUSPATIAL] [ 12330][17:59:52:507666][info  ] RTSpatialIndex 0x77600000ac10 (Used 1 MB), Probe Points, Size: 100000, Results: 15
[LIBGPUSPATIAL] [ 12327][17:59:52:508546][info  ] RTSpatialRefiner 0x776003d29930 (Used 0 MB), Loaded Geometries, ProbeArray 100000, Loaded 18, Type Point
[LIBGPUSPATIAL] [ 12327][17:59:52:508638][info  ] RTSpatialRefiner 0x776003d29930 (Used 0 MB), Evaluating 29 Geometry Pairs with Predicate Contains
[LIBGPUSPATIAL] [ 12330][17:59:52:509167][info  ] RTSpatialRefiner 0x776003d29930 (Used 1 MB), Loaded Geometries, ProbeArray 100000, Loaded 10, Type Point
[LIBGPUSPATIAL] [ 12330][17:59:52:509223][info  ] RTSpatialRefiner 0x776003d29930 (Used 1 MB), Evaluating 15 Geometry Pairs with Predicate Contains
[LIBGPUSPATIAL] [ 12325][17:59:52:509574][info  ] RTSpatialIndex 0x77600000ac10 (Used 2 MB), Allocate result buffer, memory consumption 0 MB, capacity 21
[LIBGPUSPATIAL] [ 12326][17:59:52:509639][info  ] RTSpatialIndex 0x77600000ac10 (Used 2 MB), Allocate result buffer, memory consumption 0 MB, capacity 32
[LIBGPUSPATIAL] [ 12329][17:59:52:510156][info  ] RTSpatialIndex 0x77600000ac10 (Used 2 MB), Allocate result buffer, memory consumption 0 MB, capacity 23
[LIBGPUSPATIAL] [ 12325][17:59:52:511713][info  ] RTSpatialIndex 0x77600000ac10 (Used 4 MB), Probe Points, Size: 100000, Results: 21
[LIBGPUSPATIAL] [ 12329][17:59:52:511955][info  ] RTSpatialIndex 0x77600000ac10 (Used 3 MB), Probe Points, Size: 100000, Results: 23
[LIBGPUSPATIAL] [ 12326][17:59:52:512244][info  ] RTSpatialIndex 0x77600000ac10 (Used 2 MB), Probe Points, Size: 100000, Results: 32
[LIBGPUSPATIAL] [ 12324][17:59:52:512381][info  ] RTSpatialIndex 0x77600000ac10 (Used 1 MB), Allocate result buffer, memory consumption 0 MB, capacity 28
[LIBGPUSPATIAL] [ 12325][17:59:52:512775][info  ] RTSpatialRefiner 0x776003d29930 (Used 2 MB), Loaded Geometries, ProbeArray 100000, Loaded 16, Type Point
[LIBGPUSPATIAL] [ 12325][17:59:52:512882][info  ] RTSpatialRefiner 0x776003d29930 (Used 2 MB), Evaluating 21 Geometry Pairs with Predicate Contains
[LIBGPUSPATIAL] [ 12329][17:59:52:512980][info  ] RTSpatialRefiner 0x776003d29930 (Used 2 MB), Loaded Geometries, ProbeArray 100000, Loaded 16, Type Point
[LIBGPUSPATIAL] [ 12329][17:59:52:513036][info  ] RTSpatialRefiner 0x776003d29930 (Used 1 MB), Evaluating 23 Geometry Pairs with Predicate Contains
[LIBGPUSPATIAL] [ 12324][17:59:52:513107][info  ] RTSpatialIndex 0x77600000ac10 (Used 1 MB), Probe Points, Size: 100000, Results: 28
[LIBGPUSPATIAL] [ 12326][17:59:52:513160][info  ] RTSpatialRefiner 0x776003d29930 (Used 1 MB), Loaded Geometries, ProbeArray 100000, Loaded 23, Type Point
[LIBGPUSPATIAL] [ 12326][17:59:52:513236][info  ] RTSpatialRefiner 0x776003d29930 (Used 1 MB), Evaluating 32 Geometry Pairs with Predicate Contains
[LIBGPUSPATIAL] [ 12328][17:59:52:513285][info  ] RTSpatialIndex 0x77600000ac10 (Used 1 MB), Allocate result buffer, memory consumption 0 MB, capacity 16
[LIBGPUSPATIAL] [ 12328][17:59:52:513834][info  ] RTSpatialIndex 0x77600000ac10 (Used 1 MB), Probe Points, Size: 100000, Results: 16
[LIBGPUSPATIAL] [ 12324][17:59:52:514165][info  ] RTSpatialRefiner 0x776003d29930 (Used 0 MB), Loaded Geometries, ProbeArray 100000, Loaded 22, Type Point
[LIBGPUSPATIAL] [ 12324][17:59:52:514250][info  ] RTSpatialRefiner 0x776003d29930 (Used 0 MB), Evaluating 28 Geometry Pairs with Predicate Contains
[LIBGPUSPATIAL] [ 12328][17:59:52:514640][info  ] RTSpatialRefiner 0x776003d29930 (Used 0 MB), Loaded Geometries, ProbeArray 100000, Loaded 12, Type Point
[LIBGPUSPATIAL] [ 12328][17:59:52:514683][info  ] RTSpatialRefiner 0x776003d29930 (Used 0 MB), Evaluating 16 Geometry Pairs with Predicate Contains
[LIBGPUSPATIAL] [ 12323][17:59:52:516925][info  ] RTSpatialIndex 0x77600000ac10 (Used 1 MB), Allocate result buffer, memory consumption 0 MB, capacity 23
[LIBGPUSPATIAL] [ 12323][17:59:52:517070][info  ] RTSpatialIndex 0x77600000ac10 (Used 1 MB), Probe Points, Size: 100000, Results: 23
[LIBGPUSPATIAL] [ 12323][17:59:52:517572][info  ] RTSpatialRefiner 0x776003d29930 (Used 0 MB), Loaded Geometries, ProbeArray 100000, Loaded 19, Type Point
[LIBGPUSPATIAL] [ 12323][17:59:52:517617][info  ] RTSpatialRefiner 0x776003d29930 (Used 0 MB), Evaluating 23 Geometry Pairs with Predicate Contains
[LIBGPUSPATIAL] [ 12330][17:59:52:526303][info  ] RTSpatialIndex 0x77600000ac10 (Used 1 MB), Allocate result buffer, memory consumption 0 MB, capacity 30
[LIBGPUSPATIAL] [ 12330][17:59:52:526436][info  ] RTSpatialIndex 0x77600000ac10 (Used 1 MB), Probe Points, Size: 100000, Results: 30
[LIBGPUSPATIAL] [ 12330][17:59:52:526797][info  ] RTSpatialRefiner 0x776003d29930 (Used 0 MB), Loaded Geometries, ProbeArray 100000, Loaded 23, Type Point
[LIBGPUSPATIAL] [ 12330][17:59:52:526861][info  ] RTSpatialRefiner 0x776003d29930 (Used 0 MB), Evaluating 30 Geometry Pairs with Predicate Contains
[LIBGPUSPATIAL] [ 12327][17:59:52:528183][info  ] RTSpatialIndex 0x77600000ac10 (Used 1 MB), Allocate result buffer, memory consumption 0 MB, capacity 23
[LIBGPUSPATIAL] [ 12327][17:59:52:528315][info  ] RTSpatialIndex 0x77600000ac10 (Used 1 MB), Probe Points, Size: 100000, Results: 23
[LIBGPUSPATIAL] [ 12327][17:59:52:529053][info  ] RTSpatialRefiner 0x776003d29930 (Used 0 MB), Loaded Geometries, ProbeArray 100000, Loaded 18, Type Point
[LIBGPUSPATIAL] [ 12327][17:59:52:529096][info  ] RTSpatialRefiner 0x776003d29930 (Used 0 MB), Evaluating 23 Geometry Pairs with Predicate Contains
[LIBGPUSPATIAL] [ 12329][17:59:52:531163][info  ] RTSpatialIndex 0x77600000ac10 (Used 1 MB), Allocate result buffer, memory consumption 0 MB, capacity 18
[LIBGPUSPATIAL] [ 12329][17:59:52:531327][info  ] RTSpatialIndex 0x77600000ac10 (Used 1 MB), Probe Points, Size: 100000, Results: 18
[LIBGPUSPATIAL] [ 12325][17:59:52:532515][info  ] RTSpatialIndex 0x77600000ac10 (Used 1 MB), Allocate result buffer, memory consumption 0 MB, capacity 29
[LIBGPUSPATIAL] [ 12326][17:59:52:532606][info  ] RTSpatialIndex 0x77600000ac10 (Used 1 MB), Allocate result buffer, memory consumption 0 MB, capacity 26
[LIBGPUSPATIAL] [ 12325][17:59:52:532767][info  ] RTSpatialIndex 0x77600000ac10 (Used 1 MB), Probe Points, Size: 100000, Results: 29
[LIBGPUSPATIAL] [ 12326][17:59:52:532907][info  ] RTSpatialIndex 0x77600000ac10 (Used 1 MB), Probe Points, Size: 100000, Results: 26
[LIBGPUSPATIAL] [ 12329][17:59:52:533198][info  ] RTSpatialRefiner 0x776003d29930 (Used 0 MB), Loaded Geometries, ProbeArray 100000, Loaded 17, Type Point
[LIBGPUSPATIAL] [ 12325][17:59:52:533228][info  ] RTSpatialRefiner 0x776003d29930 (Used 0 MB), Loaded Geometries, ProbeArray 100000, Loaded 22, Type Point
[LIBGPUSPATIAL] [ 12325][17:59:52:533264][info  ] RTSpatialRefiner 0x776003d29930 (Used 0 MB), Evaluating 29 Geometry Pairs with Predicate Contains
[LIBGPUSPATIAL] [ 12329][17:59:52:533270][info  ] RTSpatialRefiner 0x776003d29930 (Used 0 MB), Evaluating 18 Geometry Pairs with Predicate Contains
[LIBGPUSPATIAL] [ 12326][17:59:52:533617][info  ] RTSpatialRefiner 0x776003d29930 (Used 0 MB), Loaded Geometries, ProbeArray 100000, Loaded 20, Type Point
[LIBGPUSPATIAL] [ 12326][17:59:52:533662][info  ] RTSpatialRefiner 0x776003d29930 (Used 0 MB), Evaluating 26 Geometry Pairs with Predicate Contains
[LIBGPUSPATIAL] [ 12323][17:59:52:534770][info  ] RTSpatialIndex 0x77600000ac10 (Used 1 MB), Allocate result buffer, memory consumption 0 MB, capacity 21
[LIBGPUSPATIAL] [ 12323][17:59:52:534938][info  ] RTSpatialIndex 0x77600000ac10 (Used 1 MB), Probe Points, Size: 100000, Results: 21
[LIBGPUSPATIAL] [ 12323][17:59:52:535359][info  ] RTSpatialRefiner 0x776003d29930 (Used 0 MB), Loaded Geometries, ProbeArray 100000, Loaded 19, Type Point
[LIBGPUSPATIAL] [ 12323][17:59:52:535425][info  ] RTSpatialRefiner 0x776003d29930 (Used 1 MB), Evaluating 21 Geometry Pairs with Predicate Contains
[LIBGPUSPATIAL] [ 12324][17:59:52:535886][info  ] RTSpatialIndex 0x77600000ac10 (Used 1 MB), Allocate result buffer, memory consumption 0 MB, capacity 29
[LIBGPUSPATIAL] [ 12324][17:59:52:536231][info  ] RTSpatialIndex 0x77600000ac10 (Used 1 MB), Probe Points, Size: 100000, Results: 29
[LIBGPUSPATIAL] [ 12324][17:59:52:536662][info  ] RTSpatialRefiner 0x776003d29930 (Used 0 MB), Loaded Geometries, ProbeArray 100000, Loaded 20, Type Point
[LIBGPUSPATIAL] [ 12324][17:59:52:536704][info  ] RTSpatialRefiner 0x776003d29930 (Used 0 MB), Evaluating 29 Geometry Pairs with Predicate Contains
[LIBGPUSPATIAL] [ 12328][17:59:52:538805][info  ] RTSpatialIndex 0x77600000ac10 (Used 1 MB), Allocate result buffer, memory consumption 0 MB, capacity 31
[LIBGPUSPATIAL] [ 12328][17:59:52:538983][info  ] RTSpatialIndex 0x77600000ac10 (Used 1 MB), Probe Points, Size: 100000, Results: 31
[LIBGPUSPATIAL] [ 12328][17:59:52:540011][info  ] RTSpatialRefiner 0x776003d29930 (Used 0 MB), Loaded Geometries, ProbeArray 100000, Loaded 20, Type Point
[LIBGPUSPATIAL] [ 12328][17:59:52:540069][info  ] RTSpatialRefiner 0x776003d29930 (Used 0 MB), Evaluating 31 Geometry Pairs with Predicate Contains
[LIBGPUSPATIAL] [ 12330][17:59:52:543288][info  ] RTSpatialIndex 0x77600000ac10 (Used 1 MB), Allocate result buffer, memory consumption 0 MB, capacity 21
[LIBGPUSPATIAL] [ 12330][17:59:52:543416][info  ] RTSpatialIndex 0x77600000ac10 (Used 1 MB), Probe Points, Size: 100000, Results: 21
[LIBGPUSPATIAL] [ 12330][17:59:52:543948][info  ] RTSpatialRefiner 0x776003d29930 (Used 0 MB), Loaded Geometries, ProbeArray 100000, Loaded 18, Type Point
[LIBGPUSPATIAL] [ 12330][17:59:52:543992][info  ] RTSpatialRefiner 0x776003d29930 (Used 0 MB), Evaluating 21 Geometry Pairs with Predicate Contains
[LIBGPUSPATIAL] [ 12327][17:59:52:545828][info  ] RTSpatialIndex 0x77600000ac10 (Used 1 MB), Allocate result buffer, memory consumption 0 MB, capacity 26
[LIBGPUSPATIAL] [ 12327][17:59:52:545967][info  ] RTSpatialIndex 0x77600000ac10 (Used 1 MB), Probe Points, Size: 100000, Results: 26
[LIBGPUSPATIAL] [ 12327][17:59:52:546327][info  ] RTSpatialRefiner 0x776003d29930 (Used 0 MB), Loaded Geometries, ProbeArray 100000, Loaded 18, Type Point
[LIBGPUSPATIAL] [ 12327][17:59:52:546369][info  ] RTSpatialRefiner 0x776003d29930 (Used 0 MB), Evaluating 26 Geometry Pairs with Predicate Contains
[LIBGPUSPATIAL] [ 12325][17:59:52:551919][info  ] RTSpatialIndex 0x77600000ac10 (Used 2 MB), Allocate result buffer, memory consumption 0 MB, capacity 28
[LIBGPUSPATIAL] [ 12329][17:59:52:551919][info  ] RTSpatialIndex 0x77600000ac10 (Used 2 MB), Allocate result buffer, memory consumption 0 MB, capacity 33
[LIBGPUSPATIAL] [ 12326][17:59:52:552041][info  ] RTSpatialIndex 0x77600000ac10 (Used 2 MB), Allocate result buffer, memory consumption 0 MB, capacity 27
[LIBGPUSPATIAL] [ 12325][17:59:52:552091][info  ] RTSpatialIndex 0x77600000ac10 (Used 2 MB), Probe Points, Size: 100000, Results: 28
[LIBGPUSPATIAL] [ 12329][17:59:52:552400][info  ] RTSpatialIndex 0x77600000ac10 (Used 1 MB), Probe Points, Size: 100000, Results: 33
[LIBGPUSPATIAL] [ 12326][17:59:52:552495][info  ] RTSpatialIndex 0x77600000ac10 (Used 1 MB), Probe Points, Size: 100000, Results: 27
[LIBGPUSPATIAL] [ 12325][17:59:52:552663][info  ] RTSpatialRefiner 0x776003d29930 (Used 0 MB), Loaded Geometries, ProbeArray 100000, Loaded 21, Type Point
[LIBGPUSPATIAL] [ 12325][17:59:52:552777][info  ] RTSpatialRefiner 0x776003d29930 (Used 0 MB), Evaluating 28 Geometry Pairs with Predicate Contains
[LIBGPUSPATIAL] [ 12326][17:59:52:552909][info  ] RTSpatialRefiner 0x776003d29930 (Used 0 MB), Loaded Geometries, ProbeArray 100000, Loaded 21, Type Point
[LIBGPUSPATIAL] [ 12326][17:59:52:552949][info  ] RTSpatialRefiner 0x776003d29930 (Used 0 MB), Evaluating 27 Geometry Pairs with Predicate Contains
[LIBGPUSPATIAL] [ 12329][17:59:52:553264][info  ] RTSpatialRefiner 0x776003d29930 (Used 2 MB), Loaded Geometries, ProbeArray 100000, Loaded 26, Type Point
[LIBGPUSPATIAL] [ 12329][17:59:52:553346][info  ] RTSpatialRefiner 0x776003d29930 (Used 2 MB), Evaluating 33 Geometry Pairs with Predicate Contains
[LIBGPUSPATIAL] [ 12323][17:59:52:553756][info  ] RTSpatialIndex 0x77600000ac10 (Used 1 MB), Allocate result buffer, memory consumption 0 MB, capacity 11
[LIBGPUSPATIAL] [ 12323][17:59:52:554195][info  ] RTSpatialIndex 0x77600000ac10 (Used 1 MB), Probe Points, Size: 100000, Results: 11
[LIBGPUSPATIAL] [ 12323][17:59:52:556130][info  ] RTSpatialRefiner 0x776003d29930 (Used 1 MB), Loaded Geometries, ProbeArray 100000, Loaded 10, Type Point
[LIBGPUSPATIAL] [ 12324][17:59:52:556135][info  ] RTSpatialIndex 0x77600000ac10 (Used 1 MB), Allocate result buffer, memory consumption 0 MB, capacity 23
[LIBGPUSPATIAL] [ 12323][17:59:52:556202][info  ] RTSpatialRefiner 0x776003d29930 (Used 1 MB), Evaluating 11 Geometry Pairs with Predicate Contains
[LIBGPUSPATIAL] [ 12324][17:59:52:556391][info  ] RTSpatialIndex 0x77600000ac10 (Used 1 MB), Probe Points, Size: 100000, Results: 23
[LIBGPUSPATIAL] [ 12324][17:59:52:556762][info  ] RTSpatialRefiner 0x776003d29930 (Used 0 MB), Loaded Geometries, ProbeArray 100000, Loaded 18, Type Point
[LIBGPUSPATIAL] [ 12324][17:59:52:556808][info  ] RTSpatialRefiner 0x776003d29930 (Used 0 MB), Evaluating 23 Geometry Pairs with Predicate Contains
[LIBGPUSPATIAL] [ 12328][17:59:52:559351][info  ] RTSpatialIndex 0x77600000ac10 (Used 1 MB), Allocate result buffer, memory consumption 0 MB, capacity 22
[LIBGPUSPATIAL] [ 12328][17:59:52:559494][info  ] RTSpatialIndex 0x77600000ac10 (Used 1 MB), Probe Points, Size: 100000, Results: 22
[LIBGPUSPATIAL] [ 12330][17:59:52:560627][info  ] RTSpatialIndex 0x77600000ac10 (Used 1 MB), Allocate result buffer, memory consumption 0 MB, capacity 21
[LIBGPUSPATIAL] [ 12330][17:59:52:560757][info  ] RTSpatialIndex 0x77600000ac10 (Used 1 MB), Probe Points, Size: 100000, Results: 21
[LIBGPUSPATIAL] [ 12328][17:59:52:561183][info  ] RTSpatialRefiner 0x776003d29930 (Used 0 MB), Loaded Geometries, ProbeArray 100000, Loaded 19, Type Point
[LIBGPUSPATIAL] [ 12328][17:59:52:561234][info  ] RTSpatialRefiner 0x776003d29930 (Used 0 MB), Evaluating 22 Geometry Pairs with Predicate Contains
[LIBGPUSPATIAL] [ 12327][17:59:52:562439][info  ] RTSpatialIndex 0x77600000ac10 (Used 1 MB), Allocate result buffer, memory consumption 0 MB, capacity 29
[LIBGPUSPATIAL] [ 12327][17:59:52:562536][info  ] RTSpatialIndex 0x77600000ac10 (Used 1 MB), Probe Points, Size: 100000, Results: 29
[LIBGPUSPATIAL] [ 12330][17:59:52:562815][info  ] RTSpatialRefiner 0x776003d29930 (Used 0 MB), Loaded Geometries, ProbeArray 100000, Loaded 16, Type Point
[LIBGPUSPATIAL] [ 12330][17:59:52:562878][info  ] RTSpatialRefiner 0x776003d29930 (Used 0 MB), Evaluating 21 Geometry Pairs with Predicate Contains
[LIBGPUSPATIAL] [ 12327][17:59:52:563013][info  ] RTSpatialRefiner 0x776003d29930 (Used 0 MB), Loaded Geometries, ProbeArray 100000, Loaded 22, Type Point
[LIBGPUSPATIAL] [ 12327][17:59:52:563082][info  ] RTSpatialRefiner 0x776003d29930 (Used 0 MB), Evaluating 29 Geometry Pairs with Predicate Contains
[LIBGPUSPATIAL] [ 12326][17:59:52:570966][info  ] RTSpatialIndex 0x77600000ac10 (Used 1 MB), Allocate result buffer, memory consumption 0 MB, capacity 29
[LIBGPUSPATIAL] [ 12325][17:59:52:570966][info  ] RTSpatialIndex 0x77600000ac10 (Used 1 MB), Allocate result buffer, memory consumption 0 MB, capacity 16
[LIBGPUSPATIAL] [ 12326][17:59:52:571144][info  ] RTSpatialIndex 0x77600000ac10 (Used 1 MB), Probe Points, Size: 100000, Results: 29
[LIBGPUSPATIAL] [ 12325][17:59:52:571447][info  ] RTSpatialIndex 0x77600000ac10 (Used 1 MB), Probe Points, Size: 100000, Results: 16
[LIBGPUSPATIAL] [ 12326][17:59:52:571721][info  ] RTSpatialRefiner 0x776003d29930 (Used 0 MB), Loaded Geometries, ProbeArray 100000, Loaded 21, Type Point
[LIBGPUSPATIAL] [ 12326][17:59:52:571775][info  ] RTSpatialRefiner 0x776003d29930 (Used 0 MB), Evaluating 29 Geometry Pairs with Predicate Contains
[LIBGPUSPATIAL] [ 12329][17:59:52:572584][info  ] RTSpatialIndex 0x77600000ac10 (Used 1 MB), Allocate result buffer, memory consumption 0 MB, capacity 15
[LIBGPUSPATIAL] [ 12329][17:59:52:572740][info  ] RTSpatialIndex 0x77600000ac10 (Used 1 MB), Probe Points, Size: 100000, Results: 15
[LIBGPUSPATIAL] [ 12324][17:59:52:573724][info  ] RTSpatialIndex 0x77600000ac10 (Used 1 MB), Allocate result buffer, memory consumption 0 MB, capacity 22
[LIBGPUSPATIAL] [ 12324][17:59:52:573882][info  ] RTSpatialIndex 0x77600000ac10 (Used 1 MB), Probe Points, Size: 100000, Results: 22
[LIBGPUSPATIAL] [ 12325][17:59:52:574164][info  ] RTSpatialRefiner 0x776003d29930 (Used 0 MB), Loaded Geometries, ProbeArray 100000, Loaded 15, Type Point
[LIBGPUSPATIAL] [ 12325][17:59:52:574210][info  ] RTSpatialRefiner 0x776003d29930 (Used 0 MB), Evaluating 16 Geometry Pairs with Predicate Contains
[LIBGPUSPATIAL] [ 12323][17:59:52:574959][info  ] RTSpatialIndex 0x77600000ac10 (Used 1 MB), Allocate result buffer, memory consumption 0 MB, capacity 27
[LIBGPUSPATIAL] [ 12329][17:59:52:575102][info  ] RTSpatialRefiner 0x776003d29930 (Used 1 MB), Loaded Geometries, ProbeArray 100000, Loaded 13, Type Point
[LIBGPUSPATIAL] [ 12329][17:59:52:575153][info  ] RTSpatialRefiner 0x776003d29930 (Used 1 MB), Evaluating 15 Geometry Pairs with Predicate Contains
[LIBGPUSPATIAL] [ 12324][17:59:52:575165][info  ] RTSpatialRefiner 0x776003d29930 (Used 1 MB), Loaded Geometries, ProbeArray 100000, Loaded 19, Type Point
[LIBGPUSPATIAL] [ 12324][17:59:52:575210][info  ] RTSpatialRefiner 0x776003d29930 (Used 1 MB), Evaluating 22 Geometry Pairs with Predicate Contains
[LIBGPUSPATIAL] [ 12323][17:59:52:575561][info  ] RTSpatialIndex 0x77600000ac10 (Used 1 MB), Probe Points, Size: 100000, Results: 27
[LIBGPUSPATIAL] [ 12323][17:59:52:576098][info  ] RTSpatialRefiner 0x776003d29930 (Used 0 MB), Loaded Geometries, ProbeArray 100000, Loaded 20, Type Point
[LIBGPUSPATIAL] [ 12323][17:59:52:576142][info  ] RTSpatialRefiner 0x776003d29930 (Used 0 MB), Evaluating 27 Geometry Pairs with Predicate Contains
[LIBGPUSPATIAL] [ 12328][17:59:52:579156][info  ] RTSpatialIndex 0x77600000ac10 (Used 1 MB), Allocate result buffer, memory consumption 0 MB, capacity 24
[LIBGPUSPATIAL] [ 12330][17:59:52:579254][info  ] RTSpatialIndex 0x77600000ac10 (Used 3 MB), Allocate result buffer, memory consumption 0 MB, capacity 37
[LIBGPUSPATIAL] [ 12328][17:59:52:579860][info  ] RTSpatialIndex 0x77600000ac10 (Used 2 MB), Probe Points, Size: 100000, Results: 24
[LIBGPUSPATIAL] [ 12330][17:59:52:580027][info  ] RTSpatialIndex 0x77600000ac10 (Used 1 MB), Probe Points, Size: 100000, Results: 37
[LIBGPUSPATIAL] [ 12327][17:59:52:580149][info  ] RTSpatialIndex 0x77600000ac10 (Used 1 MB), Allocate result buffer, memory consumption 0 MB, capacity 17
[LIBGPUSPATIAL] [ 12327][17:59:52:580573][info  ] RTSpatialIndex 0x77600000ac10 (Used 1 MB), Probe Points, Size: 100000, Results: 17
[LIBGPUSPATIAL] [ 12330][17:59:52:583225][info  ] RTSpatialRefiner 0x776003d29930 (Used 0 MB), Loaded Geometries, ProbeArray 100000, Loaded 26, Type Point
[LIBGPUSPATIAL] [ 12327][17:59:52:583233][info  ] RTSpatialRefiner 0x776003d29930 (Used 0 MB), Loaded Geometries, ProbeArray 100000, Loaded 12, Type Point
[LIBGPUSPATIAL] [ 12330][17:59:52:583279][info  ] RTSpatialRefiner 0x776003d29930 (Used 0 MB), Evaluating 37 Geometry Pairs with Predicate Contains
[LIBGPUSPATIAL] [ 12327][17:59:52:583308][info  ] RTSpatialRefiner 0x776003d29930 (Used 0 MB), Evaluating 17 Geometry Pairs with Predicate Contains
[LIBGPUSPATIAL] [ 12328][17:59:52:583626][info  ] RTSpatialRefiner 0x776003d29930 (Used 0 MB), Loaded Geometries, ProbeArray 100000, Loaded 18, Type Point
[LIBGPUSPATIAL] [ 12328][17:59:52:583766][info  ] RTSpatialRefiner 0x776003d29930 (Used 0 MB), Evaluating 24 Geometry Pairs with Predicate Contains
[LIBGPUSPATIAL] [ 12326][17:59:52:588038][info  ] RTSpatialIndex 0x77600000ac10 (Used 1 MB), Allocate result buffer, memory consumption 0 MB, capacity 24
[LIBGPUSPATIAL] [ 12326][17:59:52:588178][info  ] RTSpatialIndex 0x77600000ac10 (Used 1 MB), Probe Points, Size: 100000, Results: 24
[LIBGPUSPATIAL] [ 12326][17:59:52:590136][info  ] RTSpatialRefiner 0x776003d29930 (Used 0 MB), Loaded Geometries, ProbeArray 100000, Loaded 18, Type Point
[LIBGPUSPATIAL] [ 12326][17:59:52:590196][info  ] RTSpatialRefiner 0x776003d29930 (Used 0 MB), Evaluating 24 Geometry Pairs with Predicate Contains
[LIBGPUSPATIAL] [ 12325][17:59:52:591045][info  ] RTSpatialIndex 0x77600000ac10 (Used 1 MB), Allocate result buffer, memory consumption 0 MB, capacity 34
[LIBGPUSPATIAL] [ 12329][17:59:52:591118][info  ] RTSpatialIndex 0x77600000ac10 (Used 1 MB), Allocate result buffer, memory consumption 0 MB, capacity 16
[LIBGPUSPATIAL] [ 12329][17:59:52:591421][info  ] RTSpatialIndex 0x77600000ac10 (Used 1 MB), Probe Points, Size: 100000, Results: 16
[LIBGPUSPATIAL] [ 12325][17:59:52:591483][info  ] RTSpatialIndex 0x77600000ac10 (Used 1 MB), Probe Points, Size: 100000, Results: 34
[LIBGPUSPATIAL] [ 12329][17:59:52:591946][info  ] RTSpatialRefiner 0x776003d29930 (Used 0 MB), Loaded Geometries, ProbeArray 100000, Loaded 11, Type Point
[LIBGPUSPATIAL] [ 12329][17:59:52:591994][info  ] RTSpatialRefiner 0x776003d29930 (Used 0 MB), Evaluating 16 Geometry Pairs with Predicate Contains
[LIBGPUSPATIAL] [ 12325][17:59:52:592619][info  ] RTSpatialRefiner 0x776003d29930 (Used 3 MB), Loaded Geometries, ProbeArray 100000, Loaded 27, Type Point
[LIBGPUSPATIAL] [ 12325][17:59:52:592696][info  ] RTSpatialRefiner 0x776003d29930 (Used 3 MB), Evaluating 34 Geometry Pairs with Predicate Contains
[LIBGPUSPATIAL] [ 12324][17:59:52:593173][info  ] RTSpatialIndex 0x77600000ac10 (Used 1 MB), Allocate result buffer, memory consumption 0 MB, capacity 19
[LIBGPUSPATIAL] [ 12323][17:59:52:593349][info  ] RTSpatialIndex 0x77600000ac10 (Used 1 MB), Allocate result buffer, memory consumption 0 MB, capacity 13
[LIBGPUSPATIAL] [ 12324][17:59:52:593744][info  ] RTSpatialIndex 0x77600000ac10 (Used 1 MB), Probe Points, Size: 100000, Results: 19
[LIBGPUSPATIAL] [ 12323][17:59:52:593945][info  ] RTSpatialIndex 0x77600000ac10 (Used 1 MB), Probe Points, Size: 100000, Results: 13
[LIBGPUSPATIAL] [ 12324][17:59:52:594327][info  ] RTSpatialRefiner 0x776003d29930 (Used 0 MB), Loaded Geometries, ProbeArray 100000, Loaded 16, Type Point
[LIBGPUSPATIAL] [ 12324][17:59:52:594370][info  ] RTSpatialRefiner 0x776003d29930 (Used 0 MB), Evaluating 19 Geometry Pairs with Predicate Contains
[LIBGPUSPATIAL] [ 12323][17:59:52:594377][info  ] RTSpatialRefiner 0x776003d29930 (Used 0 MB), Loaded Geometries, ProbeArray 100000, Loaded 10, Type Point
[LIBGPUSPATIAL] [ 12323][17:59:52:594415][info  ] RTSpatialRefiner 0x776003d29930 (Used 0 MB), Evaluating 13 Geometry Pairs with Predicate Contains
[LIBGPUSPATIAL] [ 12327][17:59:52:599487][info  ] RTSpatialIndex 0x77600000ac10 (Used 1 MB), Allocate result buffer, memory consumption 0 MB, capacity 28
[LIBGPUSPATIAL] [ 12327][17:59:52:599633][info  ] RTSpatialIndex 0x77600000ac10 (Used 1 MB), Probe Points, Size: 100000, Results: 28
[LIBGPUSPATIAL] [ 12327][17:59:52:600045][info  ] RTSpatialRefiner 0x776003d29930 (Used 1 MB), Loaded Geometries, ProbeArray 100000, Loaded 20, Type Point
[LIBGPUSPATIAL] [ 12327][17:59:52:600113][info  ] RTSpatialRefiner 0x776003d29930 (Used 1 MB), Evaluating 28 Geometry Pairs with Predicate Contains
[LIBGPUSPATIAL] [ 12330][17:59:52:600527][info  ] RTSpatialIndex 0x77600000ac10 (Used 1 MB), Allocate result buffer, memory consumption 0 MB, capacity 16
[LIBGPUSPATIAL] [ 12330][17:59:52:600746][info  ] RTSpatialIndex 0x77600000ac10 (Used 1 MB), Probe Points, Size: 100000, Results: 16
[LIBGPUSPATIAL] [ 12328][17:59:52:604547][info  ] RTSpatialIndex 0x77600000ac10 (Used 1 MB), Allocate result buffer, memory consumption 0 MB, capacity 15
[LIBGPUSPATIAL] [ 12328][17:59:52:604714][info  ] RTSpatialIndex 0x77600000ac10 (Used 1 MB), Probe Points, Size: 100000, Results: 15
[LIBGPUSPATIAL] [ 12330][17:59:52:605066][info  ] RTSpatialRefiner 0x776003d29930 (Used 0 MB), Loaded Geometries, ProbeArray 100000, Loaded 13, Type Point
[LIBGPUSPATIAL] [ 12330][17:59:52:605152][info  ] RTSpatialRefiner 0x776003d29930 (Used 0 MB), Evaluating 16 Geometry Pairs with Predicate Contains
[LIBGPUSPATIAL] [ 12329][17:59:52:606158][info  ] RTSpatialIndex 0x77600000ac10 (Used 1 MB), Allocate result buffer, memory consumption 0 MB, capacity 30
[LIBGPUSPATIAL] [ 12329][17:59:52:606308][info  ] RTSpatialIndex 0x77600000ac10 (Used 1 MB), Probe Points, Size: 100000, Results: 30
[LIBGPUSPATIAL] [ 12328][17:59:52:606562][info  ] RTSpatialRefiner 0x776003d29930 (Used 0 MB), Loaded Geometries, ProbeArray 100000, Loaded 11, Type Point
[LIBGPUSPATIAL] [ 12328][17:59:52:606602][info  ] RTSpatialRefiner 0x776003d29930 (Used 0 MB), Evaluating 15 Geometry Pairs with Predicate Contains
[LIBGPUSPATIAL] [ 12326][17:59:52:609462][info  ] RTSpatialIndex 0x77600000ac10 (Used 1 MB), Allocate result buffer, memory consumption 0 MB, capacity 24
[LIBGPUSPATIAL] [ 12326][17:59:52:609643][info  ] RTSpatialIndex 0x77600000ac10 (Used 1 MB), Probe Points, Size: 100000, Results: 24
[LIBGPUSPATIAL] [ 12329][17:59:52:609796][info  ] RTSpatialRefiner 0x776003d29930 (Used 0 MB), Loaded Geometries, ProbeArray 100000, Loaded 20, Type Point
[LIBGPUSPATIAL] [ 12329][17:59:52:609874][info  ] RTSpatialRefiner 0x776003d29930 (Used 0 MB), Evaluating 30 Geometry Pairs with Predicate Contains
[LIBGPUSPATIAL] [ 12330][17:59:52:610871][info  ] RTSpatialIndex 0x77600000ac10 (Used 0 MB), Allocate result buffer, memory consumption 0 MB, capacity 14
[LIBGPUSPATIAL] [ 12330][17:59:52:611006][info  ] RTSpatialIndex 0x77600000ac10 (Used 0 MB), Probe Points, Size: 33333, Results: 14
[LIBGPUSPATIAL] [ 12326][17:59:52:611216][info  ] RTSpatialRefiner 0x776003d29930 (Used 0 MB), Loaded Geometries, ProbeArray 100000, Loaded 19, Type Point
[LIBGPUSPATIAL] [ 12326][17:59:52:611293][info  ] RTSpatialRefiner 0x776003d29930 (Used 0 MB), Evaluating 24 Geometry Pairs with Predicate Contains
[LIBGPUSPATIAL] [ 12323][17:59:52:613204][info  ] RTSpatialIndex 0x77600000ac10 (Used 2 MB), Allocate result buffer, memory consumption 0 MB, capacity 27
[LIBGPUSPATIAL] [ 12325][17:59:52:613263][info  ] RTSpatialIndex 0x77600000ac10 (Used 2 MB), Allocate result buffer, memory consumption 0 MB, capacity 19
[LIBGPUSPATIAL] [ 12324][17:59:52:613357][info  ] RTSpatialIndex 0x77600000ac10 (Used 2 MB), Allocate result buffer, memory consumption 0 MB, capacity 32
[LIBGPUSPATIAL] [ 12325][17:59:52:613476][info  ] RTSpatialIndex 0x77600000ac10 (Used 2 MB), Probe Points, Size: 100000, Results: 19
[LIBGPUSPATIAL] [ 12330][17:59:52:613635][info  ] RTSpatialRefiner 0x776003d29930 (Used 1 MB), Loaded Geometries, ProbeArray 33333, Loaded 12, Type Point
[LIBGPUSPATIAL] [ 12323][17:59:52:613639][info  ] RTSpatialIndex 0x77600000ac10 (Used 1 MB), Probe Points, Size: 100000, Results: 27
[LIBGPUSPATIAL] [ 12330][17:59:52:613678][info  ] RTSpatialRefiner 0x776003d29930 (Used 1 MB), Evaluating 14 Geometry Pairs with Predicate Contains
[LIBGPUSPATIAL] [ 12324][17:59:52:614194][info  ] RTSpatialIndex 0x77600000ac10 (Used 1 MB), Probe Points, Size: 100000, Results: 32
[LIBGPUSPATIAL] [ 12323][17:59:52:614281][info  ] RTSpatialRefiner 0x776003d29930 (Used 0 MB), Loaded Geometries, ProbeArray 100000, Loaded 23, Type Point
[LIBGPUSPATIAL] [ 12323][17:59:52:614340][info  ] RTSpatialRefiner 0x776003d29930 (Used 0 MB), Evaluating 27 Geometry Pairs with Predicate Contains
[LIBGPUSPATIAL] [ 12325][17:59:52:614383][info  ] RTSpatialRefiner 0x776003d29930 (Used 0 MB), Loaded Geometries, ProbeArray 100000, Loaded 14, Type Point
[LIBGPUSPATIAL] [ 12325][17:59:52:614422][info  ] RTSpatialRefiner 0x776003d29930 (Used 0 MB), Evaluating 19 Geometry Pairs with Predicate Contains
[LIBGPUSPATIAL] [ 12327][17:59:52:616750][info  ] RTSpatialIndex 0x77600000ac10 (Used 1 MB), Allocate result buffer, memory consumption 0 MB, capacity 20
[LIBGPUSPATIAL] [ 12327][17:59:52:616903][info  ] RTSpatialIndex 0x77600000ac10 (Used 1 MB), Probe Points, Size: 100000, Results: 20
[LIBGPUSPATIAL] [ 12324][17:59:52:617520][info  ] RTSpatialRefiner 0x776003d29930 (Used 0 MB), Loaded Geometries, ProbeArray 100000, Loaded 22, Type Point
[LIBGPUSPATIAL] [ 12324][17:59:52:617567][info  ] RTSpatialRefiner 0x776003d29930 (Used 0 MB), Evaluating 32 Geometry Pairs with Predicate Contains
[LIBGPUSPATIAL] [ 12327][17:59:52:618179][info  ] RTSpatialRefiner 0x776003d29930 (Used 0 MB), Loaded Geometries, ProbeArray 100000, Loaded 19, Type Point
[LIBGPUSPATIAL] [ 12327][17:59:52:618224][info  ] RTSpatialRefiner 0x776003d29930 (Used 0 MB), Evaluating 20 Geometry Pairs with Predicate Contains
[LIBGPUSPATIAL] [ 12323][17:59:52:620693][info  ] RTSpatialIndex 0x77600000ac10 (Used 0 MB), Allocate result buffer, memory consumption 0 MB, capacity 9
[LIBGPUSPATIAL] [ 12323][17:59:52:620858][info  ] RTSpatialIndex 0x77600000ac10 (Used 0 MB), Probe Points, Size: 33333, Results: 9
[LIBGPUSPATIAL] [ 12323][17:59:52:621431][info  ] RTSpatialRefiner 0x776003d29930 (Used 0 MB), Loaded Geometries, ProbeArray 33333, Loaded 7, Type Point
[LIBGPUSPATIAL] [ 12323][17:59:52:621478][info  ] RTSpatialRefiner 0x776003d29930 (Used 0 MB), Evaluating 9 Geometry Pairs with Predicate Contains
[LIBGPUSPATIAL] [ 12327][17:59:52:625577][info  ] RTSpatialIndex 0x77600000ac10 (Used 1 MB), Allocate result buffer, memory consumption 0 MB, capacity 13
[LIBGPUSPATIAL] [ 12324][17:59:52:625650][info  ] RTSpatialIndex 0x77600000ac10 (Used 1 MB), Allocate result buffer, memory consumption 0 MB, capacity 4
[LIBGPUSPATIAL] [ 12328][17:59:52:625600][info  ] RTSpatialIndex 0x77600000ac10 (Used 1 MB), Allocate result buffer, memory consumption 0 MB, capacity 23
[LIBGPUSPATIAL] [ 12327][17:59:52:625897][info  ] RTSpatialIndex 0x77600000ac10 (Used 1 MB), Probe Points, Size: 33333, Results: 13
[LIBGPUSPATIAL] [ 12324][17:59:52:626000][info  ] RTSpatialIndex 0x77600000ac10 (Used 1 MB), Probe Points, Size: 33333, Results: 4
[LIBGPUSPATIAL] [ 12328][17:59:52:626143][info  ] RTSpatialIndex 0x77600000ac10 (Used 1 MB), Probe Points, Size: 100000, Results: 23
[LIBGPUSPATIAL] [ 12328][17:59:52:626678][info  ] RTSpatialRefiner 0x776003d29930 (Used 0 MB), Loaded Geometries, ProbeArray 100000, Loaded 17, Type Point
[LIBGPUSPATIAL] [ 12328][17:59:52:626735][info  ] RTSpatialRefiner 0x776003d29930 (Used 0 MB), Evaluating 23 Geometry Pairs with Predicate Contains
[LIBGPUSPATIAL] [ 12324][17:59:52:626989][info  ] RTSpatialRefiner 0x776003d29930 (Used 0 MB), Loaded Geometries, ProbeArray 33333, Loaded 3, Type Point
[LIBGPUSPATIAL] [ 12324][17:59:52:627090][info  ] RTSpatialRefiner 0x776003d29930 (Used 1 MB), Evaluating 4 Geometry Pairs with Predicate Contains
[LIBGPUSPATIAL] [ 12327][17:59:52:627257][info  ] RTSpatialRefiner 0x776003d29930 (Used 1 MB), Loaded Geometries, ProbeArray 33333, Loaded 9, Type Point
[LIBGPUSPATIAL] [ 12327][17:59:52:627440][info  ] RTSpatialRefiner 0x776003d29930 (Used 2 MB), Evaluating 13 Geometry Pairs with Predicate Contains
[LIBGPUSPATIAL] [ 12329][17:59:52:628019][info  ] RTSpatialIndex 0x77600000ac10 (Used 1 MB), Allocate result buffer, memory consumption 0 MB, capacity 25
[LIBGPUSPATIAL] [ 12329][17:59:52:628453][info  ] RTSpatialIndex 0x77600000ac10 (Used 1 MB), Probe Points, Size: 100000, Results: 25
[LIBGPUSPATIAL] [ 12326][17:59:52:629597][info  ] RTSpatialIndex 0x77600000ac10 (Used 1 MB), Allocate result buffer, memory consumption 0 MB, capacity 19
[LIBGPUSPATIAL] [ 12329][17:59:52:629746][info  ] RTSpatialRefiner 0x776003d29930 (Used 1 MB), Loaded Geometries, ProbeArray 100000, Loaded 16, Type Point
[LIBGPUSPATIAL] [ 12329][17:59:52:629969][info  ] RTSpatialRefiner 0x776003d29930 (Used 1 MB), Evaluating 25 Geometry Pairs with Predicate Contains
[LIBGPUSPATIAL] [ 12326][17:59:52:630007][info  ] RTSpatialIndex 0x77600000ac10 (Used 1 MB), Probe Points, Size: 100000, Results: 19
[LIBGPUSPATIAL] [ 12326][17:59:52:631206][info  ] RTSpatialRefiner 0x776003d29930 (Used 0 MB), Loaded Geometries, ProbeArray 100000, Loaded 16, Type Point
[LIBGPUSPATIAL] [ 12326][17:59:52:631279][info  ] RTSpatialRefiner 0x776003d29930 (Used 0 MB), Evaluating 19 Geometry Pairs with Predicate Contains
[LIBGPUSPATIAL] [ 12329][17:59:52:635934][info  ] RTSpatialIndex 0x77600000ac10 (Used 0 MB), Allocate result buffer, memory consumption 0 MB, capacity 11
[LIBGPUSPATIAL] [ 12329][17:59:52:636102][info  ] RTSpatialIndex 0x77600000ac10 (Used 2 MB), Probe Points, Size: 33333, Results: 11
[LIBGPUSPATIAL] [ 12325][17:59:52:636933][info  ] RTSpatialIndex 0x77600000ac10 (Used 1 MB), Allocate result buffer, memory consumption 0 MB, capacity 21
[LIBGPUSPATIAL] [ 12325][17:59:52:637107][info  ] RTSpatialIndex 0x77600000ac10 (Used 1 MB), Probe Points, Size: 100000, Results: 21
[LIBGPUSPATIAL] [ 12329][17:59:52:637179][info  ] RTSpatialRefiner 0x776003d29930 (Used 0 MB), Loaded Geometries, ProbeArray 33333, Loaded 9, Type Point
[LIBGPUSPATIAL] [ 12329][17:59:52:637234][info  ] RTSpatialRefiner 0x776003d29930 (Used 0 MB), Evaluating 11 Geometry Pairs with Predicate Contains
[LIBGPUSPATIAL] [ 12326][17:59:52:638702][info  ] RTSpatialIndex 0x77600000ac10 (Used 0 MB), Allocate result buffer, memory consumption 0 MB, capacity 9
[LIBGPUSPATIAL] [ 12326][17:59:52:638896][info  ] RTSpatialIndex 0x77600000ac10 (Used 0 MB), Probe Points, Size: 33333, Results: 9
[LIBGPUSPATIAL] [ 12325][17:59:52:639446][info  ] RTSpatialRefiner 0x776003d29930 (Used 0 MB), Loaded Geometries, ProbeArray 100000, Loaded 14, Type Point
[LIBGPUSPATIAL] [ 12325][17:59:52:639493][info  ] RTSpatialRefiner 0x776003d29930 (Used 0 MB), Evaluating 21 Geometry Pairs with Predicate Contains
[LIBGPUSPATIAL] [ 12326][17:59:52:641137][info  ] RTSpatialRefiner 0x776003d29930 (Used 0 MB), Loaded Geometries, ProbeArray 33333, Loaded 7, Type Point
[LIBGPUSPATIAL] [ 12326][17:59:52:641215][info  ] RTSpatialRefiner 0x776003d29930 (Used 0 MB), Evaluating 9 Geometry Pairs with Predicate Contains
[LIBGPUSPATIAL] [ 12323][17:59:52:647405][info  ] RTSpatialIndex 0x77600000ac10 (Used 1 MB), Allocate result buffer, memory consumption 0 MB, capacity 25
[LIBGPUSPATIAL] [ 12323][17:59:52:647586][info  ] RTSpatialIndex 0x77600000ac10 (Used 1 MB), Probe Points, Size: 100000, Results: 25
[LIBGPUSPATIAL] [ 12323][17:59:52:648439][info  ] RTSpatialRefiner 0x776003d29930 (Used 1 MB), Loaded Geometries, ProbeArray 100000, Loaded 18, Type Point
[LIBGPUSPATIAL] [ 12323][17:59:52:648495][info  ] RTSpatialRefiner 0x776003d29930 (Used 1 MB), Evaluating 25 Geometry Pairs with Predicate Contains
[LIBGPUSPATIAL] [ 12328][17:59:52:648747][info  ] RTSpatialIndex 0x77600000ac10 (Used 1 MB), Allocate result buffer, memory consumption 0 MB, capacity 14
[LIBGPUSPATIAL] [ 12328][17:59:52:649501][info  ] RTSpatialIndex 0x77600000ac10 (Used 1 MB), Probe Points, Size: 100000, Results: 14
[LIBGPUSPATIAL] [ 12325][17:59:52:649665][info  ] RTSpatialIndex 0x77600000ac10 (Used 0 MB), Allocate result buffer, memory consumption 0 MB, capacity 7
[LIBGPUSPATIAL] [ 12325][17:59:52:651372][info  ] RTSpatialIndex 0x77600000ac10 (Used 0 MB), Probe Points, Size: 33333, Results: 7
[LIBGPUSPATIAL] [ 12328][17:59:52:651796][info  ] RTSpatialRefiner 0x776003d29930 (Used 0 MB), Loaded Geometries, ProbeArray 100000, Loaded 11, Type Point
[LIBGPUSPATIAL] [ 12328][17:59:52:651939][info  ] RTSpatialRefiner 0x776003d29930 (Used 0 MB), Evaluating 14 Geometry Pairs with Predicate Contains
[LIBGPUSPATIAL] [ 12325][17:59:52:652158][info  ] RTSpatialRefiner 0x776003d29930 (Used 0 MB), Loaded Geometries, ProbeArray 33333, Loaded 6, Type Point
[LIBGPUSPATIAL] [ 12325][17:59:52:652213][info  ] RTSpatialRefiner 0x776003d29930 (Used 0 MB), Evaluating 7 Geometry Pairs with Predicate Contains
[LIBGPUSPATIAL] [ 12327][17:59:52:655087][info  ] RTSpatialIndex 0x77600000ac10 (Used 1 MB), Allocate result buffer, memory consumption 0 MB, capacity 13
[LIBGPUSPATIAL] [ 12327][17:59:52:655410][info  ] RTSpatialIndex 0x77600000ac10 (Used 1 MB), Probe Points, Size: 100000, Results: 13
[LIBGPUSPATIAL] [ 12327][17:59:52:655926][info  ] RTSpatialRefiner 0x776003d29930 (Used 0 MB), Loaded Geometries, ProbeArray 100000, Loaded 9, Type Point
[LIBGPUSPATIAL] [ 12327][17:59:52:655991][info  ] RTSpatialRefiner 0x776003d29930 (Used 0 MB), Evaluating 13 Geometry Pairs with Predicate Contains
[LIBGPUSPATIAL] [ 12328][17:59:52:660772][info  ] RTSpatialIndex 0x77600000ac10 (Used 0 MB), Allocate result buffer, memory consumption 0 MB, capacity 12
[LIBGPUSPATIAL] [ 12328][17:59:52:660922][info  ] RTSpatialIndex 0x77600000ac10 (Used 0 MB), Probe Points, Size: 33333, Results: 12
[LIBGPUSPATIAL] [ 12328][17:59:52:661409][info  ] RTSpatialRefiner 0x776003d29930 (Used 0 MB), Loaded Geometries, ProbeArray 33333, Loaded 10, Type Point
[LIBGPUSPATIAL] [ 12328][17:59:52:661452][info  ] RTSpatialRefiner 0x776003d29930 (Used 0 MB), Evaluating 12 Geometry Pairs with Predicate Contains
[LIBGPUSPATIAL] [ 12329][17:59:52:666468][info  ] RTSpatialIndex 0x77600000ac10 (Used 1 MB), Allocate result buffer, memory consumption 0 MB, capacity 19
[LIBGPUSPATIAL] [ 12329][17:59:52:666640][info  ] RTSpatialIndex 0x77600000ac10 (Used 1 MB), Probe Points, Size: 100000, Results: 19
[LIBGPUSPATIAL] [ 12323][17:59:52:669106][info  ] RTSpatialIndex 0x77600000ac10 (Used 1 MB), Allocate result buffer, memory consumption 0 MB, capacity 17
[LIBGPUSPATIAL] [ 12323][17:59:52:669256][info  ] RTSpatialIndex 0x77600000ac10 (Used 1 MB), Probe Points, Size: 100000, Results: 17
[LIBGPUSPATIAL] [ 12329][17:59:52:669690][info  ] RTSpatialRefiner 0x776003d29930 (Used 1 MB), Loaded Geometries, ProbeArray 100000, Loaded 15, Type Point
[LIBGPUSPATIAL] [ 12329][17:59:52:669735][info  ] RTSpatialRefiner 0x776003d29930 (Used 1 MB), Evaluating 19 Geometry Pairs with Predicate Contains
[LIBGPUSPATIAL] [ 12326][17:59:52:669792][info  ] RTSpatialIndex 0x77600000ac10 (Used 1 MB), Allocate result buffer, memory consumption 0 MB, capacity 21
[LIBGPUSPATIAL] [ 12323][17:59:52:669946][info  ] RTSpatialRefiner 0x776003d29930 (Used 1 MB), Loaded Geometries, ProbeArray 100000, Loaded 14, Type Point
[LIBGPUSPATIAL] [ 12323][17:59:52:669997][info  ] RTSpatialRefiner 0x776003d29930 (Used 1 MB), Evaluating 17 Geometry Pairs with Predicate Contains
[LIBGPUSPATIAL] [ 12326][17:59:52:670145][info  ] RTSpatialIndex 0x77600000ac10 (Used 1 MB), Probe Points, Size: 100000, Results: 21
[LIBGPUSPATIAL] [ 12326][17:59:52:670662][info  ] RTSpatialRefiner 0x776003d29930 (Used 0 MB), Loaded Geometries, ProbeArray 100000, Loaded 14, Type Point
[LIBGPUSPATIAL] [ 12326][17:59:52:670702][info  ] RTSpatialRefiner 0x776003d29930 (Used 0 MB), Evaluating 21 Geometry Pairs with Predicate Contains
[LIBGPUSPATIAL] [ 12327][17:59:52:673831][info  ] RTSpatialIndex 0x77600000ac10 (Used 1 MB), Allocate result buffer, memory consumption 0 MB, capacity 17
[LIBGPUSPATIAL] [ 12327][17:59:52:674013][info  ] RTSpatialIndex 0x77600000ac10 (Used 1 MB), Probe Points, Size: 100000, Results: 17
[LIBGPUSPATIAL] [ 12327][17:59:52:674685][info  ] RTSpatialRefiner 0x776003d29930 (Used 0 MB), Loaded Geometries, ProbeArray 100000, Loaded 12, Type Point
[LIBGPUSPATIAL] [ 12327][17:59:52:674742][info  ] RTSpatialRefiner 0x776003d29930 (Used 0 MB), Evaluating 17 Geometry Pairs with Predicate Contains
[LIBGPUSPATIAL] [ 12324][17:59:52:675562][info  ] RTSpatialIndex 0x77600000ac10 (Used 1 MB), Allocate result buffer, memory consumption 0 MB, capacity 27
[LIBGPUSPATIAL] [ 12324][17:59:52:675976][info  ] RTSpatialIndex 0x77600000ac10 (Used 1 MB), Probe Points, Size: 100000, Results: 27
[LIBGPUSPATIAL] [ 12324][17:59:52:676466][info  ] RTSpatialRefiner 0x776003d29930 (Used 0 MB), Loaded Geometries, ProbeArray 100000, Loaded 18, Type Point
[LIBGPUSPATIAL] [ 12324][17:59:52:676511][info  ] RTSpatialRefiner 0x776003d29930 (Used 0 MB), Evaluating 27 Geometry Pairs with Predicate Contains
[LIBGPUSPATIAL] [ 12330][17:59:52:682182][info  ] RTSpatialIndex 0x77600000ac10 (Used 1 MB), Allocate result buffer, memory consumption 0 MB, capacity 23
[LIBGPUSPATIAL] [ 12330][17:59:52:682344][info  ] RTSpatialIndex 0x77600000ac10 (Used 1 MB), Probe Points, Size: 100000, Results: 23
[LIBGPUSPATIAL] [ 12330][17:59:52:682672][info  ] RTSpatialRefiner 0x776003d29930 (Used 0 MB), Loaded Geometries, ProbeArray 100000, Loaded 19, Type Point
[LIBGPUSPATIAL] [ 12330][17:59:52:682718][info  ] RTSpatialRefiner 0x776003d29930 (Used 0 MB), Evaluating 23 Geometry Pairs with Predicate Contains
[LIBGPUSPATIAL] [ 12323][17:59:52:689831][info  ] RTSpatialIndex 0x77600000ac10 (Used 3 MB), Allocate result buffer, memory consumption 0 MB, capacity 14
[LIBGPUSPATIAL] [ 12328][17:59:52:689831][info  ] RTSpatialIndex 0x77600000ac10 (Used 3 MB), Allocate result buffer, memory consumption 0 MB, capacity 35
[LIBGPUSPATIAL] [ 12329][17:59:52:689932][info  ] RTSpatialIndex 0x77600000ac10 (Used 3 MB), Allocate result buffer, memory consumption 0 MB, capacity 26
[LIBGPUSPATIAL] [ 12326][17:59:52:690032][info  ] RTSpatialIndex 0x77600000ac10 (Used 3 MB), Allocate result buffer, memory consumption 0 MB, capacity 29
[LIBGPUSPATIAL] [ 12328][17:59:52:690137][info  ] RTSpatialIndex 0x77600000ac10 (Used 3 MB), Probe Points, Size: 100000, Results: 35
[LIBGPUSPATIAL] [ 12329][17:59:52:690259][info  ] RTSpatialIndex 0x77600000ac10 (Used 2 MB), Probe Points, Size: 100000, Results: 26
[LIBGPUSPATIAL] [ 12326][17:59:52:690439][info  ] RTSpatialIndex 0x77600000ac10 (Used 1 MB), Probe Points, Size: 100000, Results: 29
[LIBGPUSPATIAL] [ 12323][17:59:52:690481][info  ] RTSpatialIndex 0x77600000ac10 (Used 1 MB), Probe Points, Size: 100000, Results: 14
[LIBGPUSPATIAL] [ 12328][17:59:52:691179][info  ] RTSpatialRefiner 0x776003d29930 (Used 0 MB), Loaded Geometries, ProbeArray 100000, Loaded 22, Type Point
[LIBGPUSPATIAL] [ 12328][17:59:52:691222][info  ] RTSpatialRefiner 0x776003d29930 (Used 0 MB), Evaluating 35 Geometry Pairs with Predicate Contains
[LIBGPUSPATIAL] [ 12329][17:59:52:691243][info  ] RTSpatialRefiner 0x776003d29930 (Used 0 MB), Loaded Geometries, ProbeArray 100000, Loaded 22, Type Point
[LIBGPUSPATIAL] [ 12329][17:59:52:691281][info  ] RTSpatialRefiner 0x776003d29930 (Used 0 MB), Evaluating 26 Geometry Pairs with Predicate Contains
[LIBGPUSPATIAL] [ 12323][17:59:52:691542][info  ] RTSpatialRefiner 0x776003d29930 (Used 0 MB), Loaded Geometries, ProbeArray 100000, Loaded 11, Type Point
[LIBGPUSPATIAL] [ 12323][17:59:52:691586][info  ] RTSpatialRefiner 0x776003d29930 (Used 0 MB), Evaluating 14 Geometry Pairs with Predicate Contains
[LIBGPUSPATIAL] [ 12326][17:59:52:691612][info  ] RTSpatialRefiner 0x776003d29930 (Used 0 MB), Loaded Geometries, ProbeArray 100000, Loaded 21, Type Point
[LIBGPUSPATIAL] [ 12326][17:59:52:691716][info  ] RTSpatialRefiner 0x776003d29930 (Used 0 MB), Evaluating 29 Geometry Pairs with Predicate Contains
[LIBGPUSPATIAL] [ 12327][17:59:52:692562][info  ] RTSpatialIndex 0x77600000ac10 (Used 1 MB), Allocate result buffer, memory consumption 0 MB, capacity 27
[LIBGPUSPATIAL] [ 12324][17:59:52:693449][info  ] RTSpatialIndex 0x77600000ac10 (Used 1 MB), Allocate result buffer, memory consumption 0 MB, capacity 20
[LIBGPUSPATIAL] [ 12324][17:59:52:693594][info  ] RTSpatialIndex 0x77600000ac10 (Used 1 MB), Probe Points, Size: 100000, Results: 20
[LIBGPUSPATIAL] [ 12327][17:59:52:694064][info  ] RTSpatialIndex 0x77600000ac10 (Used 2 MB), Probe Points, Size: 100000, Results: 27
[LIBGPUSPATIAL] [ 12324][17:59:52:694167][info  ] RTSpatialRefiner 0x776003d29930 (Used 1 MB), Loaded Geometries, ProbeArray 100000, Loaded 14, Type Point
[LIBGPUSPATIAL] [ 12324][17:59:52:694275][info  ] RTSpatialRefiner 0x776003d29930 (Used 1 MB), Evaluating 20 Geometry Pairs with Predicate Contains
[LIBGPUSPATIAL] [ 12325][17:59:52:694669][info  ] RTSpatialIndex 0x77600000ac10 (Used 1 MB), Allocate result buffer, memory consumption 0 MB, capacity 18
[LIBGPUSPATIAL] [ 12327][17:59:52:694697][info  ] RTSpatialRefiner 0x776003d29930 (Used 1 MB), Loaded Geometries, ProbeArray 100000, Loaded 19, Type Point
[LIBGPUSPATIAL] [ 12327][17:59:52:694888][info  ] RTSpatialRefiner 0x776003d29930 (Used 1 MB), Evaluating 27 Geometry Pairs with Predicate Contains
[LIBGPUSPATIAL] [ 12325][17:59:52:694935][info  ] RTSpatialIndex 0x77600000ac10 (Used 1 MB), Probe Points, Size: 100000, Results: 18
[LIBGPUSPATIAL] [ 12325][17:59:52:695384][info  ] RTSpatialRefiner 0x776003d29930 (Used 0 MB), Loaded Geometries, ProbeArray 100000, Loaded 15, Type Point
[LIBGPUSPATIAL] [ 12325][17:59:52:695475][info  ] RTSpatialRefiner 0x776003d29930 (Used 0 MB), Evaluating 18 Geometry Pairs with Predicate Contains
[LIBGPUSPATIAL] [ 12330][17:59:52:699764][info  ] RTSpatialIndex 0x77600000ac10 (Used 1 MB), Allocate result buffer, memory consumption 0 MB, capacity 22
[LIBGPUSPATIAL] [ 12330][17:59:52:699948][info  ] RTSpatialIndex 0x77600000ac10 (Used 1 MB), Probe Points, Size: 100000, Results: 22
[LIBGPUSPATIAL] [ 12330][17:59:52:700680][info  ] RTSpatialRefiner 0x776003d29930 (Used 0 MB), Loaded Geometries, ProbeArray 100000, Loaded 16, Type Point
[LIBGPUSPATIAL] [ 12330][17:59:52:700720][info  ] RTSpatialRefiner 0x776003d29930 (Used 0 MB), Evaluating 22 Geometry Pairs with Predicate Contains
[LIBGPUSPATIAL] [ 12326][17:59:52:708941][info  ] RTSpatialIndex 0x77600000ac10 (Used 1 MB), Allocate result buffer, memory consumption 0 MB, capacity 34
[LIBGPUSPATIAL] [ 12326][17:59:52:709190][info  ] RTSpatialIndex 0x77600000ac10 (Used 1 MB), Probe Points, Size: 100000, Results: 34
[LIBGPUSPATIAL] [ 12328][17:59:52:710109][info  ] RTSpatialIndex 0x77600000ac10 (Used 1 MB), Allocate result buffer, memory consumption 0 MB, capacity 20
[LIBGPUSPATIAL] [ 12326][17:59:52:710155][info  ] RTSpatialRefiner 0x776003d29930 (Used 1 MB), Loaded Geometries, ProbeArray 100000, Loaded 25, Type Point
[LIBGPUSPATIAL] [ 12326][17:59:52:710205][info  ] RTSpatialRefiner 0x776003d29930 (Used 1 MB), Evaluating 34 Geometry Pairs with Predicate Contains
[LIBGPUSPATIAL] [ 12328][17:59:52:710238][info  ] RTSpatialIndex 0x77600000ac10 (Used 1 MB), Probe Points, Size: 100000, Results: 20
[LIBGPUSPATIAL] [ 12328][17:59:52:712260][info  ] RTSpatialRefiner 0x776003d29930 (Used 1 MB), Loaded Geometries, ProbeArray 100000, Loaded 15, Type Point
[LIBGPUSPATIAL] [ 12324][17:59:52:712320][info  ] RTSpatialIndex 0x77600000ac10 (Used 1 MB), Allocate result buffer, memory consumption 0 MB, capacity 28
[LIBGPUSPATIAL] [ 12328][17:59:52:712327][info  ] RTSpatialRefiner 0x776003d29930 (Used 1 MB), Evaluating 20 Geometry Pairs with Predicate Contains
[LIBGPUSPATIAL] [ 12323][17:59:52:712585][info  ] RTSpatialIndex 0x77600000ac10 (Used 3 MB), Allocate result buffer, memory consumption 0 MB, capacity 17
[LIBGPUSPATIAL] [ 12323][17:59:52:713356][info  ] RTSpatialIndex 0x77600000ac10 (Used 3 MB), Probe Points, Size: 100000, Results: 17
[LIBGPUSPATIAL] [ 12329][17:59:52:713675][info  ] RTSpatialIndex 0x77600000ac10 (Used 2 MB), Allocate result buffer, memory consumption 0 MB, capacity 23
[LIBGPUSPATIAL] [ 12327][17:59:52:713744][info  ] RTSpatialIndex 0x77600000ac10 (Used 2 MB), Allocate result buffer, memory consumption 0 MB, capacity 20
[LIBGPUSPATIAL] [ 12323][17:59:52:713903][info  ] RTSpatialRefiner 0x776003d29930 (Used 2 MB), Loaded Geometries, ProbeArray 100000, Loaded 14, Type Point
[LIBGPUSPATIAL] [ 12324][17:59:52:713943][info  ] RTSpatialIndex 0x77600000ac10 (Used 2 MB), Probe Points, Size: 100000, Results: 28
[LIBGPUSPATIAL] [ 12323][17:59:52:713950][info  ] RTSpatialRefiner 0x776003d29930 (Used 2 MB), Evaluating 17 Geometry Pairs with Predicate Contains
[LIBGPUSPATIAL] [ 12329][17:59:52:714595][info  ] RTSpatialIndex 0x77600000ac10 (Used 1 MB), Probe Points, Size: 100000, Results: 23
[LIBGPUSPATIAL] [ 12324][17:59:52:714695][info  ] RTSpatialRefiner 0x776003d29930 (Used 1 MB), Loaded Geometries, ProbeArray 100000, Loaded 20, Type Point
[LIBGPUSPATIAL] [ 12324][17:59:52:714807][info  ] RTSpatialRefiner 0x776003d29930 (Used 1 MB), Evaluating 28 Geometry Pairs with Predicate Contains
[LIBGPUSPATIAL] [ 12327][17:59:52:714917][info  ] RTSpatialIndex 0x77600000ac10 (Used 1 MB), Probe Points, Size: 100000, Results: 20
[LIBGPUSPATIAL] [ 12325][17:59:52:715821][info  ] RTSpatialIndex 0x77600000ac10 (Used 1 MB), Allocate result buffer, memory consumption 0 MB, capacity 29
[LIBGPUSPATIAL] [ 12325][17:59:52:716036][info  ] RTSpatialIndex 0x77600000ac10 (Used 1 MB), Probe Points, Size: 100000, Results: 29
[LIBGPUSPATIAL] [ 12329][17:59:52:716063][info  ] RTSpatialRefiner 0x776003d29930 (Used 0 MB), Loaded Geometries, ProbeArray 100000, Loaded 17, Type Point
[LIBGPUSPATIAL] [ 12329][17:59:52:716113][info  ] RTSpatialRefiner 0x776003d29930 (Used 0 MB), Evaluating 23 Geometry Pairs with Predicate Contains
[LIBGPUSPATIAL] [ 12327][17:59:52:717001][info  ] RTSpatialRefiner 0x776003d29930 (Used 0 MB), Loaded Geometries, ProbeArray 100000, Loaded 16, Type Point
[LIBGPUSPATIAL] [ 12327][17:59:52:717048][info  ] RTSpatialRefiner 0x776003d29930 (Used 0 MB), Evaluating 20 Geometry Pairs with Predicate Contains
[LIBGPUSPATIAL] [ 12330][17:59:52:717673][info  ] RTSpatialIndex 0x77600000ac10 (Used 1 MB), Allocate result buffer, memory consumption 0 MB, capacity 21
[LIBGPUSPATIAL] [ 12325][17:59:52:717923][info  ] RTSpatialRefiner 0x776003d29930 (Used 1 MB), Loaded Geometries, ProbeArray 100000, Loaded 19, Type Point
[LIBGPUSPATIAL] [ 12325][17:59:52:718227][info  ] RTSpatialRefiner 0x776003d29930 (Used 1 MB), Evaluating 29 Geometry Pairs with Predicate Contains
[LIBGPUSPATIAL] [ 12330][17:59:52:718253][info  ] RTSpatialIndex 0x77600000ac10 (Used 1 MB), Probe Points, Size: 100000, Results: 21
[LIBGPUSPATIAL] [ 12330][17:59:52:718941][info  ] RTSpatialRefiner 0x776003d29930 (Used 0 MB), Loaded Geometries, ProbeArray 100000, Loaded 15, Type Point
[LIBGPUSPATIAL] [ 12330][17:59:52:718986][info  ] RTSpatialRefiner 0x776003d29930 (Used 0 MB), Evaluating 21 Geometry Pairs with Predicate Contains
[LIBGPUSPATIAL] [ 12323][17:59:52:730977][info  ] RTSpatialIndex 0x77600000ac10 (Used 1 MB), Allocate result buffer, memory consumption 0 MB, capacity 30
[LIBGPUSPATIAL] [ 12323][17:59:52:731120][info  ] RTSpatialIndex 0x77600000ac10 (Used 1 MB), Probe Points, Size: 100000, Results: 30
[LIBGPUSPATIAL] [ 12323][17:59:52:731528][info  ] RTSpatialRefiner 0x776003d29930 (Used 1 MB), Loaded Geometries, ProbeArray 100000, Loaded 21, Type Point
[LIBGPUSPATIAL] [ 12323][17:59:52:731576][info  ] RTSpatialRefiner 0x776003d29930 (Used 1 MB), Evaluating 30 Geometry Pairs with Predicate Contains
[LIBGPUSPATIAL] [ 12326][17:59:52:731627][info  ] RTSpatialIndex 0x77600000ac10 (Used 1 MB), Allocate result buffer, memory consumption 0 MB, capacity 23
[LIBGPUSPATIAL] [ 12326][17:59:52:731789][info  ] RTSpatialIndex 0x77600000ac10 (Used 1 MB), Probe Points, Size: 100000, Results: 23
[LIBGPUSPATIAL] [ 12326][17:59:52:732990][info  ] RTSpatialRefiner 0x776003d29930 (Used 2 MB), Loaded Geometries, ProbeArray 100000, Loaded 18, Type Point
[LIBGPUSPATIAL] [ 12326][17:59:52:733054][info  ] RTSpatialRefiner 0x776003d29930 (Used 2 MB), Evaluating 23 Geometry Pairs with Predicate Contains
[LIBGPUSPATIAL] [ 12327][17:59:52:733888][info  ] RTSpatialIndex 0x77600000ac10 (Used 3 MB), Allocate result buffer, memory consumption 0 MB, capacity 24
[LIBGPUSPATIAL] [ 12328][17:59:52:733943][info  ] RTSpatialIndex 0x77600000ac10 (Used 3 MB), Allocate result buffer, memory consumption 0 MB, capacity 22
[LIBGPUSPATIAL] [ 12329][17:59:52:734215][info  ] RTSpatialIndex 0x77600000ac10 (Used 3 MB), Allocate result buffer, memory consumption 0 MB, capacity 20
[LIBGPUSPATIAL] [ 12324][17:59:52:734514][info  ] RTSpatialIndex 0x77600000ac10 (Used 3 MB), Allocate result buffer, memory consumption 0 MB, capacity 24
[LIBGPUSPATIAL] [ 12327][17:59:52:734804][info  ] RTSpatialIndex 0x77600000ac10 (Used 3 MB), Probe Points, Size: 100000, Results: 24
[LIBGPUSPATIAL] [ 12329][17:59:52:734989][info  ] RTSpatialIndex 0x77600000ac10 (Used 2 MB), Probe Points, Size: 100000, Results: 20
[LIBGPUSPATIAL] [ 12327][17:59:52:735585][info  ] RTSpatialRefiner 0x776003d29930 (Used 3 MB), Loaded Geometries, ProbeArray 100000, Loaded 17, Type Point
[LIBGPUSPATIAL] [ 12327][17:59:52:735638][info  ] RTSpatialRefiner 0x776003d29930 (Used 3 MB), Evaluating 24 Geometry Pairs with Predicate Contains
[LIBGPUSPATIAL] [ 12328][17:59:52:735674][info  ] RTSpatialIndex 0x77600000ac10 (Used 3 MB), Probe Points, Size: 100000, Results: 22
[LIBGPUSPATIAL] [ 12324][17:59:52:735821][info  ] RTSpatialIndex 0x77600000ac10 (Used 2 MB), Probe Points, Size: 100000, Results: 24
[LIBGPUSPATIAL] [ 12329][17:59:52:736058][info  ] RTSpatialRefiner 0x776003d29930 (Used 1 MB), Loaded Geometries, ProbeArray 100000, Loaded 15, Type Point
[LIBGPUSPATIAL] [ 12329][17:59:52:736101][info  ] RTSpatialRefiner 0x776003d29930 (Used 1 MB), Evaluating 20 Geometry Pairs with Predicate Contains
[LIBGPUSPATIAL] [ 12328][17:59:52:736283][info  ] RTSpatialRefiner 0x776003d29930 (Used 1 MB), Loaded Geometries, ProbeArray 100000, Loaded 16, Type Point
[LIBGPUSPATIAL] [ 12330][17:59:52:736320][info  ] RTSpatialIndex 0x77600000ac10 (Used 1 MB), Allocate result buffer, memory consumption 0 MB, capacity 25
[LIBGPUSPATIAL] [ 12328][17:59:52:736326][info  ] RTSpatialRefiner 0x776003d29930 (Used 1 MB), Evaluating 22 Geometry Pairs with Predicate Contains
[LIBGPUSPATIAL] [ 12324][17:59:52:736605][info  ] RTSpatialRefiner 0x776003d29930 (Used 1 MB), Loaded Geometries, ProbeArray 100000, Loaded 17, Type Point
[LIBGPUSPATIAL] [ 12324][17:59:52:736652][info  ] RTSpatialRefiner 0x776003d29930 (Used 1 MB), Evaluating 24 Geometry Pairs with Predicate Contains
[LIBGPUSPATIAL] [ 12330][17:59:52:737494][info  ] RTSpatialIndex 0x77600000ac10 (Used 1 MB), Probe Points, Size: 100000, Results: 25
[LIBGPUSPATIAL] [ 12325][17:59:52:737561][info  ] RTSpatialIndex 0x77600000ac10 (Used 1 MB), Allocate result buffer, memory consumption 0 MB, capacity 27
[LIBGPUSPATIAL] [ 12325][17:59:52:738040][info  ] RTSpatialIndex 0x77600000ac10 (Used 1 MB), Probe Points, Size: 100000, Results: 27
[LIBGPUSPATIAL] [ 12330][17:59:52:738187][info  ] RTSpatialRefiner 0x776003d29930 (Used 0 MB), Loaded Geometries, ProbeArray 100000, Loaded 20, Type Point
[LIBGPUSPATIAL] [ 12330][17:59:52:738228][info  ] RTSpatialRefiner 0x776003d29930 (Used 0 MB), Evaluating 25 Geometry Pairs with Predicate Contains
[LIBGPUSPATIAL] [ 12325][17:59:52:738455][info  ] RTSpatialRefiner 0x776003d29930 (Used 0 MB), Loaded Geometries, ProbeArray 100000, Loaded 21, Type Point
[LIBGPUSPATIAL] [ 12325][17:59:52:738509][info  ] RTSpatialRefiner 0x776003d29930 (Used 0 MB), Evaluating 27 Geometry Pairs with Predicate Contains
[LIBGPUSPATIAL] [ 12323][17:59:52:749085][info  ] RTSpatialIndex 0x77600000ac10 (Used 1 MB), Allocate result buffer, memory consumption 0 MB, capacity 22
[LIBGPUSPATIAL] [ 12323][17:59:52:749226][info  ] RTSpatialIndex 0x77600000ac10 (Used 1 MB), Probe Points, Size: 100000, Results: 22
[LIBGPUSPATIAL] [ 12326][17:59:52:749715][info  ] RTSpatialIndex 0x77600000ac10 (Used 1 MB), Allocate result buffer, memory consumption 0 MB, capacity 35
[LIBGPUSPATIAL] [ 12323][17:59:52:749789][info  ] RTSpatialRefiner 0x776003d29930 (Used 1 MB), Loaded Geometries, ProbeArray 100000, Loaded 18, Type Point
[LIBGPUSPATIAL] [ 12323][17:59:52:749834][info  ] RTSpatialRefiner 0x776003d29930 (Used 1 MB), Evaluating 22 Geometry Pairs with Predicate Contains
[LIBGPUSPATIAL] [ 12326][17:59:52:749859][info  ] RTSpatialIndex 0x77600000ac10 (Used 1 MB), Probe Points, Size: 100000, Results: 35
[LIBGPUSPATIAL] [ 12327][17:59:52:752081][info  ] RTSpatialIndex 0x77600000ac10 (Used 1 MB), Allocate result buffer, memory consumption 0 MB, capacity 15
[LIBGPUSPATIAL] [ 12327][17:59:52:752191][info  ] RTSpatialIndex 0x77600000ac10 (Used 1 MB), Probe Points, Size: 100000, Results: 15
[LIBGPUSPATIAL] [ 12327][17:59:52:752702][info  ] RTSpatialRefiner 0x776003d29930 (Used 0 MB), Loaded Geometries, ProbeArray 100000, Loaded 12, Type Point
[LIBGPUSPATIAL] [ 12326][17:59:52:752734][info  ] RTSpatialRefiner 0x776003d29930 (Used 0 MB), Loaded Geometries, ProbeArray 100000, Loaded 25, Type Point
[LIBGPUSPATIAL] [ 12327][17:59:52:752752][info  ] RTSpatialRefiner 0x776003d29930 (Used 0 MB), Evaluating 15 Geometry Pairs with Predicate Contains
[LIBGPUSPATIAL] [ 12326][17:59:52:752861][info  ] RTSpatialRefiner 0x776003d29930 (Used 0 MB), Evaluating 35 Geometry Pairs with Predicate Contains
[LIBGPUSPATIAL] [ 12329][17:59:52:753976][info  ] RTSpatialIndex 0x77600000ac10 (Used 1 MB), Allocate result buffer, memory consumption 0 MB, capacity 26
[LIBGPUSPATIAL] [ 12329][17:59:52:754127][info  ] RTSpatialIndex 0x77600000ac10 (Used 1 MB), Probe Points, Size: 100000, Results: 26
[LIBGPUSPATIAL] [ 12329][17:59:52:754514][info  ] RTSpatialRefiner 0x776003d29930 (Used 0 MB), Loaded Geometries, ProbeArray 100000, Loaded 18, Type Point
[LIBGPUSPATIAL] [ 12329][17:59:52:754593][info  ] RTSpatialRefiner 0x776003d29930 (Used 0 MB), Evaluating 26 Geometry Pairs with Predicate Contains
[LIBGPUSPATIAL] [ 12324][17:59:52:755195][info  ] RTSpatialIndex 0x77600000ac10 (Used 1 MB), Allocate result buffer, memory consumption 0 MB, capacity 18
[LIBGPUSPATIAL] [ 12324][17:59:52:755592][info  ] RTSpatialIndex 0x77600000ac10 (Used 1 MB), Probe Points, Size: 100000, Results: 18
[LIBGPUSPATIAL] [ 12328][17:59:52:756398][info  ] RTSpatialIndex 0x77600000ac10 (Used 1 MB), Allocate result buffer, memory consumption 0 MB, capacity 17
[LIBGPUSPATIAL] [ 12324][17:59:52:756403][info  ] RTSpatialRefiner 0x776003d29930 (Used 1 MB), Loaded Geometries, ProbeArray 100000, Loaded 13, Type Point
[LIBGPUSPATIAL] [ 12325][17:59:52:756460][info  ] RTSpatialIndex 0x77600000ac10 (Used 1 MB), Allocate result buffer, memory consumption 0 MB, capacity 21
[LIBGPUSPATIAL] [ 12324][17:59:52:756484][info  ] RTSpatialRefiner 0x776003d29930 (Used 1 MB), Evaluating 18 Geometry Pairs with Predicate Contains
[LIBGPUSPATIAL] [ 12328][17:59:52:756760][info  ] RTSpatialIndex 0x77600000ac10 (Used 1 MB), Probe Points, Size: 100000, Results: 17
[LIBGPUSPATIAL] [ 12325][17:59:52:757404][info  ] RTSpatialIndex 0x77600000ac10 (Used 1 MB), Probe Points, Size: 100000, Results: 21
[LIBGPUSPATIAL] [ 12328][17:59:52:757419][info  ] RTSpatialRefiner 0x776003d29930 (Used 1 MB), Loaded Geometries, ProbeArray 100000, Loaded 14, Type Point
[LIBGPUSPATIAL] [ 12330][17:59:52:757411][info  ] RTSpatialIndex 0x77600000ac10 (Used 1 MB), Allocate result buffer, memory consumption 0 MB, capacity 28
[LIBGPUSPATIAL] [ 12328][17:59:52:757473][info  ] RTSpatialRefiner 0x776003d29930 (Used 1 MB), Evaluating 17 Geometry Pairs with Predicate Contains
[LIBGPUSPATIAL] [ 12330][17:59:52:757939][info  ] RTSpatialIndex 0x77600000ac10 (Used 1 MB), Probe Points, Size: 100000, Results: 28
[LIBGPUSPATIAL] [ 12325][17:59:52:758125][info  ] RTSpatialRefiner 0x776003d29930 (Used 0 MB), Loaded Geometries, ProbeArray 100000, Loaded 18, Type Point
[LIBGPUSPATIAL] [ 12325][17:59:52:758269][info  ] RTSpatialRefiner 0x776003d29930 (Used 0 MB), Evaluating 21 Geometry Pairs with Predicate Contains
[LIBGPUSPATIAL] [ 12323][17:59:52:766897][info  ] RTSpatialIndex 0x77600000ac10 (Used 1 MB), Allocate result buffer, memory consumption 0 MB, capacity 26
[LIBGPUSPATIAL] [ 12323][17:59:52:767041][info  ] RTSpatialIndex 0x77600000ac10 (Used 1 MB), Probe Points, Size: 100000, Results: 26
[LIBGPUSPATIAL] [ 12330][17:59:52:767359][info  ] RTSpatialRefiner 0x776003d29930 (Used 0 MB), Loaded Geometries, ProbeArray 100000, Loaded 22, Type Point
[LIBGPUSPATIAL] [ 12330][17:59:52:767401][info  ] RTSpatialRefiner 0x776003d29930 (Used 0 MB), Evaluating 28 Geometry Pairs with Predicate Contains
[LIBGPUSPATIAL] [ 12329][17:59:52:768071][info  ] RTSpatialIndex 0x77600000ac10 (Used 1 MB), Allocate result buffer, memory consumption 0 MB, capacity 21
[LIBGPUSPATIAL] [ 12323][17:59:52:768079][info  ] RTSpatialRefiner 0x776003d29930 (Used 1 MB), Loaded Geometries, ProbeArray 100000, Loaded 20, Type Point
[LIBGPUSPATIAL] [ 12323][17:59:52:768159][info  ] RTSpatialRefiner 0x776003d29930 (Used 1 MB), Evaluating 26 Geometry Pairs with Predicate Contains
[LIBGPUSPATIAL] [ 12329][17:59:52:770162][info  ] RTSpatialIndex 0x77600000ac10 (Used 1 MB), Probe Points, Size: 100000, Results: 21
[LIBGPUSPATIAL] [ 12327][17:59:52:770865][info  ] RTSpatialIndex 0x77600000ac10 (Used 1 MB), Allocate result buffer, memory consumption 0 MB, capacity 16
[LIBGPUSPATIAL] [ 12327][17:59:52:771015][info  ] RTSpatialIndex 0x77600000ac10 (Used 1 MB), Probe Points, Size: 100000, Results: 16
[LIBGPUSPATIAL] [ 12329][17:59:52:771363][info  ] RTSpatialRefiner 0x776003d29930 (Used 0 MB), Loaded Geometries, ProbeArray 100000, Loaded 18, Type Point
[LIBGPUSPATIAL] [ 12329][17:59:52:771416][info  ] RTSpatialRefiner 0x776003d29930 (Used 0 MB), Evaluating 21 Geometry Pairs with Predicate Contains
[LIBGPUSPATIAL] [ 12327][17:59:52:771987][info  ] RTSpatialRefiner 0x776003d29930 (Used 2 MB), Loaded Geometries, ProbeArray 100000, Loaded 11, Type Point
[LIBGPUSPATIAL] [ 12327][17:59:52:772056][info  ] RTSpatialRefiner 0x776003d29930 (Used 1 MB), Evaluating 16 Geometry Pairs with Predicate Contains
[LIBGPUSPATIAL] [ 12326][17:59:52:773587][info  ] RTSpatialIndex 0x77600000ac10 (Used 2 MB), Allocate result buffer, memory consumption 0 MB, capacity 20
[LIBGPUSPATIAL] [ 12328][17:59:52:776049][info  ] RTSpatialIndex 0x77600000ac10 (Used 2 MB), Allocate result buffer, memory consumption 0 MB, capacity 21
[LIBGPUSPATIAL] [ 12328][17:59:52:776184][info  ] RTSpatialIndex 0x77600000ac10 (Used 2 MB), Probe Points, Size: 100000, Results: 21
[LIBGPUSPATIAL] [ 12324][17:59:52:776712][info  ] RTSpatialIndex 0x77600000ac10 (Used 3 MB), Allocate result buffer, memory consumption 0 MB, capacity 21
[LIBGPUSPATIAL] [ 12328][17:59:52:777084][info  ] RTSpatialRefiner 0x776003d29930 (Used 2 MB), Loaded Geometries, ProbeArray 100000, Loaded 18, Type Point
[LIBGPUSPATIAL] [ 12326][17:59:52:777111][info  ] RTSpatialIndex 0x77600000ac10 (Used 2 MB), Probe Points, Size: 100000, Results: 20
[LIBGPUSPATIAL] [ 12328][17:59:52:777134][info  ] RTSpatialRefiner 0x776003d29930 (Used 1 MB), Evaluating 21 Geometry Pairs with Predicate Contains
[LIBGPUSPATIAL] [ 12325][17:59:52:777159][info  ] RTSpatialIndex 0x77600000ac10 (Used 1 MB), Allocate result buffer, memory consumption 0 MB, capacity 16
[LIBGPUSPATIAL] [ 12324][17:59:52:777563][info  ] RTSpatialIndex 0x77600000ac10 (Used 1 MB), Probe Points, Size: 100000, Results: 21
[LIBGPUSPATIAL] [ 12326][17:59:52:777607][info  ] RTSpatialRefiner 0x776003d29930 (Used 1 MB), Loaded Geometries, ProbeArray 100000, Loaded 14, Type Point
[LIBGPUSPATIAL] [ 12326][17:59:52:777661][info  ] RTSpatialRefiner 0x776003d29930 (Used 1 MB), Evaluating 20 Geometry Pairs with Predicate Contains
[LIBGPUSPATIAL] [ 12325][17:59:52:777683][info  ] RTSpatialIndex 0x77600000ac10 (Used 1 MB), Probe Points, Size: 100000, Results: 16
[LIBGPUSPATIAL] [ 12325][17:59:52:778362][info  ] RTSpatialRefiner 0x776003d29930 (Used 0 MB), Loaded Geometries, ProbeArray 100000, Loaded 13, Type Point
[LIBGPUSPATIAL] [ 12325][17:59:52:778406][info  ] RTSpatialRefiner 0x776003d29930 (Used 0 MB), Evaluating 16 Geometry Pairs with Predicate Contains
[LIBGPUSPATIAL] [ 12324][17:59:52:780123][info  ] RTSpatialRefiner 0x776003d29930 (Used 0 MB), Loaded Geometries, ProbeArray 100000, Loaded 18, Type Point
[LIBGPUSPATIAL] [ 12324][17:59:52:780189][info  ] RTSpatialRefiner 0x776003d29930 (Used 0 MB), Evaluating 21 Geometry Pairs with Predicate Contains
[LIBGPUSPATIAL] [ 12330][17:59:52:785924][info  ] RTSpatialIndex 0x77600000ac10 (Used 1 MB), Allocate result buffer, memory consumption 0 MB, capacity 21
[LIBGPUSPATIAL] [ 12330][17:59:52:786435][info  ] RTSpatialIndex 0x77600000ac10 (Used 1 MB), Probe Points, Size: 100000, Results: 21
[LIBGPUSPATIAL] [ 12323][17:59:52:786503][info  ] RTSpatialIndex 0x77600000ac10 (Used 1 MB), Allocate result buffer, memory consumption 0 MB, capacity 46
[LIBGPUSPATIAL] [ 12323][17:59:52:786914][info  ] RTSpatialIndex 0x77600000ac10 (Used 1 MB), Probe Points, Size: 100000, Results: 46
[LIBGPUSPATIAL] [ 12330][17:59:52:787083][info  ] RTSpatialRefiner 0x776003d29930 (Used 0 MB), Loaded Geometries, ProbeArray 100000, Loaded 17, Type Point
[LIBGPUSPATIAL] [ 12330][17:59:52:787126][info  ] RTSpatialRefiner 0x776003d29930 (Used 0 MB), Evaluating 21 Geometry Pairs with Predicate Contains
[LIBGPUSPATIAL] [ 12323][17:59:52:788306][info  ] RTSpatialRefiner 0x776003d29930 (Used 1 MB), Loaded Geometries, ProbeArray 100000, Loaded 34, Type Point
[LIBGPUSPATIAL] [ 12323][17:59:52:788472][info  ] RTSpatialRefiner 0x776003d29930 (Used 1 MB), Evaluating 46 Geometry Pairs with Predicate Contains
[LIBGPUSPATIAL] [ 12329][17:59:52:788544][info  ] RTSpatialIndex 0x77600000ac10 (Used 1 MB), Allocate result buffer, memory consumption 0 MB, capacity 12
[LIBGPUSPATIAL] [ 12329][17:59:52:788707][info  ] RTSpatialIndex 0x77600000ac10 (Used 1 MB), Probe Points, Size: 100000, Results: 12
[LIBGPUSPATIAL] [ 12329][17:59:52:789129][info  ] RTSpatialRefiner 0x776003d29930 (Used 1 MB), Loaded Geometries, ProbeArray 100000, Loaded 11, Type Point
[LIBGPUSPATIAL] [ 12329][17:59:52:789237][info  ] RTSpatialRefiner 0x776003d29930 (Used 1 MB), Evaluating 12 Geometry Pairs with Predicate Contains
[LIBGPUSPATIAL] [ 12327][17:59:52:789602][info  ] RTSpatialIndex 0x77600000ac10 (Used 1 MB), Allocate result buffer, memory consumption 0 MB, capacity 23
[LIBGPUSPATIAL] [ 12327][17:59:52:791018][info  ] RTSpatialIndex 0x77600000ac10 (Used 1 MB), Probe Points, Size: 100000, Results: 23
[LIBGPUSPATIAL] [ 12327][17:59:52:791482][info  ] RTSpatialRefiner 0x776003d29930 (Used 0 MB), Loaded Geometries, ProbeArray 100000, Loaded 16, Type Point
[LIBGPUSPATIAL] [ 12327][17:59:52:791543][info  ] RTSpatialRefiner 0x776003d29930 (Used 0 MB), Evaluating 23 Geometry Pairs with Predicate Contains
[LIBGPUSPATIAL] [ 12326][17:59:52:794053][info  ] RTSpatialIndex 0x77600000ac10 (Used 1 MB), Allocate result buffer, memory consumption 0 MB, capacity 20
[LIBGPUSPATIAL] [ 12326][17:59:52:794187][info  ] RTSpatialIndex 0x77600000ac10 (Used 1 MB), Probe Points, Size: 100000, Results: 20
[LIBGPUSPATIAL] [ 12326][17:59:52:794564][info  ] RTSpatialRefiner 0x776003d29930 (Used 0 MB), Loaded Geometries, ProbeArray 100000, Loaded 16, Type Point
[LIBGPUSPATIAL] [ 12326][17:59:52:794608][info  ] RTSpatialRefiner 0x776003d29930 (Used 0 MB), Evaluating 20 Geometry Pairs with Predicate Contains
[LIBGPUSPATIAL] [ 12328][17:59:52:796717][info  ] RTSpatialIndex 0x77600000ac10 (Used 1 MB), Allocate result buffer, memory consumption 0 MB, capacity 35
[LIBGPUSPATIAL] [ 12328][17:59:52:796872][info  ] RTSpatialIndex 0x77600000ac10 (Used 1 MB), Probe Points, Size: 100000, Results: 35
[LIBGPUSPATIAL] [ 12328][17:59:52:797335][info  ] RTSpatialRefiner 0x776003d29930 (Used 0 MB), Loaded Geometries, ProbeArray 100000, Loaded 23, Type Point
[LIBGPUSPATIAL] [ 12328][17:59:52:797400][info  ] RTSpatialRefiner 0x776003d29930 (Used 0 MB), Evaluating 35 Geometry Pairs with Predicate Contains
[LIBGPUSPATIAL] [ 12325][17:59:52:798197][info  ] RTSpatialIndex 0x77600000ac10 (Used 1 MB), Allocate result buffer, memory consumption 0 MB, capacity 24
[LIBGPUSPATIAL] [ 12325][17:59:52:798511][info  ] RTSpatialIndex 0x77600000ac10 (Used 1 MB), Probe Points, Size: 100000, Results: 24
[LIBGPUSPATIAL] [ 12325][17:59:52:798891][info  ] RTSpatialRefiner 0x776003d29930 (Used 0 MB), Loaded Geometries, ProbeArray 100000, Loaded 20, Type Point
[LIBGPUSPATIAL] [ 12325][17:59:52:798940][info  ] RTSpatialRefiner 0x776003d29930 (Used 0 MB), Evaluating 24 Geometry Pairs with Predicate Contains
[LIBGPUSPATIAL] [ 12324][17:59:52:799718][info  ] RTSpatialIndex 0x77600000ac10 (Used 1 MB), Allocate result buffer, memory consumption 0 MB, capacity 26
[LIBGPUSPATIAL] [ 12324][17:59:52:799878][info  ] RTSpatialIndex 0x77600000ac10 (Used 1 MB), Probe Points, Size: 100000, Results: 26
[LIBGPUSPATIAL] [ 12324][17:59:52:800209][info  ] RTSpatialRefiner 0x776003d29930 (Used 0 MB), Loaded Geometries, ProbeArray 100000, Loaded 22, Type Point
[LIBGPUSPATIAL] [ 12324][17:59:52:800253][info  ] RTSpatialRefiner 0x776003d29930 (Used 0 MB), Evaluating 26 Geometry Pairs with Predicate Contains
[LIBGPUSPATIAL] [ 12330][17:59:52:804216][info  ] RTSpatialIndex 0x77600000ac10 (Used 1 MB), Allocate result buffer, memory consumption 0 MB, capacity 27
[LIBGPUSPATIAL] [ 12330][17:59:52:804394][info  ] RTSpatialIndex 0x77600000ac10 (Used 1 MB), Probe Points, Size: 100000, Results: 27
[LIBGPUSPATIAL] [ 12330][17:59:52:806033][info  ] RTSpatialRefiner 0x776003d29930 (Used 0 MB), Loaded Geometries, ProbeArray 100000, Loaded 24, Type Point
[LIBGPUSPATIAL] [ 12330][17:59:52:806096][info  ] RTSpatialRefiner 0x776003d29930 (Used 0 MB), Evaluating 27 Geometry Pairs with Predicate Contains
[LIBGPUSPATIAL] [ 12323][17:59:52:808435][info  ] RTSpatialIndex 0x77600000ac10 (Used 1 MB), Allocate result buffer, memory consumption 0 MB, capacity 29
[LIBGPUSPATIAL] [ 12323][17:59:52:808590][info  ] RTSpatialIndex 0x77600000ac10 (Used 1 MB), Probe Points, Size: 100000, Results: 29
[LIBGPUSPATIAL] [ 12323][17:59:52:809027][info  ] RTSpatialRefiner 0x776003d29930 (Used 0 MB), Loaded Geometries, ProbeArray 100000, Loaded 24, Type Point
[LIBGPUSPATIAL] [ 12323][17:59:52:809114][info  ] RTSpatialRefiner 0x776003d29930 (Used 1 MB), Evaluating 29 Geometry Pairs with Predicate Contains
[LIBGPUSPATIAL] [ 12327][17:59:52:809795][info  ] RTSpatialIndex 0x77600000ac10 (Used 1 MB), Allocate result buffer, memory consumption 0 MB, capacity 23
[LIBGPUSPATIAL] [ 12329][17:59:52:809987][info  ] RTSpatialIndex 0x77600000ac10 (Used 1 MB), Allocate result buffer, memory consumption 0 MB, capacity 21
[LIBGPUSPATIAL] [ 12327][17:59:52:810109][info  ] RTSpatialIndex 0x77600000ac10 (Used 1 MB), Probe Points, Size: 100000, Results: 23
[LIBGPUSPATIAL] [ 12329][17:59:52:810302][info  ] RTSpatialIndex 0x77600000ac10 (Used 1 MB), Probe Points, Size: 100000, Results: 21
[LIBGPUSPATIAL] [ 12329][17:59:52:810730][info  ] RTSpatialRefiner 0x776003d29930 (Used 0 MB), Loaded Geometries, ProbeArray 100000, Loaded 17, Type Point
[LIBGPUSPATIAL] [ 12329][17:59:52:810764][info  ] RTSpatialRefiner 0x776003d29930 (Used 0 MB), Evaluating 21 Geometry Pairs with Predicate Contains
[LIBGPUSPATIAL] [ 12326][17:59:52:811417][info  ] RTSpatialIndex 0x77600000ac10 (Used 1 MB), Allocate result buffer, memory consumption 0 MB, capacity 32
[LIBGPUSPATIAL] [ 12326][17:59:52:811555][info  ] RTSpatialIndex 0x77600000ac10 (Used 1 MB), Probe Points, Size: 100000, Results: 32
[LIBGPUSPATIAL] [ 12327][17:59:52:812174][info  ] RTSpatialRefiner 0x776003d29930 (Used 0 MB), Loaded Geometries, ProbeArray 100000, Loaded 18, Type Point
[LIBGPUSPATIAL] [ 12326][17:59:52:812180][info  ] RTSpatialRefiner 0x776003d29930 (Used 0 MB), Loaded Geometries, ProbeArray 100000, Loaded 22, Type Point
[LIBGPUSPATIAL] [ 12326][17:59:52:812273][info  ] RTSpatialRefiner 0x776003d29930 (Used 0 MB), Evaluating 32 Geometry Pairs with Predicate Contains
[LIBGPUSPATIAL] [ 12327][17:59:52:812226][info  ] RTSpatialRefiner 0x776003d29930 (Used 0 MB), Evaluating 23 Geometry Pairs with Predicate Contains
[LIBGPUSPATIAL] [ 12328][17:59:52:817521][info  ] RTSpatialIndex 0x77600000ac10 (Used 1 MB), Allocate result buffer, memory consumption 0 MB, capacity 20
[LIBGPUSPATIAL] [ 12328][17:59:52:818149][info  ] RTSpatialIndex 0x77600000ac10 (Used 3 MB), Probe Points, Size: 100000, Results: 20
[LIBGPUSPATIAL] [ 12325][17:59:52:818665][info  ] RTSpatialIndex 0x77600000ac10 (Used 2 MB), Allocate result buffer, memory consumption 0 MB, capacity 13
[LIBGPUSPATIAL] [ 12324][17:59:52:818877][info  ] RTSpatialIndex 0x77600000ac10 (Used 1 MB), Allocate result buffer, memory consumption 0 MB, capacity 12
[LIBGPUSPATIAL] [ 12325][17:59:52:818932][info  ] RTSpatialIndex 0x77600000ac10 (Used 1 MB), Probe Points, Size: 100000, Results: 13
[LIBGPUSPATIAL] [ 12324][17:59:52:819068][info  ] RTSpatialIndex 0x77600000ac10 (Used 1 MB), Probe Points, Size: 100000, Results: 12
[LIBGPUSPATIAL] [ 12328][17:59:52:819367][info  ] RTSpatialRefiner 0x776003d29930 (Used 0 MB), Loaded Geometries, ProbeArray 100000, Loaded 14, Type Point
[LIBGPUSPATIAL] [ 12328][17:59:52:819406][info  ] RTSpatialRefiner 0x776003d29930 (Used 0 MB), Evaluating 20 Geometry Pairs with Predicate Contains
[LIBGPUSPATIAL] [ 12325][17:59:52:821068][info  ] RTSpatialRefiner 0x776003d29930 (Used 0 MB), Loaded Geometries, ProbeArray 100000, Loaded 9, Type Point
[LIBGPUSPATIAL] [ 12325][17:59:52:821116][info  ] RTSpatialRefiner 0x776003d29930 (Used 0 MB), Evaluating 13 Geometry Pairs with Predicate Contains
[LIBGPUSPATIAL] [ 12324][17:59:52:821771][info  ] RTSpatialRefiner 0x776003d29930 (Used 1 MB), Loaded Geometries, ProbeArray 100000, Loaded 10, Type Point
[LIBGPUSPATIAL] [ 12330][17:59:52:821782][info  ] RTSpatialIndex 0x77600000ac10 (Used 1 MB), Allocate result buffer, memory consumption 0 MB, capacity 19
[LIBGPUSPATIAL] [ 12324][17:59:52:821815][info  ] RTSpatialRefiner 0x776003d29930 (Used 1 MB), Evaluating 12 Geometry Pairs with Predicate Contains
[LIBGPUSPATIAL] [ 12330][17:59:52:822193][info  ] RTSpatialIndex 0x77600000ac10 (Used 1 MB), Probe Points, Size: 100000, Results: 19
[LIBGPUSPATIAL] [ 12330][17:59:52:823083][info  ] RTSpatialRefiner 0x776003d29930 (Used 0 MB), Loaded Geometries, ProbeArray 100000, Loaded 14, Type Point
[LIBGPUSPATIAL] [ 12330][17:59:52:823122][info  ] RTSpatialRefiner 0x776003d29930 (Used 0 MB), Evaluating 19 Geometry Pairs with Predicate Contains
[LIBGPUSPATIAL] [ 12323][17:59:52:827217][info  ] RTSpatialIndex 0x77600000ac10 (Used 1 MB), Allocate result buffer, memory consumption 0 MB, capacity 26
[LIBGPUSPATIAL] [ 12323][17:59:52:827430][info  ] RTSpatialIndex 0x77600000ac10 (Used 2 MB), Probe Points, Size: 100000, Results: 26
[LIBGPUSPATIAL] [ 12326][17:59:52:827935][info  ] RTSpatialIndex 0x77600000ac10 (Used 1 MB), Allocate result buffer, memory consumption 0 MB, capacity 32
[LIBGPUSPATIAL] [ 12326][17:59:52:828076][info  ] RTSpatialIndex 0x77600000ac10 (Used 2 MB), Probe Points, Size: 100000, Results: 32
[LIBGPUSPATIAL] [ 12323][17:59:52:828322][info  ] RTSpatialRefiner 0x776003d29930 (Used 1 MB), Loaded Geometries, ProbeArray 100000, Loaded 18, Type Point
[LIBGPUSPATIAL] [ 12323][17:59:52:828366][info  ] RTSpatialRefiner 0x776003d29930 (Used 1 MB), Evaluating 26 Geometry Pairs with Predicate Contains
[LIBGPUSPATIAL] [ 12329][17:59:52:828570][info  ] RTSpatialIndex 0x77600000ac10 (Used 1 MB), Allocate result buffer, memory consumption 0 MB, capacity 20
[LIBGPUSPATIAL] [ 12326][17:59:52:828722][info  ] RTSpatialRefiner 0x776003d29930 (Used 1 MB), Loaded Geometries, ProbeArray 100000, Loaded 26, Type Point
[LIBGPUSPATIAL] [ 12326][17:59:52:828768][info  ] RTSpatialRefiner 0x776003d29930 (Used 1 MB), Evaluating 32 Geometry Pairs with Predicate Contains
[LIBGPUSPATIAL] [ 12329][17:59:52:828952][info  ] RTSpatialIndex 0x77600000ac10 (Used 1 MB), Probe Points, Size: 100000, Results: 20
[LIBGPUSPATIAL] [ 12327][17:59:52:830463][info  ] RTSpatialIndex 0x77600000ac10 (Used 1 MB), Allocate result buffer, memory consumption 0 MB, capacity 22
[LIBGPUSPATIAL] [ 12327][17:59:52:830575][info  ] RTSpatialIndex 0x77600000ac10 (Used 1 MB), Probe Points, Size: 100000, Results: 22
[LIBGPUSPATIAL] [ 12329][17:59:52:831055][info  ] RTSpatialRefiner 0x776003d29930 (Used 0 MB), Loaded Geometries, ProbeArray 100000, Loaded 16, Type Point
[LIBGPUSPATIAL] [ 12329][17:59:52:831099][info  ] RTSpatialRefiner 0x776003d29930 (Used 0 MB), Evaluating 20 Geometry Pairs with Predicate Contains
[LIBGPUSPATIAL] [ 12327][17:59:52:831106][info  ] RTSpatialRefiner 0x776003d29930 (Used 0 MB), Loaded Geometries, ProbeArray 100000, Loaded 17, Type Point
[LIBGPUSPATIAL] [ 12327][17:59:52:831144][info  ] RTSpatialRefiner 0x776003d29930 (Used 0 MB), Evaluating 22 Geometry Pairs with Predicate Contains
[LIBGPUSPATIAL] [ 12328][17:59:52:838058][info  ] RTSpatialIndex 0x77600000ac10 (Used 1 MB), Allocate result buffer, memory consumption 0 MB, capacity 26
[LIBGPUSPATIAL] [ 12328][17:59:52:838228][info  ] RTSpatialIndex 0x77600000ac10 (Used 1 MB), Probe Points, Size: 100000, Results: 26
[LIBGPUSPATIAL] [ 12328][17:59:52:838608][info  ] RTSpatialRefiner 0x776003d29930 (Used 0 MB), Loaded Geometries, ProbeArray 100000, Loaded 20, Type Point
[LIBGPUSPATIAL] [ 12328][17:59:52:838651][info  ] RTSpatialRefiner 0x776003d29930 (Used 0 MB), Evaluating 26 Geometry Pairs with Predicate Contains
[LIBGPUSPATIAL] [ 12325][17:59:52:839548][info  ] RTSpatialIndex 0x77600000ac10 (Used 1 MB), Allocate result buffer, memory consumption 0 MB, capacity 22
[LIBGPUSPATIAL] [ 12325][17:59:52:839688][info  ] RTSpatialIndex 0x77600000ac10 (Used 1 MB), Probe Points, Size: 100000, Results: 22
[LIBGPUSPATIAL] [ 12325][17:59:52:840053][info  ] RTSpatialRefiner 0x776003d29930 (Used 0 MB), Loaded Geometries, ProbeArray 100000, Loaded 18, Type Point
[LIBGPUSPATIAL] [ 12325][17:59:52:840105][info  ] RTSpatialRefiner 0x776003d29930 (Used 0 MB), Evaluating 22 Geometry Pairs with Predicate Contains
[LIBGPUSPATIAL] [ 12330][17:59:52:840727][info  ] RTSpatialIndex 0x77600000ac10 (Used 1 MB), Allocate result buffer, memory consumption 0 MB, capacity 22
[LIBGPUSPATIAL] [ 12330][17:59:52:841184][info  ] RTSpatialIndex 0x77600000ac10 (Used 1 MB), Probe Points, Size: 100000, Results: 22
[LIBGPUSPATIAL] [ 12324][17:59:52:841246][info  ] RTSpatialIndex 0x77600000ac10 (Used 1 MB), Allocate result buffer, memory consumption 0 MB, capacity 27
[LIBGPUSPATIAL] [ 12324][17:59:52:841638][info  ] RTSpatialIndex 0x77600000ac10 (Used 1 MB), Probe Points, Size: 100000, Results: 27
[LIBGPUSPATIAL] [ 12330][17:59:52:841752][info  ] RTSpatialRefiner 0x776003d29930 (Used 0 MB), Loaded Geometries, ProbeArray 100000, Loaded 18, Type Point
[LIBGPUSPATIAL] [ 12330][17:59:52:841800][info  ] RTSpatialRefiner 0x776003d29930 (Used 0 MB), Evaluating 22 Geometry Pairs with Predicate Contains
[LIBGPUSPATIAL] [ 12324][17:59:52:843248][info  ] RTSpatialRefiner 0x776003d29930 (Used 0 MB), Loaded Geometries, ProbeArray 100000, Loaded 19, Type Point
[LIBGPUSPATIAL] [ 12324][17:59:52:843292][info  ] RTSpatialRefiner 0x776003d29930 (Used 0 MB), Evaluating 27 Geometry Pairs with Predicate Contains
[LIBGPUSPATIAL] [ 12326][17:59:52:844485][info  ] RTSpatialIndex 0x77600000ac10 (Used 1 MB), Allocate result buffer, memory consumption 0 MB, capacity 29
[LIBGPUSPATIAL] [ 12326][17:59:52:844630][info  ] RTSpatialIndex 0x77600000ac10 (Used 1 MB), Probe Points, Size: 100000, Results: 29
[LIBGPUSPATIAL] [ 12326][17:59:52:845037][info  ] RTSpatialRefiner 0x776003d29930 (Used 0 MB), Loaded Geometries, ProbeArray 100000, Loaded 21, Type Point
[LIBGPUSPATIAL] [ 12326][17:59:52:845081][info  ] RTSpatialRefiner 0x776003d29930 (Used 0 MB), Evaluating 29 Geometry Pairs with Predicate Contains
[LIBGPUSPATIAL] [ 12323][17:59:52:846280][info  ] RTSpatialIndex 0x77600000ac10 (Used 1 MB), Allocate result buffer, memory consumption 0 MB, capacity 22
[LIBGPUSPATIAL] [ 12323][17:59:52:846411][info  ] RTSpatialIndex 0x77600000ac10 (Used 1 MB), Probe Points, Size: 100000, Results: 22
[LIBGPUSPATIAL] [ 12323][17:59:52:846735][info  ] RTSpatialRefiner 0x776003d29930 (Used 0 MB), Loaded Geometries, ProbeArray 100000, Loaded 18, Type Point
[LIBGPUSPATIAL] [ 12323][17:59:52:846779][info  ] RTSpatialRefiner 0x776003d29930 (Used 0 MB), Evaluating 22 Geometry Pairs with Predicate Contains
[LIBGPUSPATIAL] [ 12329][17:59:52:847567][info  ] RTSpatialIndex 0x77600000ac10 (Used 1 MB), Allocate result buffer, memory consumption 0 MB, capacity 23
[LIBGPUSPATIAL] [ 12329][17:59:52:847705][info  ] RTSpatialIndex 0x77600000ac10 (Used 1 MB), Probe Points, Size: 100000, Results: 23
[LIBGPUSPATIAL] [ 12329][17:59:52:848017][info  ] RTSpatialRefiner 0x776003d29930 (Used 0 MB), Loaded Geometries, ProbeArray 100000, Loaded 20, Type Point
[LIBGPUSPATIAL] [ 12329][17:59:52:848063][info  ] RTSpatialRefiner 0x776003d29930 (Used 0 MB), Evaluating 23 Geometry Pairs with Predicate Contains
[LIBGPUSPATIAL] [ 12327][17:59:52:849596][info  ] RTSpatialIndex 0x77600000ac10 (Used 1 MB), Allocate result buffer, memory consumption 0 MB, capacity 19
[LIBGPUSPATIAL] [ 12327][17:59:52:849794][info  ] RTSpatialIndex 0x77600000ac10 (Used 1 MB), Probe Points, Size: 100000, Results: 19
[LIBGPUSPATIAL] [ 12327][17:59:52:850199][info  ] RTSpatialRefiner 0x776003d29930 (Used 0 MB), Loaded Geometries, ProbeArray 100000, Loaded 17, Type Point
[LIBGPUSPATIAL] [ 12327][17:59:52:850298][info  ] RTSpatialRefiner 0x776003d29930 (Used 0 MB), Evaluating 19 Geometry Pairs with Predicate Contains
[LIBGPUSPATIAL] [ 12328][17:59:52:857277][info  ] RTSpatialIndex 0x77600000ac10 (Used 1 MB), Allocate result buffer, memory consumption 0 MB, capacity 30
[LIBGPUSPATIAL] [ 12325][17:59:52:857299][info  ] RTSpatialIndex 0x77600000ac10 (Used 1 MB), Allocate result buffer, memory consumption 0 MB, capacity 32
[LIBGPUSPATIAL] [ 12325][17:59:52:857547][info  ] RTSpatialIndex 0x77600000ac10 (Used 1 MB), Probe Points, Size: 100000, Results: 32
[LIBGPUSPATIAL] [ 12328][17:59:52:857599][info  ] RTSpatialIndex 0x77600000ac10 (Used 1 MB), Probe Points, Size: 100000, Results: 30
[LIBGPUSPATIAL] [ 12328][17:59:52:858097][info  ] RTSpatialRefiner 0x776003d29930 (Used 0 MB), Loaded Geometries, ProbeArray 100000, Loaded 23, Type Point
[LIBGPUSPATIAL] [ 12328][17:59:52:858143][info  ] RTSpatialRefiner 0x776003d29930 (Used 0 MB), Evaluating 30 Geometry Pairs with Predicate Contains
[LIBGPUSPATIAL] [ 12325][17:59:52:858300][info  ] RTSpatialRefiner 0x776003d29930 (Used 0 MB), Loaded Geometries, ProbeArray 100000, Loaded 23, Type Point
[LIBGPUSPATIAL] [ 12325][17:59:52:858344][info  ] RTSpatialRefiner 0x776003d29930 (Used 0 MB), Evaluating 32 Geometry Pairs with Predicate Contains
[LIBGPUSPATIAL] [ 12330][17:59:52:859548][info  ] RTSpatialIndex 0x77600000ac10 (Used 1 MB), Allocate result buffer, memory consumption 0 MB, capacity 19
[LIBGPUSPATIAL] [ 12330][17:59:52:859687][info  ] RTSpatialIndex 0x77600000ac10 (Used 1 MB), Probe Points, Size: 100000, Results: 19
[LIBGPUSPATIAL] [ 12330][17:59:52:860814][info  ] RTSpatialRefiner 0x776003d29930 (Used 0 MB), Loaded Geometries, ProbeArray 100000, Loaded 16, Type Point
[LIBGPUSPATIAL] [ 12330][17:59:52:860877][info  ] RTSpatialRefiner 0x776003d29930 (Used 0 MB), Evaluating 19 Geometry Pairs with Predicate Contains
[LIBGPUSPATIAL] [ 12324][17:59:52:862326][info  ] RTSpatialIndex 0x77600000ac10 (Used 1 MB), Allocate result buffer, memory consumption 0 MB, capacity 34
[LIBGPUSPATIAL] [ 12326][17:59:52:862408][info  ] RTSpatialIndex 0x77600000ac10 (Used 3 MB), Allocate result buffer, memory consumption 0 MB, capacity 22
[LIBGPUSPATIAL] [ 12324][17:59:52:862931][info  ] RTSpatialIndex 0x77600000ac10 (Used 2 MB), Probe Points, Size: 100000, Results: 34
[LIBGPUSPATIAL] [ 12326][17:59:52:863060][info  ] RTSpatialIndex 0x77600000ac10 (Used 1 MB), Probe Points, Size: 100000, Results: 22
[LIBGPUSPATIAL] [ 12323][17:59:52:863105][info  ] RTSpatialIndex 0x77600000ac10 (Used 1 MB), Allocate result buffer, memory consumption 0 MB, capacity 29
[LIBGPUSPATIAL] [ 12326][17:59:52:863612][info  ] RTSpatialRefiner 0x776003d29930 (Used 1 MB), Loaded Geometries, ProbeArray 100000, Loaded 17, Type Point
[LIBGPUSPATIAL] [ 12323][17:59:52:863638][info  ] RTSpatialIndex 0x77600000ac10 (Used 1 MB), Probe Points, Size: 100000, Results: 29
[LIBGPUSPATIAL] [ 12326][17:59:52:863662][info  ] RTSpatialRefiner 0x776003d29930 (Used 0 MB), Evaluating 22 Geometry Pairs with Predicate Contains
[LIBGPUSPATIAL] [ 12324][17:59:52:863770][info  ] RTSpatialRefiner 0x776003d29930 (Used 0 MB), Loaded Geometries, ProbeArray 100000, Loaded 25, Type Point
[LIBGPUSPATIAL] [ 12324][17:59:52:863819][info  ] RTSpatialRefiner 0x776003d29930 (Used 0 MB), Evaluating 34 Geometry Pairs with Predicate Contains
[LIBGPUSPATIAL] [ 12323][17:59:52:864042][info  ] RTSpatialRefiner 0x776003d29930 (Used 1 MB), Loaded Geometries, ProbeArray 100000, Loaded 25, Type Point
[LIBGPUSPATIAL] [ 12323][17:59:52:864116][info  ] RTSpatialRefiner 0x776003d29930 (Used 1 MB), Evaluating 29 Geometry Pairs with Predicate Contains
[LIBGPUSPATIAL] [ 12329][17:59:52:864517][info  ] RTSpatialIndex 0x77600000ac10 (Used 1 MB), Allocate result buffer, memory consumption 0 MB, capacity 14
[LIBGPUSPATIAL] [ 12329][17:59:52:864994][info  ] RTSpatialIndex 0x77600000ac10 (Used 1 MB), Probe Points, Size: 100000, Results: 14
[LIBGPUSPATIAL] [ 12329][17:59:52:866043][info  ] RTSpatialRefiner 0x776003d29930 (Used 0 MB), Loaded Geometries, ProbeArray 100000, Loaded 12, Type Point
[LIBGPUSPATIAL] [ 12329][17:59:52:866094][info  ] RTSpatialRefiner 0x776003d29930 (Used 0 MB), Evaluating 14 Geometry Pairs with Predicate Contains
[LIBGPUSPATIAL] [ 12327][17:59:52:866995][info  ] RTSpatialIndex 0x77600000ac10 (Used 1 MB), Allocate result buffer, memory consumption 0 MB, capacity 27
[LIBGPUSPATIAL] [ 12327][17:59:52:867147][info  ] RTSpatialIndex 0x77600000ac10 (Used 1 MB), Probe Points, Size: 100000, Results: 27
[LIBGPUSPATIAL] [ 12327][17:59:52:867606][info  ] RTSpatialRefiner 0x776003d29930 (Used 0 MB), Loaded Geometries, ProbeArray 100000, Loaded 20, Type Point
[LIBGPUSPATIAL] [ 12327][17:59:52:867668][info  ] RTSpatialRefiner 0x776003d29930 (Used 0 MB), Evaluating 27 Geometry Pairs with Predicate Contains
[LIBGPUSPATIAL] [ 12325][17:59:52:876494][info  ] RTSpatialIndex 0x77600000ac10 (Used 2 MB), Allocate result buffer, memory consumption 0 MB, capacity 36
[LIBGPUSPATIAL] [ 12325][17:59:52:877123][info  ] RTSpatialIndex 0x77600000ac10 (Used 1 MB), Probe Points, Size: 100000, Results: 36
[LIBGPUSPATIAL] [ 12328][17:59:52:877203][info  ] RTSpatialIndex 0x77600000ac10 (Used 1 MB), Allocate result buffer, memory consumption 0 MB, capacity 23
[LIBGPUSPATIAL] [ 12328][17:59:52:877637][info  ] RTSpatialIndex 0x77600000ac10 (Used 1 MB), Probe Points, Size: 100000, Results: 23
[LIBGPUSPATIAL] [ 12330][17:59:52:877754][info  ] RTSpatialIndex 0x77600000ac10 (Used 1 MB), Allocate result buffer, memory consumption 0 MB, capacity 25
[LIBGPUSPATIAL] [ 12325][17:59:52:878055][info  ] RTSpatialRefiner 0x776003d29930 (Used 1 MB), Loaded Geometries, ProbeArray 100000, Loaded 25, Type Point
[LIBGPUSPATIAL] [ 12325][17:59:52:878103][info  ] RTSpatialRefiner 0x776003d29930 (Used 1 MB), Evaluating 36 Geometry Pairs with Predicate Contains
[LIBGPUSPATIAL] [ 12328][17:59:52:878138][info  ] RTSpatialRefiner 0x776003d29930 (Used 1 MB), Loaded Geometries, ProbeArray 100000, Loaded 18, Type Point
[LIBGPUSPATIAL] [ 12330][17:59:52:878147][info  ] RTSpatialIndex 0x77600000ac10 (Used 1 MB), Probe Points, Size: 100000, Results: 25
[LIBGPUSPATIAL] [ 12328][17:59:52:878176][info  ] RTSpatialRefiner 0x776003d29930 (Used 0 MB), Evaluating 23 Geometry Pairs with Predicate Contains
[LIBGPUSPATIAL] [ 12330][17:59:52:878510][info  ] RTSpatialRefiner 0x776003d29930 (Used 0 MB), Loaded Geometries, ProbeArray 100000, Loaded 19, Type Point
[LIBGPUSPATIAL] [ 12330][17:59:52:878558][info  ] RTSpatialRefiner 0x776003d29930 (Used 0 MB), Evaluating 25 Geometry Pairs with Predicate Contains
[LIBGPUSPATIAL] [ 12323][17:59:52:881892][info  ] RTSpatialIndex 0x77600000ac10 (Used 1 MB), Allocate result buffer, memory consumption 0 MB, capacity 17
[LIBGPUSPATIAL] [ 12323][17:59:52:882286][info  ] RTSpatialIndex 0x77600000ac10 (Used 1 MB), Probe Points, Size: 100000, Results: 17
[LIBGPUSPATIAL] [ 12329][17:59:52:882425][info  ] RTSpatialIndex 0x77600000ac10 (Used 1 MB), Allocate result buffer, memory consumption 0 MB, capacity 19
[LIBGPUSPATIAL] [ 12329][17:59:52:883831][info  ] RTSpatialIndex 0x77600000ac10 (Used 4 MB), Probe Points, Size: 100000, Results: 19
[LIBGPUSPATIAL] [ 12323][17:59:52:883838][info  ] RTSpatialRefiner 0x776003d29930 (Used 4 MB), Loaded Geometries, ProbeArray 100000, Loaded 14, Type Point
[LIBGPUSPATIAL] [ 12324][17:59:52:883890][info  ] RTSpatialIndex 0x77600000ac10 (Used 3 MB), Allocate result buffer, memory consumption 0 MB, capacity 32
[LIBGPUSPATIAL] [ 12326][17:59:52:884129][info  ] RTSpatialIndex 0x77600000ac10 (Used 3 MB), Allocate result buffer, memory consumption 0 MB, capacity 27
[LIBGPUSPATIAL] [ 12323][17:59:52:884235][info  ] RTSpatialRefiner 0x776003d29930 (Used 3 MB), Evaluating 17 Geometry Pairs with Predicate Contains
[LIBGPUSPATIAL] [ 12324][17:59:52:884574][info  ] RTSpatialIndex 0x77600000ac10 (Used 2 MB), Probe Points, Size: 100000, Results: 32
[LIBGPUSPATIAL] [ 12329][17:59:52:884899][info  ] RTSpatialRefiner 0x776003d29930 (Used 1 MB), Loaded Geometries, ProbeArray 100000, Loaded 15, Type Point
[LIBGPUSPATIAL] [ 12329][17:59:52:884949][info  ] RTSpatialRefiner 0x776003d29930 (Used 1 MB), Evaluating 19 Geometry Pairs with Predicate Contains
[LIBGPUSPATIAL] [ 12326][17:59:52:885028][info  ] RTSpatialIndex 0x77600000ac10 (Used 1 MB), Probe Points, Size: 100000, Results: 27
[LIBGPUSPATIAL] [ 12327][17:59:52:885182][info  ] RTSpatialIndex 0x77600000ac10 (Used 1 MB), Allocate result buffer, memory consumption 0 MB, capacity 12
[LIBGPUSPATIAL] [ 12324][17:59:52:885551][info  ] RTSpatialRefiner 0x776003d29930 (Used 1 MB), Loaded Geometries, ProbeArray 100000, Loaded 24, Type Point
[LIBGPUSPATIAL] [ 12324][17:59:52:885595][info  ] RTSpatialRefiner 0x776003d29930 (Used 1 MB), Evaluating 32 Geometry Pairs with Predicate Contains
[LIBGPUSPATIAL] [ 12327][17:59:52:885630][info  ] RTSpatialIndex 0x77600000ac10 (Used 1 MB), Probe Points, Size: 100000, Results: 12
[LIBGPUSPATIAL] [ 12326][17:59:52:885768][info  ] RTSpatialRefiner 0x776003d29930 (Used 0 MB), Loaded Geometries, ProbeArray 100000, Loaded 18, Type Point
[LIBGPUSPATIAL] [ 12326][17:59:52:885826][info  ] RTSpatialRefiner 0x776003d29930 (Used 0 MB), Evaluating 27 Geometry Pairs with Predicate Contains
[LIBGPUSPATIAL] [ 12327][17:59:52:887995][info  ] RTSpatialRefiner 0x776003d29930 (Used 0 MB), Loaded Geometries, ProbeArray 100000, Loaded 11, Type Point
[LIBGPUSPATIAL] [ 12327][17:59:52:888040][info  ] RTSpatialRefiner 0x776003d29930 (Used 0 MB), Evaluating 12 Geometry Pairs with Predicate Contains
[LIBGPUSPATIAL] [ 12323][17:59:52:893655][info  ] RTSpatialIndex 0x77600000ac10 (Used 0 MB), Allocate result buffer, memory consumption 0 MB, capacity 9
[LIBGPUSPATIAL] [ 12323][17:59:52:893785][info  ] RTSpatialIndex 0x77600000ac10 (Used 0 MB), Probe Points, Size: 33333, Results: 9
[LIBGPUSPATIAL] [ 12323][17:59:52:894262][info  ] RTSpatialRefiner 0x776003d29930 (Used 0 MB), Loaded Geometries, ProbeArray 33333, Loaded 8, Type Point
[LIBGPUSPATIAL] [ 12323][17:59:52:894306][info  ] RTSpatialRefiner 0x776003d29930 (Used 0 MB), Evaluating 9 Geometry Pairs with Predicate Contains
[LIBGPUSPATIAL] [ 12327][17:59:52:894716][info  ] RTSpatialIndex 0x77600000ac10 (Used 0 MB), Allocate result buffer, memory consumption 0 MB, capacity 4
[LIBGPUSPATIAL] [ 12327][17:59:52:895379][info  ] RTSpatialIndex 0x77600000ac10 (Used 1 MB), Probe Points, Size: 33333, Results: 4
[LIBGPUSPATIAL] [ 12330][17:59:52:895553][info  ] RTSpatialIndex 0x77600000ac10 (Used 1 MB), Allocate result buffer, memory consumption 0 MB, capacity 25
[LIBGPUSPATIAL] [ 12330][17:59:52:895992][info  ] RTSpatialIndex 0x77600000ac10 (Used 1 MB), Probe Points, Size: 100000, Results: 25
[LIBGPUSPATIAL] [ 12328][17:59:52:896077][info  ] RTSpatialIndex 0x77600000ac10 (Used 1 MB), Allocate result buffer, memory consumption 0 MB, capacity 20
[LIBGPUSPATIAL] [ 12327][17:59:52:896311][info  ] RTSpatialRefiner 0x776003d29930 (Used 2 MB), Loaded Geometries, ProbeArray 33333, Loaded 3, Type Point
[LIBGPUSPATIAL] [ 12327][17:59:52:896419][info  ] RTSpatialRefiner 0x776003d29930 (Used 2 MB), Evaluating 4 Geometry Pairs with Predicate Contains
[LIBGPUSPATIAL] [ 12328][17:59:52:896486][info  ] RTSpatialIndex 0x77600000ac10 (Used 1 MB), Probe Points, Size: 100000, Results: 20
[LIBGPUSPATIAL] [ 12325][17:59:52:896810][info  ] RTSpatialIndex 0x77600000ac10 (Used 1 MB), Allocate result buffer, memory consumption 0 MB, capacity 10
[LIBGPUSPATIAL] [ 12330][17:59:52:897142][info  ] RTSpatialRefiner 0x776003d29930 (Used 1 MB), Loaded Geometries, ProbeArray 100000, Loaded 20, Type Point
[LIBGPUSPATIAL] [ 12330][17:59:52:897178][info  ] RTSpatialRefiner 0x776003d29930 (Used 1 MB), Evaluating 25 Geometry Pairs with Predicate Contains
[LIBGPUSPATIAL] [ 12325][17:59:52:897455][info  ] RTSpatialIndex 0x77600000ac10 (Used 1 MB), Probe Points, Size: 100000, Results: 10
[LIBGPUSPATIAL] [ 12328][17:59:52:899047][info  ] RTSpatialRefiner 0x776003d29930 (Used 0 MB), Loaded Geometries, ProbeArray 100000, Loaded 15, Type Point
[LIBGPUSPATIAL] [ 12328][17:59:52:899098][info  ] RTSpatialRefiner 0x776003d29930 (Used 0 MB), Evaluating 20 Geometry Pairs with Predicate Contains
[LIBGPUSPATIAL] [ 12329][17:59:52:902289][info  ] RTSpatialIndex 0x77600000ac10 (Used 2 MB), Allocate result buffer, memory consumption 0 MB, capacity 37
[LIBGPUSPATIAL] [ 12329][17:59:52:902912][info  ] RTSpatialIndex 0x77600000ac10 (Used 2 MB), Probe Points, Size: 100000, Results: 37
[LIBGPUSPATIAL] [ 12325][17:59:52:902957][info  ] RTSpatialRefiner 0x776003d29930 (Used 1 MB), Loaded Geometries, ProbeArray 100000, Loaded 8, Type Point
[LIBGPUSPATIAL] [ 12325][17:59:52:903002][info  ] RTSpatialRefiner 0x776003d29930 (Used 2 MB), Evaluating 10 Geometry Pairs with Predicate Contains
[LIBGPUSPATIAL] [ 12326][17:59:52:903483][info  ] RTSpatialIndex 0x77600000ac10 (Used 1 MB), Allocate result buffer, memory consumption 0 MB, capacity 10
[LIBGPUSPATIAL] [ 12329][17:59:52:903562][info  ] RTSpatialRefiner 0x776003d29930 (Used 1 MB), Loaded Geometries, ProbeArray 100000, Loaded 28, Type Point
[LIBGPUSPATIAL] [ 12329][17:59:52:903645][info  ] RTSpatialRefiner 0x776003d29930 (Used 1 MB), Evaluating 37 Geometry Pairs with Predicate Contains
[LIBGPUSPATIAL] [ 12326][17:59:52:903958][info  ] RTSpatialIndex 0x77600000ac10 (Used 1 MB), Probe Points, Size: 100000, Results: 10
[LIBGPUSPATIAL] [ 12324][17:59:52:904418][info  ] RTSpatialIndex 0x77600000ac10 (Used 1 MB), Allocate result buffer, memory consumption 0 MB, capacity 30
[LIBGPUSPATIAL] [ 12326][17:59:52:904913][info  ] RTSpatialRefiner 0x776003d29930 (Used 1 MB), Loaded Geometries, ProbeArray 100000, Loaded 8, Type Point
[LIBGPUSPATIAL] [ 12326][17:59:52:905004][info  ] RTSpatialRefiner 0x776003d29930 (Used 1 MB), Evaluating 10 Geometry Pairs with Predicate Contains
[LIBGPUSPATIAL] [ 12324][17:59:52:905077][info  ] RTSpatialIndex 0x77600000ac10 (Used 1 MB), Probe Points, Size: 100000, Results: 30
[LIBGPUSPATIAL] [ 12324][17:59:52:908720][info  ] RTSpatialRefiner 0x776003d29930 (Used 0 MB), Loaded Geometries, ProbeArray 100000, Loaded 24, Type Point
[LIBGPUSPATIAL] [ 12324][17:59:52:908782][info  ] RTSpatialRefiner 0x776003d29930 (Used 0 MB), Evaluating 30 Geometry Pairs with Predicate Contains
[LIBGPUSPATIAL] [ 12326][17:59:52:911431][info  ] RTSpatialIndex 0x77600000ac10 (Used 0 MB), Allocate result buffer, memory consumption 0 MB, capacity 11
[LIBGPUSPATIAL] [ 12326][17:59:52:911619][info  ] RTSpatialIndex 0x77600000ac10 (Used 1 MB), Probe Points, Size: 33333, Results: 11
[LIBGPUSPATIAL] [ 12329][17:59:52:911814][info  ] RTSpatialIndex 0x77600000ac10 (Used 0 MB), Allocate result buffer, memory consumption 0 MB, capacity 15
[LIBGPUSPATIAL] [ 12329][17:59:52:912174][info  ] RTSpatialIndex 0x77600000ac10 (Used 0 MB), Probe Points, Size: 33333, Results: 15
[LIBGPUSPATIAL] [ 12326][17:59:52:912459][info  ] RTSpatialRefiner 0x776003d29930 (Used 0 MB), Loaded Geometries, ProbeArray 33333, Loaded 10, Type Point
[LIBGPUSPATIAL] [ 12326][17:59:52:912506][info  ] RTSpatialRefiner 0x776003d29930 (Used 0 MB), Evaluating 11 Geometry Pairs with Predicate Contains
[LIBGPUSPATIAL] [ 12329][17:59:52:914621][info  ] RTSpatialRefiner 0x776003d29930 (Used 0 MB), Loaded Geometries, ProbeArray 33333, Loaded 9, Type Point
[LIBGPUSPATIAL] [ 12329][17:59:52:914661][info  ] RTSpatialRefiner 0x776003d29930 (Used 0 MB), Evaluating 15 Geometry Pairs with Predicate Contains
[LIBGPUSPATIAL] [ 12330][17:59:52:916579][info  ] RTSpatialIndex 0x77600000ac10 (Used 1 MB), Allocate result buffer, memory consumption 0 MB, capacity 18
[LIBGPUSPATIAL] [ 12330][17:59:52:916735][info  ] RTSpatialIndex 0x77600000ac10 (Used 1 MB), Probe Points, Size: 100000, Results: 18
[LIBGPUSPATIAL] [ 12330][17:59:52:917277][info  ] RTSpatialRefiner 0x776003d29930 (Used 0 MB), Loaded Geometries, ProbeArray 100000, Loaded 15, Type Point
[LIBGPUSPATIAL] [ 12330][17:59:52:917340][info  ] RTSpatialRefiner 0x776003d29930 (Used 0 MB), Evaluating 18 Geometry Pairs with Predicate Contains
[LIBGPUSPATIAL] [ 12328][17:59:52:919069][info  ] RTSpatialIndex 0x77600000ac10 (Used 1 MB), Allocate result buffer, memory consumption 0 MB, capacity 37
[LIBGPUSPATIAL] [ 12328][17:59:52:919313][info  ] RTSpatialIndex 0x77600000ac10 (Used 1 MB), Probe Points, Size: 100000, Results: 37
[LIBGPUSPATIAL] [ 12328][17:59:52:920405][info  ] RTSpatialRefiner 0x776003d29930 (Used 0 MB), Loaded Geometries, ProbeArray 100000, Loaded 30, Type Point
[LIBGPUSPATIAL] [ 12328][17:59:52:920455][info  ] RTSpatialRefiner 0x776003d29930 (Used 0 MB), Evaluating 37 Geometry Pairs with Predicate Contains
[LIBGPUSPATIAL] [ 12325][17:59:52:923403][info  ] RTSpatialIndex 0x77600000ac10 (Used 1 MB), Allocate result buffer, memory consumption 0 MB, capacity 16
[LIBGPUSPATIAL] [ 12325][17:59:52:923569][info  ] RTSpatialIndex 0x77600000ac10 (Used 1 MB), Probe Points, Size: 100000, Results: 16
[LIBGPUSPATIAL] [ 12325][17:59:52:924181][info  ] RTSpatialRefiner 0x776003d29930 (Used 0 MB), Loaded Geometries, ProbeArray 100000, Loaded 12, Type Point
[LIBGPUSPATIAL] [ 12325][17:59:52:924256][info  ] RTSpatialRefiner 0x776003d29930 (Used 0 MB), Evaluating 16 Geometry Pairs with Predicate Contains
[LIBGPUSPATIAL] [ 12330][17:59:52:924769][info  ] RTSpatialIndex 0x77600000ac10 (Used 0 MB), Allocate result buffer, memory consumption 0 MB, capacity 12
[LIBGPUSPATIAL] [ 12330][17:59:52:925177][info  ] RTSpatialIndex 0x77600000ac10 (Used 0 MB), Probe Points, Size: 33333, Results: 12
[LIBGPUSPATIAL] [ 12330][17:59:52:927518][info  ] RTSpatialRefiner 0x776003d29930 (Used 0 MB), Loaded Geometries, ProbeArray 33333, Loaded 7, Type Point
[LIBGPUSPATIAL] [ 12330][17:59:52:927589][info  ] RTSpatialRefiner 0x776003d29930 (Used 0 MB), Evaluating 12 Geometry Pairs with Predicate Contains
[LIBGPUSPATIAL] [ 12327][17:59:52:928972][info  ] RTSpatialIndex 0x77600000ac10 (Used 1 MB), Allocate result buffer, memory consumption 0 MB, capacity 28
[LIBGPUSPATIAL] [ 12327][17:59:52:929124][info  ] RTSpatialIndex 0x77600000ac10 (Used 1 MB), Probe Points, Size: 100000, Results: 28
[LIBGPUSPATIAL] [ 12327][17:59:52:929540][info  ] RTSpatialRefiner 0x776003d29930 (Used 0 MB), Loaded Geometries, ProbeArray 100000, Loaded 20, Type Point
[LIBGPUSPATIAL] [ 12327][17:59:52:929584][info  ] RTSpatialRefiner 0x776003d29930 (Used 0 MB), Evaluating 28 Geometry Pairs with Predicate Contains
[LIBGPUSPATIAL] [ 12324][17:59:52:930983][info  ] RTSpatialIndex 0x77600000ac10 (Used 1 MB), Allocate result buffer, memory consumption 0 MB, capacity 20
[LIBGPUSPATIAL] [ 12324][17:59:52:931132][info  ] RTSpatialIndex 0x77600000ac10 (Used 1 MB), Probe Points, Size: 100000, Results: 20
[LIBGPUSPATIAL] [ 12324][17:59:52:931511][info  ] RTSpatialRefiner 0x776003d29930 (Used 1 MB), Loaded Geometries, ProbeArray 100000, Loaded 17, Type Point
[LIBGPUSPATIAL] [ 12324][17:59:52:931592][info  ] RTSpatialRefiner 0x776003d29930 (Used 1 MB), Evaluating 20 Geometry Pairs with Predicate Contains
[LIBGPUSPATIAL] [ 12323][17:59:52:932722][info  ] RTSpatialIndex 0x77600000ac10 (Used 1 MB), Allocate result buffer, memory consumption 0 MB, capacity 23
[LIBGPUSPATIAL] [ 12323][17:59:52:932866][info  ] RTSpatialIndex 0x77600000ac10 (Used 1 MB), Probe Points, Size: 100000, Results: 23
[LIBGPUSPATIAL] [ 12323][17:59:52:935171][info  ] RTSpatialRefiner 0x776003d29930 (Used 0 MB), Loaded Geometries, ProbeArray 100000, Loaded 18, Type Point
[LIBGPUSPATIAL] [ 12323][17:59:52:935221][info  ] RTSpatialRefiner 0x776003d29930 (Used 0 MB), Evaluating 23 Geometry Pairs with Predicate Contains
[LIBGPUSPATIAL] [ 12324][17:59:52:940826][info  ] RTSpatialIndex 0x77600000ac10 (Used 0 MB), Allocate result buffer, memory consumption 0 MB, capacity 9
[LIBGPUSPATIAL] [ 12324][17:59:52:941049][info  ] RTSpatialIndex 0x77600000ac10 (Used 0 MB), Probe Points, Size: 33333, Results: 9
[LIBGPUSPATIAL] [ 12328][17:59:52:941762][info  ] RTSpatialIndex 0x77600000ac10 (Used 1 MB), Allocate result buffer, memory consumption 0 MB, capacity 24
[LIBGPUSPATIAL] [ 12328][17:59:52:941948][info  ] RTSpatialIndex 0x77600000ac10 (Used 1 MB), Probe Points, Size: 100000, Results: 24
[LIBGPUSPATIAL] [ 12324][17:59:52:943110][info  ] RTSpatialRefiner 0x776003d29930 (Used 1 MB), Loaded Geometries, ProbeArray 33333, Loaded 7, Type Point
[LIBGPUSPATIAL] [ 12325][17:59:52:943116][info  ] RTSpatialIndex 0x77600000ac10 (Used 1 MB), Allocate result buffer, memory consumption 0 MB, capacity 25
[LIBGPUSPATIAL] [ 12324][17:59:52:943161][info  ] RTSpatialRefiner 0x776003d29930 (Used 1 MB), Evaluating 9 Geometry Pairs with Predicate Contains
[LIBGPUSPATIAL] [ 12328][17:59:52:943220][info  ] RTSpatialRefiner 0x776003d29930 (Used 1 MB), Loaded Geometries, ProbeArray 100000, Loaded 21, Type Point
[LIBGPUSPATIAL] [ 12328][17:59:52:943262][info  ] RTSpatialRefiner 0x776003d29930 (Used 1 MB), Evaluating 24 Geometry Pairs with Predicate Contains
[LIBGPUSPATIAL] [ 12325][17:59:52:943940][info  ] RTSpatialIndex 0x77600000ac10 (Used 2 MB), Probe Points, Size: 100000, Results: 25
[LIBGPUSPATIAL] [ 12329][17:59:52:944024][info  ] RTSpatialIndex 0x77600000ac10 (Used 1 MB), Allocate result buffer, memory consumption 0 MB, capacity 23
[LIBGPUSPATIAL] [ 12329][17:59:52:944532][info  ] RTSpatialIndex 0x77600000ac10 (Used 1 MB), Probe Points, Size: 100000, Results: 23
[LIBGPUSPATIAL] [ 12325][17:59:52:944778][info  ] RTSpatialRefiner 0x776003d29930 (Used 0 MB), Loaded Geometries, ProbeArray 100000, Loaded 17, Type Point
[LIBGPUSPATIAL] [ 12325][17:59:52:944869][info  ] RTSpatialRefiner 0x776003d29930 (Used 0 MB), Evaluating 25 Geometry Pairs with Predicate Contains
[LIBGPUSPATIAL] [ 12329][17:59:52:945058][info  ] RTSpatialRefiner 0x776003d29930 (Used 0 MB), Loaded Geometries, ProbeArray 100000, Loaded 17, Type Point
[LIBGPUSPATIAL] [ 12329][17:59:52:945104][info  ] RTSpatialRefiner 0x776003d29930 (Used 0 MB), Evaluating 23 Geometry Pairs with Predicate Contains
[LIBGPUSPATIAL] [ 12327][17:59:52:946417][info  ] RTSpatialIndex 0x77600000ac10 (Used 1 MB), Allocate result buffer, memory consumption 0 MB, capacity 25
[LIBGPUSPATIAL] [ 12327][17:59:52:946559][info  ] RTSpatialIndex 0x77600000ac10 (Used 1 MB), Probe Points, Size: 100000, Results: 25
[LIBGPUSPATIAL] [ 12327][17:59:52:946933][info  ] RTSpatialRefiner 0x776003d29930 (Used 0 MB), Loaded Geometries, ProbeArray 100000, Loaded 20, Type Point
[LIBGPUSPATIAL] [ 12327][17:59:52:946981][info  ] RTSpatialRefiner 0x776003d29930 (Used 0 MB), Evaluating 25 Geometry Pairs with Predicate Contains
[LIBGPUSPATIAL] [ 12330][17:59:52:949604][info  ] RTSpatialIndex 0x77600000ac10 (Used 1 MB), Allocate result buffer, memory consumption 0 MB, capacity 23
[LIBGPUSPATIAL] [ 12330][17:59:52:949801][info  ] RTSpatialIndex 0x77600000ac10 (Used 1 MB), Probe Points, Size: 100000, Results: 23
[LIBGPUSPATIAL] [ 12330][17:59:52:950305][info  ] RTSpatialRefiner 0x776003d29930 (Used 0 MB), Loaded Geometries, ProbeArray 100000, Loaded 18, Type Point
[LIBGPUSPATIAL] [ 12330][17:59:52:950378][info  ] RTSpatialRefiner 0x776003d29930 (Used 0 MB), Evaluating 23 Geometry Pairs with Predicate Contains
[LIBGPUSPATIAL] [ 12328][17:59:52:951059][info  ] RTSpatialIndex 0x77600000ac10 (Used 0 MB), Allocate result buffer, memory consumption 0 MB, capacity 7
[LIBGPUSPATIAL] [ 12328][17:59:52:951404][info  ] RTSpatialIndex 0x77600000ac10 (Used 0 MB), Probe Points, Size: 33333, Results: 7
[LIBGPUSPATIAL] [ 12328][17:59:52:951767][info  ] RTSpatialRefiner 0x776003d29930 (Used 0 MB), Loaded Geometries, ProbeArray 33333, Loaded 6, Type Point
[LIBGPUSPATIAL] [ 12328][17:59:52:951815][info  ] RTSpatialRefiner 0x776003d29930 (Used 0 MB), Evaluating 7 Geometry Pairs with Predicate Contains
[LIBGPUSPATIAL] [ 12325][17:59:52:953485][info  ] RTSpatialIndex 0x77600000ac10 (Used 0 MB), Allocate result buffer, memory consumption 0 MB, capacity 7
[LIBGPUSPATIAL] [ 12325][17:59:52:953598][info  ] RTSpatialIndex 0x77600000ac10 (Used 0 MB), Probe Points, Size: 33333, Results: 7
[LIBGPUSPATIAL] [ 12323][17:59:52:954285][info  ] RTSpatialIndex 0x77600000ac10 (Used 1 MB), Allocate result buffer, memory consumption 0 MB, capacity 19
[LIBGPUSPATIAL] [ 12323][17:59:52:954416][info  ] RTSpatialIndex 0x77600000ac10 (Used 1 MB), Probe Points, Size: 100000, Results: 19
[LIBGPUSPATIAL] [ 12323][17:59:52:955808][info  ] RTSpatialRefiner 0x776003d29930 (Used 0 MB), Loaded Geometries, ProbeArray 100000, Loaded 16, Type Point
[LIBGPUSPATIAL] [ 12325][17:59:52:955819][info  ] RTSpatialRefiner 0x776003d29930 (Used 0 MB), Loaded Geometries, ProbeArray 33333, Loaded 5, Type Point
[LIBGPUSPATIAL] [ 12323][17:59:52:955884][info  ] RTSpatialRefiner 0x776003d29930 (Used 0 MB), Evaluating 19 Geometry Pairs with Predicate Contains
[LIBGPUSPATIAL] [ 12325][17:59:52:955892][info  ] RTSpatialRefiner 0x776003d29930 (Used 0 MB), Evaluating 7 Geometry Pairs with Predicate Contains
[LIBGPUSPATIAL] [ 12326][17:59:52:960117][info  ] RTSpatialIndex 0x77600000ac10 (Used 1 MB), Allocate result buffer, memory consumption 0 MB, capacity 22
[LIBGPUSPATIAL] [ 12326][17:59:52:960299][info  ] RTSpatialIndex 0x77600000ac10 (Used 1 MB), Probe Points, Size: 100000, Results: 22
[LIBGPUSPATIAL] [ 12326][17:59:52:961100][info  ] RTSpatialRefiner 0x776003d29930 (Used 0 MB), Loaded Geometries, ProbeArray 100000, Loaded 17, Type Point
[LIBGPUSPATIAL] [ 12326][17:59:52:961149][info  ] RTSpatialRefiner 0x776003d29930 (Used 0 MB), Evaluating 22 Geometry Pairs with Predicate Contains
[LIBGPUSPATIAL] [ 12329][17:59:52:962764][info  ] RTSpatialIndex 0x77600000ac10 (Used 1 MB), Allocate result buffer, memory consumption 0 MB, capacity 28
[LIBGPUSPATIAL] [ 12329][17:59:52:962929][info  ] RTSpatialIndex 0x77600000ac10 (Used 1 MB), Probe Points, Size: 100000, Results: 28
[LIBGPUSPATIAL] [ 12327][17:59:52:963676][info  ] RTSpatialIndex 0x77600000ac10 (Used 1 MB), Allocate result buffer, memory consumption 0 MB, capacity 21
[LIBGPUSPATIAL] [ 12327][17:59:52:963785][info  ] RTSpatialIndex 0x77600000ac10 (Used 1 MB), Probe Points, Size: 100000, Results: 21
[LIBGPUSPATIAL] [ 12329][17:59:52:965048][info  ] RTSpatialRefiner 0x776003d29930 (Used 0 MB), Loaded Geometries, ProbeArray 100000, Loaded 23, Type Point
[LIBGPUSPATIAL] [ 12329][17:59:52:965103][info  ] RTSpatialRefiner 0x776003d29930 (Used 0 MB), Evaluating 28 Geometry Pairs with Predicate Contains
[LIBGPUSPATIAL] [ 12327][17:59:52:965194][info  ] RTSpatialRefiner 0x776003d29930 (Used 0 MB), Loaded Geometries, ProbeArray 100000, Loaded 17, Type Point
[LIBGPUSPATIAL] [ 12327][17:59:52:965241][info  ] RTSpatialRefiner 0x776003d29930 (Used 0 MB), Evaluating 21 Geometry Pairs with Predicate Contains
[LIBGPUSPATIAL] [ 12330][17:59:52:969675][info  ] RTSpatialIndex 0x77600000ac10 (Used 1 MB), Allocate result buffer, memory consumption 0 MB, capacity 19
[LIBGPUSPATIAL] [ 12330][17:59:52:969907][info  ] RTSpatialIndex 0x77600000ac10 (Used 1 MB), Probe Points, Size: 100000, Results: 19
[LIBGPUSPATIAL] [ 12330][17:59:52:970516][info  ] RTSpatialRefiner 0x776003d29930 (Used 0 MB), Loaded Geometries, ProbeArray 100000, Loaded 15, Type Point
[LIBGPUSPATIAL] [ 12330][17:59:52:970589][info  ] RTSpatialRefiner 0x776003d29930 (Used 0 MB), Evaluating 19 Geometry Pairs with Predicate Contains
[LIBGPUSPATIAL] [ 12323][17:59:52:975296][info  ] RTSpatialIndex 0x77600000ac10 (Used 1 MB), Allocate result buffer, memory consumption 0 MB, capacity 31
[LIBGPUSPATIAL] [ 12323][17:59:52:975440][info  ] RTSpatialIndex 0x77600000ac10 (Used 1 MB), Probe Points, Size: 100000, Results: 31
[LIBGPUSPATIAL] [ 12323][17:59:52:975876][info  ] RTSpatialRefiner 0x776003d29930 (Used 0 MB), Loaded Geometries, ProbeArray 100000, Loaded 25, Type Point
[LIBGPUSPATIAL] [ 12323][17:59:52:975920][info  ] RTSpatialRefiner 0x776003d29930 (Used 0 MB), Evaluating 31 Geometry Pairs with Predicate Contains
[LIBGPUSPATIAL] [ 12326][17:59:52:978474][info  ] RTSpatialIndex 0x77600000ac10 (Used 1 MB), Allocate result buffer, memory consumption 0 MB, capacity 19
[LIBGPUSPATIAL] [ 12326][17:59:52:978624][info  ] RTSpatialIndex 0x77600000ac10 (Used 1 MB), Probe Points, Size: 100000, Results: 19
[LIBGPUSPATIAL] [ 12326][17:59:52:979997][info  ] RTSpatialRefiner 0x776003d29930 (Used 0 MB), Loaded Geometries, ProbeArray 100000, Loaded 17, Type Point
[LIBGPUSPATIAL] [ 12326][17:59:52:980052][info  ] RTSpatialRefiner 0x776003d29930 (Used 0 MB), Evaluating 19 Geometry Pairs with Predicate Contains
[LIBGPUSPATIAL] [ 12327][17:59:52:982232][info  ] RTSpatialIndex 0x77600000ac10 (Used 1 MB), Allocate result buffer, memory consumption 0 MB, capacity 34
[LIBGPUSPATIAL] [ 12327][17:59:52:982365][info  ] RTSpatialIndex 0x77600000ac10 (Used 1 MB), Probe Points, Size: 100000, Results: 34
[LIBGPUSPATIAL] [ 12327][17:59:52:982690][info  ] RTSpatialRefiner 0x776003d29930 (Used 0 MB), Loaded Geometries, ProbeArray 100000, Loaded 24, Type Point
[LIBGPUSPATIAL] [ 12327][17:59:52:982746][info  ] RTSpatialRefiner 0x776003d29930 (Used 1 MB), Evaluating 34 Geometry Pairs with Predicate Contains
[LIBGPUSPATIAL] [ 12325][17:59:52:983306][info  ] RTSpatialIndex 0x77600000ac10 (Used 1 MB), Allocate result buffer, memory consumption 0 MB, capacity 29
[LIBGPUSPATIAL] [ 12325][17:59:52:983720][info  ] RTSpatialIndex 0x77600000ac10 (Used 1 MB), Probe Points, Size: 100000, Results: 29
[LIBGPUSPATIAL] [ 12329][17:59:52:984542][info  ] RTSpatialIndex 0x77600000ac10 (Used 1 MB), Allocate result buffer, memory consumption 0 MB, capacity 22
[LIBGPUSPATIAL] [ 12329][17:59:52:984675][info  ] RTSpatialIndex 0x77600000ac10 (Used 1 MB), Probe Points, Size: 100000, Results: 22
[LIBGPUSPATIAL] [ 12329][17:59:52:985985][info  ] RTSpatialRefiner 0x776003d29930 (Used 0 MB), Loaded Geometries, ProbeArray 100000, Loaded 14, Type Point
[LIBGPUSPATIAL] [ 12329][17:59:52:986039][info  ] RTSpatialRefiner 0x776003d29930 (Used 1 MB), Evaluating 22 Geometry Pairs with Predicate Contains
[LIBGPUSPATIAL] [ 12325][17:59:52:986080][info  ] RTSpatialRefiner 0x776003d29930 (Used 1 MB), Loaded Geometries, ProbeArray 100000, Loaded 21, Type Point
[LIBGPUSPATIAL] [ 12325][17:59:52:986142][info  ] RTSpatialRefiner 0x776003d29930 (Used 1 MB), Evaluating 29 Geometry Pairs with Predicate Contains
[LIBGPUSPATIAL] [ 12328][17:59:52:986543][info  ] RTSpatialIndex 0x77600000ac10 (Used 1 MB), Allocate result buffer, memory consumption 0 MB, capacity 18
[LIBGPUSPATIAL] [ 12328][17:59:52:986810][info  ] RTSpatialIndex 0x77600000ac10 (Used 1 MB), Probe Points, Size: 100000, Results: 18
[LIBGPUSPATIAL] [ 12330][17:59:52:988537][info  ] RTSpatialIndex 0x77600000ac10 (Used 1 MB), Allocate result buffer, memory consumption 0 MB, capacity 29
[LIBGPUSPATIAL] [ 12330][17:59:52:988669][info  ] RTSpatialIndex 0x77600000ac10 (Used 1 MB), Probe Points, Size: 100000, Results: 29
[LIBGPUSPATIAL] [ 12328][17:59:52:990062][info  ] RTSpatialRefiner 0x776003d29930 (Used 1 MB), Loaded Geometries, ProbeArray 100000, Loaded 15, Type Point
[LIBGPUSPATIAL] [ 12328][17:59:52:990116][info  ] RTSpatialRefiner 0x776003d29930 (Used 1 MB), Evaluating 18 Geometry Pairs with Predicate Contains
[LIBGPUSPATIAL] [ 12330][17:59:52:990367][info  ] RTSpatialRefiner 0x776003d29930 (Used 1 MB), Loaded Geometries, ProbeArray 100000, Loaded 22, Type Point
[LIBGPUSPATIAL] [ 12330][17:59:52:990491][info  ] RTSpatialRefiner 0x776003d29930 (Used 1 MB), Evaluating 29 Geometry Pairs with Predicate Contains
[LIBGPUSPATIAL] [ 12324][17:59:52:990638][info  ] RTSpatialIndex 0x77600000ac10 (Used 1 MB), Allocate result buffer, memory consumption 0 MB, capacity 22
[LIBGPUSPATIAL] [ 12324][17:59:52:991267][info  ] RTSpatialIndex 0x77600000ac10 (Used 1 MB), Probe Points, Size: 100000, Results: 22
[LIBGPUSPATIAL] [ 12323][17:59:52:992499][info  ] RTSpatialIndex 0x77600000ac10 (Used 1 MB), Allocate result buffer, memory consumption 0 MB, capacity 22
[LIBGPUSPATIAL] [ 12323][17:59:52:992644][info  ] RTSpatialIndex 0x77600000ac10 (Used 1 MB), Probe Points, Size: 100000, Results: 22
[LIBGPUSPATIAL] [ 12324][17:59:52:993005][info  ] RTSpatialRefiner 0x776003d29930 (Used 0 MB), Loaded Geometries, ProbeArray 100000, Loaded 20, Type Point
[LIBGPUSPATIAL] [ 12324][17:59:52:993047][info  ] RTSpatialRefiner 0x776003d29930 (Used 0 MB), Evaluating 22 Geometry Pairs with Predicate Contains
[LIBGPUSPATIAL] [ 12323][17:59:52:995291][info  ] RTSpatialRefiner 0x776003d29930 (Used 0 MB), Loaded Geometries, ProbeArray 100000, Loaded 17, Type Point
[LIBGPUSPATIAL] [ 12323][17:59:52:995452][info  ] RTSpatialRefiner 0x776003d29930 (Used 1 MB), Evaluating 22 Geometry Pairs with Predicate Contains
[LIBGPUSPATIAL] [ 12326][17:59:52:995877][info  ] RTSpatialIndex 0x77600000ac10 (Used 1 MB), Allocate result buffer, memory consumption 0 MB, capacity 15
[LIBGPUSPATIAL] [ 12326][17:59:52:996060][info  ] RTSpatialIndex 0x77600000ac10 (Used 1 MB), Probe Points, Size: 100000, Results: 15
[LIBGPUSPATIAL] [ 12326][17:59:52:997897][info  ] RTSpatialRefiner 0x776003d29930 (Used 0 MB), Loaded Geometries, ProbeArray 100000, Loaded 13, Type Point
[LIBGPUSPATIAL] [ 12326][17:59:52:997946][info  ] RTSpatialRefiner 0x776003d29930 (Used 0 MB), Evaluating 15 Geometry Pairs with Predicate Contains
[LIBGPUSPATIAL] [ 12327][17:59:52:998826][info  ] RTSpatialIndex 0x77600000ac10 (Used 1 MB), Allocate result buffer, memory consumption 0 MB, capacity 23
[LIBGPUSPATIAL] [ 12327][17:59:52:998970][info  ] RTSpatialIndex 0x77600000ac10 (Used 1 MB), Probe Points, Size: 100000, Results: 23
[LIBGPUSPATIAL] [ 12327][17:59:53:001163][info  ] RTSpatialRefiner 0x776003d29930 (Used 0 MB), Loaded Geometries, ProbeArray 100000, Loaded 17, Type Point
[LIBGPUSPATIAL] [ 12327][17:59:53:001242][info  ] RTSpatialRefiner 0x776003d29930 (Used 0 MB), Evaluating 23 Geometry Pairs with Predicate Contains
[LIBGPUSPATIAL] [ 12329][17:59:53:003989][info  ] RTSpatialIndex 0x77600000ac10 (Used 1 MB), Allocate result buffer, memory consumption 0 MB, capacity 15
[LIBGPUSPATIAL] [ 12329][17:59:53:004119][info  ] RTSpatialIndex 0x77600000ac10 (Used 1 MB), Probe Points, Size: 100000, Results: 15
[LIBGPUSPATIAL] [ 12329][17:59:53:004610][info  ] RTSpatialRefiner 0x776003d29930 (Used 0 MB), Loaded Geometries, ProbeArray 100000, Loaded 10, Type Point
[LIBGPUSPATIAL] [ 12329][17:59:53:004664][info  ] RTSpatialRefiner 0x776003d29930 (Used 0 MB), Evaluating 15 Geometry Pairs with Predicate Contains
[LIBGPUSPATIAL] [ 12325][17:59:53:005625][info  ] RTSpatialIndex 0x77600000ac10 (Used 1 MB), Allocate result buffer, memory consumption 0 MB, capacity 21
[LIBGPUSPATIAL] [ 12325][17:59:53:005758][info  ] RTSpatialIndex 0x77600000ac10 (Used 1 MB), Probe Points, Size: 100000, Results: 21
[LIBGPUSPATIAL] [ 12325][17:59:53:006091][info  ] RTSpatialRefiner 0x776003d29930 (Used 0 MB), Loaded Geometries, ProbeArray 100000, Loaded 16, Type Point
[LIBGPUSPATIAL] [ 12325][17:59:53:006134][info  ] RTSpatialRefiner 0x776003d29930 (Used 0 MB), Evaluating 21 Geometry Pairs with Predicate Contains
[LIBGPUSPATIAL] [ 12330][17:59:53:007079][info  ] RTSpatialIndex 0x77600000ac10 (Used 1 MB), Allocate result buffer, memory consumption 0 MB, capacity 22
[LIBGPUSPATIAL] [ 12330][17:59:53:007215][info  ] RTSpatialIndex 0x77600000ac10 (Used 1 MB), Probe Points, Size: 100000, Results: 22
[LIBGPUSPATIAL] [ 12330][17:59:53:007545][info  ] RTSpatialRefiner 0x776003d29930 (Used 0 MB), Loaded Geometries, ProbeArray 100000, Loaded 18, Type Point
[LIBGPUSPATIAL] [ 12330][17:59:53:007591][info  ] RTSpatialRefiner 0x776003d29930 (Used 0 MB), Evaluating 22 Geometry Pairs with Predicate Contains
[LIBGPUSPATIAL] [ 12328][17:59:53:009722][info  ] RTSpatialIndex 0x77600000ac10 (Used 1 MB), Allocate result buffer, memory consumption 0 MB, capacity 18
[LIBGPUSPATIAL] [ 12328][17:59:53:009879][info  ] RTSpatialIndex 0x77600000ac10 (Used 1 MB), Probe Points, Size: 100000, Results: 18
[LIBGPUSPATIAL] [ 12328][17:59:53:011381][info  ] RTSpatialRefiner 0x776003d29930 (Used 0 MB), Loaded Geometries, ProbeArray 100000, Loaded 14, Type Point
[LIBGPUSPATIAL] [ 12328][17:59:53:011444][info  ] RTSpatialRefiner 0x776003d29930 (Used 0 MB), Evaluating 18 Geometry Pairs with Predicate Contains
[LIBGPUSPATIAL] [ 12323][17:59:53:011978][info  ] RTSpatialIndex 0x77600000ac10 (Used 1 MB), Allocate result buffer, memory consumption 0 MB, capacity 26
[LIBGPUSPATIAL] [ 12323][17:59:53:013204][info  ] RTSpatialIndex 0x77600000ac10 (Used 1 MB), Probe Points, Size: 100000, Results: 26
[LIBGPUSPATIAL] [ 12324][17:59:53:013516][info  ] RTSpatialIndex 0x77600000ac10 (Used 1 MB), Allocate result buffer, memory consumption 0 MB, capacity 34
[LIBGPUSPATIAL] [ 12324][17:59:53:013669][info  ] RTSpatialIndex 0x77600000ac10 (Used 2 MB), Probe Points, Size: 100000, Results: 34
[LIBGPUSPATIAL] [ 12326][17:59:53:014061][info  ] RTSpatialIndex 0x77600000ac10 (Used 1 MB), Allocate result buffer, memory consumption 0 MB, capacity 18
[LIBGPUSPATIAL] [ 12326][17:59:53:014197][info  ] RTSpatialIndex 0x77600000ac10 (Used 1 MB), Probe Points, Size: 100000, Results: 18
[LIBGPUSPATIAL] [ 12323][17:59:53:014586][info  ] RTSpatialRefiner 0x776003d29930 (Used 0 MB), Loaded Geometries, ProbeArray 100000, Loaded 20, Type Point
[LIBGPUSPATIAL] [ 12323][17:59:53:014638][info  ] RTSpatialRefiner 0x776003d29930 (Used 0 MB), Evaluating 26 Geometry Pairs with Predicate Contains
[LIBGPUSPATIAL] [ 12326][17:59:53:015501][info  ] RTSpatialRefiner 0x776003d29930 (Used 0 MB), Loaded Geometries, ProbeArray 100000, Loaded 14, Type Point
[LIBGPUSPATIAL] [ 12326][17:59:53:015553][info  ] RTSpatialRefiner 0x776003d29930 (Used 0 MB), Evaluating 18 Geometry Pairs with Predicate Contains
[LIBGPUSPATIAL] [ 12324][17:59:53:016455][info  ] RTSpatialRefiner 0x776003d29930 (Used 0 MB), Loaded Geometries, ProbeArray 100000, Loaded 23, Type Point
[LIBGPUSPATIAL] [ 12324][17:59:53:016505][info  ] RTSpatialRefiner 0x776003d29930 (Used 0 MB), Evaluating 34 Geometry Pairs with Predicate Contains
[LIBGPUSPATIAL] [ 12327][17:59:53:018406][info  ] RTSpatialIndex 0x77600000ac10 (Used 1 MB), Allocate result buffer, memory consumption 0 MB, capacity 21
[LIBGPUSPATIAL] [ 12327][17:59:53:018561][info  ] RTSpatialIndex 0x77600000ac10 (Used 1 MB), Probe Points, Size: 100000, Results: 21
[LIBGPUSPATIAL] [ 12327][17:59:53:019408][info  ] RTSpatialRefiner 0x776003d29930 (Used 0 MB), Loaded Geometries, ProbeArray 100000, Loaded 17, Type Point
[LIBGPUSPATIAL] [ 12327][17:59:53:019476][info  ] RTSpatialRefiner 0x776003d29930 (Used 0 MB), Evaluating 21 Geometry Pairs with Predicate Contains
[LIBGPUSPATIAL] [ 12329][17:59:53:021689][info  ] RTSpatialIndex 0x77600000ac10 (Used 1 MB), Allocate result buffer, memory consumption 0 MB, capacity 20
[LIBGPUSPATIAL] [ 12329][17:59:53:021887][info  ] RTSpatialIndex 0x77600000ac10 (Used 1 MB), Probe Points, Size: 100000, Results: 20
[LIBGPUSPATIAL] [ 12325][17:59:53:022418][info  ] RTSpatialIndex 0x77600000ac10 (Used 1 MB), Allocate result buffer, memory consumption 0 MB, capacity 19
[LIBGPUSPATIAL] [ 12325][17:59:53:022543][info  ] RTSpatialIndex 0x77600000ac10 (Used 1 MB), Probe Points, Size: 100000, Results: 19
[LIBGPUSPATIAL] [ 12329][17:59:53:023015][info  ] RTSpatialRefiner 0x776003d29930 (Used 0 MB), Loaded Geometries, ProbeArray 100000, Loaded 16, Type Point
[LIBGPUSPATIAL] [ 12329][17:59:53:023065][info  ] RTSpatialRefiner 0x776003d29930 (Used 0 MB), Evaluating 20 Geometry Pairs with Predicate Contains
[LIBGPUSPATIAL] [ 12325][17:59:53:023105][info  ] RTSpatialRefiner 0x776003d29930 (Used 0 MB), Loaded Geometries, ProbeArray 100000, Loaded 13, Type Point
[LIBGPUSPATIAL] [ 12325][17:59:53:023151][info  ] RTSpatialRefiner 0x776003d29930 (Used 0 MB), Evaluating 19 Geometry Pairs with Predicate Contains
[LIBGPUSPATIAL] [ 12330][17:59:53:024006][info  ] RTSpatialIndex 0x77600000ac10 (Used 1 MB), Allocate result buffer, memory consumption 0 MB, capacity 22
[LIBGPUSPATIAL] [ 12330][17:59:53:024445][info  ] RTSpatialIndex 0x77600000ac10 (Used 1 MB), Probe Points, Size: 100000, Results: 22
[LIBGPUSPATIAL] [ 12330][17:59:53:024799][info  ] RTSpatialRefiner 0x776003d29930 (Used 0 MB), Loaded Geometries, ProbeArray 100000, Loaded 15, Type Point
[LIBGPUSPATIAL] [ 12330][17:59:53:024836][info  ] RTSpatialRefiner 0x776003d29930 (Used 0 MB), Evaluating 22 Geometry Pairs with Predicate Contains
[LIBGPUSPATIAL] [ 12326][17:59:53:031875][info  ] RTSpatialIndex 0x77600000ac10 (Used 1 MB), Allocate result buffer, memory consumption 0 MB, capacity 19
[LIBGPUSPATIAL] [ 12326][17:59:53:032010][info  ] RTSpatialIndex 0x77600000ac10 (Used 1 MB), Probe Points, Size: 100000, Results: 19
[LIBGPUSPATIAL] [ 12328][17:59:53:032498][info  ] RTSpatialIndex 0x77600000ac10 (Used 1 MB), Allocate result buffer, memory consumption 0 MB, capacity 29
[LIBGPUSPATIAL] [ 12326][17:59:53:032589][info  ] RTSpatialRefiner 0x776003d29930 (Used 1 MB), Loaded Geometries, ProbeArray 100000, Loaded 13, Type Point
[LIBGPUSPATIAL] [ 12326][17:59:53:032634][info  ] RTSpatialRefiner 0x776003d29930 (Used 1 MB), Evaluating 19 Geometry Pairs with Predicate Contains
[LIBGPUSPATIAL] [ 12328][17:59:53:032732][info  ] RTSpatialIndex 0x77600000ac10 (Used 1 MB), Probe Points, Size: 100000, Results: 29
[LIBGPUSPATIAL] [ 12323][17:59:53:033761][info  ] RTSpatialIndex 0x77600000ac10 (Used 1 MB), Allocate result buffer, memory consumption 0 MB, capacity 20
[LIBGPUSPATIAL] [ 12323][17:59:53:033936][info  ] RTSpatialIndex 0x77600000ac10 (Used 1 MB), Probe Points, Size: 100000, Results: 20
[LIBGPUSPATIAL] [ 12328][17:59:53:034018][info  ] RTSpatialRefiner 0x776003d29930 (Used 0 MB), Loaded Geometries, ProbeArray 100000, Loaded 24, Type Point
[LIBGPUSPATIAL] [ 12328][17:59:53:034095][info  ] RTSpatialRefiner 0x776003d29930 (Used 1 MB), Evaluating 29 Geometry Pairs with Predicate Contains
[LIBGPUSPATIAL] [ 12324][17:59:53:034998][info  ] RTSpatialIndex 0x77600000ac10 (Used 1 MB), Allocate result buffer, memory consumption 0 MB, capacity 21
[LIBGPUSPATIAL] [ 12323][17:59:53:035026][info  ] RTSpatialRefiner 0x776003d29930 (Used 1 MB), Loaded Geometries, ProbeArray 100000, Loaded 15, Type Point
[LIBGPUSPATIAL] [ 12323][17:59:53:035076][info  ] RTSpatialRefiner 0x776003d29930 (Used 1 MB), Evaluating 20 Geometry Pairs with Predicate Contains
[LIBGPUSPATIAL] [ 12324][17:59:53:035386][info  ] RTSpatialIndex 0x77600000ac10 (Used 1 MB), Probe Points, Size: 100000, Results: 21
[LIBGPUSPATIAL] [ 12327][17:59:53:035978][info  ] RTSpatialIndex 0x77600000ac10 (Used 1 MB), Allocate result buffer, memory consumption 0 MB, capacity 23
[LIBGPUSPATIAL] [ 12324][17:59:53:035984][info  ] RTSpatialRefiner 0x776003d29930 (Used 1 MB), Loaded Geometries, ProbeArray 100000, Loaded 16, Type Point
[LIBGPUSPATIAL] [ 12324][17:59:53:036032][info  ] RTSpatialRefiner 0x776003d29930 (Used 1 MB), Evaluating 21 Geometry Pairs with Predicate Contains
[LIBGPUSPATIAL] [ 12327][17:59:53:038143][info  ] RTSpatialIndex 0x77600000ac10 (Used 1 MB), Probe Points, Size: 100000, Results: 23
[LIBGPUSPATIAL] [ 12327][17:59:53:038746][info  ] RTSpatialRefiner 0x776003d29930 (Used 0 MB), Loaded Geometries, ProbeArray 100000, Loaded 18, Type Point
[LIBGPUSPATIAL] [ 12327][17:59:53:038813][info  ] RTSpatialRefiner 0x776003d29930 (Used 0 MB), Evaluating 23 Geometry Pairs with Predicate Contains
[LIBGPUSPATIAL] [ 12325][17:59:53:040204][info  ] RTSpatialIndex 0x77600000ac10 (Used 1 MB), Allocate result buffer, memory consumption 0 MB, capacity 30
[LIBGPUSPATIAL] [ 12329][17:59:53:040534][info  ] RTSpatialIndex 0x77600000ac10 (Used 3 MB), Allocate result buffer, memory consumption 0 MB, capacity 37
[LIBGPUSPATIAL] [ 12325][17:59:53:040968][info  ] RTSpatialIndex 0x77600000ac10 (Used 2 MB), Probe Points, Size: 100000, Results: 30
[LIBGPUSPATIAL] [ 12329][17:59:53:041159][info  ] RTSpatialIndex 0x77600000ac10 (Used 1 MB), Probe Points, Size: 100000, Results: 37
[LIBGPUSPATIAL] [ 12330][17:59:53:041279][info  ] RTSpatialIndex 0x77600000ac10 (Used 1 MB), Allocate result buffer, memory consumption 0 MB, capacity 24
[LIBGPUSPATIAL] [ 12330][17:59:53:041867][info  ] RTSpatialIndex 0x77600000ac10 (Used 1 MB), Probe Points, Size: 100000, Results: 24
[LIBGPUSPATIAL] [ 12325][17:59:53:042012][info  ] RTSpatialRefiner 0x776003d29930 (Used 0 MB), Loaded Geometries, ProbeArray 100000, Loaded 23, Type Point
[LIBGPUSPATIAL] [ 12329][17:59:53:042055][info  ] RTSpatialRefiner 0x776003d29930 (Used 0 MB), Loaded Geometries, ProbeArray 100000, Loaded 27, Type Point
[LIBGPUSPATIAL] [ 12325][17:59:53:042060][info  ] RTSpatialRefiner 0x776003d29930 (Used 0 MB), Evaluating 30 Geometry Pairs with Predicate Contains
[LIBGPUSPATIAL] [ 12329][17:59:53:042091][info  ] RTSpatialRefiner 0x776003d29930 (Used 0 MB), Evaluating 37 Geometry Pairs with Predicate Contains
[LIBGPUSPATIAL] [ 12330][17:59:53:043075][info  ] RTSpatialRefiner 0x776003d29930 (Used 0 MB), Loaded Geometries, ProbeArray 100000, Loaded 16, Type Point
[LIBGPUSPATIAL] [ 12330][17:59:53:043125][info  ] RTSpatialRefiner 0x776003d29930 (Used 0 MB), Evaluating 24 Geometry Pairs with Predicate Contains
[LIBGPUSPATIAL] [ 12326][17:59:53:050574][info  ] RTSpatialIndex 0x77600000ac10 (Used 1 MB), Allocate result buffer, memory consumption 0 MB, capacity 19
[LIBGPUSPATIAL] [ 12326][17:59:53:050706][info  ] RTSpatialIndex 0x77600000ac10 (Used 1 MB), Probe Points, Size: 100000, Results: 19
[LIBGPUSPATIAL] [ 12326][17:59:53:051549][info  ] RTSpatialRefiner 0x776003d29930 (Used 0 MB), Loaded Geometries, ProbeArray 100000, Loaded 15, Type Point
[LIBGPUSPATIAL] [ 12326][17:59:53:051593][info  ] RTSpatialRefiner 0x776003d29930 (Used 0 MB), Evaluating 19 Geometry Pairs with Predicate Contains
[LIBGPUSPATIAL] [ 12323][17:59:53:052777][info  ] RTSpatialIndex 0x77600000ac10 (Used 1 MB), Allocate result buffer, memory consumption 0 MB, capacity 31
[LIBGPUSPATIAL] [ 12323][17:59:53:052931][info  ] RTSpatialIndex 0x77600000ac10 (Used 1 MB), Probe Points, Size: 100000, Results: 31
[LIBGPUSPATIAL] [ 12323][17:59:53:053286][info  ] RTSpatialRefiner 0x776003d29930 (Used 0 MB), Loaded Geometries, ProbeArray 100000, Loaded 21, Type Point
[LIBGPUSPATIAL] [ 12323][17:59:53:053329][info  ] RTSpatialRefiner 0x776003d29930 (Used 0 MB), Evaluating 31 Geometry Pairs with Predicate Contains
[LIBGPUSPATIAL] [ 12328][17:59:53:053943][info  ] RTSpatialIndex 0x77600000ac10 (Used 1 MB), Allocate result buffer, memory consumption 0 MB, capacity 13
[LIBGPUSPATIAL] [ 12328][17:59:53:054083][info  ] RTSpatialIndex 0x77600000ac10 (Used 1 MB), Probe Points, Size: 100000, Results: 13
[LIBGPUSPATIAL] [ 12328][17:59:53:054404][info  ] RTSpatialRefiner 0x776003d29930 (Used 0 MB), Loaded Geometries, ProbeArray 100000, Loaded 12, Type Point
[LIBGPUSPATIAL] [ 12328][17:59:53:054441][info  ] RTSpatialRefiner 0x776003d29930 (Used 0 MB), Evaluating 13 Geometry Pairs with Predicate Contains
[LIBGPUSPATIAL] [ 12327][17:59:53:056327][info  ] RTSpatialIndex 0x77600000ac10 (Used 1 MB), Allocate result buffer, memory consumption 0 MB, capacity 19
[LIBGPUSPATIAL] [ 12327][17:59:53:056441][info  ] RTSpatialIndex 0x77600000ac10 (Used 1 MB), Probe Points, Size: 100000, Results: 19
[LIBGPUSPATIAL] [ 12327][17:59:53:057203][info  ] RTSpatialRefiner 0x776003d29930 (Used 0 MB), Loaded Geometries, ProbeArray 100000, Loaded 14, Type Point
[LIBGPUSPATIAL] [ 12327][17:59:53:057252][info  ] RTSpatialRefiner 0x776003d29930 (Used 1 MB), Evaluating 19 Geometry Pairs with Predicate Contains
[LIBGPUSPATIAL] [ 12324][17:59:53:057930][info  ] RTSpatialIndex 0x77600000ac10 (Used 1 MB), Allocate result buffer, memory consumption 0 MB, capacity 16
[LIBGPUSPATIAL] [ 12324][17:59:53:058138][info  ] RTSpatialIndex 0x77600000ac10 (Used 1 MB), Probe Points, Size: 100000, Results: 16
[LIBGPUSPATIAL] [ 12330][17:59:53:060091][info  ] RTSpatialIndex 0x77600000ac10 (Used 1 MB), Allocate result buffer, memory consumption 0 MB, capacity 13
[LIBGPUSPATIAL] [ 12330][17:59:53:060236][info  ] RTSpatialIndex 0x77600000ac10 (Used 2 MB), Probe Points, Size: 100000, Results: 13
[LIBGPUSPATIAL] [ 12324][17:59:53:060674][info  ] RTSpatialRefiner 0x776003d29930 (Used 1 MB), Loaded Geometries, ProbeArray 100000, Loaded 13, Type Point
[LIBGPUSPATIAL] [ 12325][17:59:53:060774][info  ] RTSpatialIndex 0x77600000ac10 (Used 2 MB), Allocate result buffer, memory consumption 0 MB, capacity 18
[LIBGPUSPATIAL] [ 12324][17:59:53:060858][info  ] RTSpatialRefiner 0x776003d29930 (Used 2 MB), Evaluating 16 Geometry Pairs with Predicate Contains
[LIBGPUSPATIAL] [ 12330][17:59:53:061182][info  ] RTSpatialRefiner 0x776003d29930 (Used 1 MB), Loaded Geometries, ProbeArray 100000, Loaded 11, Type Point
[LIBGPUSPATIAL] [ 12330][17:59:53:061330][info  ] RTSpatialRefiner 0x776003d29930 (Used 1 MB), Evaluating 13 Geometry Pairs with Predicate Contains
[LIBGPUSPATIAL] [ 12325][17:59:53:061393][info  ] RTSpatialIndex 0x77600000ac10 (Used 1 MB), Probe Points, Size: 100000, Results: 18
[LIBGPUSPATIAL] [ 12329][17:59:53:061598][info  ] RTSpatialIndex 0x77600000ac10 (Used 1 MB), Allocate result buffer, memory consumption 0 MB, capacity 20
[LIBGPUSPATIAL] [ 12329][17:59:53:061904][info  ] RTSpatialIndex 0x77600000ac10 (Used 1 MB), Probe Points, Size: 100000, Results: 20
[LIBGPUSPATIAL] [ 12325][17:59:53:062336][info  ] RTSpatialRefiner 0x776003d29930 (Used 0 MB), Loaded Geometries, ProbeArray 100000, Loaded 13, Type Point
[LIBGPUSPATIAL] [ 12325][17:59:53:062527][info  ] RTSpatialRefiner 0x776003d29930 (Used 0 MB), Evaluating 18 Geometry Pairs with Predicate Contains
[LIBGPUSPATIAL] [ 12329][17:59:53:062828][info  ] RTSpatialRefiner 0x776003d29930 (Used 0 MB), Loaded Geometries, ProbeArray 100000, Loaded 17, Type Point
[LIBGPUSPATIAL] [ 12329][17:59:53:062899][info  ] RTSpatialRefiner 0x776003d29930 (Used 0 MB), Evaluating 20 Geometry Pairs with Predicate Contains
[LIBGPUSPATIAL] [ 12326][17:59:53:068888][info  ] RTSpatialIndex 0x77600000ac10 (Used 1 MB), Allocate result buffer, memory consumption 0 MB, capacity 33
[LIBGPUSPATIAL] [ 12326][17:59:53:069024][info  ] RTSpatialIndex 0x77600000ac10 (Used 1 MB), Probe Points, Size: 100000, Results: 33
[LIBGPUSPATIAL] [ 12323][17:59:53:070666][info  ] RTSpatialIndex 0x77600000ac10 (Used 1 MB), Allocate result buffer, memory consumption 0 MB, capacity 21
[LIBGPUSPATIAL] [ 12326][17:59:53:070671][info  ] RTSpatialRefiner 0x776003d29930 (Used 1 MB), Loaded Geometries, ProbeArray 100000, Loaded 20, Type Point
[LIBGPUSPATIAL] [ 12323][17:59:53:070809][info  ] RTSpatialIndex 0x77600000ac10 (Used 1 MB), Probe Points, Size: 100000, Results: 21
[LIBGPUSPATIAL] [ 12326][17:59:53:070834][info  ] RTSpatialRefiner 0x776003d29930 (Used 0 MB), Evaluating 33 Geometry Pairs with Predicate Contains
[LIBGPUSPATIAL] [ 12323][17:59:53:071455][info  ] RTSpatialRefiner 0x776003d29930 (Used 0 MB), Loaded Geometries, ProbeArray 100000, Loaded 19, Type Point
[LIBGPUSPATIAL] [ 12323][17:59:53:071523][info  ] RTSpatialRefiner 0x776003d29930 (Used 0 MB), Evaluating 21 Geometry Pairs with Predicate Contains
[LIBGPUSPATIAL] [ 12328][17:59:53:072748][info  ] RTSpatialIndex 0x77600000ac10 (Used 1 MB), Allocate result buffer, memory consumption 0 MB, capacity 22
[LIBGPUSPATIAL] [ 12328][17:59:53:072892][info  ] RTSpatialIndex 0x77600000ac10 (Used 1 MB), Probe Points, Size: 100000, Results: 22
[LIBGPUSPATIAL] [ 12327][17:59:53:074006][info  ] RTSpatialIndex 0x77600000ac10 (Used 1 MB), Allocate result buffer, memory consumption 0 MB, capacity 21
[LIBGPUSPATIAL] [ 12327][17:59:53:074123][info  ] RTSpatialIndex 0x77600000ac10 (Used 1 MB), Probe Points, Size: 100000, Results: 21
[LIBGPUSPATIAL] [ 12328][17:59:53:074355][info  ] RTSpatialRefiner 0x776003d29930 (Used 0 MB), Loaded Geometries, ProbeArray 100000, Loaded 16, Type Point
[LIBGPUSPATIAL] [ 12328][17:59:53:074397][info  ] RTSpatialRefiner 0x776003d29930 (Used 0 MB), Evaluating 22 Geometry Pairs with Predicate Contains
[LIBGPUSPATIAL] [ 12327][17:59:53:074495][info  ] RTSpatialRefiner 0x776003d29930 (Used 0 MB), Loaded Geometries, ProbeArray 100000, Loaded 16, Type Point
[LIBGPUSPATIAL] [ 12327][17:59:53:074531][info  ] RTSpatialRefiner 0x776003d29930 (Used 0 MB), Evaluating 21 Geometry Pairs with Predicate Contains
[LIBGPUSPATIAL] [ 12330][17:59:53:078762][info  ] RTSpatialIndex 0x77600000ac10 (Used 1 MB), Allocate result buffer, memory consumption 0 MB, capacity 18
[LIBGPUSPATIAL] [ 12330][17:59:53:079442][info  ] RTSpatialIndex 0x77600000ac10 (Used 1 MB), Probe Points, Size: 100000, Results: 18
[LIBGPUSPATIAL] [ 12324][17:59:53:079503][info  ] RTSpatialIndex 0x77600000ac10 (Used 1 MB), Allocate result buffer, memory consumption 0 MB, capacity 25
[LIBGPUSPATIAL] [ 12324][17:59:53:079634][info  ] RTSpatialIndex 0x77600000ac10 (Used 1 MB), Probe Points, Size: 100000, Results: 25
[LIBGPUSPATIAL] [ 12324][17:59:53:080031][info  ] RTSpatialRefiner 0x776003d29930 (Used 0 MB), Loaded Geometries, ProbeArray 100000, Loaded 19, Type Point
[LIBGPUSPATIAL] [ 12324][17:59:53:080078][info  ] RTSpatialRefiner 0x776003d29930 (Used 0 MB), Evaluating 25 Geometry Pairs with Predicate Contains
[LIBGPUSPATIAL] [ 12330][17:59:53:080234][info  ] RTSpatialRefiner 0x776003d29930 (Used 0 MB), Loaded Geometries, ProbeArray 100000, Loaded 14, Type Point
[LIBGPUSPATIAL] [ 12330][17:59:53:080304][info  ] RTSpatialRefiner 0x776003d29930 (Used 0 MB), Evaluating 18 Geometry Pairs with Predicate Contains
[LIBGPUSPATIAL] [ 12329][17:59:53:081390][info  ] RTSpatialIndex 0x77600000ac10 (Used 2 MB), Allocate result buffer, memory consumption 0 MB, capacity 21
[LIBGPUSPATIAL] [ 12329][17:59:53:081908][info  ] RTSpatialIndex 0x77600000ac10 (Used 1 MB), Probe Points, Size: 100000, Results: 21
[LIBGPUSPATIAL] [ 12325][17:59:53:081941][info  ] RTSpatialIndex 0x77600000ac10 (Used 1 MB), Allocate result buffer, memory consumption 0 MB, capacity 23
[LIBGPUSPATIAL] [ 12325][17:59:53:082166][info  ] RTSpatialIndex 0x77600000ac10 (Used 1 MB), Probe Points, Size: 100000, Results: 23
[LIBGPUSPATIAL] [ 12329][17:59:53:082427][info  ] RTSpatialRefiner 0x776003d29930 (Used 0 MB), Loaded Geometries, ProbeArray 100000, Loaded 16, Type Point
[LIBGPUSPATIAL] [ 12329][17:59:53:082468][info  ] RTSpatialRefiner 0x776003d29930 (Used 0 MB), Evaluating 21 Geometry Pairs with Predicate Contains
[LIBGPUSPATIAL] [ 12325][17:59:53:086086][info  ] RTSpatialRefiner 0x776003d29930 (Used 0 MB), Loaded Geometries, ProbeArray 100000, Loaded 20, Type Point
[LIBGPUSPATIAL] [ 12325][17:59:53:086145][info  ] RTSpatialRefiner 0x776003d29930 (Used 0 MB), Evaluating 23 Geometry Pairs with Predicate Contains
[LIBGPUSPATIAL] [ 12323][17:59:53:088974][info  ] RTSpatialIndex 0x77600000ac10 (Used 1 MB), Allocate result buffer, memory consumption 0 MB, capacity 29
[LIBGPUSPATIAL] [ 12323][17:59:53:089110][info  ] RTSpatialIndex 0x77600000ac10 (Used 1 MB), Probe Points, Size: 100000, Results: 29
[LIBGPUSPATIAL] [ 12323][17:59:53:089485][info  ] RTSpatialRefiner 0x776003d29930 (Used 0 MB), Loaded Geometries, ProbeArray 100000, Loaded 24, Type Point
[LIBGPUSPATIAL] [ 12323][17:59:53:089531][info  ] RTSpatialRefiner 0x776003d29930 (Used 0 MB), Evaluating 29 Geometry Pairs with Predicate Contains
[LIBGPUSPATIAL] [ 12327][17:59:53:090488][info  ] RTSpatialIndex 0x77600000ac10 (Used 1 MB), Allocate result buffer, memory consumption 0 MB, capacity 17
[LIBGPUSPATIAL] [ 12327][17:59:53:090617][info  ] RTSpatialIndex 0x77600000ac10 (Used 1 MB), Probe Points, Size: 100000, Results: 17
[LIBGPUSPATIAL] [ 12326][17:59:53:091324][info  ] RTSpatialIndex 0x77600000ac10 (Used 1 MB), Allocate result buffer, memory consumption 0 MB, capacity 33
[LIBGPUSPATIAL] [ 12326][17:59:53:091590][info  ] RTSpatialIndex 0x77600000ac10 (Used 1 MB), Probe Points, Size: 100000, Results: 33
[LIBGPUSPATIAL] [ 12327][17:59:53:092044][info  ] RTSpatialRefiner 0x776003d29930 (Used 0 MB), Loaded Geometries, ProbeArray 100000, Loaded 14, Type Point
[LIBGPUSPATIAL] [ 12327][17:59:53:092103][info  ] RTSpatialRefiner 0x776003d29930 (Used 0 MB), Evaluating 17 Geometry Pairs with Predicate Contains
[LIBGPUSPATIAL] [ 12326][17:59:53:092306][info  ] RTSpatialRefiner 0x776003d29930 (Used 0 MB), Loaded Geometries, ProbeArray 100000, Loaded 23, Type Point
[LIBGPUSPATIAL] [ 12326][17:59:53:092479][info  ] RTSpatialRefiner 0x776003d29930 (Used 0 MB), Evaluating 33 Geometry Pairs with Predicate Contains
[LIBGPUSPATIAL] [ 12328][17:59:53:093599][info  ] RTSpatialIndex 0x77600000ac10 (Used 1 MB), Allocate result buffer, memory consumption 0 MB, capacity 27
[LIBGPUSPATIAL] [ 12328][17:59:53:093737][info  ] RTSpatialIndex 0x77600000ac10 (Used 1 MB), Probe Points, Size: 100000, Results: 27
[LIBGPUSPATIAL] [ 12324][17:59:53:096953][info  ] RTSpatialIndex 0x77600000ac10 (Used 2 MB), Allocate result buffer, memory consumption 0 MB, capacity 21
[LIBGPUSPATIAL] [ 12324][17:59:53:097126][info  ] RTSpatialIndex 0x77600000ac10 (Used 1 MB), Probe Points, Size: 100000, Results: 21
[LIBGPUSPATIAL] [ 12328][17:59:53:097138][info  ] RTSpatialRefiner 0x776003d29930 (Used 1 MB), Loaded Geometries, ProbeArray 100000, Loaded 19, Type Point
[LIBGPUSPATIAL] [ 12330][17:59:53:097221][info  ] RTSpatialIndex 0x77600000ac10 (Used 1 MB), Allocate result buffer, memory consumption 0 MB, capacity 13
[LIBGPUSPATIAL] [ 12328][17:59:53:097298][info  ] RTSpatialRefiner 0x776003d29930 (Used 1 MB), Evaluating 27 Geometry Pairs with Predicate Contains
[LIBGPUSPATIAL] [ 12330][17:59:53:097545][info  ] RTSpatialIndex 0x77600000ac10 (Used 1 MB), Probe Points, Size: 100000, Results: 13
[LIBGPUSPATIAL] [ 12329][17:59:53:098966][info  ] RTSpatialIndex 0x77600000ac10 (Used 1 MB), Allocate result buffer, memory consumption 0 MB, capacity 18
[LIBGPUSPATIAL] [ 12329][17:59:53:099086][info  ] RTSpatialIndex 0x77600000ac10 (Used 1 MB), Probe Points, Size: 100000, Results: 18
[LIBGPUSPATIAL] [ 12324][17:59:53:101006][info  ] RTSpatialRefiner 0x776003d29930 (Used 0 MB), Loaded Geometries, ProbeArray 100000, Loaded 17, Type Point
[LIBGPUSPATIAL] [ 12324][17:59:53:101052][info  ] RTSpatialRefiner 0x776003d29930 (Used 0 MB), Evaluating 21 Geometry Pairs with Predicate Contains
[LIBGPUSPATIAL] [ 12329][17:59:53:101512][info  ] RTSpatialRefiner 0x776003d29930 (Used 0 MB), Loaded Geometries, ProbeArray 100000, Loaded 17, Type Point
[LIBGPUSPATIAL] [ 12329][17:59:53:101560][info  ] RTSpatialRefiner 0x776003d29930 (Used 0 MB), Evaluating 18 Geometry Pairs with Predicate Contains
[LIBGPUSPATIAL] [ 12330][17:59:53:101574][info  ] RTSpatialRefiner 0x776003d29930 (Used 0 MB), Loaded Geometries, ProbeArray 100000, Loaded 11, Type Point
[LIBGPUSPATIAL] [ 12330][17:59:53:101612][info  ] RTSpatialRefiner 0x776003d29930 (Used 0 MB), Evaluating 13 Geometry Pairs with Predicate Contains
[LIBGPUSPATIAL] [ 12325][17:59:53:104864][info  ] RTSpatialIndex 0x77600000ac10 (Used 1 MB), Allocate result buffer, memory consumption 0 MB, capacity 11
[LIBGPUSPATIAL] [ 12325][17:59:53:105019][info  ] RTSpatialIndex 0x77600000ac10 (Used 1 MB), Probe Points, Size: 100000, Results: 11
[LIBGPUSPATIAL] [ 12325][17:59:53:105575][info  ] RTSpatialRefiner 0x776003d29930 (Used 0 MB), Loaded Geometries, ProbeArray 100000, Loaded 10, Type Point
[LIBGPUSPATIAL] [ 12325][17:59:53:105634][info  ] RTSpatialRefiner 0x776003d29930 (Used 0 MB), Evaluating 11 Geometry Pairs with Predicate Contains
[LIBGPUSPATIAL] [ 12323][17:59:53:106465][info  ] RTSpatialIndex 0x77600000ac10 (Used 1 MB), Allocate result buffer, memory consumption 0 MB, capacity 19
[LIBGPUSPATIAL] [ 12327][17:59:53:106609][info  ] RTSpatialIndex 0x77600000ac10 (Used 1 MB), Allocate result buffer, memory consumption 0 MB, capacity 20
[LIBGPUSPATIAL] [ 12323][17:59:53:106828][info  ] RTSpatialIndex 0x77600000ac10 (Used 1 MB), Probe Points, Size: 100000, Results: 19
[LIBGPUSPATIAL] [ 12327][17:59:53:107103][info  ] RTSpatialIndex 0x77600000ac10 (Used 1 MB), Probe Points, Size: 100000, Results: 20
[LIBGPUSPATIAL] [ 12323][17:59:53:107608][info  ] RTSpatialRefiner 0x776003d29930 (Used 0 MB), Loaded Geometries, ProbeArray 100000, Loaded 14, Type Point
[LIBGPUSPATIAL] [ 12323][17:59:53:107659][info  ] RTSpatialRefiner 0x776003d29930 (Used 0 MB), Evaluating 19 Geometry Pairs with Predicate Contains
[LIBGPUSPATIAL] [ 12327][17:59:53:107669][info  ] RTSpatialRefiner 0x776003d29930 (Used 0 MB), Loaded Geometries, ProbeArray 100000, Loaded 15, Type Point
[LIBGPUSPATIAL] [ 12327][17:59:53:107708][info  ] RTSpatialRefiner 0x776003d29930 (Used 0 MB), Evaluating 20 Geometry Pairs with Predicate Contains
[LIBGPUSPATIAL] [ 12326][17:59:53:110595][info  ] RTSpatialIndex 0x77600000ac10 (Used 1 MB), Allocate result buffer, memory consumption 0 MB, capacity 24
[LIBGPUSPATIAL] [ 12326][17:59:53:110770][info  ] RTSpatialIndex 0x77600000ac10 (Used 1 MB), Probe Points, Size: 100000, Results: 24
[LIBGPUSPATIAL] [ 12326][17:59:53:111981][info  ] RTSpatialRefiner 0x776003d29930 (Used 0 MB), Loaded Geometries, ProbeArray 100000, Loaded 18, Type Point
[LIBGPUSPATIAL] [ 12326][17:59:53:112032][info  ] RTSpatialRefiner 0x776003d29930 (Used 0 MB), Evaluating 24 Geometry Pairs with Predicate Contains
[LIBGPUSPATIAL] [ 12328][17:59:53:116058][info  ] RTSpatialIndex 0x77600000ac10 (Used 1 MB), Allocate result buffer, memory consumption 0 MB, capacity 16
[LIBGPUSPATIAL] [ 12328][17:59:53:116194][info  ] RTSpatialIndex 0x77600000ac10 (Used 1 MB), Probe Points, Size: 100000, Results: 16
[LIBGPUSPATIAL] [ 12328][17:59:53:118138][info  ] RTSpatialRefiner 0x776003d29930 (Used 1 MB), Loaded Geometries, ProbeArray 100000, Loaded 14, Type Point
[LIBGPUSPATIAL] [ 12328][17:59:53:118192][info  ] RTSpatialRefiner 0x776003d29930 (Used 1 MB), Evaluating 16 Geometry Pairs with Predicate Contains
[LIBGPUSPATIAL] [ 12330][17:59:53:118276][info  ] RTSpatialIndex 0x77600000ac10 (Used 1 MB), Allocate result buffer, memory consumption 0 MB, capacity 24
[LIBGPUSPATIAL] [ 12330][17:59:53:118699][info  ] RTSpatialIndex 0x77600000ac10 (Used 1 MB), Probe Points, Size: 100000, Results: 24
[LIBGPUSPATIAL] [ 12330][17:59:53:119149][info  ] RTSpatialRefiner 0x776003d29930 (Used 0 MB), Loaded Geometries, ProbeArray 100000, Loaded 17, Type Point
[LIBGPUSPATIAL] [ 12330][17:59:53:119209][info  ] RTSpatialRefiner 0x776003d29930 (Used 0 MB), Evaluating 24 Geometry Pairs with Predicate Contains
[LIBGPUSPATIAL] [ 12329][17:59:53:119679][info  ] RTSpatialIndex 0x77600000ac10 (Used 1 MB), Allocate result buffer, memory consumption 0 MB, capacity 27
[LIBGPUSPATIAL] [ 12329][17:59:53:120040][info  ] RTSpatialIndex 0x77600000ac10 (Used 1 MB), Probe Points, Size: 100000, Results: 27
[LIBGPUSPATIAL] [ 12324][17:59:53:121142][info  ] RTSpatialIndex 0x77600000ac10 (Used 1 MB), Allocate result buffer, memory consumption 0 MB, capacity 23
[LIBGPUSPATIAL] [ 12324][17:59:53:121275][info  ] RTSpatialIndex 0x77600000ac10 (Used 1 MB), Probe Points, Size: 100000, Results: 23
[LIBGPUSPATIAL] [ 12329][17:59:53:121630][info  ] RTSpatialRefiner 0x776003d29930 (Used 0 MB), Loaded Geometries, ProbeArray 100000, Loaded 20, Type Point
[LIBGPUSPATIAL] [ 12329][17:59:53:121673][info  ] RTSpatialRefiner 0x776003d29930 (Used 0 MB), Evaluating 27 Geometry Pairs with Predicate Contains
[LIBGPUSPATIAL] [ 12324][17:59:53:122105][info  ] RTSpatialRefiner 0x776003d29930 (Used 0 MB), Loaded Geometries, ProbeArray 100000, Loaded 19, Type Point
[LIBGPUSPATIAL] [ 12324][17:59:53:122144][info  ] RTSpatialRefiner 0x776003d29930 (Used 0 MB), Evaluating 23 Geometry Pairs with Predicate Contains
[LIBGPUSPATIAL] [ 12325][17:59:53:123881][info  ] RTSpatialIndex 0x77600000ac10 (Used 1 MB), Allocate result buffer, memory consumption 0 MB, capacity 23
[LIBGPUSPATIAL] [ 12325][17:59:53:124027][info  ] RTSpatialIndex 0x77600000ac10 (Used 1 MB), Probe Points, Size: 100000, Results: 23
[LIBGPUSPATIAL] [ 12325][17:59:53:125089][info  ] RTSpatialRefiner 0x776003d29930 (Used 2 MB), Loaded Geometries, ProbeArray 100000, Loaded 17, Type Point
[LIBGPUSPATIAL] [ 12325][17:59:53:125138][info  ] RTSpatialRefiner 0x776003d29930 (Used 2 MB), Evaluating 23 Geometry Pairs with Predicate Contains
[LIBGPUSPATIAL] [ 12327][17:59:53:125675][info  ] RTSpatialIndex 0x77600000ac10 (Used 1 MB), Allocate result buffer, memory consumption 0 MB, capacity 36
[LIBGPUSPATIAL] [ 12323][17:59:53:125741][info  ] RTSpatialIndex 0x77600000ac10 (Used 1 MB), Allocate result buffer, memory consumption 0 MB, capacity 17
[LIBGPUSPATIAL] [ 12327][17:59:53:125953][info  ] RTSpatialIndex 0x77600000ac10 (Used 1 MB), Probe Points, Size: 100000, Results: 36
[LIBGPUSPATIAL] [ 12323][17:59:53:126148][info  ] RTSpatialIndex 0x77600000ac10 (Used 1 MB), Probe Points, Size: 100000, Results: 17
[LIBGPUSPATIAL] [ 12327][17:59:53:126675][info  ] RTSpatialRefiner 0x776003d29930 (Used 0 MB), Loaded Geometries, ProbeArray 100000, Loaded 26, Type Point
[LIBGPUSPATIAL] [ 12327][17:59:53:126724][info  ] RTSpatialRefiner 0x776003d29930 (Used 0 MB), Evaluating 36 Geometry Pairs with Predicate Contains
[LIBGPUSPATIAL] [ 12326][17:59:53:128675][info  ] RTSpatialIndex 0x77600000ac10 (Used 1 MB), Allocate result buffer, memory consumption 0 MB, capacity 23
[LIBGPUSPATIAL] [ 12326][17:59:53:128914][info  ] RTSpatialIndex 0x77600000ac10 (Used 1 MB), Probe Points, Size: 100000, Results: 23
[LIBGPUSPATIAL] [ 12326][17:59:53:130084][info  ] RTSpatialRefiner 0x776003d29930 (Used 0 MB), Loaded Geometries, ProbeArray 100000, Loaded 16, Type Point
[LIBGPUSPATIAL] [ 12323][17:59:53:130110][info  ] RTSpatialRefiner 0x776003d29930 (Used 0 MB), Loaded Geometries, ProbeArray 100000, Loaded 12, Type Point
[LIBGPUSPATIAL] [ 12326][17:59:53:130138][info  ] RTSpatialRefiner 0x776003d29930 (Used 0 MB), Evaluating 23 Geometry Pairs with Predicate Contains
[LIBGPUSPATIAL] [ 12323][17:59:53:130158][info  ] RTSpatialRefiner 0x776003d29930 (Used 0 MB), Evaluating 17 Geometry Pairs with Predicate Contains
[LIBGPUSPATIAL] [ 12330][17:59:53:136142][info  ] RTSpatialIndex 0x77600000ac10 (Used 1 MB), Allocate result buffer, memory consumption 0 MB, capacity 22
[LIBGPUSPATIAL] [ 12330][17:59:53:136267][info  ] RTSpatialIndex 0x77600000ac10 (Used 1 MB), Probe Points, Size: 100000, Results: 22
[LIBGPUSPATIAL] [ 12328][17:59:53:137256][info  ] RTSpatialIndex 0x77600000ac10 (Used 1 MB), Allocate result buffer, memory consumption 0 MB, capacity 23
[LIBGPUSPATIAL] [ 12328][17:59:53:137387][info  ] RTSpatialIndex 0x77600000ac10 (Used 1 MB), Probe Points, Size: 100000, Results: 23
[LIBGPUSPATIAL] [ 12330][17:59:53:137698][info  ] RTSpatialRefiner 0x776003d29930 (Used 0 MB), Loaded Geometries, ProbeArray 100000, Loaded 18, Type Point
[LIBGPUSPATIAL] [ 12330][17:59:53:137741][info  ] RTSpatialRefiner 0x776003d29930 (Used 0 MB), Evaluating 22 Geometry Pairs with Predicate Contains
[LIBGPUSPATIAL] [ 12328][17:59:53:137747][info  ] RTSpatialRefiner 0x776003d29930 (Used 0 MB), Loaded Geometries, ProbeArray 100000, Loaded 15, Type Point
[LIBGPUSPATIAL] [ 12328][17:59:53:137786][info  ] RTSpatialRefiner 0x776003d29930 (Used 0 MB), Evaluating 23 Geometry Pairs with Predicate Contains
[LIBGPUSPATIAL] [ 12329][17:59:53:139343][info  ] RTSpatialIndex 0x77600000ac10 (Used 1 MB), Allocate result buffer, memory consumption 0 MB, capacity 26
[LIBGPUSPATIAL] [ 12329][17:59:53:139466][info  ] RTSpatialIndex 0x77600000ac10 (Used 1 MB), Probe Points, Size: 100000, Results: 26
[LIBGPUSPATIAL] [ 12329][17:59:53:140500][info  ] RTSpatialRefiner 0x776003d29930 (Used 0 MB), Loaded Geometries, ProbeArray 100000, Loaded 19, Type Point
[LIBGPUSPATIAL] [ 12329][17:59:53:140546][info  ] RTSpatialRefiner 0x776003d29930 (Used 0 MB), Evaluating 26 Geometry Pairs with Predicate Contains
[LIBGPUSPATIAL] [ 12324][17:59:53:141600][info  ] RTSpatialIndex 0x77600000ac10 (Used 1 MB), Allocate result buffer, memory consumption 0 MB, capacity 25
[LIBGPUSPATIAL] [ 12324][17:59:53:141742][info  ] RTSpatialIndex 0x77600000ac10 (Used 1 MB), Probe Points, Size: 100000, Results: 25
[LIBGPUSPATIAL] [ 12324][17:59:53:142325][info  ] RTSpatialRefiner 0x776003d29930 (Used 1 MB), Loaded Geometries, ProbeArray 100000, Loaded 18, Type Point
[LIBGPUSPATIAL] [ 12324][17:59:53:142365][info  ] RTSpatialRefiner 0x776003d29930 (Used 1 MB), Evaluating 25 Geometry Pairs with Predicate Contains
[LIBGPUSPATIAL] [ 12325][17:59:53:142749][info  ] RTSpatialIndex 0x77600000ac10 (Used 1 MB), Allocate result buffer, memory consumption 0 MB, capacity 29
[LIBGPUSPATIAL] [ 12325][17:59:53:143546][info  ] RTSpatialIndex 0x77600000ac10 (Used 1 MB), Probe Points, Size: 100000, Results: 29
[LIBGPUSPATIAL] [ 12327][17:59:53:143712][info  ] RTSpatialIndex 0x77600000ac10 (Used 1 MB), Allocate result buffer, memory consumption 0 MB, capacity 16
[LIBGPUSPATIAL] [ 12327][17:59:53:143964][info  ] RTSpatialIndex 0x77600000ac10 (Used 1 MB), Probe Points, Size: 100000, Results: 16
[LIBGPUSPATIAL] [ 12327][17:59:53:144421][info  ] RTSpatialRefiner 0x776003d29930 (Used 0 MB), Loaded Geometries, ProbeArray 100000, Loaded 12, Type Point
[LIBGPUSPATIAL] [ 12327][17:59:53:144462][info  ] RTSpatialRefiner 0x776003d29930 (Used 0 MB), Evaluating 16 Geometry Pairs with Predicate Contains
[LIBGPUSPATIAL] [ 12325][17:59:53:145700][info  ] RTSpatialRefiner 0x776003d29930 (Used 1 MB), Loaded Geometries, ProbeArray 100000, Loaded 23, Type Point
[LIBGPUSPATIAL] [ 12325][17:59:53:145748][info  ] RTSpatialRefiner 0x776003d29930 (Used 1 MB), Evaluating 29 Geometry Pairs with Predicate Contains
[LIBGPUSPATIAL] [ 12326][17:59:53:146212][info  ] RTSpatialIndex 0x77600000ac10 (Used 2 MB), Allocate result buffer, memory consumption 0 MB, capacity 24
[LIBGPUSPATIAL] [ 12326][17:59:53:146820][info  ] RTSpatialIndex 0x77600000ac10 (Used 1 MB), Probe Points, Size: 100000, Results: 24
[LIBGPUSPATIAL] [ 12323][17:59:53:146899][info  ] RTSpatialIndex 0x77600000ac10 (Used 1 MB), Allocate result buffer, memory consumption 0 MB, capacity 29
[LIBGPUSPATIAL] [ 12323][17:59:53:147494][info  ] RTSpatialIndex 0x77600000ac10 (Used 1 MB), Probe Points, Size: 100000, Results: 29
[LIBGPUSPATIAL] [ 12326][17:59:53:147536][info  ] RTSpatialRefiner 0x776003d29930 (Used 0 MB), Loaded Geometries, ProbeArray 100000, Loaded 19, Type Point
[LIBGPUSPATIAL] [ 12326][17:59:53:147579][info  ] RTSpatialRefiner 0x776003d29930 (Used 0 MB), Evaluating 24 Geometry Pairs with Predicate Contains
[LIBGPUSPATIAL] [ 12323][17:59:53:147901][info  ] RTSpatialRefiner 0x776003d29930 (Used 0 MB), Loaded Geometries, ProbeArray 100000, Loaded 20, Type Point
[LIBGPUSPATIAL] [ 12323][17:59:53:147938][info  ] RTSpatialRefiner 0x776003d29930 (Used 0 MB), Evaluating 29 Geometry Pairs with Predicate Contains
[LIBGPUSPATIAL] [ 12327][17:59:53:151155][info  ] RTSpatialIndex 0x77600000ac10 (Used 0 MB), Allocate result buffer, memory consumption 0 MB, capacity 8
[LIBGPUSPATIAL] [ 12327][17:59:53:151289][info  ] RTSpatialIndex 0x77600000ac10 (Used 0 MB), Probe Points, Size: 33333, Results: 8
[LIBGPUSPATIAL] [ 12327][17:59:53:151747][info  ] RTSpatialRefiner 0x776003d29930 (Used 0 MB), Loaded Geometries, ProbeArray 33333, Loaded 7, Type Point
[LIBGPUSPATIAL] [ 12327][17:59:53:151802][info  ] RTSpatialRefiner 0x776003d29930 (Used 0 MB), Evaluating 8 Geometry Pairs with Predicate Contains
[LIBGPUSPATIAL] [ 12330][17:59:53:153516][info  ] RTSpatialIndex 0x77600000ac10 (Used 1 MB), Allocate result buffer, memory consumption 0 MB, capacity 19
[LIBGPUSPATIAL] [ 12330][17:59:53:153650][info  ] RTSpatialIndex 0x77600000ac10 (Used 1 MB), Probe Points, Size: 100000, Results: 19
[LIBGPUSPATIAL] [ 12329][17:59:53:156547][info  ] RTSpatialIndex 0x77600000ac10 (Used 1 MB), Allocate result buffer, memory consumption 0 MB, capacity 20
[LIBGPUSPATIAL] [ 12330][17:59:53:156622][info  ] RTSpatialRefiner 0x776003d29930 (Used 1 MB), Loaded Geometries, ProbeArray 100000, Loaded 16, Type Point
[LIBGPUSPATIAL] [ 12330][17:59:53:156663][info  ] RTSpatialRefiner 0x776003d29930 (Used 1 MB), Evaluating 19 Geometry Pairs with Predicate Contains
[LIBGPUSPATIAL] [ 12329][17:59:53:156698][info  ] RTSpatialIndex 0x77600000ac10 (Used 1 MB), Probe Points, Size: 100000, Results: 20
[LIBGPUSPATIAL] [ 12329][17:59:53:157130][info  ] RTSpatialRefiner 0x776003d29930 (Used 0 MB), Loaded Geometries, ProbeArray 100000, Loaded 15, Type Point
[LIBGPUSPATIAL] [ 12329][17:59:53:157195][info  ] RTSpatialRefiner 0x776003d29930 (Used 0 MB), Evaluating 20 Geometry Pairs with Predicate Contains
[LIBGPUSPATIAL] [ 12328][17:59:53:159525][info  ] RTSpatialIndex 0x77600000ac10 (Used 1 MB), Allocate result buffer, memory consumption 0 MB, capacity 20
[LIBGPUSPATIAL] [ 12328][17:59:53:159704][info  ] RTSpatialIndex 0x77600000ac10 (Used 1 MB), Probe Points, Size: 100000, Results: 20
[LIBGPUSPATIAL] [ 12328][17:59:53:160242][info  ] RTSpatialRefiner 0x776003d29930 (Used 0 MB), Loaded Geometries, ProbeArray 100000, Loaded 16, Type Point
[LIBGPUSPATIAL] [ 12328][17:59:53:160295][info  ] RTSpatialRefiner 0x776003d29930 (Used 0 MB), Evaluating 20 Geometry Pairs with Predicate Contains
[LIBGPUSPATIAL] [ 12324][17:59:53:163551][info  ] RTSpatialIndex 0x77600000ac10 (Used 1 MB), Allocate result buffer, memory consumption 0 MB, capacity 13
[LIBGPUSPATIAL] [ 12324][17:59:53:163904][info  ] RTSpatialIndex 0x77600000ac10 (Used 1 MB), Probe Points, Size: 100000, Results: 13
[LIBGPUSPATIAL] [ 12323][17:59:53:164750][info  ] RTSpatialIndex 0x77600000ac10 (Used 1 MB), Allocate result buffer, memory consumption 0 MB, capacity 24
[LIBGPUSPATIAL] [ 12324][17:59:53:165188][info  ] RTSpatialRefiner 0x776003d29930 (Used 3 MB), Loaded Geometries, ProbeArray 100000, Loaded 9, Type Point
[LIBGPUSPATIAL] [ 12324][17:59:53:165263][info  ] RTSpatialRefiner 0x776003d29930 (Used 3 MB), Evaluating 13 Geometry Pairs with Predicate Contains
[LIBGPUSPATIAL] [ 12323][17:59:53:165665][info  ] RTSpatialIndex 0x77600000ac10 (Used 2 MB), Probe Points, Size: 100000, Results: 24
[LIBGPUSPATIAL] [ 12326][17:59:53:165780][info  ] RTSpatialIndex 0x77600000ac10 (Used 1 MB), Allocate result buffer, memory consumption 0 MB, capacity 13
[LIBGPUSPATIAL] [ 12325][17:59:53:165904][info  ] RTSpatialIndex 0x77600000ac10 (Used 1 MB), Allocate result buffer, memory consumption 0 MB, capacity 31
[LIBGPUSPATIAL] [ 12323][17:59:53:166295][info  ] RTSpatialRefiner 0x776003d29930 (Used 1 MB), Loaded Geometries, ProbeArray 100000, Loaded 17, Type Point
[LIBGPUSPATIAL] [ 12323][17:59:53:166375][info  ] RTSpatialRefiner 0x776003d29930 (Used 1 MB), Evaluating 24 Geometry Pairs with Predicate Contains
[LIBGPUSPATIAL] [ 12325][17:59:53:166422][info  ] RTSpatialIndex 0x77600000ac10 (Used 1 MB), Probe Points, Size: 100000, Results: 31
[LIBGPUSPATIAL] [ 12326][17:59:53:166543][info  ] RTSpatialIndex 0x77600000ac10 (Used 1 MB), Probe Points, Size: 100000, Results: 13
[LIBGPUSPATIAL] [ 12325][17:59:53:167049][info  ] RTSpatialRefiner 0x776003d29930 (Used 0 MB), Loaded Geometries, ProbeArray 100000, Loaded 24, Type Point
[LIBGPUSPATIAL] [ 12325][17:59:53:167109][info  ] RTSpatialRefiner 0x776003d29930 (Used 0 MB), Evaluating 31 Geometry Pairs with Predicate Contains
[LIBGPUSPATIAL] [ 12326][17:59:53:169390][info  ] RTSpatialRefiner 0x776003d29930 (Used 0 MB), Loaded Geometries, ProbeArray 100000, Loaded 11, Type Point
[LIBGPUSPATIAL] [ 12326][17:59:53:169438][info  ] RTSpatialRefiner 0x776003d29930 (Used 0 MB), Evaluating 13 Geometry Pairs with Predicate Contains
[LIBGPUSPATIAL] [ 12330][17:59:53:174081][info  ] RTSpatialIndex 0x77600000ac10 (Used 1 MB), Allocate result buffer, memory consumption 0 MB, capacity 16
[LIBGPUSPATIAL] [ 12330][17:59:53:174224][info  ] RTSpatialIndex 0x77600000ac10 (Used 1 MB), Probe Points, Size: 100000, Results: 16
[LIBGPUSPATIAL] [ 12323][17:59:53:174640][info  ] RTSpatialIndex 0x77600000ac10 (Used 0 MB), Allocate result buffer, memory consumption 0 MB, capacity 11
[LIBGPUSPATIAL] [ 12323][17:59:53:174796][info  ] RTSpatialIndex 0x77600000ac10 (Used 0 MB), Probe Points, Size: 33333, Results: 11
[LIBGPUSPATIAL] [ 12330][17:59:53:175072][info  ] RTSpatialRefiner 0x776003d29930 (Used 1 MB), Loaded Geometries, ProbeArray 100000, Loaded 15, Type Point
[LIBGPUSPATIAL] [ 12330][17:59:53:175117][info  ] RTSpatialRefiner 0x776003d29930 (Used 1 MB), Evaluating 16 Geometry Pairs with Predicate Contains
[LIBGPUSPATIAL] [ 12329][17:59:53:175271][info  ] RTSpatialIndex 0x77600000ac10 (Used 1 MB), Allocate result buffer, memory consumption 0 MB, capacity 32
[LIBGPUSPATIAL] [ 12323][17:59:53:175484][info  ] RTSpatialRefiner 0x776003d29930 (Used 1 MB), Loaded Geometries, ProbeArray 33333, Loaded 7, Type Point
[LIBGPUSPATIAL] [ 12323][17:59:53:175546][info  ] RTSpatialRefiner 0x776003d29930 (Used 1 MB), Evaluating 11 Geometry Pairs with Predicate Contains
[LIBGPUSPATIAL] [ 12329][17:59:53:175593][info  ] RTSpatialIndex 0x77600000ac10 (Used 1 MB), Probe Points, Size: 100000, Results: 32
[LIBGPUSPATIAL] [ 12329][17:59:53:176233][info  ] RTSpatialRefiner 0x776003d29930 (Used 0 MB), Loaded Geometries, ProbeArray 100000, Loaded 22, Type Point
[LIBGPUSPATIAL] [ 12329][17:59:53:176279][info  ] RTSpatialRefiner 0x776003d29930 (Used 0 MB), Evaluating 32 Geometry Pairs with Predicate Contains
[LIBGPUSPATIAL] [ 12328][17:59:53:179967][info  ] RTSpatialIndex 0x77600000ac10 (Used 1 MB), Allocate result buffer, memory consumption 0 MB, capacity 38
[LIBGPUSPATIAL] [ 12328][17:59:53:180100][info  ] RTSpatialIndex 0x77600000ac10 (Used 1 MB), Probe Points, Size: 100000, Results: 38
[LIBGPUSPATIAL] [ 12330][17:59:53:181921][info  ] RTSpatialIndex 0x77600000ac10 (Used 0 MB), Allocate result buffer, memory consumption 0 MB, capacity 7
[LIBGPUSPATIAL] [ 12328][17:59:53:182215][info  ] RTSpatialRefiner 0x776003d29930 (Used 0 MB), Loaded Geometries, ProbeArray 100000, Loaded 27, Type Point
[LIBGPUSPATIAL] [ 12330][17:59:53:182240][info  ] RTSpatialIndex 0x77600000ac10 (Used 0 MB), Probe Points, Size: 33333, Results: 7
[LIBGPUSPATIAL] [ 12328][17:59:53:182266][info  ] RTSpatialRefiner 0x776003d29930 (Used 0 MB), Evaluating 38 Geometry Pairs with Predicate Contains
[LIBGPUSPATIAL] [ 12330][17:59:53:183270][info  ] RTSpatialRefiner 0x776003d29930 (Used 1 MB), Loaded Geometries, ProbeArray 33333, Loaded 6, Type Point
[LIBGPUSPATIAL] [ 12330][17:59:53:183310][info  ] RTSpatialRefiner 0x776003d29930 (Used 1 MB), Evaluating 7 Geometry Pairs with Predicate Contains
[LIBGPUSPATIAL] [ 12325][17:59:53:183679][info  ] RTSpatialIndex 0x77600000ac10 (Used 1 MB), Allocate result buffer, memory consumption 0 MB, capacity 24
[LIBGPUSPATIAL] [ 12329][17:59:53:183898][info  ] RTSpatialIndex 0x77600000ac10 (Used 3 MB), Allocate result buffer, memory consumption 0 MB, capacity 14
[LIBGPUSPATIAL] [ 12327][17:59:53:184383][info  ] RTSpatialIndex 0x77600000ac10 (Used 3 MB), Allocate result buffer, memory consumption 0 MB, capacity 28
[LIBGPUSPATIAL] [ 12325][17:59:53:184887][info  ] RTSpatialIndex 0x77600000ac10 (Used 2 MB), Probe Points, Size: 100000, Results: 24
[LIBGPUSPATIAL] [ 12329][17:59:53:185010][info  ] RTSpatialIndex 0x77600000ac10 (Used 2 MB), Probe Points, Size: 33333, Results: 14
[LIBGPUSPATIAL] [ 12327][17:59:53:185456][info  ] RTSpatialIndex 0x77600000ac10 (Used 1 MB), Probe Points, Size: 100000, Results: 28
[LIBGPUSPATIAL] [ 12324][17:59:53:185534][info  ] RTSpatialIndex 0x77600000ac10 (Used 1 MB), Allocate result buffer, memory consumption 0 MB, capacity 27
[LIBGPUSPATIAL] [ 12325][17:59:53:185736][info  ] RTSpatialRefiner 0x776003d29930 (Used 1 MB), Loaded Geometries, ProbeArray 100000, Loaded 18, Type Point
[LIBGPUSPATIAL] [ 12329][17:59:53:185804][info  ] RTSpatialRefiner 0x776003d29930 (Used 1 MB), Loaded Geometries, ProbeArray 33333, Loaded 9, Type Point
[LIBGPUSPATIAL] [ 12329][17:59:53:185858][info  ] RTSpatialRefiner 0x776003d29930 (Used 1 MB), Evaluating 14 Geometry Pairs with Predicate Contains
[LIBGPUSPATIAL] [ 12325][17:59:53:185941][info  ] RTSpatialRefiner 0x776003d29930 (Used 1 MB), Evaluating 24 Geometry Pairs with Predicate Contains
[LIBGPUSPATIAL] [ 12324][17:59:53:186440][info  ] RTSpatialIndex 0x77600000ac10 (Used 1 MB), Probe Points, Size: 100000, Results: 27
[LIBGPUSPATIAL] [ 12327][17:59:53:186770][info  ] RTSpatialRefiner 0x776003d29930 (Used 0 MB), Loaded Geometries, ProbeArray 100000, Loaded 19, Type Point
[LIBGPUSPATIAL] [ 12327][17:59:53:186866][info  ] RTSpatialRefiner 0x776003d29930 (Used 0 MB), Evaluating 28 Geometry Pairs with Predicate Contains
[LIBGPUSPATIAL] [ 12324][17:59:53:187250][info  ] RTSpatialRefiner 0x776003d29930 (Used 0 MB), Loaded Geometries, ProbeArray 100000, Loaded 22, Type Point
[LIBGPUSPATIAL] [ 12324][17:59:53:187319][info  ] RTSpatialRefiner 0x776003d29930 (Used 0 MB), Evaluating 27 Geometry Pairs with Predicate Contains
[LIBGPUSPATIAL] [ 12326][17:59:53:190064][info  ] RTSpatialIndex 0x77600000ac10 (Used 1 MB), Allocate result buffer, memory consumption 0 MB, capacity 22
[LIBGPUSPATIAL] [ 12326][17:59:53:190223][info  ] RTSpatialIndex 0x77600000ac10 (Used 1 MB), Probe Points, Size: 100000, Results: 22
[LIBGPUSPATIAL] [ 12326][17:59:53:190797][info  ] RTSpatialRefiner 0x776003d29930 (Used 0 MB), Loaded Geometries, ProbeArray 100000, Loaded 17, Type Point
[LIBGPUSPATIAL] [ 12326][17:59:53:190873][info  ] RTSpatialRefiner 0x776003d29930 (Used 0 MB), Evaluating 22 Geometry Pairs with Predicate Contains
[LIBGPUSPATIAL] [ 12326][17:59:53:198364][info  ] RTSpatialIndex 0x77600000ac10 (Used 0 MB), Allocate result buffer, memory consumption 0 MB, capacity 5
[LIBGPUSPATIAL] [ 12326][17:59:53:198510][info  ] RTSpatialIndex 0x77600000ac10 (Used 0 MB), Probe Points, Size: 33333, Results: 5
[LIBGPUSPATIAL] [ 12326][17:59:53:198942][info  ] RTSpatialRefiner 0x776003d29930 (Used 0 MB), Loaded Geometries, ProbeArray 33333, Loaded 4, Type Point
[LIBGPUSPATIAL] [ 12326][17:59:53:198989][info  ] RTSpatialRefiner 0x776003d29930 (Used 0 MB), Evaluating 5 Geometry Pairs with Predicate Contains
[LIBGPUSPATIAL] [ 12328][17:59:53:203820][info  ] RTSpatialIndex 0x77600000ac10 (Used 1 MB), Allocate result buffer, memory consumption 0 MB, capacity 20
[LIBGPUSPATIAL] [ 12328][17:59:53:203987][info  ] RTSpatialIndex 0x77600000ac10 (Used 1 MB), Probe Points, Size: 100000, Results: 20
[LIBGPUSPATIAL] [ 12328][17:59:53:204363][info  ] RTSpatialRefiner 0x776003d29930 (Used 0 MB), Loaded Geometries, ProbeArray 100000, Loaded 16, Type Point
[LIBGPUSPATIAL] [ 12328][17:59:53:204413][info  ] RTSpatialRefiner 0x776003d29930 (Used 0 MB), Evaluating 20 Geometry Pairs with Predicate Contains
[LIBGPUSPATIAL] [ 12327][17:59:53:205872][info  ] RTSpatialIndex 0x77600000ac10 (Used 1 MB), Allocate result buffer, memory consumption 0 MB, capacity 30
[LIBGPUSPATIAL] [ 12327][17:59:53:206088][info  ] RTSpatialIndex 0x77600000ac10 (Used 1 MB), Probe Points, Size: 100000, Results: 30
[LIBGPUSPATIAL] [ 12327][17:59:53:207307][info  ] RTSpatialRefiner 0x776003d29930 (Used 3 MB), Loaded Geometries, ProbeArray 100000, Loaded 22, Type Point
[LIBGPUSPATIAL] [ 12329][17:59:53:207363][info  ] RTSpatialIndex 0x77600000ac10 (Used 1 MB), Allocate result buffer, memory consumption 0 MB, capacity 21
[LIBGPUSPATIAL] [ 12327][17:59:53:207368][info  ] RTSpatialRefiner 0x776003d29930 (Used 1 MB), Evaluating 30 Geometry Pairs with Predicate Contains
[LIBGPUSPATIAL] [ 12325][17:59:53:207925][info  ] RTSpatialIndex 0x77600000ac10 (Used 2 MB), Allocate result buffer, memory consumption 0 MB, capacity 24
[LIBGPUSPATIAL] [ 12329][17:59:53:208208][info  ] RTSpatialIndex 0x77600000ac10 (Used 2 MB), Probe Points, Size: 100000, Results: 21
[LIBGPUSPATIAL] [ 12324][17:59:53:208270][info  ] RTSpatialIndex 0x77600000ac10 (Used 1 MB), Allocate result buffer, memory consumption 0 MB, capacity 32
[LIBGPUSPATIAL] [ 12325][17:59:53:208766][info  ] RTSpatialIndex 0x77600000ac10 (Used 1 MB), Probe Points, Size: 100000, Results: 24
[LIBGPUSPATIAL] [ 12329][17:59:53:209020][info  ] RTSpatialRefiner 0x776003d29930 (Used 1 MB), Loaded Geometries, ProbeArray 100000, Loaded 17, Type Point
[LIBGPUSPATIAL] [ 12329][17:59:53:209064][info  ] RTSpatialRefiner 0x776003d29930 (Used 1 MB), Evaluating 21 Geometry Pairs with Predicate Contains
[LIBGPUSPATIAL] [ 12325][17:59:53:209312][info  ] RTSpatialRefiner 0x776003d29930 (Used 1 MB), Loaded Geometries, ProbeArray 100000, Loaded 18, Type Point
[LIBGPUSPATIAL] [ 12325][17:59:53:209355][info  ] RTSpatialRefiner 0x776003d29930 (Used 1 MB), Evaluating 24 Geometry Pairs with Predicate Contains
[LIBGPUSPATIAL] [ 12324][17:59:53:209611][info  ] RTSpatialIndex 0x77600000ac10 (Used 1 MB), Probe Points, Size: 100000, Results: 32
[LIBGPUSPATIAL] [ 12324][17:59:53:209967][info  ] RTSpatialRefiner 0x776003d29930 (Used 0 MB), Loaded Geometries, ProbeArray 100000, Loaded 23, Type Point
[LIBGPUSPATIAL] [ 12324][17:59:53:210016][info  ] RTSpatialRefiner 0x776003d29930 (Used 0 MB), Evaluating 32 Geometry Pairs with Predicate Contains
[LIBGPUSPATIAL] [ 12330][17:59:53:219007][info  ] RTSpatialIndex 0x77600000ac10 (Used 1 MB), Allocate result buffer, memory consumption 0 MB, capacity 19
[LIBGPUSPATIAL] [ 12330][17:59:53:219145][info  ] RTSpatialIndex 0x77600000ac10 (Used 1 MB), Probe Points, Size: 100000, Results: 19
[LIBGPUSPATIAL] [ 12330][17:59:53:219769][info  ] RTSpatialRefiner 0x776003d29930 (Used 0 MB), Loaded Geometries, ProbeArray 100000, Loaded 17, Type Point
[LIBGPUSPATIAL] [ 12330][17:59:53:219805][info  ] RTSpatialRefiner 0x776003d29930 (Used 0 MB), Evaluating 19 Geometry Pairs with Predicate Contains
[LIBGPUSPATIAL] [ 12323][17:59:53:221686][info  ] RTSpatialIndex 0x77600000ac10 (Used 1 MB), Allocate result buffer, memory consumption 0 MB, capacity 37
[LIBGPUSPATIAL] [ 12323][17:59:53:221808][info  ] RTSpatialIndex 0x77600000ac10 (Used 1 MB), Probe Points, Size: 100000, Results: 37
[LIBGPUSPATIAL] [ 12323][17:59:53:222238][info  ] RTSpatialRefiner 0x776003d29930 (Used 0 MB), Loaded Geometries, ProbeArray 100000, Loaded 24, Type Point
[LIBGPUSPATIAL] [ 12323][17:59:53:222280][info  ] RTSpatialRefiner 0x776003d29930 (Used 0 MB), Evaluating 37 Geometry Pairs with Predicate Contains
[LIBGPUSPATIAL] [ 12328][17:59:53:224232][info  ] RTSpatialIndex 0x77600000ac10 (Used 1 MB), Allocate result buffer, memory consumption 0 MB, capacity 32
[LIBGPUSPATIAL] [ 12328][17:59:53:224349][info  ] RTSpatialIndex 0x77600000ac10 (Used 1 MB), Probe Points, Size: 100000, Results: 32
[LIBGPUSPATIAL] [ 12328][17:59:53:224714][info  ] RTSpatialRefiner 0x776003d29930 (Used 0 MB), Loaded Geometries, ProbeArray 100000, Loaded 26, Type Point
[LIBGPUSPATIAL] [ 12328][17:59:53:224763][info  ] RTSpatialRefiner 0x776003d29930 (Used 0 MB), Evaluating 32 Geometry Pairs with Predicate Contains
[LIBGPUSPATIAL] [ 12327][17:59:53:225543][info  ] RTSpatialIndex 0x77600000ac10 (Used 1 MB), Allocate result buffer, memory consumption 0 MB, capacity 22
[LIBGPUSPATIAL] [ 12327][17:59:53:225896][info  ] RTSpatialIndex 0x77600000ac10 (Used 1 MB), Probe Points, Size: 100000, Results: 22
[LIBGPUSPATIAL] [ 12327][17:59:53:227202][info  ] RTSpatialRefiner 0x776003d29930 (Used 0 MB), Loaded Geometries, ProbeArray 100000, Loaded 18, Type Point
[LIBGPUSPATIAL] [ 12327][17:59:53:227252][info  ] RTSpatialRefiner 0x776003d29930 (Used 0 MB), Evaluating 22 Geometry Pairs with Predicate Contains
[LIBGPUSPATIAL] [ 12325][17:59:53:227972][info  ] RTSpatialIndex 0x77600000ac10 (Used 1 MB), Allocate result buffer, memory consumption 0 MB, capacity 17
[LIBGPUSPATIAL] [ 12325][17:59:53:228086][info  ] RTSpatialIndex 0x77600000ac10 (Used 1 MB), Probe Points, Size: 100000, Results: 17
[LIBGPUSPATIAL] [ 12325][17:59:53:229868][info  ] RTSpatialRefiner 0x776003d29930 (Used 1 MB), Loaded Geometries, ProbeArray 100000, Loaded 13, Type Point
[LIBGPUSPATIAL] [ 12325][17:59:53:229916][info  ] RTSpatialRefiner 0x776003d29930 (Used 1 MB), Evaluating 17 Geometry Pairs with Predicate Contains
[LIBGPUSPATIAL] [ 12324][17:59:53:229944][info  ] RTSpatialIndex 0x77600000ac10 (Used 1 MB), Allocate result buffer, memory consumption 0 MB, capacity 30
[LIBGPUSPATIAL] [ 12324][17:59:53:230505][info  ] RTSpatialIndex 0x77600000ac10 (Used 1 MB), Probe Points, Size: 100000, Results: 30
[LIBGPUSPATIAL] [ 12329][17:59:53:230798][info  ] RTSpatialIndex 0x77600000ac10 (Used 1 MB), Allocate result buffer, memory consumption 0 MB, capacity 26
[LIBGPUSPATIAL] [ 12329][17:59:53:231437][info  ] RTSpatialIndex 0x77600000ac10 (Used 1 MB), Probe Points, Size: 100000, Results: 26
[LIBGPUSPATIAL] [ 12326][17:59:53:231633][info  ] RTSpatialIndex 0x77600000ac10 (Used 1 MB), Allocate result buffer, memory consumption 0 MB, capacity 21
[LIBGPUSPATIAL] [ 12324][17:59:53:231639][info  ] RTSpatialRefiner 0x776003d29930 (Used 1 MB), Loaded Geometries, ProbeArray 100000, Loaded 21, Type Point
[LIBGPUSPATIAL] [ 12324][17:59:53:231754][info  ] RTSpatialRefiner 0x776003d29930 (Used 1 MB), Evaluating 30 Geometry Pairs with Predicate Contains
[LIBGPUSPATIAL] [ 12326][17:59:53:232063][info  ] RTSpatialIndex 0x77600000ac10 (Used 1 MB), Probe Points, Size: 100000, Results: 21
[LIBGPUSPATIAL] [ 12329][17:59:53:232530][info  ] RTSpatialRefiner 0x776003d29930 (Used 0 MB), Loaded Geometries, ProbeArray 100000, Loaded 19, Type Point
[LIBGPUSPATIAL] [ 12329][17:59:53:232607][info  ] RTSpatialRefiner 0x776003d29930 (Used 0 MB), Evaluating 26 Geometry Pairs with Predicate Contains
[LIBGPUSPATIAL] [ 12326][17:59:53:233768][info  ] RTSpatialRefiner 0x776003d29930 (Used 0 MB), Loaded Geometries, ProbeArray 100000, Loaded 16, Type Point
[LIBGPUSPATIAL] [ 12326][17:59:53:233824][info  ] RTSpatialRefiner 0x776003d29930 (Used 0 MB), Evaluating 21 Geometry Pairs with Predicate Contains
[LIBGPUSPATIAL] [ 12330][17:59:53:235290][info  ] RTSpatialIndex 0x77600000ac10 (Used 1 MB), Allocate result buffer, memory consumption 0 MB, capacity 24
[LIBGPUSPATIAL] [ 12330][17:59:53:235405][info  ] RTSpatialIndex 0x77600000ac10 (Used 1 MB), Probe Points, Size: 100000, Results: 24
[LIBGPUSPATIAL] [ 12323][17:59:53:238596][info  ] RTSpatialIndex 0x77600000ac10 (Used 1 MB), Allocate result buffer, memory consumption 0 MB, capacity 20
[LIBGPUSPATIAL] [ 12325][17:59:53:238597][info  ] RTSpatialIndex 0x77600000ac10 (Used 1 MB), Allocate result buffer, memory consumption 0 MB, capacity 9
[LIBGPUSPATIAL] [ 12323][17:59:53:238870][info  ] RTSpatialIndex 0x77600000ac10 (Used 1 MB), Probe Points, Size: 100000, Results: 20
[LIBGPUSPATIAL] [ 12330][17:59:53:238879][info  ] RTSpatialRefiner 0x776003d29930 (Used 1 MB), Loaded Geometries, ProbeArray 100000, Loaded 19, Type Point
[LIBGPUSPATIAL] [ 12325][17:59:53:238910][info  ] RTSpatialIndex 0x77600000ac10 (Used 0 MB), Probe Points, Size: 33348, Results: 9
[LIBGPUSPATIAL] [ 12330][17:59:53:238929][info  ] RTSpatialRefiner 0x776003d29930 (Used 0 MB), Evaluating 24 Geometry Pairs with Predicate Contains
[LIBGPUSPATIAL] [ 12325][17:59:53:239308][info  ] RTSpatialRefiner 0x776003d29930 (Used 0 MB), Loaded Geometries, ProbeArray 33348, Loaded 6, Type Point
[LIBGPUSPATIAL] [ 12325][17:59:53:239349][info  ] RTSpatialRefiner 0x776003d29930 (Used 0 MB), Evaluating 9 Geometry Pairs with Predicate Contains
[LIBGPUSPATIAL] [ 12323][17:59:53:239762][info  ] RTSpatialRefiner 0x776003d29930 (Used 0 MB), Loaded Geometries, ProbeArray 100000, Loaded 14, Type Point
[LIBGPUSPATIAL] [ 12323][17:59:53:239812][info  ] RTSpatialRefiner 0x776003d29930 (Used 0 MB), Evaluating 20 Geometry Pairs with Predicate Contains
[LIBGPUSPATIAL] [ 12328][17:59:53:243998][info  ] RTSpatialIndex 0x77600000ac10 (Used 1 MB), Allocate result buffer, memory consumption 0 MB, capacity 25
[LIBGPUSPATIAL] [ 12328][17:59:53:244592][info  ] RTSpatialIndex 0x77600000ac10 (Used 1 MB), Probe Points, Size: 100000, Results: 25
[LIBGPUSPATIAL] [ 12327][17:59:53:244640][info  ] RTSpatialIndex 0x77600000ac10 (Used 1 MB), Allocate result buffer, memory consumption 0 MB, capacity 13
[LIBGPUSPATIAL] [ 12327][17:59:53:244977][info  ] RTSpatialIndex 0x77600000ac10 (Used 1 MB), Probe Points, Size: 100000, Results: 13
[LIBGPUSPATIAL] [ 12328][17:59:53:247698][info  ] RTSpatialRefiner 0x776003d29930 (Used 0 MB), Loaded Geometries, ProbeArray 100000, Loaded 20, Type Point
[LIBGPUSPATIAL] [ 12327][17:59:53:247701][info  ] RTSpatialRefiner 0x776003d29930 (Used 0 MB), Loaded Geometries, ProbeArray 100000, Loaded 11, Type Point
[LIBGPUSPATIAL] [ 12328][17:59:53:247752][info  ] RTSpatialRefiner 0x776003d29930 (Used 0 MB), Evaluating 25 Geometry Pairs with Predicate Contains
[LIBGPUSPATIAL] [ 12327][17:59:53:247787][info  ] RTSpatialRefiner 0x776003d29930 (Used 0 MB), Evaluating 13 Geometry Pairs with Predicate Contains
[LIBGPUSPATIAL] [ 12324][17:59:53:248975][info  ] RTSpatialIndex 0x77600000ac10 (Used 1 MB), Allocate result buffer, memory consumption 0 MB, capacity 34
[LIBGPUSPATIAL] [ 12324][17:59:53:249135][info  ] RTSpatialIndex 0x77600000ac10 (Used 1 MB), Probe Points, Size: 100000, Results: 34
[LIBGPUSPATIAL] [ 12324][17:59:53:249556][info  ] RTSpatialRefiner 0x776003d29930 (Used 0 MB), Loaded Geometries, ProbeArray 100000, Loaded 26, Type Point
[LIBGPUSPATIAL] [ 12324][17:59:53:249606][info  ] RTSpatialRefiner 0x776003d29930 (Used 0 MB), Evaluating 34 Geometry Pairs with Predicate Contains
[LIBGPUSPATIAL] [ 12329][17:59:53:251477][info  ] RTSpatialIndex 0x77600000ac10 (Used 1 MB), Allocate result buffer, memory consumption 0 MB, capacity 17
[LIBGPUSPATIAL] [ 12329][17:59:53:251603][info  ] RTSpatialIndex 0x77600000ac10 (Used 1 MB), Probe Points, Size: 100000, Results: 17
[LIBGPUSPATIAL] [ 12329][17:59:53:252066][info  ] RTSpatialRefiner 0x776003d29930 (Used 0 MB), Loaded Geometries, ProbeArray 100000, Loaded 14, Type Point
[LIBGPUSPATIAL] [ 12329][17:59:53:252109][info  ] RTSpatialRefiner 0x776003d29930 (Used 0 MB), Evaluating 17 Geometry Pairs with Predicate Contains
[LIBGPUSPATIAL] [ 12326][17:59:53:254106][info  ] RTSpatialIndex 0x77600000ac10 (Used 1 MB), Allocate result buffer, memory consumption 0 MB, capacity 14
[LIBGPUSPATIAL] [ 12326][17:59:53:254258][info  ] RTSpatialIndex 0x77600000ac10 (Used 1 MB), Probe Points, Size: 100000, Results: 14
[LIBGPUSPATIAL] [ 12326][17:59:53:254792][info  ] RTSpatialRefiner 0x776003d29930 (Used 0 MB), Loaded Geometries, ProbeArray 100000, Loaded 12, Type Point
[LIBGPUSPATIAL] [ 12326][17:59:53:254928][info  ] RTSpatialRefiner 0x776003d29930 (Used 0 MB), Evaluating 14 Geometry Pairs with Predicate Contains
[LIBGPUSPATIAL] [ 12328][17:59:53:255388][info  ] RTSpatialIndex 0x77600000ac10 (Used 0 MB), Allocate result buffer, memory consumption 0 MB, capacity 8
[LIBGPUSPATIAL] [ 12328][17:59:53:255671][info  ] RTSpatialIndex 0x77600000ac10 (Used 0 MB), Probe Points, Size: 33333, Results: 8
[LIBGPUSPATIAL] [ 12328][17:59:53:256107][info  ] RTSpatialRefiner 0x776003d29930 (Used 1 MB), Loaded Geometries, ProbeArray 33333, Loaded 5, Type Point
[LIBGPUSPATIAL] [ 12328][17:59:53:256185][info  ] RTSpatialRefiner 0x776003d29930 (Used 1 MB), Evaluating 8 Geometry Pairs with Predicate Contains
[LIBGPUSPATIAL] [ 12330][17:59:53:256674][info  ] RTSpatialIndex 0x77600000ac10 (Used 1 MB), Allocate result buffer, memory consumption 0 MB, capacity 25
[LIBGPUSPATIAL] [ 12330][17:59:53:257255][info  ] RTSpatialIndex 0x77600000ac10 (Used 1 MB), Probe Points, Size: 100000, Results: 25
[LIBGPUSPATIAL] [ 12324][17:59:53:257354][info  ] RTSpatialIndex 0x77600000ac10 (Used 0 MB), Allocate result buffer, memory consumption 0 MB, capacity 4
[LIBGPUSPATIAL] [ 12324][17:59:53:257831][info  ] RTSpatialIndex 0x77600000ac10 (Used 0 MB), Probe Points, Size: 33333, Results: 4
[LIBGPUSPATIAL] [ 12330][17:59:53:259069][info  ] RTSpatialRefiner 0x776003d29930 (Used 0 MB), Loaded Geometries, ProbeArray 100000, Loaded 19, Type Point
[LIBGPUSPATIAL] [ 12330][17:59:53:259116][info  ] RTSpatialRefiner 0x776003d29930 (Used 0 MB), Evaluating 25 Geometry Pairs with Predicate Contains
[LIBGPUSPATIAL] [ 12324][17:59:53:259149][info  ] RTSpatialRefiner 0x776003d29930 (Used 0 MB), Loaded Geometries, ProbeArray 33333, Loaded 2, Type Point
[LIBGPUSPATIAL] [ 12324][17:59:53:259199][info  ] RTSpatialRefiner 0x776003d29930 (Used 0 MB), Evaluating 4 Geometry Pairs with Predicate Contains
[LIBGPUSPATIAL] [ 12323][17:59:53:260307][info  ] RTSpatialIndex 0x77600000ac10 (Used 1 MB), Allocate result buffer, memory consumption 0 MB, capacity 22
[LIBGPUSPATIAL] [ 12323][17:59:53:260440][info  ] RTSpatialIndex 0x77600000ac10 (Used 1 MB), Probe Points, Size: 100000, Results: 22
[LIBGPUSPATIAL] [ 12323][17:59:53:261021][info  ] RTSpatialRefiner 0x776003d29930 (Used 0 MB), Loaded Geometries, ProbeArray 100000, Loaded 18, Type Point
[LIBGPUSPATIAL] [ 12323][17:59:53:261065][info  ] RTSpatialRefiner 0x776003d29930 (Used 0 MB), Evaluating 22 Geometry Pairs with Predicate Contains
[LIBGPUSPATIAL] [ 12327][17:59:53:265778][info  ] RTSpatialIndex 0x77600000ac10 (Used 1 MB), Allocate result buffer, memory consumption 0 MB, capacity 20
[LIBGPUSPATIAL] [ 12327][17:59:53:266015][info  ] RTSpatialIndex 0x77600000ac10 (Used 1 MB), Probe Points, Size: 100000, Results: 20
[LIBGPUSPATIAL] [ 12327][17:59:53:266556][info  ] RTSpatialRefiner 0x776003d29930 (Used 0 MB), Loaded Geometries, ProbeArray 100000, Loaded 17, Type Point
[LIBGPUSPATIAL] [ 12327][17:59:53:266732][info  ] RTSpatialRefiner 0x776003d29930 (Used 0 MB), Evaluating 20 Geometry Pairs with Predicate Contains
[LIBGPUSPATIAL] [ 12329][17:59:53:269482][info  ] RTSpatialIndex 0x77600000ac10 (Used 1 MB), Allocate result buffer, memory consumption 0 MB, capacity 36
[LIBGPUSPATIAL] [ 12329][17:59:53:269635][info  ] RTSpatialIndex 0x77600000ac10 (Used 1 MB), Probe Points, Size: 100000, Results: 36
[LIBGPUSPATIAL] [ 12329][17:59:53:270073][info  ] RTSpatialRefiner 0x776003d29930 (Used 0 MB), Loaded Geometries, ProbeArray 100000, Loaded 27, Type Point
[LIBGPUSPATIAL] [ 12329][17:59:53:270118][info  ] RTSpatialRefiner 0x776003d29930 (Used 0 MB), Evaluating 36 Geometry Pairs with Predicate Contains
[LIBGPUSPATIAL] [ 12325][17:59:53:273188][info  ] RTSpatialIndex 0x77600000ac10 (Used 1 MB), Allocate result buffer, memory consumption 0 MB, capacity 19
[LIBGPUSPATIAL] [ 12325][17:59:53:273339][info  ] RTSpatialIndex 0x77600000ac10 (Used 1 MB), Probe Points, Size: 100000, Results: 19
[LIBGPUSPATIAL] [ 12326][17:59:53:275322][info  ] RTSpatialIndex 0x77600000ac10 (Used 1 MB), Allocate result buffer, memory consumption 0 MB, capacity 25
[LIBGPUSPATIAL] [ 12326][17:59:53:275560][info  ] RTSpatialIndex 0x77600000ac10 (Used 1 MB), Probe Points, Size: 100000, Results: 25
[LIBGPUSPATIAL] [ 12330][17:59:53:276032][info  ] RTSpatialIndex 0x77600000ac10 (Used 1 MB), Allocate result buffer, memory consumption 0 MB, capacity 22
[LIBGPUSPATIAL] [ 12330][17:59:53:276165][info  ] RTSpatialIndex 0x77600000ac10 (Used 1 MB), Probe Points, Size: 100000, Results: 22
[LIBGPUSPATIAL] [ 12325][17:59:53:276612][info  ] RTSpatialRefiner 0x776003d29930 (Used 0 MB), Loaded Geometries, ProbeArray 100000, Loaded 13, Type Point
[LIBGPUSPATIAL] [ 12325][17:59:53:276656][info  ] RTSpatialRefiner 0x776003d29930 (Used 0 MB), Evaluating 19 Geometry Pairs with Predicate Contains
[LIBGPUSPATIAL] [ 12326][17:59:53:276677][info  ] RTSpatialRefiner 0x776003d29930 (Used 0 MB), Loaded Geometries, ProbeArray 100000, Loaded 18, Type Point
[LIBGPUSPATIAL] [ 12326][17:59:53:276723][info  ] RTSpatialRefiner 0x776003d29930 (Used 0 MB), Evaluating 25 Geometry Pairs with Predicate Contains
[LIBGPUSPATIAL] [ 12330][17:59:53:277064][info  ] RTSpatialRefiner 0x776003d29930 (Used 0 MB), Loaded Geometries, ProbeArray 100000, Loaded 16, Type Point
[LIBGPUSPATIAL] [ 12330][17:59:53:277108][info  ] RTSpatialRefiner 0x776003d29930 (Used 0 MB), Evaluating 22 Geometry Pairs with Predicate Contains
[LIBGPUSPATIAL] [ 12323][17:59:53:279388][info  ] RTSpatialIndex 0x77600000ac10 (Used 1 MB), Allocate result buffer, memory consumption 0 MB, capacity 27
[LIBGPUSPATIAL] [ 12323][17:59:53:279520][info  ] RTSpatialIndex 0x77600000ac10 (Used 1 MB), Probe Points, Size: 100000, Results: 27
[LIBGPUSPATIAL] [ 12323][17:59:53:279871][info  ] RTSpatialRefiner 0x776003d29930 (Used 0 MB), Loaded Geometries, ProbeArray 100000, Loaded 18, Type Point
[LIBGPUSPATIAL] [ 12323][17:59:53:279914][info  ] RTSpatialRefiner 0x776003d29930 (Used 0 MB), Evaluating 27 Geometry Pairs with Predicate Contains
[LIBGPUSPATIAL] [ 12327][17:59:53:285413][info  ] RTSpatialIndex 0x77600000ac10 (Used 1 MB), Allocate result buffer, memory consumption 0 MB, capacity 20
[LIBGPUSPATIAL] [ 12327][17:59:53:285549][info  ] RTSpatialIndex 0x77600000ac10 (Used 1 MB), Probe Points, Size: 100000, Results: 20
[LIBGPUSPATIAL] [ 12327][17:59:53:285931][info  ] RTSpatialRefiner 0x776003d29930 (Used 0 MB), Loaded Geometries, ProbeArray 100000, Loaded 16, Type Point
[LIBGPUSPATIAL] [ 12327][17:59:53:285975][info  ] RTSpatialRefiner 0x776003d29930 (Used 0 MB), Evaluating 20 Geometry Pairs with Predicate Contains
[LIBGPUSPATIAL] [ 12329][17:59:53:286742][info  ] RTSpatialIndex 0x77600000ac10 (Used 1 MB), Allocate result buffer, memory consumption 0 MB, capacity 20
[LIBGPUSPATIAL] [ 12329][17:59:53:286888][info  ] RTSpatialIndex 0x77600000ac10 (Used 1 MB), Probe Points, Size: 100000, Results: 20
[LIBGPUSPATIAL] [ 12329][17:59:53:287203][info  ] RTSpatialRefiner 0x776003d29930 (Used 0 MB), Loaded Geometries, ProbeArray 100000, Loaded 16, Type Point
[LIBGPUSPATIAL] [ 12329][17:59:53:287246][info  ] RTSpatialRefiner 0x776003d29930 (Used 0 MB), Evaluating 20 Geometry Pairs with Predicate Contains
[LIBGPUSPATIAL] [ 12328][17:59:53:292729][info  ] RTSpatialIndex 0x77600000ac10 (Used 1 MB), Allocate result buffer, memory consumption 0 MB, capacity 24
[LIBGPUSPATIAL] [ 12328][17:59:53:292885][info  ] RTSpatialIndex 0x77600000ac10 (Used 2 MB), Probe Points, Size: 100000, Results: 24
[LIBGPUSPATIAL] [ 12324][17:59:53:293581][info  ] RTSpatialIndex 0x77600000ac10 (Used 1 MB), Allocate result buffer, memory consumption 0 MB, capacity 21
[LIBGPUSPATIAL] [ 12324][17:59:53:293702][info  ] RTSpatialIndex 0x77600000ac10 (Used 1 MB), Probe Points, Size: 100000, Results: 21
[LIBGPUSPATIAL] [ 12328][17:59:53:293995][info  ] RTSpatialRefiner 0x776003d29930 (Used 0 MB), Loaded Geometries, ProbeArray 100000, Loaded 17, Type Point
[LIBGPUSPATIAL] [ 12328][17:59:53:294042][info  ] RTSpatialRefiner 0x776003d29930 (Used 0 MB), Evaluating 24 Geometry Pairs with Predicate Contains
[LIBGPUSPATIAL] [ 12330][17:59:53:294714][info  ] RTSpatialIndex 0x77600000ac10 (Used 1 MB), Allocate result buffer, memory consumption 0 MB, capacity 19
[LIBGPUSPATIAL] [ 12324][17:59:53:295156][info  ] RTSpatialRefiner 0x776003d29930 (Used 2 MB), Loaded Geometries, ProbeArray 100000, Loaded 15, Type Point
[LIBGPUSPATIAL] [ 12324][17:59:53:295238][info  ] RTSpatialRefiner 0x776003d29930 (Used 2 MB), Evaluating 21 Geometry Pairs with Predicate Contains
[LIBGPUSPATIAL] [ 12330][17:59:53:295342][info  ] RTSpatialIndex 0x77600000ac10 (Used 3 MB), Probe Points, Size: 100000, Results: 19
[LIBGPUSPATIAL] [ 12326][17:59:53:295899][info  ] RTSpatialIndex 0x77600000ac10 (Used 2 MB), Allocate result buffer, memory consumption 0 MB, capacity 22
[LIBGPUSPATIAL] [ 12330][17:59:53:296309][info  ] RTSpatialRefiner 0x776003d29930 (Used 3 MB), Loaded Geometries, ProbeArray 100000, Loaded 14, Type Point
[LIBGPUSPATIAL] [ 12330][17:59:53:296364][info  ] RTSpatialRefiner 0x776003d29930 (Used 3 MB), Evaluating 19 Geometry Pairs with Predicate Contains
[LIBGPUSPATIAL] [ 12326][17:59:53:296403][info  ] RTSpatialIndex 0x77600000ac10 (Used 3 MB), Probe Points, Size: 100000, Results: 22
[LIBGPUSPATIAL] [ 12323][17:59:53:296594][info  ] RTSpatialIndex 0x77600000ac10 (Used 2 MB), Allocate result buffer, memory consumption 0 MB, capacity 10
[LIBGPUSPATIAL] [ 12326][17:59:53:297088][info  ] RTSpatialRefiner 0x776003d29930 (Used 1 MB), Loaded Geometries, ProbeArray 100000, Loaded 17, Type Point
[LIBGPUSPATIAL] [ 12326][17:59:53:297193][info  ] RTSpatialRefiner 0x776003d29930 (Used 1 MB), Evaluating 22 Geometry Pairs with Predicate Contains
[LIBGPUSPATIAL] [ 12323][17:59:53:297241][info  ] RTSpatialIndex 0x77600000ac10 (Used 1 MB), Probe Points, Size: 100000, Results: 10
[LIBGPUSPATIAL] [ 12325][17:59:53:297423][info  ] RTSpatialIndex 0x77600000ac10 (Used 1 MB), Allocate result buffer, memory consumption 0 MB, capacity 20
[LIBGPUSPATIAL] [ 12323][17:59:53:297831][info  ] RTSpatialRefiner 0x776003d29930 (Used 1 MB), Loaded Geometries, ProbeArray 100000, Loaded 9, Type Point
[LIBGPUSPATIAL] [ 12323][17:59:53:297906][info  ] RTSpatialRefiner 0x776003d29930 (Used 1 MB), Evaluating 10 Geometry Pairs with Predicate Contains
[LIBGPUSPATIAL] [ 12325][17:59:53:297963][info  ] RTSpatialIndex 0x77600000ac10 (Used 1 MB), Probe Points, Size: 100000, Results: 20
[LIBGPUSPATIAL] [ 12325][17:59:53:299076][info  ] RTSpatialRefiner 0x776003d29930 (Used 0 MB), Loaded Geometries, ProbeArray 100000, Loaded 17, Type Point
[LIBGPUSPATIAL] [ 12325][17:59:53:299117][info  ] RTSpatialRefiner 0x776003d29930 (Used 0 MB), Evaluating 20 Geometry Pairs with Predicate Contains
[LIBGPUSPATIAL] [ 12327][17:59:53:301273][info  ] RTSpatialIndex 0x77600000ac10 (Used 1 MB), Allocate result buffer, memory consumption 0 MB, capacity 12
[LIBGPUSPATIAL] [ 12327][17:59:53:301396][info  ] RTSpatialIndex 0x77600000ac10 (Used 1 MB), Probe Points, Size: 100000, Results: 12
[LIBGPUSPATIAL] [ 12327][17:59:53:303132][info  ] RTSpatialRefiner 0x776003d29930 (Used 0 MB), Loaded Geometries, ProbeArray 100000, Loaded 10, Type Point
[LIBGPUSPATIAL] [ 12327][17:59:53:303208][info  ] RTSpatialRefiner 0x776003d29930 (Used 0 MB), Evaluating 12 Geometry Pairs with Predicate Contains
[LIBGPUSPATIAL] [ 12329][17:59:53:304406][info  ] RTSpatialIndex 0x77600000ac10 (Used 1 MB), Allocate result buffer, memory consumption 0 MB, capacity 27
[LIBGPUSPATIAL] [ 12329][17:59:53:304857][info  ] RTSpatialIndex 0x77600000ac10 (Used 1 MB), Probe Points, Size: 100000, Results: 27
[LIBGPUSPATIAL] [ 12329][17:59:53:306118][info  ] RTSpatialRefiner 0x776003d29930 (Used 0 MB), Loaded Geometries, ProbeArray 100000, Loaded 21, Type Point
[LIBGPUSPATIAL] [ 12329][17:59:53:306299][info  ] RTSpatialRefiner 0x776003d29930 (Used 0 MB), Evaluating 27 Geometry Pairs with Predicate Contains
[LIBGPUSPATIAL] [ 12323][17:59:53:314630][info  ] RTSpatialIndex 0x77600000ac10 (Used 2 MB), Allocate result buffer, memory consumption 0 MB, capacity 24
[LIBGPUSPATIAL] [ 12326][17:59:53:314652][info  ] RTSpatialIndex 0x77600000ac10 (Used 2 MB), Allocate result buffer, memory consumption 0 MB, capacity 15
[LIBGPUSPATIAL] [ 12328][17:59:53:314710][info  ] RTSpatialIndex 0x77600000ac10 (Used 2 MB), Allocate result buffer, memory consumption 0 MB, capacity 23
[LIBGPUSPATIAL] [ 12323][17:59:53:314962][info  ] RTSpatialIndex 0x77600000ac10 (Used 4 MB), Probe Points, Size: 100000, Results: 24
[LIBGPUSPATIAL] [ 12326][17:59:53:315036][info  ] RTSpatialIndex 0x77600000ac10 (Used 3 MB), Probe Points, Size: 100000, Results: 15
[LIBGPUSPATIAL] [ 12328][17:59:53:315298][info  ] RTSpatialIndex 0x77600000ac10 (Used 3 MB), Probe Points, Size: 100000, Results: 23
[LIBGPUSPATIAL] [ 12330][17:59:53:315754][info  ] RTSpatialIndex 0x77600000ac10 (Used 1 MB), Allocate result buffer, memory consumption 0 MB, capacity 23
[LIBGPUSPATIAL] [ 12323][17:59:53:315786][info  ] RTSpatialRefiner 0x776003d29930 (Used 1 MB), Loaded Geometries, ProbeArray 100000, Loaded 18, Type Point
[LIBGPUSPATIAL] [ 12323][17:59:53:315977][info  ] RTSpatialRefiner 0x776003d29930 (Used 1 MB), Evaluating 24 Geometry Pairs with Predicate Contains
[LIBGPUSPATIAL] [ 12328][17:59:53:315980][info  ] RTSpatialRefiner 0x776003d29930 (Used 1 MB), Loaded Geometries, ProbeArray 100000, Loaded 19, Type Point
[LIBGPUSPATIAL] [ 12328][17:59:53:316042][info  ] RTSpatialRefiner 0x776003d29930 (Used 1 MB), Evaluating 23 Geometry Pairs with Predicate Contains
[LIBGPUSPATIAL] [ 12326][17:59:53:317126][info  ] RTSpatialRefiner 0x776003d29930 (Used 4 MB), Loaded Geometries, ProbeArray 100000, Loaded 13, Type Point
[LIBGPUSPATIAL] [ 12326][17:59:53:317176][info  ] RTSpatialRefiner 0x776003d29930 (Used 4 MB), Evaluating 15 Geometry Pairs with Predicate Contains
[LIBGPUSPATIAL] [ 12330][17:59:53:317780][info  ] RTSpatialIndex 0x77600000ac10 (Used 2 MB), Probe Points, Size: 100000, Results: 23
[LIBGPUSPATIAL] [ 12330][17:59:53:318184][info  ] RTSpatialRefiner 0x776003d29930 (Used 2 MB), Loaded Geometries, ProbeArray 100000, Loaded 16, Type Point
[LIBGPUSPATIAL] [ 12330][17:59:53:318326][info  ] RTSpatialRefiner 0x776003d29930 (Used 1 MB), Evaluating 23 Geometry Pairs with Predicate Contains
[LIBGPUSPATIAL] [ 12324][17:59:53:318373][info  ] RTSpatialIndex 0x77600000ac10 (Used 1 MB), Allocate result buffer, memory consumption 0 MB, capacity 23
[LIBGPUSPATIAL] [ 12325][17:59:53:318610][info  ] RTSpatialIndex 0x77600000ac10 (Used 1 MB), Allocate result buffer, memory consumption 0 MB, capacity 25
[LIBGPUSPATIAL] [ 12324][17:59:53:318828][info  ] RTSpatialIndex 0x77600000ac10 (Used 1 MB), Probe Points, Size: 100000, Results: 23
[LIBGPUSPATIAL] [ 12325][17:59:53:319458][info  ] RTSpatialIndex 0x77600000ac10 (Used 1 MB), Probe Points, Size: 100000, Results: 25
[LIBGPUSPATIAL] [ 12324][17:59:53:319468][info  ] RTSpatialRefiner 0x776003d29930 (Used 1 MB), Loaded Geometries, ProbeArray 100000, Loaded 21, Type Point
[LIBGPUSPATIAL] [ 12324][17:59:53:319515][info  ] RTSpatialRefiner 0x776003d29930 (Used 0 MB), Evaluating 23 Geometry Pairs with Predicate Contains
[LIBGPUSPATIAL] [ 12325][17:59:53:320083][info  ] RTSpatialRefiner 0x776003d29930 (Used 1 MB), Loaded Geometries, ProbeArray 100000, Loaded 16, Type Point
[LIBGPUSPATIAL] [ 12327][17:59:53:320113][info  ] RTSpatialIndex 0x77600000ac10 (Used 1 MB), Allocate result buffer, memory consumption 0 MB, capacity 16
[LIBGPUSPATIAL] [ 12325][17:59:53:320140][info  ] RTSpatialRefiner 0x776003d29930 (Used 1 MB), Evaluating 25 Geometry Pairs with Predicate Contains
[LIBGPUSPATIAL] [ 12327][17:59:53:320435][info  ] RTSpatialIndex 0x77600000ac10 (Used 1 MB), Probe Points, Size: 100000, Results: 16
[LIBGPUSPATIAL] [ 12327][17:59:53:321416][info  ] RTSpatialRefiner 0x776003d29930 (Used 0 MB), Loaded Geometries, ProbeArray 100000, Loaded 14, Type Point
[LIBGPUSPATIAL] [ 12327][17:59:53:321548][info  ] RTSpatialRefiner 0x776003d29930 (Used 0 MB), Evaluating 16 Geometry Pairs with Predicate Contains
[LIBGPUSPATIAL] [ 12329][17:59:53:325335][info  ] RTSpatialIndex 0x77600000ac10 (Used 1 MB), Allocate result buffer, memory consumption 0 MB, capacity 18
[LIBGPUSPATIAL] [ 12329][17:59:53:325477][info  ] RTSpatialIndex 0x77600000ac10 (Used 1 MB), Probe Points, Size: 100000, Results: 18
[LIBGPUSPATIAL] [ 12329][17:59:53:326205][info  ] RTSpatialRefiner 0x776003d29930 (Used 0 MB), Loaded Geometries, ProbeArray 100000, Loaded 14, Type Point
[LIBGPUSPATIAL] [ 12329][17:59:53:326251][info  ] RTSpatialRefiner 0x776003d29930 (Used 0 MB), Evaluating 18 Geometry Pairs with Predicate Contains
[LIBGPUSPATIAL] [ 12330][17:59:53:336027][info  ] RTSpatialIndex 0x77600000ac10 (Used 1 MB), Allocate result buffer, memory consumption 0 MB, capacity 16
[LIBGPUSPATIAL] [ 12330][17:59:53:336158][info  ] RTSpatialIndex 0x77600000ac10 (Used 1 MB), Probe Points, Size: 100000, Results: 16
[LIBGPUSPATIAL] [ 12330][17:59:53:336507][info  ] RTSpatialRefiner 0x776003d29930 (Used 0 MB), Loaded Geometries, ProbeArray 100000, Loaded 13, Type Point
[LIBGPUSPATIAL] [ 12330][17:59:53:336566][info  ] RTSpatialRefiner 0x776003d29930 (Used 0 MB), Evaluating 16 Geometry Pairs with Predicate Contains
[LIBGPUSPATIAL] [ 12323][17:59:53:339236][info  ] RTSpatialIndex 0x77600000ac10 (Used 1 MB), Allocate result buffer, memory consumption 0 MB, capacity 15
[LIBGPUSPATIAL] [ 12326][17:59:53:339353][info  ] RTSpatialIndex 0x77600000ac10 (Used 1 MB), Allocate result buffer, memory consumption 0 MB, capacity 25
[LIBGPUSPATIAL] [ 12323][17:59:53:339553][info  ] RTSpatialIndex 0x77600000ac10 (Used 3 MB), Probe Points, Size: 100000, Results: 15
[LIBGPUSPATIAL] [ 12326][17:59:53:339902][info  ] RTSpatialIndex 0x77600000ac10 (Used 2 MB), Probe Points, Size: 100000, Results: 25
[LIBGPUSPATIAL] [ 12326][17:59:53:340617][info  ] RTSpatialRefiner 0x776003d29930 (Used 2 MB), Loaded Geometries, ProbeArray 100000, Loaded 18, Type Point
[LIBGPUSPATIAL] [ 12328][17:59:53:340662][info  ] RTSpatialIndex 0x77600000ac10 (Used 2 MB), Allocate result buffer, memory consumption 0 MB, capacity 24
[LIBGPUSPATIAL] [ 12326][17:59:53:340729][info  ] RTSpatialRefiner 0x776003d29930 (Used 2 MB), Evaluating 25 Geometry Pairs with Predicate Contains
[LIBGPUSPATIAL] [ 12323][17:59:53:340737][info  ] RTSpatialRefiner 0x776003d29930 (Used 2 MB), Loaded Geometries, ProbeArray 100000, Loaded 10, Type Point
[LIBGPUSPATIAL] [ 12323][17:59:53:340867][info  ] RTSpatialRefiner 0x776003d29930 (Used 2 MB), Evaluating 15 Geometry Pairs with Predicate Contains
[LIBGPUSPATIAL] [ 12324][17:59:53:341036][info  ] RTSpatialIndex 0x77600000ac10 (Used 2 MB), Allocate result buffer, memory consumption 0 MB, capacity 27
[LIBGPUSPATIAL] [ 12327][17:59:53:341429][info  ] RTSpatialIndex 0x77600000ac10 (Used 3 MB), Allocate result buffer, memory consumption 0 MB, capacity 28
[LIBGPUSPATIAL] [ 12328][17:59:53:341753][info  ] RTSpatialIndex 0x77600000ac10 (Used 3 MB), Probe Points, Size: 100000, Results: 24
[LIBGPUSPATIAL] [ 12325][17:59:53:341954][info  ] RTSpatialIndex 0x77600000ac10 (Used 2 MB), Allocate result buffer, memory consumption 0 MB, capacity 28
[LIBGPUSPATIAL] [ 12327][17:59:53:342363][info  ] RTSpatialIndex 0x77600000ac10 (Used 2 MB), Probe Points, Size: 100000, Results: 28
[LIBGPUSPATIAL] [ 12324][17:59:53:342421][info  ] RTSpatialIndex 0x77600000ac10 (Used 1 MB), Probe Points, Size: 100000, Results: 27
[LIBGPUSPATIAL] [ 12328][17:59:53:342538][info  ] RTSpatialRefiner 0x776003d29930 (Used 1 MB), Loaded Geometries, ProbeArray 100000, Loaded 20, Type Point
[LIBGPUSPATIAL] [ 12328][17:59:53:342666][info  ] RTSpatialRefiner 0x776003d29930 (Used 1 MB), Evaluating 24 Geometry Pairs with Predicate Contains
[LIBGPUSPATIAL] [ 12325][17:59:53:342986][info  ] RTSpatialIndex 0x77600000ac10 (Used 1 MB), Probe Points, Size: 100000, Results: 28
[LIBGPUSPATIAL] [ 12324][17:59:53:345011][info  ] RTSpatialRefiner 0x776003d29930 (Used 0 MB), Loaded Geometries, ProbeArray 100000, Loaded 19, Type Point
[LIBGPUSPATIAL] [ 12324][17:59:53:345065][info  ] RTSpatialRefiner 0x776003d29930 (Used 0 MB), Evaluating 27 Geometry Pairs with Predicate Contains
[LIBGPUSPATIAL] [ 12327][17:59:53:345078][info  ] RTSpatialRefiner 0x776003d29930 (Used 0 MB), Loaded Geometries, ProbeArray 100000, Loaded 20, Type Point
[LIBGPUSPATIAL] [ 12327][17:59:53:345119][info  ] RTSpatialRefiner 0x776003d29930 (Used 0 MB), Evaluating 28 Geometry Pairs with Predicate Contains
[LIBGPUSPATIAL] [ 12325][17:59:53:345903][info  ] RTSpatialRefiner 0x776003d29930 (Used 1 MB), Loaded Geometries, ProbeArray 100000, Loaded 25, Type Point
[LIBGPUSPATIAL] [ 12329][17:59:53:346013][info  ] RTSpatialIndex 0x77600000ac10 (Used 1 MB), Allocate result buffer, memory consumption 0 MB, capacity 32
[LIBGPUSPATIAL] [ 12325][17:59:53:346036][info  ] RTSpatialRefiner 0x776003d29930 (Used 1 MB), Evaluating 28 Geometry Pairs with Predicate Contains
[LIBGPUSPATIAL] [ 12329][17:59:53:346400][info  ] RTSpatialIndex 0x77600000ac10 (Used 1 MB), Probe Points, Size: 100000, Results: 32
[LIBGPUSPATIAL] [ 12329][17:59:53:346827][info  ] RTSpatialRefiner 0x776003d29930 (Used 0 MB), Loaded Geometries, ProbeArray 100000, Loaded 23, Type Point
[LIBGPUSPATIAL] [ 12329][17:59:53:346889][info  ] RTSpatialRefiner 0x776003d29930 (Used 0 MB), Evaluating 32 Geometry Pairs with Predicate Contains
[LIBGPUSPATIAL] [ 12330][17:59:53:353588][info  ] RTSpatialIndex 0x77600000ac10 (Used 1 MB), Allocate result buffer, memory consumption 0 MB, capacity 24
[LIBGPUSPATIAL] [ 12330][17:59:53:353723][info  ] RTSpatialIndex 0x77600000ac10 (Used 1 MB), Probe Points, Size: 100000, Results: 24
[LIBGPUSPATIAL] [ 12330][17:59:53:354083][info  ] RTSpatialRefiner 0x776003d29930 (Used 0 MB), Loaded Geometries, ProbeArray 100000, Loaded 20, Type Point
[LIBGPUSPATIAL] [ 12330][17:59:53:354119][info  ] RTSpatialRefiner 0x776003d29930 (Used 0 MB), Evaluating 24 Geometry Pairs with Predicate Contains
[LIBGPUSPATIAL] [ 12326][17:59:53:361401][info  ] RTSpatialIndex 0x77600000ac10 (Used 1 MB), Allocate result buffer, memory consumption 0 MB, capacity 27
[LIBGPUSPATIAL] [ 12328][17:59:53:361620][info  ] RTSpatialIndex 0x77600000ac10 (Used 1 MB), Allocate result buffer, memory consumption 0 MB, capacity 23
[LIBGPUSPATIAL] [ 12328][17:59:53:361754][info  ] RTSpatialIndex 0x77600000ac10 (Used 1 MB), Probe Points, Size: 100000, Results: 23
[LIBGPUSPATIAL] [ 12326][17:59:53:361991][info  ] RTSpatialIndex 0x77600000ac10 (Used 1 MB), Probe Points, Size: 100000, Results: 27
[LIBGPUSPATIAL] [ 12323][17:59:53:362392][info  ] RTSpatialIndex 0x77600000ac10 (Used 1 MB), Allocate result buffer, memory consumption 0 MB, capacity 23
[LIBGPUSPATIAL] [ 12323][17:59:53:362515][info  ] RTSpatialIndex 0x77600000ac10 (Used 2 MB), Probe Points, Size: 100000, Results: 23
[LIBGPUSPATIAL] [ 12328][17:59:53:362936][info  ] RTSpatialRefiner 0x776003d29930 (Used 1 MB), Loaded Geometries, ProbeArray 100000, Loaded 20, Type Point
[LIBGPUSPATIAL] [ 12326][17:59:53:363080][info  ] RTSpatialRefiner 0x776003d29930 (Used 1 MB), Loaded Geometries, ProbeArray 100000, Loaded 22, Type Point
[LIBGPUSPATIAL] [ 12327][17:59:53:363115][info  ] RTSpatialIndex 0x77600000ac10 (Used 1 MB), Allocate result buffer, memory consumption 0 MB, capacity 25
[LIBGPUSPATIAL] [ 12328][17:59:53:363109][info  ] RTSpatialRefiner 0x776003d29930 (Used 1 MB), Evaluating 23 Geometry Pairs with Predicate Contains
[LIBGPUSPATIAL] [ 12326][17:59:53:363252][info  ] RTSpatialRefiner 0x776003d29930 (Used 1 MB), Evaluating 27 Geometry Pairs with Predicate Contains
[LIBGPUSPATIAL] [ 12323][17:59:53:363283][info  ] RTSpatialRefiner 0x776003d29930 (Used 1 MB), Loaded Geometries, ProbeArray 100000, Loaded 16, Type Point
[LIBGPUSPATIAL] [ 12323][17:59:53:363330][info  ] RTSpatialRefiner 0x776003d29930 (Used 1 MB), Evaluating 23 Geometry Pairs with Predicate Contains
[LIBGPUSPATIAL] [ 12327][17:59:53:363565][info  ] RTSpatialIndex 0x77600000ac10 (Used 1 MB), Probe Points, Size: 100000, Results: 25
[LIBGPUSPATIAL] [ 12327][17:59:53:364508][info  ] RTSpatialRefiner 0x776003d29930 (Used 2 MB), Loaded Geometries, ProbeArray 100000, Loaded 19, Type Point
[LIBGPUSPATIAL] [ 12327][17:59:53:364625][info  ] RTSpatialRefiner 0x776003d29930 (Used 4 MB), Evaluating 25 Geometry Pairs with Predicate Contains
[LIBGPUSPATIAL] [ 12329][17:59:53:364796][info  ] RTSpatialIndex 0x77600000ac10 (Used 3 MB), Allocate result buffer, memory consumption 0 MB, capacity 22
[LIBGPUSPATIAL] [ 12325][17:59:53:365360][info  ] RTSpatialIndex 0x77600000ac10 (Used 2 MB), Allocate result buffer, memory consumption 0 MB, capacity 19
[LIBGPUSPATIAL] [ 12329][17:59:53:365658][info  ] RTSpatialIndex 0x77600000ac10 (Used 2 MB), Probe Points, Size: 100000, Results: 22
[LIBGPUSPATIAL] [ 12324][17:59:53:365716][info  ] RTSpatialIndex 0x77600000ac10 (Used 1 MB), Allocate result buffer, memory consumption 0 MB, capacity 25
[LIBGPUSPATIAL] [ 12325][17:59:53:366017][info  ] RTSpatialIndex 0x77600000ac10 (Used 1 MB), Probe Points, Size: 100000, Results: 19
[LIBGPUSPATIAL] [ 12324][17:59:53:366292][info  ] RTSpatialIndex 0x77600000ac10 (Used 1 MB), Probe Points, Size: 100000, Results: 25
[LIBGPUSPATIAL] [ 12329][17:59:53:366324][info  ] RTSpatialRefiner 0x776003d29930 (Used 0 MB), Loaded Geometries, ProbeArray 100000, Loaded 16, Type Point
[LIBGPUSPATIAL] [ 12329][17:59:53:366368][info  ] RTSpatialRefiner 0x776003d29930 (Used 0 MB), Evaluating 22 Geometry Pairs with Predicate Contains
[LIBGPUSPATIAL] [ 12324][17:59:53:366988][info  ] RTSpatialRefiner 0x776003d29930 (Used 0 MB), Loaded Geometries, ProbeArray 100000, Loaded 20, Type Point
[LIBGPUSPATIAL] [ 12324][17:59:53:367030][info  ] RTSpatialRefiner 0x776003d29930 (Used 0 MB), Evaluating 25 Geometry Pairs with Predicate Contains
[LIBGPUSPATIAL] [ 12330][17:59:53:370188][info  ] RTSpatialIndex 0x77600000ac10 (Used 1 MB), Allocate result buffer, memory consumption 0 MB, capacity 27
[LIBGPUSPATIAL] [ 12330][17:59:53:370329][info  ] RTSpatialIndex 0x77600000ac10 (Used 1 MB), Probe Points, Size: 100000, Results: 27
[LIBGPUSPATIAL] [ 12325][17:59:53:370702][info  ] RTSpatialRefiner 0x776003d29930 (Used 0 MB), Loaded Geometries, ProbeArray 100000, Loaded 14, Type Point
[LIBGPUSPATIAL] [ 12325][17:59:53:370751][info  ] RTSpatialRefiner 0x776003d29930 (Used 0 MB), Evaluating 19 Geometry Pairs with Predicate Contains
[LIBGPUSPATIAL] [ 12330][17:59:53:371120][info  ] RTSpatialRefiner 0x776003d29930 (Used 0 MB), Loaded Geometries, ProbeArray 100000, Loaded 20, Type Point
[LIBGPUSPATIAL] [ 12330][17:59:53:371161][info  ] RTSpatialRefiner 0x776003d29930 (Used 0 MB), Evaluating 27 Geometry Pairs with Predicate Contains
[LIBGPUSPATIAL] [ 12329][17:59:53:383167][info  ] RTSpatialIndex 0x77600000ac10 (Used 1 MB), Allocate result buffer, memory consumption 0 MB, capacity 20
[LIBGPUSPATIAL] [ 12328][17:59:53:383707][info  ] RTSpatialIndex 0x77600000ac10 (Used 3 MB), Allocate result buffer, memory consumption 0 MB, capacity 25
[LIBGPUSPATIAL] [ 12324][17:59:53:384487][info  ] RTSpatialIndex 0x77600000ac10 (Used 4 MB), Allocate result buffer, memory consumption 0 MB, capacity 16
[LIBGPUSPATIAL] [ 12327][17:59:53:384543][info  ] RTSpatialIndex 0x77600000ac10 (Used 4 MB), Allocate result buffer, memory consumption 0 MB, capacity 35
[LIBGPUSPATIAL] [ 12329][17:59:53:384719][info  ] RTSpatialIndex 0x77600000ac10 (Used 4 MB), Probe Points, Size: 100000, Results: 20
[LIBGPUSPATIAL] [ 12328][17:59:53:384917][info  ] RTSpatialIndex 0x77600000ac10 (Used 3 MB), Probe Points, Size: 100000, Results: 25
[LIBGPUSPATIAL] [ 12324][17:59:53:385138][info  ] RTSpatialIndex 0x77600000ac10 (Used 2 MB), Probe Points, Size: 100000, Results: 16
[LIBGPUSPATIAL] [ 12327][17:59:53:385238][info  ] RTSpatialIndex 0x77600000ac10 (Used 2 MB), Probe Points, Size: 100000, Results: 35
[LIBGPUSPATIAL] [ 12326][17:59:53:385332][info  ] RTSpatialIndex 0x77600000ac10 (Used 1 MB), Allocate result buffer, memory consumption 0 MB, capacity 32
[LIBGPUSPATIAL] [ 12329][17:59:53:386013][info  ] RTSpatialRefiner 0x776003d29930 (Used 1 MB), Loaded Geometries, ProbeArray 100000, Loaded 18, Type Point
[LIBGPUSPATIAL] [ 12329][17:59:53:386073][info  ] RTSpatialRefiner 0x776003d29930 (Used 1 MB), Evaluating 20 Geometry Pairs with Predicate Contains
[LIBGPUSPATIAL] [ 12323][17:59:53:386082][info  ] RTSpatialIndex 0x77600000ac10 (Used 1 MB), Allocate result buffer, memory consumption 0 MB, capacity 28
[LIBGPUSPATIAL] [ 12326][17:59:53:386018][info  ] RTSpatialIndex 0x77600000ac10 (Used 1 MB), Probe Points, Size: 100000, Results: 32
[LIBGPUSPATIAL] [ 12324][17:59:53:386364][info  ] RTSpatialRefiner 0x776003d29930 (Used 1 MB), Loaded Geometries, ProbeArray 100000, Loaded 12, Type Point
[LIBGPUSPATIAL] [ 12328][17:59:53:386423][info  ] RTSpatialRefiner 0x776003d29930 (Used 1 MB), Loaded Geometries, ProbeArray 100000, Loaded 18, Type Point
[LIBGPUSPATIAL] [ 12324][17:59:53:386447][info  ] RTSpatialRefiner 0x776003d29930 (Used 1 MB), Evaluating 16 Geometry Pairs with Predicate Contains
[LIBGPUSPATIAL] [ 12327][17:59:53:386553][info  ] RTSpatialRefiner 0x776003d29930 (Used 2 MB), Loaded Geometries, ProbeArray 100000, Loaded 27, Type Point
[LIBGPUSPATIAL] [ 12327][17:59:53:386619][info  ] RTSpatialRefiner 0x776003d29930 (Used 2 MB), Evaluating 35 Geometry Pairs with Predicate Contains
[LIBGPUSPATIAL] [ 12328][17:59:53:386642][info  ] RTSpatialRefiner 0x776003d29930 (Used 2 MB), Evaluating 25 Geometry Pairs with Predicate Contains
[LIBGPUSPATIAL] [ 12323][17:59:53:386791][info  ] RTSpatialIndex 0x77600000ac10 (Used 1 MB), Probe Points, Size: 100000, Results: 28
[LIBGPUSPATIAL] [ 12330][17:59:53:387086][info  ] RTSpatialIndex 0x77600000ac10 (Used 1 MB), Allocate result buffer, memory consumption 0 MB, capacity 19
[LIBGPUSPATIAL] [ 12326][17:59:53:387441][info  ] RTSpatialRefiner 0x776003d29930 (Used 1 MB), Loaded Geometries, ProbeArray 100000, Loaded 25, Type Point
[LIBGPUSPATIAL] [ 12326][17:59:53:387518][info  ] RTSpatialRefiner 0x776003d29930 (Used 1 MB), Evaluating 32 Geometry Pairs with Predicate Contains
[LIBGPUSPATIAL] [ 12323][17:59:53:387727][info  ] RTSpatialRefiner 0x776003d29930 (Used 1 MB), Loaded Geometries, ProbeArray 100000, Loaded 21, Type Point
[LIBGPUSPATIAL] [ 12330][17:59:53:387777][info  ] RTSpatialIndex 0x77600000ac10 (Used 1 MB), Probe Points, Size: 100000, Results: 19
[LIBGPUSPATIAL] [ 12323][17:59:53:387824][info  ] RTSpatialRefiner 0x776003d29930 (Used 1 MB), Evaluating 28 Geometry Pairs with Predicate Contains
[LIBGPUSPATIAL] [ 12330][17:59:53:388359][info  ] RTSpatialRefiner 0x776003d29930 (Used 0 MB), Loaded Geometries, ProbeArray 100000, Loaded 17, Type Point
[LIBGPUSPATIAL] [ 12330][17:59:53:388408][info  ] RTSpatialRefiner 0x776003d29930 (Used 0 MB), Evaluating 19 Geometry Pairs with Predicate Contains
[LIBGPUSPATIAL] [ 12325][17:59:53:389404][info  ] RTSpatialIndex 0x77600000ac10 (Used 1 MB), Allocate result buffer, memory consumption 0 MB, capacity 20
[LIBGPUSPATIAL] [ 12325][17:59:53:389904][info  ] RTSpatialIndex 0x77600000ac10 (Used 1 MB), Probe Points, Size: 100000, Results: 20
[LIBGPUSPATIAL] [ 12325][17:59:53:391260][info  ] RTSpatialRefiner 0x776003d29930 (Used 0 MB), Loaded Geometries, ProbeArray 100000, Loaded 14, Type Point
[LIBGPUSPATIAL] [ 12325][17:59:53:391325][info  ] RTSpatialRefiner 0x776003d29930 (Used 0 MB), Evaluating 20 Geometry Pairs with Predicate Contains
[LIBGPUSPATIAL] [ 12327][17:59:53:404333][info  ] RTSpatialIndex 0x77600000ac10 (Used 1 MB), Allocate result buffer, memory consumption 0 MB, capacity 22
[LIBGPUSPATIAL] [ 12327][17:59:53:404477][info  ] RTSpatialIndex 0x77600000ac10 (Used 1 MB), Probe Points, Size: 100000, Results: 22
[LIBGPUSPATIAL] [ 12327][17:59:53:404889][info  ] RTSpatialRefiner 0x776003d29930 (Used 0 MB), Loaded Geometries, ProbeArray 100000, Loaded 16, Type Point
[LIBGPUSPATIAL] [ 12327][17:59:53:404938][info  ] RTSpatialRefiner 0x776003d29930 (Used 0 MB), Evaluating 22 Geometry Pairs with Predicate Contains
[LIBGPUSPATIAL] [ 12323][17:59:53:406638][info  ] RTSpatialIndex 0x77600000ac10 (Used 1 MB), Allocate result buffer, memory consumption 0 MB, capacity 27
[LIBGPUSPATIAL] [ 12323][17:59:53:407766][info  ] RTSpatialIndex 0x77600000ac10 (Used 4 MB), Probe Points, Size: 100000, Results: 27
[LIBGPUSPATIAL] [ 12330][17:59:53:407889][info  ] RTSpatialIndex 0x77600000ac10 (Used 3 MB), Allocate result buffer, memory consumption 0 MB, capacity 35
[LIBGPUSPATIAL] [ 12328][17:59:53:407937][info  ] RTSpatialIndex 0x77600000ac10 (Used 3 MB), Allocate result buffer, memory consumption 0 MB, capacity 26
[LIBGPUSPATIAL] [ 12329][17:59:53:408137][info  ] RTSpatialIndex 0x77600000ac10 (Used 3 MB), Allocate result buffer, memory consumption 0 MB, capacity 17
[LIBGPUSPATIAL] [ 12328][17:59:53:408367][info  ] RTSpatialIndex 0x77600000ac10 (Used 3 MB), Probe Points, Size: 100000, Results: 26
[LIBGPUSPATIAL] [ 12323][17:59:53:408440][info  ] RTSpatialRefiner 0x776003d29930 (Used 2 MB), Loaded Geometries, ProbeArray 100000, Loaded 19, Type Point
[LIBGPUSPATIAL] [ 12329][17:59:53:408536][info  ] RTSpatialIndex 0x77600000ac10 (Used 2 MB), Probe Points, Size: 100000, Results: 17
[LIBGPUSPATIAL] [ 12323][17:59:53:408587][info  ] RTSpatialRefiner 0x776003d29930 (Used 2 MB), Evaluating 27 Geometry Pairs with Predicate Contains
[LIBGPUSPATIAL] [ 12330][17:59:53:408787][info  ] RTSpatialIndex 0x77600000ac10 (Used 1 MB), Probe Points, Size: 100000, Results: 35
[LIBGPUSPATIAL] [ 12324][17:59:53:408911][info  ] RTSpatialIndex 0x77600000ac10 (Used 1 MB), Allocate result buffer, memory consumption 0 MB, capacity 38
[LIBGPUSPATIAL] [ 12328][17:59:53:409188][info  ] RTSpatialRefiner 0x776003d29930 (Used 2 MB), Loaded Geometries, ProbeArray 100000, Loaded 18, Type Point
[LIBGPUSPATIAL] [ 12328][17:59:53:409236][info  ] RTSpatialRefiner 0x776003d29930 (Used 2 MB), Evaluating 26 Geometry Pairs with Predicate Contains
[LIBGPUSPATIAL] [ 12324][17:59:53:409570][info  ] RTSpatialIndex 0x77600000ac10 (Used 3 MB), Probe Points, Size: 100000, Results: 38
[LIBGPUSPATIAL] [ 12329][17:59:53:409600][info  ] RTSpatialRefiner 0x776003d29930 (Used 2 MB), Loaded Geometries, ProbeArray 100000, Loaded 11, Type Point
[LIBGPUSPATIAL] [ 12330][17:59:53:409773][info  ] RTSpatialRefiner 0x776003d29930 (Used 2 MB), Loaded Geometries, ProbeArray 100000, Loaded 24, Type Point
[LIBGPUSPATIAL] [ 12329][17:59:53:409792][info  ] RTSpatialRefiner 0x776003d29930 (Used 2 MB), Evaluating 17 Geometry Pairs with Predicate Contains
[LIBGPUSPATIAL] [ 12330][17:59:53:409884][info  ] RTSpatialRefiner 0x776003d29930 (Used 3 MB), Evaluating 35 Geometry Pairs with Predicate Contains
[LIBGPUSPATIAL] [ 12326][17:59:53:410272][info  ] RTSpatialIndex 0x77600000ac10 (Used 1 MB), Allocate result buffer, memory consumption 0 MB, capacity 25
[LIBGPUSPATIAL] [ 12324][17:59:53:410277][info  ] RTSpatialRefiner 0x776003d29930 (Used 1 MB), Loaded Geometries, ProbeArray 100000, Loaded 29, Type Point
[LIBGPUSPATIAL] [ 12324][17:59:53:410465][info  ] RTSpatialRefiner 0x776003d29930 (Used 1 MB), Evaluating 38 Geometry Pairs with Predicate Contains
[LIBGPUSPATIAL] [ 12325][17:59:53:410782][info  ] RTSpatialIndex 0x77600000ac10 (Used 2 MB), Allocate result buffer, memory consumption 0 MB, capacity 28
[LIBGPUSPATIAL] [ 12326][17:59:53:411150][info  ] RTSpatialIndex 0x77600000ac10 (Used 2 MB), Probe Points, Size: 100000, Results: 25
[LIBGPUSPATIAL] [ 12325][17:59:53:411688][info  ] RTSpatialIndex 0x77600000ac10 (Used 1 MB), Probe Points, Size: 100000, Results: 28
[LIBGPUSPATIAL] [ 12326][17:59:53:411783][info  ] RTSpatialRefiner 0x776003d29930 (Used 0 MB), Loaded Geometries, ProbeArray 100000, Loaded 19, Type Point
[LIBGPUSPATIAL] [ 12326][17:59:53:411832][info  ] RTSpatialRefiner 0x776003d29930 (Used 0 MB), Evaluating 25 Geometry Pairs with Predicate Contains
[LIBGPUSPATIAL] [ 12325][17:59:53:413565][info  ] RTSpatialRefiner 0x776003d29930 (Used 0 MB), Loaded Geometries, ProbeArray 100000, Loaded 21, Type Point
[LIBGPUSPATIAL] [ 12325][17:59:53:413655][info  ] RTSpatialRefiner 0x776003d29930 (Used 0 MB), Evaluating 28 Geometry Pairs with Predicate Contains
[LIBGPUSPATIAL] [ 12327][17:59:53:420865][info  ] RTSpatialIndex 0x77600000ac10 (Used 1 MB), Allocate result buffer, memory consumption 0 MB, capacity 20
[LIBGPUSPATIAL] [ 12327][17:59:53:421009][info  ] RTSpatialIndex 0x77600000ac10 (Used 1 MB), Probe Points, Size: 100000, Results: 20
[LIBGPUSPATIAL] [ 12327][17:59:53:421408][info  ] RTSpatialRefiner 0x776003d29930 (Used 0 MB), Loaded Geometries, ProbeArray 100000, Loaded 15, Type Point
[LIBGPUSPATIAL] [ 12327][17:59:53:421456][info  ] RTSpatialRefiner 0x776003d29930 (Used 0 MB), Evaluating 20 Geometry Pairs with Predicate Contains
[LIBGPUSPATIAL] [ 12323][17:59:53:425986][info  ] RTSpatialIndex 0x77600000ac10 (Used 1 MB), Allocate result buffer, memory consumption 0 MB, capacity 11
[LIBGPUSPATIAL] [ 12323][17:59:53:426117][info  ] RTSpatialIndex 0x77600000ac10 (Used 1 MB), Probe Points, Size: 100000, Results: 11
[LIBGPUSPATIAL] [ 12323][17:59:53:426485][info  ] RTSpatialRefiner 0x776003d29930 (Used 0 MB), Loaded Geometries, ProbeArray 100000, Loaded 10, Type Point
[LIBGPUSPATIAL] [ 12323][17:59:53:426530][info  ] RTSpatialRefiner 0x776003d29930 (Used 0 MB), Evaluating 11 Geometry Pairs with Predicate Contains
[LIBGPUSPATIAL] [ 12327][17:59:53:428068][info  ] RTSpatialIndex 0x77600000ac10 (Used 1 MB), Allocate result buffer, memory consumption 0 MB, capacity 2
[LIBGPUSPATIAL] [ 12330][17:59:53:428151][info  ] RTSpatialIndex 0x77600000ac10 (Used 1 MB), Allocate result buffer, memory consumption 0 MB, capacity 17
[LIBGPUSPATIAL] [ 12327][17:59:53:428364][info  ] RTSpatialIndex 0x77600000ac10 (Used 1 MB), Probe Points, Size: 33333, Results: 2
[LIBGPUSPATIAL] [ 12330][17:59:53:428461][info  ] RTSpatialIndex 0x77600000ac10 (Used 1 MB), Probe Points, Size: 100000, Results: 17
[LIBGPUSPATIAL] [ 12329][17:59:53:429164][info  ] RTSpatialIndex 0x77600000ac10 (Used 1 MB), Allocate result buffer, memory consumption 0 MB, capacity 23
[LIBGPUSPATIAL] [ 12324][17:59:53:429213][info  ] RTSpatialIndex 0x77600000ac10 (Used 1 MB), Allocate result buffer, memory consumption 0 MB, capacity 25
[LIBGPUSPATIAL] [ 12327][17:59:53:429286][info  ] RTSpatialRefiner 0x776003d29930 (Used 3 MB), Loaded Geometries, ProbeArray 33333, Loaded 1, Type Point
[LIBGPUSPATIAL] [ 12327][17:59:53:429338][info  ] RTSpatialRefiner 0x776003d29930 (Used 3 MB), Evaluating 2 Geometry Pairs with Predicate Contains
[LIBGPUSPATIAL] [ 12330][17:59:53:429545][info  ] RTSpatialRefiner 0x776003d29930 (Used 4 MB), Loaded Geometries, ProbeArray 100000, Loaded 15, Type Point
[LIBGPUSPATIAL] [ 12330][17:59:53:429622][info  ] RTSpatialRefiner 0x776003d29930 (Used 2 MB), Evaluating 17 Geometry Pairs with Predicate Contains
[LIBGPUSPATIAL] [ 12324][17:59:53:429787][info  ] RTSpatialIndex 0x77600000ac10 (Used 2 MB), Probe Points, Size: 100000, Results: 25
[LIBGPUSPATIAL] [ 12329][17:59:53:430051][info  ] RTSpatialIndex 0x77600000ac10 (Used 1 MB), Probe Points, Size: 100000, Results: 23
[LIBGPUSPATIAL] [ 12328][17:59:53:430262][info  ] RTSpatialIndex 0x77600000ac10 (Used 1 MB), Allocate result buffer, memory consumption 0 MB, capacity 20
[LIBGPUSPATIAL] [ 12329][17:59:53:430709][info  ] RTSpatialRefiner 0x776003d29930 (Used 1 MB), Loaded Geometries, ProbeArray 100000, Loaded 18, Type Point
[LIBGPUSPATIAL] [ 12329][17:59:53:430877][info  ] RTSpatialRefiner 0x776003d29930 (Used 1 MB), Evaluating 23 Geometry Pairs with Predicate Contains
[LIBGPUSPATIAL] [ 12328][17:59:53:430917][info  ] RTSpatialIndex 0x77600000ac10 (Used 2 MB), Probe Points, Size: 100000, Results: 20
[LIBGPUSPATIAL] [ 12324][17:59:53:431303][info  ] RTSpatialRefiner 0x776003d29930 (Used 1 MB), Loaded Geometries, ProbeArray 100000, Loaded 18, Type Point
[LIBGPUSPATIAL] [ 12324][17:59:53:431338][info  ] RTSpatialRefiner 0x776003d29930 (Used 1 MB), Evaluating 25 Geometry Pairs with Predicate Contains
[LIBGPUSPATIAL] [ 12328][17:59:53:431548][info  ] RTSpatialRefiner 0x776003d29930 (Used 1 MB), Loaded Geometries, ProbeArray 100000, Loaded 15, Type Point
[LIBGPUSPATIAL] [ 12328][17:59:53:431594][info  ] RTSpatialRefiner 0x776003d29930 (Used 2 MB), Evaluating 20 Geometry Pairs with Predicate Contains
[LIBGPUSPATIAL] [ 12326][17:59:53:433095][info  ] RTSpatialIndex 0x77600000ac10 (Used 2 MB), Allocate result buffer, memory consumption 0 MB, capacity 25
[LIBGPUSPATIAL] [ 12325][17:59:53:433379][info  ] RTSpatialIndex 0x77600000ac10 (Used 1 MB), Allocate result buffer, memory consumption 0 MB, capacity 14
[LIBGPUSPATIAL] [ 12326][17:59:53:433721][info  ] RTSpatialIndex 0x77600000ac10 (Used 1 MB), Probe Points, Size: 100000, Results: 25
[LIBGPUSPATIAL] [ 12325][17:59:53:433991][info  ] RTSpatialIndex 0x77600000ac10 (Used 1 MB), Probe Points, Size: 100000, Results: 14
[LIBGPUSPATIAL] [ 12325][17:59:53:434304][info  ] RTSpatialRefiner 0x776003d29930 (Used 0 MB), Loaded Geometries, ProbeArray 100000, Loaded 11, Type Point
[LIBGPUSPATIAL] [ 12325][17:59:53:434347][info  ] RTSpatialRefiner 0x776003d29930 (Used 0 MB), Evaluating 14 Geometry Pairs with Predicate Contains
[LIBGPUSPATIAL] [ 12326][17:59:53:435022][info  ] RTSpatialRefiner 0x776003d29930 (Used 0 MB), Loaded Geometries, ProbeArray 100000, Loaded 19, Type Point
[LIBGPUSPATIAL] [ 12326][17:59:53:435078][info  ] RTSpatialRefiner 0x776003d29930 (Used 0 MB), Evaluating 25 Geometry Pairs with Predicate Contains
[LIBGPUSPATIAL] [ 12323][17:59:53:441693][info  ] RTSpatialIndex 0x77600000ac10 (Used 1 MB), Allocate result buffer, memory consumption 0 MB, capacity 23
[LIBGPUSPATIAL] [ 12323][17:59:53:441827][info  ] RTSpatialIndex 0x77600000ac10 (Used 1 MB), Probe Points, Size: 100000, Results: 23
[LIBGPUSPATIAL] [ 12323][17:59:53:442186][info  ] RTSpatialRefiner 0x776003d29930 (Used 0 MB), Loaded Geometries, ProbeArray 100000, Loaded 19, Type Point
[LIBGPUSPATIAL] [ 12323][17:59:53:442228][info  ] RTSpatialRefiner 0x776003d29930 (Used 0 MB), Evaluating 23 Geometry Pairs with Predicate Contains
[LIBGPUSPATIAL] [ 12329][17:59:53:446152][info  ] RTSpatialIndex 0x77600000ac10 (Used 1 MB), Allocate result buffer, memory consumption 0 MB, capacity 13
[LIBGPUSPATIAL] [ 12329][17:59:53:446284][info  ] RTSpatialIndex 0x77600000ac10 (Used 1 MB), Probe Points, Size: 100000, Results: 13
[LIBGPUSPATIAL] [ 12329][17:59:53:446640][info  ] RTSpatialRefiner 0x776003d29930 (Used 0 MB), Loaded Geometries, ProbeArray 100000, Loaded 12, Type Point
[LIBGPUSPATIAL] [ 12329][17:59:53:446687][info  ] RTSpatialRefiner 0x776003d29930 (Used 0 MB), Evaluating 13 Geometry Pairs with Predicate Contains
[LIBGPUSPATIAL] [ 12330][17:59:53:448796][info  ] RTSpatialIndex 0x77600000ac10 (Used 1 MB), Allocate result buffer, memory consumption 0 MB, capacity 17
[LIBGPUSPATIAL] [ 12330][17:59:53:448982][info  ] RTSpatialIndex 0x77600000ac10 (Used 1 MB), Probe Points, Size: 100000, Results: 17
[LIBGPUSPATIAL] [ 12330][17:59:53:449381][info  ] RTSpatialRefiner 0x776003d29930 (Used 0 MB), Loaded Geometries, ProbeArray 100000, Loaded 14, Type Point
[LIBGPUSPATIAL] [ 12330][17:59:53:449428][info  ] RTSpatialRefiner 0x776003d29930 (Used 0 MB), Evaluating 17 Geometry Pairs with Predicate Contains
[LIBGPUSPATIAL] [ 12328][17:59:53:451351][info  ] RTSpatialIndex 0x77600000ac10 (Used 1 MB), Allocate result buffer, memory consumption 0 MB, capacity 27
[LIBGPUSPATIAL] [ 12328][17:59:53:452359][info  ] RTSpatialIndex 0x77600000ac10 (Used 3 MB), Probe Points, Size: 100000, Results: 27
[LIBGPUSPATIAL] [ 12329][17:59:53:452475][info  ] RTSpatialIndex 0x77600000ac10 (Used 2 MB), Allocate result buffer, memory consumption 0 MB, capacity 5
[LIBGPUSPATIAL] [ 12324][17:59:53:452671][info  ] RTSpatialIndex 0x77600000ac10 (Used 2 MB), Allocate result buffer, memory consumption 0 MB, capacity 31
[LIBGPUSPATIAL] [ 12325][17:59:53:452822][info  ] RTSpatialIndex 0x77600000ac10 (Used 2 MB), Allocate result buffer, memory consumption 0 MB, capacity 31
[LIBGPUSPATIAL] [ 12324][17:59:53:452988][info  ] RTSpatialIndex 0x77600000ac10 (Used 2 MB), Probe Points, Size: 100000, Results: 31
[LIBGPUSPATIAL] [ 12328][17:59:53:452997][info  ] RTSpatialRefiner 0x776003d29930 (Used 2 MB), Loaded Geometries, ProbeArray 100000, Loaded 21, Type Point
[LIBGPUSPATIAL] [ 12328][17:59:53:453111][info  ] RTSpatialRefiner 0x776003d29930 (Used 2 MB), Evaluating 27 Geometry Pairs with Predicate Contains
[LIBGPUSPATIAL] [ 12329][17:59:53:453122][info  ] RTSpatialIndex 0x77600000ac10 (Used 2 MB), Probe Points, Size: 33333, Results: 5
[LIBGPUSPATIAL] [ 12324][17:59:53:453446][info  ] RTSpatialRefiner 0x776003d29930 (Used 1 MB), Loaded Geometries, ProbeArray 100000, Loaded 22, Type Point
[LIBGPUSPATIAL] [ 12326][17:59:53:453487][info  ] RTSpatialIndex 0x77600000ac10 (Used 1 MB), Allocate result buffer, memory consumption 0 MB, capacity 14
[LIBGPUSPATIAL] [ 12324][17:59:53:453519][info  ] RTSpatialRefiner 0x776003d29930 (Used 1 MB), Evaluating 31 Geometry Pairs with Predicate Contains
[LIBGPUSPATIAL] [ 12329][17:59:53:453696][info  ] RTSpatialRefiner 0x776003d29930 (Used 1 MB), Loaded Geometries, ProbeArray 33333, Loaded 4, Type Point
[LIBGPUSPATIAL] [ 12329][17:59:53:453741][info  ] RTSpatialRefiner 0x776003d29930 (Used 1 MB), Evaluating 5 Geometry Pairs with Predicate Contains
[LIBGPUSPATIAL] [ 12325][17:59:53:453870][info  ] RTSpatialIndex 0x77600000ac10 (Used 1 MB), Probe Points, Size: 100000, Results: 31
[LIBGPUSPATIAL] [ 12326][17:59:53:454051][info  ] RTSpatialIndex 0x77600000ac10 (Used 1 MB), Probe Points, Size: 100000, Results: 14
[LIBGPUSPATIAL] [ 12325][17:59:53:454571][info  ] RTSpatialRefiner 0x776003d29930 (Used 0 MB), Loaded Geometries, ProbeArray 100000, Loaded 22, Type Point
[LIBGPUSPATIAL] [ 12326][17:59:53:454619][info  ] RTSpatialRefiner 0x776003d29930 (Used 0 MB), Loaded Geometries, ProbeArray 100000, Loaded 12, Type Point
[LIBGPUSPATIAL] [ 12325][17:59:53:454649][info  ] RTSpatialRefiner 0x776003d29930 (Used 0 MB), Evaluating 31 Geometry Pairs with Predicate Contains
[LIBGPUSPATIAL] [ 12326][17:59:53:454667][info  ] RTSpatialRefiner 0x776003d29930 (Used 0 MB), Evaluating 14 Geometry Pairs with Predicate Contains
[LIBGPUSPATIAL] [ 12330][17:59:53:455502][info  ] RTSpatialIndex 0x77600000ac10 (Used 0 MB), Allocate result buffer, memory consumption 0 MB, capacity 8
[LIBGPUSPATIAL] [ 12330][17:59:53:455690][info  ] RTSpatialIndex 0x77600000ac10 (Used 0 MB), Probe Points, Size: 33333, Results: 8
[LIBGPUSPATIAL] [ 12330][17:59:53:456015][info  ] RTSpatialRefiner 0x776003d29930 (Used 0 MB), Loaded Geometries, ProbeArray 33333, Loaded 7, Type Point
[LIBGPUSPATIAL] [ 12330][17:59:53:456064][info  ] RTSpatialRefiner 0x776003d29930 (Used 0 MB), Evaluating 8 Geometry Pairs with Predicate Contains
[LIBGPUSPATIAL] [ 12323][17:59:53:459106][info  ] RTSpatialIndex 0x77600000ac10 (Used 1 MB), Allocate result buffer, memory consumption 0 MB, capacity 34
[LIBGPUSPATIAL] [ 12323][17:59:53:459250][info  ] RTSpatialIndex 0x77600000ac10 (Used 1 MB), Probe Points, Size: 100000, Results: 34
[LIBGPUSPATIAL] [ 12323][17:59:53:459717][info  ] RTSpatialRefiner 0x776003d29930 (Used 0 MB), Loaded Geometries, ProbeArray 100000, Loaded 24, Type Point
[LIBGPUSPATIAL] [ 12323][17:59:53:459749][info  ] RTSpatialRefiner 0x776003d29930 (Used 0 MB), Evaluating 34 Geometry Pairs with Predicate Contains
[LIBGPUSPATIAL] [ 12323][17:59:53:465456][info  ] RTSpatialIndex 0x77600000ac10 (Used 0 MB), Allocate result buffer, memory consumption 0 MB, capacity 5
[LIBGPUSPATIAL] [ 12323][17:59:53:465603][info  ] RTSpatialIndex 0x77600000ac10 (Used 0 MB), Probe Points, Size: 33333, Results: 5
[LIBGPUSPATIAL] [ 12323][17:59:53:466062][info  ] RTSpatialRefiner 0x776003d29930 (Used 0 MB), Loaded Geometries, ProbeArray 33333, Loaded 4, Type Point
[LIBGPUSPATIAL] [ 12323][17:59:53:466150][info  ] RTSpatialRefiner 0x776003d29930 (Used 0 MB), Evaluating 5 Geometry Pairs with Predicate Contains
[LIBGPUSPATIAL] [ 12324][17:59:53:473414][info  ] RTSpatialIndex 0x77600000ac10 (Used 2 MB), Allocate result buffer, memory consumption 0 MB, capacity 16
[LIBGPUSPATIAL] [ 12328][17:59:53:473432][info  ] RTSpatialIndex 0x77600000ac10 (Used 2 MB), Allocate result buffer, memory consumption 0 MB, capacity 25
[LIBGPUSPATIAL] [ 12325][17:59:53:473504][info  ] RTSpatialIndex 0x77600000ac10 (Used 2 MB), Allocate result buffer, memory consumption 0 MB, capacity 22
[LIBGPUSPATIAL] [ 12324][17:59:53:473684][info  ] RTSpatialIndex 0x77600000ac10 (Used 2 MB), Probe Points, Size: 100000, Results: 16
[LIBGPUSPATIAL] [ 12328][17:59:53:473767][info  ] RTSpatialIndex 0x77600000ac10 (Used 1 MB), Probe Points, Size: 100000, Results: 25
[LIBGPUSPATIAL] [ 12325][17:59:53:473879][info  ] RTSpatialIndex 0x77600000ac10 (Used 1 MB), Probe Points, Size: 100000, Results: 22
[LIBGPUSPATIAL] [ 12328][17:59:53:474245][info  ] RTSpatialRefiner 0x776003d29930 (Used 0 MB), Loaded Geometries, ProbeArray 100000, Loaded 16, Type Point
[LIBGPUSPATIAL] [ 12325][17:59:53:474253][info  ] RTSpatialRefiner 0x776003d29930 (Used 0 MB), Loaded Geometries, ProbeArray 100000, Loaded 16, Type Point
[LIBGPUSPATIAL] [ 12324][17:59:53:474258][info  ] RTSpatialRefiner 0x776003d29930 (Used 0 MB), Loaded Geometries, ProbeArray 100000, Loaded 14, Type Point
[LIBGPUSPATIAL] [ 12328][17:59:53:474297][info  ] RTSpatialRefiner 0x776003d29930 (Used 1 MB), Evaluating 25 Geometry Pairs with Predicate Contains
[LIBGPUSPATIAL] [ 12325][17:59:53:474305][info  ] RTSpatialRefiner 0x776003d29930 (Used 1 MB), Evaluating 22 Geometry Pairs with Predicate Contains
[LIBGPUSPATIAL] [ 12324][17:59:53:474315][info  ] RTSpatialRefiner 0x776003d29930 (Used 1 MB), Evaluating 16 Geometry Pairs with Predicate Contains
[LIBGPUSPATIAL] [ 12326][17:59:53:474898][info  ] RTSpatialIndex 0x77600000ac10 (Used 1 MB), Allocate result buffer, memory consumption 0 MB, capacity 19
[LIBGPUSPATIAL] [ 12326][17:59:53:475371][info  ] RTSpatialIndex 0x77600000ac10 (Used 1 MB), Probe Points, Size: 100000, Results: 19
[LIBGPUSPATIAL] [ 12326][17:59:53:479181][info  ] RTSpatialRefiner 0x776003d29930 (Used 0 MB), Loaded Geometries, ProbeArray 100000, Loaded 15, Type Point
[LIBGPUSPATIAL] [ 12326][17:59:53:479300][info  ] RTSpatialRefiner 0x776003d29930 (Used 0 MB), Evaluating 19 Geometry Pairs with Predicate Contains
[LIBGPUSPATIAL] [ 12323][17:59:53:484954][info  ] RTSpatialIndex 0x77600000ac10 (Used 1 MB), Allocate result buffer, memory consumption 0 MB, capacity 18
[LIBGPUSPATIAL] [ 12323][17:59:53:485106][info  ] RTSpatialIndex 0x77600000ac10 (Used 2 MB), Probe Points, Size: 100000, Results: 18
[LIBGPUSPATIAL] [ 12330][17:59:53:485642][info  ] RTSpatialIndex 0x77600000ac10 (Used 1 MB), Allocate result buffer, memory consumption 0 MB, capacity 21
[LIBGPUSPATIAL] [ 12323][17:59:53:485965][info  ] RTSpatialRefiner 0x776003d29930 (Used 1 MB), Loaded Geometries, ProbeArray 100000, Loaded 14, Type Point
[LIBGPUSPATIAL] [ 12330][17:59:53:485974][info  ] RTSpatialIndex 0x77600000ac10 (Used 1 MB), Probe Points, Size: 100000, Results: 21
[LIBGPUSPATIAL] [ 12323][17:59:53:486000][info  ] RTSpatialRefiner 0x776003d29930 (Used 0 MB), Evaluating 18 Geometry Pairs with Predicate Contains
[LIBGPUSPATIAL] [ 12330][17:59:53:486411][info  ] RTSpatialRefiner 0x776003d29930 (Used 0 MB), Loaded Geometries, ProbeArray 100000, Loaded 15, Type Point
[LIBGPUSPATIAL] [ 12330][17:59:53:486458][info  ] RTSpatialRefiner 0x776003d29930 (Used 0 MB), Evaluating 21 Geometry Pairs with Predicate Contains
[LIBGPUSPATIAL] [ 12325][17:59:53:492216][info  ] RTSpatialIndex 0x77600000ac10 (Used 2 MB), Allocate result buffer, memory consumption 0 MB, capacity 18
[LIBGPUSPATIAL] [ 12325][17:59:53:492400][info  ] RTSpatialIndex 0x77600000ac10 (Used 1 MB), Probe Points, Size: 100000, Results: 18
[LIBGPUSPATIAL] [ 12328][17:59:53:492470][info  ] RTSpatialIndex 0x77600000ac10 (Used 1 MB), Allocate result buffer, memory consumption 0 MB, capacity 14
[LIBGPUSPATIAL] [ 12328][17:59:53:492827][info  ] RTSpatialIndex 0x77600000ac10 (Used 1 MB), Probe Points, Size: 100000, Results: 14
[LIBGPUSPATIAL] [ 12325][17:59:53:493218][info  ] RTSpatialRefiner 0x776003d29930 (Used 0 MB), Loaded Geometries, ProbeArray 100000, Loaded 14, Type Point
[LIBGPUSPATIAL] [ 12325][17:59:53:493267][info  ] RTSpatialRefiner 0x776003d29930 (Used 0 MB), Evaluating 18 Geometry Pairs with Predicate Contains
[LIBGPUSPATIAL] [ 12328][17:59:53:493480][info  ] RTSpatialRefiner 0x776003d29930 (Used 0 MB), Loaded Geometries, ProbeArray 100000, Loaded 13, Type Point
[LIBGPUSPATIAL] [ 12328][17:59:53:493523][info  ] RTSpatialRefiner 0x776003d29930 (Used 0 MB), Evaluating 14 Geometry Pairs with Predicate Contains
[LIBGPUSPATIAL] [ 12324][17:59:53:494224][info  ] RTSpatialIndex 0x77600000ac10 (Used 1 MB), Allocate result buffer, memory consumption 0 MB, capacity 25
[LIBGPUSPATIAL] [ 12324][17:59:53:494684][info  ] RTSpatialIndex 0x77600000ac10 (Used 1 MB), Probe Points, Size: 100000, Results: 25
[LIBGPUSPATIAL] [ 12324][17:59:53:495035][info  ] RTSpatialRefiner 0x776003d29930 (Used 0 MB), Loaded Geometries, ProbeArray 100000, Loaded 18, Type Point
[LIBGPUSPATIAL] [ 12324][17:59:53:495081][info  ] RTSpatialRefiner 0x776003d29930 (Used 0 MB), Evaluating 25 Geometry Pairs with Predicate Contains
[LIBGPUSPATIAL] [ 12326][17:59:53:496467][info  ] RTSpatialIndex 0x77600000ac10 (Used 1 MB), Allocate result buffer, memory consumption 0 MB, capacity 27
[LIBGPUSPATIAL] [ 12326][17:59:53:496631][info  ] RTSpatialIndex 0x77600000ac10 (Used 1 MB), Probe Points, Size: 100000, Results: 27
[LIBGPUSPATIAL] [ 12326][17:59:53:497060][info  ] RTSpatialRefiner 0x776003d29930 (Used 1 MB), Loaded Geometries, ProbeArray 100000, Loaded 20, Type Point
[LIBGPUSPATIAL] [ 12326][17:59:53:497138][info  ] RTSpatialRefiner 0x776003d29930 (Used 1 MB), Evaluating 27 Geometry Pairs with Predicate Contains
[LIBGPUSPATIAL] [ 12329][17:59:53:497173][info  ] RTSpatialIndex 0x77600000ac10 (Used 1 MB), Allocate result buffer, memory consumption 0 MB, capacity 25
[LIBGPUSPATIAL] [ 12329][17:59:53:497572][info  ] RTSpatialIndex 0x77600000ac10 (Used 1 MB), Probe Points, Size: 100000, Results: 25
[LIBGPUSPATIAL] [ 12329][17:59:53:498024][info  ] RTSpatialRefiner 0x776003d29930 (Used 0 MB), Loaded Geometries, ProbeArray 100000, Loaded 19, Type Point
[LIBGPUSPATIAL] [ 12329][17:59:53:498071][info  ] RTSpatialRefiner 0x776003d29930 (Used 1 MB), Evaluating 25 Geometry Pairs with Predicate Contains
[LIBGPUSPATIAL] [ 12323][17:59:53:498493][info  ] RTSpatialIndex 0x77600000ac10 (Used 1 MB), Allocate result buffer, memory consumption 0 MB, capacity 23
[LIBGPUSPATIAL] [ 12323][17:59:53:498920][info  ] RTSpatialIndex 0x77600000ac10 (Used 1 MB), Probe Points, Size: 100000, Results: 23
[LIBGPUSPATIAL] [ 12323][17:59:53:499252][info  ] RTSpatialRefiner 0x776003d29930 (Used 0 MB), Loaded Geometries, ProbeArray 100000, Loaded 15, Type Point
[LIBGPUSPATIAL] [ 12323][17:59:53:499294][info  ] RTSpatialRefiner 0x776003d29930 (Used 0 MB), Evaluating 23 Geometry Pairs with Predicate Contains
[LIBGPUSPATIAL] [ 12330][17:59:53:502681][info  ] RTSpatialIndex 0x77600000ac10 (Used 1 MB), Allocate result buffer, memory consumption 0 MB, capacity 12
[LIBGPUSPATIAL] [ 12330][17:59:53:502813][info  ] RTSpatialIndex 0x77600000ac10 (Used 1 MB), Probe Points, Size: 100000, Results: 12
[LIBGPUSPATIAL] [ 12330][17:59:53:503227][info  ] RTSpatialRefiner 0x776003d29930 (Used 0 MB), Loaded Geometries, ProbeArray 100000, Loaded 10, Type Point
[LIBGPUSPATIAL] [ 12330][17:59:53:503270][info  ] RTSpatialRefiner 0x776003d29930 (Used 0 MB), Evaluating 12 Geometry Pairs with Predicate Contains
[LIBGPUSPATIAL] [ 12326][17:59:53:504099][info  ] RTSpatialIndex 0x77600000ac10 (Used 0 MB), Allocate result buffer, memory consumption 0 MB, capacity 6
[LIBGPUSPATIAL] [ 12326][17:59:53:504229][info  ] RTSpatialIndex 0x77600000ac10 (Used 0 MB), Probe Points, Size: 33333, Results: 6
[LIBGPUSPATIAL] [ 12326][17:59:53:504619][info  ] RTSpatialRefiner 0x776003d29930 (Used 0 MB), Loaded Geometries, ProbeArray 33333, Loaded 5, Type Point
[LIBGPUSPATIAL] [ 12326][17:59:53:504664][info  ] RTSpatialRefiner 0x776003d29930 (Used 0 MB), Evaluating 6 Geometry Pairs with Predicate Contains
[LIBGPUSPATIAL] [ 12323][17:59:53:512536][info  ] RTSpatialIndex 0x77600000ac10 (Used 4 MB), Allocate result buffer, memory consumption 0 MB, capacity 16
[LIBGPUSPATIAL] [ 12325][17:59:53:512546][info  ] RTSpatialIndex 0x77600000ac10 (Used 4 MB), Allocate result buffer, memory consumption 0 MB, capacity 22
[LIBGPUSPATIAL] [ 12324][17:59:53:512608][info  ] RTSpatialIndex 0x77600000ac10 (Used 4 MB), Allocate result buffer, memory consumption 0 MB, capacity 23
[LIBGPUSPATIAL] [ 12323][17:59:53:513105][info  ] RTSpatialIndex 0x77600000ac10 (Used 3 MB), Probe Points, Size: 100000, Results: 16
[LIBGPUSPATIAL] [ 12328][17:59:53:513158][info  ] RTSpatialIndex 0x77600000ac10 (Used 2 MB), Allocate result buffer, memory consumption 0 MB, capacity 25
[LIBGPUSPATIAL] [ 12325][17:59:53:513408][info  ] RTSpatialIndex 0x77600000ac10 (Used 2 MB), Probe Points, Size: 100000, Results: 22
[LIBGPUSPATIAL] [ 12324][17:59:53:513963][info  ] RTSpatialIndex 0x77600000ac10 (Used 1 MB), Probe Points, Size: 100000, Results: 23
[LIBGPUSPATIAL] [ 12325][17:59:53:514096][info  ] RTSpatialRefiner 0x776003d29930 (Used 1 MB), Loaded Geometries, ProbeArray 100000, Loaded 18, Type Point
[LIBGPUSPATIAL] [ 12323][17:59:53:514105][info  ] RTSpatialRefiner 0x776003d29930 (Used 1 MB), Loaded Geometries, ProbeArray 100000, Loaded 14, Type Point
[LIBGPUSPATIAL] [ 12323][17:59:53:514158][info  ] RTSpatialRefiner 0x776003d29930 (Used 1 MB), Evaluating 16 Geometry Pairs with Predicate Contains
[LIBGPUSPATIAL] [ 12328][17:59:53:514166][info  ] RTSpatialIndex 0x77600000ac10 (Used 1 MB), Probe Points, Size: 100000, Results: 25
[LIBGPUSPATIAL] [ 12325][17:59:53:514190][info  ] RTSpatialRefiner 0x776003d29930 (Used 0 MB), Evaluating 22 Geometry Pairs with Predicate Contains
[LIBGPUSPATIAL] [ 12324][17:59:53:514588][info  ] RTSpatialRefiner 0x776003d29930 (Used 0 MB), Loaded Geometries, ProbeArray 100000, Loaded 15, Type Point
[LIBGPUSPATIAL] [ 12324][17:59:53:514637][info  ] RTSpatialRefiner 0x776003d29930 (Used 0 MB), Evaluating 23 Geometry Pairs with Predicate Contains
[LIBGPUSPATIAL] [ 12328][17:59:53:516040][info  ] RTSpatialRefiner 0x776003d29930 (Used 0 MB), Loaded Geometries, ProbeArray 100000, Loaded 19, Type Point
[LIBGPUSPATIAL] [ 12328][17:59:53:516089][info  ] RTSpatialRefiner 0x776003d29930 (Used 0 MB), Evaluating 25 Geometry Pairs with Predicate Contains
[LIBGPUSPATIAL] [ 12329][17:59:53:517032][info  ] RTSpatialIndex 0x77600000ac10 (Used 1 MB), Allocate result buffer, memory consumption 0 MB, capacity 31
[LIBGPUSPATIAL] [ 12329][17:59:53:517160][info  ] RTSpatialIndex 0x77600000ac10 (Used 1 MB), Probe Points, Size: 100000, Results: 31
[LIBGPUSPATIAL] [ 12329][17:59:53:517735][info  ] RTSpatialRefiner 0x776003d29930 (Used 0 MB), Loaded Geometries, ProbeArray 100000, Loaded 23, Type Point
[LIBGPUSPATIAL] [ 12329][17:59:53:517779][info  ] RTSpatialRefiner 0x776003d29930 (Used 0 MB), Evaluating 31 Geometry Pairs with Predicate Contains
[LIBGPUSPATIAL] [ 12330][17:59:53:520608][info  ] RTSpatialIndex 0x77600000ac10 (Used 1 MB), Allocate result buffer, memory consumption 0 MB, capacity 22
[LIBGPUSPATIAL] [ 12330][17:59:53:520756][info  ] RTSpatialIndex 0x77600000ac10 (Used 1 MB), Probe Points, Size: 100000, Results: 22
[LIBGPUSPATIAL] [ 12330][17:59:53:521196][info  ] RTSpatialRefiner 0x776003d29930 (Used 0 MB), Loaded Geometries, ProbeArray 100000, Loaded 19, Type Point
[LIBGPUSPATIAL] [ 12330][17:59:53:521239][info  ] RTSpatialRefiner 0x776003d29930 (Used 0 MB), Evaluating 22 Geometry Pairs with Predicate Contains
[LIBGPUSPATIAL] [ 12323][17:59:53:527056][info  ] RTSpatialIndex 0x77600000ac10 (Used 1 MB), Allocate result buffer, memory consumption 0 MB, capacity 26
[LIBGPUSPATIAL] [ 12323][17:59:53:527192][info  ] RTSpatialIndex 0x77600000ac10 (Used 1 MB), Probe Points, Size: 100000, Results: 26
[LIBGPUSPATIAL] [ 12323][17:59:53:527827][info  ] RTSpatialRefiner 0x776003d29930 (Used 0 MB), Loaded Geometries, ProbeArray 100000, Loaded 19, Type Point
[LIBGPUSPATIAL] [ 12323][17:59:53:527888][info  ] RTSpatialRefiner 0x776003d29930 (Used 0 MB), Evaluating 26 Geometry Pairs with Predicate Contains
[LIBGPUSPATIAL] [ 12325][17:59:53:532315][info  ] RTSpatialIndex 0x77600000ac10 (Used 1 MB), Allocate result buffer, memory consumption 0 MB, capacity 17
[LIBGPUSPATIAL] [ 12325][17:59:53:532450][info  ] RTSpatialIndex 0x77600000ac10 (Used 1 MB), Probe Points, Size: 100000, Results: 17
[LIBGPUSPATIAL] [ 12325][17:59:53:532878][info  ] RTSpatialRefiner 0x776003d29930 (Used 1 MB), Loaded Geometries, ProbeArray 100000, Loaded 15, Type Point
[LIBGPUSPATIAL] [ 12325][17:59:53:532998][info  ] RTSpatialRefiner 0x776003d29930 (Used 1 MB), Evaluating 17 Geometry Pairs with Predicate Contains
[LIBGPUSPATIAL] [ 12324][17:59:53:533291][info  ] RTSpatialIndex 0x77600000ac10 (Used 1 MB), Allocate result buffer, memory consumption 0 MB, capacity 20
[LIBGPUSPATIAL] [ 12324][17:59:53:533707][info  ] RTSpatialIndex 0x77600000ac10 (Used 2 MB), Probe Points, Size: 100000, Results: 20
[LIBGPUSPATIAL] [ 12324][17:59:53:534381][info  ] RTSpatialRefiner 0x776003d29930 (Used 2 MB), Loaded Geometries, ProbeArray 100000, Loaded 15, Type Point
[LIBGPUSPATIAL] [ 12324][17:59:53:534468][info  ] RTSpatialRefiner 0x776003d29930 (Used 2 MB), Evaluating 20 Geometry Pairs with Predicate Contains
[LIBGPUSPATIAL] [ 12328][17:59:53:534548][info  ] RTSpatialIndex 0x77600000ac10 (Used 1 MB), Allocate result buffer, memory consumption 0 MB, capacity 25
[LIBGPUSPATIAL] [ 12326][17:59:53:534929][info  ] RTSpatialIndex 0x77600000ac10 (Used 1 MB), Allocate result buffer, memory consumption 0 MB, capacity 30
[LIBGPUSPATIAL] [ 12328][17:59:53:535133][info  ] RTSpatialIndex 0x77600000ac10 (Used 3 MB), Probe Points, Size: 100000, Results: 25
[LIBGPUSPATIAL] [ 12326][17:59:53:535668][info  ] RTSpatialIndex 0x77600000ac10 (Used 1 MB), Probe Points, Size: 100000, Results: 30
[LIBGPUSPATIAL] [ 12328][17:59:53:535756][info  ] RTSpatialRefiner 0x776003d29930 (Used 1 MB), Loaded Geometries, ProbeArray 100000, Loaded 19, Type Point
[LIBGPUSPATIAL] [ 12329][17:59:53:535784][info  ] RTSpatialIndex 0x77600000ac10 (Used 1 MB), Allocate result buffer, memory consumption 0 MB, capacity 28
[LIBGPUSPATIAL] [ 12328][17:59:53:535804][info  ] RTSpatialRefiner 0x776003d29930 (Used 1 MB), Evaluating 25 Geometry Pairs with Predicate Contains
[LIBGPUSPATIAL] [ 12329][17:59:53:536281][info  ] RTSpatialIndex 0x77600000ac10 (Used 1 MB), Probe Points, Size: 100000, Results: 28
[LIBGPUSPATIAL] [ 12326][17:59:53:536293][info  ] RTSpatialRefiner 0x776003d29930 (Used 1 MB), Loaded Geometries, ProbeArray 100000, Loaded 21, Type Point
[LIBGPUSPATIAL] [ 12326][17:59:53:536415][info  ] RTSpatialRefiner 0x776003d29930 (Used 0 MB), Evaluating 30 Geometry Pairs with Predicate Contains
[LIBGPUSPATIAL] [ 12329][17:59:53:536690][info  ] RTSpatialRefiner 0x776003d29930 (Used 0 MB), Loaded Geometries, ProbeArray 100000, Loaded 21, Type Point
[LIBGPUSPATIAL] [ 12329][17:59:53:536736][info  ] RTSpatialRefiner 0x776003d29930 (Used 0 MB), Evaluating 28 Geometry Pairs with Predicate Contains
[LIBGPUSPATIAL] [ 12330][17:59:53:537331][info  ] RTSpatialIndex 0x77600000ac10 (Used 1 MB), Allocate result buffer, memory consumption 0 MB, capacity 17
[LIBGPUSPATIAL] [ 12330][17:59:53:537779][info  ] RTSpatialIndex 0x77600000ac10 (Used 1 MB), Probe Points, Size: 100000, Results: 17
[LIBGPUSPATIAL] [ 12330][17:59:53:538199][info  ] RTSpatialRefiner 0x776003d29930 (Used 0 MB), Loaded Geometries, ProbeArray 100000, Loaded 14, Type Point
[LIBGPUSPATIAL] [ 12330][17:59:53:538250][info  ] RTSpatialRefiner 0x776003d29930 (Used 0 MB), Evaluating 17 Geometry Pairs with Predicate Contains
[LIBGPUSPATIAL] [ 12325][17:59:53:540135][info  ] RTSpatialIndex 0x77600000ac10 (Used 0 MB), Allocate result buffer, memory consumption 0 MB, capacity 6
[LIBGPUSPATIAL] [ 12325][17:59:53:540265][info  ] RTSpatialIndex 0x77600000ac10 (Used 0 MB), Probe Points, Size: 33333, Results: 6
[LIBGPUSPATIAL] [ 12325][17:59:53:540928][info  ] RTSpatialRefiner 0x776003d29930 (Used 1 MB), Loaded Geometries, ProbeArray 33333, Loaded 5, Type Point
[LIBGPUSPATIAL] [ 12325][17:59:53:541021][info  ] RTSpatialRefiner 0x776003d29930 (Used 1 MB), Evaluating 6 Geometry Pairs with Predicate Contains
[LIBGPUSPATIAL] [ 12323][17:59:53:541177][info  ] RTSpatialIndex 0x77600000ac10 (Used 1 MB), Allocate result buffer, memory consumption 0 MB, capacity 19
[LIBGPUSPATIAL] [ 12323][17:59:53:541433][info  ] RTSpatialIndex 0x77600000ac10 (Used 1 MB), Probe Points, Size: 100000, Results: 19
[LIBGPUSPATIAL] [ 12323][17:59:53:541835][info  ] RTSpatialRefiner 0x776003d29930 (Used 0 MB), Loaded Geometries, ProbeArray 100000, Loaded 13, Type Point
[LIBGPUSPATIAL] [ 12323][17:59:53:541908][info  ] RTSpatialRefiner 0x776003d29930 (Used 0 MB), Evaluating 19 Geometry Pairs with Predicate Contains
[LIBGPUSPATIAL] [ 12324][17:59:53:549598][info  ] RTSpatialIndex 0x77600000ac10 (Used 1 MB), Allocate result buffer, memory consumption 0 MB, capacity 24
[LIBGPUSPATIAL] [ 12324][17:59:53:549723][info  ] RTSpatialIndex 0x77600000ac10 (Used 1 MB), Probe Points, Size: 100000, Results: 24
[LIBGPUSPATIAL] [ 12324][17:59:53:550817][info  ] RTSpatialRefiner 0x776003d29930 (Used 0 MB), Loaded Geometries, ProbeArray 100000, Loaded 20, Type Point
[LIBGPUSPATIAL] [ 12324][17:59:53:550875][info  ] RTSpatialRefiner 0x776003d29930 (Used 0 MB), Evaluating 24 Geometry Pairs with Predicate Contains
[LIBGPUSPATIAL] [ 12330][17:59:53:554805][info  ] RTSpatialIndex 0x77600000ac10 (Used 1 MB), Allocate result buffer, memory consumption 0 MB, capacity 21
[LIBGPUSPATIAL] [ 12328][17:59:53:554807][info  ] RTSpatialIndex 0x77600000ac10 (Used 1 MB), Allocate result buffer, memory consumption 0 MB, capacity 21
[LIBGPUSPATIAL] [ 12330][17:59:53:555065][info  ] RTSpatialIndex 0x77600000ac10 (Used 1 MB), Probe Points, Size: 100000, Results: 21
[LIBGPUSPATIAL] [ 12328][17:59:53:555125][info  ] RTSpatialIndex 0x77600000ac10 (Used 1 MB), Probe Points, Size: 100000, Results: 21
[LIBGPUSPATIAL] [ 12326][17:59:53:555576][info  ] RTSpatialIndex 0x77600000ac10 (Used 1 MB), Allocate result buffer, memory consumption 0 MB, capacity 20
[LIBGPUSPATIAL] [ 12330][17:59:53:555884][info  ] RTSpatialRefiner 0x776003d29930 (Used 1 MB), Loaded Geometries, ProbeArray 100000, Loaded 17, Type Point
[LIBGPUSPATIAL] [ 12328][17:59:53:555917][info  ] RTSpatialRefiner 0x776003d29930 (Used 1 MB), Loaded Geometries, ProbeArray 100000, Loaded 17, Type Point
[LIBGPUSPATIAL] [ 12326][17:59:53:555929][info  ] RTSpatialIndex 0x77600000ac10 (Used 1 MB), Probe Points, Size: 100000, Results: 20
[LIBGPUSPATIAL] [ 12330][17:59:53:555935][info  ] RTSpatialRefiner 0x776003d29930 (Used 1 MB), Evaluating 21 Geometry Pairs with Predicate Contains
[LIBGPUSPATIAL] [ 12328][17:59:53:555964][info  ] RTSpatialRefiner 0x776003d29930 (Used 0 MB), Evaluating 21 Geometry Pairs with Predicate Contains
[LIBGPUSPATIAL] [ 12326][17:59:53:556277][info  ] RTSpatialRefiner 0x776003d29930 (Used 0 MB), Loaded Geometries, ProbeArray 100000, Loaded 15, Type Point
[LIBGPUSPATIAL] [ 12326][17:59:53:556316][info  ] RTSpatialRefiner 0x776003d29930 (Used 0 MB), Evaluating 20 Geometry Pairs with Predicate Contains
[LIBGPUSPATIAL] [ 12329][17:59:53:557349][info  ] RTSpatialIndex 0x77600000ac10 (Used 1 MB), Allocate result buffer, memory consumption 0 MB, capacity 25
[LIBGPUSPATIAL] [ 12324][17:59:53:557543][info  ] RTSpatialIndex 0x77600000ac10 (Used 1 MB), Allocate result buffer, memory consumption 0 MB, capacity 14
[LIBGPUSPATIAL] [ 12329][17:59:53:557741][info  ] RTSpatialIndex 0x77600000ac10 (Used 1 MB), Probe Points, Size: 100000, Results: 25
[LIBGPUSPATIAL] [ 12324][17:59:53:557859][info  ] RTSpatialIndex 0x77600000ac10 (Used 0 MB), Probe Points, Size: 33333, Results: 14
[LIBGPUSPATIAL] [ 12329][17:59:53:558256][info  ] RTSpatialRefiner 0x776003d29930 (Used 0 MB), Loaded Geometries, ProbeArray 100000, Loaded 19, Type Point
[LIBGPUSPATIAL] [ 12329][17:59:53:558301][info  ] RTSpatialRefiner 0x776003d29930 (Used 0 MB), Evaluating 25 Geometry Pairs with Predicate Contains
[LIBGPUSPATIAL] [ 12324][17:59:53:558326][info  ] RTSpatialRefiner 0x776003d29930 (Used 0 MB), Loaded Geometries, ProbeArray 33333, Loaded 10, Type Point
[LIBGPUSPATIAL] [ 12324][17:59:53:558362][info  ] RTSpatialRefiner 0x776003d29930 (Used 0 MB), Evaluating 14 Geometry Pairs with Predicate Contains
[LIBGPUSPATIAL] [ 12323][17:59:53:559357][info  ] RTSpatialIndex 0x77600000ac10 (Used 1 MB), Allocate result buffer, memory consumption 0 MB, capacity 16
[LIBGPUSPATIAL] [ 12323][17:59:53:559710][info  ] RTSpatialIndex 0x77600000ac10 (Used 1 MB), Probe Points, Size: 100000, Results: 16
[LIBGPUSPATIAL] [ 12323][17:59:53:560095][info  ] RTSpatialRefiner 0x776003d29930 (Used 0 MB), Loaded Geometries, ProbeArray 100000, Loaded 14, Type Point
[LIBGPUSPATIAL] [ 12323][17:59:53:560148][info  ] RTSpatialRefiner 0x776003d29930 (Used 0 MB), Evaluating 16 Geometry Pairs with Predicate Contains
[LIBGPUSPATIAL] [ 12328][17:59:53:563320][info  ] RTSpatialIndex 0x77600000ac10 (Used 0 MB), Allocate result buffer, memory consumption 0 MB, capacity 5
[LIBGPUSPATIAL] [ 12328][17:59:53:563469][info  ] RTSpatialIndex 0x77600000ac10 (Used 0 MB), Probe Points, Size: 33333, Results: 5
[LIBGPUSPATIAL] [ 12328][17:59:53:564631][info  ] RTSpatialRefiner 0x776003d29930 (Used 0 MB), Loaded Geometries, ProbeArray 33333, Loaded 4, Type Point
[LIBGPUSPATIAL] [ 12328][17:59:53:564686][info  ] RTSpatialRefiner 0x776003d29930 (Used 0 MB), Evaluating 5 Geometry Pairs with Predicate Contains
[LIBGPUSPATIAL] [ 12325][17:59:53:571279][info  ] RTSpatialIndex 0x77600000ac10 (Used 1 MB), Allocate result buffer, memory consumption 0 MB, capacity 28
[LIBGPUSPATIAL] [ 12325][17:59:53:571407][info  ] RTSpatialIndex 0x77600000ac10 (Used 1 MB), Probe Points, Size: 100000, Results: 28
[LIBGPUSPATIAL] [ 12325][17:59:53:571772][info  ] RTSpatialRefiner 0x776003d29930 (Used 0 MB), Loaded Geometries, ProbeArray 100000, Loaded 22, Type Point
[LIBGPUSPATIAL] [ 12325][17:59:53:571814][info  ] RTSpatialRefiner 0x776003d29930 (Used 0 MB), Evaluating 28 Geometry Pairs with Predicate Contains
[LIBGPUSPATIAL] [ 12329][17:59:53:573356][info  ] RTSpatialIndex 0x77600000ac10 (Used 3 MB), Allocate result buffer, memory consumption 0 MB, capacity 22
[LIBGPUSPATIAL] [ 12330][17:59:53:573633][info  ] RTSpatialIndex 0x77600000ac10 (Used 2 MB), Allocate result buffer, memory consumption 0 MB, capacity 15
[LIBGPUSPATIAL] [ 12329][17:59:53:573721][info  ] RTSpatialIndex 0x77600000ac10 (Used 2 MB), Probe Points, Size: 100000, Results: 22
[LIBGPUSPATIAL] [ 12326][17:59:53:573812][info  ] RTSpatialIndex 0x77600000ac10 (Used 1 MB), Allocate result buffer, memory consumption 0 MB, capacity 19
[LIBGPUSPATIAL] [ 12330][17:59:53:574090][info  ] RTSpatialIndex 0x77600000ac10 (Used 1 MB), Probe Points, Size: 100000, Results: 15
[LIBGPUSPATIAL] [ 12326][17:59:53:574150][info  ] RTSpatialIndex 0x77600000ac10 (Used 1 MB), Probe Points, Size: 100000, Results: 19
[LIBGPUSPATIAL] [ 12329][17:59:53:574259][info  ] RTSpatialRefiner 0x776003d29930 (Used 0 MB), Loaded Geometries, ProbeArray 100000, Loaded 15, Type Point
[LIBGPUSPATIAL] [ 12329][17:59:53:574295][info  ] RTSpatialRefiner 0x776003d29930 (Used 0 MB), Evaluating 22 Geometry Pairs with Predicate Contains
[LIBGPUSPATIAL] [ 12330][17:59:53:574649][info  ] RTSpatialRefiner 0x776003d29930 (Used 0 MB), Loaded Geometries, ProbeArray 100000, Loaded 13, Type Point
[LIBGPUSPATIAL] [ 12326][17:59:53:574654][info  ] RTSpatialRefiner 0x776003d29930 (Used 0 MB), Loaded Geometries, ProbeArray 100000, Loaded 15, Type Point
[LIBGPUSPATIAL] [ 12330][17:59:53:574703][info  ] RTSpatialRefiner 0x776003d29930 (Used 0 MB), Evaluating 15 Geometry Pairs with Predicate Contains
[LIBGPUSPATIAL] [ 12326][17:59:53:574709][info  ] RTSpatialRefiner 0x776003d29930 (Used 0 MB), Evaluating 19 Geometry Pairs with Predicate Contains
[LIBGPUSPATIAL] [ 12323][17:59:53:575605][info  ] RTSpatialIndex 0x77600000ac10 (Used 1 MB), Allocate result buffer, memory consumption 0 MB, capacity 31
[LIBGPUSPATIAL] [ 12323][17:59:53:575730][info  ] RTSpatialIndex 0x77600000ac10 (Used 1 MB), Probe Points, Size: 100000, Results: 31
[LIBGPUSPATIAL] [ 12323][17:59:53:576069][info  ] RTSpatialRefiner 0x776003d29930 (Used 0 MB), Loaded Geometries, ProbeArray 100000, Loaded 23, Type Point
[LIBGPUSPATIAL] [ 12323][17:59:53:576113][info  ] RTSpatialRefiner 0x776003d29930 (Used 0 MB), Evaluating 31 Geometry Pairs with Predicate Contains
[LIBGPUSPATIAL] [ 12329][17:59:53:586360][info  ] RTSpatialIndex 0x77600000ac10 (Used 1 MB), Allocate result buffer, memory consumption 0 MB, capacity 33
[LIBGPUSPATIAL] [ 12329][17:59:53:586483][info  ] RTSpatialIndex 0x77600000ac10 (Used 1 MB), Probe Points, Size: 100000, Results: 33
[LIBGPUSPATIAL] [ 12329][17:59:53:586790][info  ] RTSpatialRefiner 0x776003d29930 (Used 0 MB), Loaded Geometries, ProbeArray 100000, Loaded 22, Type Point
[LIBGPUSPATIAL] [ 12329][17:59:53:586826][info  ] RTSpatialRefiner 0x776003d29930 (Used 0 MB), Evaluating 33 Geometry Pairs with Predicate Contains
[LIBGPUSPATIAL] [ 12325][17:59:53:589508][info  ] RTSpatialIndex 0x77600000ac10 (Used 1 MB), Allocate result buffer, memory consumption 0 MB, capacity 22
[LIBGPUSPATIAL] [ 12325][17:59:53:589631][info  ] RTSpatialIndex 0x77600000ac10 (Used 1 MB), Probe Points, Size: 100000, Results: 22
[LIBGPUSPATIAL] [ 12325][17:59:53:589951][info  ] RTSpatialRefiner 0x776003d29930 (Used 0 MB), Loaded Geometries, ProbeArray 100000, Loaded 16, Type Point
[LIBGPUSPATIAL] [ 12325][17:59:53:589994][info  ] RTSpatialRefiner 0x776003d29930 (Used 0 MB), Evaluating 22 Geometry Pairs with Predicate Contains
[LIBGPUSPATIAL] [ 12330][17:59:53:590981][info  ] RTSpatialIndex 0x77600000ac10 (Used 1 MB), Allocate result buffer, memory consumption 0 MB, capacity 18
[LIBGPUSPATIAL] [ 12326][17:59:53:591033][info  ] RTSpatialIndex 0x77600000ac10 (Used 1 MB), Allocate result buffer, memory consumption 0 MB, capacity 16
[LIBGPUSPATIAL] [ 12330][17:59:53:591209][info  ] RTSpatialIndex 0x77600000ac10 (Used 1 MB), Probe Points, Size: 100000, Results: 18
[LIBGPUSPATIAL] [ 12326][17:59:53:591265][info  ] RTSpatialIndex 0x77600000ac10 (Used 1 MB), Probe Points, Size: 100000, Results: 16
[LIBGPUSPATIAL] [ 12330][17:59:53:591627][info  ] RTSpatialRefiner 0x776003d29930 (Used 0 MB), Loaded Geometries, ProbeArray 100000, Loaded 13, Type Point
[LIBGPUSPATIAL] [ 12326][17:59:53:591639][info  ] RTSpatialRefiner 0x776003d29930 (Used 0 MB), Loaded Geometries, ProbeArray 100000, Loaded 12, Type Point
[LIBGPUSPATIAL] [ 12330][17:59:53:591661][info  ] RTSpatialRefiner 0x776003d29930 (Used 0 MB), Evaluating 18 Geometry Pairs with Predicate Contains
[LIBGPUSPATIAL] [ 12326][17:59:53:591682][info  ] RTSpatialRefiner 0x776003d29930 (Used 0 MB), Evaluating 16 Geometry Pairs with Predicate Contains
[LIBGPUSPATIAL] [ 12323][17:59:53:592189][info  ] RTSpatialIndex 0x77600000ac10 (Used 1 MB), Allocate result buffer, memory consumption 0 MB, capacity 34
[LIBGPUSPATIAL] [ 12323][17:59:53:592681][info  ] RTSpatialIndex 0x77600000ac10 (Used 1 MB), Probe Points, Size: 100000, Results: 34
[LIBGPUSPATIAL] [ 12323][17:59:53:593085][info  ] RTSpatialRefiner 0x776003d29930 (Used 0 MB), Loaded Geometries, ProbeArray 100000, Loaded 25, Type Point
[LIBGPUSPATIAL] [ 12323][17:59:53:593127][info  ] RTSpatialRefiner 0x776003d29930 (Used 0 MB), Evaluating 34 Geometry Pairs with Predicate Contains
[LIBGPUSPATIAL] [ 12329][17:59:53:602138][info  ] RTSpatialIndex 0x77600000ac10 (Used 1 MB), Allocate result buffer, memory consumption 0 MB, capacity 23
[LIBGPUSPATIAL] [ 12329][17:59:53:602286][info  ] RTSpatialIndex 0x77600000ac10 (Used 1 MB), Probe Points, Size: 100000, Results: 23
[LIBGPUSPATIAL] [ 12329][17:59:53:602623][info  ] RTSpatialRefiner 0x776003d29930 (Used 0 MB), Loaded Geometries, ProbeArray 100000, Loaded 17, Type Point
[LIBGPUSPATIAL] [ 12329][17:59:53:602664][info  ] RTSpatialRefiner 0x776003d29930 (Used 0 MB), Evaluating 23 Geometry Pairs with Predicate Contains
[LIBGPUSPATIAL] [ 12330][17:59:53:603783][info  ] RTSpatialIndex 0x77600000ac10 (Used 1 MB), Allocate result buffer, memory consumption 0 MB, capacity 15
[LIBGPUSPATIAL] [ 12330][17:59:53:603936][info  ] RTSpatialIndex 0x77600000ac10 (Used 1 MB), Probe Points, Size: 100000, Results: 15
[LIBGPUSPATIAL] [ 12330][17:59:53:604276][info  ] RTSpatialRefiner 0x776003d29930 (Used 0 MB), Loaded Geometries, ProbeArray 100000, Loaded 12, Type Point
[LIBGPUSPATIAL] [ 12330][17:59:53:604326][info  ] RTSpatialRefiner 0x776003d29930 (Used 0 MB), Evaluating 15 Geometry Pairs with Predicate Contains
[LIBGPUSPATIAL] [ 12325][17:59:53:605952][info  ] RTSpatialIndex 0x77600000ac10 (Used 1 MB), Allocate result buffer, memory consumption 0 MB, capacity 20
[LIBGPUSPATIAL] [ 12325][17:59:53:606072][info  ] RTSpatialIndex 0x77600000ac10 (Used 1 MB), Probe Points, Size: 100000, Results: 20
[LIBGPUSPATIAL] [ 12325][17:59:53:606410][info  ] RTSpatialRefiner 0x776003d29930 (Used 0 MB), Loaded Geometries, ProbeArray 100000, Loaded 18, Type Point
[LIBGPUSPATIAL] [ 12325][17:59:53:606452][info  ] RTSpatialRefiner 0x776003d29930 (Used 0 MB), Evaluating 20 Geometry Pairs with Predicate Contains
[LIBGPUSPATIAL] [ 12326][17:59:53:607394][info  ] RTSpatialIndex 0x77600000ac10 (Used 1 MB), Allocate result buffer, memory consumption 0 MB, capacity 28
[LIBGPUSPATIAL] [ 12326][17:59:53:607538][info  ] RTSpatialIndex 0x77600000ac10 (Used 1 MB), Probe Points, Size: 100000, Results: 28
[LIBGPUSPATIAL] [ 12326][17:59:53:607911][info  ] RTSpatialRefiner 0x776003d29930 (Used 0 MB), Loaded Geometries, ProbeArray 100000, Loaded 22, Type Point
[LIBGPUSPATIAL] [ 12326][17:59:53:608001][info  ] RTSpatialRefiner 0x776003d29930 (Used 1 MB), Evaluating 28 Geometry Pairs with Predicate Contains
[LIBGPUSPATIAL] [ 12323][17:59:53:608437][info  ] RTSpatialIndex 0x77600000ac10 (Used 1 MB), Allocate result buffer, memory consumption 0 MB, capacity 32
[LIBGPUSPATIAL] [ 12323][17:59:53:608814][info  ] RTSpatialIndex 0x77600000ac10 (Used 1 MB), Probe Points, Size: 100000, Results: 32
[LIBGPUSPATIAL] [ 12323][17:59:53:609136][info  ] RTSpatialRefiner 0x776003d29930 (Used 0 MB), Loaded Geometries, ProbeArray 100000, Loaded 23, Type Point
[LIBGPUSPATIAL] [ 12323][17:59:53:609171][info  ] RTSpatialRefiner 0x776003d29930 (Used 0 MB), Evaluating 32 Geometry Pairs with Predicate Contains
[LIBGPUSPATIAL] [ 12330][17:59:53:616563][info  ] RTSpatialIndex 0x77600000ac10 (Used 1 MB), Allocate result buffer, memory consumption 0 MB, capacity 26
[LIBGPUSPATIAL] [ 12330][17:59:53:616719][info  ] RTSpatialIndex 0x77600000ac10 (Used 1 MB), Probe Points, Size: 100000, Results: 26
[LIBGPUSPATIAL] [ 12330][17:59:53:617101][info  ] RTSpatialRefiner 0x776003d29930 (Used 0 MB), Loaded Geometries, ProbeArray 100000, Loaded 19, Type Point
[LIBGPUSPATIAL] [ 12330][17:59:53:617152][info  ] RTSpatialRefiner 0x776003d29930 (Used 0 MB), Evaluating 26 Geometry Pairs with Predicate Contains
[LIBGPUSPATIAL] [ 12325][17:59:53:619300][info  ] RTSpatialIndex 0x77600000ac10 (Used 1 MB), Allocate result buffer, memory consumption 0 MB, capacity 23
[LIBGPUSPATIAL] [ 12325][17:59:53:619449][info  ] RTSpatialIndex 0x77600000ac10 (Used 1 MB), Probe Points, Size: 100000, Results: 23
[LIBGPUSPATIAL] [ 12329][17:59:53:619882][info  ] RTSpatialIndex 0x77600000ac10 (Used 1 MB), Allocate result buffer, memory consumption 0 MB, capacity 27
[LIBGPUSPATIAL] [ 12329][17:59:53:620451][info  ] RTSpatialIndex 0x77600000ac10 (Used 1 MB), Probe Points, Size: 100000, Results: 27
[LIBGPUSPATIAL] [ 12325][17:59:53:620461][info  ] RTSpatialRefiner 0x776003d29930 (Used 1 MB), Loaded Geometries, ProbeArray 100000, Loaded 16, Type Point
[LIBGPUSPATIAL] [ 12325][17:59:53:620512][info  ] RTSpatialRefiner 0x776003d29930 (Used 0 MB), Evaluating 23 Geometry Pairs with Predicate Contains
[LIBGPUSPATIAL] [ 12329][17:59:53:620892][info  ] RTSpatialRefiner 0x776003d29930 (Used 1 MB), Loaded Geometries, ProbeArray 100000, Loaded 20, Type Point
[LIBGPUSPATIAL] [ 12329][17:59:53:620962][info  ] RTSpatialRefiner 0x776003d29930 (Used 1 MB), Evaluating 27 Geometry Pairs with Predicate Contains
[LIBGPUSPATIAL] [ 12323][17:59:53:621327][info  ] RTSpatialIndex 0x77600000ac10 (Used 1 MB), Allocate result buffer, memory consumption 0 MB, capacity 17
[LIBGPUSPATIAL] [ 12323][17:59:53:621662][info  ] RTSpatialIndex 0x77600000ac10 (Used 1 MB), Probe Points, Size: 100000, Results: 17
[LIBGPUSPATIAL] [ 12323][17:59:53:622092][info  ] RTSpatialRefiner 0x776003d29930 (Used 0 MB), Loaded Geometries, ProbeArray 100000, Loaded 13, Type Point
[LIBGPUSPATIAL] [ 12323][17:59:53:622128][info  ] RTSpatialRefiner 0x776003d29930 (Used 0 MB), Evaluating 17 Geometry Pairs with Predicate Contains
[LIBGPUSPATIAL] [ 12326][17:59:53:623903][info  ] RTSpatialIndex 0x77600000ac10 (Used 1 MB), Allocate result buffer, memory consumption 0 MB, capacity 21
[LIBGPUSPATIAL] [ 12326][17:59:53:624040][info  ] RTSpatialIndex 0x77600000ac10 (Used 1 MB), Probe Points, Size: 100000, Results: 21
[LIBGPUSPATIAL] [ 12326][17:59:53:624397][info  ] RTSpatialRefiner 0x776003d29930 (Used 0 MB), Loaded Geometries, ProbeArray 100000, Loaded 16, Type Point
[LIBGPUSPATIAL] [ 12326][17:59:53:624438][info  ] RTSpatialRefiner 0x776003d29930 (Used 0 MB), Evaluating 21 Geometry Pairs with Predicate Contains
[LIBGPUSPATIAL] [ 12330][17:59:53:629331][info  ] RTSpatialIndex 0x77600000ac10 (Used 1 MB), Allocate result buffer, memory consumption 0 MB, capacity 12
[LIBGPUSPATIAL] [ 12330][17:59:53:629469][info  ] RTSpatialIndex 0x77600000ac10 (Used 1 MB), Probe Points, Size: 100000, Results: 12
[LIBGPUSPATIAL] [ 12330][17:59:53:629853][info  ] RTSpatialRefiner 0x776003d29930 (Used 0 MB), Loaded Geometries, ProbeArray 100000, Loaded 10, Type Point
[LIBGPUSPATIAL] [ 12330][17:59:53:629906][info  ] RTSpatialRefiner 0x776003d29930 (Used 0 MB), Evaluating 12 Geometry Pairs with Predicate Contains
[LIBGPUSPATIAL] [ 12325][17:59:53:632399][info  ] RTSpatialIndex 0x77600000ac10 (Used 1 MB), Allocate result buffer, memory consumption 0 MB, capacity 19
[LIBGPUSPATIAL] [ 12325][17:59:53:632576][info  ] RTSpatialIndex 0x77600000ac10 (Used 1 MB), Probe Points, Size: 100000, Results: 19
[LIBGPUSPATIAL] [ 12325][17:59:53:633011][info  ] RTSpatialRefiner 0x776003d29930 (Used 0 MB), Loaded Geometries, ProbeArray 100000, Loaded 13, Type Point
[LIBGPUSPATIAL] [ 12325][17:59:53:633062][info  ] RTSpatialRefiner 0x776003d29930 (Used 0 MB), Evaluating 19 Geometry Pairs with Predicate Contains
[LIBGPUSPATIAL] [ 12323][17:59:53:633885][info  ] RTSpatialIndex 0x77600000ac10 (Used 1 MB), Allocate result buffer, memory consumption 0 MB, capacity 21
[LIBGPUSPATIAL] [ 12323][17:59:53:634026][info  ] RTSpatialIndex 0x77600000ac10 (Used 1 MB), Probe Points, Size: 100000, Results: 21
[LIBGPUSPATIAL] [ 12323][17:59:53:634409][info  ] RTSpatialRefiner 0x776003d29930 (Used 0 MB), Loaded Geometries, ProbeArray 100000, Loaded 17, Type Point
[LIBGPUSPATIAL] [ 12323][17:59:53:634455][info  ] RTSpatialRefiner 0x776003d29930 (Used 0 MB), Evaluating 21 Geometry Pairs with Predicate Contains
[LIBGPUSPATIAL] [ 12329][17:59:53:637729][info  ] RTSpatialIndex 0x77600000ac10 (Used 1 MB), Allocate result buffer, memory consumption 0 MB, capacity 18
[LIBGPUSPATIAL] [ 12329][17:59:53:637875][info  ] RTSpatialIndex 0x77600000ac10 (Used 1 MB), Probe Points, Size: 100000, Results: 18
[LIBGPUSPATIAL] [ 12329][17:59:53:638240][info  ] RTSpatialRefiner 0x776003d29930 (Used 0 MB), Loaded Geometries, ProbeArray 100000, Loaded 14, Type Point
[LIBGPUSPATIAL] [ 12329][17:59:53:638282][info  ] RTSpatialRefiner 0x776003d29930 (Used 0 MB), Evaluating 18 Geometry Pairs with Predicate Contains
[LIBGPUSPATIAL] [ 12326][17:59:53:639988][info  ] RTSpatialIndex 0x77600000ac10 (Used 1 MB), Allocate result buffer, memory consumption 0 MB, capacity 22
[LIBGPUSPATIAL] [ 12326][17:59:53:640125][info  ] RTSpatialIndex 0x77600000ac10 (Used 1 MB), Probe Points, Size: 100000, Results: 22
[LIBGPUSPATIAL] [ 12326][17:59:53:640510][info  ] RTSpatialRefiner 0x776003d29930 (Used 0 MB), Loaded Geometries, ProbeArray 100000, Loaded 15, Type Point
[LIBGPUSPATIAL] [ 12326][17:59:53:640563][info  ] RTSpatialRefiner 0x776003d29930 (Used 0 MB), Evaluating 22 Geometry Pairs with Predicate Contains
[LIBGPUSPATIAL] [ 12325][17:59:53:645363][info  ] RTSpatialIndex 0x77600000ac10 (Used 1 MB), Allocate result buffer, memory consumption 0 MB, capacity 22
[LIBGPUSPATIAL] [ 12330][17:59:53:645399][info  ] RTSpatialIndex 0x77600000ac10 (Used 1 MB), Allocate result buffer, memory consumption 0 MB, capacity 24
[LIBGPUSPATIAL] [ 12325][17:59:53:645554][info  ] RTSpatialIndex 0x77600000ac10 (Used 1 MB), Probe Points, Size: 100000, Results: 22
[LIBGPUSPATIAL] [ 12330][17:59:53:645614][info  ] RTSpatialIndex 0x77600000ac10 (Used 1 MB), Probe Points, Size: 100000, Results: 24
[LIBGPUSPATIAL] [ 12330][17:59:53:646077][info  ] RTSpatialRefiner 0x776003d29930 (Used 0 MB), Loaded Geometries, ProbeArray 100000, Loaded 16, Type Point
[LIBGPUSPATIAL] [ 12325][17:59:53:646104][info  ] RTSpatialRefiner 0x776003d29930 (Used 0 MB), Loaded Geometries, ProbeArray 100000, Loaded 17, Type Point
[LIBGPUSPATIAL] [ 12330][17:59:53:646122][info  ] RTSpatialRefiner 0x776003d29930 (Used 0 MB), Evaluating 24 Geometry Pairs with Predicate Contains
[LIBGPUSPATIAL] [ 12325][17:59:53:646145][info  ] RTSpatialRefiner 0x776003d29930 (Used 0 MB), Evaluating 22 Geometry Pairs with Predicate Contains
[LIBGPUSPATIAL] [ 12323][17:59:53:649819][info  ] RTSpatialIndex 0x77600000ac10 (Used 1 MB), Allocate result buffer, memory consumption 0 MB, capacity 26
[LIBGPUSPATIAL] [ 12323][17:59:53:649975][info  ] RTSpatialIndex 0x77600000ac10 (Used 1 MB), Probe Points, Size: 100000, Results: 26
[LIBGPUSPATIAL] [ 12323][17:59:53:650337][info  ] RTSpatialRefiner 0x776003d29930 (Used 0 MB), Loaded Geometries, ProbeArray 100000, Loaded 22, Type Point
[LIBGPUSPATIAL] [ 12323][17:59:53:650379][info  ] RTSpatialRefiner 0x776003d29930 (Used 0 MB), Evaluating 26 Geometry Pairs with Predicate Contains
[LIBGPUSPATIAL] [ 12329][17:59:53:654042][info  ] RTSpatialIndex 0x77600000ac10 (Used 1 MB), Allocate result buffer, memory consumption 0 MB, capacity 17
[LIBGPUSPATIAL] [ 12329][17:59:53:654202][info  ] RTSpatialIndex 0x77600000ac10 (Used 1 MB), Probe Points, Size: 100000, Results: 17
[LIBGPUSPATIAL] [ 12329][17:59:53:654552][info  ] RTSpatialRefiner 0x776003d29930 (Used 0 MB), Loaded Geometries, ProbeArray 100000, Loaded 12, Type Point
[LIBGPUSPATIAL] [ 12329][17:59:53:654593][info  ] RTSpatialRefiner 0x776003d29930 (Used 0 MB), Evaluating 17 Geometry Pairs with Predicate Contains
[LIBGPUSPATIAL] [ 12326][17:59:53:656382][info  ] RTSpatialIndex 0x77600000ac10 (Used 1 MB), Allocate result buffer, memory consumption 0 MB, capacity 33
[LIBGPUSPATIAL] [ 12326][17:59:53:656499][info  ] RTSpatialIndex 0x77600000ac10 (Used 1 MB), Probe Points, Size: 100000, Results: 33
[LIBGPUSPATIAL] [ 12326][17:59:53:656885][info  ] RTSpatialRefiner 0x776003d29930 (Used 0 MB), Loaded Geometries, ProbeArray 100000, Loaded 21, Type Point
[LIBGPUSPATIAL] [ 12326][17:59:53:656927][info  ] RTSpatialRefiner 0x776003d29930 (Used 0 MB), Evaluating 33 Geometry Pairs with Predicate Contains
[LIBGPUSPATIAL] [ 12325][17:59:53:658028][info  ] RTSpatialIndex 0x77600000ac10 (Used 1 MB), Allocate result buffer, memory consumption 0 MB, capacity 19
[LIBGPUSPATIAL] [ 12325][17:59:53:658150][info  ] RTSpatialIndex 0x77600000ac10 (Used 1 MB), Probe Points, Size: 100000, Results: 19
[LIBGPUSPATIAL] [ 12325][17:59:53:658439][info  ] RTSpatialRefiner 0x776003d29930 (Used 0 MB), Loaded Geometries, ProbeArray 100000, Loaded 15, Type Point
[LIBGPUSPATIAL] [ 12325][17:59:53:658486][info  ] RTSpatialRefiner 0x776003d29930 (Used 0 MB), Evaluating 19 Geometry Pairs with Predicate Contains
[LIBGPUSPATIAL] [ 12330][17:59:53:661630][info  ] RTSpatialIndex 0x77600000ac10 (Used 1 MB), Allocate result buffer, memory consumption 0 MB, capacity 24
[LIBGPUSPATIAL] [ 12330][17:59:53:661765][info  ] RTSpatialIndex 0x77600000ac10 (Used 1 MB), Probe Points, Size: 100000, Results: 24
[LIBGPUSPATIAL] [ 12330][17:59:53:662296][info  ] RTSpatialRefiner 0x776003d29930 (Used 0 MB), Loaded Geometries, ProbeArray 100000, Loaded 16, Type Point
[LIBGPUSPATIAL] [ 12330][17:59:53:662342][info  ] RTSpatialRefiner 0x776003d29930 (Used 0 MB), Evaluating 24 Geometry Pairs with Predicate Contains
[LIBGPUSPATIAL] [ 12323][17:59:53:666195][info  ] RTSpatialIndex 0x77600000ac10 (Used 1 MB), Allocate result buffer, memory consumption 0 MB, capacity 28
[LIBGPUSPATIAL] [ 12323][17:59:53:666337][info  ] RTSpatialIndex 0x77600000ac10 (Used 1 MB), Probe Points, Size: 100000, Results: 28
[LIBGPUSPATIAL] [ 12323][17:59:53:666765][info  ] RTSpatialRefiner 0x776003d29930 (Used 0 MB), Loaded Geometries, ProbeArray 100000, Loaded 19, Type Point
[LIBGPUSPATIAL] [ 12323][17:59:53:666813][info  ] RTSpatialRefiner 0x776003d29930 (Used 0 MB), Evaluating 28 Geometry Pairs with Predicate Contains
[LIBGPUSPATIAL] [ 12325][17:59:53:670306][info  ] RTSpatialIndex 0x77600000ac10 (Used 1 MB), Allocate result buffer, memory consumption 0 MB, capacity 25
[LIBGPUSPATIAL] [ 12325][17:59:53:670432][info  ] RTSpatialIndex 0x77600000ac10 (Used 1 MB), Probe Points, Size: 100000, Results: 25
[LIBGPUSPATIAL] [ 12325][17:59:53:670860][info  ] RTSpatialRefiner 0x776003d29930 (Used 0 MB), Loaded Geometries, ProbeArray 100000, Loaded 20, Type Point
[LIBGPUSPATIAL] [ 12325][17:59:53:670904][info  ] RTSpatialRefiner 0x776003d29930 (Used 0 MB), Evaluating 25 Geometry Pairs with Predicate Contains
[LIBGPUSPATIAL] [ 12329][17:59:53:671654][info  ] RTSpatialIndex 0x77600000ac10 (Used 1 MB), Allocate result buffer, memory consumption 0 MB, capacity 23
[LIBGPUSPATIAL] [ 12329][17:59:53:671771][info  ] RTSpatialIndex 0x77600000ac10 (Used 1 MB), Probe Points, Size: 100000, Results: 23
[LIBGPUSPATIAL] [ 12329][17:59:53:672198][info  ] RTSpatialRefiner 0x776003d29930 (Used 0 MB), Loaded Geometries, ProbeArray 100000, Loaded 15, Type Point
[LIBGPUSPATIAL] [ 12329][17:59:53:672246][info  ] RTSpatialRefiner 0x776003d29930 (Used 0 MB), Evaluating 23 Geometry Pairs with Predicate Contains
[LIBGPUSPATIAL] [ 12326][17:59:53:673065][info  ] RTSpatialIndex 0x77600000ac10 (Used 1 MB), Allocate result buffer, memory consumption 0 MB, capacity 28
[LIBGPUSPATIAL] [ 12323][17:59:53:673270][info  ] RTSpatialIndex 0x77600000ac10 (Used 1 MB), Allocate result buffer, memory consumption 0 MB, capacity 4
[LIBGPUSPATIAL] [ 12326][17:59:53:673378][info  ] RTSpatialIndex 0x77600000ac10 (Used 1 MB), Probe Points, Size: 100000, Results: 28
[LIBGPUSPATIAL] [ 12323][17:59:53:673475][info  ] RTSpatialIndex 0x77600000ac10 (Used 0 MB), Probe Points, Size: 33333, Results: 4
[LIBGPUSPATIAL] [ 12323][17:59:53:673766][info  ] RTSpatialRefiner 0x776003d29930 (Used 0 MB), Loaded Geometries, ProbeArray 33333, Loaded 4, Type Point
[LIBGPUSPATIAL] [ 12326][17:59:53:673792][info  ] RTSpatialRefiner 0x776003d29930 (Used 0 MB), Loaded Geometries, ProbeArray 100000, Loaded 21, Type Point
[LIBGPUSPATIAL] [ 12323][17:59:53:673807][info  ] RTSpatialRefiner 0x776003d29930 (Used 0 MB), Evaluating 4 Geometry Pairs with Predicate Contains
[LIBGPUSPATIAL] [ 12326][17:59:53:673854][info  ] RTSpatialRefiner 0x776003d29930 (Used 0 MB), Evaluating 28 Geometry Pairs with Predicate Contains
[LIBGPUSPATIAL] [ 12330][17:59:53:677023][info  ] RTSpatialIndex 0x77600000ac10 (Used 1 MB), Allocate result buffer, memory consumption 0 MB, capacity 31
[LIBGPUSPATIAL] [ 12330][17:59:53:677143][info  ] RTSpatialIndex 0x77600000ac10 (Used 1 MB), Probe Points, Size: 100000, Results: 31
[LIBGPUSPATIAL] [ 12330][17:59:53:677454][info  ] RTSpatialRefiner 0x776003d29930 (Used 0 MB), Loaded Geometries, ProbeArray 100000, Loaded 25, Type Point
[LIBGPUSPATIAL] [ 12330][17:59:53:677493][info  ] RTSpatialRefiner 0x776003d29930 (Used 0 MB), Evaluating 31 Geometry Pairs with Predicate Contains
[LIBGPUSPATIAL] [ 12330][17:59:53:681922][info  ] RTSpatialIndex 0x77600000ac10 (Used 0 MB), Allocate result buffer, memory consumption 0 MB, capacity 9
[LIBGPUSPATIAL] [ 12330][17:59:53:682049][info  ] RTSpatialIndex 0x77600000ac10 (Used 0 MB), Probe Points, Size: 33333, Results: 9
[LIBGPUSPATIAL] [ 12330][17:59:53:682431][info  ] RTSpatialRefiner 0x776003d29930 (Used 1 MB), Loaded Geometries, ProbeArray 33333, Loaded 7, Type Point
[LIBGPUSPATIAL] [ 12330][17:59:53:682497][info  ] RTSpatialRefiner 0x776003d29930 (Used 1 MB), Evaluating 9 Geometry Pairs with Predicate Contains
[LIBGPUSPATIAL] [ 12325][17:59:53:682834][info  ] RTSpatialIndex 0x77600000ac10 (Used 1 MB), Allocate result buffer, memory consumption 0 MB, capacity 29
[LIBGPUSPATIAL] [ 12325][17:59:53:683100][info  ] RTSpatialIndex 0x77600000ac10 (Used 1 MB), Probe Points, Size: 100000, Results: 29
[LIBGPUSPATIAL] [ 12325][17:59:53:683461][info  ] RTSpatialRefiner 0x776003d29930 (Used 0 MB), Loaded Geometries, ProbeArray 100000, Loaded 21, Type Point
[LIBGPUSPATIAL] [ 12325][17:59:53:683496][info  ] RTSpatialRefiner 0x776003d29930 (Used 0 MB), Evaluating 29 Geometry Pairs with Predicate Contains
[LIBGPUSPATIAL] [ 12329][17:59:53:688114][info  ] RTSpatialIndex 0x77600000ac10 (Used 1 MB), Allocate result buffer, memory consumption 0 MB, capacity 21
[LIBGPUSPATIAL] [ 12329][17:59:53:688240][info  ] RTSpatialIndex 0x77600000ac10 (Used 1 MB), Probe Points, Size: 100000, Results: 21
[LIBGPUSPATIAL] [ 12329][17:59:53:688593][info  ] RTSpatialRefiner 0x776003d29930 (Used 0 MB), Loaded Geometries, ProbeArray 100000, Loaded 18, Type Point
[LIBGPUSPATIAL] [ 12329][17:59:53:688640][info  ] RTSpatialRefiner 0x776003d29930 (Used 0 MB), Evaluating 21 Geometry Pairs with Predicate Contains
[LIBGPUSPATIAL] [ 12326][17:59:53:689421][info  ] RTSpatialIndex 0x77600000ac10 (Used 1 MB), Allocate result buffer, memory consumption 0 MB, capacity 17
[LIBGPUSPATIAL] [ 12326][17:59:53:689557][info  ] RTSpatialIndex 0x77600000ac10 (Used 1 MB), Probe Points, Size: 100000, Results: 17
[LIBGPUSPATIAL] [ 12326][17:59:53:689905][info  ] RTSpatialRefiner 0x776003d29930 (Used 0 MB), Loaded Geometries, ProbeArray 100000, Loaded 14, Type Point
[LIBGPUSPATIAL] [ 12326][17:59:53:689951][info  ] RTSpatialRefiner 0x776003d29930 (Used 0 MB), Evaluating 17 Geometry Pairs with Predicate Contains
[LIBGPUSPATIAL] [ 12325][17:59:53:695304][info  ] RTSpatialIndex 0x77600000ac10 (Used 1 MB), Allocate result buffer, memory consumption 0 MB, capacity 28
[LIBGPUSPATIAL] [ 12325][17:59:53:695437][info  ] RTSpatialIndex 0x77600000ac10 (Used 1 MB), Probe Points, Size: 100000, Results: 28
[LIBGPUSPATIAL] [ 12325][17:59:53:695792][info  ] RTSpatialRefiner 0x776003d29930 (Used 0 MB), Loaded Geometries, ProbeArray 100000, Loaded 19, Type Point
[LIBGPUSPATIAL] [ 12325][17:59:53:695828][info  ] RTSpatialRefiner 0x776003d29930 (Used 0 MB), Evaluating 28 Geometry Pairs with Predicate Contains
[LIBGPUSPATIAL] [ 12326][17:59:53:705602][info  ] RTSpatialIndex 0x77600000ac10 (Used 1 MB), Allocate result buffer, memory consumption 0 MB, capacity 19
[LIBGPUSPATIAL] [ 12326][17:59:53:705744][info  ] RTSpatialIndex 0x77600000ac10 (Used 1 MB), Probe Points, Size: 100000, Results: 19
[LIBGPUSPATIAL] [ 12329][17:59:53:706245][info  ] RTSpatialIndex 0x77600000ac10 (Used 1 MB), Allocate result buffer, memory consumption 0 MB, capacity 9
[LIBGPUSPATIAL] [ 12329][17:59:53:706380][info  ] RTSpatialIndex 0x77600000ac10 (Used 1 MB), Probe Points, Size: 100000, Results: 9
[LIBGPUSPATIAL] [ 12326][17:59:53:706426][info  ] RTSpatialRefiner 0x776003d29930 (Used 0 MB), Loaded Geometries, ProbeArray 100000, Loaded 14, Type Point
[LIBGPUSPATIAL] [ 12326][17:59:53:706473][info  ] RTSpatialRefiner 0x776003d29930 (Used 0 MB), Evaluating 19 Geometry Pairs with Predicate Contains
[LIBGPUSPATIAL] [ 12329][17:59:53:706744][info  ] RTSpatialRefiner 0x776003d29930 (Used 0 MB), Loaded Geometries, ProbeArray 100000, Loaded 7, Type Point
[LIBGPUSPATIAL] [ 12329][17:59:53:706790][info  ] RTSpatialRefiner 0x776003d29930 (Used 0 MB), Evaluating 9 Geometry Pairs with Predicate Contains
[LIBGPUSPATIAL] [ 12325][17:59:53:707402][info  ] RTSpatialIndex 0x77600000ac10 (Used 1 MB), Allocate result buffer, memory consumption 0 MB, capacity 31
[LIBGPUSPATIAL] [ 12325][17:59:53:707642][info  ] RTSpatialIndex 0x77600000ac10 (Used 1 MB), Probe Points, Size: 100000, Results: 31
[LIBGPUSPATIAL] [ 12325][17:59:53:707959][info  ] RTSpatialRefiner 0x776003d29930 (Used 0 MB), Loaded Geometries, ProbeArray 100000, Loaded 24, Type Point
[LIBGPUSPATIAL] [ 12325][17:59:53:707996][info  ] RTSpatialRefiner 0x776003d29930 (Used 0 MB), Evaluating 31 Geometry Pairs with Predicate Contains
[LIBGPUSPATIAL] [ 12329][17:59:53:713491][info  ] RTSpatialIndex 0x77600000ac10 (Used 0 MB), Allocate result buffer, memory consumption 0 MB, capacity 8
[LIBGPUSPATIAL] [ 12329][17:59:53:713611][info  ] RTSpatialIndex 0x77600000ac10 (Used 0 MB), Probe Points, Size: 33333, Results: 8
[LIBGPUSPATIAL] [ 12329][17:59:53:713968][info  ] RTSpatialRefiner 0x776003d29930 (Used 0 MB), Loaded Geometries, ProbeArray 33333, Loaded 7, Type Point
[LIBGPUSPATIAL] [ 12329][17:59:53:714010][info  ] RTSpatialRefiner 0x776003d29930 (Used 0 MB), Evaluating 8 Geometry Pairs with Predicate Contains
[LIBGPUSPATIAL] [ 12325][17:59:53:719201][info  ] RTSpatialIndex 0x77600000ac10 (Used 1 MB), Allocate result buffer, memory consumption 0 MB, capacity 25
[LIBGPUSPATIAL] [ 12325][17:59:53:719327][info  ] RTSpatialIndex 0x77600000ac10 (Used 1 MB), Probe Points, Size: 100000, Results: 25
[LIBGPUSPATIAL] [ 12325][17:59:53:719663][info  ] RTSpatialRefiner 0x776003d29930 (Used 0 MB), Loaded Geometries, ProbeArray 100000, Loaded 15, Type Point
[LIBGPUSPATIAL] [ 12325][17:59:53:719740][info  ] RTSpatialRefiner 0x776003d29930 (Used 1 MB), Evaluating 25 Geometry Pairs with Predicate Contains
[LIBGPUSPATIAL] [ 12326][17:59:53:720087][info  ] RTSpatialIndex 0x77600000ac10 (Used 1 MB), Allocate result buffer, memory consumption 0 MB, capacity 15
[LIBGPUSPATIAL] [ 12326][17:59:53:720291][info  ] RTSpatialIndex 0x77600000ac10 (Used 1 MB), Probe Points, Size: 100000, Results: 15
[LIBGPUSPATIAL] [ 12326][17:59:53:720646][info  ] RTSpatialRefiner 0x776003d29930 (Used 0 MB), Loaded Geometries, ProbeArray 100000, Loaded 12, Type Point
[LIBGPUSPATIAL] [ 12326][17:59:53:720679][info  ] RTSpatialRefiner 0x776003d29930 (Used 0 MB), Evaluating 15 Geometry Pairs with Predicate Contains
[LIBGPUSPATIAL] [ 12325][17:59:53:731511][info  ] RTSpatialIndex 0x77600000ac10 (Used 2 MB), Allocate result buffer, memory consumption 0 MB, capacity 17
[LIBGPUSPATIAL] [ 12325][17:59:53:731694][info  ] RTSpatialIndex 0x77600000ac10 (Used 1 MB), Probe Points, Size: 100000, Results: 17
[LIBGPUSPATIAL] [ 12326][17:59:53:731765][info  ] RTSpatialIndex 0x77600000ac10 (Used 1 MB), Allocate result buffer, memory consumption 0 MB, capacity 28
[LIBGPUSPATIAL] [ 12326][17:59:53:732071][info  ] RTSpatialIndex 0x77600000ac10 (Used 1 MB), Probe Points, Size: 100000, Results: 28
[LIBGPUSPATIAL] [ 12325][17:59:53:732245][info  ] RTSpatialRefiner 0x776003d29930 (Used 0 MB), Loaded Geometries, ProbeArray 100000, Loaded 15, Type Point
[LIBGPUSPATIAL] [ 12325][17:59:53:732295][info  ] RTSpatialRefiner 0x776003d29930 (Used 0 MB), Evaluating 17 Geometry Pairs with Predicate Contains
[LIBGPUSPATIAL] [ 12326][17:59:53:732388][info  ] RTSpatialRefiner 0x776003d29930 (Used 0 MB), Loaded Geometries, ProbeArray 100000, Loaded 20, Type Point
[LIBGPUSPATIAL] [ 12326][17:59:53:732423][info  ] RTSpatialRefiner 0x776003d29930 (Used 0 MB), Evaluating 28 Geometry Pairs with Predicate Contains
[LIBGPUSPATIAL] [ 12326][17:59:53:736912][info  ] RTSpatialIndex 0x77600000ac10 (Used 0 MB), Allocate result buffer, memory consumption 0 MB, capacity 13
[LIBGPUSPATIAL] [ 12325][17:59:53:736952][info  ] RTSpatialIndex 0x77600000ac10 (Used 0 MB), Allocate result buffer, memory consumption 0 MB, capacity 8
[LIBGPUSPATIAL] [ 12326][17:59:53:737086][info  ] RTSpatialIndex 0x77600000ac10 (Used 0 MB), Probe Points, Size: 33333, Results: 13
[LIBGPUSPATIAL] [ 12325][17:59:53:737196][info  ] RTSpatialIndex 0x77600000ac10 (Used 0 MB), Probe Points, Size: 33333, Results: 8
[LIBGPUSPATIAL] [ 12326][17:59:53:737498][info  ] RTSpatialRefiner 0x776003d29930 (Used 0 MB), Loaded Geometries, ProbeArray 33333, Loaded 10, Type Point
[LIBGPUSPATIAL] [ 12325][17:59:53:737519][info  ] RTSpatialRefiner 0x776003d29930 (Used 0 MB), Loaded Geometries, ProbeArray 33333, Loaded 7, Type Point
[LIBGPUSPATIAL] [ 12326][17:59:53:737535][info  ] RTSpatialRefiner 0x776003d29930 (Used 0 MB), Evaluating 13 Geometry Pairs with Predicate Contains
[LIBGPUSPATIAL] [ 12325][17:59:53:737557][info  ] RTSpatialRefiner 0x776003d29930 (Used 0 MB), Evaluating 8 Geometry Pairs with Predicate Contains
2.99s (3 rows)

================================================================================
BENCHMARK SUMMARY
================================================================================
Query     sedonadb_gpu   
-------------------------
q6        2.99s          
-------------------------
Total     2.99s         

Results saved to results_mem_SF_10/sedonadb_gpu_q6_results.json
