Data paths:
  building: benchmark-data-sf10/building
  customer: benchmark-data-sf10/customer
  driver: benchmark-data-sf10/driver
  trip: benchmark-data-sf10/trip
  vehicle: benchmark-data-sf10/vehicle
  zone: benchmark-data-sf10/zone

============================================================
Running Sedonadb Gpu Benchmark
============================================================
Sedonadb Gpu version: 0.3.0
  Running q6... [LIBGPUSPATIAL] [ 13686][18:01:06:530220][info  ] Initializing GpuSpatialRuntime on device 0, PTX root /mnt/data/sedona-db/target/release/build/sedona-libgpuspatial-49614f8a870dbe66/out/share/gpuspatial/shaders
[LIBGPUSPATIAL] [ 13686][18:01:06:689581][info  ] Init Memory Manager
[LIBGPUSPATIAL] [ 13686][18:01:06:689751][info  ] Creating RMM pool memory resource with size 22511 MB
[LIBGPUSPATIAL] [ 13686][18:01:06:737752][info  ] Initialize RTEngine
[LIBGPUSPATIAL] [ 13686][18:01:06:866219][info  ] Create RTSpatialIndex 0x7046a800ac10, fast_build = 0, compact = 0, concurrency = 8
[LIBGPUSPATIAL] [ 13686][18:01:06:869042][info  ] Create RTSpatialRefiner 0x7046abd29cf0, fast_build = 0, compact = 0, parsing_threads = 8, concurrency = 8, pipeline_batches = 1, wkb_parser_memory_quota = 0.80, relate_engine_memory_quota = 0.09
[LIBGPUSPATIAL] [ 13686][18:01:06:877274][info  ] RTSpatialRefiner 0x7046abd29cf0 (Used 0 MB), FinishBuilding Refiner, Total geoms: 18
[LIBGPUSPATIAL] [ 13686][18:01:06:877307][info  ] RTSpatialIndex 0x7046a800ac10 (Used 0 MB), PushBuild, Rectangles 18
[LIBGPUSPATIAL] [ 13686][18:01:06:877623][info  ] RTSpatialIndex 0x7046a800ac10 (Used 0 MB), FinishBuilding Index on Rectangles, Total geoms: 18
[LIBGPUSPATIAL] [ 13690][18:01:06:921123][info  ] RTSpatialIndex 0x7046a800ac10 (Used 4 MB), Allocate result buffer, memory consumption 0 MB, capacity 19
[LIBGPUSPATIAL] [ 13685][18:01:06:921206][info  ] RTSpatialIndex 0x7046a800ac10 (Used 4 MB), Allocate result buffer, memory consumption 0 MB, capacity 16
[LIBGPUSPATIAL] [ 13688][18:01:06:921317][info  ] RTSpatialIndex 0x7046a800ac10 (Used 4 MB), Allocate result buffer, memory consumption 0 MB, capacity 28
[LIBGPUSPATIAL] [ 13690][18:01:06:921466][info  ] RTSpatialIndex 0x7046a800ac10 (Used 4 MB), Probe Points, Size: 100000, Results: 19
[LIBGPUSPATIAL] [ 13684][18:01:06:921514][info  ] RTSpatialIndex 0x7046a800ac10 (Used 3 MB), Allocate result buffer, memory consumption 0 MB, capacity 12
[LIBGPUSPATIAL] [ 13686][18:01:06:921660][info  ] RTSpatialIndex 0x7046a800ac10 (Used 3 MB), Allocate result buffer, memory consumption 0 MB, capacity 28
[LIBGPUSPATIAL] [ 13685][18:01:06:921816][info  ] RTSpatialIndex 0x7046a800ac10 (Used 3 MB), Probe Points, Size: 100000, Results: 16
[LIBGPUSPATIAL] [ 13686][18:01:06:922031][info  ] RTSpatialIndex 0x7046a800ac10 (Used 2 MB), Probe Points, Size: 100000, Results: 28
[LIBGPUSPATIAL] [ 13688][18:01:06:922358][info  ] RTSpatialIndex 0x7046a800ac10 (Used 1 MB), Probe Points, Size: 100000, Results: 28
[LIBGPUSPATIAL] [ 13684][18:01:06:922646][info  ] RTSpatialIndex 0x7046a800ac10 (Used 1 MB), Probe Points, Size: 100000, Results: 12
[LIBGPUSPATIAL] [ 13685][18:01:06:923155][info  ] RTSpatialRefiner 0x7046abd29cf0 (Used 0 MB), Loaded Geometries, ProbeArray 100000, Loaded 10, Type Point
[LIBGPUSPATIAL] [ 13685][18:01:06:923208][info  ] RTSpatialRefiner 0x7046abd29cf0 (Used 0 MB), Evaluating 16 Geometry Pairs with Predicate Contains
[LIBGPUSPATIAL] [ 13690][18:01:06:923257][info  ] RTSpatialRefiner 0x7046abd29cf0 (Used 0 MB), Loaded Geometries, ProbeArray 100000, Loaded 14, Type Point
[LIBGPUSPATIAL] [ 13690][18:01:06:923302][info  ] RTSpatialRefiner 0x7046abd29cf0 (Used 0 MB), Evaluating 19 Geometry Pairs with Predicate Contains
[LIBGPUSPATIAL] [ 13688][18:01:06:923393][info  ] RTSpatialRefiner 0x7046abd29cf0 (Used 0 MB), Loaded Geometries, ProbeArray 100000, Loaded 20, Type Point
[LIBGPUSPATIAL] [ 13684][18:01:06:923426][info  ] RTSpatialRefiner 0x7046abd29cf0 (Used 0 MB), Loaded Geometries, ProbeArray 100000, Loaded 9, Type Point
[LIBGPUSPATIAL] [ 13688][18:01:06:923430][info  ] RTSpatialRefiner 0x7046abd29cf0 (Used 0 MB), Evaluating 28 Geometry Pairs with Predicate Contains
[LIBGPUSPATIAL] [ 13686][18:01:06:923459][info  ] RTSpatialRefiner 0x7046abd29cf0 (Used 0 MB), Loaded Geometries, ProbeArray 100000, Loaded 21, Type Point
[LIBGPUSPATIAL] [ 13684][18:01:06:923464][info  ] RTSpatialRefiner 0x7046abd29cf0 (Used 0 MB), Evaluating 12 Geometry Pairs with Predicate Contains
[LIBGPUSPATIAL] [ 13686][18:01:06:923490][info  ] RTSpatialRefiner 0x7046abd29cf0 (Used 0 MB), Evaluating 28 Geometry Pairs with Predicate Contains
[LIBGPUSPATIAL] [ 13687][18:01:06:947512][info  ] RTSpatialIndex 0x7046a800ac10 (Used 2 MB), Allocate result buffer, memory consumption 0 MB, capacity 17
[LIBGPUSPATIAL] [ 13683][18:01:06:947885][info  ] RTSpatialIndex 0x7046a800ac10 (Used 2 MB), Allocate result buffer, memory consumption 0 MB, capacity 25
[LIBGPUSPATIAL] [ 13689][18:01:06:948283][info  ] RTSpatialIndex 0x7046a800ac10 (Used 2 MB), Allocate result buffer, memory consumption 0 MB, capacity 27
[LIBGPUSPATIAL] [ 13687][18:01:06:948729][info  ] RTSpatialIndex 0x7046a800ac10 (Used 2 MB), Probe Points, Size: 100000, Results: 17
[LIBGPUSPATIAL] [ 13683][18:01:06:948952][info  ] RTSpatialIndex 0x7046a800ac10 (Used 2 MB), Probe Points, Size: 100000, Results: 25
[LIBGPUSPATIAL] [ 13687][18:01:06:949746][info  ] RTSpatialRefiner 0x7046abd29cf0 (Used 1 MB), Loaded Geometries, ProbeArray 100000, Loaded 13, Type Point
[LIBGPUSPATIAL] [ 13683][18:01:06:949748][info  ] RTSpatialRefiner 0x7046abd29cf0 (Used 1 MB), Loaded Geometries, ProbeArray 100000, Loaded 18, Type Point
[LIBGPUSPATIAL] [ 13687][18:01:06:949853][info  ] RTSpatialRefiner 0x7046abd29cf0 (Used 1 MB), Evaluating 17 Geometry Pairs with Predicate Contains
[LIBGPUSPATIAL] [ 13689][18:01:06:949860][info  ] RTSpatialIndex 0x7046a800ac10 (Used 1 MB), Probe Points, Size: 100000, Results: 27
[LIBGPUSPATIAL] [ 13683][18:01:06:949887][info  ] RTSpatialRefiner 0x7046abd29cf0 (Used 1 MB), Evaluating 25 Geometry Pairs with Predicate Contains
[LIBGPUSPATIAL] [ 13689][18:01:06:951277][info  ] RTSpatialRefiner 0x7046abd29cf0 (Used 0 MB), Loaded Geometries, ProbeArray 100000, Loaded 19, Type Point
[LIBGPUSPATIAL] [ 13689][18:01:06:951330][info  ] RTSpatialRefiner 0x7046abd29cf0 (Used 0 MB), Evaluating 27 Geometry Pairs with Predicate Contains
[LIBGPUSPATIAL] [ 13686][18:01:06:969630][info  ] RTSpatialIndex 0x7046a800ac10 (Used 1 MB), Allocate result buffer, memory consumption 0 MB, capacity 22
[LIBGPUSPATIAL] [ 13686][18:01:06:969798][info  ] RTSpatialIndex 0x7046a800ac10 (Used 2 MB), Probe Points, Size: 100000, Results: 22
[LIBGPUSPATIAL] [ 13684][18:01:06:970351][info  ] RTSpatialIndex 0x7046a800ac10 (Used 1 MB), Allocate result buffer, memory consumption 0 MB, capacity 20
[LIBGPUSPATIAL] [ 13684][18:01:06:970518][info  ] RTSpatialIndex 0x7046a800ac10 (Used 1 MB), Probe Points, Size: 100000, Results: 20
[LIBGPUSPATIAL] [ 13686][18:01:06:970881][info  ] RTSpatialRefiner 0x7046abd29cf0 (Used 0 MB), Loaded Geometries, ProbeArray 100000, Loaded 14, Type Point
[LIBGPUSPATIAL] [ 13686][18:01:06:970923][info  ] RTSpatialRefiner 0x7046abd29cf0 (Used 0 MB), Evaluating 22 Geometry Pairs with Predicate Contains
[LIBGPUSPATIAL] [ 13684][18:01:06:972870][info  ] RTSpatialRefiner 0x7046abd29cf0 (Used 1 MB), Loaded Geometries, ProbeArray 100000, Loaded 15, Type Point
[LIBGPUSPATIAL] [ 13684][18:01:06:972922][info  ] RTSpatialRefiner 0x7046abd29cf0 (Used 1 MB), Evaluating 20 Geometry Pairs with Predicate Contains
[LIBGPUSPATIAL] [ 13683][18:01:06:973307][info  ] RTSpatialIndex 0x7046a800ac10 (Used 3 MB), Allocate result buffer, memory consumption 0 MB, capacity 25
[LIBGPUSPATIAL] [ 13685][18:01:06:973617][info  ] RTSpatialIndex 0x7046a800ac10 (Used 2 MB), Allocate result buffer, memory consumption 0 MB, capacity 18
[LIBGPUSPATIAL] [ 13683][18:01:06:973921][info  ] RTSpatialIndex 0x7046a800ac10 (Used 4 MB), Probe Points, Size: 100000, Results: 25
[LIBGPUSPATIAL] [ 13688][18:01:06:974100][info  ] RTSpatialIndex 0x7046a800ac10 (Used 3 MB), Allocate result buffer, memory consumption 0 MB, capacity 29
[LIBGPUSPATIAL] [ 13685][18:01:06:974479][info  ] RTSpatialIndex 0x7046a800ac10 (Used 4 MB), Probe Points, Size: 100000, Results: 18
[LIBGPUSPATIAL] [ 13683][18:01:06:974854][info  ] RTSpatialRefiner 0x7046abd29cf0 (Used 2 MB), Loaded Geometries, ProbeArray 100000, Loaded 21, Type Point
[LIBGPUSPATIAL] [ 13683][18:01:06:974897][info  ] RTSpatialRefiner 0x7046abd29cf0 (Used 2 MB), Evaluating 25 Geometry Pairs with Predicate Contains
[LIBGPUSPATIAL] [ 13688][18:01:06:975070][info  ] RTSpatialIndex 0x7046a800ac10 (Used 2 MB), Probe Points, Size: 100000, Results: 29
[LIBGPUSPATIAL] [ 13690][18:01:06:975187][info  ] RTSpatialIndex 0x7046a800ac10 (Used 3 MB), Allocate result buffer, memory consumption 0 MB, capacity 18
[LIBGPUSPATIAL] [ 13685][18:01:06:975482][info  ] RTSpatialRefiner 0x7046abd29cf0 (Used 3 MB), Loaded Geometries, ProbeArray 100000, Loaded 14, Type Point
[LIBGPUSPATIAL] [ 13685][18:01:06:975636][info  ] RTSpatialRefiner 0x7046abd29cf0 (Used 2 MB), Evaluating 18 Geometry Pairs with Predicate Contains
[LIBGPUSPATIAL] [ 13689][18:01:06:975755][info  ] RTSpatialIndex 0x7046a800ac10 (Used 2 MB), Allocate result buffer, memory consumption 0 MB, capacity 15
[LIBGPUSPATIAL] [ 13688][18:01:06:976015][info  ] RTSpatialRefiner 0x7046abd29cf0 (Used 2 MB), Loaded Geometries, ProbeArray 100000, Loaded 20, Type Point
[LIBGPUSPATIAL] [ 13688][18:01:06:976064][info  ] RTSpatialRefiner 0x7046abd29cf0 (Used 2 MB), Evaluating 29 Geometry Pairs with Predicate Contains
[LIBGPUSPATIAL] [ 13690][18:01:06:976252][info  ] RTSpatialIndex 0x7046a800ac10 (Used 2 MB), Probe Points, Size: 100000, Results: 18
[LIBGPUSPATIAL] [ 13687][18:01:06:976371][info  ] RTSpatialIndex 0x7046a800ac10 (Used 1 MB), Allocate result buffer, memory consumption 0 MB, capacity 29
[LIBGPUSPATIAL] [ 13689][18:01:06:976764][info  ] RTSpatialIndex 0x7046a800ac10 (Used 2 MB), Probe Points, Size: 100000, Results: 15
[LIBGPUSPATIAL] [ 13687][18:01:06:977176][info  ] RTSpatialIndex 0x7046a800ac10 (Used 1 MB), Probe Points, Size: 100000, Results: 29
[LIBGPUSPATIAL] [ 13690][18:01:06:977211][info  ] RTSpatialRefiner 0x7046abd29cf0 (Used 0 MB), Loaded Geometries, ProbeArray 100000, Loaded 13, Type Point
[LIBGPUSPATIAL] [ 13690][18:01:06:977359][info  ] RTSpatialRefiner 0x7046abd29cf0 (Used 0 MB), Evaluating 18 Geometry Pairs with Predicate Contains
[LIBGPUSPATIAL] [ 13689][18:01:06:977654][info  ] RTSpatialRefiner 0x7046abd29cf0 (Used 0 MB), Loaded Geometries, ProbeArray 100000, Loaded 13, Type Point
[LIBGPUSPATIAL] [ 13689][18:01:06:977716][info  ] RTSpatialRefiner 0x7046abd29cf0 (Used 0 MB), Evaluating 15 Geometry Pairs with Predicate Contains
[LIBGPUSPATIAL] [ 13687][18:01:06:978024][info  ] RTSpatialRefiner 0x7046abd29cf0 (Used 0 MB), Loaded Geometries, ProbeArray 100000, Loaded 23, Type Point
[LIBGPUSPATIAL] [ 13687][18:01:06:978070][info  ] RTSpatialRefiner 0x7046abd29cf0 (Used 0 MB), Evaluating 29 Geometry Pairs with Predicate Contains
[LIBGPUSPATIAL] [ 13686][18:01:06:989759][info  ] RTSpatialIndex 0x7046a800ac10 (Used 1 MB), Allocate result buffer, memory consumption 0 MB, capacity 28
[LIBGPUSPATIAL] [ 13686][18:01:06:990020][info  ] RTSpatialIndex 0x7046a800ac10 (Used 1 MB), Probe Points, Size: 100000, Results: 28
[LIBGPUSPATIAL] [ 13684][18:01:06:990993][info  ] RTSpatialIndex 0x7046a800ac10 (Used 1 MB), Allocate result buffer, memory consumption 0 MB, capacity 23
[LIBGPUSPATIAL] [ 13684][18:01:06:991171][info  ] RTSpatialIndex 0x7046a800ac10 (Used 1 MB), Probe Points, Size: 100000, Results: 23
[LIBGPUSPATIAL] [ 13686][18:01:06:992084][info  ] RTSpatialRefiner 0x7046abd29cf0 (Used 0 MB), Loaded Geometries, ProbeArray 100000, Loaded 20, Type Point
[LIBGPUSPATIAL] [ 13686][18:01:06:992131][info  ] RTSpatialRefiner 0x7046abd29cf0 (Used 0 MB), Evaluating 28 Geometry Pairs with Predicate Contains
[LIBGPUSPATIAL] [ 13685][18:01:06:994508][info  ] RTSpatialIndex 0x7046a800ac10 (Used 1 MB), Allocate result buffer, memory consumption 0 MB, capacity 8
[LIBGPUSPATIAL] [ 13685][18:01:06:994904][info  ] RTSpatialIndex 0x7046a800ac10 (Used 3 MB), Probe Points, Size: 100000, Results: 8
[LIBGPUSPATIAL] [ 13683][18:01:06:995271][info  ] RTSpatialIndex 0x7046a800ac10 (Used 1 MB), Allocate result buffer, memory consumption 0 MB, capacity 16
[LIBGPUSPATIAL] [ 13689][18:01:06:995468][info  ] RTSpatialIndex 0x7046a800ac10 (Used 3 MB), Allocate result buffer, memory consumption 0 MB, capacity 14
[LIBGPUSPATIAL] [ 13684][18:01:06:995787][info  ] RTSpatialRefiner 0x7046abd29cf0 (Used 3 MB), Loaded Geometries, ProbeArray 100000, Loaded 19, Type Point
[LIBGPUSPATIAL] [ 13684][18:01:06:995908][info  ] RTSpatialRefiner 0x7046abd29cf0 (Used 2 MB), Evaluating 23 Geometry Pairs with Predicate Contains
[LIBGPUSPATIAL] [ 13685][18:01:06:995921][info  ] RTSpatialRefiner 0x7046abd29cf0 (Used 2 MB), Loaded Geometries, ProbeArray 100000, Loaded 6, Type Point
[LIBGPUSPATIAL] [ 13685][18:01:06:995959][info  ] RTSpatialRefiner 0x7046abd29cf0 (Used 2 MB), Evaluating 8 Geometry Pairs with Predicate Contains
[LIBGPUSPATIAL] [ 13683][18:01:06:996327][info  ] RTSpatialIndex 0x7046a800ac10 (Used 2 MB), Probe Points, Size: 100000, Results: 16
[LIBGPUSPATIAL] [ 13683][18:01:06:996825][info  ] RTSpatialRefiner 0x7046abd29cf0 (Used 4 MB), Loaded Geometries, ProbeArray 100000, Loaded 13, Type Point
[LIBGPUSPATIAL] [ 13683][18:01:06:996902][info  ] RTSpatialRefiner 0x7046abd29cf0 (Used 4 MB), Evaluating 16 Geometry Pairs with Predicate Contains
[LIBGPUSPATIAL] [ 13690][18:01:06:997086][info  ] RTSpatialIndex 0x7046a800ac10 (Used 4 MB), Allocate result buffer, memory consumption 0 MB, capacity 18
[LIBGPUSPATIAL] [ 13689][18:01:06:997446][info  ] RTSpatialIndex 0x7046a800ac10 (Used 3 MB), Probe Points, Size: 100000, Results: 14
[LIBGPUSPATIAL] [ 13688][18:01:06:997971][info  ] RTSpatialIndex 0x7046a800ac10 (Used 2 MB), Allocate result buffer, memory consumption 0 MB, capacity 23
[LIBGPUSPATIAL] [ 13689][18:01:06:998046][info  ] RTSpatialRefiner 0x7046abd29cf0 (Used 2 MB), Loaded Geometries, ProbeArray 100000, Loaded 13, Type Point
[LIBGPUSPATIAL] [ 13687][18:01:06:998182][info  ] RTSpatialIndex 0x7046a800ac10 (Used 2 MB), Allocate result buffer, memory consumption 0 MB, capacity 20
[LIBGPUSPATIAL] [ 13689][18:01:06:998187][info  ] RTSpatialRefiner 0x7046abd29cf0 (Used 2 MB), Evaluating 14 Geometry Pairs with Predicate Contains
[LIBGPUSPATIAL] [ 13688][18:01:06:998383][info  ] RTSpatialIndex 0x7046a800ac10 (Used 2 MB), Probe Points, Size: 100000, Results: 23
[LIBGPUSPATIAL] [ 13690][18:01:06:998884][info  ] RTSpatialIndex 0x7046a800ac10 (Used 1 MB), Probe Points, Size: 100000, Results: 18
[LIBGPUSPATIAL] [ 13688][18:01:06:999107][info  ] RTSpatialRefiner 0x7046abd29cf0 (Used 1 MB), Loaded Geometries, ProbeArray 100000, Loaded 18, Type Point
[LIBGPUSPATIAL] [ 13688][18:01:06:999156][info  ] RTSpatialRefiner 0x7046abd29cf0 (Used 1 MB), Evaluating 23 Geometry Pairs with Predicate Contains
[LIBGPUSPATIAL] [ 13687][18:01:06:999187][info  ] RTSpatialIndex 0x7046a800ac10 (Used 1 MB), Probe Points, Size: 100000, Results: 20
[LIBGPUSPATIAL] [ 13690][18:01:07:003129][info  ] RTSpatialRefiner 0x7046abd29cf0 (Used 0 MB), Loaded Geometries, ProbeArray 100000, Loaded 16, Type Point
[LIBGPUSPATIAL] [ 13687][18:01:07:003131][info  ] RTSpatialRefiner 0x7046abd29cf0 (Used 0 MB), Loaded Geometries, ProbeArray 100000, Loaded 15, Type Point
[LIBGPUSPATIAL] [ 13690][18:01:07:003204][info  ] RTSpatialRefiner 0x7046abd29cf0 (Used 0 MB), Evaluating 18 Geometry Pairs with Predicate Contains
[LIBGPUSPATIAL] [ 13687][18:01:07:003229][info  ] RTSpatialRefiner 0x7046abd29cf0 (Used 0 MB), Evaluating 20 Geometry Pairs with Predicate Contains
[LIBGPUSPATIAL] [ 13686][18:01:07:009457][info  ] RTSpatialIndex 0x7046a800ac10 (Used 1 MB), Allocate result buffer, memory consumption 0 MB, capacity 21
[LIBGPUSPATIAL] [ 13686][18:01:07:009623][info  ] RTSpatialIndex 0x7046a800ac10 (Used 1 MB), Probe Points, Size: 100000, Results: 21
[LIBGPUSPATIAL] [ 13686][18:01:07:010005][info  ] RTSpatialRefiner 0x7046abd29cf0 (Used 0 MB), Loaded Geometries, ProbeArray 100000, Loaded 15, Type Point
[LIBGPUSPATIAL] [ 13686][18:01:07:010050][info  ] RTSpatialRefiner 0x7046abd29cf0 (Used 0 MB), Evaluating 21 Geometry Pairs with Predicate Contains
[LIBGPUSPATIAL] [ 13684][18:01:07:015217][info  ] RTSpatialIndex 0x7046a800ac10 (Used 1 MB), Allocate result buffer, memory consumption 0 MB, capacity 31
[LIBGPUSPATIAL] [ 13684][18:01:07:015364][info  ] RTSpatialIndex 0x7046a800ac10 (Used 1 MB), Probe Points, Size: 100000, Results: 31
[LIBGPUSPATIAL] [ 13684][18:01:07:015883][info  ] RTSpatialRefiner 0x7046abd29cf0 (Used 0 MB), Loaded Geometries, ProbeArray 100000, Loaded 19, Type Point
[LIBGPUSPATIAL] [ 13684][18:01:07:016067][info  ] RTSpatialRefiner 0x7046abd29cf0 (Used 1 MB), Evaluating 31 Geometry Pairs with Predicate Contains
[LIBGPUSPATIAL] [ 13685][18:01:07:016609][info  ] RTSpatialIndex 0x7046a800ac10 (Used 1 MB), Allocate result buffer, memory consumption 0 MB, capacity 30
[LIBGPUSPATIAL] [ 13685][18:01:07:017682][info  ] RTSpatialIndex 0x7046a800ac10 (Used 3 MB), Probe Points, Size: 100000, Results: 30
[LIBGPUSPATIAL] [ 13683][18:01:07:017883][info  ] RTSpatialIndex 0x7046a800ac10 (Used 2 MB), Allocate result buffer, memory consumption 0 MB, capacity 17
[LIBGPUSPATIAL] [ 13689][18:01:07:018030][info  ] RTSpatialIndex 0x7046a800ac10 (Used 2 MB), Allocate result buffer, memory consumption 0 MB, capacity 27
[LIBGPUSPATIAL] [ 13688][18:01:07:018261][info  ] RTSpatialIndex 0x7046a800ac10 (Used 2 MB), Allocate result buffer, memory consumption 0 MB, capacity 15
[LIBGPUSPATIAL] [ 13685][18:01:07:018500][info  ] RTSpatialRefiner 0x7046abd29cf0 (Used 2 MB), Loaded Geometries, ProbeArray 100000, Loaded 21, Type Point
[LIBGPUSPATIAL] [ 13685][18:01:07:018685][info  ] RTSpatialRefiner 0x7046abd29cf0 (Used 2 MB), Evaluating 30 Geometry Pairs with Predicate Contains
[LIBGPUSPATIAL] [ 13683][18:01:07:018735][info  ] RTSpatialIndex 0x7046a800ac10 (Used 2 MB), Probe Points, Size: 100000, Results: 17
[LIBGPUSPATIAL] [ 13689][18:01:07:018894][info  ] RTSpatialIndex 0x7046a800ac10 (Used 1 MB), Probe Points, Size: 100000, Results: 27
[LIBGPUSPATIAL] [ 13688][18:01:07:019054][info  ] RTSpatialIndex 0x7046a800ac10 (Used 1 MB), Probe Points, Size: 100000, Results: 15
[LIBGPUSPATIAL] [ 13688][18:01:07:019545][info  ] RTSpatialRefiner 0x7046abd29cf0 (Used 0 MB), Loaded Geometries, ProbeArray 100000, Loaded 12, Type Point
[LIBGPUSPATIAL] [ 13688][18:01:07:019578][info  ] RTSpatialRefiner 0x7046abd29cf0 (Used 0 MB), Evaluating 15 Geometry Pairs with Predicate Contains
[LIBGPUSPATIAL] [ 13683][18:01:07:020174][info  ] RTSpatialRefiner 0x7046abd29cf0 (Used 0 MB), Loaded Geometries, ProbeArray 100000, Loaded 13, Type Point
[LIBGPUSPATIAL] [ 13683][18:01:07:020220][info  ] RTSpatialRefiner 0x7046abd29cf0 (Used 0 MB), Evaluating 17 Geometry Pairs with Predicate Contains
[LIBGPUSPATIAL] [ 13687][18:01:07:023028][info  ] RTSpatialIndex 0x7046a800ac10 (Used 1 MB), Allocate result buffer, memory consumption 0 MB, capacity 27
[LIBGPUSPATIAL] [ 13687][18:01:07:023629][info  ] RTSpatialIndex 0x7046a800ac10 (Used 1 MB), Probe Points, Size: 100000, Results: 27
[LIBGPUSPATIAL] [ 13690][18:01:07:023692][info  ] RTSpatialIndex 0x7046a800ac10 (Used 1 MB), Allocate result buffer, memory consumption 0 MB, capacity 18
[LIBGPUSPATIAL] [ 13690][18:01:07:024174][info  ] RTSpatialIndex 0x7046a800ac10 (Used 1 MB), Probe Points, Size: 100000, Results: 18
[LIBGPUSPATIAL] [ 13687][18:01:07:024387][info  ] RTSpatialRefiner 0x7046abd29cf0 (Used 0 MB), Loaded Geometries, ProbeArray 100000, Loaded 21, Type Point
[LIBGPUSPATIAL] [ 13687][18:01:07:024442][info  ] RTSpatialRefiner 0x7046abd29cf0 (Used 0 MB), Evaluating 27 Geometry Pairs with Predicate Contains
[LIBGPUSPATIAL] [ 13689][18:01:07:024768][info  ] RTSpatialRefiner 0x7046abd29cf0 (Used 0 MB), Loaded Geometries, ProbeArray 100000, Loaded 21, Type Point
[LIBGPUSPATIAL] [ 13689][18:01:07:024832][info  ] RTSpatialRefiner 0x7046abd29cf0 (Used 0 MB), Evaluating 27 Geometry Pairs with Predicate Contains
[LIBGPUSPATIAL] [ 13690][18:01:07:025289][info  ] RTSpatialRefiner 0x7046abd29cf0 (Used 0 MB), Loaded Geometries, ProbeArray 100000, Loaded 12, Type Point
[LIBGPUSPATIAL] [ 13690][18:01:07:025343][info  ] RTSpatialRefiner 0x7046abd29cf0 (Used 0 MB), Evaluating 18 Geometry Pairs with Predicate Contains
[LIBGPUSPATIAL] [ 13686][18:01:07:026440][info  ] RTSpatialIndex 0x7046a800ac10 (Used 1 MB), Allocate result buffer, memory consumption 0 MB, capacity 15
[LIBGPUSPATIAL] [ 13686][18:01:07:026597][info  ] RTSpatialIndex 0x7046a800ac10 (Used 1 MB), Probe Points, Size: 100000, Results: 15
[LIBGPUSPATIAL] [ 13686][18:01:07:027008][info  ] RTSpatialRefiner 0x7046abd29cf0 (Used 0 MB), Loaded Geometries, ProbeArray 100000, Loaded 11, Type Point
[LIBGPUSPATIAL] [ 13686][18:01:07:027057][info  ] RTSpatialRefiner 0x7046abd29cf0 (Used 0 MB), Evaluating 15 Geometry Pairs with Predicate Contains
[LIBGPUSPATIAL] [ 13684][18:01:07:034960][info  ] RTSpatialIndex 0x7046a800ac10 (Used 1 MB), Allocate result buffer, memory consumption 0 MB, capacity 17
[LIBGPUSPATIAL] [ 13684][18:01:07:035099][info  ] RTSpatialIndex 0x7046a800ac10 (Used 1 MB), Probe Points, Size: 100000, Results: 17
[LIBGPUSPATIAL] [ 13684][18:01:07:035482][info  ] RTSpatialRefiner 0x7046abd29cf0 (Used 0 MB), Loaded Geometries, ProbeArray 100000, Loaded 12, Type Point
[LIBGPUSPATIAL] [ 13684][18:01:07:035525][info  ] RTSpatialRefiner 0x7046abd29cf0 (Used 0 MB), Evaluating 17 Geometry Pairs with Predicate Contains
[LIBGPUSPATIAL] [ 13688][18:01:07:036370][info  ] RTSpatialIndex 0x7046a800ac10 (Used 1 MB), Allocate result buffer, memory consumption 0 MB, capacity 18
[LIBGPUSPATIAL] [ 13688][18:01:07:036510][info  ] RTSpatialIndex 0x7046a800ac10 (Used 1 MB), Probe Points, Size: 100000, Results: 18
[LIBGPUSPATIAL] [ 13685][18:01:07:037765][info  ] RTSpatialIndex 0x7046a800ac10 (Used 1 MB), Allocate result buffer, memory consumption 0 MB, capacity 32
[LIBGPUSPATIAL] [ 13685][18:01:07:037920][info  ] RTSpatialIndex 0x7046a800ac10 (Used 1 MB), Probe Points, Size: 100000, Results: 32
[LIBGPUSPATIAL] [ 13688][18:01:07:038250][info  ] RTSpatialRefiner 0x7046abd29cf0 (Used 0 MB), Loaded Geometries, ProbeArray 100000, Loaded 16, Type Point
[LIBGPUSPATIAL] [ 13688][18:01:07:038292][info  ] RTSpatialRefiner 0x7046abd29cf0 (Used 0 MB), Evaluating 18 Geometry Pairs with Predicate Contains
[LIBGPUSPATIAL] [ 13685][18:01:07:038366][info  ] RTSpatialRefiner 0x7046abd29cf0 (Used 0 MB), Loaded Geometries, ProbeArray 100000, Loaded 25, Type Point
[LIBGPUSPATIAL] [ 13685][18:01:07:038409][info  ] RTSpatialRefiner 0x7046abd29cf0 (Used 0 MB), Evaluating 32 Geometry Pairs with Predicate Contains
[LIBGPUSPATIAL] [ 13683][18:01:07:039303][info  ] RTSpatialIndex 0x7046a800ac10 (Used 1 MB), Allocate result buffer, memory consumption 0 MB, capacity 21
[LIBGPUSPATIAL] [ 13683][18:01:07:039676][info  ] RTSpatialIndex 0x7046a800ac10 (Used 1 MB), Probe Points, Size: 100000, Results: 21
[LIBGPUSPATIAL] [ 13683][18:01:07:040682][info  ] RTSpatialRefiner 0x7046abd29cf0 (Used 0 MB), Loaded Geometries, ProbeArray 100000, Loaded 16, Type Point
[LIBGPUSPATIAL] [ 13683][18:01:07:040724][info  ] RTSpatialRefiner 0x7046abd29cf0 (Used 0 MB), Evaluating 21 Geometry Pairs with Predicate Contains
[LIBGPUSPATIAL] [ 13689][18:01:07:043205][info  ] RTSpatialIndex 0x7046a800ac10 (Used 3 MB), Allocate result buffer, memory consumption 0 MB, capacity 10
[LIBGPUSPATIAL] [ 13687][18:01:07:043256][info  ] RTSpatialIndex 0x7046a800ac10 (Used 3 MB), Allocate result buffer, memory consumption 0 MB, capacity 21
[LIBGPUSPATIAL] [ 13689][18:01:07:043896][info  ] RTSpatialIndex 0x7046a800ac10 (Used 3 MB), Probe Points, Size: 100000, Results: 10
[LIBGPUSPATIAL] [ 13686][18:01:07:043982][info  ] RTSpatialIndex 0x7046a800ac10 (Used 2 MB), Allocate result buffer, memory consumption 0 MB, capacity 27
[LIBGPUSPATIAL] [ 13686][18:01:07:044134][info  ] RTSpatialIndex 0x7046a800ac10 (Used 2 MB), Probe Points, Size: 100000, Results: 27
[LIBGPUSPATIAL] [ 13689][18:01:07:044303][info  ] RTSpatialRefiner 0x7046abd29cf0 (Used 1 MB), Loaded Geometries, ProbeArray 100000, Loaded 9, Type Point
[LIBGPUSPATIAL] [ 13687][18:01:07:044342][info  ] RTSpatialIndex 0x7046a800ac10 (Used 1 MB), Probe Points, Size: 100000, Results: 21
[LIBGPUSPATIAL] [ 13690][18:01:07:044416][info  ] RTSpatialIndex 0x7046a800ac10 (Used 1 MB), Allocate result buffer, memory consumption 0 MB, capacity 24
[LIBGPUSPATIAL] [ 13689][18:01:07:044510][info  ] RTSpatialRefiner 0x7046abd29cf0 (Used 1 MB), Evaluating 10 Geometry Pairs with Predicate Contains
[LIBGPUSPATIAL] [ 13690][18:01:07:044596][info  ] RTSpatialIndex 0x7046a800ac10 (Used 1 MB), Probe Points, Size: 100000, Results: 24
[LIBGPUSPATIAL] [ 13687][18:01:07:045043][info  ] RTSpatialRefiner 0x7046abd29cf0 (Used 0 MB), Loaded Geometries, ProbeArray 100000, Loaded 17, Type Point
[LIBGPUSPATIAL] [ 13686][18:01:07:045066][info  ] RTSpatialRefiner 0x7046abd29cf0 (Used 0 MB), Loaded Geometries, ProbeArray 100000, Loaded 19, Type Point
[LIBGPUSPATIAL] [ 13687][18:01:07:045099][info  ] RTSpatialRefiner 0x7046abd29cf0 (Used 0 MB), Evaluating 21 Geometry Pairs with Predicate Contains
[LIBGPUSPATIAL] [ 13686][18:01:07:045106][info  ] RTSpatialRefiner 0x7046abd29cf0 (Used 0 MB), Evaluating 27 Geometry Pairs with Predicate Contains
[LIBGPUSPATIAL] [ 13690][18:01:07:047955][info  ] RTSpatialRefiner 0x7046abd29cf0 (Used 0 MB), Loaded Geometries, ProbeArray 100000, Loaded 19, Type Point
[LIBGPUSPATIAL] [ 13690][18:01:07:048002][info  ] RTSpatialRefiner 0x7046abd29cf0 (Used 0 MB), Evaluating 24 Geometry Pairs with Predicate Contains
[LIBGPUSPATIAL] [ 13684][18:01:07:052353][info  ] RTSpatialIndex 0x7046a800ac10 (Used 1 MB), Allocate result buffer, memory consumption 0 MB, capacity 8
[LIBGPUSPATIAL] [ 13684][18:01:07:052500][info  ] RTSpatialIndex 0x7046a800ac10 (Used 1 MB), Probe Points, Size: 100000, Results: 8
[LIBGPUSPATIAL] [ 13684][18:01:07:052942][info  ] RTSpatialRefiner 0x7046abd29cf0 (Used 0 MB), Loaded Geometries, ProbeArray 100000, Loaded 7, Type Point
[LIBGPUSPATIAL] [ 13684][18:01:07:052983][info  ] RTSpatialRefiner 0x7046abd29cf0 (Used 0 MB), Evaluating 8 Geometry Pairs with Predicate Contains
[LIBGPUSPATIAL] [ 13688][18:01:07:055995][info  ] RTSpatialIndex 0x7046a800ac10 (Used 1 MB), Allocate result buffer, memory consumption 0 MB, capacity 26
[LIBGPUSPATIAL] [ 13688][18:01:07:056152][info  ] RTSpatialIndex 0x7046a800ac10 (Used 1 MB), Probe Points, Size: 100000, Results: 26
[LIBGPUSPATIAL] [ 13685][18:01:07:056531][info  ] RTSpatialIndex 0x7046a800ac10 (Used 1 MB), Allocate result buffer, memory consumption 0 MB, capacity 26
[LIBGPUSPATIAL] [ 13685][18:01:07:056689][info  ] RTSpatialIndex 0x7046a800ac10 (Used 1 MB), Probe Points, Size: 100000, Results: 26
[LIBGPUSPATIAL] [ 13688][18:01:07:056768][info  ] RTSpatialRefiner 0x7046abd29cf0 (Used 0 MB), Loaded Geometries, ProbeArray 100000, Loaded 20, Type Point
[LIBGPUSPATIAL] [ 13688][18:01:07:056807][info  ] RTSpatialRefiner 0x7046abd29cf0 (Used 0 MB), Evaluating 26 Geometry Pairs with Predicate Contains
[LIBGPUSPATIAL] [ 13685][18:01:07:057170][info  ] RTSpatialRefiner 0x7046abd29cf0 (Used 0 MB), Loaded Geometries, ProbeArray 100000, Loaded 21, Type Point
[LIBGPUSPATIAL] [ 13685][18:01:07:057213][info  ] RTSpatialRefiner 0x7046abd29cf0 (Used 0 MB), Evaluating 26 Geometry Pairs with Predicate Contains
[LIBGPUSPATIAL] [ 13683][18:01:07:058468][info  ] RTSpatialIndex 0x7046a800ac10 (Used 1 MB), Allocate result buffer, memory consumption 0 MB, capacity 31
[LIBGPUSPATIAL] [ 13683][18:01:07:058594][info  ] RTSpatialIndex 0x7046a800ac10 (Used 1 MB), Probe Points, Size: 100000, Results: 31
[LIBGPUSPATIAL] [ 13683][18:01:07:058990][info  ] RTSpatialRefiner 0x7046abd29cf0 (Used 0 MB), Loaded Geometries, ProbeArray 100000, Loaded 23, Type Point
[LIBGPUSPATIAL] [ 13683][18:01:07:059034][info  ] RTSpatialRefiner 0x7046abd29cf0 (Used 0 MB), Evaluating 31 Geometry Pairs with Predicate Contains
[LIBGPUSPATIAL] [ 13686][18:01:07:062787][info  ] RTSpatialIndex 0x7046a800ac10 (Used 1 MB), Allocate result buffer, memory consumption 0 MB, capacity 21
[LIBGPUSPATIAL] [ 13686][18:01:07:062934][info  ] RTSpatialIndex 0x7046a800ac10 (Used 1 MB), Probe Points, Size: 100000, Results: 21
[LIBGPUSPATIAL] [ 13686][18:01:07:064187][info  ] RTSpatialRefiner 0x7046abd29cf0 (Used 0 MB), Loaded Geometries, ProbeArray 100000, Loaded 16, Type Point
[LIBGPUSPATIAL] [ 13686][18:01:07:064248][info  ] RTSpatialRefiner 0x7046abd29cf0 (Used 0 MB), Evaluating 21 Geometry Pairs with Predicate Contains
[LIBGPUSPATIAL] [ 13687][18:01:07:065801][info  ] RTSpatialIndex 0x7046a800ac10 (Used 1 MB), Allocate result buffer, memory consumption 0 MB, capacity 23
[LIBGPUSPATIAL] [ 13689][18:01:07:065859][info  ] RTSpatialIndex 0x7046a800ac10 (Used 1 MB), Allocate result buffer, memory consumption 0 MB, capacity 31
[LIBGPUSPATIAL] [ 13687][18:01:07:066017][info  ] RTSpatialIndex 0x7046a800ac10 (Used 1 MB), Probe Points, Size: 100000, Results: 23
[LIBGPUSPATIAL] [ 13689][18:01:07:066073][info  ] RTSpatialIndex 0x7046a800ac10 (Used 1 MB), Probe Points, Size: 100000, Results: 31
[LIBGPUSPATIAL] [ 13689][18:01:07:066537][info  ] RTSpatialRefiner 0x7046abd29cf0 (Used 0 MB), Loaded Geometries, ProbeArray 100000, Loaded 23, Type Point
[LIBGPUSPATIAL] [ 13689][18:01:07:066584][info  ] RTSpatialRefiner 0x7046abd29cf0 (Used 0 MB), Evaluating 31 Geometry Pairs with Predicate Contains
[LIBGPUSPATIAL] [ 13687][18:01:07:066591][info  ] RTSpatialRefiner 0x7046abd29cf0 (Used 0 MB), Loaded Geometries, ProbeArray 100000, Loaded 17, Type Point
[LIBGPUSPATIAL] [ 13687][18:01:07:066630][info  ] RTSpatialRefiner 0x7046abd29cf0 (Used 0 MB), Evaluating 23 Geometry Pairs with Predicate Contains
[LIBGPUSPATIAL] [ 13690][18:01:07:068983][info  ] RTSpatialIndex 0x7046a800ac10 (Used 1 MB), Allocate result buffer, memory consumption 0 MB, capacity 23
[LIBGPUSPATIAL] [ 13690][18:01:07:069136][info  ] RTSpatialIndex 0x7046a800ac10 (Used 2 MB), Probe Points, Size: 100000, Results: 23
[LIBGPUSPATIAL] [ 13684][18:01:07:069523][info  ] RTSpatialIndex 0x7046a800ac10 (Used 1 MB), Allocate result buffer, memory consumption 0 MB, capacity 11
[LIBGPUSPATIAL] [ 13684][18:01:07:070049][info  ] RTSpatialIndex 0x7046a800ac10 (Used 1 MB), Probe Points, Size: 100000, Results: 11
[LIBGPUSPATIAL] [ 13690][18:01:07:070057][info  ] RTSpatialRefiner 0x7046abd29cf0 (Used 1 MB), Loaded Geometries, ProbeArray 100000, Loaded 16, Type Point
[LIBGPUSPATIAL] [ 13690][18:01:07:070220][info  ] RTSpatialRefiner 0x7046abd29cf0 (Used 0 MB), Evaluating 23 Geometry Pairs with Predicate Contains
[LIBGPUSPATIAL] [ 13684][18:01:07:070492][info  ] RTSpatialRefiner 0x7046abd29cf0 (Used 0 MB), Loaded Geometries, ProbeArray 100000, Loaded 11, Type Point
[LIBGPUSPATIAL] [ 13684][18:01:07:070547][info  ] RTSpatialRefiner 0x7046abd29cf0 (Used 0 MB), Evaluating 11 Geometry Pairs with Predicate Contains
[LIBGPUSPATIAL] [ 13685][18:01:07:074886][info  ] RTSpatialIndex 0x7046a800ac10 (Used 1 MB), Allocate result buffer, memory consumption 0 MB, capacity 24
[LIBGPUSPATIAL] [ 13685][18:01:07:075044][info  ] RTSpatialIndex 0x7046a800ac10 (Used 1 MB), Probe Points, Size: 100000, Results: 24
[LIBGPUSPATIAL] [ 13685][18:01:07:075429][info  ] RTSpatialRefiner 0x7046abd29cf0 (Used 0 MB), Loaded Geometries, ProbeArray 100000, Loaded 17, Type Point
[LIBGPUSPATIAL] [ 13685][18:01:07:075470][info  ] RTSpatialRefiner 0x7046abd29cf0 (Used 0 MB), Evaluating 24 Geometry Pairs with Predicate Contains
[LIBGPUSPATIAL] [ 13683][18:01:07:076525][info  ] RTSpatialIndex 0x7046a800ac10 (Used 2 MB), Allocate result buffer, memory consumption 0 MB, capacity 19
[LIBGPUSPATIAL] [ 13683][18:01:07:077167][info  ] RTSpatialIndex 0x7046a800ac10 (Used 1 MB), Probe Points, Size: 100000, Results: 19
[LIBGPUSPATIAL] [ 13688][18:01:07:077227][info  ] RTSpatialIndex 0x7046a800ac10 (Used 1 MB), Allocate result buffer, memory consumption 0 MB, capacity 14
[LIBGPUSPATIAL] [ 13688][18:01:07:077602][info  ] RTSpatialIndex 0x7046a800ac10 (Used 1 MB), Probe Points, Size: 100000, Results: 14
[LIBGPUSPATIAL] [ 13683][18:01:07:079211][info  ] RTSpatialRefiner 0x7046abd29cf0 (Used 0 MB), Loaded Geometries, ProbeArray 100000, Loaded 16, Type Point
[LIBGPUSPATIAL] [ 13688][18:01:07:079218][info  ] RTSpatialRefiner 0x7046abd29cf0 (Used 0 MB), Loaded Geometries, ProbeArray 100000, Loaded 12, Type Point
[LIBGPUSPATIAL] [ 13683][18:01:07:079255][info  ] RTSpatialRefiner 0x7046abd29cf0 (Used 0 MB), Evaluating 19 Geometry Pairs with Predicate Contains
[LIBGPUSPATIAL] [ 13688][18:01:07:079261][info  ] RTSpatialRefiner 0x7046abd29cf0 (Used 0 MB), Evaluating 14 Geometry Pairs with Predicate Contains
[LIBGPUSPATIAL] [ 13686][18:01:07:081716][info  ] RTSpatialIndex 0x7046a800ac10 (Used 1 MB), Allocate result buffer, memory consumption 0 MB, capacity 21
[LIBGPUSPATIAL] [ 13686][18:01:07:081860][info  ] RTSpatialIndex 0x7046a800ac10 (Used 1 MB), Probe Points, Size: 100000, Results: 21
[LIBGPUSPATIAL] [ 13686][18:01:07:082320][info  ] RTSpatialRefiner 0x7046abd29cf0 (Used 0 MB), Loaded Geometries, ProbeArray 100000, Loaded 17, Type Point
[LIBGPUSPATIAL] [ 13686][18:01:07:082367][info  ] RTSpatialRefiner 0x7046abd29cf0 (Used 0 MB), Evaluating 21 Geometry Pairs with Predicate Contains
[LIBGPUSPATIAL] [ 13689][18:01:07:085138][info  ] RTSpatialIndex 0x7046a800ac10 (Used 1 MB), Allocate result buffer, memory consumption 0 MB, capacity 21
[LIBGPUSPATIAL] [ 13689][18:01:07:085284][info  ] RTSpatialIndex 0x7046a800ac10 (Used 1 MB), Probe Points, Size: 100000, Results: 21
[LIBGPUSPATIAL] [ 13689][18:01:07:085795][info  ] RTSpatialRefiner 0x7046abd29cf0 (Used 1 MB), Loaded Geometries, ProbeArray 100000, Loaded 18, Type Point
[LIBGPUSPATIAL] [ 13689][18:01:07:085900][info  ] RTSpatialRefiner 0x7046abd29cf0 (Used 1 MB), Evaluating 21 Geometry Pairs with Predicate Contains
[LIBGPUSPATIAL] [ 13687][18:01:07:086165][info  ] RTSpatialIndex 0x7046a800ac10 (Used 1 MB), Allocate result buffer, memory consumption 0 MB, capacity 26
[LIBGPUSPATIAL] [ 13687][18:01:07:086757][info  ] RTSpatialIndex 0x7046a800ac10 (Used 2 MB), Probe Points, Size: 100000, Results: 26
[LIBGPUSPATIAL] [ 13690][18:01:07:087190][info  ] RTSpatialIndex 0x7046a800ac10 (Used 2 MB), Allocate result buffer, memory consumption 0 MB, capacity 10
[LIBGPUSPATIAL] [ 13690][18:01:07:087652][info  ] RTSpatialIndex 0x7046a800ac10 (Used 1 MB), Probe Points, Size: 100000, Results: 10
[LIBGPUSPATIAL] [ 13684][18:01:07:087732][info  ] RTSpatialIndex 0x7046a800ac10 (Used 1 MB), Allocate result buffer, memory consumption 0 MB, capacity 24
[LIBGPUSPATIAL] [ 13684][18:01:07:087877][info  ] RTSpatialIndex 0x7046a800ac10 (Used 1 MB), Probe Points, Size: 100000, Results: 24
[LIBGPUSPATIAL] [ 13687][18:01:07:088040][info  ] RTSpatialRefiner 0x7046abd29cf0 (Used 0 MB), Loaded Geometries, ProbeArray 100000, Loaded 23, Type Point
[LIBGPUSPATIAL] [ 13687][18:01:07:088087][info  ] RTSpatialRefiner 0x7046abd29cf0 (Used 0 MB), Evaluating 26 Geometry Pairs with Predicate Contains
[LIBGPUSPATIAL] [ 13690][18:01:07:088631][info  ] RTSpatialRefiner 0x7046abd29cf0 (Used 0 MB), Loaded Geometries, ProbeArray 100000, Loaded 8, Type Point
[LIBGPUSPATIAL] [ 13690][18:01:07:088705][info  ] RTSpatialRefiner 0x7046abd29cf0 (Used 0 MB), Evaluating 10 Geometry Pairs with Predicate Contains
[LIBGPUSPATIAL] [ 13684][18:01:07:088714][info  ] RTSpatialRefiner 0x7046abd29cf0 (Used 0 MB), Loaded Geometries, ProbeArray 100000, Loaded 17, Type Point
[LIBGPUSPATIAL] [ 13684][18:01:07:088750][info  ] RTSpatialRefiner 0x7046abd29cf0 (Used 0 MB), Evaluating 24 Geometry Pairs with Predicate Contains
[LIBGPUSPATIAL] [ 13685][18:01:07:095213][info  ] RTSpatialIndex 0x7046a800ac10 (Used 1 MB), Allocate result buffer, memory consumption 0 MB, capacity 21
[LIBGPUSPATIAL] [ 13685][18:01:07:095351][info  ] RTSpatialIndex 0x7046a800ac10 (Used 1 MB), Probe Points, Size: 100000, Results: 21
[LIBGPUSPATIAL] [ 13685][18:01:07:095881][info  ] RTSpatialRefiner 0x7046abd29cf0 (Used 0 MB), Loaded Geometries, ProbeArray 100000, Loaded 16, Type Point
[LIBGPUSPATIAL] [ 13685][18:01:07:095925][info  ] RTSpatialRefiner 0x7046abd29cf0 (Used 0 MB), Evaluating 21 Geometry Pairs with Predicate Contains
[LIBGPUSPATIAL] [ 13683][18:01:07:098391][info  ] RTSpatialIndex 0x7046a800ac10 (Used 1 MB), Allocate result buffer, memory consumption 0 MB, capacity 17
[LIBGPUSPATIAL] [ 13688][18:01:07:098433][info  ] RTSpatialIndex 0x7046a800ac10 (Used 1 MB), Allocate result buffer, memory consumption 0 MB, capacity 17
[LIBGPUSPATIAL] [ 13683][18:01:07:098629][info  ] RTSpatialIndex 0x7046a800ac10 (Used 1 MB), Probe Points, Size: 100000, Results: 17
[LIBGPUSPATIAL] [ 13688][18:01:07:099003][info  ] RTSpatialIndex 0x7046a800ac10 (Used 1 MB), Probe Points, Size: 100000, Results: 17
[LIBGPUSPATIAL] [ 13683][18:01:07:099215][info  ] RTSpatialRefiner 0x7046abd29cf0 (Used 0 MB), Loaded Geometries, ProbeArray 100000, Loaded 13, Type Point
[LIBGPUSPATIAL] [ 13683][18:01:07:099261][info  ] RTSpatialRefiner 0x7046abd29cf0 (Used 0 MB), Evaluating 17 Geometry Pairs with Predicate Contains
[LIBGPUSPATIAL] [ 13688][18:01:07:099909][info  ] RTSpatialRefiner 0x7046abd29cf0 (Used 0 MB), Loaded Geometries, ProbeArray 100000, Loaded 13, Type Point
[LIBGPUSPATIAL] [ 13688][18:01:07:099982][info  ] RTSpatialRefiner 0x7046abd29cf0 (Used 1 MB), Evaluating 17 Geometry Pairs with Predicate Contains
[LIBGPUSPATIAL] [ 13686][18:01:07:101150][info  ] RTSpatialIndex 0x7046a800ac10 (Used 1 MB), Allocate result buffer, memory consumption 0 MB, capacity 26
[LIBGPUSPATIAL] [ 13686][18:01:07:101286][info  ] RTSpatialIndex 0x7046a800ac10 (Used 1 MB), Probe Points, Size: 100000, Results: 26
[LIBGPUSPATIAL] [ 13686][18:01:07:101683][info  ] RTSpatialRefiner 0x7046abd29cf0 (Used 0 MB), Loaded Geometries, ProbeArray 100000, Loaded 19, Type Point
[LIBGPUSPATIAL] [ 13686][18:01:07:101729][info  ] RTSpatialRefiner 0x7046abd29cf0 (Used 0 MB), Evaluating 26 Geometry Pairs with Predicate Contains
[LIBGPUSPATIAL] [ 13684][18:01:07:105493][info  ] RTSpatialIndex 0x7046a800ac10 (Used 1 MB), Allocate result buffer, memory consumption 0 MB, capacity 39
[LIBGPUSPATIAL] [ 13684][18:01:07:105642][info  ] RTSpatialIndex 0x7046a800ac10 (Used 1 MB), Probe Points, Size: 100000, Results: 39
[LIBGPUSPATIAL] [ 13689][18:01:07:106070][info  ] RTSpatialIndex 0x7046a800ac10 (Used 1 MB), Allocate result buffer, memory consumption 0 MB, capacity 17
[LIBGPUSPATIAL] [ 13684][18:01:07:106130][info  ] RTSpatialRefiner 0x7046abd29cf0 (Used 1 MB), Loaded Geometries, ProbeArray 100000, Loaded 28, Type Point
[LIBGPUSPATIAL] [ 13684][18:01:07:106169][info  ] RTSpatialRefiner 0x7046abd29cf0 (Used 1 MB), Evaluating 39 Geometry Pairs with Predicate Contains
[LIBGPUSPATIAL] [ 13689][18:01:07:106197][info  ] RTSpatialIndex 0x7046a800ac10 (Used 1 MB), Probe Points, Size: 100000, Results: 17
[LIBGPUSPATIAL] [ 13689][18:01:07:108166][info  ] RTSpatialRefiner 0x7046abd29cf0 (Used 1 MB), Loaded Geometries, ProbeArray 100000, Loaded 13, Type Point
[LIBGPUSPATIAL] [ 13689][18:01:07:108228][info  ] RTSpatialRefiner 0x7046abd29cf0 (Used 1 MB), Evaluating 17 Geometry Pairs with Predicate Contains
[LIBGPUSPATIAL] [ 13690][18:01:07:108693][info  ] RTSpatialIndex 0x7046a800ac10 (Used 1 MB), Allocate result buffer, memory consumption 0 MB, capacity 19
[LIBGPUSPATIAL] [ 13690][18:01:07:109154][info  ] RTSpatialIndex 0x7046a800ac10 (Used 1 MB), Probe Points, Size: 100000, Results: 19
[LIBGPUSPATIAL] [ 13687][18:01:07:109896][info  ] RTSpatialIndex 0x7046a800ac10 (Used 1 MB), Allocate result buffer, memory consumption 0 MB, capacity 18
[LIBGPUSPATIAL] [ 13690][18:01:07:109924][info  ] RTSpatialRefiner 0x7046abd29cf0 (Used 1 MB), Loaded Geometries, ProbeArray 100000, Loaded 16, Type Point
[LIBGPUSPATIAL] [ 13690][18:01:07:109961][info  ] RTSpatialRefiner 0x7046abd29cf0 (Used 1 MB), Evaluating 19 Geometry Pairs with Predicate Contains
[LIBGPUSPATIAL] [ 13687][18:01:07:110036][info  ] RTSpatialIndex 0x7046a800ac10 (Used 1 MB), Probe Points, Size: 100000, Results: 18
[LIBGPUSPATIAL] [ 13687][18:01:07:110436][info  ] RTSpatialRefiner 0x7046abd29cf0 (Used 0 MB), Loaded Geometries, ProbeArray 100000, Loaded 16, Type Point
[LIBGPUSPATIAL] [ 13687][18:01:07:110481][info  ] RTSpatialRefiner 0x7046abd29cf0 (Used 0 MB), Evaluating 18 Geometry Pairs with Predicate Contains
[LIBGPUSPATIAL] [ 13685][18:01:07:115176][info  ] RTSpatialIndex 0x7046a800ac10 (Used 1 MB), Allocate result buffer, memory consumption 0 MB, capacity 22
[LIBGPUSPATIAL] [ 13685][18:01:07:115318][info  ] RTSpatialIndex 0x7046a800ac10 (Used 1 MB), Probe Points, Size: 100000, Results: 22
[LIBGPUSPATIAL] [ 13685][18:01:07:115730][info  ] RTSpatialRefiner 0x7046abd29cf0 (Used 0 MB), Loaded Geometries, ProbeArray 100000, Loaded 18, Type Point
[LIBGPUSPATIAL] [ 13685][18:01:07:115765][info  ] RTSpatialRefiner 0x7046abd29cf0 (Used 0 MB), Evaluating 22 Geometry Pairs with Predicate Contains
[LIBGPUSPATIAL] [ 13688][18:01:07:118196][info  ] RTSpatialIndex 0x7046a800ac10 (Used 1 MB), Allocate result buffer, memory consumption 0 MB, capacity 22
[LIBGPUSPATIAL] [ 13688][18:01:07:118348][info  ] RTSpatialIndex 0x7046a800ac10 (Used 1 MB), Probe Points, Size: 100000, Results: 22
[LIBGPUSPATIAL] [ 13688][18:01:07:118890][info  ] RTSpatialRefiner 0x7046abd29cf0 (Used 1 MB), Loaded Geometries, ProbeArray 100000, Loaded 17, Type Point
[LIBGPUSPATIAL] [ 13688][18:01:07:118960][info  ] RTSpatialRefiner 0x7046abd29cf0 (Used 3 MB), Evaluating 22 Geometry Pairs with Predicate Contains
[LIBGPUSPATIAL] [ 13686][18:01:07:119412][info  ] RTSpatialIndex 0x7046a800ac10 (Used 1 MB), Allocate result buffer, memory consumption 0 MB, capacity 15
[LIBGPUSPATIAL] [ 13683][18:01:07:119701][info  ] RTSpatialIndex 0x7046a800ac10 (Used 1 MB), Allocate result buffer, memory consumption 0 MB, capacity 23
[LIBGPUSPATIAL] [ 13683][18:01:07:119969][info  ] RTSpatialIndex 0x7046a800ac10 (Used 1 MB), Probe Points, Size: 100000, Results: 23
[LIBGPUSPATIAL] [ 13686][18:01:07:120231][info  ] RTSpatialIndex 0x7046a800ac10 (Used 1 MB), Probe Points, Size: 100000, Results: 15
[LIBGPUSPATIAL] [ 13686][18:01:07:120564][info  ] RTSpatialRefiner 0x7046abd29cf0 (Used 0 MB), Loaded Geometries, ProbeArray 100000, Loaded 12, Type Point
[LIBGPUSPATIAL] [ 13686][18:01:07:120605][info  ] RTSpatialRefiner 0x7046abd29cf0 (Used 0 MB), Evaluating 15 Geometry Pairs with Predicate Contains
[LIBGPUSPATIAL] [ 13683][18:01:07:123337][info  ] RTSpatialRefiner 0x7046abd29cf0 (Used 1 MB), Loaded Geometries, ProbeArray 100000, Loaded 17, Type Point
[LIBGPUSPATIAL] [ 13683][18:01:07:123391][info  ] RTSpatialRefiner 0x7046abd29cf0 (Used 1 MB), Evaluating 23 Geometry Pairs with Predicate Contains
[LIBGPUSPATIAL] [ 13684][18:01:07:124147][info  ] RTSpatialIndex 0x7046a800ac10 (Used 1 MB), Allocate result buffer, memory consumption 0 MB, capacity 24
[LIBGPUSPATIAL] [ 13684][18:01:07:124284][info  ] RTSpatialIndex 0x7046a800ac10 (Used 1 MB), Probe Points, Size: 100000, Results: 24
[LIBGPUSPATIAL] [ 13684][18:01:07:124816][info  ] RTSpatialRefiner 0x7046abd29cf0 (Used 0 MB), Loaded Geometries, ProbeArray 100000, Loaded 19, Type Point
[LIBGPUSPATIAL] [ 13684][18:01:07:125006][info  ] RTSpatialRefiner 0x7046abd29cf0 (Used 0 MB), Evaluating 24 Geometry Pairs with Predicate Contains
[LIBGPUSPATIAL] [ 13689][18:01:07:126977][info  ] RTSpatialIndex 0x7046a800ac10 (Used 1 MB), Allocate result buffer, memory consumption 0 MB, capacity 28
[LIBGPUSPATIAL] [ 13689][18:01:07:127106][info  ] RTSpatialIndex 0x7046a800ac10 (Used 1 MB), Probe Points, Size: 100000, Results: 28
[LIBGPUSPATIAL] [ 13689][18:01:07:127497][info  ] RTSpatialRefiner 0x7046abd29cf0 (Used 0 MB), Loaded Geometries, ProbeArray 100000, Loaded 21, Type Point
[LIBGPUSPATIAL] [ 13689][18:01:07:127543][info  ] RTSpatialRefiner 0x7046abd29cf0 (Used 0 MB), Evaluating 28 Geometry Pairs with Predicate Contains
[LIBGPUSPATIAL] [ 13690][18:01:07:128489][info  ] RTSpatialIndex 0x7046a800ac10 (Used 1 MB), Allocate result buffer, memory consumption 0 MB, capacity 18
[LIBGPUSPATIAL] [ 13690][18:01:07:128617][info  ] RTSpatialIndex 0x7046a800ac10 (Used 1 MB), Probe Points, Size: 100000, Results: 18
[LIBGPUSPATIAL] [ 13690][18:01:07:129147][info  ] RTSpatialRefiner 0x7046abd29cf0 (Used 1 MB), Loaded Geometries, ProbeArray 100000, Loaded 15, Type Point
[LIBGPUSPATIAL] [ 13687][18:01:07:129164][info  ] RTSpatialIndex 0x7046a800ac10 (Used 1 MB), Allocate result buffer, memory consumption 0 MB, capacity 16
[LIBGPUSPATIAL] [ 13690][18:01:07:129215][info  ] RTSpatialRefiner 0x7046abd29cf0 (Used 1 MB), Evaluating 18 Geometry Pairs with Predicate Contains
[LIBGPUSPATIAL] [ 13687][18:01:07:129737][info  ] RTSpatialIndex 0x7046a800ac10 (Used 1 MB), Probe Points, Size: 100000, Results: 16
[LIBGPUSPATIAL] [ 13687][18:01:07:130132][info  ] RTSpatialRefiner 0x7046abd29cf0 (Used 0 MB), Loaded Geometries, ProbeArray 100000, Loaded 11, Type Point
[LIBGPUSPATIAL] [ 13687][18:01:07:130186][info  ] RTSpatialRefiner 0x7046abd29cf0 (Used 0 MB), Evaluating 16 Geometry Pairs with Predicate Contains
[LIBGPUSPATIAL] [ 13685][18:01:07:133966][info  ] RTSpatialIndex 0x7046a800ac10 (Used 1 MB), Allocate result buffer, memory consumption 0 MB, capacity 13
[LIBGPUSPATIAL] [ 13685][18:01:07:134095][info  ] RTSpatialIndex 0x7046a800ac10 (Used 1 MB), Probe Points, Size: 100000, Results: 13
[LIBGPUSPATIAL] [ 13685][18:01:07:134448][info  ] RTSpatialRefiner 0x7046abd29cf0 (Used 0 MB), Loaded Geometries, ProbeArray 100000, Loaded 10, Type Point
[LIBGPUSPATIAL] [ 13685][18:01:07:134491][info  ] RTSpatialRefiner 0x7046abd29cf0 (Used 0 MB), Evaluating 13 Geometry Pairs with Predicate Contains
[LIBGPUSPATIAL] [ 13688][18:01:07:137093][info  ] RTSpatialIndex 0x7046a800ac10 (Used 1 MB), Allocate result buffer, memory consumption 0 MB, capacity 19
[LIBGPUSPATIAL] [ 13688][18:01:07:137243][info  ] RTSpatialIndex 0x7046a800ac10 (Used 1 MB), Probe Points, Size: 100000, Results: 19
[LIBGPUSPATIAL] [ 13686][18:01:07:137664][info  ] RTSpatialIndex 0x7046a800ac10 (Used 1 MB), Allocate result buffer, memory consumption 0 MB, capacity 21
[LIBGPUSPATIAL] [ 13688][18:01:07:137713][info  ] RTSpatialRefiner 0x7046abd29cf0 (Used 1 MB), Loaded Geometries, ProbeArray 100000, Loaded 14, Type Point
[LIBGPUSPATIAL] [ 13688][18:01:07:137761][info  ] RTSpatialRefiner 0x7046abd29cf0 (Used 1 MB), Evaluating 19 Geometry Pairs with Predicate Contains
[LIBGPUSPATIAL] [ 13686][18:01:07:137791][info  ] RTSpatialIndex 0x7046a800ac10 (Used 1 MB), Probe Points, Size: 100000, Results: 21
[LIBGPUSPATIAL] [ 13683][18:01:07:140344][info  ] RTSpatialIndex 0x7046a800ac10 (Used 1 MB), Allocate result buffer, memory consumption 0 MB, capacity 28
[LIBGPUSPATIAL] [ 13683][18:01:07:140467][info  ] RTSpatialIndex 0x7046a800ac10 (Used 1 MB), Probe Points, Size: 100000, Results: 28
[LIBGPUSPATIAL] [ 13686][18:01:07:140900][info  ] RTSpatialRefiner 0x7046abd29cf0 (Used 0 MB), Loaded Geometries, ProbeArray 100000, Loaded 18, Type Point
[LIBGPUSPATIAL] [ 13683][18:01:07:140945][info  ] RTSpatialRefiner 0x7046abd29cf0 (Used 0 MB), Loaded Geometries, ProbeArray 100000, Loaded 22, Type Point
[LIBGPUSPATIAL] [ 13686][18:01:07:140951][info  ] RTSpatialRefiner 0x7046abd29cf0 (Used 0 MB), Evaluating 21 Geometry Pairs with Predicate Contains
[LIBGPUSPATIAL] [ 13683][18:01:07:140982][info  ] RTSpatialRefiner 0x7046abd29cf0 (Used 0 MB), Evaluating 28 Geometry Pairs with Predicate Contains
[LIBGPUSPATIAL] [ 13684][18:01:07:143272][info  ] RTSpatialIndex 0x7046a800ac10 (Used 1 MB), Allocate result buffer, memory consumption 0 MB, capacity 24
[LIBGPUSPATIAL] [ 13684][18:01:07:143447][info  ] RTSpatialIndex 0x7046a800ac10 (Used 1 MB), Probe Points, Size: 100000, Results: 24
[LIBGPUSPATIAL] [ 13684][18:01:07:143830][info  ] RTSpatialRefiner 0x7046abd29cf0 (Used 0 MB), Loaded Geometries, ProbeArray 100000, Loaded 19, Type Point
[LIBGPUSPATIAL] [ 13684][18:01:07:143893][info  ] RTSpatialRefiner 0x7046abd29cf0 (Used 0 MB), Evaluating 24 Geometry Pairs with Predicate Contains
[LIBGPUSPATIAL] [ 13689][18:01:07:144930][info  ] RTSpatialIndex 0x7046a800ac10 (Used 1 MB), Allocate result buffer, memory consumption 0 MB, capacity 12
[LIBGPUSPATIAL] [ 13689][18:01:07:145036][info  ] RTSpatialIndex 0x7046a800ac10 (Used 1 MB), Probe Points, Size: 100000, Results: 12
[LIBGPUSPATIAL] [ 13689][18:01:07:145351][info  ] RTSpatialRefiner 0x7046abd29cf0 (Used 0 MB), Loaded Geometries, ProbeArray 100000, Loaded 10, Type Point
[LIBGPUSPATIAL] [ 13689][18:01:07:145395][info  ] RTSpatialRefiner 0x7046abd29cf0 (Used 0 MB), Evaluating 12 Geometry Pairs with Predicate Contains
[LIBGPUSPATIAL] [ 13690][18:01:07:146411][info  ] RTSpatialIndex 0x7046a800ac10 (Used 1 MB), Allocate result buffer, memory consumption 0 MB, capacity 21
[LIBGPUSPATIAL] [ 13690][18:01:07:146534][info  ] RTSpatialIndex 0x7046a800ac10 (Used 1 MB), Probe Points, Size: 100000, Results: 21
[LIBGPUSPATIAL] [ 13690][18:01:07:147124][info  ] RTSpatialRefiner 0x7046abd29cf0 (Used 0 MB), Loaded Geometries, ProbeArray 100000, Loaded 15, Type Point
[LIBGPUSPATIAL] [ 13690][18:01:07:147179][info  ] RTSpatialRefiner 0x7046abd29cf0 (Used 0 MB), Evaluating 21 Geometry Pairs with Predicate Contains
[LIBGPUSPATIAL] [ 13687][18:01:07:147812][info  ] RTSpatialIndex 0x7046a800ac10 (Used 1 MB), Allocate result buffer, memory consumption 0 MB, capacity 23
[LIBGPUSPATIAL] [ 13687][18:01:07:147972][info  ] RTSpatialIndex 0x7046a800ac10 (Used 1 MB), Probe Points, Size: 100000, Results: 23
[LIBGPUSPATIAL] [ 13687][18:01:07:148376][info  ] RTSpatialRefiner 0x7046abd29cf0 (Used 0 MB), Loaded Geometries, ProbeArray 100000, Loaded 16, Type Point
[LIBGPUSPATIAL] [ 13687][18:01:07:148421][info  ] RTSpatialRefiner 0x7046abd29cf0 (Used 0 MB), Evaluating 23 Geometry Pairs with Predicate Contains
[LIBGPUSPATIAL] [ 13685][18:01:07:152127][info  ] RTSpatialIndex 0x7046a800ac10 (Used 1 MB), Allocate result buffer, memory consumption 0 MB, capacity 15
[LIBGPUSPATIAL] [ 13685][18:01:07:152298][info  ] RTSpatialIndex 0x7046a800ac10 (Used 1 MB), Probe Points, Size: 100000, Results: 15
[LIBGPUSPATIAL] [ 13685][18:01:07:152705][info  ] RTSpatialRefiner 0x7046abd29cf0 (Used 0 MB), Loaded Geometries, ProbeArray 100000, Loaded 10, Type Point
[LIBGPUSPATIAL] [ 13685][18:01:07:152752][info  ] RTSpatialRefiner 0x7046abd29cf0 (Used 0 MB), Evaluating 15 Geometry Pairs with Predicate Contains
[LIBGPUSPATIAL] [ 13688][18:01:07:154469][info  ] RTSpatialIndex 0x7046a800ac10 (Used 1 MB), Allocate result buffer, memory consumption 0 MB, capacity 28
[LIBGPUSPATIAL] [ 13688][18:01:07:154592][info  ] RTSpatialIndex 0x7046a800ac10 (Used 1 MB), Probe Points, Size: 100000, Results: 28
[LIBGPUSPATIAL] [ 13688][18:01:07:154964][info  ] RTSpatialRefiner 0x7046abd29cf0 (Used 0 MB), Loaded Geometries, ProbeArray 100000, Loaded 21, Type Point
[LIBGPUSPATIAL] [ 13688][18:01:07:154999][info  ] RTSpatialRefiner 0x7046abd29cf0 (Used 0 MB), Evaluating 28 Geometry Pairs with Predicate Contains
[LIBGPUSPATIAL] [ 13683][18:01:07:157616][info  ] RTSpatialIndex 0x7046a800ac10 (Used 1 MB), Allocate result buffer, memory consumption 0 MB, capacity 34
[LIBGPUSPATIAL] [ 13683][18:01:07:157763][info  ] RTSpatialIndex 0x7046a800ac10 (Used 1 MB), Probe Points, Size: 100000, Results: 34
[LIBGPUSPATIAL] [ 13683][18:01:07:158163][info  ] RTSpatialRefiner 0x7046abd29cf0 (Used 0 MB), Loaded Geometries, ProbeArray 100000, Loaded 24, Type Point
[LIBGPUSPATIAL] [ 13683][18:01:07:158210][info  ] RTSpatialRefiner 0x7046abd29cf0 (Used 0 MB), Evaluating 34 Geometry Pairs with Predicate Contains
[LIBGPUSPATIAL] [ 13684][18:01:07:160232][info  ] RTSpatialIndex 0x7046a800ac10 (Used 1 MB), Allocate result buffer, memory consumption 0 MB, capacity 26
[LIBGPUSPATIAL] [ 13684][18:01:07:160394][info  ] RTSpatialIndex 0x7046a800ac10 (Used 1 MB), Probe Points, Size: 100000, Results: 26
[LIBGPUSPATIAL] [ 13684][18:01:07:160919][info  ] RTSpatialRefiner 0x7046abd29cf0 (Used 0 MB), Loaded Geometries, ProbeArray 100000, Loaded 22, Type Point
[LIBGPUSPATIAL] [ 13684][18:01:07:160969][info  ] RTSpatialRefiner 0x7046abd29cf0 (Used 0 MB), Evaluating 26 Geometry Pairs with Predicate Contains
[LIBGPUSPATIAL] [ 13686][18:01:07:162094][info  ] RTSpatialIndex 0x7046a800ac10 (Used 1 MB), Allocate result buffer, memory consumption 0 MB, capacity 31
[LIBGPUSPATIAL] [ 13686][18:01:07:162434][info  ] RTSpatialIndex 0x7046a800ac10 (Used 1 MB), Probe Points, Size: 100000, Results: 31
[LIBGPUSPATIAL] [ 13689][18:01:07:163183][info  ] RTSpatialIndex 0x7046a800ac10 (Used 1 MB), Allocate result buffer, memory consumption 0 MB, capacity 32
[LIBGPUSPATIAL] [ 13686][18:01:07:163599][info  ] RTSpatialRefiner 0x7046abd29cf0 (Used 3 MB), Loaded Geometries, ProbeArray 100000, Loaded 24, Type Point
[LIBGPUSPATIAL] [ 13686][18:01:07:163751][info  ] RTSpatialRefiner 0x7046abd29cf0 (Used 1 MB), Evaluating 31 Geometry Pairs with Predicate Contains
[LIBGPUSPATIAL] [ 13689][18:01:07:163758][info  ] RTSpatialIndex 0x7046a800ac10 (Used 1 MB), Probe Points, Size: 100000, Results: 32
[LIBGPUSPATIAL] [ 13690][18:01:07:163823][info  ] RTSpatialIndex 0x7046a800ac10 (Used 1 MB), Allocate result buffer, memory consumption 0 MB, capacity 39
[LIBGPUSPATIAL] [ 13690][18:01:07:164270][info  ] RTSpatialIndex 0x7046a800ac10 (Used 1 MB), Probe Points, Size: 100000, Results: 39
[LIBGPUSPATIAL] [ 13689][18:01:07:164277][info  ] RTSpatialRefiner 0x7046abd29cf0 (Used 1 MB), Loaded Geometries, ProbeArray 100000, Loaded 23, Type Point
[LIBGPUSPATIAL] [ 13689][18:01:07:164401][info  ] RTSpatialRefiner 0x7046abd29cf0 (Used 0 MB), Evaluating 32 Geometry Pairs with Predicate Contains
[LIBGPUSPATIAL] [ 13690][18:01:07:164677][info  ] RTSpatialRefiner 0x7046abd29cf0 (Used 0 MB), Loaded Geometries, ProbeArray 100000, Loaded 30, Type Point
[LIBGPUSPATIAL] [ 13690][18:01:07:164716][info  ] RTSpatialRefiner 0x7046abd29cf0 (Used 0 MB), Evaluating 39 Geometry Pairs with Predicate Contains
[LIBGPUSPATIAL] [ 13687][18:01:07:165755][info  ] RTSpatialIndex 0x7046a800ac10 (Used 1 MB), Allocate result buffer, memory consumption 0 MB, capacity 18
[LIBGPUSPATIAL] [ 13687][18:01:07:166326][info  ] RTSpatialIndex 0x7046a800ac10 (Used 1 MB), Probe Points, Size: 100000, Results: 18
[LIBGPUSPATIAL] [ 13687][18:01:07:166727][info  ] RTSpatialRefiner 0x7046abd29cf0 (Used 0 MB), Loaded Geometries, ProbeArray 100000, Loaded 15, Type Point
[LIBGPUSPATIAL] [ 13687][18:01:07:166771][info  ] RTSpatialRefiner 0x7046abd29cf0 (Used 0 MB), Evaluating 18 Geometry Pairs with Predicate Contains
[LIBGPUSPATIAL] [ 13685][18:01:07:170966][info  ] RTSpatialIndex 0x7046a800ac10 (Used 1 MB), Allocate result buffer, memory consumption 0 MB, capacity 18
[LIBGPUSPATIAL] [ 13688][18:01:07:170972][info  ] RTSpatialIndex 0x7046a800ac10 (Used 1 MB), Allocate result buffer, memory consumption 0 MB, capacity 23
[LIBGPUSPATIAL] [ 13685][18:01:07:171185][info  ] RTSpatialIndex 0x7046a800ac10 (Used 1 MB), Probe Points, Size: 100000, Results: 18
[LIBGPUSPATIAL] [ 13688][18:01:07:171381][info  ] RTSpatialIndex 0x7046a800ac10 (Used 1 MB), Probe Points, Size: 100000, Results: 23
[LIBGPUSPATIAL] [ 13688][18:01:07:171871][info  ] RTSpatialRefiner 0x7046abd29cf0 (Used 0 MB), Loaded Geometries, ProbeArray 100000, Loaded 16, Type Point
[LIBGPUSPATIAL] [ 13688][18:01:07:171916][info  ] RTSpatialRefiner 0x7046abd29cf0 (Used 0 MB), Evaluating 23 Geometry Pairs with Predicate Contains
[LIBGPUSPATIAL] [ 13683][18:01:07:173882][info  ] RTSpatialIndex 0x7046a800ac10 (Used 1 MB), Allocate result buffer, memory consumption 0 MB, capacity 17
[LIBGPUSPATIAL] [ 13683][18:01:07:174064][info  ] RTSpatialIndex 0x7046a800ac10 (Used 1 MB), Probe Points, Size: 100000, Results: 17
[LIBGPUSPATIAL] [ 13685][18:01:07:174465][info  ] RTSpatialRefiner 0x7046abd29cf0 (Used 0 MB), Loaded Geometries, ProbeArray 100000, Loaded 13, Type Point
[LIBGPUSPATIAL] [ 13685][18:01:07:174517][info  ] RTSpatialRefiner 0x7046abd29cf0 (Used 0 MB), Evaluating 18 Geometry Pairs with Predicate Contains
[LIBGPUSPATIAL] [ 13683][18:01:07:174815][info  ] RTSpatialRefiner 0x7046abd29cf0 (Used 0 MB), Loaded Geometries, ProbeArray 100000, Loaded 12, Type Point
[LIBGPUSPATIAL] [ 13683][18:01:07:174910][info  ] RTSpatialRefiner 0x7046abd29cf0 (Used 0 MB), Evaluating 17 Geometry Pairs with Predicate Contains
[LIBGPUSPATIAL] [ 13684][18:01:07:178719][info  ] RTSpatialIndex 0x7046a800ac10 (Used 1 MB), Allocate result buffer, memory consumption 0 MB, capacity 28
[LIBGPUSPATIAL] [ 13684][18:01:07:178888][info  ] RTSpatialIndex 0x7046a800ac10 (Used 1 MB), Probe Points, Size: 100000, Results: 28
[LIBGPUSPATIAL] [ 13684][18:01:07:179340][info  ] RTSpatialRefiner 0x7046abd29cf0 (Used 0 MB), Loaded Geometries, ProbeArray 100000, Loaded 20, Type Point
[LIBGPUSPATIAL] [ 13684][18:01:07:179388][info  ] RTSpatialRefiner 0x7046abd29cf0 (Used 0 MB), Evaluating 28 Geometry Pairs with Predicate Contains
[LIBGPUSPATIAL] [ 13689][18:01:07:182375][info  ] RTSpatialIndex 0x7046a800ac10 (Used 1 MB), Allocate result buffer, memory consumption 0 MB, capacity 25
[LIBGPUSPATIAL] [ 13689][18:01:07:182515][info  ] RTSpatialIndex 0x7046a800ac10 (Used 1 MB), Probe Points, Size: 100000, Results: 25
[LIBGPUSPATIAL] [ 13689][18:01:07:182923][info  ] RTSpatialRefiner 0x7046abd29cf0 (Used 0 MB), Loaded Geometries, ProbeArray 100000, Loaded 19, Type Point
[LIBGPUSPATIAL] [ 13689][18:01:07:182970][info  ] RTSpatialRefiner 0x7046abd29cf0 (Used 0 MB), Evaluating 25 Geometry Pairs with Predicate Contains
[LIBGPUSPATIAL] [ 13690][18:01:07:184173][info  ] RTSpatialIndex 0x7046a800ac10 (Used 1 MB), Allocate result buffer, memory consumption 0 MB, capacity 23
[LIBGPUSPATIAL] [ 13687][18:01:07:184248][info  ] RTSpatialIndex 0x7046a800ac10 (Used 1 MB), Allocate result buffer, memory consumption 0 MB, capacity 18
[LIBGPUSPATIAL] [ 13690][18:01:07:184728][info  ] RTSpatialIndex 0x7046a800ac10 (Used 3 MB), Probe Points, Size: 100000, Results: 23
[LIBGPUSPATIAL] [ 13687][18:01:07:184977][info  ] RTSpatialIndex 0x7046a800ac10 (Used 1 MB), Probe Points, Size: 100000, Results: 18
[LIBGPUSPATIAL] [ 13686][18:01:07:185204][info  ] RTSpatialIndex 0x7046a800ac10 (Used 1 MB), Allocate result buffer, memory consumption 0 MB, capacity 20
[LIBGPUSPATIAL] [ 13686][18:01:07:185631][info  ] RTSpatialIndex 0x7046a800ac10 (Used 1 MB), Probe Points, Size: 100000, Results: 20
[LIBGPUSPATIAL] [ 13690][18:01:07:185648][info  ] RTSpatialRefiner 0x7046abd29cf0 (Used 1 MB), Loaded Geometries, ProbeArray 100000, Loaded 18, Type Point
[LIBGPUSPATIAL] [ 13687][18:01:07:185654][info  ] RTSpatialRefiner 0x7046abd29cf0 (Used 1 MB), Loaded Geometries, ProbeArray 100000, Loaded 14, Type Point
[LIBGPUSPATIAL] [ 13690][18:01:07:185737][info  ] RTSpatialRefiner 0x7046abd29cf0 (Used 1 MB), Evaluating 23 Geometry Pairs with Predicate Contains
[LIBGPUSPATIAL] [ 13687][18:01:07:185748][info  ] RTSpatialRefiner 0x7046abd29cf0 (Used 1 MB), Evaluating 18 Geometry Pairs with Predicate Contains
[LIBGPUSPATIAL] [ 13684][18:01:07:186041][info  ] RTSpatialIndex 0x7046a800ac10 (Used 0 MB), Allocate result buffer, memory consumption 0 MB, capacity 5
[LIBGPUSPATIAL] [ 13686][18:01:07:186527][info  ] RTSpatialRefiner 0x7046abd29cf0 (Used 0 MB), Loaded Geometries, ProbeArray 100000, Loaded 17, Type Point
[LIBGPUSPATIAL] [ 13686][18:01:07:186562][info  ] RTSpatialRefiner 0x7046abd29cf0 (Used 0 MB), Evaluating 20 Geometry Pairs with Predicate Contains
[LIBGPUSPATIAL] [ 13684][18:01:07:186620][info  ] RTSpatialIndex 0x7046a800ac10 (Used 0 MB), Probe Points, Size: 33333, Results: 5
[LIBGPUSPATIAL] [ 13684][18:01:07:186974][info  ] RTSpatialRefiner 0x7046abd29cf0 (Used 0 MB), Loaded Geometries, ProbeArray 33333, Loaded 4, Type Point
[LIBGPUSPATIAL] [ 13684][18:01:07:187022][info  ] RTSpatialRefiner 0x7046abd29cf0 (Used 0 MB), Evaluating 5 Geometry Pairs with Predicate Contains
[LIBGPUSPATIAL] [ 13688][18:01:07:188266][info  ] RTSpatialIndex 0x7046a800ac10 (Used 1 MB), Allocate result buffer, memory consumption 0 MB, capacity 10
[LIBGPUSPATIAL] [ 13688][18:01:07:188390][info  ] RTSpatialIndex 0x7046a800ac10 (Used 1 MB), Probe Points, Size: 100000, Results: 10
[LIBGPUSPATIAL] [ 13688][18:01:07:192191][info  ] RTSpatialRefiner 0x7046abd29cf0 (Used 0 MB), Loaded Geometries, ProbeArray 100000, Loaded 6, Type Point
[LIBGPUSPATIAL] [ 13688][18:01:07:192323][info  ] RTSpatialRefiner 0x7046abd29cf0 (Used 0 MB), Evaluating 10 Geometry Pairs with Predicate Contains
[LIBGPUSPATIAL] [ 13683][18:01:07:193230][info  ] RTSpatialIndex 0x7046a800ac10 (Used 1 MB), Allocate result buffer, memory consumption 0 MB, capacity 17
[LIBGPUSPATIAL] [ 13683][18:01:07:193446][info  ] RTSpatialIndex 0x7046a800ac10 (Used 1 MB), Probe Points, Size: 100000, Results: 17
[LIBGPUSPATIAL] [ 13685][18:01:07:194804][info  ] RTSpatialIndex 0x7046a800ac10 (Used 1 MB), Allocate result buffer, memory consumption 0 MB, capacity 23
[LIBGPUSPATIAL] [ 13686][18:01:07:194877][info  ] RTSpatialIndex 0x7046a800ac10 (Used 1 MB), Allocate result buffer, memory consumption 0 MB, capacity 15
[LIBGPUSPATIAL] [ 13685][18:01:07:194968][info  ] RTSpatialIndex 0x7046a800ac10 (Used 1 MB), Probe Points, Size: 100000, Results: 23
[LIBGPUSPATIAL] [ 13686][18:01:07:195093][info  ] RTSpatialIndex 0x7046a800ac10 (Used 0 MB), Probe Points, Size: 33333, Results: 15
[LIBGPUSPATIAL] [ 13685][18:01:07:197188][info  ] RTSpatialRefiner 0x7046abd29cf0 (Used 0 MB), Loaded Geometries, ProbeArray 100000, Loaded 18, Type Point
[LIBGPUSPATIAL] [ 13683][18:01:07:197212][info  ] RTSpatialRefiner 0x7046abd29cf0 (Used 0 MB), Loaded Geometries, ProbeArray 100000, Loaded 13, Type Point
[LIBGPUSPATIAL] [ 13685][18:01:07:197235][info  ] RTSpatialRefiner 0x7046abd29cf0 (Used 0 MB), Evaluating 23 Geometry Pairs with Predicate Contains
[LIBGPUSPATIAL] [ 13683][18:01:07:197256][info  ] RTSpatialRefiner 0x7046abd29cf0 (Used 0 MB), Evaluating 17 Geometry Pairs with Predicate Contains
[LIBGPUSPATIAL] [ 13686][18:01:07:197505][info  ] RTSpatialRefiner 0x7046abd29cf0 (Used 0 MB), Loaded Geometries, ProbeArray 33333, Loaded 10, Type Point
[LIBGPUSPATIAL] [ 13686][18:01:07:197549][info  ] RTSpatialRefiner 0x7046abd29cf0 (Used 0 MB), Evaluating 15 Geometry Pairs with Predicate Contains
[LIBGPUSPATIAL] [ 13689][18:01:07:198662][info  ] RTSpatialIndex 0x7046a800ac10 (Used 1 MB), Allocate result buffer, memory consumption 0 MB, capacity 22
[LIBGPUSPATIAL] [ 13689][18:01:07:198809][info  ] RTSpatialIndex 0x7046a800ac10 (Used 1 MB), Probe Points, Size: 100000, Results: 22
[LIBGPUSPATIAL] [ 13689][18:01:07:199203][info  ] RTSpatialRefiner 0x7046abd29cf0 (Used 0 MB), Loaded Geometries, ProbeArray 100000, Loaded 17, Type Point
[LIBGPUSPATIAL] [ 13689][18:01:07:199250][info  ] RTSpatialRefiner 0x7046abd29cf0 (Used 0 MB), Evaluating 22 Geometry Pairs with Predicate Contains
[LIBGPUSPATIAL] [ 13688][18:01:07:200191][info  ] RTSpatialIndex 0x7046a800ac10 (Used 0 MB), Allocate result buffer, memory consumption 0 MB, capacity 4
[LIBGPUSPATIAL] [ 13688][18:01:07:200353][info  ] RTSpatialIndex 0x7046a800ac10 (Used 0 MB), Probe Points, Size: 33333, Results: 4
[LIBGPUSPATIAL] [ 13690][18:01:07:202206][info  ] RTSpatialIndex 0x7046a800ac10 (Used 1 MB), Allocate result buffer, memory consumption 0 MB, capacity 24
[LIBGPUSPATIAL] [ 13690][18:01:07:202328][info  ] RTSpatialIndex 0x7046a800ac10 (Used 1 MB), Probe Points, Size: 100000, Results: 24
[LIBGPUSPATIAL] [ 13688][18:01:07:202571][info  ] RTSpatialRefiner 0x7046abd29cf0 (Used 0 MB), Loaded Geometries, ProbeArray 33333, Loaded 4, Type Point
[LIBGPUSPATIAL] [ 13690][18:01:07:202735][info  ] RTSpatialRefiner 0x7046abd29cf0 (Used 0 MB), Loaded Geometries, ProbeArray 100000, Loaded 17, Type Point
[LIBGPUSPATIAL] [ 13688][18:01:07:202766][info  ] RTSpatialRefiner 0x7046abd29cf0 (Used 0 MB), Evaluating 4 Geometry Pairs with Predicate Contains
[LIBGPUSPATIAL] [ 13690][18:01:07:202772][info  ] RTSpatialRefiner 0x7046abd29cf0 (Used 0 MB), Evaluating 24 Geometry Pairs with Predicate Contains
[LIBGPUSPATIAL] [ 13683][18:01:07:204701][info  ] RTSpatialIndex 0x7046a800ac10 (Used 0 MB), Allocate result buffer, memory consumption 0 MB, capacity 9
[LIBGPUSPATIAL] [ 13683][18:01:07:205113][info  ] RTSpatialIndex 0x7046a800ac10 (Used 0 MB), Probe Points, Size: 33333, Results: 9
[LIBGPUSPATIAL] [ 13685][18:01:07:205374][info  ] RTSpatialIndex 0x7046a800ac10 (Used 0 MB), Allocate result buffer, memory consumption 0 MB, capacity 3
[LIBGPUSPATIAL] [ 13685][18:01:07:205890][info  ] RTSpatialIndex 0x7046a800ac10 (Used 0 MB), Probe Points, Size: 33333, Results: 3
[LIBGPUSPATIAL] [ 13689][18:01:07:206858][info  ] RTSpatialIndex 0x7046a800ac10 (Used 1 MB), Allocate result buffer, memory consumption 0 MB, capacity 6
[LIBGPUSPATIAL] [ 13685][18:01:07:206866][info  ] RTSpatialRefiner 0x7046abd29cf0 (Used 1 MB), Loaded Geometries, ProbeArray 33333, Loaded 2, Type Point
[LIBGPUSPATIAL] [ 13685][18:01:07:206952][info  ] RTSpatialRefiner 0x7046abd29cf0 (Used 1 MB), Evaluating 3 Geometry Pairs with Predicate Contains
[LIBGPUSPATIAL] [ 13683][18:01:07:206980][info  ] RTSpatialRefiner 0x7046abd29cf0 (Used 1 MB), Loaded Geometries, ProbeArray 33333, Loaded 8, Type Point
[LIBGPUSPATIAL] [ 13683][18:01:07:207048][info  ] RTSpatialRefiner 0x7046abd29cf0 (Used 1 MB), Evaluating 9 Geometry Pairs with Predicate Contains
[LIBGPUSPATIAL] [ 13687][18:01:07:207139][info  ] RTSpatialIndex 0x7046a800ac10 (Used 1 MB), Allocate result buffer, memory consumption 0 MB, capacity 20
[LIBGPUSPATIAL] [ 13689][18:01:07:208128][info  ] RTSpatialIndex 0x7046a800ac10 (Used 1 MB), Probe Points, Size: 33333, Results: 6
[LIBGPUSPATIAL] [ 13687][18:01:07:208224][info  ] RTSpatialIndex 0x7046a800ac10 (Used 1 MB), Probe Points, Size: 100000, Results: 20
[LIBGPUSPATIAL] [ 13690][18:01:07:211261][info  ] RTSpatialIndex 0x7046a800ac10 (Used 0 MB), Allocate result buffer, memory consumption 0 MB, capacity 7
[LIBGPUSPATIAL] [ 13690][18:01:07:211398][info  ] RTSpatialIndex 0x7046a800ac10 (Used 0 MB), Probe Points, Size: 33333, Results: 7
[LIBGPUSPATIAL] [ 13689][18:01:07:212100][info  ] RTSpatialRefiner 0x7046abd29cf0 (Used 0 MB), Loaded Geometries, ProbeArray 33333, Loaded 6, Type Point
[LIBGPUSPATIAL] [ 13689][18:01:07:212154][info  ] RTSpatialRefiner 0x7046abd29cf0 (Used 0 MB), Evaluating 6 Geometry Pairs with Predicate Contains
[LIBGPUSPATIAL] [ 13687][18:01:07:213153][info  ] RTSpatialRefiner 0x7046abd29cf0 (Used 0 MB), Loaded Geometries, ProbeArray 100000, Loaded 14, Type Point
[LIBGPUSPATIAL] [ 13687][18:01:07:213261][info  ] RTSpatialRefiner 0x7046abd29cf0 (Used 0 MB), Evaluating 20 Geometry Pairs with Predicate Contains
[LIBGPUSPATIAL] [ 13690][18:01:07:213293][info  ] RTSpatialRefiner 0x7046abd29cf0 (Used 0 MB), Loaded Geometries, ProbeArray 33333, Loaded 5, Type Point
[LIBGPUSPATIAL] [ 13690][18:01:07:213348][info  ] RTSpatialRefiner 0x7046abd29cf0 (Used 0 MB), Evaluating 7 Geometry Pairs with Predicate Contains
[LIBGPUSPATIAL] [ 13686][18:01:07:219895][info  ] RTSpatialIndex 0x7046a800ac10 (Used 1 MB), Allocate result buffer, memory consumption 0 MB, capacity 27
[LIBGPUSPATIAL] [ 13686][18:01:07:220106][info  ] RTSpatialIndex 0x7046a800ac10 (Used 1 MB), Probe Points, Size: 100000, Results: 27
[LIBGPUSPATIAL] [ 13686][18:01:07:221095][info  ] RTSpatialRefiner 0x7046abd29cf0 (Used 0 MB), Loaded Geometries, ProbeArray 100000, Loaded 22, Type Point
[LIBGPUSPATIAL] [ 13686][18:01:07:221178][info  ] RTSpatialRefiner 0x7046abd29cf0 (Used 0 MB), Evaluating 27 Geometry Pairs with Predicate Contains
[LIBGPUSPATIAL] [ 13687][18:01:07:223169][info  ] RTSpatialIndex 0x7046a800ac10 (Used 0 MB), Allocate result buffer, memory consumption 0 MB, capacity 8
[LIBGPUSPATIAL] [ 13687][18:01:07:223383][info  ] RTSpatialIndex 0x7046a800ac10 (Used 0 MB), Probe Points, Size: 33333, Results: 8
[LIBGPUSPATIAL] [ 13687][18:01:07:223898][info  ] RTSpatialRefiner 0x7046abd29cf0 (Used 0 MB), Loaded Geometries, ProbeArray 33333, Loaded 6, Type Point
[LIBGPUSPATIAL] [ 13687][18:01:07:223971][info  ] RTSpatialRefiner 0x7046abd29cf0 (Used 0 MB), Evaluating 8 Geometry Pairs with Predicate Contains
[LIBGPUSPATIAL] [ 13683][18:01:07:235779][info  ] RTSpatialIndex 0x7046a800ac10 (Used 1 MB), Allocate result buffer, memory consumption 0 MB, capacity 14
[LIBGPUSPATIAL] [ 13683][18:01:07:235966][info  ] RTSpatialIndex 0x7046a800ac10 (Used 1 MB), Probe Points, Size: 100000, Results: 14
[LIBGPUSPATIAL] [ 13683][18:01:07:237073][info  ] RTSpatialRefiner 0x7046abd29cf0 (Used 0 MB), Loaded Geometries, ProbeArray 100000, Loaded 12, Type Point
[LIBGPUSPATIAL] [ 13683][18:01:07:237127][info  ] RTSpatialRefiner 0x7046abd29cf0 (Used 0 MB), Evaluating 14 Geometry Pairs with Predicate Contains
[LIBGPUSPATIAL] [ 13686][18:01:07:242041][info  ] RTSpatialIndex 0x7046a800ac10 (Used 1 MB), Allocate result buffer, memory consumption 0 MB, capacity 16
[LIBGPUSPATIAL] [ 13686][18:01:07:242163][info  ] RTSpatialIndex 0x7046a800ac10 (Used 1 MB), Probe Points, Size: 100000, Results: 16
[LIBGPUSPATIAL] [ 13686][18:01:07:242730][info  ] RTSpatialRefiner 0x7046abd29cf0 (Used 0 MB), Loaded Geometries, ProbeArray 100000, Loaded 11, Type Point
[LIBGPUSPATIAL] [ 13686][18:01:07:242791][info  ] RTSpatialRefiner 0x7046abd29cf0 (Used 0 MB), Evaluating 16 Geometry Pairs with Predicate Contains
[LIBGPUSPATIAL] [ 13690][18:01:07:248861][info  ] RTSpatialIndex 0x7046a800ac10 (Used 1 MB), Allocate result buffer, memory consumption 0 MB, capacity 34
[LIBGPUSPATIAL] [ 13690][18:01:07:249034][info  ] RTSpatialIndex 0x7046a800ac10 (Used 1 MB), Probe Points, Size: 100000, Results: 34
[LIBGPUSPATIAL] [ 13690][18:01:07:249520][info  ] RTSpatialRefiner 0x7046abd29cf0 (Used 0 MB), Loaded Geometries, ProbeArray 100000, Loaded 26, Type Point
[LIBGPUSPATIAL] [ 13690][18:01:07:249628][info  ] RTSpatialRefiner 0x7046abd29cf0 (Used 1 MB), Evaluating 34 Geometry Pairs with Predicate Contains
[LIBGPUSPATIAL] [ 13689][18:01:07:250151][info  ] RTSpatialIndex 0x7046a800ac10 (Used 1 MB), Allocate result buffer, memory consumption 0 MB, capacity 18
[LIBGPUSPATIAL] [ 13689][18:01:07:250301][info  ] RTSpatialIndex 0x7046a800ac10 (Used 1 MB), Probe Points, Size: 100000, Results: 18
[LIBGPUSPATIAL] [ 13689][18:01:07:251148][info  ] RTSpatialRefiner 0x7046abd29cf0 (Used 0 MB), Loaded Geometries, ProbeArray 100000, Loaded 14, Type Point
[LIBGPUSPATIAL] [ 13689][18:01:07:251271][info  ] RTSpatialRefiner 0x7046abd29cf0 (Used 0 MB), Evaluating 18 Geometry Pairs with Predicate Contains
[LIBGPUSPATIAL] [ 13687][18:01:07:251894][info  ] RTSpatialIndex 0x7046a800ac10 (Used 1 MB), Allocate result buffer, memory consumption 0 MB, capacity 17
[LIBGPUSPATIAL] [ 13687][18:01:07:252384][info  ] RTSpatialIndex 0x7046a800ac10 (Used 1 MB), Probe Points, Size: 100000, Results: 17
[LIBGPUSPATIAL] [ 13687][18:01:07:252753][info  ] RTSpatialRefiner 0x7046abd29cf0 (Used 0 MB), Loaded Geometries, ProbeArray 100000, Loaded 14, Type Point
[LIBGPUSPATIAL] [ 13687][18:01:07:252797][info  ] RTSpatialRefiner 0x7046abd29cf0 (Used 0 MB), Evaluating 17 Geometry Pairs with Predicate Contains
[LIBGPUSPATIAL] [ 13685][18:01:07:254223][info  ] RTSpatialIndex 0x7046a800ac10 (Used 1 MB), Allocate result buffer, memory consumption 0 MB, capacity 29
[LIBGPUSPATIAL] [ 13685][18:01:07:254363][info  ] RTSpatialIndex 0x7046a800ac10 (Used 1 MB), Probe Points, Size: 100000, Results: 29
[LIBGPUSPATIAL] [ 13685][18:01:07:255938][info  ] RTSpatialRefiner 0x7046abd29cf0 (Used 0 MB), Loaded Geometries, ProbeArray 100000, Loaded 21, Type Point
[LIBGPUSPATIAL] [ 13685][18:01:07:256144][info  ] RTSpatialRefiner 0x7046abd29cf0 (Used 0 MB), Evaluating 29 Geometry Pairs with Predicate Contains
[LIBGPUSPATIAL] [ 13683][18:01:07:257269][info  ] RTSpatialIndex 0x7046a800ac10 (Used 1 MB), Allocate result buffer, memory consumption 0 MB, capacity 18
[LIBGPUSPATIAL] [ 13683][18:01:07:257395][info  ] RTSpatialIndex 0x7046a800ac10 (Used 1 MB), Probe Points, Size: 100000, Results: 18
[LIBGPUSPATIAL] [ 13683][18:01:07:257931][info  ] RTSpatialRefiner 0x7046abd29cf0 (Used 0 MB), Loaded Geometries, ProbeArray 100000, Loaded 12, Type Point
[LIBGPUSPATIAL] [ 13683][18:01:07:257980][info  ] RTSpatialRefiner 0x7046abd29cf0 (Used 0 MB), Evaluating 18 Geometry Pairs with Predicate Contains
[LIBGPUSPATIAL] [ 13684][18:01:07:258752][info  ] RTSpatialIndex 0x7046a800ac10 (Used 1 MB), Allocate result buffer, memory consumption 0 MB, capacity 15
[LIBGPUSPATIAL] [ 13684][18:01:07:259027][info  ] RTSpatialIndex 0x7046a800ac10 (Used 1 MB), Probe Points, Size: 100000, Results: 15
[LIBGPUSPATIAL] [ 13684][18:01:07:259396][info  ] RTSpatialRefiner 0x7046abd29cf0 (Used 0 MB), Loaded Geometries, ProbeArray 100000, Loaded 12, Type Point
[LIBGPUSPATIAL] [ 13684][18:01:07:259447][info  ] RTSpatialRefiner 0x7046abd29cf0 (Used 0 MB), Evaluating 15 Geometry Pairs with Predicate Contains
[LIBGPUSPATIAL] [ 13686][18:01:07:261262][info  ] RTSpatialIndex 0x7046a800ac10 (Used 1 MB), Allocate result buffer, memory consumption 0 MB, capacity 21
[LIBGPUSPATIAL] [ 13686][18:01:07:261392][info  ] RTSpatialIndex 0x7046a800ac10 (Used 1 MB), Probe Points, Size: 100000, Results: 21
[LIBGPUSPATIAL] [ 13686][18:01:07:261981][info  ] RTSpatialRefiner 0x7046abd29cf0 (Used 0 MB), Loaded Geometries, ProbeArray 100000, Loaded 19, Type Point
[LIBGPUSPATIAL] [ 13686][18:01:07:262021][info  ] RTSpatialRefiner 0x7046abd29cf0 (Used 0 MB), Evaluating 21 Geometry Pairs with Predicate Contains
[LIBGPUSPATIAL] [ 13688][18:01:07:262769][info  ] RTSpatialIndex 0x7046a800ac10 (Used 1 MB), Allocate result buffer, memory consumption 0 MB, capacity 23
[LIBGPUSPATIAL] [ 13688][18:01:07:263009][info  ] RTSpatialIndex 0x7046a800ac10 (Used 1 MB), Probe Points, Size: 100000, Results: 23
[LIBGPUSPATIAL] [ 13688][18:01:07:263411][info  ] RTSpatialRefiner 0x7046abd29cf0 (Used 0 MB), Loaded Geometries, ProbeArray 100000, Loaded 17, Type Point
[LIBGPUSPATIAL] [ 13688][18:01:07:263480][info  ] RTSpatialRefiner 0x7046abd29cf0 (Used 0 MB), Evaluating 23 Geometry Pairs with Predicate Contains
[LIBGPUSPATIAL] [ 13690][18:01:07:266978][info  ] RTSpatialIndex 0x7046a800ac10 (Used 1 MB), Allocate result buffer, memory consumption 0 MB, capacity 15
[LIBGPUSPATIAL] [ 13690][18:01:07:267181][info  ] RTSpatialIndex 0x7046a800ac10 (Used 1 MB), Probe Points, Size: 100000, Results: 15
[LIBGPUSPATIAL] [ 13690][18:01:07:268213][info  ] RTSpatialRefiner 0x7046abd29cf0 (Used 0 MB), Loaded Geometries, ProbeArray 100000, Loaded 12, Type Point
[LIBGPUSPATIAL] [ 13690][18:01:07:268277][info  ] RTSpatialRefiner 0x7046abd29cf0 (Used 0 MB), Evaluating 15 Geometry Pairs with Predicate Contains
[LIBGPUSPATIAL] [ 13687][18:01:07:269799][info  ] RTSpatialIndex 0x7046a800ac10 (Used 1 MB), Allocate result buffer, memory consumption 0 MB, capacity 26
[LIBGPUSPATIAL] [ 13687][18:01:07:270005][info  ] RTSpatialIndex 0x7046a800ac10 (Used 2 MB), Probe Points, Size: 100000, Results: 26
[LIBGPUSPATIAL] [ 13689][18:01:07:270491][info  ] RTSpatialIndex 0x7046a800ac10 (Used 1 MB), Allocate result buffer, memory consumption 0 MB, capacity 27
[LIBGPUSPATIAL] [ 13689][18:01:07:270627][info  ] RTSpatialIndex 0x7046a800ac10 (Used 1 MB), Probe Points, Size: 100000, Results: 27
[LIBGPUSPATIAL] [ 13687][18:01:07:271151][info  ] RTSpatialRefiner 0x7046abd29cf0 (Used 0 MB), Loaded Geometries, ProbeArray 100000, Loaded 20, Type Point
[LIBGPUSPATIAL] [ 13689][18:01:07:271234][info  ] RTSpatialRefiner 0x7046abd29cf0 (Used 0 MB), Loaded Geometries, ProbeArray 100000, Loaded 20, Type Point
[LIBGPUSPATIAL] [ 13687][18:01:07:271239][info  ] RTSpatialRefiner 0x7046abd29cf0 (Used 0 MB), Evaluating 26 Geometry Pairs with Predicate Contains
[LIBGPUSPATIAL] [ 13689][18:01:07:271281][info  ] RTSpatialRefiner 0x7046abd29cf0 (Used 0 MB), Evaluating 27 Geometry Pairs with Predicate Contains
[LIBGPUSPATIAL] [ 13683][18:01:07:276128][info  ] RTSpatialIndex 0x7046a800ac10 (Used 3 MB), Allocate result buffer, memory consumption 0 MB, capacity 24
[LIBGPUSPATIAL] [ 13684][18:01:07:276567][info  ] RTSpatialIndex 0x7046a800ac10 (Used 2 MB), Allocate result buffer, memory consumption 0 MB, capacity 36
[LIBGPUSPATIAL] [ 13683][18:01:07:276707][info  ] RTSpatialIndex 0x7046a800ac10 (Used 2 MB), Probe Points, Size: 100000, Results: 24
[LIBGPUSPATIAL] [ 13685][18:01:07:276807][info  ] RTSpatialIndex 0x7046a800ac10 (Used 1 MB), Allocate result buffer, memory consumption 0 MB, capacity 29
[LIBGPUSPATIAL] [ 13684][18:01:07:276967][info  ] RTSpatialIndex 0x7046a800ac10 (Used 1 MB), Probe Points, Size: 100000, Results: 36
[LIBGPUSPATIAL] [ 13685][18:01:07:277313][info  ] RTSpatialIndex 0x7046a800ac10 (Used 1 MB), Probe Points, Size: 100000, Results: 29
[LIBGPUSPATIAL] [ 13683][18:01:07:277341][info  ] RTSpatialRefiner 0x7046abd29cf0 (Used 0 MB), Loaded Geometries, ProbeArray 100000, Loaded 21, Type Point
[LIBGPUSPATIAL] [ 13683][18:01:07:277388][info  ] RTSpatialRefiner 0x7046abd29cf0 (Used 0 MB), Evaluating 24 Geometry Pairs with Predicate Contains
[LIBGPUSPATIAL] [ 13684][18:01:07:277573][info  ] RTSpatialRefiner 0x7046abd29cf0 (Used 0 MB), Loaded Geometries, ProbeArray 100000, Loaded 24, Type Point
[LIBGPUSPATIAL] [ 13684][18:01:07:277623][info  ] RTSpatialRefiner 0x7046abd29cf0 (Used 0 MB), Evaluating 36 Geometry Pairs with Predicate Contains
[LIBGPUSPATIAL] [ 13685][18:01:07:277892][info  ] RTSpatialRefiner 0x7046abd29cf0 (Used 0 MB), Loaded Geometries, ProbeArray 100000, Loaded 23, Type Point
[LIBGPUSPATIAL] [ 13685][18:01:07:278009][info  ] RTSpatialRefiner 0x7046abd29cf0 (Used 0 MB), Evaluating 29 Geometry Pairs with Predicate Contains
[LIBGPUSPATIAL] [ 13686][18:01:07:279151][info  ] RTSpatialIndex 0x7046a800ac10 (Used 1 MB), Allocate result buffer, memory consumption 0 MB, capacity 21
[LIBGPUSPATIAL] [ 13686][18:01:07:279286][info  ] RTSpatialIndex 0x7046a800ac10 (Used 1 MB), Probe Points, Size: 100000, Results: 21
[LIBGPUSPATIAL] [ 13686][18:01:07:279687][info  ] RTSpatialRefiner 0x7046abd29cf0 (Used 0 MB), Loaded Geometries, ProbeArray 100000, Loaded 15, Type Point
[LIBGPUSPATIAL] [ 13686][18:01:07:279733][info  ] RTSpatialRefiner 0x7046abd29cf0 (Used 0 MB), Evaluating 21 Geometry Pairs with Predicate Contains
[LIBGPUSPATIAL] [ 13688][18:01:07:283673][info  ] RTSpatialIndex 0x7046a800ac10 (Used 1 MB), Allocate result buffer, memory consumption 0 MB, capacity 12
[LIBGPUSPATIAL] [ 13688][18:01:07:283925][info  ] RTSpatialIndex 0x7046a800ac10 (Used 1 MB), Probe Points, Size: 100000, Results: 12
[LIBGPUSPATIAL] [ 13688][18:01:07:285025][info  ] RTSpatialRefiner 0x7046abd29cf0 (Used 0 MB), Loaded Geometries, ProbeArray 100000, Loaded 10, Type Point
[LIBGPUSPATIAL] [ 13688][18:01:07:285096][info  ] RTSpatialRefiner 0x7046abd29cf0 (Used 0 MB), Evaluating 12 Geometry Pairs with Predicate Contains
[LIBGPUSPATIAL] [ 13690][18:01:07:286372][info  ] RTSpatialIndex 0x7046a800ac10 (Used 1 MB), Allocate result buffer, memory consumption 0 MB, capacity 29
[LIBGPUSPATIAL] [ 13690][18:01:07:286505][info  ] RTSpatialIndex 0x7046a800ac10 (Used 1 MB), Probe Points, Size: 100000, Results: 29
[LIBGPUSPATIAL] [ 13687][18:01:07:287576][info  ] RTSpatialIndex 0x7046a800ac10 (Used 1 MB), Allocate result buffer, memory consumption 0 MB, capacity 28
[LIBGPUSPATIAL] [ 13687][18:01:07:287712][info  ] RTSpatialIndex 0x7046a800ac10 (Used 1 MB), Probe Points, Size: 100000, Results: 28
[LIBGPUSPATIAL] [ 13690][18:01:07:287993][info  ] RTSpatialRefiner 0x7046abd29cf0 (Used 0 MB), Loaded Geometries, ProbeArray 100000, Loaded 22, Type Point
[LIBGPUSPATIAL] [ 13690][18:01:07:288051][info  ] RTSpatialRefiner 0x7046abd29cf0 (Used 0 MB), Evaluating 29 Geometry Pairs with Predicate Contains
[LIBGPUSPATIAL] [ 13689][18:01:07:288903][info  ] RTSpatialIndex 0x7046a800ac10 (Used 1 MB), Allocate result buffer, memory consumption 0 MB, capacity 24
[LIBGPUSPATIAL] [ 13687][18:01:07:289023][info  ] RTSpatialRefiner 0x7046abd29cf0 (Used 1 MB), Loaded Geometries, ProbeArray 100000, Loaded 21, Type Point
[LIBGPUSPATIAL] [ 13687][18:01:07:290989][info  ] RTSpatialRefiner 0x7046abd29cf0 (Used 1 MB), Evaluating 28 Geometry Pairs with Predicate Contains
[LIBGPUSPATIAL] [ 13689][18:01:07:291075][info  ] RTSpatialIndex 0x7046a800ac10 (Used 1 MB), Probe Points, Size: 100000, Results: 24
[LIBGPUSPATIAL] [ 13685][18:01:07:294189][info  ] RTSpatialIndex 0x7046a800ac10 (Used 1 MB), Allocate result buffer, memory consumption 0 MB, capacity 23
[LIBGPUSPATIAL] [ 13689][18:01:07:294634][info  ] RTSpatialRefiner 0x7046abd29cf0 (Used 4 MB), Loaded Geometries, ProbeArray 100000, Loaded 22, Type Point
[LIBGPUSPATIAL] [ 13689][18:01:07:294785][info  ] RTSpatialRefiner 0x7046abd29cf0 (Used 4 MB), Evaluating 24 Geometry Pairs with Predicate Contains
[LIBGPUSPATIAL] [ 13685][18:01:07:294992][info  ] RTSpatialIndex 0x7046a800ac10 (Used 2 MB), Probe Points, Size: 100000, Results: 23
[LIBGPUSPATIAL] [ 13684][18:01:07:295121][info  ] RTSpatialIndex 0x7046a800ac10 (Used 1 MB), Allocate result buffer, memory consumption 0 MB, capacity 21
[LIBGPUSPATIAL] [ 13683][18:01:07:295366][info  ] RTSpatialIndex 0x7046a800ac10 (Used 1 MB), Allocate result buffer, memory consumption 0 MB, capacity 24
[LIBGPUSPATIAL] [ 13685][18:01:07:295715][info  ] RTSpatialRefiner 0x7046abd29cf0 (Used 3 MB), Loaded Geometries, ProbeArray 100000, Loaded 17, Type Point
[LIBGPUSPATIAL] [ 13685][18:01:07:295769][info  ] RTSpatialRefiner 0x7046abd29cf0 (Used 3 MB), Evaluating 23 Geometry Pairs with Predicate Contains
[LIBGPUSPATIAL] [ 13684][18:01:07:295926][info  ] RTSpatialIndex 0x7046a800ac10 (Used 2 MB), Probe Points, Size: 100000, Results: 21
[LIBGPUSPATIAL] [ 13686][18:01:07:296407][info  ] RTSpatialIndex 0x7046a800ac10 (Used 1 MB), Allocate result buffer, memory consumption 0 MB, capacity 17
[LIBGPUSPATIAL] [ 13684][18:01:07:296531][info  ] RTSpatialRefiner 0x7046abd29cf0 (Used 1 MB), Loaded Geometries, ProbeArray 100000, Loaded 17, Type Point
[LIBGPUSPATIAL] [ 13684][18:01:07:296586][info  ] RTSpatialRefiner 0x7046abd29cf0 (Used 1 MB), Evaluating 21 Geometry Pairs with Predicate Contains
[LIBGPUSPATIAL] [ 13683][18:01:07:298032][info  ] RTSpatialIndex 0x7046a800ac10 (Used 2 MB), Probe Points, Size: 100000, Results: 24
[LIBGPUSPATIAL] [ 13686][18:01:07:298275][info  ] RTSpatialIndex 0x7046a800ac10 (Used 1 MB), Probe Points, Size: 100000, Results: 17
[LIBGPUSPATIAL] [ 13683][18:01:07:300110][info  ] RTSpatialRefiner 0x7046abd29cf0 (Used 0 MB), Loaded Geometries, ProbeArray 100000, Loaded 18, Type Point
[LIBGPUSPATIAL] [ 13686][18:01:07:300135][info  ] RTSpatialRefiner 0x7046abd29cf0 (Used 0 MB), Loaded Geometries, ProbeArray 100000, Loaded 15, Type Point
[LIBGPUSPATIAL] [ 13683][18:01:07:300154][info  ] RTSpatialRefiner 0x7046abd29cf0 (Used 0 MB), Evaluating 24 Geometry Pairs with Predicate Contains
[LIBGPUSPATIAL] [ 13686][18:01:07:300172][info  ] RTSpatialRefiner 0x7046abd29cf0 (Used 0 MB), Evaluating 17 Geometry Pairs with Predicate Contains
[LIBGPUSPATIAL] [ 13688][18:01:07:303162][info  ] RTSpatialIndex 0x7046a800ac10 (Used 1 MB), Allocate result buffer, memory consumption 0 MB, capacity 17
[LIBGPUSPATIAL] [ 13688][18:01:07:303284][info  ] RTSpatialIndex 0x7046a800ac10 (Used 1 MB), Probe Points, Size: 100000, Results: 17
[LIBGPUSPATIAL] [ 13688][18:01:07:304294][info  ] RTSpatialRefiner 0x7046abd29cf0 (Used 1 MB), Loaded Geometries, ProbeArray 100000, Loaded 14, Type Point
[LIBGPUSPATIAL] [ 13688][18:01:07:304374][info  ] RTSpatialRefiner 0x7046abd29cf0 (Used 1 MB), Evaluating 17 Geometry Pairs with Predicate Contains
[LIBGPUSPATIAL] [ 13690][18:01:07:304881][info  ] RTSpatialIndex 0x7046a800ac10 (Used 1 MB), Allocate result buffer, memory consumption 0 MB, capacity 28
[LIBGPUSPATIAL] [ 13690][18:01:07:305229][info  ] RTSpatialIndex 0x7046a800ac10 (Used 1 MB), Probe Points, Size: 100000, Results: 28
[LIBGPUSPATIAL] [ 13690][18:01:07:308089][info  ] RTSpatialRefiner 0x7046abd29cf0 (Used 0 MB), Loaded Geometries, ProbeArray 100000, Loaded 20, Type Point
[LIBGPUSPATIAL] [ 13690][18:01:07:308156][info  ] RTSpatialRefiner 0x7046abd29cf0 (Used 0 MB), Evaluating 28 Geometry Pairs with Predicate Contains
[LIBGPUSPATIAL] [ 13687][18:01:07:308754][info  ] RTSpatialIndex 0x7046a800ac10 (Used 1 MB), Allocate result buffer, memory consumption 0 MB, capacity 14
[LIBGPUSPATIAL] [ 13687][18:01:07:308915][info  ] RTSpatialIndex 0x7046a800ac10 (Used 1 MB), Probe Points, Size: 100000, Results: 14
[LIBGPUSPATIAL] [ 13687][18:01:07:311771][info  ] RTSpatialRefiner 0x7046abd29cf0 (Used 0 MB), Loaded Geometries, ProbeArray 100000, Loaded 13, Type Point
[LIBGPUSPATIAL] [ 13687][18:01:07:311872][info  ] RTSpatialRefiner 0x7046abd29cf0 (Used 0 MB), Evaluating 14 Geometry Pairs with Predicate Contains
[LIBGPUSPATIAL] [ 13689][18:01:07:314431][info  ] RTSpatialIndex 0x7046a800ac10 (Used 1 MB), Allocate result buffer, memory consumption 0 MB, capacity 18
[LIBGPUSPATIAL] [ 13689][18:01:07:314553][info  ] RTSpatialIndex 0x7046a800ac10 (Used 1 MB), Probe Points, Size: 100000, Results: 18
[LIBGPUSPATIAL] [ 13689][18:01:07:315218][info  ] RTSpatialRefiner 0x7046abd29cf0 (Used 0 MB), Loaded Geometries, ProbeArray 100000, Loaded 14, Type Point
[LIBGPUSPATIAL] [ 13689][18:01:07:315263][info  ] RTSpatialRefiner 0x7046abd29cf0 (Used 0 MB), Evaluating 18 Geometry Pairs with Predicate Contains
[LIBGPUSPATIAL] [ 13685][18:01:07:316246][info  ] RTSpatialIndex 0x7046a800ac10 (Used 1 MB), Allocate result buffer, memory consumption 0 MB, capacity 26
[LIBGPUSPATIAL] [ 13684][18:01:07:316337][info  ] RTSpatialIndex 0x7046a800ac10 (Used 1 MB), Allocate result buffer, memory consumption 0 MB, capacity 18
[LIBGPUSPATIAL] [ 13685][18:01:07:316474][info  ] RTSpatialIndex 0x7046a800ac10 (Used 1 MB), Probe Points, Size: 100000, Results: 26
[LIBGPUSPATIAL] [ 13684][18:01:07:316819][info  ] RTSpatialIndex 0x7046a800ac10 (Used 1 MB), Probe Points, Size: 100000, Results: 18
[LIBGPUSPATIAL] [ 13685][18:01:07:316962][info  ] RTSpatialRefiner 0x7046abd29cf0 (Used 0 MB), Loaded Geometries, ProbeArray 100000, Loaded 18, Type Point
[LIBGPUSPATIAL] [ 13685][18:01:07:317009][info  ] RTSpatialRefiner 0x7046abd29cf0 (Used 0 MB), Evaluating 26 Geometry Pairs with Predicate Contains
[LIBGPUSPATIAL] [ 13684][18:01:07:317328][info  ] RTSpatialRefiner 0x7046abd29cf0 (Used 0 MB), Loaded Geometries, ProbeArray 100000, Loaded 13, Type Point
[LIBGPUSPATIAL] [ 13684][18:01:07:317414][info  ] RTSpatialRefiner 0x7046abd29cf0 (Used 0 MB), Evaluating 18 Geometry Pairs with Predicate Contains
[LIBGPUSPATIAL] [ 13686][18:01:07:318686][info  ] RTSpatialIndex 0x7046a800ac10 (Used 1 MB), Allocate result buffer, memory consumption 0 MB, capacity 34
[LIBGPUSPATIAL] [ 13686][18:01:07:319026][info  ] RTSpatialIndex 0x7046a800ac10 (Used 2 MB), Probe Points, Size: 100000, Results: 34
[LIBGPUSPATIAL] [ 13683][18:01:07:319499][info  ] RTSpatialIndex 0x7046a800ac10 (Used 1 MB), Allocate result buffer, memory consumption 0 MB, capacity 23
[LIBGPUSPATIAL] [ 13683][18:01:07:319691][info  ] RTSpatialIndex 0x7046a800ac10 (Used 1 MB), Probe Points, Size: 100000, Results: 23
[LIBGPUSPATIAL] [ 13686][18:01:07:319901][info  ] RTSpatialRefiner 0x7046abd29cf0 (Used 0 MB), Loaded Geometries, ProbeArray 100000, Loaded 25, Type Point
[LIBGPUSPATIAL] [ 13686][18:01:07:319964][info  ] RTSpatialRefiner 0x7046abd29cf0 (Used 0 MB), Evaluating 34 Geometry Pairs with Predicate Contains
[LIBGPUSPATIAL] [ 13683][18:01:07:320472][info  ] RTSpatialRefiner 0x7046abd29cf0 (Used 0 MB), Loaded Geometries, ProbeArray 100000, Loaded 19, Type Point
[LIBGPUSPATIAL] [ 13683][18:01:07:320519][info  ] RTSpatialRefiner 0x7046abd29cf0 (Used 0 MB), Evaluating 23 Geometry Pairs with Predicate Contains
[LIBGPUSPATIAL] [ 13688][18:01:07:321539][info  ] RTSpatialIndex 0x7046a800ac10 (Used 1 MB), Allocate result buffer, memory consumption 0 MB, capacity 16
[LIBGPUSPATIAL] [ 13688][18:01:07:321670][info  ] RTSpatialIndex 0x7046a800ac10 (Used 1 MB), Probe Points, Size: 100000, Results: 16
[LIBGPUSPATIAL] [ 13688][18:01:07:322087][info  ] RTSpatialRefiner 0x7046abd29cf0 (Used 0 MB), Loaded Geometries, ProbeArray 100000, Loaded 10, Type Point
[LIBGPUSPATIAL] [ 13688][18:01:07:322133][info  ] RTSpatialRefiner 0x7046abd29cf0 (Used 0 MB), Evaluating 16 Geometry Pairs with Predicate Contains
[LIBGPUSPATIAL] [ 13690][18:01:07:326599][info  ] RTSpatialIndex 0x7046a800ac10 (Used 1 MB), Allocate result buffer, memory consumption 0 MB, capacity 20
[LIBGPUSPATIAL] [ 13690][18:01:07:326747][info  ] RTSpatialIndex 0x7046a800ac10 (Used 1 MB), Probe Points, Size: 100000, Results: 20
[LIBGPUSPATIAL] [ 13690][18:01:07:327141][info  ] RTSpatialRefiner 0x7046abd29cf0 (Used 0 MB), Loaded Geometries, ProbeArray 100000, Loaded 14, Type Point
[LIBGPUSPATIAL] [ 13690][18:01:07:327189][info  ] RTSpatialRefiner 0x7046abd29cf0 (Used 0 MB), Evaluating 20 Geometry Pairs with Predicate Contains
[LIBGPUSPATIAL] [ 13687][18:01:07:330324][info  ] RTSpatialIndex 0x7046a800ac10 (Used 1 MB), Allocate result buffer, memory consumption 0 MB, capacity 17
[LIBGPUSPATIAL] [ 13687][18:01:07:330598][info  ] RTSpatialIndex 0x7046a800ac10 (Used 1 MB), Probe Points, Size: 100000, Results: 17
[LIBGPUSPATIAL] [ 13687][18:01:07:331066][info  ] RTSpatialRefiner 0x7046abd29cf0 (Used 0 MB), Loaded Geometries, ProbeArray 100000, Loaded 14, Type Point
[LIBGPUSPATIAL] [ 13687][18:01:07:331182][info  ] RTSpatialRefiner 0x7046abd29cf0 (Used 0 MB), Evaluating 17 Geometry Pairs with Predicate Contains
[LIBGPUSPATIAL] [ 13685][18:01:07:333624][info  ] RTSpatialIndex 0x7046a800ac10 (Used 1 MB), Allocate result buffer, memory consumption 0 MB, capacity 25
[LIBGPUSPATIAL] [ 13685][18:01:07:334284][info  ] RTSpatialIndex 0x7046a800ac10 (Used 2 MB), Probe Points, Size: 100000, Results: 25
[LIBGPUSPATIAL] [ 13689][18:01:07:334872][info  ] RTSpatialIndex 0x7046a800ac10 (Used 1 MB), Allocate result buffer, memory consumption 0 MB, capacity 20
[LIBGPUSPATIAL] [ 13684][18:01:07:334966][info  ] RTSpatialIndex 0x7046a800ac10 (Used 1 MB), Allocate result buffer, memory consumption 0 MB, capacity 24
[LIBGPUSPATIAL] [ 13689][18:01:07:335219][info  ] RTSpatialIndex 0x7046a800ac10 (Used 1 MB), Probe Points, Size: 100000, Results: 20
[LIBGPUSPATIAL] [ 13685][18:01:07:335247][info  ] RTSpatialRefiner 0x7046abd29cf0 (Used 1 MB), Loaded Geometries, ProbeArray 100000, Loaded 20, Type Point
[LIBGPUSPATIAL] [ 13685][18:01:07:335292][info  ] RTSpatialRefiner 0x7046abd29cf0 (Used 1 MB), Evaluating 25 Geometry Pairs with Predicate Contains
[LIBGPUSPATIAL] [ 13684][18:01:07:335348][info  ] RTSpatialIndex 0x7046a800ac10 (Used 1 MB), Probe Points, Size: 100000, Results: 24
[LIBGPUSPATIAL] [ 13689][18:01:07:335791][info  ] RTSpatialRefiner 0x7046abd29cf0 (Used 0 MB), Loaded Geometries, ProbeArray 100000, Loaded 15, Type Point
[LIBGPUSPATIAL] [ 13689][18:01:07:335862][info  ] RTSpatialRefiner 0x7046abd29cf0 (Used 0 MB), Evaluating 20 Geometry Pairs with Predicate Contains
[LIBGPUSPATIAL] [ 13684][18:01:07:335960][info  ] RTSpatialRefiner 0x7046abd29cf0 (Used 0 MB), Loaded Geometries, ProbeArray 100000, Loaded 18, Type Point
[LIBGPUSPATIAL] [ 13684][18:01:07:336045][info  ] RTSpatialRefiner 0x7046abd29cf0 (Used 0 MB), Evaluating 24 Geometry Pairs with Predicate Contains
[LIBGPUSPATIAL] [ 13683][18:01:07:337253][info  ] RTSpatialIndex 0x7046a800ac10 (Used 1 MB), Allocate result buffer, memory consumption 0 MB, capacity 24
[LIBGPUSPATIAL] [ 13683][18:01:07:337399][info  ] RTSpatialIndex 0x7046a800ac10 (Used 1 MB), Probe Points, Size: 100000, Results: 24
[LIBGPUSPATIAL] [ 13683][18:01:07:337730][info  ] RTSpatialRefiner 0x7046abd29cf0 (Used 0 MB), Loaded Geometries, ProbeArray 100000, Loaded 19, Type Point
[LIBGPUSPATIAL] [ 13683][18:01:07:337784][info  ] RTSpatialRefiner 0x7046abd29cf0 (Used 0 MB), Evaluating 24 Geometry Pairs with Predicate Contains
[LIBGPUSPATIAL] [ 13688][18:01:07:338940][info  ] RTSpatialIndex 0x7046a800ac10 (Used 1 MB), Allocate result buffer, memory consumption 0 MB, capacity 22
[LIBGPUSPATIAL] [ 13686][18:01:07:339355][info  ] RTSpatialIndex 0x7046a800ac10 (Used 1 MB), Allocate result buffer, memory consumption 0 MB, capacity 32
[LIBGPUSPATIAL] [ 13688][18:01:07:339476][info  ] RTSpatialIndex 0x7046a800ac10 (Used 1 MB), Probe Points, Size: 100000, Results: 22
[LIBGPUSPATIAL] [ 13686][18:01:07:339622][info  ] RTSpatialIndex 0x7046a800ac10 (Used 1 MB), Probe Points, Size: 100000, Results: 32
[LIBGPUSPATIAL] [ 13686][18:01:07:341093][info  ] RTSpatialRefiner 0x7046abd29cf0 (Used 0 MB), Loaded Geometries, ProbeArray 100000, Loaded 23, Type Point
[LIBGPUSPATIAL] [ 13686][18:01:07:341140][info  ] RTSpatialRefiner 0x7046abd29cf0 (Used 0 MB), Evaluating 32 Geometry Pairs with Predicate Contains
[LIBGPUSPATIAL] [ 13688][18:01:07:341189][info  ] RTSpatialRefiner 0x7046abd29cf0 (Used 0 MB), Loaded Geometries, ProbeArray 100000, Loaded 17, Type Point
[LIBGPUSPATIAL] [ 13688][18:01:07:341236][info  ] RTSpatialRefiner 0x7046abd29cf0 (Used 0 MB), Evaluating 22 Geometry Pairs with Predicate Contains
[LIBGPUSPATIAL] [ 13690][18:01:07:344710][info  ] RTSpatialIndex 0x7046a800ac10 (Used 1 MB), Allocate result buffer, memory consumption 0 MB, capacity 12
[LIBGPUSPATIAL] [ 13690][18:01:07:344859][info  ] RTSpatialIndex 0x7046a800ac10 (Used 1 MB), Probe Points, Size: 100000, Results: 12
[LIBGPUSPATIAL] [ 13690][18:01:07:345424][info  ] RTSpatialRefiner 0x7046abd29cf0 (Used 0 MB), Loaded Geometries, ProbeArray 100000, Loaded 9, Type Point
[LIBGPUSPATIAL] [ 13690][18:01:07:345474][info  ] RTSpatialRefiner 0x7046abd29cf0 (Used 0 MB), Evaluating 12 Geometry Pairs with Predicate Contains
[LIBGPUSPATIAL] [ 13687][18:01:07:349082][info  ] RTSpatialIndex 0x7046a800ac10 (Used 1 MB), Allocate result buffer, memory consumption 0 MB, capacity 34
[LIBGPUSPATIAL] [ 13687][18:01:07:349223][info  ] RTSpatialIndex 0x7046a800ac10 (Used 1 MB), Probe Points, Size: 100000, Results: 34
[LIBGPUSPATIAL] [ 13687][18:01:07:349627][info  ] RTSpatialRefiner 0x7046abd29cf0 (Used 0 MB), Loaded Geometries, ProbeArray 100000, Loaded 28, Type Point
[LIBGPUSPATIAL] [ 13687][18:01:07:349674][info  ] RTSpatialRefiner 0x7046abd29cf0 (Used 0 MB), Evaluating 34 Geometry Pairs with Predicate Contains
[LIBGPUSPATIAL] [ 13685][18:01:07:352520][info  ] RTSpatialIndex 0x7046a800ac10 (Used 1 MB), Allocate result buffer, memory consumption 0 MB, capacity 30
[LIBGPUSPATIAL] [ 13685][18:01:07:352669][info  ] RTSpatialIndex 0x7046a800ac10 (Used 1 MB), Probe Points, Size: 100000, Results: 30
[LIBGPUSPATIAL] [ 13685][18:01:07:353049][info  ] RTSpatialRefiner 0x7046abd29cf0 (Used 0 MB), Loaded Geometries, ProbeArray 100000, Loaded 25, Type Point
[LIBGPUSPATIAL] [ 13685][18:01:07:353105][info  ] RTSpatialRefiner 0x7046abd29cf0 (Used 0 MB), Evaluating 30 Geometry Pairs with Predicate Contains
[LIBGPUSPATIAL] [ 13684][18:01:07:353592][info  ] RTSpatialIndex 0x7046a800ac10 (Used 1 MB), Allocate result buffer, memory consumption 0 MB, capacity 29
[LIBGPUSPATIAL] [ 13684][18:01:07:353945][info  ] RTSpatialIndex 0x7046a800ac10 (Used 1 MB), Probe Points, Size: 100000, Results: 29
[LIBGPUSPATIAL] [ 13684][18:01:07:354349][info  ] RTSpatialRefiner 0x7046abd29cf0 (Used 0 MB), Loaded Geometries, ProbeArray 100000, Loaded 25, Type Point
[LIBGPUSPATIAL] [ 13684][18:01:07:354396][info  ] RTSpatialRefiner 0x7046abd29cf0 (Used 0 MB), Evaluating 29 Geometry Pairs with Predicate Contains
[LIBGPUSPATIAL] [ 13689][18:01:07:356205][info  ] RTSpatialIndex 0x7046a800ac10 (Used 1 MB), Allocate result buffer, memory consumption 0 MB, capacity 27
[LIBGPUSPATIAL] [ 13689][18:01:07:356339][info  ] RTSpatialIndex 0x7046a800ac10 (Used 1 MB), Probe Points, Size: 100000, Results: 27
[LIBGPUSPATIAL] [ 13689][18:01:07:356741][info  ] RTSpatialRefiner 0x7046abd29cf0 (Used 0 MB), Loaded Geometries, ProbeArray 100000, Loaded 22, Type Point
[LIBGPUSPATIAL] [ 13689][18:01:07:356789][info  ] RTSpatialRefiner 0x7046abd29cf0 (Used 0 MB), Evaluating 27 Geometry Pairs with Predicate Contains
[LIBGPUSPATIAL] [ 13683][18:01:07:357632][info  ] RTSpatialIndex 0x7046a800ac10 (Used 1 MB), Allocate result buffer, memory consumption 0 MB, capacity 29
[LIBGPUSPATIAL] [ 13683][18:01:07:357871][info  ] RTSpatialIndex 0x7046a800ac10 (Used 1 MB), Probe Points, Size: 100000, Results: 29
[LIBGPUSPATIAL] [ 13683][18:01:07:358313][info  ] RTSpatialRefiner 0x7046abd29cf0 (Used 0 MB), Loaded Geometries, ProbeArray 100000, Loaded 23, Type Point
[LIBGPUSPATIAL] [ 13683][18:01:07:358427][info  ] RTSpatialRefiner 0x7046abd29cf0 (Used 0 MB), Evaluating 29 Geometry Pairs with Predicate Contains
[LIBGPUSPATIAL] [ 13686][18:01:07:359117][info  ] RTSpatialIndex 0x7046a800ac10 (Used 1 MB), Allocate result buffer, memory consumption 0 MB, capacity 26
[LIBGPUSPATIAL] [ 13686][18:01:07:359309][info  ] RTSpatialIndex 0x7046a800ac10 (Used 1 MB), Probe Points, Size: 100000, Results: 26
[LIBGPUSPATIAL] [ 13686][18:01:07:359729][info  ] RTSpatialRefiner 0x7046abd29cf0 (Used 0 MB), Loaded Geometries, ProbeArray 100000, Loaded 20, Type Point
[LIBGPUSPATIAL] [ 13686][18:01:07:359792][info  ] RTSpatialRefiner 0x7046abd29cf0 (Used 0 MB), Evaluating 26 Geometry Pairs with Predicate Contains
[LIBGPUSPATIAL] [ 13688][18:01:07:362042][info  ] RTSpatialIndex 0x7046a800ac10 (Used 1 MB), Allocate result buffer, memory consumption 0 MB, capacity 22
[LIBGPUSPATIAL] [ 13688][18:01:07:362198][info  ] RTSpatialIndex 0x7046a800ac10 (Used 1 MB), Probe Points, Size: 100000, Results: 22
[LIBGPUSPATIAL] [ 13688][18:01:07:362619][info  ] RTSpatialRefiner 0x7046abd29cf0 (Used 0 MB), Loaded Geometries, ProbeArray 100000, Loaded 19, Type Point
[LIBGPUSPATIAL] [ 13688][18:01:07:362679][info  ] RTSpatialRefiner 0x7046abd29cf0 (Used 0 MB), Evaluating 22 Geometry Pairs with Predicate Contains
[LIBGPUSPATIAL] [ 13690][18:01:07:363280][info  ] RTSpatialIndex 0x7046a800ac10 (Used 1 MB), Allocate result buffer, memory consumption 0 MB, capacity 23
[LIBGPUSPATIAL] [ 13690][18:01:07:363498][info  ] RTSpatialIndex 0x7046a800ac10 (Used 1 MB), Probe Points, Size: 100000, Results: 23
[LIBGPUSPATIAL] [ 13690][18:01:07:363889][info  ] RTSpatialRefiner 0x7046abd29cf0 (Used 0 MB), Loaded Geometries, ProbeArray 100000, Loaded 16, Type Point
[LIBGPUSPATIAL] [ 13690][18:01:07:363989][info  ] RTSpatialRefiner 0x7046abd29cf0 (Used 0 MB), Evaluating 23 Geometry Pairs with Predicate Contains
[LIBGPUSPATIAL] [ 13687][18:01:07:366009][info  ] RTSpatialIndex 0x7046a800ac10 (Used 1 MB), Allocate result buffer, memory consumption 0 MB, capacity 27
[LIBGPUSPATIAL] [ 13687][18:01:07:366144][info  ] RTSpatialIndex 0x7046a800ac10 (Used 1 MB), Probe Points, Size: 100000, Results: 27
[LIBGPUSPATIAL] [ 13687][18:01:07:366596][info  ] RTSpatialRefiner 0x7046abd29cf0 (Used 0 MB), Loaded Geometries, ProbeArray 100000, Loaded 20, Type Point
[LIBGPUSPATIAL] [ 13687][18:01:07:366633][info  ] RTSpatialRefiner 0x7046abd29cf0 (Used 0 MB), Evaluating 27 Geometry Pairs with Predicate Contains
[LIBGPUSPATIAL] [ 13685][18:01:07:369643][info  ] RTSpatialIndex 0x7046a800ac10 (Used 1 MB), Allocate result buffer, memory consumption 0 MB, capacity 29
[LIBGPUSPATIAL] [ 13685][18:01:07:369781][info  ] RTSpatialIndex 0x7046a800ac10 (Used 1 MB), Probe Points, Size: 100000, Results: 29
[LIBGPUSPATIAL] [ 13685][18:01:07:370194][info  ] RTSpatialRefiner 0x7046abd29cf0 (Used 0 MB), Loaded Geometries, ProbeArray 100000, Loaded 18, Type Point
[LIBGPUSPATIAL] [ 13685][18:01:07:370242][info  ] RTSpatialRefiner 0x7046abd29cf0 (Used 0 MB), Evaluating 29 Geometry Pairs with Predicate Contains
[LIBGPUSPATIAL] [ 13684][18:01:07:371173][info  ] RTSpatialIndex 0x7046a800ac10 (Used 1 MB), Allocate result buffer, memory consumption 0 MB, capacity 16
[LIBGPUSPATIAL] [ 13684][18:01:07:371315][info  ] RTSpatialIndex 0x7046a800ac10 (Used 1 MB), Probe Points, Size: 100000, Results: 16
[LIBGPUSPATIAL] [ 13684][18:01:07:371709][info  ] RTSpatialRefiner 0x7046abd29cf0 (Used 0 MB), Loaded Geometries, ProbeArray 100000, Loaded 12, Type Point
[LIBGPUSPATIAL] [ 13684][18:01:07:371759][info  ] RTSpatialRefiner 0x7046abd29cf0 (Used 0 MB), Evaluating 16 Geometry Pairs with Predicate Contains
[LIBGPUSPATIAL] [ 13689][18:01:07:375581][info  ] RTSpatialIndex 0x7046a800ac10 (Used 1 MB), Allocate result buffer, memory consumption 0 MB, capacity 28
[LIBGPUSPATIAL] [ 13689][18:01:07:375860][info  ] RTSpatialIndex 0x7046a800ac10 (Used 1 MB), Probe Points, Size: 100000, Results: 28
[LIBGPUSPATIAL] [ 13689][18:01:07:376376][info  ] RTSpatialRefiner 0x7046abd29cf0 (Used 0 MB), Loaded Geometries, ProbeArray 100000, Loaded 23, Type Point
[LIBGPUSPATIAL] [ 13689][18:01:07:376444][info  ] RTSpatialRefiner 0x7046abd29cf0 (Used 0 MB), Evaluating 28 Geometry Pairs with Predicate Contains
[LIBGPUSPATIAL] [ 13683][18:01:07:378114][info  ] RTSpatialIndex 0x7046a800ac10 (Used 1 MB), Allocate result buffer, memory consumption 0 MB, capacity 15
[LIBGPUSPATIAL] [ 13683][18:01:07:378256][info  ] RTSpatialIndex 0x7046a800ac10 (Used 1 MB), Probe Points, Size: 100000, Results: 15
[LIBGPUSPATIAL] [ 13683][18:01:07:378609][info  ] RTSpatialRefiner 0x7046abd29cf0 (Used 0 MB), Loaded Geometries, ProbeArray 100000, Loaded 10, Type Point
[LIBGPUSPATIAL] [ 13683][18:01:07:378659][info  ] RTSpatialRefiner 0x7046abd29cf0 (Used 0 MB), Evaluating 15 Geometry Pairs with Predicate Contains
[LIBGPUSPATIAL] [ 13686][18:01:07:379692][info  ] RTSpatialIndex 0x7046a800ac10 (Used 1 MB), Allocate result buffer, memory consumption 0 MB, capacity 27
[LIBGPUSPATIAL] [ 13686][18:01:07:380263][info  ] RTSpatialIndex 0x7046a800ac10 (Used 3 MB), Probe Points, Size: 100000, Results: 27
[LIBGPUSPATIAL] [ 13690][18:01:07:380477][info  ] RTSpatialIndex 0x7046a800ac10 (Used 2 MB), Allocate result buffer, memory consumption 0 MB, capacity 18
[LIBGPUSPATIAL] [ 13690][18:01:07:380975][info  ] RTSpatialIndex 0x7046a800ac10 (Used 1 MB), Probe Points, Size: 100000, Results: 18
[LIBGPUSPATIAL] [ 13688][18:01:07:380998][info  ] RTSpatialIndex 0x7046a800ac10 (Used 1 MB), Allocate result buffer, memory consumption 0 MB, capacity 21
[LIBGPUSPATIAL] [ 13686][18:01:07:381128][info  ] RTSpatialRefiner 0x7046abd29cf0 (Used 1 MB), Loaded Geometries, ProbeArray 100000, Loaded 21, Type Point
[LIBGPUSPATIAL] [ 13686][18:01:07:381242][info  ] RTSpatialRefiner 0x7046abd29cf0 (Used 1 MB), Evaluating 27 Geometry Pairs with Predicate Contains
[LIBGPUSPATIAL] [ 13688][18:01:07:381617][info  ] RTSpatialIndex 0x7046a800ac10 (Used 1 MB), Probe Points, Size: 100000, Results: 21
[LIBGPUSPATIAL] [ 13690][18:01:07:381866][info  ] RTSpatialRefiner 0x7046abd29cf0 (Used 0 MB), Loaded Geometries, ProbeArray 100000, Loaded 17, Type Point
[LIBGPUSPATIAL] [ 13690][18:01:07:382006][info  ] RTSpatialRefiner 0x7046abd29cf0 (Used 0 MB), Evaluating 18 Geometry Pairs with Predicate Contains
[LIBGPUSPATIAL] [ 13688][18:01:07:382245][info  ] RTSpatialRefiner 0x7046abd29cf0 (Used 0 MB), Loaded Geometries, ProbeArray 100000, Loaded 16, Type Point
[LIBGPUSPATIAL] [ 13688][18:01:07:382346][info  ] RTSpatialRefiner 0x7046abd29cf0 (Used 0 MB), Evaluating 21 Geometry Pairs with Predicate Contains
[LIBGPUSPATIAL] [ 13687][18:01:07:385358][info  ] RTSpatialIndex 0x7046a800ac10 (Used 1 MB), Allocate result buffer, memory consumption 0 MB, capacity 23
[LIBGPUSPATIAL] [ 13687][18:01:07:385527][info  ] RTSpatialIndex 0x7046a800ac10 (Used 1 MB), Probe Points, Size: 100000, Results: 23
[LIBGPUSPATIAL] [ 13687][18:01:07:387167][info  ] RTSpatialRefiner 0x7046abd29cf0 (Used 0 MB), Loaded Geometries, ProbeArray 100000, Loaded 19, Type Point
[LIBGPUSPATIAL] [ 13687][18:01:07:387227][info  ] RTSpatialRefiner 0x7046abd29cf0 (Used 0 MB), Evaluating 23 Geometry Pairs with Predicate Contains
[LIBGPUSPATIAL] [ 13685][18:01:07:389311][info  ] RTSpatialIndex 0x7046a800ac10 (Used 1 MB), Allocate result buffer, memory consumption 0 MB, capacity 23
[LIBGPUSPATIAL] [ 13684][18:01:07:389360][info  ] RTSpatialIndex 0x7046a800ac10 (Used 1 MB), Allocate result buffer, memory consumption 0 MB, capacity 31
[LIBGPUSPATIAL] [ 13685][18:01:07:389503][info  ] RTSpatialIndex 0x7046a800ac10 (Used 1 MB), Probe Points, Size: 100000, Results: 23
[LIBGPUSPATIAL] [ 13684][18:01:07:389680][info  ] RTSpatialIndex 0x7046a800ac10 (Used 1 MB), Probe Points, Size: 100000, Results: 31
[LIBGPUSPATIAL] [ 13685][18:01:07:391187][info  ] RTSpatialRefiner 0x7046abd29cf0 (Used 0 MB), Loaded Geometries, ProbeArray 100000, Loaded 18, Type Point
[LIBGPUSPATIAL] [ 13685][18:01:07:391242][info  ] RTSpatialRefiner 0x7046abd29cf0 (Used 0 MB), Evaluating 23 Geometry Pairs with Predicate Contains
[LIBGPUSPATIAL] [ 13684][18:01:07:391282][info  ] RTSpatialRefiner 0x7046abd29cf0 (Used 0 MB), Loaded Geometries, ProbeArray 100000, Loaded 20, Type Point
[LIBGPUSPATIAL] [ 13684][18:01:07:391320][info  ] RTSpatialRefiner 0x7046abd29cf0 (Used 0 MB), Evaluating 31 Geometry Pairs with Predicate Contains
[LIBGPUSPATIAL] [ 13689][18:01:07:394151][info  ] RTSpatialIndex 0x7046a800ac10 (Used 1 MB), Allocate result buffer, memory consumption 0 MB, capacity 28
[LIBGPUSPATIAL] [ 13689][18:01:07:394281][info  ] RTSpatialIndex 0x7046a800ac10 (Used 1 MB), Probe Points, Size: 100000, Results: 28
[LIBGPUSPATIAL] [ 13689][18:01:07:394698][info  ] RTSpatialRefiner 0x7046abd29cf0 (Used 0 MB), Loaded Geometries, ProbeArray 100000, Loaded 22, Type Point
[LIBGPUSPATIAL] [ 13689][18:01:07:394743][info  ] RTSpatialRefiner 0x7046abd29cf0 (Used 0 MB), Evaluating 28 Geometry Pairs with Predicate Contains
[LIBGPUSPATIAL] [ 13683][18:01:07:398505][info  ] RTSpatialIndex 0x7046a800ac10 (Used 1 MB), Allocate result buffer, memory consumption 0 MB, capacity 30
[LIBGPUSPATIAL] [ 13683][18:01:07:399205][info  ] RTSpatialIndex 0x7046a800ac10 (Used 3 MB), Probe Points, Size: 100000, Results: 30
[LIBGPUSPATIAL] [ 13686][18:01:07:399472][info  ] RTSpatialIndex 0x7046a800ac10 (Used 2 MB), Allocate result buffer, memory consumption 0 MB, capacity 29
[LIBGPUSPATIAL] [ 13690][18:01:07:400470][info  ] RTSpatialIndex 0x7046a800ac10 (Used 1 MB), Allocate result buffer, memory consumption 0 MB, capacity 33
[LIBGPUSPATIAL] [ 13686][18:01:07:400477][info  ] RTSpatialIndex 0x7046a800ac10 (Used 1 MB), Probe Points, Size: 100000, Results: 29
[LIBGPUSPATIAL] [ 13690][18:01:07:400659][info  ] RTSpatialIndex 0x7046a800ac10 (Used 1 MB), Probe Points, Size: 100000, Results: 33
[LIBGPUSPATIAL] [ 13688][18:01:07:401500][info  ] RTSpatialIndex 0x7046a800ac10 (Used 1 MB), Allocate result buffer, memory consumption 0 MB, capacity 29
[LIBGPUSPATIAL] [ 13683][18:01:07:401759][info  ] RTSpatialRefiner 0x7046abd29cf0 (Used 1 MB), Loaded Geometries, ProbeArray 100000, Loaded 23, Type Point
[LIBGPUSPATIAL] [ 13688][18:01:07:401975][info  ] RTSpatialIndex 0x7046a800ac10 (Used 1 MB), Probe Points, Size: 100000, Results: 29
[LIBGPUSPATIAL] [ 13683][18:01:07:402154][info  ] RTSpatialRefiner 0x7046abd29cf0 (Used 0 MB), Evaluating 30 Geometry Pairs with Predicate Contains
[LIBGPUSPATIAL] [ 13690][18:01:07:402403][info  ] RTSpatialRefiner 0x7046abd29cf0 (Used 0 MB), Loaded Geometries, ProbeArray 100000, Loaded 26, Type Point
[LIBGPUSPATIAL] [ 13686][18:01:07:402459][info  ] RTSpatialRefiner 0x7046abd29cf0 (Used 0 MB), Loaded Geometries, ProbeArray 100000, Loaded 21, Type Point
[LIBGPUSPATIAL] [ 13690][18:01:07:402462][info  ] RTSpatialRefiner 0x7046abd29cf0 (Used 0 MB), Evaluating 33 Geometry Pairs with Predicate Contains
[LIBGPUSPATIAL] [ 13686][18:01:07:402637][info  ] RTSpatialRefiner 0x7046abd29cf0 (Used 0 MB), Evaluating 29 Geometry Pairs with Predicate Contains
[LIBGPUSPATIAL] [ 13688][18:01:07:402907][info  ] RTSpatialRefiner 0x7046abd29cf0 (Used 0 MB), Loaded Geometries, ProbeArray 100000, Loaded 22, Type Point
[LIBGPUSPATIAL] [ 13688][18:01:07:402952][info  ] RTSpatialRefiner 0x7046abd29cf0 (Used 0 MB), Evaluating 29 Geometry Pairs with Predicate Contains
[LIBGPUSPATIAL] [ 13687][18:01:07:405282][info  ] RTSpatialIndex 0x7046a800ac10 (Used 1 MB), Allocate result buffer, memory consumption 0 MB, capacity 21
[LIBGPUSPATIAL] [ 13687][18:01:07:405406][info  ] RTSpatialIndex 0x7046a800ac10 (Used 1 MB), Probe Points, Size: 100000, Results: 21
[LIBGPUSPATIAL] [ 13687][18:01:07:405964][info  ] RTSpatialRefiner 0x7046abd29cf0 (Used 0 MB), Loaded Geometries, ProbeArray 100000, Loaded 19, Type Point
[LIBGPUSPATIAL] [ 13687][18:01:07:406007][info  ] RTSpatialRefiner 0x7046abd29cf0 (Used 0 MB), Evaluating 21 Geometry Pairs with Predicate Contains
[LIBGPUSPATIAL] [ 13684][18:01:07:411179][info  ] RTSpatialIndex 0x7046a800ac10 (Used 1 MB), Allocate result buffer, memory consumption 0 MB, capacity 22
[LIBGPUSPATIAL] [ 13684][18:01:07:411481][info  ] RTSpatialIndex 0x7046a800ac10 (Used 2 MB), Probe Points, Size: 100000, Results: 22
[LIBGPUSPATIAL] [ 13685][18:01:07:411921][info  ] RTSpatialIndex 0x7046a800ac10 (Used 2 MB), Allocate result buffer, memory consumption 0 MB, capacity 26
[LIBGPUSPATIAL] [ 13684][18:01:07:412276][info  ] RTSpatialRefiner 0x7046abd29cf0 (Used 3 MB), Loaded Geometries, ProbeArray 100000, Loaded 19, Type Point
[LIBGPUSPATIAL] [ 13684][18:01:07:412378][info  ] RTSpatialRefiner 0x7046abd29cf0 (Used 1 MB), Evaluating 22 Geometry Pairs with Predicate Contains
[LIBGPUSPATIAL] [ 13685][18:01:07:412465][info  ] RTSpatialIndex 0x7046a800ac10 (Used 1 MB), Probe Points, Size: 100000, Results: 26
[LIBGPUSPATIAL] [ 13689][18:01:07:412616][info  ] RTSpatialIndex 0x7046a800ac10 (Used 1 MB), Allocate result buffer, memory consumption 0 MB, capacity 29
[LIBGPUSPATIAL] [ 13689][18:01:07:412995][info  ] RTSpatialIndex 0x7046a800ac10 (Used 1 MB), Probe Points, Size: 100000, Results: 29
[LIBGPUSPATIAL] [ 13685][18:01:07:413194][info  ] RTSpatialRefiner 0x7046abd29cf0 (Used 0 MB), Loaded Geometries, ProbeArray 100000, Loaded 18, Type Point
[LIBGPUSPATIAL] [ 13685][18:01:07:413293][info  ] RTSpatialRefiner 0x7046abd29cf0 (Used 0 MB), Evaluating 26 Geometry Pairs with Predicate Contains
[LIBGPUSPATIAL] [ 13689][18:01:07:413465][info  ] RTSpatialRefiner 0x7046abd29cf0 (Used 0 MB), Loaded Geometries, ProbeArray 100000, Loaded 20, Type Point
[LIBGPUSPATIAL] [ 13689][18:01:07:413500][info  ] RTSpatialRefiner 0x7046abd29cf0 (Used 0 MB), Evaluating 29 Geometry Pairs with Predicate Contains
[LIBGPUSPATIAL] [ 13686][18:01:07:420723][info  ] RTSpatialIndex 0x7046a800ac10 (Used 1 MB), Allocate result buffer, memory consumption 0 MB, capacity 24
[LIBGPUSPATIAL] [ 13686][18:01:07:421006][info  ] RTSpatialIndex 0x7046a800ac10 (Used 1 MB), Probe Points, Size: 100000, Results: 24
[LIBGPUSPATIAL] [ 13688][18:01:07:421582][info  ] RTSpatialIndex 0x7046a800ac10 (Used 1 MB), Allocate result buffer, memory consumption 0 MB, capacity 28
[LIBGPUSPATIAL] [ 13688][18:01:07:421722][info  ] RTSpatialIndex 0x7046a800ac10 (Used 2 MB), Probe Points, Size: 100000, Results: 28
[LIBGPUSPATIAL] [ 13683][18:01:07:422129][info  ] RTSpatialIndex 0x7046a800ac10 (Used 1 MB), Allocate result buffer, memory consumption 0 MB, capacity 21
[LIBGPUSPATIAL] [ 13683][18:01:07:422243][info  ] RTSpatialIndex 0x7046a800ac10 (Used 1 MB), Probe Points, Size: 100000, Results: 21
[LIBGPUSPATIAL] [ 13686][18:01:07:422713][info  ] RTSpatialRefiner 0x7046abd29cf0 (Used 3 MB), Loaded Geometries, ProbeArray 100000, Loaded 18, Type Point
[LIBGPUSPATIAL] [ 13686][18:01:07:422771][info  ] RTSpatialRefiner 0x7046abd29cf0 (Used 3 MB), Evaluating 24 Geometry Pairs with Predicate Contains
[LIBGPUSPATIAL] [ 13688][18:01:07:422784][info  ] RTSpatialRefiner 0x7046abd29cf0 (Used 3 MB), Loaded Geometries, ProbeArray 100000, Loaded 21, Type Point
[LIBGPUSPATIAL] [ 13683][18:01:07:422809][info  ] RTSpatialRefiner 0x7046abd29cf0 (Used 3 MB), Loaded Geometries, ProbeArray 100000, Loaded 18, Type Point
[LIBGPUSPATIAL] [ 13688][18:01:07:422861][info  ] RTSpatialRefiner 0x7046abd29cf0 (Used 3 MB), Evaluating 28 Geometry Pairs with Predicate Contains
[LIBGPUSPATIAL] [ 13683][18:01:07:422901][info  ] RTSpatialRefiner 0x7046abd29cf0 (Used 3 MB), Evaluating 21 Geometry Pairs with Predicate Contains
[LIBGPUSPATIAL] [ 13687][18:01:07:423378][info  ] RTSpatialIndex 0x7046a800ac10 (Used 1 MB), Allocate result buffer, memory consumption 0 MB, capacity 11
[LIBGPUSPATIAL] [ 13690][18:01:07:423613][info  ] RTSpatialIndex 0x7046a800ac10 (Used 2 MB), Allocate result buffer, memory consumption 0 MB, capacity 15
[LIBGPUSPATIAL] [ 13690][18:01:07:424099][info  ] RTSpatialIndex 0x7046a800ac10 (Used 2 MB), Probe Points, Size: 100000, Results: 15
[LIBGPUSPATIAL] [ 13687][18:01:07:424160][info  ] RTSpatialIndex 0x7046a800ac10 (Used 1 MB), Probe Points, Size: 100000, Results: 11
[LIBGPUSPATIAL] [ 13687][18:01:07:427048][info  ] RTSpatialRefiner 0x7046abd29cf0 (Used 0 MB), Loaded Geometries, ProbeArray 100000, Loaded 10, Type Point
[LIBGPUSPATIAL] [ 13690][18:01:07:427051][info  ] RTSpatialRefiner 0x7046abd29cf0 (Used 0 MB), Loaded Geometries, ProbeArray 100000, Loaded 13, Type Point
[LIBGPUSPATIAL] [ 13687][18:01:07:427103][info  ] RTSpatialRefiner 0x7046abd29cf0 (Used 0 MB), Evaluating 11 Geometry Pairs with Predicate Contains
[LIBGPUSPATIAL] [ 13690][18:01:07:427122][info  ] RTSpatialRefiner 0x7046abd29cf0 (Used 0 MB), Evaluating 15 Geometry Pairs with Predicate Contains
[LIBGPUSPATIAL] [ 13684][18:01:07:429697][info  ] RTSpatialIndex 0x7046a800ac10 (Used 1 MB), Allocate result buffer, memory consumption 0 MB, capacity 24
[LIBGPUSPATIAL] [ 13684][18:01:07:429830][info  ] RTSpatialIndex 0x7046a800ac10 (Used 1 MB), Probe Points, Size: 100000, Results: 24
[LIBGPUSPATIAL] [ 13684][18:01:07:431710][info  ] RTSpatialRefiner 0x7046abd29cf0 (Used 2 MB), Loaded Geometries, ProbeArray 100000, Loaded 18, Type Point
[LIBGPUSPATIAL] [ 13685][18:01:07:431737][info  ] RTSpatialIndex 0x7046a800ac10 (Used 2 MB), Allocate result buffer, memory consumption 0 MB, capacity 29
[LIBGPUSPATIAL] [ 13684][18:01:07:431785][info  ] RTSpatialRefiner 0x7046abd29cf0 (Used 3 MB), Evaluating 24 Geometry Pairs with Predicate Contains
[LIBGPUSPATIAL] [ 13689][18:01:07:432205][info  ] RTSpatialIndex 0x7046a800ac10 (Used 1 MB), Allocate result buffer, memory consumption 0 MB, capacity 23
[LIBGPUSPATIAL] [ 13685][18:01:07:432246][info  ] RTSpatialIndex 0x7046a800ac10 (Used 1 MB), Probe Points, Size: 100000, Results: 29
[LIBGPUSPATIAL] [ 13689][18:01:07:432565][info  ] RTSpatialIndex 0x7046a800ac10 (Used 1 MB), Probe Points, Size: 100000, Results: 23
[LIBGPUSPATIAL] [ 13685][18:01:07:433033][info  ] RTSpatialRefiner 0x7046abd29cf0 (Used 0 MB), Loaded Geometries, ProbeArray 100000, Loaded 22, Type Point
[LIBGPUSPATIAL] [ 13685][18:01:07:433072][info  ] RTSpatialRefiner 0x7046abd29cf0 (Used 0 MB), Evaluating 29 Geometry Pairs with Predicate Contains
[LIBGPUSPATIAL] [ 13689][18:01:07:434049][info  ] RTSpatialRefiner 0x7046abd29cf0 (Used 0 MB), Loaded Geometries, ProbeArray 100000, Loaded 18, Type Point
[LIBGPUSPATIAL] [ 13689][18:01:07:434122][info  ] RTSpatialRefiner 0x7046abd29cf0 (Used 0 MB), Evaluating 23 Geometry Pairs with Predicate Contains
[LIBGPUSPATIAL] [ 13683][18:01:07:440757][info  ] RTSpatialIndex 0x7046a800ac10 (Used 1 MB), Allocate result buffer, memory consumption 0 MB, capacity 21
[LIBGPUSPATIAL] [ 13683][18:01:07:440901][info  ] RTSpatialIndex 0x7046a800ac10 (Used 1 MB), Probe Points, Size: 100000, Results: 21
[LIBGPUSPATIAL] [ 13686][18:01:07:441332][info  ] RTSpatialIndex 0x7046a800ac10 (Used 1 MB), Allocate result buffer, memory consumption 0 MB, capacity 24
[LIBGPUSPATIAL] [ 13686][18:01:07:441469][info  ] RTSpatialIndex 0x7046a800ac10 (Used 1 MB), Probe Points, Size: 100000, Results: 24
[LIBGPUSPATIAL] [ 13683][18:01:07:442293][info  ] RTSpatialRefiner 0x7046abd29cf0 (Used 0 MB), Loaded Geometries, ProbeArray 100000, Loaded 16, Type Point
[LIBGPUSPATIAL] [ 13683][18:01:07:442338][info  ] RTSpatialRefiner 0x7046abd29cf0 (Used 0 MB), Evaluating 21 Geometry Pairs with Predicate Contains
[LIBGPUSPATIAL] [ 13686][18:01:07:443106][info  ] RTSpatialRefiner 0x7046abd29cf0 (Used 1 MB), Loaded Geometries, ProbeArray 100000, Loaded 19, Type Point
[LIBGPUSPATIAL] [ 13686][18:01:07:443165][info  ] RTSpatialRefiner 0x7046abd29cf0 (Used 1 MB), Evaluating 24 Geometry Pairs with Predicate Contains
[LIBGPUSPATIAL] [ 13688][18:01:07:443486][info  ] RTSpatialIndex 0x7046a800ac10 (Used 1 MB), Allocate result buffer, memory consumption 0 MB, capacity 16
[LIBGPUSPATIAL] [ 13688][18:01:07:443803][info  ] RTSpatialIndex 0x7046a800ac10 (Used 1 MB), Probe Points, Size: 100000, Results: 16
[LIBGPUSPATIAL] [ 13690][18:01:07:444270][info  ] RTSpatialIndex 0x7046a800ac10 (Used 1 MB), Allocate result buffer, memory consumption 0 MB, capacity 16
[LIBGPUSPATIAL] [ 13690][18:01:07:444413][info  ] RTSpatialIndex 0x7046a800ac10 (Used 1 MB), Probe Points, Size: 100000, Results: 16
[LIBGPUSPATIAL] [ 13688][18:01:07:445090][info  ] RTSpatialRefiner 0x7046abd29cf0 (Used 0 MB), Loaded Geometries, ProbeArray 100000, Loaded 15, Type Point
[LIBGPUSPATIAL] [ 13688][18:01:07:445140][info  ] RTSpatialRefiner 0x7046abd29cf0 (Used 0 MB), Evaluating 16 Geometry Pairs with Predicate Contains
[LIBGPUSPATIAL] [ 13690][18:01:07:446274][info  ] RTSpatialRefiner 0x7046abd29cf0 (Used 0 MB), Loaded Geometries, ProbeArray 100000, Loaded 11, Type Point
[LIBGPUSPATIAL] [ 13690][18:01:07:446325][info  ] RTSpatialRefiner 0x7046abd29cf0 (Used 0 MB), Evaluating 16 Geometry Pairs with Predicate Contains
[LIBGPUSPATIAL] [ 13687][18:01:07:447255][info  ] RTSpatialIndex 0x7046a800ac10 (Used 1 MB), Allocate result buffer, memory consumption 0 MB, capacity 27
[LIBGPUSPATIAL] [ 13687][18:01:07:447556][info  ] RTSpatialIndex 0x7046a800ac10 (Used 1 MB), Probe Points, Size: 100000, Results: 27
[LIBGPUSPATIAL] [ 13687][18:01:07:447995][info  ] RTSpatialRefiner 0x7046abd29cf0 (Used 0 MB), Loaded Geometries, ProbeArray 100000, Loaded 20, Type Point
[LIBGPUSPATIAL] [ 13687][18:01:07:448045][info  ] RTSpatialRefiner 0x7046abd29cf0 (Used 0 MB), Evaluating 27 Geometry Pairs with Predicate Contains
[LIBGPUSPATIAL] [ 13685][18:01:07:450427][info  ] RTSpatialIndex 0x7046a800ac10 (Used 1 MB), Allocate result buffer, memory consumption 0 MB, capacity 17
[LIBGPUSPATIAL] [ 13684][18:01:07:450456][info  ] RTSpatialIndex 0x7046a800ac10 (Used 1 MB), Allocate result buffer, memory consumption 0 MB, capacity 15
[LIBGPUSPATIAL] [ 13685][18:01:07:450728][info  ] RTSpatialIndex 0x7046a800ac10 (Used 1 MB), Probe Points, Size: 100000, Results: 17
[LIBGPUSPATIAL] [ 13684][18:01:07:450821][info  ] RTSpatialIndex 0x7046a800ac10 (Used 1 MB), Probe Points, Size: 100000, Results: 15
[LIBGPUSPATIAL] [ 13685][18:01:07:451136][info  ] RTSpatialRefiner 0x7046abd29cf0 (Used 0 MB), Loaded Geometries, ProbeArray 100000, Loaded 12, Type Point
[LIBGPUSPATIAL] [ 13685][18:01:07:451178][info  ] RTSpatialRefiner 0x7046abd29cf0 (Used 0 MB), Evaluating 17 Geometry Pairs with Predicate Contains
[LIBGPUSPATIAL] [ 13689][18:01:07:453510][info  ] RTSpatialIndex 0x7046a800ac10 (Used 1 MB), Allocate result buffer, memory consumption 0 MB, capacity 22
[LIBGPUSPATIAL] [ 13689][18:01:07:453652][info  ] RTSpatialIndex 0x7046a800ac10 (Used 1 MB), Probe Points, Size: 100000, Results: 22
[LIBGPUSPATIAL] [ 13689][18:01:07:454103][info  ] RTSpatialRefiner 0x7046abd29cf0 (Used 0 MB), Loaded Geometries, ProbeArray 100000, Loaded 19, Type Point
[LIBGPUSPATIAL] [ 13689][18:01:07:454158][info  ] RTSpatialRefiner 0x7046abd29cf0 (Used 0 MB), Evaluating 22 Geometry Pairs with Predicate Contains
[LIBGPUSPATIAL] [ 13684][18:01:07:454108][info  ] RTSpatialRefiner 0x7046abd29cf0 (Used 0 MB), Loaded Geometries, ProbeArray 100000, Loaded 11, Type Point
[LIBGPUSPATIAL] [ 13684][18:01:07:454322][info  ] RTSpatialRefiner 0x7046abd29cf0 (Used 0 MB), Evaluating 15 Geometry Pairs with Predicate Contains
[LIBGPUSPATIAL] [ 13683][18:01:07:458358][info  ] RTSpatialIndex 0x7046a800ac10 (Used 1 MB), Allocate result buffer, memory consumption 0 MB, capacity 37
[LIBGPUSPATIAL] [ 13683][18:01:07:458513][info  ] RTSpatialIndex 0x7046a800ac10 (Used 1 MB), Probe Points, Size: 100000, Results: 37
[LIBGPUSPATIAL] [ 13683][18:01:07:460050][info  ] RTSpatialRefiner 0x7046abd29cf0 (Used 0 MB), Loaded Geometries, ProbeArray 100000, Loaded 26, Type Point
[LIBGPUSPATIAL] [ 13683][18:01:07:460109][info  ] RTSpatialRefiner 0x7046abd29cf0 (Used 0 MB), Evaluating 37 Geometry Pairs with Predicate Contains
[LIBGPUSPATIAL] [ 13686][18:01:07:460946][info  ] RTSpatialIndex 0x7046a800ac10 (Used 1 MB), Allocate result buffer, memory consumption 0 MB, capacity 19
[LIBGPUSPATIAL] [ 13686][18:01:07:461070][info  ] RTSpatialIndex 0x7046a800ac10 (Used 1 MB), Probe Points, Size: 100000, Results: 19
[LIBGPUSPATIAL] [ 13686][18:01:07:461466][info  ] RTSpatialRefiner 0x7046abd29cf0 (Used 0 MB), Loaded Geometries, ProbeArray 100000, Loaded 16, Type Point
[LIBGPUSPATIAL] [ 13686][18:01:07:461538][info  ] RTSpatialRefiner 0x7046abd29cf0 (Used 0 MB), Evaluating 19 Geometry Pairs with Predicate Contains
[LIBGPUSPATIAL] [ 13688][18:01:07:462190][info  ] RTSpatialIndex 0x7046a800ac10 (Used 1 MB), Allocate result buffer, memory consumption 0 MB, capacity 34
[LIBGPUSPATIAL] [ 13688][18:01:07:462460][info  ] RTSpatialIndex 0x7046a800ac10 (Used 2 MB), Probe Points, Size: 100000, Results: 34
[LIBGPUSPATIAL] [ 13690][18:01:07:462958][info  ] RTSpatialIndex 0x7046a800ac10 (Used 1 MB), Allocate result buffer, memory consumption 0 MB, capacity 30
[LIBGPUSPATIAL] [ 13690][18:01:07:463205][info  ] RTSpatialIndex 0x7046a800ac10 (Used 1 MB), Probe Points, Size: 100000, Results: 30
[LIBGPUSPATIAL] [ 13688][18:01:07:463216][info  ] RTSpatialRefiner 0x7046abd29cf0 (Used 1 MB), Loaded Geometries, ProbeArray 100000, Loaded 27, Type Point
[LIBGPUSPATIAL] [ 13688][18:01:07:463268][info  ] RTSpatialRefiner 0x7046abd29cf0 (Used 0 MB), Evaluating 34 Geometry Pairs with Predicate Contains
[LIBGPUSPATIAL] [ 13690][18:01:07:463594][info  ] RTSpatialRefiner 0x7046abd29cf0 (Used 0 MB), Loaded Geometries, ProbeArray 100000, Loaded 20, Type Point
[LIBGPUSPATIAL] [ 13690][18:01:07:463637][info  ] RTSpatialRefiner 0x7046abd29cf0 (Used 0 MB), Evaluating 30 Geometry Pairs with Predicate Contains
[LIBGPUSPATIAL] [ 13687][18:01:07:464378][info  ] RTSpatialIndex 0x7046a800ac10 (Used 1 MB), Allocate result buffer, memory consumption 0 MB, capacity 13
[LIBGPUSPATIAL] [ 13687][18:01:07:464530][info  ] RTSpatialIndex 0x7046a800ac10 (Used 1 MB), Probe Points, Size: 100000, Results: 13
[LIBGPUSPATIAL] [ 13687][18:01:07:464902][info  ] RTSpatialRefiner 0x7046abd29cf0 (Used 0 MB), Loaded Geometries, ProbeArray 100000, Loaded 10, Type Point
[LIBGPUSPATIAL] [ 13687][18:01:07:464949][info  ] RTSpatialRefiner 0x7046abd29cf0 (Used 0 MB), Evaluating 13 Geometry Pairs with Predicate Contains
[LIBGPUSPATIAL] [ 13685][18:01:07:469396][info  ] RTSpatialIndex 0x7046a800ac10 (Used 1 MB), Allocate result buffer, memory consumption 0 MB, capacity 28
[LIBGPUSPATIAL] [ 13685][18:01:07:469569][info  ] RTSpatialIndex 0x7046a800ac10 (Used 1 MB), Probe Points, Size: 100000, Results: 28
[LIBGPUSPATIAL] [ 13686][18:01:07:469635][info  ] RTSpatialIndex 0x7046a800ac10 (Used 0 MB), Allocate result buffer, memory consumption 0 MB, capacity 9
[LIBGPUSPATIAL] [ 13686][18:01:07:469919][info  ] RTSpatialIndex 0x7046a800ac10 (Used 0 MB), Probe Points, Size: 33333, Results: 9
[LIBGPUSPATIAL] [ 13685][18:01:07:472132][info  ] RTSpatialRefiner 0x7046abd29cf0 (Used 2 MB), Loaded Geometries, ProbeArray 100000, Loaded 20, Type Point
[LIBGPUSPATIAL] [ 13685][18:01:07:472178][info  ] RTSpatialRefiner 0x7046abd29cf0 (Used 2 MB), Evaluating 28 Geometry Pairs with Predicate Contains
[LIBGPUSPATIAL] [ 13684][18:01:07:472272][info  ] RTSpatialIndex 0x7046a800ac10 (Used 1 MB), Allocate result buffer, memory consumption 0 MB, capacity 23
[LIBGPUSPATIAL] [ 13686][18:01:07:472617][info  ] RTSpatialRefiner 0x7046abd29cf0 (Used 1 MB), Loaded Geometries, ProbeArray 33333, Loaded 7, Type Point
[LIBGPUSPATIAL] [ 13686][18:01:07:472682][info  ] RTSpatialRefiner 0x7046abd29cf0 (Used 1 MB), Evaluating 9 Geometry Pairs with Predicate Contains
[LIBGPUSPATIAL] [ 13689][18:01:07:472744][info  ] RTSpatialIndex 0x7046a800ac10 (Used 1 MB), Allocate result buffer, memory consumption 0 MB, capacity 19
[LIBGPUSPATIAL] [ 13684][18:01:07:472866][info  ] RTSpatialIndex 0x7046a800ac10 (Used 1 MB), Probe Points, Size: 100000, Results: 23
[LIBGPUSPATIAL] [ 13689][18:01:07:473380][info  ] RTSpatialIndex 0x7046a800ac10 (Used 1 MB), Probe Points, Size: 100000, Results: 19
[LIBGPUSPATIAL] [ 13684][18:01:07:473575][info  ] RTSpatialRefiner 0x7046abd29cf0 (Used 0 MB), Loaded Geometries, ProbeArray 100000, Loaded 17, Type Point
[LIBGPUSPATIAL] [ 13684][18:01:07:473612][info  ] RTSpatialRefiner 0x7046abd29cf0 (Used 0 MB), Evaluating 23 Geometry Pairs with Predicate Contains
[LIBGPUSPATIAL] [ 13689][18:01:07:474215][info  ] RTSpatialRefiner 0x7046abd29cf0 (Used 0 MB), Loaded Geometries, ProbeArray 100000, Loaded 16, Type Point
[LIBGPUSPATIAL] [ 13689][18:01:07:474259][info  ] RTSpatialRefiner 0x7046abd29cf0 (Used 0 MB), Evaluating 19 Geometry Pairs with Predicate Contains
[LIBGPUSPATIAL] [ 13683][18:01:07:476478][info  ] RTSpatialIndex 0x7046a800ac10 (Used 1 MB), Allocate result buffer, memory consumption 0 MB, capacity 16
[LIBGPUSPATIAL] [ 13683][18:01:07:476639][info  ] RTSpatialIndex 0x7046a800ac10 (Used 1 MB), Probe Points, Size: 100000, Results: 16
[LIBGPUSPATIAL] [ 13688][18:01:07:477148][info  ] RTSpatialIndex 0x7046a800ac10 (Used 1 MB), Allocate result buffer, memory consumption 0 MB, capacity 19
[LIBGPUSPATIAL] [ 13688][18:01:07:477288][info  ] RTSpatialIndex 0x7046a800ac10 (Used 1 MB), Probe Points, Size: 100000, Results: 19
[LIBGPUSPATIAL] [ 13683][18:01:07:477811][info  ] RTSpatialRefiner 0x7046abd29cf0 (Used 0 MB), Loaded Geometries, ProbeArray 100000, Loaded 13, Type Point
[LIBGPUSPATIAL] [ 13683][18:01:07:477873][info  ] RTSpatialRefiner 0x7046abd29cf0 (Used 0 MB), Evaluating 16 Geometry Pairs with Predicate Contains
[LIBGPUSPATIAL] [ 13688][18:01:07:479098][info  ] RTSpatialRefiner 0x7046abd29cf0 (Used 0 MB), Loaded Geometries, ProbeArray 100000, Loaded 14, Type Point
[LIBGPUSPATIAL] [ 13688][18:01:07:479154][info  ] RTSpatialRefiner 0x7046abd29cf0 (Used 0 MB), Evaluating 19 Geometry Pairs with Predicate Contains
[LIBGPUSPATIAL] [ 13687][18:01:07:482279][info  ] RTSpatialIndex 0x7046a800ac10 (Used 1 MB), Allocate result buffer, memory consumption 0 MB, capacity 27
[LIBGPUSPATIAL] [ 13690][18:01:07:482279][info  ] RTSpatialIndex 0x7046a800ac10 (Used 1 MB), Allocate result buffer, memory consumption 0 MB, capacity 25
[LIBGPUSPATIAL] [ 13687][18:01:07:482565][info  ] RTSpatialIndex 0x7046a800ac10 (Used 1 MB), Probe Points, Size: 100000, Results: 27
[LIBGPUSPATIAL] [ 13690][18:01:07:482634][info  ] RTSpatialIndex 0x7046a800ac10 (Used 1 MB), Probe Points, Size: 100000, Results: 25
[LIBGPUSPATIAL] [ 13683][18:01:07:485267][info  ] RTSpatialIndex 0x7046a800ac10 (Used 0 MB), Allocate result buffer, memory consumption 0 MB, capacity 14
[LIBGPUSPATIAL] [ 13683][18:01:07:485382][info  ] RTSpatialIndex 0x7046a800ac10 (Used 0 MB), Probe Points, Size: 33333, Results: 14
[LIBGPUSPATIAL] [ 13690][18:01:07:485811][info  ] RTSpatialRefiner 0x7046abd29cf0 (Used 0 MB), Loaded Geometries, ProbeArray 100000, Loaded 16, Type Point
[LIBGPUSPATIAL] [ 13687][18:01:07:485858][info  ] RTSpatialRefiner 0x7046abd29cf0 (Used 0 MB), Loaded Geometries, ProbeArray 100000, Loaded 23, Type Point
[LIBGPUSPATIAL] [ 13690][18:01:07:485877][info  ] RTSpatialRefiner 0x7046abd29cf0 (Used 0 MB), Evaluating 25 Geometry Pairs with Predicate Contains
[LIBGPUSPATIAL] [ 13687][18:01:07:485903][info  ] RTSpatialRefiner 0x7046abd29cf0 (Used 0 MB), Evaluating 27 Geometry Pairs with Predicate Contains
[LIBGPUSPATIAL] [ 13683][18:01:07:486204][info  ] RTSpatialRefiner 0x7046abd29cf0 (Used 0 MB), Loaded Geometries, ProbeArray 33333, Loaded 12, Type Point
[LIBGPUSPATIAL] [ 13683][18:01:07:486247][info  ] RTSpatialRefiner 0x7046abd29cf0 (Used 0 MB), Evaluating 14 Geometry Pairs with Predicate Contains
[LIBGPUSPATIAL] [ 13687][18:01:07:493945][info  ] RTSpatialIndex 0x7046a800ac10 (Used 2 MB), Allocate result buffer, memory consumption 0 MB, capacity 9
[LIBGPUSPATIAL] [ 13690][18:01:07:493945][info  ] RTSpatialIndex 0x7046a800ac10 (Used 2 MB), Allocate result buffer, memory consumption 0 MB, capacity 11
[LIBGPUSPATIAL] [ 13689][18:01:07:494002][info  ] RTSpatialIndex 0x7046a800ac10 (Used 2 MB), Allocate result buffer, memory consumption 0 MB, capacity 32
[LIBGPUSPATIAL] [ 13685][18:01:07:494062][info  ] RTSpatialIndex 0x7046a800ac10 (Used 2 MB), Allocate result buffer, memory consumption 0 MB, capacity 20
[LIBGPUSPATIAL] [ 13690][18:01:07:494285][info  ] RTSpatialIndex 0x7046a800ac10 (Used 2 MB), Probe Points, Size: 33333, Results: 11
[LIBGPUSPATIAL] [ 13687][18:01:07:494811][info  ] RTSpatialIndex 0x7046a800ac10 (Used 4 MB), Probe Points, Size: 33333, Results: 9
[LIBGPUSPATIAL] [ 13685][18:01:07:495087][info  ] RTSpatialIndex 0x7046a800ac10 (Used 2 MB), Probe Points, Size: 100000, Results: 20
[LIBGPUSPATIAL] [ 13690][18:01:07:495094][info  ] RTSpatialRefiner 0x7046abd29cf0 (Used 2 MB), Loaded Geometries, ProbeArray 33333, Loaded 9, Type Point
[LIBGPUSPATIAL] [ 13690][18:01:07:495212][info  ] RTSpatialRefiner 0x7046abd29cf0 (Used 1 MB), Evaluating 11 Geometry Pairs with Predicate Contains
[LIBGPUSPATIAL] [ 13689][18:01:07:495358][info  ] RTSpatialIndex 0x7046a800ac10 (Used 1 MB), Probe Points, Size: 100000, Results: 32
[LIBGPUSPATIAL] [ 13684][18:01:07:495560][info  ] RTSpatialIndex 0x7046a800ac10 (Used 1 MB), Allocate result buffer, memory consumption 0 MB, capacity 14
[LIBGPUSPATIAL] [ 13687][18:01:07:495677][info  ] RTSpatialRefiner 0x7046abd29cf0 (Used 1 MB), Loaded Geometries, ProbeArray 33333, Loaded 7, Type Point
[LIBGPUSPATIAL] [ 13685][18:01:07:495786][info  ] RTSpatialRefiner 0x7046abd29cf0 (Used 1 MB), Loaded Geometries, ProbeArray 100000, Loaded 19, Type Point
[LIBGPUSPATIAL] [ 13687][18:01:07:495815][info  ] RTSpatialRefiner 0x7046abd29cf0 (Used 1 MB), Evaluating 9 Geometry Pairs with Predicate Contains
[LIBGPUSPATIAL] [ 13685][18:01:07:495853][info  ] RTSpatialRefiner 0x7046abd29cf0 (Used 1 MB), Evaluating 20 Geometry Pairs with Predicate Contains
[LIBGPUSPATIAL] [ 13684][18:01:07:496305][info  ] RTSpatialIndex 0x7046a800ac10 (Used 1 MB), Probe Points, Size: 100000, Results: 14
[LIBGPUSPATIAL] [ 13689][18:01:07:496325][info  ] RTSpatialRefiner 0x7046abd29cf0 (Used 0 MB), Loaded Geometries, ProbeArray 100000, Loaded 22, Type Point
[LIBGPUSPATIAL] [ 13689][18:01:07:496386][info  ] RTSpatialRefiner 0x7046abd29cf0 (Used 0 MB), Evaluating 32 Geometry Pairs with Predicate Contains
[LIBGPUSPATIAL] [ 13684][18:01:07:497294][info  ] RTSpatialRefiner 0x7046abd29cf0 (Used 0 MB), Loaded Geometries, ProbeArray 100000, Loaded 11, Type Point
[LIBGPUSPATIAL] [ 13684][18:01:07:497345][info  ] RTSpatialRefiner 0x7046abd29cf0 (Used 0 MB), Evaluating 14 Geometry Pairs with Predicate Contains
[LIBGPUSPATIAL] [ 13688][18:01:07:498441][info  ] RTSpatialIndex 0x7046a800ac10 (Used 1 MB), Allocate result buffer, memory consumption 0 MB, capacity 21
[LIBGPUSPATIAL] [ 13688][18:01:07:498611][info  ] RTSpatialIndex 0x7046a800ac10 (Used 1 MB), Probe Points, Size: 100000, Results: 21
[LIBGPUSPATIAL] [ 13688][18:01:07:501487][info  ] RTSpatialRefiner 0x7046abd29cf0 (Used 0 MB), Loaded Geometries, ProbeArray 100000, Loaded 14, Type Point
[LIBGPUSPATIAL] [ 13688][18:01:07:501699][info  ] RTSpatialRefiner 0x7046abd29cf0 (Used 0 MB), Evaluating 21 Geometry Pairs with Predicate Contains
[LIBGPUSPATIAL] [ 13684][18:01:07:504004][info  ] RTSpatialIndex 0x7046a800ac10 (Used 0 MB), Allocate result buffer, memory consumption 0 MB, capacity 12
[LIBGPUSPATIAL] [ 13684][18:01:07:504133][info  ] RTSpatialIndex 0x7046a800ac10 (Used 0 MB), Probe Points, Size: 33333, Results: 12
[LIBGPUSPATIAL] [ 13685][18:01:07:505190][info  ] RTSpatialIndex 0x7046a800ac10 (Used 0 MB), Allocate result buffer, memory consumption 0 MB, capacity 13
[LIBGPUSPATIAL] [ 13689][18:01:07:505314][info  ] RTSpatialIndex 0x7046a800ac10 (Used 0 MB), Allocate result buffer, memory consumption 0 MB, capacity 4
[LIBGPUSPATIAL] [ 13685][18:01:07:505454][info  ] RTSpatialIndex 0x7046a800ac10 (Used 0 MB), Probe Points, Size: 33333, Results: 13
[LIBGPUSPATIAL] [ 13689][18:01:07:505506][info  ] RTSpatialIndex 0x7046a800ac10 (Used 0 MB), Probe Points, Size: 33333, Results: 4
[LIBGPUSPATIAL] [ 13684][18:01:07:506161][info  ] RTSpatialRefiner 0x7046abd29cf0 (Used 1 MB), Loaded Geometries, ProbeArray 33333, Loaded 10, Type Point
[LIBGPUSPATIAL] [ 13686][18:01:07:506176][info  ] RTSpatialIndex 0x7046a800ac10 (Used 1 MB), Allocate result buffer, memory consumption 0 MB, capacity 23
[LIBGPUSPATIAL] [ 13684][18:01:07:506226][info  ] RTSpatialRefiner 0x7046abd29cf0 (Used 1 MB), Evaluating 12 Geometry Pairs with Predicate Contains
[LIBGPUSPATIAL] [ 13689][18:01:07:506236][info  ] RTSpatialRefiner 0x7046abd29cf0 (Used 1 MB), Loaded Geometries, ProbeArray 33333, Loaded 3, Type Point
[LIBGPUSPATIAL] [ 13689][18:01:07:506283][info  ] RTSpatialRefiner 0x7046abd29cf0 (Used 1 MB), Evaluating 4 Geometry Pairs with Predicate Contains
[LIBGPUSPATIAL] [ 13686][18:01:07:506290][info  ] RTSpatialIndex 0x7046a800ac10 (Used 1 MB), Probe Points, Size: 100000, Results: 23
[LIBGPUSPATIAL] [ 13685][18:01:07:506347][info  ] RTSpatialRefiner 0x7046abd29cf0 (Used 0 MB), Loaded Geometries, ProbeArray 33333, Loaded 9, Type Point
[LIBGPUSPATIAL] [ 13685][18:01:07:506385][info  ] RTSpatialRefiner 0x7046abd29cf0 (Used 0 MB), Evaluating 13 Geometry Pairs with Predicate Contains
[LIBGPUSPATIAL] [ 13686][18:01:07:507035][info  ] RTSpatialRefiner 0x7046abd29cf0 (Used 0 MB), Loaded Geometries, ProbeArray 100000, Loaded 19, Type Point
[LIBGPUSPATIAL] [ 13686][18:01:07:507098][info  ] RTSpatialRefiner 0x7046abd29cf0 (Used 0 MB), Evaluating 23 Geometry Pairs with Predicate Contains
[LIBGPUSPATIAL] [ 13688][18:01:07:509836][info  ] RTSpatialIndex 0x7046a800ac10 (Used 0 MB), Allocate result buffer, memory consumption 0 MB, capacity 7
[LIBGPUSPATIAL] [ 13688][18:01:07:510100][info  ] RTSpatialIndex 0x7046a800ac10 (Used 0 MB), Probe Points, Size: 33333, Results: 7
[LIBGPUSPATIAL] [ 13688][18:01:07:510937][info  ] RTSpatialRefiner 0x7046abd29cf0 (Used 0 MB), Loaded Geometries, ProbeArray 33333, Loaded 6, Type Point
[LIBGPUSPATIAL] [ 13688][18:01:07:510993][info  ] RTSpatialRefiner 0x7046abd29cf0 (Used 0 MB), Evaluating 7 Geometry Pairs with Predicate Contains
[LIBGPUSPATIAL] [ 13690][18:01:07:520040][info  ] RTSpatialIndex 0x7046a800ac10 (Used 1 MB), Allocate result buffer, memory consumption 0 MB, capacity 25
[LIBGPUSPATIAL] [ 13690][18:01:07:520266][info  ] RTSpatialIndex 0x7046a800ac10 (Used 1 MB), Probe Points, Size: 100000, Results: 25
[LIBGPUSPATIAL] [ 13690][18:01:07:521083][info  ] RTSpatialRefiner 0x7046abd29cf0 (Used 0 MB), Loaded Geometries, ProbeArray 100000, Loaded 18, Type Point
[LIBGPUSPATIAL] [ 13690][18:01:07:521136][info  ] RTSpatialRefiner 0x7046abd29cf0 (Used 0 MB), Evaluating 25 Geometry Pairs with Predicate Contains
[LIBGPUSPATIAL] [ 13686][18:01:07:526479][info  ] RTSpatialIndex 0x7046a800ac10 (Used 1 MB), Allocate result buffer, memory consumption 0 MB, capacity 22
[LIBGPUSPATIAL] [ 13686][18:01:07:526745][info  ] RTSpatialIndex 0x7046a800ac10 (Used 1 MB), Probe Points, Size: 100000, Results: 22
[LIBGPUSPATIAL] [ 13686][18:01:07:527567][info  ] RTSpatialRefiner 0x7046abd29cf0 (Used 0 MB), Loaded Geometries, ProbeArray 100000, Loaded 16, Type Point
[LIBGPUSPATIAL] [ 13686][18:01:07:527616][info  ] RTSpatialRefiner 0x7046abd29cf0 (Used 0 MB), Evaluating 22 Geometry Pairs with Predicate Contains
[LIBGPUSPATIAL] [ 13688][18:01:07:538350][info  ] RTSpatialIndex 0x7046a800ac10 (Used 1 MB), Allocate result buffer, memory consumption 0 MB, capacity 13
[LIBGPUSPATIAL] [ 13684][18:01:07:538350][info  ] RTSpatialIndex 0x7046a800ac10 (Used 1 MB), Allocate result buffer, memory consumption 0 MB, capacity 27
[LIBGPUSPATIAL] [ 13688][18:01:07:538539][info  ] RTSpatialIndex 0x7046a800ac10 (Used 1 MB), Probe Points, Size: 100000, Results: 13
[LIBGPUSPATIAL] [ 13684][18:01:07:538892][info  ] RTSpatialIndex 0x7046a800ac10 (Used 1 MB), Probe Points, Size: 100000, Results: 27
[LIBGPUSPATIAL] [ 13688][18:01:07:539348][info  ] RTSpatialRefiner 0x7046abd29cf0 (Used 0 MB), Loaded Geometries, ProbeArray 100000, Loaded 9, Type Point
[LIBGPUSPATIAL] [ 13688][18:01:07:539389][info  ] RTSpatialRefiner 0x7046abd29cf0 (Used 0 MB), Evaluating 13 Geometry Pairs with Predicate Contains
[LIBGPUSPATIAL] [ 13684][18:01:07:540023][info  ] RTSpatialRefiner 0x7046abd29cf0 (Used 0 MB), Loaded Geometries, ProbeArray 100000, Loaded 18, Type Point
[LIBGPUSPATIAL] [ 13684][18:01:07:540198][info  ] RTSpatialRefiner 0x7046abd29cf0 (Used 0 MB), Evaluating 27 Geometry Pairs with Predicate Contains
[LIBGPUSPATIAL] [ 13690][18:01:07:544080][info  ] RTSpatialIndex 0x7046a800ac10 (Used 1 MB), Allocate result buffer, memory consumption 0 MB, capacity 17
[LIBGPUSPATIAL] [ 13690][18:01:07:544211][info  ] RTSpatialIndex 0x7046a800ac10 (Used 1 MB), Probe Points, Size: 100000, Results: 17
[LIBGPUSPATIAL] [ 13690][18:01:07:544921][info  ] RTSpatialRefiner 0x7046abd29cf0 (Used 0 MB), Loaded Geometries, ProbeArray 100000, Loaded 14, Type Point
[LIBGPUSPATIAL] [ 13690][18:01:07:544976][info  ] RTSpatialRefiner 0x7046abd29cf0 (Used 0 MB), Evaluating 17 Geometry Pairs with Predicate Contains
[LIBGPUSPATIAL] [ 13686][18:01:07:545479][info  ] RTSpatialIndex 0x7046a800ac10 (Used 1 MB), Allocate result buffer, memory consumption 0 MB, capacity 21
[LIBGPUSPATIAL] [ 13686][18:01:07:545720][info  ] RTSpatialIndex 0x7046a800ac10 (Used 1 MB), Probe Points, Size: 100000, Results: 21
[LIBGPUSPATIAL] [ 13686][18:01:07:546148][info  ] RTSpatialRefiner 0x7046abd29cf0 (Used 0 MB), Loaded Geometries, ProbeArray 100000, Loaded 15, Type Point
[LIBGPUSPATIAL] [ 13686][18:01:07:546199][info  ] RTSpatialRefiner 0x7046abd29cf0 (Used 0 MB), Evaluating 21 Geometry Pairs with Predicate Contains
[LIBGPUSPATIAL] [ 13689][18:01:07:546941][info  ] RTSpatialIndex 0x7046a800ac10 (Used 1 MB), Allocate result buffer, memory consumption 0 MB, capacity 21
[LIBGPUSPATIAL] [ 13689][18:01:07:547163][info  ] RTSpatialIndex 0x7046a800ac10 (Used 1 MB), Probe Points, Size: 100000, Results: 21
[LIBGPUSPATIAL] [ 13685][18:01:07:547644][info  ] RTSpatialIndex 0x7046a800ac10 (Used 1 MB), Allocate result buffer, memory consumption 0 MB, capacity 19
[LIBGPUSPATIAL] [ 13685][18:01:07:547779][info  ] RTSpatialIndex 0x7046a800ac10 (Used 1 MB), Probe Points, Size: 100000, Results: 19
[LIBGPUSPATIAL] [ 13689][18:01:07:547868][info  ] RTSpatialRefiner 0x7046abd29cf0 (Used 0 MB), Loaded Geometries, ProbeArray 100000, Loaded 14, Type Point
[LIBGPUSPATIAL] [ 13689][18:01:07:547910][info  ] RTSpatialRefiner 0x7046abd29cf0 (Used 0 MB), Evaluating 21 Geometry Pairs with Predicate Contains
[LIBGPUSPATIAL] [ 13685][18:01:07:548128][info  ] RTSpatialRefiner 0x7046abd29cf0 (Used 0 MB), Loaded Geometries, ProbeArray 100000, Loaded 15, Type Point
[LIBGPUSPATIAL] [ 13685][18:01:07:548164][info  ] RTSpatialRefiner 0x7046abd29cf0 (Used 0 MB), Evaluating 19 Geometry Pairs with Predicate Contains
[LIBGPUSPATIAL] [ 13683][18:01:07:550656][info  ] RTSpatialIndex 0x7046a800ac10 (Used 1 MB), Allocate result buffer, memory consumption 0 MB, capacity 18
[LIBGPUSPATIAL] [ 13683][18:01:07:550783][info  ] RTSpatialIndex 0x7046a800ac10 (Used 1 MB), Probe Points, Size: 100000, Results: 18
[LIBGPUSPATIAL] [ 13683][18:01:07:551461][info  ] RTSpatialRefiner 0x7046abd29cf0 (Used 1 MB), Loaded Geometries, ProbeArray 100000, Loaded 15, Type Point
[LIBGPUSPATIAL] [ 13683][18:01:07:551619][info  ] RTSpatialRefiner 0x7046abd29cf0 (Used 1 MB), Evaluating 18 Geometry Pairs with Predicate Contains
[LIBGPUSPATIAL] [ 13687][18:01:07:551679][info  ] RTSpatialIndex 0x7046a800ac10 (Used 1 MB), Allocate result buffer, memory consumption 0 MB, capacity 35
[LIBGPUSPATIAL] [ 13687][18:01:07:551808][info  ] RTSpatialIndex 0x7046a800ac10 (Used 1 MB), Probe Points, Size: 100000, Results: 35
[LIBGPUSPATIAL] [ 13687][18:01:07:552200][info  ] RTSpatialRefiner 0x7046abd29cf0 (Used 0 MB), Loaded Geometries, ProbeArray 100000, Loaded 22, Type Point
[LIBGPUSPATIAL] [ 13687][18:01:07:552263][info  ] RTSpatialRefiner 0x7046abd29cf0 (Used 0 MB), Evaluating 35 Geometry Pairs with Predicate Contains
[LIBGPUSPATIAL] [ 13684][18:01:07:559608][info  ] RTSpatialIndex 0x7046a800ac10 (Used 1 MB), Allocate result buffer, memory consumption 0 MB, capacity 20
[LIBGPUSPATIAL] [ 13684][18:01:07:559861][info  ] RTSpatialIndex 0x7046a800ac10 (Used 2 MB), Probe Points, Size: 100000, Results: 20
[LIBGPUSPATIAL] [ 13688][18:01:07:560239][info  ] RTSpatialIndex 0x7046a800ac10 (Used 1 MB), Allocate result buffer, memory consumption 0 MB, capacity 17
[LIBGPUSPATIAL] [ 13688][18:01:07:560365][info  ] RTSpatialIndex 0x7046a800ac10 (Used 1 MB), Probe Points, Size: 100000, Results: 17
[LIBGPUSPATIAL] [ 13688][18:01:07:561052][info  ] RTSpatialRefiner 0x7046abd29cf0 (Used 0 MB), Loaded Geometries, ProbeArray 100000, Loaded 12, Type Point
[LIBGPUSPATIAL] [ 13688][18:01:07:561095][info  ] RTSpatialRefiner 0x7046abd29cf0 (Used 0 MB), Evaluating 17 Geometry Pairs with Predicate Contains
[LIBGPUSPATIAL] [ 13686][18:01:07:563367][info  ] RTSpatialIndex 0x7046a800ac10 (Used 1 MB), Allocate result buffer, memory consumption 0 MB, capacity 25
[LIBGPUSPATIAL] [ 13686][18:01:07:563482][info  ] RTSpatialIndex 0x7046a800ac10 (Used 1 MB), Probe Points, Size: 100000, Results: 25
[LIBGPUSPATIAL] [ 13684][18:01:07:564386][info  ] RTSpatialRefiner 0x7046abd29cf0 (Used 0 MB), Loaded Geometries, ProbeArray 100000, Loaded 14, Type Point
[LIBGPUSPATIAL] [ 13684][18:01:07:564493][info  ] RTSpatialRefiner 0x7046abd29cf0 (Used 1 MB), Evaluating 20 Geometry Pairs with Predicate Contains
[LIBGPUSPATIAL] [ 13686][18:01:07:564396][info  ] RTSpatialRefiner 0x7046abd29cf0 (Used 0 MB), Loaded Geometries, ProbeArray 100000, Loaded 20, Type Point
[LIBGPUSPATIAL] [ 13686][18:01:07:564591][info  ] RTSpatialRefiner 0x7046abd29cf0 (Used 1 MB), Evaluating 25 Geometry Pairs with Predicate Contains
[LIBGPUSPATIAL] [ 13690][18:01:07:565072][info  ] RTSpatialIndex 0x7046a800ac10 (Used 1 MB), Allocate result buffer, memory consumption 0 MB, capacity 14
[LIBGPUSPATIAL] [ 13690][18:01:07:565540][info  ] RTSpatialIndex 0x7046a800ac10 (Used 1 MB), Probe Points, Size: 100000, Results: 14
[LIBGPUSPATIAL] [ 13690][18:01:07:565966][info  ] RTSpatialRefiner 0x7046abd29cf0 (Used 1 MB), Loaded Geometries, ProbeArray 100000, Loaded 11, Type Point
[LIBGPUSPATIAL] [ 13690][18:01:07:566044][info  ] RTSpatialRefiner 0x7046abd29cf0 (Used 1 MB), Evaluating 14 Geometry Pairs with Predicate Contains
[LIBGPUSPATIAL] [ 13685][18:01:07:566497][info  ] RTSpatialIndex 0x7046a800ac10 (Used 2 MB), Allocate result buffer, memory consumption 0 MB, capacity 26
[LIBGPUSPATIAL] [ 13685][18:01:07:567730][info  ] RTSpatialIndex 0x7046a800ac10 (Used 2 MB), Probe Points, Size: 100000, Results: 26
[LIBGPUSPATIAL] [ 13683][18:01:07:568019][info  ] RTSpatialIndex 0x7046a800ac10 (Used 1 MB), Allocate result buffer, memory consumption 0 MB, capacity 29
[LIBGPUSPATIAL] [ 13689][18:01:07:568303][info  ] RTSpatialIndex 0x7046a800ac10 (Used 1 MB), Allocate result buffer, memory consumption 0 MB, capacity 29
[LIBGPUSPATIAL] [ 13689][18:01:07:568441][info  ] RTSpatialIndex 0x7046a800ac10 (Used 1 MB), Probe Points, Size: 100000, Results: 29
[LIBGPUSPATIAL] [ 13685][18:01:07:568536][info  ] RTSpatialRefiner 0x7046abd29cf0 (Used 1 MB), Loaded Geometries, ProbeArray 100000, Loaded 22, Type Point
[LIBGPUSPATIAL] [ 13685][18:01:07:568622][info  ] RTSpatialRefiner 0x7046abd29cf0 (Used 1 MB), Evaluating 26 Geometry Pairs with Predicate Contains
[LIBGPUSPATIAL] [ 13689][18:01:07:568946][info  ] RTSpatialRefiner 0x7046abd29cf0 (Used 1 MB), Loaded Geometries, ProbeArray 100000, Loaded 21, Type Point
[LIBGPUSPATIAL] [ 13689][18:01:07:569044][info  ] RTSpatialRefiner 0x7046abd29cf0 (Used 1 MB), Evaluating 29 Geometry Pairs with Predicate Contains
[LIBGPUSPATIAL] [ 13683][18:01:07:569457][info  ] RTSpatialIndex 0x7046a800ac10 (Used 1 MB), Probe Points, Size: 100000, Results: 29
[LIBGPUSPATIAL] [ 13687][18:01:07:572545][info  ] RTSpatialIndex 0x7046a800ac10 (Used 1 MB), Allocate result buffer, memory consumption 0 MB, capacity 20
[LIBGPUSPATIAL] [ 13687][18:01:07:572693][info  ] RTSpatialIndex 0x7046a800ac10 (Used 1 MB), Probe Points, Size: 100000, Results: 20
[LIBGPUSPATIAL] [ 13683][18:01:07:574353][info  ] RTSpatialRefiner 0x7046abd29cf0 (Used 0 MB), Loaded Geometries, ProbeArray 100000, Loaded 19, Type Point
[LIBGPUSPATIAL] [ 13683][18:01:07:574401][info  ] RTSpatialRefiner 0x7046abd29cf0 (Used 0 MB), Evaluating 29 Geometry Pairs with Predicate Contains
[LIBGPUSPATIAL] [ 13687][18:01:07:574467][info  ] RTSpatialRefiner 0x7046abd29cf0 (Used 0 MB), Loaded Geometries, ProbeArray 100000, Loaded 15, Type Point
[LIBGPUSPATIAL] [ 13687][18:01:07:574513][info  ] RTSpatialRefiner 0x7046abd29cf0 (Used 0 MB), Evaluating 20 Geometry Pairs with Predicate Contains
[LIBGPUSPATIAL] [ 13688][18:01:07:578024][info  ] RTSpatialIndex 0x7046a800ac10 (Used 1 MB), Allocate result buffer, memory consumption 0 MB, capacity 27
[LIBGPUSPATIAL] [ 13688][18:01:07:578167][info  ] RTSpatialIndex 0x7046a800ac10 (Used 1 MB), Probe Points, Size: 100000, Results: 27
[LIBGPUSPATIAL] [ 13688][18:01:07:578893][info  ] RTSpatialRefiner 0x7046abd29cf0 (Used 0 MB), Loaded Geometries, ProbeArray 100000, Loaded 19, Type Point
[LIBGPUSPATIAL] [ 13688][18:01:07:578945][info  ] RTSpatialRefiner 0x7046abd29cf0 (Used 0 MB), Evaluating 27 Geometry Pairs with Predicate Contains
[LIBGPUSPATIAL] [ 13690][18:01:07:581470][info  ] RTSpatialIndex 0x7046a800ac10 (Used 1 MB), Allocate result buffer, memory consumption 0 MB, capacity 17
[LIBGPUSPATIAL] [ 13690][18:01:07:581605][info  ] RTSpatialIndex 0x7046a800ac10 (Used 1 MB), Probe Points, Size: 100000, Results: 17
[LIBGPUSPATIAL] [ 13690][18:01:07:582035][info  ] RTSpatialRefiner 0x7046abd29cf0 (Used 0 MB), Loaded Geometries, ProbeArray 100000, Loaded 14, Type Point
[LIBGPUSPATIAL] [ 13690][18:01:07:582080][info  ] RTSpatialRefiner 0x7046abd29cf0 (Used 0 MB), Evaluating 17 Geometry Pairs with Predicate Contains
[LIBGPUSPATIAL] [ 13686][18:01:07:583120][info  ] RTSpatialIndex 0x7046a800ac10 (Used 1 MB), Allocate result buffer, memory consumption 0 MB, capacity 28
[LIBGPUSPATIAL] [ 13684][18:01:07:583391][info  ] RTSpatialIndex 0x7046a800ac10 (Used 1 MB), Allocate result buffer, memory consumption 0 MB, capacity 28
[LIBGPUSPATIAL] [ 13686][18:01:07:583681][info  ] RTSpatialIndex 0x7046a800ac10 (Used 1 MB), Probe Points, Size: 100000, Results: 28
[LIBGPUSPATIAL] [ 13684][18:01:07:583797][info  ] RTSpatialIndex 0x7046a800ac10 (Used 1 MB), Probe Points, Size: 100000, Results: 28
[LIBGPUSPATIAL] [ 13686][18:01:07:586147][info  ] RTSpatialRefiner 0x7046abd29cf0 (Used 0 MB), Loaded Geometries, ProbeArray 100000, Loaded 22, Type Point
[LIBGPUSPATIAL] [ 13686][18:01:07:586195][info  ] RTSpatialRefiner 0x7046abd29cf0 (Used 0 MB), Evaluating 28 Geometry Pairs with Predicate Contains
[LIBGPUSPATIAL] [ 13685][18:01:07:587503][info  ] RTSpatialIndex 0x7046a800ac10 (Used 1 MB), Allocate result buffer, memory consumption 0 MB, capacity 23
[LIBGPUSPATIAL] [ 13685][18:01:07:587676][info  ] RTSpatialIndex 0x7046a800ac10 (Used 1 MB), Probe Points, Size: 100000, Results: 23
[LIBGPUSPATIAL] [ 13684][18:01:07:588021][info  ] RTSpatialRefiner 0x7046abd29cf0 (Used 0 MB), Loaded Geometries, ProbeArray 100000, Loaded 20, Type Point
[LIBGPUSPATIAL] [ 13684][18:01:07:588067][info  ] RTSpatialRefiner 0x7046abd29cf0 (Used 0 MB), Evaluating 28 Geometry Pairs with Predicate Contains
[LIBGPUSPATIAL] [ 13685][18:01:07:588239][info  ] RTSpatialRefiner 0x7046abd29cf0 (Used 0 MB), Loaded Geometries, ProbeArray 100000, Loaded 17, Type Point
[LIBGPUSPATIAL] [ 13685][18:01:07:588335][info  ] RTSpatialRefiner 0x7046abd29cf0 (Used 0 MB), Evaluating 23 Geometry Pairs with Predicate Contains
[LIBGPUSPATIAL] [ 13689][18:01:07:591052][info  ] RTSpatialIndex 0x7046a800ac10 (Used 1 MB), Allocate result buffer, memory consumption 0 MB, capacity 34
[LIBGPUSPATIAL] [ 13689][18:01:07:591205][info  ] RTSpatialIndex 0x7046a800ac10 (Used 1 MB), Probe Points, Size: 100000, Results: 34
[LIBGPUSPATIAL] [ 13683][18:01:07:591675][info  ] RTSpatialIndex 0x7046a800ac10 (Used 1 MB), Allocate result buffer, memory consumption 0 MB, capacity 27
[LIBGPUSPATIAL] [ 13683][18:01:07:591816][info  ] RTSpatialIndex 0x7046a800ac10 (Used 2 MB), Probe Points, Size: 100000, Results: 27
[LIBGPUSPATIAL] [ 13689][18:01:07:591959][info  ] RTSpatialRefiner 0x7046abd29cf0 (Used 1 MB), Loaded Geometries, ProbeArray 100000, Loaded 25, Type Point
[LIBGPUSPATIAL] [ 13689][18:01:07:592090][info  ] RTSpatialRefiner 0x7046abd29cf0 (Used 1 MB), Evaluating 34 Geometry Pairs with Predicate Contains
[LIBGPUSPATIAL] [ 13687][18:01:07:592520][info  ] RTSpatialIndex 0x7046a800ac10 (Used 1 MB), Allocate result buffer, memory consumption 0 MB, capacity 22
[LIBGPUSPATIAL] [ 13687][18:01:07:592837][info  ] RTSpatialIndex 0x7046a800ac10 (Used 1 MB), Probe Points, Size: 100000, Results: 22
[LIBGPUSPATIAL] [ 13683][18:01:07:592882][info  ] RTSpatialRefiner 0x7046abd29cf0 (Used 0 MB), Loaded Geometries, ProbeArray 100000, Loaded 21, Type Point
[LIBGPUSPATIAL] [ 13683][18:01:07:592931][info  ] RTSpatialRefiner 0x7046abd29cf0 (Used 0 MB), Evaluating 27 Geometry Pairs with Predicate Contains
[LIBGPUSPATIAL] [ 13687][18:01:07:593433][info  ] RTSpatialRefiner 0x7046abd29cf0 (Used 0 MB), Loaded Geometries, ProbeArray 100000, Loaded 16, Type Point
[LIBGPUSPATIAL] [ 13687][18:01:07:593479][info  ] RTSpatialRefiner 0x7046abd29cf0 (Used 0 MB), Evaluating 22 Geometry Pairs with Predicate Contains
[LIBGPUSPATIAL] [ 13688][18:01:07:596787][info  ] RTSpatialIndex 0x7046a800ac10 (Used 1 MB), Allocate result buffer, memory consumption 0 MB, capacity 20
[LIBGPUSPATIAL] [ 13688][18:01:07:596946][info  ] RTSpatialIndex 0x7046a800ac10 (Used 1 MB), Probe Points, Size: 100000, Results: 20
[LIBGPUSPATIAL] [ 13688][18:01:07:597487][info  ] RTSpatialRefiner 0x7046abd29cf0 (Used 0 MB), Loaded Geometries, ProbeArray 100000, Loaded 16, Type Point
[LIBGPUSPATIAL] [ 13688][18:01:07:597527][info  ] RTSpatialRefiner 0x7046abd29cf0 (Used 0 MB), Evaluating 20 Geometry Pairs with Predicate Contains
[LIBGPUSPATIAL] [ 13690][18:01:07:598325][info  ] RTSpatialIndex 0x7046a800ac10 (Used 1 MB), Allocate result buffer, memory consumption 0 MB, capacity 30
[LIBGPUSPATIAL] [ 13690][18:01:07:598453][info  ] RTSpatialIndex 0x7046a800ac10 (Used 1 MB), Probe Points, Size: 100000, Results: 30
[LIBGPUSPATIAL] [ 13690][18:01:07:599049][info  ] RTSpatialRefiner 0x7046abd29cf0 (Used 0 MB), Loaded Geometries, ProbeArray 100000, Loaded 21, Type Point
[LIBGPUSPATIAL] [ 13690][18:01:07:599091][info  ] RTSpatialRefiner 0x7046abd29cf0 (Used 0 MB), Evaluating 30 Geometry Pairs with Predicate Contains
[LIBGPUSPATIAL] [ 13686][18:01:07:604337][info  ] RTSpatialIndex 0x7046a800ac10 (Used 1 MB), Allocate result buffer, memory consumption 0 MB, capacity 21
[LIBGPUSPATIAL] [ 13684][18:01:07:604360][info  ] RTSpatialIndex 0x7046a800ac10 (Used 1 MB), Allocate result buffer, memory consumption 0 MB, capacity 24
[LIBGPUSPATIAL] [ 13686][18:01:07:604486][info  ] RTSpatialIndex 0x7046a800ac10 (Used 1 MB), Probe Points, Size: 100000, Results: 21
[LIBGPUSPATIAL] [ 13684][18:01:07:604743][info  ] RTSpatialIndex 0x7046a800ac10 (Used 1 MB), Probe Points, Size: 100000, Results: 24
[LIBGPUSPATIAL] [ 13686][18:01:07:604873][info  ] RTSpatialRefiner 0x7046abd29cf0 (Used 0 MB), Loaded Geometries, ProbeArray 100000, Loaded 17, Type Point
[LIBGPUSPATIAL] [ 13686][18:01:07:604916][info  ] RTSpatialRefiner 0x7046abd29cf0 (Used 0 MB), Evaluating 21 Geometry Pairs with Predicate Contains
[LIBGPUSPATIAL] [ 13684][18:01:07:605242][info  ] RTSpatialRefiner 0x7046abd29cf0 (Used 0 MB), Loaded Geometries, ProbeArray 100000, Loaded 17, Type Point
[LIBGPUSPATIAL] [ 13684][18:01:07:605298][info  ] RTSpatialRefiner 0x7046abd29cf0 (Used 0 MB), Evaluating 24 Geometry Pairs with Predicate Contains
[LIBGPUSPATIAL] [ 13685][18:01:07:606018][info  ] RTSpatialIndex 0x7046a800ac10 (Used 1 MB), Allocate result buffer, memory consumption 0 MB, capacity 20
[LIBGPUSPATIAL] [ 13685][18:01:07:606166][info  ] RTSpatialIndex 0x7046a800ac10 (Used 1 MB), Probe Points, Size: 100000, Results: 20
[LIBGPUSPATIAL] [ 13685][18:01:07:607484][info  ] RTSpatialRefiner 0x7046abd29cf0 (Used 0 MB), Loaded Geometries, ProbeArray 100000, Loaded 15, Type Point
[LIBGPUSPATIAL] [ 13685][18:01:07:607547][info  ] RTSpatialRefiner 0x7046abd29cf0 (Used 0 MB), Evaluating 20 Geometry Pairs with Predicate Contains
[LIBGPUSPATIAL] [ 13683][18:01:07:610014][info  ] RTSpatialIndex 0x7046a800ac10 (Used 1 MB), Allocate result buffer, memory consumption 0 MB, capacity 21
[LIBGPUSPATIAL] [ 13683][18:01:07:610146][info  ] RTSpatialIndex 0x7046a800ac10 (Used 1 MB), Probe Points, Size: 100000, Results: 21
[LIBGPUSPATIAL] [ 13683][18:01:07:610537][info  ] RTSpatialRefiner 0x7046abd29cf0 (Used 0 MB), Loaded Geometries, ProbeArray 100000, Loaded 18, Type Point
[LIBGPUSPATIAL] [ 13683][18:01:07:610585][info  ] RTSpatialRefiner 0x7046abd29cf0 (Used 0 MB), Evaluating 21 Geometry Pairs with Predicate Contains
[LIBGPUSPATIAL] [ 13689][18:01:07:611531][info  ] RTSpatialIndex 0x7046a800ac10 (Used 1 MB), Allocate result buffer, memory consumption 0 MB, capacity 23
[LIBGPUSPATIAL] [ 13689][18:01:07:611704][info  ] RTSpatialIndex 0x7046a800ac10 (Used 1 MB), Probe Points, Size: 100000, Results: 23
[LIBGPUSPATIAL] [ 13687][18:01:07:612959][info  ] RTSpatialIndex 0x7046a800ac10 (Used 1 MB), Allocate result buffer, memory consumption 0 MB, capacity 17
[LIBGPUSPATIAL] [ 13689][18:01:07:613020][info  ] RTSpatialRefiner 0x7046abd29cf0 (Used 1 MB), Loaded Geometries, ProbeArray 100000, Loaded 18, Type Point
[LIBGPUSPATIAL] [ 13689][18:01:07:613081][info  ] RTSpatialRefiner 0x7046abd29cf0 (Used 1 MB), Evaluating 23 Geometry Pairs with Predicate Contains
[LIBGPUSPATIAL] [ 13687][18:01:07:613104][info  ] RTSpatialIndex 0x7046a800ac10 (Used 1 MB), Probe Points, Size: 100000, Results: 17
[LIBGPUSPATIAL] [ 13688][18:01:07:614063][info  ] RTSpatialIndex 0x7046a800ac10 (Used 1 MB), Allocate result buffer, memory consumption 0 MB, capacity 24
[LIBGPUSPATIAL] [ 13688][18:01:07:614221][info  ] RTSpatialIndex 0x7046a800ac10 (Used 1 MB), Probe Points, Size: 100000, Results: 24
[LIBGPUSPATIAL] [ 13690][18:01:07:615324][info  ] RTSpatialIndex 0x7046a800ac10 (Used 1 MB), Allocate result buffer, memory consumption 0 MB, capacity 22
[LIBGPUSPATIAL] [ 13690][18:01:07:615434][info  ] RTSpatialIndex 0x7046a800ac10 (Used 1 MB), Probe Points, Size: 100000, Results: 22
[LIBGPUSPATIAL] [ 13687][18:01:07:615708][info  ] RTSpatialRefiner 0x7046abd29cf0 (Used 0 MB), Loaded Geometries, ProbeArray 100000, Loaded 14, Type Point
[LIBGPUSPATIAL] [ 13687][18:01:07:615760][info  ] RTSpatialRefiner 0x7046abd29cf0 (Used 0 MB), Evaluating 17 Geometry Pairs with Predicate Contains
[LIBGPUSPATIAL] [ 13690][18:01:07:615911][info  ] RTSpatialRefiner 0x7046abd29cf0 (Used 0 MB), Loaded Geometries, ProbeArray 100000, Loaded 18, Type Point
[LIBGPUSPATIAL] [ 13688][18:01:07:615938][info  ] RTSpatialRefiner 0x7046abd29cf0 (Used 0 MB), Loaded Geometries, ProbeArray 100000, Loaded 17, Type Point
[LIBGPUSPATIAL] [ 13690][18:01:07:615965][info  ] RTSpatialRefiner 0x7046abd29cf0 (Used 0 MB), Evaluating 22 Geometry Pairs with Predicate Contains
[LIBGPUSPATIAL] [ 13688][18:01:07:615986][info  ] RTSpatialRefiner 0x7046abd29cf0 (Used 0 MB), Evaluating 24 Geometry Pairs with Predicate Contains
[LIBGPUSPATIAL] [ 13684][18:01:07:620867][info  ] RTSpatialIndex 0x7046a800ac10 (Used 1 MB), Allocate result buffer, memory consumption 0 MB, capacity 18
[LIBGPUSPATIAL] [ 13684][18:01:07:621022][info  ] RTSpatialIndex 0x7046a800ac10 (Used 1 MB), Probe Points, Size: 100000, Results: 18
[LIBGPUSPATIAL] [ 13684][18:01:07:622152][info  ] RTSpatialRefiner 0x7046abd29cf0 (Used 1 MB), Loaded Geometries, ProbeArray 100000, Loaded 13, Type Point
[LIBGPUSPATIAL] [ 13684][18:01:07:622224][info  ] RTSpatialRefiner 0x7046abd29cf0 (Used 1 MB), Evaluating 18 Geometry Pairs with Predicate Contains
[LIBGPUSPATIAL] [ 13686][18:01:07:622679][info  ] RTSpatialIndex 0x7046a800ac10 (Used 1 MB), Allocate result buffer, memory consumption 0 MB, capacity 27
[LIBGPUSPATIAL] [ 13686][18:01:07:623019][info  ] RTSpatialIndex 0x7046a800ac10 (Used 1 MB), Probe Points, Size: 100000, Results: 27
[LIBGPUSPATIAL] [ 13685][18:01:07:624059][info  ] RTSpatialIndex 0x7046a800ac10 (Used 1 MB), Allocate result buffer, memory consumption 0 MB, capacity 26
[LIBGPUSPATIAL] [ 13685][18:01:07:624231][info  ] RTSpatialIndex 0x7046a800ac10 (Used 1 MB), Probe Points, Size: 100000, Results: 26
[LIBGPUSPATIAL] [ 13686][18:01:07:624756][info  ] RTSpatialRefiner 0x7046abd29cf0 (Used 0 MB), Loaded Geometries, ProbeArray 100000, Loaded 24, Type Point
[LIBGPUSPATIAL] [ 13686][18:01:07:624800][info  ] RTSpatialRefiner 0x7046abd29cf0 (Used 0 MB), Evaluating 27 Geometry Pairs with Predicate Contains
[LIBGPUSPATIAL] [ 13685][18:01:07:624949][info  ] RTSpatialRefiner 0x7046abd29cf0 (Used 0 MB), Loaded Geometries, ProbeArray 100000, Loaded 18, Type Point
[LIBGPUSPATIAL] [ 13685][18:01:07:625063][info  ] RTSpatialRefiner 0x7046abd29cf0 (Used 0 MB), Evaluating 26 Geometry Pairs with Predicate Contains
[LIBGPUSPATIAL] [ 13683][18:01:07:626602][info  ] RTSpatialIndex 0x7046a800ac10 (Used 1 MB), Allocate result buffer, memory consumption 0 MB, capacity 16
[LIBGPUSPATIAL] [ 13683][18:01:07:626737][info  ] RTSpatialIndex 0x7046a800ac10 (Used 1 MB), Probe Points, Size: 100000, Results: 16
[LIBGPUSPATIAL] [ 13683][18:01:07:628036][info  ] RTSpatialRefiner 0x7046abd29cf0 (Used 0 MB), Loaded Geometries, ProbeArray 100000, Loaded 13, Type Point
[LIBGPUSPATIAL] [ 13683][18:01:07:628091][info  ] RTSpatialRefiner 0x7046abd29cf0 (Used 0 MB), Evaluating 16 Geometry Pairs with Predicate Contains
[LIBGPUSPATIAL] [ 13689][18:01:07:631243][info  ] RTSpatialIndex 0x7046a800ac10 (Used 1 MB), Allocate result buffer, memory consumption 0 MB, capacity 35
[LIBGPUSPATIAL] [ 13689][18:01:07:631377][info  ] RTSpatialIndex 0x7046a800ac10 (Used 1 MB), Probe Points, Size: 100000, Results: 35
[LIBGPUSPATIAL] [ 13689][18:01:07:631769][info  ] RTSpatialRefiner 0x7046abd29cf0 (Used 0 MB), Loaded Geometries, ProbeArray 100000, Loaded 25, Type Point
[LIBGPUSPATIAL] [ 13689][18:01:07:631811][info  ] RTSpatialRefiner 0x7046abd29cf0 (Used 0 MB), Evaluating 35 Geometry Pairs with Predicate Contains
[LIBGPUSPATIAL] [ 13690][18:01:07:633200][info  ] RTSpatialIndex 0x7046a800ac10 (Used 1 MB), Allocate result buffer, memory consumption 0 MB, capacity 26
[LIBGPUSPATIAL] [ 13690][18:01:07:633350][info  ] RTSpatialIndex 0x7046a800ac10 (Used 1 MB), Probe Points, Size: 100000, Results: 26
[LIBGPUSPATIAL] [ 13690][18:01:07:633738][info  ] RTSpatialRefiner 0x7046abd29cf0 (Used 0 MB), Loaded Geometries, ProbeArray 100000, Loaded 20, Type Point
[LIBGPUSPATIAL] [ 13690][18:01:07:633785][info  ] RTSpatialRefiner 0x7046abd29cf0 (Used 0 MB), Evaluating 26 Geometry Pairs with Predicate Contains
[LIBGPUSPATIAL] [ 13687][18:01:07:634969][info  ] RTSpatialIndex 0x7046a800ac10 (Used 1 MB), Allocate result buffer, memory consumption 0 MB, capacity 21
[LIBGPUSPATIAL] [ 13687][18:01:07:635095][info  ] RTSpatialIndex 0x7046a800ac10 (Used 1 MB), Probe Points, Size: 100000, Results: 21
[LIBGPUSPATIAL] [ 13687][18:01:07:635460][info  ] RTSpatialRefiner 0x7046abd29cf0 (Used 0 MB), Loaded Geometries, ProbeArray 100000, Loaded 18, Type Point
[LIBGPUSPATIAL] [ 13687][18:01:07:635502][info  ] RTSpatialRefiner 0x7046abd29cf0 (Used 0 MB), Evaluating 21 Geometry Pairs with Predicate Contains
[LIBGPUSPATIAL] [ 13688][18:01:07:637214][info  ] RTSpatialIndex 0x7046a800ac10 (Used 1 MB), Allocate result buffer, memory consumption 0 MB, capacity 15
[LIBGPUSPATIAL] [ 13688][18:01:07:637370][info  ] RTSpatialIndex 0x7046a800ac10 (Used 1 MB), Probe Points, Size: 100000, Results: 15
[LIBGPUSPATIAL] [ 13688][18:01:07:637733][info  ] RTSpatialRefiner 0x7046abd29cf0 (Used 0 MB), Loaded Geometries, ProbeArray 100000, Loaded 12, Type Point
[LIBGPUSPATIAL] [ 13688][18:01:07:637781][info  ] RTSpatialRefiner 0x7046abd29cf0 (Used 0 MB), Evaluating 15 Geometry Pairs with Predicate Contains
[LIBGPUSPATIAL] [ 13684][18:01:07:641036][info  ] RTSpatialIndex 0x7046a800ac10 (Used 1 MB), Allocate result buffer, memory consumption 0 MB, capacity 21
[LIBGPUSPATIAL] [ 13684][18:01:07:641166][info  ] RTSpatialIndex 0x7046a800ac10 (Used 1 MB), Probe Points, Size: 100000, Results: 21
[LIBGPUSPATIAL] [ 13684][18:01:07:641607][info  ] RTSpatialRefiner 0x7046abd29cf0 (Used 0 MB), Loaded Geometries, ProbeArray 100000, Loaded 18, Type Point
[LIBGPUSPATIAL] [ 13684][18:01:07:641663][info  ] RTSpatialRefiner 0x7046abd29cf0 (Used 0 MB), Evaluating 21 Geometry Pairs with Predicate Contains
[LIBGPUSPATIAL] [ 13686][18:01:07:642627][info  ] RTSpatialIndex 0x7046a800ac10 (Used 1 MB), Allocate result buffer, memory consumption 0 MB, capacity 19
[LIBGPUSPATIAL] [ 13686][18:01:07:642770][info  ] RTSpatialIndex 0x7046a800ac10 (Used 1 MB), Probe Points, Size: 100000, Results: 19
[LIBGPUSPATIAL] [ 13686][18:01:07:643116][info  ] RTSpatialRefiner 0x7046abd29cf0 (Used 0 MB), Loaded Geometries, ProbeArray 100000, Loaded 14, Type Point
[LIBGPUSPATIAL] [ 13686][18:01:07:643160][info  ] RTSpatialRefiner 0x7046abd29cf0 (Used 0 MB), Evaluating 19 Geometry Pairs with Predicate Contains
[LIBGPUSPATIAL] [ 13685][18:01:07:646005][info  ] RTSpatialIndex 0x7046a800ac10 (Used 1 MB), Allocate result buffer, memory consumption 0 MB, capacity 21
[LIBGPUSPATIAL] [ 13685][18:01:07:646661][info  ] RTSpatialIndex 0x7046a800ac10 (Used 1 MB), Probe Points, Size: 100000, Results: 21
[LIBGPUSPATIAL] [ 13683][18:01:07:646790][info  ] RTSpatialIndex 0x7046a800ac10 (Used 1 MB), Allocate result buffer, memory consumption 0 MB, capacity 24
[LIBGPUSPATIAL] [ 13683][18:01:07:647008][info  ] RTSpatialIndex 0x7046a800ac10 (Used 1 MB), Probe Points, Size: 100000, Results: 24
[LIBGPUSPATIAL] [ 13685][18:01:07:647360][info  ] RTSpatialRefiner 0x7046abd29cf0 (Used 0 MB), Loaded Geometries, ProbeArray 100000, Loaded 18, Type Point
[LIBGPUSPATIAL] [ 13685][18:01:07:647401][info  ] RTSpatialRefiner 0x7046abd29cf0 (Used 0 MB), Evaluating 21 Geometry Pairs with Predicate Contains
[LIBGPUSPATIAL] [ 13683][18:01:07:647920][info  ] RTSpatialRefiner 0x7046abd29cf0 (Used 0 MB), Loaded Geometries, ProbeArray 100000, Loaded 20, Type Point
[LIBGPUSPATIAL] [ 13683][18:01:07:647971][info  ] RTSpatialRefiner 0x7046abd29cf0 (Used 0 MB), Evaluating 24 Geometry Pairs with Predicate Contains
[LIBGPUSPATIAL] [ 13689][18:01:07:650643][info  ] RTSpatialIndex 0x7046a800ac10 (Used 1 MB), Allocate result buffer, memory consumption 0 MB, capacity 20
[LIBGPUSPATIAL] [ 13690][18:01:07:650717][info  ] RTSpatialIndex 0x7046a800ac10 (Used 1 MB), Allocate result buffer, memory consumption 0 MB, capacity 46
[LIBGPUSPATIAL] [ 13689][18:01:07:650900][info  ] RTSpatialIndex 0x7046a800ac10 (Used 1 MB), Probe Points, Size: 100000, Results: 20
[LIBGPUSPATIAL] [ 13690][18:01:07:650941][info  ] RTSpatialIndex 0x7046a800ac10 (Used 1 MB), Probe Points, Size: 100000, Results: 46
[LIBGPUSPATIAL] [ 13690][18:01:07:651383][info  ] RTSpatialRefiner 0x7046abd29cf0 (Used 0 MB), Loaded Geometries, ProbeArray 100000, Loaded 34, Type Point
[LIBGPUSPATIAL] [ 13690][18:01:07:651422][info  ] RTSpatialRefiner 0x7046abd29cf0 (Used 0 MB), Evaluating 46 Geometry Pairs with Predicate Contains
[LIBGPUSPATIAL] [ 13689][18:01:07:651964][info  ] RTSpatialRefiner 0x7046abd29cf0 (Used 0 MB), Loaded Geometries, ProbeArray 100000, Loaded 14, Type Point
[LIBGPUSPATIAL] [ 13689][18:01:07:652043][info  ] RTSpatialRefiner 0x7046abd29cf0 (Used 0 MB), Evaluating 20 Geometry Pairs with Predicate Contains
[LIBGPUSPATIAL] [ 13687][18:01:07:655149][info  ] RTSpatialIndex 0x7046a800ac10 (Used 1 MB), Allocate result buffer, memory consumption 0 MB, capacity 35
[LIBGPUSPATIAL] [ 13687][18:01:07:655291][info  ] RTSpatialIndex 0x7046a800ac10 (Used 1 MB), Probe Points, Size: 100000, Results: 35
[LIBGPUSPATIAL] [ 13687][18:01:07:655700][info  ] RTSpatialRefiner 0x7046abd29cf0 (Used 1 MB), Loaded Geometries, ProbeArray 100000, Loaded 23, Type Point
[LIBGPUSPATIAL] [ 13687][18:01:07:655748][info  ] RTSpatialRefiner 0x7046abd29cf0 (Used 1 MB), Evaluating 35 Geometry Pairs with Predicate Contains
[LIBGPUSPATIAL] [ 13688][18:01:07:655791][info  ] RTSpatialIndex 0x7046a800ac10 (Used 1 MB), Allocate result buffer, memory consumption 0 MB, capacity 16
[LIBGPUSPATIAL] [ 13688][18:01:07:657212][info  ] RTSpatialIndex 0x7046a800ac10 (Used 1 MB), Probe Points, Size: 100000, Results: 16
[LIBGPUSPATIAL] [ 13684][18:01:07:657901][info  ] RTSpatialIndex 0x7046a800ac10 (Used 1 MB), Allocate result buffer, memory consumption 0 MB, capacity 26
[LIBGPUSPATIAL] [ 13688][18:01:07:657946][info  ] RTSpatialRefiner 0x7046abd29cf0 (Used 1 MB), Loaded Geometries, ProbeArray 100000, Loaded 11, Type Point
[LIBGPUSPATIAL] [ 13688][18:01:07:658057][info  ] RTSpatialRefiner 0x7046abd29cf0 (Used 1 MB), Evaluating 16 Geometry Pairs with Predicate Contains
[LIBGPUSPATIAL] [ 13684][18:01:07:658327][info  ] RTSpatialIndex 0x7046a800ac10 (Used 1 MB), Probe Points, Size: 100000, Results: 26
[LIBGPUSPATIAL] [ 13684][18:01:07:658729][info  ] RTSpatialRefiner 0x7046abd29cf0 (Used 0 MB), Loaded Geometries, ProbeArray 100000, Loaded 22, Type Point
[LIBGPUSPATIAL] [ 13684][18:01:07:658819][info  ] RTSpatialRefiner 0x7046abd29cf0 (Used 0 MB), Evaluating 26 Geometry Pairs with Predicate Contains
[LIBGPUSPATIAL] [ 13686][18:01:07:660889][info  ] RTSpatialIndex 0x7046a800ac10 (Used 1 MB), Allocate result buffer, memory consumption 0 MB, capacity 22
[LIBGPUSPATIAL] [ 13686][18:01:07:661048][info  ] RTSpatialIndex 0x7046a800ac10 (Used 1 MB), Probe Points, Size: 100000, Results: 22
[LIBGPUSPATIAL] [ 13686][18:01:07:661401][info  ] RTSpatialRefiner 0x7046abd29cf0 (Used 0 MB), Loaded Geometries, ProbeArray 100000, Loaded 18, Type Point
[LIBGPUSPATIAL] [ 13686][18:01:07:661460][info  ] RTSpatialRefiner 0x7046abd29cf0 (Used 0 MB), Evaluating 22 Geometry Pairs with Predicate Contains
[LIBGPUSPATIAL] [ 13683][18:01:07:664770][info  ] RTSpatialIndex 0x7046a800ac10 (Used 1 MB), Allocate result buffer, memory consumption 0 MB, capacity 13
[LIBGPUSPATIAL] [ 13683][18:01:07:664931][info  ] RTSpatialIndex 0x7046a800ac10 (Used 1 MB), Probe Points, Size: 100000, Results: 13
[LIBGPUSPATIAL] [ 13683][18:01:07:665417][info  ] RTSpatialRefiner 0x7046abd29cf0 (Used 0 MB), Loaded Geometries, ProbeArray 100000, Loaded 9, Type Point
[LIBGPUSPATIAL] [ 13683][18:01:07:665461][info  ] RTSpatialRefiner 0x7046abd29cf0 (Used 0 MB), Evaluating 13 Geometry Pairs with Predicate Contains
[LIBGPUSPATIAL] [ 13685][18:01:07:666984][info  ] RTSpatialIndex 0x7046a800ac10 (Used 1 MB), Allocate result buffer, memory consumption 0 MB, capacity 12
[LIBGPUSPATIAL] [ 13685][18:01:07:667107][info  ] RTSpatialIndex 0x7046a800ac10 (Used 1 MB), Probe Points, Size: 100000, Results: 12
[LIBGPUSPATIAL] [ 13685][18:01:07:667518][info  ] RTSpatialRefiner 0x7046abd29cf0 (Used 0 MB), Loaded Geometries, ProbeArray 100000, Loaded 11, Type Point
[LIBGPUSPATIAL] [ 13685][18:01:07:667560][info  ] RTSpatialRefiner 0x7046abd29cf0 (Used 0 MB), Evaluating 12 Geometry Pairs with Predicate Contains
[LIBGPUSPATIAL] [ 13690][18:01:07:668100][info  ] RTSpatialIndex 0x7046a800ac10 (Used 1 MB), Allocate result buffer, memory consumption 0 MB, capacity 29
[LIBGPUSPATIAL] [ 13690][18:01:07:668502][info  ] RTSpatialIndex 0x7046a800ac10 (Used 1 MB), Probe Points, Size: 100000, Results: 29
[LIBGPUSPATIAL] [ 13690][18:01:07:669040][info  ] RTSpatialRefiner 0x7046abd29cf0 (Used 0 MB), Loaded Geometries, ProbeArray 100000, Loaded 24, Type Point
[LIBGPUSPATIAL] [ 13690][18:01:07:669084][info  ] RTSpatialRefiner 0x7046abd29cf0 (Used 0 MB), Evaluating 29 Geometry Pairs with Predicate Contains
[LIBGPUSPATIAL] [ 13689][18:01:07:669910][info  ] RTSpatialIndex 0x7046a800ac10 (Used 1 MB), Allocate result buffer, memory consumption 0 MB, capacity 20
[LIBGPUSPATIAL] [ 13689][18:01:07:670039][info  ] RTSpatialIndex 0x7046a800ac10 (Used 1 MB), Probe Points, Size: 100000, Results: 20
[LIBGPUSPATIAL] [ 13689][18:01:07:670741][info  ] RTSpatialRefiner 0x7046abd29cf0 (Used 0 MB), Loaded Geometries, ProbeArray 100000, Loaded 16, Type Point
[LIBGPUSPATIAL] [ 13689][18:01:07:670785][info  ] RTSpatialRefiner 0x7046abd29cf0 (Used 0 MB), Evaluating 20 Geometry Pairs with Predicate Contains
[LIBGPUSPATIAL] [ 13684][18:01:07:675241][info  ] RTSpatialIndex 0x7046a800ac10 (Used 1 MB), Allocate result buffer, memory consumption 0 MB, capacity 12
[LIBGPUSPATIAL] [ 13684][18:01:07:675392][info  ] RTSpatialIndex 0x7046a800ac10 (Used 1 MB), Probe Points, Size: 100000, Results: 12
[LIBGPUSPATIAL] [ 13684][18:01:07:675823][info  ] RTSpatialRefiner 0x7046abd29cf0 (Used 0 MB), Loaded Geometries, ProbeArray 100000, Loaded 10, Type Point
[LIBGPUSPATIAL] [ 13684][18:01:07:675908][info  ] RTSpatialRefiner 0x7046abd29cf0 (Used 0 MB), Evaluating 12 Geometry Pairs with Predicate Contains
[LIBGPUSPATIAL] [ 13687][18:01:07:676811][info  ] RTSpatialIndex 0x7046a800ac10 (Used 1 MB), Allocate result buffer, memory consumption 0 MB, capacity 20
[LIBGPUSPATIAL] [ 13687][18:01:07:676952][info  ] RTSpatialIndex 0x7046a800ac10 (Used 1 MB), Probe Points, Size: 100000, Results: 20
[LIBGPUSPATIAL] [ 13688][18:01:07:677831][info  ] RTSpatialIndex 0x7046a800ac10 (Used 1 MB), Allocate result buffer, memory consumption 0 MB, capacity 23
[LIBGPUSPATIAL] [ 13688][18:01:07:677975][info  ] RTSpatialIndex 0x7046a800ac10 (Used 1 MB), Probe Points, Size: 100000, Results: 23
[LIBGPUSPATIAL] [ 13687][18:01:07:678238][info  ] RTSpatialRefiner 0x7046abd29cf0 (Used 0 MB), Loaded Geometries, ProbeArray 100000, Loaded 14, Type Point
[LIBGPUSPATIAL] [ 13687][18:01:07:678282][info  ] RTSpatialRefiner 0x7046abd29cf0 (Used 0 MB), Evaluating 20 Geometry Pairs with Predicate Contains
[LIBGPUSPATIAL] [ 13686][18:01:07:679544][info  ] RTSpatialIndex 0x7046a800ac10 (Used 1 MB), Allocate result buffer, memory consumption 0 MB, capacity 19
[LIBGPUSPATIAL] [ 13686][18:01:07:679720][info  ] RTSpatialIndex 0x7046a800ac10 (Used 1 MB), Probe Points, Size: 100000, Results: 19
[LIBGPUSPATIAL] [ 13688][18:01:07:680068][info  ] RTSpatialRefiner 0x7046abd29cf0 (Used 0 MB), Loaded Geometries, ProbeArray 100000, Loaded 16, Type Point
[LIBGPUSPATIAL] [ 13688][18:01:07:680228][info  ] RTSpatialRefiner 0x7046abd29cf0 (Used 0 MB), Evaluating 23 Geometry Pairs with Predicate Contains
[LIBGPUSPATIAL] [ 13686][18:01:07:680467][info  ] RTSpatialRefiner 0x7046abd29cf0 (Used 0 MB), Loaded Geometries, ProbeArray 100000, Loaded 16, Type Point
[LIBGPUSPATIAL] [ 13686][18:01:07:680529][info  ] RTSpatialRefiner 0x7046abd29cf0 (Used 0 MB), Evaluating 19 Geometry Pairs with Predicate Contains
[LIBGPUSPATIAL] [ 13683][18:01:07:683581][info  ] RTSpatialIndex 0x7046a800ac10 (Used 1 MB), Allocate result buffer, memory consumption 0 MB, capacity 22
[LIBGPUSPATIAL] [ 13683][18:01:07:683723][info  ] RTSpatialIndex 0x7046a800ac10 (Used 1 MB), Probe Points, Size: 100000, Results: 22
[LIBGPUSPATIAL] [ 13690][18:01:07:684922][info  ] RTSpatialIndex 0x7046a800ac10 (Used 1 MB), Allocate result buffer, memory consumption 0 MB, capacity 26
[LIBGPUSPATIAL] [ 13690][18:01:07:685051][info  ] RTSpatialIndex 0x7046a800ac10 (Used 1 MB), Probe Points, Size: 100000, Results: 26
[LIBGPUSPATIAL] [ 13683][18:01:07:685269][info  ] RTSpatialRefiner 0x7046abd29cf0 (Used 0 MB), Loaded Geometries, ProbeArray 100000, Loaded 18, Type Point
[LIBGPUSPATIAL] [ 13683][18:01:07:685433][info  ] RTSpatialRefiner 0x7046abd29cf0 (Used 0 MB), Evaluating 22 Geometry Pairs with Predicate Contains
[LIBGPUSPATIAL] [ 13690][18:01:07:685573][info  ] RTSpatialRefiner 0x7046abd29cf0 (Used 0 MB), Loaded Geometries, ProbeArray 100000, Loaded 18, Type Point
[LIBGPUSPATIAL] [ 13690][18:01:07:685638][info  ] RTSpatialRefiner 0x7046abd29cf0 (Used 1 MB), Evaluating 26 Geometry Pairs with Predicate Contains
[LIBGPUSPATIAL] [ 13685][18:01:07:686228][info  ] RTSpatialIndex 0x7046a800ac10 (Used 1 MB), Allocate result buffer, memory consumption 0 MB, capacity 21
[LIBGPUSPATIAL] [ 13685][18:01:07:686744][info  ] RTSpatialIndex 0x7046a800ac10 (Used 1 MB), Probe Points, Size: 100000, Results: 21
[LIBGPUSPATIAL] [ 13689][18:01:07:690512][info  ] RTSpatialIndex 0x7046a800ac10 (Used 1 MB), Allocate result buffer, memory consumption 0 MB, capacity 32
[LIBGPUSPATIAL] [ 13689][18:01:07:690691][info  ] RTSpatialIndex 0x7046a800ac10 (Used 1 MB), Probe Points, Size: 100000, Results: 32
[LIBGPUSPATIAL] [ 13685][18:01:07:690873][info  ] RTSpatialRefiner 0x7046abd29cf0 (Used 0 MB), Loaded Geometries, ProbeArray 100000, Loaded 17, Type Point
[LIBGPUSPATIAL] [ 13685][18:01:07:690920][info  ] RTSpatialRefiner 0x7046abd29cf0 (Used 0 MB), Evaluating 21 Geometry Pairs with Predicate Contains
[LIBGPUSPATIAL] [ 13684][18:01:07:692282][info  ] RTSpatialIndex 0x7046a800ac10 (Used 1 MB), Allocate result buffer, memory consumption 0 MB, capacity 27
[LIBGPUSPATIAL] [ 13684][18:01:07:692403][info  ] RTSpatialIndex 0x7046a800ac10 (Used 1 MB), Probe Points, Size: 100000, Results: 27
[LIBGPUSPATIAL] [ 13684][18:01:07:693180][info  ] RTSpatialRefiner 0x7046abd29cf0 (Used 0 MB), Loaded Geometries, ProbeArray 100000, Loaded 19, Type Point
[LIBGPUSPATIAL] [ 13684][18:01:07:693229][info  ] RTSpatialRefiner 0x7046abd29cf0 (Used 0 MB), Evaluating 27 Geometry Pairs with Predicate Contains
[LIBGPUSPATIAL] [ 13689][18:01:07:693465][info  ] RTSpatialRefiner 0x7046abd29cf0 (Used 0 MB), Loaded Geometries, ProbeArray 100000, Loaded 22, Type Point
[LIBGPUSPATIAL] [ 13689][18:01:07:693505][info  ] RTSpatialRefiner 0x7046abd29cf0 (Used 0 MB), Evaluating 32 Geometry Pairs with Predicate Contains
[LIBGPUSPATIAL] [ 13687][18:01:07:697219][info  ] RTSpatialIndex 0x7046a800ac10 (Used 2 MB), Allocate result buffer, memory consumption 0 MB, capacity 26
[LIBGPUSPATIAL] [ 13687][18:01:07:697386][info  ] RTSpatialIndex 0x7046a800ac10 (Used 1 MB), Probe Points, Size: 100000, Results: 26
[LIBGPUSPATIAL] [ 13688][18:01:07:697463][info  ] RTSpatialIndex 0x7046a800ac10 (Used 1 MB), Allocate result buffer, memory consumption 0 MB, capacity 23
[LIBGPUSPATIAL] [ 13688][18:01:07:697813][info  ] RTSpatialIndex 0x7046a800ac10 (Used 1 MB), Probe Points, Size: 100000, Results: 23
[LIBGPUSPATIAL] [ 13687][18:01:07:697818][info  ] RTSpatialRefiner 0x7046abd29cf0 (Used 1 MB), Loaded Geometries, ProbeArray 100000, Loaded 20, Type Point
[LIBGPUSPATIAL] [ 13687][18:01:07:697898][info  ] RTSpatialRefiner 0x7046abd29cf0 (Used 1 MB), Evaluating 26 Geometry Pairs with Predicate Contains
[LIBGPUSPATIAL] [ 13686][18:01:07:698437][info  ] RTSpatialIndex 0x7046a800ac10 (Used 1 MB), Allocate result buffer, memory consumption 0 MB, capacity 25
[LIBGPUSPATIAL] [ 13688][18:01:07:698492][info  ] RTSpatialRefiner 0x7046abd29cf0 (Used 1 MB), Loaded Geometries, ProbeArray 100000, Loaded 18, Type Point
[LIBGPUSPATIAL] [ 13688][18:01:07:698535][info  ] RTSpatialRefiner 0x7046abd29cf0 (Used 1 MB), Evaluating 23 Geometry Pairs with Predicate Contains
[LIBGPUSPATIAL] [ 13686][18:01:07:699064][info  ] RTSpatialIndex 0x7046a800ac10 (Used 1 MB), Probe Points, Size: 100000, Results: 25
[LIBGPUSPATIAL] [ 13686][18:01:07:699463][info  ] RTSpatialRefiner 0x7046abd29cf0 (Used 0 MB), Loaded Geometries, ProbeArray 100000, Loaded 19, Type Point
[LIBGPUSPATIAL] [ 13686][18:01:07:699508][info  ] RTSpatialRefiner 0x7046abd29cf0 (Used 0 MB), Evaluating 25 Geometry Pairs with Predicate Contains
[LIBGPUSPATIAL] [ 13690][18:01:07:702675][info  ] RTSpatialIndex 0x7046a800ac10 (Used 1 MB), Allocate result buffer, memory consumption 0 MB, capacity 22
[LIBGPUSPATIAL] [ 13690][18:01:07:702823][info  ] RTSpatialIndex 0x7046a800ac10 (Used 1 MB), Probe Points, Size: 100000, Results: 22
[LIBGPUSPATIAL] [ 13690][18:01:07:705668][info  ] RTSpatialRefiner 0x7046abd29cf0 (Used 0 MB), Loaded Geometries, ProbeArray 100000, Loaded 18, Type Point
[LIBGPUSPATIAL] [ 13690][18:01:07:705754][info  ] RTSpatialRefiner 0x7046abd29cf0 (Used 0 MB), Evaluating 22 Geometry Pairs with Predicate Contains
[LIBGPUSPATIAL] [ 13683][18:01:07:706272][info  ] RTSpatialIndex 0x7046a800ac10 (Used 1 MB), Allocate result buffer, memory consumption 0 MB, capacity 32
[LIBGPUSPATIAL] [ 13683][18:01:07:706399][info  ] RTSpatialIndex 0x7046a800ac10 (Used 1 MB), Probe Points, Size: 100000, Results: 32
[LIBGPUSPATIAL] [ 13683][18:01:07:706831][info  ] RTSpatialRefiner 0x7046abd29cf0 (Used 0 MB), Loaded Geometries, ProbeArray 100000, Loaded 23, Type Point
[LIBGPUSPATIAL] [ 13683][18:01:07:706901][info  ] RTSpatialRefiner 0x7046abd29cf0 (Used 0 MB), Evaluating 32 Geometry Pairs with Predicate Contains
[LIBGPUSPATIAL] [ 13684][18:01:07:710901][info  ] RTSpatialIndex 0x7046a800ac10 (Used 1 MB), Allocate result buffer, memory consumption 0 MB, capacity 34
[LIBGPUSPATIAL] [ 13685][18:01:07:710959][info  ] RTSpatialIndex 0x7046a800ac10 (Used 1 MB), Allocate result buffer, memory consumption 0 MB, capacity 20
[LIBGPUSPATIAL] [ 13684][18:01:07:711233][info  ] RTSpatialIndex 0x7046a800ac10 (Used 1 MB), Probe Points, Size: 100000, Results: 34
[LIBGPUSPATIAL] [ 13685][18:01:07:711360][info  ] RTSpatialIndex 0x7046a800ac10 (Used 1 MB), Probe Points, Size: 100000, Results: 20
[LIBGPUSPATIAL] [ 13685][18:01:07:711946][info  ] RTSpatialRefiner 0x7046abd29cf0 (Used 0 MB), Loaded Geometries, ProbeArray 100000, Loaded 16, Type Point
[LIBGPUSPATIAL] [ 13684][18:01:07:711992][info  ] RTSpatialRefiner 0x7046abd29cf0 (Used 0 MB), Loaded Geometries, ProbeArray 100000, Loaded 25, Type Point
[LIBGPUSPATIAL] [ 13684][18:01:07:712057][info  ] RTSpatialRefiner 0x7046abd29cf0 (Used 0 MB), Evaluating 34 Geometry Pairs with Predicate Contains
[LIBGPUSPATIAL] [ 13685][18:01:07:712108][info  ] RTSpatialRefiner 0x7046abd29cf0 (Used 0 MB), Evaluating 20 Geometry Pairs with Predicate Contains
[LIBGPUSPATIAL] [ 13689][18:01:07:713754][info  ] RTSpatialIndex 0x7046a800ac10 (Used 1 MB), Allocate result buffer, memory consumption 0 MB, capacity 32
[LIBGPUSPATIAL] [ 13689][18:01:07:713897][info  ] RTSpatialIndex 0x7046a800ac10 (Used 1 MB), Probe Points, Size: 100000, Results: 32
[LIBGPUSPATIAL] [ 13689][18:01:07:714280][info  ] RTSpatialRefiner 0x7046abd29cf0 (Used 0 MB), Loaded Geometries, ProbeArray 100000, Loaded 26, Type Point
[LIBGPUSPATIAL] [ 13689][18:01:07:714318][info  ] RTSpatialRefiner 0x7046abd29cf0 (Used 0 MB), Evaluating 32 Geometry Pairs with Predicate Contains
[LIBGPUSPATIAL] [ 13687][18:01:07:718442][info  ] RTSpatialIndex 0x7046a800ac10 (Used 1 MB), Allocate result buffer, memory consumption 0 MB, capacity 30
[LIBGPUSPATIAL] [ 13686][18:01:07:718466][info  ] RTSpatialIndex 0x7046a800ac10 (Used 1 MB), Allocate result buffer, memory consumption 0 MB, capacity 25
[LIBGPUSPATIAL] [ 13687][18:01:07:718743][info  ] RTSpatialIndex 0x7046a800ac10 (Used 1 MB), Probe Points, Size: 100000, Results: 30
[LIBGPUSPATIAL] [ 13686][18:01:07:718807][info  ] RTSpatialIndex 0x7046a800ac10 (Used 1 MB), Probe Points, Size: 100000, Results: 25
[LIBGPUSPATIAL] [ 13688][18:01:07:720315][info  ] RTSpatialIndex 0x7046a800ac10 (Used 1 MB), Allocate result buffer, memory consumption 0 MB, capacity 22
[LIBGPUSPATIAL] [ 13687][18:01:07:720346][info  ] RTSpatialRefiner 0x7046abd29cf0 (Used 1 MB), Loaded Geometries, ProbeArray 100000, Loaded 23, Type Point
[LIBGPUSPATIAL] [ 13686][18:01:07:720376][info  ] RTSpatialRefiner 0x7046abd29cf0 (Used 1 MB), Loaded Geometries, ProbeArray 100000, Loaded 20, Type Point
[LIBGPUSPATIAL] [ 13687][18:01:07:720433][info  ] RTSpatialRefiner 0x7046abd29cf0 (Used 1 MB), Evaluating 30 Geometry Pairs with Predicate Contains
[LIBGPUSPATIAL] [ 13686][18:01:07:720530][info  ] RTSpatialRefiner 0x7046abd29cf0 (Used 1 MB), Evaluating 25 Geometry Pairs with Predicate Contains
[LIBGPUSPATIAL] [ 13688][18:01:07:720883][info  ] RTSpatialIndex 0x7046a800ac10 (Used 1 MB), Probe Points, Size: 100000, Results: 22
[LIBGPUSPATIAL] [ 13688][18:01:07:723228][info  ] RTSpatialRefiner 0x7046abd29cf0 (Used 1 MB), Loaded Geometries, ProbeArray 100000, Loaded 17, Type Point
[LIBGPUSPATIAL] [ 13688][18:01:07:723285][info  ] RTSpatialRefiner 0x7046abd29cf0 (Used 1 MB), Evaluating 22 Geometry Pairs with Predicate Contains
[LIBGPUSPATIAL] [ 13683][18:01:07:723235][info  ] RTSpatialIndex 0x7046a800ac10 (Used 1 MB), Allocate result buffer, memory consumption 0 MB, capacity 36
[LIBGPUSPATIAL] [ 13683][18:01:07:723768][info  ] RTSpatialIndex 0x7046a800ac10 (Used 1 MB), Probe Points, Size: 100000, Results: 36
[LIBGPUSPATIAL] [ 13683][18:01:07:724253][info  ] RTSpatialRefiner 0x7046abd29cf0 (Used 0 MB), Loaded Geometries, ProbeArray 100000, Loaded 25, Type Point
[LIBGPUSPATIAL] [ 13683][18:01:07:724294][info  ] RTSpatialRefiner 0x7046abd29cf0 (Used 0 MB), Evaluating 36 Geometry Pairs with Predicate Contains
[LIBGPUSPATIAL] [ 13690][18:01:07:724886][info  ] RTSpatialIndex 0x7046a800ac10 (Used 1 MB), Allocate result buffer, memory consumption 0 MB, capacity 29
[LIBGPUSPATIAL] [ 13690][18:01:07:725252][info  ] RTSpatialIndex 0x7046a800ac10 (Used 1 MB), Probe Points, Size: 100000, Results: 29
[LIBGPUSPATIAL] [ 13690][18:01:07:726178][info  ] RTSpatialRefiner 0x7046abd29cf0 (Used 0 MB), Loaded Geometries, ProbeArray 100000, Loaded 25, Type Point
[LIBGPUSPATIAL] [ 13690][18:01:07:726223][info  ] RTSpatialRefiner 0x7046abd29cf0 (Used 0 MB), Evaluating 29 Geometry Pairs with Predicate Contains
[LIBGPUSPATIAL] [ 13684][18:01:07:729021][info  ] RTSpatialIndex 0x7046a800ac10 (Used 1 MB), Allocate result buffer, memory consumption 0 MB, capacity 32
[LIBGPUSPATIAL] [ 13684][18:01:07:729156][info  ] RTSpatialIndex 0x7046a800ac10 (Used 1 MB), Probe Points, Size: 100000, Results: 32
[LIBGPUSPATIAL] [ 13684][18:01:07:729603][info  ] RTSpatialRefiner 0x7046abd29cf0 (Used 0 MB), Loaded Geometries, ProbeArray 100000, Loaded 24, Type Point
[LIBGPUSPATIAL] [ 13684][18:01:07:729686][info  ] RTSpatialRefiner 0x7046abd29cf0 (Used 0 MB), Evaluating 32 Geometry Pairs with Predicate Contains
[LIBGPUSPATIAL] [ 13685][18:01:07:730568][info  ] RTSpatialIndex 0x7046a800ac10 (Used 1 MB), Allocate result buffer, memory consumption 0 MB, capacity 23
[LIBGPUSPATIAL] [ 13685][18:01:07:730717][info  ] RTSpatialIndex 0x7046a800ac10 (Used 1 MB), Probe Points, Size: 100000, Results: 23
[LIBGPUSPATIAL] [ 13685][18:01:07:731231][info  ] RTSpatialRefiner 0x7046abd29cf0 (Used 0 MB), Loaded Geometries, ProbeArray 100000, Loaded 20, Type Point
[LIBGPUSPATIAL] [ 13685][18:01:07:731281][info  ] RTSpatialRefiner 0x7046abd29cf0 (Used 0 MB), Evaluating 23 Geometry Pairs with Predicate Contains
[LIBGPUSPATIAL] [ 13689][18:01:07:731814][info  ] RTSpatialIndex 0x7046a800ac10 (Used 1 MB), Allocate result buffer, memory consumption 0 MB, capacity 29
[LIBGPUSPATIAL] [ 13689][18:01:07:732202][info  ] RTSpatialIndex 0x7046a800ac10 (Used 1 MB), Probe Points, Size: 100000, Results: 29
[LIBGPUSPATIAL] [ 13689][18:01:07:733103][info  ] RTSpatialRefiner 0x7046abd29cf0 (Used 0 MB), Loaded Geometries, ProbeArray 100000, Loaded 21, Type Point
[LIBGPUSPATIAL] [ 13689][18:01:07:733182][info  ] RTSpatialRefiner 0x7046abd29cf0 (Used 0 MB), Evaluating 29 Geometry Pairs with Predicate Contains
[LIBGPUSPATIAL] [ 13687][18:01:07:738414][info  ] RTSpatialIndex 0x7046a800ac10 (Used 1 MB), Allocate result buffer, memory consumption 0 MB, capacity 23
[LIBGPUSPATIAL] [ 13687][18:01:07:738552][info  ] RTSpatialIndex 0x7046a800ac10 (Used 1 MB), Probe Points, Size: 100000, Results: 23
[LIBGPUSPATIAL] [ 13687][18:01:07:739022][info  ] RTSpatialRefiner 0x7046abd29cf0 (Used 1 MB), Loaded Geometries, ProbeArray 100000, Loaded 18, Type Point
[LIBGPUSPATIAL] [ 13687][18:01:07:739067][info  ] RTSpatialRefiner 0x7046abd29cf0 (Used 1 MB), Evaluating 23 Geometry Pairs with Predicate Contains
[LIBGPUSPATIAL] [ 13686][18:01:07:739193][info  ] RTSpatialIndex 0x7046a800ac10 (Used 1 MB), Allocate result buffer, memory consumption 0 MB, capacity 18
[LIBGPUSPATIAL] [ 13686][18:01:07:739602][info  ] RTSpatialIndex 0x7046a800ac10 (Used 1 MB), Probe Points, Size: 100000, Results: 18
[LIBGPUSPATIAL] [ 13686][18:01:07:740025][info  ] RTSpatialRefiner 0x7046abd29cf0 (Used 0 MB), Loaded Geometries, ProbeArray 100000, Loaded 15, Type Point
[LIBGPUSPATIAL] [ 13686][18:01:07:740108][info  ] RTSpatialRefiner 0x7046abd29cf0 (Used 0 MB), Evaluating 18 Geometry Pairs with Predicate Contains
[LIBGPUSPATIAL] [ 13688][18:01:07:740680][info  ] RTSpatialIndex 0x7046a800ac10 (Used 1 MB), Allocate result buffer, memory consumption 0 MB, capacity 19
[LIBGPUSPATIAL] [ 13688][18:01:07:741210][info  ] RTSpatialIndex 0x7046a800ac10 (Used 1 MB), Probe Points, Size: 100000, Results: 19
[LIBGPUSPATIAL] [ 13683][18:01:07:741410][info  ] RTSpatialIndex 0x7046a800ac10 (Used 1 MB), Allocate result buffer, memory consumption 0 MB, capacity 10
[LIBGPUSPATIAL] [ 13683][18:01:07:741731][info  ] RTSpatialIndex 0x7046a800ac10 (Used 1 MB), Probe Points, Size: 100000, Results: 10
[LIBGPUSPATIAL] [ 13683][18:01:07:742346][info  ] RTSpatialRefiner 0x7046abd29cf0 (Used 0 MB), Loaded Geometries, ProbeArray 100000, Loaded 8, Type Point
[LIBGPUSPATIAL] [ 13683][18:01:07:742394][info  ] RTSpatialRefiner 0x7046abd29cf0 (Used 0 MB), Evaluating 10 Geometry Pairs with Predicate Contains
[LIBGPUSPATIAL] [ 13688][18:01:07:742439][info  ] RTSpatialRefiner 0x7046abd29cf0 (Used 0 MB), Loaded Geometries, ProbeArray 100000, Loaded 17, Type Point
[LIBGPUSPATIAL] [ 13688][18:01:07:742501][info  ] RTSpatialRefiner 0x7046abd29cf0 (Used 0 MB), Evaluating 19 Geometry Pairs with Predicate Contains
[LIBGPUSPATIAL] [ 13690][18:01:07:743649][info  ] RTSpatialIndex 0x7046a800ac10 (Used 1 MB), Allocate result buffer, memory consumption 0 MB, capacity 17
[LIBGPUSPATIAL] [ 13690][18:01:07:743776][info  ] RTSpatialIndex 0x7046a800ac10 (Used 1 MB), Probe Points, Size: 100000, Results: 17
[LIBGPUSPATIAL] [ 13690][18:01:07:744342][info  ] RTSpatialRefiner 0x7046abd29cf0 (Used 0 MB), Loaded Geometries, ProbeArray 100000, Loaded 14, Type Point
[LIBGPUSPATIAL] [ 13690][18:01:07:744392][info  ] RTSpatialRefiner 0x7046abd29cf0 (Used 0 MB), Evaluating 17 Geometry Pairs with Predicate Contains
[LIBGPUSPATIAL] [ 13684][18:01:07:745890][info  ] RTSpatialIndex 0x7046a800ac10 (Used 1 MB), Allocate result buffer, memory consumption 0 MB, capacity 30
[LIBGPUSPATIAL] [ 13684][18:01:07:746019][info  ] RTSpatialIndex 0x7046a800ac10 (Used 1 MB), Probe Points, Size: 100000, Results: 30
[LIBGPUSPATIAL] [ 13684][18:01:07:746328][info  ] RTSpatialRefiner 0x7046abd29cf0 (Used 0 MB), Loaded Geometries, ProbeArray 100000, Loaded 24, Type Point
[LIBGPUSPATIAL] [ 13684][18:01:07:746371][info  ] RTSpatialRefiner 0x7046abd29cf0 (Used 0 MB), Evaluating 30 Geometry Pairs with Predicate Contains
[LIBGPUSPATIAL] [ 13686][18:01:07:748410][info  ] RTSpatialIndex 0x7046a800ac10 (Used 0 MB), Allocate result buffer, memory consumption 0 MB, capacity 12
[LIBGPUSPATIAL] [ 13686][18:01:07:748582][info  ] RTSpatialIndex 0x7046a800ac10 (Used 0 MB), Probe Points, Size: 33333, Results: 12
[LIBGPUSPATIAL] [ 13686][18:01:07:749063][info  ] RTSpatialRefiner 0x7046abd29cf0 (Used 0 MB), Loaded Geometries, ProbeArray 33333, Loaded 7, Type Point
[LIBGPUSPATIAL] [ 13686][18:01:07:749121][info  ] RTSpatialRefiner 0x7046abd29cf0 (Used 0 MB), Evaluating 12 Geometry Pairs with Predicate Contains
[LIBGPUSPATIAL] [ 13685][18:01:07:750726][info  ] RTSpatialIndex 0x7046a800ac10 (Used 1 MB), Allocate result buffer, memory consumption 0 MB, capacity 14
[LIBGPUSPATIAL] [ 13685][18:01:07:751162][info  ] RTSpatialIndex 0x7046a800ac10 (Used 1 MB), Probe Points, Size: 100000, Results: 14
[LIBGPUSPATIAL] [ 13690][18:01:07:751300][info  ] RTSpatialIndex 0x7046a800ac10 (Used 1 MB), Allocate result buffer, memory consumption 0 MB, capacity 9
[LIBGPUSPATIAL] [ 13690][18:01:07:751425][info  ] RTSpatialIndex 0x7046a800ac10 (Used 1 MB), Probe Points, Size: 33333, Results: 9
[LIBGPUSPATIAL] [ 13685][18:01:07:752091][info  ] RTSpatialRefiner 0x7046abd29cf0 (Used 0 MB), Loaded Geometries, ProbeArray 100000, Loaded 12, Type Point
[LIBGPUSPATIAL] [ 13685][18:01:07:752441][info  ] RTSpatialRefiner 0x7046abd29cf0 (Used 1 MB), Evaluating 14 Geometry Pairs with Predicate Contains
[LIBGPUSPATIAL] [ 13689][18:01:07:752891][info  ] RTSpatialIndex 0x7046a800ac10 (Used 1 MB), Allocate result buffer, memory consumption 0 MB, capacity 22
[LIBGPUSPATIAL] [ 13690][18:01:07:753203][info  ] RTSpatialRefiner 0x7046abd29cf0 (Used 1 MB), Loaded Geometries, ProbeArray 33333, Loaded 8, Type Point
[LIBGPUSPATIAL] [ 13690][18:01:07:754180][info  ] RTSpatialRefiner 0x7046abd29cf0 (Used 1 MB), Evaluating 9 Geometry Pairs with Predicate Contains
[LIBGPUSPATIAL] [ 13689][18:01:07:753209][info  ] RTSpatialIndex 0x7046a800ac10 (Used 1 MB), Probe Points, Size: 100000, Results: 22
[LIBGPUSPATIAL] [ 13683][18:01:07:756413][info  ] RTSpatialIndex 0x7046a800ac10 (Used 1 MB), Allocate result buffer, memory consumption 0 MB, capacity 16
[LIBGPUSPATIAL] [ 13683][18:01:07:756536][info  ] RTSpatialIndex 0x7046a800ac10 (Used 1 MB), Probe Points, Size: 100000, Results: 16
[LIBGPUSPATIAL] [ 13683][18:01:07:756948][info  ] RTSpatialRefiner 0x7046abd29cf0 (Used 0 MB), Loaded Geometries, ProbeArray 100000, Loaded 12, Type Point
[LIBGPUSPATIAL] [ 13683][18:01:07:756996][info  ] RTSpatialRefiner 0x7046abd29cf0 (Used 0 MB), Evaluating 16 Geometry Pairs with Predicate Contains
[LIBGPUSPATIAL] [ 13689][18:01:07:757039][info  ] RTSpatialRefiner 0x7046abd29cf0 (Used 0 MB), Loaded Geometries, ProbeArray 100000, Loaded 17, Type Point
[LIBGPUSPATIAL] [ 13689][18:01:07:757081][info  ] RTSpatialRefiner 0x7046abd29cf0 (Used 0 MB), Evaluating 22 Geometry Pairs with Predicate Contains
[LIBGPUSPATIAL] [ 13687][18:01:07:757740][info  ] RTSpatialIndex 0x7046a800ac10 (Used 1 MB), Allocate result buffer, memory consumption 0 MB, capacity 20
[LIBGPUSPATIAL] [ 13687][18:01:07:760190][info  ] RTSpatialIndex 0x7046a800ac10 (Used 1 MB), Probe Points, Size: 100000, Results: 20
[LIBGPUSPATIAL] [ 13687][18:01:07:760750][info  ] RTSpatialRefiner 0x7046abd29cf0 (Used 0 MB), Loaded Geometries, ProbeArray 100000, Loaded 15, Type Point
[LIBGPUSPATIAL] [ 13687][18:01:07:760865][info  ] RTSpatialRefiner 0x7046abd29cf0 (Used 0 MB), Evaluating 20 Geometry Pairs with Predicate Contains
[LIBGPUSPATIAL] [ 13684][18:01:07:762397][info  ] RTSpatialIndex 0x7046a800ac10 (Used 1 MB), Allocate result buffer, memory consumption 0 MB, capacity 20
[LIBGPUSPATIAL] [ 13684][18:01:07:762586][info  ] RTSpatialIndex 0x7046a800ac10 (Used 1 MB), Probe Points, Size: 100000, Results: 20
[LIBGPUSPATIAL] [ 13688][18:01:07:763296][info  ] RTSpatialIndex 0x7046a800ac10 (Used 1 MB), Allocate result buffer, memory consumption 0 MB, capacity 27
[LIBGPUSPATIAL] [ 13688][18:01:07:763437][info  ] RTSpatialIndex 0x7046a800ac10 (Used 1 MB), Probe Points, Size: 100000, Results: 27
[LIBGPUSPATIAL] [ 13688][18:01:07:767249][info  ] RTSpatialRefiner 0x7046abd29cf0 (Used 0 MB), Loaded Geometries, ProbeArray 100000, Loaded 20, Type Point
[LIBGPUSPATIAL] [ 13684][18:01:07:767257][info  ] RTSpatialRefiner 0x7046abd29cf0 (Used 0 MB), Loaded Geometries, ProbeArray 100000, Loaded 17, Type Point
[LIBGPUSPATIAL] [ 13688][18:01:07:767319][info  ] RTSpatialRefiner 0x7046abd29cf0 (Used 0 MB), Evaluating 27 Geometry Pairs with Predicate Contains
[LIBGPUSPATIAL] [ 13684][18:01:07:767328][info  ] RTSpatialRefiner 0x7046abd29cf0 (Used 0 MB), Evaluating 20 Geometry Pairs with Predicate Contains
[LIBGPUSPATIAL] [ 13685][18:01:07:771203][info  ] RTSpatialIndex 0x7046a800ac10 (Used 1 MB), Allocate result buffer, memory consumption 0 MB, capacity 19
[LIBGPUSPATIAL] [ 13685][18:01:07:771339][info  ] RTSpatialIndex 0x7046a800ac10 (Used 1 MB), Probe Points, Size: 100000, Results: 19
[LIBGPUSPATIAL] [ 13685][18:01:07:774233][info  ] RTSpatialRefiner 0x7046abd29cf0 (Used 0 MB), Loaded Geometries, ProbeArray 100000, Loaded 15, Type Point
[LIBGPUSPATIAL] [ 13685][18:01:07:774316][info  ] RTSpatialRefiner 0x7046abd29cf0 (Used 0 MB), Evaluating 19 Geometry Pairs with Predicate Contains
[LIBGPUSPATIAL] [ 13684][18:01:07:774367][info  ] RTSpatialIndex 0x7046a800ac10 (Used 0 MB), Allocate result buffer, memory consumption 0 MB, capacity 9
[LIBGPUSPATIAL] [ 13684][18:01:07:775139][info  ] RTSpatialIndex 0x7046a800ac10 (Used 1 MB), Probe Points, Size: 33333, Results: 9
[LIBGPUSPATIAL] [ 13689][18:01:07:775271][info  ] RTSpatialIndex 0x7046a800ac10 (Used 1 MB), Allocate result buffer, memory consumption 0 MB, capacity 27
[LIBGPUSPATIAL] [ 13684][18:01:07:775672][info  ] RTSpatialRefiner 0x7046abd29cf0 (Used 1 MB), Loaded Geometries, ProbeArray 33333, Loaded 7, Type Point
[LIBGPUSPATIAL] [ 13684][18:01:07:775713][info  ] RTSpatialRefiner 0x7046abd29cf0 (Used 1 MB), Evaluating 9 Geometry Pairs with Predicate Contains
[LIBGPUSPATIAL] [ 13689][18:01:07:776266][info  ] RTSpatialIndex 0x7046a800ac10 (Used 1 MB), Probe Points, Size: 100000, Results: 27
[LIBGPUSPATIAL] [ 13683][18:01:07:776500][info  ] RTSpatialIndex 0x7046a800ac10 (Used 1 MB), Allocate result buffer, memory consumption 0 MB, capacity 25
[LIBGPUSPATIAL] [ 13683][18:01:07:776757][info  ] RTSpatialIndex 0x7046a800ac10 (Used 1 MB), Probe Points, Size: 100000, Results: 25
[LIBGPUSPATIAL] [ 13687][18:01:07:779444][info  ] RTSpatialIndex 0x7046a800ac10 (Used 1 MB), Allocate result buffer, memory consumption 0 MB, capacity 37
[LIBGPUSPATIAL] [ 13687][18:01:07:779579][info  ] RTSpatialIndex 0x7046a800ac10 (Used 1 MB), Probe Points, Size: 100000, Results: 37
[LIBGPUSPATIAL] [ 13689][18:01:07:779876][info  ] RTSpatialRefiner 0x7046abd29cf0 (Used 0 MB), Loaded Geometries, ProbeArray 100000, Loaded 18, Type Point
[LIBGPUSPATIAL] [ 13689][18:01:07:779921][info  ] RTSpatialRefiner 0x7046abd29cf0 (Used 0 MB), Evaluating 27 Geometry Pairs with Predicate Contains
[LIBGPUSPATIAL] [ 13683][18:01:07:781354][info  ] RTSpatialRefiner 0x7046abd29cf0 (Used 0 MB), Loaded Geometries, ProbeArray 100000, Loaded 17, Type Point
[LIBGPUSPATIAL] [ 13683][18:01:07:781401][info  ] RTSpatialRefiner 0x7046abd29cf0 (Used 0 MB), Evaluating 25 Geometry Pairs with Predicate Contains
[LIBGPUSPATIAL] [ 13690][18:01:07:782010][info  ] RTSpatialIndex 0x7046a800ac10 (Used 1 MB), Allocate result buffer, memory consumption 0 MB, capacity 22
[LIBGPUSPATIAL] [ 13690][18:01:07:782369][info  ] RTSpatialIndex 0x7046a800ac10 (Used 1 MB), Probe Points, Size: 100000, Results: 22
[LIBGPUSPATIAL] [ 13687][18:01:07:782376][info  ] RTSpatialRefiner 0x7046abd29cf0 (Used 1 MB), Loaded Geometries, ProbeArray 100000, Loaded 30, Type Point
[LIBGPUSPATIAL] [ 13687][18:01:07:782563][info  ] RTSpatialRefiner 0x7046abd29cf0 (Used 0 MB), Evaluating 37 Geometry Pairs with Predicate Contains
[LIBGPUSPATIAL] [ 13690][18:01:07:784209][info  ] RTSpatialRefiner 0x7046abd29cf0 (Used 0 MB), Loaded Geometries, ProbeArray 100000, Loaded 17, Type Point
[LIBGPUSPATIAL] [ 13690][18:01:07:784261][info  ] RTSpatialRefiner 0x7046abd29cf0 (Used 0 MB), Evaluating 22 Geometry Pairs with Predicate Contains
[LIBGPUSPATIAL] [ 13686][18:01:07:785812][info  ] RTSpatialIndex 0x7046a800ac10 (Used 1 MB), Allocate result buffer, memory consumption 0 MB, capacity 28
[LIBGPUSPATIAL] [ 13686][18:01:07:785975][info  ] RTSpatialIndex 0x7046a800ac10 (Used 1 MB), Probe Points, Size: 100000, Results: 28
[LIBGPUSPATIAL] [ 13686][18:01:07:786687][info  ] RTSpatialRefiner 0x7046abd29cf0 (Used 0 MB), Loaded Geometries, ProbeArray 100000, Loaded 20, Type Point
[LIBGPUSPATIAL] [ 13686][18:01:07:786740][info  ] RTSpatialRefiner 0x7046abd29cf0 (Used 0 MB), Evaluating 28 Geometry Pairs with Predicate Contains
[LIBGPUSPATIAL] [ 13688][18:01:07:787835][info  ] RTSpatialIndex 0x7046a800ac10 (Used 1 MB), Allocate result buffer, memory consumption 0 MB, capacity 12
[LIBGPUSPATIAL] [ 13688][18:01:07:788020][info  ] RTSpatialIndex 0x7046a800ac10 (Used 1 MB), Probe Points, Size: 100000, Results: 12
[LIBGPUSPATIAL] [ 13683][18:01:07:788492][info  ] RTSpatialIndex 0x7046a800ac10 (Used 0 MB), Allocate result buffer, memory consumption 0 MB, capacity 7
[LIBGPUSPATIAL] [ 13683][18:01:07:788636][info  ] RTSpatialIndex 0x7046a800ac10 (Used 0 MB), Probe Points, Size: 33333, Results: 7
[LIBGPUSPATIAL] [ 13688][18:01:07:788926][info  ] RTSpatialRefiner 0x7046abd29cf0 (Used 0 MB), Loaded Geometries, ProbeArray 100000, Loaded 11, Type Point
[LIBGPUSPATIAL] [ 13688][18:01:07:788970][info  ] RTSpatialRefiner 0x7046abd29cf0 (Used 0 MB), Evaluating 12 Geometry Pairs with Predicate Contains
[LIBGPUSPATIAL] [ 13683][18:01:07:793077][info  ] RTSpatialRefiner 0x7046abd29cf0 (Used 0 MB), Loaded Geometries, ProbeArray 33333, Loaded 5, Type Point
[LIBGPUSPATIAL] [ 13683][18:01:07:793139][info  ] RTSpatialRefiner 0x7046abd29cf0 (Used 0 MB), Evaluating 7 Geometry Pairs with Predicate Contains
[LIBGPUSPATIAL] [ 13685][18:01:07:794692][info  ] RTSpatialIndex 0x7046a800ac10 (Used 1 MB), Allocate result buffer, memory consumption 0 MB, capacity 37
[LIBGPUSPATIAL] [ 13685][18:01:07:794816][info  ] RTSpatialIndex 0x7046a800ac10 (Used 1 MB), Probe Points, Size: 100000, Results: 37
[LIBGPUSPATIAL] [ 13688][18:01:07:795728][info  ] RTSpatialIndex 0x7046a800ac10 (Used 0 MB), Allocate result buffer, memory consumption 0 MB, capacity 4
[LIBGPUSPATIAL] [ 13688][18:01:07:795916][info  ] RTSpatialIndex 0x7046a800ac10 (Used 0 MB), Probe Points, Size: 33333, Results: 4
[LIBGPUSPATIAL] [ 13685][18:01:07:796148][info  ] RTSpatialRefiner 0x7046abd29cf0 (Used 0 MB), Loaded Geometries, ProbeArray 100000, Loaded 28, Type Point
[LIBGPUSPATIAL] [ 13685][18:01:07:796190][info  ] RTSpatialRefiner 0x7046abd29cf0 (Used 0 MB), Evaluating 37 Geometry Pairs with Predicate Contains
[LIBGPUSPATIAL] [ 13688][18:01:07:796682][info  ] RTSpatialRefiner 0x7046abd29cf0 (Used 0 MB), Loaded Geometries, ProbeArray 33333, Loaded 3, Type Point
[LIBGPUSPATIAL] [ 13688][18:01:07:796727][info  ] RTSpatialRefiner 0x7046abd29cf0 (Used 0 MB), Evaluating 4 Geometry Pairs with Predicate Contains
[LIBGPUSPATIAL] [ 13689][18:01:07:798490][info  ] RTSpatialIndex 0x7046a800ac10 (Used 1 MB), Allocate result buffer, memory consumption 0 MB, capacity 10
[LIBGPUSPATIAL] [ 13689][18:01:07:798617][info  ] RTSpatialIndex 0x7046a800ac10 (Used 1 MB), Probe Points, Size: 100000, Results: 10
[LIBGPUSPATIAL] [ 13689][18:01:07:801316][info  ] RTSpatialRefiner 0x7046abd29cf0 (Used 0 MB), Loaded Geometries, ProbeArray 100000, Loaded 8, Type Point
[LIBGPUSPATIAL] [ 13689][18:01:07:801382][info  ] RTSpatialRefiner 0x7046abd29cf0 (Used 0 MB), Evaluating 10 Geometry Pairs with Predicate Contains
[LIBGPUSPATIAL] [ 13690][18:01:07:802229][info  ] RTSpatialIndex 0x7046a800ac10 (Used 1 MB), Allocate result buffer, memory consumption 0 MB, capacity 19
[LIBGPUSPATIAL] [ 13690][18:01:07:802700][info  ] RTSpatialIndex 0x7046a800ac10 (Used 1 MB), Probe Points, Size: 100000, Results: 19
[LIBGPUSPATIAL] [ 13687][18:01:07:802913][info  ] RTSpatialIndex 0x7046a800ac10 (Used 1 MB), Allocate result buffer, memory consumption 0 MB, capacity 24
[LIBGPUSPATIAL] [ 13687][18:01:07:803224][info  ] RTSpatialIndex 0x7046a800ac10 (Used 1 MB), Probe Points, Size: 100000, Results: 24
[LIBGPUSPATIAL] [ 13690][18:01:07:803570][info  ] RTSpatialRefiner 0x7046abd29cf0 (Used 0 MB), Loaded Geometries, ProbeArray 100000, Loaded 17, Type Point
[LIBGPUSPATIAL] [ 13690][18:01:07:803619][info  ] RTSpatialRefiner 0x7046abd29cf0 (Used 0 MB), Evaluating 19 Geometry Pairs with Predicate Contains
[LIBGPUSPATIAL] [ 13687][18:01:07:803775][info  ] RTSpatialRefiner 0x7046abd29cf0 (Used 0 MB), Loaded Geometries, ProbeArray 100000, Loaded 21, Type Point
[LIBGPUSPATIAL] [ 13687][18:01:07:803825][info  ] RTSpatialRefiner 0x7046abd29cf0 (Used 0 MB), Evaluating 24 Geometry Pairs with Predicate Contains
[LIBGPUSPATIAL] [ 13685][18:01:07:804955][info  ] RTSpatialIndex 0x7046a800ac10 (Used 0 MB), Allocate result buffer, memory consumption 0 MB, capacity 15
[LIBGPUSPATIAL] [ 13685][18:01:07:805111][info  ] RTSpatialIndex 0x7046a800ac10 (Used 0 MB), Probe Points, Size: 33333, Results: 15
[LIBGPUSPATIAL] [ 13686][18:01:07:806788][info  ] RTSpatialIndex 0x7046a800ac10 (Used 1 MB), Allocate result buffer, memory consumption 0 MB, capacity 25
[LIBGPUSPATIAL] [ 13685][18:01:07:806826][info  ] RTSpatialRefiner 0x7046abd29cf0 (Used 1 MB), Loaded Geometries, ProbeArray 33333, Loaded 9, Type Point
[LIBGPUSPATIAL] [ 13685][18:01:07:806894][info  ] RTSpatialRefiner 0x7046abd29cf0 (Used 1 MB), Evaluating 15 Geometry Pairs with Predicate Contains
[LIBGPUSPATIAL] [ 13686][18:01:07:806970][info  ] RTSpatialIndex 0x7046a800ac10 (Used 1 MB), Probe Points, Size: 100000, Results: 25
[LIBGPUSPATIAL] [ 13684][18:01:07:809074][info  ] RTSpatialIndex 0x7046a800ac10 (Used 1 MB), Allocate result buffer, memory consumption 0 MB, capacity 29
[LIBGPUSPATIAL] [ 13684][18:01:07:809235][info  ] RTSpatialIndex 0x7046a800ac10 (Used 1 MB), Probe Points, Size: 100000, Results: 29
[LIBGPUSPATIAL] [ 13686][18:01:07:809804][info  ] RTSpatialRefiner 0x7046abd29cf0 (Used 0 MB), Loaded Geometries, ProbeArray 100000, Loaded 20, Type Point
[LIBGPUSPATIAL] [ 13686][18:01:07:809876][info  ] RTSpatialRefiner 0x7046abd29cf0 (Used 0 MB), Evaluating 25 Geometry Pairs with Predicate Contains
[LIBGPUSPATIAL] [ 13689][18:01:07:811166][info  ] RTSpatialIndex 0x7046a800ac10 (Used 0 MB), Allocate result buffer, memory consumption 0 MB, capacity 11
[LIBGPUSPATIAL] [ 13689][18:01:07:811304][info  ] RTSpatialIndex 0x7046a800ac10 (Used 0 MB), Probe Points, Size: 33333, Results: 11
[LIBGPUSPATIAL] [ 13684][18:01:07:811456][info  ] RTSpatialRefiner 0x7046abd29cf0 (Used 0 MB), Loaded Geometries, ProbeArray 100000, Loaded 21, Type Point
[LIBGPUSPATIAL] [ 13684][18:01:07:811525][info  ] RTSpatialRefiner 0x7046abd29cf0 (Used 0 MB), Evaluating 29 Geometry Pairs with Predicate Contains
[LIBGPUSPATIAL] [ 13689][18:01:07:811728][info  ] RTSpatialRefiner 0x7046abd29cf0 (Used 0 MB), Loaded Geometries, ProbeArray 33333, Loaded 10, Type Point
[LIBGPUSPATIAL] [ 13689][18:01:07:811775][info  ] RTSpatialRefiner 0x7046abd29cf0 (Used 0 MB), Evaluating 11 Geometry Pairs with Predicate Contains
[LIBGPUSPATIAL] [ 13687][18:01:07:812153][info  ] RTSpatialIndex 0x7046a800ac10 (Used 0 MB), Allocate result buffer, memory consumption 0 MB, capacity 7
[LIBGPUSPATIAL] [ 13687][18:01:07:812693][info  ] RTSpatialIndex 0x7046a800ac10 (Used 0 MB), Probe Points, Size: 33333, Results: 7
[LIBGPUSPATIAL] [ 13687][18:01:07:813203][info  ] RTSpatialRefiner 0x7046abd29cf0 (Used 0 MB), Loaded Geometries, ProbeArray 33333, Loaded 6, Type Point
[LIBGPUSPATIAL] [ 13687][18:01:07:813277][info  ] RTSpatialRefiner 0x7046abd29cf0 (Used 0 MB), Evaluating 7 Geometry Pairs with Predicate Contains
[LIBGPUSPATIAL] [ 13690][18:01:07:824451][info  ] RTSpatialIndex 0x7046a800ac10 (Used 1 MB), Allocate result buffer, memory consumption 0 MB, capacity 15
[LIBGPUSPATIAL] [ 13690][18:01:07:824662][info  ] RTSpatialIndex 0x7046a800ac10 (Used 1 MB), Probe Points, Size: 100000, Results: 15
[LIBGPUSPATIAL] [ 13690][18:01:07:825156][info  ] RTSpatialRefiner 0x7046abd29cf0 (Used 0 MB), Loaded Geometries, ProbeArray 100000, Loaded 13, Type Point
[LIBGPUSPATIAL] [ 13690][18:01:07:825227][info  ] RTSpatialRefiner 0x7046abd29cf0 (Used 0 MB), Evaluating 15 Geometry Pairs with Predicate Contains
[LIBGPUSPATIAL] [ 13684][18:01:07:831027][info  ] RTSpatialIndex 0x7046a800ac10 (Used 2 MB), Allocate result buffer, memory consumption 0 MB, capacity 21
[LIBGPUSPATIAL] [ 13685][18:01:07:831078][info  ] RTSpatialIndex 0x7046a800ac10 (Used 4 MB), Allocate result buffer, memory consumption 0 MB, capacity 23
[LIBGPUSPATIAL] [ 13686][18:01:07:831356][info  ] RTSpatialIndex 0x7046a800ac10 (Used 4 MB), Allocate result buffer, memory consumption 0 MB, capacity 21
[LIBGPUSPATIAL] [ 13684][18:01:07:831771][info  ] RTSpatialIndex 0x7046a800ac10 (Used 3 MB), Probe Points, Size: 100000, Results: 21
[LIBGPUSPATIAL] [ 13685][18:01:07:831888][info  ] RTSpatialIndex 0x7046a800ac10 (Used 2 MB), Probe Points, Size: 100000, Results: 23
[LIBGPUSPATIAL] [ 13688][18:01:07:831930][info  ] RTSpatialIndex 0x7046a800ac10 (Used 2 MB), Allocate result buffer, memory consumption 0 MB, capacity 22
[LIBGPUSPATIAL] [ 13686][18:01:07:832218][info  ] RTSpatialIndex 0x7046a800ac10 (Used 1 MB), Probe Points, Size: 100000, Results: 21
[LIBGPUSPATIAL] [ 13688][18:01:07:832432][info  ] RTSpatialIndex 0x7046a800ac10 (Used 1 MB), Probe Points, Size: 100000, Results: 22
[LIBGPUSPATIAL] [ 13685][18:01:07:832708][info  ] RTSpatialRefiner 0x7046abd29cf0 (Used 0 MB), Loaded Geometries, ProbeArray 100000, Loaded 18, Type Point
[LIBGPUSPATIAL] [ 13685][18:01:07:832755][info  ] RTSpatialRefiner 0x7046abd29cf0 (Used 0 MB), Evaluating 23 Geometry Pairs with Predicate Contains
[LIBGPUSPATIAL] [ 13684][18:01:07:832960][info  ] RTSpatialRefiner 0x7046abd29cf0 (Used 0 MB), Loaded Geometries, ProbeArray 100000, Loaded 16, Type Point
[LIBGPUSPATIAL] [ 13684][18:01:07:833000][info  ] RTSpatialRefiner 0x7046abd29cf0 (Used 0 MB), Evaluating 21 Geometry Pairs with Predicate Contains
[LIBGPUSPATIAL] [ 13688][18:01:07:833234][info  ] RTSpatialRefiner 0x7046abd29cf0 (Used 0 MB), Loaded Geometries, ProbeArray 100000, Loaded 20, Type Point
[LIBGPUSPATIAL] [ 13688][18:01:07:833282][info  ] RTSpatialRefiner 0x7046abd29cf0 (Used 0 MB), Evaluating 22 Geometry Pairs with Predicate Contains
[LIBGPUSPATIAL] [ 13686][18:01:07:833681][info  ] RTSpatialRefiner 0x7046abd29cf0 (Used 0 MB), Loaded Geometries, ProbeArray 100000, Loaded 17, Type Point
[LIBGPUSPATIAL] [ 13686][18:01:07:833727][info  ] RTSpatialRefiner 0x7046abd29cf0 (Used 0 MB), Evaluating 21 Geometry Pairs with Predicate Contains
[LIBGPUSPATIAL] [ 13690][18:01:07:842771][info  ] RTSpatialIndex 0x7046a800ac10 (Used 1 MB), Allocate result buffer, memory consumption 0 MB, capacity 18
[LIBGPUSPATIAL] [ 13690][18:01:07:842983][info  ] RTSpatialIndex 0x7046a800ac10 (Used 1 MB), Probe Points, Size: 100000, Results: 18
[LIBGPUSPATIAL] [ 13687][18:01:07:842794][info  ] RTSpatialIndex 0x7046a800ac10 (Used 1 MB), Allocate result buffer, memory consumption 0 MB, capacity 23
[LIBGPUSPATIAL] [ 13687][18:01:07:843418][info  ] RTSpatialIndex 0x7046a800ac10 (Used 1 MB), Probe Points, Size: 100000, Results: 23
[LIBGPUSPATIAL] [ 13690][18:01:07:844011][info  ] RTSpatialRefiner 0x7046abd29cf0 (Used 0 MB), Loaded Geometries, ProbeArray 100000, Loaded 14, Type Point
[LIBGPUSPATIAL] [ 13690][18:01:07:844053][info  ] RTSpatialRefiner 0x7046abd29cf0 (Used 0 MB), Evaluating 18 Geometry Pairs with Predicate Contains
[LIBGPUSPATIAL] [ 13689][18:01:07:848163][info  ] RTSpatialIndex 0x7046a800ac10 (Used 1 MB), Allocate result buffer, memory consumption 0 MB, capacity 23
[LIBGPUSPATIAL] [ 13687][18:01:07:848233][info  ] RTSpatialRefiner 0x7046abd29cf0 (Used 1 MB), Loaded Geometries, ProbeArray 100000, Loaded 18, Type Point
[LIBGPUSPATIAL] [ 13687][18:01:07:848282][info  ] RTSpatialRefiner 0x7046abd29cf0 (Used 1 MB), Evaluating 23 Geometry Pairs with Predicate Contains
[LIBGPUSPATIAL] [ 13689][18:01:07:848318][info  ] RTSpatialIndex 0x7046a800ac10 (Used 1 MB), Probe Points, Size: 100000, Results: 23
[LIBGPUSPATIAL] [ 13689][18:01:07:848980][info  ] RTSpatialRefiner 0x7046abd29cf0 (Used 0 MB), Loaded Geometries, ProbeArray 100000, Loaded 17, Type Point
[LIBGPUSPATIAL] [ 13689][18:01:07:849035][info  ] RTSpatialRefiner 0x7046abd29cf0 (Used 0 MB), Evaluating 23 Geometry Pairs with Predicate Contains
[LIBGPUSPATIAL] [ 13686][18:01:07:849899][info  ] RTSpatialIndex 0x7046a800ac10 (Used 1 MB), Allocate result buffer, memory consumption 0 MB, capacity 34
[LIBGPUSPATIAL] [ 13686][18:01:07:850093][info  ] RTSpatialIndex 0x7046a800ac10 (Used 1 MB), Probe Points, Size: 100000, Results: 34
[LIBGPUSPATIAL] [ 13686][18:01:07:850596][info  ] RTSpatialRefiner 0x7046abd29cf0 (Used 1 MB), Loaded Geometries, ProbeArray 100000, Loaded 24, Type Point
[LIBGPUSPATIAL] [ 13686][18:01:07:850720][info  ] RTSpatialRefiner 0x7046abd29cf0 (Used 3 MB), Evaluating 34 Geometry Pairs with Predicate Contains
[LIBGPUSPATIAL] [ 13683][18:01:07:851430][info  ] RTSpatialIndex 0x7046a800ac10 (Used 2 MB), Allocate result buffer, memory consumption 0 MB, capacity 18
[LIBGPUSPATIAL] [ 13685][18:01:07:851666][info  ] RTSpatialIndex 0x7046a800ac10 (Used 2 MB), Allocate result buffer, memory consumption 0 MB, capacity 19
[LIBGPUSPATIAL] [ 13684][18:01:07:851723][info  ] RTSpatialIndex 0x7046a800ac10 (Used 2 MB), Allocate result buffer, memory consumption 0 MB, capacity 19
[LIBGPUSPATIAL] [ 13683][18:01:07:852016][info  ] RTSpatialIndex 0x7046a800ac10 (Used 2 MB), Probe Points, Size: 100000, Results: 18
[LIBGPUSPATIAL] [ 13685][18:01:07:852173][info  ] RTSpatialIndex 0x7046a800ac10 (Used 1 MB), Probe Points, Size: 100000, Results: 19
[LIBGPUSPATIAL] [ 13684][18:01:07:852434][info  ] RTSpatialIndex 0x7046a800ac10 (Used 1 MB), Probe Points, Size: 100000, Results: 19
[LIBGPUSPATIAL] [ 13685][18:01:07:852750][info  ] RTSpatialRefiner 0x7046abd29cf0 (Used 0 MB), Loaded Geometries, ProbeArray 100000, Loaded 16, Type Point
[LIBGPUSPATIAL] [ 13685][18:01:07:852795][info  ] RTSpatialRefiner 0x7046abd29cf0 (Used 0 MB), Evaluating 19 Geometry Pairs with Predicate Contains
[LIBGPUSPATIAL] [ 13683][18:01:07:853010][info  ] RTSpatialRefiner 0x7046abd29cf0 (Used 0 MB), Loaded Geometries, ProbeArray 100000, Loaded 15, Type Point
[LIBGPUSPATIAL] [ 13683][18:01:07:853058][info  ] RTSpatialRefiner 0x7046abd29cf0 (Used 0 MB), Evaluating 18 Geometry Pairs with Predicate Contains
[LIBGPUSPATIAL] [ 13684][18:01:07:853484][info  ] RTSpatialRefiner 0x7046abd29cf0 (Used 1 MB), Loaded Geometries, ProbeArray 100000, Loaded 13, Type Point
[LIBGPUSPATIAL] [ 13684][18:01:07:853527][info  ] RTSpatialRefiner 0x7046abd29cf0 (Used 1 MB), Evaluating 19 Geometry Pairs with Predicate Contains
[LIBGPUSPATIAL] [ 13688][18:01:07:854131][info  ] RTSpatialIndex 0x7046a800ac10 (Used 1 MB), Allocate result buffer, memory consumption 0 MB, capacity 34
[LIBGPUSPATIAL] [ 13688][18:01:07:854547][info  ] RTSpatialIndex 0x7046a800ac10 (Used 1 MB), Probe Points, Size: 100000, Results: 34
[LIBGPUSPATIAL] [ 13688][18:01:07:856078][info  ] RTSpatialRefiner 0x7046abd29cf0 (Used 0 MB), Loaded Geometries, ProbeArray 100000, Loaded 23, Type Point
[LIBGPUSPATIAL] [ 13688][18:01:07:856271][info  ] RTSpatialRefiner 0x7046abd29cf0 (Used 0 MB), Evaluating 34 Geometry Pairs with Predicate Contains
[LIBGPUSPATIAL] [ 13690][18:01:07:860744][info  ] RTSpatialIndex 0x7046a800ac10 (Used 1 MB), Allocate result buffer, memory consumption 0 MB, capacity 19
[LIBGPUSPATIAL] [ 13690][18:01:07:860898][info  ] RTSpatialIndex 0x7046a800ac10 (Used 1 MB), Probe Points, Size: 100000, Results: 19
[LIBGPUSPATIAL] [ 13690][18:01:07:862570][info  ] RTSpatialRefiner 0x7046abd29cf0 (Used 0 MB), Loaded Geometries, ProbeArray 100000, Loaded 13, Type Point
[LIBGPUSPATIAL] [ 13690][18:01:07:862611][info  ] RTSpatialRefiner 0x7046abd29cf0 (Used 0 MB), Evaluating 19 Geometry Pairs with Predicate Contains
[LIBGPUSPATIAL] [ 13689][18:01:07:867594][info  ] RTSpatialIndex 0x7046a800ac10 (Used 1 MB), Allocate result buffer, memory consumption 0 MB, capacity 28
[LIBGPUSPATIAL] [ 13689][18:01:07:867733][info  ] RTSpatialIndex 0x7046a800ac10 (Used 1 MB), Probe Points, Size: 100000, Results: 28
[LIBGPUSPATIAL] [ 13689][18:01:07:868602][info  ] RTSpatialRefiner 0x7046abd29cf0 (Used 1 MB), Loaded Geometries, ProbeArray 100000, Loaded 23, Type Point
[LIBGPUSPATIAL] [ 13687][18:01:07:868616][info  ] RTSpatialIndex 0x7046a800ac10 (Used 1 MB), Allocate result buffer, memory consumption 0 MB, capacity 19
[LIBGPUSPATIAL] [ 13689][18:01:07:868712][info  ] RTSpatialRefiner 0x7046abd29cf0 (Used 1 MB), Evaluating 28 Geometry Pairs with Predicate Contains
[LIBGPUSPATIAL] [ 13687][18:01:07:868863][info  ] RTSpatialIndex 0x7046a800ac10 (Used 2 MB), Probe Points, Size: 100000, Results: 19
[LIBGPUSPATIAL] [ 13684][18:01:07:869939][info  ] RTSpatialIndex 0x7046a800ac10 (Used 2 MB), Allocate result buffer, memory consumption 0 MB, capacity 30
[LIBGPUSPATIAL] [ 13687][18:01:07:869948][info  ] RTSpatialRefiner 0x7046abd29cf0 (Used 2 MB), Loaded Geometries, ProbeArray 100000, Loaded 15, Type Point
[LIBGPUSPATIAL] [ 13687][18:01:07:870119][info  ] RTSpatialRefiner 0x7046abd29cf0 (Used 2 MB), Evaluating 19 Geometry Pairs with Predicate Contains
[LIBGPUSPATIAL] [ 13686][18:01:07:870317][info  ] RTSpatialIndex 0x7046a800ac10 (Used 2 MB), Allocate result buffer, memory consumption 0 MB, capacity 23
[LIBGPUSPATIAL] [ 13685][18:01:07:870544][info  ] RTSpatialIndex 0x7046a800ac10 (Used 2 MB), Allocate result buffer, memory consumption 0 MB, capacity 31
[LIBGPUSPATIAL] [ 13684][18:01:07:870792][info  ] RTSpatialIndex 0x7046a800ac10 (Used 2 MB), Probe Points, Size: 100000, Results: 30
[LIBGPUSPATIAL] [ 13686][18:01:07:871075][info  ] RTSpatialIndex 0x7046a800ac10 (Used 1 MB), Probe Points, Size: 100000, Results: 23
[LIBGPUSPATIAL] [ 13685][18:01:07:871358][info  ] RTSpatialIndex 0x7046a800ac10 (Used 1 MB), Probe Points, Size: 100000, Results: 31
[LIBGPUSPATIAL] [ 13684][18:01:07:872689][info  ] RTSpatialRefiner 0x7046abd29cf0 (Used 1 MB), Loaded Geometries, ProbeArray 100000, Loaded 23, Type Point
[LIBGPUSPATIAL] [ 13683][18:01:07:872728][info  ] RTSpatialIndex 0x7046a800ac10 (Used 1 MB), Allocate result buffer, memory consumption 0 MB, capacity 18
[LIBGPUSPATIAL] [ 13684][18:01:07:872734][info  ] RTSpatialRefiner 0x7046abd29cf0 (Used 1 MB), Evaluating 30 Geometry Pairs with Predicate Contains
[LIBGPUSPATIAL] [ 13686][18:01:07:872773][info  ] RTSpatialRefiner 0x7046abd29cf0 (Used 1 MB), Loaded Geometries, ProbeArray 100000, Loaded 17, Type Point
[LIBGPUSPATIAL] [ 13686][18:01:07:872881][info  ] RTSpatialRefiner 0x7046abd29cf0 (Used 1 MB), Evaluating 23 Geometry Pairs with Predicate Contains
[LIBGPUSPATIAL] [ 13683][18:01:07:872964][info  ] RTSpatialIndex 0x7046a800ac10 (Used 1 MB), Probe Points, Size: 100000, Results: 18
[LIBGPUSPATIAL] [ 13685][18:01:07:873058][info  ] RTSpatialRefiner 0x7046abd29cf0 (Used 0 MB), Loaded Geometries, ProbeArray 100000, Loaded 25, Type Point
[LIBGPUSPATIAL] [ 13685][18:01:07:873098][info  ] RTSpatialRefiner 0x7046abd29cf0 (Used 0 MB), Evaluating 31 Geometry Pairs with Predicate Contains
[LIBGPUSPATIAL] [ 13683][18:01:07:873652][info  ] RTSpatialRefiner 0x7046abd29cf0 (Used 2 MB), Loaded Geometries, ProbeArray 100000, Loaded 14, Type Point
[LIBGPUSPATIAL] [ 13683][18:01:07:873696][info  ] RTSpatialRefiner 0x7046abd29cf0 (Used 1 MB), Evaluating 18 Geometry Pairs with Predicate Contains
[LIBGPUSPATIAL] [ 13688][18:01:07:874523][info  ] RTSpatialIndex 0x7046a800ac10 (Used 1 MB), Allocate result buffer, memory consumption 0 MB, capacity 21
[LIBGPUSPATIAL] [ 13688][18:01:07:876253][info  ] RTSpatialIndex 0x7046a800ac10 (Used 1 MB), Probe Points, Size: 100000, Results: 21
[LIBGPUSPATIAL] [ 13688][18:01:07:876815][info  ] RTSpatialRefiner 0x7046abd29cf0 (Used 0 MB), Loaded Geometries, ProbeArray 100000, Loaded 16, Type Point
[LIBGPUSPATIAL] [ 13688][18:01:07:876906][info  ] RTSpatialRefiner 0x7046abd29cf0 (Used 0 MB), Evaluating 21 Geometry Pairs with Predicate Contains
[LIBGPUSPATIAL] [ 13690][18:01:07:881791][info  ] RTSpatialIndex 0x7046a800ac10 (Used 1 MB), Allocate result buffer, memory consumption 0 MB, capacity 19
[LIBGPUSPATIAL] [ 13690][18:01:07:882059][info  ] RTSpatialIndex 0x7046a800ac10 (Used 1 MB), Probe Points, Size: 100000, Results: 19
[LIBGPUSPATIAL] [ 13690][18:01:07:882471][info  ] RTSpatialRefiner 0x7046abd29cf0 (Used 0 MB), Loaded Geometries, ProbeArray 100000, Loaded 15, Type Point
[LIBGPUSPATIAL] [ 13690][18:01:07:882511][info  ] RTSpatialRefiner 0x7046abd29cf0 (Used 0 MB), Evaluating 19 Geometry Pairs with Predicate Contains
[LIBGPUSPATIAL] [ 13689][18:01:07:889477][info  ] RTSpatialIndex 0x7046a800ac10 (Used 1 MB), Allocate result buffer, memory consumption 0 MB, capacity 22
[LIBGPUSPATIAL] [ 13689][18:01:07:889627][info  ] RTSpatialIndex 0x7046a800ac10 (Used 1 MB), Probe Points, Size: 100000, Results: 22
[LIBGPUSPATIAL] [ 13689][18:01:07:890140][info  ] RTSpatialRefiner 0x7046abd29cf0 (Used 1 MB), Loaded Geometries, ProbeArray 100000, Loaded 14, Type Point
[LIBGPUSPATIAL] [ 13689][18:01:07:890189][info  ] RTSpatialRefiner 0x7046abd29cf0 (Used 1 MB), Evaluating 22 Geometry Pairs with Predicate Contains
[LIBGPUSPATIAL] [ 13686][18:01:07:890698][info  ] RTSpatialIndex 0x7046a800ac10 (Used 1 MB), Allocate result buffer, memory consumption 0 MB, capacity 21
[LIBGPUSPATIAL] [ 13686][18:01:07:890961][info  ] RTSpatialIndex 0x7046a800ac10 (Used 1 MB), Probe Points, Size: 100000, Results: 21
[LIBGPUSPATIAL] [ 13687][18:01:07:891741][info  ] RTSpatialIndex 0x7046a800ac10 (Used 1 MB), Allocate result buffer, memory consumption 0 MB, capacity 29
[LIBGPUSPATIAL] [ 13684][18:01:07:891944][info  ] RTSpatialIndex 0x7046a800ac10 (Used 1 MB), Allocate result buffer, memory consumption 0 MB, capacity 18
[LIBGPUSPATIAL] [ 13686][18:01:07:892076][info  ] RTSpatialRefiner 0x7046abd29cf0 (Used 1 MB), Loaded Geometries, ProbeArray 100000, Loaded 17, Type Point
[LIBGPUSPATIAL] [ 13686][18:01:07:892135][info  ] RTSpatialRefiner 0x7046abd29cf0 (Used 1 MB), Evaluating 21 Geometry Pairs with Predicate Contains
[LIBGPUSPATIAL] [ 13687][18:01:07:892183][info  ] RTSpatialIndex 0x7046a800ac10 (Used 1 MB), Probe Points, Size: 100000, Results: 29
[LIBGPUSPATIAL] [ 13684][18:01:07:892394][info  ] RTSpatialIndex 0x7046a800ac10 (Used 2 MB), Probe Points, Size: 100000, Results: 18
[LIBGPUSPATIAL] [ 13685][18:01:07:893022][info  ] RTSpatialIndex 0x7046a800ac10 (Used 1 MB), Allocate result buffer, memory consumption 0 MB, capacity 22
[LIBGPUSPATIAL] [ 13684][18:01:07:893027][info  ] RTSpatialRefiner 0x7046abd29cf0 (Used 1 MB), Loaded Geometries, ProbeArray 100000, Loaded 13, Type Point
[LIBGPUSPATIAL] [ 13687][18:01:07:893053][info  ] RTSpatialRefiner 0x7046abd29cf0 (Used 1 MB), Loaded Geometries, ProbeArray 100000, Loaded 22, Type Point
[LIBGPUSPATIAL] [ 13684][18:01:07:893099][info  ] RTSpatialRefiner 0x7046abd29cf0 (Used 1 MB), Evaluating 18 Geometry Pairs with Predicate Contains
[LIBGPUSPATIAL] [ 13687][18:01:07:893119][info  ] RTSpatialRefiner 0x7046abd29cf0 (Used 1 MB), Evaluating 29 Geometry Pairs with Predicate Contains
[LIBGPUSPATIAL] [ 13685][18:01:07:893329][info  ] RTSpatialIndex 0x7046a800ac10 (Used 1 MB), Probe Points, Size: 100000, Results: 22
[LIBGPUSPATIAL] [ 13685][18:01:07:894178][info  ] RTSpatialRefiner 0x7046abd29cf0 (Used 0 MB), Loaded Geometries, ProbeArray 100000, Loaded 17, Type Point
[LIBGPUSPATIAL] [ 13685][18:01:07:894229][info  ] RTSpatialRefiner 0x7046abd29cf0 (Used 0 MB), Evaluating 22 Geometry Pairs with Predicate Contains
[LIBGPUSPATIAL] [ 13683][18:01:07:895393][info  ] RTSpatialIndex 0x7046a800ac10 (Used 1 MB), Allocate result buffer, memory consumption 0 MB, capacity 29
[LIBGPUSPATIAL] [ 13683][18:01:07:895519][info  ] RTSpatialIndex 0x7046a800ac10 (Used 1 MB), Probe Points, Size: 100000, Results: 29
[LIBGPUSPATIAL] [ 13683][18:01:07:896296][info  ] RTSpatialRefiner 0x7046abd29cf0 (Used 0 MB), Loaded Geometries, ProbeArray 100000, Loaded 24, Type Point
[LIBGPUSPATIAL] [ 13683][18:01:07:896342][info  ] RTSpatialRefiner 0x7046abd29cf0 (Used 0 MB), Evaluating 29 Geometry Pairs with Predicate Contains
[LIBGPUSPATIAL] [ 13688][18:01:07:898076][info  ] RTSpatialIndex 0x7046a800ac10 (Used 1 MB), Allocate result buffer, memory consumption 0 MB, capacity 16
[LIBGPUSPATIAL] [ 13688][18:01:07:898223][info  ] RTSpatialIndex 0x7046a800ac10 (Used 1 MB), Probe Points, Size: 100000, Results: 16
[LIBGPUSPATIAL] [ 13690][18:01:07:898813][info  ] RTSpatialIndex 0x7046a800ac10 (Used 1 MB), Allocate result buffer, memory consumption 0 MB, capacity 33
[LIBGPUSPATIAL] [ 13690][18:01:07:898988][info  ] RTSpatialIndex 0x7046a800ac10 (Used 1 MB), Probe Points, Size: 100000, Results: 33
[LIBGPUSPATIAL] [ 13690][18:01:07:899381][info  ] RTSpatialRefiner 0x7046abd29cf0 (Used 0 MB), Loaded Geometries, ProbeArray 100000, Loaded 20, Type Point
[LIBGPUSPATIAL] [ 13690][18:01:07:899501][info  ] RTSpatialRefiner 0x7046abd29cf0 (Used 0 MB), Evaluating 33 Geometry Pairs with Predicate Contains
[LIBGPUSPATIAL] [ 13688][18:01:07:899781][info  ] RTSpatialRefiner 0x7046abd29cf0 (Used 0 MB), Loaded Geometries, ProbeArray 100000, Loaded 13, Type Point
[LIBGPUSPATIAL] [ 13688][18:01:07:899968][info  ] RTSpatialRefiner 0x7046abd29cf0 (Used 0 MB), Evaluating 16 Geometry Pairs with Predicate Contains
[LIBGPUSPATIAL] [ 13689][18:01:07:910290][info  ] RTSpatialIndex 0x7046a800ac10 (Used 1 MB), Allocate result buffer, memory consumption 0 MB, capacity 15
[LIBGPUSPATIAL] [ 13689][18:01:07:911404][info  ] RTSpatialIndex 0x7046a800ac10 (Used 3 MB), Probe Points, Size: 100000, Results: 15
[LIBGPUSPATIAL] [ 13684][18:01:07:911454][info  ] RTSpatialIndex 0x7046a800ac10 (Used 2 MB), Allocate result buffer, memory consumption 0 MB, capacity 23
[LIBGPUSPATIAL] [ 13686][18:01:07:911575][info  ] RTSpatialIndex 0x7046a800ac10 (Used 2 MB), Allocate result buffer, memory consumption 0 MB, capacity 23
[LIBGPUSPATIAL] [ 13685][18:01:07:911643][info  ] RTSpatialIndex 0x7046a800ac10 (Used 2 MB), Allocate result buffer, memory consumption 0 MB, capacity 26
[LIBGPUSPATIAL] [ 13684][18:01:07:911886][info  ] RTSpatialIndex 0x7046a800ac10 (Used 2 MB), Probe Points, Size: 100000, Results: 23
[LIBGPUSPATIAL] [ 13686][18:01:07:912080][info  ] RTSpatialIndex 0x7046a800ac10 (Used 3 MB), Probe Points, Size: 100000, Results: 23
[LIBGPUSPATIAL] [ 13685][18:01:07:912393][info  ] RTSpatialIndex 0x7046a800ac10 (Used 2 MB), Probe Points, Size: 100000, Results: 26
[LIBGPUSPATIAL] [ 13684][18:01:07:912797][info  ] RTSpatialRefiner 0x7046abd29cf0 (Used 1 MB), Loaded Geometries, ProbeArray 100000, Loaded 20, Type Point
[LIBGPUSPATIAL] [ 13687][18:01:07:912821][info  ] RTSpatialIndex 0x7046a800ac10 (Used 1 MB), Allocate result buffer, memory consumption 0 MB, capacity 22
[LIBGPUSPATIAL] [ 13684][18:01:07:912836][info  ] RTSpatialRefiner 0x7046abd29cf0 (Used 1 MB), Evaluating 23 Geometry Pairs with Predicate Contains
[LIBGPUSPATIAL] [ 13686][18:01:07:912885][info  ] RTSpatialRefiner 0x7046abd29cf0 (Used 1 MB), Loaded Geometries, ProbeArray 100000, Loaded 18, Type Point
[LIBGPUSPATIAL] [ 13686][18:01:07:913009][info  ] RTSpatialRefiner 0x7046abd29cf0 (Used 1 MB), Evaluating 23 Geometry Pairs with Predicate Contains
[LIBGPUSPATIAL] [ 13689][18:01:07:913170][info  ] RTSpatialRefiner 0x7046abd29cf0 (Used 1 MB), Loaded Geometries, ProbeArray 100000, Loaded 10, Type Point
[LIBGPUSPATIAL] [ 13685][18:01:07:913180][info  ] RTSpatialRefiner 0x7046abd29cf0 (Used 1 MB), Loaded Geometries, ProbeArray 100000, Loaded 20, Type Point
[LIBGPUSPATIAL] [ 13687][18:01:07:913278][info  ] RTSpatialIndex 0x7046a800ac10 (Used 1 MB), Probe Points, Size: 100000, Results: 22
[LIBGPUSPATIAL] [ 13685][18:01:07:913361][info  ] RTSpatialRefiner 0x7046abd29cf0 (Used 0 MB), Evaluating 26 Geometry Pairs with Predicate Contains
[LIBGPUSPATIAL] [ 13689][18:01:07:913608][info  ] RTSpatialRefiner 0x7046abd29cf0 (Used 0 MB), Evaluating 15 Geometry Pairs with Predicate Contains
[LIBGPUSPATIAL] [ 13687][18:01:07:913836][info  ] RTSpatialRefiner 0x7046abd29cf0 (Used 0 MB), Loaded Geometries, ProbeArray 100000, Loaded 18, Type Point
[LIBGPUSPATIAL] [ 13687][18:01:07:913932][info  ] RTSpatialRefiner 0x7046abd29cf0 (Used 0 MB), Evaluating 22 Geometry Pairs with Predicate Contains
[LIBGPUSPATIAL] [ 13683][18:01:07:915174][info  ] RTSpatialIndex 0x7046a800ac10 (Used 1 MB), Allocate result buffer, memory consumption 0 MB, capacity 13
[LIBGPUSPATIAL] [ 13683][18:01:07:915322][info  ] RTSpatialIndex 0x7046a800ac10 (Used 1 MB), Probe Points, Size: 100000, Results: 13
[LIBGPUSPATIAL] [ 13690][18:01:07:916360][info  ] RTSpatialIndex 0x7046a800ac10 (Used 1 MB), Allocate result buffer, memory consumption 0 MB, capacity 33
[LIBGPUSPATIAL] [ 13690][18:01:07:916517][info  ] RTSpatialIndex 0x7046a800ac10 (Used 1 MB), Probe Points, Size: 100000, Results: 33
[LIBGPUSPATIAL] [ 13690][18:01:07:919223][info  ] RTSpatialRefiner 0x7046abd29cf0 (Used 0 MB), Loaded Geometries, ProbeArray 100000, Loaded 23, Type Point
[LIBGPUSPATIAL] [ 13690][18:01:07:919293][info  ] RTSpatialRefiner 0x7046abd29cf0 (Used 0 MB), Evaluating 33 Geometry Pairs with Predicate Contains
[LIBGPUSPATIAL] [ 13683][18:01:07:920277][info  ] RTSpatialRefiner 0x7046abd29cf0 (Used 1 MB), Loaded Geometries, ProbeArray 100000, Loaded 12, Type Point
[LIBGPUSPATIAL] [ 13683][18:01:07:920346][info  ] RTSpatialRefiner 0x7046abd29cf0 (Used 1 MB), Evaluating 13 Geometry Pairs with Predicate Contains
[LIBGPUSPATIAL] [ 13688][18:01:07:920620][info  ] RTSpatialIndex 0x7046a800ac10 (Used 1 MB), Allocate result buffer, memory consumption 0 MB, capacity 25
[LIBGPUSPATIAL] [ 13688][18:01:07:920924][info  ] RTSpatialIndex 0x7046a800ac10 (Used 1 MB), Probe Points, Size: 100000, Results: 25
[LIBGPUSPATIAL] [ 13688][18:01:07:923054][info  ] RTSpatialRefiner 0x7046abd29cf0 (Used 0 MB), Loaded Geometries, ProbeArray 100000, Loaded 19, Type Point
[LIBGPUSPATIAL] [ 13688][18:01:07:923095][info  ] RTSpatialRefiner 0x7046abd29cf0 (Used 0 MB), Evaluating 25 Geometry Pairs with Predicate Contains
[LIBGPUSPATIAL] [ 13686][18:01:07:931916][info  ] RTSpatialIndex 0x7046a800ac10 (Used 2 MB), Allocate result buffer, memory consumption 0 MB, capacity 19
[LIBGPUSPATIAL] [ 13685][18:01:07:931985][info  ] RTSpatialIndex 0x7046a800ac10 (Used 2 MB), Allocate result buffer, memory consumption 0 MB, capacity 20
[LIBGPUSPATIAL] [ 13684][18:01:07:932043][info  ] RTSpatialIndex 0x7046a800ac10 (Used 2 MB), Allocate result buffer, memory consumption 0 MB, capacity 11
[LIBGPUSPATIAL] [ 13686][18:01:07:932352][info  ] RTSpatialIndex 0x7046a800ac10 (Used 2 MB), Probe Points, Size: 100000, Results: 19
[LIBGPUSPATIAL] [ 13685][18:01:07:932427][info  ] RTSpatialIndex 0x7046a800ac10 (Used 3 MB), Probe Points, Size: 100000, Results: 20
[LIBGPUSPATIAL] [ 13684][18:01:07:932893][info  ] RTSpatialIndex 0x7046a800ac10 (Used 2 MB), Probe Points, Size: 100000, Results: 11
[LIBGPUSPATIAL] [ 13689][18:01:07:933458][info  ] RTSpatialIndex 0x7046a800ac10 (Used 1 MB), Allocate result buffer, memory consumption 0 MB, capacity 20
[LIBGPUSPATIAL] [ 13685][18:01:07:933620][info  ] RTSpatialRefiner 0x7046abd29cf0 (Used 1 MB), Loaded Geometries, ProbeArray 100000, Loaded 15, Type Point
[LIBGPUSPATIAL] [ 13684][18:01:07:933631][info  ] RTSpatialRefiner 0x7046abd29cf0 (Used 1 MB), Loaded Geometries, ProbeArray 100000, Loaded 10, Type Point
[LIBGPUSPATIAL] [ 13686][18:01:07:933626][info  ] RTSpatialRefiner 0x7046abd29cf0 (Used 1 MB), Loaded Geometries, ProbeArray 100000, Loaded 14, Type Point
[LIBGPUSPATIAL] [ 13685][18:01:07:933681][info  ] RTSpatialRefiner 0x7046abd29cf0 (Used 1 MB), Evaluating 20 Geometry Pairs with Predicate Contains
[LIBGPUSPATIAL] [ 13686][18:01:07:933693][info  ] RTSpatialRefiner 0x7046abd29cf0 (Used 1 MB), Evaluating 19 Geometry Pairs with Predicate Contains
[LIBGPUSPATIAL] [ 13684][18:01:07:933687][info  ] RTSpatialRefiner 0x7046abd29cf0 (Used 1 MB), Evaluating 11 Geometry Pairs with Predicate Contains
[LIBGPUSPATIAL] [ 13687][18:01:07:933937][info  ] RTSpatialIndex 0x7046a800ac10 (Used 1 MB), Allocate result buffer, memory consumption 0 MB, capacity 22
[LIBGPUSPATIAL] [ 13689][18:01:07:934431][info  ] RTSpatialIndex 0x7046a800ac10 (Used 2 MB), Probe Points, Size: 100000, Results: 20
[LIBGPUSPATIAL] [ 13687][18:01:07:935048][info  ] RTSpatialIndex 0x7046a800ac10 (Used 1 MB), Probe Points, Size: 100000, Results: 22
[LIBGPUSPATIAL] [ 13689][18:01:07:935053][info  ] RTSpatialRefiner 0x7046abd29cf0 (Used 1 MB), Loaded Geometries, ProbeArray 100000, Loaded 16, Type Point
[LIBGPUSPATIAL] [ 13689][18:01:07:935187][info  ] RTSpatialRefiner 0x7046abd29cf0 (Used 0 MB), Evaluating 20 Geometry Pairs with Predicate Contains
[LIBGPUSPATIAL] [ 13690][18:01:07:937632][info  ] RTSpatialIndex 0x7046a800ac10 (Used 1 MB), Allocate result buffer, memory consumption 0 MB, capacity 24
[LIBGPUSPATIAL] [ 13690][18:01:07:937783][info  ] RTSpatialIndex 0x7046a800ac10 (Used 1 MB), Probe Points, Size: 100000, Results: 24
[LIBGPUSPATIAL] [ 13687][18:01:07:938104][info  ] RTSpatialRefiner 0x7046abd29cf0 (Used 0 MB), Loaded Geometries, ProbeArray 100000, Loaded 15, Type Point
[LIBGPUSPATIAL] [ 13690][18:01:07:938282][info  ] RTSpatialRefiner 0x7046abd29cf0 (Used 0 MB), Loaded Geometries, ProbeArray 100000, Loaded 18, Type Point
[LIBGPUSPATIAL] [ 13687][18:01:07:938293][info  ] RTSpatialRefiner 0x7046abd29cf0 (Used 0 MB), Evaluating 22 Geometry Pairs with Predicate Contains
[LIBGPUSPATIAL] [ 13690][18:01:07:938333][info  ] RTSpatialRefiner 0x7046abd29cf0 (Used 0 MB), Evaluating 24 Geometry Pairs with Predicate Contains
[LIBGPUSPATIAL] [ 13683][18:01:07:939215][info  ] RTSpatialIndex 0x7046a800ac10 (Used 1 MB), Allocate result buffer, memory consumption 0 MB, capacity 22
[LIBGPUSPATIAL] [ 13683][18:01:07:939386][info  ] RTSpatialIndex 0x7046a800ac10 (Used 1 MB), Probe Points, Size: 100000, Results: 22
[LIBGPUSPATIAL] [ 13683][18:01:07:941163][info  ] RTSpatialRefiner 0x7046abd29cf0 (Used 0 MB), Loaded Geometries, ProbeArray 100000, Loaded 16, Type Point
[LIBGPUSPATIAL] [ 13683][18:01:07:941288][info  ] RTSpatialRefiner 0x7046abd29cf0 (Used 0 MB), Evaluating 22 Geometry Pairs with Predicate Contains
[LIBGPUSPATIAL] [ 13688][18:01:07:942395][info  ] RTSpatialIndex 0x7046a800ac10 (Used 1 MB), Allocate result buffer, memory consumption 0 MB, capacity 21
[LIBGPUSPATIAL] [ 13688][18:01:07:942609][info  ] RTSpatialIndex 0x7046a800ac10 (Used 1 MB), Probe Points, Size: 100000, Results: 21
[LIBGPUSPATIAL] [ 13688][18:01:07:943182][info  ] RTSpatialRefiner 0x7046abd29cf0 (Used 0 MB), Loaded Geometries, ProbeArray 100000, Loaded 17, Type Point
[LIBGPUSPATIAL] [ 13688][18:01:07:943344][info  ] RTSpatialRefiner 0x7046abd29cf0 (Used 0 MB), Evaluating 21 Geometry Pairs with Predicate Contains
[LIBGPUSPATIAL] [ 13684][18:01:07:951093][info  ] RTSpatialIndex 0x7046a800ac10 (Used 1 MB), Allocate result buffer, memory consumption 0 MB, capacity 23
[LIBGPUSPATIAL] [ 13684][18:01:07:951246][info  ] RTSpatialIndex 0x7046a800ac10 (Used 1 MB), Probe Points, Size: 100000, Results: 23
[LIBGPUSPATIAL] [ 13686][18:01:07:951818][info  ] RTSpatialIndex 0x7046a800ac10 (Used 1 MB), Allocate result buffer, memory consumption 0 MB, capacity 21
[LIBGPUSPATIAL] [ 13686][18:01:07:951959][info  ] RTSpatialIndex 0x7046a800ac10 (Used 1 MB), Probe Points, Size: 100000, Results: 21
[LIBGPUSPATIAL] [ 13689][18:01:07:953197][info  ] RTSpatialIndex 0x7046a800ac10 (Used 1 MB), Allocate result buffer, memory consumption 0 MB, capacity 37
[LIBGPUSPATIAL] [ 13686][18:01:07:953417][info  ] RTSpatialRefiner 0x7046abd29cf0 (Used 1 MB), Loaded Geometries, ProbeArray 100000, Loaded 16, Type Point
[LIBGPUSPATIAL] [ 13686][18:01:07:953467][info  ] RTSpatialRefiner 0x7046abd29cf0 (Used 1 MB), Evaluating 21 Geometry Pairs with Predicate Contains
[LIBGPUSPATIAL] [ 13684][18:01:07:953611][info  ] RTSpatialRefiner 0x7046abd29cf0 (Used 1 MB), Loaded Geometries, ProbeArray 100000, Loaded 17, Type Point
[LIBGPUSPATIAL] [ 13689][18:01:07:953619][info  ] RTSpatialIndex 0x7046a800ac10 (Used 1 MB), Probe Points, Size: 100000, Results: 37
[LIBGPUSPATIAL] [ 13684][18:01:07:953655][info  ] RTSpatialRefiner 0x7046abd29cf0 (Used 0 MB), Evaluating 23 Geometry Pairs with Predicate Contains
[LIBGPUSPATIAL] [ 13689][18:01:07:954087][info  ] RTSpatialRefiner 0x7046abd29cf0 (Used 0 MB), Loaded Geometries, ProbeArray 100000, Loaded 27, Type Point
[LIBGPUSPATIAL] [ 13689][18:01:07:954127][info  ] RTSpatialRefiner 0x7046abd29cf0 (Used 0 MB), Evaluating 37 Geometry Pairs with Predicate Contains
[LIBGPUSPATIAL] [ 13690][18:01:07:955142][info  ] RTSpatialIndex 0x7046a800ac10 (Used 2 MB), Allocate result buffer, memory consumption 0 MB, capacity 23
[LIBGPUSPATIAL] [ 13690][18:01:07:955677][info  ] RTSpatialIndex 0x7046a800ac10 (Used 1 MB), Probe Points, Size: 100000, Results: 23
[LIBGPUSPATIAL] [ 13685][18:01:07:955707][info  ] RTSpatialIndex 0x7046a800ac10 (Used 1 MB), Allocate result buffer, memory consumption 0 MB, capacity 31
[LIBGPUSPATIAL] [ 13685][18:01:07:956733][info  ] RTSpatialIndex 0x7046a800ac10 (Used 1 MB), Probe Points, Size: 100000, Results: 31
[LIBGPUSPATIAL] [ 13687][18:01:07:957640][info  ] RTSpatialIndex 0x7046a800ac10 (Used 1 MB), Allocate result buffer, memory consumption 0 MB, capacity 24
[LIBGPUSPATIAL] [ 13690][18:01:07:957664][info  ] RTSpatialRefiner 0x7046abd29cf0 (Used 1 MB), Loaded Geometries, ProbeArray 100000, Loaded 16, Type Point
[LIBGPUSPATIAL] [ 13690][18:01:07:957702][info  ] RTSpatialRefiner 0x7046abd29cf0 (Used 1 MB), Evaluating 23 Geometry Pairs with Predicate Contains
[LIBGPUSPATIAL] [ 13687][18:01:07:957805][info  ] RTSpatialIndex 0x7046a800ac10 (Used 1 MB), Probe Points, Size: 100000, Results: 24
[LIBGPUSPATIAL] [ 13685][18:01:07:958402][info  ] RTSpatialRefiner 0x7046abd29cf0 (Used 0 MB), Loaded Geometries, ProbeArray 100000, Loaded 21, Type Point
[LIBGPUSPATIAL] [ 13685][18:01:07:958442][info  ] RTSpatialRefiner 0x7046abd29cf0 (Used 0 MB), Evaluating 31 Geometry Pairs with Predicate Contains
[LIBGPUSPATIAL] [ 13687][18:01:07:962036][info  ] RTSpatialRefiner 0x7046abd29cf0 (Used 2 MB), Loaded Geometries, ProbeArray 100000, Loaded 16, Type Point
[LIBGPUSPATIAL] [ 13687][18:01:07:962100][info  ] RTSpatialRefiner 0x7046abd29cf0 (Used 2 MB), Evaluating 24 Geometry Pairs with Predicate Contains
[LIBGPUSPATIAL] [ 13683][18:01:07:962231][info  ] RTSpatialIndex 0x7046a800ac10 (Used 1 MB), Allocate result buffer, memory consumption 0 MB, capacity 27
[LIBGPUSPATIAL] [ 13688][18:01:07:963185][info  ] RTSpatialIndex 0x7046a800ac10 (Used 1 MB), Allocate result buffer, memory consumption 0 MB, capacity 23
[LIBGPUSPATIAL] [ 13683][18:01:07:963477][info  ] RTSpatialIndex 0x7046a800ac10 (Used 1 MB), Probe Points, Size: 100000, Results: 27
[LIBGPUSPATIAL] [ 13688][18:01:07:963688][info  ] RTSpatialIndex 0x7046a800ac10 (Used 1 MB), Probe Points, Size: 100000, Results: 23
[LIBGPUSPATIAL] [ 13683][18:01:07:966076][info  ] RTSpatialRefiner 0x7046abd29cf0 (Used 0 MB), Loaded Geometries, ProbeArray 100000, Loaded 19, Type Point
[LIBGPUSPATIAL] [ 13683][18:01:07:966137][info  ] RTSpatialRefiner 0x7046abd29cf0 (Used 0 MB), Evaluating 27 Geometry Pairs with Predicate Contains
[LIBGPUSPATIAL] [ 13688][18:01:07:966169][info  ] RTSpatialRefiner 0x7046abd29cf0 (Used 0 MB), Loaded Geometries, ProbeArray 100000, Loaded 19, Type Point
[LIBGPUSPATIAL] [ 13688][18:01:07:966218][info  ] RTSpatialRefiner 0x7046abd29cf0 (Used 0 MB), Evaluating 23 Geometry Pairs with Predicate Contains
[LIBGPUSPATIAL] [ 13689][18:01:07:968236][info  ] RTSpatialIndex 0x7046a800ac10 (Used 1 MB), Allocate result buffer, memory consumption 0 MB, capacity 20
[LIBGPUSPATIAL] [ 13689][18:01:07:968360][info  ] RTSpatialIndex 0x7046a800ac10 (Used 1 MB), Probe Points, Size: 100000, Results: 20
[LIBGPUSPATIAL] [ 13689][18:01:07:968742][info  ] RTSpatialRefiner 0x7046abd29cf0 (Used 0 MB), Loaded Geometries, ProbeArray 100000, Loaded 17, Type Point
[LIBGPUSPATIAL] [ 13689][18:01:07:968785][info  ] RTSpatialRefiner 0x7046abd29cf0 (Used 0 MB), Evaluating 20 Geometry Pairs with Predicate Contains
[LIBGPUSPATIAL] [ 13686][18:01:07:971514][info  ] RTSpatialIndex 0x7046a800ac10 (Used 1 MB), Allocate result buffer, memory consumption 0 MB, capacity 17
[LIBGPUSPATIAL] [ 13686][18:01:07:971698][info  ] RTSpatialIndex 0x7046a800ac10 (Used 2 MB), Probe Points, Size: 100000, Results: 17
[LIBGPUSPATIAL] [ 13684][18:01:07:972139][info  ] RTSpatialIndex 0x7046a800ac10 (Used 1 MB), Allocate result buffer, memory consumption 0 MB, capacity 29
[LIBGPUSPATIAL] [ 13684][18:01:07:972266][info  ] RTSpatialIndex 0x7046a800ac10 (Used 1 MB), Probe Points, Size: 100000, Results: 29
[LIBGPUSPATIAL] [ 13686][18:01:07:972287][info  ] RTSpatialRefiner 0x7046abd29cf0 (Used 0 MB), Loaded Geometries, ProbeArray 100000, Loaded 14, Type Point
[LIBGPUSPATIAL] [ 13686][18:01:07:972327][info  ] RTSpatialRefiner 0x7046abd29cf0 (Used 0 MB), Evaluating 17 Geometry Pairs with Predicate Contains
[LIBGPUSPATIAL] [ 13684][18:01:07:972614][info  ] RTSpatialRefiner 0x7046abd29cf0 (Used 0 MB), Loaded Geometries, ProbeArray 100000, Loaded 23, Type Point
[LIBGPUSPATIAL] [ 13684][18:01:07:972665][info  ] RTSpatialRefiner 0x7046abd29cf0 (Used 0 MB), Evaluating 29 Geometry Pairs with Predicate Contains
[LIBGPUSPATIAL] [ 13690][18:01:07:976333][info  ] RTSpatialIndex 0x7046a800ac10 (Used 1 MB), Allocate result buffer, memory consumption 0 MB, capacity 24
[LIBGPUSPATIAL] [ 13690][18:01:07:976478][info  ] RTSpatialIndex 0x7046a800ac10 (Used 1 MB), Probe Points, Size: 100000, Results: 24
[LIBGPUSPATIAL] [ 13685][18:01:07:976990][info  ] RTSpatialIndex 0x7046a800ac10 (Used 1 MB), Allocate result buffer, memory consumption 0 MB, capacity 21
[LIBGPUSPATIAL] [ 13685][18:01:07:977142][info  ] RTSpatialIndex 0x7046a800ac10 (Used 1 MB), Probe Points, Size: 100000, Results: 21
[LIBGPUSPATIAL] [ 13690][18:01:07:977451][info  ] RTSpatialRefiner 0x7046abd29cf0 (Used 0 MB), Loaded Geometries, ProbeArray 100000, Loaded 19, Type Point
[LIBGPUSPATIAL] [ 13690][18:01:07:977531][info  ] RTSpatialRefiner 0x7046abd29cf0 (Used 0 MB), Evaluating 24 Geometry Pairs with Predicate Contains
[LIBGPUSPATIAL] [ 13685][18:01:07:977566][info  ] RTSpatialRefiner 0x7046abd29cf0 (Used 0 MB), Loaded Geometries, ProbeArray 100000, Loaded 19, Type Point
[LIBGPUSPATIAL] [ 13685][18:01:07:977711][info  ] RTSpatialRefiner 0x7046abd29cf0 (Used 0 MB), Evaluating 21 Geometry Pairs with Predicate Contains
[LIBGPUSPATIAL] [ 13687][18:01:07:983026][info  ] RTSpatialIndex 0x7046a800ac10 (Used 1 MB), Allocate result buffer, memory consumption 0 MB, capacity 13
[LIBGPUSPATIAL] [ 13687][18:01:07:983159][info  ] RTSpatialIndex 0x7046a800ac10 (Used 1 MB), Probe Points, Size: 100000, Results: 13
[LIBGPUSPATIAL] [ 13687][18:01:07:983571][info  ] RTSpatialRefiner 0x7046abd29cf0 (Used 0 MB), Loaded Geometries, ProbeArray 100000, Loaded 11, Type Point
[LIBGPUSPATIAL] [ 13687][18:01:07:983614][info  ] RTSpatialRefiner 0x7046abd29cf0 (Used 0 MB), Evaluating 13 Geometry Pairs with Predicate Contains
[LIBGPUSPATIAL] [ 13689][18:01:07:985961][info  ] RTSpatialIndex 0x7046a800ac10 (Used 1 MB), Allocate result buffer, memory consumption 0 MB, capacity 21
[LIBGPUSPATIAL] [ 13688][18:01:07:986071][info  ] RTSpatialIndex 0x7046a800ac10 (Used 1 MB), Allocate result buffer, memory consumption 0 MB, capacity 25
[LIBGPUSPATIAL] [ 13689][18:01:07:986213][info  ] RTSpatialIndex 0x7046a800ac10 (Used 1 MB), Probe Points, Size: 100000, Results: 21
[LIBGPUSPATIAL] [ 13688][18:01:07:986340][info  ] RTSpatialIndex 0x7046a800ac10 (Used 1 MB), Probe Points, Size: 100000, Results: 25
[LIBGPUSPATIAL] [ 13689][18:01:07:986687][info  ] RTSpatialRefiner 0x7046abd29cf0 (Used 1 MB), Loaded Geometries, ProbeArray 100000, Loaded 16, Type Point
[LIBGPUSPATIAL] [ 13689][18:01:07:986790][info  ] RTSpatialRefiner 0x7046abd29cf0 (Used 1 MB), Evaluating 21 Geometry Pairs with Predicate Contains
[LIBGPUSPATIAL] [ 13688][18:01:07:986926][info  ] RTSpatialRefiner 0x7046abd29cf0 (Used 1 MB), Loaded Geometries, ProbeArray 100000, Loaded 18, Type Point
[LIBGPUSPATIAL] [ 13683][18:01:07:987023][info  ] RTSpatialIndex 0x7046a800ac10 (Used 1 MB), Allocate result buffer, memory consumption 0 MB, capacity 16
[LIBGPUSPATIAL] [ 13688][18:01:07:987094][info  ] RTSpatialRefiner 0x7046abd29cf0 (Used 1 MB), Evaluating 25 Geometry Pairs with Predicate Contains
[LIBGPUSPATIAL] [ 13683][18:01:07:987512][info  ] RTSpatialIndex 0x7046a800ac10 (Used 1 MB), Probe Points, Size: 100000, Results: 16
[LIBGPUSPATIAL] [ 13683][18:01:07:987917][info  ] RTSpatialRefiner 0x7046abd29cf0 (Used 0 MB), Loaded Geometries, ProbeArray 100000, Loaded 14, Type Point
[LIBGPUSPATIAL] [ 13683][18:01:07:988008][info  ] RTSpatialRefiner 0x7046abd29cf0 (Used 0 MB), Evaluating 16 Geometry Pairs with Predicate Contains
[LIBGPUSPATIAL] [ 13684][18:01:07:989876][info  ] RTSpatialIndex 0x7046a800ac10 (Used 1 MB), Allocate result buffer, memory consumption 0 MB, capacity 31
[LIBGPUSPATIAL] [ 13684][18:01:07:990050][info  ] RTSpatialIndex 0x7046a800ac10 (Used 2 MB), Probe Points, Size: 100000, Results: 31
[LIBGPUSPATIAL] [ 13686][18:01:07:990475][info  ] RTSpatialIndex 0x7046a800ac10 (Used 1 MB), Allocate result buffer, memory consumption 0 MB, capacity 20
[LIBGPUSPATIAL] [ 13686][18:01:07:990586][info  ] RTSpatialIndex 0x7046a800ac10 (Used 1 MB), Probe Points, Size: 100000, Results: 20
[LIBGPUSPATIAL] [ 13684][18:01:07:991419][info  ] RTSpatialRefiner 0x7046abd29cf0 (Used 0 MB), Loaded Geometries, ProbeArray 100000, Loaded 24, Type Point
[LIBGPUSPATIAL] [ 13684][18:01:07:991462][info  ] RTSpatialRefiner 0x7046abd29cf0 (Used 0 MB), Evaluating 31 Geometry Pairs with Predicate Contains
[LIBGPUSPATIAL] [ 13686][18:01:07:991523][info  ] RTSpatialRefiner 0x7046abd29cf0 (Used 0 MB), Loaded Geometries, ProbeArray 100000, Loaded 15, Type Point
[LIBGPUSPATIAL] [ 13686][18:01:07:991562][info  ] RTSpatialRefiner 0x7046abd29cf0 (Used 0 MB), Evaluating 20 Geometry Pairs with Predicate Contains
[LIBGPUSPATIAL] [ 13690][18:01:07:994447][info  ] RTSpatialIndex 0x7046a800ac10 (Used 1 MB), Allocate result buffer, memory consumption 0 MB, capacity 13
[LIBGPUSPATIAL] [ 13690][18:01:07:994600][info  ] RTSpatialIndex 0x7046a800ac10 (Used 1 MB), Probe Points, Size: 100000, Results: 13
[LIBGPUSPATIAL] [ 13690][18:01:07:995211][info  ] RTSpatialRefiner 0x7046abd29cf0 (Used 1 MB), Loaded Geometries, ProbeArray 100000, Loaded 11, Type Point
[LIBGPUSPATIAL] [ 13685][18:01:07:995254][info  ] RTSpatialIndex 0x7046a800ac10 (Used 1 MB), Allocate result buffer, memory consumption 0 MB, capacity 29
[LIBGPUSPATIAL] [ 13690][18:01:07:995259][info  ] RTSpatialRefiner 0x7046abd29cf0 (Used 1 MB), Evaluating 13 Geometry Pairs with Predicate Contains
[LIBGPUSPATIAL] [ 13685][18:01:07:995683][info  ] RTSpatialIndex 0x7046a800ac10 (Used 1 MB), Probe Points, Size: 100000, Results: 29
[LIBGPUSPATIAL] [ 13685][18:01:07:996272][info  ] RTSpatialRefiner 0x7046abd29cf0 (Used 0 MB), Loaded Geometries, ProbeArray 100000, Loaded 24, Type Point
[LIBGPUSPATIAL] [ 13685][18:01:07:996460][info  ] RTSpatialRefiner 0x7046abd29cf0 (Used 0 MB), Evaluating 29 Geometry Pairs with Predicate Contains
[LIBGPUSPATIAL] [ 13687][18:01:08:002926][info  ] RTSpatialIndex 0x7046a800ac10 (Used 1 MB), Allocate result buffer, memory consumption 0 MB, capacity 18
[LIBGPUSPATIAL] [ 13687][18:01:08:003070][info  ] RTSpatialIndex 0x7046a800ac10 (Used 1 MB), Probe Points, Size: 100000, Results: 18
[LIBGPUSPATIAL] [ 13688][18:01:08:005452][info  ] RTSpatialIndex 0x7046a800ac10 (Used 1 MB), Allocate result buffer, memory consumption 0 MB, capacity 13
[LIBGPUSPATIAL] [ 13688][18:01:08:005634][info  ] RTSpatialIndex 0x7046a800ac10 (Used 2 MB), Probe Points, Size: 100000, Results: 13
[LIBGPUSPATIAL] [ 13687][18:01:08:005981][info  ] RTSpatialRefiner 0x7046abd29cf0 (Used 1 MB), Loaded Geometries, ProbeArray 100000, Loaded 14, Type Point
[LIBGPUSPATIAL] [ 13687][18:01:08:006052][info  ] RTSpatialRefiner 0x7046abd29cf0 (Used 1 MB), Evaluating 18 Geometry Pairs with Predicate Contains
[LIBGPUSPATIAL] [ 13689][18:01:08:006767][info  ] RTSpatialIndex 0x7046a800ac10 (Used 1 MB), Allocate result buffer, memory consumption 0 MB, capacity 18
[LIBGPUSPATIAL] [ 13689][18:01:08:006917][info  ] RTSpatialIndex 0x7046a800ac10 (Used 1 MB), Probe Points, Size: 100000, Results: 18
[LIBGPUSPATIAL] [ 13688][18:01:08:006928][info  ] RTSpatialRefiner 0x7046abd29cf0 (Used 1 MB), Loaded Geometries, ProbeArray 100000, Loaded 9, Type Point
[LIBGPUSPATIAL] [ 13683][18:01:08:007004][info  ] RTSpatialIndex 0x7046a800ac10 (Used 1 MB), Allocate result buffer, memory consumption 0 MB, capacity 23
[LIBGPUSPATIAL] [ 13688][18:01:08:007081][info  ] RTSpatialRefiner 0x7046abd29cf0 (Used 1 MB), Evaluating 13 Geometry Pairs with Predicate Contains
[LIBGPUSPATIAL] [ 13689][18:01:08:007404][info  ] RTSpatialRefiner 0x7046abd29cf0 (Used 1 MB), Loaded Geometries, ProbeArray 100000, Loaded 17, Type Point
[LIBGPUSPATIAL] [ 13689][18:01:08:007450][info  ] RTSpatialRefiner 0x7046abd29cf0 (Used 1 MB), Evaluating 18 Geometry Pairs with Predicate Contains
[LIBGPUSPATIAL] [ 13683][18:01:08:007891][info  ] RTSpatialIndex 0x7046a800ac10 (Used 1 MB), Probe Points, Size: 100000, Results: 23
[LIBGPUSPATIAL] [ 13686][18:01:08:009080][info  ] RTSpatialIndex 0x7046a800ac10 (Used 1 MB), Allocate result buffer, memory consumption 0 MB, capacity 36
[LIBGPUSPATIAL] [ 13683][18:01:08:009086][info  ] RTSpatialRefiner 0x7046abd29cf0 (Used 1 MB), Loaded Geometries, ProbeArray 100000, Loaded 15, Type Point
[LIBGPUSPATIAL] [ 13683][18:01:08:009231][info  ] RTSpatialRefiner 0x7046abd29cf0 (Used 2 MB), Evaluating 23 Geometry Pairs with Predicate Contains
[LIBGPUSPATIAL] [ 13686][18:01:08:009811][info  ] RTSpatialIndex 0x7046a800ac10 (Used 1 MB), Probe Points, Size: 100000, Results: 36
[LIBGPUSPATIAL] [ 13686][18:01:08:010218][info  ] RTSpatialRefiner 0x7046abd29cf0 (Used 1 MB), Loaded Geometries, ProbeArray 100000, Loaded 26, Type Point
[LIBGPUSPATIAL] [ 13686][18:01:08:010378][info  ] RTSpatialRefiner 0x7046abd29cf0 (Used 2 MB), Evaluating 36 Geometry Pairs with Predicate Contains
[LIBGPUSPATIAL] [ 13684][18:01:08:010542][info  ] RTSpatialIndex 0x7046a800ac10 (Used 3 MB), Allocate result buffer, memory consumption 0 MB, capacity 24
[LIBGPUSPATIAL] [ 13690][18:01:08:011743][info  ] RTSpatialIndex 0x7046a800ac10 (Used 1 MB), Allocate result buffer, memory consumption 0 MB, capacity 22
[LIBGPUSPATIAL] [ 13684][18:01:08:012215][info  ] RTSpatialIndex 0x7046a800ac10 (Used 1 MB), Probe Points, Size: 100000, Results: 24
[LIBGPUSPATIAL] [ 13690][18:01:08:012278][info  ] RTSpatialIndex 0x7046a800ac10 (Used 1 MB), Probe Points, Size: 100000, Results: 22
[LIBGPUSPATIAL] [ 13684][18:01:08:013673][info  ] RTSpatialRefiner 0x7046abd29cf0 (Used 1 MB), Loaded Geometries, ProbeArray 100000, Loaded 18, Type Point
[LIBGPUSPATIAL] [ 13690][18:01:08:013678][info  ] RTSpatialRefiner 0x7046abd29cf0 (Used 1 MB), Loaded Geometries, ProbeArray 100000, Loaded 17, Type Point
[LIBGPUSPATIAL] [ 13684][18:01:08:013726][info  ] RTSpatialRefiner 0x7046abd29cf0 (Used 1 MB), Evaluating 24 Geometry Pairs with Predicate Contains
[LIBGPUSPATIAL] [ 13690][18:01:08:013762][info  ] RTSpatialRefiner 0x7046abd29cf0 (Used 1 MB), Evaluating 22 Geometry Pairs with Predicate Contains
[LIBGPUSPATIAL] [ 13685][18:01:08:014240][info  ] RTSpatialIndex 0x7046a800ac10 (Used 1 MB), Allocate result buffer, memory consumption 0 MB, capacity 19
[LIBGPUSPATIAL] [ 13685][18:01:08:015009][info  ] RTSpatialIndex 0x7046a800ac10 (Used 1 MB), Probe Points, Size: 100000, Results: 19
[LIBGPUSPATIAL] [ 13685][18:01:08:016886][info  ] RTSpatialRefiner 0x7046abd29cf0 (Used 0 MB), Loaded Geometries, ProbeArray 100000, Loaded 14, Type Point
[LIBGPUSPATIAL] [ 13685][18:01:08:016934][info  ] RTSpatialRefiner 0x7046abd29cf0 (Used 0 MB), Evaluating 19 Geometry Pairs with Predicate Contains
[LIBGPUSPATIAL] [ 13690][18:01:08:021576][info  ] RTSpatialIndex 0x7046a800ac10 (Used 0 MB), Allocate result buffer, memory consumption 0 MB, capacity 5
[LIBGPUSPATIAL] [ 13690][18:01:08:021933][info  ] RTSpatialIndex 0x7046a800ac10 (Used 0 MB), Probe Points, Size: 33333, Results: 5
[LIBGPUSPATIAL] [ 13690][18:01:08:022383][info  ] RTSpatialRefiner 0x7046abd29cf0 (Used 0 MB), Loaded Geometries, ProbeArray 33333, Loaded 4, Type Point
[LIBGPUSPATIAL] [ 13690][18:01:08:022533][info  ] RTSpatialRefiner 0x7046abd29cf0 (Used 0 MB), Evaluating 5 Geometry Pairs with Predicate Contains
[LIBGPUSPATIAL] [ 13687][18:01:08:026551][info  ] RTSpatialIndex 0x7046a800ac10 (Used 1 MB), Allocate result buffer, memory consumption 0 MB, capacity 13
[LIBGPUSPATIAL] [ 13687][18:01:08:027536][info  ] RTSpatialIndex 0x7046a800ac10 (Used 2 MB), Probe Points, Size: 100000, Results: 13
[LIBGPUSPATIAL] [ 13688][18:01:08:027593][info  ] RTSpatialIndex 0x7046a800ac10 (Used 1 MB), Allocate result buffer, memory consumption 0 MB, capacity 27
[LIBGPUSPATIAL] [ 13689][18:01:08:027805][info  ] RTSpatialIndex 0x7046a800ac10 (Used 1 MB), Allocate result buffer, memory consumption 0 MB, capacity 27
[LIBGPUSPATIAL] [ 13688][18:01:08:028063][info  ] RTSpatialIndex 0x7046a800ac10 (Used 1 MB), Probe Points, Size: 100000, Results: 27
[LIBGPUSPATIAL] [ 13689][18:01:08:028124][info  ] RTSpatialIndex 0x7046a800ac10 (Used 1 MB), Probe Points, Size: 100000, Results: 27
[LIBGPUSPATIAL] [ 13687][18:01:08:029125][info  ] RTSpatialRefiner 0x7046abd29cf0 (Used 0 MB), Loaded Geometries, ProbeArray 100000, Loaded 11, Type Point
[LIBGPUSPATIAL] [ 13687][18:01:08:029284][info  ] RTSpatialRefiner 0x7046abd29cf0 (Used 1 MB), Evaluating 13 Geometry Pairs with Predicate Contains
[LIBGPUSPATIAL] [ 13688][18:01:08:029709][info  ] RTSpatialRefiner 0x7046abd29cf0 (Used 2 MB), Loaded Geometries, ProbeArray 100000, Loaded 22, Type Point
[LIBGPUSPATIAL] [ 13689][18:01:08:029750][info  ] RTSpatialRefiner 0x7046abd29cf0 (Used 2 MB), Loaded Geometries, ProbeArray 100000, Loaded 20, Type Point
[LIBGPUSPATIAL] [ 13688][18:01:08:029755][info  ] RTSpatialRefiner 0x7046abd29cf0 (Used 2 MB), Evaluating 27 Geometry Pairs with Predicate Contains
[LIBGPUSPATIAL] [ 13689][18:01:08:029825][info  ] RTSpatialRefiner 0x7046abd29cf0 (Used 2 MB), Evaluating 27 Geometry Pairs with Predicate Contains
[LIBGPUSPATIAL] [ 13686][18:01:08:030083][info  ] RTSpatialIndex 0x7046a800ac10 (Used 1 MB), Allocate result buffer, memory consumption 0 MB, capacity 16
[LIBGPUSPATIAL] [ 13683][18:01:08:030460][info  ] RTSpatialIndex 0x7046a800ac10 (Used 1 MB), Allocate result buffer, memory consumption 0 MB, capacity 20
[LIBGPUSPATIAL] [ 13686][18:01:08:030798][info  ] RTSpatialIndex 0x7046a800ac10 (Used 2 MB), Probe Points, Size: 100000, Results: 16
[LIBGPUSPATIAL] [ 13683][18:01:08:031189][info  ] RTSpatialIndex 0x7046a800ac10 (Used 1 MB), Probe Points, Size: 100000, Results: 20
[LIBGPUSPATIAL] [ 13684][18:01:08:032440][info  ] RTSpatialIndex 0x7046a800ac10 (Used 1 MB), Allocate result buffer, memory consumption 0 MB, capacity 24
[LIBGPUSPATIAL] [ 13683][18:01:08:032919][info  ] RTSpatialRefiner 0x7046abd29cf0 (Used 1 MB), Loaded Geometries, ProbeArray 100000, Loaded 16, Type Point
[LIBGPUSPATIAL] [ 13686][18:01:08:032934][info  ] RTSpatialRefiner 0x7046abd29cf0 (Used 1 MB), Loaded Geometries, ProbeArray 100000, Loaded 12, Type Point
[LIBGPUSPATIAL] [ 13684][18:01:08:032965][info  ] RTSpatialIndex 0x7046a800ac10 (Used 1 MB), Probe Points, Size: 100000, Results: 24
[LIBGPUSPATIAL] [ 13683][18:01:08:032992][info  ] RTSpatialRefiner 0x7046abd29cf0 (Used 1 MB), Evaluating 20 Geometry Pairs with Predicate Contains
[LIBGPUSPATIAL] [ 13686][18:01:08:032977][info  ] RTSpatialRefiner 0x7046abd29cf0 (Used 1 MB), Evaluating 16 Geometry Pairs with Predicate Contains
[LIBGPUSPATIAL] [ 13684][18:01:08:033590][info  ] RTSpatialRefiner 0x7046abd29cf0 (Used 0 MB), Loaded Geometries, ProbeArray 100000, Loaded 18, Type Point
[LIBGPUSPATIAL] [ 13684][18:01:08:033653][info  ] RTSpatialRefiner 0x7046abd29cf0 (Used 0 MB), Evaluating 24 Geometry Pairs with Predicate Contains
[LIBGPUSPATIAL] [ 13685][18:01:08:037199][info  ] RTSpatialIndex 0x7046a800ac10 (Used 1 MB), Allocate result buffer, memory consumption 0 MB, capacity 17
[LIBGPUSPATIAL] [ 13685][18:01:08:037341][info  ] RTSpatialIndex 0x7046a800ac10 (Used 1 MB), Probe Points, Size: 100000, Results: 17
[LIBGPUSPATIAL] [ 13685][18:01:08:038057][info  ] RTSpatialRefiner 0x7046abd29cf0 (Used 0 MB), Loaded Geometries, ProbeArray 100000, Loaded 12, Type Point
[LIBGPUSPATIAL] [ 13685][18:01:08:038104][info  ] RTSpatialRefiner 0x7046abd29cf0 (Used 0 MB), Evaluating 17 Geometry Pairs with Predicate Contains
[LIBGPUSPATIAL] [ 13686][18:01:08:040657][info  ] RTSpatialIndex 0x7046a800ac10 (Used 0 MB), Allocate result buffer, memory consumption 0 MB, capacity 8
[LIBGPUSPATIAL] [ 13686][18:01:08:040826][info  ] RTSpatialIndex 0x7046a800ac10 (Used 0 MB), Probe Points, Size: 33333, Results: 8
[LIBGPUSPATIAL] [ 13686][18:01:08:046110][info  ] RTSpatialRefiner 0x7046abd29cf0 (Used 1 MB), Loaded Geometries, ProbeArray 33333, Loaded 7, Type Point
[LIBGPUSPATIAL] [ 13686][18:01:08:046172][info  ] RTSpatialRefiner 0x7046abd29cf0 (Used 1 MB), Evaluating 8 Geometry Pairs with Predicate Contains
[LIBGPUSPATIAL] [ 13688][18:01:08:046538][info  ] RTSpatialIndex 0x7046a800ac10 (Used 1 MB), Allocate result buffer, memory consumption 0 MB, capacity 32
[LIBGPUSPATIAL] [ 13688][18:01:08:046875][info  ] RTSpatialIndex 0x7046a800ac10 (Used 1 MB), Probe Points, Size: 100000, Results: 32
[LIBGPUSPATIAL] [ 13688][18:01:08:047318][info  ] RTSpatialRefiner 0x7046abd29cf0 (Used 0 MB), Loaded Geometries, ProbeArray 100000, Loaded 23, Type Point
[LIBGPUSPATIAL] [ 13688][18:01:08:047428][info  ] RTSpatialRefiner 0x7046abd29cf0 (Used 0 MB), Evaluating 32 Geometry Pairs with Predicate Contains
[LIBGPUSPATIAL] [ 13687][18:01:08:049067][info  ] RTSpatialIndex 0x7046a800ac10 (Used 1 MB), Allocate result buffer, memory consumption 0 MB, capacity 24
[LIBGPUSPATIAL] [ 13687][18:01:08:049205][info  ] RTSpatialIndex 0x7046a800ac10 (Used 1 MB), Probe Points, Size: 100000, Results: 24
[LIBGPUSPATIAL] [ 13689][18:01:08:049621][info  ] RTSpatialIndex 0x7046a800ac10 (Used 1 MB), Allocate result buffer, memory consumption 0 MB, capacity 26
[LIBGPUSPATIAL] [ 13689][18:01:08:049746][info  ] RTSpatialIndex 0x7046a800ac10 (Used 1 MB), Probe Points, Size: 100000, Results: 26
[LIBGPUSPATIAL] [ 13687][18:01:08:050183][info  ] RTSpatialRefiner 0x7046abd29cf0 (Used 0 MB), Loaded Geometries, ProbeArray 100000, Loaded 17, Type Point
[LIBGPUSPATIAL] [ 13687][18:01:08:050237][info  ] RTSpatialRefiner 0x7046abd29cf0 (Used 0 MB), Evaluating 24 Geometry Pairs with Predicate Contains
[LIBGPUSPATIAL] [ 13689][18:01:08:050245][info  ] RTSpatialRefiner 0x7046abd29cf0 (Used 0 MB), Loaded Geometries, ProbeArray 100000, Loaded 19, Type Point
[LIBGPUSPATIAL] [ 13689][18:01:08:050283][info  ] RTSpatialRefiner 0x7046abd29cf0 (Used 0 MB), Evaluating 26 Geometry Pairs with Predicate Contains
[LIBGPUSPATIAL] [ 13683][18:01:08:052231][info  ] RTSpatialIndex 0x7046a800ac10 (Used 1 MB), Allocate result buffer, memory consumption 0 MB, capacity 38
[LIBGPUSPATIAL] [ 13683][18:01:08:052425][info  ] RTSpatialIndex 0x7046a800ac10 (Used 1 MB), Probe Points, Size: 100000, Results: 38
[LIBGPUSPATIAL] [ 13684][18:01:08:052820][info  ] RTSpatialIndex 0x7046a800ac10 (Used 1 MB), Allocate result buffer, memory consumption 0 MB, capacity 17
[LIBGPUSPATIAL] [ 13684][18:01:08:052973][info  ] RTSpatialIndex 0x7046a800ac10 (Used 1 MB), Probe Points, Size: 100000, Results: 17
[LIBGPUSPATIAL] [ 13683][18:01:08:054142][info  ] RTSpatialRefiner 0x7046abd29cf0 (Used 0 MB), Loaded Geometries, ProbeArray 100000, Loaded 27, Type Point
[LIBGPUSPATIAL] [ 13683][18:01:08:054293][info  ] RTSpatialRefiner 0x7046abd29cf0 (Used 0 MB), Evaluating 38 Geometry Pairs with Predicate Contains
[LIBGPUSPATIAL] [ 13684][18:01:08:055085][info  ] RTSpatialRefiner 0x7046abd29cf0 (Used 1 MB), Loaded Geometries, ProbeArray 100000, Loaded 13, Type Point
[LIBGPUSPATIAL] [ 13684][18:01:08:055128][info  ] RTSpatialRefiner 0x7046abd29cf0 (Used 1 MB), Evaluating 17 Geometry Pairs with Predicate Contains
[LIBGPUSPATIAL] [ 13690][18:01:08:056074][info  ] RTSpatialIndex 0x7046a800ac10 (Used 1 MB), Allocate result buffer, memory consumption 0 MB, capacity 21
[LIBGPUSPATIAL] [ 13690][18:01:08:056988][info  ] RTSpatialIndex 0x7046a800ac10 (Used 1 MB), Probe Points, Size: 100000, Results: 21
[LIBGPUSPATIAL] [ 13685][18:01:08:057618][info  ] RTSpatialIndex 0x7046a800ac10 (Used 1 MB), Allocate result buffer, memory consumption 0 MB, capacity 29
[LIBGPUSPATIAL] [ 13685][18:01:08:057789][info  ] RTSpatialIndex 0x7046a800ac10 (Used 1 MB), Probe Points, Size: 100000, Results: 29
[LIBGPUSPATIAL] [ 13690][18:01:08:057796][info  ] RTSpatialRefiner 0x7046abd29cf0 (Used 1 MB), Loaded Geometries, ProbeArray 100000, Loaded 16, Type Point
[LIBGPUSPATIAL] [ 13690][18:01:08:057985][info  ] RTSpatialRefiner 0x7046abd29cf0 (Used 0 MB), Evaluating 21 Geometry Pairs with Predicate Contains
[LIBGPUSPATIAL] [ 13685][18:01:08:058658][info  ] RTSpatialRefiner 0x7046abd29cf0 (Used 0 MB), Loaded Geometries, ProbeArray 100000, Loaded 20, Type Point
[LIBGPUSPATIAL] [ 13685][18:01:08:058705][info  ] RTSpatialRefiner 0x7046abd29cf0 (Used 0 MB), Evaluating 29 Geometry Pairs with Predicate Contains
[LIBGPUSPATIAL] [ 13684][18:01:08:062312][info  ] RTSpatialIndex 0x7046a800ac10 (Used 0 MB), Allocate result buffer, memory consumption 0 MB, capacity 9
[LIBGPUSPATIAL] [ 13684][18:01:08:062455][info  ] RTSpatialIndex 0x7046a800ac10 (Used 0 MB), Probe Points, Size: 33348, Results: 9
[LIBGPUSPATIAL] [ 13684][18:01:08:062928][info  ] RTSpatialRefiner 0x7046abd29cf0 (Used 0 MB), Loaded Geometries, ProbeArray 33348, Loaded 6, Type Point
[LIBGPUSPATIAL] [ 13684][18:01:08:062983][info  ] RTSpatialRefiner 0x7046abd29cf0 (Used 0 MB), Evaluating 9 Geometry Pairs with Predicate Contains
[LIBGPUSPATIAL] [ 13688][18:01:08:067173][info  ] RTSpatialIndex 0x7046a800ac10 (Used 1 MB), Allocate result buffer, memory consumption 0 MB, capacity 30
[LIBGPUSPATIAL] [ 13688][18:01:08:067309][info  ] RTSpatialIndex 0x7046a800ac10 (Used 1 MB), Probe Points, Size: 100000, Results: 30
[LIBGPUSPATIAL] [ 13688][18:01:08:067744][info  ] RTSpatialRefiner 0x7046abd29cf0 (Used 0 MB), Loaded Geometries, ProbeArray 100000, Loaded 21, Type Point
[LIBGPUSPATIAL] [ 13688][18:01:08:067787][info  ] RTSpatialRefiner 0x7046abd29cf0 (Used 0 MB), Evaluating 30 Geometry Pairs with Predicate Contains
[LIBGPUSPATIAL] [ 13689][18:01:08:069265][info  ] RTSpatialIndex 0x7046a800ac10 (Used 1 MB), Allocate result buffer, memory consumption 0 MB, capacity 20
[LIBGPUSPATIAL] [ 13689][18:01:08:069399][info  ] RTSpatialIndex 0x7046a800ac10 (Used 1 MB), Probe Points, Size: 100000, Results: 20
[LIBGPUSPATIAL] [ 13687][18:01:08:070021][info  ] RTSpatialIndex 0x7046a800ac10 (Used 1 MB), Allocate result buffer, memory consumption 0 MB, capacity 22
[LIBGPUSPATIAL] [ 13687][18:01:08:070193][info  ] RTSpatialIndex 0x7046a800ac10 (Used 1 MB), Probe Points, Size: 100000, Results: 22
[LIBGPUSPATIAL] [ 13689][18:01:08:070318][info  ] RTSpatialRefiner 0x7046abd29cf0 (Used 0 MB), Loaded Geometries, ProbeArray 100000, Loaded 15, Type Point
[LIBGPUSPATIAL] [ 13689][18:01:08:070603][info  ] RTSpatialRefiner 0x7046abd29cf0 (Used 0 MB), Evaluating 20 Geometry Pairs with Predicate Contains
[LIBGPUSPATIAL] [ 13687][18:01:08:070685][info  ] RTSpatialRefiner 0x7046abd29cf0 (Used 0 MB), Loaded Geometries, ProbeArray 100000, Loaded 18, Type Point
[LIBGPUSPATIAL] [ 13687][18:01:08:070735][info  ] RTSpatialRefiner 0x7046abd29cf0 (Used 0 MB), Evaluating 22 Geometry Pairs with Predicate Contains
[LIBGPUSPATIAL] [ 13683][18:01:08:073454][info  ] RTSpatialIndex 0x7046a800ac10 (Used 1 MB), Allocate result buffer, memory consumption 0 MB, capacity 20
[LIBGPUSPATIAL] [ 13683][18:01:08:073593][info  ] RTSpatialIndex 0x7046a800ac10 (Used 1 MB), Probe Points, Size: 100000, Results: 20
[LIBGPUSPATIAL] [ 13683][18:01:08:074141][info  ] RTSpatialRefiner 0x7046abd29cf0 (Used 0 MB), Loaded Geometries, ProbeArray 100000, Loaded 16, Type Point
[LIBGPUSPATIAL] [ 13683][18:01:08:074190][info  ] RTSpatialRefiner 0x7046abd29cf0 (Used 0 MB), Evaluating 20 Geometry Pairs with Predicate Contains
[LIBGPUSPATIAL] [ 13685][18:01:08:076290][info  ] RTSpatialIndex 0x7046a800ac10 (Used 1 MB), Allocate result buffer, memory consumption 0 MB, capacity 24
[LIBGPUSPATIAL] [ 13685][18:01:08:076428][info  ] RTSpatialIndex 0x7046a800ac10 (Used 1 MB), Probe Points, Size: 100000, Results: 24
[LIBGPUSPATIAL] [ 13685][18:01:08:077102][info  ] RTSpatialRefiner 0x7046abd29cf0 (Used 0 MB), Loaded Geometries, ProbeArray 100000, Loaded 17, Type Point
[LIBGPUSPATIAL] [ 13685][18:01:08:077310][info  ] RTSpatialRefiner 0x7046abd29cf0 (Used 1 MB), Evaluating 24 Geometry Pairs with Predicate Contains
[LIBGPUSPATIAL] [ 13686][18:01:08:078197][info  ] RTSpatialIndex 0x7046a800ac10 (Used 1 MB), Allocate result buffer, memory consumption 0 MB, capacity 28
[LIBGPUSPATIAL] [ 13686][18:01:08:078615][info  ] RTSpatialIndex 0x7046a800ac10 (Used 1 MB), Probe Points, Size: 100000, Results: 28
[LIBGPUSPATIAL] [ 13686][18:01:08:079122][info  ] RTSpatialRefiner 0x7046abd29cf0 (Used 0 MB), Loaded Geometries, ProbeArray 100000, Loaded 19, Type Point
[LIBGPUSPATIAL] [ 13686][18:01:08:079172][info  ] RTSpatialRefiner 0x7046abd29cf0 (Used 0 MB), Evaluating 28 Geometry Pairs with Predicate Contains
[LIBGPUSPATIAL] [ 13690][18:01:08:082498][info  ] RTSpatialIndex 0x7046a800ac10 (Used 1 MB), Allocate result buffer, memory consumption 0 MB, capacity 14
[LIBGPUSPATIAL] [ 13690][18:01:08:082650][info  ] RTSpatialIndex 0x7046a800ac10 (Used 1 MB), Probe Points, Size: 100000, Results: 14
[LIBGPUSPATIAL] [ 13690][18:01:08:083166][info  ] RTSpatialRefiner 0x7046abd29cf0 (Used 0 MB), Loaded Geometries, ProbeArray 100000, Loaded 12, Type Point
[LIBGPUSPATIAL] [ 13690][18:01:08:083210][info  ] RTSpatialRefiner 0x7046abd29cf0 (Used 0 MB), Evaluating 14 Geometry Pairs with Predicate Contains
[LIBGPUSPATIAL] [ 13688][18:01:08:085680][info  ] RTSpatialIndex 0x7046a800ac10 (Used 1 MB), Allocate result buffer, memory consumption 0 MB, capacity 34
[LIBGPUSPATIAL] [ 13688][18:01:08:085936][info  ] RTSpatialIndex 0x7046a800ac10 (Used 1 MB), Probe Points, Size: 100000, Results: 34
[LIBGPUSPATIAL] [ 13688][18:01:08:086418][info  ] RTSpatialRefiner 0x7046abd29cf0 (Used 0 MB), Loaded Geometries, ProbeArray 100000, Loaded 26, Type Point
[LIBGPUSPATIAL] [ 13688][18:01:08:086479][info  ] RTSpatialRefiner 0x7046abd29cf0 (Used 0 MB), Evaluating 34 Geometry Pairs with Predicate Contains
[LIBGPUSPATIAL] [ 13685][18:01:08:087316][info  ] RTSpatialIndex 0x7046a800ac10 (Used 0 MB), Allocate result buffer, memory consumption 0 MB, capacity 11
[LIBGPUSPATIAL] [ 13685][18:01:08:087826][info  ] RTSpatialIndex 0x7046a800ac10 (Used 0 MB), Probe Points, Size: 33333, Results: 11
[LIBGPUSPATIAL] [ 13685][18:01:08:088511][info  ] RTSpatialRefiner 0x7046abd29cf0 (Used 1 MB), Loaded Geometries, ProbeArray 33333, Loaded 7, Type Point
[LIBGPUSPATIAL] [ 13689][18:01:08:088520][info  ] RTSpatialIndex 0x7046a800ac10 (Used 1 MB), Allocate result buffer, memory consumption 0 MB, capacity 32
[LIBGPUSPATIAL] [ 13685][18:01:08:088573][info  ] RTSpatialRefiner 0x7046abd29cf0 (Used 1 MB), Evaluating 11 Geometry Pairs with Predicate Contains
[LIBGPUSPATIAL] [ 13689][18:01:08:088697][info  ] RTSpatialIndex 0x7046a800ac10 (Used 1 MB), Probe Points, Size: 100000, Results: 32
[LIBGPUSPATIAL] [ 13687][18:01:08:090391][info  ] RTSpatialIndex 0x7046a800ac10 (Used 1 MB), Allocate result buffer, memory consumption 0 MB, capacity 19
[LIBGPUSPATIAL] [ 13687][18:01:08:090573][info  ] RTSpatialIndex 0x7046a800ac10 (Used 2 MB), Probe Points, Size: 100000, Results: 19
[LIBGPUSPATIAL] [ 13689][18:01:08:091038][info  ] RTSpatialRefiner 0x7046abd29cf0 (Used 1 MB), Loaded Geometries, ProbeArray 100000, Loaded 22, Type Point
[LIBGPUSPATIAL] [ 13689][18:01:08:091204][info  ] RTSpatialRefiner 0x7046abd29cf0 (Used 1 MB), Evaluating 32 Geometry Pairs with Predicate Contains
[LIBGPUSPATIAL] [ 13683][18:01:08:091235][info  ] RTSpatialIndex 0x7046a800ac10 (Used 1 MB), Allocate result buffer, memory consumption 0 MB, capacity 32
[LIBGPUSPATIAL] [ 13687][18:01:08:091407][info  ] RTSpatialRefiner 0x7046abd29cf0 (Used 1 MB), Loaded Geometries, ProbeArray 100000, Loaded 16, Type Point
[LIBGPUSPATIAL] [ 13683][18:01:08:091528][info  ] RTSpatialIndex 0x7046a800ac10 (Used 1 MB), Probe Points, Size: 100000, Results: 32
[LIBGPUSPATIAL] [ 13687][18:01:08:091615][info  ] RTSpatialRefiner 0x7046abd29cf0 (Used 1 MB), Evaluating 19 Geometry Pairs with Predicate Contains
[LIBGPUSPATIAL] [ 13683][18:01:08:092984][info  ] RTSpatialRefiner 0x7046abd29cf0 (Used 0 MB), Loaded Geometries, ProbeArray 100000, Loaded 26, Type Point
[LIBGPUSPATIAL] [ 13683][18:01:08:093029][info  ] RTSpatialRefiner 0x7046abd29cf0 (Used 0 MB), Evaluating 32 Geometry Pairs with Predicate Contains
[LIBGPUSPATIAL] [ 13688][18:01:08:094748][info  ] RTSpatialIndex 0x7046a800ac10 (Used 1 MB), Allocate result buffer, memory consumption 0 MB, capacity 4
[LIBGPUSPATIAL] [ 13684][18:01:08:095035][info  ] RTSpatialIndex 0x7046a800ac10 (Used 1 MB), Allocate result buffer, memory consumption 0 MB, capacity 19
[LIBGPUSPATIAL] [ 13688][18:01:08:096028][info  ] RTSpatialIndex 0x7046a800ac10 (Used 2 MB), Probe Points, Size: 33333, Results: 4
[LIBGPUSPATIAL] [ 13686][18:01:08:096305][info  ] RTSpatialIndex 0x7046a800ac10 (Used 1 MB), Allocate result buffer, memory consumption 0 MB, capacity 30
[LIBGPUSPATIAL] [ 13684][18:01:08:096423][info  ] RTSpatialIndex 0x7046a800ac10 (Used 1 MB), Probe Points, Size: 100000, Results: 19
[LIBGPUSPATIAL] [ 13688][18:01:08:096590][info  ] RTSpatialRefiner 0x7046abd29cf0 (Used 1 MB), Loaded Geometries, ProbeArray 33333, Loaded 2, Type Point
[LIBGPUSPATIAL] [ 13686][18:01:08:096660][info  ] RTSpatialIndex 0x7046a800ac10 (Used 1 MB), Probe Points, Size: 100000, Results: 30
[LIBGPUSPATIAL] [ 13688][18:01:08:096782][info  ] RTSpatialRefiner 0x7046abd29cf0 (Used 0 MB), Evaluating 4 Geometry Pairs with Predicate Contains
[LIBGPUSPATIAL] [ 13686][18:01:08:097232][info  ] RTSpatialRefiner 0x7046abd29cf0 (Used 0 MB), Loaded Geometries, ProbeArray 100000, Loaded 22, Type Point
[LIBGPUSPATIAL] [ 13684][18:01:08:097279][info  ] RTSpatialRefiner 0x7046abd29cf0 (Used 0 MB), Loaded Geometries, ProbeArray 100000, Loaded 13, Type Point
[LIBGPUSPATIAL] [ 13686][18:01:08:097283][info  ] RTSpatialRefiner 0x7046abd29cf0 (Used 0 MB), Evaluating 30 Geometry Pairs with Predicate Contains
[LIBGPUSPATIAL] [ 13684][18:01:08:097386][info  ] RTSpatialRefiner 0x7046abd29cf0 (Used 0 MB), Evaluating 19 Geometry Pairs with Predicate Contains
[LIBGPUSPATIAL] [ 13690][18:01:08:100935][info  ] RTSpatialIndex 0x7046a800ac10 (Used 1 MB), Allocate result buffer, memory consumption 0 MB, capacity 25
[LIBGPUSPATIAL] [ 13690][18:01:08:101087][info  ] RTSpatialIndex 0x7046a800ac10 (Used 1 MB), Probe Points, Size: 100000, Results: 25
[LIBGPUSPATIAL] [ 13689][18:01:08:102492][info  ] RTSpatialIndex 0x7046a800ac10 (Used 0 MB), Allocate result buffer, memory consumption 0 MB, capacity 14
[LIBGPUSPATIAL] [ 13689][18:01:08:102739][info  ] RTSpatialIndex 0x7046a800ac10 (Used 0 MB), Probe Points, Size: 33333, Results: 14
[LIBGPUSPATIAL] [ 13690][18:01:08:103294][info  ] RTSpatialRefiner 0x7046abd29cf0 (Used 0 MB), Loaded Geometries, ProbeArray 100000, Loaded 18, Type Point
[LIBGPUSPATIAL] [ 13690][18:01:08:103348][info  ] RTSpatialRefiner 0x7046abd29cf0 (Used 0 MB), Evaluating 25 Geometry Pairs with Predicate Contains
[LIBGPUSPATIAL] [ 13689][18:01:08:103381][info  ] RTSpatialRefiner 0x7046abd29cf0 (Used 0 MB), Loaded Geometries, ProbeArray 33333, Loaded 9, Type Point
[LIBGPUSPATIAL] [ 13689][18:01:08:103443][info  ] RTSpatialRefiner 0x7046abd29cf0 (Used 0 MB), Evaluating 14 Geometry Pairs with Predicate Contains
[LIBGPUSPATIAL] [ 13687][18:01:08:112150][info  ] RTSpatialIndex 0x7046a800ac10 (Used 1 MB), Allocate result buffer, memory consumption 0 MB, capacity 16
[LIBGPUSPATIAL] [ 13687][18:01:08:112291][info  ] RTSpatialIndex 0x7046a800ac10 (Used 1 MB), Probe Points, Size: 100000, Results: 16
[LIBGPUSPATIAL] [ 13687][18:01:08:112907][info  ] RTSpatialRefiner 0x7046abd29cf0 (Used 0 MB), Loaded Geometries, ProbeArray 100000, Loaded 15, Type Point
[LIBGPUSPATIAL] [ 13687][18:01:08:112958][info  ] RTSpatialRefiner 0x7046abd29cf0 (Used 0 MB), Evaluating 16 Geometry Pairs with Predicate Contains
[LIBGPUSPATIAL] [ 13683][18:01:08:113759][info  ] RTSpatialIndex 0x7046a800ac10 (Used 1 MB), Allocate result buffer, memory consumption 0 MB, capacity 25
[LIBGPUSPATIAL] [ 13683][18:01:08:114140][info  ] RTSpatialIndex 0x7046a800ac10 (Used 1 MB), Probe Points, Size: 100000, Results: 25
[LIBGPUSPATIAL] [ 13683][18:01:08:114467][info  ] RTSpatialRefiner 0x7046abd29cf0 (Used 0 MB), Loaded Geometries, ProbeArray 100000, Loaded 20, Type Point
[LIBGPUSPATIAL] [ 13683][18:01:08:114528][info  ] RTSpatialRefiner 0x7046abd29cf0 (Used 0 MB), Evaluating 25 Geometry Pairs with Predicate Contains
[LIBGPUSPATIAL] [ 13686][18:01:08:115572][info  ] RTSpatialIndex 0x7046a800ac10 (Used 1 MB), Allocate result buffer, memory consumption 0 MB, capacity 22
[LIBGPUSPATIAL] [ 13686][18:01:08:115739][info  ] RTSpatialIndex 0x7046a800ac10 (Used 1 MB), Probe Points, Size: 100000, Results: 22
[LIBGPUSPATIAL] [ 13684][18:01:08:116166][info  ] RTSpatialIndex 0x7046a800ac10 (Used 1 MB), Allocate result buffer, memory consumption 0 MB, capacity 20
[LIBGPUSPATIAL] [ 13684][18:01:08:116287][info  ] RTSpatialIndex 0x7046a800ac10 (Used 1 MB), Probe Points, Size: 100000, Results: 20
[LIBGPUSPATIAL] [ 13686][18:01:08:117121][info  ] RTSpatialRefiner 0x7046abd29cf0 (Used 0 MB), Loaded Geometries, ProbeArray 100000, Loaded 18, Type Point
[LIBGPUSPATIAL] [ 13684][18:01:08:117140][info  ] RTSpatialRefiner 0x7046abd29cf0 (Used 0 MB), Loaded Geometries, ProbeArray 100000, Loaded 17, Type Point
[LIBGPUSPATIAL] [ 13686][18:01:08:117174][info  ] RTSpatialRefiner 0x7046abd29cf0 (Used 0 MB), Evaluating 22 Geometry Pairs with Predicate Contains
[LIBGPUSPATIAL] [ 13684][18:01:08:117360][info  ] RTSpatialRefiner 0x7046abd29cf0 (Used 0 MB), Evaluating 20 Geometry Pairs with Predicate Contains
[LIBGPUSPATIAL] [ 13688][18:01:08:119668][info  ] RTSpatialIndex 0x7046a800ac10 (Used 1 MB), Allocate result buffer, memory consumption 0 MB, capacity 21
[LIBGPUSPATIAL] [ 13688][18:01:08:119815][info  ] RTSpatialIndex 0x7046a800ac10 (Used 1 MB), Probe Points, Size: 100000, Results: 21
[LIBGPUSPATIAL] [ 13687][18:01:08:120096][info  ] RTSpatialIndex 0x7046a800ac10 (Used 0 MB), Allocate result buffer, memory consumption 0 MB, capacity 7
[LIBGPUSPATIAL] [ 13687][18:01:08:120431][info  ] RTSpatialIndex 0x7046a800ac10 (Used 0 MB), Probe Points, Size: 33333, Results: 7
[LIBGPUSPATIAL] [ 13688][18:01:08:120439][info  ] RTSpatialRefiner 0x7046abd29cf0 (Used 0 MB), Loaded Geometries, ProbeArray 100000, Loaded 17, Type Point
[LIBGPUSPATIAL] [ 13688][18:01:08:120497][info  ] RTSpatialRefiner 0x7046abd29cf0 (Used 0 MB), Evaluating 21 Geometry Pairs with Predicate Contains
[LIBGPUSPATIAL] [ 13683][18:01:08:121897][info  ] RTSpatialIndex 0x7046a800ac10 (Used 0 MB), Allocate result buffer, memory consumption 0 MB, capacity 8
[LIBGPUSPATIAL] [ 13683][18:01:08:122010][info  ] RTSpatialIndex 0x7046a800ac10 (Used 0 MB), Probe Points, Size: 33333, Results: 8
[LIBGPUSPATIAL] [ 13687][18:01:08:122268][info  ] RTSpatialRefiner 0x7046abd29cf0 (Used 0 MB), Loaded Geometries, ProbeArray 33333, Loaded 6, Type Point
[LIBGPUSPATIAL] [ 13687][18:01:08:122299][info  ] RTSpatialRefiner 0x7046abd29cf0 (Used 0 MB), Evaluating 7 Geometry Pairs with Predicate Contains
[LIBGPUSPATIAL] [ 13683][18:01:08:122813][info  ] RTSpatialRefiner 0x7046abd29cf0 (Used 0 MB), Loaded Geometries, ProbeArray 33333, Loaded 5, Type Point
[LIBGPUSPATIAL] [ 13683][18:01:08:122883][info  ] RTSpatialRefiner 0x7046abd29cf0 (Used 0 MB), Evaluating 8 Geometry Pairs with Predicate Contains
[LIBGPUSPATIAL] [ 13690][18:01:08:123830][info  ] RTSpatialIndex 0x7046a800ac10 (Used 1 MB), Allocate result buffer, memory consumption 0 MB, capacity 22
[LIBGPUSPATIAL] [ 13690][18:01:08:123985][info  ] RTSpatialIndex 0x7046a800ac10 (Used 1 MB), Probe Points, Size: 100000, Results: 22
[LIBGPUSPATIAL] [ 13690][18:01:08:124475][info  ] RTSpatialRefiner 0x7046abd29cf0 (Used 0 MB), Loaded Geometries, ProbeArray 100000, Loaded 17, Type Point
[LIBGPUSPATIAL] [ 13690][18:01:08:124514][info  ] RTSpatialRefiner 0x7046abd29cf0 (Used 0 MB), Evaluating 22 Geometry Pairs with Predicate Contains
[LIBGPUSPATIAL] [ 13689][18:01:08:132088][info  ] RTSpatialIndex 0x7046a800ac10 (Used 1 MB), Allocate result buffer, memory consumption 0 MB, capacity 24
[LIBGPUSPATIAL] [ 13689][18:01:08:132234][info  ] RTSpatialIndex 0x7046a800ac10 (Used 1 MB), Probe Points, Size: 100000, Results: 24
[LIBGPUSPATIAL] [ 13689][18:01:08:132797][info  ] RTSpatialRefiner 0x7046abd29cf0 (Used 0 MB), Loaded Geometries, ProbeArray 100000, Loaded 17, Type Point
[LIBGPUSPATIAL] [ 13689][18:01:08:132862][info  ] RTSpatialRefiner 0x7046abd29cf0 (Used 0 MB), Evaluating 24 Geometry Pairs with Predicate Contains
[LIBGPUSPATIAL] [ 13684][18:01:08:135708][info  ] RTSpatialIndex 0x7046a800ac10 (Used 1 MB), Allocate result buffer, memory consumption 0 MB, capacity 25
[LIBGPUSPATIAL] [ 13684][18:01:08:135927][info  ] RTSpatialIndex 0x7046a800ac10 (Used 1 MB), Probe Points, Size: 100000, Results: 25
[LIBGPUSPATIAL] [ 13686][18:01:08:136476][info  ] RTSpatialIndex 0x7046a800ac10 (Used 1 MB), Allocate result buffer, memory consumption 0 MB, capacity 13
[LIBGPUSPATIAL] [ 13686][18:01:08:136627][info  ] RTSpatialIndex 0x7046a800ac10 (Used 1 MB), Probe Points, Size: 100000, Results: 13
[LIBGPUSPATIAL] [ 13684][18:01:08:136693][info  ] RTSpatialRefiner 0x7046abd29cf0 (Used 0 MB), Loaded Geometries, ProbeArray 100000, Loaded 16, Type Point
[LIBGPUSPATIAL] [ 13684][18:01:08:136738][info  ] RTSpatialRefiner 0x7046abd29cf0 (Used 0 MB), Evaluating 25 Geometry Pairs with Predicate Contains
[LIBGPUSPATIAL] [ 13686][18:01:08:137074][info  ] RTSpatialRefiner 0x7046abd29cf0 (Used 0 MB), Loaded Geometries, ProbeArray 100000, Loaded 11, Type Point
[LIBGPUSPATIAL] [ 13686][18:01:08:137178][info  ] RTSpatialRefiner 0x7046abd29cf0 (Used 0 MB), Evaluating 13 Geometry Pairs with Predicate Contains
[LIBGPUSPATIAL] [ 13688][18:01:08:139313][info  ] RTSpatialIndex 0x7046a800ac10 (Used 1 MB), Allocate result buffer, memory consumption 0 MB, capacity 26
[LIBGPUSPATIAL] [ 13688][18:01:08:139470][info  ] RTSpatialIndex 0x7046a800ac10 (Used 1 MB), Probe Points, Size: 100000, Results: 26
[LIBGPUSPATIAL] [ 13688][18:01:08:141005][info  ] RTSpatialRefiner 0x7046abd29cf0 (Used 0 MB), Loaded Geometries, ProbeArray 100000, Loaded 19, Type Point
[LIBGPUSPATIAL] [ 13688][18:01:08:141055][info  ] RTSpatialRefiner 0x7046abd29cf0 (Used 0 MB), Evaluating 26 Geometry Pairs with Predicate Contains
[LIBGPUSPATIAL] [ 13690][18:01:08:143610][info  ] RTSpatialIndex 0x7046a800ac10 (Used 1 MB), Allocate result buffer, memory consumption 0 MB, capacity 15
[LIBGPUSPATIAL] [ 13690][18:01:08:143769][info  ] RTSpatialIndex 0x7046a800ac10 (Used 1 MB), Probe Points, Size: 100000, Results: 15
[LIBGPUSPATIAL] [ 13690][18:01:08:144445][info  ] RTSpatialRefiner 0x7046abd29cf0 (Used 1 MB), Loaded Geometries, ProbeArray 100000, Loaded 13, Type Point
[LIBGPUSPATIAL] [ 13690][18:01:08:144508][info  ] RTSpatialRefiner 0x7046abd29cf0 (Used 1 MB), Evaluating 15 Geometry Pairs with Predicate Contains
[LIBGPUSPATIAL] [ 13685][18:01:08:144831][info  ] RTSpatialIndex 0x7046a800ac10 (Used 1 MB), Allocate result buffer, memory consumption 0 MB, capacity 37
[LIBGPUSPATIAL] [ 13685][18:01:08:145186][info  ] RTSpatialIndex 0x7046a800ac10 (Used 1 MB), Probe Points, Size: 100000, Results: 37
[LIBGPUSPATIAL] [ 13685][18:01:08:145626][info  ] RTSpatialRefiner 0x7046abd29cf0 (Used 0 MB), Loaded Geometries, ProbeArray 100000, Loaded 24, Type Point
[LIBGPUSPATIAL] [ 13685][18:01:08:145670][info  ] RTSpatialRefiner 0x7046abd29cf0 (Used 0 MB), Evaluating 37 Geometry Pairs with Predicate Contains
[LIBGPUSPATIAL] [ 13689][18:01:08:152447][info  ] RTSpatialIndex 0x7046a800ac10 (Used 1 MB), Allocate result buffer, memory consumption 0 MB, capacity 23
[LIBGPUSPATIAL] [ 13689][18:01:08:152596][info  ] RTSpatialIndex 0x7046a800ac10 (Used 1 MB), Probe Points, Size: 100000, Results: 23
[LIBGPUSPATIAL] [ 13689][18:01:08:153871][info  ] RTSpatialRefiner 0x7046abd29cf0 (Used 0 MB), Loaded Geometries, ProbeArray 100000, Loaded 19, Type Point
[LIBGPUSPATIAL] [ 13689][18:01:08:153917][info  ] RTSpatialRefiner 0x7046abd29cf0 (Used 0 MB), Evaluating 23 Geometry Pairs with Predicate Contains
[LIBGPUSPATIAL] [ 13686][18:01:08:155972][info  ] RTSpatialIndex 0x7046a800ac10 (Used 1 MB), Allocate result buffer, memory consumption 0 MB, capacity 20
[LIBGPUSPATIAL] [ 13684][18:01:08:156001][info  ] RTSpatialIndex 0x7046a800ac10 (Used 1 MB), Allocate result buffer, memory consumption 0 MB, capacity 28
[LIBGPUSPATIAL] [ 13684][18:01:08:156177][info  ] RTSpatialIndex 0x7046a800ac10 (Used 1 MB), Probe Points, Size: 100000, Results: 28
[LIBGPUSPATIAL] [ 13686][18:01:08:156311][info  ] RTSpatialIndex 0x7046a800ac10 (Used 1 MB), Probe Points, Size: 100000, Results: 20
[LIBGPUSPATIAL] [ 13684][18:01:08:156623][info  ] RTSpatialRefiner 0x7046abd29cf0 (Used 0 MB), Loaded Geometries, ProbeArray 100000, Loaded 25, Type Point
[LIBGPUSPATIAL] [ 13684][18:01:08:156666][info  ] RTSpatialRefiner 0x7046abd29cf0 (Used 0 MB), Evaluating 28 Geometry Pairs with Predicate Contains
[LIBGPUSPATIAL] [ 13686][18:01:08:156978][info  ] RTSpatialRefiner 0x7046abd29cf0 (Used 0 MB), Loaded Geometries, ProbeArray 100000, Loaded 17, Type Point
[LIBGPUSPATIAL] [ 13686][18:01:08:157116][info  ] RTSpatialRefiner 0x7046abd29cf0 (Used 0 MB), Evaluating 20 Geometry Pairs with Predicate Contains
[LIBGPUSPATIAL] [ 13688][18:01:08:158445][info  ] RTSpatialIndex 0x7046a800ac10 (Used 2 MB), Allocate result buffer, memory consumption 0 MB, capacity 17
[LIBGPUSPATIAL] [ 13683][18:01:08:158509][info  ] RTSpatialIndex 0x7046a800ac10 (Used 2 MB), Allocate result buffer, memory consumption 0 MB, capacity 21
[LIBGPUSPATIAL] [ 13687][18:01:08:158604][info  ] RTSpatialIndex 0x7046a800ac10 (Used 2 MB), Allocate result buffer, memory consumption 0 MB, capacity 19
[LIBGPUSPATIAL] [ 13688][18:01:08:158758][info  ] RTSpatialIndex 0x7046a800ac10 (Used 2 MB), Probe Points, Size: 100000, Results: 17
[LIBGPUSPATIAL] [ 13683][18:01:08:158872][info  ] RTSpatialIndex 0x7046a800ac10 (Used 1 MB), Probe Points, Size: 100000, Results: 21
[LIBGPUSPATIAL] [ 13687][18:01:08:158951][info  ] RTSpatialIndex 0x7046a800ac10 (Used 1 MB), Probe Points, Size: 100000, Results: 19
[LIBGPUSPATIAL] [ 13683][18:01:08:159499][info  ] RTSpatialRefiner 0x7046abd29cf0 (Used 0 MB), Loaded Geometries, ProbeArray 100000, Loaded 15, Type Point
[LIBGPUSPATIAL] [ 13687][18:01:08:159504][info  ] RTSpatialRefiner 0x7046abd29cf0 (Used 0 MB), Loaded Geometries, ProbeArray 100000, Loaded 17, Type Point
[LIBGPUSPATIAL] [ 13683][18:01:08:159560][info  ] RTSpatialRefiner 0x7046abd29cf0 (Used 0 MB), Evaluating 21 Geometry Pairs with Predicate Contains
[LIBGPUSPATIAL] [ 13688][18:01:08:159569][info  ] RTSpatialRefiner 0x7046abd29cf0 (Used 0 MB), Loaded Geometries, ProbeArray 100000, Loaded 14, Type Point
[LIBGPUSPATIAL] [ 13687][18:01:08:159574][info  ] RTSpatialRefiner 0x7046abd29cf0 (Used 0 MB), Evaluating 19 Geometry Pairs with Predicate Contains
[LIBGPUSPATIAL] [ 13688][18:01:08:159606][info  ] RTSpatialRefiner 0x7046abd29cf0 (Used 0 MB), Evaluating 17 Geometry Pairs with Predicate Contains
[LIBGPUSPATIAL] [ 13690][18:01:08:164666][info  ] RTSpatialIndex 0x7046a800ac10 (Used 1 MB), Allocate result buffer, memory consumption 0 MB, capacity 25
[LIBGPUSPATIAL] [ 13690][18:01:08:164819][info  ] RTSpatialIndex 0x7046a800ac10 (Used 1 MB), Probe Points, Size: 100000, Results: 25
[LIBGPUSPATIAL] [ 13690][18:01:08:166072][info  ] RTSpatialRefiner 0x7046abd29cf0 (Used 0 MB), Loaded Geometries, ProbeArray 100000, Loaded 18, Type Point
[LIBGPUSPATIAL] [ 13690][18:01:08:166126][info  ] RTSpatialRefiner 0x7046abd29cf0 (Used 0 MB), Evaluating 25 Geometry Pairs with Predicate Contains
[LIBGPUSPATIAL] [ 13685][18:01:08:167595][info  ] RTSpatialIndex 0x7046a800ac10 (Used 1 MB), Allocate result buffer, memory consumption 0 MB, capacity 20
[LIBGPUSPATIAL] [ 13685][18:01:08:167730][info  ] RTSpatialIndex 0x7046a800ac10 (Used 1 MB), Probe Points, Size: 100000, Results: 20
[LIBGPUSPATIAL] [ 13685][18:01:08:168139][info  ] RTSpatialRefiner 0x7046abd29cf0 (Used 0 MB), Loaded Geometries, ProbeArray 100000, Loaded 14, Type Point
[LIBGPUSPATIAL] [ 13685][18:01:08:168314][info  ] RTSpatialRefiner 0x7046abd29cf0 (Used 0 MB), Evaluating 20 Geometry Pairs with Predicate Contains
[LIBGPUSPATIAL] [ 13689][18:01:08:173129][info  ] RTSpatialIndex 0x7046a800ac10 (Used 2 MB), Allocate result buffer, memory consumption 0 MB, capacity 24
[LIBGPUSPATIAL] [ 13689][18:01:08:173521][info  ] RTSpatialIndex 0x7046a800ac10 (Used 1 MB), Probe Points, Size: 100000, Results: 24
[LIBGPUSPATIAL] [ 13684][18:01:08:173553][info  ] RTSpatialIndex 0x7046a800ac10 (Used 1 MB), Allocate result buffer, memory consumption 0 MB, capacity 19
[LIBGPUSPATIAL] [ 13684][18:01:08:173901][info  ] RTSpatialIndex 0x7046a800ac10 (Used 1 MB), Probe Points, Size: 100000, Results: 19
[LIBGPUSPATIAL] [ 13689][18:01:08:174298][info  ] RTSpatialRefiner 0x7046abd29cf0 (Used 0 MB), Loaded Geometries, ProbeArray 100000, Loaded 20, Type Point
[LIBGPUSPATIAL] [ 13684][18:01:08:174338][info  ] RTSpatialRefiner 0x7046abd29cf0 (Used 0 MB), Loaded Geometries, ProbeArray 100000, Loaded 14, Type Point
[LIBGPUSPATIAL] [ 13689][18:01:08:174344][info  ] RTSpatialRefiner 0x7046abd29cf0 (Used 0 MB), Evaluating 24 Geometry Pairs with Predicate Contains
[LIBGPUSPATIAL] [ 13684][18:01:08:174375][info  ] RTSpatialRefiner 0x7046abd29cf0 (Used 0 MB), Evaluating 19 Geometry Pairs with Predicate Contains
[LIBGPUSPATIAL] [ 13688][18:01:08:177438][info  ] RTSpatialIndex 0x7046a800ac10 (Used 4 MB), Allocate result buffer, memory consumption 0 MB, capacity 36
[LIBGPUSPATIAL] [ 13686][18:01:08:177446][info  ] RTSpatialIndex 0x7046a800ac10 (Used 4 MB), Allocate result buffer, memory consumption 0 MB, capacity 20
[LIBGPUSPATIAL] [ 13687][18:01:08:177524][info  ] RTSpatialIndex 0x7046a800ac10 (Used 4 MB), Allocate result buffer, memory consumption 0 MB, capacity 24
[LIBGPUSPATIAL] [ 13688][18:01:08:178462][info  ] RTSpatialIndex 0x7046a800ac10 (Used 3 MB), Probe Points, Size: 100000, Results: 36
[LIBGPUSPATIAL] [ 13687][18:01:08:178602][info  ] RTSpatialIndex 0x7046a800ac10 (Used 2 MB), Probe Points, Size: 100000, Results: 24
[LIBGPUSPATIAL] [ 13683][18:01:08:178725][info  ] RTSpatialIndex 0x7046a800ac10 (Used 1 MB), Allocate result buffer, memory consumption 0 MB, capacity 23
[LIBGPUSPATIAL] [ 13686][18:01:08:179329][info  ] RTSpatialIndex 0x7046a800ac10 (Used 1 MB), Probe Points, Size: 100000, Results: 20
[LIBGPUSPATIAL] [ 13687][18:01:08:179341][info  ] RTSpatialRefiner 0x7046abd29cf0 (Used 1 MB), Loaded Geometries, ProbeArray 100000, Loaded 19, Type Point
[LIBGPUSPATIAL] [ 13683][18:01:08:179513][info  ] RTSpatialIndex 0x7046a800ac10 (Used 1 MB), Probe Points, Size: 100000, Results: 23
[LIBGPUSPATIAL] [ 13688][18:01:08:179545][info  ] RTSpatialRefiner 0x7046abd29cf0 (Used 0 MB), Loaded Geometries, ProbeArray 100000, Loaded 27, Type Point
[LIBGPUSPATIAL] [ 13687][18:01:08:179550][info  ] RTSpatialRefiner 0x7046abd29cf0 (Used 0 MB), Evaluating 24 Geometry Pairs with Predicate Contains
[LIBGPUSPATIAL] [ 13688][18:01:08:179718][info  ] RTSpatialRefiner 0x7046abd29cf0 (Used 0 MB), Evaluating 36 Geometry Pairs with Predicate Contains
[LIBGPUSPATIAL] [ 13683][18:01:08:179976][info  ] RTSpatialRefiner 0x7046abd29cf0 (Used 0 MB), Loaded Geometries, ProbeArray 100000, Loaded 21, Type Point
[LIBGPUSPATIAL] [ 13683][18:01:08:180027][info  ] RTSpatialRefiner 0x7046abd29cf0 (Used 0 MB), Evaluating 23 Geometry Pairs with Predicate Contains
[LIBGPUSPATIAL] [ 13686][18:01:08:180314][info  ] RTSpatialRefiner 0x7046abd29cf0 (Used 0 MB), Loaded Geometries, ProbeArray 100000, Loaded 16, Type Point
[LIBGPUSPATIAL] [ 13686][18:01:08:180361][info  ] RTSpatialRefiner 0x7046abd29cf0 (Used 0 MB), Evaluating 20 Geometry Pairs with Predicate Contains
[LIBGPUSPATIAL] [ 13690][18:01:08:183003][info  ] RTSpatialIndex 0x7046a800ac10 (Used 1 MB), Allocate result buffer, memory consumption 0 MB, capacity 27
[LIBGPUSPATIAL] [ 13690][18:01:08:183157][info  ] RTSpatialIndex 0x7046a800ac10 (Used 1 MB), Probe Points, Size: 100000, Results: 27
[LIBGPUSPATIAL] [ 13690][18:01:08:183817][info  ] RTSpatialRefiner 0x7046abd29cf0 (Used 0 MB), Loaded Geometries, ProbeArray 100000, Loaded 22, Type Point
[LIBGPUSPATIAL] [ 13690][18:01:08:183947][info  ] RTSpatialRefiner 0x7046abd29cf0 (Used 0 MB), Evaluating 27 Geometry Pairs with Predicate Contains
[LIBGPUSPATIAL] [ 13685][18:01:08:184969][info  ] RTSpatialIndex 0x7046a800ac10 (Used 1 MB), Allocate result buffer, memory consumption 0 MB, capacity 22
[LIBGPUSPATIAL] [ 13685][18:01:08:185102][info  ] RTSpatialIndex 0x7046a800ac10 (Used 1 MB), Probe Points, Size: 100000, Results: 22
[LIBGPUSPATIAL] [ 13685][18:01:08:185590][info  ] RTSpatialRefiner 0x7046abd29cf0 (Used 0 MB), Loaded Geometries, ProbeArray 100000, Loaded 18, Type Point
[LIBGPUSPATIAL] [ 13685][18:01:08:185687][info  ] RTSpatialRefiner 0x7046abd29cf0 (Used 0 MB), Evaluating 22 Geometry Pairs with Predicate Contains
[LIBGPUSPATIAL] [ 13684][18:01:08:191402][info  ] RTSpatialIndex 0x7046a800ac10 (Used 1 MB), Allocate result buffer, memory consumption 0 MB, capacity 20
[LIBGPUSPATIAL] [ 13684][18:01:08:191535][info  ] RTSpatialIndex 0x7046a800ac10 (Used 1 MB), Probe Points, Size: 100000, Results: 20
[LIBGPUSPATIAL] [ 13684][18:01:08:192074][info  ] RTSpatialRefiner 0x7046abd29cf0 (Used 0 MB), Loaded Geometries, ProbeArray 100000, Loaded 14, Type Point
[LIBGPUSPATIAL] [ 13684][18:01:08:192118][info  ] RTSpatialRefiner 0x7046abd29cf0 (Used 0 MB), Evaluating 20 Geometry Pairs with Predicate Contains
[LIBGPUSPATIAL] [ 13689][18:01:08:193200][info  ] RTSpatialIndex 0x7046a800ac10 (Used 1 MB), Allocate result buffer, memory consumption 0 MB, capacity 23
[LIBGPUSPATIAL] [ 13689][18:01:08:193323][info  ] RTSpatialIndex 0x7046a800ac10 (Used 1 MB), Probe Points, Size: 100000, Results: 23
[LIBGPUSPATIAL] [ 13689][18:01:08:193722][info  ] RTSpatialRefiner 0x7046abd29cf0 (Used 0 MB), Loaded Geometries, ProbeArray 100000, Loaded 20, Type Point
[LIBGPUSPATIAL] [ 13689][18:01:08:193773][info  ] RTSpatialRefiner 0x7046abd29cf0 (Used 0 MB), Evaluating 23 Geometry Pairs with Predicate Contains
[LIBGPUSPATIAL] [ 13688][18:01:08:196681][info  ] RTSpatialIndex 0x7046a800ac10 (Used 1 MB), Allocate result buffer, memory consumption 0 MB, capacity 20
[LIBGPUSPATIAL] [ 13688][18:01:08:196910][info  ] RTSpatialIndex 0x7046a800ac10 (Used 1 MB), Probe Points, Size: 100000, Results: 20
[LIBGPUSPATIAL] [ 13688][18:01:08:197416][info  ] RTSpatialRefiner 0x7046abd29cf0 (Used 0 MB), Loaded Geometries, ProbeArray 100000, Loaded 16, Type Point
[LIBGPUSPATIAL] [ 13688][18:01:08:197558][info  ] RTSpatialRefiner 0x7046abd29cf0 (Used 0 MB), Evaluating 20 Geometry Pairs with Predicate Contains
[LIBGPUSPATIAL] [ 13686][18:01:08:198126][info  ] RTSpatialIndex 0x7046a800ac10 (Used 1 MB), Allocate result buffer, memory consumption 0 MB, capacity 12
[LIBGPUSPATIAL] [ 13686][18:01:08:198465][info  ] RTSpatialIndex 0x7046a800ac10 (Used 1 MB), Probe Points, Size: 100000, Results: 12
[LIBGPUSPATIAL] [ 13687][18:01:08:199116][info  ] RTSpatialIndex 0x7046a800ac10 (Used 1 MB), Allocate result buffer, memory consumption 0 MB, capacity 25
[LIBGPUSPATIAL] [ 13687][18:01:08:199391][info  ] RTSpatialIndex 0x7046a800ac10 (Used 1 MB), Probe Points, Size: 100000, Results: 25
[LIBGPUSPATIAL] [ 13686][18:01:08:199397][info  ] RTSpatialRefiner 0x7046abd29cf0 (Used 1 MB), Loaded Geometries, ProbeArray 100000, Loaded 10, Type Point
[LIBGPUSPATIAL] [ 13686][18:01:08:199489][info  ] RTSpatialRefiner 0x7046abd29cf0 (Used 1 MB), Evaluating 12 Geometry Pairs with Predicate Contains
[LIBGPUSPATIAL] [ 13683][18:01:08:199941][info  ] RTSpatialIndex 0x7046a800ac10 (Used 1 MB), Allocate result buffer, memory consumption 0 MB, capacity 27
[LIBGPUSPATIAL] [ 13687][18:01:08:199969][info  ] RTSpatialRefiner 0x7046abd29cf0 (Used 1 MB), Loaded Geometries, ProbeArray 100000, Loaded 19, Type Point
[LIBGPUSPATIAL] [ 13687][18:01:08:200086][info  ] RTSpatialRefiner 0x7046abd29cf0 (Used 1 MB), Evaluating 25 Geometry Pairs with Predicate Contains
[LIBGPUSPATIAL] [ 13683][18:01:08:200346][info  ] RTSpatialIndex 0x7046a800ac10 (Used 1 MB), Probe Points, Size: 100000, Results: 27
[LIBGPUSPATIAL] [ 13683][18:01:08:200810][info  ] RTSpatialRefiner 0x7046abd29cf0 (Used 0 MB), Loaded Geometries, ProbeArray 100000, Loaded 19, Type Point
[LIBGPUSPATIAL] [ 13683][18:01:08:200868][info  ] RTSpatialRefiner 0x7046abd29cf0 (Used 0 MB), Evaluating 27 Geometry Pairs with Predicate Contains
[LIBGPUSPATIAL] [ 13690][18:01:08:202344][info  ] RTSpatialIndex 0x7046a800ac10 (Used 1 MB), Allocate result buffer, memory consumption 0 MB, capacity 32
[LIBGPUSPATIAL] [ 13690][18:01:08:202483][info  ] RTSpatialIndex 0x7046a800ac10 (Used 1 MB), Probe Points, Size: 100000, Results: 32
[LIBGPUSPATIAL] [ 13685][18:01:08:203042][info  ] RTSpatialIndex 0x7046a800ac10 (Used 1 MB), Allocate result buffer, memory consumption 0 MB, capacity 27
[LIBGPUSPATIAL] [ 13685][18:01:08:203165][info  ] RTSpatialIndex 0x7046a800ac10 (Used 1 MB), Probe Points, Size: 100000, Results: 27
[LIBGPUSPATIAL] [ 13690][18:01:08:203458][info  ] RTSpatialRefiner 0x7046abd29cf0 (Used 0 MB), Loaded Geometries, ProbeArray 100000, Loaded 25, Type Point
[LIBGPUSPATIAL] [ 13690][18:01:08:203511][info  ] RTSpatialRefiner 0x7046abd29cf0 (Used 0 MB), Evaluating 32 Geometry Pairs with Predicate Contains
[LIBGPUSPATIAL] [ 13685][18:01:08:206213][info  ] RTSpatialRefiner 0x7046abd29cf0 (Used 0 MB), Loaded Geometries, ProbeArray 100000, Loaded 18, Type Point
[LIBGPUSPATIAL] [ 13685][18:01:08:206274][info  ] RTSpatialRefiner 0x7046abd29cf0 (Used 0 MB), Evaluating 27 Geometry Pairs with Predicate Contains
[LIBGPUSPATIAL] [ 13684][18:01:08:208815][info  ] RTSpatialIndex 0x7046a800ac10 (Used 1 MB), Allocate result buffer, memory consumption 0 MB, capacity 28
[LIBGPUSPATIAL] [ 13684][18:01:08:208969][info  ] RTSpatialIndex 0x7046a800ac10 (Used 1 MB), Probe Points, Size: 100000, Results: 28
[LIBGPUSPATIAL] [ 13684][18:01:08:209374][info  ] RTSpatialRefiner 0x7046abd29cf0 (Used 0 MB), Loaded Geometries, ProbeArray 100000, Loaded 21, Type Point
[LIBGPUSPATIAL] [ 13684][18:01:08:209409][info  ] RTSpatialRefiner 0x7046abd29cf0 (Used 0 MB), Evaluating 28 Geometry Pairs with Predicate Contains
[LIBGPUSPATIAL] [ 13689][18:01:08:212016][info  ] RTSpatialIndex 0x7046a800ac10 (Used 1 MB), Allocate result buffer, memory consumption 0 MB, capacity 25
[LIBGPUSPATIAL] [ 13689][18:01:08:212135][info  ] RTSpatialIndex 0x7046a800ac10 (Used 1 MB), Probe Points, Size: 100000, Results: 25
[LIBGPUSPATIAL] [ 13689][18:01:08:212541][info  ] RTSpatialRefiner 0x7046abd29cf0 (Used 0 MB), Loaded Geometries, ProbeArray 100000, Loaded 18, Type Point
[LIBGPUSPATIAL] [ 13689][18:01:08:212590][info  ] RTSpatialRefiner 0x7046abd29cf0 (Used 0 MB), Evaluating 25 Geometry Pairs with Predicate Contains
[LIBGPUSPATIAL] [ 13688][18:01:08:216195][info  ] RTSpatialIndex 0x7046a800ac10 (Used 1 MB), Allocate result buffer, memory consumption 0 MB, capacity 27
[LIBGPUSPATIAL] [ 13688][18:01:08:216429][info  ] RTSpatialIndex 0x7046a800ac10 (Used 1 MB), Probe Points, Size: 100000, Results: 27
[LIBGPUSPATIAL] [ 13688][18:01:08:216933][info  ] RTSpatialRefiner 0x7046abd29cf0 (Used 0 MB), Loaded Geometries, ProbeArray 100000, Loaded 21, Type Point
[LIBGPUSPATIAL] [ 13688][18:01:08:217044][info  ] RTSpatialRefiner 0x7046abd29cf0 (Used 0 MB), Evaluating 27 Geometry Pairs with Predicate Contains
[LIBGPUSPATIAL] [ 13683][18:01:08:217832][info  ] RTSpatialIndex 0x7046a800ac10 (Used 1 MB), Allocate result buffer, memory consumption 0 MB, capacity 25
[LIBGPUSPATIAL] [ 13683][18:01:08:218349][info  ] RTSpatialIndex 0x7046a800ac10 (Used 1 MB), Probe Points, Size: 100000, Results: 25
[LIBGPUSPATIAL] [ 13686][18:01:08:218434][info  ] RTSpatialIndex 0x7046a800ac10 (Used 2 MB), Allocate result buffer, memory consumption 0 MB, capacity 16
[LIBGPUSPATIAL] [ 13686][18:01:08:219001][info  ] RTSpatialIndex 0x7046a800ac10 (Used 1 MB), Probe Points, Size: 100000, Results: 16
[LIBGPUSPATIAL] [ 13683][18:01:08:219008][info  ] RTSpatialRefiner 0x7046abd29cf0 (Used 1 MB), Loaded Geometries, ProbeArray 100000, Loaded 20, Type Point
[LIBGPUSPATIAL] [ 13683][18:01:08:219107][info  ] RTSpatialRefiner 0x7046abd29cf0 (Used 1 MB), Evaluating 25 Geometry Pairs with Predicate Contains
[LIBGPUSPATIAL] [ 13687][18:01:08:219211][info  ] RTSpatialIndex 0x7046a800ac10 (Used 1 MB), Allocate result buffer, memory consumption 0 MB, capacity 22
[LIBGPUSPATIAL] [ 13687][18:01:08:219546][info  ] RTSpatialIndex 0x7046a800ac10 (Used 1 MB), Probe Points, Size: 100000, Results: 22
[LIBGPUSPATIAL] [ 13686][18:01:08:221683][info  ] RTSpatialRefiner 0x7046abd29cf0 (Used 0 MB), Loaded Geometries, ProbeArray 100000, Loaded 14, Type Point
[LIBGPUSPATIAL] [ 13686][18:01:08:221736][info  ] RTSpatialRefiner 0x7046abd29cf0 (Used 0 MB), Evaluating 16 Geometry Pairs with Predicate Contains
[LIBGPUSPATIAL] [ 13687][18:01:08:221886][info  ] RTSpatialRefiner 0x7046abd29cf0 (Used 0 MB), Loaded Geometries, ProbeArray 100000, Loaded 16, Type Point
[LIBGPUSPATIAL] [ 13687][18:01:08:222027][info  ] RTSpatialRefiner 0x7046abd29cf0 (Used 0 MB), Evaluating 22 Geometry Pairs with Predicate Contains
[LIBGPUSPATIAL] [ 13690][18:01:08:222725][info  ] RTSpatialIndex 0x7046a800ac10 (Used 1 MB), Allocate result buffer, memory consumption 0 MB, capacity 25
[LIBGPUSPATIAL] [ 13690][18:01:08:224294][info  ] RTSpatialIndex 0x7046a800ac10 (Used 1 MB), Probe Points, Size: 100000, Results: 25
[LIBGPUSPATIAL] [ 13685][18:01:08:224429][info  ] RTSpatialIndex 0x7046a800ac10 (Used 1 MB), Allocate result buffer, memory consumption 0 MB, capacity 10
[LIBGPUSPATIAL] [ 13685][18:01:08:224795][info  ] RTSpatialIndex 0x7046a800ac10 (Used 1 MB), Probe Points, Size: 100000, Results: 10
[LIBGPUSPATIAL] [ 13684][18:01:08:225977][info  ] RTSpatialIndex 0x7046a800ac10 (Used 1 MB), Allocate result buffer, memory consumption 0 MB, capacity 14
[LIBGPUSPATIAL] [ 13684][18:01:08:226095][info  ] RTSpatialIndex 0x7046a800ac10 (Used 1 MB), Probe Points, Size: 100000, Results: 14
[LIBGPUSPATIAL] [ 13685][18:01:08:227116][info  ] RTSpatialRefiner 0x7046abd29cf0 (Used 0 MB), Loaded Geometries, ProbeArray 100000, Loaded 9, Type Point
[LIBGPUSPATIAL] [ 13685][18:01:08:227162][info  ] RTSpatialRefiner 0x7046abd29cf0 (Used 0 MB), Evaluating 10 Geometry Pairs with Predicate Contains
[LIBGPUSPATIAL] [ 13690][18:01:08:227364][info  ] RTSpatialRefiner 0x7046abd29cf0 (Used 0 MB), Loaded Geometries, ProbeArray 100000, Loaded 19, Type Point
[LIBGPUSPATIAL] [ 13690][18:01:08:227410][info  ] RTSpatialRefiner 0x7046abd29cf0 (Used 0 MB), Evaluating 25 Geometry Pairs with Predicate Contains
[LIBGPUSPATIAL] [ 13684][18:01:08:227809][info  ] RTSpatialRefiner 0x7046abd29cf0 (Used 0 MB), Loaded Geometries, ProbeArray 100000, Loaded 11, Type Point
[LIBGPUSPATIAL] [ 13684][18:01:08:227874][info  ] RTSpatialRefiner 0x7046abd29cf0 (Used 0 MB), Evaluating 14 Geometry Pairs with Predicate Contains
[LIBGPUSPATIAL] [ 13689][18:01:08:230403][info  ] RTSpatialIndex 0x7046a800ac10 (Used 1 MB), Allocate result buffer, memory consumption 0 MB, capacity 26
[LIBGPUSPATIAL] [ 13689][18:01:08:230579][info  ] RTSpatialIndex 0x7046a800ac10 (Used 1 MB), Probe Points, Size: 100000, Results: 26
[LIBGPUSPATIAL] [ 13689][18:01:08:232190][info  ] RTSpatialRefiner 0x7046abd29cf0 (Used 0 MB), Loaded Geometries, ProbeArray 100000, Loaded 18, Type Point
[LIBGPUSPATIAL] [ 13689][18:01:08:232245][info  ] RTSpatialRefiner 0x7046abd29cf0 (Used 0 MB), Evaluating 26 Geometry Pairs with Predicate Contains
[LIBGPUSPATIAL] [ 13688][18:01:08:232966][info  ] RTSpatialIndex 0x7046a800ac10 (Used 1 MB), Allocate result buffer, memory consumption 0 MB, capacity 18
[LIBGPUSPATIAL] [ 13688][18:01:08:233239][info  ] RTSpatialIndex 0x7046a800ac10 (Used 1 MB), Probe Points, Size: 100000, Results: 18
[LIBGPUSPATIAL] [ 13683][18:01:08:234918][info  ] RTSpatialIndex 0x7046a800ac10 (Used 1 MB), Allocate result buffer, memory consumption 0 MB, capacity 16
[LIBGPUSPATIAL] [ 13683][18:01:08:235049][info  ] RTSpatialIndex 0x7046a800ac10 (Used 1 MB), Probe Points, Size: 100000, Results: 16
[LIBGPUSPATIAL] [ 13688][18:01:08:235335][info  ] RTSpatialRefiner 0x7046abd29cf0 (Used 0 MB), Loaded Geometries, ProbeArray 100000, Loaded 14, Type Point
[LIBGPUSPATIAL] [ 13688][18:01:08:235481][info  ] RTSpatialRefiner 0x7046abd29cf0 (Used 0 MB), Evaluating 18 Geometry Pairs with Predicate Contains
[LIBGPUSPATIAL] [ 13683][18:01:08:235679][info  ] RTSpatialRefiner 0x7046abd29cf0 (Used 0 MB), Loaded Geometries, ProbeArray 100000, Loaded 12, Type Point
[LIBGPUSPATIAL] [ 13683][18:01:08:235721][info  ] RTSpatialRefiner 0x7046abd29cf0 (Used 0 MB), Evaluating 16 Geometry Pairs with Predicate Contains
[LIBGPUSPATIAL] [ 13686][18:01:08:238902][info  ] RTSpatialIndex 0x7046a800ac10 (Used 1 MB), Allocate result buffer, memory consumption 0 MB, capacity 28
[LIBGPUSPATIAL] [ 13686][18:01:08:239051][info  ] RTSpatialIndex 0x7046a800ac10 (Used 1 MB), Probe Points, Size: 100000, Results: 28
[LIBGPUSPATIAL] [ 13686][18:01:08:240006][info  ] RTSpatialRefiner 0x7046abd29cf0 (Used 0 MB), Loaded Geometries, ProbeArray 100000, Loaded 20, Type Point
[LIBGPUSPATIAL] [ 13686][18:01:08:240057][info  ] RTSpatialRefiner 0x7046abd29cf0 (Used 0 MB), Evaluating 28 Geometry Pairs with Predicate Contains
[LIBGPUSPATIAL] [ 13687][18:01:08:242835][info  ] RTSpatialIndex 0x7046a800ac10 (Used 1 MB), Allocate result buffer, memory consumption 0 MB, capacity 19
[LIBGPUSPATIAL] [ 13687][18:01:08:243140][info  ] RTSpatialIndex 0x7046a800ac10 (Used 1 MB), Probe Points, Size: 100000, Results: 19
[LIBGPUSPATIAL] [ 13687][18:01:08:243576][info  ] RTSpatialRefiner 0x7046abd29cf0 (Used 0 MB), Loaded Geometries, ProbeArray 100000, Loaded 14, Type Point
[LIBGPUSPATIAL] [ 13687][18:01:08:243705][info  ] RTSpatialRefiner 0x7046abd29cf0 (Used 0 MB), Evaluating 19 Geometry Pairs with Predicate Contains
[LIBGPUSPATIAL] [ 13690][18:01:08:244833][info  ] RTSpatialIndex 0x7046a800ac10 (Used 1 MB), Allocate result buffer, memory consumption 0 MB, capacity 25
[LIBGPUSPATIAL] [ 13690][18:01:08:244981][info  ] RTSpatialIndex 0x7046a800ac10 (Used 1 MB), Probe Points, Size: 100000, Results: 25
[LIBGPUSPATIAL] [ 13685][18:01:08:245759][info  ] RTSpatialIndex 0x7046a800ac10 (Used 1 MB), Allocate result buffer, memory consumption 0 MB, capacity 24
[LIBGPUSPATIAL] [ 13685][18:01:08:245931][info  ] RTSpatialIndex 0x7046a800ac10 (Used 1 MB), Probe Points, Size: 100000, Results: 24
[LIBGPUSPATIAL] [ 13690][18:01:08:245988][info  ] RTSpatialRefiner 0x7046abd29cf0 (Used 0 MB), Loaded Geometries, ProbeArray 100000, Loaded 19, Type Point
[LIBGPUSPATIAL] [ 13690][18:01:08:246027][info  ] RTSpatialRefiner 0x7046abd29cf0 (Used 0 MB), Evaluating 25 Geometry Pairs with Predicate Contains
[LIBGPUSPATIAL] [ 13685][18:01:08:246340][info  ] RTSpatialRefiner 0x7046abd29cf0 (Used 1 MB), Loaded Geometries, ProbeArray 100000, Loaded 18, Type Point
[LIBGPUSPATIAL] [ 13685][18:01:08:246427][info  ] RTSpatialRefiner 0x7046abd29cf0 (Used 1 MB), Evaluating 24 Geometry Pairs with Predicate Contains
[LIBGPUSPATIAL] [ 13684][18:01:08:246646][info  ] RTSpatialIndex 0x7046a800ac10 (Used 1 MB), Allocate result buffer, memory consumption 0 MB, capacity 31
[LIBGPUSPATIAL] [ 13684][18:01:08:247060][info  ] RTSpatialIndex 0x7046a800ac10 (Used 1 MB), Probe Points, Size: 100000, Results: 31
[LIBGPUSPATIAL] [ 13689][18:01:08:249251][info  ] RTSpatialIndex 0x7046a800ac10 (Used 1 MB), Allocate result buffer, memory consumption 0 MB, capacity 20
[LIBGPUSPATIAL] [ 13689][18:01:08:249365][info  ] RTSpatialIndex 0x7046a800ac10 (Used 1 MB), Probe Points, Size: 100000, Results: 20
[LIBGPUSPATIAL] [ 13684][18:01:08:249660][info  ] RTSpatialRefiner 0x7046abd29cf0 (Used 0 MB), Loaded Geometries, ProbeArray 100000, Loaded 22, Type Point
[LIBGPUSPATIAL] [ 13684][18:01:08:249708][info  ] RTSpatialRefiner 0x7046abd29cf0 (Used 0 MB), Evaluating 31 Geometry Pairs with Predicate Contains
[LIBGPUSPATIAL] [ 13689][18:01:08:249778][info  ] RTSpatialRefiner 0x7046abd29cf0 (Used 0 MB), Loaded Geometries, ProbeArray 100000, Loaded 15, Type Point
[LIBGPUSPATIAL] [ 13689][18:01:08:249826][info  ] RTSpatialRefiner 0x7046abd29cf0 (Used 0 MB), Evaluating 20 Geometry Pairs with Predicate Contains
[LIBGPUSPATIAL] [ 13683][18:01:08:253043][info  ] RTSpatialIndex 0x7046a800ac10 (Used 1 MB), Allocate result buffer, memory consumption 0 MB, capacity 38
[LIBGPUSPATIAL] [ 13688][18:01:08:253101][info  ] RTSpatialIndex 0x7046a800ac10 (Used 1 MB), Allocate result buffer, memory consumption 0 MB, capacity 32
[LIBGPUSPATIAL] [ 13683][18:01:08:253259][info  ] RTSpatialIndex 0x7046a800ac10 (Used 1 MB), Probe Points, Size: 100000, Results: 38
[LIBGPUSPATIAL] [ 13688][18:01:08:253370][info  ] RTSpatialIndex 0x7046a800ac10 (Used 1 MB), Probe Points, Size: 100000, Results: 32
[LIBGPUSPATIAL] [ 13683][18:01:08:256403][info  ] RTSpatialRefiner 0x7046abd29cf0 (Used 0 MB), Loaded Geometries, ProbeArray 100000, Loaded 29, Type Point
[LIBGPUSPATIAL] [ 13688][18:01:08:256477][info  ] RTSpatialRefiner 0x7046abd29cf0 (Used 0 MB), Loaded Geometries, ProbeArray 100000, Loaded 23, Type Point
[LIBGPUSPATIAL] [ 13683][18:01:08:256485][info  ] RTSpatialRefiner 0x7046abd29cf0 (Used 0 MB), Evaluating 38 Geometry Pairs with Predicate Contains
[LIBGPUSPATIAL] [ 13688][18:01:08:256544][info  ] RTSpatialRefiner 0x7046abd29cf0 (Used 0 MB), Evaluating 32 Geometry Pairs with Predicate Contains
[LIBGPUSPATIAL] [ 13686][18:01:08:257502][info  ] RTSpatialIndex 0x7046a800ac10 (Used 1 MB), Allocate result buffer, memory consumption 0 MB, capacity 25
[LIBGPUSPATIAL] [ 13686][18:01:08:257957][info  ] RTSpatialIndex 0x7046a800ac10 (Used 1 MB), Probe Points, Size: 100000, Results: 25
[LIBGPUSPATIAL] [ 13686][18:01:08:260245][info  ] RTSpatialRefiner 0x7046abd29cf0 (Used 0 MB), Loaded Geometries, ProbeArray 100000, Loaded 19, Type Point
[LIBGPUSPATIAL] [ 13686][18:01:08:260294][info  ] RTSpatialRefiner 0x7046abd29cf0 (Used 0 MB), Evaluating 25 Geometry Pairs with Predicate Contains
[LIBGPUSPATIAL] [ 13685][18:01:08:261790][info  ] RTSpatialIndex 0x7046a800ac10 (Used 1 MB), Allocate result buffer, memory consumption 0 MB, capacity 15
[LIBGPUSPATIAL] [ 13685][18:01:08:261951][info  ] RTSpatialIndex 0x7046a800ac10 (Used 1 MB), Probe Points, Size: 100000, Results: 15
[LIBGPUSPATIAL] [ 13685][18:01:08:262454][info  ] RTSpatialRefiner 0x7046abd29cf0 (Used 0 MB), Loaded Geometries, ProbeArray 100000, Loaded 10, Type Point
[LIBGPUSPATIAL] [ 13685][18:01:08:262507][info  ] RTSpatialRefiner 0x7046abd29cf0 (Used 0 MB), Evaluating 15 Geometry Pairs with Predicate Contains
[LIBGPUSPATIAL] [ 13690][18:01:08:263798][info  ] RTSpatialIndex 0x7046a800ac10 (Used 1 MB), Allocate result buffer, memory consumption 0 MB, capacity 14
[LIBGPUSPATIAL] [ 13690][18:01:08:263978][info  ] RTSpatialIndex 0x7046a800ac10 (Used 1 MB), Probe Points, Size: 100000, Results: 14
[LIBGPUSPATIAL] [ 13690][18:01:08:264384][info  ] RTSpatialRefiner 0x7046abd29cf0 (Used 1 MB), Loaded Geometries, ProbeArray 100000, Loaded 12, Type Point
[LIBGPUSPATIAL] [ 13690][18:01:08:264463][info  ] RTSpatialRefiner 0x7046abd29cf0 (Used 1 MB), Evaluating 14 Geometry Pairs with Predicate Contains
[LIBGPUSPATIAL] [ 13687][18:01:08:264932][info  ] RTSpatialIndex 0x7046a800ac10 (Used 1 MB), Allocate result buffer, memory consumption 0 MB, capacity 23
[LIBGPUSPATIAL] [ 13687][18:01:08:265322][info  ] RTSpatialIndex 0x7046a800ac10 (Used 1 MB), Probe Points, Size: 100000, Results: 23
[LIBGPUSPATIAL] [ 13687][18:01:08:265921][info  ] RTSpatialRefiner 0x7046abd29cf0 (Used 0 MB), Loaded Geometries, ProbeArray 100000, Loaded 16, Type Point
[LIBGPUSPATIAL] [ 13687][18:01:08:265981][info  ] RTSpatialRefiner 0x7046abd29cf0 (Used 0 MB), Evaluating 23 Geometry Pairs with Predicate Contains
[LIBGPUSPATIAL] [ 13684][18:01:08:268037][info  ] RTSpatialIndex 0x7046a800ac10 (Used 1 MB), Allocate result buffer, memory consumption 0 MB, capacity 22
[LIBGPUSPATIAL] [ 13684][18:01:08:268186][info  ] RTSpatialIndex 0x7046a800ac10 (Used 1 MB), Probe Points, Size: 100000, Results: 22
[LIBGPUSPATIAL] [ 13684][18:01:08:268642][info  ] RTSpatialRefiner 0x7046abd29cf0 (Used 1 MB), Loaded Geometries, ProbeArray 100000, Loaded 16, Type Point
[LIBGPUSPATIAL] [ 13684][18:01:08:268694][info  ] RTSpatialRefiner 0x7046abd29cf0 (Used 1 MB), Evaluating 22 Geometry Pairs with Predicate Contains
[LIBGPUSPATIAL] [ 13689][18:01:08:269018][info  ] RTSpatialIndex 0x7046a800ac10 (Used 1 MB), Allocate result buffer, memory consumption 0 MB, capacity 27
[LIBGPUSPATIAL] [ 13689][18:01:08:269280][info  ] RTSpatialIndex 0x7046a800ac10 (Used 1 MB), Probe Points, Size: 100000, Results: 27
[LIBGPUSPATIAL] [ 13689][18:01:08:269631][info  ] RTSpatialRefiner 0x7046abd29cf0 (Used 0 MB), Loaded Geometries, ProbeArray 100000, Loaded 21, Type Point
[LIBGPUSPATIAL] [ 13689][18:01:08:269678][info  ] RTSpatialRefiner 0x7046abd29cf0 (Used 0 MB), Evaluating 27 Geometry Pairs with Predicate Contains
[LIBGPUSPATIAL] [ 13683][18:01:08:276369][info  ] RTSpatialIndex 0x7046a800ac10 (Used 2 MB), Allocate result buffer, memory consumption 0 MB, capacity 25
[LIBGPUSPATIAL] [ 13683][18:01:08:277043][info  ] RTSpatialIndex 0x7046a800ac10 (Used 1 MB), Probe Points, Size: 100000, Results: 25
[LIBGPUSPATIAL] [ 13688][18:01:08:277104][info  ] RTSpatialIndex 0x7046a800ac10 (Used 1 MB), Allocate result buffer, memory consumption 0 MB, capacity 22
[LIBGPUSPATIAL] [ 13688][18:01:08:278197][info  ] RTSpatialIndex 0x7046a800ac10 (Used 1 MB), Probe Points, Size: 100000, Results: 22
[LIBGPUSPATIAL] [ 13683][18:01:08:278397][info  ] RTSpatialRefiner 0x7046abd29cf0 (Used 0 MB), Loaded Geometries, ProbeArray 100000, Loaded 18, Type Point
[LIBGPUSPATIAL] [ 13683][18:01:08:278576][info  ] RTSpatialRefiner 0x7046abd29cf0 (Used 1 MB), Evaluating 25 Geometry Pairs with Predicate Contains
[LIBGPUSPATIAL] [ 13688][18:01:08:278605][info  ] RTSpatialRefiner 0x7046abd29cf0 (Used 1 MB), Loaded Geometries, ProbeArray 100000, Loaded 16, Type Point
[LIBGPUSPATIAL] [ 13688][18:01:08:278648][info  ] RTSpatialRefiner 0x7046abd29cf0 (Used 1 MB), Evaluating 22 Geometry Pairs with Predicate Contains
[LIBGPUSPATIAL] [ 13686][18:01:08:279027][info  ] RTSpatialIndex 0x7046a800ac10 (Used 1 MB), Allocate result buffer, memory consumption 0 MB, capacity 35
[LIBGPUSPATIAL] [ 13686][18:01:08:279466][info  ] RTSpatialIndex 0x7046a800ac10 (Used 1 MB), Probe Points, Size: 100000, Results: 35
[LIBGPUSPATIAL] [ 13686][18:01:08:279968][info  ] RTSpatialRefiner 0x7046abd29cf0 (Used 0 MB), Loaded Geometries, ProbeArray 100000, Loaded 27, Type Point
[LIBGPUSPATIAL] [ 13686][18:01:08:280015][info  ] RTSpatialRefiner 0x7046abd29cf0 (Used 0 MB), Evaluating 35 Geometry Pairs with Predicate Contains
[LIBGPUSPATIAL] [ 13690][18:01:08:280857][info  ] RTSpatialIndex 0x7046a800ac10 (Used 1 MB), Allocate result buffer, memory consumption 0 MB, capacity 19
[LIBGPUSPATIAL] [ 13690][18:01:08:280992][info  ] RTSpatialIndex 0x7046a800ac10 (Used 1 MB), Probe Points, Size: 100000, Results: 19
[LIBGPUSPATIAL] [ 13685][18:01:08:281905][info  ] RTSpatialIndex 0x7046a800ac10 (Used 1 MB), Allocate result buffer, memory consumption 0 MB, capacity 23
[LIBGPUSPATIAL] [ 13685][18:01:08:282256][info  ] RTSpatialIndex 0x7046a800ac10 (Used 1 MB), Probe Points, Size: 100000, Results: 23
[LIBGPUSPATIAL] [ 13690][18:01:08:282271][info  ] RTSpatialRefiner 0x7046abd29cf0 (Used 1 MB), Loaded Geometries, ProbeArray 100000, Loaded 15, Type Point
[LIBGPUSPATIAL] [ 13690][18:01:08:282312][info  ] RTSpatialRefiner 0x7046abd29cf0 (Used 0 MB), Evaluating 19 Geometry Pairs with Predicate Contains
[LIBGPUSPATIAL] [ 13685][18:01:08:282624][info  ] RTSpatialRefiner 0x7046abd29cf0 (Used 0 MB), Loaded Geometries, ProbeArray 100000, Loaded 16, Type Point
[LIBGPUSPATIAL] [ 13685][18:01:08:282682][info  ] RTSpatialRefiner 0x7046abd29cf0 (Used 0 MB), Evaluating 23 Geometry Pairs with Predicate Contains
[LIBGPUSPATIAL] [ 13684][18:01:08:286946][info  ] RTSpatialIndex 0x7046a800ac10 (Used 1 MB), Allocate result buffer, memory consumption 0 MB, capacity 18
[LIBGPUSPATIAL] [ 13687][18:01:08:287057][info  ] RTSpatialIndex 0x7046a800ac10 (Used 1 MB), Allocate result buffer, memory consumption 0 MB, capacity 16
[LIBGPUSPATIAL] [ 13684][18:01:08:287102][info  ] RTSpatialIndex 0x7046a800ac10 (Used 1 MB), Probe Points, Size: 100000, Results: 18
[LIBGPUSPATIAL] [ 13687][18:01:08:287407][info  ] RTSpatialIndex 0x7046a800ac10 (Used 1 MB), Probe Points, Size: 100000, Results: 16
[LIBGPUSPATIAL] [ 13689][18:01:08:288016][info  ] RTSpatialIndex 0x7046a800ac10 (Used 1 MB), Allocate result buffer, memory consumption 0 MB, capacity 25
[LIBGPUSPATIAL] [ 13684][18:01:08:288033][info  ] RTSpatialRefiner 0x7046abd29cf0 (Used 1 MB), Loaded Geometries, ProbeArray 100000, Loaded 14, Type Point
[LIBGPUSPATIAL] [ 13684][18:01:08:288110][info  ] RTSpatialRefiner 0x7046abd29cf0 (Used 1 MB), Evaluating 18 Geometry Pairs with Predicate Contains
[LIBGPUSPATIAL] [ 13687][18:01:08:288149][info  ] RTSpatialRefiner 0x7046abd29cf0 (Used 1 MB), Loaded Geometries, ProbeArray 100000, Loaded 13, Type Point
[LIBGPUSPATIAL] [ 13689][18:01:08:288189][info  ] RTSpatialIndex 0x7046a800ac10 (Used 1 MB), Probe Points, Size: 100000, Results: 25
[LIBGPUSPATIAL] [ 13687][18:01:08:288222][info  ] RTSpatialRefiner 0x7046abd29cf0 (Used 0 MB), Evaluating 16 Geometry Pairs with Predicate Contains
[LIBGPUSPATIAL] [ 13689][18:01:08:290060][info  ] RTSpatialRefiner 0x7046abd29cf0 (Used 0 MB), Loaded Geometries, ProbeArray 100000, Loaded 16, Type Point
[LIBGPUSPATIAL] [ 13689][18:01:08:290109][info  ] RTSpatialRefiner 0x7046abd29cf0 (Used 0 MB), Evaluating 25 Geometry Pairs with Predicate Contains
[LIBGPUSPATIAL] [ 13688][18:01:08:296912][info  ] RTSpatialIndex 0x7046a800ac10 (Used 1 MB), Allocate result buffer, memory consumption 0 MB, capacity 20
[LIBGPUSPATIAL] [ 13688][18:01:08:297486][info  ] RTSpatialIndex 0x7046a800ac10 (Used 1 MB), Probe Points, Size: 100000, Results: 20
[LIBGPUSPATIAL] [ 13686][18:01:08:297555][info  ] RTSpatialIndex 0x7046a800ac10 (Used 1 MB), Allocate result buffer, memory consumption 0 MB, capacity 22
[LIBGPUSPATIAL] [ 13686][18:01:08:297908][info  ] RTSpatialIndex 0x7046a800ac10 (Used 2 MB), Probe Points, Size: 100000, Results: 22
[LIBGPUSPATIAL] [ 13688][18:01:08:298300][info  ] RTSpatialRefiner 0x7046abd29cf0 (Used 1 MB), Loaded Geometries, ProbeArray 100000, Loaded 18, Type Point
[LIBGPUSPATIAL] [ 13683][18:01:08:298334][info  ] RTSpatialIndex 0x7046a800ac10 (Used 1 MB), Allocate result buffer, memory consumption 0 MB, capacity 31
[LIBGPUSPATIAL] [ 13688][18:01:08:298356][info  ] RTSpatialRefiner 0x7046abd29cf0 (Used 1 MB), Evaluating 20 Geometry Pairs with Predicate Contains
[LIBGPUSPATIAL] [ 13686][18:01:08:298565][info  ] RTSpatialRefiner 0x7046abd29cf0 (Used 1 MB), Loaded Geometries, ProbeArray 100000, Loaded 16, Type Point
[LIBGPUSPATIAL] [ 13686][18:01:08:298617][info  ] RTSpatialRefiner 0x7046abd29cf0 (Used 1 MB), Evaluating 22 Geometry Pairs with Predicate Contains
[LIBGPUSPATIAL] [ 13683][18:01:08:298624][info  ] RTSpatialIndex 0x7046a800ac10 (Used 1 MB), Probe Points, Size: 100000, Results: 31
[LIBGPUSPATIAL] [ 13683][18:01:08:299238][info  ] RTSpatialRefiner 0x7046abd29cf0 (Used 2 MB), Loaded Geometries, ProbeArray 100000, Loaded 22, Type Point
[LIBGPUSPATIAL] [ 13683][18:01:08:299372][info  ] RTSpatialRefiner 0x7046abd29cf0 (Used 1 MB), Evaluating 31 Geometry Pairs with Predicate Contains
[LIBGPUSPATIAL] [ 13690][18:01:08:299903][info  ] RTSpatialIndex 0x7046a800ac10 (Used 1 MB), Allocate result buffer, memory consumption 0 MB, capacity 27
[LIBGPUSPATIAL] [ 13685][18:01:08:300198][info  ] RTSpatialIndex 0x7046a800ac10 (Used 1 MB), Allocate result buffer, memory consumption 0 MB, capacity 28
[LIBGPUSPATIAL] [ 13690][18:01:08:300342][info  ] RTSpatialIndex 0x7046a800ac10 (Used 1 MB), Probe Points, Size: 100000, Results: 27
[LIBGPUSPATIAL] [ 13685][18:01:08:300605][info  ] RTSpatialIndex 0x7046a800ac10 (Used 1 MB), Probe Points, Size: 100000, Results: 28
[LIBGPUSPATIAL] [ 13690][18:01:08:303048][info  ] RTSpatialRefiner 0x7046abd29cf0 (Used 0 MB), Loaded Geometries, ProbeArray 100000, Loaded 20, Type Point
[LIBGPUSPATIAL] [ 13690][18:01:08:303125][info  ] RTSpatialRefiner 0x7046abd29cf0 (Used 0 MB), Evaluating 27 Geometry Pairs with Predicate Contains
[LIBGPUSPATIAL] [ 13685][18:01:08:303134][info  ] RTSpatialRefiner 0x7046abd29cf0 (Used 0 MB), Loaded Geometries, ProbeArray 100000, Loaded 21, Type Point
[LIBGPUSPATIAL] [ 13685][18:01:08:303251][info  ] RTSpatialRefiner 0x7046abd29cf0 (Used 0 MB), Evaluating 28 Geometry Pairs with Predicate Contains
[LIBGPUSPATIAL] [ 13684][18:01:08:305287][info  ] RTSpatialIndex 0x7046a800ac10 (Used 1 MB), Allocate result buffer, memory consumption 0 MB, capacity 22
[LIBGPUSPATIAL] [ 13684][18:01:08:305482][info  ] RTSpatialIndex 0x7046a800ac10 (Used 1 MB), Probe Points, Size: 100000, Results: 22
[LIBGPUSPATIAL] [ 13684][18:01:08:305876][info  ] RTSpatialRefiner 0x7046abd29cf0 (Used 0 MB), Loaded Geometries, ProbeArray 100000, Loaded 18, Type Point
[LIBGPUSPATIAL] [ 13684][18:01:08:305923][info  ] RTSpatialRefiner 0x7046abd29cf0 (Used 0 MB), Evaluating 22 Geometry Pairs with Predicate Contains
[LIBGPUSPATIAL] [ 13687][18:01:08:307443][info  ] RTSpatialIndex 0x7046a800ac10 (Used 1 MB), Allocate result buffer, memory consumption 0 MB, capacity 24
[LIBGPUSPATIAL] [ 13687][18:01:08:307659][info  ] RTSpatialIndex 0x7046a800ac10 (Used 1 MB), Probe Points, Size: 100000, Results: 24
[LIBGPUSPATIAL] [ 13689][18:01:08:308264][info  ] RTSpatialIndex 0x7046a800ac10 (Used 1 MB), Allocate result buffer, memory consumption 0 MB, capacity 14
[LIBGPUSPATIAL] [ 13689][18:01:08:308385][info  ] RTSpatialIndex 0x7046a800ac10 (Used 1 MB), Probe Points, Size: 100000, Results: 14
[LIBGPUSPATIAL] [ 13687][18:01:08:308700][info  ] RTSpatialRefiner 0x7046abd29cf0 (Used 0 MB), Loaded Geometries, ProbeArray 100000, Loaded 20, Type Point
[LIBGPUSPATIAL] [ 13687][18:01:08:308742][info  ] RTSpatialRefiner 0x7046abd29cf0 (Used 0 MB), Evaluating 24 Geometry Pairs with Predicate Contains
[LIBGPUSPATIAL] [ 13689][18:01:08:309215][info  ] RTSpatialRefiner 0x7046abd29cf0 (Used 0 MB), Loaded Geometries, ProbeArray 100000, Loaded 13, Type Point
[LIBGPUSPATIAL] [ 13689][18:01:08:309308][info  ] RTSpatialRefiner 0x7046abd29cf0 (Used 0 MB), Evaluating 14 Geometry Pairs with Predicate Contains
[LIBGPUSPATIAL] [ 13690][18:01:08:310896][info  ] RTSpatialIndex 0x7046a800ac10 (Used 0 MB), Allocate result buffer, memory consumption 0 MB, capacity 6
[LIBGPUSPATIAL] [ 13690][18:01:08:311100][info  ] RTSpatialIndex 0x7046a800ac10 (Used 0 MB), Probe Points, Size: 33333, Results: 6
[LIBGPUSPATIAL] [ 13690][18:01:08:313173][info  ] RTSpatialRefiner 0x7046abd29cf0 (Used 0 MB), Loaded Geometries, ProbeArray 33333, Loaded 5, Type Point
[LIBGPUSPATIAL] [ 13690][18:01:08:313223][info  ] RTSpatialRefiner 0x7046abd29cf0 (Used 0 MB), Evaluating 6 Geometry Pairs with Predicate Contains
[LIBGPUSPATIAL] [ 13688][18:01:08:314664][info  ] RTSpatialIndex 0x7046a800ac10 (Used 1 MB), Allocate result buffer, memory consumption 0 MB, capacity 17
[LIBGPUSPATIAL] [ 13688][18:01:08:314875][info  ] RTSpatialIndex 0x7046a800ac10 (Used 1 MB), Probe Points, Size: 100000, Results: 17
[LIBGPUSPATIAL] [ 13688][18:01:08:315750][info  ] RTSpatialRefiner 0x7046abd29cf0 (Used 0 MB), Loaded Geometries, ProbeArray 100000, Loaded 11, Type Point
[LIBGPUSPATIAL] [ 13688][18:01:08:315795][info  ] RTSpatialRefiner 0x7046abd29cf0 (Used 0 MB), Evaluating 17 Geometry Pairs with Predicate Contains
[LIBGPUSPATIAL] [ 13686][18:01:08:317344][info  ] RTSpatialIndex 0x7046a800ac10 (Used 1 MB), Allocate result buffer, memory consumption 0 MB, capacity 20
[LIBGPUSPATIAL] [ 13686][18:01:08:317469][info  ] RTSpatialIndex 0x7046a800ac10 (Used 1 MB), Probe Points, Size: 100000, Results: 20
[LIBGPUSPATIAL] [ 13686][18:01:08:318397][info  ] RTSpatialRefiner 0x7046abd29cf0 (Used 1 MB), Loaded Geometries, ProbeArray 100000, Loaded 15, Type Point
[LIBGPUSPATIAL] [ 13686][18:01:08:318514][info  ] RTSpatialRefiner 0x7046abd29cf0 (Used 2 MB), Evaluating 20 Geometry Pairs with Predicate Contains
[LIBGPUSPATIAL] [ 13683][18:01:08:318636][info  ] RTSpatialIndex 0x7046a800ac10 (Used 1 MB), Allocate result buffer, memory consumption 0 MB, capacity 16
[LIBGPUSPATIAL] [ 13683][18:01:08:319026][info  ] RTSpatialIndex 0x7046a800ac10 (Used 1 MB), Probe Points, Size: 100000, Results: 16
[LIBGPUSPATIAL] [ 13683][18:01:08:321451][info  ] RTSpatialRefiner 0x7046abd29cf0 (Used 0 MB), Loaded Geometries, ProbeArray 100000, Loaded 14, Type Point
[LIBGPUSPATIAL] [ 13683][18:01:08:321515][info  ] RTSpatialRefiner 0x7046abd29cf0 (Used 0 MB), Evaluating 16 Geometry Pairs with Predicate Contains
[LIBGPUSPATIAL] [ 13685][18:01:08:323493][info  ] RTSpatialIndex 0x7046a800ac10 (Used 1 MB), Allocate result buffer, memory consumption 0 MB, capacity 27
[LIBGPUSPATIAL] [ 13684][18:01:08:323541][info  ] RTSpatialIndex 0x7046a800ac10 (Used 1 MB), Allocate result buffer, memory consumption 0 MB, capacity 17
[LIBGPUSPATIAL] [ 13685][18:01:08:323728][info  ] RTSpatialIndex 0x7046a800ac10 (Used 1 MB), Probe Points, Size: 100000, Results: 27
[LIBGPUSPATIAL] [ 13684][18:01:08:323785][info  ] RTSpatialIndex 0x7046a800ac10 (Used 1 MB), Probe Points, Size: 100000, Results: 17
[LIBGPUSPATIAL] [ 13684][18:01:08:324276][info  ] RTSpatialRefiner 0x7046abd29cf0 (Used 0 MB), Loaded Geometries, ProbeArray 100000, Loaded 15, Type Point
[LIBGPUSPATIAL] [ 13684][18:01:08:324317][info  ] RTSpatialRefiner 0x7046abd29cf0 (Used 0 MB), Evaluating 17 Geometry Pairs with Predicate Contains
[LIBGPUSPATIAL] [ 13685][18:01:08:324985][info  ] RTSpatialRefiner 0x7046abd29cf0 (Used 0 MB), Loaded Geometries, ProbeArray 100000, Loaded 19, Type Point
[LIBGPUSPATIAL] [ 13685][18:01:08:325024][info  ] RTSpatialRefiner 0x7046abd29cf0 (Used 0 MB), Evaluating 27 Geometry Pairs with Predicate Contains
[LIBGPUSPATIAL] [ 13686][18:01:08:326604][info  ] RTSpatialIndex 0x7046a800ac10 (Used 0 MB), Allocate result buffer, memory consumption 0 MB, capacity 2
[LIBGPUSPATIAL] [ 13686][18:01:08:326731][info  ] RTSpatialIndex 0x7046a800ac10 (Used 0 MB), Probe Points, Size: 33333, Results: 2
[LIBGPUSPATIAL] [ 13687][18:01:08:328177][info  ] RTSpatialIndex 0x7046a800ac10 (Used 1 MB), Allocate result buffer, memory consumption 0 MB, capacity 27
[LIBGPUSPATIAL] [ 13687][18:01:08:328355][info  ] RTSpatialIndex 0x7046a800ac10 (Used 2 MB), Probe Points, Size: 100000, Results: 27
[LIBGPUSPATIAL] [ 13686][18:01:08:328598][info  ] RTSpatialRefiner 0x7046abd29cf0 (Used 1 MB), Loaded Geometries, ProbeArray 33333, Loaded 1, Type Point
[LIBGPUSPATIAL] [ 13686][18:01:08:328729][info  ] RTSpatialRefiner 0x7046abd29cf0 (Used 1 MB), Evaluating 2 Geometry Pairs with Predicate Contains
[LIBGPUSPATIAL] [ 13689][18:01:08:328827][info  ] RTSpatialIndex 0x7046a800ac10 (Used 1 MB), Allocate result buffer, memory consumption 0 MB, capacity 25
[LIBGPUSPATIAL] [ 13687][18:01:08:329001][info  ] RTSpatialRefiner 0x7046abd29cf0 (Used 1 MB), Loaded Geometries, ProbeArray 100000, Loaded 20, Type Point
[LIBGPUSPATIAL] [ 13687][18:01:08:329048][info  ] RTSpatialRefiner 0x7046abd29cf0 (Used 1 MB), Evaluating 27 Geometry Pairs with Predicate Contains
[LIBGPUSPATIAL] [ 13689][18:01:08:329413][info  ] RTSpatialIndex 0x7046a800ac10 (Used 1 MB), Probe Points, Size: 100000, Results: 25
[LIBGPUSPATIAL] [ 13689][18:01:08:329951][info  ] RTSpatialRefiner 0x7046abd29cf0 (Used 0 MB), Loaded Geometries, ProbeArray 100000, Loaded 19, Type Point
[LIBGPUSPATIAL] [ 13689][18:01:08:329994][info  ] RTSpatialRefiner 0x7046abd29cf0 (Used 0 MB), Evaluating 25 Geometry Pairs with Predicate Contains
[LIBGPUSPATIAL] [ 13684][18:01:08:330724][info  ] RTSpatialIndex 0x7046a800ac10 (Used 0 MB), Allocate result buffer, memory consumption 0 MB, capacity 6
[LIBGPUSPATIAL] [ 13684][18:01:08:330882][info  ] RTSpatialIndex 0x7046a800ac10 (Used 0 MB), Probe Points, Size: 33333, Results: 6
[LIBGPUSPATIAL] [ 13684][18:01:08:332011][info  ] RTSpatialRefiner 0x7046abd29cf0 (Used 0 MB), Loaded Geometries, ProbeArray 33333, Loaded 5, Type Point
[LIBGPUSPATIAL] [ 13684][18:01:08:332077][info  ] RTSpatialRefiner 0x7046abd29cf0 (Used 0 MB), Evaluating 6 Geometry Pairs with Predicate Contains
[LIBGPUSPATIAL] [ 13688][18:01:08:335813][info  ] RTSpatialIndex 0x7046a800ac10 (Used 1 MB), Allocate result buffer, memory consumption 0 MB, capacity 23
[LIBGPUSPATIAL] [ 13688][18:01:08:336144][info  ] RTSpatialIndex 0x7046a800ac10 (Used 1 MB), Probe Points, Size: 100000, Results: 23
[LIBGPUSPATIAL] [ 13688][18:01:08:336686][info  ] RTSpatialRefiner 0x7046abd29cf0 (Used 0 MB), Loaded Geometries, ProbeArray 100000, Loaded 18, Type Point
[LIBGPUSPATIAL] [ 13688][18:01:08:336748][info  ] RTSpatialRefiner 0x7046abd29cf0 (Used 0 MB), Evaluating 23 Geometry Pairs with Predicate Contains
[LIBGPUSPATIAL] [ 13683][18:01:08:341199][info  ] RTSpatialIndex 0x7046a800ac10 (Used 1 MB), Allocate result buffer, memory consumption 0 MB, capacity 25
[LIBGPUSPATIAL] [ 13683][18:01:08:341336][info  ] RTSpatialIndex 0x7046a800ac10 (Used 1 MB), Probe Points, Size: 100000, Results: 25
[LIBGPUSPATIAL] [ 13683][18:01:08:341761][info  ] RTSpatialRefiner 0x7046abd29cf0 (Used 0 MB), Loaded Geometries, ProbeArray 100000, Loaded 18, Type Point
[LIBGPUSPATIAL] [ 13683][18:01:08:341803][info  ] RTSpatialRefiner 0x7046abd29cf0 (Used 0 MB), Evaluating 25 Geometry Pairs with Predicate Contains
[LIBGPUSPATIAL] [ 13690][18:01:08:344452][info  ] RTSpatialIndex 0x7046a800ac10 (Used 1 MB), Allocate result buffer, memory consumption 0 MB, capacity 30
[LIBGPUSPATIAL] [ 13690][18:01:08:344603][info  ] RTSpatialIndex 0x7046a800ac10 (Used 1 MB), Probe Points, Size: 100000, Results: 30
[LIBGPUSPATIAL] [ 13687][18:01:08:345519][info  ] RTSpatialIndex 0x7046a800ac10 (Used 1 MB), Allocate result buffer, memory consumption 0 MB, capacity 19
[LIBGPUSPATIAL] [ 13687][18:01:08:345657][info  ] RTSpatialIndex 0x7046a800ac10 (Used 1 MB), Probe Points, Size: 100000, Results: 19
[LIBGPUSPATIAL] [ 13690][18:01:08:345823][info  ] RTSpatialRefiner 0x7046abd29cf0 (Used 0 MB), Loaded Geometries, ProbeArray 100000, Loaded 21, Type Point
[LIBGPUSPATIAL] [ 13690][18:01:08:345987][info  ] RTSpatialRefiner 0x7046abd29cf0 (Used 0 MB), Evaluating 30 Geometry Pairs with Predicate Contains
[LIBGPUSPATIAL] [ 13687][18:01:08:346059][info  ] RTSpatialRefiner 0x7046abd29cf0 (Used 0 MB), Loaded Geometries, ProbeArray 100000, Loaded 17, Type Point
[LIBGPUSPATIAL] [ 13687][18:01:08:346106][info  ] RTSpatialRefiner 0x7046abd29cf0 (Used 0 MB), Evaluating 19 Geometry Pairs with Predicate Contains
[LIBGPUSPATIAL] [ 13685][18:01:08:346704][info  ] RTSpatialIndex 0x7046a800ac10 (Used 1 MB), Allocate result buffer, memory consumption 0 MB, capacity 11
[LIBGPUSPATIAL] [ 13685][18:01:08:347095][info  ] RTSpatialIndex 0x7046a800ac10 (Used 1 MB), Probe Points, Size: 100000, Results: 11
[LIBGPUSPATIAL] [ 13685][18:01:08:347518][info  ] RTSpatialRefiner 0x7046abd29cf0 (Used 0 MB), Loaded Geometries, ProbeArray 100000, Loaded 10, Type Point
[LIBGPUSPATIAL] [ 13685][18:01:08:347578][info  ] RTSpatialRefiner 0x7046abd29cf0 (Used 0 MB), Evaluating 11 Geometry Pairs with Predicate Contains
[LIBGPUSPATIAL] [ 13689][18:01:08:349200][info  ] RTSpatialIndex 0x7046a800ac10 (Used 1 MB), Allocate result buffer, memory consumption 0 MB, capacity 25
[LIBGPUSPATIAL] [ 13689][18:01:08:349329][info  ] RTSpatialIndex 0x7046a800ac10 (Used 1 MB), Probe Points, Size: 100000, Results: 25
[LIBGPUSPATIAL] [ 13689][18:01:08:349751][info  ] RTSpatialRefiner 0x7046abd29cf0 (Used 0 MB), Loaded Geometries, ProbeArray 100000, Loaded 19, Type Point
[LIBGPUSPATIAL] [ 13689][18:01:08:349795][info  ] RTSpatialRefiner 0x7046abd29cf0 (Used 0 MB), Evaluating 25 Geometry Pairs with Predicate Contains
[LIBGPUSPATIAL] [ 13688][18:01:08:353993][info  ] RTSpatialIndex 0x7046a800ac10 (Used 1 MB), Allocate result buffer, memory consumption 0 MB, capacity 13
[LIBGPUSPATIAL] [ 13688][18:01:08:354134][info  ] RTSpatialIndex 0x7046a800ac10 (Used 1 MB), Probe Points, Size: 100000, Results: 13
[LIBGPUSPATIAL] [ 13688][18:01:08:354509][info  ] RTSpatialRefiner 0x7046abd29cf0 (Used 0 MB), Loaded Geometries, ProbeArray 100000, Loaded 12, Type Point
[LIBGPUSPATIAL] [ 13688][18:01:08:354563][info  ] RTSpatialRefiner 0x7046abd29cf0 (Used 0 MB), Evaluating 13 Geometry Pairs with Predicate Contains
[LIBGPUSPATIAL] [ 13683][18:01:08:358715][info  ] RTSpatialIndex 0x7046a800ac10 (Used 1 MB), Allocate result buffer, memory consumption 0 MB, capacity 23
[LIBGPUSPATIAL] [ 13683][18:01:08:358874][info  ] RTSpatialIndex 0x7046a800ac10 (Used 1 MB), Probe Points, Size: 100000, Results: 23
[LIBGPUSPATIAL] [ 13683][18:01:08:359782][info  ] RTSpatialRefiner 0x7046abd29cf0 (Used 0 MB), Loaded Geometries, ProbeArray 100000, Loaded 15, Type Point
[LIBGPUSPATIAL] [ 13683][18:01:08:359825][info  ] RTSpatialRefiner 0x7046abd29cf0 (Used 0 MB), Evaluating 23 Geometry Pairs with Predicate Contains
[LIBGPUSPATIAL] [ 13687][18:01:08:361200][info  ] RTSpatialIndex 0x7046a800ac10 (Used 2 MB), Allocate result buffer, memory consumption 0 MB, capacity 35
[LIBGPUSPATIAL] [ 13684][18:01:08:361309][info  ] RTSpatialIndex 0x7046a800ac10 (Used 2 MB), Allocate result buffer, memory consumption 0 MB, capacity 28
[LIBGPUSPATIAL] [ 13687][18:01:08:361484][info  ] RTSpatialIndex 0x7046a800ac10 (Used 2 MB), Probe Points, Size: 100000, Results: 35
[LIBGPUSPATIAL] [ 13684][18:01:08:361600][info  ] RTSpatialIndex 0x7046a800ac10 (Used 1 MB), Probe Points, Size: 100000, Results: 28
[LIBGPUSPATIAL] [ 13688][18:01:08:361988][info  ] RTSpatialIndex 0x7046a800ac10 (Used 0 MB), Allocate result buffer, memory consumption 0 MB, capacity 5
[LIBGPUSPATIAL] [ 13688][18:01:08:362225][info  ] RTSpatialIndex 0x7046a800ac10 (Used 0 MB), Probe Points, Size: 33333, Results: 5
[LIBGPUSPATIAL] [ 13687][18:01:08:362440][info  ] RTSpatialRefiner 0x7046abd29cf0 (Used 0 MB), Loaded Geometries, ProbeArray 100000, Loaded 24, Type Point
[LIBGPUSPATIAL] [ 13684][18:01:08:362466][info  ] RTSpatialRefiner 0x7046abd29cf0 (Used 0 MB), Loaded Geometries, ProbeArray 100000, Loaded 22, Type Point
[LIBGPUSPATIAL] [ 13687][18:01:08:362496][info  ] RTSpatialRefiner 0x7046abd29cf0 (Used 0 MB), Evaluating 35 Geometry Pairs with Predicate Contains
[LIBGPUSPATIAL] [ 13684][18:01:08:362524][info  ] RTSpatialRefiner 0x7046abd29cf0 (Used 0 MB), Evaluating 28 Geometry Pairs with Predicate Contains
[LIBGPUSPATIAL] [ 13688][18:01:08:362822][info  ] RTSpatialRefiner 0x7046abd29cf0 (Used 0 MB), Loaded Geometries, ProbeArray 33333, Loaded 4, Type Point
[LIBGPUSPATIAL] [ 13688][18:01:08:362898][info  ] RTSpatialRefiner 0x7046abd29cf0 (Used 0 MB), Evaluating 5 Geometry Pairs with Predicate Contains
[LIBGPUSPATIAL] [ 13690][18:01:08:368471][info  ] RTSpatialIndex 0x7046a800ac10 (Used 2 MB), Allocate result buffer, memory consumption 0 MB, capacity 20
[LIBGPUSPATIAL] [ 13685][18:01:08:368476][info  ] RTSpatialIndex 0x7046a800ac10 (Used 2 MB), Allocate result buffer, memory consumption 0 MB, capacity 23
[LIBGPUSPATIAL] [ 13689][18:01:08:368599][info  ] RTSpatialIndex 0x7046a800ac10 (Used 2 MB), Allocate result buffer, memory consumption 0 MB, capacity 21
[LIBGPUSPATIAL] [ 13690][18:01:08:368720][info  ] RTSpatialIndex 0x7046a800ac10 (Used 2 MB), Probe Points, Size: 100000, Results: 20
[LIBGPUSPATIAL] [ 13689][18:01:08:368914][info  ] RTSpatialIndex 0x7046a800ac10 (Used 1 MB), Probe Points, Size: 100000, Results: 21
[LIBGPUSPATIAL] [ 13685][18:01:08:369098][info  ] RTSpatialIndex 0x7046a800ac10 (Used 1 MB), Probe Points, Size: 100000, Results: 23
[LIBGPUSPATIAL] [ 13690][18:01:08:369249][info  ] RTSpatialRefiner 0x7046abd29cf0 (Used 0 MB), Loaded Geometries, ProbeArray 100000, Loaded 15, Type Point
[LIBGPUSPATIAL] [ 13690][18:01:08:369335][info  ] RTSpatialRefiner 0x7046abd29cf0 (Used 0 MB), Evaluating 20 Geometry Pairs with Predicate Contains
[LIBGPUSPATIAL] [ 13689][18:01:08:369611][info  ] RTSpatialRefiner 0x7046abd29cf0 (Used 0 MB), Loaded Geometries, ProbeArray 100000, Loaded 17, Type Point
[LIBGPUSPATIAL] [ 13689][18:01:08:369653][info  ] RTSpatialRefiner 0x7046abd29cf0 (Used 0 MB), Evaluating 21 Geometry Pairs with Predicate Contains
[LIBGPUSPATIAL] [ 13685][18:01:08:370991][info  ] RTSpatialRefiner 0x7046abd29cf0 (Used 0 MB), Loaded Geometries, ProbeArray 100000, Loaded 19, Type Point
[LIBGPUSPATIAL] [ 13685][18:01:08:371058][info  ] RTSpatialRefiner 0x7046abd29cf0 (Used 0 MB), Evaluating 23 Geometry Pairs with Predicate Contains
[LIBGPUSPATIAL] [ 13683][18:01:08:376198][info  ] RTSpatialIndex 0x7046a800ac10 (Used 1 MB), Allocate result buffer, memory consumption 0 MB, capacity 20
[LIBGPUSPATIAL] [ 13683][18:01:08:376347][info  ] RTSpatialIndex 0x7046a800ac10 (Used 1 MB), Probe Points, Size: 100000, Results: 20
[LIBGPUSPATIAL] [ 13683][18:01:08:377013][info  ] RTSpatialRefiner 0x7046abd29cf0 (Used 1 MB), Loaded Geometries, ProbeArray 100000, Loaded 15, Type Point
[LIBGPUSPATIAL] [ 13683][18:01:08:377059][info  ] RTSpatialRefiner 0x7046abd29cf0 (Used 1 MB), Evaluating 20 Geometry Pairs with Predicate Contains
[LIBGPUSPATIAL] [ 13687][18:01:08:377246][info  ] RTSpatialIndex 0x7046a800ac10 (Used 1 MB), Allocate result buffer, memory consumption 0 MB, capacity 17
[LIBGPUSPATIAL] [ 13687][18:01:08:377659][info  ] RTSpatialIndex 0x7046a800ac10 (Used 1 MB), Probe Points, Size: 100000, Results: 17
[LIBGPUSPATIAL] [ 13689][18:01:08:377800][info  ] RTSpatialIndex 0x7046a800ac10 (Used 0 MB), Allocate result buffer, memory consumption 0 MB, capacity 5
[LIBGPUSPATIAL] [ 13689][18:01:08:378194][info  ] RTSpatialIndex 0x7046a800ac10 (Used 0 MB), Probe Points, Size: 33333, Results: 5
[LIBGPUSPATIAL] [ 13687][18:01:08:378625][info  ] RTSpatialRefiner 0x7046abd29cf0 (Used 1 MB), Loaded Geometries, ProbeArray 100000, Loaded 15, Type Point
[LIBGPUSPATIAL] [ 13687][18:01:08:378666][info  ] RTSpatialRefiner 0x7046abd29cf0 (Used 1 MB), Evaluating 17 Geometry Pairs with Predicate Contains
[LIBGPUSPATIAL] [ 13689][18:01:08:378696][info  ] RTSpatialRefiner 0x7046abd29cf0 (Used 1 MB), Loaded Geometries, ProbeArray 33333, Loaded 4, Type Point
[LIBGPUSPATIAL] [ 13689][18:01:08:378928][info  ] RTSpatialRefiner 0x7046abd29cf0 (Used 1 MB), Evaluating 5 Geometry Pairs with Predicate Contains
[LIBGPUSPATIAL] [ 13684][18:01:08:379061][info  ] RTSpatialIndex 0x7046a800ac10 (Used 1 MB), Allocate result buffer, memory consumption 0 MB, capacity 22
[LIBGPUSPATIAL] [ 13684][18:01:08:379380][info  ] RTSpatialIndex 0x7046a800ac10 (Used 1 MB), Probe Points, Size: 100000, Results: 22
[LIBGPUSPATIAL] [ 13684][18:01:08:379894][info  ] RTSpatialRefiner 0x7046abd29cf0 (Used 0 MB), Loaded Geometries, ProbeArray 100000, Loaded 16, Type Point
[LIBGPUSPATIAL] [ 13684][18:01:08:379929][info  ] RTSpatialRefiner 0x7046abd29cf0 (Used 0 MB), Evaluating 22 Geometry Pairs with Predicate Contains
[LIBGPUSPATIAL] [ 13690][18:01:08:386054][info  ] RTSpatialIndex 0x7046a800ac10 (Used 1 MB), Allocate result buffer, memory consumption 0 MB, capacity 19
[LIBGPUSPATIAL] [ 13690][18:01:08:386168][info  ] RTSpatialIndex 0x7046a800ac10 (Used 1 MB), Probe Points, Size: 100000, Results: 19
[LIBGPUSPATIAL] [ 13690][18:01:08:386585][info  ] RTSpatialRefiner 0x7046abd29cf0 (Used 0 MB), Loaded Geometries, ProbeArray 100000, Loaded 15, Type Point
[LIBGPUSPATIAL] [ 13690][18:01:08:386619][info  ] RTSpatialRefiner 0x7046abd29cf0 (Used 0 MB), Evaluating 19 Geometry Pairs with Predicate Contains
[LIBGPUSPATIAL] [ 13685][18:01:08:391308][info  ] RTSpatialIndex 0x7046a800ac10 (Used 1 MB), Allocate result buffer, memory consumption 0 MB, capacity 34
[LIBGPUSPATIAL] [ 13685][18:01:08:391443][info  ] RTSpatialIndex 0x7046a800ac10 (Used 1 MB), Probe Points, Size: 100000, Results: 34
[LIBGPUSPATIAL] [ 13683][18:01:08:392246][info  ] RTSpatialIndex 0x7046a800ac10 (Used 1 MB), Allocate result buffer, memory consumption 0 MB, capacity 24
[LIBGPUSPATIAL] [ 13683][18:01:08:392384][info  ] RTSpatialIndex 0x7046a800ac10 (Used 1 MB), Probe Points, Size: 100000, Results: 24
[LIBGPUSPATIAL] [ 13688][18:01:08:392769][info  ] RTSpatialIndex 0x7046a800ac10 (Used 1 MB), Allocate result buffer, memory consumption 0 MB, capacity 18
[LIBGPUSPATIAL] [ 13688][18:01:08:392896][info  ] RTSpatialIndex 0x7046a800ac10 (Used 1 MB), Probe Points, Size: 100000, Results: 18
[LIBGPUSPATIAL] [ 13685][18:01:08:393044][info  ] RTSpatialRefiner 0x7046abd29cf0 (Used 0 MB), Loaded Geometries, ProbeArray 100000, Loaded 24, Type Point
[LIBGPUSPATIAL] [ 13685][18:01:08:393093][info  ] RTSpatialRefiner 0x7046abd29cf0 (Used 0 MB), Evaluating 34 Geometry Pairs with Predicate Contains
[LIBGPUSPATIAL] [ 13688][18:01:08:393247][info  ] RTSpatialRefiner 0x7046abd29cf0 (Used 0 MB), Loaded Geometries, ProbeArray 100000, Loaded 14, Type Point
[LIBGPUSPATIAL] [ 13683][18:01:08:393295][info  ] RTSpatialRefiner 0x7046abd29cf0 (Used 0 MB), Loaded Geometries, ProbeArray 100000, Loaded 20, Type Point
[LIBGPUSPATIAL] [ 13688][18:01:08:393298][info  ] RTSpatialRefiner 0x7046abd29cf0 (Used 0 MB), Evaluating 18 Geometry Pairs with Predicate Contains
[LIBGPUSPATIAL] [ 13683][18:01:08:393371][info  ] RTSpatialRefiner 0x7046abd29cf0 (Used 0 MB), Evaluating 24 Geometry Pairs with Predicate Contains
[LIBGPUSPATIAL] [ 13684][18:01:08:395439][info  ] RTSpatialIndex 0x7046a800ac10 (Used 1 MB), Allocate result buffer, memory consumption 0 MB, capacity 20
[LIBGPUSPATIAL] [ 13684][18:01:08:395573][info  ] RTSpatialIndex 0x7046a800ac10 (Used 1 MB), Probe Points, Size: 100000, Results: 20
[LIBGPUSPATIAL] [ 13684][18:01:08:395960][info  ] RTSpatialRefiner 0x7046abd29cf0 (Used 0 MB), Loaded Geometries, ProbeArray 100000, Loaded 18, Type Point
[LIBGPUSPATIAL] [ 13684][18:01:08:396002][info  ] RTSpatialRefiner 0x7046abd29cf0 (Used 0 MB), Evaluating 20 Geometry Pairs with Predicate Contains
[LIBGPUSPATIAL] [ 13690][18:01:08:398720][info  ] RTSpatialIndex 0x7046a800ac10 (Used 1 MB), Allocate result buffer, memory consumption 0 MB, capacity 16
[LIBGPUSPATIAL] [ 13683][18:01:08:398766][info  ] RTSpatialIndex 0x7046a800ac10 (Used 1 MB), Allocate result buffer, memory consumption 0 MB, capacity 14
[LIBGPUSPATIAL] [ 13690][18:01:08:399024][info  ] RTSpatialIndex 0x7046a800ac10 (Used 1 MB), Probe Points, Size: 100000, Results: 16
[LIBGPUSPATIAL] [ 13683][18:01:08:399078][info  ] RTSpatialIndex 0x7046a800ac10 (Used 0 MB), Probe Points, Size: 33333, Results: 14
[LIBGPUSPATIAL] [ 13690][18:01:08:399523][info  ] RTSpatialRefiner 0x7046abd29cf0 (Used 0 MB), Loaded Geometries, ProbeArray 100000, Loaded 12, Type Point
[LIBGPUSPATIAL] [ 13683][18:01:08:399550][info  ] RTSpatialRefiner 0x7046abd29cf0 (Used 0 MB), Loaded Geometries, ProbeArray 33333, Loaded 10, Type Point
[LIBGPUSPATIAL] [ 13690][18:01:08:399569][info  ] RTSpatialRefiner 0x7046abd29cf0 (Used 0 MB), Evaluating 16 Geometry Pairs with Predicate Contains
[LIBGPUSPATIAL] [ 13683][18:01:08:399588][info  ] RTSpatialRefiner 0x7046abd29cf0 (Used 0 MB), Evaluating 14 Geometry Pairs with Predicate Contains
[LIBGPUSPATIAL] [ 13687][18:01:08:400087][info  ] RTSpatialIndex 0x7046a800ac10 (Used 1 MB), Allocate result buffer, memory consumption 0 MB, capacity 17
[LIBGPUSPATIAL] [ 13687][18:01:08:400580][info  ] RTSpatialIndex 0x7046a800ac10 (Used 1 MB), Probe Points, Size: 100000, Results: 17
[LIBGPUSPATIAL] [ 13687][18:01:08:400943][info  ] RTSpatialRefiner 0x7046abd29cf0 (Used 0 MB), Loaded Geometries, ProbeArray 100000, Loaded 14, Type Point
[LIBGPUSPATIAL] [ 13687][18:01:08:400988][info  ] RTSpatialRefiner 0x7046abd29cf0 (Used 0 MB), Evaluating 17 Geometry Pairs with Predicate Contains
[LIBGPUSPATIAL] [ 13685][18:01:08:401418][info  ] RTSpatialIndex 0x7046a800ac10 (Used 0 MB), Allocate result buffer, memory consumption 0 MB, capacity 5
[LIBGPUSPATIAL] [ 13685][18:01:08:401606][info  ] RTSpatialIndex 0x7046a800ac10 (Used 0 MB), Probe Points, Size: 33333, Results: 5
[LIBGPUSPATIAL] [ 13685][18:01:08:402084][info  ] RTSpatialRefiner 0x7046abd29cf0 (Used 0 MB), Loaded Geometries, ProbeArray 33333, Loaded 4, Type Point
[LIBGPUSPATIAL] [ 13685][18:01:08:402125][info  ] RTSpatialRefiner 0x7046abd29cf0 (Used 0 MB), Evaluating 5 Geometry Pairs with Predicate Contains
[LIBGPUSPATIAL] [ 13687][18:01:08:407941][info  ] RTSpatialIndex 0x7046a800ac10 (Used 0 MB), Allocate result buffer, memory consumption 0 MB, capacity 8
[LIBGPUSPATIAL] [ 13687][18:01:08:408084][info  ] RTSpatialIndex 0x7046a800ac10 (Used 0 MB), Probe Points, Size: 33333, Results: 8
[LIBGPUSPATIAL] [ 13687][18:01:08:408499][info  ] RTSpatialRefiner 0x7046abd29cf0 (Used 0 MB), Loaded Geometries, ProbeArray 33333, Loaded 7, Type Point
[LIBGPUSPATIAL] [ 13687][18:01:08:408542][info  ] RTSpatialRefiner 0x7046abd29cf0 (Used 0 MB), Evaluating 8 Geometry Pairs with Predicate Contains
[LIBGPUSPATIAL] [ 13688][18:01:08:409960][info  ] RTSpatialIndex 0x7046a800ac10 (Used 1 MB), Allocate result buffer, memory consumption 0 MB, capacity 23
[LIBGPUSPATIAL] [ 13688][18:01:08:410145][info  ] RTSpatialIndex 0x7046a800ac10 (Used 1 MB), Probe Points, Size: 100000, Results: 23
[LIBGPUSPATIAL] [ 13688][18:01:08:410524][info  ] RTSpatialRefiner 0x7046abd29cf0 (Used 0 MB), Loaded Geometries, ProbeArray 100000, Loaded 15, Type Point
[LIBGPUSPATIAL] [ 13688][18:01:08:410573][info  ] RTSpatialRefiner 0x7046abd29cf0 (Used 0 MB), Evaluating 23 Geometry Pairs with Predicate Contains
[LIBGPUSPATIAL] [ 13684][18:01:08:412167][info  ] RTSpatialIndex 0x7046a800ac10 (Used 1 MB), Allocate result buffer, memory consumption 0 MB, capacity 23
[LIBGPUSPATIAL] [ 13690][18:01:08:412209][info  ] RTSpatialIndex 0x7046a800ac10 (Used 1 MB), Allocate result buffer, memory consumption 0 MB, capacity 28
[LIBGPUSPATIAL] [ 13684][18:01:08:412353][info  ] RTSpatialIndex 0x7046a800ac10 (Used 1 MB), Probe Points, Size: 100000, Results: 23
[LIBGPUSPATIAL] [ 13690][18:01:08:412431][info  ] RTSpatialIndex 0x7046a800ac10 (Used 1 MB), Probe Points, Size: 100000, Results: 28
[LIBGPUSPATIAL] [ 13684][18:01:08:414193][info  ] RTSpatialRefiner 0x7046abd29cf0 (Used 0 MB), Loaded Geometries, ProbeArray 100000, Loaded 16, Type Point
[LIBGPUSPATIAL] [ 13684][18:01:08:414243][info  ] RTSpatialRefiner 0x7046abd29cf0 (Used 0 MB), Evaluating 23 Geometry Pairs with Predicate Contains
[LIBGPUSPATIAL] [ 13690][18:01:08:415020][info  ] RTSpatialRefiner 0x7046abd29cf0 (Used 0 MB), Loaded Geometries, ProbeArray 100000, Loaded 22, Type Point
[LIBGPUSPATIAL] [ 13690][18:01:08:415058][info  ] RTSpatialRefiner 0x7046abd29cf0 (Used 0 MB), Evaluating 28 Geometry Pairs with Predicate Contains
[LIBGPUSPATIAL] [ 13688][18:01:08:425372][info  ] RTSpatialIndex 0x7046a800ac10 (Used 1 MB), Allocate result buffer, memory consumption 0 MB, capacity 16
[LIBGPUSPATIAL] [ 13688][18:01:08:425513][info  ] RTSpatialIndex 0x7046a800ac10 (Used 1 MB), Probe Points, Size: 100000, Results: 16
[LIBGPUSPATIAL] [ 13688][18:01:08:425888][info  ] RTSpatialRefiner 0x7046abd29cf0 (Used 0 MB), Loaded Geometries, ProbeArray 100000, Loaded 14, Type Point
[LIBGPUSPATIAL] [ 13688][18:01:08:425933][info  ] RTSpatialRefiner 0x7046abd29cf0 (Used 0 MB), Evaluating 16 Geometry Pairs with Predicate Contains
[LIBGPUSPATIAL] [ 13690][18:01:08:427663][info  ] RTSpatialIndex 0x7046a800ac10 (Used 1 MB), Allocate result buffer, memory consumption 0 MB, capacity 21
[LIBGPUSPATIAL] [ 13690][18:01:08:427804][info  ] RTSpatialIndex 0x7046a800ac10 (Used 1 MB), Probe Points, Size: 100000, Results: 21
[LIBGPUSPATIAL] [ 13690][18:01:08:428112][info  ] RTSpatialRefiner 0x7046abd29cf0 (Used 0 MB), Loaded Geometries, ProbeArray 100000, Loaded 16, Type Point
[LIBGPUSPATIAL] [ 13690][18:01:08:428154][info  ] RTSpatialRefiner 0x7046abd29cf0 (Used 0 MB), Evaluating 21 Geometry Pairs with Predicate Contains
[LIBGPUSPATIAL] [ 13684][18:01:08:430153][info  ] RTSpatialIndex 0x7046a800ac10 (Used 1 MB), Allocate result buffer, memory consumption 0 MB, capacity 19
[LIBGPUSPATIAL] [ 13684][18:01:08:430280][info  ] RTSpatialIndex 0x7046a800ac10 (Used 1 MB), Probe Points, Size: 100000, Results: 19
[LIBGPUSPATIAL] [ 13684][18:01:08:430583][info  ] RTSpatialRefiner 0x7046abd29cf0 (Used 0 MB), Loaded Geometries, ProbeArray 100000, Loaded 13, Type Point
[LIBGPUSPATIAL] [ 13684][18:01:08:430626][info  ] RTSpatialRefiner 0x7046abd29cf0 (Used 0 MB), Evaluating 19 Geometry Pairs with Predicate Contains
[LIBGPUSPATIAL] [ 13687][18:01:08:433105][info  ] RTSpatialIndex 0x7046a800ac10 (Used 1 MB), Allocate result buffer, memory consumption 0 MB, capacity 25
[LIBGPUSPATIAL] [ 13687][18:01:08:433234][info  ] RTSpatialIndex 0x7046a800ac10 (Used 1 MB), Probe Points, Size: 100000, Results: 25
[LIBGPUSPATIAL] [ 13687][18:01:08:433550][info  ] RTSpatialRefiner 0x7046abd29cf0 (Used 0 MB), Loaded Geometries, ProbeArray 100000, Loaded 19, Type Point
[LIBGPUSPATIAL] [ 13687][18:01:08:433604][info  ] RTSpatialRefiner 0x7046abd29cf0 (Used 0 MB), Evaluating 25 Geometry Pairs with Predicate Contains
[LIBGPUSPATIAL] [ 13685][18:01:08:437220][info  ] RTSpatialIndex 0x7046a800ac10 (Used 1 MB), Allocate result buffer, memory consumption 0 MB, capacity 21
[LIBGPUSPATIAL] [ 13685][18:01:08:437353][info  ] RTSpatialIndex 0x7046a800ac10 (Used 1 MB), Probe Points, Size: 100000, Results: 21
[LIBGPUSPATIAL] [ 13685][18:01:08:437661][info  ] RTSpatialRefiner 0x7046abd29cf0 (Used 0 MB), Loaded Geometries, ProbeArray 100000, Loaded 15, Type Point
[LIBGPUSPATIAL] [ 13685][18:01:08:437702][info  ] RTSpatialRefiner 0x7046abd29cf0 (Used 0 MB), Evaluating 21 Geometry Pairs with Predicate Contains
[LIBGPUSPATIAL] [ 13690][18:01:08:440110][info  ] RTSpatialIndex 0x7046a800ac10 (Used 1 MB), Allocate result buffer, memory consumption 0 MB, capacity 22
[LIBGPUSPATIAL] [ 13690][18:01:08:440229][info  ] RTSpatialIndex 0x7046a800ac10 (Used 1 MB), Probe Points, Size: 100000, Results: 22
[LIBGPUSPATIAL] [ 13690][18:01:08:440516][info  ] RTSpatialRefiner 0x7046abd29cf0 (Used 0 MB), Loaded Geometries, ProbeArray 100000, Loaded 15, Type Point
[LIBGPUSPATIAL] [ 13690][18:01:08:440568][info  ] RTSpatialRefiner 0x7046abd29cf0 (Used 0 MB), Evaluating 22 Geometry Pairs with Predicate Contains
[LIBGPUSPATIAL] [ 13688][18:01:08:441504][info  ] RTSpatialIndex 0x7046a800ac10 (Used 1 MB), Allocate result buffer, memory consumption 0 MB, capacity 26
[LIBGPUSPATIAL] [ 13688][18:01:08:441641][info  ] RTSpatialIndex 0x7046a800ac10 (Used 1 MB), Probe Points, Size: 100000, Results: 26
[LIBGPUSPATIAL] [ 13688][18:01:08:441975][info  ] RTSpatialRefiner 0x7046abd29cf0 (Used 0 MB), Loaded Geometries, ProbeArray 100000, Loaded 19, Type Point
[LIBGPUSPATIAL] [ 13688][18:01:08:442035][info  ] RTSpatialRefiner 0x7046abd29cf0 (Used 0 MB), Evaluating 26 Geometry Pairs with Predicate Contains
[LIBGPUSPATIAL] [ 13684][18:01:08:446607][info  ] RTSpatialIndex 0x7046a800ac10 (Used 1 MB), Allocate result buffer, memory consumption 0 MB, capacity 22
[LIBGPUSPATIAL] [ 13684][18:01:08:446735][info  ] RTSpatialIndex 0x7046a800ac10 (Used 1 MB), Probe Points, Size: 100000, Results: 22
[LIBGPUSPATIAL] [ 13684][18:01:08:447107][info  ] RTSpatialRefiner 0x7046abd29cf0 (Used 0 MB), Loaded Geometries, ProbeArray 100000, Loaded 17, Type Point
[LIBGPUSPATIAL] [ 13684][18:01:08:447168][info  ] RTSpatialRefiner 0x7046abd29cf0 (Used 0 MB), Evaluating 22 Geometry Pairs with Predicate Contains
[LIBGPUSPATIAL] [ 13687][18:01:08:451143][info  ] RTSpatialIndex 0x7046a800ac10 (Used 1 MB), Allocate result buffer, memory consumption 0 MB, capacity 31
[LIBGPUSPATIAL] [ 13687][18:01:08:451265][info  ] RTSpatialIndex 0x7046a800ac10 (Used 1 MB), Probe Points, Size: 100000, Results: 31
[LIBGPUSPATIAL] [ 13687][18:01:08:451595][info  ] RTSpatialRefiner 0x7046abd29cf0 (Used 0 MB), Loaded Geometries, ProbeArray 100000, Loaded 23, Type Point
[LIBGPUSPATIAL] [ 13687][18:01:08:451636][info  ] RTSpatialRefiner 0x7046abd29cf0 (Used 0 MB), Evaluating 31 Geometry Pairs with Predicate Contains
[LIBGPUSPATIAL] [ 13690][18:01:08:452521][info  ] RTSpatialIndex 0x7046a800ac10 (Used 1 MB), Allocate result buffer, memory consumption 0 MB, capacity 33
[LIBGPUSPATIAL] [ 13690][18:01:08:452639][info  ] RTSpatialIndex 0x7046a800ac10 (Used 1 MB), Probe Points, Size: 100000, Results: 33
[LIBGPUSPATIAL] [ 13690][18:01:08:452941][info  ] RTSpatialRefiner 0x7046abd29cf0 (Used 0 MB), Loaded Geometries, ProbeArray 100000, Loaded 21, Type Point
[LIBGPUSPATIAL] [ 13690][18:01:08:452976][info  ] RTSpatialRefiner 0x7046abd29cf0 (Used 0 MB), Evaluating 33 Geometry Pairs with Predicate Contains
[LIBGPUSPATIAL] [ 13685][18:01:08:455888][info  ] RTSpatialIndex 0x7046a800ac10 (Used 1 MB), Allocate result buffer, memory consumption 0 MB, capacity 12
[LIBGPUSPATIAL] [ 13685][18:01:08:456009][info  ] RTSpatialIndex 0x7046a800ac10 (Used 1 MB), Probe Points, Size: 100000, Results: 12
[LIBGPUSPATIAL] [ 13685][18:01:08:456336][info  ] RTSpatialRefiner 0x7046abd29cf0 (Used 0 MB), Loaded Geometries, ProbeArray 100000, Loaded 10, Type Point
[LIBGPUSPATIAL] [ 13685][18:01:08:456381][info  ] RTSpatialRefiner 0x7046abd29cf0 (Used 0 MB), Evaluating 12 Geometry Pairs with Predicate Contains
[LIBGPUSPATIAL] [ 13688][18:01:08:457447][info  ] RTSpatialIndex 0x7046a800ac10 (Used 1 MB), Allocate result buffer, memory consumption 0 MB, capacity 19
[LIBGPUSPATIAL] [ 13688][18:01:08:457589][info  ] RTSpatialIndex 0x7046a800ac10 (Used 1 MB), Probe Points, Size: 100000, Results: 19
[LIBGPUSPATIAL] [ 13688][18:01:08:457893][info  ] RTSpatialRefiner 0x7046abd29cf0 (Used 0 MB), Loaded Geometries, ProbeArray 100000, Loaded 13, Type Point
[LIBGPUSPATIAL] [ 13688][18:01:08:457936][info  ] RTSpatialRefiner 0x7046abd29cf0 (Used 0 MB), Evaluating 19 Geometry Pairs with Predicate Contains
[LIBGPUSPATIAL] [ 13684][18:01:08:458895][info  ] RTSpatialIndex 0x7046a800ac10 (Used 1 MB), Allocate result buffer, memory consumption 0 MB, capacity 19
[LIBGPUSPATIAL] [ 13684][18:01:08:459043][info  ] RTSpatialIndex 0x7046a800ac10 (Used 1 MB), Probe Points, Size: 100000, Results: 19
[LIBGPUSPATIAL] [ 13684][18:01:08:459309][info  ] RTSpatialRefiner 0x7046abd29cf0 (Used 0 MB), Loaded Geometries, ProbeArray 100000, Loaded 15, Type Point
[LIBGPUSPATIAL] [ 13684][18:01:08:459344][info  ] RTSpatialRefiner 0x7046abd29cf0 (Used 0 MB), Evaluating 19 Geometry Pairs with Predicate Contains
[LIBGPUSPATIAL] [ 13687][18:01:08:464185][info  ] RTSpatialIndex 0x7046a800ac10 (Used 1 MB), Allocate result buffer, memory consumption 0 MB, capacity 28
[LIBGPUSPATIAL] [ 13687][18:01:08:464317][info  ] RTSpatialIndex 0x7046a800ac10 (Used 1 MB), Probe Points, Size: 100000, Results: 28
[LIBGPUSPATIAL] [ 13687][18:01:08:464741][info  ] RTSpatialRefiner 0x7046abd29cf0 (Used 1 MB), Loaded Geometries, ProbeArray 100000, Loaded 21, Type Point
[LIBGPUSPATIAL] [ 13687][18:01:08:464784][info  ] RTSpatialRefiner 0x7046abd29cf0 (Used 1 MB), Evaluating 28 Geometry Pairs with Predicate Contains
[LIBGPUSPATIAL] [ 13690][18:01:08:465029][info  ] RTSpatialIndex 0x7046a800ac10 (Used 1 MB), Allocate result buffer, memory consumption 0 MB, capacity 28
[LIBGPUSPATIAL] [ 13690][18:01:08:465270][info  ] RTSpatialIndex 0x7046a800ac10 (Used 1 MB), Probe Points, Size: 100000, Results: 28
[LIBGPUSPATIAL] [ 13690][18:01:08:465650][info  ] RTSpatialRefiner 0x7046abd29cf0 (Used 0 MB), Loaded Geometries, ProbeArray 100000, Loaded 21, Type Point
[LIBGPUSPATIAL] [ 13690][18:01:08:465698][info  ] RTSpatialRefiner 0x7046abd29cf0 (Used 0 MB), Evaluating 28 Geometry Pairs with Predicate Contains
[LIBGPUSPATIAL] [ 13685][18:01:08:473071][info  ] RTSpatialIndex 0x7046a800ac10 (Used 1 MB), Allocate result buffer, memory consumption 0 MB, capacity 22
[LIBGPUSPATIAL] [ 13685][18:01:08:473213][info  ] RTSpatialIndex 0x7046a800ac10 (Used 1 MB), Probe Points, Size: 100000, Results: 22
[LIBGPUSPATIAL] [ 13685][18:01:08:473758][info  ] RTSpatialRefiner 0x7046abd29cf0 (Used 2 MB), Loaded Geometries, ProbeArray 100000, Loaded 19, Type Point
[LIBGPUSPATIAL] [ 13685][18:01:08:473870][info  ] RTSpatialRefiner 0x7046abd29cf0 (Used 2 MB), Evaluating 22 Geometry Pairs with Predicate Contains
[LIBGPUSPATIAL] [ 13688][18:01:08:474089][info  ] RTSpatialIndex 0x7046a800ac10 (Used 1 MB), Allocate result buffer, memory consumption 0 MB, capacity 16
[LIBGPUSPATIAL] [ 13684][18:01:08:474297][info  ] RTSpatialIndex 0x7046a800ac10 (Used 1 MB), Allocate result buffer, memory consumption 0 MB, capacity 25
[LIBGPUSPATIAL] [ 13688][18:01:08:474614][info  ] RTSpatialIndex 0x7046a800ac10 (Used 1 MB), Probe Points, Size: 100000, Results: 16
[LIBGPUSPATIAL] [ 13684][18:01:08:474836][info  ] RTSpatialIndex 0x7046a800ac10 (Used 1 MB), Probe Points, Size: 100000, Results: 25
[LIBGPUSPATIAL] [ 13688][18:01:08:475297][info  ] RTSpatialRefiner 0x7046abd29cf0 (Used 0 MB), Loaded Geometries, ProbeArray 100000, Loaded 14, Type Point
[LIBGPUSPATIAL] [ 13688][18:01:08:475335][info  ] RTSpatialRefiner 0x7046abd29cf0 (Used 0 MB), Evaluating 16 Geometry Pairs with Predicate Contains
[LIBGPUSPATIAL] [ 13684][18:01:08:475405][info  ] RTSpatialRefiner 0x7046abd29cf0 (Used 0 MB), Loaded Geometries, ProbeArray 100000, Loaded 20, Type Point
[LIBGPUSPATIAL] [ 13684][18:01:08:475453][info  ] RTSpatialRefiner 0x7046abd29cf0 (Used 0 MB), Evaluating 25 Geometry Pairs with Predicate Contains
[LIBGPUSPATIAL] [ 13690][18:01:08:477212][info  ] RTSpatialIndex 0x7046a800ac10 (Used 1 MB), Allocate result buffer, memory consumption 0 MB, capacity 17
[LIBGPUSPATIAL] [ 13690][18:01:08:477339][info  ] RTSpatialIndex 0x7046a800ac10 (Used 1 MB), Probe Points, Size: 100000, Results: 17
[LIBGPUSPATIAL] [ 13690][18:01:08:477665][info  ] RTSpatialRefiner 0x7046abd29cf0 (Used 0 MB), Loaded Geometries, ProbeArray 100000, Loaded 14, Type Point
[LIBGPUSPATIAL] [ 13690][18:01:08:477701][info  ] RTSpatialRefiner 0x7046abd29cf0 (Used 0 MB), Evaluating 17 Geometry Pairs with Predicate Contains
[LIBGPUSPATIAL] [ 13687][18:01:08:480730][info  ] RTSpatialIndex 0x7046a800ac10 (Used 1 MB), Allocate result buffer, memory consumption 0 MB, capacity 25
[LIBGPUSPATIAL] [ 13687][18:01:08:480906][info  ] RTSpatialIndex 0x7046a800ac10 (Used 1 MB), Probe Points, Size: 100000, Results: 25
[LIBGPUSPATIAL] [ 13687][18:01:08:481267][info  ] RTSpatialRefiner 0x7046abd29cf0 (Used 0 MB), Loaded Geometries, ProbeArray 100000, Loaded 19, Type Point
[LIBGPUSPATIAL] [ 13687][18:01:08:481308][info  ] RTSpatialRefiner 0x7046abd29cf0 (Used 0 MB), Evaluating 25 Geometry Pairs with Predicate Contains
[LIBGPUSPATIAL] [ 13688][18:01:08:487270][info  ] RTSpatialIndex 0x7046a800ac10 (Used 1 MB), Allocate result buffer, memory consumption 0 MB, capacity 31
[LIBGPUSPATIAL] [ 13685][18:01:08:487292][info  ] RTSpatialIndex 0x7046a800ac10 (Used 1 MB), Allocate result buffer, memory consumption 0 MB, capacity 17
[LIBGPUSPATIAL] [ 13688][18:01:08:487477][info  ] RTSpatialIndex 0x7046a800ac10 (Used 1 MB), Probe Points, Size: 100000, Results: 31
[LIBGPUSPATIAL] [ 13685][18:01:08:487532][info  ] RTSpatialIndex 0x7046a800ac10 (Used 1 MB), Probe Points, Size: 100000, Results: 17
[LIBGPUSPATIAL] [ 13688][18:01:08:487925][info  ] RTSpatialRefiner 0x7046abd29cf0 (Used 0 MB), Loaded Geometries, ProbeArray 100000, Loaded 23, Type Point
[LIBGPUSPATIAL] [ 13685][18:01:08:487957][info  ] RTSpatialRefiner 0x7046abd29cf0 (Used 0 MB), Loaded Geometries, ProbeArray 100000, Loaded 14, Type Point
[LIBGPUSPATIAL] [ 13688][18:01:08:487972][info  ] RTSpatialRefiner 0x7046abd29cf0 (Used 0 MB), Evaluating 31 Geometry Pairs with Predicate Contains
[LIBGPUSPATIAL] [ 13685][18:01:08:488002][info  ] RTSpatialRefiner 0x7046abd29cf0 (Used 0 MB), Evaluating 17 Geometry Pairs with Predicate Contains
[LIBGPUSPATIAL] [ 13690][18:01:08:489385][info  ] RTSpatialIndex 0x7046a800ac10 (Used 1 MB), Allocate result buffer, memory consumption 0 MB, capacity 19
[LIBGPUSPATIAL] [ 13690][18:01:08:489507][info  ] RTSpatialIndex 0x7046a800ac10 (Used 1 MB), Probe Points, Size: 100000, Results: 19
[LIBGPUSPATIAL] [ 13690][18:01:08:489824][info  ] RTSpatialRefiner 0x7046abd29cf0 (Used 0 MB), Loaded Geometries, ProbeArray 100000, Loaded 14, Type Point
[LIBGPUSPATIAL] [ 13690][18:01:08:489890][info  ] RTSpatialRefiner 0x7046abd29cf0 (Used 0 MB), Evaluating 19 Geometry Pairs with Predicate Contains
[LIBGPUSPATIAL] [ 13684][18:01:08:491057][info  ] RTSpatialIndex 0x7046a800ac10 (Used 1 MB), Allocate result buffer, memory consumption 0 MB, capacity 29
[LIBGPUSPATIAL] [ 13684][18:01:08:491181][info  ] RTSpatialIndex 0x7046a800ac10 (Used 1 MB), Probe Points, Size: 100000, Results: 29
[LIBGPUSPATIAL] [ 13684][18:01:08:491492][info  ] RTSpatialRefiner 0x7046abd29cf0 (Used 0 MB), Loaded Geometries, ProbeArray 100000, Loaded 21, Type Point
[LIBGPUSPATIAL] [ 13684][18:01:08:491532][info  ] RTSpatialRefiner 0x7046abd29cf0 (Used 0 MB), Evaluating 29 Geometry Pairs with Predicate Contains
[LIBGPUSPATIAL] [ 13687][18:01:08:496971][info  ] RTSpatialIndex 0x7046a800ac10 (Used 1 MB), Allocate result buffer, memory consumption 0 MB, capacity 22
[LIBGPUSPATIAL] [ 13687][18:01:08:497107][info  ] RTSpatialIndex 0x7046a800ac10 (Used 1 MB), Probe Points, Size: 100000, Results: 22
[LIBGPUSPATIAL] [ 13687][18:01:08:497582][info  ] RTSpatialRefiner 0x7046abd29cf0 (Used 0 MB), Loaded Geometries, ProbeArray 100000, Loaded 15, Type Point
[LIBGPUSPATIAL] [ 13687][18:01:08:497626][info  ] RTSpatialRefiner 0x7046abd29cf0 (Used 0 MB), Evaluating 22 Geometry Pairs with Predicate Contains
[LIBGPUSPATIAL] [ 13688][18:01:08:499984][info  ] RTSpatialIndex 0x7046a800ac10 (Used 1 MB), Allocate result buffer, memory consumption 0 MB, capacity 34
[LIBGPUSPATIAL] [ 13688][18:01:08:500161][info  ] RTSpatialIndex 0x7046a800ac10 (Used 2 MB), Probe Points, Size: 100000, Results: 34
[LIBGPUSPATIAL] [ 13685][18:01:08:500552][info  ] RTSpatialIndex 0x7046a800ac10 (Used 1 MB), Allocate result buffer, memory consumption 0 MB, capacity 21
[LIBGPUSPATIAL] [ 13688][18:01:08:500892][info  ] RTSpatialRefiner 0x7046abd29cf0 (Used 2 MB), Loaded Geometries, ProbeArray 100000, Loaded 25, Type Point
[LIBGPUSPATIAL] [ 13685][18:01:08:500899][info  ] RTSpatialIndex 0x7046a800ac10 (Used 2 MB), Probe Points, Size: 100000, Results: 21
[LIBGPUSPATIAL] [ 13688][18:01:08:500942][info  ] RTSpatialRefiner 0x7046abd29cf0 (Used 1 MB), Evaluating 34 Geometry Pairs with Predicate Contains
[LIBGPUSPATIAL] [ 13690][18:01:08:501332][info  ] RTSpatialIndex 0x7046a800ac10 (Used 1 MB), Allocate result buffer, memory consumption 0 MB, capacity 15
[LIBGPUSPATIAL] [ 13685][18:01:08:501356][info  ] RTSpatialRefiner 0x7046abd29cf0 (Used 1 MB), Loaded Geometries, ProbeArray 100000, Loaded 17, Type Point
[LIBGPUSPATIAL] [ 13685][18:01:08:501394][info  ] RTSpatialRefiner 0x7046abd29cf0 (Used 1 MB), Evaluating 21 Geometry Pairs with Predicate Contains
[LIBGPUSPATIAL] [ 13690][18:01:08:501673][info  ] RTSpatialIndex 0x7046a800ac10 (Used 1 MB), Probe Points, Size: 100000, Results: 15
[LIBGPUSPATIAL] [ 13690][18:01:08:502103][info  ] RTSpatialRefiner 0x7046abd29cf0 (Used 0 MB), Loaded Geometries, ProbeArray 100000, Loaded 12, Type Point
[LIBGPUSPATIAL] [ 13690][18:01:08:502155][info  ] RTSpatialRefiner 0x7046abd29cf0 (Used 0 MB), Evaluating 15 Geometry Pairs with Predicate Contains
[LIBGPUSPATIAL] [ 13684][18:01:08:504299][info  ] RTSpatialIndex 0x7046a800ac10 (Used 1 MB), Allocate result buffer, memory consumption 0 MB, capacity 28
[LIBGPUSPATIAL] [ 13684][18:01:08:504419][info  ] RTSpatialIndex 0x7046a800ac10 (Used 1 MB), Probe Points, Size: 100000, Results: 28
[LIBGPUSPATIAL] [ 13684][18:01:08:504760][info  ] RTSpatialRefiner 0x7046abd29cf0 (Used 0 MB), Loaded Geometries, ProbeArray 100000, Loaded 19, Type Point
[LIBGPUSPATIAL] [ 13684][18:01:08:504798][info  ] RTSpatialRefiner 0x7046abd29cf0 (Used 0 MB), Evaluating 28 Geometry Pairs with Predicate Contains
[LIBGPUSPATIAL] [ 13688][18:01:08:513335][info  ] RTSpatialIndex 0x7046a800ac10 (Used 1 MB), Allocate result buffer, memory consumption 0 MB, capacity 32
[LIBGPUSPATIAL] [ 13688][18:01:08:513509][info  ] RTSpatialIndex 0x7046a800ac10 (Used 1 MB), Probe Points, Size: 100000, Results: 32
[LIBGPUSPATIAL] [ 13688][18:01:08:514162][info  ] RTSpatialRefiner 0x7046abd29cf0 (Used 2 MB), Loaded Geometries, ProbeArray 100000, Loaded 23, Type Point
[LIBGPUSPATIAL] [ 13688][18:01:08:514237][info  ] RTSpatialRefiner 0x7046abd29cf0 (Used 1 MB), Evaluating 32 Geometry Pairs with Predicate Contains
[LIBGPUSPATIAL] [ 13690][18:01:08:514243][info  ] RTSpatialIndex 0x7046a800ac10 (Used 1 MB), Allocate result buffer, memory consumption 0 MB, capacity 28
[LIBGPUSPATIAL] [ 13687][18:01:08:514382][info  ] RTSpatialIndex 0x7046a800ac10 (Used 1 MB), Allocate result buffer, memory consumption 0 MB, capacity 33
[LIBGPUSPATIAL] [ 13690][18:01:08:514742][info  ] RTSpatialIndex 0x7046a800ac10 (Used 1 MB), Probe Points, Size: 100000, Results: 28
[LIBGPUSPATIAL] [ 13687][18:01:08:514900][info  ] RTSpatialIndex 0x7046a800ac10 (Used 1 MB), Probe Points, Size: 100000, Results: 33
[LIBGPUSPATIAL] [ 13690][18:01:08:515183][info  ] RTSpatialRefiner 0x7046abd29cf0 (Used 0 MB), Loaded Geometries, ProbeArray 100000, Loaded 20, Type Point
[LIBGPUSPATIAL] [ 13687][18:01:08:515230][info  ] RTSpatialRefiner 0x7046abd29cf0 (Used 0 MB), Loaded Geometries, ProbeArray 100000, Loaded 22, Type Point
[LIBGPUSPATIAL] [ 13690][18:01:08:515235][info  ] RTSpatialRefiner 0x7046abd29cf0 (Used 0 MB), Evaluating 28 Geometry Pairs with Predicate Contains
[LIBGPUSPATIAL] [ 13687][18:01:08:515275][info  ] RTSpatialRefiner 0x7046abd29cf0 (Used 0 MB), Evaluating 33 Geometry Pairs with Predicate Contains
[LIBGPUSPATIAL] [ 13684][18:01:08:516237][info  ] RTSpatialIndex 0x7046a800ac10 (Used 1 MB), Allocate result buffer, memory consumption 0 MB, capacity 31
[LIBGPUSPATIAL] [ 13684][18:01:08:516363][info  ] RTSpatialIndex 0x7046a800ac10 (Used 1 MB), Probe Points, Size: 100000, Results: 31
[LIBGPUSPATIAL] [ 13684][18:01:08:516616][info  ] RTSpatialRefiner 0x7046abd29cf0 (Used 0 MB), Loaded Geometries, ProbeArray 100000, Loaded 24, Type Point
[LIBGPUSPATIAL] [ 13684][18:01:08:516658][info  ] RTSpatialRefiner 0x7046abd29cf0 (Used 0 MB), Evaluating 31 Geometry Pairs with Predicate Contains
[LIBGPUSPATIAL] [ 13685][18:01:08:517900][info  ] RTSpatialIndex 0x7046a800ac10 (Used 1 MB), Allocate result buffer, memory consumption 0 MB, capacity 15
[LIBGPUSPATIAL] [ 13685][18:01:08:518024][info  ] RTSpatialIndex 0x7046a800ac10 (Used 1 MB), Probe Points, Size: 100000, Results: 15
[LIBGPUSPATIAL] [ 13685][18:01:08:518372][info  ] RTSpatialRefiner 0x7046abd29cf0 (Used 0 MB), Loaded Geometries, ProbeArray 100000, Loaded 13, Type Point
[LIBGPUSPATIAL] [ 13685][18:01:08:518420][info  ] RTSpatialRefiner 0x7046abd29cf0 (Used 0 MB), Evaluating 15 Geometry Pairs with Predicate Contains
[LIBGPUSPATIAL] [ 13690][18:01:08:521686][info  ] RTSpatialIndex 0x7046a800ac10 (Used 0 MB), Allocate result buffer, memory consumption 0 MB, capacity 13
[LIBGPUSPATIAL] [ 13690][18:01:08:521809][info  ] RTSpatialIndex 0x7046a800ac10 (Used 0 MB), Probe Points, Size: 33333, Results: 13
[LIBGPUSPATIAL] [ 13690][18:01:08:522160][info  ] RTSpatialRefiner 0x7046abd29cf0 (Used 0 MB), Loaded Geometries, ProbeArray 33333, Loaded 10, Type Point
[LIBGPUSPATIAL] [ 13690][18:01:08:522201][info  ] RTSpatialRefiner 0x7046abd29cf0 (Used 0 MB), Evaluating 13 Geometry Pairs with Predicate Contains
[LIBGPUSPATIAL] [ 13684][18:01:08:528067][info  ] RTSpatialIndex 0x7046a800ac10 (Used 1 MB), Allocate result buffer, memory consumption 0 MB, capacity 25
[LIBGPUSPATIAL] [ 13684][18:01:08:528211][info  ] RTSpatialIndex 0x7046a800ac10 (Used 1 MB), Probe Points, Size: 100000, Results: 25
[LIBGPUSPATIAL] [ 13684][18:01:08:528626][info  ] RTSpatialRefiner 0x7046abd29cf0 (Used 1 MB), Loaded Geometries, ProbeArray 100000, Loaded 15, Type Point
[LIBGPUSPATIAL] [ 13688][18:01:08:528670][info  ] RTSpatialIndex 0x7046a800ac10 (Used 1 MB), Allocate result buffer, memory consumption 0 MB, capacity 17
[LIBGPUSPATIAL] [ 13684][18:01:08:528677][info  ] RTSpatialRefiner 0x7046abd29cf0 (Used 1 MB), Evaluating 25 Geometry Pairs with Predicate Contains
[LIBGPUSPATIAL] [ 13688][18:01:08:528901][info  ] RTSpatialIndex 0x7046a800ac10 (Used 1 MB), Probe Points, Size: 100000, Results: 17
[LIBGPUSPATIAL] [ 13688][18:01:08:529242][info  ] RTSpatialRefiner 0x7046abd29cf0 (Used 0 MB), Loaded Geometries, ProbeArray 100000, Loaded 13, Type Point
[LIBGPUSPATIAL] [ 13688][18:01:08:529288][info  ] RTSpatialRefiner 0x7046abd29cf0 (Used 0 MB), Evaluating 17 Geometry Pairs with Predicate Contains
[LIBGPUSPATIAL] [ 13687][18:01:08:531484][info  ] RTSpatialIndex 0x7046a800ac10 (Used 1 MB), Allocate result buffer, memory consumption 0 MB, capacity 23
[LIBGPUSPATIAL] [ 13687][18:01:08:531610][info  ] RTSpatialIndex 0x7046a800ac10 (Used 1 MB), Probe Points, Size: 100000, Results: 23
[LIBGPUSPATIAL] [ 13687][18:01:08:531938][info  ] RTSpatialRefiner 0x7046abd29cf0 (Used 0 MB), Loaded Geometries, ProbeArray 100000, Loaded 17, Type Point
[LIBGPUSPATIAL] [ 13687][18:01:08:531980][info  ] RTSpatialRefiner 0x7046abd29cf0 (Used 0 MB), Evaluating 23 Geometry Pairs with Predicate Contains
[LIBGPUSPATIAL] [ 13685][18:01:08:533981][info  ] RTSpatialIndex 0x7046a800ac10 (Used 1 MB), Allocate result buffer, memory consumption 0 MB, capacity 18
[LIBGPUSPATIAL] [ 13685][18:01:08:534111][info  ] RTSpatialIndex 0x7046a800ac10 (Used 1 MB), Probe Points, Size: 100000, Results: 18
[LIBGPUSPATIAL] [ 13685][18:01:08:534468][info  ] RTSpatialRefiner 0x7046abd29cf0 (Used 0 MB), Loaded Geometries, ProbeArray 100000, Loaded 13, Type Point
[LIBGPUSPATIAL] [ 13685][18:01:08:534510][info  ] RTSpatialRefiner 0x7046abd29cf0 (Used 0 MB), Evaluating 18 Geometry Pairs with Predicate Contains
[LIBGPUSPATIAL] [ 13688][18:01:08:545108][info  ] RTSpatialIndex 0x7046a800ac10 (Used 1 MB), Allocate result buffer, memory consumption 0 MB, capacity 21
[LIBGPUSPATIAL] [ 13684][18:01:08:545107][info  ] RTSpatialIndex 0x7046a800ac10 (Used 1 MB), Allocate result buffer, memory consumption 0 MB, capacity 17
[LIBGPUSPATIAL] [ 13688][18:01:08:545332][info  ] RTSpatialIndex 0x7046a800ac10 (Used 1 MB), Probe Points, Size: 100000, Results: 21
[LIBGPUSPATIAL] [ 13684][18:01:08:545388][info  ] RTSpatialIndex 0x7046a800ac10 (Used 1 MB), Probe Points, Size: 100000, Results: 17
[LIBGPUSPATIAL] [ 13684][18:01:08:545867][info  ] RTSpatialRefiner 0x7046abd29cf0 (Used 0 MB), Loaded Geometries, ProbeArray 100000, Loaded 15, Type Point
[LIBGPUSPATIAL] [ 13688][18:01:08:545872][info  ] RTSpatialRefiner 0x7046abd29cf0 (Used 0 MB), Loaded Geometries, ProbeArray 100000, Loaded 17, Type Point
[LIBGPUSPATIAL] [ 13684][18:01:08:545916][info  ] RTSpatialRefiner 0x7046abd29cf0 (Used 0 MB), Evaluating 17 Geometry Pairs with Predicate Contains
[LIBGPUSPATIAL] [ 13688][18:01:08:545922][info  ] RTSpatialRefiner 0x7046abd29cf0 (Used 0 MB), Evaluating 21 Geometry Pairs with Predicate Contains
[LIBGPUSPATIAL] [ 13687][18:01:08:548048][info  ] RTSpatialIndex 0x7046a800ac10 (Used 1 MB), Allocate result buffer, memory consumption 0 MB, capacity 27
[LIBGPUSPATIAL] [ 13687][18:01:08:548174][info  ] RTSpatialIndex 0x7046a800ac10 (Used 1 MB), Probe Points, Size: 100000, Results: 27
[LIBGPUSPATIAL] [ 13687][18:01:08:548465][info  ] RTSpatialRefiner 0x7046abd29cf0 (Used 0 MB), Loaded Geometries, ProbeArray 100000, Loaded 20, Type Point
[LIBGPUSPATIAL] [ 13687][18:01:08:548506][info  ] RTSpatialRefiner 0x7046abd29cf0 (Used 0 MB), Evaluating 27 Geometry Pairs with Predicate Contains
[LIBGPUSPATIAL] [ 13685][18:01:08:551735][info  ] RTSpatialIndex 0x7046a800ac10 (Used 1 MB), Allocate result buffer, memory consumption 0 MB, capacity 15
[LIBGPUSPATIAL] [ 13685][18:01:08:551956][info  ] RTSpatialIndex 0x7046a800ac10 (Used 1 MB), Probe Points, Size: 100000, Results: 15
[LIBGPUSPATIAL] [ 13684][18:01:08:552054][info  ] RTSpatialIndex 0x7046a800ac10 (Used 0 MB), Allocate result buffer, memory consumption 0 MB, capacity 8
[LIBGPUSPATIAL] [ 13684][18:01:08:552277][info  ] RTSpatialIndex 0x7046a800ac10 (Used 0 MB), Probe Points, Size: 33333, Results: 8
[LIBGPUSPATIAL] [ 13685][18:01:08:553010][info  ] RTSpatialRefiner 0x7046abd29cf0 (Used 0 MB), Loaded Geometries, ProbeArray 100000, Loaded 12, Type Point
[LIBGPUSPATIAL] [ 13685][18:01:08:553052][info  ] RTSpatialRefiner 0x7046abd29cf0 (Used 0 MB), Evaluating 15 Geometry Pairs with Predicate Contains
[LIBGPUSPATIAL] [ 13684][18:01:08:553106][info  ] RTSpatialRefiner 0x7046abd29cf0 (Used 0 MB), Loaded Geometries, ProbeArray 33333, Loaded 7, Type Point
[LIBGPUSPATIAL] [ 13684][18:01:08:553162][info  ] RTSpatialRefiner 0x7046abd29cf0 (Used 0 MB), Evaluating 8 Geometry Pairs with Predicate Contains
[LIBGPUSPATIAL] [ 13688][18:01:08:561044][info  ] RTSpatialIndex 0x7046a800ac10 (Used 1 MB), Allocate result buffer, memory consumption 0 MB, capacity 26
[LIBGPUSPATIAL] [ 13687][18:01:08:561047][info  ] RTSpatialIndex 0x7046a800ac10 (Used 1 MB), Allocate result buffer, memory consumption 0 MB, capacity 18
[LIBGPUSPATIAL] [ 13688][18:01:08:561242][info  ] RTSpatialIndex 0x7046a800ac10 (Used 1 MB), Probe Points, Size: 100000, Results: 26
[LIBGPUSPATIAL] [ 13687][18:01:08:561298][info  ] RTSpatialIndex 0x7046a800ac10 (Used 1 MB), Probe Points, Size: 100000, Results: 18
[LIBGPUSPATIAL] [ 13688][18:01:08:561602][info  ] RTSpatialRefiner 0x7046abd29cf0 (Used 0 MB), Loaded Geometries, ProbeArray 100000, Loaded 22, Type Point
[LIBGPUSPATIAL] [ 13687][18:01:08:561625][info  ] RTSpatialRefiner 0x7046abd29cf0 (Used 0 MB), Loaded Geometries, ProbeArray 100000, Loaded 14, Type Point
[LIBGPUSPATIAL] [ 13688][18:01:08:561644][info  ] RTSpatialRefiner 0x7046abd29cf0 (Used 0 MB), Evaluating 26 Geometry Pairs with Predicate Contains
[LIBGPUSPATIAL] [ 13687][18:01:08:561669][info  ] RTSpatialRefiner 0x7046abd29cf0 (Used 0 MB), Evaluating 18 Geometry Pairs with Predicate Contains
[LIBGPUSPATIAL] [ 13685][18:01:08:569061][info  ] RTSpatialIndex 0x7046a800ac10 (Used 1 MB), Allocate result buffer, memory consumption 0 MB, capacity 26
[LIBGPUSPATIAL] [ 13685][18:01:08:569195][info  ] RTSpatialIndex 0x7046a800ac10 (Used 1 MB), Probe Points, Size: 100000, Results: 26
[LIBGPUSPATIAL] [ 13685][18:01:08:569533][info  ] RTSpatialRefiner 0x7046abd29cf0 (Used 0 MB), Loaded Geometries, ProbeArray 100000, Loaded 19, Type Point
[LIBGPUSPATIAL] [ 13685][18:01:08:569574][info  ] RTSpatialRefiner 0x7046abd29cf0 (Used 0 MB), Evaluating 26 Geometry Pairs with Predicate Contains
[LIBGPUSPATIAL] [ 13687][18:01:08:573176][info  ] RTSpatialIndex 0x7046a800ac10 (Used 1 MB), Allocate result buffer, memory consumption 0 MB, capacity 17
[LIBGPUSPATIAL] [ 13687][18:01:08:573302][info  ] RTSpatialIndex 0x7046a800ac10 (Used 1 MB), Probe Points, Size: 100000, Results: 17
[LIBGPUSPATIAL] [ 13687][18:01:08:573600][info  ] RTSpatialRefiner 0x7046abd29cf0 (Used 0 MB), Loaded Geometries, ProbeArray 100000, Loaded 12, Type Point
[LIBGPUSPATIAL] [ 13687][18:01:08:573649][info  ] RTSpatialRefiner 0x7046abd29cf0 (Used 0 MB), Evaluating 17 Geometry Pairs with Predicate Contains
[LIBGPUSPATIAL] [ 13688][18:01:08:577154][info  ] RTSpatialIndex 0x7046a800ac10 (Used 1 MB), Allocate result buffer, memory consumption 0 MB, capacity 28
[LIBGPUSPATIAL] [ 13688][18:01:08:577282][info  ] RTSpatialIndex 0x7046a800ac10 (Used 1 MB), Probe Points, Size: 100000, Results: 28
[LIBGPUSPATIAL] [ 13688][18:01:08:577613][info  ] RTSpatialRefiner 0x7046abd29cf0 (Used 0 MB), Loaded Geometries, ProbeArray 100000, Loaded 19, Type Point
[LIBGPUSPATIAL] [ 13688][18:01:08:577654][info  ] RTSpatialRefiner 0x7046abd29cf0 (Used 0 MB), Evaluating 28 Geometry Pairs with Predicate Contains
[LIBGPUSPATIAL] [ 13688][18:01:08:583494][info  ] RTSpatialIndex 0x7046a800ac10 (Used 0 MB), Allocate result buffer, memory consumption 0 MB, capacity 4
[LIBGPUSPATIAL] [ 13688][18:01:08:583625][info  ] RTSpatialIndex 0x7046a800ac10 (Used 0 MB), Probe Points, Size: 33333, Results: 4
[LIBGPUSPATIAL] [ 13688][18:01:08:583936][info  ] RTSpatialRefiner 0x7046abd29cf0 (Used 0 MB), Loaded Geometries, ProbeArray 33333, Loaded 4, Type Point
[LIBGPUSPATIAL] [ 13688][18:01:08:583978][info  ] RTSpatialRefiner 0x7046abd29cf0 (Used 0 MB), Evaluating 4 Geometry Pairs with Predicate Contains
[LIBGPUSPATIAL] [ 13687][18:01:08:585628][info  ] RTSpatialIndex 0x7046a800ac10 (Used 1 MB), Allocate result buffer, memory consumption 0 MB, capacity 23
[LIBGPUSPATIAL] [ 13687][18:01:08:586013][info  ] RTSpatialIndex 0x7046a800ac10 (Used 1 MB), Probe Points, Size: 100000, Results: 23
[LIBGPUSPATIAL] [ 13685][18:01:08:586076][info  ] RTSpatialIndex 0x7046a800ac10 (Used 1 MB), Allocate result buffer, memory consumption 0 MB, capacity 12
[LIBGPUSPATIAL] [ 13685][18:01:08:586279][info  ] RTSpatialIndex 0x7046a800ac10 (Used 1 MB), Probe Points, Size: 100000, Results: 12
[LIBGPUSPATIAL] [ 13687][18:01:08:586330][info  ] RTSpatialRefiner 0x7046abd29cf0 (Used 0 MB), Loaded Geometries, ProbeArray 100000, Loaded 15, Type Point
[LIBGPUSPATIAL] [ 13687][18:01:08:586367][info  ] RTSpatialRefiner 0x7046abd29cf0 (Used 0 MB), Evaluating 23 Geometry Pairs with Predicate Contains
[LIBGPUSPATIAL] [ 13685][18:01:08:586606][info  ] RTSpatialRefiner 0x7046abd29cf0 (Used 0 MB), Loaded Geometries, ProbeArray 100000, Loaded 10, Type Point
[LIBGPUSPATIAL] [ 13685][18:01:08:586641][info  ] RTSpatialRefiner 0x7046abd29cf0 (Used 0 MB), Evaluating 12 Geometry Pairs with Predicate Contains
[LIBGPUSPATIAL] [ 13687][18:01:08:597379][info  ] RTSpatialIndex 0x7046a800ac10 (Used 1 MB), Allocate result buffer, memory consumption 0 MB, capacity 21
[LIBGPUSPATIAL] [ 13687][18:01:08:597531][info  ] RTSpatialIndex 0x7046a800ac10 (Used 1 MB), Probe Points, Size: 100000, Results: 21
[LIBGPUSPATIAL] [ 13687][18:01:08:597895][info  ] RTSpatialRefiner 0x7046abd29cf0 (Used 0 MB), Loaded Geometries, ProbeArray 100000, Loaded 18, Type Point
[LIBGPUSPATIAL] [ 13687][18:01:08:597938][info  ] RTSpatialRefiner 0x7046abd29cf0 (Used 0 MB), Evaluating 21 Geometry Pairs with Predicate Contains
[LIBGPUSPATIAL] [ 13685][18:01:08:598780][info  ] RTSpatialIndex 0x7046a800ac10 (Used 1 MB), Allocate result buffer, memory consumption 0 MB, capacity 24
[LIBGPUSPATIAL] [ 13685][18:01:08:598915][info  ] RTSpatialIndex 0x7046a800ac10 (Used 1 MB), Probe Points, Size: 100000, Results: 24
[LIBGPUSPATIAL] [ 13685][18:01:08:599223][info  ] RTSpatialRefiner 0x7046abd29cf0 (Used 0 MB), Loaded Geometries, ProbeArray 100000, Loaded 16, Type Point
[LIBGPUSPATIAL] [ 13685][18:01:08:599258][info  ] RTSpatialRefiner 0x7046abd29cf0 (Used 0 MB), Evaluating 24 Geometry Pairs with Predicate Contains
[LIBGPUSPATIAL] [ 13687][18:01:08:609498][info  ] RTSpatialIndex 0x7046a800ac10 (Used 1 MB), Allocate result buffer, memory consumption 0 MB, capacity 9
[LIBGPUSPATIAL] [ 13687][18:01:08:609616][info  ] RTSpatialIndex 0x7046a800ac10 (Used 1 MB), Probe Points, Size: 100000, Results: 9
[LIBGPUSPATIAL] [ 13687][18:01:08:610004][info  ] RTSpatialRefiner 0x7046abd29cf0 (Used 1 MB), Loaded Geometries, ProbeArray 100000, Loaded 7, Type Point
[LIBGPUSPATIAL] [ 13687][18:01:08:610044][info  ] RTSpatialRefiner 0x7046abd29cf0 (Used 1 MB), Evaluating 9 Geometry Pairs with Predicate Contains
[LIBGPUSPATIAL] [ 13685][18:01:08:610074][info  ] RTSpatialIndex 0x7046a800ac10 (Used 1 MB), Allocate result buffer, memory consumption 0 MB, capacity 24
[LIBGPUSPATIAL] [ 13685][18:01:08:610428][info  ] RTSpatialIndex 0x7046a800ac10 (Used 1 MB), Probe Points, Size: 100000, Results: 24
[LIBGPUSPATIAL] [ 13685][18:01:08:610890][info  ] RTSpatialRefiner 0x7046abd29cf0 (Used 0 MB), Loaded Geometries, ProbeArray 100000, Loaded 16, Type Point
[LIBGPUSPATIAL] [ 13685][18:01:08:610935][info  ] RTSpatialRefiner 0x7046abd29cf0 (Used 0 MB), Evaluating 24 Geometry Pairs with Predicate Contains
[LIBGPUSPATIAL] [ 13687][18:01:08:616377][info  ] RTSpatialIndex 0x7046a800ac10 (Used 0 MB), Allocate result buffer, memory consumption 0 MB, capacity 8
[LIBGPUSPATIAL] [ 13687][18:01:08:616529][info  ] RTSpatialIndex 0x7046a800ac10 (Used 0 MB), Probe Points, Size: 33333, Results: 8
[LIBGPUSPATIAL] [ 13687][18:01:08:616938][info  ] RTSpatialRefiner 0x7046abd29cf0 (Used 0 MB), Loaded Geometries, ProbeArray 33333, Loaded 7, Type Point
[LIBGPUSPATIAL] [ 13687][18:01:08:616980][info  ] RTSpatialRefiner 0x7046abd29cf0 (Used 0 MB), Evaluating 8 Geometry Pairs with Predicate Contains
[LIBGPUSPATIAL] [ 13685][18:01:08:623936][info  ] RTSpatialIndex 0x7046a800ac10 (Used 1 MB), Allocate result buffer, memory consumption 0 MB, capacity 31
[LIBGPUSPATIAL] [ 13685][18:01:08:624058][info  ] RTSpatialIndex 0x7046a800ac10 (Used 1 MB), Probe Points, Size: 100000, Results: 31
[LIBGPUSPATIAL] [ 13685][18:01:08:624366][info  ] RTSpatialRefiner 0x7046abd29cf0 (Used 0 MB), Loaded Geometries, ProbeArray 100000, Loaded 25, Type Point
[LIBGPUSPATIAL] [ 13685][18:01:08:624400][info  ] RTSpatialRefiner 0x7046abd29cf0 (Used 0 MB), Evaluating 31 Geometry Pairs with Predicate Contains
[LIBGPUSPATIAL] [ 13685][18:01:08:628538][info  ] RTSpatialIndex 0x7046a800ac10 (Used 0 MB), Allocate result buffer, memory consumption 0 MB, capacity 9
[LIBGPUSPATIAL] [ 13685][18:01:08:628644][info  ] RTSpatialIndex 0x7046a800ac10 (Used 0 MB), Probe Points, Size: 33333, Results: 9
[LIBGPUSPATIAL] [ 13685][18:01:08:628964][info  ] RTSpatialRefiner 0x7046abd29cf0 (Used 0 MB), Loaded Geometries, ProbeArray 33333, Loaded 7, Type Point
[LIBGPUSPATIAL] [ 13685][18:01:08:629000][info  ] RTSpatialRefiner 0x7046abd29cf0 (Used 0 MB), Evaluating 9 Geometry Pairs with Predicate Contains
3.04s (3 rows)

================================================================================
BENCHMARK SUMMARY
================================================================================
Query     sedonadb_gpu   
-------------------------
q6        3.04s          
-------------------------
Total     3.04s         

Results saved to results_mem_SF_10/sedonadb_gpu_q6_results.json
