Data paths:
  building: benchmark-data-sf10/building
  customer: benchmark-data-sf10/customer
  driver: benchmark-data-sf10/driver
  trip: benchmark-data-sf10/trip
  vehicle: benchmark-data-sf10/vehicle
  zone: benchmark-data-sf10/zone

============================================================
Running Sedonadb Gpu Benchmark
============================================================
Sedonadb Gpu version: 0.3.0
  Running q2... [LIBGPUSPATIAL] [ 50742][17:27:12:022527][info  ] Initializing GpuSpatialRuntime on device 0, PTX root /mnt/data/sedona-db/target/release/build/sedona-libgpuspatial-49614f8a870dbe66/out/share/gpuspatial/shaders
[LIBGPUSPATIAL] [ 50742][17:27:12:218837][info  ] Init Memory Manager
[LIBGPUSPATIAL] [ 50742][17:27:12:219019][info  ] Creating RMM pool memory resource with size 22511 MB
[LIBGPUSPATIAL] [ 50742][17:27:12:264426][info  ] Initialize RTEngine
[LIBGPUSPATIAL] [ 50742][17:27:12:398597][info  ] Create RTSpatialIndex 0x71c8f400a800, fast_build = 0, compact = 0, concurrency = 8
[LIBGPUSPATIAL] [ 50742][17:27:12:401497][info  ] Create RTSpatialRefiner 0x71c8f7d2a880, fast_build = 0, compact = 0, parsing_threads = 8, concurrency = 8, pipeline_batches = 1, wkb_parser_memory_quota = 0.80, relate_engine_memory_quota = 0.01
[LIBGPUSPATIAL] [ 50742][17:27:12:407648][info  ] RTSpatialRefiner 0x71c8f7d2a880 (Used 0 MB), FinishBuilding Refiner, Total geoms: 1
[LIBGPUSPATIAL] [ 50742][17:27:12:407689][info  ] RTSpatialIndex 0x71c8f400a800 (Used 0 MB), PushBuild, Rectangles 1
[LIBGPUSPATIAL] [ 50742][17:27:12:408005][info  ] RTSpatialIndex 0x71c8f400a800 (Used 0 MB), FinishBuilding Index on Rectangles, Total geoms: 1
[LIBGPUSPATIAL] [ 50742][17:27:12:434695][info  ] RTSpatialIndex 0x71c8f400a800 (Used 6 MB), Allocate result buffer, memory consumption 0 MB, capacity 7
[LIBGPUSPATIAL] [ 50743][17:27:12:434836][info  ] RTSpatialIndex 0x71c8f400a800 (Used 4 MB), Allocate result buffer, memory consumption 0 MB, capacity 15
[LIBGPUSPATIAL] [ 50739][17:27:12:434953][info  ] RTSpatialIndex 0x71c8f400a800 (Used 4 MB), Allocate result buffer, memory consumption 0 MB, capacity 18
[LIBGPUSPATIAL] [ 50743][17:27:12:435134][info  ] RTSpatialIndex 0x71c8f400a800 (Used 4 MB), Probe Points, Size: 100000, Results: 15
[LIBGPUSPATIAL] [ 50739][17:27:12:435243][info  ] RTSpatialIndex 0x71c8f400a800 (Used 3 MB), Probe Points, Size: 100000, Results: 18
[LIBGPUSPATIAL] [ 50740][17:27:12:435308][info  ] RTSpatialIndex 0x71c8f400a800 (Used 3 MB), Allocate result buffer, memory consumption 0 MB, capacity 17
[LIBGPUSPATIAL] [ 50741][17:27:12:435475][info  ] RTSpatialIndex 0x71c8f400a800 (Used 3 MB), Allocate result buffer, memory consumption 0 MB, capacity 18
[LIBGPUSPATIAL] [ 50744][17:27:12:435831][info  ] RTSpatialIndex 0x71c8f400a800 (Used 3 MB), Allocate result buffer, memory consumption 0 MB, capacity 9
[LIBGPUSPATIAL] [ 50742][17:27:12:436090][info  ] RTSpatialIndex 0x71c8f400a800 (Used 3 MB), Probe Points, Size: 100000, Results: 7
[LIBGPUSPATIAL] [ 50740][17:27:12:436153][info  ] RTSpatialIndex 0x71c8f400a800 (Used 2 MB), Probe Points, Size: 100000, Results: 17
[LIBGPUSPATIAL] [ 50741][17:27:12:436330][info  ] RTSpatialIndex 0x71c8f400a800 (Used 1 MB), Probe Points, Size: 100000, Results: 18
[LIBGPUSPATIAL] [ 50743][17:27:12:436504][info  ] RTSpatialRefiner 0x71c8f7d2a880 (Used 1 MB), Loaded Geometries, ProbeArray 100000, Loaded 15, Type Point
[LIBGPUSPATIAL] [ 50743][17:27:12:436597][info  ] RTSpatialRefiner 0x71c8f7d2a880 (Used 1 MB), Evaluating 15 Geometry Pairs with Predicate Intersects
[LIBGPUSPATIAL] [ 50744][17:27:12:436634][info  ] RTSpatialIndex 0x71c8f400a800 (Used 1 MB), Probe Points, Size: 100000, Results: 9
[LIBGPUSPATIAL] [ 50739][17:27:12:436643][info  ] RTSpatialRefiner 0x71c8f7d2a880 (Used 1 MB), Loaded Geometries, ProbeArray 100000, Loaded 18, Type Point
[LIBGPUSPATIAL] [ 50739][17:27:12:436706][info  ] RTSpatialRefiner 0x71c8f7d2a880 (Used 0 MB), Evaluating 18 Geometry Pairs with Predicate Intersects
[LIBGPUSPATIAL] [ 50742][17:27:12:461292][info  ] RTSpatialRefiner 0x71c8f7d2a880 (Used 1 MB), Loaded Geometries, ProbeArray 100000, Loaded 7, Type Point
[LIBGPUSPATIAL] [ 50740][17:27:12:461304][info  ] RTSpatialRefiner 0x71c8f7d2a880 (Used 1 MB), Loaded Geometries, ProbeArray 100000, Loaded 17, Type Point
[LIBGPUSPATIAL] [ 50742][17:27:12:461367][info  ] RTSpatialRefiner 0x71c8f7d2a880 (Used 1 MB), Evaluating 7 Geometry Pairs with Predicate Intersects
[LIBGPUSPATIAL] [ 50741][17:27:12:461409][info  ] RTSpatialRefiner 0x71c8f7d2a880 (Used 1 MB), Loaded Geometries, ProbeArray 100000, Loaded 18, Type Point
[LIBGPUSPATIAL] [ 50744][17:27:12:461447][info  ] RTSpatialRefiner 0x71c8f7d2a880 (Used 1 MB), Loaded Geometries, ProbeArray 100000, Loaded 9, Type Point
[LIBGPUSPATIAL] [ 50740][17:27:12:461455][info  ] RTSpatialRefiner 0x71c8f7d2a880 (Used 1 MB), Evaluating 17 Geometry Pairs with Predicate Intersects
[LIBGPUSPATIAL] [ 50741][17:27:12:461555][info  ] RTSpatialRefiner 0x71c8f7d2a880 (Used 1 MB), Evaluating 18 Geometry Pairs with Predicate Intersects
[LIBGPUSPATIAL] [ 50744][17:27:12:461591][info  ] RTSpatialRefiner 0x71c8f7d2a880 (Used 1 MB), Evaluating 9 Geometry Pairs with Predicate Intersects
[LIBGPUSPATIAL] [ 50746][17:27:12:462092][info  ] RTSpatialIndex 0x71c8f400a800 (Used 1 MB), Allocate result buffer, memory consumption 0 MB, capacity 12
[LIBGPUSPATIAL] [ 50745][17:27:12:462468][info  ] RTSpatialIndex 0x71c8f400a800 (Used 1 MB), Allocate result buffer, memory consumption 0 MB, capacity 13
[LIBGPUSPATIAL] [ 50746][17:27:12:462885][info  ] RTSpatialIndex 0x71c8f400a800 (Used 1 MB), Probe Points, Size: 100000, Results: 12
[LIBGPUSPATIAL] [ 50746][17:27:12:463421][info  ] RTSpatialRefiner 0x71c8f7d2a880 (Used 1 MB), Loaded Geometries, ProbeArray 100000, Loaded 12, Type Point
[LIBGPUSPATIAL] [ 50746][17:27:12:463472][info  ] RTSpatialRefiner 0x71c8f7d2a880 (Used 1 MB), Evaluating 12 Geometry Pairs with Predicate Intersects
[LIBGPUSPATIAL] [ 50745][17:27:12:463493][info  ] RTSpatialIndex 0x71c8f400a800 (Used 1 MB), Probe Points, Size: 100000, Results: 13
[LIBGPUSPATIAL] [ 50745][17:27:12:464736][info  ] RTSpatialRefiner 0x71c8f7d2a880 (Used 0 MB), Loaded Geometries, ProbeArray 100000, Loaded 13, Type Point
[LIBGPUSPATIAL] [ 50745][17:27:12:464786][info  ] RTSpatialRefiner 0x71c8f7d2a880 (Used 0 MB), Evaluating 13 Geometry Pairs with Predicate Intersects
[LIBGPUSPATIAL] [ 50739][17:27:12:477372][info  ] RTSpatialIndex 0x71c8f400a800 (Used 0 MB), Allocate result buffer, memory consumption 0 MB, capacity 15
[LIBGPUSPATIAL] [ 50739][17:27:12:477601][info  ] RTSpatialIndex 0x71c8f400a800 (Used 0 MB), Probe Points, Size: 100000, Results: 15
[LIBGPUSPATIAL] [ 50739][17:27:12:478873][info  ] RTSpatialRefiner 0x71c8f7d2a880 (Used 3 MB), Loaded Geometries, ProbeArray 100000, Loaded 15, Type Point
[LIBGPUSPATIAL] [ 50739][17:27:12:478987][info  ] RTSpatialRefiner 0x71c8f7d2a880 (Used 3 MB), Evaluating 15 Geometry Pairs with Predicate Intersects
[LIBGPUSPATIAL] [ 50741][17:27:12:479069][info  ] RTSpatialIndex 0x71c8f400a800 (Used 2 MB), Allocate result buffer, memory consumption 0 MB, capacity 13
[LIBGPUSPATIAL] [ 50740][17:27:12:479631][info  ] RTSpatialIndex 0x71c8f400a800 (Used 4 MB), Allocate result buffer, memory consumption 0 MB, capacity 11
[LIBGPUSPATIAL] [ 50743][17:27:12:480131][info  ] RTSpatialIndex 0x71c8f400a800 (Used 5 MB), Allocate result buffer, memory consumption 0 MB, capacity 18
[LIBGPUSPATIAL] [ 50744][17:27:12:480342][info  ] RTSpatialIndex 0x71c8f400a800 (Used 4 MB), Allocate result buffer, memory consumption 0 MB, capacity 13
[LIBGPUSPATIAL] [ 50741][17:27:12:480657][info  ] RTSpatialIndex 0x71c8f400a800 (Used 6 MB), Probe Points, Size: 100000, Results: 13
[LIBGPUSPATIAL] [ 50742][17:27:12:480689][info  ] RTSpatialIndex 0x71c8f400a800 (Used 5 MB), Allocate result buffer, memory consumption 0 MB, capacity 14
[LIBGPUSPATIAL] [ 50740][17:27:12:481088][info  ] RTSpatialIndex 0x71c8f400a800 (Used 4 MB), Probe Points, Size: 100000, Results: 11
[LIBGPUSPATIAL] [ 50743][17:27:12:481272][info  ] RTSpatialIndex 0x71c8f400a800 (Used 3 MB), Probe Points, Size: 100000, Results: 18
[LIBGPUSPATIAL] [ 50742][17:27:12:481425][info  ] RTSpatialIndex 0x71c8f400a800 (Used 3 MB), Probe Points, Size: 100000, Results: 14
[LIBGPUSPATIAL] [ 50741][17:27:12:481691][info  ] RTSpatialRefiner 0x71c8f7d2a880 (Used 2 MB), Loaded Geometries, ProbeArray 100000, Loaded 13, Type Point
[LIBGPUSPATIAL] [ 50744][17:27:12:481735][info  ] RTSpatialIndex 0x71c8f400a800 (Used 2 MB), Probe Points, Size: 100000, Results: 13
[LIBGPUSPATIAL] [ 50741][17:27:12:481739][info  ] RTSpatialRefiner 0x71c8f7d2a880 (Used 2 MB), Evaluating 13 Geometry Pairs with Predicate Intersects
[LIBGPUSPATIAL] [ 50740][17:27:12:481935][info  ] RTSpatialRefiner 0x71c8f7d2a880 (Used 1 MB), Loaded Geometries, ProbeArray 100000, Loaded 11, Type Point
[LIBGPUSPATIAL] [ 50743][17:27:12:481939][info  ] RTSpatialRefiner 0x71c8f7d2a880 (Used 1 MB), Loaded Geometries, ProbeArray 100000, Loaded 18, Type Point
[LIBGPUSPATIAL] [ 50746][17:27:12:482085][info  ] RTSpatialIndex 0x71c8f400a800 (Used 1 MB), Allocate result buffer, memory consumption 0 MB, capacity 22
[LIBGPUSPATIAL] [ 50740][17:27:12:482113][info  ] RTSpatialRefiner 0x71c8f7d2a880 (Used 1 MB), Evaluating 11 Geometry Pairs with Predicate Intersects
[LIBGPUSPATIAL] [ 50743][17:27:12:482178][info  ] RTSpatialRefiner 0x71c8f7d2a880 (Used 1 MB), Evaluating 18 Geometry Pairs with Predicate Intersects
[LIBGPUSPATIAL] [ 50742][17:27:12:482473][info  ] RTSpatialRefiner 0x71c8f7d2a880 (Used 1 MB), Loaded Geometries, ProbeArray 100000, Loaded 14, Type Point
[LIBGPUSPATIAL] [ 50744][17:27:12:482506][info  ] RTSpatialRefiner 0x71c8f7d2a880 (Used 1 MB), Loaded Geometries, ProbeArray 100000, Loaded 13, Type Point
[LIBGPUSPATIAL] [ 50745][17:27:12:482558][info  ] RTSpatialIndex 0x71c8f400a800 (Used 1 MB), Allocate result buffer, memory consumption 0 MB, capacity 11
[LIBGPUSPATIAL] [ 50744][17:27:12:482564][info  ] RTSpatialRefiner 0x71c8f7d2a880 (Used 1 MB), Evaluating 13 Geometry Pairs with Predicate Intersects
[LIBGPUSPATIAL] [ 50742][17:27:12:482674][info  ] RTSpatialRefiner 0x71c8f7d2a880 (Used 1 MB), Evaluating 14 Geometry Pairs with Predicate Intersects
[LIBGPUSPATIAL] [ 50746][17:27:12:483162][info  ] RTSpatialIndex 0x71c8f400a800 (Used 1 MB), Probe Points, Size: 100000, Results: 22
[LIBGPUSPATIAL] [ 50746][17:27:12:483559][info  ] RTSpatialRefiner 0x71c8f7d2a880 (Used 1 MB), Loaded Geometries, ProbeArray 100000, Loaded 22, Type Point
[LIBGPUSPATIAL] [ 50746][17:27:12:483618][info  ] RTSpatialRefiner 0x71c8f7d2a880 (Used 1 MB), Evaluating 22 Geometry Pairs with Predicate Intersects
[LIBGPUSPATIAL] [ 50745][17:27:12:483646][info  ] RTSpatialIndex 0x71c8f400a800 (Used 1 MB), Probe Points, Size: 100000, Results: 11
[LIBGPUSPATIAL] [ 50745][17:27:12:488238][info  ] RTSpatialRefiner 0x71c8f7d2a880 (Used 0 MB), Loaded Geometries, ProbeArray 100000, Loaded 11, Type Point
[LIBGPUSPATIAL] [ 50745][17:27:12:488294][info  ] RTSpatialRefiner 0x71c8f7d2a880 (Used 0 MB), Evaluating 11 Geometry Pairs with Predicate Intersects
[LIBGPUSPATIAL] [ 50743][17:27:12:492728][info  ] RTSpatialIndex 0x71c8f400a800 (Used 0 MB), Allocate result buffer, memory consumption 0 MB, capacity 9
[LIBGPUSPATIAL] [ 50743][17:27:12:492888][info  ] RTSpatialIndex 0x71c8f400a800 (Used 0 MB), Probe Points, Size: 100000, Results: 9
[LIBGPUSPATIAL] [ 50739][17:27:12:494676][info  ] RTSpatialIndex 0x71c8f400a800 (Used 0 MB), Allocate result buffer, memory consumption 0 MB, capacity 18
[LIBGPUSPATIAL] [ 50739][17:27:12:494788][info  ] RTSpatialIndex 0x71c8f400a800 (Used 0 MB), Probe Points, Size: 100000, Results: 18
[LIBGPUSPATIAL] [ 50743][17:27:12:497023][info  ] RTSpatialRefiner 0x71c8f7d2a880 (Used 4 MB), Loaded Geometries, ProbeArray 100000, Loaded 9, Type Point
[LIBGPUSPATIAL] [ 50739][17:27:12:497056][info  ] RTSpatialRefiner 0x71c8f7d2a880 (Used 4 MB), Loaded Geometries, ProbeArray 100000, Loaded 18, Type Point
[LIBGPUSPATIAL] [ 50741][17:27:12:497140][info  ] RTSpatialIndex 0x71c8f400a800 (Used 3 MB), Allocate result buffer, memory consumption 0 MB, capacity 17
[LIBGPUSPATIAL] [ 50743][17:27:12:497200][info  ] RTSpatialRefiner 0x71c8f7d2a880 (Used 3 MB), Evaluating 9 Geometry Pairs with Predicate Intersects
[LIBGPUSPATIAL] [ 50739][17:27:12:497309][info  ] RTSpatialRefiner 0x71c8f7d2a880 (Used 5 MB), Evaluating 18 Geometry Pairs with Predicate Intersects
[LIBGPUSPATIAL] [ 50740][17:27:12:497641][info  ] RTSpatialIndex 0x71c8f400a800 (Used 3 MB), Allocate result buffer, memory consumption 0 MB, capacity 9
[LIBGPUSPATIAL] [ 50742][17:27:12:497921][info  ] RTSpatialIndex 0x71c8f400a800 (Used 3 MB), Allocate result buffer, memory consumption 0 MB, capacity 14
[LIBGPUSPATIAL] [ 50746][17:27:12:498236][info  ] RTSpatialIndex 0x71c8f400a800 (Used 3 MB), Allocate result buffer, memory consumption 0 MB, capacity 12
[LIBGPUSPATIAL] [ 50742][17:27:12:498536][info  ] RTSpatialIndex 0x71c8f400a800 (Used 3 MB), Probe Points, Size: 100000, Results: 14
[LIBGPUSPATIAL] [ 50740][17:27:12:499084][info  ] RTSpatialIndex 0x71c8f400a800 (Used 2 MB), Probe Points, Size: 100000, Results: 9
[LIBGPUSPATIAL] [ 50742][17:27:12:499107][info  ] RTSpatialRefiner 0x71c8f7d2a880 (Used 1 MB), Loaded Geometries, ProbeArray 100000, Loaded 14, Type Point
[LIBGPUSPATIAL] [ 50741][17:27:12:499196][info  ] RTSpatialIndex 0x71c8f400a800 (Used 1 MB), Probe Points, Size: 100000, Results: 17
[LIBGPUSPATIAL] [ 50746][17:27:12:499448][info  ] RTSpatialIndex 0x71c8f400a800 (Used 0 MB), Probe Points, Size: 100000, Results: 12
[LIBGPUSPATIAL] [ 50742][17:27:12:499458][info  ] RTSpatialRefiner 0x71c8f7d2a880 (Used 0 MB), Evaluating 14 Geometry Pairs with Predicate Intersects
[LIBGPUSPATIAL] [ 50744][17:27:12:501091][info  ] RTSpatialIndex 0x71c8f400a800 (Used 0 MB), Allocate result buffer, memory consumption 0 MB, capacity 6
[LIBGPUSPATIAL] [ 50744][17:27:12:501227][info  ] RTSpatialIndex 0x71c8f400a800 (Used 0 MB), Probe Points, Size: 100000, Results: 6
[LIBGPUSPATIAL] [ 50740][17:27:12:501386][info  ] RTSpatialRefiner 0x71c8f7d2a880 (Used 0 MB), Loaded Geometries, ProbeArray 100000, Loaded 9, Type Point
[LIBGPUSPATIAL] [ 50746][17:27:12:501430][info  ] RTSpatialRefiner 0x71c8f7d2a880 (Used 0 MB), Loaded Geometries, ProbeArray 100000, Loaded 12, Type Point
[LIBGPUSPATIAL] [ 50740][17:27:12:501437][info  ] RTSpatialRefiner 0x71c8f7d2a880 (Used 0 MB), Evaluating 9 Geometry Pairs with Predicate Intersects
[LIBGPUSPATIAL] [ 50746][17:27:12:501466][info  ] RTSpatialRefiner 0x71c8f7d2a880 (Used 0 MB), Evaluating 12 Geometry Pairs with Predicate Intersects
[LIBGPUSPATIAL] [ 50741][17:27:12:501711][info  ] RTSpatialRefiner 0x71c8f7d2a880 (Used 0 MB), Loaded Geometries, ProbeArray 100000, Loaded 17, Type Point
[LIBGPUSPATIAL] [ 50741][17:27:12:501807][info  ] RTSpatialRefiner 0x71c8f7d2a880 (Used 0 MB), Evaluating 17 Geometry Pairs with Predicate Intersects
[LIBGPUSPATIAL] [ 50744][17:27:12:502004][info  ] RTSpatialRefiner 0x71c8f7d2a880 (Used 0 MB), Loaded Geometries, ProbeArray 100000, Loaded 6, Type Point
[LIBGPUSPATIAL] [ 50744][17:27:12:502059][info  ] RTSpatialRefiner 0x71c8f7d2a880 (Used 0 MB), Evaluating 6 Geometry Pairs with Predicate Intersects
[LIBGPUSPATIAL] [ 50745][17:27:12:504105][info  ] RTSpatialIndex 0x71c8f400a800 (Used 0 MB), Allocate result buffer, memory consumption 0 MB, capacity 16
[LIBGPUSPATIAL] [ 50745][17:27:12:504248][info  ] RTSpatialIndex 0x71c8f400a800 (Used 0 MB), Probe Points, Size: 100000, Results: 16
[LIBGPUSPATIAL] [ 50745][17:27:12:506410][info  ] RTSpatialRefiner 0x71c8f7d2a880 (Used 0 MB), Loaded Geometries, ProbeArray 100000, Loaded 16, Type Point
[LIBGPUSPATIAL] [ 50745][17:27:12:506457][info  ] RTSpatialRefiner 0x71c8f7d2a880 (Used 0 MB), Evaluating 16 Geometry Pairs with Predicate Intersects
[LIBGPUSPATIAL] [ 50743][17:27:12:511190][info  ] RTSpatialIndex 0x71c8f400a800 (Used 0 MB), Allocate result buffer, memory consumption 0 MB, capacity 11
[LIBGPUSPATIAL] [ 50743][17:27:12:511322][info  ] RTSpatialIndex 0x71c8f400a800 (Used 0 MB), Probe Points, Size: 100000, Results: 11
[LIBGPUSPATIAL] [ 50743][17:27:12:511951][info  ] RTSpatialRefiner 0x71c8f7d2a880 (Used 1 MB), Loaded Geometries, ProbeArray 100000, Loaded 11, Type Point
[LIBGPUSPATIAL] [ 50743][17:27:12:512011][info  ] RTSpatialRefiner 0x71c8f7d2a880 (Used 0 MB), Evaluating 11 Geometry Pairs with Predicate Intersects
[LIBGPUSPATIAL] [ 50739][17:27:12:512408][info  ] RTSpatialIndex 0x71c8f400a800 (Used 1 MB), Allocate result buffer, memory consumption 0 MB, capacity 10
[LIBGPUSPATIAL] [ 50742][17:27:12:512683][info  ] RTSpatialIndex 0x71c8f400a800 (Used 1 MB), Allocate result buffer, memory consumption 0 MB, capacity 18
[LIBGPUSPATIAL] [ 50739][17:27:12:513184][info  ] RTSpatialIndex 0x71c8f400a800 (Used 1 MB), Probe Points, Size: 100000, Results: 10
[LIBGPUSPATIAL] [ 50742][17:27:12:513236][info  ] RTSpatialIndex 0x71c8f400a800 (Used 0 MB), Probe Points, Size: 100000, Results: 18
[LIBGPUSPATIAL] [ 50742][17:27:12:513698][info  ] RTSpatialRefiner 0x71c8f7d2a880 (Used 0 MB), Loaded Geometries, ProbeArray 100000, Loaded 18, Type Point
[LIBGPUSPATIAL] [ 50742][17:27:12:513762][info  ] RTSpatialRefiner 0x71c8f7d2a880 (Used 0 MB), Evaluating 18 Geometry Pairs with Predicate Intersects
[LIBGPUSPATIAL] [ 50744][17:27:12:513798][info  ] RTSpatialIndex 0x71c8f400a800 (Used 0 MB), Allocate result buffer, memory consumption 0 MB, capacity 17
[LIBGPUSPATIAL] [ 50744][17:27:12:514244][info  ] RTSpatialIndex 0x71c8f400a800 (Used 0 MB), Probe Points, Size: 100000, Results: 17
[LIBGPUSPATIAL] [ 50740][17:27:12:515196][info  ] RTSpatialIndex 0x71c8f400a800 (Used 1 MB), Allocate result buffer, memory consumption 0 MB, capacity 17
[LIBGPUSPATIAL] [ 50744][17:27:12:515248][info  ] RTSpatialRefiner 0x71c8f7d2a880 (Used 1 MB), Loaded Geometries, ProbeArray 100000, Loaded 17, Type Point
[LIBGPUSPATIAL] [ 50739][17:27:12:515312][info  ] RTSpatialRefiner 0x71c8f7d2a880 (Used 1 MB), Loaded Geometries, ProbeArray 100000, Loaded 10, Type Point
[LIBGPUSPATIAL] [ 50741][17:27:12:515467][info  ] RTSpatialIndex 0x71c8f400a800 (Used 1 MB), Allocate result buffer, memory consumption 0 MB, capacity 14
[LIBGPUSPATIAL] [ 50741][17:27:12:515588][info  ] RTSpatialIndex 0x71c8f400a800 (Used 1 MB), Probe Points, Size: 100000, Results: 14
[LIBGPUSPATIAL] [ 50741][17:27:12:515912][info  ] RTSpatialRefiner 0x71c8f7d2a880 (Used 2 MB), Loaded Geometries, ProbeArray 100000, Loaded 14, Type Point
[LIBGPUSPATIAL] [ 50741][17:27:12:515959][info  ] RTSpatialRefiner 0x71c8f7d2a880 (Used 2 MB), Evaluating 14 Geometry Pairs with Predicate Intersects
[LIBGPUSPATIAL] [ 50739][17:27:12:516018][info  ] RTSpatialRefiner 0x71c8f7d2a880 (Used 2 MB), Evaluating 10 Geometry Pairs with Predicate Intersects
[LIBGPUSPATIAL] [ 50744][17:27:12:516093][info  ] RTSpatialRefiner 0x71c8f7d2a880 (Used 3 MB), Evaluating 17 Geometry Pairs with Predicate Intersects
[LIBGPUSPATIAL] [ 50740][17:27:12:516739][info  ] RTSpatialIndex 0x71c8f400a800 (Used 1 MB), Probe Points, Size: 100000, Results: 17
[LIBGPUSPATIAL] [ 50740][17:27:12:517104][info  ] RTSpatialRefiner 0x71c8f7d2a880 (Used 0 MB), Loaded Geometries, ProbeArray 100000, Loaded 17, Type Point
[LIBGPUSPATIAL] [ 50740][17:27:12:517145][info  ] RTSpatialRefiner 0x71c8f7d2a880 (Used 0 MB), Evaluating 17 Geometry Pairs with Predicate Intersects
[LIBGPUSPATIAL] [ 50746][17:27:12:517491][info  ] RTSpatialIndex 0x71c8f400a800 (Used 0 MB), Allocate result buffer, memory consumption 0 MB, capacity 17
[LIBGPUSPATIAL] [ 50746][17:27:12:517962][info  ] RTSpatialIndex 0x71c8f400a800 (Used 0 MB), Probe Points, Size: 100000, Results: 17
[LIBGPUSPATIAL] [ 50745][17:27:12:519482][info  ] RTSpatialIndex 0x71c8f400a800 (Used 0 MB), Allocate result buffer, memory consumption 0 MB, capacity 8
[LIBGPUSPATIAL] [ 50745][17:27:12:519625][info  ] RTSpatialIndex 0x71c8f400a800 (Used 0 MB), Probe Points, Size: 100000, Results: 8
[LIBGPUSPATIAL] [ 50746][17:27:12:522387][info  ] RTSpatialRefiner 0x71c8f7d2a880 (Used 0 MB), Loaded Geometries, ProbeArray 100000, Loaded 17, Type Point
[LIBGPUSPATIAL] [ 50746][17:27:12:522458][info  ] RTSpatialRefiner 0x71c8f7d2a880 (Used 0 MB), Evaluating 17 Geometry Pairs with Predicate Intersects
[LIBGPUSPATIAL] [ 50745][17:27:12:522996][info  ] RTSpatialRefiner 0x71c8f7d2a880 (Used 0 MB), Loaded Geometries, ProbeArray 100000, Loaded 8, Type Point
[LIBGPUSPATIAL] [ 50745][17:27:12:523059][info  ] RTSpatialRefiner 0x71c8f7d2a880 (Used 0 MB), Evaluating 8 Geometry Pairs with Predicate Intersects
[LIBGPUSPATIAL] [ 50743][17:27:12:525963][info  ] RTSpatialIndex 0x71c8f400a800 (Used 0 MB), Allocate result buffer, memory consumption 0 MB, capacity 14
[LIBGPUSPATIAL] [ 50743][17:27:12:526095][info  ] RTSpatialIndex 0x71c8f400a800 (Used 0 MB), Probe Points, Size: 100000, Results: 14
[LIBGPUSPATIAL] [ 50743][17:27:12:526641][info  ] RTSpatialRefiner 0x71c8f7d2a880 (Used 0 MB), Loaded Geometries, ProbeArray 100000, Loaded 14, Type Point
[LIBGPUSPATIAL] [ 50743][17:27:12:526685][info  ] RTSpatialRefiner 0x71c8f7d2a880 (Used 0 MB), Evaluating 14 Geometry Pairs with Predicate Intersects
[LIBGPUSPATIAL] [ 50742][17:27:12:527597][info  ] RTSpatialIndex 0x71c8f400a800 (Used 0 MB), Allocate result buffer, memory consumption 0 MB, capacity 11
[LIBGPUSPATIAL] [ 50742][17:27:12:527714][info  ] RTSpatialIndex 0x71c8f400a800 (Used 0 MB), Probe Points, Size: 100000, Results: 11
[LIBGPUSPATIAL] [ 50742][17:27:12:528028][info  ] RTSpatialRefiner 0x71c8f7d2a880 (Used 0 MB), Loaded Geometries, ProbeArray 100000, Loaded 11, Type Point
[LIBGPUSPATIAL] [ 50742][17:27:12:528089][info  ] RTSpatialRefiner 0x71c8f7d2a880 (Used 0 MB), Evaluating 11 Geometry Pairs with Predicate Intersects
[LIBGPUSPATIAL] [ 50744][17:27:12:530418][info  ] RTSpatialIndex 0x71c8f400a800 (Used 3 MB), Allocate result buffer, memory consumption 0 MB, capacity 20
[LIBGPUSPATIAL] [ 50739][17:27:12:530815][info  ] RTSpatialIndex 0x71c8f400a800 (Used 3 MB), Allocate result buffer, memory consumption 0 MB, capacity 13
[LIBGPUSPATIAL] [ 50741][17:27:12:531068][info  ] RTSpatialIndex 0x71c8f400a800 (Used 3 MB), Allocate result buffer, memory consumption 0 MB, capacity 11
[LIBGPUSPATIAL] [ 50739][17:27:12:531621][info  ] RTSpatialIndex 0x71c8f400a800 (Used 3 MB), Probe Points, Size: 100000, Results: 13
[LIBGPUSPATIAL] [ 50744][17:27:12:531779][info  ] RTSpatialIndex 0x71c8f400a800 (Used 2 MB), Probe Points, Size: 100000, Results: 20
[LIBGPUSPATIAL] [ 50741][17:27:12:531953][info  ] RTSpatialIndex 0x71c8f400a800 (Used 1 MB), Probe Points, Size: 100000, Results: 11
[LIBGPUSPATIAL] [ 50740][17:27:12:532122][info  ] RTSpatialIndex 0x71c8f400a800 (Used 0 MB), Allocate result buffer, memory consumption 0 MB, capacity 6
[LIBGPUSPATIAL] [ 50740][17:27:12:532341][info  ] RTSpatialIndex 0x71c8f400a800 (Used 0 MB), Probe Points, Size: 100000, Results: 6
[LIBGPUSPATIAL] [ 50744][17:27:12:532710][info  ] RTSpatialRefiner 0x71c8f7d2a880 (Used 0 MB), Loaded Geometries, ProbeArray 100000, Loaded 20, Type Point
[LIBGPUSPATIAL] [ 50744][17:27:12:532759][info  ] RTSpatialRefiner 0x71c8f7d2a880 (Used 0 MB), Evaluating 20 Geometry Pairs with Predicate Intersects
[LIBGPUSPATIAL] [ 50740][17:27:12:532860][info  ] RTSpatialRefiner 0x71c8f7d2a880 (Used 0 MB), Loaded Geometries, ProbeArray 100000, Loaded 6, Type Point
[LIBGPUSPATIAL] [ 50739][17:27:12:532897][info  ] RTSpatialRefiner 0x71c8f7d2a880 (Used 0 MB), Loaded Geometries, ProbeArray 100000, Loaded 13, Type Point
[LIBGPUSPATIAL] [ 50741][17:27:12:532903][info  ] RTSpatialRefiner 0x71c8f7d2a880 (Used 0 MB), Loaded Geometries, ProbeArray 100000, Loaded 11, Type Point
[LIBGPUSPATIAL] [ 50740][17:27:12:532908][info  ] RTSpatialRefiner 0x71c8f7d2a880 (Used 0 MB), Evaluating 6 Geometry Pairs with Predicate Intersects
[LIBGPUSPATIAL] [ 50739][17:27:12:532936][info  ] RTSpatialRefiner 0x71c8f7d2a880 (Used 0 MB), Evaluating 13 Geometry Pairs with Predicate Intersects
[LIBGPUSPATIAL] [ 50741][17:27:12:532944][info  ] RTSpatialRefiner 0x71c8f7d2a880 (Used 0 MB), Evaluating 11 Geometry Pairs with Predicate Intersects
[LIBGPUSPATIAL] [ 50745][17:27:12:536795][info  ] RTSpatialIndex 0x71c8f400a800 (Used 0 MB), Allocate result buffer, memory consumption 0 MB, capacity 14
[LIBGPUSPATIAL] [ 50745][17:27:12:536968][info  ] RTSpatialIndex 0x71c8f400a800 (Used 0 MB), Probe Points, Size: 100000, Results: 14
[LIBGPUSPATIAL] [ 50745][17:27:12:537386][info  ] RTSpatialRefiner 0x71c8f7d2a880 (Used 0 MB), Loaded Geometries, ProbeArray 100000, Loaded 14, Type Point
[LIBGPUSPATIAL] [ 50745][17:27:12:537435][info  ] RTSpatialRefiner 0x71c8f7d2a880 (Used 0 MB), Evaluating 14 Geometry Pairs with Predicate Intersects
[LIBGPUSPATIAL] [ 50746][17:27:12:537889][info  ] RTSpatialIndex 0x71c8f400a800 (Used 0 MB), Allocate result buffer, memory consumption 0 MB, capacity 15
[LIBGPUSPATIAL] [ 50746][17:27:12:538009][info  ] RTSpatialIndex 0x71c8f400a800 (Used 0 MB), Probe Points, Size: 100000, Results: 15
[LIBGPUSPATIAL] [ 50743][17:27:12:539547][info  ] RTSpatialIndex 0x71c8f400a800 (Used 0 MB), Allocate result buffer, memory consumption 0 MB, capacity 17
[LIBGPUSPATIAL] [ 50743][17:27:12:539650][info  ] RTSpatialIndex 0x71c8f400a800 (Used 0 MB), Probe Points, Size: 100000, Results: 17
[LIBGPUSPATIAL] [ 50742][17:27:12:540845][info  ] RTSpatialIndex 0x71c8f400a800 (Used 0 MB), Allocate result buffer, memory consumption 0 MB, capacity 7
[LIBGPUSPATIAL] [ 50742][17:27:12:540947][info  ] RTSpatialIndex 0x71c8f400a800 (Used 0 MB), Probe Points, Size: 100000, Results: 7
[LIBGPUSPATIAL] [ 50746][17:27:12:541381][info  ] RTSpatialRefiner 0x71c8f7d2a880 (Used 0 MB), Loaded Geometries, ProbeArray 100000, Loaded 15, Type Point
[LIBGPUSPATIAL] [ 50746][17:27:12:541436][info  ] RTSpatialRefiner 0x71c8f7d2a880 (Used 0 MB), Evaluating 15 Geometry Pairs with Predicate Intersects
[LIBGPUSPATIAL] [ 50742][17:27:12:542580][info  ] RTSpatialRefiner 0x71c8f7d2a880 (Used 0 MB), Loaded Geometries, ProbeArray 100000, Loaded 7, Type Point
[LIBGPUSPATIAL] [ 50742][17:27:12:542620][info  ] RTSpatialRefiner 0x71c8f7d2a880 (Used 0 MB), Evaluating 7 Geometry Pairs with Predicate Intersects
[LIBGPUSPATIAL] [ 50743][17:27:12:543264][info  ] RTSpatialRefiner 0x71c8f7d2a880 (Used 0 MB), Loaded Geometries, ProbeArray 100000, Loaded 17, Type Point
[LIBGPUSPATIAL] [ 50743][17:27:12:543306][info  ] RTSpatialRefiner 0x71c8f7d2a880 (Used 0 MB), Evaluating 17 Geometry Pairs with Predicate Intersects
[LIBGPUSPATIAL] [ 50739][17:27:12:545470][info  ] RTSpatialIndex 0x71c8f400a800 (Used 0 MB), Allocate result buffer, memory consumption 0 MB, capacity 17
[LIBGPUSPATIAL] [ 50739][17:27:12:545654][info  ] RTSpatialIndex 0x71c8f400a800 (Used 0 MB), Probe Points, Size: 100000, Results: 17
[LIBGPUSPATIAL] [ 50740][17:27:12:546242][info  ] RTSpatialIndex 0x71c8f400a800 (Used 0 MB), Allocate result buffer, memory consumption 0 MB, capacity 21
[LIBGPUSPATIAL] [ 50740][17:27:12:546352][info  ] RTSpatialIndex 0x71c8f400a800 (Used 0 MB), Probe Points, Size: 100000, Results: 21
[LIBGPUSPATIAL] [ 50741][17:27:12:546788][info  ] RTSpatialIndex 0x71c8f400a800 (Used 0 MB), Allocate result buffer, memory consumption 0 MB, capacity 17
[LIBGPUSPATIAL] [ 50741][17:27:12:546910][info  ] RTSpatialIndex 0x71c8f400a800 (Used 0 MB), Probe Points, Size: 100000, Results: 17
[LIBGPUSPATIAL] [ 50739][17:27:12:547260][info  ] RTSpatialRefiner 0x71c8f7d2a880 (Used 0 MB), Loaded Geometries, ProbeArray 100000, Loaded 17, Type Point
[LIBGPUSPATIAL] [ 50739][17:27:12:547303][info  ] RTSpatialRefiner 0x71c8f7d2a880 (Used 0 MB), Evaluating 17 Geometry Pairs with Predicate Intersects
[LIBGPUSPATIAL] [ 50740][17:27:12:547421][info  ] RTSpatialRefiner 0x71c8f7d2a880 (Used 0 MB), Loaded Geometries, ProbeArray 100000, Loaded 21, Type Point
[LIBGPUSPATIAL] [ 50740][17:27:12:547460][info  ] RTSpatialRefiner 0x71c8f7d2a880 (Used 0 MB), Evaluating 21 Geometry Pairs with Predicate Intersects
[LIBGPUSPATIAL] [ 50741][17:27:12:547569][info  ] RTSpatialRefiner 0x71c8f7d2a880 (Used 0 MB), Loaded Geometries, ProbeArray 100000, Loaded 17, Type Point
[LIBGPUSPATIAL] [ 50741][17:27:12:547777][info  ] RTSpatialRefiner 0x71c8f7d2a880 (Used 1 MB), Evaluating 17 Geometry Pairs with Predicate Intersects
[LIBGPUSPATIAL] [ 50744][17:27:12:548320][info  ] RTSpatialIndex 0x71c8f400a800 (Used 1 MB), Allocate result buffer, memory consumption 0 MB, capacity 17
[LIBGPUSPATIAL] [ 50744][17:27:12:548644][info  ] RTSpatialIndex 0x71c8f400a800 (Used 0 MB), Probe Points, Size: 100000, Results: 17
[LIBGPUSPATIAL] [ 50744][17:27:12:549892][info  ] RTSpatialRefiner 0x71c8f7d2a880 (Used 0 MB), Loaded Geometries, ProbeArray 100000, Loaded 17, Type Point
[LIBGPUSPATIAL] [ 50745][17:27:12:549934][info  ] RTSpatialIndex 0x71c8f400a800 (Used 0 MB), Allocate result buffer, memory consumption 0 MB, capacity 15
[LIBGPUSPATIAL] [ 50744][17:27:12:549939][info  ] RTSpatialRefiner 0x71c8f7d2a880 (Used 0 MB), Evaluating 17 Geometry Pairs with Predicate Intersects
[LIBGPUSPATIAL] [ 50745][17:27:12:550396][info  ] RTSpatialIndex 0x71c8f400a800 (Used 0 MB), Probe Points, Size: 100000, Results: 15
[LIBGPUSPATIAL] [ 50745][17:27:12:550905][info  ] RTSpatialRefiner 0x71c8f7d2a880 (Used 0 MB), Loaded Geometries, ProbeArray 100000, Loaded 15, Type Point
[LIBGPUSPATIAL] [ 50745][17:27:12:551006][info  ] RTSpatialRefiner 0x71c8f7d2a880 (Used 0 MB), Evaluating 15 Geometry Pairs with Predicate Intersects
[LIBGPUSPATIAL] [ 50742][17:27:12:554622][info  ] RTSpatialIndex 0x71c8f400a800 (Used 2 MB), Allocate result buffer, memory consumption 0 MB, capacity 8
[LIBGPUSPATIAL] [ 50742][17:27:12:555249][info  ] RTSpatialIndex 0x71c8f400a800 (Used 3 MB), Probe Points, Size: 100000, Results: 8
[LIBGPUSPATIAL] [ 50746][17:27:12:555460][info  ] RTSpatialIndex 0x71c8f400a800 (Used 2 MB), Allocate result buffer, memory consumption 0 MB, capacity 11
[LIBGPUSPATIAL] [ 50746][17:27:12:556001][info  ] RTSpatialIndex 0x71c8f400a800 (Used 1 MB), Probe Points, Size: 100000, Results: 11
[LIBGPUSPATIAL] [ 50743][17:27:12:556113][info  ] RTSpatialIndex 0x71c8f400a800 (Used 0 MB), Allocate result buffer, memory consumption 0 MB, capacity 16
[LIBGPUSPATIAL] [ 50742][17:27:12:556120][info  ] RTSpatialRefiner 0x71c8f7d2a880 (Used 0 MB), Loaded Geometries, ProbeArray 100000, Loaded 8, Type Point
[LIBGPUSPATIAL] [ 50742][17:27:12:556266][info  ] RTSpatialRefiner 0x71c8f7d2a880 (Used 0 MB), Evaluating 8 Geometry Pairs with Predicate Intersects
[LIBGPUSPATIAL] [ 50743][17:27:12:556664][info  ] RTSpatialIndex 0x71c8f400a800 (Used 0 MB), Probe Points, Size: 100000, Results: 16
[LIBGPUSPATIAL] [ 50746][17:27:12:557063][info  ] RTSpatialRefiner 0x71c8f7d2a880 (Used 0 MB), Loaded Geometries, ProbeArray 100000, Loaded 11, Type Point
[LIBGPUSPATIAL] [ 50746][17:27:12:557110][info  ] RTSpatialRefiner 0x71c8f7d2a880 (Used 0 MB), Evaluating 11 Geometry Pairs with Predicate Intersects
[LIBGPUSPATIAL] [ 50743][17:27:12:557119][info  ] RTSpatialRefiner 0x71c8f7d2a880 (Used 0 MB), Loaded Geometries, ProbeArray 100000, Loaded 16, Type Point
[LIBGPUSPATIAL] [ 50743][17:27:12:557155][info  ] RTSpatialRefiner 0x71c8f7d2a880 (Used 0 MB), Evaluating 16 Geometry Pairs with Predicate Intersects
[LIBGPUSPATIAL] [ 50740][17:27:12:560884][info  ] RTSpatialIndex 0x71c8f400a800 (Used 0 MB), Allocate result buffer, memory consumption 0 MB, capacity 14
[LIBGPUSPATIAL] [ 50740][17:27:12:561070][info  ] RTSpatialIndex 0x71c8f400a800 (Used 0 MB), Probe Points, Size: 100000, Results: 14
[LIBGPUSPATIAL] [ 50741][17:27:12:561808][info  ] RTSpatialIndex 0x71c8f400a800 (Used 1 MB), Allocate result buffer, memory consumption 0 MB, capacity 15
[LIBGPUSPATIAL] [ 50739][17:27:12:561862][info  ] RTSpatialIndex 0x71c8f400a800 (Used 1 MB), Allocate result buffer, memory consumption 0 MB, capacity 11
[LIBGPUSPATIAL] [ 50741][17:27:12:561971][info  ] RTSpatialIndex 0x71c8f400a800 (Used 1 MB), Probe Points, Size: 100000, Results: 15
[LIBGPUSPATIAL] [ 50739][17:27:12:562091][info  ] RTSpatialIndex 0x71c8f400a800 (Used 0 MB), Probe Points, Size: 100000, Results: 11
[LIBGPUSPATIAL] [ 50739][17:27:12:562499][info  ] RTSpatialRefiner 0x71c8f7d2a880 (Used 0 MB), Loaded Geometries, ProbeArray 100000, Loaded 11, Type Point
[LIBGPUSPATIAL] [ 50740][17:27:12:562508][info  ] RTSpatialRefiner 0x71c8f7d2a880 (Used 0 MB), Loaded Geometries, ProbeArray 100000, Loaded 14, Type Point
[LIBGPUSPATIAL] [ 50741][17:27:12:562548][info  ] RTSpatialRefiner 0x71c8f7d2a880 (Used 0 MB), Loaded Geometries, ProbeArray 100000, Loaded 15, Type Point
[LIBGPUSPATIAL] [ 50739][17:27:12:562561][info  ] RTSpatialRefiner 0x71c8f7d2a880 (Used 0 MB), Evaluating 11 Geometry Pairs with Predicate Intersects
[LIBGPUSPATIAL] [ 50740][17:27:12:562570][info  ] RTSpatialRefiner 0x71c8f7d2a880 (Used 0 MB), Evaluating 14 Geometry Pairs with Predicate Intersects
[LIBGPUSPATIAL] [ 50741][17:27:12:562592][info  ] RTSpatialRefiner 0x71c8f7d2a880 (Used 0 MB), Evaluating 15 Geometry Pairs with Predicate Intersects
[LIBGPUSPATIAL] [ 50744][17:27:12:563635][info  ] RTSpatialIndex 0x71c8f400a800 (Used 3 MB), Allocate result buffer, memory consumption 0 MB, capacity 13
[LIBGPUSPATIAL] [ 50744][17:27:12:564288][info  ] RTSpatialIndex 0x71c8f400a800 (Used 1 MB), Probe Points, Size: 100000, Results: 13
[LIBGPUSPATIAL] [ 50745][17:27:12:564408][info  ] RTSpatialIndex 0x71c8f400a800 (Used 0 MB), Allocate result buffer, memory consumption 0 MB, capacity 8
[LIBGPUSPATIAL] [ 50745][17:27:12:564790][info  ] RTSpatialIndex 0x71c8f400a800 (Used 0 MB), Probe Points, Size: 100000, Results: 8
[LIBGPUSPATIAL] [ 50744][17:27:12:565304][info  ] RTSpatialRefiner 0x71c8f7d2a880 (Used 0 MB), Loaded Geometries, ProbeArray 100000, Loaded 13, Type Point
[LIBGPUSPATIAL] [ 50745][17:27:12:565327][info  ] RTSpatialRefiner 0x71c8f7d2a880 (Used 0 MB), Loaded Geometries, ProbeArray 100000, Loaded 8, Type Point
[LIBGPUSPATIAL] [ 50744][17:27:12:565348][info  ] RTSpatialRefiner 0x71c8f7d2a880 (Used 0 MB), Evaluating 13 Geometry Pairs with Predicate Intersects
[LIBGPUSPATIAL] [ 50745][17:27:12:565366][info  ] RTSpatialRefiner 0x71c8f7d2a880 (Used 0 MB), Evaluating 8 Geometry Pairs with Predicate Intersects
[LIBGPUSPATIAL] [ 50742][17:27:12:569065][info  ] RTSpatialIndex 0x71c8f400a800 (Used 0 MB), Allocate result buffer, memory consumption 0 MB, capacity 16
[LIBGPUSPATIAL] [ 50742][17:27:12:569197][info  ] RTSpatialIndex 0x71c8f400a800 (Used 0 MB), Probe Points, Size: 100000, Results: 16
[LIBGPUSPATIAL] [ 50742][17:27:12:569617][info  ] RTSpatialRefiner 0x71c8f7d2a880 (Used 0 MB), Loaded Geometries, ProbeArray 100000, Loaded 16, Type Point
[LIBGPUSPATIAL] [ 50742][17:27:12:569663][info  ] RTSpatialRefiner 0x71c8f7d2a880 (Used 0 MB), Evaluating 16 Geometry Pairs with Predicate Intersects
[LIBGPUSPATIAL] [ 50743][17:27:12:570796][info  ] RTSpatialIndex 0x71c8f400a800 (Used 1 MB), Allocate result buffer, memory consumption 0 MB, capacity 13
[LIBGPUSPATIAL] [ 50746][17:27:12:571065][info  ] RTSpatialIndex 0x71c8f400a800 (Used 1 MB), Allocate result buffer, memory consumption 0 MB, capacity 18
[LIBGPUSPATIAL] [ 50743][17:27:12:571364][info  ] RTSpatialIndex 0x71c8f400a800 (Used 1 MB), Probe Points, Size: 100000, Results: 13
[LIBGPUSPATIAL] [ 50746][17:27:12:571600][info  ] RTSpatialIndex 0x71c8f400a800 (Used 0 MB), Probe Points, Size: 100000, Results: 18
[LIBGPUSPATIAL] [ 50743][17:27:12:573432][info  ] RTSpatialRefiner 0x71c8f7d2a880 (Used 0 MB), Loaded Geometries, ProbeArray 100000, Loaded 13, Type Point
[LIBGPUSPATIAL] [ 50746][17:27:12:573486][info  ] RTSpatialRefiner 0x71c8f7d2a880 (Used 0 MB), Loaded Geometries, ProbeArray 100000, Loaded 18, Type Point
[LIBGPUSPATIAL] [ 50743][17:27:12:573490][info  ] RTSpatialRefiner 0x71c8f7d2a880 (Used 0 MB), Evaluating 13 Geometry Pairs with Predicate Intersects
[LIBGPUSPATIAL] [ 50746][17:27:12:573531][info  ] RTSpatialRefiner 0x71c8f7d2a880 (Used 0 MB), Evaluating 18 Geometry Pairs with Predicate Intersects
[LIBGPUSPATIAL] [ 50739][17:27:12:575787][info  ] RTSpatialIndex 0x71c8f400a800 (Used 0 MB), Allocate result buffer, memory consumption 0 MB, capacity 9
[LIBGPUSPATIAL] [ 50739][17:27:12:575953][info  ] RTSpatialIndex 0x71c8f400a800 (Used 0 MB), Probe Points, Size: 100000, Results: 9
[LIBGPUSPATIAL] [ 50739][17:27:12:576570][info  ] RTSpatialRefiner 0x71c8f7d2a880 (Used 2 MB), Loaded Geometries, ProbeArray 100000, Loaded 9, Type Point
[LIBGPUSPATIAL] [ 50739][17:27:12:576651][info  ] RTSpatialRefiner 0x71c8f7d2a880 (Used 2 MB), Evaluating 9 Geometry Pairs with Predicate Intersects
[LIBGPUSPATIAL] [ 50740][17:27:12:576858][info  ] RTSpatialIndex 0x71c8f400a800 (Used 1 MB), Allocate result buffer, memory consumption 0 MB, capacity 11
[LIBGPUSPATIAL] [ 50741][17:27:12:577051][info  ] RTSpatialIndex 0x71c8f400a800 (Used 1 MB), Allocate result buffer, memory consumption 0 MB, capacity 17
[LIBGPUSPATIAL] [ 50740][17:27:12:577336][info  ] RTSpatialIndex 0x71c8f400a800 (Used 1 MB), Probe Points, Size: 100000, Results: 11
[LIBGPUSPATIAL] [ 50741][17:27:12:577740][info  ] RTSpatialIndex 0x71c8f400a800 (Used 0 MB), Probe Points, Size: 100000, Results: 17
[LIBGPUSPATIAL] [ 50740][17:27:12:578148][info  ] RTSpatialRefiner 0x71c8f7d2a880 (Used 1 MB), Loaded Geometries, ProbeArray 100000, Loaded 11, Type Point
[LIBGPUSPATIAL] [ 50740][17:27:12:578217][info  ] RTSpatialRefiner 0x71c8f7d2a880 (Used 1 MB), Evaluating 11 Geometry Pairs with Predicate Intersects
[LIBGPUSPATIAL] [ 50744][17:27:12:578577][info  ] RTSpatialIndex 0x71c8f400a800 (Used 0 MB), Allocate result buffer, memory consumption 0 MB, capacity 12
[LIBGPUSPATIAL] [ 50744][17:27:12:578747][info  ] RTSpatialIndex 0x71c8f400a800 (Used 0 MB), Probe Points, Size: 100000, Results: 12
[LIBGPUSPATIAL] [ 50741][17:27:12:578968][info  ] RTSpatialRefiner 0x71c8f7d2a880 (Used 0 MB), Loaded Geometries, ProbeArray 100000, Loaded 17, Type Point
[LIBGPUSPATIAL] [ 50741][17:27:12:579008][info  ] RTSpatialRefiner 0x71c8f7d2a880 (Used 0 MB), Evaluating 17 Geometry Pairs with Predicate Intersects
[LIBGPUSPATIAL] [ 50745][17:27:12:579971][info  ] RTSpatialIndex 0x71c8f400a800 (Used 0 MB), Allocate result buffer, memory consumption 0 MB, capacity 13
[LIBGPUSPATIAL] [ 50745][17:27:12:580099][info  ] RTSpatialIndex 0x71c8f400a800 (Used 0 MB), Probe Points, Size: 100000, Results: 13
[LIBGPUSPATIAL] [ 50744][17:27:12:580500][info  ] RTSpatialRefiner 0x71c8f7d2a880 (Used 0 MB), Loaded Geometries, ProbeArray 100000, Loaded 12, Type Point
[LIBGPUSPATIAL] [ 50745][17:27:12:580539][info  ] RTSpatialRefiner 0x71c8f7d2a880 (Used 0 MB), Loaded Geometries, ProbeArray 100000, Loaded 13, Type Point
[LIBGPUSPATIAL] [ 50744][17:27:12:580544][info  ] RTSpatialRefiner 0x71c8f7d2a880 (Used 0 MB), Evaluating 12 Geometry Pairs with Predicate Intersects
[LIBGPUSPATIAL] [ 50745][17:27:12:580587][info  ] RTSpatialRefiner 0x71c8f7d2a880 (Used 0 MB), Evaluating 13 Geometry Pairs with Predicate Intersects
[LIBGPUSPATIAL] [ 50742][17:27:12:583348][info  ] RTSpatialIndex 0x71c8f400a800 (Used 0 MB), Allocate result buffer, memory consumption 0 MB, capacity 27
[LIBGPUSPATIAL] [ 50742][17:27:12:583476][info  ] RTSpatialIndex 0x71c8f400a800 (Used 0 MB), Probe Points, Size: 100000, Results: 27
[LIBGPUSPATIAL] [ 50742][17:27:12:583858][info  ] RTSpatialRefiner 0x71c8f7d2a880 (Used 0 MB), Loaded Geometries, ProbeArray 100000, Loaded 27, Type Point
[LIBGPUSPATIAL] [ 50742][17:27:12:583903][info  ] RTSpatialRefiner 0x71c8f7d2a880 (Used 0 MB), Evaluating 27 Geometry Pairs with Predicate Intersects
[LIBGPUSPATIAL] [ 50743][17:27:12:587167][info  ] RTSpatialIndex 0x71c8f400a800 (Used 1 MB), Allocate result buffer, memory consumption 0 MB, capacity 14
[LIBGPUSPATIAL] [ 50743][17:27:12:587326][info  ] RTSpatialIndex 0x71c8f400a800 (Used 1 MB), Probe Points, Size: 100000, Results: 14
[LIBGPUSPATIAL] [ 50746][17:27:12:587707][info  ] RTSpatialIndex 0x71c8f400a800 (Used 0 MB), Allocate result buffer, memory consumption 0 MB, capacity 14
[LIBGPUSPATIAL] [ 50743][17:27:12:587754][info  ] RTSpatialRefiner 0x71c8f7d2a880 (Used 0 MB), Loaded Geometries, ProbeArray 100000, Loaded 14, Type Point
[LIBGPUSPATIAL] [ 50743][17:27:12:587847][info  ] RTSpatialRefiner 0x71c8f7d2a880 (Used 0 MB), Evaluating 14 Geometry Pairs with Predicate Intersects
[LIBGPUSPATIAL] [ 50746][17:27:12:588262][info  ] RTSpatialIndex 0x71c8f400a800 (Used 0 MB), Probe Points, Size: 100000, Results: 14
[LIBGPUSPATIAL] [ 50746][17:27:12:589197][info  ] RTSpatialRefiner 0x71c8f7d2a880 (Used 0 MB), Loaded Geometries, ProbeArray 100000, Loaded 14, Type Point
[LIBGPUSPATIAL] [ 50746][17:27:12:589457][info  ] RTSpatialRefiner 0x71c8f7d2a880 (Used 0 MB), Evaluating 14 Geometry Pairs with Predicate Intersects
[LIBGPUSPATIAL] [ 50739][17:27:12:590361][info  ] RTSpatialIndex 0x71c8f400a800 (Used 0 MB), Allocate result buffer, memory consumption 0 MB, capacity 15
[LIBGPUSPATIAL] [ 50739][17:27:12:590540][info  ] RTSpatialIndex 0x71c8f400a800 (Used 0 MB), Probe Points, Size: 100000, Results: 15
[LIBGPUSPATIAL] [ 50739][17:27:12:590969][info  ] RTSpatialRefiner 0x71c8f7d2a880 (Used 0 MB), Loaded Geometries, ProbeArray 100000, Loaded 15, Type Point
[LIBGPUSPATIAL] [ 50739][17:27:12:591028][info  ] RTSpatialRefiner 0x71c8f7d2a880 (Used 1 MB), Evaluating 15 Geometry Pairs with Predicate Intersects
[LIBGPUSPATIAL] [ 50740][17:27:12:591563][info  ] RTSpatialIndex 0x71c8f400a800 (Used 0 MB), Allocate result buffer, memory consumption 0 MB, capacity 18
[LIBGPUSPATIAL] [ 50740][17:27:12:591877][info  ] RTSpatialIndex 0x71c8f400a800 (Used 0 MB), Probe Points, Size: 100000, Results: 18
[LIBGPUSPATIAL] [ 50740][17:27:12:592225][info  ] RTSpatialRefiner 0x71c8f7d2a880 (Used 0 MB), Loaded Geometries, ProbeArray 100000, Loaded 18, Type Point
[LIBGPUSPATIAL] [ 50740][17:27:12:592273][info  ] RTSpatialRefiner 0x71c8f7d2a880 (Used 0 MB), Evaluating 18 Geometry Pairs with Predicate Intersects
[LIBGPUSPATIAL] [ 50745][17:27:12:594370][info  ] RTSpatialIndex 0x71c8f400a800 (Used 3 MB), Allocate result buffer, memory consumption 0 MB, capacity 14
[LIBGPUSPATIAL] [ 50741][17:27:12:594663][info  ] RTSpatialIndex 0x71c8f400a800 (Used 2 MB), Allocate result buffer, memory consumption 0 MB, capacity 16
[LIBGPUSPATIAL] [ 50744][17:27:12:594731][info  ] RTSpatialIndex 0x71c8f400a800 (Used 2 MB), Allocate result buffer, memory consumption 0 MB, capacity 15
[LIBGPUSPATIAL] [ 50741][17:27:12:594933][info  ] RTSpatialIndex 0x71c8f400a800 (Used 2 MB), Probe Points, Size: 100000, Results: 16
[LIBGPUSPATIAL] [ 50744][17:27:12:595136][info  ] RTSpatialIndex 0x71c8f400a800 (Used 1 MB), Probe Points, Size: 100000, Results: 15
[LIBGPUSPATIAL] [ 50745][17:27:12:595201][info  ] RTSpatialIndex 0x71c8f400a800 (Used 1 MB), Probe Points, Size: 100000, Results: 14
[LIBGPUSPATIAL] [ 50745][17:27:12:595709][info  ] RTSpatialRefiner 0x71c8f7d2a880 (Used 0 MB), Loaded Geometries, ProbeArray 100000, Loaded 14, Type Point
[LIBGPUSPATIAL] [ 50741][17:27:12:595716][info  ] RTSpatialRefiner 0x71c8f7d2a880 (Used 0 MB), Loaded Geometries, ProbeArray 100000, Loaded 16, Type Point
[LIBGPUSPATIAL] [ 50744][17:27:12:595885][info  ] RTSpatialRefiner 0x71c8f7d2a880 (Used 0 MB), Loaded Geometries, ProbeArray 100000, Loaded 15, Type Point
[LIBGPUSPATIAL] [ 50741][17:27:12:595890][info  ] RTSpatialRefiner 0x71c8f7d2a880 (Used 0 MB), Evaluating 16 Geometry Pairs with Predicate Intersects
[LIBGPUSPATIAL] [ 50744][17:27:12:595931][info  ] RTSpatialRefiner 0x71c8f7d2a880 (Used 0 MB), Evaluating 15 Geometry Pairs with Predicate Intersects
[LIBGPUSPATIAL] [ 50745][17:27:12:595980][info  ] RTSpatialRefiner 0x71c8f7d2a880 (Used 0 MB), Evaluating 14 Geometry Pairs with Predicate Intersects
[LIBGPUSPATIAL] [ 50742][17:27:12:597216][info  ] RTSpatialIndex 0x71c8f400a800 (Used 0 MB), Allocate result buffer, memory consumption 0 MB, capacity 18
[LIBGPUSPATIAL] [ 50742][17:27:12:597343][info  ] RTSpatialIndex 0x71c8f400a800 (Used 0 MB), Probe Points, Size: 100000, Results: 18
[LIBGPUSPATIAL] [ 50742][17:27:12:598356][info  ] RTSpatialRefiner 0x71c8f7d2a880 (Used 0 MB), Loaded Geometries, ProbeArray 100000, Loaded 18, Type Point
[LIBGPUSPATIAL] [ 50742][17:27:12:598396][info  ] RTSpatialRefiner 0x71c8f7d2a880 (Used 0 MB), Evaluating 18 Geometry Pairs with Predicate Intersects
[LIBGPUSPATIAL] [ 50743][17:27:12:601442][info  ] RTSpatialIndex 0x71c8f400a800 (Used 0 MB), Allocate result buffer, memory consumption 0 MB, capacity 20
[LIBGPUSPATIAL] [ 50743][17:27:12:601558][info  ] RTSpatialIndex 0x71c8f400a800 (Used 0 MB), Probe Points, Size: 100000, Results: 20
[LIBGPUSPATIAL] [ 50743][17:27:12:601891][info  ] RTSpatialRefiner 0x71c8f7d2a880 (Used 0 MB), Loaded Geometries, ProbeArray 100000, Loaded 20, Type Point
[LIBGPUSPATIAL] [ 50743][17:27:12:601935][info  ] RTSpatialRefiner 0x71c8f7d2a880 (Used 0 MB), Evaluating 20 Geometry Pairs with Predicate Intersects
[LIBGPUSPATIAL] [ 50746][17:27:12:603530][info  ] RTSpatialIndex 0x71c8f400a800 (Used 0 MB), Allocate result buffer, memory consumption 0 MB, capacity 11
[LIBGPUSPATIAL] [ 50746][17:27:12:603660][info  ] RTSpatialIndex 0x71c8f400a800 (Used 0 MB), Probe Points, Size: 100000, Results: 11
[LIBGPUSPATIAL] [ 50746][17:27:12:604082][info  ] RTSpatialRefiner 0x71c8f7d2a880 (Used 0 MB), Loaded Geometries, ProbeArray 100000, Loaded 11, Type Point
[LIBGPUSPATIAL] [ 50746][17:27:12:604131][info  ] RTSpatialRefiner 0x71c8f7d2a880 (Used 0 MB), Evaluating 11 Geometry Pairs with Predicate Intersects
[LIBGPUSPATIAL] [ 50739][17:27:12:604843][info  ] RTSpatialIndex 0x71c8f400a800 (Used 0 MB), Allocate result buffer, memory consumption 0 MB, capacity 12
[LIBGPUSPATIAL] [ 50739][17:27:12:605357][info  ] RTSpatialIndex 0x71c8f400a800 (Used 1 MB), Probe Points, Size: 100000, Results: 12
[LIBGPUSPATIAL] [ 50740][17:27:12:605437][info  ] RTSpatialIndex 0x71c8f400a800 (Used 0 MB), Allocate result buffer, memory consumption 0 MB, capacity 8
[LIBGPUSPATIAL] [ 50740][17:27:12:605791][info  ] RTSpatialIndex 0x71c8f400a800 (Used 0 MB), Probe Points, Size: 100000, Results: 8
[LIBGPUSPATIAL] [ 50739][17:27:12:606099][info  ] RTSpatialRefiner 0x71c8f7d2a880 (Used 0 MB), Loaded Geometries, ProbeArray 100000, Loaded 12, Type Point
[LIBGPUSPATIAL] [ 50739][17:27:12:606138][info  ] RTSpatialRefiner 0x71c8f7d2a880 (Used 0 MB), Evaluating 12 Geometry Pairs with Predicate Intersects
[LIBGPUSPATIAL] [ 50740][17:27:12:606167][info  ] RTSpatialRefiner 0x71c8f7d2a880 (Used 0 MB), Loaded Geometries, ProbeArray 100000, Loaded 8, Type Point
[LIBGPUSPATIAL] [ 50740][17:27:12:606202][info  ] RTSpatialRefiner 0x71c8f7d2a880 (Used 0 MB), Evaluating 8 Geometry Pairs with Predicate Intersects
[LIBGPUSPATIAL] [ 50741][17:27:12:610697][info  ] RTSpatialIndex 0x71c8f400a800 (Used 3 MB), Allocate result buffer, memory consumption 0 MB, capacity 9
[LIBGPUSPATIAL] [ 50744][17:27:12:610880][info  ] RTSpatialIndex 0x71c8f400a800 (Used 2 MB), Allocate result buffer, memory consumption 0 MB, capacity 7
[LIBGPUSPATIAL] [ 50741][17:27:12:611133][info  ] RTSpatialIndex 0x71c8f400a800 (Used 2 MB), Probe Points, Size: 100000, Results: 9
[LIBGPUSPATIAL] [ 50744][17:27:12:611291][info  ] RTSpatialIndex 0x71c8f400a800 (Used 1 MB), Probe Points, Size: 100000, Results: 7
[LIBGPUSPATIAL] [ 50745][17:27:12:611393][info  ] RTSpatialIndex 0x71c8f400a800 (Used 0 MB), Allocate result buffer, memory consumption 0 MB, capacity 14
[LIBGPUSPATIAL] [ 50745][17:27:12:611901][info  ] RTSpatialIndex 0x71c8f400a800 (Used 2 MB), Probe Points, Size: 100000, Results: 14
[LIBGPUSPATIAL] [ 50742][17:27:12:612331][info  ] RTSpatialIndex 0x71c8f400a800 (Used 0 MB), Allocate result buffer, memory consumption 0 MB, capacity 16
[LIBGPUSPATIAL] [ 50741][17:27:12:612537][info  ] RTSpatialRefiner 0x71c8f7d2a880 (Used 0 MB), Loaded Geometries, ProbeArray 100000, Loaded 9, Type Point
[LIBGPUSPATIAL] [ 50741][17:27:12:612601][info  ] RTSpatialRefiner 0x71c8f7d2a880 (Used 0 MB), Evaluating 9 Geometry Pairs with Predicate Intersects
[LIBGPUSPATIAL] [ 50744][17:27:12:612622][info  ] RTSpatialRefiner 0x71c8f7d2a880 (Used 0 MB), Loaded Geometries, ProbeArray 100000, Loaded 7, Type Point
[LIBGPUSPATIAL] [ 50742][17:27:12:612667][info  ] RTSpatialIndex 0x71c8f400a800 (Used 0 MB), Probe Points, Size: 100000, Results: 16
[LIBGPUSPATIAL] [ 50744][17:27:12:612672][info  ] RTSpatialRefiner 0x71c8f7d2a880 (Used 0 MB), Evaluating 7 Geometry Pairs with Predicate Intersects
[LIBGPUSPATIAL] [ 50745][17:27:12:612706][info  ] RTSpatialRefiner 0x71c8f7d2a880 (Used 0 MB), Loaded Geometries, ProbeArray 100000, Loaded 14, Type Point
[LIBGPUSPATIAL] [ 50745][17:27:12:612741][info  ] RTSpatialRefiner 0x71c8f7d2a880 (Used 0 MB), Evaluating 14 Geometry Pairs with Predicate Intersects
[LIBGPUSPATIAL] [ 50742][17:27:12:613061][info  ] RTSpatialRefiner 0x71c8f7d2a880 (Used 0 MB), Loaded Geometries, ProbeArray 100000, Loaded 16, Type Point
[LIBGPUSPATIAL] [ 50742][17:27:12:613105][info  ] RTSpatialRefiner 0x71c8f7d2a880 (Used 0 MB), Evaluating 16 Geometry Pairs with Predicate Intersects
[LIBGPUSPATIAL] [ 50743][17:27:12:616321][info  ] RTSpatialIndex 0x71c8f400a800 (Used 0 MB), Allocate result buffer, memory consumption 0 MB, capacity 20
[LIBGPUSPATIAL] [ 50743][17:27:12:618157][info  ] RTSpatialIndex 0x71c8f400a800 (Used 2 MB), Probe Points, Size: 100000, Results: 20
[LIBGPUSPATIAL] [ 50746][17:27:12:618550][info  ] RTSpatialIndex 0x71c8f400a800 (Used 3 MB), Allocate result buffer, memory consumption 0 MB, capacity 13
[LIBGPUSPATIAL] [ 50740][17:27:12:618614][info  ] RTSpatialIndex 0x71c8f400a800 (Used 3 MB), Allocate result buffer, memory consumption 0 MB, capacity 18
[LIBGPUSPATIAL] [ 50740][17:27:12:618887][info  ] RTSpatialIndex 0x71c8f400a800 (Used 2 MB), Probe Points, Size: 100000, Results: 18
[LIBGPUSPATIAL] [ 50739][17:27:12:618927][info  ] RTSpatialIndex 0x71c8f400a800 (Used 1 MB), Allocate result buffer, memory consumption 0 MB, capacity 17
[LIBGPUSPATIAL] [ 50743][17:27:12:619374][info  ] RTSpatialRefiner 0x71c8f7d2a880 (Used 1 MB), Loaded Geometries, ProbeArray 100000, Loaded 20, Type Point
[LIBGPUSPATIAL] [ 50739][17:27:12:619385][info  ] RTSpatialIndex 0x71c8f400a800 (Used 1 MB), Probe Points, Size: 100000, Results: 17
[LIBGPUSPATIAL] [ 50743][17:27:12:619417][info  ] RTSpatialRefiner 0x71c8f7d2a880 (Used 0 MB), Evaluating 20 Geometry Pairs with Predicate Intersects
[LIBGPUSPATIAL] [ 50740][17:27:12:619449][info  ] RTSpatialRefiner 0x71c8f7d2a880 (Used 0 MB), Loaded Geometries, ProbeArray 100000, Loaded 18, Type Point
[LIBGPUSPATIAL] [ 50740][17:27:12:619485][info  ] RTSpatialRefiner 0x71c8f7d2a880 (Used 0 MB), Evaluating 18 Geometry Pairs with Predicate Intersects
[LIBGPUSPATIAL] [ 50746][17:27:12:619577][info  ] RTSpatialIndex 0x71c8f400a800 (Used 0 MB), Probe Points, Size: 100000, Results: 13
[LIBGPUSPATIAL] [ 50739][17:27:12:619934][info  ] RTSpatialRefiner 0x71c8f7d2a880 (Used 0 MB), Loaded Geometries, ProbeArray 100000, Loaded 17, Type Point
[LIBGPUSPATIAL] [ 50739][17:27:12:620050][info  ] RTSpatialRefiner 0x71c8f7d2a880 (Used 0 MB), Evaluating 17 Geometry Pairs with Predicate Intersects
[LIBGPUSPATIAL] [ 50746][17:27:12:620313][info  ] RTSpatialRefiner 0x71c8f7d2a880 (Used 0 MB), Loaded Geometries, ProbeArray 100000, Loaded 13, Type Point
[LIBGPUSPATIAL] [ 50746][17:27:12:620352][info  ] RTSpatialRefiner 0x71c8f7d2a880 (Used 0 MB), Evaluating 13 Geometry Pairs with Predicate Intersects
[LIBGPUSPATIAL] [ 50741][17:27:12:622549][info  ] RTSpatialIndex 0x71c8f400a800 (Used 0 MB), Allocate result buffer, memory consumption 0 MB, capacity 16
[LIBGPUSPATIAL] [ 50741][17:27:12:622666][info  ] RTSpatialIndex 0x71c8f400a800 (Used 0 MB), Probe Points, Size: 100000, Results: 16
[LIBGPUSPATIAL] [ 50741][17:27:12:625748][info  ] RTSpatialRefiner 0x71c8f7d2a880 (Used 2 MB), Loaded Geometries, ProbeArray 100000, Loaded 16, Type Point
[LIBGPUSPATIAL] [ 50741][17:27:12:625850][info  ] RTSpatialRefiner 0x71c8f7d2a880 (Used 2 MB), Evaluating 16 Geometry Pairs with Predicate Intersects
[LIBGPUSPATIAL] [ 50742][17:27:12:626179][info  ] RTSpatialIndex 0x71c8f400a800 (Used 1 MB), Allocate result buffer, memory consumption 0 MB, capacity 16
[LIBGPUSPATIAL] [ 50745][17:27:12:626505][info  ] RTSpatialIndex 0x71c8f400a800 (Used 1 MB), Allocate result buffer, memory consumption 0 MB, capacity 24
[LIBGPUSPATIAL] [ 50742][17:27:12:626770][info  ] RTSpatialIndex 0x71c8f400a800 (Used 1 MB), Probe Points, Size: 100000, Results: 16
[LIBGPUSPATIAL] [ 50745][17:27:12:627131][info  ] RTSpatialIndex 0x71c8f400a800 (Used 0 MB), Probe Points, Size: 100000, Results: 24
[LIBGPUSPATIAL] [ 50742][17:27:12:627564][info  ] RTSpatialRefiner 0x71c8f7d2a880 (Used 0 MB), Loaded Geometries, ProbeArray 100000, Loaded 16, Type Point
[LIBGPUSPATIAL] [ 50742][17:27:12:627603][info  ] RTSpatialRefiner 0x71c8f7d2a880 (Used 0 MB), Evaluating 16 Geometry Pairs with Predicate Intersects
[LIBGPUSPATIAL] [ 50744][17:27:12:628869][info  ] RTSpatialIndex 0x71c8f400a800 (Used 0 MB), Allocate result buffer, memory consumption 0 MB, capacity 9
[LIBGPUSPATIAL] [ 50744][17:27:12:628979][info  ] RTSpatialIndex 0x71c8f400a800 (Used 0 MB), Probe Points, Size: 100000, Results: 9
[LIBGPUSPATIAL] [ 50744][17:27:12:629589][info  ] RTSpatialRefiner 0x71c8f7d2a880 (Used 0 MB), Loaded Geometries, ProbeArray 100000, Loaded 9, Type Point
[LIBGPUSPATIAL] [ 50744][17:27:12:629630][info  ] RTSpatialRefiner 0x71c8f7d2a880 (Used 0 MB), Evaluating 9 Geometry Pairs with Predicate Intersects
[LIBGPUSPATIAL] [ 50745][17:27:12:629657][info  ] RTSpatialRefiner 0x71c8f7d2a880 (Used 0 MB), Loaded Geometries, ProbeArray 100000, Loaded 24, Type Point
[LIBGPUSPATIAL] [ 50745][17:27:12:629696][info  ] RTSpatialRefiner 0x71c8f7d2a880 (Used 0 MB), Evaluating 24 Geometry Pairs with Predicate Intersects
[LIBGPUSPATIAL] [ 50740][17:27:12:632427][info  ] RTSpatialIndex 0x71c8f400a800 (Used 0 MB), Allocate result buffer, memory consumption 0 MB, capacity 17
[LIBGPUSPATIAL] [ 50740][17:27:12:632600][info  ] RTSpatialIndex 0x71c8f400a800 (Used 0 MB), Probe Points, Size: 100000, Results: 17
[LIBGPUSPATIAL] [ 50743][17:27:12:633144][info  ] RTSpatialIndex 0x71c8f400a800 (Used 0 MB), Allocate result buffer, memory consumption 0 MB, capacity 8
[LIBGPUSPATIAL] [ 50743][17:27:12:633325][info  ] RTSpatialIndex 0x71c8f400a800 (Used 2 MB), Probe Points, Size: 100000, Results: 8
[LIBGPUSPATIAL] [ 50739][17:27:12:633780][info  ] RTSpatialIndex 0x71c8f400a800 (Used 2 MB), Allocate result buffer, memory consumption 0 MB, capacity 15
[LIBGPUSPATIAL] [ 50740][17:27:12:634226][info  ] RTSpatialRefiner 0x71c8f7d2a880 (Used 1 MB), Loaded Geometries, ProbeArray 100000, Loaded 17, Type Point
[LIBGPUSPATIAL] [ 50740][17:27:12:634268][info  ] RTSpatialRefiner 0x71c8f7d2a880 (Used 1 MB), Evaluating 17 Geometry Pairs with Predicate Intersects
[LIBGPUSPATIAL] [ 50743][17:27:12:634697][info  ] RTSpatialRefiner 0x71c8f7d2a880 (Used 1 MB), Loaded Geometries, ProbeArray 100000, Loaded 8, Type Point
[LIBGPUSPATIAL] [ 50743][17:27:12:634773][info  ] RTSpatialRefiner 0x71c8f7d2a880 (Used 1 MB), Evaluating 8 Geometry Pairs with Predicate Intersects
[LIBGPUSPATIAL] [ 50739][17:27:12:634782][info  ] RTSpatialIndex 0x71c8f400a800 (Used 1 MB), Probe Points, Size: 100000, Results: 15
[LIBGPUSPATIAL] [ 50746][17:27:12:634817][info  ] RTSpatialIndex 0x71c8f400a800 (Used 0 MB), Allocate result buffer, memory consumption 0 MB, capacity 14
[LIBGPUSPATIAL] [ 50739][17:27:12:635405][info  ] RTSpatialRefiner 0x71c8f7d2a880 (Used 0 MB), Loaded Geometries, ProbeArray 100000, Loaded 15, Type Point
[LIBGPUSPATIAL] [ 50746][17:27:12:635486][info  ] RTSpatialIndex 0x71c8f400a800 (Used 0 MB), Probe Points, Size: 100000, Results: 14
[LIBGPUSPATIAL] [ 50739][17:27:12:635491][info  ] RTSpatialRefiner 0x71c8f7d2a880 (Used 0 MB), Evaluating 15 Geometry Pairs with Predicate Intersects
[LIBGPUSPATIAL] [ 50746][17:27:12:635894][info  ] RTSpatialRefiner 0x71c8f7d2a880 (Used 0 MB), Loaded Geometries, ProbeArray 100000, Loaded 14, Type Point
[LIBGPUSPATIAL] [ 50746][17:27:12:635933][info  ] RTSpatialRefiner 0x71c8f7d2a880 (Used 0 MB), Evaluating 14 Geometry Pairs with Predicate Intersects
[LIBGPUSPATIAL] [ 50741][17:27:12:639058][info  ] RTSpatialIndex 0x71c8f400a800 (Used 0 MB), Allocate result buffer, memory consumption 0 MB, capacity 22
[LIBGPUSPATIAL] [ 50741][17:27:12:639421][info  ] RTSpatialIndex 0x71c8f400a800 (Used 0 MB), Probe Points, Size: 100000, Results: 22
[LIBGPUSPATIAL] [ 50741][17:27:12:639817][info  ] RTSpatialRefiner 0x71c8f7d2a880 (Used 0 MB), Loaded Geometries, ProbeArray 100000, Loaded 22, Type Point
[LIBGPUSPATIAL] [ 50741][17:27:12:639861][info  ] RTSpatialRefiner 0x71c8f7d2a880 (Used 1 MB), Evaluating 22 Geometry Pairs with Predicate Intersects
[LIBGPUSPATIAL] [ 50742][17:27:12:640347][info  ] RTSpatialIndex 0x71c8f400a800 (Used 0 MB), Allocate result buffer, memory consumption 0 MB, capacity 17
[LIBGPUSPATIAL] [ 50742][17:27:12:640476][info  ] RTSpatialIndex 0x71c8f400a800 (Used 0 MB), Probe Points, Size: 100000, Results: 17
[LIBGPUSPATIAL] [ 50744][17:27:12:642150][info  ] RTSpatialIndex 0x71c8f400a800 (Used 0 MB), Allocate result buffer, memory consumption 0 MB, capacity 13
[LIBGPUSPATIAL] [ 50744][17:27:12:642269][info  ] RTSpatialIndex 0x71c8f400a800 (Used 0 MB), Probe Points, Size: 100000, Results: 13
[LIBGPUSPATIAL] [ 50745][17:27:12:642928][info  ] RTSpatialIndex 0x71c8f400a800 (Used 0 MB), Allocate result buffer, memory consumption 0 MB, capacity 16
[LIBGPUSPATIAL] [ 50742][17:27:12:643148][info  ] RTSpatialRefiner 0x71c8f7d2a880 (Used 0 MB), Loaded Geometries, ProbeArray 100000, Loaded 17, Type Point
[LIBGPUSPATIAL] [ 50742][17:27:12:643240][info  ] RTSpatialRefiner 0x71c8f7d2a880 (Used 0 MB), Evaluating 17 Geometry Pairs with Predicate Intersects
[LIBGPUSPATIAL] [ 50745][17:27:12:643394][info  ] RTSpatialIndex 0x71c8f400a800 (Used 0 MB), Probe Points, Size: 100000, Results: 16
[LIBGPUSPATIAL] [ 50744][17:27:12:643403][info  ] RTSpatialRefiner 0x71c8f7d2a880 (Used 0 MB), Loaded Geometries, ProbeArray 100000, Loaded 13, Type Point
[LIBGPUSPATIAL] [ 50744][17:27:12:643443][info  ] RTSpatialRefiner 0x71c8f7d2a880 (Used 0 MB), Evaluating 13 Geometry Pairs with Predicate Intersects
[LIBGPUSPATIAL] [ 50745][17:27:12:643852][info  ] RTSpatialRefiner 0x71c8f7d2a880 (Used 0 MB), Loaded Geometries, ProbeArray 100000, Loaded 16, Type Point
[LIBGPUSPATIAL] [ 50745][17:27:12:643892][info  ] RTSpatialRefiner 0x71c8f7d2a880 (Used 0 MB), Evaluating 16 Geometry Pairs with Predicate Intersects
[LIBGPUSPATIAL] [ 50740][17:27:12:649551][info  ] RTSpatialIndex 0x71c8f400a800 (Used 2 MB), Allocate result buffer, memory consumption 0 MB, capacity 14
[LIBGPUSPATIAL] [ 50740][17:27:12:650151][info  ] RTSpatialIndex 0x71c8f400a800 (Used 3 MB), Probe Points, Size: 100000, Results: 14
[LIBGPUSPATIAL] [ 50739][17:27:12:650372][info  ] RTSpatialIndex 0x71c8f400a800 (Used 1 MB), Allocate result buffer, memory consumption 0 MB, capacity 6
[LIBGPUSPATIAL] [ 50746][17:27:12:650715][info  ] RTSpatialIndex 0x71c8f400a800 (Used 1 MB), Allocate result buffer, memory consumption 0 MB, capacity 12
[LIBGPUSPATIAL] [ 50742][17:27:12:650826][info  ] RTSpatialIndex 0x71c8f400a800 (Used 1 MB), Allocate result buffer, memory consumption 0 MB, capacity 4
[LIBGPUSPATIAL] [ 50740][17:27:12:651146][info  ] RTSpatialRefiner 0x71c8f7d2a880 (Used 1 MB), Loaded Geometries, ProbeArray 100000, Loaded 14, Type Point
[LIBGPUSPATIAL] [ 50746][17:27:12:651188][info  ] RTSpatialIndex 0x71c8f400a800 (Used 1 MB), Probe Points, Size: 100000, Results: 12
[LIBGPUSPATIAL] [ 50740][17:27:12:651191][info  ] RTSpatialRefiner 0x71c8f7d2a880 (Used 1 MB), Evaluating 14 Geometry Pairs with Predicate Intersects
[LIBGPUSPATIAL] [ 50739][17:27:12:651532][info  ] RTSpatialIndex 0x71c8f400a800 (Used 2 MB), Probe Points, Size: 100000, Results: 6
[LIBGPUSPATIAL] [ 50742][17:27:12:651929][info  ] RTSpatialIndex 0x71c8f400a800 (Used 2 MB), Probe Points, Size: 33333, Results: 4
[LIBGPUSPATIAL] [ 50746][17:27:12:652190][info  ] RTSpatialRefiner 0x71c8f7d2a880 (Used 0 MB), Loaded Geometries, ProbeArray 100000, Loaded 12, Type Point
[LIBGPUSPATIAL] [ 50743][17:27:12:652434][info  ] RTSpatialIndex 0x71c8f400a800 (Used 0 MB), Allocate result buffer, memory consumption 0 MB, capacity 10
[LIBGPUSPATIAL] [ 50746][17:27:12:652697][info  ] RTSpatialRefiner 0x71c8f7d2a880 (Used 0 MB), Evaluating 12 Geometry Pairs with Predicate Intersects
[LIBGPUSPATIAL] [ 50743][17:27:12:652835][info  ] RTSpatialIndex 0x71c8f400a800 (Used 2 MB), Probe Points, Size: 100000, Results: 10
[LIBGPUSPATIAL] [ 50739][17:27:12:652880][info  ] RTSpatialRefiner 0x71c8f7d2a880 (Used 1 MB), Loaded Geometries, ProbeArray 100000, Loaded 6, Type Point
[LIBGPUSPATIAL] [ 50739][17:27:12:652929][info  ] RTSpatialRefiner 0x71c8f7d2a880 (Used 1 MB), Evaluating 6 Geometry Pairs with Predicate Intersects
[LIBGPUSPATIAL] [ 50742][17:27:12:652980][info  ] RTSpatialRefiner 0x71c8f7d2a880 (Used 2 MB), Loaded Geometries, ProbeArray 33333, Loaded 4, Type Point
[LIBGPUSPATIAL] [ 50742][17:27:12:653122][info  ] RTSpatialRefiner 0x71c8f7d2a880 (Used 0 MB), Evaluating 4 Geometry Pairs with Predicate Intersects
[LIBGPUSPATIAL] [ 50741][17:27:12:653220][info  ] RTSpatialIndex 0x71c8f400a800 (Used 0 MB), Allocate result buffer, memory consumption 0 MB, capacity 13
[LIBGPUSPATIAL] [ 50743][17:27:12:653549][info  ] RTSpatialRefiner 0x71c8f7d2a880 (Used 1 MB), Loaded Geometries, ProbeArray 100000, Loaded 10, Type Point
[LIBGPUSPATIAL] [ 50743][17:27:12:653622][info  ] RTSpatialRefiner 0x71c8f7d2a880 (Used 1 MB), Evaluating 10 Geometry Pairs with Predicate Intersects
[LIBGPUSPATIAL] [ 50741][17:27:12:653946][info  ] RTSpatialIndex 0x71c8f400a800 (Used 1 MB), Probe Points, Size: 100000, Results: 13
[LIBGPUSPATIAL] [ 50741][17:27:12:655241][info  ] RTSpatialRefiner 0x71c8f7d2a880 (Used 1 MB), Loaded Geometries, ProbeArray 100000, Loaded 13, Type Point
[LIBGPUSPATIAL] [ 50741][17:27:12:655302][info  ] RTSpatialRefiner 0x71c8f7d2a880 (Used 0 MB), Evaluating 13 Geometry Pairs with Predicate Intersects
[LIBGPUSPATIAL] [ 50744][17:27:12:655356][info  ] RTSpatialIndex 0x71c8f400a800 (Used 0 MB), Allocate result buffer, memory consumption 0 MB, capacity 13
[LIBGPUSPATIAL] [ 50744][17:27:12:656192][info  ] RTSpatialIndex 0x71c8f400a800 (Used 2 MB), Probe Points, Size: 100000, Results: 13
[LIBGPUSPATIAL] [ 50745][17:27:12:657000][info  ] RTSpatialIndex 0x71c8f400a800 (Used 1 MB), Allocate result buffer, memory consumption 0 MB, capacity 15
[LIBGPUSPATIAL] [ 50744][17:27:12:657224][info  ] RTSpatialRefiner 0x71c8f7d2a880 (Used 1 MB), Loaded Geometries, ProbeArray 100000, Loaded 13, Type Point
[LIBGPUSPATIAL] [ 50744][17:27:12:657282][info  ] RTSpatialRefiner 0x71c8f7d2a880 (Used 1 MB), Evaluating 13 Geometry Pairs with Predicate Intersects
[LIBGPUSPATIAL] [ 50740][17:27:12:657302][info  ] RTSpatialIndex 0x71c8f400a800 (Used 1 MB), Allocate result buffer, memory consumption 0 MB, capacity 6
[LIBGPUSPATIAL] [ 50745][17:27:12:657763][info  ] RTSpatialIndex 0x71c8f400a800 (Used 1 MB), Probe Points, Size: 100000, Results: 15
[LIBGPUSPATIAL] [ 50740][17:27:12:658287][info  ] RTSpatialIndex 0x71c8f400a800 (Used 0 MB), Probe Points, Size: 33333, Results: 6
[LIBGPUSPATIAL] [ 50739][17:27:12:658925][info  ] RTSpatialIndex 0x71c8f400a800 (Used 0 MB), Allocate result buffer, memory consumption 0 MB, capacity 4
[LIBGPUSPATIAL] [ 50739][17:27:12:659060][info  ] RTSpatialIndex 0x71c8f400a800 (Used 0 MB), Probe Points, Size: 33333, Results: 4
[LIBGPUSPATIAL] [ 50745][17:27:12:659262][info  ] RTSpatialRefiner 0x71c8f7d2a880 (Used 0 MB), Loaded Geometries, ProbeArray 100000, Loaded 15, Type Point
[LIBGPUSPATIAL] [ 50745][17:27:12:659303][info  ] RTSpatialRefiner 0x71c8f7d2a880 (Used 0 MB), Evaluating 15 Geometry Pairs with Predicate Intersects
[LIBGPUSPATIAL] [ 50740][17:27:12:660129][info  ] RTSpatialRefiner 0x71c8f7d2a880 (Used 0 MB), Loaded Geometries, ProbeArray 33333, Loaded 6, Type Point
[LIBGPUSPATIAL] [ 50740][17:27:12:660263][info  ] RTSpatialRefiner 0x71c8f7d2a880 (Used 0 MB), Evaluating 6 Geometry Pairs with Predicate Intersects
[LIBGPUSPATIAL] [ 50743][17:27:12:660506][info  ] RTSpatialIndex 0x71c8f400a800 (Used 0 MB), Allocate result buffer, memory consumption 0 MB, capacity 6
[LIBGPUSPATIAL] [ 50739][17:27:12:660517][info  ] RTSpatialRefiner 0x71c8f7d2a880 (Used 0 MB), Loaded Geometries, ProbeArray 33333, Loaded 4, Type Point
[LIBGPUSPATIAL] [ 50739][17:27:12:660581][info  ] RTSpatialRefiner 0x71c8f7d2a880 (Used 0 MB), Evaluating 4 Geometry Pairs with Predicate Intersects
[LIBGPUSPATIAL] [ 50743][17:27:12:660863][info  ] RTSpatialIndex 0x71c8f400a800 (Used 0 MB), Probe Points, Size: 33333, Results: 6
[LIBGPUSPATIAL] [ 50741][17:27:12:660970][info  ] RTSpatialIndex 0x71c8f400a800 (Used 0 MB), Allocate result buffer, memory consumption 0 MB, capacity 10
[LIBGPUSPATIAL] [ 50743][17:27:12:661490][info  ] RTSpatialRefiner 0x71c8f7d2a880 (Used 0 MB), Loaded Geometries, ProbeArray 33333, Loaded 6, Type Point
[LIBGPUSPATIAL] [ 50743][17:27:12:661532][info  ] RTSpatialRefiner 0x71c8f7d2a880 (Used 0 MB), Evaluating 6 Geometry Pairs with Predicate Intersects
[LIBGPUSPATIAL] [ 50741][17:27:12:662144][info  ] RTSpatialIndex 0x71c8f400a800 (Used 0 MB), Probe Points, Size: 33333, Results: 10
[LIBGPUSPATIAL] [ 50741][17:27:12:662773][info  ] RTSpatialRefiner 0x71c8f7d2a880 (Used 0 MB), Loaded Geometries, ProbeArray 33333, Loaded 10, Type Point
[LIBGPUSPATIAL] [ 50741][17:27:12:662838][info  ] RTSpatialRefiner 0x71c8f7d2a880 (Used 0 MB), Evaluating 10 Geometry Pairs with Predicate Intersects
[LIBGPUSPATIAL] [ 50744][17:27:12:663692][info  ] RTSpatialIndex 0x71c8f400a800 (Used 0 MB), Allocate result buffer, memory consumption 0 MB, capacity 2
[LIBGPUSPATIAL] [ 50744][17:27:12:664212][info  ] RTSpatialIndex 0x71c8f400a800 (Used 0 MB), Probe Points, Size: 33333, Results: 2
[LIBGPUSPATIAL] [ 50745][17:27:12:664436][info  ] RTSpatialIndex 0x71c8f400a800 (Used 0 MB), Allocate result buffer, memory consumption 0 MB, capacity 5
[LIBGPUSPATIAL] [ 50745][17:27:12:665929][info  ] RTSpatialIndex 0x71c8f400a800 (Used 0 MB), Probe Points, Size: 33333, Results: 5
[LIBGPUSPATIAL] [ 50744][17:27:12:667329][info  ] RTSpatialRefiner 0x71c8f7d2a880 (Used 0 MB), Loaded Geometries, ProbeArray 33333, Loaded 2, Type Point
[LIBGPUSPATIAL] [ 50744][17:27:12:667405][info  ] RTSpatialRefiner 0x71c8f7d2a880 (Used 0 MB), Evaluating 2 Geometry Pairs with Predicate Intersects
[LIBGPUSPATIAL] [ 50746][17:27:12:667937][info  ] RTSpatialIndex 0x71c8f400a800 (Used 0 MB), Allocate result buffer, memory consumption 0 MB, capacity 12
[LIBGPUSPATIAL] [ 50745][17:27:12:668103][info  ] RTSpatialRefiner 0x71c8f7d2a880 (Used 0 MB), Loaded Geometries, ProbeArray 33333, Loaded 5, Type Point
[LIBGPUSPATIAL] [ 50746][17:27:12:668112][info  ] RTSpatialIndex 0x71c8f400a800 (Used 0 MB), Probe Points, Size: 100000, Results: 12
[LIBGPUSPATIAL] [ 50745][17:27:12:668145][info  ] RTSpatialRefiner 0x71c8f7d2a880 (Used 0 MB), Evaluating 5 Geometry Pairs with Predicate Intersects
[LIBGPUSPATIAL] [ 50746][17:27:12:668504][info  ] RTSpatialRefiner 0x71c8f7d2a880 (Used 0 MB), Loaded Geometries, ProbeArray 100000, Loaded 12, Type Point
[LIBGPUSPATIAL] [ 50746][17:27:12:668600][info  ] RTSpatialRefiner 0x71c8f7d2a880 (Used 0 MB), Evaluating 12 Geometry Pairs with Predicate Intersects
[LIBGPUSPATIAL] [ 50742][17:27:12:670840][info  ] RTSpatialIndex 0x71c8f400a800 (Used 0 MB), Allocate result buffer, memory consumption 0 MB, capacity 19
[LIBGPUSPATIAL] [ 50742][17:27:12:671053][info  ] RTSpatialIndex 0x71c8f400a800 (Used 0 MB), Probe Points, Size: 100000, Results: 19
[LIBGPUSPATIAL] [ 50746][17:27:12:676582][info  ] RTSpatialIndex 0x71c8f400a800 (Used 0 MB), Allocate result buffer, memory consumption 0 MB, capacity 6
[LIBGPUSPATIAL] [ 50746][17:27:12:676730][info  ] RTSpatialIndex 0x71c8f400a800 (Used 0 MB), Probe Points, Size: 33333, Results: 6
[LIBGPUSPATIAL] [ 50742][17:27:12:677236][info  ] RTSpatialRefiner 0x71c8f7d2a880 (Used 0 MB), Loaded Geometries, ProbeArray 100000, Loaded 19, Type Point
[LIBGPUSPATIAL] [ 50742][17:27:12:677330][info  ] RTSpatialRefiner 0x71c8f7d2a880 (Used 0 MB), Evaluating 19 Geometry Pairs with Predicate Intersects
[LIBGPUSPATIAL] [ 50746][17:27:12:677951][info  ] RTSpatialRefiner 0x71c8f7d2a880 (Used 0 MB), Loaded Geometries, ProbeArray 33333, Loaded 6, Type Point
[LIBGPUSPATIAL] [ 50746][17:27:12:677992][info  ] RTSpatialRefiner 0x71c8f7d2a880 (Used 0 MB), Evaluating 6 Geometry Pairs with Predicate Intersects
[LIBGPUSPATIAL] [ 50741][17:27:12:680341][info  ] RTSpatialIndex 0x71c8f400a800 (Used 0 MB), Allocate result buffer, memory consumption 0 MB, capacity 11
[LIBGPUSPATIAL] [ 50741][17:27:12:680509][info  ] RTSpatialIndex 0x71c8f400a800 (Used 0 MB), Probe Points, Size: 100000, Results: 11
[LIBGPUSPATIAL] [ 50741][17:27:12:680910][info  ] RTSpatialRefiner 0x71c8f7d2a880 (Used 1 MB), Loaded Geometries, ProbeArray 100000, Loaded 11, Type Point
[LIBGPUSPATIAL] [ 50741][17:27:12:680968][info  ] RTSpatialRefiner 0x71c8f7d2a880 (Used 1 MB), Evaluating 11 Geometry Pairs with Predicate Intersects
[LIBGPUSPATIAL] [ 50739][17:27:12:681525][info  ] RTSpatialIndex 0x71c8f400a800 (Used 0 MB), Allocate result buffer, memory consumption 0 MB, capacity 22
[LIBGPUSPATIAL] [ 50739][17:27:12:681904][info  ] RTSpatialIndex 0x71c8f400a800 (Used 0 MB), Probe Points, Size: 100000, Results: 22
[LIBGPUSPATIAL] [ 50739][17:27:12:682397][info  ] RTSpatialRefiner 0x71c8f7d2a880 (Used 0 MB), Loaded Geometries, ProbeArray 100000, Loaded 22, Type Point
[LIBGPUSPATIAL] [ 50739][17:27:12:682544][info  ] RTSpatialRefiner 0x71c8f7d2a880 (Used 0 MB), Evaluating 22 Geometry Pairs with Predicate Intersects
[LIBGPUSPATIAL] [ 50743][17:27:12:685415][info  ] RTSpatialIndex 0x71c8f400a800 (Used 0 MB), Allocate result buffer, memory consumption 0 MB, capacity 18
[LIBGPUSPATIAL] [ 50743][17:27:12:685559][info  ] RTSpatialIndex 0x71c8f400a800 (Used 0 MB), Probe Points, Size: 100000, Results: 18
[LIBGPUSPATIAL] [ 50743][17:27:12:686128][info  ] RTSpatialRefiner 0x71c8f7d2a880 (Used 0 MB), Loaded Geometries, ProbeArray 100000, Loaded 18, Type Point
[LIBGPUSPATIAL] [ 50743][17:27:12:686171][info  ] RTSpatialRefiner 0x71c8f7d2a880 (Used 0 MB), Evaluating 18 Geometry Pairs with Predicate Intersects
[LIBGPUSPATIAL] [ 50745][17:27:12:687134][info  ] RTSpatialIndex 0x71c8f400a800 (Used 0 MB), Allocate result buffer, memory consumption 0 MB, capacity 10
[LIBGPUSPATIAL] [ 50745][17:27:12:687250][info  ] RTSpatialIndex 0x71c8f400a800 (Used 0 MB), Probe Points, Size: 100000, Results: 10
[LIBGPUSPATIAL] [ 50745][17:27:12:687567][info  ] RTSpatialRefiner 0x71c8f7d2a880 (Used 0 MB), Loaded Geometries, ProbeArray 100000, Loaded 10, Type Point
[LIBGPUSPATIAL] [ 50745][17:27:12:687629][info  ] RTSpatialRefiner 0x71c8f7d2a880 (Used 0 MB), Evaluating 10 Geometry Pairs with Predicate Intersects
[LIBGPUSPATIAL] [ 50744][17:27:12:690440][info  ] RTSpatialIndex 0x71c8f400a800 (Used 3 MB), Allocate result buffer, memory consumption 0 MB, capacity 11
[LIBGPUSPATIAL] [ 50740][17:27:12:690440][info  ] RTSpatialIndex 0x71c8f400a800 (Used 3 MB), Allocate result buffer, memory consumption 0 MB, capacity 11
[LIBGPUSPATIAL] [ 50744][17:27:12:691178][info  ] RTSpatialIndex 0x71c8f400a800 (Used 2 MB), Probe Points, Size: 100000, Results: 11
[LIBGPUSPATIAL] [ 50740][17:27:12:691296][info  ] RTSpatialIndex 0x71c8f400a800 (Used 1 MB), Probe Points, Size: 100000, Results: 11
[LIBGPUSPATIAL] [ 50742][17:27:12:691377][info  ] RTSpatialIndex 0x71c8f400a800 (Used 0 MB), Allocate result buffer, memory consumption 0 MB, capacity 10
[LIBGPUSPATIAL] [ 50742][17:27:12:691665][info  ] RTSpatialIndex 0x71c8f400a800 (Used 0 MB), Probe Points, Size: 100000, Results: 10
[LIBGPUSPATIAL] [ 50740][17:27:12:692053][info  ] RTSpatialRefiner 0x71c8f7d2a880 (Used 0 MB), Loaded Geometries, ProbeArray 100000, Loaded 11, Type Point
[LIBGPUSPATIAL] [ 50744][17:27:12:692096][info  ] RTSpatialRefiner 0x71c8f7d2a880 (Used 0 MB), Loaded Geometries, ProbeArray 100000, Loaded 11, Type Point
[LIBGPUSPATIAL] [ 50740][17:27:12:692100][info  ] RTSpatialRefiner 0x71c8f7d2a880 (Used 0 MB), Evaluating 11 Geometry Pairs with Predicate Intersects
[LIBGPUSPATIAL] [ 50744][17:27:12:692134][info  ] RTSpatialRefiner 0x71c8f7d2a880 (Used 0 MB), Evaluating 11 Geometry Pairs with Predicate Intersects
[LIBGPUSPATIAL] [ 50742][17:27:12:692160][info  ] RTSpatialRefiner 0x71c8f7d2a880 (Used 0 MB), Loaded Geometries, ProbeArray 100000, Loaded 10, Type Point
[LIBGPUSPATIAL] [ 50742][17:27:12:692196][info  ] RTSpatialRefiner 0x71c8f7d2a880 (Used 0 MB), Evaluating 10 Geometry Pairs with Predicate Intersects
[LIBGPUSPATIAL] [ 50741][17:27:12:695092][info  ] RTSpatialIndex 0x71c8f400a800 (Used 0 MB), Allocate result buffer, memory consumption 0 MB, capacity 18
[LIBGPUSPATIAL] [ 50741][17:27:12:695263][info  ] RTSpatialIndex 0x71c8f400a800 (Used 0 MB), Probe Points, Size: 100000, Results: 18
[LIBGPUSPATIAL] [ 50741][17:27:12:695870][info  ] RTSpatialRefiner 0x71c8f7d2a880 (Used 0 MB), Loaded Geometries, ProbeArray 100000, Loaded 18, Type Point
[LIBGPUSPATIAL] [ 50741][17:27:12:695912][info  ] RTSpatialRefiner 0x71c8f7d2a880 (Used 0 MB), Evaluating 18 Geometry Pairs with Predicate Intersects
[LIBGPUSPATIAL] [ 50739][17:27:12:696710][info  ] RTSpatialIndex 0x71c8f400a800 (Used 0 MB), Allocate result buffer, memory consumption 0 MB, capacity 10
[LIBGPUSPATIAL] [ 50739][17:27:12:696877][info  ] RTSpatialIndex 0x71c8f400a800 (Used 0 MB), Probe Points, Size: 100000, Results: 10
[LIBGPUSPATIAL] [ 50739][17:27:12:697234][info  ] RTSpatialRefiner 0x71c8f7d2a880 (Used 0 MB), Loaded Geometries, ProbeArray 100000, Loaded 10, Type Point
[LIBGPUSPATIAL] [ 50739][17:27:12:697277][info  ] RTSpatialRefiner 0x71c8f7d2a880 (Used 0 MB), Evaluating 10 Geometry Pairs with Predicate Intersects
[LIBGPUSPATIAL] [ 50746][17:27:12:698148][info  ] RTSpatialIndex 0x71c8f400a800 (Used 0 MB), Allocate result buffer, memory consumption 0 MB, capacity 13
[LIBGPUSPATIAL] [ 50746][17:27:12:698272][info  ] RTSpatialIndex 0x71c8f400a800 (Used 0 MB), Probe Points, Size: 100000, Results: 13
[LIBGPUSPATIAL] [ 50746][17:27:12:698585][info  ] RTSpatialRefiner 0x71c8f7d2a880 (Used 0 MB), Loaded Geometries, ProbeArray 100000, Loaded 13, Type Point
[LIBGPUSPATIAL] [ 50746][17:27:12:698629][info  ] RTSpatialRefiner 0x71c8f7d2a880 (Used 0 MB), Evaluating 13 Geometry Pairs with Predicate Intersects
[LIBGPUSPATIAL] [ 50743][17:27:12:700383][info  ] RTSpatialIndex 0x71c8f400a800 (Used 0 MB), Allocate result buffer, memory consumption 0 MB, capacity 21
[LIBGPUSPATIAL] [ 50743][17:27:12:700515][info  ] RTSpatialIndex 0x71c8f400a800 (Used 0 MB), Probe Points, Size: 100000, Results: 21
[LIBGPUSPATIAL] [ 50745][17:27:12:700883][info  ] RTSpatialIndex 0x71c8f400a800 (Used 0 MB), Allocate result buffer, memory consumption 0 MB, capacity 8
[LIBGPUSPATIAL] [ 50743][17:27:12:700977][info  ] RTSpatialRefiner 0x71c8f7d2a880 (Used 0 MB), Loaded Geometries, ProbeArray 100000, Loaded 21, Type Point
[LIBGPUSPATIAL] [ 50743][17:27:12:701022][info  ] RTSpatialRefiner 0x71c8f7d2a880 (Used 0 MB), Evaluating 21 Geometry Pairs with Predicate Intersects
[LIBGPUSPATIAL] [ 50745][17:27:12:701069][info  ] RTSpatialIndex 0x71c8f400a800 (Used 0 MB), Probe Points, Size: 100000, Results: 8
[LIBGPUSPATIAL] [ 50745][17:27:12:701363][info  ] RTSpatialRefiner 0x71c8f7d2a880 (Used 0 MB), Loaded Geometries, ProbeArray 100000, Loaded 8, Type Point
[LIBGPUSPATIAL] [ 50745][17:27:12:701404][info  ] RTSpatialRefiner 0x71c8f7d2a880 (Used 0 MB), Evaluating 8 Geometry Pairs with Predicate Intersects
[LIBGPUSPATIAL] [ 50740][17:27:12:705138][info  ] RTSpatialIndex 0x71c8f400a800 (Used 0 MB), Allocate result buffer, memory consumption 0 MB, capacity 16
[LIBGPUSPATIAL] [ 50740][17:27:12:705276][info  ] RTSpatialIndex 0x71c8f400a800 (Used 0 MB), Probe Points, Size: 100000, Results: 16
[LIBGPUSPATIAL] [ 50740][17:27:12:705595][info  ] RTSpatialRefiner 0x71c8f7d2a880 (Used 0 MB), Loaded Geometries, ProbeArray 100000, Loaded 16, Type Point
[LIBGPUSPATIAL] [ 50740][17:27:12:705637][info  ] RTSpatialRefiner 0x71c8f7d2a880 (Used 0 MB), Evaluating 16 Geometry Pairs with Predicate Intersects
[LIBGPUSPATIAL] [ 50742][17:27:12:706276][info  ] RTSpatialIndex 0x71c8f400a800 (Used 0 MB), Allocate result buffer, memory consumption 0 MB, capacity 14
[LIBGPUSPATIAL] [ 50742][17:27:12:706786][info  ] RTSpatialIndex 0x71c8f400a800 (Used 1 MB), Probe Points, Size: 100000, Results: 14
[LIBGPUSPATIAL] [ 50744][17:27:12:706900][info  ] RTSpatialIndex 0x71c8f400a800 (Used 0 MB), Allocate result buffer, memory consumption 0 MB, capacity 22
[LIBGPUSPATIAL] [ 50744][17:27:12:707415][info  ] RTSpatialIndex 0x71c8f400a800 (Used 0 MB), Probe Points, Size: 100000, Results: 22
[LIBGPUSPATIAL] [ 50742][17:27:12:707741][info  ] RTSpatialRefiner 0x71c8f7d2a880 (Used 0 MB), Loaded Geometries, ProbeArray 100000, Loaded 14, Type Point
[LIBGPUSPATIAL] [ 50742][17:27:12:707812][info  ] RTSpatialRefiner 0x71c8f7d2a880 (Used 0 MB), Evaluating 14 Geometry Pairs with Predicate Intersects
[LIBGPUSPATIAL] [ 50744][17:27:12:707821][info  ] RTSpatialRefiner 0x71c8f7d2a880 (Used 0 MB), Loaded Geometries, ProbeArray 100000, Loaded 22, Type Point
[LIBGPUSPATIAL] [ 50744][17:27:12:708098][info  ] RTSpatialRefiner 0x71c8f7d2a880 (Used 0 MB), Evaluating 22 Geometry Pairs with Predicate Intersects
[LIBGPUSPATIAL] [ 50741][17:27:12:709554][info  ] RTSpatialIndex 0x71c8f400a800 (Used 0 MB), Allocate result buffer, memory consumption 0 MB, capacity 18
[LIBGPUSPATIAL] [ 50741][17:27:12:709686][info  ] RTSpatialIndex 0x71c8f400a800 (Used 0 MB), Probe Points, Size: 100000, Results: 18
[LIBGPUSPATIAL] [ 50739][17:27:12:710307][info  ] RTSpatialIndex 0x71c8f400a800 (Used 0 MB), Allocate result buffer, memory consumption 0 MB, capacity 18
[LIBGPUSPATIAL] [ 50741][17:27:12:710369][info  ] RTSpatialRefiner 0x71c8f7d2a880 (Used 0 MB), Loaded Geometries, ProbeArray 100000, Loaded 18, Type Point
[LIBGPUSPATIAL] [ 50739][17:27:12:710435][info  ] RTSpatialIndex 0x71c8f400a800 (Used 0 MB), Probe Points, Size: 100000, Results: 18
[LIBGPUSPATIAL] [ 50741][17:27:12:710481][info  ] RTSpatialRefiner 0x71c8f7d2a880 (Used 0 MB), Evaluating 18 Geometry Pairs with Predicate Intersects
[LIBGPUSPATIAL] [ 50739][17:27:12:710821][info  ] RTSpatialRefiner 0x71c8f7d2a880 (Used 0 MB), Loaded Geometries, ProbeArray 100000, Loaded 18, Type Point
[LIBGPUSPATIAL] [ 50739][17:27:12:710861][info  ] RTSpatialRefiner 0x71c8f7d2a880 (Used 0 MB), Evaluating 18 Geometry Pairs with Predicate Intersects
[LIBGPUSPATIAL] [ 50746][17:27:12:712073][info  ] RTSpatialIndex 0x71c8f400a800 (Used 0 MB), Allocate result buffer, memory consumption 0 MB, capacity 9
[LIBGPUSPATIAL] [ 50746][17:27:12:712193][info  ] RTSpatialIndex 0x71c8f400a800 (Used 0 MB), Probe Points, Size: 100000, Results: 9
[LIBGPUSPATIAL] [ 50746][17:27:12:713830][info  ] RTSpatialRefiner 0x71c8f7d2a880 (Used 1 MB), Loaded Geometries, ProbeArray 100000, Loaded 9, Type Point
[LIBGPUSPATIAL] [ 50746][17:27:12:714108][info  ] RTSpatialRefiner 0x71c8f7d2a880 (Used 2 MB), Evaluating 9 Geometry Pairs with Predicate Intersects
[LIBGPUSPATIAL] [ 50745][17:27:12:714307][info  ] RTSpatialIndex 0x71c8f400a800 (Used 1 MB), Allocate result buffer, memory consumption 0 MB, capacity 19
[LIBGPUSPATIAL] [ 50743][17:27:12:714438][info  ] RTSpatialIndex 0x71c8f400a800 (Used 1 MB), Allocate result buffer, memory consumption 0 MB, capacity 15
[LIBGPUSPATIAL] [ 50745][17:27:12:714834][info  ] RTSpatialIndex 0x71c8f400a800 (Used 1 MB), Probe Points, Size: 100000, Results: 19
[LIBGPUSPATIAL] [ 50743][17:27:12:715236][info  ] RTSpatialIndex 0x71c8f400a800 (Used 0 MB), Probe Points, Size: 100000, Results: 15
[LIBGPUSPATIAL] [ 50745][17:27:12:715436][info  ] RTSpatialRefiner 0x71c8f7d2a880 (Used 0 MB), Loaded Geometries, ProbeArray 100000, Loaded 19, Type Point
[LIBGPUSPATIAL] [ 50745][17:27:12:715480][info  ] RTSpatialRefiner 0x71c8f7d2a880 (Used 0 MB), Evaluating 19 Geometry Pairs with Predicate Intersects
[LIBGPUSPATIAL] [ 50743][17:27:12:715701][info  ] RTSpatialRefiner 0x71c8f7d2a880 (Used 0 MB), Loaded Geometries, ProbeArray 100000, Loaded 15, Type Point
[LIBGPUSPATIAL] [ 50743][17:27:12:715757][info  ] RTSpatialRefiner 0x71c8f7d2a880 (Used 0 MB), Evaluating 15 Geometry Pairs with Predicate Intersects
[LIBGPUSPATIAL] [ 50740][17:27:12:718637][info  ] RTSpatialIndex 0x71c8f400a800 (Used 0 MB), Allocate result buffer, memory consumption 0 MB, capacity 17
[LIBGPUSPATIAL] [ 50740][17:27:12:718755][info  ] RTSpatialIndex 0x71c8f400a800 (Used 0 MB), Probe Points, Size: 100000, Results: 17
[LIBGPUSPATIAL] [ 50740][17:27:12:719469][info  ] RTSpatialRefiner 0x71c8f7d2a880 (Used 0 MB), Loaded Geometries, ProbeArray 100000, Loaded 17, Type Point
[LIBGPUSPATIAL] [ 50740][17:27:12:719506][info  ] RTSpatialRefiner 0x71c8f7d2a880 (Used 0 MB), Evaluating 17 Geometry Pairs with Predicate Intersects
[LIBGPUSPATIAL] [ 50742][17:27:12:721427][info  ] RTSpatialIndex 0x71c8f400a800 (Used 0 MB), Allocate result buffer, memory consumption 0 MB, capacity 14
[LIBGPUSPATIAL] [ 50742][17:27:12:721538][info  ] RTSpatialIndex 0x71c8f400a800 (Used 0 MB), Probe Points, Size: 100000, Results: 14
[LIBGPUSPATIAL] [ 50744][17:27:12:722704][info  ] RTSpatialIndex 0x71c8f400a800 (Used 0 MB), Allocate result buffer, memory consumption 0 MB, capacity 13
[LIBGPUSPATIAL] [ 50744][17:27:12:722824][info  ] RTSpatialIndex 0x71c8f400a800 (Used 0 MB), Probe Points, Size: 100000, Results: 13
[LIBGPUSPATIAL] [ 50742][17:27:12:723220][info  ] RTSpatialRefiner 0x71c8f7d2a880 (Used 0 MB), Loaded Geometries, ProbeArray 100000, Loaded 14, Type Point
[LIBGPUSPATIAL] [ 50744][17:27:12:723226][info  ] RTSpatialRefiner 0x71c8f7d2a880 (Used 0 MB), Loaded Geometries, ProbeArray 100000, Loaded 13, Type Point
[LIBGPUSPATIAL] [ 50742][17:27:12:723276][info  ] RTSpatialRefiner 0x71c8f7d2a880 (Used 0 MB), Evaluating 14 Geometry Pairs with Predicate Intersects
[LIBGPUSPATIAL] [ 50744][17:27:12:723281][info  ] RTSpatialRefiner 0x71c8f7d2a880 (Used 0 MB), Evaluating 13 Geometry Pairs with Predicate Intersects
[LIBGPUSPATIAL] [ 50741][17:27:12:723963][info  ] RTSpatialIndex 0x71c8f400a800 (Used 0 MB), Allocate result buffer, memory consumption 0 MB, capacity 14
[LIBGPUSPATIAL] [ 50739][17:27:12:724668][info  ] RTSpatialIndex 0x71c8f400a800 (Used 1 MB), Allocate result buffer, memory consumption 0 MB, capacity 17
[LIBGPUSPATIAL] [ 50739][17:27:12:724887][info  ] RTSpatialIndex 0x71c8f400a800 (Used 1 MB), Probe Points, Size: 100000, Results: 17
[LIBGPUSPATIAL] [ 50741][17:27:12:724964][info  ] RTSpatialIndex 0x71c8f400a800 (Used 0 MB), Probe Points, Size: 100000, Results: 14
[LIBGPUSPATIAL] [ 50739][17:27:12:728174][info  ] RTSpatialRefiner 0x71c8f7d2a880 (Used 3 MB), Loaded Geometries, ProbeArray 100000, Loaded 17, Type Point
[LIBGPUSPATIAL] [ 50739][17:27:12:728260][info  ] RTSpatialRefiner 0x71c8f7d2a880 (Used 1 MB), Evaluating 17 Geometry Pairs with Predicate Intersects
[LIBGPUSPATIAL] [ 50746][17:27:12:728295][info  ] RTSpatialIndex 0x71c8f400a800 (Used 1 MB), Allocate result buffer, memory consumption 0 MB, capacity 13
[LIBGPUSPATIAL] [ 50741][17:27:12:728304][info  ] RTSpatialRefiner 0x71c8f7d2a880 (Used 1 MB), Loaded Geometries, ProbeArray 100000, Loaded 14, Type Point
[LIBGPUSPATIAL] [ 50741][17:27:12:728347][info  ] RTSpatialRefiner 0x71c8f7d2a880 (Used 1 MB), Evaluating 14 Geometry Pairs with Predicate Intersects
[LIBGPUSPATIAL] [ 50745][17:27:12:728721][info  ] RTSpatialIndex 0x71c8f400a800 (Used 1 MB), Allocate result buffer, memory consumption 0 MB, capacity 17
[LIBGPUSPATIAL] [ 50746][17:27:12:728891][info  ] RTSpatialIndex 0x71c8f400a800 (Used 1 MB), Probe Points, Size: 100000, Results: 13
[LIBGPUSPATIAL] [ 50745][17:27:12:729170][info  ] RTSpatialIndex 0x71c8f400a800 (Used 2 MB), Probe Points, Size: 100000, Results: 17
[LIBGPUSPATIAL] [ 50746][17:27:12:730294][info  ] RTSpatialRefiner 0x71c8f7d2a880 (Used 0 MB), Loaded Geometries, ProbeArray 100000, Loaded 13, Type Point
[LIBGPUSPATIAL] [ 50746][17:27:12:730332][info  ] RTSpatialRefiner 0x71c8f7d2a880 (Used 0 MB), Evaluating 13 Geometry Pairs with Predicate Intersects
[LIBGPUSPATIAL] [ 50745][17:27:12:730406][info  ] RTSpatialRefiner 0x71c8f7d2a880 (Used 0 MB), Loaded Geometries, ProbeArray 100000, Loaded 17, Type Point
[LIBGPUSPATIAL] [ 50745][17:27:12:730436][info  ] RTSpatialRefiner 0x71c8f7d2a880 (Used 0 MB), Evaluating 17 Geometry Pairs with Predicate Intersects
[LIBGPUSPATIAL] [ 50743][17:27:12:731675][info  ] RTSpatialIndex 0x71c8f400a800 (Used 3 MB), Allocate result buffer, memory consumption 0 MB, capacity 14
[LIBGPUSPATIAL] [ 50740][17:27:12:732270][info  ] RTSpatialIndex 0x71c8f400a800 (Used 1 MB), Allocate result buffer, memory consumption 0 MB, capacity 10
[LIBGPUSPATIAL] [ 50743][17:27:12:732491][info  ] RTSpatialIndex 0x71c8f400a800 (Used 1 MB), Probe Points, Size: 100000, Results: 14
[LIBGPUSPATIAL] [ 50743][17:27:12:732877][info  ] RTSpatialRefiner 0x71c8f7d2a880 (Used 0 MB), Loaded Geometries, ProbeArray 100000, Loaded 14, Type Point
[LIBGPUSPATIAL] [ 50743][17:27:12:732918][info  ] RTSpatialRefiner 0x71c8f7d2a880 (Used 0 MB), Evaluating 14 Geometry Pairs with Predicate Intersects
[LIBGPUSPATIAL] [ 50740][17:27:12:733199][info  ] RTSpatialIndex 0x71c8f400a800 (Used 0 MB), Probe Points, Size: 100000, Results: 10
[LIBGPUSPATIAL] [ 50740][17:27:12:733755][info  ] RTSpatialRefiner 0x71c8f7d2a880 (Used 0 MB), Loaded Geometries, ProbeArray 100000, Loaded 10, Type Point
[LIBGPUSPATIAL] [ 50740][17:27:12:733806][info  ] RTSpatialRefiner 0x71c8f7d2a880 (Used 0 MB), Evaluating 10 Geometry Pairs with Predicate Intersects
[LIBGPUSPATIAL] [ 50742][17:27:12:734020][info  ] RTSpatialIndex 0x71c8f400a800 (Used 0 MB), Allocate result buffer, memory consumption 0 MB, capacity 12
[LIBGPUSPATIAL] [ 50744][17:27:12:734584][info  ] RTSpatialIndex 0x71c8f400a800 (Used 1 MB), Allocate result buffer, memory consumption 0 MB, capacity 12
[LIBGPUSPATIAL] [ 50744][17:27:12:734890][info  ] RTSpatialIndex 0x71c8f400a800 (Used 1 MB), Probe Points, Size: 100000, Results: 12
[LIBGPUSPATIAL] [ 50742][17:27:12:735349][info  ] RTSpatialIndex 0x71c8f400a800 (Used 0 MB), Probe Points, Size: 100000, Results: 12
[LIBGPUSPATIAL] [ 50744][17:27:12:735542][info  ] RTSpatialRefiner 0x71c8f7d2a880 (Used 0 MB), Loaded Geometries, ProbeArray 100000, Loaded 12, Type Point
[LIBGPUSPATIAL] [ 50744][17:27:12:735583][info  ] RTSpatialRefiner 0x71c8f7d2a880 (Used 0 MB), Evaluating 12 Geometry Pairs with Predicate Intersects
[LIBGPUSPATIAL] [ 50742][17:27:12:737933][info  ] RTSpatialRefiner 0x71c8f7d2a880 (Used 0 MB), Loaded Geometries, ProbeArray 100000, Loaded 12, Type Point
[LIBGPUSPATIAL] [ 50742][17:27:12:738017][info  ] RTSpatialRefiner 0x71c8f7d2a880 (Used 0 MB), Evaluating 12 Geometry Pairs with Predicate Intersects
[LIBGPUSPATIAL] [ 50741][17:27:12:742294][info  ] RTSpatialIndex 0x71c8f400a800 (Used 0 MB), Allocate result buffer, memory consumption 0 MB, capacity 13
[LIBGPUSPATIAL] [ 50741][17:27:12:742434][info  ] RTSpatialIndex 0x71c8f400a800 (Used 0 MB), Probe Points, Size: 100000, Results: 13
[LIBGPUSPATIAL] [ 50741][17:27:12:742856][info  ] RTSpatialRefiner 0x71c8f7d2a880 (Used 0 MB), Loaded Geometries, ProbeArray 100000, Loaded 13, Type Point
[LIBGPUSPATIAL] [ 50741][17:27:12:742900][info  ] RTSpatialRefiner 0x71c8f7d2a880 (Used 0 MB), Evaluating 13 Geometry Pairs with Predicate Intersects
[LIBGPUSPATIAL] [ 50739][17:27:12:744466][info  ] RTSpatialIndex 0x71c8f400a800 (Used 0 MB), Allocate result buffer, memory consumption 0 MB, capacity 14
[LIBGPUSPATIAL] [ 50739][17:27:12:744608][info  ] RTSpatialIndex 0x71c8f400a800 (Used 0 MB), Probe Points, Size: 100000, Results: 14
[LIBGPUSPATIAL] [ 50745][17:27:12:745280][info  ] RTSpatialIndex 0x71c8f400a800 (Used 0 MB), Allocate result buffer, memory consumption 0 MB, capacity 17
[LIBGPUSPATIAL] [ 50739][17:27:12:745330][info  ] RTSpatialRefiner 0x71c8f7d2a880 (Used 0 MB), Loaded Geometries, ProbeArray 100000, Loaded 14, Type Point
[LIBGPUSPATIAL] [ 50739][17:27:12:745374][info  ] RTSpatialRefiner 0x71c8f7d2a880 (Used 0 MB), Evaluating 14 Geometry Pairs with Predicate Intersects
[LIBGPUSPATIAL] [ 50745][17:27:12:745440][info  ] RTSpatialIndex 0x71c8f400a800 (Used 0 MB), Probe Points, Size: 100000, Results: 17
[LIBGPUSPATIAL] [ 50745][17:27:12:746101][info  ] RTSpatialRefiner 0x71c8f7d2a880 (Used 3 MB), Loaded Geometries, ProbeArray 100000, Loaded 17, Type Point
[LIBGPUSPATIAL] [ 50745][17:27:12:746271][info  ] RTSpatialRefiner 0x71c8f7d2a880 (Used 3 MB), Evaluating 17 Geometry Pairs with Predicate Intersects
[LIBGPUSPATIAL] [ 50740][17:27:12:747194][info  ] RTSpatialIndex 0x71c8f400a800 (Used 2 MB), Allocate result buffer, memory consumption 0 MB, capacity 10
[LIBGPUSPATIAL] [ 50743][17:27:12:747707][info  ] RTSpatialIndex 0x71c8f400a800 (Used 2 MB), Allocate result buffer, memory consumption 0 MB, capacity 17
[LIBGPUSPATIAL] [ 50746][17:27:12:747885][info  ] RTSpatialIndex 0x71c8f400a800 (Used 2 MB), Allocate result buffer, memory consumption 0 MB, capacity 8
[LIBGPUSPATIAL] [ 50740][17:27:12:748112][info  ] RTSpatialIndex 0x71c8f400a800 (Used 2 MB), Probe Points, Size: 100000, Results: 10
[LIBGPUSPATIAL] [ 50743][17:27:12:748295][info  ] RTSpatialIndex 0x71c8f400a800 (Used 3 MB), Probe Points, Size: 100000, Results: 17
[LIBGPUSPATIAL] [ 50746][17:27:12:748905][info  ] RTSpatialIndex 0x71c8f400a800 (Used 1 MB), Probe Points, Size: 100000, Results: 8
[LIBGPUSPATIAL] [ 50744][17:27:12:749214][info  ] RTSpatialIndex 0x71c8f400a800 (Used 0 MB), Allocate result buffer, memory consumption 0 MB, capacity 17
[LIBGPUSPATIAL] [ 50743][17:27:12:749455][info  ] RTSpatialRefiner 0x71c8f7d2a880 (Used 0 MB), Loaded Geometries, ProbeArray 100000, Loaded 17, Type Point
[LIBGPUSPATIAL] [ 50743][17:27:12:749538][info  ] RTSpatialRefiner 0x71c8f7d2a880 (Used 0 MB), Evaluating 17 Geometry Pairs with Predicate Intersects
[LIBGPUSPATIAL] [ 50744][17:27:12:749645][info  ] RTSpatialIndex 0x71c8f400a800 (Used 0 MB), Probe Points, Size: 100000, Results: 17
[LIBGPUSPATIAL] [ 50740][17:27:12:749687][info  ] RTSpatialRefiner 0x71c8f7d2a880 (Used 0 MB), Loaded Geometries, ProbeArray 100000, Loaded 10, Type Point
[LIBGPUSPATIAL] [ 50740][17:27:12:749730][info  ] RTSpatialRefiner 0x71c8f7d2a880 (Used 0 MB), Evaluating 10 Geometry Pairs with Predicate Intersects
[LIBGPUSPATIAL] [ 50746][17:27:12:750251][info  ] RTSpatialRefiner 0x71c8f7d2a880 (Used 0 MB), Loaded Geometries, ProbeArray 100000, Loaded 8, Type Point
[LIBGPUSPATIAL] [ 50746][17:27:12:750347][info  ] RTSpatialRefiner 0x71c8f7d2a880 (Used 0 MB), Evaluating 8 Geometry Pairs with Predicate Intersects
[LIBGPUSPATIAL] [ 50742][17:27:12:752483][info  ] RTSpatialIndex 0x71c8f400a800 (Used 0 MB), Allocate result buffer, memory consumption 0 MB, capacity 20
[LIBGPUSPATIAL] [ 50742][17:27:12:752623][info  ] RTSpatialIndex 0x71c8f400a800 (Used 0 MB), Probe Points, Size: 100000, Results: 20
[LIBGPUSPATIAL] [ 50744][17:27:12:753606][info  ] RTSpatialRefiner 0x71c8f7d2a880 (Used 0 MB), Loaded Geometries, ProbeArray 100000, Loaded 17, Type Point
[LIBGPUSPATIAL] [ 50744][17:27:12:753652][info  ] RTSpatialRefiner 0x71c8f7d2a880 (Used 0 MB), Evaluating 17 Geometry Pairs with Predicate Intersects
[LIBGPUSPATIAL] [ 50742][17:27:12:754784][info  ] RTSpatialRefiner 0x71c8f7d2a880 (Used 0 MB), Loaded Geometries, ProbeArray 100000, Loaded 20, Type Point
[LIBGPUSPATIAL] [ 50742][17:27:12:754825][info  ] RTSpatialRefiner 0x71c8f7d2a880 (Used 0 MB), Evaluating 20 Geometry Pairs with Predicate Intersects
[LIBGPUSPATIAL] [ 50741][17:27:12:756733][info  ] RTSpatialIndex 0x71c8f400a800 (Used 0 MB), Allocate result buffer, memory consumption 0 MB, capacity 21
[LIBGPUSPATIAL] [ 50741][17:27:12:756848][info  ] RTSpatialIndex 0x71c8f400a800 (Used 0 MB), Probe Points, Size: 100000, Results: 21
[LIBGPUSPATIAL] [ 50741][17:27:12:757231][info  ] RTSpatialRefiner 0x71c8f7d2a880 (Used 0 MB), Loaded Geometries, ProbeArray 100000, Loaded 21, Type Point
[LIBGPUSPATIAL] [ 50741][17:27:12:757305][info  ] RTSpatialRefiner 0x71c8f7d2a880 (Used 0 MB), Evaluating 21 Geometry Pairs with Predicate Intersects
[LIBGPUSPATIAL] [ 50739][17:27:12:761529][info  ] RTSpatialIndex 0x71c8f400a800 (Used 1 MB), Allocate result buffer, memory consumption 0 MB, capacity 6
[LIBGPUSPATIAL] [ 50745][17:27:12:761558][info  ] RTSpatialIndex 0x71c8f400a800 (Used 1 MB), Allocate result buffer, memory consumption 0 MB, capacity 13
[LIBGPUSPATIAL] [ 50739][17:27:12:761667][info  ] RTSpatialIndex 0x71c8f400a800 (Used 1 MB), Probe Points, Size: 100000, Results: 6
[LIBGPUSPATIAL] [ 50745][17:27:12:762052][info  ] RTSpatialIndex 0x71c8f400a800 (Used 2 MB), Probe Points, Size: 100000, Results: 13
[LIBGPUSPATIAL] [ 50739][17:27:12:762373][info  ] RTSpatialRefiner 0x71c8f7d2a880 (Used 0 MB), Loaded Geometries, ProbeArray 100000, Loaded 6, Type Point
[LIBGPUSPATIAL] [ 50743][17:27:12:762428][info  ] RTSpatialIndex 0x71c8f400a800 (Used 0 MB), Allocate result buffer, memory consumption 0 MB, capacity 20
[LIBGPUSPATIAL] [ 50739][17:27:12:762432][info  ] RTSpatialRefiner 0x71c8f7d2a880 (Used 0 MB), Evaluating 6 Geometry Pairs with Predicate Intersects
[LIBGPUSPATIAL] [ 50743][17:27:12:762777][info  ] RTSpatialIndex 0x71c8f400a800 (Used 0 MB), Probe Points, Size: 100000, Results: 20
[LIBGPUSPATIAL] [ 50745][17:27:12:762981][info  ] RTSpatialRefiner 0x71c8f7d2a880 (Used 0 MB), Loaded Geometries, ProbeArray 100000, Loaded 13, Type Point
[LIBGPUSPATIAL] [ 50745][17:27:12:763056][info  ] RTSpatialRefiner 0x71c8f7d2a880 (Used 0 MB), Evaluating 13 Geometry Pairs with Predicate Intersects
[LIBGPUSPATIAL] [ 50743][17:27:12:763311][info  ] RTSpatialRefiner 0x71c8f7d2a880 (Used 1 MB), Loaded Geometries, ProbeArray 100000, Loaded 20, Type Point
[LIBGPUSPATIAL] [ 50743][17:27:12:763373][info  ] RTSpatialRefiner 0x71c8f7d2a880 (Used 1 MB), Evaluating 20 Geometry Pairs with Predicate Intersects
[LIBGPUSPATIAL] [ 50746][17:27:12:764312][info  ] RTSpatialIndex 0x71c8f400a800 (Used 2 MB), Allocate result buffer, memory consumption 0 MB, capacity 12
[LIBGPUSPATIAL] [ 50746][17:27:12:764813][info  ] RTSpatialIndex 0x71c8f400a800 (Used 1 MB), Probe Points, Size: 100000, Results: 12
[LIBGPUSPATIAL] [ 50740][17:27:12:765029][info  ] RTSpatialIndex 0x71c8f400a800 (Used 0 MB), Allocate result buffer, memory consumption 0 MB, capacity 21
[LIBGPUSPATIAL] [ 50740][17:27:12:765508][info  ] RTSpatialIndex 0x71c8f400a800 (Used 0 MB), Probe Points, Size: 100000, Results: 21
[LIBGPUSPATIAL] [ 50746][17:27:12:765612][info  ] RTSpatialRefiner 0x71c8f7d2a880 (Used 0 MB), Loaded Geometries, ProbeArray 100000, Loaded 12, Type Point
[LIBGPUSPATIAL] [ 50746][17:27:12:765987][info  ] RTSpatialRefiner 0x71c8f7d2a880 (Used 0 MB), Evaluating 12 Geometry Pairs with Predicate Intersects
[LIBGPUSPATIAL] [ 50744][17:27:12:765999][info  ] RTSpatialIndex 0x71c8f400a800 (Used 0 MB), Allocate result buffer, memory consumption 0 MB, capacity 19
[LIBGPUSPATIAL] [ 50744][17:27:12:766404][info  ] RTSpatialIndex 0x71c8f400a800 (Used 0 MB), Probe Points, Size: 100000, Results: 19
[LIBGPUSPATIAL] [ 50740][17:27:12:767122][info  ] RTSpatialRefiner 0x71c8f7d2a880 (Used 0 MB), Loaded Geometries, ProbeArray 100000, Loaded 21, Type Point
[LIBGPUSPATIAL] [ 50740][17:27:12:767170][info  ] RTSpatialRefiner 0x71c8f7d2a880 (Used 0 MB), Evaluating 21 Geometry Pairs with Predicate Intersects
[LIBGPUSPATIAL] [ 50744][17:27:12:767316][info  ] RTSpatialRefiner 0x71c8f7d2a880 (Used 0 MB), Loaded Geometries, ProbeArray 100000, Loaded 19, Type Point
[LIBGPUSPATIAL] [ 50744][17:27:12:767431][info  ] RTSpatialRefiner 0x71c8f7d2a880 (Used 0 MB), Evaluating 19 Geometry Pairs with Predicate Intersects
[LIBGPUSPATIAL] [ 50742][17:27:12:769223][info  ] RTSpatialIndex 0x71c8f400a800 (Used 0 MB), Allocate result buffer, memory consumption 0 MB, capacity 21
[LIBGPUSPATIAL] [ 50742][17:27:12:769391][info  ] RTSpatialIndex 0x71c8f400a800 (Used 0 MB), Probe Points, Size: 100000, Results: 21
[LIBGPUSPATIAL] [ 50742][17:27:12:769851][info  ] RTSpatialRefiner 0x71c8f7d2a880 (Used 0 MB), Loaded Geometries, ProbeArray 100000, Loaded 21, Type Point
[LIBGPUSPATIAL] [ 50742][17:27:12:769920][info  ] RTSpatialRefiner 0x71c8f7d2a880 (Used 1 MB), Evaluating 21 Geometry Pairs with Predicate Intersects
[LIBGPUSPATIAL] [ 50741][17:27:12:770465][info  ] RTSpatialIndex 0x71c8f400a800 (Used 0 MB), Allocate result buffer, memory consumption 0 MB, capacity 22
[LIBGPUSPATIAL] [ 50741][17:27:12:770610][info  ] RTSpatialIndex 0x71c8f400a800 (Used 0 MB), Probe Points, Size: 100000, Results: 22
[LIBGPUSPATIAL] [ 50741][17:27:12:771243][info  ] RTSpatialRefiner 0x71c8f7d2a880 (Used 0 MB), Loaded Geometries, ProbeArray 100000, Loaded 22, Type Point
[LIBGPUSPATIAL] [ 50741][17:27:12:771285][info  ] RTSpatialRefiner 0x71c8f7d2a880 (Used 0 MB), Evaluating 22 Geometry Pairs with Predicate Intersects
[LIBGPUSPATIAL] [ 50739][17:27:12:775940][info  ] RTSpatialIndex 0x71c8f400a800 (Used 0 MB), Allocate result buffer, memory consumption 0 MB, capacity 15
[LIBGPUSPATIAL] [ 50739][17:27:12:776613][info  ] RTSpatialIndex 0x71c8f400a800 (Used 1 MB), Probe Points, Size: 100000, Results: 15
[LIBGPUSPATIAL] [ 50743][17:27:12:776675][info  ] RTSpatialIndex 0x71c8f400a800 (Used 0 MB), Allocate result buffer, memory consumption 0 MB, capacity 17
[LIBGPUSPATIAL] [ 50743][17:27:12:777163][info  ] RTSpatialIndex 0x71c8f400a800 (Used 1 MB), Probe Points, Size: 100000, Results: 17
[LIBGPUSPATIAL] [ 50745][17:27:12:777344][info  ] RTSpatialIndex 0x71c8f400a800 (Used 0 MB), Allocate result buffer, memory consumption 0 MB, capacity 19
[LIBGPUSPATIAL] [ 50739][17:27:12:777351][info  ] RTSpatialRefiner 0x71c8f7d2a880 (Used 0 MB), Loaded Geometries, ProbeArray 100000, Loaded 15, Type Point
[LIBGPUSPATIAL] [ 50739][17:27:12:777407][info  ] RTSpatialRefiner 0x71c8f7d2a880 (Used 0 MB), Evaluating 15 Geometry Pairs with Predicate Intersects
[LIBGPUSPATIAL] [ 50743][17:27:12:777750][info  ] RTSpatialRefiner 0x71c8f7d2a880 (Used 0 MB), Loaded Geometries, ProbeArray 100000, Loaded 17, Type Point
[LIBGPUSPATIAL] [ 50745][17:27:12:777766][info  ] RTSpatialIndex 0x71c8f400a800 (Used 0 MB), Probe Points, Size: 100000, Results: 19
[LIBGPUSPATIAL] [ 50743][17:27:12:777817][info  ] RTSpatialRefiner 0x71c8f7d2a880 (Used 0 MB), Evaluating 17 Geometry Pairs with Predicate Intersects
[LIBGPUSPATIAL] [ 50745][17:27:12:778294][info  ] RTSpatialRefiner 0x71c8f7d2a880 (Used 0 MB), Loaded Geometries, ProbeArray 100000, Loaded 19, Type Point
[LIBGPUSPATIAL] [ 50745][17:27:12:778339][info  ] RTSpatialRefiner 0x71c8f7d2a880 (Used 0 MB), Evaluating 19 Geometry Pairs with Predicate Intersects
[LIBGPUSPATIAL] [ 50746][17:27:12:779733][info  ] RTSpatialIndex 0x71c8f400a800 (Used 0 MB), Allocate result buffer, memory consumption 0 MB, capacity 17
[LIBGPUSPATIAL] [ 50746][17:27:12:779869][info  ] RTSpatialIndex 0x71c8f400a800 (Used 0 MB), Probe Points, Size: 100000, Results: 17
[LIBGPUSPATIAL] [ 50744][17:27:12:780699][info  ] RTSpatialIndex 0x71c8f400a800 (Used 0 MB), Allocate result buffer, memory consumption 0 MB, capacity 12
[LIBGPUSPATIAL] [ 50744][17:27:12:780840][info  ] RTSpatialIndex 0x71c8f400a800 (Used 0 MB), Probe Points, Size: 100000, Results: 12
[LIBGPUSPATIAL] [ 50740][17:27:12:781384][info  ] RTSpatialIndex 0x71c8f400a800 (Used 0 MB), Allocate result buffer, memory consumption 0 MB, capacity 17
[LIBGPUSPATIAL] [ 50746][17:27:12:781390][info  ] RTSpatialRefiner 0x71c8f7d2a880 (Used 0 MB), Loaded Geometries, ProbeArray 100000, Loaded 17, Type Point
[LIBGPUSPATIAL] [ 50746][17:27:12:781445][info  ] RTSpatialRefiner 0x71c8f7d2a880 (Used 0 MB), Evaluating 17 Geometry Pairs with Predicate Intersects
[LIBGPUSPATIAL] [ 50744][17:27:12:781746][info  ] RTSpatialRefiner 0x71c8f7d2a880 (Used 0 MB), Loaded Geometries, ProbeArray 100000, Loaded 12, Type Point
[LIBGPUSPATIAL] [ 50744][17:27:12:781786][info  ] RTSpatialRefiner 0x71c8f7d2a880 (Used 0 MB), Evaluating 12 Geometry Pairs with Predicate Intersects
[LIBGPUSPATIAL] [ 50740][17:27:12:782181][info  ] RTSpatialIndex 0x71c8f400a800 (Used 0 MB), Probe Points, Size: 100000, Results: 17
[LIBGPUSPATIAL] [ 50740][17:27:12:784305][info  ] RTSpatialRefiner 0x71c8f7d2a880 (Used 0 MB), Loaded Geometries, ProbeArray 100000, Loaded 17, Type Point
[LIBGPUSPATIAL] [ 50740][17:27:12:784352][info  ] RTSpatialRefiner 0x71c8f7d2a880 (Used 0 MB), Evaluating 17 Geometry Pairs with Predicate Intersects
[LIBGPUSPATIAL] [ 50741][17:27:12:785265][info  ] RTSpatialIndex 0x71c8f400a800 (Used 0 MB), Allocate result buffer, memory consumption 0 MB, capacity 16
[LIBGPUSPATIAL] [ 50741][17:27:12:785838][info  ] RTSpatialIndex 0x71c8f400a800 (Used 1 MB), Probe Points, Size: 100000, Results: 16
[LIBGPUSPATIAL] [ 50742][17:27:12:785985][info  ] RTSpatialIndex 0x71c8f400a800 (Used 0 MB), Allocate result buffer, memory consumption 0 MB, capacity 16
[LIBGPUSPATIAL] [ 50741][17:27:12:786389][info  ] RTSpatialRefiner 0x71c8f7d2a880 (Used 0 MB), Loaded Geometries, ProbeArray 100000, Loaded 16, Type Point
[LIBGPUSPATIAL] [ 50741][17:27:12:786434][info  ] RTSpatialRefiner 0x71c8f7d2a880 (Used 0 MB), Evaluating 16 Geometry Pairs with Predicate Intersects
[LIBGPUSPATIAL] [ 50742][17:27:12:786465][info  ] RTSpatialIndex 0x71c8f400a800 (Used 0 MB), Probe Points, Size: 100000, Results: 16
[LIBGPUSPATIAL] [ 50742][17:27:12:788229][info  ] RTSpatialRefiner 0x71c8f7d2a880 (Used 0 MB), Loaded Geometries, ProbeArray 100000, Loaded 16, Type Point
[LIBGPUSPATIAL] [ 50742][17:27:12:788325][info  ] RTSpatialRefiner 0x71c8f7d2a880 (Used 0 MB), Evaluating 16 Geometry Pairs with Predicate Intersects
[LIBGPUSPATIAL] [ 50745][17:27:12:790709][info  ] RTSpatialIndex 0x71c8f400a800 (Used 2 MB), Allocate result buffer, memory consumption 0 MB, capacity 9
[LIBGPUSPATIAL] [ 50745][17:27:12:791350][info  ] RTSpatialIndex 0x71c8f400a800 (Used 2 MB), Probe Points, Size: 100000, Results: 9
[LIBGPUSPATIAL] [ 50743][17:27:12:791400][info  ] RTSpatialIndex 0x71c8f400a800 (Used 1 MB), Allocate result buffer, memory consumption 0 MB, capacity 16
[LIBGPUSPATIAL] [ 50739][17:27:12:791493][info  ] RTSpatialIndex 0x71c8f400a800 (Used 1 MB), Allocate result buffer, memory consumption 0 MB, capacity 10
[LIBGPUSPATIAL] [ 50743][17:27:12:791842][info  ] RTSpatialIndex 0x71c8f400a800 (Used 1 MB), Probe Points, Size: 100000, Results: 16
[LIBGPUSPATIAL] [ 50739][17:27:12:791920][info  ] RTSpatialIndex 0x71c8f400a800 (Used 0 MB), Probe Points, Size: 100000, Results: 10
[LIBGPUSPATIAL] [ 50745][17:27:12:792113][info  ] RTSpatialRefiner 0x71c8f7d2a880 (Used 0 MB), Loaded Geometries, ProbeArray 100000, Loaded 9, Type Point
[LIBGPUSPATIAL] [ 50745][17:27:12:792154][info  ] RTSpatialRefiner 0x71c8f7d2a880 (Used 0 MB), Evaluating 9 Geometry Pairs with Predicate Intersects
[LIBGPUSPATIAL] [ 50743][17:27:12:792467][info  ] RTSpatialRefiner 0x71c8f7d2a880 (Used 0 MB), Loaded Geometries, ProbeArray 100000, Loaded 16, Type Point
[LIBGPUSPATIAL] [ 50739][17:27:12:792500][info  ] RTSpatialRefiner 0x71c8f7d2a880 (Used 0 MB), Loaded Geometries, ProbeArray 100000, Loaded 10, Type Point
[LIBGPUSPATIAL] [ 50739][17:27:12:792542][info  ] RTSpatialRefiner 0x71c8f7d2a880 (Used 0 MB), Evaluating 10 Geometry Pairs with Predicate Intersects
[LIBGPUSPATIAL] [ 50743][17:27:12:792591][info  ] RTSpatialRefiner 0x71c8f7d2a880 (Used 0 MB), Evaluating 16 Geometry Pairs with Predicate Intersects
[LIBGPUSPATIAL] [ 50746][17:27:12:795060][info  ] RTSpatialIndex 0x71c8f400a800 (Used 0 MB), Allocate result buffer, memory consumption 0 MB, capacity 15
[LIBGPUSPATIAL] [ 50746][17:27:12:795335][info  ] RTSpatialIndex 0x71c8f400a800 (Used 0 MB), Probe Points, Size: 100000, Results: 15
[LIBGPUSPATIAL] [ 50744][17:27:12:795822][info  ] RTSpatialIndex 0x71c8f400a800 (Used 0 MB), Allocate result buffer, memory consumption 0 MB, capacity 18
[LIBGPUSPATIAL] [ 50744][17:27:12:795949][info  ] RTSpatialIndex 0x71c8f400a800 (Used 0 MB), Probe Points, Size: 100000, Results: 18
[LIBGPUSPATIAL] [ 50746][17:27:12:796174][info  ] RTSpatialRefiner 0x71c8f7d2a880 (Used 0 MB), Loaded Geometries, ProbeArray 100000, Loaded 15, Type Point
[LIBGPUSPATIAL] [ 50746][17:27:12:796221][info  ] RTSpatialRefiner 0x71c8f7d2a880 (Used 0 MB), Evaluating 15 Geometry Pairs with Predicate Intersects
[LIBGPUSPATIAL] [ 50744][17:27:12:798737][info  ] RTSpatialRefiner 0x71c8f7d2a880 (Used 1 MB), Loaded Geometries, ProbeArray 100000, Loaded 18, Type Point
[LIBGPUSPATIAL] [ 50744][17:27:12:798797][info  ] RTSpatialRefiner 0x71c8f7d2a880 (Used 1 MB), Evaluating 18 Geometry Pairs with Predicate Intersects
[LIBGPUSPATIAL] [ 50740][17:27:12:799202][info  ] RTSpatialIndex 0x71c8f400a800 (Used 0 MB), Allocate result buffer, memory consumption 0 MB, capacity 17
[LIBGPUSPATIAL] [ 50740][17:27:12:799538][info  ] RTSpatialIndex 0x71c8f400a800 (Used 0 MB), Probe Points, Size: 100000, Results: 17
[LIBGPUSPATIAL] [ 50741][17:27:12:800221][info  ] RTSpatialIndex 0x71c8f400a800 (Used 0 MB), Allocate result buffer, memory consumption 0 MB, capacity 18
[LIBGPUSPATIAL] [ 50740][17:27:12:800244][info  ] RTSpatialRefiner 0x71c8f7d2a880 (Used 0 MB), Loaded Geometries, ProbeArray 100000, Loaded 17, Type Point
[LIBGPUSPATIAL] [ 50740][17:27:12:800328][info  ] RTSpatialRefiner 0x71c8f7d2a880 (Used 0 MB), Evaluating 17 Geometry Pairs with Predicate Intersects
[LIBGPUSPATIAL] [ 50741][17:27:12:800389][info  ] RTSpatialIndex 0x71c8f400a800 (Used 0 MB), Probe Points, Size: 100000, Results: 18
[LIBGPUSPATIAL] [ 50741][17:27:12:800952][info  ] RTSpatialRefiner 0x71c8f7d2a880 (Used 0 MB), Loaded Geometries, ProbeArray 100000, Loaded 18, Type Point
[LIBGPUSPATIAL] [ 50741][17:27:12:800996][info  ] RTSpatialRefiner 0x71c8f7d2a880 (Used 0 MB), Evaluating 18 Geometry Pairs with Predicate Intersects
[LIBGPUSPATIAL] [ 50742][17:27:12:802732][info  ] RTSpatialIndex 0x71c8f400a800 (Used 0 MB), Allocate result buffer, memory consumption 0 MB, capacity 20
[LIBGPUSPATIAL] [ 50742][17:27:12:802841][info  ] RTSpatialIndex 0x71c8f400a800 (Used 0 MB), Probe Points, Size: 100000, Results: 20
[LIBGPUSPATIAL] [ 50742][17:27:12:803219][info  ] RTSpatialRefiner 0x71c8f7d2a880 (Used 0 MB), Loaded Geometries, ProbeArray 100000, Loaded 20, Type Point
[LIBGPUSPATIAL] [ 50742][17:27:12:803255][info  ] RTSpatialRefiner 0x71c8f7d2a880 (Used 0 MB), Evaluating 20 Geometry Pairs with Predicate Intersects
[LIBGPUSPATIAL] [ 50739][17:27:12:805958][info  ] RTSpatialIndex 0x71c8f400a800 (Used 0 MB), Allocate result buffer, memory consumption 0 MB, capacity 21
[LIBGPUSPATIAL] [ 50739][17:27:12:810461][info  ] RTSpatialIndex 0x71c8f400a800 (Used 4 MB), Probe Points, Size: 100000, Results: 21
[LIBGPUSPATIAL] [ 50743][17:27:12:810648][info  ] RTSpatialIndex 0x71c8f400a800 (Used 2 MB), Allocate result buffer, memory consumption 0 MB, capacity 15
[LIBGPUSPATIAL] [ 50745][17:27:12:810778][info  ] RTSpatialIndex 0x71c8f400a800 (Used 2 MB), Allocate result buffer, memory consumption 0 MB, capacity 21
[LIBGPUSPATIAL] [ 50746][17:27:12:811357][info  ] RTSpatialIndex 0x71c8f400a800 (Used 2 MB), Allocate result buffer, memory consumption 0 MB, capacity 21
[LIBGPUSPATIAL] [ 50739][17:27:12:811368][info  ] RTSpatialRefiner 0x71c8f7d2a880 (Used 2 MB), Loaded Geometries, ProbeArray 100000, Loaded 21, Type Point
[LIBGPUSPATIAL] [ 50739][17:27:12:811546][info  ] RTSpatialRefiner 0x71c8f7d2a880 (Used 2 MB), Evaluating 21 Geometry Pairs with Predicate Intersects
[LIBGPUSPATIAL] [ 50745][17:27:12:811711][info  ] RTSpatialIndex 0x71c8f400a800 (Used 3 MB), Probe Points, Size: 100000, Results: 21
[LIBGPUSPATIAL] [ 50746][17:27:12:812021][info  ] RTSpatialIndex 0x71c8f400a800 (Used 3 MB), Probe Points, Size: 100000, Results: 21
[LIBGPUSPATIAL] [ 50743][17:27:12:812382][info  ] RTSpatialIndex 0x71c8f400a800 (Used 4 MB), Probe Points, Size: 100000, Results: 15
[LIBGPUSPATIAL] [ 50740][17:27:12:812760][info  ] RTSpatialIndex 0x71c8f400a800 (Used 4 MB), Allocate result buffer, memory consumption 0 MB, capacity 14
[LIBGPUSPATIAL] [ 50746][17:27:12:813256][info  ] RTSpatialRefiner 0x71c8f7d2a880 (Used 4 MB), Loaded Geometries, ProbeArray 100000, Loaded 21, Type Point
[LIBGPUSPATIAL] [ 50746][17:27:12:813338][info  ] RTSpatialRefiner 0x71c8f7d2a880 (Used 4 MB), Evaluating 21 Geometry Pairs with Predicate Intersects
[LIBGPUSPATIAL] [ 50743][17:27:12:813403][info  ] RTSpatialRefiner 0x71c8f7d2a880 (Used 4 MB), Loaded Geometries, ProbeArray 100000, Loaded 15, Type Point
[LIBGPUSPATIAL] [ 50743][17:27:12:813470][info  ] RTSpatialRefiner 0x71c8f7d2a880 (Used 3 MB), Evaluating 15 Geometry Pairs with Predicate Intersects
[LIBGPUSPATIAL] [ 50744][17:27:12:813538][info  ] RTSpatialIndex 0x71c8f400a800 (Used 3 MB), Allocate result buffer, memory consumption 0 MB, capacity 18
[LIBGPUSPATIAL] [ 50745][17:27:12:813662][info  ] RTSpatialRefiner 0x71c8f7d2a880 (Used 3 MB), Loaded Geometries, ProbeArray 100000, Loaded 21, Type Point
[LIBGPUSPATIAL] [ 50745][17:27:12:813736][info  ] RTSpatialRefiner 0x71c8f7d2a880 (Used 3 MB), Evaluating 21 Geometry Pairs with Predicate Intersects
[LIBGPUSPATIAL] [ 50740][17:27:12:814125][info  ] RTSpatialIndex 0x71c8f400a800 (Used 3 MB), Probe Points, Size: 100000, Results: 14
[LIBGPUSPATIAL] [ 50741][17:27:12:814274][info  ] RTSpatialIndex 0x71c8f400a800 (Used 2 MB), Allocate result buffer, memory consumption 0 MB, capacity 13
[LIBGPUSPATIAL] [ 50742][17:27:12:814583][info  ] RTSpatialIndex 0x71c8f400a800 (Used 2 MB), Allocate result buffer, memory consumption 0 MB, capacity 17
[LIBGPUSPATIAL] [ 50744][17:27:12:814959][info  ] RTSpatialIndex 0x71c8f400a800 (Used 2 MB), Probe Points, Size: 100000, Results: 18
[LIBGPUSPATIAL] [ 50740][17:27:12:815142][info  ] RTSpatialRefiner 0x71c8f7d2a880 (Used 1 MB), Loaded Geometries, ProbeArray 100000, Loaded 14, Type Point
[LIBGPUSPATIAL] [ 50740][17:27:12:815242][info  ] RTSpatialRefiner 0x71c8f7d2a880 (Used 1 MB), Evaluating 14 Geometry Pairs with Predicate Intersects
[LIBGPUSPATIAL] [ 50741][17:27:12:815425][info  ] RTSpatialIndex 0x71c8f400a800 (Used 1 MB), Probe Points, Size: 100000, Results: 13
[LIBGPUSPATIAL] [ 50744][17:27:12:815732][info  ] RTSpatialRefiner 0x71c8f7d2a880 (Used 1 MB), Loaded Geometries, ProbeArray 100000, Loaded 18, Type Point
[LIBGPUSPATIAL] [ 50744][17:27:12:815800][info  ] RTSpatialRefiner 0x71c8f7d2a880 (Used 1 MB), Evaluating 18 Geometry Pairs with Predicate Intersects
[LIBGPUSPATIAL] [ 50742][17:27:12:815826][info  ] RTSpatialIndex 0x71c8f400a800 (Used 1 MB), Probe Points, Size: 100000, Results: 17
[LIBGPUSPATIAL] [ 50741][17:27:12:816314][info  ] RTSpatialRefiner 0x71c8f7d2a880 (Used 0 MB), Loaded Geometries, ProbeArray 100000, Loaded 13, Type Point
[LIBGPUSPATIAL] [ 50742][17:27:12:816364][info  ] RTSpatialRefiner 0x71c8f7d2a880 (Used 0 MB), Loaded Geometries, ProbeArray 100000, Loaded 17, Type Point
[LIBGPUSPATIAL] [ 50741][17:27:12:816370][info  ] RTSpatialRefiner 0x71c8f7d2a880 (Used 0 MB), Evaluating 13 Geometry Pairs with Predicate Intersects
[LIBGPUSPATIAL] [ 50742][17:27:12:816411][info  ] RTSpatialRefiner 0x71c8f7d2a880 (Used 0 MB), Evaluating 17 Geometry Pairs with Predicate Intersects
[LIBGPUSPATIAL] [ 50739][17:27:12:827673][info  ] RTSpatialIndex 0x71c8f400a800 (Used 0 MB), Allocate result buffer, memory consumption 0 MB, capacity 10
[LIBGPUSPATIAL] [ 50739][17:27:12:827804][info  ] RTSpatialIndex 0x71c8f400a800 (Used 0 MB), Probe Points, Size: 100000, Results: 10
[LIBGPUSPATIAL] [ 50743][17:27:12:828425][info  ] RTSpatialIndex 0x71c8f400a800 (Used 0 MB), Allocate result buffer, memory consumption 0 MB, capacity 17
[LIBGPUSPATIAL] [ 50743][17:27:12:828519][info  ] RTSpatialIndex 0x71c8f400a800 (Used 0 MB), Probe Points, Size: 100000, Results: 17
[LIBGPUSPATIAL] [ 50739][17:27:12:830784][info  ] RTSpatialRefiner 0x71c8f7d2a880 (Used 1 MB), Loaded Geometries, ProbeArray 100000, Loaded 10, Type Point
[LIBGPUSPATIAL] [ 50743][17:27:12:830784][info  ] RTSpatialRefiner 0x71c8f7d2a880 (Used 1 MB), Loaded Geometries, ProbeArray 100000, Loaded 17, Type Point
[LIBGPUSPATIAL] [ 50739][17:27:12:830904][info  ] RTSpatialRefiner 0x71c8f7d2a880 (Used 1 MB), Evaluating 10 Geometry Pairs with Predicate Intersects
[LIBGPUSPATIAL] [ 50743][17:27:12:830987][info  ] RTSpatialRefiner 0x71c8f7d2a880 (Used 1 MB), Evaluating 17 Geometry Pairs with Predicate Intersects
[LIBGPUSPATIAL] [ 50746][17:27:12:832336][info  ] RTSpatialIndex 0x71c8f400a800 (Used 4 MB), Allocate result buffer, memory consumption 0 MB, capacity 20
[LIBGPUSPATIAL] [ 50744][17:27:12:832919][info  ] RTSpatialIndex 0x71c8f400a800 (Used 5 MB), Allocate result buffer, memory consumption 0 MB, capacity 17
[LIBGPUSPATIAL] [ 50742][17:27:12:833113][info  ] RTSpatialIndex 0x71c8f400a800 (Used 4 MB), Allocate result buffer, memory consumption 0 MB, capacity 16
[LIBGPUSPATIAL] [ 50741][17:27:12:833202][info  ] RTSpatialIndex 0x71c8f400a800 (Used 4 MB), Allocate result buffer, memory consumption 0 MB, capacity 16
[LIBGPUSPATIAL] [ 50742][17:27:12:833305][info  ] RTSpatialIndex 0x71c8f400a800 (Used 4 MB), Probe Points, Size: 100000, Results: 16
[LIBGPUSPATIAL] [ 50740][17:27:12:833479][info  ] RTSpatialIndex 0x71c8f400a800 (Used 4 MB), Allocate result buffer, memory consumption 0 MB, capacity 10
[LIBGPUSPATIAL] [ 50745][17:27:12:833910][info  ] RTSpatialIndex 0x71c8f400a800 (Used 3 MB), Allocate result buffer, memory consumption 0 MB, capacity 17
[LIBGPUSPATIAL] [ 50742][17:27:12:834125][info  ] RTSpatialRefiner 0x71c8f7d2a880 (Used 3 MB), Loaded Geometries, ProbeArray 100000, Loaded 16, Type Point
[LIBGPUSPATIAL] [ 50742][17:27:12:834180][info  ] RTSpatialRefiner 0x71c8f7d2a880 (Used 3 MB), Evaluating 16 Geometry Pairs with Predicate Intersects
[LIBGPUSPATIAL] [ 50744][17:27:12:834222][info  ] RTSpatialIndex 0x71c8f400a800 (Used 3 MB), Probe Points, Size: 100000, Results: 17
[LIBGPUSPATIAL] [ 50745][17:27:12:834431][info  ] RTSpatialIndex 0x71c8f400a800 (Used 3 MB), Probe Points, Size: 100000, Results: 17
[LIBGPUSPATIAL] [ 50741][17:27:12:834621][info  ] RTSpatialIndex 0x71c8f400a800 (Used 2 MB), Probe Points, Size: 100000, Results: 16
[LIBGPUSPATIAL] [ 50740][17:27:12:834730][info  ] RTSpatialIndex 0x71c8f400a800 (Used 1 MB), Probe Points, Size: 100000, Results: 10
[LIBGPUSPATIAL] [ 50746][17:27:12:835108][info  ] RTSpatialIndex 0x71c8f400a800 (Used 0 MB), Probe Points, Size: 100000, Results: 20
[LIBGPUSPATIAL] [ 50740][17:27:12:835279][info  ] RTSpatialRefiner 0x71c8f7d2a880 (Used 0 MB), Loaded Geometries, ProbeArray 100000, Loaded 10, Type Point
[LIBGPUSPATIAL] [ 50740][17:27:12:835324][info  ] RTSpatialRefiner 0x71c8f7d2a880 (Used 0 MB), Evaluating 10 Geometry Pairs with Predicate Intersects
[LIBGPUSPATIAL] [ 50744][17:27:12:835870][info  ] RTSpatialRefiner 0x71c8f7d2a880 (Used 0 MB), Loaded Geometries, ProbeArray 100000, Loaded 17, Type Point
[LIBGPUSPATIAL] [ 50744][17:27:12:835912][info  ] RTSpatialRefiner 0x71c8f7d2a880 (Used 0 MB), Evaluating 17 Geometry Pairs with Predicate Intersects
[LIBGPUSPATIAL] [ 50746][17:27:12:836142][info  ] RTSpatialRefiner 0x71c8f7d2a880 (Used 0 MB), Loaded Geometries, ProbeArray 100000, Loaded 20, Type Point
[LIBGPUSPATIAL] [ 50746][17:27:12:836193][info  ] RTSpatialRefiner 0x71c8f7d2a880 (Used 0 MB), Evaluating 20 Geometry Pairs with Predicate Intersects
[LIBGPUSPATIAL] [ 50745][17:27:12:837594][info  ] RTSpatialRefiner 0x71c8f7d2a880 (Used 0 MB), Loaded Geometries, ProbeArray 100000, Loaded 17, Type Point
[LIBGPUSPATIAL] [ 50741][17:27:12:837600][info  ] RTSpatialRefiner 0x71c8f7d2a880 (Used 0 MB), Loaded Geometries, ProbeArray 100000, Loaded 16, Type Point
[LIBGPUSPATIAL] [ 50745][17:27:12:837645][info  ] RTSpatialRefiner 0x71c8f7d2a880 (Used 0 MB), Evaluating 17 Geometry Pairs with Predicate Intersects
[LIBGPUSPATIAL] [ 50741][17:27:12:837696][info  ] RTSpatialRefiner 0x71c8f7d2a880 (Used 0 MB), Evaluating 16 Geometry Pairs with Predicate Intersects
[LIBGPUSPATIAL] [ 50743][17:27:12:846433][info  ] RTSpatialIndex 0x71c8f400a800 (Used 2 MB), Allocate result buffer, memory consumption 0 MB, capacity 11
[LIBGPUSPATIAL] [ 50743][17:27:12:846908][info  ] RTSpatialIndex 0x71c8f400a800 (Used 1 MB), Probe Points, Size: 100000, Results: 11
[LIBGPUSPATIAL] [ 50739][17:27:12:846954][info  ] RTSpatialIndex 0x71c8f400a800 (Used 0 MB), Allocate result buffer, memory consumption 0 MB, capacity 11
[LIBGPUSPATIAL] [ 50739][17:27:12:847324][info  ] RTSpatialIndex 0x71c8f400a800 (Used 0 MB), Probe Points, Size: 100000, Results: 11
[LIBGPUSPATIAL] [ 50742][17:27:12:848144][info  ] RTSpatialIndex 0x71c8f400a800 (Used 0 MB), Allocate result buffer, memory consumption 0 MB, capacity 16
[LIBGPUSPATIAL] [ 50742][17:27:12:848334][info  ] RTSpatialIndex 0x71c8f400a800 (Used 2 MB), Probe Points, Size: 100000, Results: 16
[LIBGPUSPATIAL] [ 50743][17:27:12:848625][info  ] RTSpatialRefiner 0x71c8f7d2a880 (Used 0 MB), Loaded Geometries, ProbeArray 100000, Loaded 11, Type Point
[LIBGPUSPATIAL] [ 50740][17:27:12:848750][info  ] RTSpatialIndex 0x71c8f400a800 (Used 2 MB), Allocate result buffer, memory consumption 0 MB, capacity 20
[LIBGPUSPATIAL] [ 50743][17:27:12:848785][info  ] RTSpatialRefiner 0x71c8f7d2a880 (Used 2 MB), Evaluating 11 Geometry Pairs with Predicate Intersects
[LIBGPUSPATIAL] [ 50742][17:27:12:849117][info  ] RTSpatialRefiner 0x71c8f7d2a880 (Used 1 MB), Loaded Geometries, ProbeArray 100000, Loaded 16, Type Point
[LIBGPUSPATIAL] [ 50739][17:27:12:849146][info  ] RTSpatialRefiner 0x71c8f7d2a880 (Used 1 MB), Loaded Geometries, ProbeArray 100000, Loaded 11, Type Point
[LIBGPUSPATIAL] [ 50742][17:27:12:849172][info  ] RTSpatialRefiner 0x71c8f7d2a880 (Used 1 MB), Evaluating 16 Geometry Pairs with Predicate Intersects
[LIBGPUSPATIAL] [ 50739][17:27:12:849237][info  ] RTSpatialRefiner 0x71c8f7d2a880 (Used 1 MB), Evaluating 11 Geometry Pairs with Predicate Intersects
[LIBGPUSPATIAL] [ 50740][17:27:12:849382][info  ] RTSpatialIndex 0x71c8f400a800 (Used 1 MB), Probe Points, Size: 100000, Results: 20
[LIBGPUSPATIAL] [ 50746][17:27:12:849514][info  ] RTSpatialIndex 0x71c8f400a800 (Used 2 MB), Allocate result buffer, memory consumption 0 MB, capacity 11
[LIBGPUSPATIAL] [ 50740][17:27:12:850138][info  ] RTSpatialRefiner 0x71c8f7d2a880 (Used 3 MB), Loaded Geometries, ProbeArray 100000, Loaded 20, Type Point
[LIBGPUSPATIAL] [ 50740][17:27:12:850329][info  ] RTSpatialRefiner 0x71c8f7d2a880 (Used 4 MB), Evaluating 20 Geometry Pairs with Predicate Intersects
[LIBGPUSPATIAL] [ 50746][17:27:12:850384][info  ] RTSpatialIndex 0x71c8f400a800 (Used 2 MB), Probe Points, Size: 100000, Results: 11
[LIBGPUSPATIAL] [ 50744][17:27:12:851145][info  ] RTSpatialIndex 0x71c8f400a800 (Used 2 MB), Allocate result buffer, memory consumption 0 MB, capacity 9
[LIBGPUSPATIAL] [ 50746][17:27:12:851188][info  ] RTSpatialRefiner 0x71c8f7d2a880 (Used 2 MB), Loaded Geometries, ProbeArray 100000, Loaded 11, Type Point
[LIBGPUSPATIAL] [ 50746][17:27:12:851224][info  ] RTSpatialRefiner 0x71c8f7d2a880 (Used 2 MB), Evaluating 11 Geometry Pairs with Predicate Intersects
[LIBGPUSPATIAL] [ 50745][17:27:12:851267][info  ] RTSpatialIndex 0x71c8f400a800 (Used 2 MB), Allocate result buffer, memory consumption 0 MB, capacity 13
[LIBGPUSPATIAL] [ 50741][17:27:12:851793][info  ] RTSpatialIndex 0x71c8f400a800 (Used 2 MB), Allocate result buffer, memory consumption 0 MB, capacity 15
[LIBGPUSPATIAL] [ 50744][17:27:12:852100][info  ] RTSpatialIndex 0x71c8f400a800 (Used 2 MB), Probe Points, Size: 100000, Results: 9
[LIBGPUSPATIAL] [ 50745][17:27:12:852158][info  ] RTSpatialIndex 0x71c8f400a800 (Used 1 MB), Probe Points, Size: 100000, Results: 13
[LIBGPUSPATIAL] [ 50741][17:27:12:852630][info  ] RTSpatialIndex 0x71c8f400a800 (Used 0 MB), Probe Points, Size: 100000, Results: 15
[LIBGPUSPATIAL] [ 50745][17:27:12:852875][info  ] RTSpatialRefiner 0x71c8f7d2a880 (Used 0 MB), Loaded Geometries, ProbeArray 100000, Loaded 13, Type Point
[LIBGPUSPATIAL] [ 50745][17:27:12:852929][info  ] RTSpatialRefiner 0x71c8f7d2a880 (Used 0 MB), Evaluating 13 Geometry Pairs with Predicate Intersects
[LIBGPUSPATIAL] [ 50744][17:27:12:852880][info  ] RTSpatialRefiner 0x71c8f7d2a880 (Used 0 MB), Loaded Geometries, ProbeArray 100000, Loaded 9, Type Point
[LIBGPUSPATIAL] [ 50744][17:27:12:852988][info  ] RTSpatialRefiner 0x71c8f7d2a880 (Used 0 MB), Evaluating 9 Geometry Pairs with Predicate Intersects
[LIBGPUSPATIAL] [ 50741][17:27:12:853435][info  ] RTSpatialRefiner 0x71c8f7d2a880 (Used 0 MB), Loaded Geometries, ProbeArray 100000, Loaded 15, Type Point
[LIBGPUSPATIAL] [ 50741][17:27:12:853525][info  ] RTSpatialRefiner 0x71c8f7d2a880 (Used 0 MB), Evaluating 15 Geometry Pairs with Predicate Intersects
[LIBGPUSPATIAL] [ 50742][17:27:12:865002][info  ] RTSpatialIndex 0x71c8f400a800 (Used 3 MB), Allocate result buffer, memory consumption 0 MB, capacity 11
[LIBGPUSPATIAL] [ 50739][17:27:12:865003][info  ] RTSpatialIndex 0x71c8f400a800 (Used 3 MB), Allocate result buffer, memory consumption 0 MB, capacity 20
[LIBGPUSPATIAL] [ 50743][17:27:12:865369][info  ] RTSpatialIndex 0x71c8f400a800 (Used 3 MB), Allocate result buffer, memory consumption 0 MB, capacity 17
[LIBGPUSPATIAL] [ 50739][17:27:12:865643][info  ] RTSpatialIndex 0x71c8f400a800 (Used 3 MB), Probe Points, Size: 100000, Results: 20
[LIBGPUSPATIAL] [ 50743][17:27:12:865834][info  ] RTSpatialIndex 0x71c8f400a800 (Used 2 MB), Probe Points, Size: 100000, Results: 17
[LIBGPUSPATIAL] [ 50746][17:27:12:866071][info  ] RTSpatialIndex 0x71c8f400a800 (Used 1 MB), Allocate result buffer, memory consumption 0 MB, capacity 23
[LIBGPUSPATIAL] [ 50739][17:27:12:867156][info  ] RTSpatialRefiner 0x71c8f7d2a880 (Used 5 MB), Loaded Geometries, ProbeArray 100000, Loaded 20, Type Point
[LIBGPUSPATIAL] [ 50739][17:27:12:867216][info  ] RTSpatialRefiner 0x71c8f7d2a880 (Used 5 MB), Evaluating 20 Geometry Pairs with Predicate Intersects
[LIBGPUSPATIAL] [ 50743][17:27:12:867393][info  ] RTSpatialRefiner 0x71c8f7d2a880 (Used 4 MB), Loaded Geometries, ProbeArray 100000, Loaded 17, Type Point
[LIBGPUSPATIAL] [ 50743][17:27:12:867465][info  ] RTSpatialRefiner 0x71c8f7d2a880 (Used 4 MB), Evaluating 17 Geometry Pairs with Predicate Intersects
[LIBGPUSPATIAL] [ 50742][17:27:12:867470][info  ] RTSpatialIndex 0x71c8f400a800 (Used 4 MB), Probe Points, Size: 100000, Results: 11
[LIBGPUSPATIAL] [ 50746][17:27:12:867648][info  ] RTSpatialIndex 0x71c8f400a800 (Used 3 MB), Probe Points, Size: 100000, Results: 23
[LIBGPUSPATIAL] [ 50741][17:27:12:867771][info  ] RTSpatialIndex 0x71c8f400a800 (Used 3 MB), Allocate result buffer, memory consumption 0 MB, capacity 19
[LIBGPUSPATIAL] [ 50744][17:27:12:868099][info  ] RTSpatialIndex 0x71c8f400a800 (Used 3 MB), Allocate result buffer, memory consumption 0 MB, capacity 14
[LIBGPUSPATIAL] [ 50742][17:27:12:868337][info  ] RTSpatialRefiner 0x71c8f7d2a880 (Used 3 MB), Loaded Geometries, ProbeArray 100000, Loaded 11, Type Point
[LIBGPUSPATIAL] [ 50742][17:27:12:868387][info  ] RTSpatialRefiner 0x71c8f7d2a880 (Used 3 MB), Evaluating 11 Geometry Pairs with Predicate Intersects
[LIBGPUSPATIAL] [ 50746][17:27:12:868504][info  ] RTSpatialRefiner 0x71c8f7d2a880 (Used 3 MB), Loaded Geometries, ProbeArray 100000, Loaded 23, Type Point
[LIBGPUSPATIAL] [ 50746][17:27:12:868548][info  ] RTSpatialRefiner 0x71c8f7d2a880 (Used 3 MB), Evaluating 23 Geometry Pairs with Predicate Intersects
[LIBGPUSPATIAL] [ 50740][17:27:12:868675][info  ] RTSpatialIndex 0x71c8f400a800 (Used 3 MB), Allocate result buffer, memory consumption 0 MB, capacity 8
[LIBGPUSPATIAL] [ 50745][17:27:12:868986][info  ] RTSpatialIndex 0x71c8f400a800 (Used 3 MB), Allocate result buffer, memory consumption 0 MB, capacity 23
[LIBGPUSPATIAL] [ 50741][17:27:12:869336][info  ] RTSpatialIndex 0x71c8f400a800 (Used 3 MB), Probe Points, Size: 100000, Results: 19
[LIBGPUSPATIAL] [ 50744][17:27:12:869624][info  ] RTSpatialIndex 0x71c8f400a800 (Used 2 MB), Probe Points, Size: 100000, Results: 14
[LIBGPUSPATIAL] [ 50740][17:27:12:869855][info  ] RTSpatialIndex 0x71c8f400a800 (Used 1 MB), Probe Points, Size: 100000, Results: 8
[LIBGPUSPATIAL] [ 50745][17:27:12:869972][info  ] RTSpatialIndex 0x71c8f400a800 (Used 1 MB), Probe Points, Size: 100000, Results: 23
[LIBGPUSPATIAL] [ 50744][17:27:12:870109][info  ] RTSpatialRefiner 0x71c8f7d2a880 (Used 0 MB), Loaded Geometries, ProbeArray 100000, Loaded 14, Type Point
[LIBGPUSPATIAL] [ 50741][17:27:12:870138][info  ] RTSpatialRefiner 0x71c8f7d2a880 (Used 0 MB), Loaded Geometries, ProbeArray 100000, Loaded 19, Type Point
[LIBGPUSPATIAL] [ 50741][17:27:12:870184][info  ] RTSpatialRefiner 0x71c8f7d2a880 (Used 0 MB), Evaluating 19 Geometry Pairs with Predicate Intersects
[LIBGPUSPATIAL] [ 50744][17:27:12:870222][info  ] RTSpatialRefiner 0x71c8f7d2a880 (Used 0 MB), Evaluating 14 Geometry Pairs with Predicate Intersects
[LIBGPUSPATIAL] [ 50740][17:27:12:870675][info  ] RTSpatialRefiner 0x71c8f7d2a880 (Used 0 MB), Loaded Geometries, ProbeArray 100000, Loaded 8, Type Point
[LIBGPUSPATIAL] [ 50740][17:27:12:870722][info  ] RTSpatialRefiner 0x71c8f7d2a880 (Used 0 MB), Evaluating 8 Geometry Pairs with Predicate Intersects
[LIBGPUSPATIAL] [ 50745][17:27:12:871271][info  ] RTSpatialRefiner 0x71c8f7d2a880 (Used 0 MB), Loaded Geometries, ProbeArray 100000, Loaded 23, Type Point
[LIBGPUSPATIAL] [ 50745][17:27:12:871321][info  ] RTSpatialRefiner 0x71c8f7d2a880 (Used 0 MB), Evaluating 23 Geometry Pairs with Predicate Intersects
[LIBGPUSPATIAL] [ 50742][17:27:12:875471][info  ] RTSpatialIndex 0x71c8f400a800 (Used 0 MB), Allocate result buffer, memory consumption 0 MB, capacity 6
[LIBGPUSPATIAL] [ 50742][17:27:12:875597][info  ] RTSpatialIndex 0x71c8f400a800 (Used 0 MB), Probe Points, Size: 33333, Results: 6
[LIBGPUSPATIAL] [ 50741][17:27:12:875882][info  ] RTSpatialIndex 0x71c8f400a800 (Used 0 MB), Allocate result buffer, memory consumption 0 MB, capacity 3
[LIBGPUSPATIAL] [ 50741][17:27:12:875995][info  ] RTSpatialIndex 0x71c8f400a800 (Used 0 MB), Probe Points, Size: 33333, Results: 3
[LIBGPUSPATIAL] [ 50742][17:27:12:876783][info  ] RTSpatialRefiner 0x71c8f7d2a880 (Used 0 MB), Loaded Geometries, ProbeArray 33333, Loaded 6, Type Point
[LIBGPUSPATIAL] [ 50742][17:27:12:876826][info  ] RTSpatialRefiner 0x71c8f7d2a880 (Used 0 MB), Evaluating 6 Geometry Pairs with Predicate Intersects
[LIBGPUSPATIAL] [ 50741][17:27:12:877189][info  ] RTSpatialRefiner 0x71c8f7d2a880 (Used 0 MB), Loaded Geometries, ProbeArray 33333, Loaded 3, Type Point
[LIBGPUSPATIAL] [ 50741][17:27:12:877312][info  ] RTSpatialRefiner 0x71c8f7d2a880 (Used 0 MB), Evaluating 3 Geometry Pairs with Predicate Intersects
[LIBGPUSPATIAL] [ 50743][17:27:12:885708][info  ] RTSpatialIndex 0x71c8f400a800 (Used 3 MB), Allocate result buffer, memory consumption 0 MB, capacity 13
[LIBGPUSPATIAL] [ 50746][17:27:12:885893][info  ] RTSpatialIndex 0x71c8f400a800 (Used 5 MB), Allocate result buffer, memory consumption 0 MB, capacity 13
[LIBGPUSPATIAL] [ 50740][17:27:12:886086][info  ] RTSpatialIndex 0x71c8f400a800 (Used 6 MB), Allocate result buffer, memory consumption 0 MB, capacity 16
[LIBGPUSPATIAL] [ 50746][17:27:12:886291][info  ] RTSpatialIndex 0x71c8f400a800 (Used 4 MB), Probe Points, Size: 100000, Results: 13
[LIBGPUSPATIAL] [ 50745][17:27:12:886347][info  ] RTSpatialIndex 0x71c8f400a800 (Used 3 MB), Allocate result buffer, memory consumption 0 MB, capacity 12
[LIBGPUSPATIAL] [ 50740][17:27:12:886485][info  ] RTSpatialIndex 0x71c8f400a800 (Used 3 MB), Probe Points, Size: 100000, Results: 16
[LIBGPUSPATIAL] [ 50746][17:27:12:886922][info  ] RTSpatialRefiner 0x71c8f7d2a880 (Used 3 MB), Loaded Geometries, ProbeArray 100000, Loaded 13, Type Point
[LIBGPUSPATIAL] [ 50743][17:27:12:886972][info  ] RTSpatialIndex 0x71c8f400a800 (Used 3 MB), Probe Points, Size: 100000, Results: 13
[LIBGPUSPATIAL] [ 50746][17:27:12:886995][info  ] RTSpatialRefiner 0x71c8f7d2a880 (Used 3 MB), Evaluating 13 Geometry Pairs with Predicate Intersects
[LIBGPUSPATIAL] [ 50744][17:27:12:887134][info  ] RTSpatialIndex 0x71c8f400a800 (Used 2 MB), Allocate result buffer, memory consumption 0 MB, capacity 11
[LIBGPUSPATIAL] [ 50739][17:27:12:887245][info  ] RTSpatialIndex 0x71c8f400a800 (Used 2 MB), Allocate result buffer, memory consumption 0 MB, capacity 16
[LIBGPUSPATIAL] [ 50740][17:27:12:887250][info  ] RTSpatialRefiner 0x71c8f7d2a880 (Used 2 MB), Loaded Geometries, ProbeArray 100000, Loaded 16, Type Point
[LIBGPUSPATIAL] [ 50740][17:27:12:887305][info  ] RTSpatialRefiner 0x71c8f7d2a880 (Used 2 MB), Evaluating 16 Geometry Pairs with Predicate Intersects
[LIBGPUSPATIAL] [ 50745][17:27:12:887666][info  ] RTSpatialIndex 0x71c8f400a800 (Used 2 MB), Probe Points, Size: 100000, Results: 12
[LIBGPUSPATIAL] [ 50743][17:27:12:888057][info  ] RTSpatialRefiner 0x71c8f7d2a880 (Used 1 MB), Loaded Geometries, ProbeArray 100000, Loaded 13, Type Point
[LIBGPUSPATIAL] [ 50743][17:27:12:888107][info  ] RTSpatialRefiner 0x71c8f7d2a880 (Used 1 MB), Evaluating 13 Geometry Pairs with Predicate Intersects
[LIBGPUSPATIAL] [ 50744][17:27:12:888120][info  ] RTSpatialIndex 0x71c8f400a800 (Used 1 MB), Probe Points, Size: 100000, Results: 11
[LIBGPUSPATIAL] [ 50739][17:27:12:888334][info  ] RTSpatialIndex 0x71c8f400a800 (Used 0 MB), Probe Points, Size: 100000, Results: 16
[LIBGPUSPATIAL] [ 50745][17:27:12:888659][info  ] RTSpatialRefiner 0x71c8f7d2a880 (Used 0 MB), Loaded Geometries, ProbeArray 100000, Loaded 12, Type Point
[LIBGPUSPATIAL] [ 50745][17:27:12:888707][info  ] RTSpatialRefiner 0x71c8f7d2a880 (Used 0 MB), Evaluating 12 Geometry Pairs with Predicate Intersects
[LIBGPUSPATIAL] [ 50744][17:27:12:888937][info  ] RTSpatialRefiner 0x71c8f7d2a880 (Used 0 MB), Loaded Geometries, ProbeArray 100000, Loaded 11, Type Point
[LIBGPUSPATIAL] [ 50739][17:27:12:888947][info  ] RTSpatialRefiner 0x71c8f7d2a880 (Used 0 MB), Loaded Geometries, ProbeArray 100000, Loaded 16, Type Point
[LIBGPUSPATIAL] [ 50744][17:27:12:888982][info  ] RTSpatialRefiner 0x71c8f7d2a880 (Used 0 MB), Evaluating 11 Geometry Pairs with Predicate Intersects
[LIBGPUSPATIAL] [ 50739][17:27:12:888990][info  ] RTSpatialRefiner 0x71c8f7d2a880 (Used 0 MB), Evaluating 16 Geometry Pairs with Predicate Intersects
[LIBGPUSPATIAL] [ 50740][17:27:12:893452][info  ] RTSpatialIndex 0x71c8f400a800 (Used 0 MB), Allocate result buffer, memory consumption 0 MB, capacity 7
[LIBGPUSPATIAL] [ 50740][17:27:12:893576][info  ] RTSpatialIndex 0x71c8f400a800 (Used 0 MB), Probe Points, Size: 33333, Results: 7
[LIBGPUSPATIAL] [ 50743][17:27:12:893886][info  ] RTSpatialIndex 0x71c8f400a800 (Used 0 MB), Allocate result buffer, memory consumption 0 MB, capacity 7
[LIBGPUSPATIAL] [ 50743][17:27:12:893990][info  ] RTSpatialIndex 0x71c8f400a800 (Used 0 MB), Probe Points, Size: 33333, Results: 7
[LIBGPUSPATIAL] [ 50743][17:27:12:894553][info  ] RTSpatialRefiner 0x71c8f7d2a880 (Used 1 MB), Loaded Geometries, ProbeArray 33333, Loaded 7, Type Point
[LIBGPUSPATIAL] [ 50743][17:27:12:894602][info  ] RTSpatialRefiner 0x71c8f7d2a880 (Used 1 MB), Evaluating 7 Geometry Pairs with Predicate Intersects
[LIBGPUSPATIAL] [ 50740][17:27:12:894709][info  ] RTSpatialRefiner 0x71c8f7d2a880 (Used 1 MB), Loaded Geometries, ProbeArray 33333, Loaded 7, Type Point
[LIBGPUSPATIAL] [ 50739][17:27:12:894730][info  ] RTSpatialIndex 0x71c8f400a800 (Used 0 MB), Allocate result buffer, memory consumption 0 MB, capacity 7
[LIBGPUSPATIAL] [ 50740][17:27:12:894870][info  ] RTSpatialRefiner 0x71c8f7d2a880 (Used 0 MB), Evaluating 7 Geometry Pairs with Predicate Intersects
[LIBGPUSPATIAL] [ 50745][17:27:12:895051][info  ] RTSpatialIndex 0x71c8f400a800 (Used 0 MB), Allocate result buffer, memory consumption 0 MB, capacity 10
[LIBGPUSPATIAL] [ 50744][17:27:12:895258][info  ] RTSpatialIndex 0x71c8f400a800 (Used 0 MB), Allocate result buffer, memory consumption 0 MB, capacity 10
[LIBGPUSPATIAL] [ 50745][17:27:12:895557][info  ] RTSpatialIndex 0x71c8f400a800 (Used 0 MB), Probe Points, Size: 33333, Results: 10
[LIBGPUSPATIAL] [ 50739][17:27:12:895772][info  ] RTSpatialIndex 0x71c8f400a800 (Used 0 MB), Probe Points, Size: 33333, Results: 7
[LIBGPUSPATIAL] [ 50744][17:27:12:895920][info  ] RTSpatialIndex 0x71c8f400a800 (Used 0 MB), Probe Points, Size: 33333, Results: 10
[LIBGPUSPATIAL] [ 50739][17:27:12:896236][info  ] RTSpatialRefiner 0x71c8f7d2a880 (Used 0 MB), Loaded Geometries, ProbeArray 33333, Loaded 7, Type Point
[LIBGPUSPATIAL] [ 50739][17:27:12:896283][info  ] RTSpatialRefiner 0x71c8f7d2a880 (Used 0 MB), Evaluating 7 Geometry Pairs with Predicate Intersects
[LIBGPUSPATIAL] [ 50745][17:27:12:896479][info  ] RTSpatialRefiner 0x71c8f7d2a880 (Used 0 MB), Loaded Geometries, ProbeArray 33333, Loaded 10, Type Point
[LIBGPUSPATIAL] [ 50745][17:27:12:896524][info  ] RTSpatialRefiner 0x71c8f7d2a880 (Used 0 MB), Evaluating 10 Geometry Pairs with Predicate Intersects
[LIBGPUSPATIAL] [ 50744][17:27:12:897604][info  ] RTSpatialRefiner 0x71c8f7d2a880 (Used 2 MB), Loaded Geometries, ProbeArray 33333, Loaded 10, Type Point
[LIBGPUSPATIAL] [ 50744][17:27:12:897665][info  ] RTSpatialRefiner 0x71c8f7d2a880 (Used 2 MB), Evaluating 10 Geometry Pairs with Predicate Intersects
[LIBGPUSPATIAL] [ 50742][17:27:12:897944][info  ] RTSpatialIndex 0x71c8f400a800 (Used 1 MB), Allocate result buffer, memory consumption 0 MB, capacity 12
[LIBGPUSPATIAL] [ 50742][17:27:12:898175][info  ] RTSpatialIndex 0x71c8f400a800 (Used 1 MB), Probe Points, Size: 100000, Results: 12
[LIBGPUSPATIAL] [ 50742][17:27:12:899208][info  ] RTSpatialRefiner 0x71c8f7d2a880 (Used 0 MB), Loaded Geometries, ProbeArray 100000, Loaded 12, Type Point
[LIBGPUSPATIAL] [ 50742][17:27:12:899267][info  ] RTSpatialRefiner 0x71c8f7d2a880 (Used 0 MB), Evaluating 12 Geometry Pairs with Predicate Intersects
[LIBGPUSPATIAL] [ 50741][17:27:12:899432][info  ] RTSpatialIndex 0x71c8f400a800 (Used 0 MB), Allocate result buffer, memory consumption 0 MB, capacity 12
[LIBGPUSPATIAL] [ 50741][17:27:12:901979][info  ] RTSpatialIndex 0x71c8f400a800 (Used 1 MB), Probe Points, Size: 100000, Results: 12
[LIBGPUSPATIAL] [ 50746][17:27:12:902802][info  ] RTSpatialIndex 0x71c8f400a800 (Used 0 MB), Allocate result buffer, memory consumption 0 MB, capacity 12
[LIBGPUSPATIAL] [ 50746][17:27:12:903624][info  ] RTSpatialIndex 0x71c8f400a800 (Used 0 MB), Probe Points, Size: 100000, Results: 12
[LIBGPUSPATIAL] [ 50746][17:27:12:904450][info  ] RTSpatialRefiner 0x71c8f7d2a880 (Used 0 MB), Loaded Geometries, ProbeArray 100000, Loaded 12, Type Point
[LIBGPUSPATIAL] [ 50746][17:27:12:904528][info  ] RTSpatialRefiner 0x71c8f7d2a880 (Used 0 MB), Evaluating 12 Geometry Pairs with Predicate Intersects
[LIBGPUSPATIAL] [ 50741][17:27:12:905030][info  ] RTSpatialRefiner 0x71c8f7d2a880 (Used 0 MB), Loaded Geometries, ProbeArray 100000, Loaded 12, Type Point
[LIBGPUSPATIAL] [ 50741][17:27:12:905258][info  ] RTSpatialRefiner 0x71c8f7d2a880 (Used 0 MB), Evaluating 12 Geometry Pairs with Predicate Intersects
[LIBGPUSPATIAL] [ 50746][17:27:12:911408][info  ] RTSpatialIndex 0x71c8f400a800 (Used 0 MB), Allocate result buffer, memory consumption 0 MB, capacity 6
[LIBGPUSPATIAL] [ 50746][17:27:12:911541][info  ] RTSpatialIndex 0x71c8f400a800 (Used 0 MB), Probe Points, Size: 33333, Results: 6
[LIBGPUSPATIAL] [ 50746][17:27:12:912108][info  ] RTSpatialRefiner 0x71c8f7d2a880 (Used 0 MB), Loaded Geometries, ProbeArray 33333, Loaded 6, Type Point
[LIBGPUSPATIAL] [ 50746][17:27:12:912145][info  ] RTSpatialRefiner 0x71c8f7d2a880 (Used 0 MB), Evaluating 6 Geometry Pairs with Predicate Intersects
[LIBGPUSPATIAL] [ 50742][17:27:12:917163][info  ] RTSpatialIndex 0x71c8f400a800 (Used 0 MB), Allocate result buffer, memory consumption 0 MB, capacity 19
[LIBGPUSPATIAL] [ 50742][17:27:12:917305][info  ] RTSpatialIndex 0x71c8f400a800 (Used 0 MB), Probe Points, Size: 100000, Results: 19
[LIBGPUSPATIAL] [ 50742][17:27:12:917724][info  ] RTSpatialRefiner 0x71c8f7d2a880 (Used 0 MB), Loaded Geometries, ProbeArray 100000, Loaded 19, Type Point
[LIBGPUSPATIAL] [ 50742][17:27:12:917802][info  ] RTSpatialRefiner 0x71c8f7d2a880 (Used 0 MB), Evaluating 19 Geometry Pairs with Predicate Intersects
[LIBGPUSPATIAL] [ 50744][17:27:12:918453][info  ] RTSpatialIndex 0x71c8f400a800 (Used 0 MB), Allocate result buffer, memory consumption 0 MB, capacity 14
[LIBGPUSPATIAL] [ 50744][17:27:12:918598][info  ] RTSpatialIndex 0x71c8f400a800 (Used 0 MB), Probe Points, Size: 100000, Results: 14
[LIBGPUSPATIAL] [ 50744][17:27:12:919232][info  ] RTSpatialRefiner 0x71c8f7d2a880 (Used 0 MB), Loaded Geometries, ProbeArray 100000, Loaded 14, Type Point
[LIBGPUSPATIAL] [ 50739][17:27:12:919243][info  ] RTSpatialIndex 0x71c8f400a800 (Used 0 MB), Allocate result buffer, memory consumption 0 MB, capacity 9
[LIBGPUSPATIAL] [ 50744][17:27:12:919285][info  ] RTSpatialRefiner 0x71c8f7d2a880 (Used 0 MB), Evaluating 14 Geometry Pairs with Predicate Intersects
[LIBGPUSPATIAL] [ 50739][17:27:12:919489][info  ] RTSpatialIndex 0x71c8f400a800 (Used 0 MB), Probe Points, Size: 100000, Results: 9
[LIBGPUSPATIAL] [ 50739][17:27:12:919985][info  ] RTSpatialRefiner 0x71c8f7d2a880 (Used 0 MB), Loaded Geometries, ProbeArray 100000, Loaded 9, Type Point
[LIBGPUSPATIAL] [ 50739][17:27:12:920088][info  ] RTSpatialRefiner 0x71c8f7d2a880 (Used 0 MB), Evaluating 9 Geometry Pairs with Predicate Intersects
[LIBGPUSPATIAL] [ 50741][17:27:12:920160][info  ] RTSpatialIndex 0x71c8f400a800 (Used 0 MB), Allocate result buffer, memory consumption 0 MB, capacity 13
[LIBGPUSPATIAL] [ 50741][17:27:12:920642][info  ] RTSpatialIndex 0x71c8f400a800 (Used 0 MB), Probe Points, Size: 100000, Results: 13
[LIBGPUSPATIAL] [ 50741][17:27:12:921310][info  ] RTSpatialRefiner 0x71c8f7d2a880 (Used 0 MB), Loaded Geometries, ProbeArray 100000, Loaded 13, Type Point
[LIBGPUSPATIAL] [ 50745][17:27:12:921319][info  ] RTSpatialIndex 0x71c8f400a800 (Used 0 MB), Allocate result buffer, memory consumption 0 MB, capacity 15
[LIBGPUSPATIAL] [ 50741][17:27:12:921432][info  ] RTSpatialRefiner 0x71c8f7d2a880 (Used 0 MB), Evaluating 13 Geometry Pairs with Predicate Intersects
[LIBGPUSPATIAL] [ 50743][17:27:12:922254][info  ] RTSpatialIndex 0x71c8f400a800 (Used 1 MB), Allocate result buffer, memory consumption 0 MB, capacity 10
[LIBGPUSPATIAL] [ 50743][17:27:12:922389][info  ] RTSpatialIndex 0x71c8f400a800 (Used 1 MB), Probe Points, Size: 100000, Results: 10
[LIBGPUSPATIAL] [ 50745][17:27:12:922755][info  ] RTSpatialIndex 0x71c8f400a800 (Used 0 MB), Probe Points, Size: 100000, Results: 15
[LIBGPUSPATIAL] [ 50743][17:27:12:922937][info  ] RTSpatialRefiner 0x71c8f7d2a880 (Used 0 MB), Loaded Geometries, ProbeArray 100000, Loaded 10, Type Point
[LIBGPUSPATIAL] [ 50743][17:27:12:922973][info  ] RTSpatialRefiner 0x71c8f7d2a880 (Used 0 MB), Evaluating 10 Geometry Pairs with Predicate Intersects
[LIBGPUSPATIAL] [ 50745][17:27:12:923786][info  ] RTSpatialRefiner 0x71c8f7d2a880 (Used 2 MB), Loaded Geometries, ProbeArray 100000, Loaded 15, Type Point
[LIBGPUSPATIAL] [ 50745][17:27:12:923855][info  ] RTSpatialRefiner 0x71c8f7d2a880 (Used 0 MB), Evaluating 15 Geometry Pairs with Predicate Intersects
[LIBGPUSPATIAL] [ 50740][17:27:12:924252][info  ] RTSpatialIndex 0x71c8f400a800 (Used 0 MB), Allocate result buffer, memory consumption 0 MB, capacity 16
[LIBGPUSPATIAL] [ 50740][17:27:12:924466][info  ] RTSpatialIndex 0x71c8f400a800 (Used 0 MB), Probe Points, Size: 100000, Results: 16
[LIBGPUSPATIAL] [ 50740][17:27:12:927293][info  ] RTSpatialRefiner 0x71c8f7d2a880 (Used 0 MB), Loaded Geometries, ProbeArray 100000, Loaded 16, Type Point
[LIBGPUSPATIAL] [ 50740][17:27:12:927342][info  ] RTSpatialRefiner 0x71c8f7d2a880 (Used 0 MB), Evaluating 16 Geometry Pairs with Predicate Intersects
[LIBGPUSPATIAL] [ 50742][17:27:12:931181][info  ] RTSpatialIndex 0x71c8f400a800 (Used 0 MB), Allocate result buffer, memory consumption 0 MB, capacity 14
[LIBGPUSPATIAL] [ 50742][17:27:12:931321][info  ] RTSpatialIndex 0x71c8f400a800 (Used 0 MB), Probe Points, Size: 100000, Results: 14
[LIBGPUSPATIAL] [ 50742][17:27:12:931831][info  ] RTSpatialRefiner 0x71c8f7d2a880 (Used 0 MB), Loaded Geometries, ProbeArray 100000, Loaded 14, Type Point
[LIBGPUSPATIAL] [ 50742][17:27:12:931951][info  ] RTSpatialRefiner 0x71c8f7d2a880 (Used 0 MB), Evaluating 14 Geometry Pairs with Predicate Intersects
[LIBGPUSPATIAL] [ 50746][17:27:12:932691][info  ] RTSpatialIndex 0x71c8f400a800 (Used 0 MB), Allocate result buffer, memory consumption 0 MB, capacity 18
[LIBGPUSPATIAL] [ 50746][17:27:12:933024][info  ] RTSpatialIndex 0x71c8f400a800 (Used 0 MB), Probe Points, Size: 100000, Results: 18
[LIBGPUSPATIAL] [ 50746][17:27:12:933411][info  ] RTSpatialRefiner 0x71c8f7d2a880 (Used 0 MB), Loaded Geometries, ProbeArray 100000, Loaded 18, Type Point
[LIBGPUSPATIAL] [ 50746][17:27:12:933479][info  ] RTSpatialRefiner 0x71c8f7d2a880 (Used 0 MB), Evaluating 18 Geometry Pairs with Predicate Intersects
[LIBGPUSPATIAL] [ 50739][17:27:12:934852][info  ] RTSpatialIndex 0x71c8f400a800 (Used 3 MB), Allocate result buffer, memory consumption 0 MB, capacity 11
[LIBGPUSPATIAL] [ 50741][17:27:12:935111][info  ] RTSpatialIndex 0x71c8f400a800 (Used 2 MB), Allocate result buffer, memory consumption 0 MB, capacity 14
[LIBGPUSPATIAL] [ 50744][17:27:12:935179][info  ] RTSpatialIndex 0x71c8f400a800 (Used 2 MB), Allocate result buffer, memory consumption 0 MB, capacity 19
[LIBGPUSPATIAL] [ 50739][17:27:12:935315][info  ] RTSpatialIndex 0x71c8f400a800 (Used 2 MB), Probe Points, Size: 100000, Results: 11
[LIBGPUSPATIAL] [ 50741][17:27:12:935408][info  ] RTSpatialIndex 0x71c8f400a800 (Used 1 MB), Probe Points, Size: 100000, Results: 14
[LIBGPUSPATIAL] [ 50744][17:27:12:935594][info  ] RTSpatialIndex 0x71c8f400a800 (Used 0 MB), Probe Points, Size: 100000, Results: 19
[LIBGPUSPATIAL] [ 50743][17:27:12:936088][info  ] RTSpatialIndex 0x71c8f400a800 (Used 0 MB), Allocate result buffer, memory consumption 0 MB, capacity 18
[LIBGPUSPATIAL] [ 50743][17:27:12:936223][info  ] RTSpatialIndex 0x71c8f400a800 (Used 0 MB), Probe Points, Size: 100000, Results: 18
[LIBGPUSPATIAL] [ 50739][17:27:12:936689][info  ] RTSpatialRefiner 0x71c8f7d2a880 (Used 1 MB), Loaded Geometries, ProbeArray 100000, Loaded 11, Type Point
[LIBGPUSPATIAL] [ 50741][17:27:12:936717][info  ] RTSpatialRefiner 0x71c8f7d2a880 (Used 1 MB), Loaded Geometries, ProbeArray 100000, Loaded 14, Type Point
[LIBGPUSPATIAL] [ 50739][17:27:12:936761][info  ] RTSpatialRefiner 0x71c8f7d2a880 (Used 1 MB), Evaluating 11 Geometry Pairs with Predicate Intersects
[LIBGPUSPATIAL] [ 50741][17:27:12:936783][info  ] RTSpatialRefiner 0x71c8f7d2a880 (Used 1 MB), Evaluating 14 Geometry Pairs with Predicate Intersects
[LIBGPUSPATIAL] [ 50744][17:27:12:936931][info  ] RTSpatialRefiner 0x71c8f7d2a880 (Used 0 MB), Loaded Geometries, ProbeArray 100000, Loaded 19, Type Point
[LIBGPUSPATIAL] [ 50744][17:27:12:937001][info  ] RTSpatialRefiner 0x71c8f7d2a880 (Used 0 MB), Evaluating 19 Geometry Pairs with Predicate Intersects
[LIBGPUSPATIAL] [ 50745][17:27:12:937064][info  ] RTSpatialIndex 0x71c8f400a800 (Used 0 MB), Allocate result buffer, memory consumption 0 MB, capacity 12
[LIBGPUSPATIAL] [ 50743][17:27:12:937411][info  ] RTSpatialRefiner 0x71c8f7d2a880 (Used 0 MB), Loaded Geometries, ProbeArray 100000, Loaded 18, Type Point
[LIBGPUSPATIAL] [ 50743][17:27:12:937456][info  ] RTSpatialRefiner 0x71c8f7d2a880 (Used 0 MB), Evaluating 18 Geometry Pairs with Predicate Intersects
[LIBGPUSPATIAL] [ 50745][17:27:12:937904][info  ] RTSpatialIndex 0x71c8f400a800 (Used 1 MB), Probe Points, Size: 100000, Results: 12
[LIBGPUSPATIAL] [ 50745][17:27:12:939327][info  ] RTSpatialRefiner 0x71c8f7d2a880 (Used 0 MB), Loaded Geometries, ProbeArray 100000, Loaded 12, Type Point
[LIBGPUSPATIAL] [ 50745][17:27:12:939380][info  ] RTSpatialRefiner 0x71c8f7d2a880 (Used 0 MB), Evaluating 12 Geometry Pairs with Predicate Intersects
[LIBGPUSPATIAL] [ 50740][17:27:12:940964][info  ] RTSpatialIndex 0x71c8f400a800 (Used 0 MB), Allocate result buffer, memory consumption 0 MB, capacity 13
[LIBGPUSPATIAL] [ 50740][17:27:12:941104][info  ] RTSpatialIndex 0x71c8f400a800 (Used 0 MB), Probe Points, Size: 100000, Results: 13
[LIBGPUSPATIAL] [ 50740][17:27:12:941464][info  ] RTSpatialRefiner 0x71c8f7d2a880 (Used 0 MB), Loaded Geometries, ProbeArray 100000, Loaded 13, Type Point
[LIBGPUSPATIAL] [ 50740][17:27:12:941499][info  ] RTSpatialRefiner 0x71c8f7d2a880 (Used 0 MB), Evaluating 13 Geometry Pairs with Predicate Intersects
[LIBGPUSPATIAL] [ 50746][17:27:12:946631][info  ] RTSpatialIndex 0x71c8f400a800 (Used 0 MB), Allocate result buffer, memory consumption 0 MB, capacity 14
[LIBGPUSPATIAL] [ 50746][17:27:12:946771][info  ] RTSpatialIndex 0x71c8f400a800 (Used 0 MB), Probe Points, Size: 100000, Results: 14
[LIBGPUSPATIAL] [ 50746][17:27:12:947214][info  ] RTSpatialRefiner 0x71c8f7d2a880 (Used 0 MB), Loaded Geometries, ProbeArray 100000, Loaded 14, Type Point
[LIBGPUSPATIAL] [ 50746][17:27:12:947258][info  ] RTSpatialRefiner 0x71c8f7d2a880 (Used 0 MB), Evaluating 14 Geometry Pairs with Predicate Intersects
[LIBGPUSPATIAL] [ 50742][17:27:12:947287][info  ] RTSpatialIndex 0x71c8f400a800 (Used 0 MB), Allocate result buffer, memory consumption 0 MB, capacity 15
[LIBGPUSPATIAL] [ 50742][17:27:12:949224][info  ] RTSpatialIndex 0x71c8f400a800 (Used 0 MB), Probe Points, Size: 100000, Results: 15
[LIBGPUSPATIAL] [ 50742][17:27:12:950389][info  ] RTSpatialRefiner 0x71c8f7d2a880 (Used 0 MB), Loaded Geometries, ProbeArray 100000, Loaded 15, Type Point
[LIBGPUSPATIAL] [ 50742][17:27:12:950753][info  ] RTSpatialRefiner 0x71c8f7d2a880 (Used 1 MB), Evaluating 15 Geometry Pairs with Predicate Intersects
[LIBGPUSPATIAL] [ 50743][17:27:12:951969][info  ] RTSpatialIndex 0x71c8f400a800 (Used 5 MB), Allocate result buffer, memory consumption 0 MB, capacity 17
[LIBGPUSPATIAL] [ 50744][17:27:12:952623][info  ] RTSpatialIndex 0x71c8f400a800 (Used 5 MB), Allocate result buffer, memory consumption 0 MB, capacity 24
[LIBGPUSPATIAL] [ 50741][17:27:12:952781][info  ] RTSpatialIndex 0x71c8f400a800 (Used 3 MB), Allocate result buffer, memory consumption 0 MB, capacity 15
[LIBGPUSPATIAL] [ 50743][17:27:12:953255][info  ] RTSpatialIndex 0x71c8f400a800 (Used 5 MB), Probe Points, Size: 100000, Results: 17
[LIBGPUSPATIAL] [ 50739][17:27:12:953345][info  ] RTSpatialIndex 0x71c8f400a800 (Used 4 MB), Allocate result buffer, memory consumption 0 MB, capacity 17
[LIBGPUSPATIAL] [ 50744][17:27:12:953548][info  ] RTSpatialIndex 0x71c8f400a800 (Used 4 MB), Probe Points, Size: 100000, Results: 24
[LIBGPUSPATIAL] [ 50745][17:27:12:953692][info  ] RTSpatialIndex 0x71c8f400a800 (Used 4 MB), Allocate result buffer, memory consumption 0 MB, capacity 14
[LIBGPUSPATIAL] [ 50739][17:27:12:953821][info  ] RTSpatialIndex 0x71c8f400a800 (Used 4 MB), Probe Points, Size: 100000, Results: 17
[LIBGPUSPATIAL] [ 50741][17:27:12:953870][info  ] RTSpatialIndex 0x71c8f400a800 (Used 4 MB), Probe Points, Size: 100000, Results: 15
[LIBGPUSPATIAL] [ 50740][17:27:12:954442][info  ] RTSpatialIndex 0x71c8f400a800 (Used 1 MB), Allocate result buffer, memory consumption 0 MB, capacity 10
[LIBGPUSPATIAL] [ 50745][17:27:12:954679][info  ] RTSpatialIndex 0x71c8f400a800 (Used 1 MB), Probe Points, Size: 100000, Results: 14
[LIBGPUSPATIAL] [ 50743][17:27:12:954805][info  ] RTSpatialRefiner 0x71c8f7d2a880 (Used 0 MB), Loaded Geometries, ProbeArray 100000, Loaded 17, Type Point
[LIBGPUSPATIAL] [ 50743][17:27:12:954861][info  ] RTSpatialRefiner 0x71c8f7d2a880 (Used 0 MB), Evaluating 17 Geometry Pairs with Predicate Intersects
[LIBGPUSPATIAL] [ 50739][17:27:12:954992][info  ] RTSpatialRefiner 0x71c8f7d2a880 (Used 0 MB), Loaded Geometries, ProbeArray 100000, Loaded 17, Type Point
[LIBGPUSPATIAL] [ 50741][17:27:12:955055][info  ] RTSpatialRefiner 0x71c8f7d2a880 (Used 0 MB), Loaded Geometries, ProbeArray 100000, Loaded 15, Type Point
[LIBGPUSPATIAL] [ 50739][17:27:12:955067][info  ] RTSpatialRefiner 0x71c8f7d2a880 (Used 0 MB), Evaluating 17 Geometry Pairs with Predicate Intersects
[LIBGPUSPATIAL] [ 50744][17:27:12:955098][info  ] RTSpatialRefiner 0x71c8f7d2a880 (Used 0 MB), Loaded Geometries, ProbeArray 100000, Loaded 24, Type Point
[LIBGPUSPATIAL] [ 50741][17:27:12:955117][info  ] RTSpatialRefiner 0x71c8f7d2a880 (Used 0 MB), Evaluating 15 Geometry Pairs with Predicate Intersects
[LIBGPUSPATIAL] [ 50740][17:27:12:955167][info  ] RTSpatialIndex 0x71c8f400a800 (Used 0 MB), Probe Points, Size: 100000, Results: 10
[LIBGPUSPATIAL] [ 50744][17:27:12:955228][info  ] RTSpatialRefiner 0x71c8f7d2a880 (Used 0 MB), Evaluating 24 Geometry Pairs with Predicate Intersects
[LIBGPUSPATIAL] [ 50745][17:27:12:955448][info  ] RTSpatialRefiner 0x71c8f7d2a880 (Used 0 MB), Loaded Geometries, ProbeArray 100000, Loaded 14, Type Point
[LIBGPUSPATIAL] [ 50745][17:27:12:955501][info  ] RTSpatialRefiner 0x71c8f7d2a880 (Used 0 MB), Evaluating 14 Geometry Pairs with Predicate Intersects
[LIBGPUSPATIAL] [ 50740][17:27:12:955862][info  ] RTSpatialRefiner 0x71c8f7d2a880 (Used 0 MB), Loaded Geometries, ProbeArray 100000, Loaded 10, Type Point
[LIBGPUSPATIAL] [ 50740][17:27:12:955986][info  ] RTSpatialRefiner 0x71c8f7d2a880 (Used 0 MB), Evaluating 10 Geometry Pairs with Predicate Intersects
[LIBGPUSPATIAL] [ 50746][17:27:12:961429][info  ] RTSpatialIndex 0x71c8f400a800 (Used 0 MB), Allocate result buffer, memory consumption 0 MB, capacity 13
[LIBGPUSPATIAL] [ 50746][17:27:12:961570][info  ] RTSpatialIndex 0x71c8f400a800 (Used 0 MB), Probe Points, Size: 100000, Results: 13
[LIBGPUSPATIAL] [ 50746][17:27:12:963316][info  ] RTSpatialRefiner 0x71c8f7d2a880 (Used 0 MB), Loaded Geometries, ProbeArray 100000, Loaded 13, Type Point
[LIBGPUSPATIAL] [ 50746][17:27:12:963357][info  ] RTSpatialRefiner 0x71c8f7d2a880 (Used 0 MB), Evaluating 13 Geometry Pairs with Predicate Intersects
[LIBGPUSPATIAL] [ 50742][17:27:12:965668][info  ] RTSpatialIndex 0x71c8f400a800 (Used 0 MB), Allocate result buffer, memory consumption 0 MB, capacity 15
[LIBGPUSPATIAL] [ 50742][17:27:12:965799][info  ] RTSpatialIndex 0x71c8f400a800 (Used 0 MB), Probe Points, Size: 100000, Results: 15
[LIBGPUSPATIAL] [ 50742][17:27:12:967324][info  ] RTSpatialRefiner 0x71c8f7d2a880 (Used 0 MB), Loaded Geometries, ProbeArray 100000, Loaded 15, Type Point
[LIBGPUSPATIAL] [ 50742][17:27:12:967373][info  ] RTSpatialRefiner 0x71c8f7d2a880 (Used 0 MB), Evaluating 15 Geometry Pairs with Predicate Intersects
[LIBGPUSPATIAL] [ 50743][17:27:12:968103][info  ] RTSpatialIndex 0x71c8f400a800 (Used 0 MB), Allocate result buffer, memory consumption 0 MB, capacity 15
[LIBGPUSPATIAL] [ 50743][17:27:12:970100][info  ] RTSpatialIndex 0x71c8f400a800 (Used 5 MB), Probe Points, Size: 100000, Results: 15
[LIBGPUSPATIAL] [ 50745][17:27:12:970266][info  ] RTSpatialIndex 0x71c8f400a800 (Used 4 MB), Allocate result buffer, memory consumption 0 MB, capacity 15
[LIBGPUSPATIAL] [ 50740][17:27:12:970514][info  ] RTSpatialIndex 0x71c8f400a800 (Used 3 MB), Allocate result buffer, memory consumption 0 MB, capacity 13
[LIBGPUSPATIAL] [ 50741][17:27:12:970817][info  ] RTSpatialIndex 0x71c8f400a800 (Used 3 MB), Allocate result buffer, memory consumption 0 MB, capacity 19
[LIBGPUSPATIAL] [ 50743][17:27:12:970913][info  ] RTSpatialRefiner 0x71c8f7d2a880 (Used 3 MB), Loaded Geometries, ProbeArray 100000, Loaded 15, Type Point
[LIBGPUSPATIAL] [ 50743][17:27:12:970992][info  ] RTSpatialRefiner 0x71c8f7d2a880 (Used 3 MB), Evaluating 15 Geometry Pairs with Predicate Intersects
[LIBGPUSPATIAL] [ 50739][17:27:12:971094][info  ] RTSpatialIndex 0x71c8f400a800 (Used 3 MB), Allocate result buffer, memory consumption 0 MB, capacity 15
[LIBGPUSPATIAL] [ 50744][17:27:12:971315][info  ] RTSpatialIndex 0x71c8f400a800 (Used 3 MB), Allocate result buffer, memory consumption 0 MB, capacity 16
[LIBGPUSPATIAL] [ 50739][17:27:12:971490][info  ] RTSpatialIndex 0x71c8f400a800 (Used 3 MB), Probe Points, Size: 100000, Results: 15
[LIBGPUSPATIAL] [ 50740][17:27:12:971761][info  ] RTSpatialIndex 0x71c8f400a800 (Used 3 MB), Probe Points, Size: 100000, Results: 13
[LIBGPUSPATIAL] [ 50741][17:27:12:971962][info  ] RTSpatialIndex 0x71c8f400a800 (Used 2 MB), Probe Points, Size: 100000, Results: 19
[LIBGPUSPATIAL] [ 50739][17:27:12:972058][info  ] RTSpatialRefiner 0x71c8f7d2a880 (Used 1 MB), Loaded Geometries, ProbeArray 100000, Loaded 15, Type Point
[LIBGPUSPATIAL] [ 50739][17:27:12:972107][info  ] RTSpatialRefiner 0x71c8f7d2a880 (Used 1 MB), Evaluating 15 Geometry Pairs with Predicate Intersects
[LIBGPUSPATIAL] [ 50745][17:27:12:972293][info  ] RTSpatialIndex 0x71c8f400a800 (Used 1 MB), Probe Points, Size: 100000, Results: 15
[LIBGPUSPATIAL] [ 50744][17:27:12:972494][info  ] RTSpatialIndex 0x71c8f400a800 (Used 0 MB), Probe Points, Size: 100000, Results: 16
[LIBGPUSPATIAL] [ 50740][17:27:12:972715][info  ] RTSpatialRefiner 0x71c8f7d2a880 (Used 0 MB), Loaded Geometries, ProbeArray 100000, Loaded 13, Type Point
[LIBGPUSPATIAL] [ 50741][17:27:12:972724][info  ] RTSpatialRefiner 0x71c8f7d2a880 (Used 0 MB), Loaded Geometries, ProbeArray 100000, Loaded 19, Type Point
[LIBGPUSPATIAL] [ 50740][17:27:12:972760][info  ] RTSpatialRefiner 0x71c8f7d2a880 (Used 0 MB), Evaluating 13 Geometry Pairs with Predicate Intersects
[LIBGPUSPATIAL] [ 50741][17:27:12:972768][info  ] RTSpatialRefiner 0x71c8f7d2a880 (Used 0 MB), Evaluating 19 Geometry Pairs with Predicate Intersects
[LIBGPUSPATIAL] [ 50745][17:27:12:973122][info  ] RTSpatialRefiner 0x71c8f7d2a880 (Used 0 MB), Loaded Geometries, ProbeArray 100000, Loaded 15, Type Point
[LIBGPUSPATIAL] [ 50745][17:27:12:973188][info  ] RTSpatialRefiner 0x71c8f7d2a880 (Used 0 MB), Evaluating 15 Geometry Pairs with Predicate Intersects
[LIBGPUSPATIAL] [ 50746][17:27:12:975518][info  ] RTSpatialIndex 0x71c8f400a800 (Used 0 MB), Allocate result buffer, memory consumption 0 MB, capacity 14
[LIBGPUSPATIAL] [ 50746][17:27:12:975663][info  ] RTSpatialIndex 0x71c8f400a800 (Used 0 MB), Probe Points, Size: 100000, Results: 14
[LIBGPUSPATIAL] [ 50744][17:27:12:975927][info  ] RTSpatialRefiner 0x71c8f7d2a880 (Used 0 MB), Loaded Geometries, ProbeArray 100000, Loaded 16, Type Point
[LIBGPUSPATIAL] [ 50744][17:27:12:975968][info  ] RTSpatialRefiner 0x71c8f7d2a880 (Used 0 MB), Evaluating 16 Geometry Pairs with Predicate Intersects
[LIBGPUSPATIAL] [ 50746][17:27:12:977665][info  ] RTSpatialRefiner 0x71c8f7d2a880 (Used 0 MB), Loaded Geometries, ProbeArray 100000, Loaded 14, Type Point
[LIBGPUSPATIAL] [ 50746][17:27:12:977706][info  ] RTSpatialRefiner 0x71c8f7d2a880 (Used 0 MB), Evaluating 14 Geometry Pairs with Predicate Intersects
[LIBGPUSPATIAL] [ 50742][17:27:12:982028][info  ] RTSpatialIndex 0x71c8f400a800 (Used 0 MB), Allocate result buffer, memory consumption 0 MB, capacity 14
[LIBGPUSPATIAL] [ 50742][17:27:12:982178][info  ] RTSpatialIndex 0x71c8f400a800 (Used 0 MB), Probe Points, Size: 100000, Results: 14
[LIBGPUSPATIAL] [ 50743][17:27:12:984479][info  ] RTSpatialIndex 0x71c8f400a800 (Used 0 MB), Allocate result buffer, memory consumption 0 MB, capacity 12
[LIBGPUSPATIAL] [ 50743][17:27:12:984652][info  ] RTSpatialIndex 0x71c8f400a800 (Used 0 MB), Probe Points, Size: 100000, Results: 12
[LIBGPUSPATIAL] [ 50742][17:27:12:984894][info  ] RTSpatialRefiner 0x71c8f7d2a880 (Used 0 MB), Loaded Geometries, ProbeArray 100000, Loaded 14, Type Point
[LIBGPUSPATIAL] [ 50742][17:27:12:984943][info  ] RTSpatialRefiner 0x71c8f7d2a880 (Used 1 MB), Evaluating 14 Geometry Pairs with Predicate Intersects
[LIBGPUSPATIAL] [ 50741][17:27:12:985344][info  ] RTSpatialIndex 0x71c8f400a800 (Used 0 MB), Allocate result buffer, memory consumption 0 MB, capacity 14
[LIBGPUSPATIAL] [ 50743][17:27:12:985371][info  ] RTSpatialRefiner 0x71c8f7d2a880 (Used 0 MB), Loaded Geometries, ProbeArray 100000, Loaded 12, Type Point
[LIBGPUSPATIAL] [ 50743][17:27:12:985416][info  ] RTSpatialRefiner 0x71c8f7d2a880 (Used 0 MB), Evaluating 12 Geometry Pairs with Predicate Intersects
[LIBGPUSPATIAL] [ 50741][17:27:12:985829][info  ] RTSpatialIndex 0x71c8f400a800 (Used 0 MB), Probe Points, Size: 100000, Results: 14
[LIBGPUSPATIAL] [ 50741][17:27:12:986559][info  ] RTSpatialRefiner 0x71c8f7d2a880 (Used 1 MB), Loaded Geometries, ProbeArray 100000, Loaded 14, Type Point
[LIBGPUSPATIAL] [ 50741][17:27:12:986604][info  ] RTSpatialRefiner 0x71c8f7d2a880 (Used 1 MB), Evaluating 14 Geometry Pairs with Predicate Intersects
[LIBGPUSPATIAL] [ 50740][17:27:12:987104][info  ] RTSpatialIndex 0x71c8f400a800 (Used 3 MB), Allocate result buffer, memory consumption 0 MB, capacity 19
[LIBGPUSPATIAL] [ 50745][17:27:12:987403][info  ] RTSpatialIndex 0x71c8f400a800 (Used 2 MB), Allocate result buffer, memory consumption 0 MB, capacity 11
[LIBGPUSPATIAL] [ 50740][17:27:12:987722][info  ] RTSpatialIndex 0x71c8f400a800 (Used 2 MB), Probe Points, Size: 100000, Results: 19
[LIBGPUSPATIAL] [ 50739][17:27:12:988068][info  ] RTSpatialIndex 0x71c8f400a800 (Used 1 MB), Allocate result buffer, memory consumption 0 MB, capacity 15
[LIBGPUSPATIAL] [ 50745][17:27:12:988378][info  ] RTSpatialIndex 0x71c8f400a800 (Used 1 MB), Probe Points, Size: 100000, Results: 11
[LIBGPUSPATIAL] [ 50740][17:27:12:988438][info  ] RTSpatialRefiner 0x71c8f7d2a880 (Used 0 MB), Loaded Geometries, ProbeArray 100000, Loaded 19, Type Point
[LIBGPUSPATIAL] [ 50740][17:27:12:988491][info  ] RTSpatialRefiner 0x71c8f7d2a880 (Used 0 MB), Evaluating 19 Geometry Pairs with Predicate Intersects
[LIBGPUSPATIAL] [ 50739][17:27:12:988909][info  ] RTSpatialIndex 0x71c8f400a800 (Used 2 MB), Probe Points, Size: 100000, Results: 15
[LIBGPUSPATIAL] [ 50745][17:27:12:989323][info  ] RTSpatialRefiner 0x71c8f7d2a880 (Used 0 MB), Loaded Geometries, ProbeArray 100000, Loaded 11, Type Point
[LIBGPUSPATIAL] [ 50745][17:27:12:989393][info  ] RTSpatialRefiner 0x71c8f7d2a880 (Used 0 MB), Evaluating 11 Geometry Pairs with Predicate Intersects
[LIBGPUSPATIAL] [ 50739][17:27:12:989496][info  ] RTSpatialRefiner 0x71c8f7d2a880 (Used 0 MB), Loaded Geometries, ProbeArray 100000, Loaded 15, Type Point
[LIBGPUSPATIAL] [ 50744][17:27:12:989523][info  ] RTSpatialIndex 0x71c8f400a800 (Used 0 MB), Allocate result buffer, memory consumption 0 MB, capacity 24
[LIBGPUSPATIAL] [ 50739][17:27:12:989541][info  ] RTSpatialRefiner 0x71c8f7d2a880 (Used 0 MB), Evaluating 15 Geometry Pairs with Predicate Intersects
[LIBGPUSPATIAL] [ 50744][17:27:12:990076][info  ] RTSpatialIndex 0x71c8f400a800 (Used 0 MB), Probe Points, Size: 100000, Results: 24
[LIBGPUSPATIAL] [ 50746][17:27:12:991001][info  ] RTSpatialIndex 0x71c8f400a800 (Used 0 MB), Allocate result buffer, memory consumption 0 MB, capacity 14
[LIBGPUSPATIAL] [ 50746][17:27:12:991179][info  ] RTSpatialIndex 0x71c8f400a800 (Used 0 MB), Probe Points, Size: 100000, Results: 14
[LIBGPUSPATIAL] [ 50744][17:27:12:991606][info  ] RTSpatialRefiner 0x71c8f7d2a880 (Used 0 MB), Loaded Geometries, ProbeArray 100000, Loaded 24, Type Point
[LIBGPUSPATIAL] [ 50744][17:27:12:991650][info  ] RTSpatialRefiner 0x71c8f7d2a880 (Used 0 MB), Evaluating 24 Geometry Pairs with Predicate Intersects
[LIBGPUSPATIAL] [ 50746][17:27:12:992308][info  ] RTSpatialRefiner 0x71c8f7d2a880 (Used 0 MB), Loaded Geometries, ProbeArray 100000, Loaded 14, Type Point
[LIBGPUSPATIAL] [ 50746][17:27:12:992348][info  ] RTSpatialRefiner 0x71c8f7d2a880 (Used 0 MB), Evaluating 14 Geometry Pairs with Predicate Intersects
[LIBGPUSPATIAL] [ 50742][17:27:12:998981][info  ] RTSpatialIndex 0x71c8f400a800 (Used 0 MB), Allocate result buffer, memory consumption 0 MB, capacity 10
[LIBGPUSPATIAL] [ 50742][17:27:12:999157][info  ] RTSpatialIndex 0x71c8f400a800 (Used 0 MB), Probe Points, Size: 100000, Results: 10
[LIBGPUSPATIAL] [ 50742][17:27:13:000211][info  ] RTSpatialRefiner 0x71c8f7d2a880 (Used 0 MB), Loaded Geometries, ProbeArray 100000, Loaded 10, Type Point
[LIBGPUSPATIAL] [ 50742][17:27:13:000274][info  ] RTSpatialRefiner 0x71c8f7d2a880 (Used 0 MB), Evaluating 10 Geometry Pairs with Predicate Intersects
[LIBGPUSPATIAL] [ 50741][17:27:13:000949][info  ] RTSpatialIndex 0x71c8f400a800 (Used 0 MB), Allocate result buffer, memory consumption 0 MB, capacity 22
[LIBGPUSPATIAL] [ 50741][17:27:13:001407][info  ] RTSpatialIndex 0x71c8f400a800 (Used 1 MB), Probe Points, Size: 100000, Results: 22
[LIBGPUSPATIAL] [ 50743][17:27:13:001484][info  ] RTSpatialIndex 0x71c8f400a800 (Used 0 MB), Allocate result buffer, memory consumption 0 MB, capacity 17
[LIBGPUSPATIAL] [ 50743][17:27:13:001879][info  ] RTSpatialIndex 0x71c8f400a800 (Used 0 MB), Probe Points, Size: 100000, Results: 17
[LIBGPUSPATIAL] [ 50741][17:27:13:002235][info  ] RTSpatialRefiner 0x71c8f7d2a880 (Used 0 MB), Loaded Geometries, ProbeArray 100000, Loaded 22, Type Point
[LIBGPUSPATIAL] [ 50741][17:27:13:002360][info  ] RTSpatialRefiner 0x71c8f7d2a880 (Used 0 MB), Evaluating 22 Geometry Pairs with Predicate Intersects
[LIBGPUSPATIAL] [ 50743][17:27:13:002766][info  ] RTSpatialRefiner 0x71c8f7d2a880 (Used 1 MB), Loaded Geometries, ProbeArray 100000, Loaded 17, Type Point
[LIBGPUSPATIAL] [ 50743][17:27:13:002830][info  ] RTSpatialRefiner 0x71c8f7d2a880 (Used 0 MB), Evaluating 17 Geometry Pairs with Predicate Intersects
[LIBGPUSPATIAL] [ 50740][17:27:13:003578][info  ] RTSpatialIndex 0x71c8f400a800 (Used 2 MB), Allocate result buffer, memory consumption 0 MB, capacity 15
[LIBGPUSPATIAL] [ 50739][17:27:13:004209][info  ] RTSpatialIndex 0x71c8f400a800 (Used 3 MB), Allocate result buffer, memory consumption 0 MB, capacity 9
[LIBGPUSPATIAL] [ 50740][17:27:13:004333][info  ] RTSpatialIndex 0x71c8f400a800 (Used 3 MB), Probe Points, Size: 100000, Results: 15
[LIBGPUSPATIAL] [ 50744][17:27:13:004412][info  ] RTSpatialIndex 0x71c8f400a800 (Used 2 MB), Allocate result buffer, memory consumption 0 MB, capacity 12
[LIBGPUSPATIAL] [ 50739][17:27:13:004645][info  ] RTSpatialIndex 0x71c8f400a800 (Used 2 MB), Probe Points, Size: 100000, Results: 9
[LIBGPUSPATIAL] [ 50745][17:27:13:005010][info  ] RTSpatialIndex 0x71c8f400a800 (Used 1 MB), Allocate result buffer, memory consumption 0 MB, capacity 16
[LIBGPUSPATIAL] [ 50740][17:27:13:005016][info  ] RTSpatialRefiner 0x71c8f7d2a880 (Used 1 MB), Loaded Geometries, ProbeArray 100000, Loaded 15, Type Point
[LIBGPUSPATIAL] [ 50740][17:27:13:005126][info  ] RTSpatialRefiner 0x71c8f7d2a880 (Used 1 MB), Evaluating 15 Geometry Pairs with Predicate Intersects
[LIBGPUSPATIAL] [ 50744][17:27:13:005241][info  ] RTSpatialIndex 0x71c8f400a800 (Used 1 MB), Probe Points, Size: 100000, Results: 12
[LIBGPUSPATIAL] [ 50739][17:27:13:005302][info  ] RTSpatialRefiner 0x71c8f7d2a880 (Used 0 MB), Loaded Geometries, ProbeArray 100000, Loaded 9, Type Point
[LIBGPUSPATIAL] [ 50739][17:27:13:005434][info  ] RTSpatialRefiner 0x71c8f7d2a880 (Used 0 MB), Evaluating 9 Geometry Pairs with Predicate Intersects
[LIBGPUSPATIAL] [ 50745][17:27:13:005547][info  ] RTSpatialIndex 0x71c8f400a800 (Used 0 MB), Probe Points, Size: 100000, Results: 16
[LIBGPUSPATIAL] [ 50744][17:27:13:006382][info  ] RTSpatialRefiner 0x71c8f7d2a880 (Used 0 MB), Loaded Geometries, ProbeArray 100000, Loaded 12, Type Point
[LIBGPUSPATIAL] [ 50744][17:27:13:006427][info  ] RTSpatialRefiner 0x71c8f7d2a880 (Used 0 MB), Evaluating 12 Geometry Pairs with Predicate Intersects
[LIBGPUSPATIAL] [ 50745][17:27:13:006785][info  ] RTSpatialRefiner 0x71c8f7d2a880 (Used 0 MB), Loaded Geometries, ProbeArray 100000, Loaded 16, Type Point
[LIBGPUSPATIAL] [ 50745][17:27:13:006843][info  ] RTSpatialRefiner 0x71c8f7d2a880 (Used 0 MB), Evaluating 16 Geometry Pairs with Predicate Intersects
[LIBGPUSPATIAL] [ 50746][17:27:13:007534][info  ] RTSpatialIndex 0x71c8f400a800 (Used 0 MB), Allocate result buffer, memory consumption 0 MB, capacity 19
[LIBGPUSPATIAL] [ 50746][17:27:13:007779][info  ] RTSpatialIndex 0x71c8f400a800 (Used 0 MB), Probe Points, Size: 100000, Results: 19
[LIBGPUSPATIAL] [ 50746][17:27:13:008350][info  ] RTSpatialRefiner 0x71c8f7d2a880 (Used 0 MB), Loaded Geometries, ProbeArray 100000, Loaded 19, Type Point
[LIBGPUSPATIAL] [ 50746][17:27:13:008544][info  ] RTSpatialRefiner 0x71c8f7d2a880 (Used 0 MB), Evaluating 19 Geometry Pairs with Predicate Intersects
[LIBGPUSPATIAL] [ 50742][17:27:13:013298][info  ] RTSpatialIndex 0x71c8f400a800 (Used 0 MB), Allocate result buffer, memory consumption 0 MB, capacity 11
[LIBGPUSPATIAL] [ 50742][17:27:13:013432][info  ] RTSpatialIndex 0x71c8f400a800 (Used 0 MB), Probe Points, Size: 100000, Results: 11
[LIBGPUSPATIAL] [ 50742][17:27:13:013848][info  ] RTSpatialRefiner 0x71c8f7d2a880 (Used 0 MB), Loaded Geometries, ProbeArray 100000, Loaded 11, Type Point
[LIBGPUSPATIAL] [ 50742][17:27:13:013887][info  ] RTSpatialRefiner 0x71c8f7d2a880 (Used 0 MB), Evaluating 11 Geometry Pairs with Predicate Intersects
[LIBGPUSPATIAL] [ 50741][17:27:13:015948][info  ] RTSpatialIndex 0x71c8f400a800 (Used 0 MB), Allocate result buffer, memory consumption 0 MB, capacity 13
[LIBGPUSPATIAL] [ 50741][17:27:13:016080][info  ] RTSpatialIndex 0x71c8f400a800 (Used 0 MB), Probe Points, Size: 100000, Results: 13
[LIBGPUSPATIAL] [ 50741][17:27:13:017272][info  ] RTSpatialRefiner 0x71c8f7d2a880 (Used 0 MB), Loaded Geometries, ProbeArray 100000, Loaded 13, Type Point
[LIBGPUSPATIAL] [ 50741][17:27:13:017319][info  ] RTSpatialRefiner 0x71c8f7d2a880 (Used 0 MB), Evaluating 13 Geometry Pairs with Predicate Intersects
[LIBGPUSPATIAL] [ 50743][17:27:13:018129][info  ] RTSpatialIndex 0x71c8f400a800 (Used 0 MB), Allocate result buffer, memory consumption 0 MB, capacity 8
[LIBGPUSPATIAL] [ 50743][17:27:13:018367][info  ] RTSpatialIndex 0x71c8f400a800 (Used 2 MB), Probe Points, Size: 100000, Results: 8
[LIBGPUSPATIAL] [ 50740][17:27:13:019141][info  ] RTSpatialIndex 0x71c8f400a800 (Used 2 MB), Allocate result buffer, memory consumption 0 MB, capacity 19
[LIBGPUSPATIAL] [ 50743][17:27:13:019670][info  ] RTSpatialRefiner 0x71c8f7d2a880 (Used 3 MB), Loaded Geometries, ProbeArray 100000, Loaded 8, Type Point
[LIBGPUSPATIAL] [ 50743][17:27:13:019718][info  ] RTSpatialRefiner 0x71c8f7d2a880 (Used 3 MB), Evaluating 8 Geometry Pairs with Predicate Intersects
[LIBGPUSPATIAL] [ 50740][17:27:13:020412][info  ] RTSpatialIndex 0x71c8f400a800 (Used 3 MB), Probe Points, Size: 100000, Results: 19
[LIBGPUSPATIAL] [ 50739][17:27:13:020592][info  ] RTSpatialIndex 0x71c8f400a800 (Used 2 MB), Allocate result buffer, memory consumption 0 MB, capacity 8
[LIBGPUSPATIAL] [ 50744][17:27:13:020891][info  ] RTSpatialIndex 0x71c8f400a800 (Used 2 MB), Allocate result buffer, memory consumption 0 MB, capacity 12
[LIBGPUSPATIAL] [ 50739][17:27:13:021095][info  ] RTSpatialIndex 0x71c8f400a800 (Used 2 MB), Probe Points, Size: 100000, Results: 8
[LIBGPUSPATIAL] [ 50740][17:27:13:021147][info  ] RTSpatialRefiner 0x71c8f7d2a880 (Used 1 MB), Loaded Geometries, ProbeArray 100000, Loaded 19, Type Point
[LIBGPUSPATIAL] [ 50744][17:27:13:021158][info  ] RTSpatialIndex 0x71c8f400a800 (Used 1 MB), Probe Points, Size: 100000, Results: 12
[LIBGPUSPATIAL] [ 50740][17:27:13:021180][info  ] RTSpatialRefiner 0x71c8f7d2a880 (Used 0 MB), Evaluating 19 Geometry Pairs with Predicate Intersects
[LIBGPUSPATIAL] [ 50745][17:27:13:021547][info  ] RTSpatialIndex 0x71c8f400a800 (Used 0 MB), Allocate result buffer, memory consumption 0 MB, capacity 19
[LIBGPUSPATIAL] [ 50745][17:27:13:021932][info  ] RTSpatialIndex 0x71c8f400a800 (Used 0 MB), Probe Points, Size: 100000, Results: 19
[LIBGPUSPATIAL] [ 50744][17:27:13:021946][info  ] RTSpatialRefiner 0x71c8f7d2a880 (Used 0 MB), Loaded Geometries, ProbeArray 100000, Loaded 12, Type Point
[LIBGPUSPATIAL] [ 50739][17:27:13:021939][info  ] RTSpatialRefiner 0x71c8f7d2a880 (Used 0 MB), Loaded Geometries, ProbeArray 100000, Loaded 8, Type Point
[LIBGPUSPATIAL] [ 50739][17:27:13:022006][info  ] RTSpatialRefiner 0x71c8f7d2a880 (Used 0 MB), Evaluating 8 Geometry Pairs with Predicate Intersects
[LIBGPUSPATIAL] [ 50744][17:27:13:022012][info  ] RTSpatialRefiner 0x71c8f7d2a880 (Used 0 MB), Evaluating 12 Geometry Pairs with Predicate Intersects
[LIBGPUSPATIAL] [ 50745][17:27:13:022800][info  ] RTSpatialRefiner 0x71c8f7d2a880 (Used 0 MB), Loaded Geometries, ProbeArray 100000, Loaded 19, Type Point
[LIBGPUSPATIAL] [ 50745][17:27:13:022849][info  ] RTSpatialRefiner 0x71c8f7d2a880 (Used 0 MB), Evaluating 19 Geometry Pairs with Predicate Intersects
[LIBGPUSPATIAL] [ 50746][17:27:13:023064][info  ] RTSpatialIndex 0x71c8f400a800 (Used 0 MB), Allocate result buffer, memory consumption 0 MB, capacity 13
[LIBGPUSPATIAL] [ 50746][17:27:13:023461][info  ] RTSpatialIndex 0x71c8f400a800 (Used 0 MB), Probe Points, Size: 100000, Results: 13
[LIBGPUSPATIAL] [ 50746][17:27:13:024350][info  ] RTSpatialRefiner 0x71c8f7d2a880 (Used 0 MB), Loaded Geometries, ProbeArray 100000, Loaded 13, Type Point
[LIBGPUSPATIAL] [ 50746][17:27:13:024401][info  ] RTSpatialRefiner 0x71c8f7d2a880 (Used 0 MB), Evaluating 13 Geometry Pairs with Predicate Intersects
[LIBGPUSPATIAL] [ 50742][17:27:13:026639][info  ] RTSpatialIndex 0x71c8f400a800 (Used 0 MB), Allocate result buffer, memory consumption 0 MB, capacity 15
[LIBGPUSPATIAL] [ 50742][17:27:13:026774][info  ] RTSpatialIndex 0x71c8f400a800 (Used 0 MB), Probe Points, Size: 100000, Results: 15
[LIBGPUSPATIAL] [ 50742][17:27:13:027245][info  ] RTSpatialRefiner 0x71c8f7d2a880 (Used 0 MB), Loaded Geometries, ProbeArray 100000, Loaded 15, Type Point
[LIBGPUSPATIAL] [ 50742][17:27:13:027289][info  ] RTSpatialRefiner 0x71c8f7d2a880 (Used 0 MB), Evaluating 15 Geometry Pairs with Predicate Intersects
[LIBGPUSPATIAL] [ 50741][17:27:13:030372][info  ] RTSpatialIndex 0x71c8f400a800 (Used 0 MB), Allocate result buffer, memory consumption 0 MB, capacity 15
[LIBGPUSPATIAL] [ 50741][17:27:13:030500][info  ] RTSpatialIndex 0x71c8f400a800 (Used 0 MB), Probe Points, Size: 100000, Results: 15
[LIBGPUSPATIAL] [ 50741][17:27:13:030823][info  ] RTSpatialRefiner 0x71c8f7d2a880 (Used 0 MB), Loaded Geometries, ProbeArray 100000, Loaded 15, Type Point
[LIBGPUSPATIAL] [ 50741][17:27:13:030867][info  ] RTSpatialRefiner 0x71c8f7d2a880 (Used 0 MB), Evaluating 15 Geometry Pairs with Predicate Intersects
[LIBGPUSPATIAL] [ 50743][17:27:13:033637][info  ] RTSpatialIndex 0x71c8f400a800 (Used 0 MB), Allocate result buffer, memory consumption 0 MB, capacity 14
[LIBGPUSPATIAL] [ 50743][17:27:13:033773][info  ] RTSpatialIndex 0x71c8f400a800 (Used 0 MB), Probe Points, Size: 100000, Results: 14
[LIBGPUSPATIAL] [ 50743][17:27:13:034108][info  ] RTSpatialRefiner 0x71c8f7d2a880 (Used 0 MB), Loaded Geometries, ProbeArray 100000, Loaded 14, Type Point
[LIBGPUSPATIAL] [ 50743][17:27:13:034154][info  ] RTSpatialRefiner 0x71c8f7d2a880 (Used 0 MB), Evaluating 14 Geometry Pairs with Predicate Intersects
[LIBGPUSPATIAL] [ 50740][17:27:13:035119][info  ] RTSpatialIndex 0x71c8f400a800 (Used 2 MB), Allocate result buffer, memory consumption 0 MB, capacity 32
[LIBGPUSPATIAL] [ 50740][17:27:13:035555][info  ] RTSpatialIndex 0x71c8f400a800 (Used 1 MB), Probe Points, Size: 100000, Results: 32
[LIBGPUSPATIAL] [ 50739][17:27:13:035623][info  ] RTSpatialIndex 0x71c8f400a800 (Used 0 MB), Allocate result buffer, memory consumption 0 MB, capacity 16
[LIBGPUSPATIAL] [ 50739][17:27:13:035925][info  ] RTSpatialIndex 0x71c8f400a800 (Used 2 MB), Probe Points, Size: 100000, Results: 16
[LIBGPUSPATIAL] [ 50740][17:27:13:036183][info  ] RTSpatialRefiner 0x71c8f7d2a880 (Used 0 MB), Loaded Geometries, ProbeArray 100000, Loaded 32, Type Point
[LIBGPUSPATIAL] [ 50740][17:27:13:036242][info  ] RTSpatialRefiner 0x71c8f7d2a880 (Used 0 MB), Evaluating 32 Geometry Pairs with Predicate Intersects
[LIBGPUSPATIAL] [ 50744][17:27:13:036290][info  ] RTSpatialIndex 0x71c8f400a800 (Used 0 MB), Allocate result buffer, memory consumption 0 MB, capacity 20
[LIBGPUSPATIAL] [ 50739][17:27:13:036475][info  ] RTSpatialRefiner 0x71c8f7d2a880 (Used 0 MB), Loaded Geometries, ProbeArray 100000, Loaded 16, Type Point
[LIBGPUSPATIAL] [ 50739][17:27:13:036579][info  ] RTSpatialRefiner 0x71c8f7d2a880 (Used 0 MB), Evaluating 16 Geometry Pairs with Predicate Intersects
[LIBGPUSPATIAL] [ 50744][17:27:13:036609][info  ] RTSpatialIndex 0x71c8f400a800 (Used 0 MB), Probe Points, Size: 100000, Results: 20
[LIBGPUSPATIAL] [ 50744][17:27:13:037273][info  ] RTSpatialRefiner 0x71c8f7d2a880 (Used 0 MB), Loaded Geometries, ProbeArray 100000, Loaded 20, Type Point
[LIBGPUSPATIAL] [ 50744][17:27:13:037317][info  ] RTSpatialRefiner 0x71c8f7d2a880 (Used 0 MB), Evaluating 20 Geometry Pairs with Predicate Intersects
[LIBGPUSPATIAL] [ 50745][17:27:13:037455][info  ] RTSpatialIndex 0x71c8f400a800 (Used 0 MB), Allocate result buffer, memory consumption 0 MB, capacity 9
[LIBGPUSPATIAL] [ 50745][17:27:13:037909][info  ] RTSpatialIndex 0x71c8f400a800 (Used 0 MB), Probe Points, Size: 100000, Results: 9
[LIBGPUSPATIAL] [ 50745][17:27:13:038823][info  ] RTSpatialRefiner 0x71c8f7d2a880 (Used 0 MB), Loaded Geometries, ProbeArray 100000, Loaded 9, Type Point
[LIBGPUSPATIAL] [ 50745][17:27:13:038863][info  ] RTSpatialRefiner 0x71c8f7d2a880 (Used 0 MB), Evaluating 9 Geometry Pairs with Predicate Intersects
[LIBGPUSPATIAL] [ 50746][17:27:13:039266][info  ] RTSpatialIndex 0x71c8f400a800 (Used 0 MB), Allocate result buffer, memory consumption 0 MB, capacity 18
[LIBGPUSPATIAL] [ 50746][17:27:13:039713][info  ] RTSpatialIndex 0x71c8f400a800 (Used 0 MB), Probe Points, Size: 100000, Results: 18
[LIBGPUSPATIAL] [ 50746][17:27:13:040248][info  ] RTSpatialRefiner 0x71c8f7d2a880 (Used 0 MB), Loaded Geometries, ProbeArray 100000, Loaded 18, Type Point
[LIBGPUSPATIAL] [ 50746][17:27:13:040357][info  ] RTSpatialRefiner 0x71c8f7d2a880 (Used 0 MB), Evaluating 18 Geometry Pairs with Predicate Intersects
[LIBGPUSPATIAL] [ 50742][17:27:13:041182][info  ] RTSpatialIndex 0x71c8f400a800 (Used 0 MB), Allocate result buffer, memory consumption 0 MB, capacity 18
[LIBGPUSPATIAL] [ 50742][17:27:13:041306][info  ] RTSpatialIndex 0x71c8f400a800 (Used 0 MB), Probe Points, Size: 100000, Results: 18
[LIBGPUSPATIAL] [ 50742][17:27:13:041727][info  ] RTSpatialRefiner 0x71c8f7d2a880 (Used 0 MB), Loaded Geometries, ProbeArray 100000, Loaded 18, Type Point
[LIBGPUSPATIAL] [ 50742][17:27:13:041829][info  ] RTSpatialRefiner 0x71c8f7d2a880 (Used 0 MB), Evaluating 18 Geometry Pairs with Predicate Intersects
[LIBGPUSPATIAL] [ 50741][17:27:13:043291][info  ] RTSpatialIndex 0x71c8f400a800 (Used 0 MB), Allocate result buffer, memory consumption 0 MB, capacity 13
[LIBGPUSPATIAL] [ 50741][17:27:13:043407][info  ] RTSpatialIndex 0x71c8f400a800 (Used 0 MB), Probe Points, Size: 100000, Results: 13
[LIBGPUSPATIAL] [ 50741][17:27:13:043863][info  ] RTSpatialRefiner 0x71c8f7d2a880 (Used 0 MB), Loaded Geometries, ProbeArray 100000, Loaded 13, Type Point
[LIBGPUSPATIAL] [ 50741][17:27:13:043905][info  ] RTSpatialRefiner 0x71c8f7d2a880 (Used 0 MB), Evaluating 13 Geometry Pairs with Predicate Intersects
[LIBGPUSPATIAL] [ 50743][17:27:13:047094][info  ] RTSpatialIndex 0x71c8f400a800 (Used 0 MB), Allocate result buffer, memory consumption 0 MB, capacity 21
[LIBGPUSPATIAL] [ 50743][17:27:13:047221][info  ] RTSpatialIndex 0x71c8f400a800 (Used 0 MB), Probe Points, Size: 100000, Results: 21
[LIBGPUSPATIAL] [ 50743][17:27:13:048673][info  ] RTSpatialRefiner 0x71c8f7d2a880 (Used 0 MB), Loaded Geometries, ProbeArray 100000, Loaded 21, Type Point
[LIBGPUSPATIAL] [ 50743][17:27:13:048719][info  ] RTSpatialRefiner 0x71c8f7d2a880 (Used 0 MB), Evaluating 21 Geometry Pairs with Predicate Intersects
[LIBGPUSPATIAL] [ 50739][17:27:13:050458][info  ] RTSpatialIndex 0x71c8f400a800 (Used 0 MB), Allocate result buffer, memory consumption 0 MB, capacity 12
[LIBGPUSPATIAL] [ 50739][17:27:13:050618][info  ] RTSpatialIndex 0x71c8f400a800 (Used 2 MB), Probe Points, Size: 100000, Results: 12
[LIBGPUSPATIAL] [ 50740][17:27:13:051290][info  ] RTSpatialIndex 0x71c8f400a800 (Used 0 MB), Allocate result buffer, memory consumption 0 MB, capacity 19
[LIBGPUSPATIAL] [ 50739][17:27:13:051319][info  ] RTSpatialRefiner 0x71c8f7d2a880 (Used 0 MB), Loaded Geometries, ProbeArray 100000, Loaded 12, Type Point
[LIBGPUSPATIAL] [ 50739][17:27:13:051363][info  ] RTSpatialRefiner 0x71c8f7d2a880 (Used 0 MB), Evaluating 12 Geometry Pairs with Predicate Intersects
[LIBGPUSPATIAL] [ 50740][17:27:13:051862][info  ] RTSpatialIndex 0x71c8f400a800 (Used 2 MB), Probe Points, Size: 100000, Results: 19
[LIBGPUSPATIAL] [ 50745][17:27:13:053055][info  ] RTSpatialIndex 0x71c8f400a800 (Used 1 MB), Allocate result buffer, memory consumption 0 MB, capacity 17
[LIBGPUSPATIAL] [ 50740][17:27:13:053111][info  ] RTSpatialRefiner 0x71c8f7d2a880 (Used 1 MB), Loaded Geometries, ProbeArray 100000, Loaded 19, Type Point
[LIBGPUSPATIAL] [ 50740][17:27:13:053154][info  ] RTSpatialRefiner 0x71c8f7d2a880 (Used 1 MB), Evaluating 19 Geometry Pairs with Predicate Intersects
[LIBGPUSPATIAL] [ 50744][17:27:13:053226][info  ] RTSpatialIndex 0x71c8f400a800 (Used 1 MB), Allocate result buffer, memory consumption 0 MB, capacity 22
[LIBGPUSPATIAL] [ 50745][17:27:13:053816][info  ] RTSpatialIndex 0x71c8f400a800 (Used 1 MB), Probe Points, Size: 100000, Results: 17
[LIBGPUSPATIAL] [ 50744][17:27:13:053962][info  ] RTSpatialIndex 0x71c8f400a800 (Used 0 MB), Probe Points, Size: 100000, Results: 22
[LIBGPUSPATIAL] [ 50745][17:27:13:054636][info  ] RTSpatialRefiner 0x71c8f7d2a880 (Used 2 MB), Loaded Geometries, ProbeArray 100000, Loaded 17, Type Point
[LIBGPUSPATIAL] [ 50745][17:27:13:054681][info  ] RTSpatialRefiner 0x71c8f7d2a880 (Used 2 MB), Evaluating 17 Geometry Pairs with Predicate Intersects
[LIBGPUSPATIAL] [ 50746][17:27:13:054934][info  ] RTSpatialIndex 0x71c8f400a800 (Used 3 MB), Allocate result buffer, memory consumption 0 MB, capacity 22
[LIBGPUSPATIAL] [ 50744][17:27:13:055349][info  ] RTSpatialRefiner 0x71c8f7d2a880 (Used 1 MB), Loaded Geometries, ProbeArray 100000, Loaded 22, Type Point
[LIBGPUSPATIAL] [ 50746][17:27:13:055385][info  ] RTSpatialIndex 0x71c8f400a800 (Used 1 MB), Probe Points, Size: 100000, Results: 22
[LIBGPUSPATIAL] [ 50744][17:27:13:055422][info  ] RTSpatialRefiner 0x71c8f7d2a880 (Used 1 MB), Evaluating 22 Geometry Pairs with Predicate Intersects
[LIBGPUSPATIAL] [ 50742][17:27:13:055498][info  ] RTSpatialIndex 0x71c8f400a800 (Used 0 MB), Allocate result buffer, memory consumption 0 MB, capacity 11
[LIBGPUSPATIAL] [ 50746][17:27:13:055922][info  ] RTSpatialRefiner 0x71c8f7d2a880 (Used 0 MB), Loaded Geometries, ProbeArray 100000, Loaded 22, Type Point
[LIBGPUSPATIAL] [ 50746][17:27:13:056027][info  ] RTSpatialRefiner 0x71c8f7d2a880 (Used 0 MB), Evaluating 22 Geometry Pairs with Predicate Intersects
[LIBGPUSPATIAL] [ 50742][17:27:13:056152][info  ] RTSpatialIndex 0x71c8f400a800 (Used 0 MB), Probe Points, Size: 100000, Results: 11
[LIBGPUSPATIAL] [ 50742][17:27:13:056944][info  ] RTSpatialRefiner 0x71c8f7d2a880 (Used 0 MB), Loaded Geometries, ProbeArray 100000, Loaded 11, Type Point
[LIBGPUSPATIAL] [ 50741][17:27:13:057100][info  ] RTSpatialIndex 0x71c8f400a800 (Used 0 MB), Allocate result buffer, memory consumption 0 MB, capacity 16
[LIBGPUSPATIAL] [ 50742][17:27:13:057108][info  ] RTSpatialRefiner 0x71c8f7d2a880 (Used 0 MB), Evaluating 11 Geometry Pairs with Predicate Intersects
[LIBGPUSPATIAL] [ 50741][17:27:13:057595][info  ] RTSpatialIndex 0x71c8f400a800 (Used 0 MB), Probe Points, Size: 100000, Results: 16
[LIBGPUSPATIAL] [ 50741][17:27:13:058757][info  ] RTSpatialRefiner 0x71c8f7d2a880 (Used 0 MB), Loaded Geometries, ProbeArray 100000, Loaded 16, Type Point
[LIBGPUSPATIAL] [ 50741][17:27:13:058798][info  ] RTSpatialRefiner 0x71c8f7d2a880 (Used 0 MB), Evaluating 16 Geometry Pairs with Predicate Intersects
[LIBGPUSPATIAL] [ 50743][17:27:13:061006][info  ] RTSpatialIndex 0x71c8f400a800 (Used 0 MB), Allocate result buffer, memory consumption 0 MB, capacity 24
[LIBGPUSPATIAL] [ 50743][17:27:13:061141][info  ] RTSpatialIndex 0x71c8f400a800 (Used 0 MB), Probe Points, Size: 100000, Results: 24
[LIBGPUSPATIAL] [ 50743][17:27:13:061646][info  ] RTSpatialRefiner 0x71c8f7d2a880 (Used 0 MB), Loaded Geometries, ProbeArray 100000, Loaded 24, Type Point
[LIBGPUSPATIAL] [ 50743][17:27:13:061689][info  ] RTSpatialRefiner 0x71c8f7d2a880 (Used 0 MB), Evaluating 24 Geometry Pairs with Predicate Intersects
[LIBGPUSPATIAL] [ 50739][17:27:13:066020][info  ] RTSpatialIndex 0x71c8f400a800 (Used 0 MB), Allocate result buffer, memory consumption 0 MB, capacity 16
[LIBGPUSPATIAL] [ 50739][17:27:13:066185][info  ] RTSpatialIndex 0x71c8f400a800 (Used 0 MB), Probe Points, Size: 100000, Results: 16
[LIBGPUSPATIAL] [ 50740][17:27:13:067113][info  ] RTSpatialIndex 0x71c8f400a800 (Used 0 MB), Allocate result buffer, memory consumption 0 MB, capacity 18
[LIBGPUSPATIAL] [ 50740][17:27:13:067341][info  ] RTSpatialIndex 0x71c8f400a800 (Used 0 MB), Probe Points, Size: 100000, Results: 18
[LIBGPUSPATIAL] [ 50739][17:27:13:067361][info  ] RTSpatialRefiner 0x71c8f7d2a880 (Used 0 MB), Loaded Geometries, ProbeArray 100000, Loaded 16, Type Point
[LIBGPUSPATIAL] [ 50739][17:27:13:067401][info  ] RTSpatialRefiner 0x71c8f7d2a880 (Used 0 MB), Evaluating 16 Geometry Pairs with Predicate Intersects
[LIBGPUSPATIAL] [ 50740][17:27:13:068258][info  ] RTSpatialRefiner 0x71c8f7d2a880 (Used 0 MB), Loaded Geometries, ProbeArray 100000, Loaded 18, Type Point
[LIBGPUSPATIAL] [ 50740][17:27:13:068337][info  ] RTSpatialRefiner 0x71c8f7d2a880 (Used 0 MB), Evaluating 18 Geometry Pairs with Predicate Intersects
[LIBGPUSPATIAL] [ 50745][17:27:13:069598][info  ] RTSpatialIndex 0x71c8f400a800 (Used 2 MB), Allocate result buffer, memory consumption 0 MB, capacity 21
[LIBGPUSPATIAL] [ 50745][17:27:13:070258][info  ] RTSpatialIndex 0x71c8f400a800 (Used 2 MB), Probe Points, Size: 100000, Results: 21
[LIBGPUSPATIAL] [ 50746][17:27:13:070300][info  ] RTSpatialIndex 0x71c8f400a800 (Used 1 MB), Allocate result buffer, memory consumption 0 MB, capacity 16
[LIBGPUSPATIAL] [ 50744][17:27:13:070564][info  ] RTSpatialIndex 0x71c8f400a800 (Used 1 MB), Allocate result buffer, memory consumption 0 MB, capacity 19
[LIBGPUSPATIAL] [ 50746][17:27:13:070856][info  ] RTSpatialIndex 0x71c8f400a800 (Used 1 MB), Probe Points, Size: 100000, Results: 16
[LIBGPUSPATIAL] [ 50744][17:27:13:071079][info  ] RTSpatialIndex 0x71c8f400a800 (Used 2 MB), Probe Points, Size: 100000, Results: 19
[LIBGPUSPATIAL] [ 50745][17:27:13:071122][info  ] RTSpatialRefiner 0x71c8f7d2a880 (Used 2 MB), Loaded Geometries, ProbeArray 100000, Loaded 21, Type Point
[LIBGPUSPATIAL] [ 50745][17:27:13:071625][info  ] RTSpatialRefiner 0x71c8f7d2a880 (Used 3 MB), Evaluating 21 Geometry Pairs with Predicate Intersects
[LIBGPUSPATIAL] [ 50746][17:27:13:072005][info  ] RTSpatialRefiner 0x71c8f7d2a880 (Used 2 MB), Loaded Geometries, ProbeArray 100000, Loaded 16, Type Point
[LIBGPUSPATIAL] [ 50746][17:27:13:072066][info  ] RTSpatialRefiner 0x71c8f7d2a880 (Used 2 MB), Evaluating 16 Geometry Pairs with Predicate Intersects
[LIBGPUSPATIAL] [ 50744][17:27:13:072180][info  ] RTSpatialRefiner 0x71c8f7d2a880 (Used 1 MB), Loaded Geometries, ProbeArray 100000, Loaded 19, Type Point
[LIBGPUSPATIAL] [ 50744][17:27:13:072226][info  ] RTSpatialRefiner 0x71c8f7d2a880 (Used 1 MB), Evaluating 19 Geometry Pairs with Predicate Intersects
[LIBGPUSPATIAL] [ 50742][17:27:13:072538][info  ] RTSpatialIndex 0x71c8f400a800 (Used 1 MB), Allocate result buffer, memory consumption 0 MB, capacity 13
[LIBGPUSPATIAL] [ 50741][17:27:13:072769][info  ] RTSpatialIndex 0x71c8f400a800 (Used 1 MB), Allocate result buffer, memory consumption 0 MB, capacity 18
[LIBGPUSPATIAL] [ 50742][17:27:13:074271][info  ] RTSpatialIndex 0x71c8f400a800 (Used 2 MB), Probe Points, Size: 100000, Results: 13
[LIBGPUSPATIAL] [ 50741][17:27:13:074393][info  ] RTSpatialIndex 0x71c8f400a800 (Used 1 MB), Probe Points, Size: 100000, Results: 18
[LIBGPUSPATIAL] [ 50743][17:27:13:074576][info  ] RTSpatialIndex 0x71c8f400a800 (Used 0 MB), Allocate result buffer, memory consumption 0 MB, capacity 5
[LIBGPUSPATIAL] [ 50742][17:27:13:075019][info  ] RTSpatialRefiner 0x71c8f7d2a880 (Used 0 MB), Loaded Geometries, ProbeArray 100000, Loaded 13, Type Point
[LIBGPUSPATIAL] [ 50742][17:27:13:075079][info  ] RTSpatialRefiner 0x71c8f7d2a880 (Used 0 MB), Evaluating 13 Geometry Pairs with Predicate Intersects
[LIBGPUSPATIAL] [ 50743][17:27:13:076185][info  ] RTSpatialIndex 0x71c8f400a800 (Used 0 MB), Probe Points, Size: 100000, Results: 5
[LIBGPUSPATIAL] [ 50741][17:27:13:077762][info  ] RTSpatialRefiner 0x71c8f7d2a880 (Used 0 MB), Loaded Geometries, ProbeArray 100000, Loaded 18, Type Point
[LIBGPUSPATIAL] [ 50741][17:27:13:077814][info  ] RTSpatialRefiner 0x71c8f7d2a880 (Used 1 MB), Evaluating 18 Geometry Pairs with Predicate Intersects
[LIBGPUSPATIAL] [ 50739][17:27:13:078203][info  ] RTSpatialIndex 0x71c8f400a800 (Used 0 MB), Allocate result buffer, memory consumption 0 MB, capacity 15
[LIBGPUSPATIAL] [ 50743][17:27:13:078251][info  ] RTSpatialRefiner 0x71c8f7d2a880 (Used 0 MB), Loaded Geometries, ProbeArray 100000, Loaded 5, Type Point
[LIBGPUSPATIAL] [ 50743][17:27:13:078301][info  ] RTSpatialRefiner 0x71c8f7d2a880 (Used 0 MB), Evaluating 5 Geometry Pairs with Predicate Intersects
[LIBGPUSPATIAL] [ 50739][17:27:13:078350][info  ] RTSpatialIndex 0x71c8f400a800 (Used 0 MB), Probe Points, Size: 100000, Results: 15
[LIBGPUSPATIAL] [ 50739][17:27:13:078751][info  ] RTSpatialRefiner 0x71c8f7d2a880 (Used 0 MB), Loaded Geometries, ProbeArray 100000, Loaded 15, Type Point
[LIBGPUSPATIAL] [ 50739][17:27:13:078802][info  ] RTSpatialRefiner 0x71c8f7d2a880 (Used 0 MB), Evaluating 15 Geometry Pairs with Predicate Intersects
[LIBGPUSPATIAL] [ 50740][17:27:13:080736][info  ] RTSpatialIndex 0x71c8f400a800 (Used 0 MB), Allocate result buffer, memory consumption 0 MB, capacity 17
[LIBGPUSPATIAL] [ 50740][17:27:13:080883][info  ] RTSpatialIndex 0x71c8f400a800 (Used 0 MB), Probe Points, Size: 100000, Results: 17
[LIBGPUSPATIAL] [ 50740][17:27:13:081544][info  ] RTSpatialRefiner 0x71c8f7d2a880 (Used 0 MB), Loaded Geometries, ProbeArray 100000, Loaded 17, Type Point
[LIBGPUSPATIAL] [ 50740][17:27:13:081749][info  ] RTSpatialRefiner 0x71c8f7d2a880 (Used 0 MB), Evaluating 17 Geometry Pairs with Predicate Intersects
[LIBGPUSPATIAL] [ 50744][17:27:13:085124][info  ] RTSpatialIndex 0x71c8f400a800 (Used 0 MB), Allocate result buffer, memory consumption 0 MB, capacity 15
[LIBGPUSPATIAL] [ 50744][17:27:13:085258][info  ] RTSpatialIndex 0x71c8f400a800 (Used 0 MB), Probe Points, Size: 100000, Results: 15
[LIBGPUSPATIAL] [ 50744][17:27:13:085637][info  ] RTSpatialRefiner 0x71c8f7d2a880 (Used 1 MB), Loaded Geometries, ProbeArray 100000, Loaded 15, Type Point
[LIBGPUSPATIAL] [ 50744][17:27:13:085682][info  ] RTSpatialRefiner 0x71c8f7d2a880 (Used 1 MB), Evaluating 15 Geometry Pairs with Predicate Intersects
[LIBGPUSPATIAL] [ 50745][17:27:13:085926][info  ] RTSpatialIndex 0x71c8f400a800 (Used 0 MB), Allocate result buffer, memory consumption 0 MB, capacity 20
[LIBGPUSPATIAL] [ 50745][17:27:13:086247][info  ] RTSpatialIndex 0x71c8f400a800 (Used 0 MB), Probe Points, Size: 100000, Results: 20
[LIBGPUSPATIAL] [ 50745][17:27:13:086733][info  ] RTSpatialRefiner 0x71c8f7d2a880 (Used 0 MB), Loaded Geometries, ProbeArray 100000, Loaded 20, Type Point
[LIBGPUSPATIAL] [ 50745][17:27:13:086798][info  ] RTSpatialRefiner 0x71c8f7d2a880 (Used 0 MB), Evaluating 20 Geometry Pairs with Predicate Intersects
[LIBGPUSPATIAL] [ 50746][17:27:13:087091][info  ] RTSpatialIndex 0x71c8f400a800 (Used 0 MB), Allocate result buffer, memory consumption 0 MB, capacity 13
[LIBGPUSPATIAL] [ 50746][17:27:13:087615][info  ] RTSpatialIndex 0x71c8f400a800 (Used 2 MB), Probe Points, Size: 100000, Results: 13
[LIBGPUSPATIAL] [ 50742][17:27:13:088100][info  ] RTSpatialIndex 0x71c8f400a800 (Used 0 MB), Allocate result buffer, memory consumption 0 MB, capacity 24
[LIBGPUSPATIAL] [ 50742][17:27:13:088451][info  ] RTSpatialIndex 0x71c8f400a800 (Used 0 MB), Probe Points, Size: 100000, Results: 24
[LIBGPUSPATIAL] [ 50746][17:27:13:089518][info  ] RTSpatialRefiner 0x71c8f7d2a880 (Used 0 MB), Loaded Geometries, ProbeArray 100000, Loaded 13, Type Point
[LIBGPUSPATIAL] [ 50746][17:27:13:089558][info  ] RTSpatialRefiner 0x71c8f7d2a880 (Used 0 MB), Evaluating 13 Geometry Pairs with Predicate Intersects
[LIBGPUSPATIAL] [ 50742][17:27:13:089757][info  ] RTSpatialRefiner 0x71c8f7d2a880 (Used 0 MB), Loaded Geometries, ProbeArray 100000, Loaded 24, Type Point
[LIBGPUSPATIAL] [ 50742][17:27:13:089804][info  ] RTSpatialRefiner 0x71c8f7d2a880 (Used 0 MB), Evaluating 24 Geometry Pairs with Predicate Intersects
[LIBGPUSPATIAL] [ 50743][17:27:13:091118][info  ] RTSpatialIndex 0x71c8f400a800 (Used 0 MB), Allocate result buffer, memory consumption 0 MB, capacity 11
[LIBGPUSPATIAL] [ 50743][17:27:13:091266][info  ] RTSpatialIndex 0x71c8f400a800 (Used 0 MB), Probe Points, Size: 100000, Results: 11
[LIBGPUSPATIAL] [ 50743][17:27:13:091687][info  ] RTSpatialRefiner 0x71c8f7d2a880 (Used 0 MB), Loaded Geometries, ProbeArray 100000, Loaded 11, Type Point
[LIBGPUSPATIAL] [ 50743][17:27:13:091743][info  ] RTSpatialRefiner 0x71c8f7d2a880 (Used 0 MB), Evaluating 11 Geometry Pairs with Predicate Intersects
[LIBGPUSPATIAL] [ 50741][17:27:13:092616][info  ] RTSpatialIndex 0x71c8f400a800 (Used 1 MB), Allocate result buffer, memory consumption 0 MB, capacity 12
[LIBGPUSPATIAL] [ 50739][17:27:13:092805][info  ] RTSpatialIndex 0x71c8f400a800 (Used 1 MB), Allocate result buffer, memory consumption 0 MB, capacity 18
[LIBGPUSPATIAL] [ 50741][17:27:13:093082][info  ] RTSpatialIndex 0x71c8f400a800 (Used 1 MB), Probe Points, Size: 100000, Results: 12
[LIBGPUSPATIAL] [ 50739][17:27:13:093270][info  ] RTSpatialIndex 0x71c8f400a800 (Used 0 MB), Probe Points, Size: 100000, Results: 18
[LIBGPUSPATIAL] [ 50739][17:27:13:094511][info  ] RTSpatialRefiner 0x71c8f7d2a880 (Used 0 MB), Loaded Geometries, ProbeArray 100000, Loaded 18, Type Point
[LIBGPUSPATIAL] [ 50741][17:27:13:094530][info  ] RTSpatialRefiner 0x71c8f7d2a880 (Used 0 MB), Loaded Geometries, ProbeArray 100000, Loaded 12, Type Point
[LIBGPUSPATIAL] [ 50739][17:27:13:094557][info  ] RTSpatialRefiner 0x71c8f7d2a880 (Used 0 MB), Evaluating 18 Geometry Pairs with Predicate Intersects
[LIBGPUSPATIAL] [ 50741][17:27:13:094563][info  ] RTSpatialRefiner 0x71c8f7d2a880 (Used 0 MB), Evaluating 12 Geometry Pairs with Predicate Intersects
[LIBGPUSPATIAL] [ 50742][17:27:13:095486][info  ] RTSpatialIndex 0x71c8f400a800 (Used 1 MB), Allocate result buffer, memory consumption 0 MB, capacity 9
[LIBGPUSPATIAL] [ 50740][17:27:13:095787][info  ] RTSpatialIndex 0x71c8f400a800 (Used 1 MB), Allocate result buffer, memory consumption 0 MB, capacity 21
[LIBGPUSPATIAL] [ 50742][17:27:13:096240][info  ] RTSpatialIndex 0x71c8f400a800 (Used 1 MB), Probe Points, Size: 33333, Results: 9
[LIBGPUSPATIAL] [ 50740][17:27:13:096538][info  ] RTSpatialIndex 0x71c8f400a800 (Used 0 MB), Probe Points, Size: 100000, Results: 21
[LIBGPUSPATIAL] [ 50742][17:27:13:097392][info  ] RTSpatialRefiner 0x71c8f7d2a880 (Used 0 MB), Loaded Geometries, ProbeArray 33333, Loaded 9, Type Point
[LIBGPUSPATIAL] [ 50742][17:27:13:097435][info  ] RTSpatialRefiner 0x71c8f7d2a880 (Used 0 MB), Evaluating 9 Geometry Pairs with Predicate Intersects
[LIBGPUSPATIAL] [ 50744][17:27:13:098264][info  ] RTSpatialIndex 0x71c8f400a800 (Used 0 MB), Allocate result buffer, memory consumption 0 MB, capacity 17
[LIBGPUSPATIAL] [ 50744][17:27:13:098392][info  ] RTSpatialIndex 0x71c8f400a800 (Used 0 MB), Probe Points, Size: 100000, Results: 17
[LIBGPUSPATIAL] [ 50744][17:27:13:098691][info  ] RTSpatialRefiner 0x71c8f7d2a880 (Used 0 MB), Loaded Geometries, ProbeArray 100000, Loaded 17, Type Point
[LIBGPUSPATIAL] [ 50744][17:27:13:098732][info  ] RTSpatialRefiner 0x71c8f7d2a880 (Used 0 MB), Evaluating 17 Geometry Pairs with Predicate Intersects
[LIBGPUSPATIAL] [ 50740][17:27:13:099052][info  ] RTSpatialRefiner 0x71c8f7d2a880 (Used 0 MB), Loaded Geometries, ProbeArray 100000, Loaded 21, Type Point
[LIBGPUSPATIAL] [ 50740][17:27:13:099095][info  ] RTSpatialRefiner 0x71c8f7d2a880 (Used 0 MB), Evaluating 21 Geometry Pairs with Predicate Intersects
[LIBGPUSPATIAL] [ 50741][17:27:13:101203][info  ] RTSpatialIndex 0x71c8f400a800 (Used 0 MB), Allocate result buffer, memory consumption 0 MB, capacity 6
[LIBGPUSPATIAL] [ 50741][17:27:13:101366][info  ] RTSpatialIndex 0x71c8f400a800 (Used 0 MB), Probe Points, Size: 33333, Results: 6
[LIBGPUSPATIAL] [ 50745][17:27:13:102907][info  ] RTSpatialIndex 0x71c8f400a800 (Used 2 MB), Allocate result buffer, memory consumption 0 MB, capacity 19
[LIBGPUSPATIAL] [ 50741][17:27:13:102919][info  ] RTSpatialRefiner 0x71c8f7d2a880 (Used 2 MB), Loaded Geometries, ProbeArray 33333, Loaded 6, Type Point
[LIBGPUSPATIAL] [ 50741][17:27:13:103000][info  ] RTSpatialRefiner 0x71c8f7d2a880 (Used 2 MB), Evaluating 6 Geometry Pairs with Predicate Intersects
[LIBGPUSPATIAL] [ 50745][17:27:13:103309][info  ] RTSpatialIndex 0x71c8f400a800 (Used 1 MB), Probe Points, Size: 100000, Results: 19
[LIBGPUSPATIAL] [ 50746][17:27:13:103437][info  ] RTSpatialIndex 0x71c8f400a800 (Used 0 MB), Allocate result buffer, memory consumption 0 MB, capacity 26
[LIBGPUSPATIAL] [ 50746][17:27:13:104637][info  ] RTSpatialIndex 0x71c8f400a800 (Used 1 MB), Probe Points, Size: 100000, Results: 26
[LIBGPUSPATIAL] [ 50743][17:27:13:104665][info  ] RTSpatialIndex 0x71c8f400a800 (Used 0 MB), Allocate result buffer, memory consumption 0 MB, capacity 16
[LIBGPUSPATIAL] [ 50743][17:27:13:105084][info  ] RTSpatialIndex 0x71c8f400a800 (Used 0 MB), Probe Points, Size: 100000, Results: 16
[LIBGPUSPATIAL] [ 50746][17:27:13:105445][info  ] RTSpatialRefiner 0x71c8f7d2a880 (Used 0 MB), Loaded Geometries, ProbeArray 100000, Loaded 26, Type Point
[LIBGPUSPATIAL] [ 50745][17:27:13:105452][info  ] RTSpatialRefiner 0x71c8f7d2a880 (Used 0 MB), Loaded Geometries, ProbeArray 100000, Loaded 19, Type Point
[LIBGPUSPATIAL] [ 50746][17:27:13:105498][info  ] RTSpatialRefiner 0x71c8f7d2a880 (Used 0 MB), Evaluating 26 Geometry Pairs with Predicate Intersects
[LIBGPUSPATIAL] [ 50745][17:27:13:105599][info  ] RTSpatialRefiner 0x71c8f7d2a880 (Used 0 MB), Evaluating 19 Geometry Pairs with Predicate Intersects
[LIBGPUSPATIAL] [ 50743][17:27:13:105981][info  ] RTSpatialRefiner 0x71c8f7d2a880 (Used 0 MB), Loaded Geometries, ProbeArray 100000, Loaded 16, Type Point
[LIBGPUSPATIAL] [ 50743][17:27:13:106248][info  ] RTSpatialRefiner 0x71c8f7d2a880 (Used 0 MB), Evaluating 16 Geometry Pairs with Predicate Intersects
[LIBGPUSPATIAL] [ 50739][17:27:13:107409][info  ] RTSpatialIndex 0x71c8f400a800 (Used 0 MB), Allocate result buffer, memory consumption 0 MB, capacity 11
[LIBGPUSPATIAL] [ 50739][17:27:13:107515][info  ] RTSpatialIndex 0x71c8f400a800 (Used 0 MB), Probe Points, Size: 100000, Results: 11
[LIBGPUSPATIAL] [ 50739][17:27:13:110356][info  ] RTSpatialRefiner 0x71c8f7d2a880 (Used 0 MB), Loaded Geometries, ProbeArray 100000, Loaded 11, Type Point
[LIBGPUSPATIAL] [ 50739][17:27:13:110418][info  ] RTSpatialRefiner 0x71c8f7d2a880 (Used 0 MB), Evaluating 11 Geometry Pairs with Predicate Intersects
[LIBGPUSPATIAL] [ 50743][17:27:13:112508][info  ] RTSpatialIndex 0x71c8f400a800 (Used 1 MB), Allocate result buffer, memory consumption 0 MB, capacity 5
[LIBGPUSPATIAL] [ 50744][17:27:13:112545][info  ] RTSpatialIndex 0x71c8f400a800 (Used 1 MB), Allocate result buffer, memory consumption 0 MB, capacity 6
[LIBGPUSPATIAL] [ 50744][17:27:13:112676][info  ] RTSpatialIndex 0x71c8f400a800 (Used 1 MB), Probe Points, Size: 100000, Results: 6
[LIBGPUSPATIAL] [ 50740][17:27:13:113339][info  ] RTSpatialIndex 0x71c8f400a800 (Used 1 MB), Allocate result buffer, memory consumption 0 MB, capacity 12
[LIBGPUSPATIAL] [ 50740][17:27:13:113449][info  ] RTSpatialIndex 0x71c8f400a800 (Used 1 MB), Probe Points, Size: 100000, Results: 12
[LIBGPUSPATIAL] [ 50743][17:27:13:113705][info  ] RTSpatialIndex 0x71c8f400a800 (Used 0 MB), Probe Points, Size: 33333, Results: 5
[LIBGPUSPATIAL] [ 50744][17:27:13:115456][info  ] RTSpatialRefiner 0x71c8f7d2a880 (Used 0 MB), Loaded Geometries, ProbeArray 100000, Loaded 6, Type Point
[LIBGPUSPATIAL] [ 50740][17:27:13:115461][info  ] RTSpatialRefiner 0x71c8f7d2a880 (Used 0 MB), Loaded Geometries, ProbeArray 100000, Loaded 12, Type Point
[LIBGPUSPATIAL] [ 50744][17:27:13:115508][info  ] RTSpatialRefiner 0x71c8f7d2a880 (Used 0 MB), Evaluating 6 Geometry Pairs with Predicate Intersects
[LIBGPUSPATIAL] [ 50740][17:27:13:115612][info  ] RTSpatialRefiner 0x71c8f7d2a880 (Used 0 MB), Evaluating 12 Geometry Pairs with Predicate Intersects
[LIBGPUSPATIAL] [ 50743][17:27:13:115807][info  ] RTSpatialRefiner 0x71c8f7d2a880 (Used 0 MB), Loaded Geometries, ProbeArray 33333, Loaded 5, Type Point
[LIBGPUSPATIAL] [ 50743][17:27:13:115860][info  ] RTSpatialRefiner 0x71c8f7d2a880 (Used 0 MB), Evaluating 5 Geometry Pairs with Predicate Intersects
[LIBGPUSPATIAL] [ 50739][17:27:13:116022][info  ] RTSpatialIndex 0x71c8f400a800 (Used 0 MB), Allocate result buffer, memory consumption 0 MB, capacity 3
[LIBGPUSPATIAL] [ 50739][17:27:13:116316][info  ] RTSpatialIndex 0x71c8f400a800 (Used 0 MB), Probe Points, Size: 33333, Results: 3
[LIBGPUSPATIAL] [ 50739][17:27:13:116699][info  ] RTSpatialRefiner 0x71c8f7d2a880 (Used 0 MB), Loaded Geometries, ProbeArray 33333, Loaded 3, Type Point
[LIBGPUSPATIAL] [ 50739][17:27:13:116765][info  ] RTSpatialRefiner 0x71c8f7d2a880 (Used 0 MB), Evaluating 3 Geometry Pairs with Predicate Intersects
[LIBGPUSPATIAL] [ 50742][17:27:13:118850][info  ] RTSpatialIndex 0x71c8f400a800 (Used 1 MB), Allocate result buffer, memory consumption 0 MB, capacity 16
[LIBGPUSPATIAL] [ 50746][17:27:13:118925][info  ] RTSpatialIndex 0x71c8f400a800 (Used 1 MB), Allocate result buffer, memory consumption 0 MB, capacity 18
[LIBGPUSPATIAL] [ 50746][17:27:13:119072][info  ] RTSpatialIndex 0x71c8f400a800 (Used 1 MB), Probe Points, Size: 100000, Results: 18
[LIBGPUSPATIAL] [ 50745][17:27:13:119579][info  ] RTSpatialIndex 0x71c8f400a800 (Used 1 MB), Allocate result buffer, memory consumption 0 MB, capacity 13
[LIBGPUSPATIAL] [ 50745][17:27:13:119719][info  ] RTSpatialIndex 0x71c8f400a800 (Used 1 MB), Probe Points, Size: 100000, Results: 13
[LIBGPUSPATIAL] [ 50742][17:27:13:119980][info  ] RTSpatialIndex 0x71c8f400a800 (Used 0 MB), Probe Points, Size: 100000, Results: 16
[LIBGPUSPATIAL] [ 50746][17:27:13:120349][info  ] RTSpatialRefiner 0x71c8f7d2a880 (Used 0 MB), Loaded Geometries, ProbeArray 100000, Loaded 18, Type Point
[LIBGPUSPATIAL] [ 50746][17:27:13:120401][info  ] RTSpatialRefiner 0x71c8f7d2a880 (Used 0 MB), Evaluating 18 Geometry Pairs with Predicate Intersects
[LIBGPUSPATIAL] [ 50745][17:27:13:120620][info  ] RTSpatialRefiner 0x71c8f7d2a880 (Used 0 MB), Loaded Geometries, ProbeArray 100000, Loaded 13, Type Point
[LIBGPUSPATIAL] [ 50745][17:27:13:120669][info  ] RTSpatialRefiner 0x71c8f7d2a880 (Used 0 MB), Evaluating 13 Geometry Pairs with Predicate Intersects
[LIBGPUSPATIAL] [ 50742][17:27:13:120982][info  ] RTSpatialRefiner 0x71c8f7d2a880 (Used 0 MB), Loaded Geometries, ProbeArray 100000, Loaded 16, Type Point
[LIBGPUSPATIAL] [ 50742][17:27:13:121030][info  ] RTSpatialRefiner 0x71c8f7d2a880 (Used 0 MB), Evaluating 16 Geometry Pairs with Predicate Intersects
[LIBGPUSPATIAL] [ 50744][17:27:13:122483][info  ] RTSpatialIndex 0x71c8f400a800 (Used 0 MB), Allocate result buffer, memory consumption 0 MB, capacity 10
[LIBGPUSPATIAL] [ 50740][17:27:13:122494][info  ] RTSpatialIndex 0x71c8f400a800 (Used 0 MB), Allocate result buffer, memory consumption 0 MB, capacity 7
[LIBGPUSPATIAL] [ 50744][17:27:13:122891][info  ] RTSpatialIndex 0x71c8f400a800 (Used 0 MB), Probe Points, Size: 33333, Results: 10
[LIBGPUSPATIAL] [ 50740][17:27:13:123086][info  ] RTSpatialIndex 0x71c8f400a800 (Used 1 MB), Probe Points, Size: 33333, Results: 7
[LIBGPUSPATIAL] [ 50741][17:27:13:123536][info  ] RTSpatialIndex 0x71c8f400a800 (Used 0 MB), Allocate result buffer, memory consumption 0 MB, capacity 15
[LIBGPUSPATIAL] [ 50741][17:27:13:123671][info  ] RTSpatialIndex 0x71c8f400a800 (Used 0 MB), Probe Points, Size: 100000, Results: 15
[LIBGPUSPATIAL] [ 50744][17:27:13:123699][info  ] RTSpatialRefiner 0x71c8f7d2a880 (Used 0 MB), Loaded Geometries, ProbeArray 33333, Loaded 10, Type Point
[LIBGPUSPATIAL] [ 50740][17:27:13:123703][info  ] RTSpatialRefiner 0x71c8f7d2a880 (Used 0 MB), Loaded Geometries, ProbeArray 33333, Loaded 7, Type Point
[LIBGPUSPATIAL] [ 50740][17:27:13:123740][info  ] RTSpatialRefiner 0x71c8f7d2a880 (Used 0 MB), Evaluating 7 Geometry Pairs with Predicate Intersects
[LIBGPUSPATIAL] [ 50744][17:27:13:123746][info  ] RTSpatialRefiner 0x71c8f7d2a880 (Used 0 MB), Evaluating 10 Geometry Pairs with Predicate Intersects
[LIBGPUSPATIAL] [ 50741][17:27:13:124094][info  ] RTSpatialRefiner 0x71c8f7d2a880 (Used 0 MB), Loaded Geometries, ProbeArray 100000, Loaded 15, Type Point
[LIBGPUSPATIAL] [ 50741][17:27:13:124213][info  ] RTSpatialRefiner 0x71c8f7d2a880 (Used 0 MB), Evaluating 15 Geometry Pairs with Predicate Intersects
[LIBGPUSPATIAL] [ 50746][17:27:13:126308][info  ] RTSpatialIndex 0x71c8f400a800 (Used 0 MB), Allocate result buffer, memory consumption 0 MB, capacity 6
[LIBGPUSPATIAL] [ 50746][17:27:13:127190][info  ] RTSpatialIndex 0x71c8f400a800 (Used 0 MB), Probe Points, Size: 33333, Results: 6
[LIBGPUSPATIAL] [ 50746][17:27:13:127875][info  ] RTSpatialRefiner 0x71c8f7d2a880 (Used 0 MB), Loaded Geometries, ProbeArray 33333, Loaded 6, Type Point
[LIBGPUSPATIAL] [ 50746][17:27:13:127921][info  ] RTSpatialRefiner 0x71c8f7d2a880 (Used 0 MB), Evaluating 6 Geometry Pairs with Predicate Intersects
[LIBGPUSPATIAL] [ 50745][17:27:13:129924][info  ] RTSpatialIndex 0x71c8f400a800 (Used 0 MB), Allocate result buffer, memory consumption 0 MB, capacity 6
[LIBGPUSPATIAL] [ 50745][17:27:13:130128][info  ] RTSpatialIndex 0x71c8f400a800 (Used 0 MB), Probe Points, Size: 33333, Results: 6
[LIBGPUSPATIAL] [ 50745][17:27:13:130522][info  ] RTSpatialRefiner 0x71c8f7d2a880 (Used 0 MB), Loaded Geometries, ProbeArray 33333, Loaded 6, Type Point
[LIBGPUSPATIAL] [ 50745][17:27:13:130592][info  ] RTSpatialRefiner 0x71c8f7d2a880 (Used 0 MB), Evaluating 6 Geometry Pairs with Predicate Intersects
[LIBGPUSPATIAL] [ 50742][17:27:13:136167][info  ] RTSpatialIndex 0x71c8f400a800 (Used 0 MB), Allocate result buffer, memory consumption 0 MB, capacity 12
[LIBGPUSPATIAL] [ 50742][17:27:13:136323][info  ] RTSpatialIndex 0x71c8f400a800 (Used 0 MB), Probe Points, Size: 100000, Results: 12
[LIBGPUSPATIAL] [ 50742][17:27:13:136997][info  ] RTSpatialRefiner 0x71c8f7d2a880 (Used 0 MB), Loaded Geometries, ProbeArray 100000, Loaded 12, Type Point
[LIBGPUSPATIAL] [ 50742][17:27:13:137093][info  ] RTSpatialRefiner 0x71c8f7d2a880 (Used 1 MB), Evaluating 12 Geometry Pairs with Predicate Intersects
[LIBGPUSPATIAL] [ 50739][17:27:13:138170][info  ] RTSpatialIndex 0x71c8f400a800 (Used 0 MB), Allocate result buffer, memory consumption 0 MB, capacity 17
[LIBGPUSPATIAL] [ 50741][17:27:13:138736][info  ] RTSpatialIndex 0x71c8f400a800 (Used 1 MB), Allocate result buffer, memory consumption 0 MB, capacity 15
[LIBGPUSPATIAL] [ 50739][17:27:13:139089][info  ] RTSpatialIndex 0x71c8f400a800 (Used 3 MB), Probe Points, Size: 100000, Results: 17
[LIBGPUSPATIAL] [ 50741][17:27:13:140410][info  ] RTSpatialIndex 0x71c8f400a800 (Used 2 MB), Probe Points, Size: 100000, Results: 15
[LIBGPUSPATIAL] [ 50740][17:27:13:140811][info  ] RTSpatialIndex 0x71c8f400a800 (Used 0 MB), Allocate result buffer, memory consumption 0 MB, capacity 15
[LIBGPUSPATIAL] [ 50740][17:27:13:141176][info  ] RTSpatialIndex 0x71c8f400a800 (Used 0 MB), Probe Points, Size: 100000, Results: 15
[LIBGPUSPATIAL] [ 50739][17:27:13:142187][info  ] RTSpatialRefiner 0x71c8f7d2a880 (Used 0 MB), Loaded Geometries, ProbeArray 100000, Loaded 17, Type Point
[LIBGPUSPATIAL] [ 50739][17:27:13:142229][info  ] RTSpatialRefiner 0x71c8f7d2a880 (Used 0 MB), Evaluating 17 Geometry Pairs with Predicate Intersects
[LIBGPUSPATIAL] [ 50745][17:27:13:143948][info  ] RTSpatialIndex 0x71c8f400a800 (Used 1 MB), Allocate result buffer, memory consumption 0 MB, capacity 17
[LIBGPUSPATIAL] [ 50741][17:27:13:143969][info  ] RTSpatialRefiner 0x71c8f7d2a880 (Used 1 MB), Loaded Geometries, ProbeArray 100000, Loaded 15, Type Point
[LIBGPUSPATIAL] [ 50741][17:27:13:144010][info  ] RTSpatialRefiner 0x71c8f7d2a880 (Used 1 MB), Evaluating 15 Geometry Pairs with Predicate Intersects
[LIBGPUSPATIAL] [ 50746][17:27:13:144112][info  ] RTSpatialIndex 0x71c8f400a800 (Used 1 MB), Allocate result buffer, memory consumption 0 MB, capacity 20
[LIBGPUSPATIAL] [ 50740][17:27:13:144154][info  ] RTSpatialRefiner 0x71c8f7d2a880 (Used 1 MB), Loaded Geometries, ProbeArray 100000, Loaded 15, Type Point
[LIBGPUSPATIAL] [ 50740][17:27:13:144261][info  ] RTSpatialRefiner 0x71c8f7d2a880 (Used 1 MB), Evaluating 15 Geometry Pairs with Predicate Intersects
[LIBGPUSPATIAL] [ 50745][17:27:13:144549][info  ] RTSpatialIndex 0x71c8f400a800 (Used 1 MB), Probe Points, Size: 100000, Results: 17
[LIBGPUSPATIAL] [ 50746][17:27:13:144713][info  ] RTSpatialIndex 0x71c8f400a800 (Used 0 MB), Probe Points, Size: 100000, Results: 20
[LIBGPUSPATIAL] [ 50745][17:27:13:145222][info  ] RTSpatialRefiner 0x71c8f7d2a880 (Used 0 MB), Loaded Geometries, ProbeArray 100000, Loaded 17, Type Point
[LIBGPUSPATIAL] [ 50745][17:27:13:145271][info  ] RTSpatialRefiner 0x71c8f7d2a880 (Used 0 MB), Evaluating 17 Geometry Pairs with Predicate Intersects
[LIBGPUSPATIAL] [ 50746][17:27:13:145740][info  ] RTSpatialRefiner 0x71c8f7d2a880 (Used 0 MB), Loaded Geometries, ProbeArray 100000, Loaded 20, Type Point
[LIBGPUSPATIAL] [ 50746][17:27:13:145785][info  ] RTSpatialRefiner 0x71c8f7d2a880 (Used 0 MB), Evaluating 20 Geometry Pairs with Predicate Intersects
[LIBGPUSPATIAL] [ 50743][17:27:13:146938][info  ] RTSpatialIndex 0x71c8f400a800 (Used 0 MB), Allocate result buffer, memory consumption 0 MB, capacity 13
[LIBGPUSPATIAL] [ 50743][17:27:13:147903][info  ] RTSpatialIndex 0x71c8f400a800 (Used 0 MB), Probe Points, Size: 100000, Results: 13
[LIBGPUSPATIAL] [ 50743][17:27:13:148375][info  ] RTSpatialRefiner 0x71c8f7d2a880 (Used 0 MB), Loaded Geometries, ProbeArray 100000, Loaded 13, Type Point
[LIBGPUSPATIAL] [ 50743][17:27:13:148428][info  ] RTSpatialRefiner 0x71c8f7d2a880 (Used 0 MB), Evaluating 13 Geometry Pairs with Predicate Intersects
[LIBGPUSPATIAL] [ 50744][17:27:13:151732][info  ] RTSpatialIndex 0x71c8f400a800 (Used 1 MB), Allocate result buffer, memory consumption 0 MB, capacity 18
[LIBGPUSPATIAL] [ 50744][17:27:13:151896][info  ] RTSpatialIndex 0x71c8f400a800 (Used 1 MB), Probe Points, Size: 100000, Results: 18
[LIBGPUSPATIAL] [ 50742][17:27:13:152177][info  ] RTSpatialIndex 0x71c8f400a800 (Used 0 MB), Allocate result buffer, memory consumption 0 MB, capacity 19
[LIBGPUSPATIAL] [ 50742][17:27:13:152292][info  ] RTSpatialIndex 0x71c8f400a800 (Used 0 MB), Probe Points, Size: 100000, Results: 19
[LIBGPUSPATIAL] [ 50744][17:27:13:152681][info  ] RTSpatialRefiner 0x71c8f7d2a880 (Used 0 MB), Loaded Geometries, ProbeArray 100000, Loaded 18, Type Point
[LIBGPUSPATIAL] [ 50744][17:27:13:152726][info  ] RTSpatialRefiner 0x71c8f7d2a880 (Used 0 MB), Evaluating 18 Geometry Pairs with Predicate Intersects
[LIBGPUSPATIAL] [ 50742][17:27:13:152940][info  ] RTSpatialRefiner 0x71c8f7d2a880 (Used 0 MB), Loaded Geometries, ProbeArray 100000, Loaded 19, Type Point
[LIBGPUSPATIAL] [ 50742][17:27:13:152989][info  ] RTSpatialRefiner 0x71c8f7d2a880 (Used 0 MB), Evaluating 19 Geometry Pairs with Predicate Intersects
[LIBGPUSPATIAL] [ 50739][17:27:13:155469][info  ] RTSpatialIndex 0x71c8f400a800 (Used 0 MB), Allocate result buffer, memory consumption 0 MB, capacity 19
[LIBGPUSPATIAL] [ 50739][17:27:13:155603][info  ] RTSpatialIndex 0x71c8f400a800 (Used 0 MB), Probe Points, Size: 100000, Results: 19
[LIBGPUSPATIAL] [ 50739][17:27:13:156098][info  ] RTSpatialRefiner 0x71c8f7d2a880 (Used 0 MB), Loaded Geometries, ProbeArray 100000, Loaded 19, Type Point
[LIBGPUSPATIAL] [ 50739][17:27:13:156204][info  ] RTSpatialRefiner 0x71c8f7d2a880 (Used 0 MB), Evaluating 19 Geometry Pairs with Predicate Intersects
[LIBGPUSPATIAL] [ 50741][17:27:13:157628][info  ] RTSpatialIndex 0x71c8f400a800 (Used 0 MB), Allocate result buffer, memory consumption 0 MB, capacity 11
[LIBGPUSPATIAL] [ 50741][17:27:13:157754][info  ] RTSpatialIndex 0x71c8f400a800 (Used 0 MB), Probe Points, Size: 100000, Results: 11
[LIBGPUSPATIAL] [ 50741][17:27:13:158102][info  ] RTSpatialRefiner 0x71c8f7d2a880 (Used 0 MB), Loaded Geometries, ProbeArray 100000, Loaded 11, Type Point
[LIBGPUSPATIAL] [ 50741][17:27:13:158153][info  ] RTSpatialRefiner 0x71c8f7d2a880 (Used 0 MB), Evaluating 11 Geometry Pairs with Predicate Intersects
[LIBGPUSPATIAL] [ 50745][17:27:13:158588][info  ] RTSpatialIndex 0x71c8f400a800 (Used 0 MB), Allocate result buffer, memory consumption 0 MB, capacity 19
[LIBGPUSPATIAL] [ 50745][17:27:13:158880][info  ] RTSpatialIndex 0x71c8f400a800 (Used 0 MB), Probe Points, Size: 100000, Results: 19
[LIBGPUSPATIAL] [ 50745][17:27:13:159281][info  ] RTSpatialRefiner 0x71c8f7d2a880 (Used 1 MB), Loaded Geometries, ProbeArray 100000, Loaded 19, Type Point
[LIBGPUSPATIAL] [ 50745][17:27:13:159326][info  ] RTSpatialRefiner 0x71c8f7d2a880 (Used 1 MB), Evaluating 19 Geometry Pairs with Predicate Intersects
[LIBGPUSPATIAL] [ 50740][17:27:13:159716][info  ] RTSpatialIndex 0x71c8f400a800 (Used 0 MB), Allocate result buffer, memory consumption 0 MB, capacity 14
[LIBGPUSPATIAL] [ 50740][17:27:13:160020][info  ] RTSpatialIndex 0x71c8f400a800 (Used 0 MB), Probe Points, Size: 100000, Results: 14
[LIBGPUSPATIAL] [ 50740][17:27:13:160387][info  ] RTSpatialRefiner 0x71c8f7d2a880 (Used 0 MB), Loaded Geometries, ProbeArray 100000, Loaded 14, Type Point
[LIBGPUSPATIAL] [ 50740][17:27:13:160431][info  ] RTSpatialRefiner 0x71c8f7d2a880 (Used 0 MB), Evaluating 14 Geometry Pairs with Predicate Intersects
[LIBGPUSPATIAL] [ 50746][17:27:13:162380][info  ] RTSpatialIndex 0x71c8f400a800 (Used 2 MB), Allocate result buffer, memory consumption 0 MB, capacity 18
[LIBGPUSPATIAL] [ 50746][17:27:13:162743][info  ] RTSpatialIndex 0x71c8f400a800 (Used 1 MB), Probe Points, Size: 100000, Results: 18
[LIBGPUSPATIAL] [ 50743][17:27:13:162776][info  ] RTSpatialIndex 0x71c8f400a800 (Used 0 MB), Allocate result buffer, memory consumption 0 MB, capacity 13
[LIBGPUSPATIAL] [ 50743][17:27:13:163147][info  ] RTSpatialIndex 0x71c8f400a800 (Used 0 MB), Probe Points, Size: 100000, Results: 13
[LIBGPUSPATIAL] [ 50746][17:27:13:163388][info  ] RTSpatialRefiner 0x71c8f7d2a880 (Used 0 MB), Loaded Geometries, ProbeArray 100000, Loaded 18, Type Point
[LIBGPUSPATIAL] [ 50746][17:27:13:163477][info  ] RTSpatialRefiner 0x71c8f7d2a880 (Used 0 MB), Evaluating 18 Geometry Pairs with Predicate Intersects
[LIBGPUSPATIAL] [ 50743][17:27:13:163541][info  ] RTSpatialRefiner 0x71c8f7d2a880 (Used 0 MB), Loaded Geometries, ProbeArray 100000, Loaded 13, Type Point
[LIBGPUSPATIAL] [ 50743][17:27:13:163581][info  ] RTSpatialRefiner 0x71c8f7d2a880 (Used 0 MB), Evaluating 13 Geometry Pairs with Predicate Intersects
[LIBGPUSPATIAL] [ 50744][17:27:13:166212][info  ] RTSpatialIndex 0x71c8f400a800 (Used 0 MB), Allocate result buffer, memory consumption 0 MB, capacity 14
[LIBGPUSPATIAL] [ 50744][17:27:13:166364][info  ] RTSpatialIndex 0x71c8f400a800 (Used 2 MB), Probe Points, Size: 100000, Results: 14
[LIBGPUSPATIAL] [ 50742][17:27:13:166898][info  ] RTSpatialIndex 0x71c8f400a800 (Used 0 MB), Allocate result buffer, memory consumption 0 MB, capacity 16
[LIBGPUSPATIAL] [ 50742][17:27:13:167183][info  ] RTSpatialIndex 0x71c8f400a800 (Used 0 MB), Probe Points, Size: 100000, Results: 16
[LIBGPUSPATIAL] [ 50744][17:27:13:167688][info  ] RTSpatialRefiner 0x71c8f7d2a880 (Used 0 MB), Loaded Geometries, ProbeArray 100000, Loaded 14, Type Point
[LIBGPUSPATIAL] [ 50744][17:27:13:167740][info  ] RTSpatialRefiner 0x71c8f7d2a880 (Used 0 MB), Evaluating 14 Geometry Pairs with Predicate Intersects
[LIBGPUSPATIAL] [ 50742][17:27:13:167999][info  ] RTSpatialRefiner 0x71c8f7d2a880 (Used 0 MB), Loaded Geometries, ProbeArray 100000, Loaded 16, Type Point
[LIBGPUSPATIAL] [ 50742][17:27:13:168066][info  ] RTSpatialRefiner 0x71c8f7d2a880 (Used 0 MB), Evaluating 16 Geometry Pairs with Predicate Intersects
[LIBGPUSPATIAL] [ 50739][17:27:13:170645][info  ] RTSpatialIndex 0x71c8f400a800 (Used 0 MB), Allocate result buffer, memory consumption 0 MB, capacity 14
[LIBGPUSPATIAL] [ 50739][17:27:13:170791][info  ] RTSpatialIndex 0x71c8f400a800 (Used 0 MB), Probe Points, Size: 100000, Results: 14
[LIBGPUSPATIAL] [ 50739][17:27:13:171180][info  ] RTSpatialRefiner 0x71c8f7d2a880 (Used 0 MB), Loaded Geometries, ProbeArray 100000, Loaded 14, Type Point
[LIBGPUSPATIAL] [ 50739][17:27:13:171216][info  ] RTSpatialRefiner 0x71c8f7d2a880 (Used 0 MB), Evaluating 14 Geometry Pairs with Predicate Intersects
[LIBGPUSPATIAL] [ 50741][17:27:13:171950][info  ] RTSpatialIndex 0x71c8f400a800 (Used 0 MB), Allocate result buffer, memory consumption 0 MB, capacity 12
[LIBGPUSPATIAL] [ 50741][17:27:13:172342][info  ] RTSpatialIndex 0x71c8f400a800 (Used 2 MB), Probe Points, Size: 100000, Results: 12
[LIBGPUSPATIAL] [ 50745][17:27:13:172772][info  ] RTSpatialIndex 0x71c8f400a800 (Used 0 MB), Allocate result buffer, memory consumption 0 MB, capacity 12
[LIBGPUSPATIAL] [ 50745][17:27:13:172909][info  ] RTSpatialIndex 0x71c8f400a800 (Used 0 MB), Probe Points, Size: 100000, Results: 12
[LIBGPUSPATIAL] [ 50741][17:27:13:173021][info  ] RTSpatialRefiner 0x71c8f7d2a880 (Used 1 MB), Loaded Geometries, ProbeArray 100000, Loaded 12, Type Point
[LIBGPUSPATIAL] [ 50741][17:27:13:173210][info  ] RTSpatialRefiner 0x71c8f7d2a880 (Used 1 MB), Evaluating 12 Geometry Pairs with Predicate Intersects
[LIBGPUSPATIAL] [ 50745][17:27:13:173537][info  ] RTSpatialRefiner 0x71c8f7d2a880 (Used 0 MB), Loaded Geometries, ProbeArray 100000, Loaded 12, Type Point
[LIBGPUSPATIAL] [ 50745][17:27:13:173622][info  ] RTSpatialRefiner 0x71c8f7d2a880 (Used 0 MB), Evaluating 12 Geometry Pairs with Predicate Intersects
[LIBGPUSPATIAL] [ 50740][17:27:13:173715][info  ] RTSpatialIndex 0x71c8f400a800 (Used 0 MB), Allocate result buffer, memory consumption 0 MB, capacity 21
[LIBGPUSPATIAL] [ 50740][17:27:13:174110][info  ] RTSpatialIndex 0x71c8f400a800 (Used 0 MB), Probe Points, Size: 100000, Results: 21
[LIBGPUSPATIAL] [ 50740][17:27:13:174545][info  ] RTSpatialRefiner 0x71c8f7d2a880 (Used 0 MB), Loaded Geometries, ProbeArray 100000, Loaded 21, Type Point
[LIBGPUSPATIAL] [ 50740][17:27:13:174594][info  ] RTSpatialRefiner 0x71c8f7d2a880 (Used 0 MB), Evaluating 21 Geometry Pairs with Predicate Intersects
[LIBGPUSPATIAL] [ 50743][17:27:13:177245][info  ] RTSpatialIndex 0x71c8f400a800 (Used 0 MB), Allocate result buffer, memory consumption 0 MB, capacity 21
[LIBGPUSPATIAL] [ 50743][17:27:13:177733][info  ] RTSpatialIndex 0x71c8f400a800 (Used 1 MB), Probe Points, Size: 100000, Results: 21
[LIBGPUSPATIAL] [ 50746][17:27:13:177883][info  ] RTSpatialIndex 0x71c8f400a800 (Used 0 MB), Allocate result buffer, memory consumption 0 MB, capacity 15
[LIBGPUSPATIAL] [ 50746][17:27:13:178154][info  ] RTSpatialIndex 0x71c8f400a800 (Used 0 MB), Probe Points, Size: 100000, Results: 15
[LIBGPUSPATIAL] [ 50743][17:27:13:178306][info  ] RTSpatialRefiner 0x71c8f7d2a880 (Used 0 MB), Loaded Geometries, ProbeArray 100000, Loaded 21, Type Point
[LIBGPUSPATIAL] [ 50743][17:27:13:178480][info  ] RTSpatialRefiner 0x71c8f7d2a880 (Used 0 MB), Evaluating 21 Geometry Pairs with Predicate Intersects
[LIBGPUSPATIAL] [ 50746][17:27:13:178657][info  ] RTSpatialRefiner 0x71c8f7d2a880 (Used 0 MB), Loaded Geometries, ProbeArray 100000, Loaded 15, Type Point
[LIBGPUSPATIAL] [ 50746][17:27:13:178706][info  ] RTSpatialRefiner 0x71c8f7d2a880 (Used 0 MB), Evaluating 15 Geometry Pairs with Predicate Intersects
[LIBGPUSPATIAL] [ 50744][17:27:13:181453][info  ] RTSpatialIndex 0x71c8f400a800 (Used 1 MB), Allocate result buffer, memory consumption 0 MB, capacity 11
[LIBGPUSPATIAL] [ 50742][17:27:13:181518][info  ] RTSpatialIndex 0x71c8f400a800 (Used 1 MB), Allocate result buffer, memory consumption 0 MB, capacity 13
[LIBGPUSPATIAL] [ 50744][17:27:13:181659][info  ] RTSpatialIndex 0x71c8f400a800 (Used 1 MB), Probe Points, Size: 100000, Results: 11
[LIBGPUSPATIAL] [ 50742][17:27:13:181795][info  ] RTSpatialIndex 0x71c8f400a800 (Used 0 MB), Probe Points, Size: 100000, Results: 13
[LIBGPUSPATIAL] [ 50744][17:27:13:182209][info  ] RTSpatialRefiner 0x71c8f7d2a880 (Used 0 MB), Loaded Geometries, ProbeArray 100000, Loaded 11, Type Point
[LIBGPUSPATIAL] [ 50742][17:27:13:182213][info  ] RTSpatialRefiner 0x71c8f7d2a880 (Used 0 MB), Loaded Geometries, ProbeArray 100000, Loaded 13, Type Point
[LIBGPUSPATIAL] [ 50744][17:27:13:182264][info  ] RTSpatialRefiner 0x71c8f7d2a880 (Used 0 MB), Evaluating 11 Geometry Pairs with Predicate Intersects
[LIBGPUSPATIAL] [ 50742][17:27:13:182283][info  ] RTSpatialRefiner 0x71c8f7d2a880 (Used 0 MB), Evaluating 13 Geometry Pairs with Predicate Intersects
[LIBGPUSPATIAL] [ 50739][17:27:13:186124][info  ] RTSpatialIndex 0x71c8f400a800 (Used 0 MB), Allocate result buffer, memory consumption 0 MB, capacity 11
[LIBGPUSPATIAL] [ 50739][17:27:13:186332][info  ] RTSpatialIndex 0x71c8f400a800 (Used 0 MB), Probe Points, Size: 100000, Results: 11
[LIBGPUSPATIAL] [ 50739][17:27:13:187009][info  ] RTSpatialRefiner 0x71c8f7d2a880 (Used 1 MB), Loaded Geometries, ProbeArray 100000, Loaded 11, Type Point
[LIBGPUSPATIAL] [ 50739][17:27:13:187190][info  ] RTSpatialRefiner 0x71c8f7d2a880 (Used 1 MB), Evaluating 11 Geometry Pairs with Predicate Intersects
[LIBGPUSPATIAL] [ 50745][17:27:13:187965][info  ] RTSpatialIndex 0x71c8f400a800 (Used 2 MB), Allocate result buffer, memory consumption 0 MB, capacity 10
[LIBGPUSPATIAL] [ 50740][17:27:13:188143][info  ] RTSpatialIndex 0x71c8f400a800 (Used 2 MB), Allocate result buffer, memory consumption 0 MB, capacity 13
[LIBGPUSPATIAL] [ 50741][17:27:13:188326][info  ] RTSpatialIndex 0x71c8f400a800 (Used 2 MB), Allocate result buffer, memory consumption 0 MB, capacity 11
[LIBGPUSPATIAL] [ 50740][17:27:13:188654][info  ] RTSpatialIndex 0x71c8f400a800 (Used 2 MB), Probe Points, Size: 100000, Results: 13
[LIBGPUSPATIAL] [ 50745][17:27:13:188731][info  ] RTSpatialIndex 0x71c8f400a800 (Used 1 MB), Probe Points, Size: 100000, Results: 10
[LIBGPUSPATIAL] [ 50741][17:27:13:188840][info  ] RTSpatialIndex 0x71c8f400a800 (Used 0 MB), Probe Points, Size: 100000, Results: 11
[LIBGPUSPATIAL] [ 50741][17:27:13:190428][info  ] RTSpatialRefiner 0x71c8f7d2a880 (Used 0 MB), Loaded Geometries, ProbeArray 100000, Loaded 11, Type Point
[LIBGPUSPATIAL] [ 50745][17:27:13:190479][info  ] RTSpatialRefiner 0x71c8f7d2a880 (Used 0 MB), Loaded Geometries, ProbeArray 100000, Loaded 10, Type Point
[LIBGPUSPATIAL] [ 50740][17:27:13:190492][info  ] RTSpatialRefiner 0x71c8f7d2a880 (Used 0 MB), Loaded Geometries, ProbeArray 100000, Loaded 13, Type Point
[LIBGPUSPATIAL] [ 50741][17:27:13:190482][info  ] RTSpatialRefiner 0x71c8f7d2a880 (Used 0 MB), Evaluating 11 Geometry Pairs with Predicate Intersects
[LIBGPUSPATIAL] [ 50745][17:27:13:190533][info  ] RTSpatialRefiner 0x71c8f7d2a880 (Used 0 MB), Evaluating 10 Geometry Pairs with Predicate Intersects
[LIBGPUSPATIAL] [ 50740][17:27:13:190540][info  ] RTSpatialRefiner 0x71c8f7d2a880 (Used 0 MB), Evaluating 13 Geometry Pairs with Predicate Intersects
[LIBGPUSPATIAL] [ 50743][17:27:13:192396][info  ] RTSpatialIndex 0x71c8f400a800 (Used 0 MB), Allocate result buffer, memory consumption 0 MB, capacity 6
[LIBGPUSPATIAL] [ 50743][17:27:13:192944][info  ] RTSpatialIndex 0x71c8f400a800 (Used 2 MB), Probe Points, Size: 100000, Results: 6
[LIBGPUSPATIAL] [ 50746][17:27:13:193337][info  ] RTSpatialIndex 0x71c8f400a800 (Used 0 MB), Allocate result buffer, memory consumption 0 MB, capacity 21
[LIBGPUSPATIAL] [ 50746][17:27:13:193502][info  ] RTSpatialIndex 0x71c8f400a800 (Used 0 MB), Probe Points, Size: 100000, Results: 21
[LIBGPUSPATIAL] [ 50743][17:27:13:194322][info  ] RTSpatialRefiner 0x71c8f7d2a880 (Used 0 MB), Loaded Geometries, ProbeArray 100000, Loaded 6, Type Point
[LIBGPUSPATIAL] [ 50743][17:27:13:194370][info  ] RTSpatialRefiner 0x71c8f7d2a880 (Used 0 MB), Evaluating 6 Geometry Pairs with Predicate Intersects
[LIBGPUSPATIAL] [ 50746][17:27:13:194647][info  ] RTSpatialRefiner 0x71c8f7d2a880 (Used 0 MB), Loaded Geometries, ProbeArray 100000, Loaded 21, Type Point
[LIBGPUSPATIAL] [ 50746][17:27:13:194722][info  ] RTSpatialRefiner 0x71c8f7d2a880 (Used 0 MB), Evaluating 21 Geometry Pairs with Predicate Intersects
[LIBGPUSPATIAL] [ 50744][17:27:13:195548][info  ] RTSpatialIndex 0x71c8f400a800 (Used 1 MB), Allocate result buffer, memory consumption 0 MB, capacity 22
[LIBGPUSPATIAL] [ 50742][17:27:13:195791][info  ] RTSpatialIndex 0x71c8f400a800 (Used 1 MB), Allocate result buffer, memory consumption 0 MB, capacity 14
[LIBGPUSPATIAL] [ 50744][17:27:13:195928][info  ] RTSpatialIndex 0x71c8f400a800 (Used 1 MB), Probe Points, Size: 100000, Results: 22
[LIBGPUSPATIAL] [ 50742][17:27:13:196256][info  ] RTSpatialIndex 0x71c8f400a800 (Used 0 MB), Probe Points, Size: 100000, Results: 14
[LIBGPUSPATIAL] [ 50744][17:27:13:196621][info  ] RTSpatialRefiner 0x71c8f7d2a880 (Used 0 MB), Loaded Geometries, ProbeArray 100000, Loaded 22, Type Point
[LIBGPUSPATIAL] [ 50744][17:27:13:196667][info  ] RTSpatialRefiner 0x71c8f7d2a880 (Used 0 MB), Evaluating 22 Geometry Pairs with Predicate Intersects
[LIBGPUSPATIAL] [ 50742][17:27:13:196869][info  ] RTSpatialRefiner 0x71c8f7d2a880 (Used 0 MB), Loaded Geometries, ProbeArray 100000, Loaded 14, Type Point
[LIBGPUSPATIAL] [ 50742][17:27:13:196919][info  ] RTSpatialRefiner 0x71c8f7d2a880 (Used 0 MB), Evaluating 14 Geometry Pairs with Predicate Intersects
[LIBGPUSPATIAL] [ 50739][17:27:13:200855][info  ] RTSpatialIndex 0x71c8f400a800 (Used 0 MB), Allocate result buffer, memory consumption 0 MB, capacity 16
[LIBGPUSPATIAL] [ 50739][17:27:13:200988][info  ] RTSpatialIndex 0x71c8f400a800 (Used 0 MB), Probe Points, Size: 100000, Results: 16
[LIBGPUSPATIAL] [ 50739][17:27:13:201541][info  ] RTSpatialRefiner 0x71c8f7d2a880 (Used 0 MB), Loaded Geometries, ProbeArray 100000, Loaded 16, Type Point
[LIBGPUSPATIAL] [ 50739][17:27:13:201581][info  ] RTSpatialRefiner 0x71c8f7d2a880 (Used 0 MB), Evaluating 16 Geometry Pairs with Predicate Intersects
[LIBGPUSPATIAL] [ 50741][17:27:13:204835][info  ] RTSpatialIndex 0x71c8f400a800 (Used 4 MB), Allocate result buffer, memory consumption 0 MB, capacity 15
[LIBGPUSPATIAL] [ 50741][17:27:13:205330][info  ] RTSpatialIndex 0x71c8f400a800 (Used 2 MB), Probe Points, Size: 100000, Results: 15
[LIBGPUSPATIAL] [ 50745][17:27:13:205394][info  ] RTSpatialIndex 0x71c8f400a800 (Used 1 MB), Allocate result buffer, memory consumption 0 MB, capacity 15
[LIBGPUSPATIAL] [ 50740][17:27:13:205612][info  ] RTSpatialIndex 0x71c8f400a800 (Used 1 MB), Allocate result buffer, memory consumption 0 MB, capacity 19
[LIBGPUSPATIAL] [ 50745][17:27:13:205881][info  ] RTSpatialIndex 0x71c8f400a800 (Used 1 MB), Probe Points, Size: 100000, Results: 15
[LIBGPUSPATIAL] [ 50740][17:27:13:205938][info  ] RTSpatialIndex 0x71c8f400a800 (Used 0 MB), Probe Points, Size: 100000, Results: 19
[LIBGPUSPATIAL] [ 50741][17:27:13:206111][info  ] RTSpatialRefiner 0x71c8f7d2a880 (Used 0 MB), Loaded Geometries, ProbeArray 100000, Loaded 15, Type Point
[LIBGPUSPATIAL] [ 50741][17:27:13:206154][info  ] RTSpatialRefiner 0x71c8f7d2a880 (Used 0 MB), Evaluating 15 Geometry Pairs with Predicate Intersects
[LIBGPUSPATIAL] [ 50740][17:27:13:206484][info  ] RTSpatialRefiner 0x71c8f7d2a880 (Used 0 MB), Loaded Geometries, ProbeArray 100000, Loaded 19, Type Point
[LIBGPUSPATIAL] [ 50740][17:27:13:206526][info  ] RTSpatialRefiner 0x71c8f7d2a880 (Used 0 MB), Evaluating 19 Geometry Pairs with Predicate Intersects
[LIBGPUSPATIAL] [ 50745][17:27:13:206533][info  ] RTSpatialRefiner 0x71c8f7d2a880 (Used 0 MB), Loaded Geometries, ProbeArray 100000, Loaded 15, Type Point
[LIBGPUSPATIAL] [ 50745][17:27:13:206570][info  ] RTSpatialRefiner 0x71c8f7d2a880 (Used 0 MB), Evaluating 15 Geometry Pairs with Predicate Intersects
[LIBGPUSPATIAL] [ 50743][17:27:13:207557][info  ] RTSpatialIndex 0x71c8f400a800 (Used 0 MB), Allocate result buffer, memory consumption 0 MB, capacity 12
[LIBGPUSPATIAL] [ 50743][17:27:13:207691][info  ] RTSpatialIndex 0x71c8f400a800 (Used 0 MB), Probe Points, Size: 100000, Results: 12
[LIBGPUSPATIAL] [ 50743][17:27:13:208086][info  ] RTSpatialRefiner 0x71c8f7d2a880 (Used 0 MB), Loaded Geometries, ProbeArray 100000, Loaded 12, Type Point
[LIBGPUSPATIAL] [ 50743][17:27:13:208126][info  ] RTSpatialRefiner 0x71c8f7d2a880 (Used 0 MB), Evaluating 12 Geometry Pairs with Predicate Intersects
[LIBGPUSPATIAL] [ 50742][17:27:13:210603][info  ] RTSpatialIndex 0x71c8f400a800 (Used 3 MB), Allocate result buffer, memory consumption 0 MB, capacity 10
[LIBGPUSPATIAL] [ 50744][17:27:13:210603][info  ] RTSpatialIndex 0x71c8f400a800 (Used 3 MB), Allocate result buffer, memory consumption 0 MB, capacity 11
[LIBGPUSPATIAL] [ 50742][17:27:13:211146][info  ] RTSpatialIndex 0x71c8f400a800 (Used 2 MB), Probe Points, Size: 100000, Results: 10
[LIBGPUSPATIAL] [ 50744][17:27:13:211303][info  ] RTSpatialIndex 0x71c8f400a800 (Used 1 MB), Probe Points, Size: 100000, Results: 11
[LIBGPUSPATIAL] [ 50746][17:27:13:211508][info  ] RTSpatialIndex 0x71c8f400a800 (Used 0 MB), Allocate result buffer, memory consumption 0 MB, capacity 15
[LIBGPUSPATIAL] [ 50742][17:27:13:211883][info  ] RTSpatialRefiner 0x71c8f7d2a880 (Used 0 MB), Loaded Geometries, ProbeArray 100000, Loaded 10, Type Point
[LIBGPUSPATIAL] [ 50746][17:27:13:211906][info  ] RTSpatialIndex 0x71c8f400a800 (Used 0 MB), Probe Points, Size: 100000, Results: 15
[LIBGPUSPATIAL] [ 50742][17:27:13:211931][info  ] RTSpatialRefiner 0x71c8f7d2a880 (Used 0 MB), Evaluating 10 Geometry Pairs with Predicate Intersects
[LIBGPUSPATIAL] [ 50744][17:27:13:212010][info  ] RTSpatialRefiner 0x71c8f7d2a880 (Used 0 MB), Loaded Geometries, ProbeArray 100000, Loaded 11, Type Point
[LIBGPUSPATIAL] [ 50744][17:27:13:212072][info  ] RTSpatialRefiner 0x71c8f7d2a880 (Used 0 MB), Evaluating 11 Geometry Pairs with Predicate Intersects
[LIBGPUSPATIAL] [ 50746][17:27:13:212504][info  ] RTSpatialRefiner 0x71c8f7d2a880 (Used 0 MB), Loaded Geometries, ProbeArray 100000, Loaded 15, Type Point
[LIBGPUSPATIAL] [ 50746][17:27:13:212547][info  ] RTSpatialRefiner 0x71c8f7d2a880 (Used 0 MB), Evaluating 15 Geometry Pairs with Predicate Intersects
[LIBGPUSPATIAL] [ 50739][17:27:13:215538][info  ] RTSpatialIndex 0x71c8f400a800 (Used 0 MB), Allocate result buffer, memory consumption 0 MB, capacity 15
[LIBGPUSPATIAL] [ 50739][17:27:13:215670][info  ] RTSpatialIndex 0x71c8f400a800 (Used 0 MB), Probe Points, Size: 100000, Results: 15
[LIBGPUSPATIAL] [ 50739][17:27:13:216098][info  ] RTSpatialRefiner 0x71c8f7d2a880 (Used 0 MB), Loaded Geometries, ProbeArray 100000, Loaded 15, Type Point
[LIBGPUSPATIAL] [ 50739][17:27:13:216141][info  ] RTSpatialRefiner 0x71c8f7d2a880 (Used 0 MB), Evaluating 15 Geometry Pairs with Predicate Intersects
[LIBGPUSPATIAL] [ 50741][17:27:13:219180][info  ] RTSpatialIndex 0x71c8f400a800 (Used 0 MB), Allocate result buffer, memory consumption 0 MB, capacity 19
[LIBGPUSPATIAL] [ 50741][17:27:13:219305][info  ] RTSpatialIndex 0x71c8f400a800 (Used 0 MB), Probe Points, Size: 100000, Results: 19
[LIBGPUSPATIAL] [ 50740][17:27:13:219803][info  ] RTSpatialIndex 0x71c8f400a800 (Used 0 MB), Allocate result buffer, memory consumption 0 MB, capacity 14
[LIBGPUSPATIAL] [ 50740][17:27:13:219919][info  ] RTSpatialIndex 0x71c8f400a800 (Used 0 MB), Probe Points, Size: 100000, Results: 14
[LIBGPUSPATIAL] [ 50745][17:27:13:220507][info  ] RTSpatialIndex 0x71c8f400a800 (Used 0 MB), Allocate result buffer, memory consumption 0 MB, capacity 23
[LIBGPUSPATIAL] [ 50745][17:27:13:220620][info  ] RTSpatialIndex 0x71c8f400a800 (Used 0 MB), Probe Points, Size: 100000, Results: 23
[LIBGPUSPATIAL] [ 50741][17:27:13:221476][info  ] RTSpatialRefiner 0x71c8f7d2a880 (Used 0 MB), Loaded Geometries, ProbeArray 100000, Loaded 19, Type Point
[LIBGPUSPATIAL] [ 50741][17:27:13:221544][info  ] RTSpatialRefiner 0x71c8f7d2a880 (Used 0 MB), Evaluating 19 Geometry Pairs with Predicate Intersects
[LIBGPUSPATIAL] [ 50743][17:27:13:222177][info  ] RTSpatialIndex 0x71c8f400a800 (Used 0 MB), Allocate result buffer, memory consumption 0 MB, capacity 18
[LIBGPUSPATIAL] [ 50745][17:27:13:222412][info  ] RTSpatialRefiner 0x71c8f7d2a880 (Used 0 MB), Loaded Geometries, ProbeArray 100000, Loaded 23, Type Point
[LIBGPUSPATIAL] [ 50745][17:27:13:222458][info  ] RTSpatialRefiner 0x71c8f7d2a880 (Used 0 MB), Evaluating 23 Geometry Pairs with Predicate Intersects
[LIBGPUSPATIAL] [ 50740][17:27:13:222707][info  ] RTSpatialRefiner 0x71c8f7d2a880 (Used 0 MB), Loaded Geometries, ProbeArray 100000, Loaded 14, Type Point
[LIBGPUSPATIAL] [ 50740][17:27:13:222769][info  ] RTSpatialRefiner 0x71c8f7d2a880 (Used 0 MB), Evaluating 14 Geometry Pairs with Predicate Intersects
[LIBGPUSPATIAL] [ 50743][17:27:13:222777][info  ] RTSpatialIndex 0x71c8f400a800 (Used 0 MB), Probe Points, Size: 100000, Results: 18
[LIBGPUSPATIAL] [ 50743][17:27:13:223250][info  ] RTSpatialRefiner 0x71c8f7d2a880 (Used 0 MB), Loaded Geometries, ProbeArray 100000, Loaded 18, Type Point
[LIBGPUSPATIAL] [ 50743][17:27:13:223297][info  ] RTSpatialRefiner 0x71c8f7d2a880 (Used 0 MB), Evaluating 18 Geometry Pairs with Predicate Intersects
[LIBGPUSPATIAL] [ 50742][17:27:13:225905][info  ] RTSpatialIndex 0x71c8f400a800 (Used 2 MB), Allocate result buffer, memory consumption 0 MB, capacity 13
[LIBGPUSPATIAL] [ 50742][17:27:13:226456][info  ] RTSpatialIndex 0x71c8f400a800 (Used 1 MB), Probe Points, Size: 100000, Results: 13
[LIBGPUSPATIAL] [ 50746][17:27:13:226806][info  ] RTSpatialIndex 0x71c8f400a800 (Used 2 MB), Allocate result buffer, memory consumption 0 MB, capacity 15
[LIBGPUSPATIAL] [ 50744][17:27:13:227089][info  ] RTSpatialIndex 0x71c8f400a800 (Used 1 MB), Allocate result buffer, memory consumption 0 MB, capacity 16
[LIBGPUSPATIAL] [ 50746][17:27:13:227305][info  ] RTSpatialIndex 0x71c8f400a800 (Used 3 MB), Probe Points, Size: 100000, Results: 15
[LIBGPUSPATIAL] [ 50742][17:27:13:227310][info  ] RTSpatialRefiner 0x71c8f7d2a880 (Used 3 MB), Loaded Geometries, ProbeArray 100000, Loaded 13, Type Point
[LIBGPUSPATIAL] [ 50744][17:27:13:227512][info  ] RTSpatialIndex 0x71c8f400a800 (Used 2 MB), Probe Points, Size: 100000, Results: 16
[LIBGPUSPATIAL] [ 50742][17:27:13:227563][info  ] RTSpatialRefiner 0x71c8f7d2a880 (Used 1 MB), Evaluating 13 Geometry Pairs with Predicate Intersects
[LIBGPUSPATIAL] [ 50739][17:27:13:227939][info  ] RTSpatialIndex 0x71c8f400a800 (Used 0 MB), Allocate result buffer, memory consumption 0 MB, capacity 14
[LIBGPUSPATIAL] [ 50746][17:27:13:228097][info  ] RTSpatialRefiner 0x71c8f7d2a880 (Used 0 MB), Loaded Geometries, ProbeArray 100000, Loaded 15, Type Point
[LIBGPUSPATIAL] [ 50746][17:27:13:228143][info  ] RTSpatialRefiner 0x71c8f7d2a880 (Used 0 MB), Evaluating 15 Geometry Pairs with Predicate Intersects
[LIBGPUSPATIAL] [ 50739][17:27:13:228224][info  ] RTSpatialIndex 0x71c8f400a800 (Used 0 MB), Probe Points, Size: 100000, Results: 14
[LIBGPUSPATIAL] [ 50744][17:27:13:228444][info  ] RTSpatialRefiner 0x71c8f7d2a880 (Used 0 MB), Loaded Geometries, ProbeArray 100000, Loaded 16, Type Point
[LIBGPUSPATIAL] [ 50744][17:27:13:228600][info  ] RTSpatialRefiner 0x71c8f7d2a880 (Used 0 MB), Evaluating 16 Geometry Pairs with Predicate Intersects
[LIBGPUSPATIAL] [ 50739][17:27:13:229060][info  ] RTSpatialRefiner 0x71c8f7d2a880 (Used 0 MB), Loaded Geometries, ProbeArray 100000, Loaded 14, Type Point
[LIBGPUSPATIAL] [ 50739][17:27:13:229112][info  ] RTSpatialRefiner 0x71c8f7d2a880 (Used 0 MB), Evaluating 14 Geometry Pairs with Predicate Intersects
[LIBGPUSPATIAL] [ 50741][17:27:13:234735][info  ] RTSpatialIndex 0x71c8f400a800 (Used 0 MB), Allocate result buffer, memory consumption 0 MB, capacity 19
[LIBGPUSPATIAL] [ 50741][17:27:13:234862][info  ] RTSpatialIndex 0x71c8f400a800 (Used 0 MB), Probe Points, Size: 100000, Results: 19
[LIBGPUSPATIAL] [ 50741][17:27:13:235429][info  ] RTSpatialRefiner 0x71c8f7d2a880 (Used 0 MB), Loaded Geometries, ProbeArray 100000, Loaded 19, Type Point
[LIBGPUSPATIAL] [ 50741][17:27:13:235607][info  ] RTSpatialRefiner 0x71c8f7d2a880 (Used 1 MB), Evaluating 19 Geometry Pairs with Predicate Intersects
[LIBGPUSPATIAL] [ 50745][17:27:13:236394][info  ] RTSpatialIndex 0x71c8f400a800 (Used 4 MB), Allocate result buffer, memory consumption 0 MB, capacity 15
[LIBGPUSPATIAL] [ 50745][17:27:13:236914][info  ] RTSpatialIndex 0x71c8f400a800 (Used 2 MB), Probe Points, Size: 100000, Results: 15
[LIBGPUSPATIAL] [ 50743][17:27:13:237100][info  ] RTSpatialIndex 0x71c8f400a800 (Used 1 MB), Allocate result buffer, memory consumption 0 MB, capacity 10
[LIBGPUSPATIAL] [ 50740][17:27:13:237335][info  ] RTSpatialIndex 0x71c8f400a800 (Used 1 MB), Allocate result buffer, memory consumption 0 MB, capacity 18
[LIBGPUSPATIAL] [ 50743][17:27:13:237469][info  ] RTSpatialIndex 0x71c8f400a800 (Used 1 MB), Probe Points, Size: 100000, Results: 10
[LIBGPUSPATIAL] [ 50745][17:27:13:237624][info  ] RTSpatialRefiner 0x71c8f7d2a880 (Used 0 MB), Loaded Geometries, ProbeArray 100000, Loaded 15, Type Point
[LIBGPUSPATIAL] [ 50745][17:27:13:237665][info  ] RTSpatialRefiner 0x71c8f7d2a880 (Used 0 MB), Evaluating 15 Geometry Pairs with Predicate Intersects
[LIBGPUSPATIAL] [ 50740][17:27:13:237953][info  ] RTSpatialIndex 0x71c8f400a800 (Used 0 MB), Probe Points, Size: 100000, Results: 18
[LIBGPUSPATIAL] [ 50743][17:27:13:238518][info  ] RTSpatialRefiner 0x71c8f7d2a880 (Used 0 MB), Loaded Geometries, ProbeArray 100000, Loaded 10, Type Point
[LIBGPUSPATIAL] [ 50743][17:27:13:238559][info  ] RTSpatialRefiner 0x71c8f7d2a880 (Used 0 MB), Evaluating 10 Geometry Pairs with Predicate Intersects
[LIBGPUSPATIAL] [ 50740][17:27:13:240255][info  ] RTSpatialRefiner 0x71c8f7d2a880 (Used 0 MB), Loaded Geometries, ProbeArray 100000, Loaded 18, Type Point
[LIBGPUSPATIAL] [ 50740][17:27:13:240295][info  ] RTSpatialRefiner 0x71c8f7d2a880 (Used 0 MB), Evaluating 18 Geometry Pairs with Predicate Intersects
[LIBGPUSPATIAL] [ 50742][17:27:13:243500][info  ] RTSpatialIndex 0x71c8f400a800 (Used 3 MB), Allocate result buffer, memory consumption 0 MB, capacity 9
[LIBGPUSPATIAL] [ 50744][17:27:13:243556][info  ] RTSpatialIndex 0x71c8f400a800 (Used 3 MB), Allocate result buffer, memory consumption 0 MB, capacity 9
[LIBGPUSPATIAL] [ 50746][17:27:13:243665][info  ] RTSpatialIndex 0x71c8f400a800 (Used 3 MB), Allocate result buffer, memory consumption 0 MB, capacity 18
[LIBGPUSPATIAL] [ 50739][17:27:13:243847][info  ] RTSpatialIndex 0x71c8f400a800 (Used 3 MB), Allocate result buffer, memory consumption 0 MB, capacity 16
[LIBGPUSPATIAL] [ 50742][17:27:13:244058][info  ] RTSpatialIndex 0x71c8f400a800 (Used 3 MB), Probe Points, Size: 100000, Results: 9
[LIBGPUSPATIAL] [ 50744][17:27:13:244175][info  ] RTSpatialIndex 0x71c8f400a800 (Used 2 MB), Probe Points, Size: 100000, Results: 9
[LIBGPUSPATIAL] [ 50746][17:27:13:244421][info  ] RTSpatialIndex 0x71c8f400a800 (Used 1 MB), Probe Points, Size: 100000, Results: 18
[LIBGPUSPATIAL] [ 50739][17:27:13:244687][info  ] RTSpatialIndex 0x71c8f400a800 (Used 0 MB), Probe Points, Size: 100000, Results: 16
[LIBGPUSPATIAL] [ 50744][17:27:13:244926][info  ] RTSpatialRefiner 0x71c8f7d2a880 (Used 0 MB), Loaded Geometries, ProbeArray 100000, Loaded 9, Type Point
[LIBGPUSPATIAL] [ 50744][17:27:13:244968][info  ] RTSpatialRefiner 0x71c8f7d2a880 (Used 0 MB), Evaluating 9 Geometry Pairs with Predicate Intersects
[LIBGPUSPATIAL] [ 50742][17:27:13:244992][info  ] RTSpatialRefiner 0x71c8f7d2a880 (Used 0 MB), Loaded Geometries, ProbeArray 100000, Loaded 9, Type Point
[LIBGPUSPATIAL] [ 50742][17:27:13:245050][info  ] RTSpatialRefiner 0x71c8f7d2a880 (Used 0 MB), Evaluating 9 Geometry Pairs with Predicate Intersects
[LIBGPUSPATIAL] [ 50746][17:27:13:245380][info  ] RTSpatialRefiner 0x71c8f7d2a880 (Used 0 MB), Loaded Geometries, ProbeArray 100000, Loaded 18, Type Point
[LIBGPUSPATIAL] [ 50746][17:27:13:245421][info  ] RTSpatialRefiner 0x71c8f7d2a880 (Used 0 MB), Evaluating 18 Geometry Pairs with Predicate Intersects
[LIBGPUSPATIAL] [ 50739][17:27:13:245684][info  ] RTSpatialRefiner 0x71c8f7d2a880 (Used 0 MB), Loaded Geometries, ProbeArray 100000, Loaded 16, Type Point
[LIBGPUSPATIAL] [ 50739][17:27:13:245724][info  ] RTSpatialRefiner 0x71c8f7d2a880 (Used 0 MB), Evaluating 16 Geometry Pairs with Predicate Intersects
[LIBGPUSPATIAL] [ 50741][17:27:13:250216][info  ] RTSpatialIndex 0x71c8f400a800 (Used 0 MB), Allocate result buffer, memory consumption 0 MB, capacity 15
[LIBGPUSPATIAL] [ 50741][17:27:13:250390][info  ] RTSpatialIndex 0x71c8f400a800 (Used 0 MB), Probe Points, Size: 100000, Results: 15
[LIBGPUSPATIAL] [ 50741][17:27:13:251338][info  ] RTSpatialRefiner 0x71c8f7d2a880 (Used 2 MB), Loaded Geometries, ProbeArray 100000, Loaded 15, Type Point
[LIBGPUSPATIAL] [ 50741][17:27:13:251380][info  ] RTSpatialRefiner 0x71c8f7d2a880 (Used 2 MB), Evaluating 15 Geometry Pairs with Predicate Intersects
[LIBGPUSPATIAL] [ 50745][17:27:13:251598][info  ] RTSpatialIndex 0x71c8f400a800 (Used 1 MB), Allocate result buffer, memory consumption 0 MB, capacity 15
[LIBGPUSPATIAL] [ 50743][17:27:13:251912][info  ] RTSpatialIndex 0x71c8f400a800 (Used 1 MB), Allocate result buffer, memory consumption 0 MB, capacity 12
[LIBGPUSPATIAL] [ 50745][17:27:13:252184][info  ] RTSpatialIndex 0x71c8f400a800 (Used 1 MB), Probe Points, Size: 100000, Results: 15
[LIBGPUSPATIAL] [ 50743][17:27:13:252448][info  ] RTSpatialIndex 0x71c8f400a800 (Used 0 MB), Probe Points, Size: 100000, Results: 12
[LIBGPUSPATIAL] [ 50745][17:27:13:253189][info  ] RTSpatialRefiner 0x71c8f7d2a880 (Used 0 MB), Loaded Geometries, ProbeArray 100000, Loaded 15, Type Point
[LIBGPUSPATIAL] [ 50745][17:27:13:253292][info  ] RTSpatialRefiner 0x71c8f7d2a880 (Used 0 MB), Evaluating 15 Geometry Pairs with Predicate Intersects
[LIBGPUSPATIAL] [ 50743][17:27:13:253439][info  ] RTSpatialRefiner 0x71c8f7d2a880 (Used 0 MB), Loaded Geometries, ProbeArray 100000, Loaded 12, Type Point
[LIBGPUSPATIAL] [ 50743][17:27:13:253492][info  ] RTSpatialRefiner 0x71c8f7d2a880 (Used 1 MB), Evaluating 12 Geometry Pairs with Predicate Intersects
[LIBGPUSPATIAL] [ 50740][17:27:13:254015][info  ] RTSpatialIndex 0x71c8f400a800 (Used 0 MB), Allocate result buffer, memory consumption 0 MB, capacity 16
[LIBGPUSPATIAL] [ 50740][17:27:13:254403][info  ] RTSpatialIndex 0x71c8f400a800 (Used 0 MB), Probe Points, Size: 100000, Results: 16
[LIBGPUSPATIAL] [ 50740][17:27:13:255169][info  ] RTSpatialRefiner 0x71c8f7d2a880 (Used 0 MB), Loaded Geometries, ProbeArray 100000, Loaded 16, Type Point
[LIBGPUSPATIAL] [ 50740][17:27:13:255215][info  ] RTSpatialRefiner 0x71c8f7d2a880 (Used 0 MB), Evaluating 16 Geometry Pairs with Predicate Intersects
[LIBGPUSPATIAL] [ 50744][17:27:13:258245][info  ] RTSpatialIndex 0x71c8f400a800 (Used 0 MB), Allocate result buffer, memory consumption 0 MB, capacity 14
[LIBGPUSPATIAL] [ 50744][17:27:13:258449][info  ] RTSpatialIndex 0x71c8f400a800 (Used 0 MB), Probe Points, Size: 100000, Results: 14
[LIBGPUSPATIAL] [ 50744][17:27:13:259299][info  ] RTSpatialRefiner 0x71c8f7d2a880 (Used 4 MB), Loaded Geometries, ProbeArray 100000, Loaded 14, Type Point
[LIBGPUSPATIAL] [ 50744][17:27:13:259347][info  ] RTSpatialRefiner 0x71c8f7d2a880 (Used 3 MB), Evaluating 14 Geometry Pairs with Predicate Intersects
[LIBGPUSPATIAL] [ 50746][17:27:13:260744][info  ] RTSpatialIndex 0x71c8f400a800 (Used 2 MB), Allocate result buffer, memory consumption 0 MB, capacity 13
[LIBGPUSPATIAL] [ 50739][17:27:13:260980][info  ] RTSpatialIndex 0x71c8f400a800 (Used 2 MB), Allocate result buffer, memory consumption 0 MB, capacity 8
[LIBGPUSPATIAL] [ 50742][17:27:13:261278][info  ] RTSpatialIndex 0x71c8f400a800 (Used 2 MB), Allocate result buffer, memory consumption 0 MB, capacity 16
[LIBGPUSPATIAL] [ 50746][17:27:13:261599][info  ] RTSpatialIndex 0x71c8f400a800 (Used 2 MB), Probe Points, Size: 100000, Results: 13
[LIBGPUSPATIAL] [ 50739][17:27:13:261708][info  ] RTSpatialIndex 0x71c8f400a800 (Used 1 MB), Probe Points, Size: 100000, Results: 8
[LIBGPUSPATIAL] [ 50742][17:27:13:261824][info  ] RTSpatialIndex 0x71c8f400a800 (Used 0 MB), Probe Points, Size: 100000, Results: 16
[LIBGPUSPATIAL] [ 50742][17:27:13:263197][info  ] RTSpatialRefiner 0x71c8f7d2a880 (Used 0 MB), Loaded Geometries, ProbeArray 100000, Loaded 16, Type Point
[LIBGPUSPATIAL] [ 50742][17:27:13:263246][info  ] RTSpatialRefiner 0x71c8f7d2a880 (Used 0 MB), Evaluating 16 Geometry Pairs with Predicate Intersects
[LIBGPUSPATIAL] [ 50746][17:27:13:263296][info  ] RTSpatialRefiner 0x71c8f7d2a880 (Used 0 MB), Loaded Geometries, ProbeArray 100000, Loaded 13, Type Point
[LIBGPUSPATIAL] [ 50746][17:27:13:263352][info  ] RTSpatialRefiner 0x71c8f7d2a880 (Used 0 MB), Evaluating 13 Geometry Pairs with Predicate Intersects
[LIBGPUSPATIAL] [ 50741][17:27:13:264197][info  ] RTSpatialIndex 0x71c8f400a800 (Used 0 MB), Allocate result buffer, memory consumption 0 MB, capacity 15
[LIBGPUSPATIAL] [ 50741][17:27:13:264617][info  ] RTSpatialIndex 0x71c8f400a800 (Used 0 MB), Probe Points, Size: 100000, Results: 15
[LIBGPUSPATIAL] [ 50739][17:27:13:264626][info  ] RTSpatialRefiner 0x71c8f7d2a880 (Used 0 MB), Loaded Geometries, ProbeArray 100000, Loaded 8, Type Point
[LIBGPUSPATIAL] [ 50739][17:27:13:264703][info  ] RTSpatialRefiner 0x71c8f7d2a880 (Used 0 MB), Evaluating 8 Geometry Pairs with Predicate Intersects
[LIBGPUSPATIAL] [ 50743][17:27:13:265507][info  ] RTSpatialIndex 0x71c8f400a800 (Used 0 MB), Allocate result buffer, memory consumption 0 MB, capacity 15
[LIBGPUSPATIAL] [ 50743][17:27:13:265635][info  ] RTSpatialIndex 0x71c8f400a800 (Used 0 MB), Probe Points, Size: 100000, Results: 15
[LIBGPUSPATIAL] [ 50743][17:27:13:266056][info  ] RTSpatialRefiner 0x71c8f7d2a880 (Used 0 MB), Loaded Geometries, ProbeArray 100000, Loaded 15, Type Point
[LIBGPUSPATIAL] [ 50741][17:27:13:266106][info  ] RTSpatialRefiner 0x71c8f7d2a880 (Used 0 MB), Loaded Geometries, ProbeArray 100000, Loaded 15, Type Point
[LIBGPUSPATIAL] [ 50743][17:27:13:266110][info  ] RTSpatialRefiner 0x71c8f7d2a880 (Used 0 MB), Evaluating 15 Geometry Pairs with Predicate Intersects
[LIBGPUSPATIAL] [ 50741][17:27:13:266144][info  ] RTSpatialRefiner 0x71c8f7d2a880 (Used 0 MB), Evaluating 15 Geometry Pairs with Predicate Intersects
[LIBGPUSPATIAL] [ 50745][17:27:13:267116][info  ] RTSpatialIndex 0x71c8f400a800 (Used 0 MB), Allocate result buffer, memory consumption 0 MB, capacity 15
[LIBGPUSPATIAL] [ 50745][17:27:13:267248][info  ] RTSpatialIndex 0x71c8f400a800 (Used 0 MB), Probe Points, Size: 100000, Results: 15
[LIBGPUSPATIAL] [ 50745][17:27:13:268210][info  ] RTSpatialRefiner 0x71c8f7d2a880 (Used 0 MB), Loaded Geometries, ProbeArray 100000, Loaded 15, Type Point
[LIBGPUSPATIAL] [ 50745][17:27:13:268255][info  ] RTSpatialRefiner 0x71c8f7d2a880 (Used 0 MB), Evaluating 15 Geometry Pairs with Predicate Intersects
[LIBGPUSPATIAL] [ 50740][17:27:13:269555][info  ] RTSpatialIndex 0x71c8f400a800 (Used 0 MB), Allocate result buffer, memory consumption 0 MB, capacity 21
[LIBGPUSPATIAL] [ 50740][17:27:13:269749][info  ] RTSpatialIndex 0x71c8f400a800 (Used 0 MB), Probe Points, Size: 100000, Results: 21
[LIBGPUSPATIAL] [ 50740][17:27:13:270179][info  ] RTSpatialRefiner 0x71c8f7d2a880 (Used 0 MB), Loaded Geometries, ProbeArray 100000, Loaded 21, Type Point
[LIBGPUSPATIAL] [ 50740][17:27:13:270227][info  ] RTSpatialRefiner 0x71c8f7d2a880 (Used 0 MB), Evaluating 21 Geometry Pairs with Predicate Intersects
[LIBGPUSPATIAL] [ 50744][17:27:13:275586][info  ] RTSpatialIndex 0x71c8f400a800 (Used 0 MB), Allocate result buffer, memory consumption 0 MB, capacity 20
[LIBGPUSPATIAL] [ 50744][17:27:13:275734][info  ] RTSpatialIndex 0x71c8f400a800 (Used 0 MB), Probe Points, Size: 100000, Results: 20
[LIBGPUSPATIAL] [ 50744][17:27:13:276344][info  ] RTSpatialRefiner 0x71c8f7d2a880 (Used 0 MB), Loaded Geometries, ProbeArray 100000, Loaded 20, Type Point
[LIBGPUSPATIAL] [ 50742][17:27:13:276352][info  ] RTSpatialIndex 0x71c8f400a800 (Used 0 MB), Allocate result buffer, memory consumption 0 MB, capacity 14
[LIBGPUSPATIAL] [ 50744][17:27:13:276401][info  ] RTSpatialRefiner 0x71c8f7d2a880 (Used 0 MB), Evaluating 20 Geometry Pairs with Predicate Intersects
[LIBGPUSPATIAL] [ 50742][17:27:13:276626][info  ] RTSpatialIndex 0x71c8f400a800 (Used 2 MB), Probe Points, Size: 100000, Results: 14
[LIBGPUSPATIAL] [ 50746][17:27:13:277177][info  ] RTSpatialIndex 0x71c8f400a800 (Used 0 MB), Allocate result buffer, memory consumption 0 MB, capacity 16
[LIBGPUSPATIAL] [ 50742][17:27:13:277212][info  ] RTSpatialRefiner 0x71c8f7d2a880 (Used 0 MB), Loaded Geometries, ProbeArray 100000, Loaded 14, Type Point
[LIBGPUSPATIAL] [ 50742][17:27:13:277259][info  ] RTSpatialRefiner 0x71c8f7d2a880 (Used 0 MB), Evaluating 14 Geometry Pairs with Predicate Intersects
[LIBGPUSPATIAL] [ 50746][17:27:13:277682][info  ] RTSpatialIndex 0x71c8f400a800 (Used 1 MB), Probe Points, Size: 100000, Results: 16
[LIBGPUSPATIAL] [ 50739][17:27:13:278133][info  ] RTSpatialIndex 0x71c8f400a800 (Used 0 MB), Allocate result buffer, memory consumption 0 MB, capacity 20
[LIBGPUSPATIAL] [ 50746][17:27:13:278424][info  ] RTSpatialRefiner 0x71c8f7d2a880 (Used 0 MB), Loaded Geometries, ProbeArray 100000, Loaded 16, Type Point
[LIBGPUSPATIAL] [ 50746][17:27:13:278526][info  ] RTSpatialRefiner 0x71c8f7d2a880 (Used 0 MB), Evaluating 16 Geometry Pairs with Predicate Intersects
[LIBGPUSPATIAL] [ 50739][17:27:13:278539][info  ] RTSpatialIndex 0x71c8f400a800 (Used 0 MB), Probe Points, Size: 100000, Results: 20
[LIBGPUSPATIAL] [ 50739][17:27:13:279193][info  ] RTSpatialRefiner 0x71c8f7d2a880 (Used 0 MB), Loaded Geometries, ProbeArray 100000, Loaded 20, Type Point
[LIBGPUSPATIAL] [ 50739][17:27:13:279304][info  ] RTSpatialRefiner 0x71c8f7d2a880 (Used 0 MB), Evaluating 20 Geometry Pairs with Predicate Intersects
[LIBGPUSPATIAL] [ 50743][17:27:13:279310][info  ] RTSpatialIndex 0x71c8f400a800 (Used 0 MB), Allocate result buffer, memory consumption 0 MB, capacity 25
[LIBGPUSPATIAL] [ 50743][17:27:13:279851][info  ] RTSpatialIndex 0x71c8f400a800 (Used 0 MB), Probe Points, Size: 100000, Results: 25
[LIBGPUSPATIAL] [ 50743][17:27:13:280335][info  ] RTSpatialRefiner 0x71c8f7d2a880 (Used 0 MB), Loaded Geometries, ProbeArray 100000, Loaded 25, Type Point
[LIBGPUSPATIAL] [ 50743][17:27:13:280385][info  ] RTSpatialRefiner 0x71c8f7d2a880 (Used 0 MB), Evaluating 25 Geometry Pairs with Predicate Intersects
[LIBGPUSPATIAL] [ 50741][17:27:13:281097][info  ] RTSpatialIndex 0x71c8f400a800 (Used 0 MB), Allocate result buffer, memory consumption 0 MB, capacity 19
[LIBGPUSPATIAL] [ 50741][17:27:13:281268][info  ] RTSpatialIndex 0x71c8f400a800 (Used 0 MB), Probe Points, Size: 100000, Results: 19
[LIBGPUSPATIAL] [ 50741][17:27:13:281661][info  ] RTSpatialRefiner 0x71c8f7d2a880 (Used 0 MB), Loaded Geometries, ProbeArray 100000, Loaded 19, Type Point
[LIBGPUSPATIAL] [ 50741][17:27:13:281723][info  ] RTSpatialRefiner 0x71c8f7d2a880 (Used 0 MB), Evaluating 19 Geometry Pairs with Predicate Intersects
[LIBGPUSPATIAL] [ 50745][17:27:13:282629][info  ] RTSpatialIndex 0x71c8f400a800 (Used 0 MB), Allocate result buffer, memory consumption 0 MB, capacity 16
[LIBGPUSPATIAL] [ 50745][17:27:13:282980][info  ] RTSpatialIndex 0x71c8f400a800 (Used 0 MB), Probe Points, Size: 100000, Results: 16
[LIBGPUSPATIAL] [ 50745][17:27:13:283410][info  ] RTSpatialRefiner 0x71c8f7d2a880 (Used 1 MB), Loaded Geometries, ProbeArray 100000, Loaded 16, Type Point
[LIBGPUSPATIAL] [ 50745][17:27:13:283493][info  ] RTSpatialRefiner 0x71c8f7d2a880 (Used 1 MB), Evaluating 16 Geometry Pairs with Predicate Intersects
[LIBGPUSPATIAL] [ 50740][17:27:13:283932][info  ] RTSpatialIndex 0x71c8f400a800 (Used 0 MB), Allocate result buffer, memory consumption 0 MB, capacity 11
[LIBGPUSPATIAL] [ 50740][17:27:13:284141][info  ] RTSpatialIndex 0x71c8f400a800 (Used 0 MB), Probe Points, Size: 100000, Results: 11
[LIBGPUSPATIAL] [ 50740][17:27:13:284658][info  ] RTSpatialRefiner 0x71c8f7d2a880 (Used 0 MB), Loaded Geometries, ProbeArray 100000, Loaded 11, Type Point
[LIBGPUSPATIAL] [ 50740][17:27:13:284700][info  ] RTSpatialRefiner 0x71c8f7d2a880 (Used 0 MB), Evaluating 11 Geometry Pairs with Predicate Intersects
[LIBGPUSPATIAL] [ 50742][17:27:13:291069][info  ] RTSpatialIndex 0x71c8f400a800 (Used 1 MB), Allocate result buffer, memory consumption 0 MB, capacity 13
[LIBGPUSPATIAL] [ 50744][17:27:13:291073][info  ] RTSpatialIndex 0x71c8f400a800 (Used 1 MB), Allocate result buffer, memory consumption 0 MB, capacity 23
[LIBGPUSPATIAL] [ 50742][17:27:13:291310][info  ] RTSpatialIndex 0x71c8f400a800 (Used 1 MB), Probe Points, Size: 100000, Results: 13
[LIBGPUSPATIAL] [ 50744][17:27:13:291368][info  ] RTSpatialIndex 0x71c8f400a800 (Used 0 MB), Probe Points, Size: 100000, Results: 23
[LIBGPUSPATIAL] [ 50742][17:27:13:292295][info  ] RTSpatialRefiner 0x71c8f7d2a880 (Used 1 MB), Loaded Geometries, ProbeArray 100000, Loaded 13, Type Point
[LIBGPUSPATIAL] [ 50742][17:27:13:292350][info  ] RTSpatialRefiner 0x71c8f7d2a880 (Used 1 MB), Evaluating 13 Geometry Pairs with Predicate Intersects
[LIBGPUSPATIAL] [ 50744][17:27:13:294190][info  ] RTSpatialRefiner 0x71c8f7d2a880 (Used 2 MB), Loaded Geometries, ProbeArray 100000, Loaded 23, Type Point
[LIBGPUSPATIAL] [ 50744][17:27:13:294236][info  ] RTSpatialRefiner 0x71c8f7d2a880 (Used 2 MB), Evaluating 23 Geometry Pairs with Predicate Intersects
[LIBGPUSPATIAL] [ 50746][17:27:13:294701][info  ] RTSpatialIndex 0x71c8f400a800 (Used 4 MB), Allocate result buffer, memory consumption 0 MB, capacity 14
[LIBGPUSPATIAL] [ 50739][17:27:13:294959][info  ] RTSpatialIndex 0x71c8f400a800 (Used 3 MB), Allocate result buffer, memory consumption 0 MB, capacity 20
[LIBGPUSPATIAL] [ 50743][17:27:13:295127][info  ] RTSpatialIndex 0x71c8f400a800 (Used 3 MB), Allocate result buffer, memory consumption 0 MB, capacity 11
[LIBGPUSPATIAL] [ 50743][17:27:13:295526][info  ] RTSpatialIndex 0x71c8f400a800 (Used 3 MB), Probe Points, Size: 100000, Results: 11
[LIBGPUSPATIAL] [ 50746][17:27:13:295606][info  ] RTSpatialIndex 0x71c8f400a800 (Used 2 MB), Probe Points, Size: 100000, Results: 14
[LIBGPUSPATIAL] [ 50741][17:27:13:295662][info  ] RTSpatialIndex 0x71c8f400a800 (Used 1 MB), Allocate result buffer, memory consumption 0 MB, capacity 8
[LIBGPUSPATIAL] [ 50739][17:27:13:296148][info  ] RTSpatialIndex 0x71c8f400a800 (Used 1 MB), Probe Points, Size: 100000, Results: 20
[LIBGPUSPATIAL] [ 50746][17:27:13:296306][info  ] RTSpatialRefiner 0x71c8f7d2a880 (Used 0 MB), Loaded Geometries, ProbeArray 100000, Loaded 14, Type Point
[LIBGPUSPATIAL] [ 50743][17:27:13:296404][info  ] RTSpatialRefiner 0x71c8f7d2a880 (Used 0 MB), Loaded Geometries, ProbeArray 100000, Loaded 11, Type Point
[LIBGPUSPATIAL] [ 50743][17:27:13:296509][info  ] RTSpatialRefiner 0x71c8f7d2a880 (Used 0 MB), Evaluating 11 Geometry Pairs with Predicate Intersects
[LIBGPUSPATIAL] [ 50746][17:27:13:296529][info  ] RTSpatialRefiner 0x71c8f7d2a880 (Used 0 MB), Evaluating 14 Geometry Pairs with Predicate Intersects
[LIBGPUSPATIAL] [ 50741][17:27:13:296712][info  ] RTSpatialIndex 0x71c8f400a800 (Used 0 MB), Probe Points, Size: 100000, Results: 8
[LIBGPUSPATIAL] [ 50741][17:27:13:297364][info  ] RTSpatialRefiner 0x71c8f7d2a880 (Used 2 MB), Loaded Geometries, ProbeArray 100000, Loaded 8, Type Point
[LIBGPUSPATIAL] [ 50739][17:27:13:297439][info  ] RTSpatialRefiner 0x71c8f7d2a880 (Used 0 MB), Loaded Geometries, ProbeArray 100000, Loaded 20, Type Point
[LIBGPUSPATIAL] [ 50741][17:27:13:297444][info  ] RTSpatialRefiner 0x71c8f7d2a880 (Used 0 MB), Evaluating 8 Geometry Pairs with Predicate Intersects
[LIBGPUSPATIAL] [ 50739][17:27:13:297491][info  ] RTSpatialRefiner 0x71c8f7d2a880 (Used 0 MB), Evaluating 20 Geometry Pairs with Predicate Intersects
[LIBGPUSPATIAL] [ 50745][17:27:13:298461][info  ] RTSpatialIndex 0x71c8f400a800 (Used 1 MB), Allocate result buffer, memory consumption 0 MB, capacity 16
[LIBGPUSPATIAL] [ 50740][17:27:13:298698][info  ] RTSpatialIndex 0x71c8f400a800 (Used 1 MB), Allocate result buffer, memory consumption 0 MB, capacity 8
[LIBGPUSPATIAL] [ 50740][17:27:13:299054][info  ] RTSpatialIndex 0x71c8f400a800 (Used 1 MB), Probe Points, Size: 100000, Results: 8
[LIBGPUSPATIAL] [ 50745][17:27:13:299352][info  ] RTSpatialIndex 0x71c8f400a800 (Used 0 MB), Probe Points, Size: 100000, Results: 16
[LIBGPUSPATIAL] [ 50745][17:27:13:299850][info  ] RTSpatialRefiner 0x71c8f7d2a880 (Used 0 MB), Loaded Geometries, ProbeArray 100000, Loaded 16, Type Point
[LIBGPUSPATIAL] [ 50745][17:27:13:299894][info  ] RTSpatialRefiner 0x71c8f7d2a880 (Used 0 MB), Evaluating 16 Geometry Pairs with Predicate Intersects
[LIBGPUSPATIAL] [ 50740][17:27:13:300278][info  ] RTSpatialRefiner 0x71c8f7d2a880 (Used 0 MB), Loaded Geometries, ProbeArray 100000, Loaded 8, Type Point
[LIBGPUSPATIAL] [ 50740][17:27:13:300322][info  ] RTSpatialRefiner 0x71c8f7d2a880 (Used 0 MB), Evaluating 8 Geometry Pairs with Predicate Intersects
[LIBGPUSPATIAL] [ 50742][17:27:13:308196][info  ] RTSpatialIndex 0x71c8f400a800 (Used 2 MB), Allocate result buffer, memory consumption 0 MB, capacity 10
[LIBGPUSPATIAL] [ 50742][17:27:13:308739][info  ] RTSpatialIndex 0x71c8f400a800 (Used 1 MB), Probe Points, Size: 100000, Results: 10
[LIBGPUSPATIAL] [ 50744][17:27:13:308783][info  ] RTSpatialIndex 0x71c8f400a800 (Used 0 MB), Allocate result buffer, memory consumption 0 MB, capacity 15
[LIBGPUSPATIAL] [ 50744][17:27:13:309197][info  ] RTSpatialIndex 0x71c8f400a800 (Used 0 MB), Probe Points, Size: 100000, Results: 15
[LIBGPUSPATIAL] [ 50742][17:27:13:309834][info  ] RTSpatialRefiner 0x71c8f7d2a880 (Used 0 MB), Loaded Geometries, ProbeArray 100000, Loaded 10, Type Point
[LIBGPUSPATIAL] [ 50742][17:27:13:309885][info  ] RTSpatialRefiner 0x71c8f7d2a880 (Used 0 MB), Evaluating 10 Geometry Pairs with Predicate Intersects
[LIBGPUSPATIAL] [ 50743][17:27:13:309938][info  ] RTSpatialIndex 0x71c8f400a800 (Used 0 MB), Allocate result buffer, memory consumption 0 MB, capacity 20
[LIBGPUSPATIAL] [ 50744][17:27:13:310299][info  ] RTSpatialRefiner 0x71c8f7d2a880 (Used 3 MB), Loaded Geometries, ProbeArray 100000, Loaded 15, Type Point
[LIBGPUSPATIAL] [ 50744][17:27:13:310405][info  ] RTSpatialRefiner 0x71c8f7d2a880 (Used 1 MB), Evaluating 15 Geometry Pairs with Predicate Intersects
[LIBGPUSPATIAL] [ 50743][17:27:13:310476][info  ] RTSpatialIndex 0x71c8f400a800 (Used 1 MB), Probe Points, Size: 100000, Results: 20
[LIBGPUSPATIAL] [ 50746][17:27:13:310821][info  ] RTSpatialIndex 0x71c8f400a800 (Used 0 MB), Allocate result buffer, memory consumption 0 MB, capacity 12
[LIBGPUSPATIAL] [ 50743][17:27:13:311280][info  ] RTSpatialRefiner 0x71c8f7d2a880 (Used 0 MB), Loaded Geometries, ProbeArray 100000, Loaded 20, Type Point
[LIBGPUSPATIAL] [ 50743][17:27:13:311325][info  ] RTSpatialRefiner 0x71c8f7d2a880 (Used 0 MB), Evaluating 20 Geometry Pairs with Predicate Intersects
[LIBGPUSPATIAL] [ 50746][17:27:13:312439][info  ] RTSpatialIndex 0x71c8f400a800 (Used 0 MB), Probe Points, Size: 100000, Results: 12
[LIBGPUSPATIAL] [ 50746][17:27:13:313545][info  ] RTSpatialRefiner 0x71c8f7d2a880 (Used 3 MB), Loaded Geometries, ProbeArray 100000, Loaded 12, Type Point
[LIBGPUSPATIAL] [ 50746][17:27:13:313581][info  ] RTSpatialRefiner 0x71c8f7d2a880 (Used 3 MB), Evaluating 12 Geometry Pairs with Predicate Intersects
[LIBGPUSPATIAL] [ 50739][17:27:13:314088][info  ] RTSpatialIndex 0x71c8f400a800 (Used 4 MB), Allocate result buffer, memory consumption 0 MB, capacity 20
[LIBGPUSPATIAL] [ 50740][17:27:13:314292][info  ] RTSpatialIndex 0x71c8f400a800 (Used 2 MB), Allocate result buffer, memory consumption 0 MB, capacity 19
[LIBGPUSPATIAL] [ 50741][17:27:13:314355][info  ] RTSpatialIndex 0x71c8f400a800 (Used 2 MB), Allocate result buffer, memory consumption 0 MB, capacity 16
[LIBGPUSPATIAL] [ 50739][17:27:13:315539][info  ] RTSpatialIndex 0x71c8f400a800 (Used 4 MB), Probe Points, Size: 100000, Results: 20
[LIBGPUSPATIAL] [ 50740][17:27:13:315850][info  ] RTSpatialIndex 0x71c8f400a800 (Used 3 MB), Probe Points, Size: 100000, Results: 19
[LIBGPUSPATIAL] [ 50741][17:27:13:316121][info  ] RTSpatialIndex 0x71c8f400a800 (Used 1 MB), Probe Points, Size: 100000, Results: 16
[LIBGPUSPATIAL] [ 50742][17:27:13:316345][info  ] RTSpatialIndex 0x71c8f400a800 (Used 1 MB), Allocate result buffer, memory consumption 0 MB, capacity 4
[LIBGPUSPATIAL] [ 50739][17:27:13:316354][info  ] RTSpatialRefiner 0x71c8f7d2a880 (Used 1 MB), Loaded Geometries, ProbeArray 100000, Loaded 20, Type Point
[LIBGPUSPATIAL] [ 50745][17:27:13:316387][info  ] RTSpatialIndex 0x71c8f400a800 (Used 1 MB), Allocate result buffer, memory consumption 0 MB, capacity 12
[LIBGPUSPATIAL] [ 50739][17:27:13:316502][info  ] RTSpatialRefiner 0x71c8f7d2a880 (Used 1 MB), Evaluating 20 Geometry Pairs with Predicate Intersects
[LIBGPUSPATIAL] [ 50740][17:27:13:316825][info  ] RTSpatialRefiner 0x71c8f7d2a880 (Used 1 MB), Loaded Geometries, ProbeArray 100000, Loaded 19, Type Point
[LIBGPUSPATIAL] [ 50741][17:27:13:316850][info  ] RTSpatialRefiner 0x71c8f7d2a880 (Used 1 MB), Loaded Geometries, ProbeArray 100000, Loaded 16, Type Point
[LIBGPUSPATIAL] [ 50740][17:27:13:316881][info  ] RTSpatialRefiner 0x71c8f7d2a880 (Used 1 MB), Evaluating 19 Geometry Pairs with Predicate Intersects
[LIBGPUSPATIAL] [ 50741][17:27:13:316888][info  ] RTSpatialRefiner 0x71c8f7d2a880 (Used 1 MB), Evaluating 16 Geometry Pairs with Predicate Intersects
[LIBGPUSPATIAL] [ 50745][17:27:13:317185][info  ] RTSpatialIndex 0x71c8f400a800 (Used 1 MB), Probe Points, Size: 100000, Results: 12
[LIBGPUSPATIAL] [ 50742][17:27:13:317526][info  ] RTSpatialIndex 0x71c8f400a800 (Used 0 MB), Probe Points, Size: 33333, Results: 4
[LIBGPUSPATIAL] [ 50742][17:27:13:318088][info  ] RTSpatialRefiner 0x71c8f7d2a880 (Used 0 MB), Loaded Geometries, ProbeArray 33333, Loaded 4, Type Point
[LIBGPUSPATIAL] [ 50742][17:27:13:318209][info  ] RTSpatialRefiner 0x71c8f7d2a880 (Used 0 MB), Evaluating 4 Geometry Pairs with Predicate Intersects
[LIBGPUSPATIAL] [ 50745][17:27:13:322076][info  ] RTSpatialRefiner 0x71c8f7d2a880 (Used 0 MB), Loaded Geometries, ProbeArray 100000, Loaded 12, Type Point
[LIBGPUSPATIAL] [ 50745][17:27:13:322129][info  ] RTSpatialRefiner 0x71c8f7d2a880 (Used 0 MB), Evaluating 12 Geometry Pairs with Predicate Intersects
[LIBGPUSPATIAL] [ 50741][17:27:13:325399][info  ] RTSpatialIndex 0x71c8f400a800 (Used 2 MB), Allocate result buffer, memory consumption 0 MB, capacity 3
[LIBGPUSPATIAL] [ 50744][17:27:13:325578][info  ] RTSpatialIndex 0x71c8f400a800 (Used 2 MB), Allocate result buffer, memory consumption 0 MB, capacity 18
[LIBGPUSPATIAL] [ 50743][17:27:13:325645][info  ] RTSpatialIndex 0x71c8f400a800 (Used 2 MB), Allocate result buffer, memory consumption 0 MB, capacity 16
[LIBGPUSPATIAL] [ 50741][17:27:13:325798][info  ] RTSpatialIndex 0x71c8f400a800 (Used 2 MB), Probe Points, Size: 33333, Results: 3
[LIBGPUSPATIAL] [ 50746][17:27:13:326139][info  ] RTSpatialIndex 0x71c8f400a800 (Used 2 MB), Allocate result buffer, memory consumption 0 MB, capacity 24
[LIBGPUSPATIAL] [ 50743][17:27:13:326257][info  ] RTSpatialIndex 0x71c8f400a800 (Used 2 MB), Probe Points, Size: 100000, Results: 16
[LIBGPUSPATIAL] [ 50741][17:27:13:326308][info  ] RTSpatialRefiner 0x71c8f7d2a880 (Used 1 MB), Loaded Geometries, ProbeArray 33333, Loaded 3, Type Point
[LIBGPUSPATIAL] [ 50741][17:27:13:326351][info  ] RTSpatialRefiner 0x71c8f7d2a880 (Used 1 MB), Evaluating 3 Geometry Pairs with Predicate Intersects
[LIBGPUSPATIAL] [ 50743][17:27:13:326650][info  ] RTSpatialRefiner 0x71c8f7d2a880 (Used 1 MB), Loaded Geometries, ProbeArray 100000, Loaded 16, Type Point
[LIBGPUSPATIAL] [ 50743][17:27:13:326697][info  ] RTSpatialRefiner 0x71c8f7d2a880 (Used 1 MB), Evaluating 16 Geometry Pairs with Predicate Intersects
[LIBGPUSPATIAL] [ 50744][17:27:13:326762][info  ] RTSpatialIndex 0x71c8f400a800 (Used 1 MB), Probe Points, Size: 100000, Results: 18
[LIBGPUSPATIAL] [ 50746][17:27:13:326916][info  ] RTSpatialIndex 0x71c8f400a800 (Used 0 MB), Probe Points, Size: 100000, Results: 24
[LIBGPUSPATIAL] [ 50746][17:27:13:327486][info  ] RTSpatialRefiner 0x71c8f7d2a880 (Used 0 MB), Loaded Geometries, ProbeArray 100000, Loaded 24, Type Point
[LIBGPUSPATIAL] [ 50744][17:27:13:327510][info  ] RTSpatialRefiner 0x71c8f7d2a880 (Used 0 MB), Loaded Geometries, ProbeArray 100000, Loaded 18, Type Point
[LIBGPUSPATIAL] [ 50746][17:27:13:327553][info  ] RTSpatialRefiner 0x71c8f7d2a880 (Used 1 MB), Evaluating 24 Geometry Pairs with Predicate Intersects
[LIBGPUSPATIAL] [ 50740][17:27:13:328024][info  ] RTSpatialIndex 0x71c8f400a800 (Used 0 MB), Allocate result buffer, memory consumption 0 MB, capacity 12
[LIBGPUSPATIAL] [ 50744][17:27:13:327557][info  ] RTSpatialRefiner 0x71c8f7d2a880 (Used 1 MB), Evaluating 18 Geometry Pairs with Predicate Intersects
[LIBGPUSPATIAL] [ 50740][17:27:13:328511][info  ] RTSpatialIndex 0x71c8f400a800 (Used 0 MB), Probe Points, Size: 100000, Results: 12
[LIBGPUSPATIAL] [ 50739][17:27:13:329633][info  ] RTSpatialIndex 0x71c8f400a800 (Used 0 MB), Allocate result buffer, memory consumption 0 MB, capacity 20
[LIBGPUSPATIAL] [ 50739][17:27:13:329754][info  ] RTSpatialIndex 0x71c8f400a800 (Used 0 MB), Probe Points, Size: 100000, Results: 20
[LIBGPUSPATIAL] [ 50740][17:27:13:330372][info  ] RTSpatialRefiner 0x71c8f7d2a880 (Used 0 MB), Loaded Geometries, ProbeArray 100000, Loaded 12, Type Point
[LIBGPUSPATIAL] [ 50740][17:27:13:330416][info  ] RTSpatialRefiner 0x71c8f7d2a880 (Used 0 MB), Evaluating 12 Geometry Pairs with Predicate Intersects
[LIBGPUSPATIAL] [ 50739][17:27:13:332026][info  ] RTSpatialRefiner 0x71c8f7d2a880 (Used 0 MB), Loaded Geometries, ProbeArray 100000, Loaded 20, Type Point
[LIBGPUSPATIAL] [ 50743][17:27:13:332088][info  ] RTSpatialIndex 0x71c8f400a800 (Used 0 MB), Allocate result buffer, memory consumption 0 MB, capacity 5
[LIBGPUSPATIAL] [ 50739][17:27:13:332209][info  ] RTSpatialRefiner 0x71c8f7d2a880 (Used 0 MB), Evaluating 20 Geometry Pairs with Predicate Intersects
[LIBGPUSPATIAL] [ 50743][17:27:13:332304][info  ] RTSpatialIndex 0x71c8f400a800 (Used 0 MB), Probe Points, Size: 33333, Results: 5
[LIBGPUSPATIAL] [ 50743][17:27:13:332728][info  ] RTSpatialRefiner 0x71c8f7d2a880 (Used 0 MB), Loaded Geometries, ProbeArray 33333, Loaded 5, Type Point
[LIBGPUSPATIAL] [ 50743][17:27:13:332771][info  ] RTSpatialRefiner 0x71c8f7d2a880 (Used 0 MB), Evaluating 5 Geometry Pairs with Predicate Intersects
[LIBGPUSPATIAL] [ 50740][17:27:13:335240][info  ] RTSpatialIndex 0x71c8f400a800 (Used 0 MB), Allocate result buffer, memory consumption 0 MB, capacity 7
[LIBGPUSPATIAL] [ 50740][17:27:13:335347][info  ] RTSpatialIndex 0x71c8f400a800 (Used 0 MB), Probe Points, Size: 33333, Results: 7
[LIBGPUSPATIAL] [ 50745][17:27:13:336167][info  ] RTSpatialIndex 0x71c8f400a800 (Used 0 MB), Allocate result buffer, memory consumption 0 MB, capacity 22
[LIBGPUSPATIAL] [ 50745][17:27:13:336275][info  ] RTSpatialIndex 0x71c8f400a800 (Used 0 MB), Probe Points, Size: 100000, Results: 22
[LIBGPUSPATIAL] [ 50745][17:27:13:337305][info  ] RTSpatialRefiner 0x71c8f7d2a880 (Used 1 MB), Loaded Geometries, ProbeArray 100000, Loaded 22, Type Point
[LIBGPUSPATIAL] [ 50745][17:27:13:337376][info  ] RTSpatialRefiner 0x71c8f7d2a880 (Used 1 MB), Evaluating 22 Geometry Pairs with Predicate Intersects
[LIBGPUSPATIAL] [ 50742][17:27:13:337955][info  ] RTSpatialIndex 0x71c8f400a800 (Used 0 MB), Allocate result buffer, memory consumption 0 MB, capacity 13
[LIBGPUSPATIAL] [ 50740][17:27:13:338235][info  ] RTSpatialRefiner 0x71c8f7d2a880 (Used 1 MB), Loaded Geometries, ProbeArray 33333, Loaded 7, Type Point
[LIBGPUSPATIAL] [ 50740][17:27:13:338427][info  ] RTSpatialRefiner 0x71c8f7d2a880 (Used 1 MB), Evaluating 7 Geometry Pairs with Predicate Intersects
[LIBGPUSPATIAL] [ 50742][17:27:13:338672][info  ] RTSpatialIndex 0x71c8f400a800 (Used 1 MB), Probe Points, Size: 100000, Results: 13
[LIBGPUSPATIAL] [ 50739][17:27:13:339098][info  ] RTSpatialIndex 0x71c8f400a800 (Used 0 MB), Allocate result buffer, memory consumption 0 MB, capacity 2
[LIBGPUSPATIAL] [ 50739][17:27:13:339411][info  ] RTSpatialIndex 0x71c8f400a800 (Used 0 MB), Probe Points, Size: 33333, Results: 2
[LIBGPUSPATIAL] [ 50739][17:27:13:340524][info  ] RTSpatialRefiner 0x71c8f7d2a880 (Used 1 MB), Loaded Geometries, ProbeArray 33333, Loaded 2, Type Point
[LIBGPUSPATIAL] [ 50742][17:27:13:340548][info  ] RTSpatialRefiner 0x71c8f7d2a880 (Used 1 MB), Loaded Geometries, ProbeArray 100000, Loaded 13, Type Point
[LIBGPUSPATIAL] [ 50739][17:27:13:340588][info  ] RTSpatialRefiner 0x71c8f7d2a880 (Used 0 MB), Evaluating 2 Geometry Pairs with Predicate Intersects
[LIBGPUSPATIAL] [ 50742][17:27:13:340609][info  ] RTSpatialRefiner 0x71c8f7d2a880 (Used 0 MB), Evaluating 13 Geometry Pairs with Predicate Intersects
[LIBGPUSPATIAL] [ 50744][17:27:13:341127][info  ] RTSpatialIndex 0x71c8f400a800 (Used 2 MB), Allocate result buffer, memory consumption 0 MB, capacity 13
[LIBGPUSPATIAL] [ 50744][17:27:13:341595][info  ] RTSpatialIndex 0x71c8f400a800 (Used 1 MB), Probe Points, Size: 100000, Results: 13
[LIBGPUSPATIAL] [ 50746][17:27:13:341752][info  ] RTSpatialIndex 0x71c8f400a800 (Used 0 MB), Allocate result buffer, memory consumption 0 MB, capacity 9
[LIBGPUSPATIAL] [ 50746][17:27:13:342401][info  ] RTSpatialIndex 0x71c8f400a800 (Used 0 MB), Probe Points, Size: 100000, Results: 9
[LIBGPUSPATIAL] [ 50744][17:27:13:343288][info  ] RTSpatialRefiner 0x71c8f7d2a880 (Used 0 MB), Loaded Geometries, ProbeArray 100000, Loaded 13, Type Point
[LIBGPUSPATIAL] [ 50744][17:27:13:343343][info  ] RTSpatialRefiner 0x71c8f7d2a880 (Used 0 MB), Evaluating 13 Geometry Pairs with Predicate Intersects
[LIBGPUSPATIAL] [ 50746][17:27:13:343349][info  ] RTSpatialRefiner 0x71c8f7d2a880 (Used 0 MB), Loaded Geometries, ProbeArray 100000, Loaded 9, Type Point
[LIBGPUSPATIAL] [ 50746][17:27:13:343380][info  ] RTSpatialRefiner 0x71c8f7d2a880 (Used 0 MB), Evaluating 9 Geometry Pairs with Predicate Intersects
[LIBGPUSPATIAL] [ 50745][17:27:13:344223][info  ] RTSpatialIndex 0x71c8f400a800 (Used 0 MB), Allocate result buffer, memory consumption 0 MB, capacity 8
[LIBGPUSPATIAL] [ 50745][17:27:13:345430][info  ] RTSpatialIndex 0x71c8f400a800 (Used 1 MB), Probe Points, Size: 33333, Results: 8
[LIBGPUSPATIAL] [ 50741][17:27:13:345680][info  ] RTSpatialIndex 0x71c8f400a800 (Used 0 MB), Allocate result buffer, memory consumption 0 MB, capacity 14
[LIBGPUSPATIAL] [ 50741][17:27:13:346069][info  ] RTSpatialIndex 0x71c8f400a800 (Used 0 MB), Probe Points, Size: 100000, Results: 14
[LIBGPUSPATIAL] [ 50745][17:27:13:346304][info  ] RTSpatialRefiner 0x71c8f7d2a880 (Used 0 MB), Loaded Geometries, ProbeArray 33333, Loaded 8, Type Point
[LIBGPUSPATIAL] [ 50745][17:27:13:346353][info  ] RTSpatialRefiner 0x71c8f7d2a880 (Used 0 MB), Evaluating 8 Geometry Pairs with Predicate Intersects
[LIBGPUSPATIAL] [ 50741][17:27:13:346930][info  ] RTSpatialRefiner 0x71c8f7d2a880 (Used 0 MB), Loaded Geometries, ProbeArray 100000, Loaded 14, Type Point
[LIBGPUSPATIAL] [ 50741][17:27:13:346974][info  ] RTSpatialRefiner 0x71c8f7d2a880 (Used 0 MB), Evaluating 14 Geometry Pairs with Predicate Intersects
[LIBGPUSPATIAL] [ 50744][17:27:13:350222][info  ] RTSpatialIndex 0x71c8f400a800 (Used 0 MB), Allocate result buffer, memory consumption 0 MB, capacity 5
[LIBGPUSPATIAL] [ 50744][17:27:13:350366][info  ] RTSpatialIndex 0x71c8f400a800 (Used 0 MB), Probe Points, Size: 33348, Results: 5
[LIBGPUSPATIAL] [ 50746][17:27:13:351310][info  ] RTSpatialIndex 0x71c8f400a800 (Used 0 MB), Allocate result buffer, memory consumption 0 MB, capacity 7
[LIBGPUSPATIAL] [ 50744][17:27:13:351367][info  ] RTSpatialRefiner 0x71c8f7d2a880 (Used 0 MB), Loaded Geometries, ProbeArray 33348, Loaded 5, Type Point
[LIBGPUSPATIAL] [ 50744][17:27:13:351413][info  ] RTSpatialRefiner 0x71c8f7d2a880 (Used 0 MB), Evaluating 5 Geometry Pairs with Predicate Intersects
[LIBGPUSPATIAL] [ 50746][17:27:13:351436][info  ] RTSpatialIndex 0x71c8f400a800 (Used 0 MB), Probe Points, Size: 33333, Results: 7
[LIBGPUSPATIAL] [ 50743][17:27:13:352519][info  ] RTSpatialIndex 0x71c8f400a800 (Used 0 MB), Allocate result buffer, memory consumption 0 MB, capacity 13
[LIBGPUSPATIAL] [ 50746][17:27:13:352546][info  ] RTSpatialRefiner 0x71c8f7d2a880 (Used 0 MB), Loaded Geometries, ProbeArray 33333, Loaded 7, Type Point
[LIBGPUSPATIAL] [ 50746][17:27:13:352594][info  ] RTSpatialRefiner 0x71c8f7d2a880 (Used 0 MB), Evaluating 7 Geometry Pairs with Predicate Intersects
[LIBGPUSPATIAL] [ 50743][17:27:13:353150][info  ] RTSpatialIndex 0x71c8f400a800 (Used 0 MB), Probe Points, Size: 100000, Results: 13
[LIBGPUSPATIAL] [ 50743][17:27:13:353579][info  ] RTSpatialRefiner 0x71c8f7d2a880 (Used 0 MB), Loaded Geometries, ProbeArray 100000, Loaded 13, Type Point
[LIBGPUSPATIAL] [ 50743][17:27:13:353620][info  ] RTSpatialRefiner 0x71c8f7d2a880 (Used 0 MB), Evaluating 13 Geometry Pairs with Predicate Intersects
[LIBGPUSPATIAL] [ 50742][17:27:13:355892][info  ] RTSpatialIndex 0x71c8f400a800 (Used 0 MB), Allocate result buffer, memory consumption 0 MB, capacity 16
[LIBGPUSPATIAL] [ 50742][17:27:13:356030][info  ] RTSpatialIndex 0x71c8f400a800 (Used 0 MB), Probe Points, Size: 100000, Results: 16
[LIBGPUSPATIAL] [ 50742][17:27:13:357375][info  ] RTSpatialRefiner 0x71c8f7d2a880 (Used 0 MB), Loaded Geometries, ProbeArray 100000, Loaded 16, Type Point
[LIBGPUSPATIAL] [ 50742][17:27:13:357425][info  ] RTSpatialRefiner 0x71c8f7d2a880 (Used 0 MB), Evaluating 16 Geometry Pairs with Predicate Intersects
[LIBGPUSPATIAL] [ 50741][17:27:13:359463][info  ] RTSpatialIndex 0x71c8f400a800 (Used 0 MB), Allocate result buffer, memory consumption 0 MB, capacity 11
[LIBGPUSPATIAL] [ 50741][17:27:13:359613][info  ] RTSpatialIndex 0x71c8f400a800 (Used 0 MB), Probe Points, Size: 100000, Results: 11
[LIBGPUSPATIAL] [ 50739][17:27:13:361630][info  ] RTSpatialIndex 0x71c8f400a800 (Used 0 MB), Allocate result buffer, memory consumption 0 MB, capacity 10
[LIBGPUSPATIAL] [ 50741][17:27:13:362099][info  ] RTSpatialRefiner 0x71c8f7d2a880 (Used 2 MB), Loaded Geometries, ProbeArray 100000, Loaded 11, Type Point
[LIBGPUSPATIAL] [ 50741][17:27:13:362146][info  ] RTSpatialRefiner 0x71c8f7d2a880 (Used 2 MB), Evaluating 11 Geometry Pairs with Predicate Intersects
[LIBGPUSPATIAL] [ 50739][17:27:13:362355][info  ] RTSpatialIndex 0x71c8f400a800 (Used 1 MB), Probe Points, Size: 100000, Results: 10
[LIBGPUSPATIAL] [ 50740][17:27:13:363185][info  ] RTSpatialIndex 0x71c8f400a800 (Used 0 MB), Allocate result buffer, memory consumption 0 MB, capacity 15
[LIBGPUSPATIAL] [ 50739][17:27:13:363616][info  ] RTSpatialRefiner 0x71c8f7d2a880 (Used 0 MB), Loaded Geometries, ProbeArray 100000, Loaded 10, Type Point
[LIBGPUSPATIAL] [ 50739][17:27:13:363657][info  ] RTSpatialRefiner 0x71c8f7d2a880 (Used 0 MB), Evaluating 10 Geometry Pairs with Predicate Intersects
[LIBGPUSPATIAL] [ 50740][17:27:13:364103][info  ] RTSpatialIndex 0x71c8f400a800 (Used 1 MB), Probe Points, Size: 100000, Results: 15
[LIBGPUSPATIAL] [ 50740][17:27:13:365310][info  ] RTSpatialRefiner 0x71c8f7d2a880 (Used 0 MB), Loaded Geometries, ProbeArray 100000, Loaded 15, Type Point
[LIBGPUSPATIAL] [ 50740][17:27:13:365351][info  ] RTSpatialRefiner 0x71c8f7d2a880 (Used 0 MB), Evaluating 15 Geometry Pairs with Predicate Intersects
[LIBGPUSPATIAL] [ 50743][17:27:13:366175][info  ] RTSpatialIndex 0x71c8f400a800 (Used 0 MB), Allocate result buffer, memory consumption 0 MB, capacity 19
[LIBGPUSPATIAL] [ 50743][17:27:13:366302][info  ] RTSpatialIndex 0x71c8f400a800 (Used 0 MB), Probe Points, Size: 100000, Results: 19
[LIBGPUSPATIAL] [ 50745][17:27:13:367076][info  ] RTSpatialIndex 0x71c8f400a800 (Used 0 MB), Allocate result buffer, memory consumption 0 MB, capacity 23
[LIBGPUSPATIAL] [ 50745][17:27:13:367195][info  ] RTSpatialIndex 0x71c8f400a800 (Used 0 MB), Probe Points, Size: 100000, Results: 23
[LIBGPUSPATIAL] [ 50743][17:27:13:367278][info  ] RTSpatialRefiner 0x71c8f7d2a880 (Used 0 MB), Loaded Geometries, ProbeArray 100000, Loaded 19, Type Point
[LIBGPUSPATIAL] [ 50743][17:27:13:367476][info  ] RTSpatialRefiner 0x71c8f7d2a880 (Used 0 MB), Evaluating 19 Geometry Pairs with Predicate Intersects
[LIBGPUSPATIAL] [ 50745][17:27:13:367572][info  ] RTSpatialRefiner 0x71c8f7d2a880 (Used 0 MB), Loaded Geometries, ProbeArray 100000, Loaded 23, Type Point
[LIBGPUSPATIAL] [ 50745][17:27:13:367659][info  ] RTSpatialRefiner 0x71c8f7d2a880 (Used 0 MB), Evaluating 23 Geometry Pairs with Predicate Intersects
[LIBGPUSPATIAL] [ 50742][17:27:13:370619][info  ] RTSpatialIndex 0x71c8f400a800 (Used 0 MB), Allocate result buffer, memory consumption 0 MB, capacity 17
[LIBGPUSPATIAL] [ 50742][17:27:13:370749][info  ] RTSpatialIndex 0x71c8f400a800 (Used 0 MB), Probe Points, Size: 100000, Results: 17
[LIBGPUSPATIAL] [ 50742][17:27:13:371371][info  ] RTSpatialRefiner 0x71c8f7d2a880 (Used 0 MB), Loaded Geometries, ProbeArray 100000, Loaded 17, Type Point
[LIBGPUSPATIAL] [ 50742][17:27:13:371433][info  ] RTSpatialRefiner 0x71c8f7d2a880 (Used 0 MB), Evaluating 17 Geometry Pairs with Predicate Intersects
[LIBGPUSPATIAL] [ 50746][17:27:13:373228][info  ] RTSpatialIndex 0x71c8f400a800 (Used 0 MB), Allocate result buffer, memory consumption 0 MB, capacity 10
[LIBGPUSPATIAL] [ 50746][17:27:13:373500][info  ] RTSpatialIndex 0x71c8f400a800 (Used 0 MB), Probe Points, Size: 100000, Results: 10
[LIBGPUSPATIAL] [ 50746][17:27:13:374375][info  ] RTSpatialRefiner 0x71c8f7d2a880 (Used 0 MB), Loaded Geometries, ProbeArray 100000, Loaded 10, Type Point
[LIBGPUSPATIAL] [ 50746][17:27:13:374622][info  ] RTSpatialRefiner 0x71c8f7d2a880 (Used 0 MB), Evaluating 10 Geometry Pairs with Predicate Intersects
[LIBGPUSPATIAL] [ 50744][17:27:13:376156][info  ] RTSpatialIndex 0x71c8f400a800 (Used 0 MB), Allocate result buffer, memory consumption 0 MB, capacity 16
[LIBGPUSPATIAL] [ 50744][17:27:13:376302][info  ] RTSpatialIndex 0x71c8f400a800 (Used 0 MB), Probe Points, Size: 100000, Results: 16
[LIBGPUSPATIAL] [ 50741][17:27:13:376709][info  ] RTSpatialIndex 0x71c8f400a800 (Used 0 MB), Allocate result buffer, memory consumption 0 MB, capacity 11
[LIBGPUSPATIAL] [ 50744][17:27:13:377120][info  ] RTSpatialRefiner 0x71c8f7d2a880 (Used 2 MB), Loaded Geometries, ProbeArray 100000, Loaded 16, Type Point
[LIBGPUSPATIAL] [ 50744][17:27:13:377162][info  ] RTSpatialRefiner 0x71c8f7d2a880 (Used 2 MB), Evaluating 16 Geometry Pairs with Predicate Intersects
[LIBGPUSPATIAL] [ 50741][17:27:13:377519][info  ] RTSpatialIndex 0x71c8f400a800 (Used 1 MB), Probe Points, Size: 100000, Results: 11
[LIBGPUSPATIAL] [ 50739][17:27:13:377771][info  ] RTSpatialIndex 0x71c8f400a800 (Used 0 MB), Allocate result buffer, memory consumption 0 MB, capacity 18
[LIBGPUSPATIAL] [ 50739][17:27:13:378224][info  ] RTSpatialIndex 0x71c8f400a800 (Used 0 MB), Probe Points, Size: 100000, Results: 18
[LIBGPUSPATIAL] [ 50741][17:27:13:378261][info  ] RTSpatialRefiner 0x71c8f7d2a880 (Used 0 MB), Loaded Geometries, ProbeArray 100000, Loaded 11, Type Point
[LIBGPUSPATIAL] [ 50741][17:27:13:378299][info  ] RTSpatialRefiner 0x71c8f7d2a880 (Used 0 MB), Evaluating 11 Geometry Pairs with Predicate Intersects
[LIBGPUSPATIAL] [ 50739][17:27:13:379079][info  ] RTSpatialRefiner 0x71c8f7d2a880 (Used 2 MB), Loaded Geometries, ProbeArray 100000, Loaded 18, Type Point
[LIBGPUSPATIAL] [ 50739][17:27:13:379124][info  ] RTSpatialRefiner 0x71c8f7d2a880 (Used 0 MB), Evaluating 18 Geometry Pairs with Predicate Intersects
[LIBGPUSPATIAL] [ 50740][17:27:13:379416][info  ] RTSpatialIndex 0x71c8f400a800 (Used 0 MB), Allocate result buffer, memory consumption 0 MB, capacity 17
[LIBGPUSPATIAL] [ 50740][17:27:13:379811][info  ] RTSpatialIndex 0x71c8f400a800 (Used 0 MB), Probe Points, Size: 100000, Results: 17
[LIBGPUSPATIAL] [ 50743][17:27:13:380713][info  ] RTSpatialIndex 0x71c8f400a800 (Used 0 MB), Allocate result buffer, memory consumption 0 MB, capacity 16
[LIBGPUSPATIAL] [ 50743][17:27:13:380839][info  ] RTSpatialIndex 0x71c8f400a800 (Used 0 MB), Probe Points, Size: 100000, Results: 16
[LIBGPUSPATIAL] [ 50740][17:27:13:381418][info  ] RTSpatialRefiner 0x71c8f7d2a880 (Used 0 MB), Loaded Geometries, ProbeArray 100000, Loaded 17, Type Point
[LIBGPUSPATIAL] [ 50743][17:27:13:381625][info  ] RTSpatialRefiner 0x71c8f7d2a880 (Used 1 MB), Loaded Geometries, ProbeArray 100000, Loaded 16, Type Point
[LIBGPUSPATIAL] [ 50743][17:27:13:381728][info  ] RTSpatialRefiner 0x71c8f7d2a880 (Used 0 MB), Evaluating 16 Geometry Pairs with Predicate Intersects
[LIBGPUSPATIAL] [ 50740][17:27:13:381684][info  ] RTSpatialRefiner 0x71c8f7d2a880 (Used 1 MB), Evaluating 17 Geometry Pairs with Predicate Intersects
[LIBGPUSPATIAL] [ 50745][17:27:13:381799][info  ] RTSpatialIndex 0x71c8f400a800 (Used 0 MB), Allocate result buffer, memory consumption 0 MB, capacity 14
[LIBGPUSPATIAL] [ 50745][17:27:13:382246][info  ] RTSpatialIndex 0x71c8f400a800 (Used 1 MB), Probe Points, Size: 100000, Results: 14
[LIBGPUSPATIAL] [ 50742][17:27:13:383168][info  ] RTSpatialIndex 0x71c8f400a800 (Used 0 MB), Allocate result buffer, memory consumption 0 MB, capacity 13
[LIBGPUSPATIAL] [ 50742][17:27:13:383301][info  ] RTSpatialIndex 0x71c8f400a800 (Used 0 MB), Probe Points, Size: 100000, Results: 13
[LIBGPUSPATIAL] [ 50745][17:27:13:383653][info  ] RTSpatialRefiner 0x71c8f7d2a880 (Used 0 MB), Loaded Geometries, ProbeArray 100000, Loaded 14, Type Point
[LIBGPUSPATIAL] [ 50745][17:27:13:383695][info  ] RTSpatialRefiner 0x71c8f7d2a880 (Used 0 MB), Evaluating 14 Geometry Pairs with Predicate Intersects
[LIBGPUSPATIAL] [ 50742][17:27:13:383933][info  ] RTSpatialRefiner 0x71c8f7d2a880 (Used 0 MB), Loaded Geometries, ProbeArray 100000, Loaded 13, Type Point
[LIBGPUSPATIAL] [ 50742][17:27:13:383984][info  ] RTSpatialRefiner 0x71c8f7d2a880 (Used 0 MB), Evaluating 13 Geometry Pairs with Predicate Intersects
[LIBGPUSPATIAL] [ 50746][17:27:13:388197][info  ] RTSpatialIndex 0x71c8f400a800 (Used 0 MB), Allocate result buffer, memory consumption 0 MB, capacity 16
[LIBGPUSPATIAL] [ 50746][17:27:13:388341][info  ] RTSpatialIndex 0x71c8f400a800 (Used 0 MB), Probe Points, Size: 100000, Results: 16
[LIBGPUSPATIAL] [ 50746][17:27:13:388863][info  ] RTSpatialRefiner 0x71c8f7d2a880 (Used 0 MB), Loaded Geometries, ProbeArray 100000, Loaded 16, Type Point
[LIBGPUSPATIAL] [ 50746][17:27:13:388906][info  ] RTSpatialRefiner 0x71c8f7d2a880 (Used 0 MB), Evaluating 16 Geometry Pairs with Predicate Intersects
[LIBGPUSPATIAL] [ 50744][17:27:13:391989][info  ] RTSpatialIndex 0x71c8f400a800 (Used 0 MB), Allocate result buffer, memory consumption 0 MB, capacity 19
[LIBGPUSPATIAL] [ 50744][17:27:13:392206][info  ] RTSpatialIndex 0x71c8f400a800 (Used 0 MB), Probe Points, Size: 100000, Results: 19
[LIBGPUSPATIAL] [ 50741][17:27:13:392933][info  ] RTSpatialIndex 0x71c8f400a800 (Used 1 MB), Allocate result buffer, memory consumption 0 MB, capacity 13
[LIBGPUSPATIAL] [ 50739][17:27:13:393004][info  ] RTSpatialIndex 0x71c8f400a800 (Used 1 MB), Allocate result buffer, memory consumption 0 MB, capacity 13
[LIBGPUSPATIAL] [ 50744][17:27:13:393395][info  ] RTSpatialRefiner 0x71c8f7d2a880 (Used 1 MB), Loaded Geometries, ProbeArray 100000, Loaded 19, Type Point
[LIBGPUSPATIAL] [ 50744][17:27:13:393440][info  ] RTSpatialRefiner 0x71c8f7d2a880 (Used 1 MB), Evaluating 19 Geometry Pairs with Predicate Intersects
[LIBGPUSPATIAL] [ 50741][17:27:13:393564][info  ] RTSpatialIndex 0x71c8f400a800 (Used 1 MB), Probe Points, Size: 100000, Results: 13
[LIBGPUSPATIAL] [ 50739][17:27:13:393587][info  ] RTSpatialIndex 0x71c8f400a800 (Used 0 MB), Probe Points, Size: 100000, Results: 13
[LIBGPUSPATIAL] [ 50741][17:27:13:394097][info  ] RTSpatialRefiner 0x71c8f7d2a880 (Used 0 MB), Loaded Geometries, ProbeArray 100000, Loaded 13, Type Point
[LIBGPUSPATIAL] [ 50741][17:27:13:394171][info  ] RTSpatialRefiner 0x71c8f7d2a880 (Used 0 MB), Evaluating 13 Geometry Pairs with Predicate Intersects
[LIBGPUSPATIAL] [ 50739][17:27:13:394253][info  ] RTSpatialRefiner 0x71c8f7d2a880 (Used 0 MB), Loaded Geometries, ProbeArray 100000, Loaded 13, Type Point
[LIBGPUSPATIAL] [ 50739][17:27:13:394409][info  ] RTSpatialRefiner 0x71c8f7d2a880 (Used 0 MB), Evaluating 13 Geometry Pairs with Predicate Intersects
[LIBGPUSPATIAL] [ 50740][17:27:13:394897][info  ] RTSpatialIndex 0x71c8f400a800 (Used 2 MB), Allocate result buffer, memory consumption 0 MB, capacity 16
[LIBGPUSPATIAL] [ 50743][17:27:13:395549][info  ] RTSpatialIndex 0x71c8f400a800 (Used 1 MB), Allocate result buffer, memory consumption 0 MB, capacity 17
[LIBGPUSPATIAL] [ 50740][17:27:13:395932][info  ] RTSpatialIndex 0x71c8f400a800 (Used 1 MB), Probe Points, Size: 100000, Results: 16
[LIBGPUSPATIAL] [ 50743][17:27:13:396089][info  ] RTSpatialIndex 0x71c8f400a800 (Used 0 MB), Probe Points, Size: 100000, Results: 17
[LIBGPUSPATIAL] [ 50745][17:27:13:396644][info  ] RTSpatialIndex 0x71c8f400a800 (Used 0 MB), Allocate result buffer, memory consumption 0 MB, capacity 17
[LIBGPUSPATIAL] [ 50745][17:27:13:396764][info  ] RTSpatialIndex 0x71c8f400a800 (Used 0 MB), Probe Points, Size: 100000, Results: 17
[LIBGPUSPATIAL] [ 50742][17:27:13:397370][info  ] RTSpatialIndex 0x71c8f400a800 (Used 0 MB), Allocate result buffer, memory consumption 0 MB, capacity 12
[LIBGPUSPATIAL] [ 50742][17:27:13:397471][info  ] RTSpatialIndex 0x71c8f400a800 (Used 0 MB), Probe Points, Size: 100000, Results: 12
[LIBGPUSPATIAL] [ 50745][17:27:13:397810][info  ] RTSpatialRefiner 0x71c8f7d2a880 (Used 0 MB), Loaded Geometries, ProbeArray 100000, Loaded 17, Type Point
[LIBGPUSPATIAL] [ 50745][17:27:13:397868][info  ] RTSpatialRefiner 0x71c8f7d2a880 (Used 0 MB), Evaluating 17 Geometry Pairs with Predicate Intersects
[LIBGPUSPATIAL] [ 50740][17:27:13:397921][info  ] RTSpatialRefiner 0x71c8f7d2a880 (Used 0 MB), Loaded Geometries, ProbeArray 100000, Loaded 16, Type Point
[LIBGPUSPATIAL] [ 50742][17:27:13:397953][info  ] RTSpatialRefiner 0x71c8f7d2a880 (Used 0 MB), Loaded Geometries, ProbeArray 100000, Loaded 12, Type Point
[LIBGPUSPATIAL] [ 50742][17:27:13:397991][info  ] RTSpatialRefiner 0x71c8f7d2a880 (Used 0 MB), Evaluating 12 Geometry Pairs with Predicate Intersects
[LIBGPUSPATIAL] [ 50740][17:27:13:398193][info  ] RTSpatialRefiner 0x71c8f7d2a880 (Used 0 MB), Evaluating 16 Geometry Pairs with Predicate Intersects
[LIBGPUSPATIAL] [ 50743][17:27:13:398332][info  ] RTSpatialRefiner 0x71c8f7d2a880 (Used 0 MB), Loaded Geometries, ProbeArray 100000, Loaded 17, Type Point
[LIBGPUSPATIAL] [ 50743][17:27:13:398487][info  ] RTSpatialRefiner 0x71c8f7d2a880 (Used 0 MB), Evaluating 17 Geometry Pairs with Predicate Intersects
[LIBGPUSPATIAL] [ 50746][17:27:13:402074][info  ] RTSpatialIndex 0x71c8f400a800 (Used 0 MB), Allocate result buffer, memory consumption 0 MB, capacity 15
[LIBGPUSPATIAL] [ 50746][17:27:13:402203][info  ] RTSpatialIndex 0x71c8f400a800 (Used 0 MB), Probe Points, Size: 100000, Results: 15
[LIBGPUSPATIAL] [ 50746][17:27:13:402798][info  ] RTSpatialRefiner 0x71c8f7d2a880 (Used 0 MB), Loaded Geometries, ProbeArray 100000, Loaded 15, Type Point
[LIBGPUSPATIAL] [ 50746][17:27:13:402900][info  ] RTSpatialRefiner 0x71c8f7d2a880 (Used 0 MB), Evaluating 15 Geometry Pairs with Predicate Intersects
[LIBGPUSPATIAL] [ 50744][17:27:13:406456][info  ] RTSpatialIndex 0x71c8f400a800 (Used 0 MB), Allocate result buffer, memory consumption 0 MB, capacity 17
[LIBGPUSPATIAL] [ 50744][17:27:13:406592][info  ] RTSpatialIndex 0x71c8f400a800 (Used 0 MB), Probe Points, Size: 100000, Results: 17
[LIBGPUSPATIAL] [ 50744][17:27:13:406989][info  ] RTSpatialRefiner 0x71c8f7d2a880 (Used 0 MB), Loaded Geometries, ProbeArray 100000, Loaded 17, Type Point
[LIBGPUSPATIAL] [ 50744][17:27:13:407031][info  ] RTSpatialRefiner 0x71c8f7d2a880 (Used 0 MB), Evaluating 17 Geometry Pairs with Predicate Intersects
[LIBGPUSPATIAL] [ 50739][17:27:13:407856][info  ] RTSpatialIndex 0x71c8f400a800 (Used 2 MB), Allocate result buffer, memory consumption 0 MB, capacity 24
[LIBGPUSPATIAL] [ 50739][17:27:13:408395][info  ] RTSpatialIndex 0x71c8f400a800 (Used 1 MB), Probe Points, Size: 100000, Results: 24
[LIBGPUSPATIAL] [ 50741][17:27:13:408475][info  ] RTSpatialIndex 0x71c8f400a800 (Used 0 MB), Allocate result buffer, memory consumption 0 MB, capacity 10
[LIBGPUSPATIAL] [ 50741][17:27:13:408619][info  ] RTSpatialIndex 0x71c8f400a800 (Used 0 MB), Probe Points, Size: 100000, Results: 10
[LIBGPUSPATIAL] [ 50739][17:27:13:409023][info  ] RTSpatialRefiner 0x71c8f7d2a880 (Used 0 MB), Loaded Geometries, ProbeArray 100000, Loaded 24, Type Point
[LIBGPUSPATIAL] [ 50739][17:27:13:409083][info  ] RTSpatialRefiner 0x71c8f7d2a880 (Used 0 MB), Evaluating 24 Geometry Pairs with Predicate Intersects
[LIBGPUSPATIAL] [ 50745][17:27:13:411550][info  ] RTSpatialIndex 0x71c8f400a800 (Used 0 MB), Allocate result buffer, memory consumption 0 MB, capacity 18
[LIBGPUSPATIAL] [ 50741][17:27:13:412320][info  ] RTSpatialRefiner 0x71c8f7d2a880 (Used 4 MB), Loaded Geometries, ProbeArray 100000, Loaded 10, Type Point
[LIBGPUSPATIAL] [ 50741][17:27:13:412378][info  ] RTSpatialRefiner 0x71c8f7d2a880 (Used 4 MB), Evaluating 10 Geometry Pairs with Predicate Intersects
[LIBGPUSPATIAL] [ 50745][17:27:13:412787][info  ] RTSpatialIndex 0x71c8f400a800 (Used 3 MB), Probe Points, Size: 100000, Results: 18
[LIBGPUSPATIAL] [ 50740][17:27:13:413152][info  ] RTSpatialIndex 0x71c8f400a800 (Used 2 MB), Allocate result buffer, memory consumption 0 MB, capacity 14
[LIBGPUSPATIAL] [ 50743][17:27:13:413251][info  ] RTSpatialIndex 0x71c8f400a800 (Used 2 MB), Allocate result buffer, memory consumption 0 MB, capacity 9
[LIBGPUSPATIAL] [ 50742][17:27:13:413449][info  ] RTSpatialIndex 0x71c8f400a800 (Used 2 MB), Allocate result buffer, memory consumption 0 MB, capacity 16
[LIBGPUSPATIAL] [ 50743][17:27:13:413757][info  ] RTSpatialIndex 0x71c8f400a800 (Used 2 MB), Probe Points, Size: 100000, Results: 9
[LIBGPUSPATIAL] [ 50745][17:27:13:413861][info  ] RTSpatialRefiner 0x71c8f7d2a880 (Used 1 MB), Loaded Geometries, ProbeArray 100000, Loaded 18, Type Point
[LIBGPUSPATIAL] [ 50740][17:27:13:414078][info  ] RTSpatialIndex 0x71c8f400a800 (Used 1 MB), Probe Points, Size: 100000, Results: 14
[LIBGPUSPATIAL] [ 50745][17:27:13:414114][info  ] RTSpatialRefiner 0x71c8f7d2a880 (Used 0 MB), Evaluating 18 Geometry Pairs with Predicate Intersects
[LIBGPUSPATIAL] [ 50742][17:27:13:414225][info  ] RTSpatialIndex 0x71c8f400a800 (Used 0 MB), Probe Points, Size: 100000, Results: 16
[LIBGPUSPATIAL] [ 50742][17:27:13:414927][info  ] RTSpatialRefiner 0x71c8f7d2a880 (Used 0 MB), Loaded Geometries, ProbeArray 100000, Loaded 16, Type Point
[LIBGPUSPATIAL] [ 50740][17:27:13:414934][info  ] RTSpatialRefiner 0x71c8f7d2a880 (Used 0 MB), Loaded Geometries, ProbeArray 100000, Loaded 14, Type Point
[LIBGPUSPATIAL] [ 50743][17:27:13:414941][info  ] RTSpatialRefiner 0x71c8f7d2a880 (Used 0 MB), Loaded Geometries, ProbeArray 100000, Loaded 9, Type Point
[LIBGPUSPATIAL] [ 50742][17:27:13:414964][info  ] RTSpatialRefiner 0x71c8f7d2a880 (Used 0 MB), Evaluating 16 Geometry Pairs with Predicate Intersects
[LIBGPUSPATIAL] [ 50740][17:27:13:414978][info  ] RTSpatialRefiner 0x71c8f7d2a880 (Used 0 MB), Evaluating 14 Geometry Pairs with Predicate Intersects
[LIBGPUSPATIAL] [ 50743][17:27:13:414985][info  ] RTSpatialRefiner 0x71c8f7d2a880 (Used 0 MB), Evaluating 9 Geometry Pairs with Predicate Intersects
[LIBGPUSPATIAL] [ 50746][17:27:13:415163][info  ] RTSpatialIndex 0x71c8f400a800 (Used 0 MB), Allocate result buffer, memory consumption 0 MB, capacity 21
[LIBGPUSPATIAL] [ 50746][17:27:13:415549][info  ] RTSpatialIndex 0x71c8f400a800 (Used 1 MB), Probe Points, Size: 100000, Results: 21
[LIBGPUSPATIAL] [ 50746][17:27:13:416171][info  ] RTSpatialRefiner 0x71c8f7d2a880 (Used 0 MB), Loaded Geometries, ProbeArray 100000, Loaded 21, Type Point
[LIBGPUSPATIAL] [ 50746][17:27:13:416253][info  ] RTSpatialRefiner 0x71c8f7d2a880 (Used 0 MB), Evaluating 21 Geometry Pairs with Predicate Intersects
[LIBGPUSPATIAL] [ 50744][17:27:13:420291][info  ] RTSpatialIndex 0x71c8f400a800 (Used 0 MB), Allocate result buffer, memory consumption 0 MB, capacity 8
[LIBGPUSPATIAL] [ 50744][17:27:13:420419][info  ] RTSpatialIndex 0x71c8f400a800 (Used 0 MB), Probe Points, Size: 100000, Results: 8
[LIBGPUSPATIAL] [ 50739][17:27:13:421022][info  ] RTSpatialIndex 0x71c8f400a800 (Used 0 MB), Allocate result buffer, memory consumption 0 MB, capacity 15
[LIBGPUSPATIAL] [ 50739][17:27:13:421166][info  ] RTSpatialIndex 0x71c8f400a800 (Used 0 MB), Probe Points, Size: 100000, Results: 15
[LIBGPUSPATIAL] [ 50744][17:27:13:421216][info  ] RTSpatialRefiner 0x71c8f7d2a880 (Used 0 MB), Loaded Geometries, ProbeArray 100000, Loaded 8, Type Point
[LIBGPUSPATIAL] [ 50744][17:27:13:421256][info  ] RTSpatialRefiner 0x71c8f7d2a880 (Used 0 MB), Evaluating 8 Geometry Pairs with Predicate Intersects
[LIBGPUSPATIAL] [ 50739][17:27:13:422494][info  ] RTSpatialRefiner 0x71c8f7d2a880 (Used 0 MB), Loaded Geometries, ProbeArray 100000, Loaded 15, Type Point
[LIBGPUSPATIAL] [ 50739][17:27:13:422551][info  ] RTSpatialRefiner 0x71c8f7d2a880 (Used 0 MB), Evaluating 15 Geometry Pairs with Predicate Intersects
[LIBGPUSPATIAL] [ 50741][17:27:13:427317][info  ] RTSpatialIndex 0x71c8f400a800 (Used 0 MB), Allocate result buffer, memory consumption 0 MB, capacity 15
[LIBGPUSPATIAL] [ 50741][17:27:13:427460][info  ] RTSpatialIndex 0x71c8f400a800 (Used 0 MB), Probe Points, Size: 100000, Results: 15
[LIBGPUSPATIAL] [ 50741][17:27:13:427852][info  ] RTSpatialRefiner 0x71c8f7d2a880 (Used 0 MB), Loaded Geometries, ProbeArray 100000, Loaded 15, Type Point
[LIBGPUSPATIAL] [ 50741][17:27:13:427914][info  ] RTSpatialRefiner 0x71c8f7d2a880 (Used 0 MB), Evaluating 15 Geometry Pairs with Predicate Intersects
[LIBGPUSPATIAL] [ 50742][17:27:13:429108][info  ] RTSpatialIndex 0x71c8f400a800 (Used 1 MB), Allocate result buffer, memory consumption 0 MB, capacity 11
[LIBGPUSPATIAL] [ 50740][17:27:13:430074][info  ] RTSpatialIndex 0x71c8f400a800 (Used 4 MB), Allocate result buffer, memory consumption 0 MB, capacity 13
[LIBGPUSPATIAL] [ 50742][17:27:13:432391][info  ] RTSpatialIndex 0x71c8f400a800 (Used 3 MB), Probe Points, Size: 100000, Results: 11
[LIBGPUSPATIAL] [ 50743][17:27:13:432435][info  ] RTSpatialIndex 0x71c8f400a800 (Used 3 MB), Allocate result buffer, memory consumption 0 MB, capacity 27
[LIBGPUSPATIAL] [ 50745][17:27:13:432508][info  ] RTSpatialIndex 0x71c8f400a800 (Used 3 MB), Allocate result buffer, memory consumption 0 MB, capacity 6
[LIBGPUSPATIAL] [ 50746][17:27:13:433010][info  ] RTSpatialIndex 0x71c8f400a800 (Used 3 MB), Allocate result buffer, memory consumption 0 MB, capacity 13
[LIBGPUSPATIAL] [ 50744][17:27:13:433088][info  ] RTSpatialIndex 0x71c8f400a800 (Used 3 MB), Allocate result buffer, memory consumption 0 MB, capacity 15
[LIBGPUSPATIAL] [ 50742][17:27:13:433267][info  ] RTSpatialRefiner 0x71c8f7d2a880 (Used 3 MB), Loaded Geometries, ProbeArray 100000, Loaded 11, Type Point
[LIBGPUSPATIAL] [ 50742][17:27:13:433353][info  ] RTSpatialRefiner 0x71c8f7d2a880 (Used 3 MB), Evaluating 11 Geometry Pairs with Predicate Intersects
[LIBGPUSPATIAL] [ 50743][17:27:13:433421][info  ] RTSpatialIndex 0x71c8f400a800 (Used 3 MB), Probe Points, Size: 100000, Results: 27
[LIBGPUSPATIAL] [ 50744][17:27:13:433601][info  ] RTSpatialIndex 0x71c8f400a800 (Used 4 MB), Probe Points, Size: 100000, Results: 15
[LIBGPUSPATIAL] [ 50740][17:27:13:433919][info  ] RTSpatialIndex 0x71c8f400a800 (Used 3 MB), Probe Points, Size: 100000, Results: 13
[LIBGPUSPATIAL] [ 50746][17:27:13:434279][info  ] RTSpatialIndex 0x71c8f400a800 (Used 2 MB), Probe Points, Size: 100000, Results: 13
[LIBGPUSPATIAL] [ 50744][17:27:13:434286][info  ] RTSpatialRefiner 0x71c8f7d2a880 (Used 2 MB), Loaded Geometries, ProbeArray 100000, Loaded 15, Type Point
[LIBGPUSPATIAL] [ 50744][17:27:13:434398][info  ] RTSpatialRefiner 0x71c8f7d2a880 (Used 1 MB), Evaluating 15 Geometry Pairs with Predicate Intersects
[LIBGPUSPATIAL] [ 50743][17:27:13:434529][info  ] RTSpatialRefiner 0x71c8f7d2a880 (Used 1 MB), Loaded Geometries, ProbeArray 100000, Loaded 27, Type Point
[LIBGPUSPATIAL] [ 50745][17:27:13:434626][info  ] RTSpatialIndex 0x71c8f400a800 (Used 1 MB), Probe Points, Size: 100000, Results: 6
[LIBGPUSPATIAL] [ 50739][17:27:13:434751][info  ] RTSpatialIndex 0x71c8f400a800 (Used 0 MB), Allocate result buffer, memory consumption 0 MB, capacity 20
[LIBGPUSPATIAL] [ 50743][17:27:13:434778][info  ] RTSpatialRefiner 0x71c8f7d2a880 (Used 0 MB), Evaluating 27 Geometry Pairs with Predicate Intersects
[LIBGPUSPATIAL] [ 50740][17:27:13:435101][info  ] RTSpatialRefiner 0x71c8f7d2a880 (Used 0 MB), Loaded Geometries, ProbeArray 100000, Loaded 13, Type Point
[LIBGPUSPATIAL] [ 50740][17:27:13:435139][info  ] RTSpatialRefiner 0x71c8f7d2a880 (Used 0 MB), Evaluating 13 Geometry Pairs with Predicate Intersects
[LIBGPUSPATIAL] [ 50739][17:27:13:435320][info  ] RTSpatialIndex 0x71c8f400a800 (Used 0 MB), Probe Points, Size: 100000, Results: 20
[LIBGPUSPATIAL] [ 50745][17:27:13:435362][info  ] RTSpatialRefiner 0x71c8f7d2a880 (Used 0 MB), Loaded Geometries, ProbeArray 100000, Loaded 6, Type Point
[LIBGPUSPATIAL] [ 50745][17:27:13:435406][info  ] RTSpatialRefiner 0x71c8f7d2a880 (Used 0 MB), Evaluating 6 Geometry Pairs with Predicate Intersects
[LIBGPUSPATIAL] [ 50746][17:27:13:435615][info  ] RTSpatialRefiner 0x71c8f7d2a880 (Used 0 MB), Loaded Geometries, ProbeArray 100000, Loaded 13, Type Point
[LIBGPUSPATIAL] [ 50746][17:27:13:435746][info  ] RTSpatialRefiner 0x71c8f7d2a880 (Used 0 MB), Evaluating 13 Geometry Pairs with Predicate Intersects
[LIBGPUSPATIAL] [ 50739][17:27:13:436230][info  ] RTSpatialRefiner 0x71c8f7d2a880 (Used 0 MB), Loaded Geometries, ProbeArray 100000, Loaded 20, Type Point
[LIBGPUSPATIAL] [ 50739][17:27:13:436412][info  ] RTSpatialRefiner 0x71c8f7d2a880 (Used 0 MB), Evaluating 20 Geometry Pairs with Predicate Intersects
[LIBGPUSPATIAL] [ 50741][17:27:13:440408][info  ] RTSpatialIndex 0x71c8f400a800 (Used 0 MB), Allocate result buffer, memory consumption 0 MB, capacity 19
[LIBGPUSPATIAL] [ 50741][17:27:13:440532][info  ] RTSpatialIndex 0x71c8f400a800 (Used 0 MB), Probe Points, Size: 100000, Results: 19
[LIBGPUSPATIAL] [ 50741][17:27:13:441337][info  ] RTSpatialRefiner 0x71c8f7d2a880 (Used 0 MB), Loaded Geometries, ProbeArray 100000, Loaded 19, Type Point
[LIBGPUSPATIAL] [ 50741][17:27:13:441377][info  ] RTSpatialRefiner 0x71c8f7d2a880 (Used 0 MB), Evaluating 19 Geometry Pairs with Predicate Intersects
[LIBGPUSPATIAL] [ 50744][17:27:13:449457][info  ] RTSpatialIndex 0x71c8f400a800 (Used 0 MB), Allocate result buffer, memory consumption 0 MB, capacity 12
[LIBGPUSPATIAL] [ 50744][17:27:13:449800][info  ] RTSpatialIndex 0x71c8f400a800 (Used 0 MB), Probe Points, Size: 100000, Results: 12
[LIBGPUSPATIAL] [ 50744][17:27:13:451173][info  ] RTSpatialRefiner 0x71c8f7d2a880 (Used 8 MB), Loaded Geometries, ProbeArray 100000, Loaded 12, Type Point
[LIBGPUSPATIAL] [ 50744][17:27:13:451231][info  ] RTSpatialRefiner 0x71c8f7d2a880 (Used 8 MB), Evaluating 12 Geometry Pairs with Predicate Intersects
[LIBGPUSPATIAL] [ 50746][17:27:13:452137][info  ] RTSpatialIndex 0x71c8f400a800 (Used 4 MB), Allocate result buffer, memory consumption 0 MB, capacity 11
[LIBGPUSPATIAL] [ 50743][17:27:13:452197][info  ] RTSpatialIndex 0x71c8f400a800 (Used 4 MB), Allocate result buffer, memory consumption 0 MB, capacity 17
[LIBGPUSPATIAL] [ 50745][17:27:13:452311][info  ] RTSpatialIndex 0x71c8f400a800 (Used 4 MB), Allocate result buffer, memory consumption 0 MB, capacity 15
[LIBGPUSPATIAL] [ 50743][17:27:13:452470][info  ] RTSpatialIndex 0x71c8f400a800 (Used 4 MB), Probe Points, Size: 100000, Results: 17
[LIBGPUSPATIAL] [ 50742][17:27:13:452538][info  ] RTSpatialIndex 0x71c8f400a800 (Used 3 MB), Allocate result buffer, memory consumption 0 MB, capacity 15
[LIBGPUSPATIAL] [ 50739][17:27:13:452926][info  ] RTSpatialIndex 0x71c8f400a800 (Used 3 MB), Allocate result buffer, memory consumption 0 MB, capacity 13
[LIBGPUSPATIAL] [ 50746][17:27:13:453131][info  ] RTSpatialIndex 0x71c8f400a800 (Used 3 MB), Probe Points, Size: 100000, Results: 11
[LIBGPUSPATIAL] [ 50743][17:27:13:453190][info  ] RTSpatialRefiner 0x71c8f7d2a880 (Used 3 MB), Loaded Geometries, ProbeArray 100000, Loaded 17, Type Point
[LIBGPUSPATIAL] [ 50745][17:27:13:453349][info  ] RTSpatialIndex 0x71c8f400a800 (Used 3 MB), Probe Points, Size: 100000, Results: 15
[LIBGPUSPATIAL] [ 50743][17:27:13:453411][info  ] RTSpatialRefiner 0x71c8f7d2a880 (Used 2 MB), Evaluating 17 Geometry Pairs with Predicate Intersects
[LIBGPUSPATIAL] [ 50740][17:27:13:453496][info  ] RTSpatialIndex 0x71c8f400a800 (Used 2 MB), Allocate result buffer, memory consumption 0 MB, capacity 14
[LIBGPUSPATIAL] [ 50746][17:27:13:454661][info  ] RTSpatialRefiner 0x71c8f7d2a880 (Used 3 MB), Loaded Geometries, ProbeArray 100000, Loaded 11, Type Point
[LIBGPUSPATIAL] [ 50739][17:27:13:454683][info  ] RTSpatialIndex 0x71c8f400a800 (Used 3 MB), Probe Points, Size: 100000, Results: 13
[LIBGPUSPATIAL] [ 50746][17:27:13:454723][info  ] RTSpatialRefiner 0x71c8f7d2a880 (Used 3 MB), Evaluating 11 Geometry Pairs with Predicate Intersects
[LIBGPUSPATIAL] [ 50745][17:27:13:454892][info  ] RTSpatialRefiner 0x71c8f7d2a880 (Used 3 MB), Loaded Geometries, ProbeArray 100000, Loaded 15, Type Point
[LIBGPUSPATIAL] [ 50740][17:27:13:454935][info  ] RTSpatialIndex 0x71c8f400a800 (Used 3 MB), Probe Points, Size: 100000, Results: 14
[LIBGPUSPATIAL] [ 50745][17:27:13:455165][info  ] RTSpatialRefiner 0x71c8f7d2a880 (Used 1 MB), Evaluating 15 Geometry Pairs with Predicate Intersects
[LIBGPUSPATIAL] [ 50742][17:27:13:455196][info  ] RTSpatialIndex 0x71c8f400a800 (Used 1 MB), Probe Points, Size: 100000, Results: 15
[LIBGPUSPATIAL] [ 50741][17:27:13:455381][info  ] RTSpatialIndex 0x71c8f400a800 (Used 0 MB), Allocate result buffer, memory consumption 0 MB, capacity 22
[LIBGPUSPATIAL] [ 50739][17:27:13:455732][info  ] RTSpatialRefiner 0x71c8f7d2a880 (Used 0 MB), Loaded Geometries, ProbeArray 100000, Loaded 13, Type Point
[LIBGPUSPATIAL] [ 50739][17:27:13:455936][info  ] RTSpatialRefiner 0x71c8f7d2a880 (Used 0 MB), Evaluating 13 Geometry Pairs with Predicate Intersects
[LIBGPUSPATIAL] [ 50741][17:27:13:455955][info  ] RTSpatialIndex 0x71c8f400a800 (Used 0 MB), Probe Points, Size: 100000, Results: 22
[LIBGPUSPATIAL] [ 50740][17:27:13:456393][info  ] RTSpatialRefiner 0x71c8f7d2a880 (Used 0 MB), Loaded Geometries, ProbeArray 100000, Loaded 14, Type Point
[LIBGPUSPATIAL] [ 50740][17:27:13:456439][info  ] RTSpatialRefiner 0x71c8f7d2a880 (Used 0 MB), Evaluating 14 Geometry Pairs with Predicate Intersects
[LIBGPUSPATIAL] [ 50741][17:27:13:456482][info  ] RTSpatialRefiner 0x71c8f7d2a880 (Used 0 MB), Loaded Geometries, ProbeArray 100000, Loaded 22, Type Point
[LIBGPUSPATIAL] [ 50741][17:27:13:456552][info  ] RTSpatialRefiner 0x71c8f7d2a880 (Used 0 MB), Evaluating 22 Geometry Pairs with Predicate Intersects
[LIBGPUSPATIAL] [ 50742][17:27:13:456605][info  ] RTSpatialRefiner 0x71c8f7d2a880 (Used 0 MB), Loaded Geometries, ProbeArray 100000, Loaded 15, Type Point
[LIBGPUSPATIAL] [ 50742][17:27:13:456741][info  ] RTSpatialRefiner 0x71c8f7d2a880 (Used 0 MB), Evaluating 15 Geometry Pairs with Predicate Intersects
[LIBGPUSPATIAL] [ 50744][17:27:13:464282][info  ] RTSpatialIndex 0x71c8f400a800 (Used 0 MB), Allocate result buffer, memory consumption 0 MB, capacity 8
[LIBGPUSPATIAL] [ 50744][17:27:13:464479][info  ] RTSpatialIndex 0x71c8f400a800 (Used 0 MB), Probe Points, Size: 100000, Results: 8
[LIBGPUSPATIAL] [ 50743][17:27:13:465955][info  ] RTSpatialIndex 0x71c8f400a800 (Used 0 MB), Allocate result buffer, memory consumption 0 MB, capacity 21
[LIBGPUSPATIAL] [ 50743][17:27:13:466095][info  ] RTSpatialIndex 0x71c8f400a800 (Used 0 MB), Probe Points, Size: 100000, Results: 21
[LIBGPUSPATIAL] [ 50744][17:27:13:466155][info  ] RTSpatialRefiner 0x71c8f7d2a880 (Used 0 MB), Loaded Geometries, ProbeArray 100000, Loaded 8, Type Point
[LIBGPUSPATIAL] [ 50744][17:27:13:466192][info  ] RTSpatialRefiner 0x71c8f7d2a880 (Used 0 MB), Evaluating 8 Geometry Pairs with Predicate Intersects
[LIBGPUSPATIAL] [ 50745][17:27:13:468355][info  ] RTSpatialIndex 0x71c8f400a800 (Used 0 MB), Allocate result buffer, memory consumption 0 MB, capacity 9
[LIBGPUSPATIAL] [ 50743][17:27:13:468970][info  ] RTSpatialRefiner 0x71c8f7d2a880 (Used 0 MB), Loaded Geometries, ProbeArray 100000, Loaded 21, Type Point
[LIBGPUSPATIAL] [ 50745][17:27:13:469117][info  ] RTSpatialIndex 0x71c8f400a800 (Used 0 MB), Probe Points, Size: 100000, Results: 9
[LIBGPUSPATIAL] [ 50743][17:27:13:469182][info  ] RTSpatialRefiner 0x71c8f7d2a880 (Used 0 MB), Evaluating 21 Geometry Pairs with Predicate Intersects
[LIBGPUSPATIAL] [ 50746][17:27:13:469953][info  ] RTSpatialIndex 0x71c8f400a800 (Used 1 MB), Allocate result buffer, memory consumption 0 MB, capacity 17
[LIBGPUSPATIAL] [ 50745][17:27:13:470240][info  ] RTSpatialRefiner 0x71c8f7d2a880 (Used 1 MB), Loaded Geometries, ProbeArray 100000, Loaded 9, Type Point
[LIBGPUSPATIAL] [ 50739][17:27:13:470250][info  ] RTSpatialIndex 0x71c8f400a800 (Used 1 MB), Allocate result buffer, memory consumption 0 MB, capacity 22
[LIBGPUSPATIAL] [ 50745][17:27:13:470300][info  ] RTSpatialRefiner 0x71c8f7d2a880 (Used 1 MB), Evaluating 9 Geometry Pairs with Predicate Intersects
[LIBGPUSPATIAL] [ 50746][17:27:13:470307][info  ] RTSpatialIndex 0x71c8f400a800 (Used 1 MB), Probe Points, Size: 100000, Results: 17
[LIBGPUSPATIAL] [ 50739][17:27:13:471161][info  ] RTSpatialIndex 0x71c8f400a800 (Used 1 MB), Probe Points, Size: 100000, Results: 22
[LIBGPUSPATIAL] [ 50746][17:27:13:471197][info  ] RTSpatialRefiner 0x71c8f7d2a880 (Used 0 MB), Loaded Geometries, ProbeArray 100000, Loaded 17, Type Point
[LIBGPUSPATIAL] [ 50746][17:27:13:471296][info  ] RTSpatialRefiner 0x71c8f7d2a880 (Used 0 MB), Evaluating 17 Geometry Pairs with Predicate Intersects
[LIBGPUSPATIAL] [ 50742][17:27:13:471447][info  ] RTSpatialIndex 0x71c8f400a800 (Used 0 MB), Allocate result buffer, memory consumption 0 MB, capacity 17
[LIBGPUSPATIAL] [ 50742][17:27:13:471922][info  ] RTSpatialIndex 0x71c8f400a800 (Used 0 MB), Probe Points, Size: 100000, Results: 17
[LIBGPUSPATIAL] [ 50739][17:27:13:472103][info  ] RTSpatialRefiner 0x71c8f7d2a880 (Used 1 MB), Loaded Geometries, ProbeArray 100000, Loaded 22, Type Point
[LIBGPUSPATIAL] [ 50739][17:27:13:472318][info  ] RTSpatialRefiner 0x71c8f7d2a880 (Used 1 MB), Evaluating 22 Geometry Pairs with Predicate Intersects
[LIBGPUSPATIAL] [ 50740][17:27:13:472874][info  ] RTSpatialIndex 0x71c8f400a800 (Used 0 MB), Allocate result buffer, memory consumption 0 MB, capacity 14
[LIBGPUSPATIAL] [ 50742][17:27:13:473133][info  ] RTSpatialRefiner 0x71c8f7d2a880 (Used 2 MB), Loaded Geometries, ProbeArray 100000, Loaded 17, Type Point
[LIBGPUSPATIAL] [ 50742][17:27:13:473192][info  ] RTSpatialRefiner 0x71c8f7d2a880 (Used 2 MB), Evaluating 17 Geometry Pairs with Predicate Intersects
[LIBGPUSPATIAL] [ 50740][17:27:13:473552][info  ] RTSpatialIndex 0x71c8f400a800 (Used 1 MB), Probe Points, Size: 100000, Results: 14
[LIBGPUSPATIAL] [ 50740][17:27:13:476222][info  ] RTSpatialRefiner 0x71c8f7d2a880 (Used 0 MB), Loaded Geometries, ProbeArray 100000, Loaded 14, Type Point
[LIBGPUSPATIAL] [ 50740][17:27:13:476271][info  ] RTSpatialRefiner 0x71c8f7d2a880 (Used 0 MB), Evaluating 14 Geometry Pairs with Predicate Intersects
[LIBGPUSPATIAL] [ 50741][17:27:13:476658][info  ] RTSpatialIndex 0x71c8f400a800 (Used 0 MB), Allocate result buffer, memory consumption 0 MB, capacity 16
[LIBGPUSPATIAL] [ 50741][17:27:13:477078][info  ] RTSpatialIndex 0x71c8f400a800 (Used 0 MB), Probe Points, Size: 100000, Results: 16
[LIBGPUSPATIAL] [ 50741][17:27:13:477587][info  ] RTSpatialRefiner 0x71c8f7d2a880 (Used 0 MB), Loaded Geometries, ProbeArray 100000, Loaded 16, Type Point
[LIBGPUSPATIAL] [ 50741][17:27:13:477632][info  ] RTSpatialRefiner 0x71c8f7d2a880 (Used 0 MB), Evaluating 16 Geometry Pairs with Predicate Intersects
[LIBGPUSPATIAL] [ 50744][17:27:13:478966][info  ] RTSpatialIndex 0x71c8f400a800 (Used 0 MB), Allocate result buffer, memory consumption 0 MB, capacity 10
[LIBGPUSPATIAL] [ 50744][17:27:13:479142][info  ] RTSpatialIndex 0x71c8f400a800 (Used 0 MB), Probe Points, Size: 100000, Results: 10
[LIBGPUSPATIAL] [ 50744][17:27:13:480896][info  ] RTSpatialRefiner 0x71c8f7d2a880 (Used 0 MB), Loaded Geometries, ProbeArray 100000, Loaded 10, Type Point
[LIBGPUSPATIAL] [ 50744][17:27:13:481222][info  ] RTSpatialRefiner 0x71c8f7d2a880 (Used 1 MB), Evaluating 10 Geometry Pairs with Predicate Intersects
[LIBGPUSPATIAL] [ 50743][17:27:13:481673][info  ] RTSpatialIndex 0x71c8f400a800 (Used 0 MB), Allocate result buffer, memory consumption 0 MB, capacity 10
[LIBGPUSPATIAL] [ 50743][17:27:13:481795][info  ] RTSpatialIndex 0x71c8f400a800 (Used 0 MB), Probe Points, Size: 100000, Results: 10
[LIBGPUSPATIAL] [ 50743][17:27:13:482137][info  ] RTSpatialRefiner 0x71c8f7d2a880 (Used 0 MB), Loaded Geometries, ProbeArray 100000, Loaded 10, Type Point
[LIBGPUSPATIAL] [ 50743][17:27:13:482179][info  ] RTSpatialRefiner 0x71c8f7d2a880 (Used 0 MB), Evaluating 10 Geometry Pairs with Predicate Intersects
[LIBGPUSPATIAL] [ 50745][17:27:13:484529][info  ] RTSpatialIndex 0x71c8f400a800 (Used 0 MB), Allocate result buffer, memory consumption 0 MB, capacity 14
[LIBGPUSPATIAL] [ 50745][17:27:13:484701][info  ] RTSpatialIndex 0x71c8f400a800 (Used 0 MB), Probe Points, Size: 100000, Results: 14
[LIBGPUSPATIAL] [ 50746][17:27:13:485777][info  ] RTSpatialIndex 0x71c8f400a800 (Used 2 MB), Allocate result buffer, memory consumption 0 MB, capacity 11
[LIBGPUSPATIAL] [ 50746][17:27:13:486215][info  ] RTSpatialIndex 0x71c8f400a800 (Used 1 MB), Probe Points, Size: 100000, Results: 11
[LIBGPUSPATIAL] [ 50739][17:27:13:486272][info  ] RTSpatialIndex 0x71c8f400a800 (Used 0 MB), Allocate result buffer, memory consumption 0 MB, capacity 15
[LIBGPUSPATIAL] [ 50745][17:27:13:486377][info  ] RTSpatialRefiner 0x71c8f7d2a880 (Used 0 MB), Loaded Geometries, ProbeArray 100000, Loaded 14, Type Point
[LIBGPUSPATIAL] [ 50745][17:27:13:486593][info  ] RTSpatialRefiner 0x71c8f7d2a880 (Used 0 MB), Evaluating 14 Geometry Pairs with Predicate Intersects
[LIBGPUSPATIAL] [ 50739][17:27:13:486681][info  ] RTSpatialIndex 0x71c8f400a800 (Used 0 MB), Probe Points, Size: 100000, Results: 15
[LIBGPUSPATIAL] [ 50746][17:27:13:486914][info  ] RTSpatialRefiner 0x71c8f7d2a880 (Used 0 MB), Loaded Geometries, ProbeArray 100000, Loaded 11, Type Point
[LIBGPUSPATIAL] [ 50746][17:27:13:486963][info  ] RTSpatialRefiner 0x71c8f7d2a880 (Used 0 MB), Evaluating 11 Geometry Pairs with Predicate Intersects
[LIBGPUSPATIAL] [ 50739][17:27:13:487115][info  ] RTSpatialRefiner 0x71c8f7d2a880 (Used 0 MB), Loaded Geometries, ProbeArray 100000, Loaded 15, Type Point
[LIBGPUSPATIAL] [ 50739][17:27:13:487163][info  ] RTSpatialRefiner 0x71c8f7d2a880 (Used 0 MB), Evaluating 15 Geometry Pairs with Predicate Intersects
[LIBGPUSPATIAL] [ 50742][17:27:13:490444][info  ] RTSpatialIndex 0x71c8f400a800 (Used 2 MB), Allocate result buffer, memory consumption 0 MB, capacity 16
[LIBGPUSPATIAL] [ 50742][17:27:13:490873][info  ] RTSpatialIndex 0x71c8f400a800 (Used 2 MB), Probe Points, Size: 100000, Results: 16
[LIBGPUSPATIAL] [ 50740][17:27:13:491524][info  ] RTSpatialIndex 0x71c8f400a800 (Used 1 MB), Allocate result buffer, memory consumption 0 MB, capacity 17
[LIBGPUSPATIAL] [ 50741][17:27:13:491588][info  ] RTSpatialIndex 0x71c8f400a800 (Used 1 MB), Allocate result buffer, memory consumption 0 MB, capacity 17
[LIBGPUSPATIAL] [ 50742][17:27:13:491647][info  ] RTSpatialRefiner 0x71c8f7d2a880 (Used 1 MB), Loaded Geometries, ProbeArray 100000, Loaded 16, Type Point
[LIBGPUSPATIAL] [ 50742][17:27:13:491774][info  ] RTSpatialRefiner 0x71c8f7d2a880 (Used 1 MB), Evaluating 16 Geometry Pairs with Predicate Intersects
[LIBGPUSPATIAL] [ 50740][17:27:13:491930][info  ] RTSpatialIndex 0x71c8f400a800 (Used 1 MB), Probe Points, Size: 100000, Results: 17
[LIBGPUSPATIAL] [ 50741][17:27:13:492151][info  ] RTSpatialIndex 0x71c8f400a800 (Used 0 MB), Probe Points, Size: 100000, Results: 17
[LIBGPUSPATIAL] [ 50740][17:27:13:492374][info  ] RTSpatialRefiner 0x71c8f7d2a880 (Used 0 MB), Loaded Geometries, ProbeArray 100000, Loaded 17, Type Point
[LIBGPUSPATIAL] [ 50740][17:27:13:492403][info  ] RTSpatialRefiner 0x71c8f7d2a880 (Used 0 MB), Evaluating 17 Geometry Pairs with Predicate Intersects
[LIBGPUSPATIAL] [ 50741][17:27:13:493896][info  ] RTSpatialRefiner 0x71c8f7d2a880 (Used 0 MB), Loaded Geometries, ProbeArray 100000, Loaded 17, Type Point
[LIBGPUSPATIAL] [ 50741][17:27:13:493942][info  ] RTSpatialRefiner 0x71c8f7d2a880 (Used 0 MB), Evaluating 17 Geometry Pairs with Predicate Intersects
[LIBGPUSPATIAL] [ 50743][17:27:13:495828][info  ] RTSpatialIndex 0x71c8f400a800 (Used 1 MB), Allocate result buffer, memory consumption 0 MB, capacity 14
[LIBGPUSPATIAL] [ 50743][17:27:13:495998][info  ] RTSpatialIndex 0x71c8f400a800 (Used 1 MB), Probe Points, Size: 100000, Results: 14
[LIBGPUSPATIAL] [ 50744][17:27:13:496227][info  ] RTSpatialIndex 0x71c8f400a800 (Used 0 MB), Allocate result buffer, memory consumption 0 MB, capacity 16
[LIBGPUSPATIAL] [ 50744][17:27:13:496491][info  ] RTSpatialIndex 0x71c8f400a800 (Used 0 MB), Probe Points, Size: 100000, Results: 16
[LIBGPUSPATIAL] [ 50743][17:27:13:496745][info  ] RTSpatialRefiner 0x71c8f7d2a880 (Used 0 MB), Loaded Geometries, ProbeArray 100000, Loaded 14, Type Point
[LIBGPUSPATIAL] [ 50743][17:27:13:496824][info  ] RTSpatialRefiner 0x71c8f7d2a880 (Used 0 MB), Evaluating 14 Geometry Pairs with Predicate Intersects
[LIBGPUSPATIAL] [ 50744][17:27:13:497856][info  ] RTSpatialRefiner 0x71c8f7d2a880 (Used 0 MB), Loaded Geometries, ProbeArray 100000, Loaded 16, Type Point
[LIBGPUSPATIAL] [ 50744][17:27:13:497896][info  ] RTSpatialRefiner 0x71c8f7d2a880 (Used 0 MB), Evaluating 16 Geometry Pairs with Predicate Intersects
[LIBGPUSPATIAL] [ 50739][17:27:13:500828][info  ] RTSpatialIndex 0x71c8f400a800 (Used 1 MB), Allocate result buffer, memory consumption 0 MB, capacity 14
[LIBGPUSPATIAL] [ 50745][17:27:13:500883][info  ] RTSpatialIndex 0x71c8f400a800 (Used 1 MB), Allocate result buffer, memory consumption 0 MB, capacity 20
[LIBGPUSPATIAL] [ 50739][17:27:13:501060][info  ] RTSpatialIndex 0x71c8f400a800 (Used 1 MB), Probe Points, Size: 100000, Results: 14
[LIBGPUSPATIAL] [ 50745][17:27:13:501116][info  ] RTSpatialIndex 0x71c8f400a800 (Used 0 MB), Probe Points, Size: 100000, Results: 20
[LIBGPUSPATIAL] [ 50746][17:27:13:501899][info  ] RTSpatialIndex 0x71c8f400a800 (Used 0 MB), Allocate result buffer, memory consumption 0 MB, capacity 17
[LIBGPUSPATIAL] [ 50746][17:27:13:502009][info  ] RTSpatialIndex 0x71c8f400a800 (Used 0 MB), Probe Points, Size: 100000, Results: 17
[LIBGPUSPATIAL] [ 50739][17:27:13:502369][info  ] RTSpatialRefiner 0x71c8f7d2a880 (Used 0 MB), Loaded Geometries, ProbeArray 100000, Loaded 14, Type Point
[LIBGPUSPATIAL] [ 50739][17:27:13:502420][info  ] RTSpatialRefiner 0x71c8f7d2a880 (Used 0 MB), Evaluating 14 Geometry Pairs with Predicate Intersects
[LIBGPUSPATIAL] [ 50745][17:27:13:502514][info  ] RTSpatialRefiner 0x71c8f7d2a880 (Used 0 MB), Loaded Geometries, ProbeArray 100000, Loaded 20, Type Point
[LIBGPUSPATIAL] [ 50745][17:27:13:502598][info  ] RTSpatialRefiner 0x71c8f7d2a880 (Used 0 MB), Evaluating 20 Geometry Pairs with Predicate Intersects
[LIBGPUSPATIAL] [ 50746][17:27:13:502626][info  ] RTSpatialRefiner 0x71c8f7d2a880 (Used 0 MB), Loaded Geometries, ProbeArray 100000, Loaded 17, Type Point
[LIBGPUSPATIAL] [ 50746][17:27:13:502663][info  ] RTSpatialRefiner 0x71c8f7d2a880 (Used 0 MB), Evaluating 17 Geometry Pairs with Predicate Intersects
[LIBGPUSPATIAL] [ 50740][17:27:13:505972][info  ] RTSpatialIndex 0x71c8f400a800 (Used 1 MB), Allocate result buffer, memory consumption 0 MB, capacity 15
[LIBGPUSPATIAL] [ 50742][17:27:13:505993][info  ] RTSpatialIndex 0x71c8f400a800 (Used 1 MB), Allocate result buffer, memory consumption 0 MB, capacity 21
[LIBGPUSPATIAL] [ 50740][17:27:13:506205][info  ] RTSpatialIndex 0x71c8f400a800 (Used 1 MB), Probe Points, Size: 100000, Results: 15
[LIBGPUSPATIAL] [ 50742][17:27:13:506264][info  ] RTSpatialIndex 0x71c8f400a800 (Used 0 MB), Probe Points, Size: 100000, Results: 21
[LIBGPUSPATIAL] [ 50742][17:27:13:506675][info  ] RTSpatialRefiner 0x71c8f7d2a880 (Used 1 MB), Loaded Geometries, ProbeArray 100000, Loaded 21, Type Point
[LIBGPUSPATIAL] [ 50742][17:27:13:506721][info  ] RTSpatialRefiner 0x71c8f7d2a880 (Used 1 MB), Evaluating 21 Geometry Pairs with Predicate Intersects
[LIBGPUSPATIAL] [ 50740][17:27:13:506750][info  ] RTSpatialRefiner 0x71c8f7d2a880 (Used 1 MB), Loaded Geometries, ProbeArray 100000, Loaded 15, Type Point
[LIBGPUSPATIAL] [ 50740][17:27:13:506795][info  ] RTSpatialRefiner 0x71c8f7d2a880 (Used 1 MB), Evaluating 15 Geometry Pairs with Predicate Intersects
[LIBGPUSPATIAL] [ 50741][17:27:13:507252][info  ] RTSpatialIndex 0x71c8f400a800 (Used 0 MB), Allocate result buffer, memory consumption 0 MB, capacity 11
[LIBGPUSPATIAL] [ 50741][17:27:13:507616][info  ] RTSpatialIndex 0x71c8f400a800 (Used 1 MB), Probe Points, Size: 100000, Results: 11
[LIBGPUSPATIAL] [ 50741][17:27:13:508171][info  ] RTSpatialRefiner 0x71c8f7d2a880 (Used 0 MB), Loaded Geometries, ProbeArray 100000, Loaded 11, Type Point
[LIBGPUSPATIAL] [ 50741][17:27:13:508285][info  ] RTSpatialRefiner 0x71c8f7d2a880 (Used 0 MB), Evaluating 11 Geometry Pairs with Predicate Intersects
[LIBGPUSPATIAL] [ 50743][17:27:13:509903][info  ] RTSpatialIndex 0x71c8f400a800 (Used 0 MB), Allocate result buffer, memory consumption 0 MB, capacity 14
[LIBGPUSPATIAL] [ 50743][17:27:13:510028][info  ] RTSpatialIndex 0x71c8f400a800 (Used 0 MB), Probe Points, Size: 100000, Results: 14
[LIBGPUSPATIAL] [ 50743][17:27:13:510571][info  ] RTSpatialRefiner 0x71c8f7d2a880 (Used 0 MB), Loaded Geometries, ProbeArray 100000, Loaded 14, Type Point
[LIBGPUSPATIAL] [ 50743][17:27:13:510615][info  ] RTSpatialRefiner 0x71c8f7d2a880 (Used 0 MB), Evaluating 14 Geometry Pairs with Predicate Intersects
[LIBGPUSPATIAL] [ 50744][17:27:13:511080][info  ] RTSpatialIndex 0x71c8f400a800 (Used 0 MB), Allocate result buffer, memory consumption 0 MB, capacity 17
[LIBGPUSPATIAL] [ 50744][17:27:13:511376][info  ] RTSpatialIndex 0x71c8f400a800 (Used 0 MB), Probe Points, Size: 100000, Results: 17
[LIBGPUSPATIAL] [ 50744][17:27:13:511750][info  ] RTSpatialRefiner 0x71c8f7d2a880 (Used 0 MB), Loaded Geometries, ProbeArray 100000, Loaded 17, Type Point
[LIBGPUSPATIAL] [ 50744][17:27:13:511792][info  ] RTSpatialRefiner 0x71c8f7d2a880 (Used 0 MB), Evaluating 17 Geometry Pairs with Predicate Intersects
[LIBGPUSPATIAL] [ 50739][17:27:13:515537][info  ] RTSpatialIndex 0x71c8f400a800 (Used 0 MB), Allocate result buffer, memory consumption 0 MB, capacity 11
[LIBGPUSPATIAL] [ 50739][17:27:13:516760][info  ] RTSpatialIndex 0x71c8f400a800 (Used 3 MB), Probe Points, Size: 100000, Results: 11
[LIBGPUSPATIAL] [ 50746][17:27:13:517015][info  ] RTSpatialIndex 0x71c8f400a800 (Used 2 MB), Allocate result buffer, memory consumption 0 MB, capacity 14
[LIBGPUSPATIAL] [ 50746][17:27:13:517388][info  ] RTSpatialIndex 0x71c8f400a800 (Used 1 MB), Probe Points, Size: 100000, Results: 14
[LIBGPUSPATIAL] [ 50739][17:27:13:517564][info  ] RTSpatialRefiner 0x71c8f7d2a880 (Used 0 MB), Loaded Geometries, ProbeArray 100000, Loaded 11, Type Point
[LIBGPUSPATIAL] [ 50745][17:27:13:517589][info  ] RTSpatialIndex 0x71c8f400a800 (Used 0 MB), Allocate result buffer, memory consumption 0 MB, capacity 16
[LIBGPUSPATIAL] [ 50739][17:27:13:517609][info  ] RTSpatialRefiner 0x71c8f7d2a880 (Used 0 MB), Evaluating 11 Geometry Pairs with Predicate Intersects
[LIBGPUSPATIAL] [ 50745][17:27:13:517928][info  ] RTSpatialIndex 0x71c8f400a800 (Used 0 MB), Probe Points, Size: 100000, Results: 16
[LIBGPUSPATIAL] [ 50746][17:27:13:517935][info  ] RTSpatialRefiner 0x71c8f7d2a880 (Used 0 MB), Loaded Geometries, ProbeArray 100000, Loaded 14, Type Point
[LIBGPUSPATIAL] [ 50746][17:27:13:518094][info  ] RTSpatialRefiner 0x71c8f7d2a880 (Used 0 MB), Evaluating 14 Geometry Pairs with Predicate Intersects
[LIBGPUSPATIAL] [ 50745][17:27:13:518429][info  ] RTSpatialRefiner 0x71c8f7d2a880 (Used 0 MB), Loaded Geometries, ProbeArray 100000, Loaded 16, Type Point
[LIBGPUSPATIAL] [ 50745][17:27:13:518479][info  ] RTSpatialRefiner 0x71c8f7d2a880 (Used 0 MB), Evaluating 16 Geometry Pairs with Predicate Intersects
[LIBGPUSPATIAL] [ 50742][17:27:13:521819][info  ] RTSpatialIndex 0x71c8f400a800 (Used 3 MB), Allocate result buffer, memory consumption 0 MB, capacity 13
[LIBGPUSPATIAL] [ 50740][17:27:13:521965][info  ] RTSpatialIndex 0x71c8f400a800 (Used 2 MB), Allocate result buffer, memory consumption 0 MB, capacity 11
[LIBGPUSPATIAL] [ 50742][17:27:13:522130][info  ] RTSpatialIndex 0x71c8f400a800 (Used 2 MB), Probe Points, Size: 100000, Results: 13
[LIBGPUSPATIAL] [ 50741][17:27:13:522221][info  ] RTSpatialIndex 0x71c8f400a800 (Used 1 MB), Allocate result buffer, memory consumption 0 MB, capacity 12
[LIBGPUSPATIAL] [ 50740][17:27:13:522535][info  ] RTSpatialIndex 0x71c8f400a800 (Used 1 MB), Probe Points, Size: 100000, Results: 11
[LIBGPUSPATIAL] [ 50741][17:27:13:522667][info  ] RTSpatialIndex 0x71c8f400a800 (Used 0 MB), Probe Points, Size: 100000, Results: 12
[LIBGPUSPATIAL] [ 50743][17:27:13:523844][info  ] RTSpatialIndex 0x71c8f400a800 (Used 1 MB), Allocate result buffer, memory consumption 0 MB, capacity 14
[LIBGPUSPATIAL] [ 50742][17:27:13:524000][info  ] RTSpatialRefiner 0x71c8f7d2a880 (Used 1 MB), Loaded Geometries, ProbeArray 100000, Loaded 13, Type Point
[LIBGPUSPATIAL] [ 50742][17:27:13:524065][info  ] RTSpatialRefiner 0x71c8f7d2a880 (Used 1 MB), Evaluating 13 Geometry Pairs with Predicate Intersects
[LIBGPUSPATIAL] [ 50740][17:27:13:524111][info  ] RTSpatialRefiner 0x71c8f7d2a880 (Used 1 MB), Loaded Geometries, ProbeArray 100000, Loaded 11, Type Point
[LIBGPUSPATIAL] [ 50741][17:27:13:524136][info  ] RTSpatialRefiner 0x71c8f7d2a880 (Used 1 MB), Loaded Geometries, ProbeArray 100000, Loaded 12, Type Point
[LIBGPUSPATIAL] [ 50741][17:27:13:524185][info  ] RTSpatialRefiner 0x71c8f7d2a880 (Used 1 MB), Evaluating 12 Geometry Pairs with Predicate Intersects
[LIBGPUSPATIAL] [ 50740][17:27:13:524215][info  ] RTSpatialRefiner 0x71c8f7d2a880 (Used 1 MB), Evaluating 11 Geometry Pairs with Predicate Intersects
[LIBGPUSPATIAL] [ 50744][17:27:13:524516][info  ] RTSpatialIndex 0x71c8f400a800 (Used 1 MB), Allocate result buffer, memory consumption 0 MB, capacity 24
[LIBGPUSPATIAL] [ 50743][17:27:13:524900][info  ] RTSpatialIndex 0x71c8f400a800 (Used 1 MB), Probe Points, Size: 100000, Results: 14
[LIBGPUSPATIAL] [ 50743][17:27:13:525414][info  ] RTSpatialRefiner 0x71c8f7d2a880 (Used 0 MB), Loaded Geometries, ProbeArray 100000, Loaded 14, Type Point
[LIBGPUSPATIAL] [ 50744][17:27:13:525490][info  ] RTSpatialIndex 0x71c8f400a800 (Used 0 MB), Probe Points, Size: 100000, Results: 24
[LIBGPUSPATIAL] [ 50743][17:27:13:525572][info  ] RTSpatialRefiner 0x71c8f7d2a880 (Used 0 MB), Evaluating 14 Geometry Pairs with Predicate Intersects
[LIBGPUSPATIAL] [ 50744][17:27:13:530302][info  ] RTSpatialRefiner 0x71c8f7d2a880 (Used 0 MB), Loaded Geometries, ProbeArray 100000, Loaded 24, Type Point
[LIBGPUSPATIAL] [ 50744][17:27:13:530362][info  ] RTSpatialRefiner 0x71c8f7d2a880 (Used 0 MB), Evaluating 24 Geometry Pairs with Predicate Intersects
[LIBGPUSPATIAL] [ 50746][17:27:13:530368][info  ] RTSpatialIndex 0x71c8f400a800 (Used 0 MB), Allocate result buffer, memory consumption 0 MB, capacity 11
[LIBGPUSPATIAL] [ 50746][17:27:13:530835][info  ] RTSpatialIndex 0x71c8f400a800 (Used 0 MB), Probe Points, Size: 100000, Results: 11
[LIBGPUSPATIAL] [ 50739][17:27:13:532097][info  ] RTSpatialIndex 0x71c8f400a800 (Used 1 MB), Allocate result buffer, memory consumption 0 MB, capacity 15
[LIBGPUSPATIAL] [ 50746][17:27:13:532339][info  ] RTSpatialRefiner 0x71c8f7d2a880 (Used 1 MB), Loaded Geometries, ProbeArray 100000, Loaded 11, Type Point
[LIBGPUSPATIAL] [ 50739][17:27:13:532377][info  ] RTSpatialIndex 0x71c8f400a800 (Used 1 MB), Probe Points, Size: 100000, Results: 15
[LIBGPUSPATIAL] [ 50746][17:27:13:532382][info  ] RTSpatialRefiner 0x71c8f7d2a880 (Used 1 MB), Evaluating 11 Geometry Pairs with Predicate Intersects
[LIBGPUSPATIAL] [ 50745][17:27:13:532595][info  ] RTSpatialIndex 0x71c8f400a800 (Used 0 MB), Allocate result buffer, memory consumption 0 MB, capacity 9
[LIBGPUSPATIAL] [ 50745][17:27:13:532884][info  ] RTSpatialIndex 0x71c8f400a800 (Used 0 MB), Probe Points, Size: 100000, Results: 9
[LIBGPUSPATIAL] [ 50739][17:27:13:533014][info  ] RTSpatialRefiner 0x71c8f7d2a880 (Used 0 MB), Loaded Geometries, ProbeArray 100000, Loaded 15, Type Point
[LIBGPUSPATIAL] [ 50739][17:27:13:533077][info  ] RTSpatialRefiner 0x71c8f7d2a880 (Used 0 MB), Evaluating 15 Geometry Pairs with Predicate Intersects
[LIBGPUSPATIAL] [ 50745][17:27:13:533623][info  ] RTSpatialRefiner 0x71c8f7d2a880 (Used 0 MB), Loaded Geometries, ProbeArray 100000, Loaded 9, Type Point
[LIBGPUSPATIAL] [ 50743][17:27:13:535440][info  ] RTSpatialIndex 0x71c8f400a800 (Used 0 MB), Allocate result buffer, memory consumption 0 MB, capacity 19
[LIBGPUSPATIAL] [ 50745][17:27:13:535526][info  ] RTSpatialRefiner 0x71c8f7d2a880 (Used 0 MB), Evaluating 9 Geometry Pairs with Predicate Intersects
[LIBGPUSPATIAL] [ 50743][17:27:13:535569][info  ] RTSpatialIndex 0x71c8f400a800 (Used 0 MB), Probe Points, Size: 100000, Results: 19
[LIBGPUSPATIAL] [ 50743][17:27:13:536050][info  ] RTSpatialRefiner 0x71c8f7d2a880 (Used 0 MB), Loaded Geometries, ProbeArray 100000, Loaded 19, Type Point
[LIBGPUSPATIAL] [ 50743][17:27:13:536116][info  ] RTSpatialRefiner 0x71c8f7d2a880 (Used 0 MB), Evaluating 19 Geometry Pairs with Predicate Intersects
[LIBGPUSPATIAL] [ 50742][17:27:13:538148][info  ] RTSpatialIndex 0x71c8f400a800 (Used 0 MB), Allocate result buffer, memory consumption 0 MB, capacity 12
[LIBGPUSPATIAL] [ 50742][17:27:13:538462][info  ] RTSpatialIndex 0x71c8f400a800 (Used 2 MB), Probe Points, Size: 100000, Results: 12
[LIBGPUSPATIAL] [ 50741][17:27:13:539019][info  ] RTSpatialIndex 0x71c8f400a800 (Used 1 MB), Allocate result buffer, memory consumption 0 MB, capacity 18
[LIBGPUSPATIAL] [ 50740][17:27:13:539102][info  ] RTSpatialIndex 0x71c8f400a800 (Used 1 MB), Allocate result buffer, memory consumption 0 MB, capacity 19
[LIBGPUSPATIAL] [ 50742][17:27:13:539329][info  ] RTSpatialRefiner 0x71c8f7d2a880 (Used 1 MB), Loaded Geometries, ProbeArray 100000, Loaded 12, Type Point
[LIBGPUSPATIAL] [ 50741][17:27:13:539379][info  ] RTSpatialIndex 0x71c8f400a800 (Used 1 MB), Probe Points, Size: 100000, Results: 18
[LIBGPUSPATIAL] [ 50742][17:27:13:539383][info  ] RTSpatialRefiner 0x71c8f7d2a880 (Used 1 MB), Evaluating 12 Geometry Pairs with Predicate Intersects
[LIBGPUSPATIAL] [ 50740][17:27:13:539417][info  ] RTSpatialIndex 0x71c8f400a800 (Used 0 MB), Probe Points, Size: 100000, Results: 19
[LIBGPUSPATIAL] [ 50741][17:27:13:540357][info  ] RTSpatialRefiner 0x71c8f7d2a880 (Used 0 MB), Loaded Geometries, ProbeArray 100000, Loaded 18, Type Point
[LIBGPUSPATIAL] [ 50740][17:27:13:540404][info  ] RTSpatialRefiner 0x71c8f7d2a880 (Used 0 MB), Loaded Geometries, ProbeArray 100000, Loaded 19, Type Point
[LIBGPUSPATIAL] [ 50741][17:27:13:540440][info  ] RTSpatialRefiner 0x71c8f7d2a880 (Used 0 MB), Evaluating 18 Geometry Pairs with Predicate Intersects
[LIBGPUSPATIAL] [ 50740][17:27:13:540467][info  ] RTSpatialRefiner 0x71c8f7d2a880 (Used 0 MB), Evaluating 19 Geometry Pairs with Predicate Intersects
[LIBGPUSPATIAL] [ 50743][17:27:13:541025][info  ] RTSpatialIndex 0x71c8f400a800 (Used 0 MB), Allocate result buffer, memory consumption 0 MB, capacity 8
[LIBGPUSPATIAL] [ 50743][17:27:13:541590][info  ] RTSpatialIndex 0x71c8f400a800 (Used 0 MB), Probe Points, Size: 33333, Results: 8
[LIBGPUSPATIAL] [ 50743][17:27:13:542133][info  ] RTSpatialRefiner 0x71c8f7d2a880 (Used 0 MB), Loaded Geometries, ProbeArray 33333, Loaded 8, Type Point
[LIBGPUSPATIAL] [ 50743][17:27:13:542172][info  ] RTSpatialRefiner 0x71c8f7d2a880 (Used 0 MB), Evaluating 8 Geometry Pairs with Predicate Intersects
[LIBGPUSPATIAL] [ 50744][17:27:13:543354][info  ] RTSpatialIndex 0x71c8f400a800 (Used 0 MB), Allocate result buffer, memory consumption 0 MB, capacity 13
[LIBGPUSPATIAL] [ 50744][17:27:13:543512][info  ] RTSpatialIndex 0x71c8f400a800 (Used 0 MB), Probe Points, Size: 100000, Results: 13
[LIBGPUSPATIAL] [ 50744][17:27:13:543916][info  ] RTSpatialRefiner 0x71c8f7d2a880 (Used 0 MB), Loaded Geometries, ProbeArray 100000, Loaded 13, Type Point
[LIBGPUSPATIAL] [ 50744][17:27:13:543983][info  ] RTSpatialRefiner 0x71c8f7d2a880 (Used 0 MB), Evaluating 13 Geometry Pairs with Predicate Intersects
[LIBGPUSPATIAL] [ 50742][17:27:13:544523][info  ] RTSpatialIndex 0x71c8f400a800 (Used 0 MB), Allocate result buffer, memory consumption 0 MB, capacity 5
[LIBGPUSPATIAL] [ 50742][17:27:13:544877][info  ] RTSpatialIndex 0x71c8f400a800 (Used 0 MB), Probe Points, Size: 33333, Results: 5
[LIBGPUSPATIAL] [ 50742][17:27:13:545197][info  ] RTSpatialRefiner 0x71c8f7d2a880 (Used 0 MB), Loaded Geometries, ProbeArray 33333, Loaded 5, Type Point
[LIBGPUSPATIAL] [ 50742][17:27:13:545238][info  ] RTSpatialRefiner 0x71c8f7d2a880 (Used 0 MB), Evaluating 5 Geometry Pairs with Predicate Intersects
[LIBGPUSPATIAL] [ 50741][17:27:13:546656][info  ] RTSpatialIndex 0x71c8f400a800 (Used 1 MB), Allocate result buffer, memory consumption 0 MB, capacity 4
[LIBGPUSPATIAL] [ 50739][17:27:13:546733][info  ] RTSpatialIndex 0x71c8f400a800 (Used 1 MB), Allocate result buffer, memory consumption 0 MB, capacity 8
[LIBGPUSPATIAL] [ 50741][17:27:13:546900][info  ] RTSpatialIndex 0x71c8f400a800 (Used 1 MB), Probe Points, Size: 33333, Results: 4
[LIBGPUSPATIAL] [ 50739][17:27:13:547003][info  ] RTSpatialIndex 0x71c8f400a800 (Used 0 MB), Probe Points, Size: 100000, Results: 8
[LIBGPUSPATIAL] [ 50741][17:27:13:547293][info  ] RTSpatialRefiner 0x71c8f7d2a880 (Used 0 MB), Loaded Geometries, ProbeArray 33333, Loaded 4, Type Point
[LIBGPUSPATIAL] [ 50741][17:27:13:547344][info  ] RTSpatialRefiner 0x71c8f7d2a880 (Used 0 MB), Evaluating 4 Geometry Pairs with Predicate Intersects
[LIBGPUSPATIAL] [ 50739][17:27:13:547463][info  ] RTSpatialRefiner 0x71c8f7d2a880 (Used 0 MB), Loaded Geometries, ProbeArray 100000, Loaded 8, Type Point
[LIBGPUSPATIAL] [ 50739][17:27:13:547499][info  ] RTSpatialRefiner 0x71c8f7d2a880 (Used 0 MB), Evaluating 8 Geometry Pairs with Predicate Intersects
[LIBGPUSPATIAL] [ 50746][17:27:13:548423][info  ] RTSpatialIndex 0x71c8f400a800 (Used 0 MB), Allocate result buffer, memory consumption 0 MB, capacity 17
[LIBGPUSPATIAL] [ 50746][17:27:13:548543][info  ] RTSpatialIndex 0x71c8f400a800 (Used 0 MB), Probe Points, Size: 100000, Results: 17
[LIBGPUSPATIAL] [ 50746][17:27:13:548984][info  ] RTSpatialRefiner 0x71c8f7d2a880 (Used 1 MB), Loaded Geometries, ProbeArray 100000, Loaded 17, Type Point
[LIBGPUSPATIAL] [ 50746][17:27:13:549073][info  ] RTSpatialRefiner 0x71c8f7d2a880 (Used 1 MB), Evaluating 17 Geometry Pairs with Predicate Intersects
[LIBGPUSPATIAL] [ 50745][17:27:13:549412][info  ] RTSpatialIndex 0x71c8f400a800 (Used 0 MB), Allocate result buffer, memory consumption 0 MB, capacity 13
[LIBGPUSPATIAL] [ 50745][17:27:13:549785][info  ] RTSpatialIndex 0x71c8f400a800 (Used 0 MB), Probe Points, Size: 100000, Results: 13
[LIBGPUSPATIAL] [ 50745][17:27:13:550442][info  ] RTSpatialRefiner 0x71c8f7d2a880 (Used 0 MB), Loaded Geometries, ProbeArray 100000, Loaded 13, Type Point
[LIBGPUSPATIAL] [ 50745][17:27:13:550526][info  ] RTSpatialRefiner 0x71c8f7d2a880 (Used 0 MB), Evaluating 13 Geometry Pairs with Predicate Intersects
[LIBGPUSPATIAL] [ 50739][17:27:13:553277][info  ] RTSpatialIndex 0x71c8f400a800 (Used 0 MB), Allocate result buffer, memory consumption 0 MB, capacity 3
[LIBGPUSPATIAL] [ 50739][17:27:13:553523][info  ] RTSpatialIndex 0x71c8f400a800 (Used 0 MB), Probe Points, Size: 33333, Results: 3
[LIBGPUSPATIAL] [ 50739][17:27:13:554136][info  ] RTSpatialRefiner 0x71c8f7d2a880 (Used 0 MB), Loaded Geometries, ProbeArray 33333, Loaded 3, Type Point
[LIBGPUSPATIAL] [ 50739][17:27:13:554186][info  ] RTSpatialRefiner 0x71c8f7d2a880 (Used 0 MB), Evaluating 3 Geometry Pairs with Predicate Intersects
[LIBGPUSPATIAL] [ 50740][17:27:13:555608][info  ] RTSpatialIndex 0x71c8f400a800 (Used 0 MB), Allocate result buffer, memory consumption 0 MB, capacity 16
[LIBGPUSPATIAL] [ 50740][17:27:13:555751][info  ] RTSpatialIndex 0x71c8f400a800 (Used 2 MB), Probe Points, Size: 100000, Results: 16
[LIBGPUSPATIAL] [ 50744][17:27:13:556267][info  ] RTSpatialIndex 0x71c8f400a800 (Used 0 MB), Allocate result buffer, memory consumption 0 MB, capacity 14
[LIBGPUSPATIAL] [ 50744][17:27:13:558249][info  ] RTSpatialIndex 0x71c8f400a800 (Used 0 MB), Probe Points, Size: 100000, Results: 14
[LIBGPUSPATIAL] [ 50740][17:27:13:558249][info  ] RTSpatialRefiner 0x71c8f7d2a880 (Used 0 MB), Loaded Geometries, ProbeArray 100000, Loaded 16, Type Point
[LIBGPUSPATIAL] [ 50740][17:27:13:558349][info  ] RTSpatialRefiner 0x71c8f7d2a880 (Used 0 MB), Evaluating 16 Geometry Pairs with Predicate Intersects
[LIBGPUSPATIAL] [ 50744][17:27:13:559989][info  ] RTSpatialRefiner 0x71c8f7d2a880 (Used 0 MB), Loaded Geometries, ProbeArray 100000, Loaded 14, Type Point
[LIBGPUSPATIAL] [ 50744][17:27:13:560058][info  ] RTSpatialRefiner 0x71c8f7d2a880 (Used 0 MB), Evaluating 14 Geometry Pairs with Predicate Intersects
[LIBGPUSPATIAL] [ 50746][17:27:13:562246][info  ] RTSpatialIndex 0x71c8f400a800 (Used 0 MB), Allocate result buffer, memory consumption 0 MB, capacity 9
[LIBGPUSPATIAL] [ 50746][17:27:13:562382][info  ] RTSpatialIndex 0x71c8f400a800 (Used 0 MB), Probe Points, Size: 100000, Results: 9
[LIBGPUSPATIAL] [ 50746][17:27:13:563220][info  ] RTSpatialRefiner 0x71c8f7d2a880 (Used 0 MB), Loaded Geometries, ProbeArray 100000, Loaded 9, Type Point
[LIBGPUSPATIAL] [ 50746][17:27:13:563263][info  ] RTSpatialRefiner 0x71c8f7d2a880 (Used 0 MB), Evaluating 9 Geometry Pairs with Predicate Intersects
[LIBGPUSPATIAL] [ 50745][17:27:13:564854][info  ] RTSpatialIndex 0x71c8f400a800 (Used 0 MB), Allocate result buffer, memory consumption 0 MB, capacity 21
[LIBGPUSPATIAL] [ 50745][17:27:13:565049][info  ] RTSpatialIndex 0x71c8f400a800 (Used 0 MB), Probe Points, Size: 100000, Results: 21
[LIBGPUSPATIAL] [ 50744][17:27:13:565404][info  ] RTSpatialIndex 0x71c8f400a800 (Used 0 MB), Allocate result buffer, memory consumption 0 MB, capacity 1
[LIBGPUSPATIAL] [ 50744][17:27:13:565518][info  ] RTSpatialIndex 0x71c8f400a800 (Used 0 MB), Probe Points, Size: 33333, Results: 1
[LIBGPUSPATIAL] [ 50745][17:27:13:565834][info  ] RTSpatialRefiner 0x71c8f7d2a880 (Used 2 MB), Loaded Geometries, ProbeArray 100000, Loaded 21, Type Point
[LIBGPUSPATIAL] [ 50745][17:27:13:565944][info  ] RTSpatialRefiner 0x71c8f7d2a880 (Used 0 MB), Evaluating 21 Geometry Pairs with Predicate Intersects
[LIBGPUSPATIAL] [ 50744][17:27:13:565990][info  ] RTSpatialRefiner 0x71c8f7d2a880 (Used 0 MB), Loaded Geometries, ProbeArray 33333, Loaded 1, Type Point
[LIBGPUSPATIAL] [ 50741][17:27:13:566028][info  ] RTSpatialIndex 0x71c8f400a800 (Used 0 MB), Allocate result buffer, memory consumption 0 MB, capacity 13
[LIBGPUSPATIAL] [ 50744][17:27:13:566048][info  ] RTSpatialRefiner 0x71c8f7d2a880 (Used 0 MB), Evaluating 1 Geometry Pairs with Predicate Intersects
[LIBGPUSPATIAL] [ 50741][17:27:13:566378][info  ] RTSpatialIndex 0x71c8f400a800 (Used 0 MB), Probe Points, Size: 100000, Results: 13
[LIBGPUSPATIAL] [ 50741][17:27:13:566778][info  ] RTSpatialRefiner 0x71c8f7d2a880 (Used 0 MB), Loaded Geometries, ProbeArray 100000, Loaded 13, Type Point
[LIBGPUSPATIAL] [ 50741][17:27:13:566828][info  ] RTSpatialRefiner 0x71c8f7d2a880 (Used 0 MB), Evaluating 13 Geometry Pairs with Predicate Intersects
[LIBGPUSPATIAL] [ 50739][17:27:13:568372][info  ] RTSpatialIndex 0x71c8f400a800 (Used 0 MB), Allocate result buffer, memory consumption 0 MB, capacity 21
[LIBGPUSPATIAL] [ 50739][17:27:13:568492][info  ] RTSpatialIndex 0x71c8f400a800 (Used 1 MB), Probe Points, Size: 100000, Results: 21
[LIBGPUSPATIAL] [ 50746][17:27:13:568940][info  ] RTSpatialIndex 0x71c8f400a800 (Used 0 MB), Allocate result buffer, memory consumption 0 MB, capacity 4
[LIBGPUSPATIAL] [ 50746][17:27:13:569070][info  ] RTSpatialIndex 0x71c8f400a800 (Used 0 MB), Probe Points, Size: 33333, Results: 4
[LIBGPUSPATIAL] [ 50739][17:27:13:570205][info  ] RTSpatialRefiner 0x71c8f7d2a880 (Used 0 MB), Loaded Geometries, ProbeArray 100000, Loaded 21, Type Point
[LIBGPUSPATIAL] [ 50739][17:27:13:570253][info  ] RTSpatialRefiner 0x71c8f7d2a880 (Used 0 MB), Evaluating 21 Geometry Pairs with Predicate Intersects
[LIBGPUSPATIAL] [ 50746][17:27:13:570620][info  ] RTSpatialRefiner 0x71c8f7d2a880 (Used 0 MB), Loaded Geometries, ProbeArray 33333, Loaded 4, Type Point
[LIBGPUSPATIAL] [ 50746][17:27:13:570699][info  ] RTSpatialRefiner 0x71c8f7d2a880 (Used 0 MB), Evaluating 4 Geometry Pairs with Predicate Intersects
[LIBGPUSPATIAL] [ 50740][17:27:13:570881][info  ] RTSpatialIndex 0x71c8f400a800 (Used 1 MB), Allocate result buffer, memory consumption 0 MB, capacity 16
[LIBGPUSPATIAL] [ 50740][17:27:13:571321][info  ] RTSpatialIndex 0x71c8f400a800 (Used 1 MB), Probe Points, Size: 100000, Results: 16
[LIBGPUSPATIAL] [ 50745][17:27:13:571437][info  ] RTSpatialIndex 0x71c8f400a800 (Used 0 MB), Allocate result buffer, memory consumption 0 MB, capacity 4
[LIBGPUSPATIAL] [ 50745][17:27:13:571828][info  ] RTSpatialIndex 0x71c8f400a800 (Used 0 MB), Probe Points, Size: 33333, Results: 4
[LIBGPUSPATIAL] [ 50740][17:27:13:572027][info  ] RTSpatialRefiner 0x71c8f7d2a880 (Used 0 MB), Loaded Geometries, ProbeArray 100000, Loaded 16, Type Point
[LIBGPUSPATIAL] [ 50740][17:27:13:572098][info  ] RTSpatialRefiner 0x71c8f7d2a880 (Used 0 MB), Evaluating 16 Geometry Pairs with Predicate Intersects
[LIBGPUSPATIAL] [ 50745][17:27:13:573367][info  ] RTSpatialRefiner 0x71c8f7d2a880 (Used 1 MB), Loaded Geometries, ProbeArray 33333, Loaded 4, Type Point
[LIBGPUSPATIAL] [ 50745][17:27:13:573441][info  ] RTSpatialRefiner 0x71c8f7d2a880 (Used 1 MB), Evaluating 4 Geometry Pairs with Predicate Intersects
[LIBGPUSPATIAL] [ 50742][17:27:13:573705][info  ] RTSpatialIndex 0x71c8f400a800 (Used 0 MB), Allocate result buffer, memory consumption 0 MB, capacity 12
[LIBGPUSPATIAL] [ 50742][17:27:13:573997][info  ] RTSpatialIndex 0x71c8f400a800 (Used 0 MB), Probe Points, Size: 100000, Results: 12
[LIBGPUSPATIAL] [ 50742][17:27:13:574395][info  ] RTSpatialRefiner 0x71c8f7d2a880 (Used 0 MB), Loaded Geometries, ProbeArray 100000, Loaded 12, Type Point
[LIBGPUSPATIAL] [ 50742][17:27:13:574439][info  ] RTSpatialRefiner 0x71c8f7d2a880 (Used 0 MB), Evaluating 12 Geometry Pairs with Predicate Intersects
[LIBGPUSPATIAL] [ 50740][17:27:13:576576][info  ] RTSpatialIndex 0x71c8f400a800 (Used 0 MB), Allocate result buffer, memory consumption 0 MB, capacity 4
[LIBGPUSPATIAL] [ 50740][17:27:13:576751][info  ] RTSpatialIndex 0x71c8f400a800 (Used 0 MB), Probe Points, Size: 33333, Results: 4
[LIBGPUSPATIAL] [ 50740][17:27:13:577357][info  ] RTSpatialRefiner 0x71c8f7d2a880 (Used 0 MB), Loaded Geometries, ProbeArray 33333, Loaded 4, Type Point
[LIBGPUSPATIAL] [ 50740][17:27:13:577429][info  ] RTSpatialRefiner 0x71c8f7d2a880 (Used 0 MB), Evaluating 4 Geometry Pairs with Predicate Intersects
[LIBGPUSPATIAL] [ 50741][17:27:13:578179][info  ] RTSpatialIndex 0x71c8f400a800 (Used 0 MB), Allocate result buffer, memory consumption 0 MB, capacity 9
[LIBGPUSPATIAL] [ 50741][17:27:13:578411][info  ] RTSpatialIndex 0x71c8f400a800 (Used 0 MB), Probe Points, Size: 100000, Results: 9
[LIBGPUSPATIAL] [ 50741][17:27:13:578830][info  ] RTSpatialRefiner 0x71c8f7d2a880 (Used 0 MB), Loaded Geometries, ProbeArray 100000, Loaded 9, Type Point
[LIBGPUSPATIAL] [ 50741][17:27:13:578881][info  ] RTSpatialRefiner 0x71c8f7d2a880 (Used 0 MB), Evaluating 9 Geometry Pairs with Predicate Intersects
[LIBGPUSPATIAL] [ 50739][17:27:13:582697][info  ] RTSpatialIndex 0x71c8f400a800 (Used 0 MB), Allocate result buffer, memory consumption 0 MB, capacity 13
[LIBGPUSPATIAL] [ 50739][17:27:13:582842][info  ] RTSpatialIndex 0x71c8f400a800 (Used 0 MB), Probe Points, Size: 100000, Results: 13
[LIBGPUSPATIAL] [ 50742][17:27:13:585551][info  ] RTSpatialIndex 0x71c8f400a800 (Used 0 MB), Allocate result buffer, memory consumption 0 MB, capacity 13
[LIBGPUSPATIAL] [ 50742][17:27:13:585673][info  ] RTSpatialIndex 0x71c8f400a800 (Used 0 MB), Probe Points, Size: 100000, Results: 13
[LIBGPUSPATIAL] [ 50739][17:27:13:585793][info  ] RTSpatialRefiner 0x71c8f7d2a880 (Used 0 MB), Loaded Geometries, ProbeArray 100000, Loaded 13, Type Point
[LIBGPUSPATIAL] [ 50739][17:27:13:585878][info  ] RTSpatialRefiner 0x71c8f7d2a880 (Used 0 MB), Evaluating 13 Geometry Pairs with Predicate Intersects
[LIBGPUSPATIAL] [ 50742][17:27:13:586077][info  ] RTSpatialRefiner 0x71c8f7d2a880 (Used 0 MB), Loaded Geometries, ProbeArray 100000, Loaded 13, Type Point
[LIBGPUSPATIAL] [ 50742][17:27:13:586123][info  ] RTSpatialRefiner 0x71c8f7d2a880 (Used 0 MB), Evaluating 13 Geometry Pairs with Predicate Intersects
[LIBGPUSPATIAL] [ 50741][17:27:13:588380][info  ] RTSpatialIndex 0x71c8f400a800 (Used 0 MB), Allocate result buffer, memory consumption 0 MB, capacity 16
[LIBGPUSPATIAL] [ 50741][17:27:13:588512][info  ] RTSpatialIndex 0x71c8f400a800 (Used 0 MB), Probe Points, Size: 100000, Results: 16
[LIBGPUSPATIAL] [ 50741][17:27:13:588855][info  ] RTSpatialRefiner 0x71c8f7d2a880 (Used 0 MB), Loaded Geometries, ProbeArray 100000, Loaded 16, Type Point
[LIBGPUSPATIAL] [ 50741][17:27:13:588898][info  ] RTSpatialRefiner 0x71c8f7d2a880 (Used 0 MB), Evaluating 16 Geometry Pairs with Predicate Intersects
[LIBGPUSPATIAL] [ 50740][17:27:13:590283][info  ] RTSpatialIndex 0x71c8f400a800 (Used 1 MB), Allocate result buffer, memory consumption 0 MB, capacity 17
[LIBGPUSPATIAL] [ 50745][17:27:13:590352][info  ] RTSpatialIndex 0x71c8f400a800 (Used 1 MB), Allocate result buffer, memory consumption 0 MB, capacity 20
[LIBGPUSPATIAL] [ 50740][17:27:13:590449][info  ] RTSpatialIndex 0x71c8f400a800 (Used 1 MB), Probe Points, Size: 100000, Results: 17
[LIBGPUSPATIAL] [ 50745][17:27:13:590555][info  ] RTSpatialIndex 0x71c8f400a800 (Used 0 MB), Probe Points, Size: 100000, Results: 20
[LIBGPUSPATIAL] [ 50740][17:27:13:590826][info  ] RTSpatialRefiner 0x71c8f7d2a880 (Used 0 MB), Loaded Geometries, ProbeArray 100000, Loaded 17, Type Point
[LIBGPUSPATIAL] [ 50745][17:27:13:590871][info  ] RTSpatialRefiner 0x71c8f7d2a880 (Used 0 MB), Loaded Geometries, ProbeArray 100000, Loaded 20, Type Point
[LIBGPUSPATIAL] [ 50740][17:27:13:590874][info  ] RTSpatialRefiner 0x71c8f7d2a880 (Used 0 MB), Evaluating 17 Geometry Pairs with Predicate Intersects
[LIBGPUSPATIAL] [ 50745][17:27:13:590908][info  ] RTSpatialRefiner 0x71c8f7d2a880 (Used 0 MB), Evaluating 20 Geometry Pairs with Predicate Intersects
[LIBGPUSPATIAL] [ 50742][17:27:13:595518][info  ] RTSpatialIndex 0x71c8f400a800 (Used 0 MB), Allocate result buffer, memory consumption 0 MB, capacity 11
[LIBGPUSPATIAL] [ 50742][17:27:13:595631][info  ] RTSpatialIndex 0x71c8f400a800 (Used 0 MB), Probe Points, Size: 100000, Results: 11
[LIBGPUSPATIAL] [ 50742][17:27:13:596068][info  ] RTSpatialRefiner 0x71c8f7d2a880 (Used 0 MB), Loaded Geometries, ProbeArray 100000, Loaded 11, Type Point
[LIBGPUSPATIAL] [ 50742][17:27:13:596115][info  ] RTSpatialRefiner 0x71c8f7d2a880 (Used 0 MB), Evaluating 11 Geometry Pairs with Predicate Intersects
[LIBGPUSPATIAL] [ 50741][17:27:13:598407][info  ] RTSpatialIndex 0x71c8f400a800 (Used 0 MB), Allocate result buffer, memory consumption 0 MB, capacity 11
[LIBGPUSPATIAL] [ 50741][17:27:13:598548][info  ] RTSpatialIndex 0x71c8f400a800 (Used 0 MB), Probe Points, Size: 100000, Results: 11
[LIBGPUSPATIAL] [ 50741][17:27:13:599001][info  ] RTSpatialRefiner 0x71c8f7d2a880 (Used 1 MB), Loaded Geometries, ProbeArray 100000, Loaded 11, Type Point
[LIBGPUSPATIAL] [ 50741][17:27:13:599061][info  ] RTSpatialRefiner 0x71c8f7d2a880 (Used 0 MB), Evaluating 11 Geometry Pairs with Predicate Intersects
[LIBGPUSPATIAL] [ 50739][17:27:13:599129][info  ] RTSpatialIndex 0x71c8f400a800 (Used 0 MB), Allocate result buffer, memory consumption 0 MB, capacity 11
[LIBGPUSPATIAL] [ 50739][17:27:13:599427][info  ] RTSpatialIndex 0x71c8f400a800 (Used 0 MB), Probe Points, Size: 100000, Results: 11
[LIBGPUSPATIAL] [ 50739][17:27:13:599876][info  ] RTSpatialRefiner 0x71c8f7d2a880 (Used 0 MB), Loaded Geometries, ProbeArray 100000, Loaded 11, Type Point
[LIBGPUSPATIAL] [ 50739][17:27:13:599967][info  ] RTSpatialRefiner 0x71c8f7d2a880 (Used 0 MB), Evaluating 11 Geometry Pairs with Predicate Intersects
[LIBGPUSPATIAL] [ 50740][17:27:13:600160][info  ] RTSpatialIndex 0x71c8f400a800 (Used 0 MB), Allocate result buffer, memory consumption 0 MB, capacity 19
[LIBGPUSPATIAL] [ 50740][17:27:13:600475][info  ] RTSpatialIndex 0x71c8f400a800 (Used 0 MB), Probe Points, Size: 100000, Results: 19
[LIBGPUSPATIAL] [ 50740][17:27:13:601154][info  ] RTSpatialRefiner 0x71c8f7d2a880 (Used 0 MB), Loaded Geometries, ProbeArray 100000, Loaded 19, Type Point
[LIBGPUSPATIAL] [ 50740][17:27:13:601202][info  ] RTSpatialRefiner 0x71c8f7d2a880 (Used 0 MB), Evaluating 19 Geometry Pairs with Predicate Intersects
[LIBGPUSPATIAL] [ 50745][17:27:13:603887][info  ] RTSpatialIndex 0x71c8f400a800 (Used 0 MB), Allocate result buffer, memory consumption 0 MB, capacity 12
[LIBGPUSPATIAL] [ 50745][17:27:13:604016][info  ] RTSpatialIndex 0x71c8f400a800 (Used 0 MB), Probe Points, Size: 100000, Results: 12
[LIBGPUSPATIAL] [ 50745][17:27:13:604430][info  ] RTSpatialRefiner 0x71c8f7d2a880 (Used 0 MB), Loaded Geometries, ProbeArray 100000, Loaded 12, Type Point
[LIBGPUSPATIAL] [ 50745][17:27:13:604472][info  ] RTSpatialRefiner 0x71c8f7d2a880 (Used 0 MB), Evaluating 12 Geometry Pairs with Predicate Intersects
[LIBGPUSPATIAL] [ 50742][17:27:13:605548][info  ] RTSpatialIndex 0x71c8f400a800 (Used 0 MB), Allocate result buffer, memory consumption 0 MB, capacity 17
[LIBGPUSPATIAL] [ 50742][17:27:13:605689][info  ] RTSpatialIndex 0x71c8f400a800 (Used 0 MB), Probe Points, Size: 100000, Results: 17
[LIBGPUSPATIAL] [ 50742][17:27:13:605999][info  ] RTSpatialRefiner 0x71c8f7d2a880 (Used 0 MB), Loaded Geometries, ProbeArray 100000, Loaded 17, Type Point
[LIBGPUSPATIAL] [ 50742][17:27:13:606064][info  ] RTSpatialRefiner 0x71c8f7d2a880 (Used 0 MB), Evaluating 17 Geometry Pairs with Predicate Intersects
[LIBGPUSPATIAL] [ 50741][17:27:13:608515][info  ] RTSpatialIndex 0x71c8f400a800 (Used 0 MB), Allocate result buffer, memory consumption 0 MB, capacity 12
[LIBGPUSPATIAL] [ 50741][17:27:13:608648][info  ] RTSpatialIndex 0x71c8f400a800 (Used 0 MB), Probe Points, Size: 100000, Results: 12
[LIBGPUSPATIAL] [ 50741][17:27:13:608986][info  ] RTSpatialRefiner 0x71c8f7d2a880 (Used 0 MB), Loaded Geometries, ProbeArray 100000, Loaded 12, Type Point
[LIBGPUSPATIAL] [ 50741][17:27:13:609028][info  ] RTSpatialRefiner 0x71c8f7d2a880 (Used 0 MB), Evaluating 12 Geometry Pairs with Predicate Intersects
[LIBGPUSPATIAL] [ 50740][17:27:13:610258][info  ] RTSpatialIndex 0x71c8f400a800 (Used 0 MB), Allocate result buffer, memory consumption 0 MB, capacity 15
[LIBGPUSPATIAL] [ 50740][17:27:13:610362][info  ] RTSpatialIndex 0x71c8f400a800 (Used 0 MB), Probe Points, Size: 100000, Results: 15
[LIBGPUSPATIAL] [ 50740][17:27:13:610793][info  ] RTSpatialRefiner 0x71c8f7d2a880 (Used 0 MB), Loaded Geometries, ProbeArray 100000, Loaded 15, Type Point
[LIBGPUSPATIAL] [ 50740][17:27:13:610830][info  ] RTSpatialRefiner 0x71c8f7d2a880 (Used 0 MB), Evaluating 15 Geometry Pairs with Predicate Intersects
[LIBGPUSPATIAL] [ 50739][17:27:13:612614][info  ] RTSpatialIndex 0x71c8f400a800 (Used 0 MB), Allocate result buffer, memory consumption 0 MB, capacity 11
[LIBGPUSPATIAL] [ 50739][17:27:13:612735][info  ] RTSpatialIndex 0x71c8f400a800 (Used 0 MB), Probe Points, Size: 100000, Results: 11
[LIBGPUSPATIAL] [ 50739][17:27:13:613090][info  ] RTSpatialRefiner 0x71c8f7d2a880 (Used 0 MB), Loaded Geometries, ProbeArray 100000, Loaded 11, Type Point
[LIBGPUSPATIAL] [ 50739][17:27:13:613133][info  ] RTSpatialRefiner 0x71c8f7d2a880 (Used 0 MB), Evaluating 11 Geometry Pairs with Predicate Intersects
[LIBGPUSPATIAL] [ 50742][17:27:13:615131][info  ] RTSpatialIndex 0x71c8f400a800 (Used 0 MB), Allocate result buffer, memory consumption 0 MB, capacity 13
[LIBGPUSPATIAL] [ 50742][17:27:13:615256][info  ] RTSpatialIndex 0x71c8f400a800 (Used 0 MB), Probe Points, Size: 100000, Results: 13
[LIBGPUSPATIAL] [ 50742][17:27:13:615582][info  ] RTSpatialRefiner 0x71c8f7d2a880 (Used 0 MB), Loaded Geometries, ProbeArray 100000, Loaded 13, Type Point
[LIBGPUSPATIAL] [ 50742][17:27:13:615618][info  ] RTSpatialRefiner 0x71c8f7d2a880 (Used 0 MB), Evaluating 13 Geometry Pairs with Predicate Intersects
[LIBGPUSPATIAL] [ 50745][17:27:13:617538][info  ] RTSpatialIndex 0x71c8f400a800 (Used 0 MB), Allocate result buffer, memory consumption 0 MB, capacity 15
[LIBGPUSPATIAL] [ 50745][17:27:13:617658][info  ] RTSpatialIndex 0x71c8f400a800 (Used 0 MB), Probe Points, Size: 100000, Results: 15
[LIBGPUSPATIAL] [ 50745][17:27:13:618100][info  ] RTSpatialRefiner 0x71c8f7d2a880 (Used 1 MB), Loaded Geometries, ProbeArray 100000, Loaded 15, Type Point
[LIBGPUSPATIAL] [ 50745][17:27:13:618144][info  ] RTSpatialRefiner 0x71c8f7d2a880 (Used 0 MB), Evaluating 15 Geometry Pairs with Predicate Intersects
[LIBGPUSPATIAL] [ 50741][17:27:13:618210][info  ] RTSpatialIndex 0x71c8f400a800 (Used 0 MB), Allocate result buffer, memory consumption 0 MB, capacity 10
[LIBGPUSPATIAL] [ 50741][17:27:13:618439][info  ] RTSpatialIndex 0x71c8f400a800 (Used 0 MB), Probe Points, Size: 100000, Results: 10
[LIBGPUSPATIAL] [ 50741][17:27:13:618809][info  ] RTSpatialRefiner 0x71c8f7d2a880 (Used 0 MB), Loaded Geometries, ProbeArray 100000, Loaded 10, Type Point
[LIBGPUSPATIAL] [ 50741][17:27:13:618851][info  ] RTSpatialRefiner 0x71c8f7d2a880 (Used 0 MB), Evaluating 10 Geometry Pairs with Predicate Intersects
[LIBGPUSPATIAL] [ 50740][17:27:13:620065][info  ] RTSpatialIndex 0x71c8f400a800 (Used 0 MB), Allocate result buffer, memory consumption 0 MB, capacity 17
[LIBGPUSPATIAL] [ 50740][17:27:13:620186][info  ] RTSpatialIndex 0x71c8f400a800 (Used 0 MB), Probe Points, Size: 100000, Results: 17
[LIBGPUSPATIAL] [ 50740][17:27:13:620551][info  ] RTSpatialRefiner 0x71c8f7d2a880 (Used 0 MB), Loaded Geometries, ProbeArray 100000, Loaded 17, Type Point
[LIBGPUSPATIAL] [ 50740][17:27:13:620599][info  ] RTSpatialRefiner 0x71c8f7d2a880 (Used 0 MB), Evaluating 17 Geometry Pairs with Predicate Intersects
[LIBGPUSPATIAL] [ 50739][17:27:13:625746][info  ] RTSpatialIndex 0x71c8f400a800 (Used 0 MB), Allocate result buffer, memory consumption 0 MB, capacity 16
[LIBGPUSPATIAL] [ 50739][17:27:13:625882][info  ] RTSpatialIndex 0x71c8f400a800 (Used 0 MB), Probe Points, Size: 100000, Results: 16
[LIBGPUSPATIAL] [ 50739][17:27:13:626317][info  ] RTSpatialRefiner 0x71c8f7d2a880 (Used 1 MB), Loaded Geometries, ProbeArray 100000, Loaded 16, Type Point
[LIBGPUSPATIAL] [ 50739][17:27:13:626359][info  ] RTSpatialRefiner 0x71c8f7d2a880 (Used 0 MB), Evaluating 16 Geometry Pairs with Predicate Intersects
[LIBGPUSPATIAL] [ 50742][17:27:13:626506][info  ] RTSpatialIndex 0x71c8f400a800 (Used 0 MB), Allocate result buffer, memory consumption 0 MB, capacity 11
[LIBGPUSPATIAL] [ 50742][17:27:13:626700][info  ] RTSpatialIndex 0x71c8f400a800 (Used 0 MB), Probe Points, Size: 100000, Results: 11
[LIBGPUSPATIAL] [ 50742][17:27:13:626987][info  ] RTSpatialRefiner 0x71c8f7d2a880 (Used 0 MB), Loaded Geometries, ProbeArray 100000, Loaded 11, Type Point
[LIBGPUSPATIAL] [ 50742][17:27:13:627027][info  ] RTSpatialRefiner 0x71c8f7d2a880 (Used 0 MB), Evaluating 11 Geometry Pairs with Predicate Intersects
[LIBGPUSPATIAL] [ 50741][17:27:13:627721][info  ] RTSpatialIndex 0x71c8f400a800 (Used 0 MB), Allocate result buffer, memory consumption 0 MB, capacity 12
[LIBGPUSPATIAL] [ 50741][17:27:13:627849][info  ] RTSpatialIndex 0x71c8f400a800 (Used 0 MB), Probe Points, Size: 100000, Results: 12
[LIBGPUSPATIAL] [ 50741][17:27:13:628226][info  ] RTSpatialRefiner 0x71c8f7d2a880 (Used 0 MB), Loaded Geometries, ProbeArray 100000, Loaded 12, Type Point
[LIBGPUSPATIAL] [ 50741][17:27:13:628276][info  ] RTSpatialRefiner 0x71c8f7d2a880 (Used 0 MB), Evaluating 12 Geometry Pairs with Predicate Intersects
[LIBGPUSPATIAL] [ 50745][17:27:13:630977][info  ] RTSpatialIndex 0x71c8f400a800 (Used 0 MB), Allocate result buffer, memory consumption 0 MB, capacity 11
[LIBGPUSPATIAL] [ 50745][17:27:13:631121][info  ] RTSpatialIndex 0x71c8f400a800 (Used 0 MB), Probe Points, Size: 100000, Results: 11
[LIBGPUSPATIAL] [ 50745][17:27:13:631527][info  ] RTSpatialRefiner 0x71c8f7d2a880 (Used 0 MB), Loaded Geometries, ProbeArray 100000, Loaded 11, Type Point
[LIBGPUSPATIAL] [ 50745][17:27:13:631568][info  ] RTSpatialRefiner 0x71c8f7d2a880 (Used 0 MB), Evaluating 11 Geometry Pairs with Predicate Intersects
[LIBGPUSPATIAL] [ 50740][17:27:13:633225][info  ] RTSpatialIndex 0x71c8f400a800 (Used 0 MB), Allocate result buffer, memory consumption 0 MB, capacity 14
[LIBGPUSPATIAL] [ 50740][17:27:13:633343][info  ] RTSpatialIndex 0x71c8f400a800 (Used 0 MB), Probe Points, Size: 100000, Results: 14
[LIBGPUSPATIAL] [ 50740][17:27:13:633673][info  ] RTSpatialRefiner 0x71c8f7d2a880 (Used 0 MB), Loaded Geometries, ProbeArray 100000, Loaded 14, Type Point
[LIBGPUSPATIAL] [ 50740][17:27:13:633714][info  ] RTSpatialRefiner 0x71c8f7d2a880 (Used 0 MB), Evaluating 14 Geometry Pairs with Predicate Intersects
[LIBGPUSPATIAL] [ 50741][17:27:13:637251][info  ] RTSpatialIndex 0x71c8f400a800 (Used 0 MB), Allocate result buffer, memory consumption 0 MB, capacity 10
[LIBGPUSPATIAL] [ 50741][17:27:13:637384][info  ] RTSpatialIndex 0x71c8f400a800 (Used 0 MB), Probe Points, Size: 100000, Results: 10
[LIBGPUSPATIAL] [ 50742][17:27:13:637882][info  ] RTSpatialIndex 0x71c8f400a800 (Used 0 MB), Allocate result buffer, memory consumption 0 MB, capacity 22
[LIBGPUSPATIAL] [ 50741][17:27:13:637917][info  ] RTSpatialRefiner 0x71c8f7d2a880 (Used 0 MB), Loaded Geometries, ProbeArray 100000, Loaded 10, Type Point
[LIBGPUSPATIAL] [ 50741][17:27:13:637961][info  ] RTSpatialRefiner 0x71c8f7d2a880 (Used 0 MB), Evaluating 10 Geometry Pairs with Predicate Intersects
[LIBGPUSPATIAL] [ 50742][17:27:13:638012][info  ] RTSpatialIndex 0x71c8f400a800 (Used 0 MB), Probe Points, Size: 100000, Results: 22
[LIBGPUSPATIAL] [ 50742][17:27:13:638467][info  ] RTSpatialRefiner 0x71c8f7d2a880 (Used 0 MB), Loaded Geometries, ProbeArray 100000, Loaded 22, Type Point
[LIBGPUSPATIAL] [ 50742][17:27:13:638512][info  ] RTSpatialRefiner 0x71c8f7d2a880 (Used 0 MB), Evaluating 22 Geometry Pairs with Predicate Intersects
[LIBGPUSPATIAL] [ 50739][17:27:13:639322][info  ] RTSpatialIndex 0x71c8f400a800 (Used 0 MB), Allocate result buffer, memory consumption 0 MB, capacity 13
[LIBGPUSPATIAL] [ 50739][17:27:13:639684][info  ] RTSpatialIndex 0x71c8f400a800 (Used 0 MB), Probe Points, Size: 100000, Results: 13
[LIBGPUSPATIAL] [ 50739][17:27:13:640056][info  ] RTSpatialRefiner 0x71c8f7d2a880 (Used 0 MB), Loaded Geometries, ProbeArray 100000, Loaded 13, Type Point
[LIBGPUSPATIAL] [ 50739][17:27:13:640099][info  ] RTSpatialRefiner 0x71c8f7d2a880 (Used 0 MB), Evaluating 13 Geometry Pairs with Predicate Intersects
[LIBGPUSPATIAL] [ 50740][17:27:13:643055][info  ] RTSpatialIndex 0x71c8f400a800 (Used 0 MB), Allocate result buffer, memory consumption 0 MB, capacity 18
[LIBGPUSPATIAL] [ 50740][17:27:13:643177][info  ] RTSpatialIndex 0x71c8f400a800 (Used 0 MB), Probe Points, Size: 100000, Results: 18
[LIBGPUSPATIAL] [ 50740][17:27:13:643568][info  ] RTSpatialRefiner 0x71c8f7d2a880 (Used 0 MB), Loaded Geometries, ProbeArray 100000, Loaded 18, Type Point
[LIBGPUSPATIAL] [ 50740][17:27:13:643612][info  ] RTSpatialRefiner 0x71c8f7d2a880 (Used 0 MB), Evaluating 18 Geometry Pairs with Predicate Intersects
[LIBGPUSPATIAL] [ 50745][17:27:13:644284][info  ] RTSpatialIndex 0x71c8f400a800 (Used 0 MB), Allocate result buffer, memory consumption 0 MB, capacity 13
[LIBGPUSPATIAL] [ 50745][17:27:13:644399][info  ] RTSpatialIndex 0x71c8f400a800 (Used 0 MB), Probe Points, Size: 100000, Results: 13
[LIBGPUSPATIAL] [ 50745][17:27:13:644757][info  ] RTSpatialRefiner 0x71c8f7d2a880 (Used 0 MB), Loaded Geometries, ProbeArray 100000, Loaded 13, Type Point
[LIBGPUSPATIAL] [ 50745][17:27:13:644797][info  ] RTSpatialRefiner 0x71c8f7d2a880 (Used 0 MB), Evaluating 13 Geometry Pairs with Predicate Intersects
[LIBGPUSPATIAL] [ 50741][17:27:13:651094][info  ] RTSpatialIndex 0x71c8f400a800 (Used 0 MB), Allocate result buffer, memory consumption 0 MB, capacity 18
[LIBGPUSPATIAL] [ 50741][17:27:13:651235][info  ] RTSpatialIndex 0x71c8f400a800 (Used 0 MB), Probe Points, Size: 100000, Results: 18
[LIBGPUSPATIAL] [ 50741][17:27:13:651685][info  ] RTSpatialRefiner 0x71c8f7d2a880 (Used 0 MB), Loaded Geometries, ProbeArray 100000, Loaded 18, Type Point
[LIBGPUSPATIAL] [ 50741][17:27:13:651741][info  ] RTSpatialRefiner 0x71c8f7d2a880 (Used 0 MB), Evaluating 18 Geometry Pairs with Predicate Intersects
[LIBGPUSPATIAL] [ 50742][17:27:13:651790][info  ] RTSpatialIndex 0x71c8f400a800 (Used 0 MB), Allocate result buffer, memory consumption 0 MB, capacity 22
[LIBGPUSPATIAL] [ 50742][17:27:13:652137][info  ] RTSpatialIndex 0x71c8f400a800 (Used 0 MB), Probe Points, Size: 100000, Results: 22
[LIBGPUSPATIAL] [ 50739][17:27:13:652621][info  ] RTSpatialIndex 0x71c8f400a800 (Used 2 MB), Allocate result buffer, memory consumption 0 MB, capacity 14
[LIBGPUSPATIAL] [ 50742][17:27:13:653219][info  ] RTSpatialRefiner 0x71c8f7d2a880 (Used 1 MB), Loaded Geometries, ProbeArray 100000, Loaded 22, Type Point
[LIBGPUSPATIAL] [ 50739][17:27:13:653296][info  ] RTSpatialIndex 0x71c8f400a800 (Used 1 MB), Probe Points, Size: 100000, Results: 14
[LIBGPUSPATIAL] [ 50742][17:27:13:653336][info  ] RTSpatialRefiner 0x71c8f7d2a880 (Used 0 MB), Evaluating 22 Geometry Pairs with Predicate Intersects
[LIBGPUSPATIAL] [ 50740][17:27:13:653462][info  ] RTSpatialIndex 0x71c8f400a800 (Used 0 MB), Allocate result buffer, memory consumption 0 MB, capacity 17
[LIBGPUSPATIAL] [ 50740][17:27:13:653697][info  ] RTSpatialIndex 0x71c8f400a800 (Used 0 MB), Probe Points, Size: 100000, Results: 17
[LIBGPUSPATIAL] [ 50739][17:27:13:654015][info  ] RTSpatialRefiner 0x71c8f7d2a880 (Used 0 MB), Loaded Geometries, ProbeArray 100000, Loaded 14, Type Point
[LIBGPUSPATIAL] [ 50739][17:27:13:654082][info  ] RTSpatialRefiner 0x71c8f7d2a880 (Used 0 MB), Evaluating 14 Geometry Pairs with Predicate Intersects
[LIBGPUSPATIAL] [ 50740][17:27:13:654170][info  ] RTSpatialRefiner 0x71c8f7d2a880 (Used 0 MB), Loaded Geometries, ProbeArray 100000, Loaded 17, Type Point
[LIBGPUSPATIAL] [ 50740][17:27:13:654220][info  ] RTSpatialRefiner 0x71c8f7d2a880 (Used 0 MB), Evaluating 17 Geometry Pairs with Predicate Intersects
[LIBGPUSPATIAL] [ 50745][17:27:13:657512][info  ] RTSpatialIndex 0x71c8f400a800 (Used 0 MB), Allocate result buffer, memory consumption 0 MB, capacity 14
[LIBGPUSPATIAL] [ 50745][17:27:13:657636][info  ] RTSpatialIndex 0x71c8f400a800 (Used 0 MB), Probe Points, Size: 100000, Results: 14
[LIBGPUSPATIAL] [ 50745][17:27:13:657947][info  ] RTSpatialRefiner 0x71c8f7d2a880 (Used 0 MB), Loaded Geometries, ProbeArray 100000, Loaded 14, Type Point
[LIBGPUSPATIAL] [ 50745][17:27:13:657988][info  ] RTSpatialRefiner 0x71c8f7d2a880 (Used 0 MB), Evaluating 14 Geometry Pairs with Predicate Intersects
[LIBGPUSPATIAL] [ 50742][17:27:13:663145][info  ] RTSpatialIndex 0x71c8f400a800 (Used 0 MB), Allocate result buffer, memory consumption 0 MB, capacity 19
[LIBGPUSPATIAL] [ 50742][17:27:13:663292][info  ] RTSpatialIndex 0x71c8f400a800 (Used 0 MB), Probe Points, Size: 100000, Results: 19
[LIBGPUSPATIAL] [ 50742][17:27:13:663746][info  ] RTSpatialRefiner 0x71c8f7d2a880 (Used 0 MB), Loaded Geometries, ProbeArray 100000, Loaded 19, Type Point
[LIBGPUSPATIAL] [ 50742][17:27:13:663797][info  ] RTSpatialRefiner 0x71c8f7d2a880 (Used 0 MB), Evaluating 19 Geometry Pairs with Predicate Intersects
[LIBGPUSPATIAL] [ 50741][17:27:13:665519][info  ] RTSpatialIndex 0x71c8f400a800 (Used 0 MB), Allocate result buffer, memory consumption 0 MB, capacity 8
[LIBGPUSPATIAL] [ 50741][17:27:13:665637][info  ] RTSpatialIndex 0x71c8f400a800 (Used 0 MB), Probe Points, Size: 100000, Results: 8
[LIBGPUSPATIAL] [ 50741][17:27:13:665944][info  ] RTSpatialRefiner 0x71c8f7d2a880 (Used 0 MB), Loaded Geometries, ProbeArray 100000, Loaded 8, Type Point
[LIBGPUSPATIAL] [ 50741][17:27:13:665984][info  ] RTSpatialRefiner 0x71c8f7d2a880 (Used 0 MB), Evaluating 8 Geometry Pairs with Predicate Intersects
[LIBGPUSPATIAL] [ 50739][17:27:13:667462][info  ] RTSpatialIndex 0x71c8f400a800 (Used 1 MB), Allocate result buffer, memory consumption 0 MB, capacity 18
[LIBGPUSPATIAL] [ 50740][17:27:13:667512][info  ] RTSpatialIndex 0x71c8f400a800 (Used 1 MB), Allocate result buffer, memory consumption 0 MB, capacity 17
[LIBGPUSPATIAL] [ 50739][17:27:13:667661][info  ] RTSpatialIndex 0x71c8f400a800 (Used 1 MB), Probe Points, Size: 100000, Results: 18
[LIBGPUSPATIAL] [ 50740][17:27:13:667765][info  ] RTSpatialIndex 0x71c8f400a800 (Used 0 MB), Probe Points, Size: 100000, Results: 17
[LIBGPUSPATIAL] [ 50739][17:27:13:668226][info  ] RTSpatialRefiner 0x71c8f7d2a880 (Used 0 MB), Loaded Geometries, ProbeArray 100000, Loaded 18, Type Point
[LIBGPUSPATIAL] [ 50740][17:27:13:668230][info  ] RTSpatialRefiner 0x71c8f7d2a880 (Used 0 MB), Loaded Geometries, ProbeArray 100000, Loaded 17, Type Point
[LIBGPUSPATIAL] [ 50739][17:27:13:668279][info  ] RTSpatialRefiner 0x71c8f7d2a880 (Used 0 MB), Evaluating 18 Geometry Pairs with Predicate Intersects
[LIBGPUSPATIAL] [ 50740][17:27:13:668285][info  ] RTSpatialRefiner 0x71c8f7d2a880 (Used 0 MB), Evaluating 17 Geometry Pairs with Predicate Intersects
[LIBGPUSPATIAL] [ 50745][17:27:13:670603][info  ] RTSpatialIndex 0x71c8f400a800 (Used 0 MB), Allocate result buffer, memory consumption 0 MB, capacity 13
[LIBGPUSPATIAL] [ 50745][17:27:13:670721][info  ] RTSpatialIndex 0x71c8f400a800 (Used 0 MB), Probe Points, Size: 100000, Results: 13
[LIBGPUSPATIAL] [ 50745][17:27:13:671055][info  ] RTSpatialRefiner 0x71c8f7d2a880 (Used 0 MB), Loaded Geometries, ProbeArray 100000, Loaded 13, Type Point
[LIBGPUSPATIAL] [ 50745][17:27:13:671099][info  ] RTSpatialRefiner 0x71c8f7d2a880 (Used 0 MB), Evaluating 13 Geometry Pairs with Predicate Intersects
[LIBGPUSPATIAL] [ 50742][17:27:13:673390][info  ] RTSpatialIndex 0x71c8f400a800 (Used 0 MB), Allocate result buffer, memory consumption 0 MB, capacity 13
[LIBGPUSPATIAL] [ 50742][17:27:13:673516][info  ] RTSpatialIndex 0x71c8f400a800 (Used 0 MB), Probe Points, Size: 100000, Results: 13
[LIBGPUSPATIAL] [ 50742][17:27:13:673836][info  ] RTSpatialRefiner 0x71c8f7d2a880 (Used 0 MB), Loaded Geometries, ProbeArray 100000, Loaded 13, Type Point
[LIBGPUSPATIAL] [ 50742][17:27:13:673875][info  ] RTSpatialRefiner 0x71c8f7d2a880 (Used 0 MB), Evaluating 13 Geometry Pairs with Predicate Intersects
[LIBGPUSPATIAL] [ 50741][17:27:13:678709][info  ] RTSpatialIndex 0x71c8f400a800 (Used 0 MB), Allocate result buffer, memory consumption 0 MB, capacity 14
[LIBGPUSPATIAL] [ 50741][17:27:13:678837][info  ] RTSpatialIndex 0x71c8f400a800 (Used 0 MB), Probe Points, Size: 100000, Results: 14
[LIBGPUSPATIAL] [ 50741][17:27:13:679190][info  ] RTSpatialRefiner 0x71c8f7d2a880 (Used 0 MB), Loaded Geometries, ProbeArray 100000, Loaded 14, Type Point
[LIBGPUSPATIAL] [ 50741][17:27:13:679233][info  ] RTSpatialRefiner 0x71c8f7d2a880 (Used 0 MB), Evaluating 14 Geometry Pairs with Predicate Intersects
[LIBGPUSPATIAL] [ 50739][17:27:13:681661][info  ] RTSpatialIndex 0x71c8f400a800 (Used 1 MB), Allocate result buffer, memory consumption 0 MB, capacity 20
[LIBGPUSPATIAL] [ 50740][17:27:13:681694][info  ] RTSpatialIndex 0x71c8f400a800 (Used 1 MB), Allocate result buffer, memory consumption 0 MB, capacity 13
[LIBGPUSPATIAL] [ 50739][17:27:13:681902][info  ] RTSpatialIndex 0x71c8f400a800 (Used 1 MB), Probe Points, Size: 100000, Results: 20
[LIBGPUSPATIAL] [ 50740][17:27:13:681959][info  ] RTSpatialIndex 0x71c8f400a800 (Used 0 MB), Probe Points, Size: 100000, Results: 13
[LIBGPUSPATIAL] [ 50739][17:27:13:682330][info  ] RTSpatialRefiner 0x71c8f7d2a880 (Used 1 MB), Loaded Geometries, ProbeArray 100000, Loaded 20, Type Point
[LIBGPUSPATIAL] [ 50740][17:27:13:682334][info  ] RTSpatialRefiner 0x71c8f7d2a880 (Used 1 MB), Loaded Geometries, ProbeArray 100000, Loaded 13, Type Point
[LIBGPUSPATIAL] [ 50739][17:27:13:682382][info  ] RTSpatialRefiner 0x71c8f7d2a880 (Used 1 MB), Evaluating 20 Geometry Pairs with Predicate Intersects
[LIBGPUSPATIAL] [ 50740][17:27:13:682388][info  ] RTSpatialRefiner 0x71c8f7d2a880 (Used 1 MB), Evaluating 13 Geometry Pairs with Predicate Intersects
[LIBGPUSPATIAL] [ 50742][17:27:13:682749][info  ] RTSpatialIndex 0x71c8f400a800 (Used 0 MB), Allocate result buffer, memory consumption 0 MB, capacity 14
[LIBGPUSPATIAL] [ 50742][17:27:13:683057][info  ] RTSpatialIndex 0x71c8f400a800 (Used 0 MB), Probe Points, Size: 100000, Results: 14
[LIBGPUSPATIAL] [ 50742][17:27:13:683424][info  ] RTSpatialRefiner 0x71c8f7d2a880 (Used 0 MB), Loaded Geometries, ProbeArray 100000, Loaded 14, Type Point
[LIBGPUSPATIAL] [ 50742][17:27:13:683472][info  ] RTSpatialRefiner 0x71c8f7d2a880 (Used 1 MB), Evaluating 14 Geometry Pairs with Predicate Intersects
[LIBGPUSPATIAL] [ 50745][17:27:13:683946][info  ] RTSpatialIndex 0x71c8f400a800 (Used 0 MB), Allocate result buffer, memory consumption 0 MB, capacity 17
[LIBGPUSPATIAL] [ 50745][17:27:13:684165][info  ] RTSpatialIndex 0x71c8f400a800 (Used 0 MB), Probe Points, Size: 100000, Results: 17
[LIBGPUSPATIAL] [ 50745][17:27:13:684509][info  ] RTSpatialRefiner 0x71c8f7d2a880 (Used 0 MB), Loaded Geometries, ProbeArray 100000, Loaded 17, Type Point
[LIBGPUSPATIAL] [ 50745][17:27:13:684548][info  ] RTSpatialRefiner 0x71c8f7d2a880 (Used 0 MB), Evaluating 17 Geometry Pairs with Predicate Intersects
[LIBGPUSPATIAL] [ 50741][17:27:13:692100][info  ] RTSpatialIndex 0x71c8f400a800 (Used 0 MB), Allocate result buffer, memory consumption 0 MB, capacity 13
[LIBGPUSPATIAL] [ 50741][17:27:13:692239][info  ] RTSpatialIndex 0x71c8f400a800 (Used 0 MB), Probe Points, Size: 100000, Results: 13
[LIBGPUSPATIAL] [ 50741][17:27:13:692722][info  ] RTSpatialRefiner 0x71c8f7d2a880 (Used 0 MB), Loaded Geometries, ProbeArray 100000, Loaded 13, Type Point
[LIBGPUSPATIAL] [ 50742][17:27:13:692728][info  ] RTSpatialIndex 0x71c8f400a800 (Used 0 MB), Allocate result buffer, memory consumption 0 MB, capacity 18
[LIBGPUSPATIAL] [ 50741][17:27:13:692769][info  ] RTSpatialRefiner 0x71c8f7d2a880 (Used 0 MB), Evaluating 13 Geometry Pairs with Predicate Intersects
[LIBGPUSPATIAL] [ 50742][17:27:13:692949][info  ] RTSpatialIndex 0x71c8f400a800 (Used 0 MB), Probe Points, Size: 100000, Results: 18
[LIBGPUSPATIAL] [ 50742][17:27:13:693262][info  ] RTSpatialRefiner 0x71c8f7d2a880 (Used 0 MB), Loaded Geometries, ProbeArray 100000, Loaded 18, Type Point
[LIBGPUSPATIAL] [ 50742][17:27:13:693313][info  ] RTSpatialRefiner 0x71c8f7d2a880 (Used 0 MB), Evaluating 18 Geometry Pairs with Predicate Intersects
[LIBGPUSPATIAL] [ 50740][17:27:13:696116][info  ] RTSpatialIndex 0x71c8f400a800 (Used 1 MB), Allocate result buffer, memory consumption 0 MB, capacity 12
[LIBGPUSPATIAL] [ 50739][17:27:13:696140][info  ] RTSpatialIndex 0x71c8f400a800 (Used 1 MB), Allocate result buffer, memory consumption 0 MB, capacity 12
[LIBGPUSPATIAL] [ 50740][17:27:13:696360][info  ] RTSpatialIndex 0x71c8f400a800 (Used 1 MB), Probe Points, Size: 100000, Results: 12
[LIBGPUSPATIAL] [ 50739][17:27:13:696414][info  ] RTSpatialIndex 0x71c8f400a800 (Used 0 MB), Probe Points, Size: 100000, Results: 12
[LIBGPUSPATIAL] [ 50739][17:27:13:696765][info  ] RTSpatialRefiner 0x71c8f7d2a880 (Used 0 MB), Loaded Geometries, ProbeArray 100000, Loaded 12, Type Point
[LIBGPUSPATIAL] [ 50740][17:27:13:696769][info  ] RTSpatialRefiner 0x71c8f7d2a880 (Used 0 MB), Loaded Geometries, ProbeArray 100000, Loaded 12, Type Point
[LIBGPUSPATIAL] [ 50739][17:27:13:696816][info  ] RTSpatialRefiner 0x71c8f7d2a880 (Used 0 MB), Evaluating 12 Geometry Pairs with Predicate Intersects
[LIBGPUSPATIAL] [ 50740][17:27:13:696835][info  ] RTSpatialRefiner 0x71c8f7d2a880 (Used 0 MB), Evaluating 12 Geometry Pairs with Predicate Intersects
[LIBGPUSPATIAL] [ 50745][17:27:13:697383][info  ] RTSpatialIndex 0x71c8f400a800 (Used 1 MB), Allocate result buffer, memory consumption 0 MB, capacity 13
[LIBGPUSPATIAL] [ 50745][17:27:13:697761][info  ] RTSpatialIndex 0x71c8f400a800 (Used 0 MB), Probe Points, Size: 100000, Results: 13
[LIBGPUSPATIAL] [ 50745][17:27:13:698170][info  ] RTSpatialRefiner 0x71c8f7d2a880 (Used 0 MB), Loaded Geometries, ProbeArray 100000, Loaded 13, Type Point
[LIBGPUSPATIAL] [ 50745][17:27:13:698211][info  ] RTSpatialRefiner 0x71c8f7d2a880 (Used 0 MB), Evaluating 13 Geometry Pairs with Predicate Intersects
[LIBGPUSPATIAL] [ 50742][17:27:13:702575][info  ] RTSpatialIndex 0x71c8f400a800 (Used 0 MB), Allocate result buffer, memory consumption 0 MB, capacity 17
[LIBGPUSPATIAL] [ 50742][17:27:13:702708][info  ] RTSpatialIndex 0x71c8f400a800 (Used 0 MB), Probe Points, Size: 100000, Results: 17
[LIBGPUSPATIAL] [ 50742][17:27:13:703078][info  ] RTSpatialRefiner 0x71c8f7d2a880 (Used 0 MB), Loaded Geometries, ProbeArray 100000, Loaded 17, Type Point
[LIBGPUSPATIAL] [ 50742][17:27:13:703128][info  ] RTSpatialRefiner 0x71c8f7d2a880 (Used 0 MB), Evaluating 17 Geometry Pairs with Predicate Intersects
[LIBGPUSPATIAL] [ 50741][17:27:13:705660][info  ] RTSpatialIndex 0x71c8f400a800 (Used 0 MB), Allocate result buffer, memory consumption 0 MB, capacity 21
[LIBGPUSPATIAL] [ 50741][17:27:13:705782][info  ] RTSpatialIndex 0x71c8f400a800 (Used 0 MB), Probe Points, Size: 100000, Results: 21
[LIBGPUSPATIAL] [ 50741][17:27:13:706121][info  ] RTSpatialRefiner 0x71c8f7d2a880 (Used 0 MB), Loaded Geometries, ProbeArray 100000, Loaded 21, Type Point
[LIBGPUSPATIAL] [ 50741][17:27:13:706163][info  ] RTSpatialRefiner 0x71c8f7d2a880 (Used 0 MB), Evaluating 21 Geometry Pairs with Predicate Intersects
[LIBGPUSPATIAL] [ 50742][17:27:13:706802][info  ] RTSpatialIndex 0x71c8f400a800 (Used 0 MB), Allocate result buffer, memory consumption 0 MB, capacity 3
[LIBGPUSPATIAL] [ 50742][17:27:13:706941][info  ] RTSpatialIndex 0x71c8f400a800 (Used 0 MB), Probe Points, Size: 33333, Results: 3
[LIBGPUSPATIAL] [ 50742][17:27:13:707225][info  ] RTSpatialRefiner 0x71c8f7d2a880 (Used 0 MB), Loaded Geometries, ProbeArray 33333, Loaded 3, Type Point
[LIBGPUSPATIAL] [ 50742][17:27:13:707272][info  ] RTSpatialRefiner 0x71c8f7d2a880 (Used 0 MB), Evaluating 3 Geometry Pairs with Predicate Intersects
[LIBGPUSPATIAL] [ 50739][17:27:13:710650][info  ] RTSpatialIndex 0x71c8f400a800 (Used 3 MB), Allocate result buffer, memory consumption 0 MB, capacity 14
[LIBGPUSPATIAL] [ 50740][17:27:13:710857][info  ] RTSpatialIndex 0x71c8f400a800 (Used 3 MB), Allocate result buffer, memory consumption 0 MB, capacity 14
[LIBGPUSPATIAL] [ 50739][17:27:13:711303][info  ] RTSpatialIndex 0x71c8f400a800 (Used 2 MB), Probe Points, Size: 100000, Results: 14
[LIBGPUSPATIAL] [ 50745][17:27:13:711363][info  ] RTSpatialIndex 0x71c8f400a800 (Used 1 MB), Allocate result buffer, memory consumption 0 MB, capacity 17
[LIBGPUSPATIAL] [ 50740][17:27:13:711692][info  ] RTSpatialIndex 0x71c8f400a800 (Used 1 MB), Probe Points, Size: 100000, Results: 14
[LIBGPUSPATIAL] [ 50741][17:27:13:711736][info  ] RTSpatialIndex 0x71c8f400a800 (Used 1 MB), Allocate result buffer, memory consumption 0 MB, capacity 6
[LIBGPUSPATIAL] [ 50745][17:27:13:711865][info  ] RTSpatialIndex 0x71c8f400a800 (Used 1 MB), Probe Points, Size: 100000, Results: 17
[LIBGPUSPATIAL] [ 50739][17:27:13:712166][info  ] RTSpatialRefiner 0x71c8f7d2a880 (Used 0 MB), Loaded Geometries, ProbeArray 100000, Loaded 14, Type Point
[LIBGPUSPATIAL] [ 50739][17:27:13:712223][info  ] RTSpatialRefiner 0x71c8f7d2a880 (Used 0 MB), Evaluating 14 Geometry Pairs with Predicate Intersects
[LIBGPUSPATIAL] [ 50741][17:27:13:712283][info  ] RTSpatialIndex 0x71c8f400a800 (Used 0 MB), Probe Points, Size: 33333, Results: 6
[LIBGPUSPATIAL] [ 50745][17:27:13:712528][info  ] RTSpatialRefiner 0x71c8f7d2a880 (Used 0 MB), Loaded Geometries, ProbeArray 100000, Loaded 17, Type Point
[LIBGPUSPATIAL] [ 50745][17:27:13:712573][info  ] RTSpatialRefiner 0x71c8f7d2a880 (Used 0 MB), Evaluating 17 Geometry Pairs with Predicate Intersects
[LIBGPUSPATIAL] [ 50740][17:27:13:712745][info  ] RTSpatialRefiner 0x71c8f7d2a880 (Used 0 MB), Loaded Geometries, ProbeArray 100000, Loaded 14, Type Point
[LIBGPUSPATIAL] [ 50740][17:27:13:712799][info  ] RTSpatialRefiner 0x71c8f7d2a880 (Used 0 MB), Evaluating 14 Geometry Pairs with Predicate Intersects
[LIBGPUSPATIAL] [ 50741][17:27:13:712844][info  ] RTSpatialRefiner 0x71c8f7d2a880 (Used 0 MB), Loaded Geometries, ProbeArray 33333, Loaded 6, Type Point
[LIBGPUSPATIAL] [ 50741][17:27:13:712894][info  ] RTSpatialRefiner 0x71c8f7d2a880 (Used 0 MB), Evaluating 6 Geometry Pairs with Predicate Intersects
[LIBGPUSPATIAL] [ 50740][17:27:13:721883][info  ] RTSpatialIndex 0x71c8f400a800 (Used 0 MB), Allocate result buffer, memory consumption 0 MB, capacity 17
[LIBGPUSPATIAL] [ 50740][17:27:13:722008][info  ] RTSpatialIndex 0x71c8f400a800 (Used 0 MB), Probe Points, Size: 100000, Results: 17
[LIBGPUSPATIAL] [ 50740][17:27:13:722370][info  ] RTSpatialRefiner 0x71c8f7d2a880 (Used 0 MB), Loaded Geometries, ProbeArray 100000, Loaded 17, Type Point
[LIBGPUSPATIAL] [ 50740][17:27:13:722409][info  ] RTSpatialRefiner 0x71c8f7d2a880 (Used 0 MB), Evaluating 17 Geometry Pairs with Predicate Intersects
[LIBGPUSPATIAL] [ 50739][17:27:13:725068][info  ] RTSpatialIndex 0x71c8f400a800 (Used 0 MB), Allocate result buffer, memory consumption 0 MB, capacity 11
[LIBGPUSPATIAL] [ 50739][17:27:13:725431][info  ] RTSpatialIndex 0x71c8f400a800 (Used 1 MB), Probe Points, Size: 100000, Results: 11
[LIBGPUSPATIAL] [ 50745][17:27:13:725495][info  ] RTSpatialIndex 0x71c8f400a800 (Used 0 MB), Allocate result buffer, memory consumption 0 MB, capacity 21
[LIBGPUSPATIAL] [ 50745][17:27:13:725812][info  ] RTSpatialIndex 0x71c8f400a800 (Used 0 MB), Probe Points, Size: 100000, Results: 21
[LIBGPUSPATIAL] [ 50739][17:27:13:726075][info  ] RTSpatialRefiner 0x71c8f7d2a880 (Used 0 MB), Loaded Geometries, ProbeArray 100000, Loaded 11, Type Point
[LIBGPUSPATIAL] [ 50739][17:27:13:726125][info  ] RTSpatialRefiner 0x71c8f7d2a880 (Used 0 MB), Evaluating 11 Geometry Pairs with Predicate Intersects
[LIBGPUSPATIAL] [ 50745][17:27:13:726175][info  ] RTSpatialRefiner 0x71c8f7d2a880 (Used 0 MB), Loaded Geometries, ProbeArray 100000, Loaded 21, Type Point
[LIBGPUSPATIAL] [ 50745][17:27:13:726222][info  ] RTSpatialRefiner 0x71c8f7d2a880 (Used 0 MB), Evaluating 21 Geometry Pairs with Predicate Intersects
[LIBGPUSPATIAL] [ 50740][17:27:13:731406][info  ] RTSpatialIndex 0x71c8f400a800 (Used 0 MB), Allocate result buffer, memory consumption 0 MB, capacity 5
[LIBGPUSPATIAL] [ 50740][17:27:13:731525][info  ] RTSpatialIndex 0x71c8f400a800 (Used 0 MB), Probe Points, Size: 100000, Results: 5
[LIBGPUSPATIAL] [ 50740][17:27:13:731872][info  ] RTSpatialRefiner 0x71c8f7d2a880 (Used 0 MB), Loaded Geometries, ProbeArray 100000, Loaded 5, Type Point
[LIBGPUSPATIAL] [ 50740][17:27:13:731909][info  ] RTSpatialRefiner 0x71c8f7d2a880 (Used 0 MB), Evaluating 5 Geometry Pairs with Predicate Intersects
[LIBGPUSPATIAL] [ 50740][17:27:13:735293][info  ] RTSpatialIndex 0x71c8f400a800 (Used 0 MB), Allocate result buffer, memory consumption 0 MB, capacity 6
[LIBGPUSPATIAL] [ 50740][17:27:13:735414][info  ] RTSpatialIndex 0x71c8f400a800 (Used 0 MB), Probe Points, Size: 33333, Results: 6
[LIBGPUSPATIAL] [ 50740][17:27:13:735778][info  ] RTSpatialRefiner 0x71c8f7d2a880 (Used 0 MB), Loaded Geometries, ProbeArray 33333, Loaded 6, Type Point
[LIBGPUSPATIAL] [ 50740][17:27:13:735820][info  ] RTSpatialRefiner 0x71c8f7d2a880 (Used 0 MB), Evaluating 6 Geometry Pairs with Predicate Intersects
[LIBGPUSPATIAL] [ 50739][17:27:13:739069][info  ] RTSpatialIndex 0x71c8f400a800 (Used 1 MB), Allocate result buffer, memory consumption 0 MB, capacity 17
[LIBGPUSPATIAL] [ 50745][17:27:13:739126][info  ] RTSpatialIndex 0x71c8f400a800 (Used 1 MB), Allocate result buffer, memory consumption 0 MB, capacity 11
[LIBGPUSPATIAL] [ 50739][17:27:13:739256][info  ] RTSpatialIndex 0x71c8f400a800 (Used 1 MB), Probe Points, Size: 100000, Results: 17
[LIBGPUSPATIAL] [ 50745][17:27:13:739379][info  ] RTSpatialIndex 0x71c8f400a800 (Used 0 MB), Probe Points, Size: 100000, Results: 11
[LIBGPUSPATIAL] [ 50745][17:27:13:739810][info  ] RTSpatialRefiner 0x71c8f7d2a880 (Used 0 MB), Loaded Geometries, ProbeArray 100000, Loaded 11, Type Point
[LIBGPUSPATIAL] [ 50739][17:27:13:739829][info  ] RTSpatialRefiner 0x71c8f7d2a880 (Used 0 MB), Loaded Geometries, ProbeArray 100000, Loaded 17, Type Point
[LIBGPUSPATIAL] [ 50745][17:27:13:739857][info  ] RTSpatialRefiner 0x71c8f7d2a880 (Used 0 MB), Evaluating 11 Geometry Pairs with Predicate Intersects
[LIBGPUSPATIAL] [ 50739][17:27:13:739863][info  ] RTSpatialRefiner 0x71c8f7d2a880 (Used 0 MB), Evaluating 17 Geometry Pairs with Predicate Intersects
[LIBGPUSPATIAL] [ 50739][17:27:13:744936][info  ] RTSpatialIndex 0x71c8f400a800 (Used 0 MB), Allocate result buffer, memory consumption 0 MB, capacity 9
[LIBGPUSPATIAL] [ 50739][17:27:13:745105][info  ] RTSpatialIndex 0x71c8f400a800 (Used 0 MB), Probe Points, Size: 33333, Results: 9
[LIBGPUSPATIAL] [ 50739][17:27:13:745433][info  ] RTSpatialRefiner 0x71c8f7d2a880 (Used 0 MB), Loaded Geometries, ProbeArray 33333, Loaded 9, Type Point
[LIBGPUSPATIAL] [ 50739][17:27:13:745474][info  ] RTSpatialRefiner 0x71c8f7d2a880 (Used 0 MB), Evaluating 9 Geometry Pairs with Predicate Intersects
[LIBGPUSPATIAL] [ 50745][17:27:13:750781][info  ] RTSpatialIndex 0x71c8f400a800 (Used 0 MB), Allocate result buffer, memory consumption 0 MB, capacity 11
[LIBGPUSPATIAL] [ 50745][17:27:13:750882][info  ] RTSpatialIndex 0x71c8f400a800 (Used 0 MB), Probe Points, Size: 100000, Results: 11
[LIBGPUSPATIAL] [ 50745][17:27:13:751192][info  ] RTSpatialRefiner 0x71c8f7d2a880 (Used 0 MB), Loaded Geometries, ProbeArray 100000, Loaded 11, Type Point
[LIBGPUSPATIAL] [ 50745][17:27:13:751228][info  ] RTSpatialRefiner 0x71c8f7d2a880 (Used 0 MB), Evaluating 11 Geometry Pairs with Predicate Intersects
[LIBGPUSPATIAL] [ 50745][17:27:13:754607][info  ] RTSpatialIndex 0x71c8f400a800 (Used 0 MB), Allocate result buffer, memory consumption 0 MB, capacity 4
[LIBGPUSPATIAL] [ 50745][17:27:13:754726][info  ] RTSpatialIndex 0x71c8f400a800 (Used 0 MB), Probe Points, Size: 33333, Results: 4
[LIBGPUSPATIAL] [ 50745][17:27:13:755016][info  ] RTSpatialRefiner 0x71c8f7d2a880 (Used 0 MB), Loaded Geometries, ProbeArray 33333, Loaded 4, Type Point
[LIBGPUSPATIAL] [ 50745][17:27:13:755071][info  ] RTSpatialRefiner 0x71c8f7d2a880 (Used 0 MB), Evaluating 4 Geometry Pairs with Predicate Intersects
2.32s (1 rows)

================================================================================
BENCHMARK SUMMARY
================================================================================
Query     sedonadb_gpu   
-------------------------
q2        2.32s          
-------------------------
Total     2.32s         

Results saved to results_mem_SF_10/sedonadb_gpu_q2_results.json
