Data paths:
  building: benchmark-data-sf10/building
  customer: benchmark-data-sf10/customer
  driver: benchmark-data-sf10/driver
  trip: benchmark-data-sf10/trip
  vehicle: benchmark-data-sf10/vehicle
  zone: benchmark-data-sf10/zone

============================================================
Running Sedonadb Gpu Benchmark
============================================================
Sedonadb Gpu version: 0.3.0
  Running q2... [LIBGPUSPATIAL] [ 55791][17:31:15:664707][info  ] Initializing GpuSpatialRuntime on device 0, PTX root /mnt/data/sedona-db/target/release/build/sedona-libgpuspatial-49614f8a870dbe66/out/share/gpuspatial/shaders
[LIBGPUSPATIAL] [ 55791][17:31:15:835419][info  ] Init Memory Manager
[LIBGPUSPATIAL] [ 55791][17:31:15:835619][info  ] Creating RMM pool memory resource with size 22511 MB
[LIBGPUSPATIAL] [ 55791][17:31:15:881508][info  ] Initialize RTEngine
[LIBGPUSPATIAL] [ 55791][17:31:16:010984][info  ] Create RTSpatialIndex 0x7e6fac00a7d0, fast_build = 0, compact = 0, concurrency = 8
[LIBGPUSPATIAL] [ 55791][17:31:16:013907][info  ] Create RTSpatialRefiner 0x7e6fafd29600, fast_build = 0, compact = 0, parsing_threads = 8, concurrency = 8, pipeline_batches = 1, wkb_parser_memory_quota = 0.80, relate_engine_memory_quota = 0.10
[LIBGPUSPATIAL] [ 55791][17:31:16:019860][info  ] RTSpatialRefiner 0x7e6fafd29600 (Used 0 MB), FinishBuilding Refiner, Total geoms: 1
[LIBGPUSPATIAL] [ 55791][17:31:16:019894][info  ] RTSpatialIndex 0x7e6fac00a7d0 (Used 0 MB), PushBuild, Rectangles 1
[LIBGPUSPATIAL] [ 55791][17:31:16:020246][info  ] RTSpatialIndex 0x7e6fac00a7d0 (Used 0 MB), FinishBuilding Index on Rectangles, Total geoms: 1
[LIBGPUSPATIAL] [ 55797][17:31:16:049911][info  ] RTSpatialIndex 0x7e6fac00a7d0 (Used 7 MB), Allocate result buffer, memory consumption 0 MB, capacity 15
[LIBGPUSPATIAL] [ 55795][17:31:16:050125][info  ] RTSpatialIndex 0x7e6fac00a7d0 (Used 5 MB), Allocate result buffer, memory consumption 0 MB, capacity 12
[LIBGPUSPATIAL] [ 55791][17:31:16:050195][info  ] RTSpatialIndex 0x7e6fac00a7d0 (Used 5 MB), Allocate result buffer, memory consumption 0 MB, capacity 7
[LIBGPUSPATIAL] [ 55798][17:31:16:050266][info  ] RTSpatialIndex 0x7e6fac00a7d0 (Used 5 MB), Allocate result buffer, memory consumption 0 MB, capacity 9
[LIBGPUSPATIAL] [ 55792][17:31:16:050360][info  ] RTSpatialIndex 0x7e6fac00a7d0 (Used 5 MB), Allocate result buffer, memory consumption 0 MB, capacity 18
[LIBGPUSPATIAL] [ 55794][17:31:16:050462][info  ] RTSpatialIndex 0x7e6fac00a7d0 (Used 5 MB), Allocate result buffer, memory consumption 0 MB, capacity 18
[LIBGPUSPATIAL] [ 55793][17:31:16:050534][info  ] RTSpatialIndex 0x7e6fac00a7d0 (Used 5 MB), Allocate result buffer, memory consumption 0 MB, capacity 13
[LIBGPUSPATIAL] [ 55797][17:31:16:050673][info  ] RTSpatialIndex 0x7e6fac00a7d0 (Used 5 MB), Probe Points, Size: 100000, Results: 15
[LIBGPUSPATIAL] [ 55793][17:31:16:050780][info  ] RTSpatialIndex 0x7e6fac00a7d0 (Used 4 MB), Probe Points, Size: 100000, Results: 13
[LIBGPUSPATIAL] [ 55791][17:31:16:050949][info  ] RTSpatialIndex 0x7e6fac00a7d0 (Used 3 MB), Probe Points, Size: 100000, Results: 7
[LIBGPUSPATIAL] [ 55798][17:31:16:051155][info  ] RTSpatialIndex 0x7e6fac00a7d0 (Used 3 MB), Probe Points, Size: 100000, Results: 9
[LIBGPUSPATIAL] [ 55792][17:31:16:051335][info  ] RTSpatialIndex 0x7e6fac00a7d0 (Used 2 MB), Probe Points, Size: 100000, Results: 18
[LIBGPUSPATIAL] [ 55794][17:31:16:051488][info  ] RTSpatialIndex 0x7e6fac00a7d0 (Used 1 MB), Probe Points, Size: 100000, Results: 18
[LIBGPUSPATIAL] [ 55795][17:31:16:051832][info  ] RTSpatialIndex 0x7e6fac00a7d0 (Used 0 MB), Probe Points, Size: 100000, Results: 12
[LIBGPUSPATIAL] [ 55797][17:31:16:052396][info  ] RTSpatialRefiner 0x7e6fafd29600 (Used 0 MB), Loaded Geometries, ProbeArray 100000, Loaded 15, Type Point
[LIBGPUSPATIAL] [ 55798][17:31:16:052409][info  ] RTSpatialRefiner 0x7e6fafd29600 (Used 0 MB), Loaded Geometries, ProbeArray 100000, Loaded 9, Type Point
[LIBGPUSPATIAL] [ 55793][17:31:16:052414][info  ] RTSpatialRefiner 0x7e6fafd29600 (Used 0 MB), Loaded Geometries, ProbeArray 100000, Loaded 13, Type Point
[LIBGPUSPATIAL] [ 55797][17:31:16:052461][info  ] RTSpatialRefiner 0x7e6fafd29600 (Used 0 MB), Evaluating 15 Geometry Pairs with Predicate Intersects
[LIBGPUSPATIAL] [ 55794][17:31:16:052472][info  ] RTSpatialRefiner 0x7e6fafd29600 (Used 0 MB), Loaded Geometries, ProbeArray 100000, Loaded 18, Type Point
[LIBGPUSPATIAL] [ 55793][17:31:16:052480][info  ] RTSpatialRefiner 0x7e6fafd29600 (Used 0 MB), Evaluating 13 Geometry Pairs with Predicate Intersects
[LIBGPUSPATIAL] [ 55798][17:31:16:052474][info  ] RTSpatialRefiner 0x7e6fafd29600 (Used 0 MB), Evaluating 9 Geometry Pairs with Predicate Intersects
[LIBGPUSPATIAL] [ 55794][17:31:16:052523][info  ] RTSpatialRefiner 0x7e6fafd29600 (Used 0 MB), Evaluating 18 Geometry Pairs with Predicate Intersects
[LIBGPUSPATIAL] [ 55792][17:31:16:052610][info  ] RTSpatialRefiner 0x7e6fafd29600 (Used 0 MB), Loaded Geometries, ProbeArray 100000, Loaded 18, Type Point
[LIBGPUSPATIAL] [ 55792][17:31:16:052653][info  ] RTSpatialRefiner 0x7e6fafd29600 (Used 0 MB), Evaluating 18 Geometry Pairs with Predicate Intersects
[LIBGPUSPATIAL] [ 55795][17:31:16:052791][info  ] RTSpatialRefiner 0x7e6fafd29600 (Used 0 MB), Loaded Geometries, ProbeArray 100000, Loaded 12, Type Point
[LIBGPUSPATIAL] [ 55795][17:31:16:052832][info  ] RTSpatialRefiner 0x7e6fafd29600 (Used 0 MB), Evaluating 12 Geometry Pairs with Predicate Intersects
[LIBGPUSPATIAL] [ 55791][17:31:16:053002][info  ] RTSpatialRefiner 0x7e6fafd29600 (Used 0 MB), Loaded Geometries, ProbeArray 100000, Loaded 7, Type Point
[LIBGPUSPATIAL] [ 55791][17:31:16:053060][info  ] RTSpatialRefiner 0x7e6fafd29600 (Used 0 MB), Evaluating 7 Geometry Pairs with Predicate Intersects
[LIBGPUSPATIAL] [ 55796][17:31:16:078322][info  ] RTSpatialIndex 0x7e6fac00a7d0 (Used 0 MB), Allocate result buffer, memory consumption 0 MB, capacity 17
[LIBGPUSPATIAL] [ 55796][17:31:16:078774][info  ] RTSpatialIndex 0x7e6fac00a7d0 (Used 0 MB), Probe Points, Size: 100000, Results: 17
[LIBGPUSPATIAL] [ 55796][17:31:16:079439][info  ] RTSpatialRefiner 0x7e6fafd29600 (Used 0 MB), Loaded Geometries, ProbeArray 100000, Loaded 17, Type Point
[LIBGPUSPATIAL] [ 55796][17:31:16:079478][info  ] RTSpatialRefiner 0x7e6fafd29600 (Used 0 MB), Evaluating 17 Geometry Pairs with Predicate Intersects
[LIBGPUSPATIAL] [ 55795][17:31:16:096156][info  ] RTSpatialIndex 0x7e6fac00a7d0 (Used 3 MB), Allocate result buffer, memory consumption 0 MB, capacity 22
[LIBGPUSPATIAL] [ 55797][17:31:16:096250][info  ] RTSpatialIndex 0x7e6fac00a7d0 (Used 3 MB), Allocate result buffer, memory consumption 0 MB, capacity 18
[LIBGPUSPATIAL] [ 55791][17:31:16:096784][info  ] RTSpatialIndex 0x7e6fac00a7d0 (Used 5 MB), Allocate result buffer, memory consumption 0 MB, capacity 14
[LIBGPUSPATIAL] [ 55798][17:31:16:096977][info  ] RTSpatialIndex 0x7e6fac00a7d0 (Used 4 MB), Allocate result buffer, memory consumption 0 MB, capacity 13
[LIBGPUSPATIAL] [ 55791][17:31:16:097228][info  ] RTSpatialIndex 0x7e6fac00a7d0 (Used 4 MB), Probe Points, Size: 100000, Results: 14
[LIBGPUSPATIAL] [ 55798][17:31:16:097300][info  ] RTSpatialIndex 0x7e6fac00a7d0 (Used 3 MB), Probe Points, Size: 100000, Results: 13
[LIBGPUSPATIAL] [ 55793][17:31:16:097362][info  ] RTSpatialIndex 0x7e6fac00a7d0 (Used 4 MB), Allocate result buffer, memory consumption 0 MB, capacity 11
[LIBGPUSPATIAL] [ 55795][17:31:16:097831][info  ] RTSpatialIndex 0x7e6fac00a7d0 (Used 6 MB), Probe Points, Size: 100000, Results: 22
[LIBGPUSPATIAL] [ 55794][17:31:16:098019][info  ] RTSpatialIndex 0x7e6fac00a7d0 (Used 3 MB), Allocate result buffer, memory consumption 0 MB, capacity 15
[LIBGPUSPATIAL] [ 55796][17:31:16:098176][info  ] RTSpatialIndex 0x7e6fac00a7d0 (Used 3 MB), Allocate result buffer, memory consumption 0 MB, capacity 11
[LIBGPUSPATIAL] [ 55798][17:31:16:098279][info  ] RTSpatialRefiner 0x7e6fafd29600 (Used 3 MB), Loaded Geometries, ProbeArray 100000, Loaded 13, Type Point
[LIBGPUSPATIAL] [ 55798][17:31:16:098350][info  ] RTSpatialRefiner 0x7e6fafd29600 (Used 3 MB), Evaluating 13 Geometry Pairs with Predicate Intersects
[LIBGPUSPATIAL] [ 55791][17:31:16:098382][info  ] RTSpatialRefiner 0x7e6fafd29600 (Used 3 MB), Loaded Geometries, ProbeArray 100000, Loaded 14, Type Point
[LIBGPUSPATIAL] [ 55791][17:31:16:098427][info  ] RTSpatialRefiner 0x7e6fafd29600 (Used 3 MB), Evaluating 14 Geometry Pairs with Predicate Intersects
[LIBGPUSPATIAL] [ 55793][17:31:16:098496][info  ] RTSpatialIndex 0x7e6fac00a7d0 (Used 3 MB), Probe Points, Size: 100000, Results: 11
[LIBGPUSPATIAL] [ 55795][17:31:16:098616][info  ] RTSpatialRefiner 0x7e6fafd29600 (Used 3 MB), Loaded Geometries, ProbeArray 100000, Loaded 22, Type Point
[LIBGPUSPATIAL] [ 55795][17:31:16:098775][info  ] RTSpatialRefiner 0x7e6fafd29600 (Used 3 MB), Evaluating 22 Geometry Pairs with Predicate Intersects
[LIBGPUSPATIAL] [ 55792][17:31:16:098789][info  ] RTSpatialIndex 0x7e6fac00a7d0 (Used 3 MB), Allocate result buffer, memory consumption 0 MB, capacity 13
[LIBGPUSPATIAL] [ 55797][17:31:16:099191][info  ] RTSpatialIndex 0x7e6fac00a7d0 (Used 3 MB), Probe Points, Size: 100000, Results: 18
[LIBGPUSPATIAL] [ 55793][17:31:16:099456][info  ] RTSpatialRefiner 0x7e6fafd29600 (Used 2 MB), Loaded Geometries, ProbeArray 100000, Loaded 11, Type Point
[LIBGPUSPATIAL] [ 55793][17:31:16:099564][info  ] RTSpatialRefiner 0x7e6fafd29600 (Used 2 MB), Evaluating 11 Geometry Pairs with Predicate Intersects
[LIBGPUSPATIAL] [ 55796][17:31:16:099641][info  ] RTSpatialIndex 0x7e6fac00a7d0 (Used 2 MB), Probe Points, Size: 100000, Results: 11
[LIBGPUSPATIAL] [ 55794][17:31:16:099858][info  ] RTSpatialIndex 0x7e6fac00a7d0 (Used 1 MB), Probe Points, Size: 100000, Results: 15
[LIBGPUSPATIAL] [ 55792][17:31:16:100086][info  ] RTSpatialIndex 0x7e6fac00a7d0 (Used 1 MB), Probe Points, Size: 100000, Results: 13
[LIBGPUSPATIAL] [ 55797][17:31:16:100094][info  ] RTSpatialRefiner 0x7e6fafd29600 (Used 1 MB), Loaded Geometries, ProbeArray 100000, Loaded 18, Type Point
[LIBGPUSPATIAL] [ 55797][17:31:16:100213][info  ] RTSpatialRefiner 0x7e6fafd29600 (Used 0 MB), Evaluating 18 Geometry Pairs with Predicate Intersects
[LIBGPUSPATIAL] [ 55796][17:31:16:100672][info  ] RTSpatialRefiner 0x7e6fafd29600 (Used 0 MB), Loaded Geometries, ProbeArray 100000, Loaded 11, Type Point
[LIBGPUSPATIAL] [ 55796][17:31:16:100720][info  ] RTSpatialRefiner 0x7e6fafd29600 (Used 0 MB), Evaluating 11 Geometry Pairs with Predicate Intersects
[LIBGPUSPATIAL] [ 55792][17:31:16:101029][info  ] RTSpatialRefiner 0x7e6fafd29600 (Used 0 MB), Loaded Geometries, ProbeArray 100000, Loaded 13, Type Point
[LIBGPUSPATIAL] [ 55792][17:31:16:101090][info  ] RTSpatialRefiner 0x7e6fafd29600 (Used 0 MB), Evaluating 13 Geometry Pairs with Predicate Intersects
[LIBGPUSPATIAL] [ 55794][17:31:16:105292][info  ] RTSpatialRefiner 0x7e6fafd29600 (Used 0 MB), Loaded Geometries, ProbeArray 100000, Loaded 15, Type Point
[LIBGPUSPATIAL] [ 55794][17:31:16:105350][info  ] RTSpatialRefiner 0x7e6fafd29600 (Used 0 MB), Evaluating 15 Geometry Pairs with Predicate Intersects
[LIBGPUSPATIAL] [ 55791][17:31:16:110956][info  ] RTSpatialIndex 0x7e6fac00a7d0 (Used 0 MB), Allocate result buffer, memory consumption 0 MB, capacity 14
[LIBGPUSPATIAL] [ 55791][17:31:16:111176][info  ] RTSpatialIndex 0x7e6fac00a7d0 (Used 0 MB), Probe Points, Size: 100000, Results: 14
[LIBGPUSPATIAL] [ 55791][17:31:16:111746][info  ] RTSpatialRefiner 0x7e6fafd29600 (Used 0 MB), Loaded Geometries, ProbeArray 100000, Loaded 14, Type Point
[LIBGPUSPATIAL] [ 55791][17:31:16:111795][info  ] RTSpatialRefiner 0x7e6fafd29600 (Used 0 MB), Evaluating 14 Geometry Pairs with Predicate Intersects
[LIBGPUSPATIAL] [ 55798][17:31:16:113097][info  ] RTSpatialIndex 0x7e6fac00a7d0 (Used 0 MB), Allocate result buffer, memory consumption 0 MB, capacity 6
[LIBGPUSPATIAL] [ 55798][17:31:16:113241][info  ] RTSpatialIndex 0x7e6fac00a7d0 (Used 0 MB), Probe Points, Size: 100000, Results: 6
[LIBGPUSPATIAL] [ 55798][17:31:16:115446][info  ] RTSpatialRefiner 0x7e6fafd29600 (Used 3 MB), Loaded Geometries, ProbeArray 100000, Loaded 6, Type Point
[LIBGPUSPATIAL] [ 55798][17:31:16:115495][info  ] RTSpatialRefiner 0x7e6fafd29600 (Used 4 MB), Evaluating 6 Geometry Pairs with Predicate Intersects
[LIBGPUSPATIAL] [ 55795][17:31:16:115857][info  ] RTSpatialIndex 0x7e6fac00a7d0 (Used 3 MB), Allocate result buffer, memory consumption 0 MB, capacity 12
[LIBGPUSPATIAL] [ 55796][17:31:16:116067][info  ] RTSpatialIndex 0x7e6fac00a7d0 (Used 3 MB), Allocate result buffer, memory consumption 0 MB, capacity 9
[LIBGPUSPATIAL] [ 55792][17:31:16:116442][info  ] RTSpatialIndex 0x7e6fac00a7d0 (Used 4 MB), Allocate result buffer, memory consumption 0 MB, capacity 17
[LIBGPUSPATIAL] [ 55797][17:31:16:116647][info  ] RTSpatialIndex 0x7e6fac00a7d0 (Used 4 MB), Allocate result buffer, memory consumption 0 MB, capacity 9
[LIBGPUSPATIAL] [ 55795][17:31:16:116844][info  ] RTSpatialIndex 0x7e6fac00a7d0 (Used 4 MB), Probe Points, Size: 100000, Results: 12
[LIBGPUSPATIAL] [ 55797][17:31:16:116974][info  ] RTSpatialIndex 0x7e6fac00a7d0 (Used 3 MB), Probe Points, Size: 100000, Results: 9
[LIBGPUSPATIAL] [ 55796][17:31:16:117200][info  ] RTSpatialIndex 0x7e6fac00a7d0 (Used 2 MB), Probe Points, Size: 100000, Results: 9
[LIBGPUSPATIAL] [ 55792][17:31:16:117319][info  ] RTSpatialIndex 0x7e6fac00a7d0 (Used 2 MB), Probe Points, Size: 100000, Results: 17
[LIBGPUSPATIAL] [ 55793][17:31:16:117471][info  ] RTSpatialIndex 0x7e6fac00a7d0 (Used 1 MB), Allocate result buffer, memory consumption 0 MB, capacity 16
[LIBGPUSPATIAL] [ 55793][17:31:16:117929][info  ] RTSpatialIndex 0x7e6fac00a7d0 (Used 0 MB), Probe Points, Size: 100000, Results: 16
[LIBGPUSPATIAL] [ 55792][17:31:16:118194][info  ] RTSpatialRefiner 0x7e6fafd29600 (Used 0 MB), Loaded Geometries, ProbeArray 100000, Loaded 17, Type Point
[LIBGPUSPATIAL] [ 55792][17:31:16:118231][info  ] RTSpatialRefiner 0x7e6fafd29600 (Used 0 MB), Evaluating 17 Geometry Pairs with Predicate Intersects
[LIBGPUSPATIAL] [ 55796][17:31:16:118736][info  ] RTSpatialRefiner 0x7e6fafd29600 (Used 0 MB), Loaded Geometries, ProbeArray 100000, Loaded 9, Type Point
[LIBGPUSPATIAL] [ 55794][17:31:16:118802][info  ] RTSpatialIndex 0x7e6fac00a7d0 (Used 0 MB), Allocate result buffer, memory consumption 0 MB, capacity 18
[LIBGPUSPATIAL] [ 55797][17:31:16:118818][info  ] RTSpatialRefiner 0x7e6fafd29600 (Used 0 MB), Loaded Geometries, ProbeArray 100000, Loaded 9, Type Point
[LIBGPUSPATIAL] [ 55796][17:31:16:118837][info  ] RTSpatialRefiner 0x7e6fafd29600 (Used 0 MB), Evaluating 9 Geometry Pairs with Predicate Intersects
[LIBGPUSPATIAL] [ 55795][17:31:16:118846][info  ] RTSpatialRefiner 0x7e6fafd29600 (Used 0 MB), Loaded Geometries, ProbeArray 100000, Loaded 12, Type Point
[LIBGPUSPATIAL] [ 55797][17:31:16:118864][info  ] RTSpatialRefiner 0x7e6fafd29600 (Used 0 MB), Evaluating 9 Geometry Pairs with Predicate Intersects
[LIBGPUSPATIAL] [ 55795][17:31:16:118888][info  ] RTSpatialRefiner 0x7e6fafd29600 (Used 0 MB), Evaluating 12 Geometry Pairs with Predicate Intersects
[LIBGPUSPATIAL] [ 55793][17:31:16:119084][info  ] RTSpatialRefiner 0x7e6fafd29600 (Used 0 MB), Loaded Geometries, ProbeArray 100000, Loaded 16, Type Point
[LIBGPUSPATIAL] [ 55793][17:31:16:119143][info  ] RTSpatialRefiner 0x7e6fafd29600 (Used 0 MB), Evaluating 16 Geometry Pairs with Predicate Intersects
[LIBGPUSPATIAL] [ 55794][17:31:16:119386][info  ] RTSpatialIndex 0x7e6fac00a7d0 (Used 0 MB), Probe Points, Size: 100000, Results: 18
[LIBGPUSPATIAL] [ 55794][17:31:16:119902][info  ] RTSpatialRefiner 0x7e6fafd29600 (Used 0 MB), Loaded Geometries, ProbeArray 100000, Loaded 18, Type Point
[LIBGPUSPATIAL] [ 55794][17:31:16:119947][info  ] RTSpatialRefiner 0x7e6fafd29600 (Used 0 MB), Evaluating 18 Geometry Pairs with Predicate Intersects
[LIBGPUSPATIAL] [ 55791][17:31:16:124604][info  ] RTSpatialIndex 0x7e6fac00a7d0 (Used 0 MB), Allocate result buffer, memory consumption 0 MB, capacity 18
[LIBGPUSPATIAL] [ 55791][17:31:16:124744][info  ] RTSpatialIndex 0x7e6fac00a7d0 (Used 0 MB), Probe Points, Size: 100000, Results: 18
[LIBGPUSPATIAL] [ 55791][17:31:16:128374][info  ] RTSpatialRefiner 0x7e6fafd29600 (Used 0 MB), Loaded Geometries, ProbeArray 100000, Loaded 18, Type Point
[LIBGPUSPATIAL] [ 55791][17:31:16:128426][info  ] RTSpatialRefiner 0x7e6fafd29600 (Used 0 MB), Evaluating 18 Geometry Pairs with Predicate Intersects
[LIBGPUSPATIAL] [ 55798][17:31:16:129948][info  ] RTSpatialIndex 0x7e6fac00a7d0 (Used 0 MB), Allocate result buffer, memory consumption 0 MB, capacity 17
[LIBGPUSPATIAL] [ 55798][17:31:16:130154][info  ] RTSpatialIndex 0x7e6fac00a7d0 (Used 0 MB), Probe Points, Size: 100000, Results: 17
[LIBGPUSPATIAL] [ 55798][17:31:16:130737][info  ] RTSpatialRefiner 0x7e6fafd29600 (Used 0 MB), Loaded Geometries, ProbeArray 100000, Loaded 17, Type Point
[LIBGPUSPATIAL] [ 55798][17:31:16:130801][info  ] RTSpatialRefiner 0x7e6fafd29600 (Used 0 MB), Evaluating 17 Geometry Pairs with Predicate Intersects
[LIBGPUSPATIAL] [ 55793][17:31:16:131605][info  ] RTSpatialIndex 0x7e6fac00a7d0 (Used 0 MB), Allocate result buffer, memory consumption 0 MB, capacity 8
[LIBGPUSPATIAL] [ 55793][17:31:16:132484][info  ] RTSpatialIndex 0x7e6fac00a7d0 (Used 1 MB), Probe Points, Size: 100000, Results: 8
[LIBGPUSPATIAL] [ 55792][17:31:16:132587][info  ] RTSpatialIndex 0x7e6fac00a7d0 (Used 0 MB), Allocate result buffer, memory consumption 0 MB, capacity 14
[LIBGPUSPATIAL] [ 55792][17:31:16:133506][info  ] RTSpatialIndex 0x7e6fac00a7d0 (Used 2 MB), Probe Points, Size: 100000, Results: 14
[LIBGPUSPATIAL] [ 55793][17:31:16:133816][info  ] RTSpatialRefiner 0x7e6fafd29600 (Used 3 MB), Loaded Geometries, ProbeArray 100000, Loaded 8, Type Point
[LIBGPUSPATIAL] [ 55793][17:31:16:133931][info  ] RTSpatialRefiner 0x7e6fafd29600 (Used 3 MB), Evaluating 8 Geometry Pairs with Predicate Intersects
[LIBGPUSPATIAL] [ 55796][17:31:16:133991][info  ] RTSpatialIndex 0x7e6fac00a7d0 (Used 2 MB), Allocate result buffer, memory consumption 0 MB, capacity 17
[LIBGPUSPATIAL] [ 55797][17:31:16:134396][info  ] RTSpatialIndex 0x7e6fac00a7d0 (Used 3 MB), Allocate result buffer, memory consumption 0 MB, capacity 11
[LIBGPUSPATIAL] [ 55794][17:31:16:134589][info  ] RTSpatialIndex 0x7e6fac00a7d0 (Used 3 MB), Allocate result buffer, memory consumption 0 MB, capacity 10
[LIBGPUSPATIAL] [ 55792][17:31:16:134755][info  ] RTSpatialRefiner 0x7e6fafd29600 (Used 3 MB), Loaded Geometries, ProbeArray 100000, Loaded 14, Type Point
[LIBGPUSPATIAL] [ 55792][17:31:16:134806][info  ] RTSpatialRefiner 0x7e6fafd29600 (Used 3 MB), Evaluating 14 Geometry Pairs with Predicate Intersects
[LIBGPUSPATIAL] [ 55795][17:31:16:135280][info  ] RTSpatialIndex 0x7e6fac00a7d0 (Used 3 MB), Allocate result buffer, memory consumption 0 MB, capacity 17
[LIBGPUSPATIAL] [ 55796][17:31:16:135638][info  ] RTSpatialIndex 0x7e6fac00a7d0 (Used 3 MB), Probe Points, Size: 100000, Results: 17
[LIBGPUSPATIAL] [ 55797][17:31:16:135760][info  ] RTSpatialIndex 0x7e6fac00a7d0 (Used 2 MB), Probe Points, Size: 100000, Results: 11
[LIBGPUSPATIAL] [ 55794][17:31:16:135828][info  ] RTSpatialIndex 0x7e6fac00a7d0 (Used 1 MB), Probe Points, Size: 100000, Results: 10
[LIBGPUSPATIAL] [ 55795][17:31:16:136089][info  ] RTSpatialIndex 0x7e6fac00a7d0 (Used 0 MB), Probe Points, Size: 100000, Results: 17
[LIBGPUSPATIAL] [ 55796][17:31:16:136379][info  ] RTSpatialRefiner 0x7e6fafd29600 (Used 0 MB), Loaded Geometries, ProbeArray 100000, Loaded 17, Type Point
[LIBGPUSPATIAL] [ 55796][17:31:16:136415][info  ] RTSpatialRefiner 0x7e6fafd29600 (Used 0 MB), Evaluating 17 Geometry Pairs with Predicate Intersects
[LIBGPUSPATIAL] [ 55794][17:31:16:137339][info  ] RTSpatialRefiner 0x7e6fafd29600 (Used 0 MB), Loaded Geometries, ProbeArray 100000, Loaded 10, Type Point
[LIBGPUSPATIAL] [ 55794][17:31:16:137427][info  ] RTSpatialRefiner 0x7e6fafd29600 (Used 0 MB), Evaluating 10 Geometry Pairs with Predicate Intersects
[LIBGPUSPATIAL] [ 55795][17:31:16:137563][info  ] RTSpatialRefiner 0x7e6fafd29600 (Used 0 MB), Loaded Geometries, ProbeArray 100000, Loaded 17, Type Point
[LIBGPUSPATIAL] [ 55797][17:31:16:137570][info  ] RTSpatialRefiner 0x7e6fafd29600 (Used 0 MB), Loaded Geometries, ProbeArray 100000, Loaded 11, Type Point
[LIBGPUSPATIAL] [ 55795][17:31:16:137605][info  ] RTSpatialRefiner 0x7e6fafd29600 (Used 0 MB), Evaluating 17 Geometry Pairs with Predicate Intersects
[LIBGPUSPATIAL] [ 55797][17:31:16:137611][info  ] RTSpatialRefiner 0x7e6fafd29600 (Used 0 MB), Evaluating 11 Geometry Pairs with Predicate Intersects
[LIBGPUSPATIAL] [ 55791][17:31:16:140675][info  ] RTSpatialIndex 0x7e6fac00a7d0 (Used 0 MB), Allocate result buffer, memory consumption 0 MB, capacity 11
[LIBGPUSPATIAL] [ 55791][17:31:16:140804][info  ] RTSpatialIndex 0x7e6fac00a7d0 (Used 0 MB), Probe Points, Size: 100000, Results: 11
[LIBGPUSPATIAL] [ 55791][17:31:16:142355][info  ] RTSpatialRefiner 0x7e6fafd29600 (Used 0 MB), Loaded Geometries, ProbeArray 100000, Loaded 11, Type Point
[LIBGPUSPATIAL] [ 55791][17:31:16:142401][info  ] RTSpatialRefiner 0x7e6fafd29600 (Used 0 MB), Evaluating 11 Geometry Pairs with Predicate Intersects
[LIBGPUSPATIAL] [ 55798][17:31:16:143240][info  ] RTSpatialIndex 0x7e6fac00a7d0 (Used 0 MB), Allocate result buffer, memory consumption 0 MB, capacity 20
[LIBGPUSPATIAL] [ 55798][17:31:16:143364][info  ] RTSpatialIndex 0x7e6fac00a7d0 (Used 0 MB), Probe Points, Size: 100000, Results: 20
[LIBGPUSPATIAL] [ 55798][17:31:16:146401][info  ] RTSpatialRefiner 0x7e6fafd29600 (Used 0 MB), Loaded Geometries, ProbeArray 100000, Loaded 20, Type Point
[LIBGPUSPATIAL] [ 55798][17:31:16:146456][info  ] RTSpatialRefiner 0x7e6fafd29600 (Used 0 MB), Evaluating 20 Geometry Pairs with Predicate Intersects
[LIBGPUSPATIAL] [ 55792][17:31:16:148469][info  ] RTSpatialIndex 0x7e6fac00a7d0 (Used 0 MB), Allocate result buffer, memory consumption 0 MB, capacity 11
[LIBGPUSPATIAL] [ 55792][17:31:16:148634][info  ] RTSpatialIndex 0x7e6fac00a7d0 (Used 0 MB), Probe Points, Size: 100000, Results: 11
[LIBGPUSPATIAL] [ 55792][17:31:16:149376][info  ] RTSpatialRefiner 0x7e6fafd29600 (Used 2 MB), Loaded Geometries, ProbeArray 100000, Loaded 11, Type Point
[LIBGPUSPATIAL] [ 55792][17:31:16:149545][info  ] RTSpatialRefiner 0x7e6fafd29600 (Used 2 MB), Evaluating 11 Geometry Pairs with Predicate Intersects
[LIBGPUSPATIAL] [ 55793][17:31:16:149850][info  ] RTSpatialIndex 0x7e6fac00a7d0 (Used 1 MB), Allocate result buffer, memory consumption 0 MB, capacity 14
[LIBGPUSPATIAL] [ 55796][17:31:16:150090][info  ] RTSpatialIndex 0x7e6fac00a7d0 (Used 1 MB), Allocate result buffer, memory consumption 0 MB, capacity 6
[LIBGPUSPATIAL] [ 55793][17:31:16:150368][info  ] RTSpatialIndex 0x7e6fac00a7d0 (Used 1 MB), Probe Points, Size: 100000, Results: 14
[LIBGPUSPATIAL] [ 55796][17:31:16:150625][info  ] RTSpatialIndex 0x7e6fac00a7d0 (Used 0 MB), Probe Points, Size: 100000, Results: 6
[LIBGPUSPATIAL] [ 55796][17:31:16:151348][info  ] RTSpatialRefiner 0x7e6fafd29600 (Used 3 MB), Loaded Geometries, ProbeArray 100000, Loaded 6, Type Point
[LIBGPUSPATIAL] [ 55793][17:31:16:151442][info  ] RTSpatialRefiner 0x7e6fafd29600 (Used 2 MB), Loaded Geometries, ProbeArray 100000, Loaded 14, Type Point
[LIBGPUSPATIAL] [ 55793][17:31:16:151497][info  ] RTSpatialRefiner 0x7e6fafd29600 (Used 2 MB), Evaluating 14 Geometry Pairs with Predicate Intersects
[LIBGPUSPATIAL] [ 55796][17:31:16:151560][info  ] RTSpatialRefiner 0x7e6fafd29600 (Used 2 MB), Evaluating 6 Geometry Pairs with Predicate Intersects
[LIBGPUSPATIAL] [ 55794][17:31:16:151845][info  ] RTSpatialIndex 0x7e6fac00a7d0 (Used 1 MB), Allocate result buffer, memory consumption 0 MB, capacity 13
[LIBGPUSPATIAL] [ 55795][17:31:16:152227][info  ] RTSpatialIndex 0x7e6fac00a7d0 (Used 1 MB), Allocate result buffer, memory consumption 0 MB, capacity 15
[LIBGPUSPATIAL] [ 55794][17:31:16:152531][info  ] RTSpatialIndex 0x7e6fac00a7d0 (Used 1 MB), Probe Points, Size: 100000, Results: 13
[LIBGPUSPATIAL] [ 55795][17:31:16:152705][info  ] RTSpatialIndex 0x7e6fac00a7d0 (Used 1 MB), Probe Points, Size: 100000, Results: 15
[LIBGPUSPATIAL] [ 55795][17:31:16:153399][info  ] RTSpatialRefiner 0x7e6fafd29600 (Used 0 MB), Loaded Geometries, ProbeArray 100000, Loaded 15, Type Point
[LIBGPUSPATIAL] [ 55795][17:31:16:153450][info  ] RTSpatialRefiner 0x7e6fafd29600 (Used 0 MB), Evaluating 15 Geometry Pairs with Predicate Intersects
[LIBGPUSPATIAL] [ 55797][17:31:16:153472][info  ] RTSpatialIndex 0x7e6fac00a7d0 (Used 0 MB), Allocate result buffer, memory consumption 0 MB, capacity 14
[LIBGPUSPATIAL] [ 55794][17:31:16:153480][info  ] RTSpatialRefiner 0x7e6fafd29600 (Used 0 MB), Loaded Geometries, ProbeArray 100000, Loaded 13, Type Point
[LIBGPUSPATIAL] [ 55794][17:31:16:153522][info  ] RTSpatialRefiner 0x7e6fafd29600 (Used 0 MB), Evaluating 13 Geometry Pairs with Predicate Intersects
[LIBGPUSPATIAL] [ 55797][17:31:16:153881][info  ] RTSpatialIndex 0x7e6fac00a7d0 (Used 0 MB), Probe Points, Size: 100000, Results: 14
[LIBGPUSPATIAL] [ 55791][17:31:16:155592][info  ] RTSpatialIndex 0x7e6fac00a7d0 (Used 0 MB), Allocate result buffer, memory consumption 0 MB, capacity 7
[LIBGPUSPATIAL] [ 55791][17:31:16:155703][info  ] RTSpatialIndex 0x7e6fac00a7d0 (Used 0 MB), Probe Points, Size: 100000, Results: 7
[LIBGPUSPATIAL] [ 55797][17:31:16:155984][info  ] RTSpatialRefiner 0x7e6fafd29600 (Used 0 MB), Loaded Geometries, ProbeArray 100000, Loaded 14, Type Point
[LIBGPUSPATIAL] [ 55797][17:31:16:156026][info  ] RTSpatialRefiner 0x7e6fafd29600 (Used 0 MB), Evaluating 14 Geometry Pairs with Predicate Intersects
[LIBGPUSPATIAL] [ 55791][17:31:16:158268][info  ] RTSpatialRefiner 0x7e6fafd29600 (Used 0 MB), Loaded Geometries, ProbeArray 100000, Loaded 7, Type Point
[LIBGPUSPATIAL] [ 55791][17:31:16:158312][info  ] RTSpatialRefiner 0x7e6fafd29600 (Used 0 MB), Evaluating 7 Geometry Pairs with Predicate Intersects
[LIBGPUSPATIAL] [ 55798][17:31:16:160200][info  ] RTSpatialIndex 0x7e6fac00a7d0 (Used 0 MB), Allocate result buffer, memory consumption 0 MB, capacity 17
[LIBGPUSPATIAL] [ 55798][17:31:16:160313][info  ] RTSpatialIndex 0x7e6fac00a7d0 (Used 0 MB), Probe Points, Size: 100000, Results: 17
[LIBGPUSPATIAL] [ 55798][17:31:16:160707][info  ] RTSpatialRefiner 0x7e6fafd29600 (Used 0 MB), Loaded Geometries, ProbeArray 100000, Loaded 17, Type Point
[LIBGPUSPATIAL] [ 55798][17:31:16:160742][info  ] RTSpatialRefiner 0x7e6fafd29600 (Used 0 MB), Evaluating 17 Geometry Pairs with Predicate Intersects
[LIBGPUSPATIAL] [ 55792][17:31:16:162965][info  ] RTSpatialIndex 0x7e6fac00a7d0 (Used 0 MB), Allocate result buffer, memory consumption 0 MB, capacity 17
[LIBGPUSPATIAL] [ 55792][17:31:16:163122][info  ] RTSpatialIndex 0x7e6fac00a7d0 (Used 0 MB), Probe Points, Size: 100000, Results: 17
[LIBGPUSPATIAL] [ 55792][17:31:16:163566][info  ] RTSpatialRefiner 0x7e6fafd29600 (Used 0 MB), Loaded Geometries, ProbeArray 100000, Loaded 17, Type Point
[LIBGPUSPATIAL] [ 55792][17:31:16:163615][info  ] RTSpatialRefiner 0x7e6fafd29600 (Used 0 MB), Evaluating 17 Geometry Pairs with Predicate Intersects
[LIBGPUSPATIAL] [ 55796][17:31:16:166076][info  ] RTSpatialIndex 0x7e6fac00a7d0 (Used 1 MB), Allocate result buffer, memory consumption 0 MB, capacity 21
[LIBGPUSPATIAL] [ 55793][17:31:16:166107][info  ] RTSpatialIndex 0x7e6fac00a7d0 (Used 1 MB), Allocate result buffer, memory consumption 0 MB, capacity 15
[LIBGPUSPATIAL] [ 55796][17:31:16:166294][info  ] RTSpatialIndex 0x7e6fac00a7d0 (Used 1 MB), Probe Points, Size: 100000, Results: 21
[LIBGPUSPATIAL] [ 55793][17:31:16:166473][info  ] RTSpatialIndex 0x7e6fac00a7d0 (Used 0 MB), Probe Points, Size: 100000, Results: 15
[LIBGPUSPATIAL] [ 55795][17:31:16:167226][info  ] RTSpatialIndex 0x7e6fac00a7d0 (Used 2 MB), Allocate result buffer, memory consumption 0 MB, capacity 11
[LIBGPUSPATIAL] [ 55793][17:31:16:167712][info  ] RTSpatialRefiner 0x7e6fafd29600 (Used 1 MB), Loaded Geometries, ProbeArray 100000, Loaded 15, Type Point
[LIBGPUSPATIAL] [ 55796][17:31:16:167721][info  ] RTSpatialRefiner 0x7e6fafd29600 (Used 1 MB), Loaded Geometries, ProbeArray 100000, Loaded 21, Type Point
[LIBGPUSPATIAL] [ 55795][17:31:16:167760][info  ] RTSpatialIndex 0x7e6fac00a7d0 (Used 1 MB), Probe Points, Size: 100000, Results: 11
[LIBGPUSPATIAL] [ 55793][17:31:16:167766][info  ] RTSpatialRefiner 0x7e6fafd29600 (Used 1 MB), Evaluating 15 Geometry Pairs with Predicate Intersects
[LIBGPUSPATIAL] [ 55796][17:31:16:167788][info  ] RTSpatialRefiner 0x7e6fafd29600 (Used 0 MB), Evaluating 21 Geometry Pairs with Predicate Intersects
[LIBGPUSPATIAL] [ 55794][17:31:16:167794][info  ] RTSpatialIndex 0x7e6fac00a7d0 (Used 0 MB), Allocate result buffer, memory consumption 0 MB, capacity 17
[LIBGPUSPATIAL] [ 55794][17:31:16:168326][info  ] RTSpatialIndex 0x7e6fac00a7d0 (Used 1 MB), Probe Points, Size: 100000, Results: 17
[LIBGPUSPATIAL] [ 55795][17:31:16:168332][info  ] RTSpatialRefiner 0x7e6fafd29600 (Used 1 MB), Loaded Geometries, ProbeArray 100000, Loaded 11, Type Point
[LIBGPUSPATIAL] [ 55797][17:31:16:168487][info  ] RTSpatialIndex 0x7e6fac00a7d0 (Used 0 MB), Allocate result buffer, memory consumption 0 MB, capacity 17
[LIBGPUSPATIAL] [ 55795][17:31:16:168506][info  ] RTSpatialRefiner 0x7e6fafd29600 (Used 0 MB), Evaluating 11 Geometry Pairs with Predicate Intersects
[LIBGPUSPATIAL] [ 55797][17:31:16:168929][info  ] RTSpatialIndex 0x7e6fac00a7d0 (Used 0 MB), Probe Points, Size: 100000, Results: 17
[LIBGPUSPATIAL] [ 55794][17:31:16:168935][info  ] RTSpatialRefiner 0x7e6fafd29600 (Used 0 MB), Loaded Geometries, ProbeArray 100000, Loaded 17, Type Point
[LIBGPUSPATIAL] [ 55794][17:31:16:169091][info  ] RTSpatialRefiner 0x7e6fafd29600 (Used 0 MB), Evaluating 17 Geometry Pairs with Predicate Intersects
[LIBGPUSPATIAL] [ 55797][17:31:16:173513][info  ] RTSpatialRefiner 0x7e6fafd29600 (Used 3 MB), Loaded Geometries, ProbeArray 100000, Loaded 17, Type Point
[LIBGPUSPATIAL] [ 55797][17:31:16:173592][info  ] RTSpatialRefiner 0x7e6fafd29600 (Used 3 MB), Evaluating 17 Geometry Pairs with Predicate Intersects
[LIBGPUSPATIAL] [ 55798][17:31:16:174198][info  ] RTSpatialIndex 0x7e6fac00a7d0 (Used 1 MB), Allocate result buffer, memory consumption 0 MB, capacity 13
[LIBGPUSPATIAL] [ 55791][17:31:16:174532][info  ] RTSpatialIndex 0x7e6fac00a7d0 (Used 1 MB), Allocate result buffer, memory consumption 0 MB, capacity 8
[LIBGPUSPATIAL] [ 55798][17:31:16:174813][info  ] RTSpatialIndex 0x7e6fac00a7d0 (Used 1 MB), Probe Points, Size: 100000, Results: 13
[LIBGPUSPATIAL] [ 55791][17:31:16:175060][info  ] RTSpatialIndex 0x7e6fac00a7d0 (Used 0 MB), Probe Points, Size: 100000, Results: 8
[LIBGPUSPATIAL] [ 55791][17:31:16:175551][info  ] RTSpatialRefiner 0x7e6fafd29600 (Used 0 MB), Loaded Geometries, ProbeArray 100000, Loaded 8, Type Point
[LIBGPUSPATIAL] [ 55798][17:31:16:175622][info  ] RTSpatialRefiner 0x7e6fafd29600 (Used 0 MB), Loaded Geometries, ProbeArray 100000, Loaded 13, Type Point
[LIBGPUSPATIAL] [ 55798][17:31:16:175758][info  ] RTSpatialRefiner 0x7e6fafd29600 (Used 0 MB), Evaluating 13 Geometry Pairs with Predicate Intersects
[LIBGPUSPATIAL] [ 55791][17:31:16:175912][info  ] RTSpatialRefiner 0x7e6fafd29600 (Used 0 MB), Evaluating 8 Geometry Pairs with Predicate Intersects
[LIBGPUSPATIAL] [ 55792][17:31:16:176940][info  ] RTSpatialIndex 0x7e6fac00a7d0 (Used 0 MB), Allocate result buffer, memory consumption 0 MB, capacity 15
[LIBGPUSPATIAL] [ 55792][17:31:16:177119][info  ] RTSpatialIndex 0x7e6fac00a7d0 (Used 0 MB), Probe Points, Size: 100000, Results: 15
[LIBGPUSPATIAL] [ 55792][17:31:16:178204][info  ] RTSpatialRefiner 0x7e6fafd29600 (Used 0 MB), Loaded Geometries, ProbeArray 100000, Loaded 15, Type Point
[LIBGPUSPATIAL] [ 55792][17:31:16:178254][info  ] RTSpatialRefiner 0x7e6fafd29600 (Used 0 MB), Evaluating 15 Geometry Pairs with Predicate Intersects
[LIBGPUSPATIAL] [ 55793][17:31:16:179668][info  ] RTSpatialIndex 0x7e6fac00a7d0 (Used 0 MB), Allocate result buffer, memory consumption 0 MB, capacity 8
[LIBGPUSPATIAL] [ 55793][17:31:16:179788][info  ] RTSpatialIndex 0x7e6fac00a7d0 (Used 0 MB), Probe Points, Size: 100000, Results: 8
[LIBGPUSPATIAL] [ 55793][17:31:16:181936][info  ] RTSpatialRefiner 0x7e6fafd29600 (Used 3 MB), Loaded Geometries, ProbeArray 100000, Loaded 8, Type Point
[LIBGPUSPATIAL] [ 55795][17:31:16:182020][info  ] RTSpatialIndex 0x7e6fac00a7d0 (Used 1 MB), Allocate result buffer, memory consumption 0 MB, capacity 18
[LIBGPUSPATIAL] [ 55793][17:31:16:182058][info  ] RTSpatialRefiner 0x7e6fafd29600 (Used 1 MB), Evaluating 8 Geometry Pairs with Predicate Intersects
[LIBGPUSPATIAL] [ 55796][17:31:16:182141][info  ] RTSpatialIndex 0x7e6fac00a7d0 (Used 1 MB), Allocate result buffer, memory consumption 0 MB, capacity 14
[LIBGPUSPATIAL] [ 55795][17:31:16:182742][info  ] RTSpatialIndex 0x7e6fac00a7d0 (Used 2 MB), Probe Points, Size: 100000, Results: 18
[LIBGPUSPATIAL] [ 55796][17:31:16:182893][info  ] RTSpatialIndex 0x7e6fac00a7d0 (Used 1 MB), Probe Points, Size: 100000, Results: 14
[LIBGPUSPATIAL] [ 55794][17:31:16:182936][info  ] RTSpatialIndex 0x7e6fac00a7d0 (Used 1 MB), Allocate result buffer, memory consumption 0 MB, capacity 11
[LIBGPUSPATIAL] [ 55796][17:31:16:183647][info  ] RTSpatialRefiner 0x7e6fafd29600 (Used 0 MB), Loaded Geometries, ProbeArray 100000, Loaded 14, Type Point
[LIBGPUSPATIAL] [ 55794][17:31:16:183654][info  ] RTSpatialIndex 0x7e6fac00a7d0 (Used 0 MB), Probe Points, Size: 100000, Results: 11
[LIBGPUSPATIAL] [ 55796][17:31:16:183699][info  ] RTSpatialRefiner 0x7e6fafd29600 (Used 0 MB), Evaluating 14 Geometry Pairs with Predicate Intersects
[LIBGPUSPATIAL] [ 55795][17:31:16:185197][info  ] RTSpatialRefiner 0x7e6fafd29600 (Used 0 MB), Loaded Geometries, ProbeArray 100000, Loaded 18, Type Point
[LIBGPUSPATIAL] [ 55795][17:31:16:185238][info  ] RTSpatialRefiner 0x7e6fafd29600 (Used 0 MB), Evaluating 18 Geometry Pairs with Predicate Intersects
[LIBGPUSPATIAL] [ 55797][17:31:16:186007][info  ] RTSpatialIndex 0x7e6fac00a7d0 (Used 0 MB), Allocate result buffer, memory consumption 0 MB, capacity 16
[LIBGPUSPATIAL] [ 55797][17:31:16:186117][info  ] RTSpatialIndex 0x7e6fac00a7d0 (Used 0 MB), Probe Points, Size: 100000, Results: 16
[LIBGPUSPATIAL] [ 55797][17:31:16:187112][info  ] RTSpatialRefiner 0x7e6fafd29600 (Used 0 MB), Loaded Geometries, ProbeArray 100000, Loaded 16, Type Point
[LIBGPUSPATIAL] [ 55797][17:31:16:187161][info  ] RTSpatialRefiner 0x7e6fafd29600 (Used 0 MB), Evaluating 16 Geometry Pairs with Predicate Intersects
[LIBGPUSPATIAL] [ 55794][17:31:16:187117][info  ] RTSpatialRefiner 0x7e6fafd29600 (Used 0 MB), Loaded Geometries, ProbeArray 100000, Loaded 11, Type Point
[LIBGPUSPATIAL] [ 55794][17:31:16:187329][info  ] RTSpatialRefiner 0x7e6fafd29600 (Used 0 MB), Evaluating 11 Geometry Pairs with Predicate Intersects
[LIBGPUSPATIAL] [ 55798][17:31:16:188480][info  ] RTSpatialIndex 0x7e6fac00a7d0 (Used 0 MB), Allocate result buffer, memory consumption 0 MB, capacity 12
[LIBGPUSPATIAL] [ 55798][17:31:16:188604][info  ] RTSpatialIndex 0x7e6fac00a7d0 (Used 0 MB), Probe Points, Size: 100000, Results: 12
[LIBGPUSPATIAL] [ 55798][17:31:16:190544][info  ] RTSpatialRefiner 0x7e6fafd29600 (Used 0 MB), Loaded Geometries, ProbeArray 100000, Loaded 12, Type Point
[LIBGPUSPATIAL] [ 55798][17:31:16:190593][info  ] RTSpatialRefiner 0x7e6fafd29600 (Used 0 MB), Evaluating 12 Geometry Pairs with Predicate Intersects
[LIBGPUSPATIAL] [ 55791][17:31:16:190653][info  ] RTSpatialIndex 0x7e6fac00a7d0 (Used 0 MB), Allocate result buffer, memory consumption 0 MB, capacity 16
[LIBGPUSPATIAL] [ 55791][17:31:16:191031][info  ] RTSpatialIndex 0x7e6fac00a7d0 (Used 0 MB), Probe Points, Size: 100000, Results: 16
[LIBGPUSPATIAL] [ 55791][17:31:16:191725][info  ] RTSpatialRefiner 0x7e6fafd29600 (Used 0 MB), Loaded Geometries, ProbeArray 100000, Loaded 16, Type Point
[LIBGPUSPATIAL] [ 55792][17:31:16:191764][info  ] RTSpatialIndex 0x7e6fac00a7d0 (Used 0 MB), Allocate result buffer, memory consumption 0 MB, capacity 17
[LIBGPUSPATIAL] [ 55791][17:31:16:191784][info  ] RTSpatialRefiner 0x7e6fafd29600 (Used 0 MB), Evaluating 16 Geometry Pairs with Predicate Intersects
[LIBGPUSPATIAL] [ 55792][17:31:16:191946][info  ] RTSpatialIndex 0x7e6fac00a7d0 (Used 0 MB), Probe Points, Size: 100000, Results: 17
[LIBGPUSPATIAL] [ 55792][17:31:16:193338][info  ] RTSpatialRefiner 0x7e6fafd29600 (Used 0 MB), Loaded Geometries, ProbeArray 100000, Loaded 17, Type Point
[LIBGPUSPATIAL] [ 55792][17:31:16:193386][info  ] RTSpatialRefiner 0x7e6fafd29600 (Used 0 MB), Evaluating 17 Geometry Pairs with Predicate Intersects
[LIBGPUSPATIAL] [ 55793][17:31:16:197109][info  ] RTSpatialIndex 0x7e6fac00a7d0 (Used 3 MB), Allocate result buffer, memory consumption 0 MB, capacity 13
[LIBGPUSPATIAL] [ 55796][17:31:16:197109][info  ] RTSpatialIndex 0x7e6fac00a7d0 (Used 3 MB), Allocate result buffer, memory consumption 0 MB, capacity 11
[LIBGPUSPATIAL] [ 55793][17:31:16:197354][info  ] RTSpatialIndex 0x7e6fac00a7d0 (Used 2 MB), Probe Points, Size: 100000, Results: 13
[LIBGPUSPATIAL] [ 55796][17:31:16:197516][info  ] RTSpatialIndex 0x7e6fac00a7d0 (Used 1 MB), Probe Points, Size: 100000, Results: 11
[LIBGPUSPATIAL] [ 55795][17:31:16:197763][info  ] RTSpatialIndex 0x7e6fac00a7d0 (Used 0 MB), Allocate result buffer, memory consumption 0 MB, capacity 14
[LIBGPUSPATIAL] [ 55795][17:31:16:197904][info  ] RTSpatialIndex 0x7e6fac00a7d0 (Used 0 MB), Probe Points, Size: 100000, Results: 14
[LIBGPUSPATIAL] [ 55796][17:31:16:198233][info  ] RTSpatialRefiner 0x7e6fafd29600 (Used 0 MB), Loaded Geometries, ProbeArray 100000, Loaded 11, Type Point
[LIBGPUSPATIAL] [ 55793][17:31:16:198286][info  ] RTSpatialRefiner 0x7e6fafd29600 (Used 0 MB), Loaded Geometries, ProbeArray 100000, Loaded 13, Type Point
[LIBGPUSPATIAL] [ 55796][17:31:16:198291][info  ] RTSpatialRefiner 0x7e6fafd29600 (Used 0 MB), Evaluating 11 Geometry Pairs with Predicate Intersects
[LIBGPUSPATIAL] [ 55793][17:31:16:198324][info  ] RTSpatialRefiner 0x7e6fafd29600 (Used 0 MB), Evaluating 13 Geometry Pairs with Predicate Intersects
[LIBGPUSPATIAL] [ 55795][17:31:16:198348][info  ] RTSpatialRefiner 0x7e6fafd29600 (Used 0 MB), Loaded Geometries, ProbeArray 100000, Loaded 14, Type Point
[LIBGPUSPATIAL] [ 55795][17:31:16:198383][info  ] RTSpatialRefiner 0x7e6fafd29600 (Used 0 MB), Evaluating 14 Geometry Pairs with Predicate Intersects
[LIBGPUSPATIAL] [ 55794][17:31:16:201084][info  ] RTSpatialIndex 0x7e6fac00a7d0 (Used 0 MB), Allocate result buffer, memory consumption 0 MB, capacity 9
[LIBGPUSPATIAL] [ 55794][17:31:16:201220][info  ] RTSpatialIndex 0x7e6fac00a7d0 (Used 0 MB), Probe Points, Size: 100000, Results: 9
[LIBGPUSPATIAL] [ 55794][17:31:16:202013][info  ] RTSpatialRefiner 0x7e6fafd29600 (Used 0 MB), Loaded Geometries, ProbeArray 100000, Loaded 9, Type Point
[LIBGPUSPATIAL] [ 55794][17:31:16:202080][info  ] RTSpatialRefiner 0x7e6fafd29600 (Used 0 MB), Evaluating 9 Geometry Pairs with Predicate Intersects
[LIBGPUSPATIAL] [ 55797][17:31:16:202995][info  ] RTSpatialIndex 0x7e6fac00a7d0 (Used 0 MB), Allocate result buffer, memory consumption 0 MB, capacity 13
[LIBGPUSPATIAL] [ 55797][17:31:16:203316][info  ] RTSpatialIndex 0x7e6fac00a7d0 (Used 0 MB), Probe Points, Size: 100000, Results: 13
[LIBGPUSPATIAL] [ 55797][17:31:16:203841][info  ] RTSpatialRefiner 0x7e6fafd29600 (Used 0 MB), Loaded Geometries, ProbeArray 100000, Loaded 13, Type Point
[LIBGPUSPATIAL] [ 55797][17:31:16:204057][info  ] RTSpatialRefiner 0x7e6fafd29600 (Used 0 MB), Evaluating 13 Geometry Pairs with Predicate Intersects
[LIBGPUSPATIAL] [ 55798][17:31:16:205903][info  ] RTSpatialIndex 0x7e6fac00a7d0 (Used 1 MB), Allocate result buffer, memory consumption 0 MB, capacity 15
[LIBGPUSPATIAL] [ 55791][17:31:16:205961][info  ] RTSpatialIndex 0x7e6fac00a7d0 (Used 1 MB), Allocate result buffer, memory consumption 0 MB, capacity 27
[LIBGPUSPATIAL] [ 55798][17:31:16:206129][info  ] RTSpatialIndex 0x7e6fac00a7d0 (Used 1 MB), Probe Points, Size: 100000, Results: 15
[LIBGPUSPATIAL] [ 55791][17:31:16:206269][info  ] RTSpatialIndex 0x7e6fac00a7d0 (Used 2 MB), Probe Points, Size: 100000, Results: 27
[LIBGPUSPATIAL] [ 55792][17:31:16:206602][info  ] RTSpatialIndex 0x7e6fac00a7d0 (Used 0 MB), Allocate result buffer, memory consumption 0 MB, capacity 16
[LIBGPUSPATIAL] [ 55792][17:31:16:206695][info  ] RTSpatialIndex 0x7e6fac00a7d0 (Used 0 MB), Probe Points, Size: 100000, Results: 16
[LIBGPUSPATIAL] [ 55792][17:31:16:207094][info  ] RTSpatialRefiner 0x7e6fafd29600 (Used 0 MB), Loaded Geometries, ProbeArray 100000, Loaded 16, Type Point
[LIBGPUSPATIAL] [ 55798][17:31:16:207103][info  ] RTSpatialRefiner 0x7e6fafd29600 (Used 0 MB), Loaded Geometries, ProbeArray 100000, Loaded 15, Type Point
[LIBGPUSPATIAL] [ 55792][17:31:16:207133][info  ] RTSpatialRefiner 0x7e6fafd29600 (Used 0 MB), Evaluating 16 Geometry Pairs with Predicate Intersects
[LIBGPUSPATIAL] [ 55798][17:31:16:207141][info  ] RTSpatialRefiner 0x7e6fafd29600 (Used 0 MB), Evaluating 15 Geometry Pairs with Predicate Intersects
[LIBGPUSPATIAL] [ 55791][17:31:16:207666][info  ] RTSpatialRefiner 0x7e6fafd29600 (Used 0 MB), Loaded Geometries, ProbeArray 100000, Loaded 27, Type Point
[LIBGPUSPATIAL] [ 55791][17:31:16:207716][info  ] RTSpatialRefiner 0x7e6fafd29600 (Used 0 MB), Evaluating 27 Geometry Pairs with Predicate Intersects
[LIBGPUSPATIAL] [ 55795][17:31:16:211987][info  ] RTSpatialIndex 0x7e6fac00a7d0 (Used 2 MB), Allocate result buffer, memory consumption 0 MB, capacity 11
[LIBGPUSPATIAL] [ 55795][17:31:16:213460][info  ] RTSpatialIndex 0x7e6fac00a7d0 (Used 2 MB), Probe Points, Size: 100000, Results: 11
[LIBGPUSPATIAL] [ 55793][17:31:16:213487][info  ] RTSpatialIndex 0x7e6fac00a7d0 (Used 1 MB), Allocate result buffer, memory consumption 0 MB, capacity 14
[LIBGPUSPATIAL] [ 55796][17:31:16:213523][info  ] RTSpatialIndex 0x7e6fac00a7d0 (Used 1 MB), Allocate result buffer, memory consumption 0 MB, capacity 18
[LIBGPUSPATIAL] [ 55793][17:31:16:213994][info  ] RTSpatialIndex 0x7e6fac00a7d0 (Used 1 MB), Probe Points, Size: 100000, Results: 14
[LIBGPUSPATIAL] [ 55796][17:31:16:214203][info  ] RTSpatialIndex 0x7e6fac00a7d0 (Used 0 MB), Probe Points, Size: 100000, Results: 18
[LIBGPUSPATIAL] [ 55795][17:31:16:214474][info  ] RTSpatialRefiner 0x7e6fafd29600 (Used 0 MB), Loaded Geometries, ProbeArray 100000, Loaded 11, Type Point
[LIBGPUSPATIAL] [ 55795][17:31:16:214517][info  ] RTSpatialRefiner 0x7e6fafd29600 (Used 0 MB), Evaluating 11 Geometry Pairs with Predicate Intersects
[LIBGPUSPATIAL] [ 55793][17:31:16:214635][info  ] RTSpatialRefiner 0x7e6fafd29600 (Used 0 MB), Loaded Geometries, ProbeArray 100000, Loaded 14, Type Point
[LIBGPUSPATIAL] [ 55796][17:31:16:214640][info  ] RTSpatialRefiner 0x7e6fafd29600 (Used 0 MB), Loaded Geometries, ProbeArray 100000, Loaded 18, Type Point
[LIBGPUSPATIAL] [ 55796][17:31:16:214677][info  ] RTSpatialRefiner 0x7e6fafd29600 (Used 0 MB), Evaluating 18 Geometry Pairs with Predicate Intersects
[LIBGPUSPATIAL] [ 55793][17:31:16:214694][info  ] RTSpatialRefiner 0x7e6fafd29600 (Used 0 MB), Evaluating 14 Geometry Pairs with Predicate Intersects
[LIBGPUSPATIAL] [ 55794][17:31:16:215237][info  ] RTSpatialIndex 0x7e6fac00a7d0 (Used 1 MB), Allocate result buffer, memory consumption 0 MB, capacity 15
[LIBGPUSPATIAL] [ 55797][17:31:16:217496][info  ] RTSpatialIndex 0x7e6fac00a7d0 (Used 1 MB), Allocate result buffer, memory consumption 0 MB, capacity 14
[LIBGPUSPATIAL] [ 55797][17:31:16:217665][info  ] RTSpatialIndex 0x7e6fac00a7d0 (Used 1 MB), Probe Points, Size: 100000, Results: 14
[LIBGPUSPATIAL] [ 55794][17:31:16:217777][info  ] RTSpatialIndex 0x7e6fac00a7d0 (Used 0 MB), Probe Points, Size: 100000, Results: 15
[LIBGPUSPATIAL] [ 55794][17:31:16:218361][info  ] RTSpatialRefiner 0x7e6fafd29600 (Used 0 MB), Loaded Geometries, ProbeArray 100000, Loaded 15, Type Point
[LIBGPUSPATIAL] [ 55794][17:31:16:218589][info  ] RTSpatialRefiner 0x7e6fafd29600 (Used 0 MB), Evaluating 15 Geometry Pairs with Predicate Intersects
[LIBGPUSPATIAL] [ 55798][17:31:16:218645][info  ] RTSpatialIndex 0x7e6fac00a7d0 (Used 0 MB), Allocate result buffer, memory consumption 0 MB, capacity 7
[LIBGPUSPATIAL] [ 55798][17:31:16:218970][info  ] RTSpatialIndex 0x7e6fac00a7d0 (Used 0 MB), Probe Points, Size: 100000, Results: 7
[LIBGPUSPATIAL] [ 55797][17:31:16:219010][info  ] RTSpatialRefiner 0x7e6fafd29600 (Used 0 MB), Loaded Geometries, ProbeArray 100000, Loaded 14, Type Point
[LIBGPUSPATIAL] [ 55797][17:31:16:219109][info  ] RTSpatialRefiner 0x7e6fafd29600 (Used 0 MB), Evaluating 14 Geometry Pairs with Predicate Intersects
[LIBGPUSPATIAL] [ 55798][17:31:16:219586][info  ] RTSpatialRefiner 0x7e6fafd29600 (Used 0 MB), Loaded Geometries, ProbeArray 100000, Loaded 7, Type Point
[LIBGPUSPATIAL] [ 55798][17:31:16:219725][info  ] RTSpatialRefiner 0x7e6fafd29600 (Used 0 MB), Evaluating 7 Geometry Pairs with Predicate Intersects
[LIBGPUSPATIAL] [ 55792][17:31:16:220868][info  ] RTSpatialIndex 0x7e6fac00a7d0 (Used 2 MB), Allocate result buffer, memory consumption 0 MB, capacity 9
[LIBGPUSPATIAL] [ 55792][17:31:16:221375][info  ] RTSpatialIndex 0x7e6fac00a7d0 (Used 1 MB), Probe Points, Size: 100000, Results: 9
[LIBGPUSPATIAL] [ 55791][17:31:16:221407][info  ] RTSpatialIndex 0x7e6fac00a7d0 (Used 0 MB), Allocate result buffer, memory consumption 0 MB, capacity 18
[LIBGPUSPATIAL] [ 55791][17:31:16:221778][info  ] RTSpatialIndex 0x7e6fac00a7d0 (Used 0 MB), Probe Points, Size: 100000, Results: 18
[LIBGPUSPATIAL] [ 55792][17:31:16:223281][info  ] RTSpatialRefiner 0x7e6fafd29600 (Used 0 MB), Loaded Geometries, ProbeArray 100000, Loaded 9, Type Point
[LIBGPUSPATIAL] [ 55792][17:31:16:223324][info  ] RTSpatialRefiner 0x7e6fafd29600 (Used 0 MB), Evaluating 9 Geometry Pairs with Predicate Intersects
[LIBGPUSPATIAL] [ 55791][17:31:16:223345][info  ] RTSpatialRefiner 0x7e6fafd29600 (Used 0 MB), Loaded Geometries, ProbeArray 100000, Loaded 18, Type Point
[LIBGPUSPATIAL] [ 55791][17:31:16:223383][info  ] RTSpatialRefiner 0x7e6fafd29600 (Used 0 MB), Evaluating 18 Geometry Pairs with Predicate Intersects
[LIBGPUSPATIAL] [ 55796][17:31:16:227222][info  ] RTSpatialIndex 0x7e6fac00a7d0 (Used 0 MB), Allocate result buffer, memory consumption 0 MB, capacity 8
[LIBGPUSPATIAL] [ 55796][17:31:16:227350][info  ] RTSpatialIndex 0x7e6fac00a7d0 (Used 0 MB), Probe Points, Size: 100000, Results: 8
[LIBGPUSPATIAL] [ 55796][17:31:16:227757][info  ] RTSpatialRefiner 0x7e6fafd29600 (Used 0 MB), Loaded Geometries, ProbeArray 100000, Loaded 8, Type Point
[LIBGPUSPATIAL] [ 55796][17:31:16:227801][info  ] RTSpatialRefiner 0x7e6fafd29600 (Used 0 MB), Evaluating 8 Geometry Pairs with Predicate Intersects
[LIBGPUSPATIAL] [ 55795][17:31:16:230623][info  ] RTSpatialIndex 0x7e6fac00a7d0 (Used 0 MB), Allocate result buffer, memory consumption 0 MB, capacity 13
[LIBGPUSPATIAL] [ 55795][17:31:16:230786][info  ] RTSpatialIndex 0x7e6fac00a7d0 (Used 2 MB), Probe Points, Size: 100000, Results: 13
[LIBGPUSPATIAL] [ 55793][17:31:16:231279][info  ] RTSpatialIndex 0x7e6fac00a7d0 (Used 0 MB), Allocate result buffer, memory consumption 0 MB, capacity 14
[LIBGPUSPATIAL] [ 55793][17:31:16:231419][info  ] RTSpatialIndex 0x7e6fac00a7d0 (Used 0 MB), Probe Points, Size: 100000, Results: 14
[LIBGPUSPATIAL] [ 55795][17:31:16:231444][info  ] RTSpatialRefiner 0x7e6fafd29600 (Used 0 MB), Loaded Geometries, ProbeArray 100000, Loaded 13, Type Point
[LIBGPUSPATIAL] [ 55795][17:31:16:231482][info  ] RTSpatialRefiner 0x7e6fafd29600 (Used 0 MB), Evaluating 13 Geometry Pairs with Predicate Intersects
[LIBGPUSPATIAL] [ 55793][17:31:16:231819][info  ] RTSpatialRefiner 0x7e6fafd29600 (Used 1 MB), Loaded Geometries, ProbeArray 100000, Loaded 14, Type Point
[LIBGPUSPATIAL] [ 55793][17:31:16:231855][info  ] RTSpatialRefiner 0x7e6fafd29600 (Used 1 MB), Evaluating 14 Geometry Pairs with Predicate Intersects
[LIBGPUSPATIAL] [ 55794][17:31:16:232386][info  ] RTSpatialIndex 0x7e6fac00a7d0 (Used 0 MB), Allocate result buffer, memory consumption 0 MB, capacity 12
[LIBGPUSPATIAL] [ 55794][17:31:16:233097][info  ] RTSpatialIndex 0x7e6fac00a7d0 (Used 2 MB), Probe Points, Size: 100000, Results: 12
[LIBGPUSPATIAL] [ 55798][17:31:16:233301][info  ] RTSpatialIndex 0x7e6fac00a7d0 (Used 1 MB), Allocate result buffer, memory consumption 0 MB, capacity 9
[LIBGPUSPATIAL] [ 55797][17:31:16:233512][info  ] RTSpatialIndex 0x7e6fac00a7d0 (Used 1 MB), Allocate result buffer, memory consumption 0 MB, capacity 20
[LIBGPUSPATIAL] [ 55798][17:31:16:235689][info  ] RTSpatialIndex 0x7e6fac00a7d0 (Used 1 MB), Probe Points, Size: 100000, Results: 9
[LIBGPUSPATIAL] [ 55794][17:31:16:235794][info  ] RTSpatialRefiner 0x7e6fafd29600 (Used 0 MB), Loaded Geometries, ProbeArray 100000, Loaded 12, Type Point
[LIBGPUSPATIAL] [ 55794][17:31:16:235845][info  ] RTSpatialRefiner 0x7e6fafd29600 (Used 0 MB), Evaluating 12 Geometry Pairs with Predicate Intersects
[LIBGPUSPATIAL] [ 55797][17:31:16:235924][info  ] RTSpatialIndex 0x7e6fac00a7d0 (Used 0 MB), Probe Points, Size: 100000, Results: 20
[LIBGPUSPATIAL] [ 55798][17:31:16:236576][info  ] RTSpatialRefiner 0x7e6fafd29600 (Used 0 MB), Loaded Geometries, ProbeArray 100000, Loaded 9, Type Point
[LIBGPUSPATIAL] [ 55798][17:31:16:236619][info  ] RTSpatialRefiner 0x7e6fafd29600 (Used 0 MB), Evaluating 9 Geometry Pairs with Predicate Intersects
[LIBGPUSPATIAL] [ 55797][17:31:16:236735][info  ] RTSpatialRefiner 0x7e6fafd29600 (Used 0 MB), Loaded Geometries, ProbeArray 100000, Loaded 20, Type Point
[LIBGPUSPATIAL] [ 55791][17:31:16:236744][info  ] RTSpatialIndex 0x7e6fac00a7d0 (Used 0 MB), Allocate result buffer, memory consumption 0 MB, capacity 16
[LIBGPUSPATIAL] [ 55797][17:31:16:236780][info  ] RTSpatialRefiner 0x7e6fafd29600 (Used 2 MB), Evaluating 20 Geometry Pairs with Predicate Intersects
[LIBGPUSPATIAL] [ 55791][17:31:16:237381][info  ] RTSpatialIndex 0x7e6fac00a7d0 (Used 1 MB), Probe Points, Size: 100000, Results: 16
[LIBGPUSPATIAL] [ 55792][17:31:16:237593][info  ] RTSpatialIndex 0x7e6fac00a7d0 (Used 0 MB), Allocate result buffer, memory consumption 0 MB, capacity 16
[LIBGPUSPATIAL] [ 55791][17:31:16:238072][info  ] RTSpatialRefiner 0x7e6fafd29600 (Used 0 MB), Loaded Geometries, ProbeArray 100000, Loaded 16, Type Point
[LIBGPUSPATIAL] [ 55792][17:31:16:238079][info  ] RTSpatialIndex 0x7e6fac00a7d0 (Used 0 MB), Probe Points, Size: 100000, Results: 16
[LIBGPUSPATIAL] [ 55791][17:31:16:238120][info  ] RTSpatialRefiner 0x7e6fafd29600 (Used 0 MB), Evaluating 16 Geometry Pairs with Predicate Intersects
[LIBGPUSPATIAL] [ 55792][17:31:16:238543][info  ] RTSpatialRefiner 0x7e6fafd29600 (Used 0 MB), Loaded Geometries, ProbeArray 100000, Loaded 16, Type Point
[LIBGPUSPATIAL] [ 55792][17:31:16:238600][info  ] RTSpatialRefiner 0x7e6fafd29600 (Used 0 MB), Evaluating 16 Geometry Pairs with Predicate Intersects
[LIBGPUSPATIAL] [ 55796][17:31:16:239576][info  ] RTSpatialIndex 0x7e6fac00a7d0 (Used 0 MB), Allocate result buffer, memory consumption 0 MB, capacity 18
[LIBGPUSPATIAL] [ 55796][17:31:16:239695][info  ] RTSpatialIndex 0x7e6fac00a7d0 (Used 0 MB), Probe Points, Size: 100000, Results: 18
[LIBGPUSPATIAL] [ 55796][17:31:16:240400][info  ] RTSpatialRefiner 0x7e6fafd29600 (Used 0 MB), Loaded Geometries, ProbeArray 100000, Loaded 18, Type Point
[LIBGPUSPATIAL] [ 55796][17:31:16:240444][info  ] RTSpatialRefiner 0x7e6fafd29600 (Used 0 MB), Evaluating 18 Geometry Pairs with Predicate Intersects
[LIBGPUSPATIAL] [ 55795][17:31:16:243687][info  ] RTSpatialIndex 0x7e6fac00a7d0 (Used 0 MB), Allocate result buffer, memory consumption 0 MB, capacity 14
[LIBGPUSPATIAL] [ 55795][17:31:16:243818][info  ] RTSpatialIndex 0x7e6fac00a7d0 (Used 0 MB), Probe Points, Size: 100000, Results: 14
[LIBGPUSPATIAL] [ 55795][17:31:16:244218][info  ] RTSpatialRefiner 0x7e6fafd29600 (Used 0 MB), Loaded Geometries, ProbeArray 100000, Loaded 14, Type Point
[LIBGPUSPATIAL] [ 55795][17:31:16:244262][info  ] RTSpatialRefiner 0x7e6fafd29600 (Used 0 MB), Evaluating 14 Geometry Pairs with Predicate Intersects
[LIBGPUSPATIAL] [ 55793][17:31:16:247723][info  ] RTSpatialIndex 0x7e6fac00a7d0 (Used 0 MB), Allocate result buffer, memory consumption 0 MB, capacity 24
[LIBGPUSPATIAL] [ 55793][17:31:16:247845][info  ] RTSpatialIndex 0x7e6fac00a7d0 (Used 0 MB), Probe Points, Size: 100000, Results: 24
[LIBGPUSPATIAL] [ 55793][17:31:16:248251][info  ] RTSpatialRefiner 0x7e6fafd29600 (Used 0 MB), Loaded Geometries, ProbeArray 100000, Loaded 24, Type Point
[LIBGPUSPATIAL] [ 55793][17:31:16:248294][info  ] RTSpatialRefiner 0x7e6fafd29600 (Used 0 MB), Evaluating 24 Geometry Pairs with Predicate Intersects
[LIBGPUSPATIAL] [ 55794][17:31:16:251893][info  ] RTSpatialIndex 0x7e6fac00a7d0 (Used 4 MB), Allocate result buffer, memory consumption 0 MB, capacity 17
[LIBGPUSPATIAL] [ 55798][17:31:16:252063][info  ] RTSpatialIndex 0x7e6fac00a7d0 (Used 3 MB), Allocate result buffer, memory consumption 0 MB, capacity 13
[LIBGPUSPATIAL] [ 55797][17:31:16:252114][info  ] RTSpatialIndex 0x7e6fac00a7d0 (Used 3 MB), Allocate result buffer, memory consumption 0 MB, capacity 20
[LIBGPUSPATIAL] [ 55798][17:31:16:252272][info  ] RTSpatialIndex 0x7e6fac00a7d0 (Used 3 MB), Probe Points, Size: 100000, Results: 13
[LIBGPUSPATIAL] [ 55794][17:31:16:252448][info  ] RTSpatialIndex 0x7e6fac00a7d0 (Used 3 MB), Probe Points, Size: 100000, Results: 17
[LIBGPUSPATIAL] [ 55791][17:31:16:252663][info  ] RTSpatialIndex 0x7e6fac00a7d0 (Used 3 MB), Allocate result buffer, memory consumption 0 MB, capacity 16
[LIBGPUSPATIAL] [ 55797][17:31:16:253073][info  ] RTSpatialIndex 0x7e6fac00a7d0 (Used 3 MB), Probe Points, Size: 100000, Results: 20
[LIBGPUSPATIAL] [ 55798][17:31:16:253180][info  ] RTSpatialRefiner 0x7e6fafd29600 (Used 3 MB), Loaded Geometries, ProbeArray 100000, Loaded 13, Type Point
[LIBGPUSPATIAL] [ 55792][17:31:16:253312][info  ] RTSpatialIndex 0x7e6fac00a7d0 (Used 3 MB), Allocate result buffer, memory consumption 0 MB, capacity 22
[LIBGPUSPATIAL] [ 55798][17:31:16:253318][info  ] RTSpatialRefiner 0x7e6fafd29600 (Used 3 MB), Evaluating 13 Geometry Pairs with Predicate Intersects
[LIBGPUSPATIAL] [ 55794][17:31:16:253415][info  ] RTSpatialRefiner 0x7e6fafd29600 (Used 2 MB), Loaded Geometries, ProbeArray 100000, Loaded 17, Type Point
[LIBGPUSPATIAL] [ 55794][17:31:16:253467][info  ] RTSpatialRefiner 0x7e6fafd29600 (Used 2 MB), Evaluating 17 Geometry Pairs with Predicate Intersects
[LIBGPUSPATIAL] [ 55797][17:31:16:253760][info  ] RTSpatialRefiner 0x7e6fafd29600 (Used 2 MB), Loaded Geometries, ProbeArray 100000, Loaded 20, Type Point
[LIBGPUSPATIAL] [ 55797][17:31:16:253834][info  ] RTSpatialRefiner 0x7e6fafd29600 (Used 2 MB), Evaluating 20 Geometry Pairs with Predicate Intersects
[LIBGPUSPATIAL] [ 55791][17:31:16:254030][info  ] RTSpatialIndex 0x7e6fac00a7d0 (Used 2 MB), Probe Points, Size: 100000, Results: 16
[LIBGPUSPATIAL] [ 55796][17:31:16:254217][info  ] RTSpatialIndex 0x7e6fac00a7d0 (Used 1 MB), Allocate result buffer, memory consumption 0 MB, capacity 17
[LIBGPUSPATIAL] [ 55792][17:31:16:254526][info  ] RTSpatialIndex 0x7e6fac00a7d0 (Used 1 MB), Probe Points, Size: 100000, Results: 22
[LIBGPUSPATIAL] [ 55796][17:31:16:255092][info  ] RTSpatialIndex 0x7e6fac00a7d0 (Used 0 MB), Probe Points, Size: 100000, Results: 17
[LIBGPUSPATIAL] [ 55791][17:31:16:255193][info  ] RTSpatialRefiner 0x7e6fafd29600 (Used 0 MB), Loaded Geometries, ProbeArray 100000, Loaded 16, Type Point
[LIBGPUSPATIAL] [ 55792][17:31:16:255203][info  ] RTSpatialRefiner 0x7e6fafd29600 (Used 0 MB), Loaded Geometries, ProbeArray 100000, Loaded 22, Type Point
[LIBGPUSPATIAL] [ 55791][17:31:16:255383][info  ] RTSpatialRefiner 0x7e6fafd29600 (Used 0 MB), Evaluating 16 Geometry Pairs with Predicate Intersects
[LIBGPUSPATIAL] [ 55792][17:31:16:255388][info  ] RTSpatialRefiner 0x7e6fafd29600 (Used 0 MB), Evaluating 22 Geometry Pairs with Predicate Intersects
[LIBGPUSPATIAL] [ 55796][17:31:16:256973][info  ] RTSpatialRefiner 0x7e6fafd29600 (Used 0 MB), Loaded Geometries, ProbeArray 100000, Loaded 17, Type Point
[LIBGPUSPATIAL] [ 55795][17:31:16:257058][info  ] RTSpatialIndex 0x7e6fac00a7d0 (Used 0 MB), Allocate result buffer, memory consumption 0 MB, capacity 12
[LIBGPUSPATIAL] [ 55796][17:31:16:257066][info  ] RTSpatialRefiner 0x7e6fafd29600 (Used 0 MB), Evaluating 17 Geometry Pairs with Predicate Intersects
[LIBGPUSPATIAL] [ 55795][17:31:16:257185][info  ] RTSpatialIndex 0x7e6fac00a7d0 (Used 0 MB), Probe Points, Size: 100000, Results: 12
[LIBGPUSPATIAL] [ 55795][17:31:16:259452][info  ] RTSpatialRefiner 0x7e6fafd29600 (Used 0 MB), Loaded Geometries, ProbeArray 100000, Loaded 12, Type Point
[LIBGPUSPATIAL] [ 55795][17:31:16:259497][info  ] RTSpatialRefiner 0x7e6fafd29600 (Used 0 MB), Evaluating 12 Geometry Pairs with Predicate Intersects
[LIBGPUSPATIAL] [ 55793][17:31:16:260927][info  ] RTSpatialIndex 0x7e6fac00a7d0 (Used 0 MB), Allocate result buffer, memory consumption 0 MB, capacity 16
[LIBGPUSPATIAL] [ 55793][17:31:16:261059][info  ] RTSpatialIndex 0x7e6fac00a7d0 (Used 0 MB), Probe Points, Size: 100000, Results: 16
[LIBGPUSPATIAL] [ 55793][17:31:16:261626][info  ] RTSpatialRefiner 0x7e6fafd29600 (Used 0 MB), Loaded Geometries, ProbeArray 100000, Loaded 16, Type Point
[LIBGPUSPATIAL] [ 55793][17:31:16:261671][info  ] RTSpatialRefiner 0x7e6fafd29600 (Used 0 MB), Evaluating 16 Geometry Pairs with Predicate Intersects
[LIBGPUSPATIAL] [ 55798][17:31:16:269470][info  ] RTSpatialIndex 0x7e6fac00a7d0 (Used 3 MB), Allocate result buffer, memory consumption 0 MB, capacity 13
[LIBGPUSPATIAL] [ 55797][17:31:16:269515][info  ] RTSpatialIndex 0x7e6fac00a7d0 (Used 3 MB), Allocate result buffer, memory consumption 0 MB, capacity 8
[LIBGPUSPATIAL] [ 55791][17:31:16:269549][info  ] RTSpatialIndex 0x7e6fac00a7d0 (Used 3 MB), Allocate result buffer, memory consumption 0 MB, capacity 17
[LIBGPUSPATIAL] [ 55794][17:31:16:269940][info  ] RTSpatialIndex 0x7e6fac00a7d0 (Used 6 MB), Allocate result buffer, memory consumption 0 MB, capacity 15
[LIBGPUSPATIAL] [ 55797][17:31:16:270358][info  ] RTSpatialIndex 0x7e6fac00a7d0 (Used 4 MB), Probe Points, Size: 100000, Results: 8
[LIBGPUSPATIAL] [ 55798][17:31:16:270498][info  ] RTSpatialIndex 0x7e6fac00a7d0 (Used 3 MB), Probe Points, Size: 100000, Results: 13
[LIBGPUSPATIAL] [ 55791][17:31:16:270890][info  ] RTSpatialIndex 0x7e6fac00a7d0 (Used 3 MB), Probe Points, Size: 100000, Results: 17
[LIBGPUSPATIAL] [ 55794][17:31:16:271137][info  ] RTSpatialIndex 0x7e6fac00a7d0 (Used 2 MB), Probe Points, Size: 100000, Results: 15
[LIBGPUSPATIAL] [ 55798][17:31:16:271252][info  ] RTSpatialRefiner 0x7e6fafd29600 (Used 1 MB), Loaded Geometries, ProbeArray 100000, Loaded 13, Type Point
[LIBGPUSPATIAL] [ 55798][17:31:16:271299][info  ] RTSpatialRefiner 0x7e6fafd29600 (Used 1 MB), Evaluating 13 Geometry Pairs with Predicate Intersects
[LIBGPUSPATIAL] [ 55796][17:31:16:271353][info  ] RTSpatialIndex 0x7e6fac00a7d0 (Used 1 MB), Allocate result buffer, memory consumption 0 MB, capacity 14
[LIBGPUSPATIAL] [ 55797][17:31:16:271515][info  ] RTSpatialRefiner 0x7e6fafd29600 (Used 1 MB), Loaded Geometries, ProbeArray 100000, Loaded 8, Type Point
[LIBGPUSPATIAL] [ 55797][17:31:16:271563][info  ] RTSpatialRefiner 0x7e6fafd29600 (Used 1 MB), Evaluating 8 Geometry Pairs with Predicate Intersects
[LIBGPUSPATIAL] [ 55792][17:31:16:271781][info  ] RTSpatialIndex 0x7e6fac00a7d0 (Used 1 MB), Allocate result buffer, memory consumption 0 MB, capacity 13
[LIBGPUSPATIAL] [ 55791][17:31:16:271919][info  ] RTSpatialRefiner 0x7e6fafd29600 (Used 1 MB), Loaded Geometries, ProbeArray 100000, Loaded 17, Type Point
[LIBGPUSPATIAL] [ 55796][17:31:16:272115][info  ] RTSpatialIndex 0x7e6fac00a7d0 (Used 3 MB), Probe Points, Size: 100000, Results: 14
[LIBGPUSPATIAL] [ 55791][17:31:16:272134][info  ] RTSpatialRefiner 0x7e6fafd29600 (Used 3 MB), Evaluating 17 Geometry Pairs with Predicate Intersects
[LIBGPUSPATIAL] [ 55794][17:31:16:272407][info  ] RTSpatialRefiner 0x7e6fafd29600 (Used 2 MB), Loaded Geometries, ProbeArray 100000, Loaded 15, Type Point
[LIBGPUSPATIAL] [ 55794][17:31:16:272486][info  ] RTSpatialRefiner 0x7e6fafd29600 (Used 2 MB), Evaluating 15 Geometry Pairs with Predicate Intersects
[LIBGPUSPATIAL] [ 55792][17:31:16:272508][info  ] RTSpatialIndex 0x7e6fac00a7d0 (Used 2 MB), Probe Points, Size: 100000, Results: 13
[LIBGPUSPATIAL] [ 55795][17:31:16:273103][info  ] RTSpatialIndex 0x7e6fac00a7d0 (Used 0 MB), Allocate result buffer, memory consumption 0 MB, capacity 12
[LIBGPUSPATIAL] [ 55795][17:31:16:273489][info  ] RTSpatialIndex 0x7e6fac00a7d0 (Used 2 MB), Probe Points, Size: 100000, Results: 12
[LIBGPUSPATIAL] [ 55796][17:31:16:273733][info  ] RTSpatialRefiner 0x7e6fafd29600 (Used 1 MB), Loaded Geometries, ProbeArray 100000, Loaded 14, Type Point
[LIBGPUSPATIAL] [ 55792][17:31:16:273775][info  ] RTSpatialRefiner 0x7e6fafd29600 (Used 2 MB), Loaded Geometries, ProbeArray 100000, Loaded 13, Type Point
[LIBGPUSPATIAL] [ 55792][17:31:16:273820][info  ] RTSpatialRefiner 0x7e6fafd29600 (Used 0 MB), Evaluating 13 Geometry Pairs with Predicate Intersects
[LIBGPUSPATIAL] [ 55796][17:31:16:273826][info  ] RTSpatialRefiner 0x7e6fafd29600 (Used 0 MB), Evaluating 14 Geometry Pairs with Predicate Intersects
[LIBGPUSPATIAL] [ 55793][17:31:16:274145][info  ] RTSpatialIndex 0x7e6fac00a7d0 (Used 0 MB), Allocate result buffer, memory consumption 0 MB, capacity 15
[LIBGPUSPATIAL] [ 55795][17:31:16:274559][info  ] RTSpatialRefiner 0x7e6fafd29600 (Used 0 MB), Loaded Geometries, ProbeArray 100000, Loaded 12, Type Point
[LIBGPUSPATIAL] [ 55793][17:31:16:274696][info  ] RTSpatialIndex 0x7e6fac00a7d0 (Used 0 MB), Probe Points, Size: 100000, Results: 15
[LIBGPUSPATIAL] [ 55795][17:31:16:274727][info  ] RTSpatialRefiner 0x7e6fafd29600 (Used 0 MB), Evaluating 12 Geometry Pairs with Predicate Intersects
[LIBGPUSPATIAL] [ 55793][17:31:16:275238][info  ] RTSpatialRefiner 0x7e6fafd29600 (Used 0 MB), Loaded Geometries, ProbeArray 100000, Loaded 15, Type Point
[LIBGPUSPATIAL] [ 55793][17:31:16:275279][info  ] RTSpatialRefiner 0x7e6fafd29600 (Used 0 MB), Evaluating 15 Geometry Pairs with Predicate Intersects
[LIBGPUSPATIAL] [ 55798][17:31:16:277125][info  ] RTSpatialIndex 0x7e6fac00a7d0 (Used 0 MB), Allocate result buffer, memory consumption 0 MB, capacity 2
[LIBGPUSPATIAL] [ 55798][17:31:16:277242][info  ] RTSpatialIndex 0x7e6fac00a7d0 (Used 0 MB), Probe Points, Size: 33333, Results: 2
[LIBGPUSPATIAL] [ 55798][17:31:16:278161][info  ] RTSpatialRefiner 0x7e6fafd29600 (Used 0 MB), Loaded Geometries, ProbeArray 33333, Loaded 2, Type Point
[LIBGPUSPATIAL] [ 55798][17:31:16:278197][info  ] RTSpatialRefiner 0x7e6fafd29600 (Used 0 MB), Evaluating 2 Geometry Pairs with Predicate Intersects
[LIBGPUSPATIAL] [ 55791][17:31:16:278884][info  ] RTSpatialIndex 0x7e6fac00a7d0 (Used 0 MB), Allocate result buffer, memory consumption 0 MB, capacity 4
[LIBGPUSPATIAL] [ 55791][17:31:16:278997][info  ] RTSpatialIndex 0x7e6fac00a7d0 (Used 0 MB), Probe Points, Size: 33333, Results: 4
[LIBGPUSPATIAL] [ 55791][17:31:16:280124][info  ] RTSpatialRefiner 0x7e6fafd29600 (Used 1 MB), Loaded Geometries, ProbeArray 33333, Loaded 4, Type Point
[LIBGPUSPATIAL] [ 55791][17:31:16:280209][info  ] RTSpatialRefiner 0x7e6fafd29600 (Used 1 MB), Evaluating 4 Geometry Pairs with Predicate Intersects
[LIBGPUSPATIAL] [ 55795][17:31:16:280298][info  ] RTSpatialIndex 0x7e6fac00a7d0 (Used 1 MB), Allocate result buffer, memory consumption 0 MB, capacity 6
[LIBGPUSPATIAL] [ 55793][17:31:16:280628][info  ] RTSpatialIndex 0x7e6fac00a7d0 (Used 1 MB), Allocate result buffer, memory consumption 0 MB, capacity 5
[LIBGPUSPATIAL] [ 55796][17:31:16:280740][info  ] RTSpatialIndex 0x7e6fac00a7d0 (Used 1 MB), Allocate result buffer, memory consumption 0 MB, capacity 6
[LIBGPUSPATIAL] [ 55792][17:31:16:280963][info  ] RTSpatialIndex 0x7e6fac00a7d0 (Used 1 MB), Allocate result buffer, memory consumption 0 MB, capacity 10
[LIBGPUSPATIAL] [ 55795][17:31:16:281273][info  ] RTSpatialIndex 0x7e6fac00a7d0 (Used 1 MB), Probe Points, Size: 33333, Results: 6
[LIBGPUSPATIAL] [ 55793][17:31:16:281401][info  ] RTSpatialIndex 0x7e6fac00a7d0 (Used 0 MB), Probe Points, Size: 33333, Results: 5
[LIBGPUSPATIAL] [ 55792][17:31:16:281595][info  ] RTSpatialIndex 0x7e6fac00a7d0 (Used 0 MB), Probe Points, Size: 33333, Results: 10
[LIBGPUSPATIAL] [ 55796][17:31:16:281940][info  ] RTSpatialIndex 0x7e6fac00a7d0 (Used 0 MB), Probe Points, Size: 33333, Results: 6
[LIBGPUSPATIAL] [ 55793][17:31:16:282835][info  ] RTSpatialRefiner 0x7e6fafd29600 (Used 0 MB), Loaded Geometries, ProbeArray 33333, Loaded 5, Type Point
[LIBGPUSPATIAL] [ 55793][17:31:16:282874][info  ] RTSpatialRefiner 0x7e6fafd29600 (Used 0 MB), Evaluating 5 Geometry Pairs with Predicate Intersects
[LIBGPUSPATIAL] [ 55792][17:31:16:283565][info  ] RTSpatialRefiner 0x7e6fafd29600 (Used 0 MB), Loaded Geometries, ProbeArray 33333, Loaded 10, Type Point
[LIBGPUSPATIAL] [ 55792][17:31:16:283621][info  ] RTSpatialRefiner 0x7e6fafd29600 (Used 0 MB), Evaluating 10 Geometry Pairs with Predicate Intersects
[LIBGPUSPATIAL] [ 55795][17:31:16:283659][info  ] RTSpatialRefiner 0x7e6fafd29600 (Used 0 MB), Loaded Geometries, ProbeArray 33333, Loaded 6, Type Point
[LIBGPUSPATIAL] [ 55795][17:31:16:283718][info  ] RTSpatialRefiner 0x7e6fafd29600 (Used 0 MB), Evaluating 6 Geometry Pairs with Predicate Intersects
[LIBGPUSPATIAL] [ 55796][17:31:16:283807][info  ] RTSpatialRefiner 0x7e6fafd29600 (Used 0 MB), Loaded Geometries, ProbeArray 33333, Loaded 6, Type Point
[LIBGPUSPATIAL] [ 55796][17:31:16:283862][info  ] RTSpatialRefiner 0x7e6fafd29600 (Used 0 MB), Evaluating 6 Geometry Pairs with Predicate Intersects
[LIBGPUSPATIAL] [ 55797][17:31:16:287315][info  ] RTSpatialIndex 0x7e6fac00a7d0 (Used 0 MB), Allocate result buffer, memory consumption 0 MB, capacity 10
[LIBGPUSPATIAL] [ 55797][17:31:16:287845][info  ] RTSpatialIndex 0x7e6fac00a7d0 (Used 0 MB), Probe Points, Size: 100000, Results: 10
[LIBGPUSPATIAL] [ 55797][17:31:16:291182][info  ] RTSpatialRefiner 0x7e6fafd29600 (Used 1 MB), Loaded Geometries, ProbeArray 100000, Loaded 10, Type Point
[LIBGPUSPATIAL] [ 55797][17:31:16:291482][info  ] RTSpatialRefiner 0x7e6fafd29600 (Used 0 MB), Evaluating 10 Geometry Pairs with Predicate Intersects
[LIBGPUSPATIAL] [ 55794][17:31:16:291773][info  ] RTSpatialIndex 0x7e6fac00a7d0 (Used 0 MB), Allocate result buffer, memory consumption 0 MB, capacity 6
[LIBGPUSPATIAL] [ 55794][17:31:16:291915][info  ] RTSpatialIndex 0x7e6fac00a7d0 (Used 0 MB), Probe Points, Size: 100000, Results: 6
[LIBGPUSPATIAL] [ 55794][17:31:16:292290][info  ] RTSpatialRefiner 0x7e6fafd29600 (Used 0 MB), Loaded Geometries, ProbeArray 100000, Loaded 6, Type Point
[LIBGPUSPATIAL] [ 55794][17:31:16:292595][info  ] RTSpatialRefiner 0x7e6fafd29600 (Used 0 MB), Evaluating 6 Geometry Pairs with Predicate Intersects
[LIBGPUSPATIAL] [ 55793][17:31:16:297261][info  ] RTSpatialIndex 0x7e6fac00a7d0 (Used 0 MB), Allocate result buffer, memory consumption 0 MB, capacity 11
[LIBGPUSPATIAL] [ 55793][17:31:16:297397][info  ] RTSpatialIndex 0x7e6fac00a7d0 (Used 0 MB), Probe Points, Size: 100000, Results: 11
[LIBGPUSPATIAL] [ 55797][17:31:16:298545][info  ] RTSpatialIndex 0x7e6fac00a7d0 (Used 0 MB), Allocate result buffer, memory consumption 0 MB, capacity 6
[LIBGPUSPATIAL] [ 55793][17:31:16:298550][info  ] RTSpatialRefiner 0x7e6fafd29600 (Used 0 MB), Loaded Geometries, ProbeArray 100000, Loaded 11, Type Point
[LIBGPUSPATIAL] [ 55794][17:31:16:298594][info  ] RTSpatialIndex 0x7e6fac00a7d0 (Used 0 MB), Allocate result buffer, memory consumption 0 MB, capacity 4
[LIBGPUSPATIAL] [ 55793][17:31:16:298635][info  ] RTSpatialRefiner 0x7e6fafd29600 (Used 0 MB), Evaluating 11 Geometry Pairs with Predicate Intersects
[LIBGPUSPATIAL] [ 55797][17:31:16:298903][info  ] RTSpatialIndex 0x7e6fac00a7d0 (Used 0 MB), Probe Points, Size: 33333, Results: 6
[LIBGPUSPATIAL] [ 55794][17:31:16:299011][info  ] RTSpatialIndex 0x7e6fac00a7d0 (Used 0 MB), Probe Points, Size: 33333, Results: 4
[LIBGPUSPATIAL] [ 55794][17:31:16:299505][info  ] RTSpatialRefiner 0x7e6fafd29600 (Used 0 MB), Loaded Geometries, ProbeArray 33333, Loaded 4, Type Point
[LIBGPUSPATIAL] [ 55794][17:31:16:299556][info  ] RTSpatialRefiner 0x7e6fafd29600 (Used 0 MB), Evaluating 4 Geometry Pairs with Predicate Intersects
[LIBGPUSPATIAL] [ 55797][17:31:16:300986][info  ] RTSpatialRefiner 0x7e6fafd29600 (Used 0 MB), Loaded Geometries, ProbeArray 33333, Loaded 6, Type Point
[LIBGPUSPATIAL] [ 55797][17:31:16:301028][info  ] RTSpatialRefiner 0x7e6fafd29600 (Used 0 MB), Evaluating 6 Geometry Pairs with Predicate Intersects
[LIBGPUSPATIAL] [ 55796][17:31:16:305100][info  ] RTSpatialIndex 0x7e6fac00a7d0 (Used 2 MB), Allocate result buffer, memory consumption 0 MB, capacity 11
[LIBGPUSPATIAL] [ 55791][17:31:16:305104][info  ] RTSpatialIndex 0x7e6fac00a7d0 (Used 2 MB), Allocate result buffer, memory consumption 0 MB, capacity 19
[LIBGPUSPATIAL] [ 55796][17:31:16:305435][info  ] RTSpatialIndex 0x7e6fac00a7d0 (Used 2 MB), Probe Points, Size: 100000, Results: 11
[LIBGPUSPATIAL] [ 55792][17:31:16:305747][info  ] RTSpatialIndex 0x7e6fac00a7d0 (Used 1 MB), Allocate result buffer, memory consumption 0 MB, capacity 10
[LIBGPUSPATIAL] [ 55791][17:31:16:305926][info  ] RTSpatialIndex 0x7e6fac00a7d0 (Used 1 MB), Probe Points, Size: 100000, Results: 19
[LIBGPUSPATIAL] [ 55792][17:31:16:306016][info  ] RTSpatialIndex 0x7e6fac00a7d0 (Used 0 MB), Probe Points, Size: 100000, Results: 10
[LIBGPUSPATIAL] [ 55796][17:31:16:306334][info  ] RTSpatialRefiner 0x7e6fafd29600 (Used 0 MB), Loaded Geometries, ProbeArray 100000, Loaded 11, Type Point
[LIBGPUSPATIAL] [ 55796][17:31:16:306380][info  ] RTSpatialRefiner 0x7e6fafd29600 (Used 0 MB), Evaluating 11 Geometry Pairs with Predicate Intersects
[LIBGPUSPATIAL] [ 55791][17:31:16:306582][info  ] RTSpatialRefiner 0x7e6fafd29600 (Used 0 MB), Loaded Geometries, ProbeArray 100000, Loaded 19, Type Point
[LIBGPUSPATIAL] [ 55791][17:31:16:306642][info  ] RTSpatialRefiner 0x7e6fafd29600 (Used 0 MB), Evaluating 19 Geometry Pairs with Predicate Intersects
[LIBGPUSPATIAL] [ 55795][17:31:16:307528][info  ] RTSpatialIndex 0x7e6fac00a7d0 (Used 0 MB), Allocate result buffer, memory consumption 0 MB, capacity 18
[LIBGPUSPATIAL] [ 55792][17:31:16:307537][info  ] RTSpatialRefiner 0x7e6fafd29600 (Used 0 MB), Loaded Geometries, ProbeArray 100000, Loaded 10, Type Point
[LIBGPUSPATIAL] [ 55792][17:31:16:307695][info  ] RTSpatialRefiner 0x7e6fafd29600 (Used 0 MB), Evaluating 10 Geometry Pairs with Predicate Intersects
[LIBGPUSPATIAL] [ 55795][17:31:16:308450][info  ] RTSpatialIndex 0x7e6fac00a7d0 (Used 2 MB), Probe Points, Size: 100000, Results: 18
[LIBGPUSPATIAL] [ 55798][17:31:16:308976][info  ] RTSpatialIndex 0x7e6fac00a7d0 (Used 0 MB), Allocate result buffer, memory consumption 0 MB, capacity 13
[LIBGPUSPATIAL] [ 55798][17:31:16:309230][info  ] RTSpatialIndex 0x7e6fac00a7d0 (Used 0 MB), Probe Points, Size: 100000, Results: 13
[LIBGPUSPATIAL] [ 55798][17:31:16:309796][info  ] RTSpatialRefiner 0x7e6fafd29600 (Used 0 MB), Loaded Geometries, ProbeArray 100000, Loaded 13, Type Point
[LIBGPUSPATIAL] [ 55798][17:31:16:309860][info  ] RTSpatialRefiner 0x7e6fafd29600 (Used 0 MB), Evaluating 13 Geometry Pairs with Predicate Intersects
[LIBGPUSPATIAL] [ 55793][17:31:16:310535][info  ] RTSpatialIndex 0x7e6fac00a7d0 (Used 0 MB), Allocate result buffer, memory consumption 0 MB, capacity 16
[LIBGPUSPATIAL] [ 55795][17:31:16:310582][info  ] RTSpatialRefiner 0x7e6fafd29600 (Used 0 MB), Loaded Geometries, ProbeArray 100000, Loaded 18, Type Point
[LIBGPUSPATIAL] [ 55795][17:31:16:310631][info  ] RTSpatialRefiner 0x7e6fafd29600 (Used 0 MB), Evaluating 18 Geometry Pairs with Predicate Intersects
[LIBGPUSPATIAL] [ 55793][17:31:16:311423][info  ] RTSpatialIndex 0x7e6fac00a7d0 (Used 0 MB), Probe Points, Size: 100000, Results: 16
[LIBGPUSPATIAL] [ 55793][17:31:16:312930][info  ] RTSpatialRefiner 0x7e6fafd29600 (Used 0 MB), Loaded Geometries, ProbeArray 100000, Loaded 16, Type Point
[LIBGPUSPATIAL] [ 55793][17:31:16:313085][info  ] RTSpatialRefiner 0x7e6fafd29600 (Used 0 MB), Evaluating 16 Geometry Pairs with Predicate Intersects
[LIBGPUSPATIAL] [ 55797][17:31:16:319697][info  ] RTSpatialIndex 0x7e6fac00a7d0 (Used 0 MB), Allocate result buffer, memory consumption 0 MB, capacity 22
[LIBGPUSPATIAL] [ 55797][17:31:16:319838][info  ] RTSpatialIndex 0x7e6fac00a7d0 (Used 0 MB), Probe Points, Size: 100000, Results: 22
[LIBGPUSPATIAL] [ 55797][17:31:16:320384][info  ] RTSpatialRefiner 0x7e6fafd29600 (Used 1 MB), Loaded Geometries, ProbeArray 100000, Loaded 22, Type Point
[LIBGPUSPATIAL] [ 55797][17:31:16:320431][info  ] RTSpatialRefiner 0x7e6fafd29600 (Used 1 MB), Evaluating 22 Geometry Pairs with Predicate Intersects
[LIBGPUSPATIAL] [ 55796][17:31:16:320980][info  ] RTSpatialIndex 0x7e6fac00a7d0 (Used 0 MB), Allocate result buffer, memory consumption 0 MB, capacity 22
[LIBGPUSPATIAL] [ 55796][17:31:16:322343][info  ] RTSpatialIndex 0x7e6fac00a7d0 (Used 4 MB), Probe Points, Size: 100000, Results: 22
[LIBGPUSPATIAL] [ 55794][17:31:16:322548][info  ] RTSpatialIndex 0x7e6fac00a7d0 (Used 2 MB), Allocate result buffer, memory consumption 0 MB, capacity 11
[LIBGPUSPATIAL] [ 55792][17:31:16:322833][info  ] RTSpatialIndex 0x7e6fac00a7d0 (Used 3 MB), Allocate result buffer, memory consumption 0 MB, capacity 8
[LIBGPUSPATIAL] [ 55796][17:31:16:323135][info  ] RTSpatialRefiner 0x7e6fafd29600 (Used 5 MB), Loaded Geometries, ProbeArray 100000, Loaded 22, Type Point
[LIBGPUSPATIAL] [ 55796][17:31:16:323205][info  ] RTSpatialRefiner 0x7e6fafd29600 (Used 4 MB), Evaluating 22 Geometry Pairs with Predicate Intersects
[LIBGPUSPATIAL] [ 55791][17:31:16:323422][info  ] RTSpatialIndex 0x7e6fac00a7d0 (Used 3 MB), Allocate result buffer, memory consumption 0 MB, capacity 10
[LIBGPUSPATIAL] [ 55794][17:31:16:323627][info  ] RTSpatialIndex 0x7e6fac00a7d0 (Used 3 MB), Probe Points, Size: 100000, Results: 11
[LIBGPUSPATIAL] [ 55792][17:31:16:323857][info  ] RTSpatialIndex 0x7e6fac00a7d0 (Used 3 MB), Probe Points, Size: 100000, Results: 8
[LIBGPUSPATIAL] [ 55798][17:31:16:324027][info  ] RTSpatialIndex 0x7e6fac00a7d0 (Used 2 MB), Allocate result buffer, memory consumption 0 MB, capacity 9
[LIBGPUSPATIAL] [ 55795][17:31:16:324273][info  ] RTSpatialIndex 0x7e6fac00a7d0 (Used 2 MB), Allocate result buffer, memory consumption 0 MB, capacity 21
[LIBGPUSPATIAL] [ 55791][17:31:16:324488][info  ] RTSpatialIndex 0x7e6fac00a7d0 (Used 2 MB), Probe Points, Size: 100000, Results: 10
[LIBGPUSPATIAL] [ 55794][17:31:16:324647][info  ] RTSpatialRefiner 0x7e6fafd29600 (Used 1 MB), Loaded Geometries, ProbeArray 100000, Loaded 11, Type Point
[LIBGPUSPATIAL] [ 55792][17:31:16:324674][info  ] RTSpatialRefiner 0x7e6fafd29600 (Used 1 MB), Loaded Geometries, ProbeArray 100000, Loaded 8, Type Point
[LIBGPUSPATIAL] [ 55794][17:31:16:324696][info  ] RTSpatialRefiner 0x7e6fafd29600 (Used 1 MB), Evaluating 11 Geometry Pairs with Predicate Intersects
[LIBGPUSPATIAL] [ 55798][17:31:16:324704][info  ] RTSpatialIndex 0x7e6fac00a7d0 (Used 1 MB), Probe Points, Size: 100000, Results: 9
[LIBGPUSPATIAL] [ 55792][17:31:16:324755][info  ] RTSpatialRefiner 0x7e6fafd29600 (Used 0 MB), Evaluating 8 Geometry Pairs with Predicate Intersects
[LIBGPUSPATIAL] [ 55795][17:31:16:324913][info  ] RTSpatialIndex 0x7e6fac00a7d0 (Used 2 MB), Probe Points, Size: 100000, Results: 21
[LIBGPUSPATIAL] [ 55791][17:31:16:325502][info  ] RTSpatialRefiner 0x7e6fafd29600 (Used 0 MB), Loaded Geometries, ProbeArray 100000, Loaded 10, Type Point
[LIBGPUSPATIAL] [ 55798][17:31:16:325541][info  ] RTSpatialRefiner 0x7e6fafd29600 (Used 0 MB), Loaded Geometries, ProbeArray 100000, Loaded 9, Type Point
[LIBGPUSPATIAL] [ 55791][17:31:16:325545][info  ] RTSpatialRefiner 0x7e6fafd29600 (Used 0 MB), Evaluating 10 Geometry Pairs with Predicate Intersects
[LIBGPUSPATIAL] [ 55798][17:31:16:325588][info  ] RTSpatialRefiner 0x7e6fafd29600 (Used 0 MB), Evaluating 9 Geometry Pairs with Predicate Intersects
[LIBGPUSPATIAL] [ 55793][17:31:16:325632][info  ] RTSpatialIndex 0x7e6fac00a7d0 (Used 0 MB), Allocate result buffer, memory consumption 0 MB, capacity 17
[LIBGPUSPATIAL] [ 55795][17:31:16:325786][info  ] RTSpatialRefiner 0x7e6fafd29600 (Used 1 MB), Loaded Geometries, ProbeArray 100000, Loaded 21, Type Point
[LIBGPUSPATIAL] [ 55795][17:31:16:325831][info  ] RTSpatialRefiner 0x7e6fafd29600 (Used 1 MB), Evaluating 21 Geometry Pairs with Predicate Intersects
[LIBGPUSPATIAL] [ 55793][17:31:16:326338][info  ] RTSpatialIndex 0x7e6fac00a7d0 (Used 1 MB), Probe Points, Size: 100000, Results: 17
[LIBGPUSPATIAL] [ 55793][17:31:16:326966][info  ] RTSpatialRefiner 0x7e6fafd29600 (Used 0 MB), Loaded Geometries, ProbeArray 100000, Loaded 17, Type Point
[LIBGPUSPATIAL] [ 55793][17:31:16:326999][info  ] RTSpatialRefiner 0x7e6fafd29600 (Used 0 MB), Evaluating 17 Geometry Pairs with Predicate Intersects
[LIBGPUSPATIAL] [ 55797][17:31:16:335615][info  ] RTSpatialIndex 0x7e6fac00a7d0 (Used 0 MB), Allocate result buffer, memory consumption 0 MB, capacity 10
[LIBGPUSPATIAL] [ 55797][17:31:16:335745][info  ] RTSpatialIndex 0x7e6fac00a7d0 (Used 0 MB), Probe Points, Size: 100000, Results: 10
[LIBGPUSPATIAL] [ 55797][17:31:16:336152][info  ] RTSpatialRefiner 0x7e6fafd29600 (Used 0 MB), Loaded Geometries, ProbeArray 100000, Loaded 10, Type Point
[LIBGPUSPATIAL] [ 55797][17:31:16:336187][info  ] RTSpatialRefiner 0x7e6fafd29600 (Used 0 MB), Evaluating 10 Geometry Pairs with Predicate Intersects
[LIBGPUSPATIAL] [ 55796][17:31:16:337709][info  ] RTSpatialIndex 0x7e6fac00a7d0 (Used 0 MB), Allocate result buffer, memory consumption 0 MB, capacity 13
[LIBGPUSPATIAL] [ 55796][17:31:16:337812][info  ] RTSpatialIndex 0x7e6fac00a7d0 (Used 0 MB), Probe Points, Size: 100000, Results: 13
[LIBGPUSPATIAL] [ 55796][17:31:16:339621][info  ] RTSpatialRefiner 0x7e6fafd29600 (Used 1 MB), Loaded Geometries, ProbeArray 100000, Loaded 13, Type Point
[LIBGPUSPATIAL] [ 55796][17:31:16:339983][info  ] RTSpatialRefiner 0x7e6fafd29600 (Used 1 MB), Evaluating 13 Geometry Pairs with Predicate Intersects
[LIBGPUSPATIAL] [ 55795][17:31:16:341205][info  ] RTSpatialIndex 0x7e6fac00a7d0 (Used 3 MB), Allocate result buffer, memory consumption 0 MB, capacity 15
[LIBGPUSPATIAL] [ 55794][17:31:16:341307][info  ] RTSpatialIndex 0x7e6fac00a7d0 (Used 3 MB), Allocate result buffer, memory consumption 0 MB, capacity 18
[LIBGPUSPATIAL] [ 55791][17:31:16:341387][info  ] RTSpatialIndex 0x7e6fac00a7d0 (Used 3 MB), Allocate result buffer, memory consumption 0 MB, capacity 14
[LIBGPUSPATIAL] [ 55792][17:31:16:341689][info  ] RTSpatialIndex 0x7e6fac00a7d0 (Used 5 MB), Allocate result buffer, memory consumption 0 MB, capacity 19
[LIBGPUSPATIAL] [ 55798][17:31:16:341898][info  ] RTSpatialIndex 0x7e6fac00a7d0 (Used 6 MB), Allocate result buffer, memory consumption 0 MB, capacity 13
[LIBGPUSPATIAL] [ 55795][17:31:16:342234][info  ] RTSpatialIndex 0x7e6fac00a7d0 (Used 4 MB), Probe Points, Size: 100000, Results: 15
[LIBGPUSPATIAL] [ 55794][17:31:16:342578][info  ] RTSpatialIndex 0x7e6fac00a7d0 (Used 3 MB), Probe Points, Size: 100000, Results: 18
[LIBGPUSPATIAL] [ 55791][17:31:16:342650][info  ] RTSpatialIndex 0x7e6fac00a7d0 (Used 3 MB), Probe Points, Size: 100000, Results: 14
[LIBGPUSPATIAL] [ 55795][17:31:16:342661][info  ] RTSpatialRefiner 0x7e6fafd29600 (Used 3 MB), Loaded Geometries, ProbeArray 100000, Loaded 15, Type Point
[LIBGPUSPATIAL] [ 55795][17:31:16:342744][info  ] RTSpatialRefiner 0x7e6fafd29600 (Used 2 MB), Evaluating 15 Geometry Pairs with Predicate Intersects
[LIBGPUSPATIAL] [ 55792][17:31:16:343143][info  ] RTSpatialIndex 0x7e6fac00a7d0 (Used 2 MB), Probe Points, Size: 100000, Results: 19
[LIBGPUSPATIAL] [ 55791][17:31:16:343200][info  ] RTSpatialRefiner 0x7e6fafd29600 (Used 1 MB), Loaded Geometries, ProbeArray 100000, Loaded 14, Type Point
[LIBGPUSPATIAL] [ 55794][17:31:16:343394][info  ] RTSpatialRefiner 0x7e6fafd29600 (Used 1 MB), Loaded Geometries, ProbeArray 100000, Loaded 18, Type Point
[LIBGPUSPATIAL] [ 55798][17:31:16:343434][info  ] RTSpatialIndex 0x7e6fac00a7d0 (Used 1 MB), Probe Points, Size: 100000, Results: 13
[LIBGPUSPATIAL] [ 55791][17:31:16:343557][info  ] RTSpatialRefiner 0x7e6fafd29600 (Used 0 MB), Evaluating 14 Geometry Pairs with Predicate Intersects
[LIBGPUSPATIAL] [ 55794][17:31:16:343573][info  ] RTSpatialRefiner 0x7e6fafd29600 (Used 0 MB), Evaluating 18 Geometry Pairs with Predicate Intersects
[LIBGPUSPATIAL] [ 55793][17:31:16:343583][info  ] RTSpatialIndex 0x7e6fac00a7d0 (Used 0 MB), Allocate result buffer, memory consumption 0 MB, capacity 10
[LIBGPUSPATIAL] [ 55798][17:31:16:344079][info  ] RTSpatialRefiner 0x7e6fafd29600 (Used 0 MB), Loaded Geometries, ProbeArray 100000, Loaded 13, Type Point
[LIBGPUSPATIAL] [ 55798][17:31:16:344270][info  ] RTSpatialRefiner 0x7e6fafd29600 (Used 0 MB), Evaluating 13 Geometry Pairs with Predicate Intersects
[LIBGPUSPATIAL] [ 55793][17:31:16:344329][info  ] RTSpatialIndex 0x7e6fac00a7d0 (Used 1 MB), Probe Points, Size: 100000, Results: 10
[LIBGPUSPATIAL] [ 55792][17:31:16:344620][info  ] RTSpatialRefiner 0x7e6fafd29600 (Used 0 MB), Loaded Geometries, ProbeArray 100000, Loaded 19, Type Point
[LIBGPUSPATIAL] [ 55792][17:31:16:344663][info  ] RTSpatialRefiner 0x7e6fafd29600 (Used 0 MB), Evaluating 19 Geometry Pairs with Predicate Intersects
[LIBGPUSPATIAL] [ 55793][17:31:16:345385][info  ] RTSpatialRefiner 0x7e6fafd29600 (Used 0 MB), Loaded Geometries, ProbeArray 100000, Loaded 10, Type Point
[LIBGPUSPATIAL] [ 55793][17:31:16:345502][info  ] RTSpatialRefiner 0x7e6fafd29600 (Used 0 MB), Evaluating 10 Geometry Pairs with Predicate Intersects
[LIBGPUSPATIAL] [ 55797][17:31:16:348288][info  ] RTSpatialIndex 0x7e6fac00a7d0 (Used 0 MB), Allocate result buffer, memory consumption 0 MB, capacity 18
[LIBGPUSPATIAL] [ 55797][17:31:16:348400][info  ] RTSpatialIndex 0x7e6fac00a7d0 (Used 0 MB), Probe Points, Size: 100000, Results: 18
[LIBGPUSPATIAL] [ 55797][17:31:16:348996][info  ] RTSpatialRefiner 0x7e6fafd29600 (Used 0 MB), Loaded Geometries, ProbeArray 100000, Loaded 18, Type Point
[LIBGPUSPATIAL] [ 55797][17:31:16:349059][info  ] RTSpatialRefiner 0x7e6fafd29600 (Used 0 MB), Evaluating 18 Geometry Pairs with Predicate Intersects
[LIBGPUSPATIAL] [ 55796][17:31:16:354721][info  ] RTSpatialIndex 0x7e6fac00a7d0 (Used 0 MB), Allocate result buffer, memory consumption 0 MB, capacity 12
[LIBGPUSPATIAL] [ 55796][17:31:16:354849][info  ] RTSpatialIndex 0x7e6fac00a7d0 (Used 0 MB), Probe Points, Size: 100000, Results: 12
[LIBGPUSPATIAL] [ 55796][17:31:16:355186][info  ] RTSpatialRefiner 0x7e6fafd29600 (Used 0 MB), Loaded Geometries, ProbeArray 100000, Loaded 12, Type Point
[LIBGPUSPATIAL] [ 55796][17:31:16:355229][info  ] RTSpatialRefiner 0x7e6fafd29600 (Used 0 MB), Evaluating 12 Geometry Pairs with Predicate Intersects
[LIBGPUSPATIAL] [ 55795][17:31:16:356362][info  ] RTSpatialIndex 0x7e6fac00a7d0 (Used 0 MB), Allocate result buffer, memory consumption 0 MB, capacity 14
[LIBGPUSPATIAL] [ 55795][17:31:16:356481][info  ] RTSpatialIndex 0x7e6fac00a7d0 (Used 0 MB), Probe Points, Size: 100000, Results: 14
[LIBGPUSPATIAL] [ 55795][17:31:16:356822][info  ] RTSpatialRefiner 0x7e6fafd29600 (Used 0 MB), Loaded Geometries, ProbeArray 100000, Loaded 14, Type Point
[LIBGPUSPATIAL] [ 55795][17:31:16:356866][info  ] RTSpatialRefiner 0x7e6fafd29600 (Used 0 MB), Evaluating 14 Geometry Pairs with Predicate Intersects
[LIBGPUSPATIAL] [ 55791][17:31:16:359750][info  ] RTSpatialIndex 0x7e6fac00a7d0 (Used 5 MB), Allocate result buffer, memory consumption 0 MB, capacity 14
[LIBGPUSPATIAL] [ 55792][17:31:16:359907][info  ] RTSpatialIndex 0x7e6fac00a7d0 (Used 3 MB), Allocate result buffer, memory consumption 0 MB, capacity 17
[LIBGPUSPATIAL] [ 55794][17:31:16:360052][info  ] RTSpatialIndex 0x7e6fac00a7d0 (Used 3 MB), Allocate result buffer, memory consumption 0 MB, capacity 18
[LIBGPUSPATIAL] [ 55798][17:31:16:360094][info  ] RTSpatialIndex 0x7e6fac00a7d0 (Used 3 MB), Allocate result buffer, memory consumption 0 MB, capacity 8
[LIBGPUSPATIAL] [ 55793][17:31:16:360187][info  ] RTSpatialIndex 0x7e6fac00a7d0 (Used 3 MB), Allocate result buffer, memory consumption 0 MB, capacity 10
[LIBGPUSPATIAL] [ 55798][17:31:16:360347][info  ] RTSpatialIndex 0x7e6fac00a7d0 (Used 3 MB), Probe Points, Size: 100000, Results: 8
[LIBGPUSPATIAL] [ 55794][17:31:16:360428][info  ] RTSpatialIndex 0x7e6fac00a7d0 (Used 3 MB), Probe Points, Size: 100000, Results: 18
[LIBGPUSPATIAL] [ 55791][17:31:16:360639][info  ] RTSpatialIndex 0x7e6fac00a7d0 (Used 2 MB), Probe Points, Size: 100000, Results: 14
[LIBGPUSPATIAL] [ 55792][17:31:16:360837][info  ] RTSpatialIndex 0x7e6fac00a7d0 (Used 1 MB), Probe Points, Size: 100000, Results: 17
[LIBGPUSPATIAL] [ 55793][17:31:16:361031][info  ] RTSpatialIndex 0x7e6fac00a7d0 (Used 0 MB), Probe Points, Size: 100000, Results: 10
[LIBGPUSPATIAL] [ 55791][17:31:16:361658][info  ] RTSpatialRefiner 0x7e6fafd29600 (Used 1 MB), Loaded Geometries, ProbeArray 100000, Loaded 14, Type Point
[LIBGPUSPATIAL] [ 55791][17:31:16:361722][info  ] RTSpatialRefiner 0x7e6fafd29600 (Used 0 MB), Evaluating 14 Geometry Pairs with Predicate Intersects
[LIBGPUSPATIAL] [ 55793][17:31:16:361891][info  ] RTSpatialRefiner 0x7e6fafd29600 (Used 0 MB), Loaded Geometries, ProbeArray 100000, Loaded 10, Type Point
[LIBGPUSPATIAL] [ 55793][17:31:16:361944][info  ] RTSpatialRefiner 0x7e6fafd29600 (Used 0 MB), Evaluating 10 Geometry Pairs with Predicate Intersects
[LIBGPUSPATIAL] [ 55792][17:31:16:362046][info  ] RTSpatialRefiner 0x7e6fafd29600 (Used 0 MB), Loaded Geometries, ProbeArray 100000, Loaded 17, Type Point
[LIBGPUSPATIAL] [ 55797][17:31:16:362138][info  ] RTSpatialIndex 0x7e6fac00a7d0 (Used 0 MB), Allocate result buffer, memory consumption 0 MB, capacity 17
[LIBGPUSPATIAL] [ 55794][17:31:16:362160][info  ] RTSpatialRefiner 0x7e6fafd29600 (Used 0 MB), Loaded Geometries, ProbeArray 100000, Loaded 18, Type Point
[LIBGPUSPATIAL] [ 55798][17:31:16:362195][info  ] RTSpatialRefiner 0x7e6fafd29600 (Used 0 MB), Loaded Geometries, ProbeArray 100000, Loaded 8, Type Point
[LIBGPUSPATIAL] [ 55792][17:31:16:362202][info  ] RTSpatialRefiner 0x7e6fafd29600 (Used 0 MB), Evaluating 17 Geometry Pairs with Predicate Intersects
[LIBGPUSPATIAL] [ 55794][17:31:16:362246][info  ] RTSpatialRefiner 0x7e6fafd29600 (Used 0 MB), Evaluating 18 Geometry Pairs with Predicate Intersects
[LIBGPUSPATIAL] [ 55798][17:31:16:362252][info  ] RTSpatialRefiner 0x7e6fafd29600 (Used 0 MB), Evaluating 8 Geometry Pairs with Predicate Intersects
[LIBGPUSPATIAL] [ 55797][17:31:16:362768][info  ] RTSpatialIndex 0x7e6fac00a7d0 (Used 1 MB), Probe Points, Size: 100000, Results: 17
[LIBGPUSPATIAL] [ 55797][17:31:16:363380][info  ] RTSpatialRefiner 0x7e6fafd29600 (Used 0 MB), Loaded Geometries, ProbeArray 100000, Loaded 17, Type Point
[LIBGPUSPATIAL] [ 55797][17:31:16:363448][info  ] RTSpatialRefiner 0x7e6fafd29600 (Used 0 MB), Evaluating 17 Geometry Pairs with Predicate Intersects
[LIBGPUSPATIAL] [ 55796][17:31:16:368750][info  ] RTSpatialIndex 0x7e6fac00a7d0 (Used 0 MB), Allocate result buffer, memory consumption 0 MB, capacity 17
[LIBGPUSPATIAL] [ 55796][17:31:16:368886][info  ] RTSpatialIndex 0x7e6fac00a7d0 (Used 0 MB), Probe Points, Size: 100000, Results: 17
[LIBGPUSPATIAL] [ 55795][17:31:16:370365][info  ] RTSpatialIndex 0x7e6fac00a7d0 (Used 0 MB), Allocate result buffer, memory consumption 0 MB, capacity 17
[LIBGPUSPATIAL] [ 55795][17:31:16:370473][info  ] RTSpatialIndex 0x7e6fac00a7d0 (Used 0 MB), Probe Points, Size: 100000, Results: 17
[LIBGPUSPATIAL] [ 55796][17:31:16:371683][info  ] RTSpatialRefiner 0x7e6fafd29600 (Used 0 MB), Loaded Geometries, ProbeArray 100000, Loaded 17, Type Point
[LIBGPUSPATIAL] [ 55796][17:31:16:371732][info  ] RTSpatialRefiner 0x7e6fafd29600 (Used 0 MB), Evaluating 17 Geometry Pairs with Predicate Intersects
[LIBGPUSPATIAL] [ 55795][17:31:16:371819][info  ] RTSpatialRefiner 0x7e6fafd29600 (Used 0 MB), Loaded Geometries, ProbeArray 100000, Loaded 17, Type Point
[LIBGPUSPATIAL] [ 55795][17:31:16:371857][info  ] RTSpatialRefiner 0x7e6fafd29600 (Used 0 MB), Evaluating 17 Geometry Pairs with Predicate Intersects
[LIBGPUSPATIAL] [ 55791][17:31:16:375265][info  ] RTSpatialIndex 0x7e6fac00a7d0 (Used 0 MB), Allocate result buffer, memory consumption 0 MB, capacity 12
[LIBGPUSPATIAL] [ 55791][17:31:16:375390][info  ] RTSpatialIndex 0x7e6fac00a7d0 (Used 0 MB), Probe Points, Size: 100000, Results: 12
[LIBGPUSPATIAL] [ 55791][17:31:16:375820][info  ] RTSpatialRefiner 0x7e6fafd29600 (Used 0 MB), Loaded Geometries, ProbeArray 100000, Loaded 12, Type Point
[LIBGPUSPATIAL] [ 55791][17:31:16:375860][info  ] RTSpatialRefiner 0x7e6fafd29600 (Used 0 MB), Evaluating 12 Geometry Pairs with Predicate Intersects
[LIBGPUSPATIAL] [ 55798][17:31:16:375888][info  ] RTSpatialIndex 0x7e6fac00a7d0 (Used 0 MB), Allocate result buffer, memory consumption 0 MB, capacity 12
[LIBGPUSPATIAL] [ 55798][17:31:16:376272][info  ] RTSpatialIndex 0x7e6fac00a7d0 (Used 0 MB), Probe Points, Size: 100000, Results: 12
[LIBGPUSPATIAL] [ 55798][17:31:16:376847][info  ] RTSpatialRefiner 0x7e6fafd29600 (Used 3 MB), Loaded Geometries, ProbeArray 100000, Loaded 12, Type Point
[LIBGPUSPATIAL] [ 55798][17:31:16:376900][info  ] RTSpatialRefiner 0x7e6fafd29600 (Used 3 MB), Evaluating 12 Geometry Pairs with Predicate Intersects
[LIBGPUSPATIAL] [ 55793][17:31:16:377208][info  ] RTSpatialIndex 0x7e6fac00a7d0 (Used 2 MB), Allocate result buffer, memory consumption 0 MB, capacity 21
[LIBGPUSPATIAL] [ 55792][17:31:16:377447][info  ] RTSpatialIndex 0x7e6fac00a7d0 (Used 1 MB), Allocate result buffer, memory consumption 0 MB, capacity 17
[LIBGPUSPATIAL] [ 55793][17:31:16:377834][info  ] RTSpatialIndex 0x7e6fac00a7d0 (Used 4 MB), Probe Points, Size: 100000, Results: 21
[LIBGPUSPATIAL] [ 55794][17:31:16:378051][info  ] RTSpatialIndex 0x7e6fac00a7d0 (Used 1 MB), Allocate result buffer, memory consumption 0 MB, capacity 14
[LIBGPUSPATIAL] [ 55792][17:31:16:378308][info  ] RTSpatialIndex 0x7e6fac00a7d0 (Used 1 MB), Probe Points, Size: 100000, Results: 17
[LIBGPUSPATIAL] [ 55793][17:31:16:378510][info  ] RTSpatialRefiner 0x7e6fafd29600 (Used 0 MB), Loaded Geometries, ProbeArray 100000, Loaded 21, Type Point
[LIBGPUSPATIAL] [ 55794][17:31:16:378689][info  ] RTSpatialIndex 0x7e6fac00a7d0 (Used 0 MB), Probe Points, Size: 100000, Results: 14
[LIBGPUSPATIAL] [ 55793][17:31:16:378726][info  ] RTSpatialRefiner 0x7e6fafd29600 (Used 0 MB), Evaluating 21 Geometry Pairs with Predicate Intersects
[LIBGPUSPATIAL] [ 55794][17:31:16:379373][info  ] RTSpatialRefiner 0x7e6fafd29600 (Used 0 MB), Loaded Geometries, ProbeArray 100000, Loaded 14, Type Point
[LIBGPUSPATIAL] [ 55792][17:31:16:379411][info  ] RTSpatialRefiner 0x7e6fafd29600 (Used 0 MB), Loaded Geometries, ProbeArray 100000, Loaded 17, Type Point
[LIBGPUSPATIAL] [ 55794][17:31:16:379429][info  ] RTSpatialRefiner 0x7e6fafd29600 (Used 0 MB), Evaluating 14 Geometry Pairs with Predicate Intersects
[LIBGPUSPATIAL] [ 55797][17:31:16:379444][info  ] RTSpatialIndex 0x7e6fac00a7d0 (Used 0 MB), Allocate result buffer, memory consumption 0 MB, capacity 14
[LIBGPUSPATIAL] [ 55792][17:31:16:379449][info  ] RTSpatialRefiner 0x7e6fafd29600 (Used 0 MB), Evaluating 17 Geometry Pairs with Predicate Intersects
[LIBGPUSPATIAL] [ 55797][17:31:16:379972][info  ] RTSpatialIndex 0x7e6fac00a7d0 (Used 0 MB), Probe Points, Size: 100000, Results: 14
[LIBGPUSPATIAL] [ 55797][17:31:16:380413][info  ] RTSpatialRefiner 0x7e6fafd29600 (Used 0 MB), Loaded Geometries, ProbeArray 100000, Loaded 14, Type Point
[LIBGPUSPATIAL] [ 55797][17:31:16:380474][info  ] RTSpatialRefiner 0x7e6fafd29600 (Used 0 MB), Evaluating 14 Geometry Pairs with Predicate Intersects
[LIBGPUSPATIAL] [ 55796][17:31:16:384771][info  ] RTSpatialIndex 0x7e6fac00a7d0 (Used 0 MB), Allocate result buffer, memory consumption 0 MB, capacity 19
[LIBGPUSPATIAL] [ 55796][17:31:16:384894][info  ] RTSpatialIndex 0x7e6fac00a7d0 (Used 0 MB), Probe Points, Size: 100000, Results: 19
[LIBGPUSPATIAL] [ 55796][17:31:16:385241][info  ] RTSpatialRefiner 0x7e6fafd29600 (Used 0 MB), Loaded Geometries, ProbeArray 100000, Loaded 19, Type Point
[LIBGPUSPATIAL] [ 55796][17:31:16:385285][info  ] RTSpatialRefiner 0x7e6fafd29600 (Used 0 MB), Evaluating 19 Geometry Pairs with Predicate Intersects
[LIBGPUSPATIAL] [ 55795][17:31:16:386160][info  ] RTSpatialIndex 0x7e6fac00a7d0 (Used 0 MB), Allocate result buffer, memory consumption 0 MB, capacity 20
[LIBGPUSPATIAL] [ 55795][17:31:16:386285][info  ] RTSpatialIndex 0x7e6fac00a7d0 (Used 0 MB), Probe Points, Size: 100000, Results: 20
[LIBGPUSPATIAL] [ 55795][17:31:16:386642][info  ] RTSpatialRefiner 0x7e6fafd29600 (Used 0 MB), Loaded Geometries, ProbeArray 100000, Loaded 20, Type Point
[LIBGPUSPATIAL] [ 55795][17:31:16:386687][info  ] RTSpatialRefiner 0x7e6fafd29600 (Used 0 MB), Evaluating 20 Geometry Pairs with Predicate Intersects
[LIBGPUSPATIAL] [ 55791][17:31:16:390699][info  ] RTSpatialIndex 0x7e6fac00a7d0 (Used 0 MB), Allocate result buffer, memory consumption 0 MB, capacity 20
[LIBGPUSPATIAL] [ 55791][17:31:16:390837][info  ] RTSpatialIndex 0x7e6fac00a7d0 (Used 0 MB), Probe Points, Size: 100000, Results: 20
[LIBGPUSPATIAL] [ 55791][17:31:16:391332][info  ] RTSpatialRefiner 0x7e6fafd29600 (Used 0 MB), Loaded Geometries, ProbeArray 100000, Loaded 20, Type Point
[LIBGPUSPATIAL] [ 55791][17:31:16:391408][info  ] RTSpatialRefiner 0x7e6fafd29600 (Used 1 MB), Evaluating 20 Geometry Pairs with Predicate Intersects
[LIBGPUSPATIAL] [ 55798][17:31:16:391955][info  ] RTSpatialIndex 0x7e6fac00a7d0 (Used 0 MB), Allocate result buffer, memory consumption 0 MB, capacity 17
[LIBGPUSPATIAL] [ 55798][17:31:16:392114][info  ] RTSpatialIndex 0x7e6fac00a7d0 (Used 0 MB), Probe Points, Size: 100000, Results: 17
[LIBGPUSPATIAL] [ 55798][17:31:16:392727][info  ] RTSpatialRefiner 0x7e6fafd29600 (Used 0 MB), Loaded Geometries, ProbeArray 100000, Loaded 17, Type Point
[LIBGPUSPATIAL] [ 55798][17:31:16:392768][info  ] RTSpatialRefiner 0x7e6fafd29600 (Used 0 MB), Evaluating 17 Geometry Pairs with Predicate Intersects
[LIBGPUSPATIAL] [ 55793][17:31:16:394327][info  ] RTSpatialIndex 0x7e6fac00a7d0 (Used 3 MB), Allocate result buffer, memory consumption 0 MB, capacity 17
[LIBGPUSPATIAL] [ 55797][17:31:16:394565][info  ] RTSpatialIndex 0x7e6fac00a7d0 (Used 3 MB), Allocate result buffer, memory consumption 0 MB, capacity 6
[LIBGPUSPATIAL] [ 55793][17:31:16:394700][info  ] RTSpatialIndex 0x7e6fac00a7d0 (Used 3 MB), Probe Points, Size: 100000, Results: 17
[LIBGPUSPATIAL] [ 55792][17:31:16:394787][info  ] RTSpatialIndex 0x7e6fac00a7d0 (Used 2 MB), Allocate result buffer, memory consumption 0 MB, capacity 13
[LIBGPUSPATIAL] [ 55797][17:31:16:395049][info  ] RTSpatialIndex 0x7e6fac00a7d0 (Used 2 MB), Probe Points, Size: 100000, Results: 6
[LIBGPUSPATIAL] [ 55794][17:31:16:395152][info  ] RTSpatialIndex 0x7e6fac00a7d0 (Used 1 MB), Allocate result buffer, memory consumption 0 MB, capacity 13
[LIBGPUSPATIAL] [ 55793][17:31:16:395455][info  ] RTSpatialRefiner 0x7e6fafd29600 (Used 1 MB), Loaded Geometries, ProbeArray 100000, Loaded 17, Type Point
[LIBGPUSPATIAL] [ 55793][17:31:16:395561][info  ] RTSpatialRefiner 0x7e6fafd29600 (Used 1 MB), Evaluating 17 Geometry Pairs with Predicate Intersects
[LIBGPUSPATIAL] [ 55792][17:31:16:395566][info  ] RTSpatialIndex 0x7e6fac00a7d0 (Used 1 MB), Probe Points, Size: 100000, Results: 13
[LIBGPUSPATIAL] [ 55797][17:31:16:395799][info  ] RTSpatialRefiner 0x7e6fafd29600 (Used 0 MB), Loaded Geometries, ProbeArray 100000, Loaded 6, Type Point
[LIBGPUSPATIAL] [ 55797][17:31:16:395917][info  ] RTSpatialRefiner 0x7e6fafd29600 (Used 0 MB), Evaluating 6 Geometry Pairs with Predicate Intersects
[LIBGPUSPATIAL] [ 55794][17:31:16:395962][info  ] RTSpatialIndex 0x7e6fac00a7d0 (Used 0 MB), Probe Points, Size: 100000, Results: 13
[LIBGPUSPATIAL] [ 55794][17:31:16:396626][info  ] RTSpatialRefiner 0x7e6fafd29600 (Used 0 MB), Loaded Geometries, ProbeArray 100000, Loaded 13, Type Point
[LIBGPUSPATIAL] [ 55792][17:31:16:396632][info  ] RTSpatialRefiner 0x7e6fafd29600 (Used 0 MB), Loaded Geometries, ProbeArray 100000, Loaded 13, Type Point
[LIBGPUSPATIAL] [ 55794][17:31:16:396674][info  ] RTSpatialRefiner 0x7e6fafd29600 (Used 0 MB), Evaluating 13 Geometry Pairs with Predicate Intersects
[LIBGPUSPATIAL] [ 55792][17:31:16:396681][info  ] RTSpatialRefiner 0x7e6fafd29600 (Used 0 MB), Evaluating 13 Geometry Pairs with Predicate Intersects
[LIBGPUSPATIAL] [ 55796][17:31:16:398007][info  ] RTSpatialIndex 0x7e6fac00a7d0 (Used 0 MB), Allocate result buffer, memory consumption 0 MB, capacity 12
[LIBGPUSPATIAL] [ 55796][17:31:16:398145][info  ] RTSpatialIndex 0x7e6fac00a7d0 (Used 0 MB), Probe Points, Size: 100000, Results: 12
[LIBGPUSPATIAL] [ 55796][17:31:16:399553][info  ] RTSpatialRefiner 0x7e6fafd29600 (Used 0 MB), Loaded Geometries, ProbeArray 100000, Loaded 12, Type Point
[LIBGPUSPATIAL] [ 55796][17:31:16:399595][info  ] RTSpatialRefiner 0x7e6fafd29600 (Used 0 MB), Evaluating 12 Geometry Pairs with Predicate Intersects
[LIBGPUSPATIAL] [ 55795][17:31:16:399664][info  ] RTSpatialIndex 0x7e6fac00a7d0 (Used 0 MB), Allocate result buffer, memory consumption 0 MB, capacity 17
[LIBGPUSPATIAL] [ 55795][17:31:16:400122][info  ] RTSpatialIndex 0x7e6fac00a7d0 (Used 0 MB), Probe Points, Size: 100000, Results: 17
[LIBGPUSPATIAL] [ 55795][17:31:16:400535][info  ] RTSpatialRefiner 0x7e6fafd29600 (Used 0 MB), Loaded Geometries, ProbeArray 100000, Loaded 17, Type Point
[LIBGPUSPATIAL] [ 55795][17:31:16:400588][info  ] RTSpatialRefiner 0x7e6fafd29600 (Used 0 MB), Evaluating 17 Geometry Pairs with Predicate Intersects
[LIBGPUSPATIAL] [ 55791][17:31:16:405174][info  ] RTSpatialIndex 0x7e6fac00a7d0 (Used 0 MB), Allocate result buffer, memory consumption 0 MB, capacity 21
[LIBGPUSPATIAL] [ 55791][17:31:16:405299][info  ] RTSpatialIndex 0x7e6fac00a7d0 (Used 0 MB), Probe Points, Size: 100000, Results: 21
[LIBGPUSPATIAL] [ 55798][17:31:16:407122][info  ] RTSpatialIndex 0x7e6fac00a7d0 (Used 0 MB), Allocate result buffer, memory consumption 0 MB, capacity 15
[LIBGPUSPATIAL] [ 55791][17:31:16:407194][info  ] RTSpatialRefiner 0x7e6fafd29600 (Used 0 MB), Loaded Geometries, ProbeArray 100000, Loaded 21, Type Point
[LIBGPUSPATIAL] [ 55791][17:31:16:407236][info  ] RTSpatialRefiner 0x7e6fafd29600 (Used 0 MB), Evaluating 21 Geometry Pairs with Predicate Intersects
[LIBGPUSPATIAL] [ 55798][17:31:16:407244][info  ] RTSpatialIndex 0x7e6fac00a7d0 (Used 0 MB), Probe Points, Size: 100000, Results: 15
[LIBGPUSPATIAL] [ 55798][17:31:16:407826][info  ] RTSpatialRefiner 0x7e6fafd29600 (Used 0 MB), Loaded Geometries, ProbeArray 100000, Loaded 15, Type Point
[LIBGPUSPATIAL] [ 55798][17:31:16:407866][info  ] RTSpatialRefiner 0x7e6fafd29600 (Used 0 MB), Evaluating 15 Geometry Pairs with Predicate Intersects
[LIBGPUSPATIAL] [ 55793][17:31:16:409534][info  ] RTSpatialIndex 0x7e6fac00a7d0 (Used 0 MB), Allocate result buffer, memory consumption 0 MB, capacity 17
[LIBGPUSPATIAL] [ 55793][17:31:16:409673][info  ] RTSpatialIndex 0x7e6fac00a7d0 (Used 0 MB), Probe Points, Size: 100000, Results: 17
[LIBGPUSPATIAL] [ 55793][17:31:16:411116][info  ] RTSpatialRefiner 0x7e6fafd29600 (Used 3 MB), Loaded Geometries, ProbeArray 100000, Loaded 17, Type Point
[LIBGPUSPATIAL] [ 55793][17:31:16:411195][info  ] RTSpatialRefiner 0x7e6fafd29600 (Used 3 MB), Evaluating 17 Geometry Pairs with Predicate Intersects
[LIBGPUSPATIAL] [ 55792][17:31:16:411201][info  ] RTSpatialIndex 0x7e6fac00a7d0 (Used 3 MB), Allocate result buffer, memory consumption 0 MB, capacity 19
[LIBGPUSPATIAL] [ 55797][17:31:16:411574][info  ] RTSpatialIndex 0x7e6fac00a7d0 (Used 2 MB), Allocate result buffer, memory consumption 0 MB, capacity 15
[LIBGPUSPATIAL] [ 55792][17:31:16:411681][info  ] RTSpatialIndex 0x7e6fac00a7d0 (Used 2 MB), Probe Points, Size: 100000, Results: 19
[LIBGPUSPATIAL] [ 55794][17:31:16:411871][info  ] RTSpatialIndex 0x7e6fac00a7d0 (Used 1 MB), Allocate result buffer, memory consumption 0 MB, capacity 21
[LIBGPUSPATIAL] [ 55797][17:31:16:412057][info  ] RTSpatialIndex 0x7e6fac00a7d0 (Used 1 MB), Probe Points, Size: 100000, Results: 15
[LIBGPUSPATIAL] [ 55792][17:31:16:412689][info  ] RTSpatialRefiner 0x7e6fafd29600 (Used 3 MB), Loaded Geometries, ProbeArray 100000, Loaded 19, Type Point
[LIBGPUSPATIAL] [ 55794][17:31:16:412700][info  ] RTSpatialIndex 0x7e6fac00a7d0 (Used 3 MB), Probe Points, Size: 100000, Results: 21
[LIBGPUSPATIAL] [ 55797][17:31:16:412695][info  ] RTSpatialRefiner 0x7e6fafd29600 (Used 3 MB), Loaded Geometries, ProbeArray 100000, Loaded 15, Type Point
[LIBGPUSPATIAL] [ 55792][17:31:16:412744][info  ] RTSpatialRefiner 0x7e6fafd29600 (Used 2 MB), Evaluating 19 Geometry Pairs with Predicate Intersects
[LIBGPUSPATIAL] [ 55797][17:31:16:412889][info  ] RTSpatialRefiner 0x7e6fafd29600 (Used 0 MB), Evaluating 15 Geometry Pairs with Predicate Intersects
[LIBGPUSPATIAL] [ 55795][17:31:16:413391][info  ] RTSpatialIndex 0x7e6fac00a7d0 (Used 2 MB), Allocate result buffer, memory consumption 0 MB, capacity 16
[LIBGPUSPATIAL] [ 55794][17:31:16:413486][info  ] RTSpatialRefiner 0x7e6fafd29600 (Used 2 MB), Loaded Geometries, ProbeArray 100000, Loaded 21, Type Point
[LIBGPUSPATIAL] [ 55794][17:31:16:413630][info  ] RTSpatialRefiner 0x7e6fafd29600 (Used 2 MB), Evaluating 21 Geometry Pairs with Predicate Intersects
[LIBGPUSPATIAL] [ 55796][17:31:16:414147][info  ] RTSpatialIndex 0x7e6fac00a7d0 (Used 1 MB), Allocate result buffer, memory consumption 0 MB, capacity 18
[LIBGPUSPATIAL] [ 55795][17:31:16:414629][info  ] RTSpatialIndex 0x7e6fac00a7d0 (Used 1 MB), Probe Points, Size: 100000, Results: 16
[LIBGPUSPATIAL] [ 55796][17:31:16:414972][info  ] RTSpatialIndex 0x7e6fac00a7d0 (Used 0 MB), Probe Points, Size: 100000, Results: 18
[LIBGPUSPATIAL] [ 55795][17:31:16:415228][info  ] RTSpatialRefiner 0x7e6fafd29600 (Used 0 MB), Loaded Geometries, ProbeArray 100000, Loaded 16, Type Point
[LIBGPUSPATIAL] [ 55795][17:31:16:415269][info  ] RTSpatialRefiner 0x7e6fafd29600 (Used 0 MB), Evaluating 16 Geometry Pairs with Predicate Intersects
[LIBGPUSPATIAL] [ 55796][17:31:16:417189][info  ] RTSpatialRefiner 0x7e6fafd29600 (Used 0 MB), Loaded Geometries, ProbeArray 100000, Loaded 18, Type Point
[LIBGPUSPATIAL] [ 55796][17:31:16:417235][info  ] RTSpatialRefiner 0x7e6fafd29600 (Used 0 MB), Evaluating 18 Geometry Pairs with Predicate Intersects
[LIBGPUSPATIAL] [ 55791][17:31:16:421099][info  ] RTSpatialIndex 0x7e6fac00a7d0 (Used 0 MB), Allocate result buffer, memory consumption 0 MB, capacity 16
[LIBGPUSPATIAL] [ 55791][17:31:16:421225][info  ] RTSpatialIndex 0x7e6fac00a7d0 (Used 0 MB), Probe Points, Size: 100000, Results: 16
[LIBGPUSPATIAL] [ 55798][17:31:16:421648][info  ] RTSpatialIndex 0x7e6fac00a7d0 (Used 0 MB), Allocate result buffer, memory consumption 0 MB, capacity 21
[LIBGPUSPATIAL] [ 55798][17:31:16:421750][info  ] RTSpatialIndex 0x7e6fac00a7d0 (Used 0 MB), Probe Points, Size: 100000, Results: 21
[LIBGPUSPATIAL] [ 55791][17:31:16:422077][info  ] RTSpatialRefiner 0x7e6fafd29600 (Used 0 MB), Loaded Geometries, ProbeArray 100000, Loaded 16, Type Point
[LIBGPUSPATIAL] [ 55791][17:31:16:422150][info  ] RTSpatialRefiner 0x7e6fafd29600 (Used 0 MB), Evaluating 16 Geometry Pairs with Predicate Intersects
[LIBGPUSPATIAL] [ 55798][17:31:16:422158][info  ] RTSpatialRefiner 0x7e6fafd29600 (Used 0 MB), Loaded Geometries, ProbeArray 100000, Loaded 21, Type Point
[LIBGPUSPATIAL] [ 55798][17:31:16:422253][info  ] RTSpatialRefiner 0x7e6fafd29600 (Used 0 MB), Evaluating 21 Geometry Pairs with Predicate Intersects
[LIBGPUSPATIAL] [ 55792][17:31:16:423551][info  ] RTSpatialIndex 0x7e6fac00a7d0 (Used 0 MB), Allocate result buffer, memory consumption 0 MB, capacity 9
[LIBGPUSPATIAL] [ 55792][17:31:16:423666][info  ] RTSpatialIndex 0x7e6fac00a7d0 (Used 0 MB), Probe Points, Size: 100000, Results: 9
[LIBGPUSPATIAL] [ 55793][17:31:16:425745][info  ] RTSpatialIndex 0x7e6fac00a7d0 (Used 0 MB), Allocate result buffer, memory consumption 0 MB, capacity 14
[LIBGPUSPATIAL] [ 55793][17:31:16:425911][info  ] RTSpatialIndex 0x7e6fac00a7d0 (Used 0 MB), Probe Points, Size: 100000, Results: 14
[LIBGPUSPATIAL] [ 55792][17:31:16:425985][info  ] RTSpatialRefiner 0x7e6fafd29600 (Used 0 MB), Loaded Geometries, ProbeArray 100000, Loaded 9, Type Point
[LIBGPUSPATIAL] [ 55792][17:31:16:426030][info  ] RTSpatialRefiner 0x7e6fafd29600 (Used 0 MB), Evaluating 9 Geometry Pairs with Predicate Intersects
[LIBGPUSPATIAL] [ 55797][17:31:16:426475][info  ] RTSpatialIndex 0x7e6fac00a7d0 (Used 0 MB), Allocate result buffer, memory consumption 0 MB, capacity 10
[LIBGPUSPATIAL] [ 55793][17:31:16:426635][info  ] RTSpatialRefiner 0x7e6fafd29600 (Used 0 MB), Loaded Geometries, ProbeArray 100000, Loaded 14, Type Point
[LIBGPUSPATIAL] [ 55793][17:31:16:426688][info  ] RTSpatialRefiner 0x7e6fafd29600 (Used 0 MB), Evaluating 14 Geometry Pairs with Predicate Intersects
[LIBGPUSPATIAL] [ 55797][17:31:16:426894][info  ] RTSpatialIndex 0x7e6fac00a7d0 (Used 0 MB), Probe Points, Size: 100000, Results: 10
[LIBGPUSPATIAL] [ 55797][17:31:16:427297][info  ] RTSpatialRefiner 0x7e6fafd29600 (Used 0 MB), Loaded Geometries, ProbeArray 100000, Loaded 10, Type Point
[LIBGPUSPATIAL] [ 55797][17:31:16:427346][info  ] RTSpatialRefiner 0x7e6fafd29600 (Used 0 MB), Evaluating 10 Geometry Pairs with Predicate Intersects
[LIBGPUSPATIAL] [ 55794][17:31:16:428584][info  ] RTSpatialIndex 0x7e6fac00a7d0 (Used 0 MB), Allocate result buffer, memory consumption 0 MB, capacity 22
[LIBGPUSPATIAL] [ 55794][17:31:16:428720][info  ] RTSpatialIndex 0x7e6fac00a7d0 (Used 0 MB), Probe Points, Size: 100000, Results: 22
[LIBGPUSPATIAL] [ 55794][17:31:16:429199][info  ] RTSpatialRefiner 0x7e6fafd29600 (Used 0 MB), Loaded Geometries, ProbeArray 100000, Loaded 22, Type Point
[LIBGPUSPATIAL] [ 55794][17:31:16:429336][info  ] RTSpatialRefiner 0x7e6fafd29600 (Used 0 MB), Evaluating 22 Geometry Pairs with Predicate Intersects
[LIBGPUSPATIAL] [ 55795][17:31:16:430323][info  ] RTSpatialIndex 0x7e6fac00a7d0 (Used 1 MB), Allocate result buffer, memory consumption 0 MB, capacity 15
[LIBGPUSPATIAL] [ 55796][17:31:16:430675][info  ] RTSpatialIndex 0x7e6fac00a7d0 (Used 1 MB), Allocate result buffer, memory consumption 0 MB, capacity 18
[LIBGPUSPATIAL] [ 55795][17:31:16:430986][info  ] RTSpatialIndex 0x7e6fac00a7d0 (Used 1 MB), Probe Points, Size: 100000, Results: 15
[LIBGPUSPATIAL] [ 55796][17:31:16:431428][info  ] RTSpatialIndex 0x7e6fac00a7d0 (Used 0 MB), Probe Points, Size: 100000, Results: 18
[LIBGPUSPATIAL] [ 55795][17:31:16:431583][info  ] RTSpatialRefiner 0x7e6fafd29600 (Used 0 MB), Loaded Geometries, ProbeArray 100000, Loaded 15, Type Point
[LIBGPUSPATIAL] [ 55795][17:31:16:431628][info  ] RTSpatialRefiner 0x7e6fafd29600 (Used 0 MB), Evaluating 15 Geometry Pairs with Predicate Intersects
[LIBGPUSPATIAL] [ 55796][17:31:16:431870][info  ] RTSpatialRefiner 0x7e6fafd29600 (Used 0 MB), Loaded Geometries, ProbeArray 100000, Loaded 18, Type Point
[LIBGPUSPATIAL] [ 55796][17:31:16:431916][info  ] RTSpatialRefiner 0x7e6fafd29600 (Used 0 MB), Evaluating 18 Geometry Pairs with Predicate Intersects
[LIBGPUSPATIAL] [ 55798][17:31:16:435652][info  ] RTSpatialIndex 0x7e6fac00a7d0 (Used 0 MB), Allocate result buffer, memory consumption 0 MB, capacity 20
[LIBGPUSPATIAL] [ 55798][17:31:16:435780][info  ] RTSpatialIndex 0x7e6fac00a7d0 (Used 0 MB), Probe Points, Size: 100000, Results: 20
[LIBGPUSPATIAL] [ 55798][17:31:16:436227][info  ] RTSpatialRefiner 0x7e6fafd29600 (Used 1 MB), Loaded Geometries, ProbeArray 100000, Loaded 20, Type Point
[LIBGPUSPATIAL] [ 55798][17:31:16:436282][info  ] RTSpatialRefiner 0x7e6fafd29600 (Used 1 MB), Evaluating 20 Geometry Pairs with Predicate Intersects
[LIBGPUSPATIAL] [ 55791][17:31:16:436501][info  ] RTSpatialIndex 0x7e6fac00a7d0 (Used 0 MB), Allocate result buffer, memory consumption 0 MB, capacity 20
[LIBGPUSPATIAL] [ 55791][17:31:16:436934][info  ] RTSpatialIndex 0x7e6fac00a7d0 (Used 0 MB), Probe Points, Size: 100000, Results: 20
[LIBGPUSPATIAL] [ 55791][17:31:16:439201][info  ] RTSpatialRefiner 0x7e6fafd29600 (Used 0 MB), Loaded Geometries, ProbeArray 100000, Loaded 20, Type Point
[LIBGPUSPATIAL] [ 55791][17:31:16:439303][info  ] RTSpatialRefiner 0x7e6fafd29600 (Used 0 MB), Evaluating 20 Geometry Pairs with Predicate Intersects
[LIBGPUSPATIAL] [ 55793][17:31:16:440423][info  ] RTSpatialIndex 0x7e6fac00a7d0 (Used 1 MB), Allocate result buffer, memory consumption 0 MB, capacity 10
[LIBGPUSPATIAL] [ 55792][17:31:16:440841][info  ] RTSpatialIndex 0x7e6fac00a7d0 (Used 2 MB), Allocate result buffer, memory consumption 0 MB, capacity 21
[LIBGPUSPATIAL] [ 55797][17:31:16:440923][info  ] RTSpatialIndex 0x7e6fac00a7d0 (Used 2 MB), Allocate result buffer, memory consumption 0 MB, capacity 21
[LIBGPUSPATIAL] [ 55793][17:31:16:441059][info  ] RTSpatialIndex 0x7e6fac00a7d0 (Used 2 MB), Probe Points, Size: 100000, Results: 10
[LIBGPUSPATIAL] [ 55792][17:31:16:441382][info  ] RTSpatialIndex 0x7e6fac00a7d0 (Used 1 MB), Probe Points, Size: 100000, Results: 21
[LIBGPUSPATIAL] [ 55797][17:31:16:441449][info  ] RTSpatialIndex 0x7e6fac00a7d0 (Used 0 MB), Probe Points, Size: 100000, Results: 21
[LIBGPUSPATIAL] [ 55793][17:31:16:441744][info  ] RTSpatialRefiner 0x7e6fafd29600 (Used 0 MB), Loaded Geometries, ProbeArray 100000, Loaded 10, Type Point
[LIBGPUSPATIAL] [ 55793][17:31:16:441786][info  ] RTSpatialRefiner 0x7e6fafd29600 (Used 0 MB), Evaluating 10 Geometry Pairs with Predicate Intersects
[LIBGPUSPATIAL] [ 55794][17:31:16:443252][info  ] RTSpatialIndex 0x7e6fac00a7d0 (Used 0 MB), Allocate result buffer, memory consumption 0 MB, capacity 16
[LIBGPUSPATIAL] [ 55797][17:31:16:443552][info  ] RTSpatialRefiner 0x7e6fafd29600 (Used 0 MB), Loaded Geometries, ProbeArray 100000, Loaded 21, Type Point
[LIBGPUSPATIAL] [ 55797][17:31:16:443599][info  ] RTSpatialRefiner 0x7e6fafd29600 (Used 0 MB), Evaluating 21 Geometry Pairs with Predicate Intersects
[LIBGPUSPATIAL] [ 55794][17:31:16:443606][info  ] RTSpatialIndex 0x7e6fac00a7d0 (Used 0 MB), Probe Points, Size: 100000, Results: 16
[LIBGPUSPATIAL] [ 55792][17:31:16:443647][info  ] RTSpatialRefiner 0x7e6fafd29600 (Used 0 MB), Loaded Geometries, ProbeArray 100000, Loaded 21, Type Point
[LIBGPUSPATIAL] [ 55792][17:31:16:443687][info  ] RTSpatialRefiner 0x7e6fafd29600 (Used 1 MB), Evaluating 21 Geometry Pairs with Predicate Intersects
[LIBGPUSPATIAL] [ 55795][17:31:16:444417][info  ] RTSpatialIndex 0x7e6fac00a7d0 (Used 1 MB), Allocate result buffer, memory consumption 0 MB, capacity 17
[LIBGPUSPATIAL] [ 55794][17:31:16:444425][info  ] RTSpatialRefiner 0x7e6fafd29600 (Used 1 MB), Loaded Geometries, ProbeArray 100000, Loaded 16, Type Point
[LIBGPUSPATIAL] [ 55794][17:31:16:444498][info  ] RTSpatialRefiner 0x7e6fafd29600 (Used 0 MB), Evaluating 16 Geometry Pairs with Predicate Intersects
[LIBGPUSPATIAL] [ 55795][17:31:16:445289][info  ] RTSpatialIndex 0x7e6fac00a7d0 (Used 0 MB), Probe Points, Size: 100000, Results: 17
[LIBGPUSPATIAL] [ 55795][17:31:16:446316][info  ] RTSpatialRefiner 0x7e6fafd29600 (Used 0 MB), Loaded Geometries, ProbeArray 100000, Loaded 17, Type Point
[LIBGPUSPATIAL] [ 55795][17:31:16:446357][info  ] RTSpatialRefiner 0x7e6fafd29600 (Used 0 MB), Evaluating 17 Geometry Pairs with Predicate Intersects
[LIBGPUSPATIAL] [ 55796][17:31:16:446839][info  ] RTSpatialIndex 0x7e6fac00a7d0 (Used 0 MB), Allocate result buffer, memory consumption 0 MB, capacity 17
[LIBGPUSPATIAL] [ 55796][17:31:16:446951][info  ] RTSpatialIndex 0x7e6fac00a7d0 (Used 0 MB), Probe Points, Size: 100000, Results: 17
[LIBGPUSPATIAL] [ 55798][17:31:16:450326][info  ] RTSpatialIndex 0x7e6fac00a7d0 (Used 0 MB), Allocate result buffer, memory consumption 0 MB, capacity 11
[LIBGPUSPATIAL] [ 55798][17:31:16:450468][info  ] RTSpatialIndex 0x7e6fac00a7d0 (Used 0 MB), Probe Points, Size: 100000, Results: 11
[LIBGPUSPATIAL] [ 55796][17:31:16:450637][info  ] RTSpatialRefiner 0x7e6fafd29600 (Used 0 MB), Loaded Geometries, ProbeArray 100000, Loaded 17, Type Point
[LIBGPUSPATIAL] [ 55796][17:31:16:450676][info  ] RTSpatialRefiner 0x7e6fafd29600 (Used 0 MB), Evaluating 17 Geometry Pairs with Predicate Intersects
[LIBGPUSPATIAL] [ 55798][17:31:16:450991][info  ] RTSpatialRefiner 0x7e6fafd29600 (Used 0 MB), Loaded Geometries, ProbeArray 100000, Loaded 11, Type Point
[LIBGPUSPATIAL] [ 55798][17:31:16:451050][info  ] RTSpatialRefiner 0x7e6fafd29600 (Used 0 MB), Evaluating 11 Geometry Pairs with Predicate Intersects
[LIBGPUSPATIAL] [ 55791][17:31:16:451457][info  ] RTSpatialIndex 0x7e6fac00a7d0 (Used 0 MB), Allocate result buffer, memory consumption 0 MB, capacity 17
[LIBGPUSPATIAL] [ 55791][17:31:16:451834][info  ] RTSpatialIndex 0x7e6fac00a7d0 (Used 0 MB), Probe Points, Size: 100000, Results: 17
[LIBGPUSPATIAL] [ 55791][17:31:16:452363][info  ] RTSpatialRefiner 0x7e6fafd29600 (Used 0 MB), Loaded Geometries, ProbeArray 100000, Loaded 17, Type Point
[LIBGPUSPATIAL] [ 55791][17:31:16:452401][info  ] RTSpatialRefiner 0x7e6fafd29600 (Used 0 MB), Evaluating 17 Geometry Pairs with Predicate Intersects
[LIBGPUSPATIAL] [ 55793][17:31:16:453269][info  ] RTSpatialIndex 0x7e6fac00a7d0 (Used 0 MB), Allocate result buffer, memory consumption 0 MB, capacity 20
[LIBGPUSPATIAL] [ 55793][17:31:16:453384][info  ] RTSpatialIndex 0x7e6fac00a7d0 (Used 0 MB), Probe Points, Size: 100000, Results: 20
[LIBGPUSPATIAL] [ 55793][17:31:16:453968][info  ] RTSpatialRefiner 0x7e6fafd29600 (Used 0 MB), Loaded Geometries, ProbeArray 100000, Loaded 20, Type Point
[LIBGPUSPATIAL] [ 55793][17:31:16:454011][info  ] RTSpatialRefiner 0x7e6fafd29600 (Used 0 MB), Evaluating 20 Geometry Pairs with Predicate Intersects
[LIBGPUSPATIAL] [ 55797][17:31:16:457877][info  ] RTSpatialIndex 0x7e6fac00a7d0 (Used 1 MB), Allocate result buffer, memory consumption 0 MB, capacity 10
[LIBGPUSPATIAL] [ 55792][17:31:16:457877][info  ] RTSpatialIndex 0x7e6fac00a7d0 (Used 1 MB), Allocate result buffer, memory consumption 0 MB, capacity 17
[LIBGPUSPATIAL] [ 55797][17:31:16:458251][info  ] RTSpatialIndex 0x7e6fac00a7d0 (Used 1 MB), Probe Points, Size: 100000, Results: 10
[LIBGPUSPATIAL] [ 55792][17:31:16:458273][info  ] RTSpatialIndex 0x7e6fac00a7d0 (Used 1 MB), Probe Points, Size: 100000, Results: 17
[LIBGPUSPATIAL] [ 55794][17:31:16:458892][info  ] RTSpatialIndex 0x7e6fac00a7d0 (Used 0 MB), Allocate result buffer, memory consumption 0 MB, capacity 18
[LIBGPUSPATIAL] [ 55794][17:31:16:459051][info  ] RTSpatialIndex 0x7e6fac00a7d0 (Used 0 MB), Probe Points, Size: 100000, Results: 18
[LIBGPUSPATIAL] [ 55792][17:31:16:459161][info  ] RTSpatialRefiner 0x7e6fafd29600 (Used 0 MB), Loaded Geometries, ProbeArray 100000, Loaded 17, Type Point
[LIBGPUSPATIAL] [ 55792][17:31:16:459213][info  ] RTSpatialRefiner 0x7e6fafd29600 (Used 0 MB), Evaluating 17 Geometry Pairs with Predicate Intersects
[LIBGPUSPATIAL] [ 55797][17:31:16:459341][info  ] RTSpatialRefiner 0x7e6fafd29600 (Used 0 MB), Loaded Geometries, ProbeArray 100000, Loaded 10, Type Point
[LIBGPUSPATIAL] [ 55794][17:31:16:459387][info  ] RTSpatialRefiner 0x7e6fafd29600 (Used 0 MB), Loaded Geometries, ProbeArray 100000, Loaded 18, Type Point
[LIBGPUSPATIAL] [ 55797][17:31:16:459423][info  ] RTSpatialRefiner 0x7e6fafd29600 (Used 0 MB), Evaluating 10 Geometry Pairs with Predicate Intersects
[LIBGPUSPATIAL] [ 55794][17:31:16:459427][info  ] RTSpatialRefiner 0x7e6fafd29600 (Used 0 MB), Evaluating 18 Geometry Pairs with Predicate Intersects
[LIBGPUSPATIAL] [ 55795][17:31:16:460329][info  ] RTSpatialIndex 0x7e6fac00a7d0 (Used 0 MB), Allocate result buffer, memory consumption 0 MB, capacity 11
[LIBGPUSPATIAL] [ 55795][17:31:16:460721][info  ] RTSpatialIndex 0x7e6fac00a7d0 (Used 0 MB), Probe Points, Size: 100000, Results: 11
[LIBGPUSPATIAL] [ 55795][17:31:16:461150][info  ] RTSpatialRefiner 0x7e6fafd29600 (Used 0 MB), Loaded Geometries, ProbeArray 100000, Loaded 11, Type Point
[LIBGPUSPATIAL] [ 55795][17:31:16:461263][info  ] RTSpatialRefiner 0x7e6fafd29600 (Used 0 MB), Evaluating 11 Geometry Pairs with Predicate Intersects
[LIBGPUSPATIAL] [ 55796][17:31:16:464474][info  ] RTSpatialIndex 0x7e6fac00a7d0 (Used 0 MB), Allocate result buffer, memory consumption 0 MB, capacity 9
[LIBGPUSPATIAL] [ 55796][17:31:16:464664][info  ] RTSpatialIndex 0x7e6fac00a7d0 (Used 2 MB), Probe Points, Size: 100000, Results: 9
[LIBGPUSPATIAL] [ 55798][17:31:16:465126][info  ] RTSpatialIndex 0x7e6fac00a7d0 (Used 0 MB), Allocate result buffer, memory consumption 0 MB, capacity 23
[LIBGPUSPATIAL] [ 55798][17:31:16:465418][info  ] RTSpatialIndex 0x7e6fac00a7d0 (Used 0 MB), Probe Points, Size: 100000, Results: 23
[LIBGPUSPATIAL] [ 55796][17:31:16:465426][info  ] RTSpatialRefiner 0x7e6fafd29600 (Used 0 MB), Loaded Geometries, ProbeArray 100000, Loaded 9, Type Point
[LIBGPUSPATIAL] [ 55796][17:31:16:465465][info  ] RTSpatialRefiner 0x7e6fafd29600 (Used 0 MB), Evaluating 9 Geometry Pairs with Predicate Intersects
[LIBGPUSPATIAL] [ 55798][17:31:16:465750][info  ] RTSpatialRefiner 0x7e6fafd29600 (Used 0 MB), Loaded Geometries, ProbeArray 100000, Loaded 23, Type Point
[LIBGPUSPATIAL] [ 55798][17:31:16:465792][info  ] RTSpatialRefiner 0x7e6fafd29600 (Used 0 MB), Evaluating 23 Geometry Pairs with Predicate Intersects
[LIBGPUSPATIAL] [ 55793][17:31:16:467116][info  ] RTSpatialIndex 0x7e6fac00a7d0 (Used 2 MB), Allocate result buffer, memory consumption 0 MB, capacity 8
[LIBGPUSPATIAL] [ 55793][17:31:16:469569][info  ] RTSpatialIndex 0x7e6fac00a7d0 (Used 1 MB), Probe Points, Size: 100000, Results: 8
[LIBGPUSPATIAL] [ 55791][17:31:16:469615][info  ] RTSpatialIndex 0x7e6fac00a7d0 (Used 0 MB), Allocate result buffer, memory consumption 0 MB, capacity 16
[LIBGPUSPATIAL] [ 55791][17:31:16:470084][info  ] RTSpatialIndex 0x7e6fac00a7d0 (Used 0 MB), Probe Points, Size: 100000, Results: 16
[LIBGPUSPATIAL] [ 55793][17:31:16:470316][info  ] RTSpatialRefiner 0x7e6fafd29600 (Used 0 MB), Loaded Geometries, ProbeArray 100000, Loaded 8, Type Point
[LIBGPUSPATIAL] [ 55793][17:31:16:470394][info  ] RTSpatialRefiner 0x7e6fafd29600 (Used 0 MB), Evaluating 8 Geometry Pairs with Predicate Intersects
[LIBGPUSPATIAL] [ 55791][17:31:16:470481][info  ] RTSpatialRefiner 0x7e6fafd29600 (Used 0 MB), Loaded Geometries, ProbeArray 100000, Loaded 16, Type Point
[LIBGPUSPATIAL] [ 55791][17:31:16:470516][info  ] RTSpatialRefiner 0x7e6fafd29600 (Used 0 MB), Evaluating 16 Geometry Pairs with Predicate Intersects
[LIBGPUSPATIAL] [ 55792][17:31:16:473134][info  ] RTSpatialIndex 0x7e6fac00a7d0 (Used 2 MB), Allocate result buffer, memory consumption 0 MB, capacity 13
[LIBGPUSPATIAL] [ 55792][17:31:16:473926][info  ] RTSpatialIndex 0x7e6fac00a7d0 (Used 3 MB), Probe Points, Size: 100000, Results: 13
[LIBGPUSPATIAL] [ 55794][17:31:16:474302][info  ] RTSpatialIndex 0x7e6fac00a7d0 (Used 3 MB), Allocate result buffer, memory consumption 0 MB, capacity 13
[LIBGPUSPATIAL] [ 55797][17:31:16:474568][info  ] RTSpatialIndex 0x7e6fac00a7d0 (Used 2 MB), Allocate result buffer, memory consumption 0 MB, capacity 11
[LIBGPUSPATIAL] [ 55795][17:31:16:474619][info  ] RTSpatialIndex 0x7e6fac00a7d0 (Used 2 MB), Allocate result buffer, memory consumption 0 MB, capacity 17
[LIBGPUSPATIAL] [ 55794][17:31:16:474724][info  ] RTSpatialIndex 0x7e6fac00a7d0 (Used 2 MB), Probe Points, Size: 100000, Results: 13
[LIBGPUSPATIAL] [ 55792][17:31:16:474857][info  ] RTSpatialRefiner 0x7e6fafd29600 (Used 1 MB), Loaded Geometries, ProbeArray 100000, Loaded 13, Type Point
[LIBGPUSPATIAL] [ 55792][17:31:16:474937][info  ] RTSpatialRefiner 0x7e6fafd29600 (Used 1 MB), Evaluating 13 Geometry Pairs with Predicate Intersects
[LIBGPUSPATIAL] [ 55797][17:31:16:474942][info  ] RTSpatialIndex 0x7e6fac00a7d0 (Used 1 MB), Probe Points, Size: 100000, Results: 11
[LIBGPUSPATIAL] [ 55795][17:31:16:475226][info  ] RTSpatialIndex 0x7e6fac00a7d0 (Used 0 MB), Probe Points, Size: 100000, Results: 17
[LIBGPUSPATIAL] [ 55794][17:31:16:475501][info  ] RTSpatialRefiner 0x7e6fafd29600 (Used 0 MB), Loaded Geometries, ProbeArray 100000, Loaded 13, Type Point
[LIBGPUSPATIAL] [ 55794][17:31:16:475541][info  ] RTSpatialRefiner 0x7e6fafd29600 (Used 0 MB), Evaluating 13 Geometry Pairs with Predicate Intersects
[LIBGPUSPATIAL] [ 55797][17:31:16:476186][info  ] RTSpatialRefiner 0x7e6fafd29600 (Used 0 MB), Loaded Geometries, ProbeArray 100000, Loaded 11, Type Point
[LIBGPUSPATIAL] [ 55797][17:31:16:476231][info  ] RTSpatialRefiner 0x7e6fafd29600 (Used 0 MB), Evaluating 11 Geometry Pairs with Predicate Intersects
[LIBGPUSPATIAL] [ 55795][17:31:16:477209][info  ] RTSpatialRefiner 0x7e6fafd29600 (Used 0 MB), Loaded Geometries, ProbeArray 100000, Loaded 17, Type Point
[LIBGPUSPATIAL] [ 55795][17:31:16:477251][info  ] RTSpatialRefiner 0x7e6fafd29600 (Used 0 MB), Evaluating 17 Geometry Pairs with Predicate Intersects
[LIBGPUSPATIAL] [ 55796][17:31:16:478406][info  ] RTSpatialIndex 0x7e6fac00a7d0 (Used 0 MB), Allocate result buffer, memory consumption 0 MB, capacity 14
[LIBGPUSPATIAL] [ 55796][17:31:16:478537][info  ] RTSpatialIndex 0x7e6fac00a7d0 (Used 0 MB), Probe Points, Size: 100000, Results: 14
[LIBGPUSPATIAL] [ 55796][17:31:16:478949][info  ] RTSpatialRefiner 0x7e6fafd29600 (Used 0 MB), Loaded Geometries, ProbeArray 100000, Loaded 14, Type Point
[LIBGPUSPATIAL] [ 55796][17:31:16:478990][info  ] RTSpatialRefiner 0x7e6fafd29600 (Used 0 MB), Evaluating 14 Geometry Pairs with Predicate Intersects
[LIBGPUSPATIAL] [ 55798][17:31:16:479672][info  ] RTSpatialIndex 0x7e6fac00a7d0 (Used 0 MB), Allocate result buffer, memory consumption 0 MB, capacity 13
[LIBGPUSPATIAL] [ 55798][17:31:16:479788][info  ] RTSpatialIndex 0x7e6fac00a7d0 (Used 0 MB), Probe Points, Size: 100000, Results: 13
[LIBGPUSPATIAL] [ 55798][17:31:16:482496][info  ] RTSpatialRefiner 0x7e6fafd29600 (Used 0 MB), Loaded Geometries, ProbeArray 100000, Loaded 13, Type Point
[LIBGPUSPATIAL] [ 55798][17:31:16:482625][info  ] RTSpatialRefiner 0x7e6fafd29600 (Used 0 MB), Evaluating 13 Geometry Pairs with Predicate Intersects
[LIBGPUSPATIAL] [ 55791][17:31:16:483226][info  ] RTSpatialIndex 0x7e6fac00a7d0 (Used 0 MB), Allocate result buffer, memory consumption 0 MB, capacity 16
[LIBGPUSPATIAL] [ 55791][17:31:16:483611][info  ] RTSpatialIndex 0x7e6fac00a7d0 (Used 0 MB), Probe Points, Size: 100000, Results: 16
[LIBGPUSPATIAL] [ 55793][17:31:16:484265][info  ] RTSpatialIndex 0x7e6fac00a7d0 (Used 0 MB), Allocate result buffer, memory consumption 0 MB, capacity 16
[LIBGPUSPATIAL] [ 55793][17:31:16:484372][info  ] RTSpatialIndex 0x7e6fac00a7d0 (Used 0 MB), Probe Points, Size: 100000, Results: 16
[LIBGPUSPATIAL] [ 55791][17:31:16:485410][info  ] RTSpatialRefiner 0x7e6fafd29600 (Used 0 MB), Loaded Geometries, ProbeArray 100000, Loaded 16, Type Point
[LIBGPUSPATIAL] [ 55793][17:31:16:485417][info  ] RTSpatialRefiner 0x7e6fafd29600 (Used 0 MB), Loaded Geometries, ProbeArray 100000, Loaded 16, Type Point
[LIBGPUSPATIAL] [ 55791][17:31:16:485468][info  ] RTSpatialRefiner 0x7e6fafd29600 (Used 0 MB), Evaluating 16 Geometry Pairs with Predicate Intersects
[LIBGPUSPATIAL] [ 55793][17:31:16:485474][info  ] RTSpatialRefiner 0x7e6fafd29600 (Used 0 MB), Evaluating 16 Geometry Pairs with Predicate Intersects
[LIBGPUSPATIAL] [ 55794][17:31:16:487195][info  ] RTSpatialIndex 0x7e6fac00a7d0 (Used 0 MB), Allocate result buffer, memory consumption 0 MB, capacity 16
[LIBGPUSPATIAL] [ 55794][17:31:16:487324][info  ] RTSpatialIndex 0x7e6fac00a7d0 (Used 0 MB), Probe Points, Size: 100000, Results: 16
[LIBGPUSPATIAL] [ 55794][17:31:16:487678][info  ] RTSpatialRefiner 0x7e6fafd29600 (Used 0 MB), Loaded Geometries, ProbeArray 100000, Loaded 16, Type Point
[LIBGPUSPATIAL] [ 55794][17:31:16:487717][info  ] RTSpatialRefiner 0x7e6fafd29600 (Used 0 MB), Evaluating 16 Geometry Pairs with Predicate Intersects
[LIBGPUSPATIAL] [ 55792][17:31:16:488834][info  ] RTSpatialIndex 0x7e6fac00a7d0 (Used 0 MB), Allocate result buffer, memory consumption 0 MB, capacity 23
[LIBGPUSPATIAL] [ 55792][17:31:16:489337][info  ] RTSpatialIndex 0x7e6fac00a7d0 (Used 2 MB), Probe Points, Size: 100000, Results: 23
[LIBGPUSPATIAL] [ 55797][17:31:16:489554][info  ] RTSpatialIndex 0x7e6fac00a7d0 (Used 0 MB), Allocate result buffer, memory consumption 0 MB, capacity 20
[LIBGPUSPATIAL] [ 55797][17:31:16:489648][info  ] RTSpatialIndex 0x7e6fac00a7d0 (Used 0 MB), Probe Points, Size: 100000, Results: 20
[LIBGPUSPATIAL] [ 55792][17:31:16:490167][info  ] RTSpatialRefiner 0x7e6fafd29600 (Used 1 MB), Loaded Geometries, ProbeArray 100000, Loaded 23, Type Point
[LIBGPUSPATIAL] [ 55797][17:31:16:490203][info  ] RTSpatialRefiner 0x7e6fafd29600 (Used 1 MB), Loaded Geometries, ProbeArray 100000, Loaded 20, Type Point
[LIBGPUSPATIAL] [ 55792][17:31:16:490208][info  ] RTSpatialRefiner 0x7e6fafd29600 (Used 2 MB), Evaluating 23 Geometry Pairs with Predicate Intersects
[LIBGPUSPATIAL] [ 55797][17:31:16:490239][info  ] RTSpatialRefiner 0x7e6fafd29600 (Used 0 MB), Evaluating 20 Geometry Pairs with Predicate Intersects
[LIBGPUSPATIAL] [ 55795][17:31:16:490602][info  ] RTSpatialIndex 0x7e6fac00a7d0 (Used 0 MB), Allocate result buffer, memory consumption 0 MB, capacity 13
[LIBGPUSPATIAL] [ 55795][17:31:16:490901][info  ] RTSpatialIndex 0x7e6fac00a7d0 (Used 1 MB), Probe Points, Size: 100000, Results: 13
[LIBGPUSPATIAL] [ 55795][17:31:16:491496][info  ] RTSpatialRefiner 0x7e6fafd29600 (Used 2 MB), Loaded Geometries, ProbeArray 100000, Loaded 13, Type Point
[LIBGPUSPATIAL] [ 55795][17:31:16:491607][info  ] RTSpatialRefiner 0x7e6fafd29600 (Used 1 MB), Evaluating 13 Geometry Pairs with Predicate Intersects
[LIBGPUSPATIAL] [ 55793][17:31:16:491911][info  ] RTSpatialIndex 0x7e6fac00a7d0 (Used 1 MB), Allocate result buffer, memory consumption 0 MB, capacity 7
[LIBGPUSPATIAL] [ 55796][17:31:16:492299][info  ] RTSpatialIndex 0x7e6fac00a7d0 (Used 1 MB), Allocate result buffer, memory consumption 0 MB, capacity 11
[LIBGPUSPATIAL] [ 55793][17:31:16:492593][info  ] RTSpatialIndex 0x7e6fac00a7d0 (Used 1 MB), Probe Points, Size: 33333, Results: 7
[LIBGPUSPATIAL] [ 55796][17:31:16:492928][info  ] RTSpatialIndex 0x7e6fac00a7d0 (Used 0 MB), Probe Points, Size: 100000, Results: 11
[LIBGPUSPATIAL] [ 55793][17:31:16:493874][info  ] RTSpatialRefiner 0x7e6fafd29600 (Used 0 MB), Loaded Geometries, ProbeArray 33333, Loaded 7, Type Point
[LIBGPUSPATIAL] [ 55793][17:31:16:493932][info  ] RTSpatialRefiner 0x7e6fafd29600 (Used 0 MB), Evaluating 7 Geometry Pairs with Predicate Intersects
[LIBGPUSPATIAL] [ 55796][17:31:16:493879][info  ] RTSpatialRefiner 0x7e6fafd29600 (Used 0 MB), Loaded Geometries, ProbeArray 100000, Loaded 11, Type Point
[LIBGPUSPATIAL] [ 55796][17:31:16:494173][info  ] RTSpatialRefiner 0x7e6fafd29600 (Used 0 MB), Evaluating 11 Geometry Pairs with Predicate Intersects
[LIBGPUSPATIAL] [ 55798][17:31:16:497410][info  ] RTSpatialIndex 0x7e6fac00a7d0 (Used 0 MB), Allocate result buffer, memory consumption 0 MB, capacity 12
[LIBGPUSPATIAL] [ 55798][17:31:16:498081][info  ] RTSpatialIndex 0x7e6fac00a7d0 (Used 1 MB), Probe Points, Size: 100000, Results: 12
[LIBGPUSPATIAL] [ 55795][17:31:16:498115][info  ] RTSpatialIndex 0x7e6fac00a7d0 (Used 0 MB), Allocate result buffer, memory consumption 0 MB, capacity 7
[LIBGPUSPATIAL] [ 55795][17:31:16:498437][info  ] RTSpatialIndex 0x7e6fac00a7d0 (Used 0 MB), Probe Points, Size: 33333, Results: 7
[LIBGPUSPATIAL] [ 55791][17:31:16:498862][info  ] RTSpatialIndex 0x7e6fac00a7d0 (Used 0 MB), Allocate result buffer, memory consumption 0 MB, capacity 11
[LIBGPUSPATIAL] [ 55791][17:31:16:498989][info  ] RTSpatialIndex 0x7e6fac00a7d0 (Used 0 MB), Probe Points, Size: 100000, Results: 11
[LIBGPUSPATIAL] [ 55798][17:31:16:499364][info  ] RTSpatialRefiner 0x7e6fafd29600 (Used 0 MB), Loaded Geometries, ProbeArray 100000, Loaded 12, Type Point
[LIBGPUSPATIAL] [ 55791][17:31:16:499542][info  ] RTSpatialRefiner 0x7e6fafd29600 (Used 0 MB), Loaded Geometries, ProbeArray 100000, Loaded 11, Type Point
[LIBGPUSPATIAL] [ 55798][17:31:16:499622][info  ] RTSpatialRefiner 0x7e6fafd29600 (Used 0 MB), Evaluating 12 Geometry Pairs with Predicate Intersects
[LIBGPUSPATIAL] [ 55791][17:31:16:499633][info  ] RTSpatialRefiner 0x7e6fafd29600 (Used 0 MB), Evaluating 11 Geometry Pairs with Predicate Intersects
[LIBGPUSPATIAL] [ 55795][17:31:16:499672][info  ] RTSpatialRefiner 0x7e6fafd29600 (Used 0 MB), Loaded Geometries, ProbeArray 33333, Loaded 7, Type Point
[LIBGPUSPATIAL] [ 55796][17:31:16:499681][info  ] RTSpatialIndex 0x7e6fac00a7d0 (Used 0 MB), Allocate result buffer, memory consumption 0 MB, capacity 10
[LIBGPUSPATIAL] [ 55795][17:31:16:499754][info  ] RTSpatialRefiner 0x7e6fafd29600 (Used 0 MB), Evaluating 7 Geometry Pairs with Predicate Intersects
[LIBGPUSPATIAL] [ 55796][17:31:16:500197][info  ] RTSpatialIndex 0x7e6fac00a7d0 (Used 2 MB), Probe Points, Size: 33333, Results: 10
[LIBGPUSPATIAL] [ 55794][17:31:16:500805][info  ] RTSpatialIndex 0x7e6fac00a7d0 (Used 1 MB), Allocate result buffer, memory consumption 0 MB, capacity 15
[LIBGPUSPATIAL] [ 55796][17:31:16:501123][info  ] RTSpatialRefiner 0x7e6fafd29600 (Used 1 MB), Loaded Geometries, ProbeArray 33333, Loaded 10, Type Point
[LIBGPUSPATIAL] [ 55794][17:31:16:501159][info  ] RTSpatialIndex 0x7e6fac00a7d0 (Used 1 MB), Probe Points, Size: 100000, Results: 15
[LIBGPUSPATIAL] [ 55796][17:31:16:501179][info  ] RTSpatialRefiner 0x7e6fafd29600 (Used 0 MB), Evaluating 10 Geometry Pairs with Predicate Intersects
[LIBGPUSPATIAL] [ 55794][17:31:16:501615][info  ] RTSpatialRefiner 0x7e6fafd29600 (Used 0 MB), Loaded Geometries, ProbeArray 100000, Loaded 15, Type Point
[LIBGPUSPATIAL] [ 55794][17:31:16:501668][info  ] RTSpatialRefiner 0x7e6fafd29600 (Used 0 MB), Evaluating 15 Geometry Pairs with Predicate Intersects
[LIBGPUSPATIAL] [ 55791][17:31:16:505803][info  ] RTSpatialIndex 0x7e6fac00a7d0 (Used 1 MB), Allocate result buffer, memory consumption 0 MB, capacity 6
[LIBGPUSPATIAL] [ 55792][17:31:16:505803][info  ] RTSpatialIndex 0x7e6fac00a7d0 (Used 1 MB), Allocate result buffer, memory consumption 0 MB, capacity 12
[LIBGPUSPATIAL] [ 55797][17:31:16:505831][info  ] RTSpatialIndex 0x7e6fac00a7d0 (Used 1 MB), Allocate result buffer, memory consumption 0 MB, capacity 16
[LIBGPUSPATIAL] [ 55791][17:31:16:506169][info  ] RTSpatialIndex 0x7e6fac00a7d0 (Used 1 MB), Probe Points, Size: 33333, Results: 6
[LIBGPUSPATIAL] [ 55797][17:31:16:506271][info  ] RTSpatialIndex 0x7e6fac00a7d0 (Used 1 MB), Probe Points, Size: 100000, Results: 16
[LIBGPUSPATIAL] [ 55792][17:31:16:506396][info  ] RTSpatialIndex 0x7e6fac00a7d0 (Used 0 MB), Probe Points, Size: 100000, Results: 12
[LIBGPUSPATIAL] [ 55797][17:31:16:506882][info  ] RTSpatialRefiner 0x7e6fafd29600 (Used 0 MB), Loaded Geometries, ProbeArray 100000, Loaded 16, Type Point
[LIBGPUSPATIAL] [ 55797][17:31:16:506932][info  ] RTSpatialRefiner 0x7e6fafd29600 (Used 0 MB), Evaluating 16 Geometry Pairs with Predicate Intersects
[LIBGPUSPATIAL] [ 55791][17:31:16:507199][info  ] RTSpatialRefiner 0x7e6fafd29600 (Used 0 MB), Loaded Geometries, ProbeArray 33333, Loaded 6, Type Point
[LIBGPUSPATIAL] [ 55792][17:31:16:507240][info  ] RTSpatialRefiner 0x7e6fafd29600 (Used 0 MB), Loaded Geometries, ProbeArray 100000, Loaded 12, Type Point
[LIBGPUSPATIAL] [ 55792][17:31:16:507439][info  ] RTSpatialRefiner 0x7e6fafd29600 (Used 0 MB), Evaluating 12 Geometry Pairs with Predicate Intersects
[LIBGPUSPATIAL] [ 55791][17:31:16:507543][info  ] RTSpatialRefiner 0x7e6fafd29600 (Used 0 MB), Evaluating 6 Geometry Pairs with Predicate Intersects
[LIBGPUSPATIAL] [ 55798][17:31:16:508180][info  ] RTSpatialIndex 0x7e6fac00a7d0 (Used 0 MB), Allocate result buffer, memory consumption 0 MB, capacity 6
[LIBGPUSPATIAL] [ 55798][17:31:16:508711][info  ] RTSpatialIndex 0x7e6fac00a7d0 (Used 0 MB), Probe Points, Size: 33333, Results: 6
[LIBGPUSPATIAL] [ 55798][17:31:16:509842][info  ] RTSpatialRefiner 0x7e6fafd29600 (Used 0 MB), Loaded Geometries, ProbeArray 33333, Loaded 6, Type Point
[LIBGPUSPATIAL] [ 55798][17:31:16:509885][info  ] RTSpatialRefiner 0x7e6fafd29600 (Used 0 MB), Evaluating 6 Geometry Pairs with Predicate Intersects
[LIBGPUSPATIAL] [ 55797][17:31:16:512630][info  ] RTSpatialIndex 0x7e6fac00a7d0 (Used 0 MB), Allocate result buffer, memory consumption 0 MB, capacity 7
[LIBGPUSPATIAL] [ 55797][17:31:16:512785][info  ] RTSpatialIndex 0x7e6fac00a7d0 (Used 0 MB), Probe Points, Size: 33333, Results: 7
[LIBGPUSPATIAL] [ 55797][17:31:16:513440][info  ] RTSpatialRefiner 0x7e6fafd29600 (Used 0 MB), Loaded Geometries, ProbeArray 33333, Loaded 7, Type Point
[LIBGPUSPATIAL] [ 55797][17:31:16:513521][info  ] RTSpatialRefiner 0x7e6fafd29600 (Used 0 MB), Evaluating 7 Geometry Pairs with Predicate Intersects
[LIBGPUSPATIAL] [ 55792][17:31:16:513710][info  ] RTSpatialIndex 0x7e6fac00a7d0 (Used 0 MB), Allocate result buffer, memory consumption 0 MB, capacity 10
[LIBGPUSPATIAL] [ 55792][17:31:16:513989][info  ] RTSpatialIndex 0x7e6fac00a7d0 (Used 0 MB), Probe Points, Size: 33333, Results: 10
[LIBGPUSPATIAL] [ 55792][17:31:16:514680][info  ] RTSpatialRefiner 0x7e6fafd29600 (Used 2 MB), Loaded Geometries, ProbeArray 33333, Loaded 10, Type Point
[LIBGPUSPATIAL] [ 55792][17:31:16:514741][info  ] RTSpatialRefiner 0x7e6fafd29600 (Used 4 MB), Evaluating 10 Geometry Pairs with Predicate Intersects
[LIBGPUSPATIAL] [ 55793][17:31:16:515338][info  ] RTSpatialIndex 0x7e6fac00a7d0 (Used 1 MB), Allocate result buffer, memory consumption 0 MB, capacity 9
[LIBGPUSPATIAL] [ 55794][17:31:16:515558][info  ] RTSpatialIndex 0x7e6fac00a7d0 (Used 1 MB), Allocate result buffer, memory consumption 0 MB, capacity 19
[LIBGPUSPATIAL] [ 55793][17:31:16:515831][info  ] RTSpatialIndex 0x7e6fac00a7d0 (Used 1 MB), Probe Points, Size: 100000, Results: 9
[LIBGPUSPATIAL] [ 55794][17:31:16:516058][info  ] RTSpatialIndex 0x7e6fac00a7d0 (Used 0 MB), Probe Points, Size: 100000, Results: 19
[LIBGPUSPATIAL] [ 55794][17:31:16:517793][info  ] RTSpatialRefiner 0x7e6fafd29600 (Used 0 MB), Loaded Geometries, ProbeArray 100000, Loaded 19, Type Point
[LIBGPUSPATIAL] [ 55794][17:31:16:517855][info  ] RTSpatialRefiner 0x7e6fafd29600 (Used 0 MB), Evaluating 19 Geometry Pairs with Predicate Intersects
[LIBGPUSPATIAL] [ 55793][17:31:16:517800][info  ] RTSpatialRefiner 0x7e6fafd29600 (Used 0 MB), Loaded Geometries, ProbeArray 100000, Loaded 9, Type Point
[LIBGPUSPATIAL] [ 55793][17:31:16:517943][info  ] RTSpatialRefiner 0x7e6fafd29600 (Used 0 MB), Evaluating 9 Geometry Pairs with Predicate Intersects
[LIBGPUSPATIAL] [ 55796][17:31:16:523065][info  ] RTSpatialIndex 0x7e6fac00a7d0 (Used 0 MB), Allocate result buffer, memory consumption 0 MB, capacity 14
[LIBGPUSPATIAL] [ 55796][17:31:16:523270][info  ] RTSpatialIndex 0x7e6fac00a7d0 (Used 0 MB), Probe Points, Size: 100000, Results: 14
[LIBGPUSPATIAL] [ 55796][17:31:16:524132][info  ] RTSpatialRefiner 0x7e6fafd29600 (Used 1 MB), Loaded Geometries, ProbeArray 100000, Loaded 14, Type Point
[LIBGPUSPATIAL] [ 55796][17:31:16:524220][info  ] RTSpatialRefiner 0x7e6fafd29600 (Used 1 MB), Evaluating 14 Geometry Pairs with Predicate Intersects
[LIBGPUSPATIAL] [ 55794][17:31:16:524287][info  ] RTSpatialIndex 0x7e6fac00a7d0 (Used 1 MB), Allocate result buffer, memory consumption 0 MB, capacity 3
[LIBGPUSPATIAL] [ 55791][17:31:16:524708][info  ] RTSpatialIndex 0x7e6fac00a7d0 (Used 1 MB), Allocate result buffer, memory consumption 0 MB, capacity 10
[LIBGPUSPATIAL] [ 55794][17:31:16:525014][info  ] RTSpatialIndex 0x7e6fac00a7d0 (Used 1 MB), Probe Points, Size: 33333, Results: 3
[LIBGPUSPATIAL] [ 55791][17:31:16:525227][info  ] RTSpatialIndex 0x7e6fac00a7d0 (Used 0 MB), Probe Points, Size: 100000, Results: 10
[LIBGPUSPATIAL] [ 55794][17:31:16:525509][info  ] RTSpatialRefiner 0x7e6fafd29600 (Used 0 MB), Loaded Geometries, ProbeArray 33333, Loaded 3, Type Point
[LIBGPUSPATIAL] [ 55794][17:31:16:525547][info  ] RTSpatialRefiner 0x7e6fafd29600 (Used 0 MB), Evaluating 3 Geometry Pairs with Predicate Intersects
[LIBGPUSPATIAL] [ 55791][17:31:16:527939][info  ] RTSpatialRefiner 0x7e6fafd29600 (Used 0 MB), Loaded Geometries, ProbeArray 100000, Loaded 10, Type Point
[LIBGPUSPATIAL] [ 55791][17:31:16:527985][info  ] RTSpatialRefiner 0x7e6fafd29600 (Used 0 MB), Evaluating 10 Geometry Pairs with Predicate Intersects
[LIBGPUSPATIAL] [ 55795][17:31:16:528636][info  ] RTSpatialIndex 0x7e6fac00a7d0 (Used 0 MB), Allocate result buffer, memory consumption 0 MB, capacity 12
[LIBGPUSPATIAL] [ 55795][17:31:16:528911][info  ] RTSpatialIndex 0x7e6fac00a7d0 (Used 0 MB), Probe Points, Size: 100000, Results: 12
[LIBGPUSPATIAL] [ 55792][17:31:16:529761][info  ] RTSpatialIndex 0x7e6fac00a7d0 (Used 0 MB), Allocate result buffer, memory consumption 0 MB, capacity 18
[LIBGPUSPATIAL] [ 55795][17:31:16:529788][info  ] RTSpatialRefiner 0x7e6fafd29600 (Used 0 MB), Loaded Geometries, ProbeArray 100000, Loaded 12, Type Point
[LIBGPUSPATIAL] [ 55795][17:31:16:529834][info  ] RTSpatialRefiner 0x7e6fafd29600 (Used 0 MB), Evaluating 12 Geometry Pairs with Predicate Intersects
[LIBGPUSPATIAL] [ 55792][17:31:16:529878][info  ] RTSpatialIndex 0x7e6fac00a7d0 (Used 0 MB), Probe Points, Size: 100000, Results: 18
[LIBGPUSPATIAL] [ 55792][17:31:16:531586][info  ] RTSpatialRefiner 0x7e6fafd29600 (Used 0 MB), Loaded Geometries, ProbeArray 100000, Loaded 18, Type Point
[LIBGPUSPATIAL] [ 55792][17:31:16:531723][info  ] RTSpatialRefiner 0x7e6fafd29600 (Used 0 MB), Evaluating 18 Geometry Pairs with Predicate Intersects
[LIBGPUSPATIAL] [ 55793][17:31:16:532643][info  ] RTSpatialIndex 0x7e6fac00a7d0 (Used 0 MB), Allocate result buffer, memory consumption 0 MB, capacity 11
[LIBGPUSPATIAL] [ 55793][17:31:16:532859][info  ] RTSpatialIndex 0x7e6fac00a7d0 (Used 0 MB), Probe Points, Size: 100000, Results: 11
[LIBGPUSPATIAL] [ 55793][17:31:16:533245][info  ] RTSpatialRefiner 0x7e6fafd29600 (Used 0 MB), Loaded Geometries, ProbeArray 100000, Loaded 11, Type Point
[LIBGPUSPATIAL] [ 55793][17:31:16:533294][info  ] RTSpatialRefiner 0x7e6fafd29600 (Used 0 MB), Evaluating 11 Geometry Pairs with Predicate Intersects
[LIBGPUSPATIAL] [ 55798][17:31:16:534755][info  ] RTSpatialIndex 0x7e6fac00a7d0 (Used 0 MB), Allocate result buffer, memory consumption 0 MB, capacity 15
[LIBGPUSPATIAL] [ 55798][17:31:16:534886][info  ] RTSpatialIndex 0x7e6fac00a7d0 (Used 0 MB), Probe Points, Size: 100000, Results: 15
[LIBGPUSPATIAL] [ 55798][17:31:16:535471][info  ] RTSpatialRefiner 0x7e6fafd29600 (Used 0 MB), Loaded Geometries, ProbeArray 100000, Loaded 15, Type Point
[LIBGPUSPATIAL] [ 55798][17:31:16:535611][info  ] RTSpatialRefiner 0x7e6fafd29600 (Used 0 MB), Evaluating 15 Geometry Pairs with Predicate Intersects
[LIBGPUSPATIAL] [ 55797][17:31:16:536305][info  ] RTSpatialIndex 0x7e6fac00a7d0 (Used 0 MB), Allocate result buffer, memory consumption 0 MB, capacity 16
[LIBGPUSPATIAL] [ 55797][17:31:16:536457][info  ] RTSpatialIndex 0x7e6fac00a7d0 (Used 0 MB), Probe Points, Size: 100000, Results: 16
[LIBGPUSPATIAL] [ 55797][17:31:16:536898][info  ] RTSpatialRefiner 0x7e6fafd29600 (Used 0 MB), Loaded Geometries, ProbeArray 100000, Loaded 16, Type Point
[LIBGPUSPATIAL] [ 55797][17:31:16:536943][info  ] RTSpatialRefiner 0x7e6fafd29600 (Used 0 MB), Evaluating 16 Geometry Pairs with Predicate Intersects
[LIBGPUSPATIAL] [ 55796][17:31:16:537917][info  ] RTSpatialIndex 0x7e6fac00a7d0 (Used 0 MB), Allocate result buffer, memory consumption 0 MB, capacity 19
[LIBGPUSPATIAL] [ 55796][17:31:16:538051][info  ] RTSpatialIndex 0x7e6fac00a7d0 (Used 0 MB), Probe Points, Size: 100000, Results: 19
[LIBGPUSPATIAL] [ 55796][17:31:16:538371][info  ] RTSpatialRefiner 0x7e6fafd29600 (Used 0 MB), Loaded Geometries, ProbeArray 100000, Loaded 19, Type Point
[LIBGPUSPATIAL] [ 55796][17:31:16:538416][info  ] RTSpatialRefiner 0x7e6fafd29600 (Used 0 MB), Evaluating 19 Geometry Pairs with Predicate Intersects
[LIBGPUSPATIAL] [ 55791][17:31:16:542058][info  ] RTSpatialIndex 0x7e6fac00a7d0 (Used 0 MB), Allocate result buffer, memory consumption 0 MB, capacity 18
[LIBGPUSPATIAL] [ 55791][17:31:16:542200][info  ] RTSpatialIndex 0x7e6fac00a7d0 (Used 0 MB), Probe Points, Size: 100000, Results: 18
[LIBGPUSPATIAL] [ 55791][17:31:16:542591][info  ] RTSpatialRefiner 0x7e6fafd29600 (Used 0 MB), Loaded Geometries, ProbeArray 100000, Loaded 18, Type Point
[LIBGPUSPATIAL] [ 55791][17:31:16:542637][info  ] RTSpatialRefiner 0x7e6fafd29600 (Used 0 MB), Evaluating 18 Geometry Pairs with Predicate Intersects
[LIBGPUSPATIAL] [ 55795][17:31:16:544368][info  ] RTSpatialIndex 0x7e6fac00a7d0 (Used 0 MB), Allocate result buffer, memory consumption 0 MB, capacity 13
[LIBGPUSPATIAL] [ 55795][17:31:16:544521][info  ] RTSpatialIndex 0x7e6fac00a7d0 (Used 0 MB), Probe Points, Size: 100000, Results: 13
[LIBGPUSPATIAL] [ 55795][17:31:16:544878][info  ] RTSpatialRefiner 0x7e6fafd29600 (Used 0 MB), Loaded Geometries, ProbeArray 100000, Loaded 13, Type Point
[LIBGPUSPATIAL] [ 55795][17:31:16:544982][info  ] RTSpatialRefiner 0x7e6fafd29600 (Used 1 MB), Evaluating 13 Geometry Pairs with Predicate Intersects
[LIBGPUSPATIAL] [ 55792][17:31:16:545693][info  ] RTSpatialIndex 0x7e6fac00a7d0 (Used 0 MB), Allocate result buffer, memory consumption 0 MB, capacity 14
[LIBGPUSPATIAL] [ 55793][17:31:16:546529][info  ] RTSpatialIndex 0x7e6fac00a7d0 (Used 1 MB), Allocate result buffer, memory consumption 0 MB, capacity 17
[LIBGPUSPATIAL] [ 55793][17:31:16:546637][info  ] RTSpatialIndex 0x7e6fac00a7d0 (Used 1 MB), Probe Points, Size: 100000, Results: 17
[LIBGPUSPATIAL] [ 55792][17:31:16:547375][info  ] RTSpatialIndex 0x7e6fac00a7d0 (Used 1 MB), Probe Points, Size: 100000, Results: 14
[LIBGPUSPATIAL] [ 55794][17:31:16:547435][info  ] RTSpatialIndex 0x7e6fac00a7d0 (Used 0 MB), Allocate result buffer, memory consumption 0 MB, capacity 12
[LIBGPUSPATIAL] [ 55793][17:31:16:547539][info  ] RTSpatialRefiner 0x7e6fafd29600 (Used 0 MB), Loaded Geometries, ProbeArray 100000, Loaded 17, Type Point
[LIBGPUSPATIAL] [ 55793][17:31:16:547582][info  ] RTSpatialRefiner 0x7e6fafd29600 (Used 0 MB), Evaluating 17 Geometry Pairs with Predicate Intersects
[LIBGPUSPATIAL] [ 55794][17:31:16:547907][info  ] RTSpatialIndex 0x7e6fac00a7d0 (Used 0 MB), Probe Points, Size: 100000, Results: 12
[LIBGPUSPATIAL] [ 55792][17:31:16:548183][info  ] RTSpatialRefiner 0x7e6fafd29600 (Used 0 MB), Loaded Geometries, ProbeArray 100000, Loaded 14, Type Point
[LIBGPUSPATIAL] [ 55792][17:31:16:548224][info  ] RTSpatialRefiner 0x7e6fafd29600 (Used 0 MB), Evaluating 14 Geometry Pairs with Predicate Intersects
[LIBGPUSPATIAL] [ 55797][17:31:16:550115][info  ] RTSpatialIndex 0x7e6fac00a7d0 (Used 0 MB), Allocate result buffer, memory consumption 0 MB, capacity 13
[LIBGPUSPATIAL] [ 55797][17:31:16:550226][info  ] RTSpatialIndex 0x7e6fac00a7d0 (Used 0 MB), Probe Points, Size: 100000, Results: 13
[LIBGPUSPATIAL] [ 55798][17:31:16:551407][info  ] RTSpatialIndex 0x7e6fac00a7d0 (Used 0 MB), Allocate result buffer, memory consumption 0 MB, capacity 12
[LIBGPUSPATIAL] [ 55798][17:31:16:551509][info  ] RTSpatialIndex 0x7e6fac00a7d0 (Used 0 MB), Probe Points, Size: 100000, Results: 12
[LIBGPUSPATIAL] [ 55796][17:31:16:552516][info  ] RTSpatialIndex 0x7e6fac00a7d0 (Used 0 MB), Allocate result buffer, memory consumption 0 MB, capacity 24
[LIBGPUSPATIAL] [ 55796][17:31:16:552630][info  ] RTSpatialIndex 0x7e6fac00a7d0 (Used 0 MB), Probe Points, Size: 100000, Results: 24
[LIBGPUSPATIAL] [ 55797][17:31:16:553945][info  ] RTSpatialRefiner 0x7e6fafd29600 (Used 0 MB), Loaded Geometries, ProbeArray 100000, Loaded 13, Type Point
[LIBGPUSPATIAL] [ 55798][17:31:16:553950][info  ] RTSpatialRefiner 0x7e6fafd29600 (Used 0 MB), Loaded Geometries, ProbeArray 100000, Loaded 12, Type Point
[LIBGPUSPATIAL] [ 55797][17:31:16:553993][info  ] RTSpatialRefiner 0x7e6fafd29600 (Used 0 MB), Evaluating 13 Geometry Pairs with Predicate Intersects
[LIBGPUSPATIAL] [ 55798][17:31:16:554018][info  ] RTSpatialRefiner 0x7e6fafd29600 (Used 0 MB), Evaluating 12 Geometry Pairs with Predicate Intersects
[LIBGPUSPATIAL] [ 55794][17:31:16:554401][info  ] RTSpatialRefiner 0x7e6fafd29600 (Used 0 MB), Loaded Geometries, ProbeArray 100000, Loaded 12, Type Point
[LIBGPUSPATIAL] [ 55796][17:31:16:554571][info  ] RTSpatialRefiner 0x7e6fafd29600 (Used 0 MB), Loaded Geometries, ProbeArray 100000, Loaded 24, Type Point
[LIBGPUSPATIAL] [ 55794][17:31:16:554577][info  ] RTSpatialRefiner 0x7e6fafd29600 (Used 0 MB), Evaluating 12 Geometry Pairs with Predicate Intersects
[LIBGPUSPATIAL] [ 55796][17:31:16:554668][info  ] RTSpatialRefiner 0x7e6fafd29600 (Used 0 MB), Evaluating 24 Geometry Pairs with Predicate Intersects
[LIBGPUSPATIAL] [ 55791][17:31:16:555475][info  ] RTSpatialIndex 0x7e6fac00a7d0 (Used 0 MB), Allocate result buffer, memory consumption 0 MB, capacity 17
[LIBGPUSPATIAL] [ 55791][17:31:16:555969][info  ] RTSpatialIndex 0x7e6fac00a7d0 (Used 0 MB), Probe Points, Size: 100000, Results: 17
[LIBGPUSPATIAL] [ 55791][17:31:16:556497][info  ] RTSpatialRefiner 0x7e6fafd29600 (Used 0 MB), Loaded Geometries, ProbeArray 100000, Loaded 17, Type Point
[LIBGPUSPATIAL] [ 55791][17:31:16:556544][info  ] RTSpatialRefiner 0x7e6fafd29600 (Used 0 MB), Evaluating 17 Geometry Pairs with Predicate Intersects
[LIBGPUSPATIAL] [ 55793][17:31:16:558226][info  ] RTSpatialIndex 0x7e6fac00a7d0 (Used 0 MB), Allocate result buffer, memory consumption 0 MB, capacity 15
[LIBGPUSPATIAL] [ 55793][17:31:16:558358][info  ] RTSpatialIndex 0x7e6fac00a7d0 (Used 2 MB), Probe Points, Size: 100000, Results: 15
[LIBGPUSPATIAL] [ 55795][17:31:16:558695][info  ] RTSpatialIndex 0x7e6fac00a7d0 (Used 0 MB), Allocate result buffer, memory consumption 0 MB, capacity 14
[LIBGPUSPATIAL] [ 55795][17:31:16:558808][info  ] RTSpatialIndex 0x7e6fac00a7d0 (Used 0 MB), Probe Points, Size: 100000, Results: 14
[LIBGPUSPATIAL] [ 55795][17:31:16:560329][info  ] RTSpatialRefiner 0x7e6fafd29600 (Used 1 MB), Loaded Geometries, ProbeArray 100000, Loaded 14, Type Point
[LIBGPUSPATIAL] [ 55795][17:31:16:560389][info  ] RTSpatialRefiner 0x7e6fafd29600 (Used 1 MB), Evaluating 14 Geometry Pairs with Predicate Intersects
[LIBGPUSPATIAL] [ 55793][17:31:16:560508][info  ] RTSpatialRefiner 0x7e6fafd29600 (Used 0 MB), Loaded Geometries, ProbeArray 100000, Loaded 15, Type Point
[LIBGPUSPATIAL] [ 55793][17:31:16:560648][info  ] RTSpatialRefiner 0x7e6fafd29600 (Used 0 MB), Evaluating 15 Geometry Pairs with Predicate Intersects
[LIBGPUSPATIAL] [ 55792][17:31:16:560961][info  ] RTSpatialIndex 0x7e6fac00a7d0 (Used 0 MB), Allocate result buffer, memory consumption 0 MB, capacity 13
[LIBGPUSPATIAL] [ 55792][17:31:16:561409][info  ] RTSpatialIndex 0x7e6fac00a7d0 (Used 0 MB), Probe Points, Size: 100000, Results: 13
[LIBGPUSPATIAL] [ 55792][17:31:16:561816][info  ] RTSpatialRefiner 0x7e6fafd29600 (Used 0 MB), Loaded Geometries, ProbeArray 100000, Loaded 13, Type Point
[LIBGPUSPATIAL] [ 55792][17:31:16:561862][info  ] RTSpatialRefiner 0x7e6fafd29600 (Used 0 MB), Evaluating 13 Geometry Pairs with Predicate Intersects
[LIBGPUSPATIAL] [ 55798][17:31:16:567790][info  ] RTSpatialIndex 0x7e6fac00a7d0 (Used 1 MB), Allocate result buffer, memory consumption 0 MB, capacity 14
[LIBGPUSPATIAL] [ 55797][17:31:16:567896][info  ] RTSpatialIndex 0x7e6fac00a7d0 (Used 1 MB), Allocate result buffer, memory consumption 0 MB, capacity 10
[LIBGPUSPATIAL] [ 55798][17:31:16:568023][info  ] RTSpatialIndex 0x7e6fac00a7d0 (Used 1 MB), Probe Points, Size: 100000, Results: 14
[LIBGPUSPATIAL] [ 55797][17:31:16:568156][info  ] RTSpatialIndex 0x7e6fac00a7d0 (Used 0 MB), Probe Points, Size: 100000, Results: 10
[LIBGPUSPATIAL] [ 55797][17:31:16:568533][info  ] RTSpatialRefiner 0x7e6fafd29600 (Used 0 MB), Loaded Geometries, ProbeArray 100000, Loaded 10, Type Point
[LIBGPUSPATIAL] [ 55797][17:31:16:568588][info  ] RTSpatialRefiner 0x7e6fafd29600 (Used 0 MB), Evaluating 10 Geometry Pairs with Predicate Intersects
[LIBGPUSPATIAL] [ 55796][17:31:16:570023][info  ] RTSpatialIndex 0x7e6fac00a7d0 (Used 0 MB), Allocate result buffer, memory consumption 0 MB, capacity 16
[LIBGPUSPATIAL] [ 55796][17:31:16:570178][info  ] RTSpatialIndex 0x7e6fac00a7d0 (Used 0 MB), Probe Points, Size: 100000, Results: 16
[LIBGPUSPATIAL] [ 55798][17:31:16:570489][info  ] RTSpatialRefiner 0x7e6fafd29600 (Used 1 MB), Loaded Geometries, ProbeArray 100000, Loaded 14, Type Point
[LIBGPUSPATIAL] [ 55798][17:31:16:570559][info  ] RTSpatialRefiner 0x7e6fafd29600 (Used 0 MB), Evaluating 14 Geometry Pairs with Predicate Intersects
[LIBGPUSPATIAL] [ 55796][17:31:16:570586][info  ] RTSpatialRefiner 0x7e6fafd29600 (Used 0 MB), Loaded Geometries, ProbeArray 100000, Loaded 16, Type Point
[LIBGPUSPATIAL] [ 55791][17:31:16:570634][info  ] RTSpatialIndex 0x7e6fac00a7d0 (Used 0 MB), Allocate result buffer, memory consumption 0 MB, capacity 15
[LIBGPUSPATIAL] [ 55796][17:31:16:570638][info  ] RTSpatialRefiner 0x7e6fafd29600 (Used 0 MB), Evaluating 16 Geometry Pairs with Predicate Intersects
[LIBGPUSPATIAL] [ 55791][17:31:16:572079][info  ] RTSpatialIndex 0x7e6fac00a7d0 (Used 0 MB), Probe Points, Size: 100000, Results: 15
[LIBGPUSPATIAL] [ 55794][17:31:16:573022][info  ] RTSpatialIndex 0x7e6fac00a7d0 (Used 0 MB), Allocate result buffer, memory consumption 0 MB, capacity 19
[LIBGPUSPATIAL] [ 55794][17:31:16:573183][info  ] RTSpatialIndex 0x7e6fac00a7d0 (Used 0 MB), Probe Points, Size: 100000, Results: 19
[LIBGPUSPATIAL] [ 55791][17:31:16:573434][info  ] RTSpatialRefiner 0x7e6fafd29600 (Used 0 MB), Loaded Geometries, ProbeArray 100000, Loaded 15, Type Point
[LIBGPUSPATIAL] [ 55791][17:31:16:573488][info  ] RTSpatialRefiner 0x7e6fafd29600 (Used 0 MB), Evaluating 15 Geometry Pairs with Predicate Intersects
[LIBGPUSPATIAL] [ 55794][17:31:16:574284][info  ] RTSpatialRefiner 0x7e6fafd29600 (Used 2 MB), Loaded Geometries, ProbeArray 100000, Loaded 19, Type Point
[LIBGPUSPATIAL] [ 55795][17:31:16:574583][info  ] RTSpatialIndex 0x7e6fac00a7d0 (Used 1 MB), Allocate result buffer, memory consumption 0 MB, capacity 15
[LIBGPUSPATIAL] [ 55794][17:31:16:574586][info  ] RTSpatialRefiner 0x7e6fafd29600 (Used 1 MB), Evaluating 19 Geometry Pairs with Predicate Intersects
[LIBGPUSPATIAL] [ 55793][17:31:16:574772][info  ] RTSpatialIndex 0x7e6fac00a7d0 (Used 1 MB), Allocate result buffer, memory consumption 0 MB, capacity 15
[LIBGPUSPATIAL] [ 55795][17:31:16:575499][info  ] RTSpatialIndex 0x7e6fac00a7d0 (Used 2 MB), Probe Points, Size: 100000, Results: 15
[LIBGPUSPATIAL] [ 55793][17:31:16:575754][info  ] RTSpatialIndex 0x7e6fac00a7d0 (Used 1 MB), Probe Points, Size: 100000, Results: 15
[LIBGPUSPATIAL] [ 55792][17:31:16:575884][info  ] RTSpatialIndex 0x7e6fac00a7d0 (Used 0 MB), Allocate result buffer, memory consumption 0 MB, capacity 14
[LIBGPUSPATIAL] [ 55792][17:31:16:576150][info  ] RTSpatialIndex 0x7e6fac00a7d0 (Used 0 MB), Probe Points, Size: 100000, Results: 14
[LIBGPUSPATIAL] [ 55795][17:31:16:576597][info  ] RTSpatialRefiner 0x7e6fafd29600 (Used 0 MB), Loaded Geometries, ProbeArray 100000, Loaded 15, Type Point
[LIBGPUSPATIAL] [ 55793][17:31:16:576604][info  ] RTSpatialRefiner 0x7e6fafd29600 (Used 0 MB), Loaded Geometries, ProbeArray 100000, Loaded 15, Type Point
[LIBGPUSPATIAL] [ 55795][17:31:16:576644][info  ] RTSpatialRefiner 0x7e6fafd29600 (Used 0 MB), Evaluating 15 Geometry Pairs with Predicate Intersects
[LIBGPUSPATIAL] [ 55793][17:31:16:576650][info  ] RTSpatialRefiner 0x7e6fafd29600 (Used 0 MB), Evaluating 15 Geometry Pairs with Predicate Intersects
[LIBGPUSPATIAL] [ 55792][17:31:16:577206][info  ] RTSpatialRefiner 0x7e6fafd29600 (Used 0 MB), Loaded Geometries, ProbeArray 100000, Loaded 14, Type Point
[LIBGPUSPATIAL] [ 55792][17:31:16:577251][info  ] RTSpatialRefiner 0x7e6fafd29600 (Used 0 MB), Evaluating 14 Geometry Pairs with Predicate Intersects
[LIBGPUSPATIAL] [ 55797][17:31:16:581142][info  ] RTSpatialIndex 0x7e6fac00a7d0 (Used 0 MB), Allocate result buffer, memory consumption 0 MB, capacity 13
[LIBGPUSPATIAL] [ 55797][17:31:16:581259][info  ] RTSpatialIndex 0x7e6fac00a7d0 (Used 0 MB), Probe Points, Size: 100000, Results: 13
[LIBGPUSPATIAL] [ 55797][17:31:16:581655][info  ] RTSpatialRefiner 0x7e6fafd29600 (Used 0 MB), Loaded Geometries, ProbeArray 100000, Loaded 13, Type Point
[LIBGPUSPATIAL] [ 55797][17:31:16:581699][info  ] RTSpatialRefiner 0x7e6fafd29600 (Used 0 MB), Evaluating 13 Geometry Pairs with Predicate Intersects
[LIBGPUSPATIAL] [ 55798][17:31:16:585253][info  ] RTSpatialIndex 0x7e6fac00a7d0 (Used 2 MB), Allocate result buffer, memory consumption 0 MB, capacity 15
[LIBGPUSPATIAL] [ 55798][17:31:16:585406][info  ] RTSpatialIndex 0x7e6fac00a7d0 (Used 1 MB), Probe Points, Size: 100000, Results: 15
[LIBGPUSPATIAL] [ 55796][17:31:16:585477][info  ] RTSpatialIndex 0x7e6fac00a7d0 (Used 0 MB), Allocate result buffer, memory consumption 0 MB, capacity 24
[LIBGPUSPATIAL] [ 55796][17:31:16:585869][info  ] RTSpatialIndex 0x7e6fac00a7d0 (Used 0 MB), Probe Points, Size: 100000, Results: 24
[LIBGPUSPATIAL] [ 55798][17:31:16:586125][info  ] RTSpatialRefiner 0x7e6fafd29600 (Used 0 MB), Loaded Geometries, ProbeArray 100000, Loaded 15, Type Point
[LIBGPUSPATIAL] [ 55798][17:31:16:586170][info  ] RTSpatialRefiner 0x7e6fafd29600 (Used 0 MB), Evaluating 15 Geometry Pairs with Predicate Intersects
[LIBGPUSPATIAL] [ 55791][17:31:16:587182][info  ] RTSpatialIndex 0x7e6fac00a7d0 (Used 0 MB), Allocate result buffer, memory consumption 0 MB, capacity 12
[LIBGPUSPATIAL] [ 55791][17:31:16:587318][info  ] RTSpatialIndex 0x7e6fac00a7d0 (Used 0 MB), Probe Points, Size: 100000, Results: 12
[LIBGPUSPATIAL] [ 55791][17:31:16:587745][info  ] RTSpatialRefiner 0x7e6fafd29600 (Used 0 MB), Loaded Geometries, ProbeArray 100000, Loaded 12, Type Point
[LIBGPUSPATIAL] [ 55791][17:31:16:587813][info  ] RTSpatialRefiner 0x7e6fafd29600 (Used 0 MB), Evaluating 12 Geometry Pairs with Predicate Intersects
[LIBGPUSPATIAL] [ 55796][17:31:16:587931][info  ] RTSpatialRefiner 0x7e6fafd29600 (Used 0 MB), Loaded Geometries, ProbeArray 100000, Loaded 24, Type Point
[LIBGPUSPATIAL] [ 55796][17:31:16:587983][info  ] RTSpatialRefiner 0x7e6fafd29600 (Used 0 MB), Evaluating 24 Geometry Pairs with Predicate Intersects
[LIBGPUSPATIAL] [ 55794][17:31:16:588715][info  ] RTSpatialIndex 0x7e6fac00a7d0 (Used 0 MB), Allocate result buffer, memory consumption 0 MB, capacity 14
[LIBGPUSPATIAL] [ 55794][17:31:16:590190][info  ] RTSpatialIndex 0x7e6fac00a7d0 (Used 3 MB), Probe Points, Size: 100000, Results: 14
[LIBGPUSPATIAL] [ 55792][17:31:16:590432][info  ] RTSpatialIndex 0x7e6fac00a7d0 (Used 2 MB), Allocate result buffer, memory consumption 0 MB, capacity 14
[LIBGPUSPATIAL] [ 55793][17:31:16:590668][info  ] RTSpatialIndex 0x7e6fac00a7d0 (Used 1 MB), Allocate result buffer, memory consumption 0 MB, capacity 9
[LIBGPUSPATIAL] [ 55792][17:31:16:591341][info  ] RTSpatialIndex 0x7e6fac00a7d0 (Used 2 MB), Probe Points, Size: 100000, Results: 14
[LIBGPUSPATIAL] [ 55794][17:31:16:591513][info  ] RTSpatialRefiner 0x7e6fafd29600 (Used 1 MB), Loaded Geometries, ProbeArray 100000, Loaded 14, Type Point
[LIBGPUSPATIAL] [ 55793][17:31:16:591535][info  ] RTSpatialIndex 0x7e6fac00a7d0 (Used 1 MB), Probe Points, Size: 100000, Results: 9
[LIBGPUSPATIAL] [ 55794][17:31:16:591568][info  ] RTSpatialRefiner 0x7e6fafd29600 (Used 0 MB), Evaluating 14 Geometry Pairs with Predicate Intersects
[LIBGPUSPATIAL] [ 55795][17:31:16:591656][info  ] RTSpatialIndex 0x7e6fac00a7d0 (Used 0 MB), Allocate result buffer, memory consumption 0 MB, capacity 19
[LIBGPUSPATIAL] [ 55795][17:31:16:592002][info  ] RTSpatialIndex 0x7e6fac00a7d0 (Used 0 MB), Probe Points, Size: 100000, Results: 19
[LIBGPUSPATIAL] [ 55793][17:31:16:592066][info  ] RTSpatialRefiner 0x7e6fafd29600 (Used 0 MB), Loaded Geometries, ProbeArray 100000, Loaded 9, Type Point
[LIBGPUSPATIAL] [ 55793][17:31:16:592107][info  ] RTSpatialRefiner 0x7e6fafd29600 (Used 0 MB), Evaluating 9 Geometry Pairs with Predicate Intersects
[LIBGPUSPATIAL] [ 55797][17:31:16:592919][info  ] RTSpatialIndex 0x7e6fac00a7d0 (Used 0 MB), Allocate result buffer, memory consumption 0 MB, capacity 19
[LIBGPUSPATIAL] [ 55797][17:31:16:593066][info  ] RTSpatialIndex 0x7e6fac00a7d0 (Used 0 MB), Probe Points, Size: 100000, Results: 19
[LIBGPUSPATIAL] [ 55792][17:31:16:593232][info  ] RTSpatialRefiner 0x7e6fafd29600 (Used 0 MB), Loaded Geometries, ProbeArray 100000, Loaded 14, Type Point
[LIBGPUSPATIAL] [ 55792][17:31:16:593271][info  ] RTSpatialRefiner 0x7e6fafd29600 (Used 0 MB), Evaluating 14 Geometry Pairs with Predicate Intersects
[LIBGPUSPATIAL] [ 55795][17:31:16:595273][info  ] RTSpatialRefiner 0x7e6fafd29600 (Used 0 MB), Loaded Geometries, ProbeArray 100000, Loaded 19, Type Point
[LIBGPUSPATIAL] [ 55797][17:31:16:595474][info  ] RTSpatialRefiner 0x7e6fafd29600 (Used 0 MB), Loaded Geometries, ProbeArray 100000, Loaded 19, Type Point
[LIBGPUSPATIAL] [ 55797][17:31:16:595521][info  ] RTSpatialRefiner 0x7e6fafd29600 (Used 0 MB), Evaluating 19 Geometry Pairs with Predicate Intersects
[LIBGPUSPATIAL] [ 55795][17:31:16:595480][info  ] RTSpatialRefiner 0x7e6fafd29600 (Used 0 MB), Evaluating 19 Geometry Pairs with Predicate Intersects
[LIBGPUSPATIAL] [ 55798][17:31:16:598551][info  ] RTSpatialIndex 0x7e6fac00a7d0 (Used 0 MB), Allocate result buffer, memory consumption 0 MB, capacity 11
[LIBGPUSPATIAL] [ 55798][17:31:16:598682][info  ] RTSpatialIndex 0x7e6fac00a7d0 (Used 0 MB), Probe Points, Size: 100000, Results: 11
[LIBGPUSPATIAL] [ 55796][17:31:16:600764][info  ] RTSpatialIndex 0x7e6fac00a7d0 (Used 0 MB), Allocate result buffer, memory consumption 0 MB, capacity 12
[LIBGPUSPATIAL] [ 55796][17:31:16:600885][info  ] RTSpatialIndex 0x7e6fac00a7d0 (Used 0 MB), Probe Points, Size: 100000, Results: 12
[LIBGPUSPATIAL] [ 55798][17:31:16:601223][info  ] RTSpatialRefiner 0x7e6fafd29600 (Used 0 MB), Loaded Geometries, ProbeArray 100000, Loaded 11, Type Point
[LIBGPUSPATIAL] [ 55796][17:31:16:601300][info  ] RTSpatialRefiner 0x7e6fafd29600 (Used 0 MB), Loaded Geometries, ProbeArray 100000, Loaded 12, Type Point
[LIBGPUSPATIAL] [ 55798][17:31:16:601305][info  ] RTSpatialRefiner 0x7e6fafd29600 (Used 0 MB), Evaluating 11 Geometry Pairs with Predicate Intersects
[LIBGPUSPATIAL] [ 55796][17:31:16:601336][info  ] RTSpatialRefiner 0x7e6fafd29600 (Used 0 MB), Evaluating 12 Geometry Pairs with Predicate Intersects
[LIBGPUSPATIAL] [ 55791][17:31:16:601909][info  ] RTSpatialIndex 0x7e6fac00a7d0 (Used 0 MB), Allocate result buffer, memory consumption 0 MB, capacity 17
[LIBGPUSPATIAL] [ 55791][17:31:16:602313][info  ] RTSpatialIndex 0x7e6fac00a7d0 (Used 0 MB), Probe Points, Size: 100000, Results: 17
[LIBGPUSPATIAL] [ 55791][17:31:16:604234][info  ] RTSpatialRefiner 0x7e6fafd29600 (Used 2 MB), Loaded Geometries, ProbeArray 100000, Loaded 17, Type Point
[LIBGPUSPATIAL] [ 55791][17:31:16:604285][info  ] RTSpatialRefiner 0x7e6fafd29600 (Used 2 MB), Evaluating 17 Geometry Pairs with Predicate Intersects
[LIBGPUSPATIAL] [ 55794][17:31:16:604611][info  ] RTSpatialIndex 0x7e6fac00a7d0 (Used 1 MB), Allocate result buffer, memory consumption 0 MB, capacity 15
[LIBGPUSPATIAL] [ 55793][17:31:16:604840][info  ] RTSpatialIndex 0x7e6fac00a7d0 (Used 1 MB), Allocate result buffer, memory consumption 0 MB, capacity 8
[LIBGPUSPATIAL] [ 55794][17:31:16:605130][info  ] RTSpatialIndex 0x7e6fac00a7d0 (Used 1 MB), Probe Points, Size: 100000, Results: 15
[LIBGPUSPATIAL] [ 55793][17:31:16:605341][info  ] RTSpatialIndex 0x7e6fac00a7d0 (Used 0 MB), Probe Points, Size: 100000, Results: 8
[LIBGPUSPATIAL] [ 55792][17:31:16:606119][info  ] RTSpatialIndex 0x7e6fac00a7d0 (Used 0 MB), Allocate result buffer, memory consumption 0 MB, capacity 19
[LIBGPUSPATIAL] [ 55792][17:31:16:606253][info  ] RTSpatialIndex 0x7e6fac00a7d0 (Used 0 MB), Probe Points, Size: 100000, Results: 19
[LIBGPUSPATIAL] [ 55794][17:31:16:606364][info  ] RTSpatialRefiner 0x7e6fafd29600 (Used 0 MB), Loaded Geometries, ProbeArray 100000, Loaded 15, Type Point
[LIBGPUSPATIAL] [ 55794][17:31:16:606416][info  ] RTSpatialRefiner 0x7e6fafd29600 (Used 0 MB), Evaluating 15 Geometry Pairs with Predicate Intersects
[LIBGPUSPATIAL] [ 55793][17:31:16:606468][info  ] RTSpatialRefiner 0x7e6fafd29600 (Used 0 MB), Loaded Geometries, ProbeArray 100000, Loaded 8, Type Point
[LIBGPUSPATIAL] [ 55793][17:31:16:606576][info  ] RTSpatialRefiner 0x7e6fafd29600 (Used 0 MB), Evaluating 8 Geometry Pairs with Predicate Intersects
[LIBGPUSPATIAL] [ 55792][17:31:16:606665][info  ] RTSpatialRefiner 0x7e6fafd29600 (Used 0 MB), Loaded Geometries, ProbeArray 100000, Loaded 19, Type Point
[LIBGPUSPATIAL] [ 55792][17:31:16:606700][info  ] RTSpatialRefiner 0x7e6fafd29600 (Used 0 MB), Evaluating 19 Geometry Pairs with Predicate Intersects
[LIBGPUSPATIAL] [ 55797][17:31:16:608204][info  ] RTSpatialIndex 0x7e6fac00a7d0 (Used 0 MB), Allocate result buffer, memory consumption 0 MB, capacity 15
[LIBGPUSPATIAL] [ 55797][17:31:16:608318][info  ] RTSpatialIndex 0x7e6fac00a7d0 (Used 0 MB), Probe Points, Size: 100000, Results: 15
[LIBGPUSPATIAL] [ 55795][17:31:16:609526][info  ] RTSpatialIndex 0x7e6fac00a7d0 (Used 0 MB), Allocate result buffer, memory consumption 0 MB, capacity 14
[LIBGPUSPATIAL] [ 55795][17:31:16:609668][info  ] RTSpatialIndex 0x7e6fac00a7d0 (Used 0 MB), Probe Points, Size: 100000, Results: 14
[LIBGPUSPATIAL] [ 55797][17:31:16:610059][info  ] RTSpatialRefiner 0x7e6fafd29600 (Used 0 MB), Loaded Geometries, ProbeArray 100000, Loaded 15, Type Point
[LIBGPUSPATIAL] [ 55797][17:31:16:610110][info  ] RTSpatialRefiner 0x7e6fafd29600 (Used 0 MB), Evaluating 15 Geometry Pairs with Predicate Intersects
[LIBGPUSPATIAL] [ 55795][17:31:16:610235][info  ] RTSpatialRefiner 0x7e6fafd29600 (Used 0 MB), Loaded Geometries, ProbeArray 100000, Loaded 14, Type Point
[LIBGPUSPATIAL] [ 55795][17:31:16:610280][info  ] RTSpatialRefiner 0x7e6fafd29600 (Used 0 MB), Evaluating 14 Geometry Pairs with Predicate Intersects
[LIBGPUSPATIAL] [ 55798][17:31:16:614973][info  ] RTSpatialIndex 0x7e6fac00a7d0 (Used 1 MB), Allocate result buffer, memory consumption 0 MB, capacity 16
[LIBGPUSPATIAL] [ 55796][17:31:16:614977][info  ] RTSpatialIndex 0x7e6fac00a7d0 (Used 1 MB), Allocate result buffer, memory consumption 0 MB, capacity 12
[LIBGPUSPATIAL] [ 55798][17:31:16:615208][info  ] RTSpatialIndex 0x7e6fac00a7d0 (Used 1 MB), Probe Points, Size: 100000, Results: 16
[LIBGPUSPATIAL] [ 55796][17:31:16:615265][info  ] RTSpatialIndex 0x7e6fac00a7d0 (Used 0 MB), Probe Points, Size: 100000, Results: 12
[LIBGPUSPATIAL] [ 55796][17:31:16:616396][info  ] RTSpatialRefiner 0x7e6fafd29600 (Used 0 MB), Loaded Geometries, ProbeArray 100000, Loaded 12, Type Point
[LIBGPUSPATIAL] [ 55796][17:31:16:616441][info  ] RTSpatialRefiner 0x7e6fafd29600 (Used 0 MB), Evaluating 12 Geometry Pairs with Predicate Intersects
[LIBGPUSPATIAL] [ 55791][17:31:16:617698][info  ] RTSpatialIndex 0x7e6fac00a7d0 (Used 0 MB), Allocate result buffer, memory consumption 0 MB, capacity 8
[LIBGPUSPATIAL] [ 55791][17:31:16:617822][info  ] RTSpatialIndex 0x7e6fac00a7d0 (Used 0 MB), Probe Points, Size: 100000, Results: 8
[LIBGPUSPATIAL] [ 55794][17:31:16:618741][info  ] RTSpatialIndex 0x7e6fac00a7d0 (Used 0 MB), Allocate result buffer, memory consumption 0 MB, capacity 15
[LIBGPUSPATIAL] [ 55791][17:31:16:618793][info  ] RTSpatialRefiner 0x7e6fafd29600 (Used 0 MB), Loaded Geometries, ProbeArray 100000, Loaded 8, Type Point
[LIBGPUSPATIAL] [ 55798][17:31:16:618802][info  ] RTSpatialRefiner 0x7e6fafd29600 (Used 0 MB), Loaded Geometries, ProbeArray 100000, Loaded 16, Type Point
[LIBGPUSPATIAL] [ 55791][17:31:16:618842][info  ] RTSpatialRefiner 0x7e6fafd29600 (Used 0 MB), Evaluating 8 Geometry Pairs with Predicate Intersects
[LIBGPUSPATIAL] [ 55794][17:31:16:618868][info  ] RTSpatialIndex 0x7e6fac00a7d0 (Used 0 MB), Probe Points, Size: 100000, Results: 15
[LIBGPUSPATIAL] [ 55798][17:31:16:618849][info  ] RTSpatialRefiner 0x7e6fafd29600 (Used 0 MB), Evaluating 16 Geometry Pairs with Predicate Intersects
[LIBGPUSPATIAL] [ 55794][17:31:16:619545][info  ] RTSpatialRefiner 0x7e6fafd29600 (Used 0 MB), Loaded Geometries, ProbeArray 100000, Loaded 15, Type Point
[LIBGPUSPATIAL] [ 55794][17:31:16:619590][info  ] RTSpatialRefiner 0x7e6fafd29600 (Used 0 MB), Evaluating 15 Geometry Pairs with Predicate Intersects
[LIBGPUSPATIAL] [ 55792][17:31:16:619734][info  ] RTSpatialIndex 0x7e6fac00a7d0 (Used 0 MB), Allocate result buffer, memory consumption 0 MB, capacity 13
[LIBGPUSPATIAL] [ 55792][17:31:16:620065][info  ] RTSpatialIndex 0x7e6fac00a7d0 (Used 0 MB), Probe Points, Size: 100000, Results: 13
[LIBGPUSPATIAL] [ 55792][17:31:16:620463][info  ] RTSpatialRefiner 0x7e6fafd29600 (Used 0 MB), Loaded Geometries, ProbeArray 100000, Loaded 13, Type Point
[LIBGPUSPATIAL] [ 55792][17:31:16:620499][info  ] RTSpatialRefiner 0x7e6fafd29600 (Used 0 MB), Evaluating 13 Geometry Pairs with Predicate Intersects
[LIBGPUSPATIAL] [ 55793][17:31:16:621755][info  ] RTSpatialIndex 0x7e6fac00a7d0 (Used 0 MB), Allocate result buffer, memory consumption 0 MB, capacity 16
[LIBGPUSPATIAL] [ 55793][17:31:16:621913][info  ] RTSpatialIndex 0x7e6fac00a7d0 (Used 0 MB), Probe Points, Size: 100000, Results: 16
[LIBGPUSPATIAL] [ 55793][17:31:16:622706][info  ] RTSpatialRefiner 0x7e6fafd29600 (Used 1 MB), Loaded Geometries, ProbeArray 100000, Loaded 16, Type Point
[LIBGPUSPATIAL] [ 55793][17:31:16:622840][info  ] RTSpatialRefiner 0x7e6fafd29600 (Used 0 MB), Evaluating 16 Geometry Pairs with Predicate Intersects
[LIBGPUSPATIAL] [ 55797][17:31:16:622950][info  ] RTSpatialIndex 0x7e6fac00a7d0 (Used 0 MB), Allocate result buffer, memory consumption 0 MB, capacity 19
[LIBGPUSPATIAL] [ 55797][17:31:16:623098][info  ] RTSpatialIndex 0x7e6fac00a7d0 (Used 0 MB), Probe Points, Size: 100000, Results: 19
[LIBGPUSPATIAL] [ 55797][17:31:16:623448][info  ] RTSpatialRefiner 0x7e6fafd29600 (Used 0 MB), Loaded Geometries, ProbeArray 100000, Loaded 19, Type Point
[LIBGPUSPATIAL] [ 55797][17:31:16:623501][info  ] RTSpatialRefiner 0x7e6fafd29600 (Used 0 MB), Evaluating 19 Geometry Pairs with Predicate Intersects
[LIBGPUSPATIAL] [ 55795][17:31:16:624477][info  ] RTSpatialIndex 0x7e6fac00a7d0 (Used 0 MB), Allocate result buffer, memory consumption 0 MB, capacity 22
[LIBGPUSPATIAL] [ 55795][17:31:16:624657][info  ] RTSpatialIndex 0x7e6fac00a7d0 (Used 0 MB), Probe Points, Size: 100000, Results: 22
[LIBGPUSPATIAL] [ 55795][17:31:16:625030][info  ] RTSpatialRefiner 0x7e6fafd29600 (Used 0 MB), Loaded Geometries, ProbeArray 100000, Loaded 22, Type Point
[LIBGPUSPATIAL] [ 55795][17:31:16:625111][info  ] RTSpatialRefiner 0x7e6fafd29600 (Used 0 MB), Evaluating 22 Geometry Pairs with Predicate Intersects
[LIBGPUSPATIAL] [ 55796][17:31:16:629559][info  ] RTSpatialIndex 0x7e6fac00a7d0 (Used 0 MB), Allocate result buffer, memory consumption 0 MB, capacity 20
[LIBGPUSPATIAL] [ 55796][17:31:16:629692][info  ] RTSpatialIndex 0x7e6fac00a7d0 (Used 0 MB), Probe Points, Size: 100000, Results: 20
[LIBGPUSPATIAL] [ 55796][17:31:16:630085][info  ] RTSpatialRefiner 0x7e6fafd29600 (Used 0 MB), Loaded Geometries, ProbeArray 100000, Loaded 20, Type Point
[LIBGPUSPATIAL] [ 55796][17:31:16:630129][info  ] RTSpatialRefiner 0x7e6fafd29600 (Used 0 MB), Evaluating 20 Geometry Pairs with Predicate Intersects
[LIBGPUSPATIAL] [ 55798][17:31:16:631750][info  ] RTSpatialIndex 0x7e6fac00a7d0 (Used 0 MB), Allocate result buffer, memory consumption 0 MB, capacity 19
[LIBGPUSPATIAL] [ 55798][17:31:16:631866][info  ] RTSpatialIndex 0x7e6fac00a7d0 (Used 0 MB), Probe Points, Size: 100000, Results: 19
[LIBGPUSPATIAL] [ 55791][17:31:16:632595][info  ] RTSpatialIndex 0x7e6fac00a7d0 (Used 0 MB), Allocate result buffer, memory consumption 0 MB, capacity 14
[LIBGPUSPATIAL] [ 55791][17:31:16:632729][info  ] RTSpatialIndex 0x7e6fac00a7d0 (Used 0 MB), Probe Points, Size: 100000, Results: 14
[LIBGPUSPATIAL] [ 55798][17:31:16:633227][info  ] RTSpatialRefiner 0x7e6fafd29600 (Used 0 MB), Loaded Geometries, ProbeArray 100000, Loaded 19, Type Point
[LIBGPUSPATIAL] [ 55798][17:31:16:633287][info  ] RTSpatialRefiner 0x7e6fafd29600 (Used 0 MB), Evaluating 19 Geometry Pairs with Predicate Intersects
[LIBGPUSPATIAL] [ 55791][17:31:16:633367][info  ] RTSpatialRefiner 0x7e6fafd29600 (Used 0 MB), Loaded Geometries, ProbeArray 100000, Loaded 14, Type Point
[LIBGPUSPATIAL] [ 55791][17:31:16:633429][info  ] RTSpatialRefiner 0x7e6fafd29600 (Used 1 MB), Evaluating 14 Geometry Pairs with Predicate Intersects
[LIBGPUSPATIAL] [ 55794][17:31:16:634183][info  ] RTSpatialIndex 0x7e6fac00a7d0 (Used 1 MB), Allocate result buffer, memory consumption 0 MB, capacity 14
[LIBGPUSPATIAL] [ 55792][17:31:16:634376][info  ] RTSpatialIndex 0x7e6fac00a7d0 (Used 1 MB), Allocate result buffer, memory consumption 0 MB, capacity 18
[LIBGPUSPATIAL] [ 55794][17:31:16:634921][info  ] RTSpatialIndex 0x7e6fac00a7d0 (Used 1 MB), Probe Points, Size: 100000, Results: 14
[LIBGPUSPATIAL] [ 55792][17:31:16:635161][info  ] RTSpatialIndex 0x7e6fac00a7d0 (Used 0 MB), Probe Points, Size: 100000, Results: 18
[LIBGPUSPATIAL] [ 55794][17:31:16:635621][info  ] RTSpatialRefiner 0x7e6fafd29600 (Used 0 MB), Loaded Geometries, ProbeArray 100000, Loaded 14, Type Point
[LIBGPUSPATIAL] [ 55794][17:31:16:635673][info  ] RTSpatialRefiner 0x7e6fafd29600 (Used 0 MB), Evaluating 14 Geometry Pairs with Predicate Intersects
[LIBGPUSPATIAL] [ 55792][17:31:16:635683][info  ] RTSpatialRefiner 0x7e6fafd29600 (Used 0 MB), Loaded Geometries, ProbeArray 100000, Loaded 18, Type Point
[LIBGPUSPATIAL] [ 55792][17:31:16:635718][info  ] RTSpatialRefiner 0x7e6fafd29600 (Used 0 MB), Evaluating 18 Geometry Pairs with Predicate Intersects
[LIBGPUSPATIAL] [ 55797][17:31:16:636715][info  ] RTSpatialIndex 0x7e6fac00a7d0 (Used 0 MB), Allocate result buffer, memory consumption 0 MB, capacity 32
[LIBGPUSPATIAL] [ 55797][17:31:16:636849][info  ] RTSpatialIndex 0x7e6fac00a7d0 (Used 0 MB), Probe Points, Size: 100000, Results: 32
[LIBGPUSPATIAL] [ 55797][17:31:16:637402][info  ] RTSpatialRefiner 0x7e6fafd29600 (Used 0 MB), Loaded Geometries, ProbeArray 100000, Loaded 32, Type Point
[LIBGPUSPATIAL] [ 55797][17:31:16:637442][info  ] RTSpatialRefiner 0x7e6fafd29600 (Used 0 MB), Evaluating 32 Geometry Pairs with Predicate Intersects
[LIBGPUSPATIAL] [ 55793][17:31:16:639076][info  ] RTSpatialIndex 0x7e6fac00a7d0 (Used 1 MB), Allocate result buffer, memory consumption 0 MB, capacity 12
[LIBGPUSPATIAL] [ 55795][17:31:16:639132][info  ] RTSpatialIndex 0x7e6fac00a7d0 (Used 1 MB), Allocate result buffer, memory consumption 0 MB, capacity 13
[LIBGPUSPATIAL] [ 55793][17:31:16:639327][info  ] RTSpatialIndex 0x7e6fac00a7d0 (Used 1 MB), Probe Points, Size: 100000, Results: 12
[LIBGPUSPATIAL] [ 55795][17:31:16:639403][info  ] RTSpatialIndex 0x7e6fac00a7d0 (Used 0 MB), Probe Points, Size: 100000, Results: 13
[LIBGPUSPATIAL] [ 55793][17:31:16:639849][info  ] RTSpatialRefiner 0x7e6fafd29600 (Used 0 MB), Loaded Geometries, ProbeArray 100000, Loaded 12, Type Point
[LIBGPUSPATIAL] [ 55793][17:31:16:640086][info  ] RTSpatialRefiner 0x7e6fafd29600 (Used 0 MB), Evaluating 12 Geometry Pairs with Predicate Intersects
[LIBGPUSPATIAL] [ 55795][17:31:16:640148][info  ] RTSpatialRefiner 0x7e6fafd29600 (Used 0 MB), Loaded Geometries, ProbeArray 100000, Loaded 13, Type Point
[LIBGPUSPATIAL] [ 55795][17:31:16:640265][info  ] RTSpatialRefiner 0x7e6fafd29600 (Used 0 MB), Evaluating 13 Geometry Pairs with Predicate Intersects
[LIBGPUSPATIAL] [ 55796][17:31:16:643193][info  ] RTSpatialIndex 0x7e6fac00a7d0 (Used 0 MB), Allocate result buffer, memory consumption 0 MB, capacity 22
[LIBGPUSPATIAL] [ 55796][17:31:16:643327][info  ] RTSpatialIndex 0x7e6fac00a7d0 (Used 0 MB), Probe Points, Size: 100000, Results: 22
[LIBGPUSPATIAL] [ 55796][17:31:16:644995][info  ] RTSpatialRefiner 0x7e6fafd29600 (Used 0 MB), Loaded Geometries, ProbeArray 100000, Loaded 22, Type Point
[LIBGPUSPATIAL] [ 55796][17:31:16:645056][info  ] RTSpatialRefiner 0x7e6fafd29600 (Used 0 MB), Evaluating 22 Geometry Pairs with Predicate Intersects
[LIBGPUSPATIAL] [ 55791][17:31:16:648012][info  ] RTSpatialIndex 0x7e6fac00a7d0 (Used 1 MB), Allocate result buffer, memory consumption 0 MB, capacity 21
[LIBGPUSPATIAL] [ 55798][17:31:16:648057][info  ] RTSpatialIndex 0x7e6fac00a7d0 (Used 1 MB), Allocate result buffer, memory consumption 0 MB, capacity 9
[LIBGPUSPATIAL] [ 55798][17:31:16:648279][info  ] RTSpatialIndex 0x7e6fac00a7d0 (Used 1 MB), Probe Points, Size: 100000, Results: 9
[LIBGPUSPATIAL] [ 55791][17:31:16:648362][info  ] RTSpatialIndex 0x7e6fac00a7d0 (Used 0 MB), Probe Points, Size: 100000, Results: 21
[LIBGPUSPATIAL] [ 55792][17:31:16:649092][info  ] RTSpatialIndex 0x7e6fac00a7d0 (Used 1 MB), Allocate result buffer, memory consumption 0 MB, capacity 22
[LIBGPUSPATIAL] [ 55794][17:31:16:649194][info  ] RTSpatialIndex 0x7e6fac00a7d0 (Used 1 MB), Allocate result buffer, memory consumption 0 MB, capacity 10
[LIBGPUSPATIAL] [ 55798][17:31:16:649301][info  ] RTSpatialRefiner 0x7e6fafd29600 (Used 1 MB), Loaded Geometries, ProbeArray 100000, Loaded 9, Type Point
[LIBGPUSPATIAL] [ 55798][17:31:16:649343][info  ] RTSpatialRefiner 0x7e6fafd29600 (Used 1 MB), Evaluating 9 Geometry Pairs with Predicate Intersects
[LIBGPUSPATIAL] [ 55792][17:31:16:649390][info  ] RTSpatialIndex 0x7e6fac00a7d0 (Used 1 MB), Probe Points, Size: 100000, Results: 22
[LIBGPUSPATIAL] [ 55791][17:31:16:649483][info  ] RTSpatialRefiner 0x7e6fafd29600 (Used 0 MB), Loaded Geometries, ProbeArray 100000, Loaded 21, Type Point
[LIBGPUSPATIAL] [ 55794][17:31:16:649586][info  ] RTSpatialIndex 0x7e6fac00a7d0 (Used 0 MB), Probe Points, Size: 100000, Results: 10
[LIBGPUSPATIAL] [ 55791][17:31:16:649643][info  ] RTSpatialRefiner 0x7e6fafd29600 (Used 0 MB), Evaluating 21 Geometry Pairs with Predicate Intersects
[LIBGPUSPATIAL] [ 55794][17:31:16:650233][info  ] RTSpatialRefiner 0x7e6fafd29600 (Used 0 MB), Loaded Geometries, ProbeArray 100000, Loaded 10, Type Point
[LIBGPUSPATIAL] [ 55792][17:31:16:650263][info  ] RTSpatialRefiner 0x7e6fafd29600 (Used 0 MB), Loaded Geometries, ProbeArray 100000, Loaded 22, Type Point
[LIBGPUSPATIAL] [ 55794][17:31:16:650281][info  ] RTSpatialRefiner 0x7e6fafd29600 (Used 0 MB), Evaluating 10 Geometry Pairs with Predicate Intersects
[LIBGPUSPATIAL] [ 55792][17:31:16:650300][info  ] RTSpatialRefiner 0x7e6fafd29600 (Used 0 MB), Evaluating 22 Geometry Pairs with Predicate Intersects
[LIBGPUSPATIAL] [ 55797][17:31:16:651523][info  ] RTSpatialIndex 0x7e6fac00a7d0 (Used 0 MB), Allocate result buffer, memory consumption 0 MB, capacity 19
[LIBGPUSPATIAL] [ 55797][17:31:16:651667][info  ] RTSpatialIndex 0x7e6fac00a7d0 (Used 0 MB), Probe Points, Size: 100000, Results: 19
[LIBGPUSPATIAL] [ 55797][17:31:16:652209][info  ] RTSpatialRefiner 0x7e6fafd29600 (Used 0 MB), Loaded Geometries, ProbeArray 100000, Loaded 19, Type Point
[LIBGPUSPATIAL] [ 55797][17:31:16:652269][info  ] RTSpatialRefiner 0x7e6fafd29600 (Used 0 MB), Evaluating 19 Geometry Pairs with Predicate Intersects
[LIBGPUSPATIAL] [ 55793][17:31:16:654006][info  ] RTSpatialIndex 0x7e6fac00a7d0 (Used 0 MB), Allocate result buffer, memory consumption 0 MB, capacity 16
[LIBGPUSPATIAL] [ 55793][17:31:16:654159][info  ] RTSpatialIndex 0x7e6fac00a7d0 (Used 0 MB), Probe Points, Size: 100000, Results: 16
[LIBGPUSPATIAL] [ 55795][17:31:16:654655][info  ] RTSpatialIndex 0x7e6fac00a7d0 (Used 0 MB), Allocate result buffer, memory consumption 0 MB, capacity 15
[LIBGPUSPATIAL] [ 55795][17:31:16:654789][info  ] RTSpatialIndex 0x7e6fac00a7d0 (Used 0 MB), Probe Points, Size: 100000, Results: 15
[LIBGPUSPATIAL] [ 55793][17:31:16:654919][info  ] RTSpatialRefiner 0x7e6fafd29600 (Used 0 MB), Loaded Geometries, ProbeArray 100000, Loaded 16, Type Point
[LIBGPUSPATIAL] [ 55793][17:31:16:654961][info  ] RTSpatialRefiner 0x7e6fafd29600 (Used 0 MB), Evaluating 16 Geometry Pairs with Predicate Intersects
[LIBGPUSPATIAL] [ 55795][17:31:16:655907][info  ] RTSpatialRefiner 0x7e6fafd29600 (Used 0 MB), Loaded Geometries, ProbeArray 100000, Loaded 15, Type Point
[LIBGPUSPATIAL] [ 55795][17:31:16:655955][info  ] RTSpatialRefiner 0x7e6fafd29600 (Used 0 MB), Evaluating 15 Geometry Pairs with Predicate Intersects
[LIBGPUSPATIAL] [ 55796][17:31:16:657953][info  ] RTSpatialIndex 0x7e6fac00a7d0 (Used 0 MB), Allocate result buffer, memory consumption 0 MB, capacity 19
[LIBGPUSPATIAL] [ 55796][17:31:16:658099][info  ] RTSpatialIndex 0x7e6fac00a7d0 (Used 0 MB), Probe Points, Size: 100000, Results: 19
[LIBGPUSPATIAL] [ 55796][17:31:16:658499][info  ] RTSpatialRefiner 0x7e6fafd29600 (Used 0 MB), Loaded Geometries, ProbeArray 100000, Loaded 19, Type Point
[LIBGPUSPATIAL] [ 55796][17:31:16:658537][info  ] RTSpatialRefiner 0x7e6fafd29600 (Used 0 MB), Evaluating 19 Geometry Pairs with Predicate Intersects
[LIBGPUSPATIAL] [ 55791][17:31:16:662600][info  ] RTSpatialIndex 0x7e6fac00a7d0 (Used 0 MB), Allocate result buffer, memory consumption 0 MB, capacity 24
[LIBGPUSPATIAL] [ 55791][17:31:16:663254][info  ] RTSpatialIndex 0x7e6fac00a7d0 (Used 1 MB), Probe Points, Size: 100000, Results: 24
[LIBGPUSPATIAL] [ 55798][17:31:16:663296][info  ] RTSpatialIndex 0x7e6fac00a7d0 (Used 0 MB), Allocate result buffer, memory consumption 0 MB, capacity 17
[LIBGPUSPATIAL] [ 55798][17:31:16:663496][info  ] RTSpatialIndex 0x7e6fac00a7d0 (Used 0 MB), Probe Points, Size: 100000, Results: 17
[LIBGPUSPATIAL] [ 55791][17:31:16:663936][info  ] RTSpatialRefiner 0x7e6fafd29600 (Used 0 MB), Loaded Geometries, ProbeArray 100000, Loaded 24, Type Point
[LIBGPUSPATIAL] [ 55791][17:31:16:664005][info  ] RTSpatialRefiner 0x7e6fafd29600 (Used 0 MB), Evaluating 24 Geometry Pairs with Predicate Intersects
[LIBGPUSPATIAL] [ 55798][17:31:16:664024][info  ] RTSpatialRefiner 0x7e6fafd29600 (Used 0 MB), Loaded Geometries, ProbeArray 100000, Loaded 17, Type Point
[LIBGPUSPATIAL] [ 55798][17:31:16:664103][info  ] RTSpatialRefiner 0x7e6fafd29600 (Used 0 MB), Evaluating 17 Geometry Pairs with Predicate Intersects
[LIBGPUSPATIAL] [ 55792][17:31:16:664804][info  ] RTSpatialIndex 0x7e6fac00a7d0 (Used 1 MB), Allocate result buffer, memory consumption 0 MB, capacity 16
[LIBGPUSPATIAL] [ 55794][17:31:16:665089][info  ] RTSpatialIndex 0x7e6fac00a7d0 (Used 1 MB), Allocate result buffer, memory consumption 0 MB, capacity 11
[LIBGPUSPATIAL] [ 55792][17:31:16:665210][info  ] RTSpatialIndex 0x7e6fac00a7d0 (Used 1 MB), Probe Points, Size: 100000, Results: 16
[LIBGPUSPATIAL] [ 55794][17:31:16:665644][info  ] RTSpatialIndex 0x7e6fac00a7d0 (Used 0 MB), Probe Points, Size: 100000, Results: 11
[LIBGPUSPATIAL] [ 55792][17:31:16:666014][info  ] RTSpatialRefiner 0x7e6fafd29600 (Used 0 MB), Loaded Geometries, ProbeArray 100000, Loaded 16, Type Point
[LIBGPUSPATIAL] [ 55792][17:31:16:666080][info  ] RTSpatialRefiner 0x7e6fafd29600 (Used 0 MB), Evaluating 16 Geometry Pairs with Predicate Intersects
[LIBGPUSPATIAL] [ 55794][17:31:16:666312][info  ] RTSpatialRefiner 0x7e6fafd29600 (Used 0 MB), Loaded Geometries, ProbeArray 100000, Loaded 11, Type Point
[LIBGPUSPATIAL] [ 55794][17:31:16:666358][info  ] RTSpatialRefiner 0x7e6fafd29600 (Used 0 MB), Evaluating 11 Geometry Pairs with Predicate Intersects
[LIBGPUSPATIAL] [ 55793][17:31:16:669465][info  ] RTSpatialIndex 0x7e6fac00a7d0 (Used 2 MB), Allocate result buffer, memory consumption 0 MB, capacity 15
[LIBGPUSPATIAL] [ 55793][17:31:16:669611][info  ] RTSpatialIndex 0x7e6fac00a7d0 (Used 2 MB), Probe Points, Size: 100000, Results: 15
[LIBGPUSPATIAL] [ 55797][17:31:16:669887][info  ] RTSpatialIndex 0x7e6fac00a7d0 (Used 1 MB), Allocate result buffer, memory consumption 0 MB, capacity 18
[LIBGPUSPATIAL] [ 55795][17:31:16:669930][info  ] RTSpatialIndex 0x7e6fac00a7d0 (Used 1 MB), Allocate result buffer, memory consumption 0 MB, capacity 13
[LIBGPUSPATIAL] [ 55797][17:31:16:670165][info  ] RTSpatialIndex 0x7e6fac00a7d0 (Used 1 MB), Probe Points, Size: 100000, Results: 18
[LIBGPUSPATIAL] [ 55795][17:31:16:670227][info  ] RTSpatialIndex 0x7e6fac00a7d0 (Used 0 MB), Probe Points, Size: 100000, Results: 13
[LIBGPUSPATIAL] [ 55793][17:31:16:670780][info  ] RTSpatialRefiner 0x7e6fafd29600 (Used 0 MB), Loaded Geometries, ProbeArray 100000, Loaded 15, Type Point
[LIBGPUSPATIAL] [ 55793][17:31:16:670833][info  ] RTSpatialRefiner 0x7e6fafd29600 (Used 0 MB), Evaluating 15 Geometry Pairs with Predicate Intersects
[LIBGPUSPATIAL] [ 55795][17:31:16:671172][info  ] RTSpatialRefiner 0x7e6fafd29600 (Used 0 MB), Loaded Geometries, ProbeArray 100000, Loaded 13, Type Point
[LIBGPUSPATIAL] [ 55795][17:31:16:671352][info  ] RTSpatialRefiner 0x7e6fafd29600 (Used 0 MB), Evaluating 13 Geometry Pairs with Predicate Intersects
[LIBGPUSPATIAL] [ 55797][17:31:16:671596][info  ] RTSpatialRefiner 0x7e6fafd29600 (Used 0 MB), Loaded Geometries, ProbeArray 100000, Loaded 18, Type Point
[LIBGPUSPATIAL] [ 55797][17:31:16:671648][info  ] RTSpatialRefiner 0x7e6fafd29600 (Used 0 MB), Evaluating 18 Geometry Pairs with Predicate Intersects
[LIBGPUSPATIAL] [ 55796][17:31:16:673159][info  ] RTSpatialIndex 0x7e6fac00a7d0 (Used 0 MB), Allocate result buffer, memory consumption 0 MB, capacity 15
[LIBGPUSPATIAL] [ 55796][17:31:16:676360][info  ] RTSpatialIndex 0x7e6fac00a7d0 (Used 0 MB), Probe Points, Size: 100000, Results: 15
[LIBGPUSPATIAL] [ 55791][17:31:16:677819][info  ] RTSpatialIndex 0x7e6fac00a7d0 (Used 0 MB), Allocate result buffer, memory consumption 0 MB, capacity 5
[LIBGPUSPATIAL] [ 55791][17:31:16:677959][info  ] RTSpatialIndex 0x7e6fac00a7d0 (Used 0 MB), Probe Points, Size: 100000, Results: 5
[LIBGPUSPATIAL] [ 55796][17:31:16:678140][info  ] RTSpatialRefiner 0x7e6fafd29600 (Used 0 MB), Loaded Geometries, ProbeArray 100000, Loaded 15, Type Point
[LIBGPUSPATIAL] [ 55796][17:31:16:678218][info  ] RTSpatialRefiner 0x7e6fafd29600 (Used 0 MB), Evaluating 15 Geometry Pairs with Predicate Intersects
[LIBGPUSPATIAL] [ 55791][17:31:16:678332][info  ] RTSpatialRefiner 0x7e6fafd29600 (Used 0 MB), Loaded Geometries, ProbeArray 100000, Loaded 5, Type Point
[LIBGPUSPATIAL] [ 55791][17:31:16:678375][info  ] RTSpatialRefiner 0x7e6fafd29600 (Used 0 MB), Evaluating 5 Geometry Pairs with Predicate Intersects
[LIBGPUSPATIAL] [ 55792][17:31:16:682324][info  ] RTSpatialIndex 0x7e6fac00a7d0 (Used 2 MB), Allocate result buffer, memory consumption 0 MB, capacity 13
[LIBGPUSPATIAL] [ 55794][17:31:16:682377][info  ] RTSpatialIndex 0x7e6fac00a7d0 (Used 2 MB), Allocate result buffer, memory consumption 0 MB, capacity 15
[LIBGPUSPATIAL] [ 55792][17:31:16:682592][info  ] RTSpatialIndex 0x7e6fac00a7d0 (Used 2 MB), Probe Points, Size: 100000, Results: 13
[LIBGPUSPATIAL] [ 55794][17:31:16:682644][info  ] RTSpatialIndex 0x7e6fac00a7d0 (Used 2 MB), Probe Points, Size: 100000, Results: 15
[LIBGPUSPATIAL] [ 55798][17:31:16:682688][info  ] RTSpatialIndex 0x7e6fac00a7d0 (Used 2 MB), Allocate result buffer, memory consumption 0 MB, capacity 21
[LIBGPUSPATIAL] [ 55798][17:31:16:683029][info  ] RTSpatialIndex 0x7e6fac00a7d0 (Used 0 MB), Probe Points, Size: 100000, Results: 21
[LIBGPUSPATIAL] [ 55794][17:31:16:683500][info  ] RTSpatialRefiner 0x7e6fafd29600 (Used 0 MB), Loaded Geometries, ProbeArray 100000, Loaded 15, Type Point
[LIBGPUSPATIAL] [ 55794][17:31:16:683544][info  ] RTSpatialRefiner 0x7e6fafd29600 (Used 0 MB), Evaluating 15 Geometry Pairs with Predicate Intersects
[LIBGPUSPATIAL] [ 55795][17:31:16:684691][info  ] RTSpatialIndex 0x7e6fac00a7d0 (Used 0 MB), Allocate result buffer, memory consumption 0 MB, capacity 16
[LIBGPUSPATIAL] [ 55795][17:31:16:685025][info  ] RTSpatialIndex 0x7e6fac00a7d0 (Used 2 MB), Probe Points, Size: 100000, Results: 16
[LIBGPUSPATIAL] [ 55798][17:31:16:685140][info  ] RTSpatialRefiner 0x7e6fafd29600 (Used 1 MB), Loaded Geometries, ProbeArray 100000, Loaded 21, Type Point
[LIBGPUSPATIAL] [ 55792][17:31:16:685266][info  ] RTSpatialRefiner 0x7e6fafd29600 (Used 1 MB), Loaded Geometries, ProbeArray 100000, Loaded 13, Type Point
[LIBGPUSPATIAL] [ 55792][17:31:16:685312][info  ] RTSpatialRefiner 0x7e6fafd29600 (Used 1 MB), Evaluating 13 Geometry Pairs with Predicate Intersects
[LIBGPUSPATIAL] [ 55798][17:31:16:685445][info  ] RTSpatialRefiner 0x7e6fafd29600 (Used 0 MB), Evaluating 21 Geometry Pairs with Predicate Intersects
[LIBGPUSPATIAL] [ 55795][17:31:16:685827][info  ] RTSpatialRefiner 0x7e6fafd29600 (Used 0 MB), Loaded Geometries, ProbeArray 100000, Loaded 16, Type Point
[LIBGPUSPATIAL] [ 55795][17:31:16:685872][info  ] RTSpatialRefiner 0x7e6fafd29600 (Used 0 MB), Evaluating 16 Geometry Pairs with Predicate Intersects
[LIBGPUSPATIAL] [ 55793][17:31:16:686062][info  ] RTSpatialIndex 0x7e6fac00a7d0 (Used 1 MB), Allocate result buffer, memory consumption 0 MB, capacity 18
[LIBGPUSPATIAL] [ 55793][17:31:16:687152][info  ] RTSpatialIndex 0x7e6fac00a7d0 (Used 0 MB), Probe Points, Size: 100000, Results: 18
[LIBGPUSPATIAL] [ 55797][17:31:16:688383][info  ] RTSpatialIndex 0x7e6fac00a7d0 (Used 0 MB), Allocate result buffer, memory consumption 0 MB, capacity 17
[LIBGPUSPATIAL] [ 55797][17:31:16:688507][info  ] RTSpatialIndex 0x7e6fac00a7d0 (Used 0 MB), Probe Points, Size: 100000, Results: 17
[LIBGPUSPATIAL] [ 55791][17:31:16:691434][info  ] RTSpatialIndex 0x7e6fac00a7d0 (Used 2 MB), Allocate result buffer, memory consumption 0 MB, capacity 11
[LIBGPUSPATIAL] [ 55791][17:31:16:691588][info  ] RTSpatialIndex 0x7e6fac00a7d0 (Used 1 MB), Probe Points, Size: 100000, Results: 11
[LIBGPUSPATIAL] [ 55796][17:31:16:691658][info  ] RTSpatialIndex 0x7e6fac00a7d0 (Used 0 MB), Allocate result buffer, memory consumption 0 MB, capacity 17
[LIBGPUSPATIAL] [ 55796][17:31:16:692090][info  ] RTSpatialIndex 0x7e6fac00a7d0 (Used 0 MB), Probe Points, Size: 100000, Results: 17
[LIBGPUSPATIAL] [ 55793][17:31:16:692120][info  ] RTSpatialRefiner 0x7e6fafd29600 (Used 0 MB), Loaded Geometries, ProbeArray 100000, Loaded 18, Type Point
[LIBGPUSPATIAL] [ 55797][17:31:16:692193][info  ] RTSpatialRefiner 0x7e6fafd29600 (Used 0 MB), Loaded Geometries, ProbeArray 100000, Loaded 17, Type Point
[LIBGPUSPATIAL] [ 55791][17:31:16:692230][info  ] RTSpatialRefiner 0x7e6fafd29600 (Used 0 MB), Loaded Geometries, ProbeArray 100000, Loaded 11, Type Point
[LIBGPUSPATIAL] [ 55797][17:31:16:692265][info  ] RTSpatialRefiner 0x7e6fafd29600 (Used 0 MB), Evaluating 17 Geometry Pairs with Predicate Intersects
[LIBGPUSPATIAL] [ 55793][17:31:16:692270][info  ] RTSpatialRefiner 0x7e6fafd29600 (Used 0 MB), Evaluating 18 Geometry Pairs with Predicate Intersects
[LIBGPUSPATIAL] [ 55791][17:31:16:692276][info  ] RTSpatialRefiner 0x7e6fafd29600 (Used 0 MB), Evaluating 11 Geometry Pairs with Predicate Intersects
[LIBGPUSPATIAL] [ 55796][17:31:16:692842][info  ] RTSpatialRefiner 0x7e6fafd29600 (Used 0 MB), Loaded Geometries, ProbeArray 100000, Loaded 17, Type Point
[LIBGPUSPATIAL] [ 55796][17:31:16:692879][info  ] RTSpatialRefiner 0x7e6fafd29600 (Used 0 MB), Evaluating 17 Geometry Pairs with Predicate Intersects
[LIBGPUSPATIAL] [ 55798][17:31:16:696005][info  ] RTSpatialIndex 0x7e6fac00a7d0 (Used 1 MB), Allocate result buffer, memory consumption 0 MB, capacity 20
[LIBGPUSPATIAL] [ 55798][17:31:16:696356][info  ] RTSpatialIndex 0x7e6fac00a7d0 (Used 2 MB), Probe Points, Size: 100000, Results: 20
[LIBGPUSPATIAL] [ 55794][17:31:16:696912][info  ] RTSpatialIndex 0x7e6fac00a7d0 (Used 0 MB), Allocate result buffer, memory consumption 0 MB, capacity 18
[LIBGPUSPATIAL] [ 55798][17:31:16:696954][info  ] RTSpatialRefiner 0x7e6fafd29600 (Used 0 MB), Loaded Geometries, ProbeArray 100000, Loaded 20, Type Point
[LIBGPUSPATIAL] [ 55798][17:31:16:696986][info  ] RTSpatialRefiner 0x7e6fafd29600 (Used 0 MB), Evaluating 20 Geometry Pairs with Predicate Intersects
[LIBGPUSPATIAL] [ 55794][17:31:16:697259][info  ] RTSpatialIndex 0x7e6fac00a7d0 (Used 0 MB), Probe Points, Size: 100000, Results: 18
[LIBGPUSPATIAL] [ 55794][17:31:16:697701][info  ] RTSpatialRefiner 0x7e6fafd29600 (Used 0 MB), Loaded Geometries, ProbeArray 100000, Loaded 18, Type Point
[LIBGPUSPATIAL] [ 55794][17:31:16:697745][info  ] RTSpatialRefiner 0x7e6fafd29600 (Used 0 MB), Evaluating 18 Geometry Pairs with Predicate Intersects
[LIBGPUSPATIAL] [ 55795][17:31:16:699780][info  ] RTSpatialIndex 0x7e6fac00a7d0 (Used 0 MB), Allocate result buffer, memory consumption 0 MB, capacity 18
[LIBGPUSPATIAL] [ 55795][17:31:16:699915][info  ] RTSpatialIndex 0x7e6fac00a7d0 (Used 0 MB), Probe Points, Size: 100000, Results: 18
[LIBGPUSPATIAL] [ 55795][17:31:16:700270][info  ] RTSpatialRefiner 0x7e6fafd29600 (Used 0 MB), Loaded Geometries, ProbeArray 100000, Loaded 18, Type Point
[LIBGPUSPATIAL] [ 55795][17:31:16:700313][info  ] RTSpatialRefiner 0x7e6fafd29600 (Used 0 MB), Evaluating 18 Geometry Pairs with Predicate Intersects
[LIBGPUSPATIAL] [ 55792][17:31:16:702486][info  ] RTSpatialIndex 0x7e6fac00a7d0 (Used 0 MB), Allocate result buffer, memory consumption 0 MB, capacity 26
[LIBGPUSPATIAL] [ 55792][17:31:16:702891][info  ] RTSpatialIndex 0x7e6fac00a7d0 (Used 0 MB), Probe Points, Size: 100000, Results: 26
[LIBGPUSPATIAL] [ 55792][17:31:16:703743][info  ] RTSpatialRefiner 0x7e6fafd29600 (Used 0 MB), Loaded Geometries, ProbeArray 100000, Loaded 26, Type Point
[LIBGPUSPATIAL] [ 55792][17:31:16:703794][info  ] RTSpatialRefiner 0x7e6fafd29600 (Used 0 MB), Evaluating 26 Geometry Pairs with Predicate Intersects
[LIBGPUSPATIAL] [ 55793][17:31:16:706985][info  ] RTSpatialIndex 0x7e6fac00a7d0 (Used 0 MB), Allocate result buffer, memory consumption 0 MB, capacity 11
[LIBGPUSPATIAL] [ 55793][17:31:16:707137][info  ] RTSpatialIndex 0x7e6fac00a7d0 (Used 0 MB), Probe Points, Size: 100000, Results: 11
[LIBGPUSPATIAL] [ 55793][17:31:16:708308][info  ] RTSpatialRefiner 0x7e6fafd29600 (Used 0 MB), Loaded Geometries, ProbeArray 100000, Loaded 11, Type Point
[LIBGPUSPATIAL] [ 55793][17:31:16:708352][info  ] RTSpatialRefiner 0x7e6fafd29600 (Used 0 MB), Evaluating 11 Geometry Pairs with Predicate Intersects
[LIBGPUSPATIAL] [ 55798][17:31:16:710070][info  ] RTSpatialIndex 0x7e6fac00a7d0 (Used 0 MB), Allocate result buffer, memory consumption 0 MB, capacity 19
[LIBGPUSPATIAL] [ 55798][17:31:16:710195][info  ] RTSpatialIndex 0x7e6fac00a7d0 (Used 0 MB), Probe Points, Size: 100000, Results: 19
[LIBGPUSPATIAL] [ 55794][17:31:16:710745][info  ] RTSpatialIndex 0x7e6fac00a7d0 (Used 0 MB), Allocate result buffer, memory consumption 0 MB, capacity 11
[LIBGPUSPATIAL] [ 55794][17:31:16:710995][info  ] RTSpatialIndex 0x7e6fac00a7d0 (Used 0 MB), Probe Points, Size: 100000, Results: 11
[LIBGPUSPATIAL] [ 55798][17:31:16:712674][info  ] RTSpatialRefiner 0x7e6fafd29600 (Used 1 MB), Loaded Geometries, ProbeArray 100000, Loaded 19, Type Point
[LIBGPUSPATIAL] [ 55798][17:31:16:713078][info  ] RTSpatialRefiner 0x7e6fafd29600 (Used 5 MB), Evaluating 19 Geometry Pairs with Predicate Intersects
[LIBGPUSPATIAL] [ 55794][17:31:16:713316][info  ] RTSpatialRefiner 0x7e6fafd29600 (Used 3 MB), Loaded Geometries, ProbeArray 100000, Loaded 11, Type Point
[LIBGPUSPATIAL] [ 55794][17:31:16:713351][info  ] RTSpatialRefiner 0x7e6fafd29600 (Used 4 MB), Evaluating 11 Geometry Pairs with Predicate Intersects
[LIBGPUSPATIAL] [ 55796][17:31:16:713947][info  ] RTSpatialIndex 0x7e6fac00a7d0 (Used 3 MB), Allocate result buffer, memory consumption 0 MB, capacity 6
[LIBGPUSPATIAL] [ 55795][17:31:16:714274][info  ] RTSpatialIndex 0x7e6fac00a7d0 (Used 3 MB), Allocate result buffer, memory consumption 0 MB, capacity 12
[LIBGPUSPATIAL] [ 55791][17:31:16:714457][info  ] RTSpatialIndex 0x7e6fac00a7d0 (Used 3 MB), Allocate result buffer, memory consumption 0 MB, capacity 16
[LIBGPUSPATIAL] [ 55795][17:31:16:714625][info  ] RTSpatialIndex 0x7e6fac00a7d0 (Used 3 MB), Probe Points, Size: 100000, Results: 12
[LIBGPUSPATIAL] [ 55793][17:31:16:714690][info  ] RTSpatialIndex 0x7e6fac00a7d0 (Used 2 MB), Allocate result buffer, memory consumption 0 MB, capacity 3
[LIBGPUSPATIAL] [ 55796][17:31:16:714971][info  ] RTSpatialIndex 0x7e6fac00a7d0 (Used 2 MB), Probe Points, Size: 100000, Results: 6
[LIBGPUSPATIAL] [ 55797][17:31:16:715205][info  ] RTSpatialIndex 0x7e6fac00a7d0 (Used 1 MB), Allocate result buffer, memory consumption 0 MB, capacity 21
[LIBGPUSPATIAL] [ 55795][17:31:16:715342][info  ] RTSpatialRefiner 0x7e6fafd29600 (Used 1 MB), Loaded Geometries, ProbeArray 100000, Loaded 12, Type Point
[LIBGPUSPATIAL] [ 55795][17:31:16:715414][info  ] RTSpatialRefiner 0x7e6fafd29600 (Used 1 MB), Evaluating 12 Geometry Pairs with Predicate Intersects
[LIBGPUSPATIAL] [ 55791][17:31:16:715503][info  ] RTSpatialIndex 0x7e6fac00a7d0 (Used 1 MB), Probe Points, Size: 100000, Results: 16
[LIBGPUSPATIAL] [ 55796][17:31:16:715742][info  ] RTSpatialRefiner 0x7e6fafd29600 (Used 1 MB), Loaded Geometries, ProbeArray 100000, Loaded 6, Type Point
[LIBGPUSPATIAL] [ 55796][17:31:16:715796][info  ] RTSpatialRefiner 0x7e6fafd29600 (Used 1 MB), Evaluating 6 Geometry Pairs with Predicate Intersects
[LIBGPUSPATIAL] [ 55797][17:31:16:715827][info  ] RTSpatialIndex 0x7e6fac00a7d0 (Used 1 MB), Probe Points, Size: 100000, Results: 21
[LIBGPUSPATIAL] [ 55793][17:31:16:716100][info  ] RTSpatialIndex 0x7e6fac00a7d0 (Used 0 MB), Probe Points, Size: 33333, Results: 3
[LIBGPUSPATIAL] [ 55792][17:31:16:716746][info  ] RTSpatialIndex 0x7e6fac00a7d0 (Used 0 MB), Allocate result buffer, memory consumption 0 MB, capacity 18
[LIBGPUSPATIAL] [ 55793][17:31:16:716817][info  ] RTSpatialRefiner 0x7e6fafd29600 (Used 0 MB), Loaded Geometries, ProbeArray 33333, Loaded 3, Type Point
[LIBGPUSPATIAL] [ 55793][17:31:16:716863][info  ] RTSpatialRefiner 0x7e6fafd29600 (Used 0 MB), Evaluating 3 Geometry Pairs with Predicate Intersects
[LIBGPUSPATIAL] [ 55797][17:31:16:716919][info  ] RTSpatialRefiner 0x7e6fafd29600 (Used 0 MB), Loaded Geometries, ProbeArray 100000, Loaded 21, Type Point
[LIBGPUSPATIAL] [ 55797][17:31:16:716989][info  ] RTSpatialRefiner 0x7e6fafd29600 (Used 0 MB), Evaluating 21 Geometry Pairs with Predicate Intersects
[LIBGPUSPATIAL] [ 55791][17:31:16:717522][info  ] RTSpatialRefiner 0x7e6fafd29600 (Used 1 MB), Loaded Geometries, ProbeArray 100000, Loaded 16, Type Point
[LIBGPUSPATIAL] [ 55791][17:31:16:717569][info  ] RTSpatialRefiner 0x7e6fafd29600 (Used 1 MB), Evaluating 16 Geometry Pairs with Predicate Intersects
[LIBGPUSPATIAL] [ 55792][17:31:16:719118][info  ] RTSpatialIndex 0x7e6fac00a7d0 (Used 0 MB), Probe Points, Size: 100000, Results: 18
[LIBGPUSPATIAL] [ 55795][17:31:16:722299][info  ] RTSpatialIndex 0x7e6fac00a7d0 (Used 0 MB), Allocate result buffer, memory consumption 0 MB, capacity 6
[LIBGPUSPATIAL] [ 55795][17:31:16:722622][info  ] RTSpatialIndex 0x7e6fac00a7d0 (Used 0 MB), Probe Points, Size: 33333, Results: 6
[LIBGPUSPATIAL] [ 55791][17:31:16:722650][info  ] RTSpatialIndex 0x7e6fac00a7d0 (Used 0 MB), Allocate result buffer, memory consumption 0 MB, capacity 5
[LIBGPUSPATIAL] [ 55791][17:31:16:722994][info  ] RTSpatialIndex 0x7e6fac00a7d0 (Used 0 MB), Probe Points, Size: 33333, Results: 5
[LIBGPUSPATIAL] [ 55792][17:31:16:723395][info  ] RTSpatialRefiner 0x7e6fafd29600 (Used 0 MB), Loaded Geometries, ProbeArray 100000, Loaded 18, Type Point
[LIBGPUSPATIAL] [ 55792][17:31:16:723442][info  ] RTSpatialRefiner 0x7e6fafd29600 (Used 0 MB), Evaluating 18 Geometry Pairs with Predicate Intersects
[LIBGPUSPATIAL] [ 55791][17:31:16:723838][info  ] RTSpatialRefiner 0x7e6fafd29600 (Used 0 MB), Loaded Geometries, ProbeArray 33333, Loaded 5, Type Point
[LIBGPUSPATIAL] [ 55795][17:31:16:723971][info  ] RTSpatialRefiner 0x7e6fafd29600 (Used 0 MB), Loaded Geometries, ProbeArray 33333, Loaded 6, Type Point
[LIBGPUSPATIAL] [ 55791][17:31:16:724123][info  ] RTSpatialRefiner 0x7e6fafd29600 (Used 0 MB), Evaluating 5 Geometry Pairs with Predicate Intersects
[LIBGPUSPATIAL] [ 55795][17:31:16:724131][info  ] RTSpatialRefiner 0x7e6fafd29600 (Used 0 MB), Evaluating 6 Geometry Pairs with Predicate Intersects
[LIBGPUSPATIAL] [ 55796][17:31:16:725180][info  ] RTSpatialIndex 0x7e6fac00a7d0 (Used 0 MB), Allocate result buffer, memory consumption 0 MB, capacity 10
[LIBGPUSPATIAL] [ 55796][17:31:16:727106][info  ] RTSpatialIndex 0x7e6fac00a7d0 (Used 0 MB), Probe Points, Size: 33333, Results: 10
[LIBGPUSPATIAL] [ 55796][17:31:16:727454][info  ] RTSpatialRefiner 0x7e6fafd29600 (Used 0 MB), Loaded Geometries, ProbeArray 33333, Loaded 10, Type Point
[LIBGPUSPATIAL] [ 55796][17:31:16:727495][info  ] RTSpatialRefiner 0x7e6fafd29600 (Used 0 MB), Evaluating 10 Geometry Pairs with Predicate Intersects
[LIBGPUSPATIAL] [ 55792][17:31:16:728011][info  ] RTSpatialIndex 0x7e6fac00a7d0 (Used 1 MB), Allocate result buffer, memory consumption 0 MB, capacity 6
[LIBGPUSPATIAL] [ 55792][17:31:16:730625][info  ] RTSpatialIndex 0x7e6fac00a7d0 (Used 1 MB), Probe Points, Size: 33333, Results: 6
[LIBGPUSPATIAL] [ 55798][17:31:16:730672][info  ] RTSpatialIndex 0x7e6fac00a7d0 (Used 1 MB), Allocate result buffer, memory consumption 0 MB, capacity 13
[LIBGPUSPATIAL] [ 55798][17:31:16:731267][info  ] RTSpatialIndex 0x7e6fac00a7d0 (Used 1 MB), Probe Points, Size: 100000, Results: 13
[LIBGPUSPATIAL] [ 55794][17:31:16:731662][info  ] RTSpatialIndex 0x7e6fac00a7d0 (Used 0 MB), Allocate result buffer, memory consumption 0 MB, capacity 13
[LIBGPUSPATIAL] [ 55794][17:31:16:731852][info  ] RTSpatialIndex 0x7e6fac00a7d0 (Used 0 MB), Probe Points, Size: 100000, Results: 13
[LIBGPUSPATIAL] [ 55797][17:31:16:733315][info  ] RTSpatialIndex 0x7e6fac00a7d0 (Used 0 MB), Allocate result buffer, memory consumption 0 MB, capacity 12
[LIBGPUSPATIAL] [ 55797][17:31:16:733477][info  ] RTSpatialIndex 0x7e6fac00a7d0 (Used 0 MB), Probe Points, Size: 100000, Results: 12
[LIBGPUSPATIAL] [ 55798][17:31:16:733764][info  ] RTSpatialRefiner 0x7e6fafd29600 (Used 0 MB), Loaded Geometries, ProbeArray 100000, Loaded 13, Type Point
[LIBGPUSPATIAL] [ 55792][17:31:16:733794][info  ] RTSpatialRefiner 0x7e6fafd29600 (Used 0 MB), Loaded Geometries, ProbeArray 33333, Loaded 6, Type Point
[LIBGPUSPATIAL] [ 55798][17:31:16:733829][info  ] RTSpatialRefiner 0x7e6fafd29600 (Used 0 MB), Evaluating 13 Geometry Pairs with Predicate Intersects
[LIBGPUSPATIAL] [ 55792][17:31:16:733857][info  ] RTSpatialRefiner 0x7e6fafd29600 (Used 0 MB), Evaluating 6 Geometry Pairs with Predicate Intersects
[LIBGPUSPATIAL] [ 55794][17:31:16:734149][info  ] RTSpatialRefiner 0x7e6fafd29600 (Used 0 MB), Loaded Geometries, ProbeArray 100000, Loaded 13, Type Point
[LIBGPUSPATIAL] [ 55794][17:31:16:734357][info  ] RTSpatialRefiner 0x7e6fafd29600 (Used 0 MB), Evaluating 13 Geometry Pairs with Predicate Intersects
[LIBGPUSPATIAL] [ 55797][17:31:16:734808][info  ] RTSpatialRefiner 0x7e6fafd29600 (Used 0 MB), Loaded Geometries, ProbeArray 100000, Loaded 12, Type Point
[LIBGPUSPATIAL] [ 55797][17:31:16:734866][info  ] RTSpatialRefiner 0x7e6fafd29600 (Used 0 MB), Evaluating 12 Geometry Pairs with Predicate Intersects
[LIBGPUSPATIAL] [ 55793][17:31:16:737185][info  ] RTSpatialIndex 0x7e6fac00a7d0 (Used 0 MB), Allocate result buffer, memory consumption 0 MB, capacity 15
[LIBGPUSPATIAL] [ 55793][17:31:16:737321][info  ] RTSpatialIndex 0x7e6fac00a7d0 (Used 0 MB), Probe Points, Size: 100000, Results: 15
[LIBGPUSPATIAL] [ 55797][17:31:16:740797][info  ] RTSpatialIndex 0x7e6fac00a7d0 (Used 0 MB), Allocate result buffer, memory consumption 0 MB, capacity 7
[LIBGPUSPATIAL] [ 55797][17:31:16:740960][info  ] RTSpatialIndex 0x7e6fac00a7d0 (Used 0 MB), Probe Points, Size: 33333, Results: 7
[LIBGPUSPATIAL] [ 55793][17:31:16:741023][info  ] RTSpatialRefiner 0x7e6fafd29600 (Used 0 MB), Loaded Geometries, ProbeArray 100000, Loaded 15, Type Point
[LIBGPUSPATIAL] [ 55793][17:31:16:741090][info  ] RTSpatialRefiner 0x7e6fafd29600 (Used 0 MB), Evaluating 15 Geometry Pairs with Predicate Intersects
[LIBGPUSPATIAL] [ 55797][17:31:16:741350][info  ] RTSpatialRefiner 0x7e6fafd29600 (Used 0 MB), Loaded Geometries, ProbeArray 33333, Loaded 7, Type Point
[LIBGPUSPATIAL] [ 55797][17:31:16:741392][info  ] RTSpatialRefiner 0x7e6fafd29600 (Used 0 MB), Evaluating 7 Geometry Pairs with Predicate Intersects
[LIBGPUSPATIAL] [ 55798][17:31:16:743204][info  ] RTSpatialIndex 0x7e6fac00a7d0 (Used 0 MB), Allocate result buffer, memory consumption 0 MB, capacity 6
[LIBGPUSPATIAL] [ 55798][17:31:16:743334][info  ] RTSpatialIndex 0x7e6fac00a7d0 (Used 0 MB), Probe Points, Size: 33333, Results: 6
[LIBGPUSPATIAL] [ 55798][17:31:16:743684][info  ] RTSpatialRefiner 0x7e6fafd29600 (Used 0 MB), Loaded Geometries, ProbeArray 33333, Loaded 6, Type Point
[LIBGPUSPATIAL] [ 55798][17:31:16:743730][info  ] RTSpatialRefiner 0x7e6fafd29600 (Used 0 MB), Evaluating 6 Geometry Pairs with Predicate Intersects
[LIBGPUSPATIAL] [ 55791][17:31:16:748330][info  ] RTSpatialIndex 0x7e6fac00a7d0 (Used 1 MB), Allocate result buffer, memory consumption 0 MB, capacity 17
[LIBGPUSPATIAL] [ 55796][17:31:16:748330][info  ] RTSpatialIndex 0x7e6fac00a7d0 (Used 1 MB), Allocate result buffer, memory consumption 0 MB, capacity 15
[LIBGPUSPATIAL] [ 55791][17:31:16:748589][info  ] RTSpatialIndex 0x7e6fac00a7d0 (Used 1 MB), Probe Points, Size: 100000, Results: 17
[LIBGPUSPATIAL] [ 55796][17:31:16:748673][info  ] RTSpatialIndex 0x7e6fac00a7d0 (Used 0 MB), Probe Points, Size: 100000, Results: 15
[LIBGPUSPATIAL] [ 55796][17:31:16:749372][info  ] RTSpatialRefiner 0x7e6fafd29600 (Used 0 MB), Loaded Geometries, ProbeArray 100000, Loaded 15, Type Point
[LIBGPUSPATIAL] [ 55796][17:31:16:749470][info  ] RTSpatialRefiner 0x7e6fafd29600 (Used 0 MB), Evaluating 15 Geometry Pairs with Predicate Intersects
[LIBGPUSPATIAL] [ 55791][17:31:16:749710][info  ] RTSpatialRefiner 0x7e6fafd29600 (Used 0 MB), Loaded Geometries, ProbeArray 100000, Loaded 17, Type Point
[LIBGPUSPATIAL] [ 55791][17:31:16:749800][info  ] RTSpatialRefiner 0x7e6fafd29600 (Used 0 MB), Evaluating 17 Geometry Pairs with Predicate Intersects
[LIBGPUSPATIAL] [ 55792][17:31:16:752754][info  ] RTSpatialIndex 0x7e6fac00a7d0 (Used 0 MB), Allocate result buffer, memory consumption 0 MB, capacity 17
[LIBGPUSPATIAL] [ 55793][17:31:16:755712][info  ] RTSpatialIndex 0x7e6fac00a7d0 (Used 3 MB), Allocate result buffer, memory consumption 0 MB, capacity 14
[LIBGPUSPATIAL] [ 55792][17:31:16:756158][info  ] RTSpatialIndex 0x7e6fac00a7d0 (Used 3 MB), Probe Points, Size: 100000, Results: 17
[LIBGPUSPATIAL] [ 55794][17:31:16:756218][info  ] RTSpatialIndex 0x7e6fac00a7d0 (Used 3 MB), Allocate result buffer, memory consumption 0 MB, capacity 24
[LIBGPUSPATIAL] [ 55795][17:31:16:756389][info  ] RTSpatialIndex 0x7e6fac00a7d0 (Used 2 MB), Allocate result buffer, memory consumption 0 MB, capacity 13
[LIBGPUSPATIAL] [ 55794][17:31:16:756670][info  ] RTSpatialIndex 0x7e6fac00a7d0 (Used 2 MB), Probe Points, Size: 100000, Results: 24
[LIBGPUSPATIAL] [ 55793][17:31:16:756871][info  ] RTSpatialIndex 0x7e6fac00a7d0 (Used 1 MB), Probe Points, Size: 100000, Results: 14
[LIBGPUSPATIAL] [ 55792][17:31:16:757182][info  ] RTSpatialRefiner 0x7e6fafd29600 (Used 0 MB), Loaded Geometries, ProbeArray 100000, Loaded 17, Type Point
[LIBGPUSPATIAL] [ 55792][17:31:16:757244][info  ] RTSpatialRefiner 0x7e6fafd29600 (Used 0 MB), Evaluating 17 Geometry Pairs with Predicate Intersects
[LIBGPUSPATIAL] [ 55795][17:31:16:757270][info  ] RTSpatialIndex 0x7e6fac00a7d0 (Used 0 MB), Probe Points, Size: 100000, Results: 13
[LIBGPUSPATIAL] [ 55794][17:31:16:757652][info  ] RTSpatialRefiner 0x7e6fafd29600 (Used 0 MB), Loaded Geometries, ProbeArray 100000, Loaded 24, Type Point
[LIBGPUSPATIAL] [ 55794][17:31:16:757702][info  ] RTSpatialRefiner 0x7e6fafd29600 (Used 0 MB), Evaluating 24 Geometry Pairs with Predicate Intersects
[LIBGPUSPATIAL] [ 55793][17:31:16:757907][info  ] RTSpatialRefiner 0x7e6fafd29600 (Used 0 MB), Loaded Geometries, ProbeArray 100000, Loaded 14, Type Point
[LIBGPUSPATIAL] [ 55793][17:31:16:758081][info  ] RTSpatialRefiner 0x7e6fafd29600 (Used 0 MB), Evaluating 14 Geometry Pairs with Predicate Intersects
[LIBGPUSPATIAL] [ 55795][17:31:16:758508][info  ] RTSpatialRefiner 0x7e6fafd29600 (Used 0 MB), Loaded Geometries, ProbeArray 100000, Loaded 13, Type Point
[LIBGPUSPATIAL] [ 55795][17:31:16:758553][info  ] RTSpatialRefiner 0x7e6fafd29600 (Used 0 MB), Evaluating 13 Geometry Pairs with Predicate Intersects
[LIBGPUSPATIAL] [ 55798][17:31:16:762259][info  ] RTSpatialIndex 0x7e6fac00a7d0 (Used 0 MB), Allocate result buffer, memory consumption 0 MB, capacity 20
[LIBGPUSPATIAL] [ 55798][17:31:16:762392][info  ] RTSpatialIndex 0x7e6fac00a7d0 (Used 0 MB), Probe Points, Size: 100000, Results: 20
[LIBGPUSPATIAL] [ 55798][17:31:16:763365][info  ] RTSpatialRefiner 0x7e6fafd29600 (Used 0 MB), Loaded Geometries, ProbeArray 100000, Loaded 20, Type Point
[LIBGPUSPATIAL] [ 55798][17:31:16:763428][info  ] RTSpatialRefiner 0x7e6fafd29600 (Used 0 MB), Evaluating 20 Geometry Pairs with Predicate Intersects
[LIBGPUSPATIAL] [ 55794][17:31:16:763868][info  ] RTSpatialIndex 0x7e6fac00a7d0 (Used 0 MB), Allocate result buffer, memory consumption 0 MB, capacity 9
[LIBGPUSPATIAL] [ 55794][17:31:16:764169][info  ] RTSpatialIndex 0x7e6fac00a7d0 (Used 0 MB), Probe Points, Size: 33333, Results: 9
[LIBGPUSPATIAL] [ 55794][17:31:16:764621][info  ] RTSpatialRefiner 0x7e6fafd29600 (Used 1 MB), Loaded Geometries, ProbeArray 33333, Loaded 9, Type Point
[LIBGPUSPATIAL] [ 55794][17:31:16:764677][info  ] RTSpatialRefiner 0x7e6fafd29600 (Used 1 MB), Evaluating 9 Geometry Pairs with Predicate Intersects
[LIBGPUSPATIAL] [ 55791][17:31:16:764921][info  ] RTSpatialIndex 0x7e6fac00a7d0 (Used 0 MB), Allocate result buffer, memory consumption 0 MB, capacity 19
[LIBGPUSPATIAL] [ 55791][17:31:16:765158][info  ] RTSpatialIndex 0x7e6fac00a7d0 (Used 0 MB), Probe Points, Size: 100000, Results: 19
[LIBGPUSPATIAL] [ 55796][17:31:16:765699][info  ] RTSpatialIndex 0x7e6fac00a7d0 (Used 0 MB), Allocate result buffer, memory consumption 0 MB, capacity 15
[LIBGPUSPATIAL] [ 55791][17:31:16:765999][info  ] RTSpatialRefiner 0x7e6fafd29600 (Used 0 MB), Loaded Geometries, ProbeArray 100000, Loaded 19, Type Point
[LIBGPUSPATIAL] [ 55796][17:31:16:766060][info  ] RTSpatialIndex 0x7e6fac00a7d0 (Used 0 MB), Probe Points, Size: 100000, Results: 15
[LIBGPUSPATIAL] [ 55791][17:31:16:766114][info  ] RTSpatialRefiner 0x7e6fafd29600 (Used 0 MB), Evaluating 19 Geometry Pairs with Predicate Intersects
[LIBGPUSPATIAL] [ 55796][17:31:16:766718][info  ] RTSpatialRefiner 0x7e6fafd29600 (Used 0 MB), Loaded Geometries, ProbeArray 100000, Loaded 15, Type Point
[LIBGPUSPATIAL] [ 55796][17:31:16:766786][info  ] RTSpatialRefiner 0x7e6fafd29600 (Used 0 MB), Evaluating 15 Geometry Pairs with Predicate Intersects
[LIBGPUSPATIAL] [ 55797][17:31:16:768715][info  ] RTSpatialIndex 0x7e6fac00a7d0 (Used 0 MB), Allocate result buffer, memory consumption 0 MB, capacity 18
[LIBGPUSPATIAL] [ 55797][17:31:16:768954][info  ] RTSpatialIndex 0x7e6fac00a7d0 (Used 0 MB), Probe Points, Size: 100000, Results: 18
[LIBGPUSPATIAL] [ 55797][17:31:16:769405][info  ] RTSpatialRefiner 0x7e6fafd29600 (Used 0 MB), Loaded Geometries, ProbeArray 100000, Loaded 18, Type Point
[LIBGPUSPATIAL] [ 55797][17:31:16:769455][info  ] RTSpatialRefiner 0x7e6fafd29600 (Used 0 MB), Evaluating 18 Geometry Pairs with Predicate Intersects
[LIBGPUSPATIAL] [ 55793][17:31:16:772720][info  ] RTSpatialIndex 0x7e6fac00a7d0 (Used 2 MB), Allocate result buffer, memory consumption 0 MB, capacity 21
[LIBGPUSPATIAL] [ 55795][17:31:16:772750][info  ] RTSpatialIndex 0x7e6fac00a7d0 (Used 2 MB), Allocate result buffer, memory consumption 0 MB, capacity 13
[LIBGPUSPATIAL] [ 55792][17:31:16:772720][info  ] RTSpatialIndex 0x7e6fac00a7d0 (Used 2 MB), Allocate result buffer, memory consumption 0 MB, capacity 19
[LIBGPUSPATIAL] [ 55793][17:31:16:773029][info  ] RTSpatialIndex 0x7e6fac00a7d0 (Used 2 MB), Probe Points, Size: 100000, Results: 21
[LIBGPUSPATIAL] [ 55795][17:31:16:773319][info  ] RTSpatialIndex 0x7e6fac00a7d0 (Used 1 MB), Probe Points, Size: 100000, Results: 13
[LIBGPUSPATIAL] [ 55792][17:31:16:773432][info  ] RTSpatialIndex 0x7e6fac00a7d0 (Used 0 MB), Probe Points, Size: 100000, Results: 19
[LIBGPUSPATIAL] [ 55795][17:31:16:773984][info  ] RTSpatialRefiner 0x7e6fafd29600 (Used 0 MB), Loaded Geometries, ProbeArray 100000, Loaded 13, Type Point
[LIBGPUSPATIAL] [ 55793][17:31:16:774030][info  ] RTSpatialRefiner 0x7e6fafd29600 (Used 0 MB), Loaded Geometries, ProbeArray 100000, Loaded 21, Type Point
[LIBGPUSPATIAL] [ 55795][17:31:16:774053][info  ] RTSpatialRefiner 0x7e6fafd29600 (Used 0 MB), Evaluating 13 Geometry Pairs with Predicate Intersects
[LIBGPUSPATIAL] [ 55793][17:31:16:774102][info  ] RTSpatialRefiner 0x7e6fafd29600 (Used 0 MB), Evaluating 21 Geometry Pairs with Predicate Intersects
[LIBGPUSPATIAL] [ 55792][17:31:16:774137][info  ] RTSpatialRefiner 0x7e6fafd29600 (Used 0 MB), Loaded Geometries, ProbeArray 100000, Loaded 19, Type Point
[LIBGPUSPATIAL] [ 55792][17:31:16:774177][info  ] RTSpatialRefiner 0x7e6fafd29600 (Used 0 MB), Evaluating 19 Geometry Pairs with Predicate Intersects
[LIBGPUSPATIAL] [ 55798][17:31:16:777656][info  ] RTSpatialIndex 0x7e6fac00a7d0 (Used 0 MB), Allocate result buffer, memory consumption 0 MB, capacity 18
[LIBGPUSPATIAL] [ 55798][17:31:16:777792][info  ] RTSpatialIndex 0x7e6fac00a7d0 (Used 0 MB), Probe Points, Size: 100000, Results: 18
[LIBGPUSPATIAL] [ 55798][17:31:16:778673][info  ] RTSpatialRefiner 0x7e6fafd29600 (Used 0 MB), Loaded Geometries, ProbeArray 100000, Loaded 18, Type Point
[LIBGPUSPATIAL] [ 55798][17:31:16:778718][info  ] RTSpatialRefiner 0x7e6fafd29600 (Used 0 MB), Evaluating 18 Geometry Pairs with Predicate Intersects
[LIBGPUSPATIAL] [ 55791][17:31:16:780480][info  ] RTSpatialIndex 0x7e6fac00a7d0 (Used 0 MB), Allocate result buffer, memory consumption 0 MB, capacity 14
[LIBGPUSPATIAL] [ 55791][17:31:16:780616][info  ] RTSpatialIndex 0x7e6fac00a7d0 (Used 0 MB), Probe Points, Size: 100000, Results: 14
[LIBGPUSPATIAL] [ 55796][17:31:16:781103][info  ] RTSpatialIndex 0x7e6fac00a7d0 (Used 0 MB), Allocate result buffer, memory consumption 0 MB, capacity 11
[LIBGPUSPATIAL] [ 55796][17:31:16:781263][info  ] RTSpatialIndex 0x7e6fac00a7d0 (Used 0 MB), Probe Points, Size: 100000, Results: 11
[LIBGPUSPATIAL] [ 55791][17:31:16:781543][info  ] RTSpatialRefiner 0x7e6fafd29600 (Used 0 MB), Loaded Geometries, ProbeArray 100000, Loaded 14, Type Point
[LIBGPUSPATIAL] [ 55791][17:31:16:781583][info  ] RTSpatialRefiner 0x7e6fafd29600 (Used 0 MB), Evaluating 14 Geometry Pairs with Predicate Intersects
[LIBGPUSPATIAL] [ 55797][17:31:16:783579][info  ] RTSpatialIndex 0x7e6fac00a7d0 (Used 0 MB), Allocate result buffer, memory consumption 0 MB, capacity 14
[LIBGPUSPATIAL] [ 55796][17:31:16:783810][info  ] RTSpatialRefiner 0x7e6fafd29600 (Used 0 MB), Loaded Geometries, ProbeArray 100000, Loaded 11, Type Point
[LIBGPUSPATIAL] [ 55797][17:31:16:783851][info  ] RTSpatialIndex 0x7e6fac00a7d0 (Used 0 MB), Probe Points, Size: 100000, Results: 14
[LIBGPUSPATIAL] [ 55796][17:31:16:783945][info  ] RTSpatialRefiner 0x7e6fafd29600 (Used 0 MB), Evaluating 11 Geometry Pairs with Predicate Intersects
[LIBGPUSPATIAL] [ 55797][17:31:16:784226][info  ] RTSpatialRefiner 0x7e6fafd29600 (Used 0 MB), Loaded Geometries, ProbeArray 100000, Loaded 14, Type Point
[LIBGPUSPATIAL] [ 55797][17:31:16:784275][info  ] RTSpatialRefiner 0x7e6fafd29600 (Used 0 MB), Evaluating 14 Geometry Pairs with Predicate Intersects
[LIBGPUSPATIAL] [ 55794][17:31:16:785471][info  ] RTSpatialIndex 0x7e6fac00a7d0 (Used 0 MB), Allocate result buffer, memory consumption 0 MB, capacity 16
[LIBGPUSPATIAL] [ 55794][17:31:16:785589][info  ] RTSpatialIndex 0x7e6fac00a7d0 (Used 0 MB), Probe Points, Size: 100000, Results: 16
[LIBGPUSPATIAL] [ 55794][17:31:16:785912][info  ] RTSpatialRefiner 0x7e6fafd29600 (Used 0 MB), Loaded Geometries, ProbeArray 100000, Loaded 16, Type Point
[LIBGPUSPATIAL] [ 55794][17:31:16:785954][info  ] RTSpatialRefiner 0x7e6fafd29600 (Used 0 MB), Evaluating 16 Geometry Pairs with Predicate Intersects
[LIBGPUSPATIAL] [ 55795][17:31:16:787517][info  ] RTSpatialIndex 0x7e6fac00a7d0 (Used 2 MB), Allocate result buffer, memory consumption 0 MB, capacity 21
[LIBGPUSPATIAL] [ 55795][17:31:16:787961][info  ] RTSpatialIndex 0x7e6fac00a7d0 (Used 1 MB), Probe Points, Size: 100000, Results: 21
[LIBGPUSPATIAL] [ 55793][17:31:16:788014][info  ] RTSpatialIndex 0x7e6fac00a7d0 (Used 0 MB), Allocate result buffer, memory consumption 0 MB, capacity 13
[LIBGPUSPATIAL] [ 55793][17:31:16:788332][info  ] RTSpatialIndex 0x7e6fac00a7d0 (Used 0 MB), Probe Points, Size: 100000, Results: 13
[LIBGPUSPATIAL] [ 55795][17:31:16:788495][info  ] RTSpatialRefiner 0x7e6fafd29600 (Used 0 MB), Loaded Geometries, ProbeArray 100000, Loaded 21, Type Point
[LIBGPUSPATIAL] [ 55795][17:31:16:788540][info  ] RTSpatialRefiner 0x7e6fafd29600 (Used 0 MB), Evaluating 21 Geometry Pairs with Predicate Intersects
[LIBGPUSPATIAL] [ 55792][17:31:16:789331][info  ] RTSpatialIndex 0x7e6fac00a7d0 (Used 0 MB), Allocate result buffer, memory consumption 0 MB, capacity 12
[LIBGPUSPATIAL] [ 55792][17:31:16:789521][info  ] RTSpatialIndex 0x7e6fac00a7d0 (Used 0 MB), Probe Points, Size: 100000, Results: 12
[LIBGPUSPATIAL] [ 55793][17:31:16:789845][info  ] RTSpatialRefiner 0x7e6fafd29600 (Used 0 MB), Loaded Geometries, ProbeArray 100000, Loaded 13, Type Point
[LIBGPUSPATIAL] [ 55793][17:31:16:789888][info  ] RTSpatialRefiner 0x7e6fafd29600 (Used 0 MB), Evaluating 13 Geometry Pairs with Predicate Intersects
[LIBGPUSPATIAL] [ 55792][17:31:16:790053][info  ] RTSpatialRefiner 0x7e6fafd29600 (Used 0 MB), Loaded Geometries, ProbeArray 100000, Loaded 12, Type Point
[LIBGPUSPATIAL] [ 55792][17:31:16:790155][info  ] RTSpatialRefiner 0x7e6fafd29600 (Used 0 MB), Evaluating 12 Geometry Pairs with Predicate Intersects
[LIBGPUSPATIAL] [ 55798][17:31:16:790782][info  ] RTSpatialIndex 0x7e6fac00a7d0 (Used 0 MB), Allocate result buffer, memory consumption 0 MB, capacity 15
[LIBGPUSPATIAL] [ 55798][17:31:16:791071][info  ] RTSpatialIndex 0x7e6fac00a7d0 (Used 0 MB), Probe Points, Size: 100000, Results: 15
[LIBGPUSPATIAL] [ 55798][17:31:16:791515][info  ] RTSpatialRefiner 0x7e6fafd29600 (Used 0 MB), Loaded Geometries, ProbeArray 100000, Loaded 15, Type Point
[LIBGPUSPATIAL] [ 55798][17:31:16:791626][info  ] RTSpatialRefiner 0x7e6fafd29600 (Used 0 MB), Evaluating 15 Geometry Pairs with Predicate Intersects
[LIBGPUSPATIAL] [ 55791][17:31:16:794940][info  ] RTSpatialIndex 0x7e6fac00a7d0 (Used 0 MB), Allocate result buffer, memory consumption 0 MB, capacity 11
[LIBGPUSPATIAL] [ 55791][17:31:16:795087][info  ] RTSpatialIndex 0x7e6fac00a7d0 (Used 0 MB), Probe Points, Size: 100000, Results: 11
[LIBGPUSPATIAL] [ 55791][17:31:16:795478][info  ] RTSpatialRefiner 0x7e6fafd29600 (Used 0 MB), Loaded Geometries, ProbeArray 100000, Loaded 11, Type Point
[LIBGPUSPATIAL] [ 55791][17:31:16:795521][info  ] RTSpatialRefiner 0x7e6fafd29600 (Used 0 MB), Evaluating 11 Geometry Pairs with Predicate Intersects
[LIBGPUSPATIAL] [ 55797][17:31:16:797584][info  ] RTSpatialIndex 0x7e6fac00a7d0 (Used 0 MB), Allocate result buffer, memory consumption 0 MB, capacity 11
[LIBGPUSPATIAL] [ 55797][17:31:16:797752][info  ] RTSpatialIndex 0x7e6fac00a7d0 (Used 0 MB), Probe Points, Size: 100000, Results: 11
[LIBGPUSPATIAL] [ 55796][17:31:16:798312][info  ] RTSpatialIndex 0x7e6fac00a7d0 (Used 0 MB), Allocate result buffer, memory consumption 0 MB, capacity 12
[LIBGPUSPATIAL] [ 55797][17:31:16:798592][info  ] RTSpatialRefiner 0x7e6fafd29600 (Used 0 MB), Loaded Geometries, ProbeArray 100000, Loaded 11, Type Point
[LIBGPUSPATIAL] [ 55796][17:31:16:798597][info  ] RTSpatialIndex 0x7e6fac00a7d0 (Used 0 MB), Probe Points, Size: 100000, Results: 12
[LIBGPUSPATIAL] [ 55797][17:31:16:798643][info  ] RTSpatialRefiner 0x7e6fafd29600 (Used 0 MB), Evaluating 11 Geometry Pairs with Predicate Intersects
[LIBGPUSPATIAL] [ 55796][17:31:16:799245][info  ] RTSpatialRefiner 0x7e6fafd29600 (Used 0 MB), Loaded Geometries, ProbeArray 100000, Loaded 12, Type Point
[LIBGPUSPATIAL] [ 55796][17:31:16:799401][info  ] RTSpatialRefiner 0x7e6fafd29600 (Used 0 MB), Evaluating 12 Geometry Pairs with Predicate Intersects
[LIBGPUSPATIAL] [ 55794][17:31:16:799521][info  ] RTSpatialIndex 0x7e6fac00a7d0 (Used 0 MB), Allocate result buffer, memory consumption 0 MB, capacity 12
[LIBGPUSPATIAL] [ 55794][17:31:16:800012][info  ] RTSpatialIndex 0x7e6fac00a7d0 (Used 0 MB), Probe Points, Size: 100000, Results: 12
[LIBGPUSPATIAL] [ 55794][17:31:16:800543][info  ] RTSpatialRefiner 0x7e6fafd29600 (Used 0 MB), Loaded Geometries, ProbeArray 100000, Loaded 12, Type Point
[LIBGPUSPATIAL] [ 55794][17:31:16:800596][info  ] RTSpatialRefiner 0x7e6fafd29600 (Used 0 MB), Evaluating 12 Geometry Pairs with Predicate Intersects
[LIBGPUSPATIAL] [ 55795][17:31:16:801443][info  ] RTSpatialIndex 0x7e6fac00a7d0 (Used 0 MB), Allocate result buffer, memory consumption 0 MB, capacity 6
[LIBGPUSPATIAL] [ 55795][17:31:16:801567][info  ] RTSpatialIndex 0x7e6fac00a7d0 (Used 0 MB), Probe Points, Size: 100000, Results: 6
[LIBGPUSPATIAL] [ 55795][17:31:16:801890][info  ] RTSpatialRefiner 0x7e6fafd29600 (Used 0 MB), Loaded Geometries, ProbeArray 100000, Loaded 6, Type Point
[LIBGPUSPATIAL] [ 55795][17:31:16:801934][info  ] RTSpatialRefiner 0x7e6fafd29600 (Used 0 MB), Evaluating 6 Geometry Pairs with Predicate Intersects
[LIBGPUSPATIAL] [ 55793][17:31:16:802521][info  ] RTSpatialIndex 0x7e6fac00a7d0 (Used 0 MB), Allocate result buffer, memory consumption 0 MB, capacity 19
[LIBGPUSPATIAL] [ 55793][17:31:16:802641][info  ] RTSpatialIndex 0x7e6fac00a7d0 (Used 0 MB), Probe Points, Size: 100000, Results: 19
[LIBGPUSPATIAL] [ 55793][17:31:16:802993][info  ] RTSpatialRefiner 0x7e6fafd29600 (Used 0 MB), Loaded Geometries, ProbeArray 100000, Loaded 19, Type Point
[LIBGPUSPATIAL] [ 55793][17:31:16:803082][info  ] RTSpatialRefiner 0x7e6fafd29600 (Used 0 MB), Evaluating 19 Geometry Pairs with Predicate Intersects
[LIBGPUSPATIAL] [ 55792][17:31:16:803816][info  ] RTSpatialIndex 0x7e6fac00a7d0 (Used 0 MB), Allocate result buffer, memory consumption 0 MB, capacity 10
[LIBGPUSPATIAL] [ 55792][17:31:16:803973][info  ] RTSpatialIndex 0x7e6fac00a7d0 (Used 0 MB), Probe Points, Size: 100000, Results: 10
[LIBGPUSPATIAL] [ 55792][17:31:16:804323][info  ] RTSpatialRefiner 0x7e6fafd29600 (Used 0 MB), Loaded Geometries, ProbeArray 100000, Loaded 10, Type Point
[LIBGPUSPATIAL] [ 55792][17:31:16:804363][info  ] RTSpatialRefiner 0x7e6fafd29600 (Used 0 MB), Evaluating 10 Geometry Pairs with Predicate Intersects
[LIBGPUSPATIAL] [ 55798][17:31:16:805663][info  ] RTSpatialIndex 0x7e6fac00a7d0 (Used 0 MB), Allocate result buffer, memory consumption 0 MB, capacity 21
[LIBGPUSPATIAL] [ 55798][17:31:16:805801][info  ] RTSpatialIndex 0x7e6fac00a7d0 (Used 0 MB), Probe Points, Size: 100000, Results: 21
[LIBGPUSPATIAL] [ 55798][17:31:16:807186][info  ] RTSpatialRefiner 0x7e6fafd29600 (Used 0 MB), Loaded Geometries, ProbeArray 100000, Loaded 21, Type Point
[LIBGPUSPATIAL] [ 55798][17:31:16:807235][info  ] RTSpatialRefiner 0x7e6fafd29600 (Used 0 MB), Evaluating 21 Geometry Pairs with Predicate Intersects
[LIBGPUSPATIAL] [ 55791][17:31:16:808226][info  ] RTSpatialIndex 0x7e6fac00a7d0 (Used 0 MB), Allocate result buffer, memory consumption 0 MB, capacity 16
[LIBGPUSPATIAL] [ 55791][17:31:16:808343][info  ] RTSpatialIndex 0x7e6fac00a7d0 (Used 0 MB), Probe Points, Size: 100000, Results: 16
[LIBGPUSPATIAL] [ 55791][17:31:16:809403][info  ] RTSpatialRefiner 0x7e6fafd29600 (Used 0 MB), Loaded Geometries, ProbeArray 100000, Loaded 16, Type Point
[LIBGPUSPATIAL] [ 55791][17:31:16:809448][info  ] RTSpatialRefiner 0x7e6fafd29600 (Used 0 MB), Evaluating 16 Geometry Pairs with Predicate Intersects
[LIBGPUSPATIAL] [ 55797][17:31:16:811420][info  ] RTSpatialIndex 0x7e6fac00a7d0 (Used 0 MB), Allocate result buffer, memory consumption 0 MB, capacity 22
[LIBGPUSPATIAL] [ 55797][17:31:16:811560][info  ] RTSpatialIndex 0x7e6fac00a7d0 (Used 0 MB), Probe Points, Size: 100000, Results: 22
[LIBGPUSPATIAL] [ 55797][17:31:16:812416][info  ] RTSpatialRefiner 0x7e6fafd29600 (Used 0 MB), Loaded Geometries, ProbeArray 100000, Loaded 22, Type Point
[LIBGPUSPATIAL] [ 55797][17:31:16:812455][info  ] RTSpatialRefiner 0x7e6fafd29600 (Used 0 MB), Evaluating 22 Geometry Pairs with Predicate Intersects
[LIBGPUSPATIAL] [ 55794][17:31:16:814000][info  ] RTSpatialIndex 0x7e6fac00a7d0 (Used 0 MB), Allocate result buffer, memory consumption 0 MB, capacity 19
[LIBGPUSPATIAL] [ 55794][17:31:16:814129][info  ] RTSpatialIndex 0x7e6fac00a7d0 (Used 0 MB), Probe Points, Size: 100000, Results: 19
[LIBGPUSPATIAL] [ 55795][17:31:16:814835][info  ] RTSpatialIndex 0x7e6fac00a7d0 (Used 0 MB), Allocate result buffer, memory consumption 0 MB, capacity 12
[LIBGPUSPATIAL] [ 55795][17:31:16:814956][info  ] RTSpatialIndex 0x7e6fac00a7d0 (Used 0 MB), Probe Points, Size: 100000, Results: 12
[LIBGPUSPATIAL] [ 55795][17:31:16:815812][info  ] RTSpatialRefiner 0x7e6fafd29600 (Used 2 MB), Loaded Geometries, ProbeArray 100000, Loaded 12, Type Point
[LIBGPUSPATIAL] [ 55795][17:31:16:815852][info  ] RTSpatialRefiner 0x7e6fafd29600 (Used 2 MB), Evaluating 12 Geometry Pairs with Predicate Intersects
[LIBGPUSPATIAL] [ 55794][17:31:16:815940][info  ] RTSpatialRefiner 0x7e6fafd29600 (Used 2 MB), Loaded Geometries, ProbeArray 100000, Loaded 19, Type Point
[LIBGPUSPATIAL] [ 55794][17:31:16:815992][info  ] RTSpatialRefiner 0x7e6fafd29600 (Used 2 MB), Evaluating 19 Geometry Pairs with Predicate Intersects
[LIBGPUSPATIAL] [ 55796][17:31:16:816015][info  ] RTSpatialIndex 0x7e6fac00a7d0 (Used 2 MB), Allocate result buffer, memory consumption 0 MB, capacity 11
[LIBGPUSPATIAL] [ 55796][17:31:16:816569][info  ] RTSpatialIndex 0x7e6fac00a7d0 (Used 1 MB), Probe Points, Size: 100000, Results: 11
[LIBGPUSPATIAL] [ 55793][17:31:16:817026][info  ] RTSpatialIndex 0x7e6fac00a7d0 (Used 0 MB), Allocate result buffer, memory consumption 0 MB, capacity 14
[LIBGPUSPATIAL] [ 55796][17:31:16:817080][info  ] RTSpatialRefiner 0x7e6fafd29600 (Used 0 MB), Loaded Geometries, ProbeArray 100000, Loaded 11, Type Point
[LIBGPUSPATIAL] [ 55796][17:31:16:817127][info  ] RTSpatialRefiner 0x7e6fafd29600 (Used 0 MB), Evaluating 11 Geometry Pairs with Predicate Intersects
[LIBGPUSPATIAL] [ 55793][17:31:16:817188][info  ] RTSpatialIndex 0x7e6fac00a7d0 (Used 2 MB), Probe Points, Size: 100000, Results: 14
[LIBGPUSPATIAL] [ 55792][17:31:16:817870][info  ] RTSpatialIndex 0x7e6fac00a7d0 (Used 0 MB), Allocate result buffer, memory consumption 0 MB, capacity 15
[LIBGPUSPATIAL] [ 55793][17:31:16:817884][info  ] RTSpatialRefiner 0x7e6fafd29600 (Used 0 MB), Loaded Geometries, ProbeArray 100000, Loaded 14, Type Point
[LIBGPUSPATIAL] [ 55793][17:31:16:817988][info  ] RTSpatialRefiner 0x7e6fafd29600 (Used 0 MB), Evaluating 14 Geometry Pairs with Predicate Intersects
[LIBGPUSPATIAL] [ 55792][17:31:16:818327][info  ] RTSpatialIndex 0x7e6fac00a7d0 (Used 0 MB), Probe Points, Size: 100000, Results: 15
[LIBGPUSPATIAL] [ 55792][17:31:16:819466][info  ] RTSpatialRefiner 0x7e6fafd29600 (Used 0 MB), Loaded Geometries, ProbeArray 100000, Loaded 15, Type Point
[LIBGPUSPATIAL] [ 55792][17:31:16:819520][info  ] RTSpatialRefiner 0x7e6fafd29600 (Used 0 MB), Evaluating 15 Geometry Pairs with Predicate Intersects
[LIBGPUSPATIAL] [ 55798][17:31:16:820427][info  ] RTSpatialIndex 0x7e6fac00a7d0 (Used 0 MB), Allocate result buffer, memory consumption 0 MB, capacity 15
[LIBGPUSPATIAL] [ 55798][17:31:16:820584][info  ] RTSpatialIndex 0x7e6fac00a7d0 (Used 0 MB), Probe Points, Size: 100000, Results: 15
[LIBGPUSPATIAL] [ 55798][17:31:16:820978][info  ] RTSpatialRefiner 0x7e6fafd29600 (Used 0 MB), Loaded Geometries, ProbeArray 100000, Loaded 15, Type Point
[LIBGPUSPATIAL] [ 55798][17:31:16:821024][info  ] RTSpatialRefiner 0x7e6fafd29600 (Used 0 MB), Evaluating 15 Geometry Pairs with Predicate Intersects
[LIBGPUSPATIAL] [ 55791][17:31:16:821976][info  ] RTSpatialIndex 0x7e6fac00a7d0 (Used 0 MB), Allocate result buffer, memory consumption 0 MB, capacity 15
[LIBGPUSPATIAL] [ 55791][17:31:16:822111][info  ] RTSpatialIndex 0x7e6fac00a7d0 (Used 0 MB), Probe Points, Size: 100000, Results: 15
[LIBGPUSPATIAL] [ 55791][17:31:16:823191][info  ] RTSpatialRefiner 0x7e6fafd29600 (Used 0 MB), Loaded Geometries, ProbeArray 100000, Loaded 15, Type Point
[LIBGPUSPATIAL] [ 55791][17:31:16:823235][info  ] RTSpatialRefiner 0x7e6fafd29600 (Used 0 MB), Evaluating 15 Geometry Pairs with Predicate Intersects
[LIBGPUSPATIAL] [ 55797][17:31:16:825302][info  ] RTSpatialIndex 0x7e6fac00a7d0 (Used 0 MB), Allocate result buffer, memory consumption 0 MB, capacity 11
[LIBGPUSPATIAL] [ 55797][17:31:16:825435][info  ] RTSpatialIndex 0x7e6fac00a7d0 (Used 0 MB), Probe Points, Size: 100000, Results: 11
[LIBGPUSPATIAL] [ 55797][17:31:16:825914][info  ] RTSpatialRefiner 0x7e6fafd29600 (Used 0 MB), Loaded Geometries, ProbeArray 100000, Loaded 11, Type Point
[LIBGPUSPATIAL] [ 55797][17:31:16:825958][info  ] RTSpatialRefiner 0x7e6fafd29600 (Used 0 MB), Evaluating 11 Geometry Pairs with Predicate Intersects
[LIBGPUSPATIAL] [ 55795][17:31:16:829632][info  ] RTSpatialIndex 0x7e6fac00a7d0 (Used 0 MB), Allocate result buffer, memory consumption 0 MB, capacity 18
[LIBGPUSPATIAL] [ 55795][17:31:16:829776][info  ] RTSpatialIndex 0x7e6fac00a7d0 (Used 0 MB), Probe Points, Size: 100000, Results: 18
[LIBGPUSPATIAL] [ 55794][17:31:16:830192][info  ] RTSpatialIndex 0x7e6fac00a7d0 (Used 0 MB), Allocate result buffer, memory consumption 0 MB, capacity 16
[LIBGPUSPATIAL] [ 55794][17:31:16:830317][info  ] RTSpatialIndex 0x7e6fac00a7d0 (Used 0 MB), Probe Points, Size: 100000, Results: 16
[LIBGPUSPATIAL] [ 55795][17:31:16:830438][info  ] RTSpatialRefiner 0x7e6fafd29600 (Used 0 MB), Loaded Geometries, ProbeArray 100000, Loaded 18, Type Point
[LIBGPUSPATIAL] [ 55795][17:31:16:830475][info  ] RTSpatialRefiner 0x7e6fafd29600 (Used 0 MB), Evaluating 18 Geometry Pairs with Predicate Intersects
[LIBGPUSPATIAL] [ 55793][17:31:16:831261][info  ] RTSpatialIndex 0x7e6fac00a7d0 (Used 0 MB), Allocate result buffer, memory consumption 0 MB, capacity 18
[LIBGPUSPATIAL] [ 55794][17:31:16:831433][info  ] RTSpatialRefiner 0x7e6fafd29600 (Used 0 MB), Loaded Geometries, ProbeArray 100000, Loaded 16, Type Point
[LIBGPUSPATIAL] [ 55794][17:31:16:831655][info  ] RTSpatialRefiner 0x7e6fafd29600 (Used 2 MB), Evaluating 16 Geometry Pairs with Predicate Intersects
[LIBGPUSPATIAL] [ 55793][17:31:16:831921][info  ] RTSpatialIndex 0x7e6fac00a7d0 (Used 1 MB), Probe Points, Size: 100000, Results: 18
[LIBGPUSPATIAL] [ 55796][17:31:16:832115][info  ] RTSpatialIndex 0x7e6fac00a7d0 (Used 0 MB), Allocate result buffer, memory consumption 0 MB, capacity 15
[LIBGPUSPATIAL] [ 55796][17:31:16:832508][info  ] RTSpatialIndex 0x7e6fac00a7d0 (Used 0 MB), Probe Points, Size: 100000, Results: 15
[LIBGPUSPATIAL] [ 55793][17:31:16:832717][info  ] RTSpatialRefiner 0x7e6fafd29600 (Used 0 MB), Loaded Geometries, ProbeArray 100000, Loaded 18, Type Point
[LIBGPUSPATIAL] [ 55793][17:31:16:832791][info  ] RTSpatialRefiner 0x7e6fafd29600 (Used 0 MB), Evaluating 18 Geometry Pairs with Predicate Intersects
[LIBGPUSPATIAL] [ 55796][17:31:16:833536][info  ] RTSpatialRefiner 0x7e6fafd29600 (Used 1 MB), Loaded Geometries, ProbeArray 100000, Loaded 15, Type Point
[LIBGPUSPATIAL] [ 55796][17:31:16:833586][info  ] RTSpatialRefiner 0x7e6fafd29600 (Used 1 MB), Evaluating 15 Geometry Pairs with Predicate Intersects
[LIBGPUSPATIAL] [ 55798][17:31:16:834278][info  ] RTSpatialIndex 0x7e6fac00a7d0 (Used 1 MB), Allocate result buffer, memory consumption 0 MB, capacity 15
[LIBGPUSPATIAL] [ 55792][17:31:16:834528][info  ] RTSpatialIndex 0x7e6fac00a7d0 (Used 1 MB), Allocate result buffer, memory consumption 0 MB, capacity 23
[LIBGPUSPATIAL] [ 55798][17:31:16:834818][info  ] RTSpatialIndex 0x7e6fac00a7d0 (Used 1 MB), Probe Points, Size: 100000, Results: 15
[LIBGPUSPATIAL] [ 55792][17:31:16:834910][info  ] RTSpatialIndex 0x7e6fac00a7d0 (Used 0 MB), Probe Points, Size: 100000, Results: 23
[LIBGPUSPATIAL] [ 55791][17:31:16:835704][info  ] RTSpatialIndex 0x7e6fac00a7d0 (Used 0 MB), Allocate result buffer, memory consumption 0 MB, capacity 14
[LIBGPUSPATIAL] [ 55791][17:31:16:835820][info  ] RTSpatialIndex 0x7e6fac00a7d0 (Used 0 MB), Probe Points, Size: 100000, Results: 14
[LIBGPUSPATIAL] [ 55798][17:31:16:836070][info  ] RTSpatialRefiner 0x7e6fafd29600 (Used 0 MB), Loaded Geometries, ProbeArray 100000, Loaded 15, Type Point
[LIBGPUSPATIAL] [ 55798][17:31:16:836111][info  ] RTSpatialRefiner 0x7e6fafd29600 (Used 0 MB), Evaluating 15 Geometry Pairs with Predicate Intersects
[LIBGPUSPATIAL] [ 55792][17:31:16:837204][info  ] RTSpatialRefiner 0x7e6fafd29600 (Used 0 MB), Loaded Geometries, ProbeArray 100000, Loaded 23, Type Point
[LIBGPUSPATIAL] [ 55792][17:31:16:837247][info  ] RTSpatialRefiner 0x7e6fafd29600 (Used 0 MB), Evaluating 23 Geometry Pairs with Predicate Intersects
[LIBGPUSPATIAL] [ 55797][17:31:16:838724][info  ] RTSpatialIndex 0x7e6fac00a7d0 (Used 0 MB), Allocate result buffer, memory consumption 0 MB, capacity 16
[LIBGPUSPATIAL] [ 55797][17:31:16:838840][info  ] RTSpatialIndex 0x7e6fac00a7d0 (Used 0 MB), Probe Points, Size: 100000, Results: 16
[LIBGPUSPATIAL] [ 55791][17:31:16:839170][info  ] RTSpatialRefiner 0x7e6fafd29600 (Used 0 MB), Loaded Geometries, ProbeArray 100000, Loaded 14, Type Point
[LIBGPUSPATIAL] [ 55791][17:31:16:839241][info  ] RTSpatialRefiner 0x7e6fafd29600 (Used 0 MB), Evaluating 14 Geometry Pairs with Predicate Intersects
[LIBGPUSPATIAL] [ 55797][17:31:16:839265][info  ] RTSpatialRefiner 0x7e6fafd29600 (Used 0 MB), Loaded Geometries, ProbeArray 100000, Loaded 16, Type Point
[LIBGPUSPATIAL] [ 55797][17:31:16:839302][info  ] RTSpatialRefiner 0x7e6fafd29600 (Used 0 MB), Evaluating 16 Geometry Pairs with Predicate Intersects
[LIBGPUSPATIAL] [ 55795][17:31:16:842702][info  ] RTSpatialIndex 0x7e6fac00a7d0 (Used 0 MB), Allocate result buffer, memory consumption 0 MB, capacity 10
[LIBGPUSPATIAL] [ 55795][17:31:16:842840][info  ] RTSpatialIndex 0x7e6fac00a7d0 (Used 0 MB), Probe Points, Size: 100000, Results: 10
[LIBGPUSPATIAL] [ 55795][17:31:16:844959][info  ] RTSpatialRefiner 0x7e6fafd29600 (Used 0 MB), Loaded Geometries, ProbeArray 100000, Loaded 10, Type Point
[LIBGPUSPATIAL] [ 55795][17:31:16:845011][info  ] RTSpatialRefiner 0x7e6fafd29600 (Used 0 MB), Evaluating 10 Geometry Pairs with Predicate Intersects
[LIBGPUSPATIAL] [ 55794][17:31:16:845711][info  ] RTSpatialIndex 0x7e6fac00a7d0 (Used 0 MB), Allocate result buffer, memory consumption 0 MB, capacity 13
[LIBGPUSPATIAL] [ 55794][17:31:16:846314][info  ] RTSpatialIndex 0x7e6fac00a7d0 (Used 1 MB), Probe Points, Size: 100000, Results: 13
[LIBGPUSPATIAL] [ 55793][17:31:16:846359][info  ] RTSpatialIndex 0x7e6fac00a7d0 (Used 0 MB), Allocate result buffer, memory consumption 0 MB, capacity 16
[LIBGPUSPATIAL] [ 55793][17:31:16:846858][info  ] RTSpatialIndex 0x7e6fac00a7d0 (Used 0 MB), Probe Points, Size: 100000, Results: 16
[LIBGPUSPATIAL] [ 55798][17:31:16:848564][info  ] RTSpatialIndex 0x7e6fac00a7d0 (Used 0 MB), Allocate result buffer, memory consumption 0 MB, capacity 18
[LIBGPUSPATIAL] [ 55798][17:31:16:848665][info  ] RTSpatialIndex 0x7e6fac00a7d0 (Used 0 MB), Probe Points, Size: 100000, Results: 18
[LIBGPUSPATIAL] [ 55794][17:31:16:849100][info  ] RTSpatialRefiner 0x7e6fafd29600 (Used 1 MB), Loaded Geometries, ProbeArray 100000, Loaded 13, Type Point
[LIBGPUSPATIAL] [ 55794][17:31:16:849168][info  ] RTSpatialRefiner 0x7e6fafd29600 (Used 0 MB), Evaluating 13 Geometry Pairs with Predicate Intersects
[LIBGPUSPATIAL] [ 55793][17:31:16:849397][info  ] RTSpatialRefiner 0x7e6fafd29600 (Used 0 MB), Loaded Geometries, ProbeArray 100000, Loaded 16, Type Point
[LIBGPUSPATIAL] [ 55796][17:31:16:849462][info  ] RTSpatialIndex 0x7e6fac00a7d0 (Used 0 MB), Allocate result buffer, memory consumption 0 MB, capacity 19
[LIBGPUSPATIAL] [ 55793][17:31:16:849465][info  ] RTSpatialRefiner 0x7e6fafd29600 (Used 0 MB), Evaluating 16 Geometry Pairs with Predicate Intersects
[LIBGPUSPATIAL] [ 55798][17:31:16:849411][info  ] RTSpatialRefiner 0x7e6fafd29600 (Used 0 MB), Loaded Geometries, ProbeArray 100000, Loaded 18, Type Point
[LIBGPUSPATIAL] [ 55798][17:31:16:849667][info  ] RTSpatialRefiner 0x7e6fafd29600 (Used 2 MB), Evaluating 18 Geometry Pairs with Predicate Intersects
[LIBGPUSPATIAL] [ 55796][17:31:16:850330][info  ] RTSpatialIndex 0x7e6fac00a7d0 (Used 1 MB), Probe Points, Size: 100000, Results: 19
[LIBGPUSPATIAL] [ 55796][17:31:16:850752][info  ] RTSpatialRefiner 0x7e6fafd29600 (Used 0 MB), Loaded Geometries, ProbeArray 100000, Loaded 19, Type Point
[LIBGPUSPATIAL] [ 55796][17:31:16:850789][info  ] RTSpatialRefiner 0x7e6fafd29600 (Used 0 MB), Evaluating 19 Geometry Pairs with Predicate Intersects
[LIBGPUSPATIAL] [ 55792][17:31:16:851258][info  ] RTSpatialIndex 0x7e6fac00a7d0 (Used 1 MB), Allocate result buffer, memory consumption 0 MB, capacity 15
[LIBGPUSPATIAL] [ 55791][17:31:16:851707][info  ] RTSpatialIndex 0x7e6fac00a7d0 (Used 3 MB), Allocate result buffer, memory consumption 0 MB, capacity 16
[LIBGPUSPATIAL] [ 55792][17:31:16:852177][info  ] RTSpatialIndex 0x7e6fac00a7d0 (Used 2 MB), Probe Points, Size: 100000, Results: 15
[LIBGPUSPATIAL] [ 55791][17:31:16:852412][info  ] RTSpatialIndex 0x7e6fac00a7d0 (Used 1 MB), Probe Points, Size: 100000, Results: 16
[LIBGPUSPATIAL] [ 55797][17:31:16:852716][info  ] RTSpatialIndex 0x7e6fac00a7d0 (Used 0 MB), Allocate result buffer, memory consumption 0 MB, capacity 9
[LIBGPUSPATIAL] [ 55797][17:31:16:853004][info  ] RTSpatialIndex 0x7e6fac00a7d0 (Used 0 MB), Probe Points, Size: 100000, Results: 9
[LIBGPUSPATIAL] [ 55792][17:31:16:853320][info  ] RTSpatialRefiner 0x7e6fafd29600 (Used 0 MB), Loaded Geometries, ProbeArray 100000, Loaded 15, Type Point
[LIBGPUSPATIAL] [ 55792][17:31:16:853366][info  ] RTSpatialRefiner 0x7e6fafd29600 (Used 0 MB), Evaluating 15 Geometry Pairs with Predicate Intersects
[LIBGPUSPATIAL] [ 55797][17:31:16:854932][info  ] RTSpatialRefiner 0x7e6fafd29600 (Used 0 MB), Loaded Geometries, ProbeArray 100000, Loaded 9, Type Point
[LIBGPUSPATIAL] [ 55797][17:31:16:854972][info  ] RTSpatialRefiner 0x7e6fafd29600 (Used 0 MB), Evaluating 9 Geometry Pairs with Predicate Intersects
[LIBGPUSPATIAL] [ 55791][17:31:16:855614][info  ] RTSpatialRefiner 0x7e6fafd29600 (Used 0 MB), Loaded Geometries, ProbeArray 100000, Loaded 16, Type Point
[LIBGPUSPATIAL] [ 55791][17:31:16:855778][info  ] RTSpatialRefiner 0x7e6fafd29600 (Used 0 MB), Evaluating 16 Geometry Pairs with Predicate Intersects
[LIBGPUSPATIAL] [ 55795][17:31:16:858888][info  ] RTSpatialIndex 0x7e6fac00a7d0 (Used 0 MB), Allocate result buffer, memory consumption 0 MB, capacity 12
[LIBGPUSPATIAL] [ 55795][17:31:16:859017][info  ] RTSpatialIndex 0x7e6fac00a7d0 (Used 0 MB), Probe Points, Size: 100000, Results: 12
[LIBGPUSPATIAL] [ 55795][17:31:16:859458][info  ] RTSpatialRefiner 0x7e6fafd29600 (Used 0 MB), Loaded Geometries, ProbeArray 100000, Loaded 12, Type Point
[LIBGPUSPATIAL] [ 55795][17:31:16:859501][info  ] RTSpatialRefiner 0x7e6fafd29600 (Used 0 MB), Evaluating 12 Geometry Pairs with Predicate Intersects
[LIBGPUSPATIAL] [ 55798][17:31:16:862385][info  ] RTSpatialIndex 0x7e6fac00a7d0 (Used 0 MB), Allocate result buffer, memory consumption 0 MB, capacity 13
[LIBGPUSPATIAL] [ 55798][17:31:16:862497][info  ] RTSpatialIndex 0x7e6fac00a7d0 (Used 0 MB), Probe Points, Size: 100000, Results: 13
[LIBGPUSPATIAL] [ 55798][17:31:16:863167][info  ] RTSpatialRefiner 0x7e6fafd29600 (Used 0 MB), Loaded Geometries, ProbeArray 100000, Loaded 13, Type Point
[LIBGPUSPATIAL] [ 55798][17:31:16:863211][info  ] RTSpatialRefiner 0x7e6fafd29600 (Used 0 MB), Evaluating 13 Geometry Pairs with Predicate Intersects
[LIBGPUSPATIAL] [ 55794][17:31:16:863734][info  ] RTSpatialIndex 0x7e6fac00a7d0 (Used 0 MB), Allocate result buffer, memory consumption 0 MB, capacity 14
[LIBGPUSPATIAL] [ 55794][17:31:16:864224][info  ] RTSpatialIndex 0x7e6fac00a7d0 (Used 1 MB), Probe Points, Size: 100000, Results: 14
[LIBGPUSPATIAL] [ 55793][17:31:16:864389][info  ] RTSpatialIndex 0x7e6fac00a7d0 (Used 0 MB), Allocate result buffer, memory consumption 0 MB, capacity 21
[LIBGPUSPATIAL] [ 55793][17:31:16:864740][info  ] RTSpatialIndex 0x7e6fac00a7d0 (Used 0 MB), Probe Points, Size: 100000, Results: 21
[LIBGPUSPATIAL] [ 55796][17:31:16:865191][info  ] RTSpatialIndex 0x7e6fac00a7d0 (Used 0 MB), Allocate result buffer, memory consumption 0 MB, capacity 19
[LIBGPUSPATIAL] [ 55796][17:31:16:865330][info  ] RTSpatialIndex 0x7e6fac00a7d0 (Used 0 MB), Probe Points, Size: 100000, Results: 19
[LIBGPUSPATIAL] [ 55794][17:31:16:865636][info  ] RTSpatialRefiner 0x7e6fafd29600 (Used 1 MB), Loaded Geometries, ProbeArray 100000, Loaded 14, Type Point
[LIBGPUSPATIAL] [ 55794][17:31:16:865700][info  ] RTSpatialRefiner 0x7e6fafd29600 (Used 1 MB), Evaluating 14 Geometry Pairs with Predicate Intersects
[LIBGPUSPATIAL] [ 55796][17:31:16:866103][info  ] RTSpatialRefiner 0x7e6fafd29600 (Used 0 MB), Loaded Geometries, ProbeArray 100000, Loaded 19, Type Point
[LIBGPUSPATIAL] [ 55796][17:31:16:866145][info  ] RTSpatialRefiner 0x7e6fafd29600 (Used 0 MB), Evaluating 19 Geometry Pairs with Predicate Intersects
[LIBGPUSPATIAL] [ 55792][17:31:16:866200][info  ] RTSpatialIndex 0x7e6fac00a7d0 (Used 0 MB), Allocate result buffer, memory consumption 0 MB, capacity 15
[LIBGPUSPATIAL] [ 55793][17:31:16:866220][info  ] RTSpatialRefiner 0x7e6fafd29600 (Used 0 MB), Loaded Geometries, ProbeArray 100000, Loaded 21, Type Point
[LIBGPUSPATIAL] [ 55793][17:31:16:866282][info  ] RTSpatialRefiner 0x7e6fafd29600 (Used 0 MB), Evaluating 21 Geometry Pairs with Predicate Intersects
[LIBGPUSPATIAL] [ 55792][17:31:16:866748][info  ] RTSpatialIndex 0x7e6fac00a7d0 (Used 0 MB), Probe Points, Size: 100000, Results: 15
[LIBGPUSPATIAL] [ 55792][17:31:16:867277][info  ] RTSpatialRefiner 0x7e6fafd29600 (Used 0 MB), Loaded Geometries, ProbeArray 100000, Loaded 15, Type Point
[LIBGPUSPATIAL] [ 55792][17:31:16:867329][info  ] RTSpatialRefiner 0x7e6fafd29600 (Used 0 MB), Evaluating 15 Geometry Pairs with Predicate Intersects
[LIBGPUSPATIAL] [ 55797][17:31:16:868050][info  ] RTSpatialIndex 0x7e6fac00a7d0 (Used 0 MB), Allocate result buffer, memory consumption 0 MB, capacity 14
[LIBGPUSPATIAL] [ 55797][17:31:16:868266][info  ] RTSpatialIndex 0x7e6fac00a7d0 (Used 0 MB), Probe Points, Size: 100000, Results: 14
[LIBGPUSPATIAL] [ 55797][17:31:16:868587][info  ] RTSpatialRefiner 0x7e6fafd29600 (Used 0 MB), Loaded Geometries, ProbeArray 100000, Loaded 14, Type Point
[LIBGPUSPATIAL] [ 55797][17:31:16:868624][info  ] RTSpatialRefiner 0x7e6fafd29600 (Used 0 MB), Evaluating 14 Geometry Pairs with Predicate Intersects
[LIBGPUSPATIAL] [ 55791][17:31:16:871385][info  ] RTSpatialIndex 0x7e6fac00a7d0 (Used 0 MB), Allocate result buffer, memory consumption 0 MB, capacity 8
[LIBGPUSPATIAL] [ 55791][17:31:16:871516][info  ] RTSpatialIndex 0x7e6fac00a7d0 (Used 0 MB), Probe Points, Size: 100000, Results: 8
[LIBGPUSPATIAL] [ 55791][17:31:16:871951][info  ] RTSpatialRefiner 0x7e6fafd29600 (Used 1 MB), Loaded Geometries, ProbeArray 100000, Loaded 8, Type Point
[LIBGPUSPATIAL] [ 55791][17:31:16:872010][info  ] RTSpatialRefiner 0x7e6fafd29600 (Used 2 MB), Evaluating 8 Geometry Pairs with Predicate Intersects
[LIBGPUSPATIAL] [ 55795][17:31:16:872403][info  ] RTSpatialIndex 0x7e6fac00a7d0 (Used 0 MB), Allocate result buffer, memory consumption 0 MB, capacity 15
[LIBGPUSPATIAL] [ 55795][17:31:16:872788][info  ] RTSpatialIndex 0x7e6fac00a7d0 (Used 0 MB), Probe Points, Size: 100000, Results: 15
[LIBGPUSPATIAL] [ 55795][17:31:16:873431][info  ] RTSpatialRefiner 0x7e6fafd29600 (Used 0 MB), Loaded Geometries, ProbeArray 100000, Loaded 15, Type Point
[LIBGPUSPATIAL] [ 55795][17:31:16:873476][info  ] RTSpatialRefiner 0x7e6fafd29600 (Used 0 MB), Evaluating 15 Geometry Pairs with Predicate Intersects
[LIBGPUSPATIAL] [ 55798][17:31:16:876777][info  ] RTSpatialIndex 0x7e6fac00a7d0 (Used 0 MB), Allocate result buffer, memory consumption 0 MB, capacity 16
[LIBGPUSPATIAL] [ 55798][17:31:16:876910][info  ] RTSpatialIndex 0x7e6fac00a7d0 (Used 0 MB), Probe Points, Size: 100000, Results: 16
[LIBGPUSPATIAL] [ 55798][17:31:16:877413][info  ] RTSpatialRefiner 0x7e6fafd29600 (Used 0 MB), Loaded Geometries, ProbeArray 100000, Loaded 16, Type Point
[LIBGPUSPATIAL] [ 55798][17:31:16:877515][info  ] RTSpatialRefiner 0x7e6fafd29600 (Used 0 MB), Evaluating 16 Geometry Pairs with Predicate Intersects
[LIBGPUSPATIAL] [ 55794][17:31:16:879868][info  ] RTSpatialIndex 0x7e6fac00a7d0 (Used 0 MB), Allocate result buffer, memory consumption 0 MB, capacity 10
[LIBGPUSPATIAL] [ 55794][17:31:16:880079][info  ] RTSpatialIndex 0x7e6fac00a7d0 (Used 0 MB), Probe Points, Size: 100000, Results: 10
[LIBGPUSPATIAL] [ 55794][17:31:16:880993][info  ] RTSpatialRefiner 0x7e6fafd29600 (Used 3 MB), Loaded Geometries, ProbeArray 100000, Loaded 10, Type Point
[LIBGPUSPATIAL] [ 55794][17:31:16:881128][info  ] RTSpatialRefiner 0x7e6fafd29600 (Used 2 MB), Evaluating 10 Geometry Pairs with Predicate Intersects
[LIBGPUSPATIAL] [ 55793][17:31:16:881134][info  ] RTSpatialIndex 0x7e6fac00a7d0 (Used 2 MB), Allocate result buffer, memory consumption 0 MB, capacity 11
[LIBGPUSPATIAL] [ 55796][17:31:16:881293][info  ] RTSpatialIndex 0x7e6fac00a7d0 (Used 2 MB), Allocate result buffer, memory consumption 0 MB, capacity 15
[LIBGPUSPATIAL] [ 55792][17:31:16:881516][info  ] RTSpatialIndex 0x7e6fac00a7d0 (Used 2 MB), Allocate result buffer, memory consumption 0 MB, capacity 15
[LIBGPUSPATIAL] [ 55796][17:31:16:881727][info  ] RTSpatialIndex 0x7e6fac00a7d0 (Used 2 MB), Probe Points, Size: 100000, Results: 15
[LIBGPUSPATIAL] [ 55793][17:31:16:882096][info  ] RTSpatialIndex 0x7e6fac00a7d0 (Used 1 MB), Probe Points, Size: 100000, Results: 11
[LIBGPUSPATIAL] [ 55792][17:31:16:882225][info  ] RTSpatialIndex 0x7e6fac00a7d0 (Used 2 MB), Probe Points, Size: 100000, Results: 15
[LIBGPUSPATIAL] [ 55797][17:31:16:882778][info  ] RTSpatialIndex 0x7e6fac00a7d0 (Used 0 MB), Allocate result buffer, memory consumption 0 MB, capacity 20
[LIBGPUSPATIAL] [ 55792][17:31:16:882879][info  ] RTSpatialRefiner 0x7e6fafd29600 (Used 0 MB), Loaded Geometries, ProbeArray 100000, Loaded 15, Type Point
[LIBGPUSPATIAL] [ 55792][17:31:16:882932][info  ] RTSpatialRefiner 0x7e6fafd29600 (Used 0 MB), Evaluating 15 Geometry Pairs with Predicate Intersects
[LIBGPUSPATIAL] [ 55793][17:31:16:882958][info  ] RTSpatialRefiner 0x7e6fafd29600 (Used 0 MB), Loaded Geometries, ProbeArray 100000, Loaded 11, Type Point
[LIBGPUSPATIAL] [ 55796][17:31:16:882966][info  ] RTSpatialRefiner 0x7e6fafd29600 (Used 0 MB), Loaded Geometries, ProbeArray 100000, Loaded 15, Type Point
[LIBGPUSPATIAL] [ 55796][17:31:16:883003][info  ] RTSpatialRefiner 0x7e6fafd29600 (Used 0 MB), Evaluating 15 Geometry Pairs with Predicate Intersects
[LIBGPUSPATIAL] [ 55793][17:31:16:883048][info  ] RTSpatialRefiner 0x7e6fafd29600 (Used 0 MB), Evaluating 11 Geometry Pairs with Predicate Intersects
[LIBGPUSPATIAL] [ 55797][17:31:16:883367][info  ] RTSpatialIndex 0x7e6fac00a7d0 (Used 0 MB), Probe Points, Size: 100000, Results: 20
[LIBGPUSPATIAL] [ 55797][17:31:16:883808][info  ] RTSpatialRefiner 0x7e6fafd29600 (Used 0 MB), Loaded Geometries, ProbeArray 100000, Loaded 20, Type Point
[LIBGPUSPATIAL] [ 55797][17:31:16:883902][info  ] RTSpatialRefiner 0x7e6fafd29600 (Used 0 MB), Evaluating 20 Geometry Pairs with Predicate Intersects
[LIBGPUSPATIAL] [ 55791][17:31:16:886424][info  ] RTSpatialIndex 0x7e6fac00a7d0 (Used 2 MB), Allocate result buffer, memory consumption 0 MB, capacity 20
[LIBGPUSPATIAL] [ 55791][17:31:16:889246][info  ] RTSpatialIndex 0x7e6fac00a7d0 (Used 1 MB), Probe Points, Size: 100000, Results: 20
[LIBGPUSPATIAL] [ 55795][17:31:16:889297][info  ] RTSpatialIndex 0x7e6fac00a7d0 (Used 0 MB), Allocate result buffer, memory consumption 0 MB, capacity 25
[LIBGPUSPATIAL] [ 55795][17:31:16:889733][info  ] RTSpatialIndex 0x7e6fac00a7d0 (Used 0 MB), Probe Points, Size: 100000, Results: 25
[LIBGPUSPATIAL] [ 55791][17:31:16:890057][info  ] RTSpatialRefiner 0x7e6fafd29600 (Used 0 MB), Loaded Geometries, ProbeArray 100000, Loaded 20, Type Point
[LIBGPUSPATIAL] [ 55791][17:31:16:890118][info  ] RTSpatialRefiner 0x7e6fafd29600 (Used 0 MB), Evaluating 20 Geometry Pairs with Predicate Intersects
[LIBGPUSPATIAL] [ 55798][17:31:16:890821][info  ] RTSpatialIndex 0x7e6fac00a7d0 (Used 0 MB), Allocate result buffer, memory consumption 0 MB, capacity 14
[LIBGPUSPATIAL] [ 55798][17:31:16:891050][info  ] RTSpatialIndex 0x7e6fac00a7d0 (Used 0 MB), Probe Points, Size: 100000, Results: 14
[LIBGPUSPATIAL] [ 55795][17:31:16:892190][info  ] RTSpatialRefiner 0x7e6fafd29600 (Used 0 MB), Loaded Geometries, ProbeArray 100000, Loaded 25, Type Point
[LIBGPUSPATIAL] [ 55795][17:31:16:892234][info  ] RTSpatialRefiner 0x7e6fafd29600 (Used 0 MB), Evaluating 25 Geometry Pairs with Predicate Intersects
[LIBGPUSPATIAL] [ 55798][17:31:16:892604][info  ] RTSpatialRefiner 0x7e6fafd29600 (Used 0 MB), Loaded Geometries, ProbeArray 100000, Loaded 14, Type Point
[LIBGPUSPATIAL] [ 55798][17:31:16:892644][info  ] RTSpatialRefiner 0x7e6fafd29600 (Used 0 MB), Evaluating 14 Geometry Pairs with Predicate Intersects
[LIBGPUSPATIAL] [ 55794][17:31:16:893602][info  ] RTSpatialIndex 0x7e6fac00a7d0 (Used 0 MB), Allocate result buffer, memory consumption 0 MB, capacity 13
[LIBGPUSPATIAL] [ 55794][17:31:16:893728][info  ] RTSpatialIndex 0x7e6fac00a7d0 (Used 0 MB), Probe Points, Size: 100000, Results: 13
[LIBGPUSPATIAL] [ 55796][17:31:16:894713][info  ] RTSpatialIndex 0x7e6fac00a7d0 (Used 0 MB), Allocate result buffer, memory consumption 0 MB, capacity 15
[LIBGPUSPATIAL] [ 55796][17:31:16:894844][info  ] RTSpatialIndex 0x7e6fac00a7d0 (Used 0 MB), Probe Points, Size: 100000, Results: 15
[LIBGPUSPATIAL] [ 55796][17:31:16:895542][info  ] RTSpatialRefiner 0x7e6fafd29600 (Used 2 MB), Loaded Geometries, ProbeArray 100000, Loaded 15, Type Point
[LIBGPUSPATIAL] [ 55796][17:31:16:895598][info  ] RTSpatialRefiner 0x7e6fafd29600 (Used 0 MB), Evaluating 15 Geometry Pairs with Predicate Intersects
[LIBGPUSPATIAL] [ 55797][17:31:16:895653][info  ] RTSpatialIndex 0x7e6fac00a7d0 (Used 0 MB), Allocate result buffer, memory consumption 0 MB, capacity 23
[LIBGPUSPATIAL] [ 55794][17:31:16:895760][info  ] RTSpatialRefiner 0x7e6fafd29600 (Used 0 MB), Loaded Geometries, ProbeArray 100000, Loaded 13, Type Point
[LIBGPUSPATIAL] [ 55794][17:31:16:895807][info  ] RTSpatialRefiner 0x7e6fafd29600 (Used 0 MB), Evaluating 13 Geometry Pairs with Predicate Intersects
[LIBGPUSPATIAL] [ 55797][17:31:16:895900][info  ] RTSpatialIndex 0x7e6fac00a7d0 (Used 0 MB), Probe Points, Size: 100000, Results: 23
[LIBGPUSPATIAL] [ 55797][17:31:16:896676][info  ] RTSpatialRefiner 0x7e6fafd29600 (Used 0 MB), Loaded Geometries, ProbeArray 100000, Loaded 23, Type Point
[LIBGPUSPATIAL] [ 55797][17:31:16:896882][info  ] RTSpatialRefiner 0x7e6fafd29600 (Used 0 MB), Evaluating 23 Geometry Pairs with Predicate Intersects
[LIBGPUSPATIAL] [ 55792][17:31:16:896936][info  ] RTSpatialIndex 0x7e6fac00a7d0 (Used 0 MB), Allocate result buffer, memory consumption 0 MB, capacity 16
[LIBGPUSPATIAL] [ 55793][17:31:16:897554][info  ] RTSpatialIndex 0x7e6fac00a7d0 (Used 1 MB), Allocate result buffer, memory consumption 0 MB, capacity 8
[LIBGPUSPATIAL] [ 55793][17:31:16:897847][info  ] RTSpatialIndex 0x7e6fac00a7d0 (Used 1 MB), Probe Points, Size: 100000, Results: 8
[LIBGPUSPATIAL] [ 55793][17:31:16:898226][info  ] RTSpatialRefiner 0x7e6fafd29600 (Used 0 MB), Loaded Geometries, ProbeArray 100000, Loaded 8, Type Point
[LIBGPUSPATIAL] [ 55793][17:31:16:898270][info  ] RTSpatialRefiner 0x7e6fafd29600 (Used 0 MB), Evaluating 8 Geometry Pairs with Predicate Intersects
[LIBGPUSPATIAL] [ 55792][17:31:16:898297][info  ] RTSpatialIndex 0x7e6fac00a7d0 (Used 0 MB), Probe Points, Size: 100000, Results: 16
[LIBGPUSPATIAL] [ 55792][17:31:16:899310][info  ] RTSpatialRefiner 0x7e6fafd29600 (Used 0 MB), Loaded Geometries, ProbeArray 100000, Loaded 16, Type Point
[LIBGPUSPATIAL] [ 55792][17:31:16:899350][info  ] RTSpatialRefiner 0x7e6fafd29600 (Used 0 MB), Evaluating 16 Geometry Pairs with Predicate Intersects
[LIBGPUSPATIAL] [ 55791][17:31:16:902757][info  ] RTSpatialIndex 0x7e6fac00a7d0 (Used 0 MB), Allocate result buffer, memory consumption 0 MB, capacity 20
[LIBGPUSPATIAL] [ 55791][17:31:16:902870][info  ] RTSpatialIndex 0x7e6fac00a7d0 (Used 0 MB), Probe Points, Size: 100000, Results: 20
[LIBGPUSPATIAL] [ 55791][17:31:16:903417][info  ] RTSpatialRefiner 0x7e6fafd29600 (Used 0 MB), Loaded Geometries, ProbeArray 100000, Loaded 20, Type Point
[LIBGPUSPATIAL] [ 55791][17:31:16:903478][info  ] RTSpatialRefiner 0x7e6fafd29600 (Used 0 MB), Evaluating 20 Geometry Pairs with Predicate Intersects
[LIBGPUSPATIAL] [ 55795][17:31:16:906262][info  ] RTSpatialIndex 0x7e6fac00a7d0 (Used 0 MB), Allocate result buffer, memory consumption 0 MB, capacity 11
[LIBGPUSPATIAL] [ 55795][17:31:16:906412][info  ] RTSpatialIndex 0x7e6fac00a7d0 (Used 0 MB), Probe Points, Size: 100000, Results: 11
[LIBGPUSPATIAL] [ 55798][17:31:16:906780][info  ] RTSpatialIndex 0x7e6fac00a7d0 (Used 0 MB), Allocate result buffer, memory consumption 0 MB, capacity 12
[LIBGPUSPATIAL] [ 55795][17:31:16:906834][info  ] RTSpatialRefiner 0x7e6fafd29600 (Used 0 MB), Loaded Geometries, ProbeArray 100000, Loaded 11, Type Point
[LIBGPUSPATIAL] [ 55795][17:31:16:906877][info  ] RTSpatialRefiner 0x7e6fafd29600 (Used 0 MB), Evaluating 11 Geometry Pairs with Predicate Intersects
[LIBGPUSPATIAL] [ 55798][17:31:16:906899][info  ] RTSpatialIndex 0x7e6fac00a7d0 (Used 0 MB), Probe Points, Size: 100000, Results: 12
[LIBGPUSPATIAL] [ 55798][17:31:16:907277][info  ] RTSpatialRefiner 0x7e6fafd29600 (Used 0 MB), Loaded Geometries, ProbeArray 100000, Loaded 12, Type Point
[LIBGPUSPATIAL] [ 55798][17:31:16:907325][info  ] RTSpatialRefiner 0x7e6fafd29600 (Used 0 MB), Evaluating 12 Geometry Pairs with Predicate Intersects
[LIBGPUSPATIAL] [ 55796][17:31:16:908993][info  ] RTSpatialIndex 0x7e6fac00a7d0 (Used 0 MB), Allocate result buffer, memory consumption 0 MB, capacity 19
[LIBGPUSPATIAL] [ 55796][17:31:16:909139][info  ] RTSpatialIndex 0x7e6fac00a7d0 (Used 0 MB), Probe Points, Size: 100000, Results: 19
[LIBGPUSPATIAL] [ 55796][17:31:16:909444][info  ] RTSpatialRefiner 0x7e6fafd29600 (Used 0 MB), Loaded Geometries, ProbeArray 100000, Loaded 19, Type Point
[LIBGPUSPATIAL] [ 55796][17:31:16:909503][info  ] RTSpatialRefiner 0x7e6fafd29600 (Used 0 MB), Evaluating 19 Geometry Pairs with Predicate Intersects
[LIBGPUSPATIAL] [ 55794][17:31:16:909949][info  ] RTSpatialIndex 0x7e6fac00a7d0 (Used 0 MB), Allocate result buffer, memory consumption 0 MB, capacity 9
[LIBGPUSPATIAL] [ 55794][17:31:16:910332][info  ] RTSpatialIndex 0x7e6fac00a7d0 (Used 0 MB), Probe Points, Size: 100000, Results: 9
[LIBGPUSPATIAL] [ 55797][17:31:16:911555][info  ] RTSpatialIndex 0x7e6fac00a7d0 (Used 1 MB), Allocate result buffer, memory consumption 0 MB, capacity 15
[LIBGPUSPATIAL] [ 55794][17:31:16:911565][info  ] RTSpatialRefiner 0x7e6fafd29600 (Used 1 MB), Loaded Geometries, ProbeArray 100000, Loaded 9, Type Point
[LIBGPUSPATIAL] [ 55794][17:31:16:911610][info  ] RTSpatialRefiner 0x7e6fafd29600 (Used 1 MB), Evaluating 9 Geometry Pairs with Predicate Intersects
[LIBGPUSPATIAL] [ 55793][17:31:16:911617][info  ] RTSpatialIndex 0x7e6fac00a7d0 (Used 1 MB), Allocate result buffer, memory consumption 0 MB, capacity 19
[LIBGPUSPATIAL] [ 55797][17:31:16:912002][info  ] RTSpatialIndex 0x7e6fac00a7d0 (Used 1 MB), Probe Points, Size: 100000, Results: 15
[LIBGPUSPATIAL] [ 55793][17:31:16:912247][info  ] RTSpatialIndex 0x7e6fac00a7d0 (Used 0 MB), Probe Points, Size: 100000, Results: 19
[LIBGPUSPATIAL] [ 55797][17:31:16:912687][info  ] RTSpatialRefiner 0x7e6fafd29600 (Used 0 MB), Loaded Geometries, ProbeArray 100000, Loaded 15, Type Point
[LIBGPUSPATIAL] [ 55797][17:31:16:912729][info  ] RTSpatialRefiner 0x7e6fafd29600 (Used 0 MB), Evaluating 15 Geometry Pairs with Predicate Intersects
[LIBGPUSPATIAL] [ 55793][17:31:16:912772][info  ] RTSpatialRefiner 0x7e6fafd29600 (Used 0 MB), Loaded Geometries, ProbeArray 100000, Loaded 19, Type Point
[LIBGPUSPATIAL] [ 55793][17:31:16:912811][info  ] RTSpatialRefiner 0x7e6fafd29600 (Used 0 MB), Evaluating 19 Geometry Pairs with Predicate Intersects
[LIBGPUSPATIAL] [ 55792][17:31:16:913898][info  ] RTSpatialIndex 0x7e6fac00a7d0 (Used 0 MB), Allocate result buffer, memory consumption 0 MB, capacity 16
[LIBGPUSPATIAL] [ 55792][17:31:16:914144][info  ] RTSpatialIndex 0x7e6fac00a7d0 (Used 0 MB), Probe Points, Size: 100000, Results: 16
[LIBGPUSPATIAL] [ 55792][17:31:16:914526][info  ] RTSpatialRefiner 0x7e6fafd29600 (Used 0 MB), Loaded Geometries, ProbeArray 100000, Loaded 16, Type Point
[LIBGPUSPATIAL] [ 55792][17:31:16:914646][info  ] RTSpatialRefiner 0x7e6fafd29600 (Used 0 MB), Evaluating 16 Geometry Pairs with Predicate Intersects
[LIBGPUSPATIAL] [ 55791][17:31:16:917195][info  ] RTSpatialIndex 0x7e6fac00a7d0 (Used 0 MB), Allocate result buffer, memory consumption 0 MB, capacity 20
[LIBGPUSPATIAL] [ 55791][17:31:16:917364][info  ] RTSpatialIndex 0x7e6fac00a7d0 (Used 0 MB), Probe Points, Size: 100000, Results: 20
[LIBGPUSPATIAL] [ 55791][17:31:16:917764][info  ] RTSpatialRefiner 0x7e6fafd29600 (Used 0 MB), Loaded Geometries, ProbeArray 100000, Loaded 20, Type Point
[LIBGPUSPATIAL] [ 55791][17:31:16:917803][info  ] RTSpatialRefiner 0x7e6fafd29600 (Used 0 MB), Evaluating 20 Geometry Pairs with Predicate Intersects
[LIBGPUSPATIAL] [ 55798][17:31:16:920903][info  ] RTSpatialIndex 0x7e6fac00a7d0 (Used 1 MB), Allocate result buffer, memory consumption 0 MB, capacity 24
[LIBGPUSPATIAL] [ 55798][17:31:16:921108][info  ] RTSpatialIndex 0x7e6fac00a7d0 (Used 1 MB), Probe Points, Size: 100000, Results: 24
[LIBGPUSPATIAL] [ 55795][17:31:16:921142][info  ] RTSpatialIndex 0x7e6fac00a7d0 (Used 0 MB), Allocate result buffer, memory consumption 0 MB, capacity 20
[LIBGPUSPATIAL] [ 55795][17:31:16:921469][info  ] RTSpatialIndex 0x7e6fac00a7d0 (Used 0 MB), Probe Points, Size: 100000, Results: 20
[LIBGPUSPATIAL] [ 55798][17:31:16:921674][info  ] RTSpatialRefiner 0x7e6fafd29600 (Used 0 MB), Loaded Geometries, ProbeArray 100000, Loaded 24, Type Point
[LIBGPUSPATIAL] [ 55798][17:31:16:921724][info  ] RTSpatialRefiner 0x7e6fafd29600 (Used 0 MB), Evaluating 24 Geometry Pairs with Predicate Intersects
[LIBGPUSPATIAL] [ 55796][17:31:16:922635][info  ] RTSpatialIndex 0x7e6fac00a7d0 (Used 0 MB), Allocate result buffer, memory consumption 0 MB, capacity 8
[LIBGPUSPATIAL] [ 55796][17:31:16:922760][info  ] RTSpatialIndex 0x7e6fac00a7d0 (Used 0 MB), Probe Points, Size: 100000, Results: 8
[LIBGPUSPATIAL] [ 55795][17:31:16:922807][info  ] RTSpatialRefiner 0x7e6fafd29600 (Used 0 MB), Loaded Geometries, ProbeArray 100000, Loaded 20, Type Point
[LIBGPUSPATIAL] [ 55795][17:31:16:922850][info  ] RTSpatialRefiner 0x7e6fafd29600 (Used 0 MB), Evaluating 20 Geometry Pairs with Predicate Intersects
[LIBGPUSPATIAL] [ 55796][17:31:16:923132][info  ] RTSpatialRefiner 0x7e6fafd29600 (Used 0 MB), Loaded Geometries, ProbeArray 100000, Loaded 8, Type Point
[LIBGPUSPATIAL] [ 55796][17:31:16:923176][info  ] RTSpatialRefiner 0x7e6fafd29600 (Used 0 MB), Evaluating 8 Geometry Pairs with Predicate Intersects
[LIBGPUSPATIAL] [ 55794][17:31:16:925218][info  ] RTSpatialIndex 0x7e6fac00a7d0 (Used 0 MB), Allocate result buffer, memory consumption 0 MB, capacity 16
[LIBGPUSPATIAL] [ 55794][17:31:16:925351][info  ] RTSpatialIndex 0x7e6fac00a7d0 (Used 0 MB), Probe Points, Size: 100000, Results: 16
[LIBGPUSPATIAL] [ 55794][17:31:16:925830][info  ] RTSpatialRefiner 0x7e6fafd29600 (Used 0 MB), Loaded Geometries, ProbeArray 100000, Loaded 16, Type Point
[LIBGPUSPATIAL] [ 55794][17:31:16:925927][info  ] RTSpatialRefiner 0x7e6fafd29600 (Used 0 MB), Evaluating 16 Geometry Pairs with Predicate Intersects
[LIBGPUSPATIAL] [ 55793][17:31:16:926673][info  ] RTSpatialIndex 0x7e6fac00a7d0 (Used 2 MB), Allocate result buffer, memory consumption 0 MB, capacity 12
[LIBGPUSPATIAL] [ 55793][17:31:16:927030][info  ] RTSpatialIndex 0x7e6fac00a7d0 (Used 1 MB), Probe Points, Size: 100000, Results: 12
[LIBGPUSPATIAL] [ 55797][17:31:16:927201][info  ] RTSpatialIndex 0x7e6fac00a7d0 (Used 0 MB), Allocate result buffer, memory consumption 0 MB, capacity 18
[LIBGPUSPATIAL] [ 55797][17:31:16:927420][info  ] RTSpatialIndex 0x7e6fac00a7d0 (Used 0 MB), Probe Points, Size: 100000, Results: 18
[LIBGPUSPATIAL] [ 55793][17:31:16:927521][info  ] RTSpatialRefiner 0x7e6fafd29600 (Used 0 MB), Loaded Geometries, ProbeArray 100000, Loaded 12, Type Point
[LIBGPUSPATIAL] [ 55793][17:31:16:927563][info  ] RTSpatialRefiner 0x7e6fafd29600 (Used 0 MB), Evaluating 12 Geometry Pairs with Predicate Intersects
[LIBGPUSPATIAL] [ 55797][17:31:16:927778][info  ] RTSpatialRefiner 0x7e6fafd29600 (Used 0 MB), Loaded Geometries, ProbeArray 100000, Loaded 18, Type Point
[LIBGPUSPATIAL] [ 55797][17:31:16:927817][info  ] RTSpatialRefiner 0x7e6fafd29600 (Used 0 MB), Evaluating 18 Geometry Pairs with Predicate Intersects
[LIBGPUSPATIAL] [ 55792][17:31:16:929188][info  ] RTSpatialIndex 0x7e6fac00a7d0 (Used 0 MB), Allocate result buffer, memory consumption 0 MB, capacity 12
[LIBGPUSPATIAL] [ 55792][17:31:16:929376][info  ] RTSpatialIndex 0x7e6fac00a7d0 (Used 0 MB), Probe Points, Size: 100000, Results: 12
[LIBGPUSPATIAL] [ 55792][17:31:16:929738][info  ] RTSpatialRefiner 0x7e6fafd29600 (Used 0 MB), Loaded Geometries, ProbeArray 100000, Loaded 12, Type Point
[LIBGPUSPATIAL] [ 55792][17:31:16:929837][info  ] RTSpatialRefiner 0x7e6fafd29600 (Used 0 MB), Evaluating 12 Geometry Pairs with Predicate Intersects
[LIBGPUSPATIAL] [ 55791][17:31:16:931747][info  ] RTSpatialIndex 0x7e6fac00a7d0 (Used 0 MB), Allocate result buffer, memory consumption 0 MB, capacity 20
[LIBGPUSPATIAL] [ 55791][17:31:16:931918][info  ] RTSpatialIndex 0x7e6fac00a7d0 (Used 0 MB), Probe Points, Size: 100000, Results: 20
[LIBGPUSPATIAL] [ 55791][17:31:16:932381][info  ] RTSpatialRefiner 0x7e6fafd29600 (Used 0 MB), Loaded Geometries, ProbeArray 100000, Loaded 20, Type Point
[LIBGPUSPATIAL] [ 55791][17:31:16:932439][info  ] RTSpatialRefiner 0x7e6fafd29600 (Used 0 MB), Evaluating 20 Geometry Pairs with Predicate Intersects
[LIBGPUSPATIAL] [ 55793][17:31:16:932718][info  ] RTSpatialIndex 0x7e6fac00a7d0 (Used 0 MB), Allocate result buffer, memory consumption 0 MB, capacity 7
[LIBGPUSPATIAL] [ 55793][17:31:16:933118][info  ] RTSpatialIndex 0x7e6fac00a7d0 (Used 0 MB), Probe Points, Size: 33333, Results: 7
[LIBGPUSPATIAL] [ 55793][17:31:16:933605][info  ] RTSpatialRefiner 0x7e6fafd29600 (Used 0 MB), Loaded Geometries, ProbeArray 33333, Loaded 7, Type Point
[LIBGPUSPATIAL] [ 55793][17:31:16:933647][info  ] RTSpatialRefiner 0x7e6fafd29600 (Used 0 MB), Evaluating 7 Geometry Pairs with Predicate Intersects
[LIBGPUSPATIAL] [ 55798][17:31:16:934616][info  ] RTSpatialIndex 0x7e6fac00a7d0 (Used 0 MB), Allocate result buffer, memory consumption 0 MB, capacity 9
[LIBGPUSPATIAL] [ 55798][17:31:16:934744][info  ] RTSpatialIndex 0x7e6fac00a7d0 (Used 0 MB), Probe Points, Size: 100000, Results: 9
[LIBGPUSPATIAL] [ 55798][17:31:16:935131][info  ] RTSpatialRefiner 0x7e6fafd29600 (Used 0 MB), Loaded Geometries, ProbeArray 100000, Loaded 9, Type Point
[LIBGPUSPATIAL] [ 55798][17:31:16:935177][info  ] RTSpatialRefiner 0x7e6fafd29600 (Used 0 MB), Evaluating 9 Geometry Pairs with Predicate Intersects
[LIBGPUSPATIAL] [ 55796][17:31:16:935858][info  ] RTSpatialIndex 0x7e6fac00a7d0 (Used 0 MB), Allocate result buffer, memory consumption 0 MB, capacity 16
[LIBGPUSPATIAL] [ 55796][17:31:16:936002][info  ] RTSpatialIndex 0x7e6fac00a7d0 (Used 0 MB), Probe Points, Size: 100000, Results: 16
[LIBGPUSPATIAL] [ 55796][17:31:16:936382][info  ] RTSpatialRefiner 0x7e6fafd29600 (Used 0 MB), Loaded Geometries, ProbeArray 100000, Loaded 16, Type Point
[LIBGPUSPATIAL] [ 55796][17:31:16:936426][info  ] RTSpatialRefiner 0x7e6fafd29600 (Used 0 MB), Evaluating 16 Geometry Pairs with Predicate Intersects
[LIBGPUSPATIAL] [ 55795][17:31:16:937264][info  ] RTSpatialIndex 0x7e6fac00a7d0 (Used 0 MB), Allocate result buffer, memory consumption 0 MB, capacity 16
[LIBGPUSPATIAL] [ 55795][17:31:16:937414][info  ] RTSpatialIndex 0x7e6fac00a7d0 (Used 0 MB), Probe Points, Size: 100000, Results: 16
[LIBGPUSPATIAL] [ 55795][17:31:16:937809][info  ] RTSpatialRefiner 0x7e6fafd29600 (Used 0 MB), Loaded Geometries, ProbeArray 100000, Loaded 16, Type Point
[LIBGPUSPATIAL] [ 55795][17:31:16:937873][info  ] RTSpatialRefiner 0x7e6fafd29600 (Used 0 MB), Evaluating 16 Geometry Pairs with Predicate Intersects
[LIBGPUSPATIAL] [ 55794][17:31:16:939697][info  ] RTSpatialIndex 0x7e6fac00a7d0 (Used 1 MB), Allocate result buffer, memory consumption 0 MB, capacity 14
[LIBGPUSPATIAL] [ 55794][17:31:16:939828][info  ] RTSpatialIndex 0x7e6fac00a7d0 (Used 1 MB), Probe Points, Size: 100000, Results: 14
[LIBGPUSPATIAL] [ 55791][17:31:16:939875][info  ] RTSpatialIndex 0x7e6fac00a7d0 (Used 0 MB), Allocate result buffer, memory consumption 0 MB, capacity 2
[LIBGPUSPATIAL] [ 55791][17:31:16:940473][info  ] RTSpatialIndex 0x7e6fac00a7d0 (Used 0 MB), Probe Points, Size: 33333, Results: 2
[LIBGPUSPATIAL] [ 55794][17:31:16:940811][info  ] RTSpatialRefiner 0x7e6fafd29600 (Used 0 MB), Loaded Geometries, ProbeArray 100000, Loaded 14, Type Point
[LIBGPUSPATIAL] [ 55794][17:31:16:940857][info  ] RTSpatialRefiner 0x7e6fafd29600 (Used 0 MB), Evaluating 14 Geometry Pairs with Predicate Intersects
[LIBGPUSPATIAL] [ 55798][17:31:16:940884][info  ] RTSpatialIndex 0x7e6fac00a7d0 (Used 0 MB), Allocate result buffer, memory consumption 0 MB, capacity 7
[LIBGPUSPATIAL] [ 55798][17:31:16:941267][info  ] RTSpatialIndex 0x7e6fac00a7d0 (Used 0 MB), Probe Points, Size: 33333, Results: 7
[LIBGPUSPATIAL] [ 55791][17:31:16:941683][info  ] RTSpatialRefiner 0x7e6fafd29600 (Used 1 MB), Loaded Geometries, ProbeArray 33333, Loaded 2, Type Point
[LIBGPUSPATIAL] [ 55791][17:31:16:941796][info  ] RTSpatialRefiner 0x7e6fafd29600 (Used 2 MB), Evaluating 2 Geometry Pairs with Predicate Intersects
[LIBGPUSPATIAL] [ 55796][17:31:16:941990][info  ] RTSpatialIndex 0x7e6fac00a7d0 (Used 1 MB), Allocate result buffer, memory consumption 0 MB, capacity 3
[LIBGPUSPATIAL] [ 55798][17:31:16:942145][info  ] RTSpatialRefiner 0x7e6fafd29600 (Used 1 MB), Loaded Geometries, ProbeArray 33333, Loaded 7, Type Point
[LIBGPUSPATIAL] [ 55798][17:31:16:942194][info  ] RTSpatialRefiner 0x7e6fafd29600 (Used 1 MB), Evaluating 7 Geometry Pairs with Predicate Intersects
[LIBGPUSPATIAL] [ 55797][17:31:16:942553][info  ] RTSpatialIndex 0x7e6fac00a7d0 (Used 1 MB), Allocate result buffer, memory consumption 0 MB, capacity 13
[LIBGPUSPATIAL] [ 55796][17:31:16:942712][info  ] RTSpatialIndex 0x7e6fac00a7d0 (Used 1 MB), Probe Points, Size: 33333, Results: 3
[LIBGPUSPATIAL] [ 55796][17:31:16:943388][info  ] RTSpatialRefiner 0x7e6fafd29600 (Used 2 MB), Loaded Geometries, ProbeArray 33333, Loaded 3, Type Point
[LIBGPUSPATIAL] [ 55796][17:31:16:943548][info  ] RTSpatialRefiner 0x7e6fafd29600 (Used 2 MB), Evaluating 3 Geometry Pairs with Predicate Intersects
[LIBGPUSPATIAL] [ 55797][17:31:16:943587][info  ] RTSpatialIndex 0x7e6fac00a7d0 (Used 2 MB), Probe Points, Size: 100000, Results: 13
[LIBGPUSPATIAL] [ 55795][17:31:16:944109][info  ] RTSpatialIndex 0x7e6fac00a7d0 (Used 1 MB), Allocate result buffer, memory consumption 0 MB, capacity 5
[LIBGPUSPATIAL] [ 55792][17:31:16:944423][info  ] RTSpatialIndex 0x7e6fac00a7d0 (Used 1 MB), Allocate result buffer, memory consumption 0 MB, capacity 22
[LIBGPUSPATIAL] [ 55797][17:31:16:944432][info  ] RTSpatialRefiner 0x7e6fafd29600 (Used 1 MB), Loaded Geometries, ProbeArray 100000, Loaded 13, Type Point
[LIBGPUSPATIAL] [ 55797][17:31:16:944521][info  ] RTSpatialRefiner 0x7e6fafd29600 (Used 1 MB), Evaluating 13 Geometry Pairs with Predicate Intersects
[LIBGPUSPATIAL] [ 55792][17:31:16:944827][info  ] RTSpatialIndex 0x7e6fac00a7d0 (Used 1 MB), Probe Points, Size: 100000, Results: 22
[LIBGPUSPATIAL] [ 55795][17:31:16:944952][info  ] RTSpatialIndex 0x7e6fac00a7d0 (Used 1 MB), Probe Points, Size: 33333, Results: 5
[LIBGPUSPATIAL] [ 55797][17:31:16:949333][info  ] RTSpatialIndex 0x7e6fac00a7d0 (Used 0 MB), Allocate result buffer, memory consumption 0 MB, capacity 5
[LIBGPUSPATIAL] [ 55795][17:31:16:949407][info  ] RTSpatialRefiner 0x7e6fafd29600 (Used 0 MB), Loaded Geometries, ProbeArray 33333, Loaded 5, Type Point
[LIBGPUSPATIAL] [ 55795][17:31:16:949440][info  ] RTSpatialRefiner 0x7e6fafd29600 (Used 0 MB), Evaluating 5 Geometry Pairs with Predicate Intersects
[LIBGPUSPATIAL] [ 55797][17:31:16:949466][info  ] RTSpatialIndex 0x7e6fac00a7d0 (Used 0 MB), Probe Points, Size: 33348, Results: 5
[LIBGPUSPATIAL] [ 55797][17:31:16:950265][info  ] RTSpatialRefiner 0x7e6fafd29600 (Used 0 MB), Loaded Geometries, ProbeArray 33348, Loaded 5, Type Point
[LIBGPUSPATIAL] [ 55797][17:31:16:950306][info  ] RTSpatialRefiner 0x7e6fafd29600 (Used 0 MB), Evaluating 5 Geometry Pairs with Predicate Intersects
[LIBGPUSPATIAL] [ 55793][17:31:16:954293][info  ] RTSpatialIndex 0x7e6fac00a7d0 (Used 0 MB), Allocate result buffer, memory consumption 0 MB, capacity 10
[LIBGPUSPATIAL] [ 55793][17:31:16:954503][info  ] RTSpatialIndex 0x7e6fac00a7d0 (Used 0 MB), Probe Points, Size: 100000, Results: 10
[LIBGPUSPATIAL] [ 55792][17:31:16:955318][info  ] RTSpatialRefiner 0x7e6fafd29600 (Used 0 MB), Loaded Geometries, ProbeArray 100000, Loaded 22, Type Point
[LIBGPUSPATIAL] [ 55792][17:31:16:955376][info  ] RTSpatialRefiner 0x7e6fafd29600 (Used 0 MB), Evaluating 22 Geometry Pairs with Predicate Intersects
[LIBGPUSPATIAL] [ 55793][17:31:16:956765][info  ] RTSpatialRefiner 0x7e6fafd29600 (Used 0 MB), Loaded Geometries, ProbeArray 100000, Loaded 10, Type Point
[LIBGPUSPATIAL] [ 55793][17:31:16:956830][info  ] RTSpatialRefiner 0x7e6fafd29600 (Used 0 MB), Evaluating 10 Geometry Pairs with Predicate Intersects
[LIBGPUSPATIAL] [ 55794][17:31:16:958008][info  ] RTSpatialIndex 0x7e6fac00a7d0 (Used 0 MB), Allocate result buffer, memory consumption 0 MB, capacity 13
[LIBGPUSPATIAL] [ 55794][17:31:16:958160][info  ] RTSpatialIndex 0x7e6fac00a7d0 (Used 0 MB), Probe Points, Size: 100000, Results: 13
[LIBGPUSPATIAL] [ 55794][17:31:16:959313][info  ] RTSpatialRefiner 0x7e6fafd29600 (Used 0 MB), Loaded Geometries, ProbeArray 100000, Loaded 13, Type Point
[LIBGPUSPATIAL] [ 55794][17:31:16:959361][info  ] RTSpatialRefiner 0x7e6fafd29600 (Used 0 MB), Evaluating 13 Geometry Pairs with Predicate Intersects
[LIBGPUSPATIAL] [ 55792][17:31:16:961962][info  ] RTSpatialIndex 0x7e6fac00a7d0 (Used 0 MB), Allocate result buffer, memory consumption 0 MB, capacity 8
[LIBGPUSPATIAL] [ 55792][17:31:16:962195][info  ] RTSpatialIndex 0x7e6fac00a7d0 (Used 0 MB), Probe Points, Size: 33333, Results: 8
[LIBGPUSPATIAL] [ 55792][17:31:16:963203][info  ] RTSpatialRefiner 0x7e6fafd29600 (Used 0 MB), Loaded Geometries, ProbeArray 33333, Loaded 8, Type Point
[LIBGPUSPATIAL] [ 55792][17:31:16:963243][info  ] RTSpatialRefiner 0x7e6fafd29600 (Used 0 MB), Evaluating 8 Geometry Pairs with Predicate Intersects
[LIBGPUSPATIAL] [ 55795][17:31:16:964601][info  ] RTSpatialIndex 0x7e6fac00a7d0 (Used 0 MB), Allocate result buffer, memory consumption 0 MB, capacity 15
[LIBGPUSPATIAL] [ 55795][17:31:16:964729][info  ] RTSpatialIndex 0x7e6fac00a7d0 (Used 0 MB), Probe Points, Size: 100000, Results: 15
[LIBGPUSPATIAL] [ 55797][17:31:16:965733][info  ] RTSpatialIndex 0x7e6fac00a7d0 (Used 0 MB), Allocate result buffer, memory consumption 0 MB, capacity 16
[LIBGPUSPATIAL] [ 55797][17:31:16:965870][info  ] RTSpatialIndex 0x7e6fac00a7d0 (Used 0 MB), Probe Points, Size: 100000, Results: 16
[LIBGPUSPATIAL] [ 55795][17:31:16:966141][info  ] RTSpatialRefiner 0x7e6fafd29600 (Used 0 MB), Loaded Geometries, ProbeArray 100000, Loaded 15, Type Point
[LIBGPUSPATIAL] [ 55795][17:31:16:966185][info  ] RTSpatialRefiner 0x7e6fafd29600 (Used 0 MB), Evaluating 15 Geometry Pairs with Predicate Intersects
[LIBGPUSPATIAL] [ 55797][17:31:16:966594][info  ] RTSpatialRefiner 0x7e6fafd29600 (Used 0 MB), Loaded Geometries, ProbeArray 100000, Loaded 16, Type Point
[LIBGPUSPATIAL] [ 55797][17:31:16:966643][info  ] RTSpatialRefiner 0x7e6fafd29600 (Used 0 MB), Evaluating 16 Geometry Pairs with Predicate Intersects
[LIBGPUSPATIAL] [ 55791][17:31:16:971199][info  ] RTSpatialIndex 0x7e6fac00a7d0 (Used 3 MB), Allocate result buffer, memory consumption 0 MB, capacity 13
[LIBGPUSPATIAL] [ 55796][17:31:16:971205][info  ] RTSpatialIndex 0x7e6fac00a7d0 (Used 3 MB), Allocate result buffer, memory consumption 0 MB, capacity 14
[LIBGPUSPATIAL] [ 55791][17:31:16:973489][info  ] RTSpatialIndex 0x7e6fac00a7d0 (Used 3 MB), Probe Points, Size: 100000, Results: 13
[LIBGPUSPATIAL] [ 55796][17:31:16:973617][info  ] RTSpatialIndex 0x7e6fac00a7d0 (Used 3 MB), Probe Points, Size: 100000, Results: 14
[LIBGPUSPATIAL] [ 55793][17:31:16:973675][info  ] RTSpatialIndex 0x7e6fac00a7d0 (Used 2 MB), Allocate result buffer, memory consumption 0 MB, capacity 18
[LIBGPUSPATIAL] [ 55794][17:31:16:973791][info  ] RTSpatialIndex 0x7e6fac00a7d0 (Used 2 MB), Allocate result buffer, memory consumption 0 MB, capacity 10
[LIBGPUSPATIAL] [ 55798][17:31:16:973892][info  ] RTSpatialIndex 0x7e6fac00a7d0 (Used 2 MB), Allocate result buffer, memory consumption 0 MB, capacity 10
[LIBGPUSPATIAL] [ 55794][17:31:16:974234][info  ] RTSpatialIndex 0x7e6fac00a7d0 (Used 2 MB), Probe Points, Size: 100000, Results: 10
[LIBGPUSPATIAL] [ 55798][17:31:16:974376][info  ] RTSpatialIndex 0x7e6fac00a7d0 (Used 1 MB), Probe Points, Size: 100000, Results: 10
[LIBGPUSPATIAL] [ 55796][17:31:16:974388][info  ] RTSpatialRefiner 0x7e6fafd29600 (Used 1 MB), Loaded Geometries, ProbeArray 100000, Loaded 14, Type Point
[LIBGPUSPATIAL] [ 55793][17:31:16:974495][info  ] RTSpatialIndex 0x7e6fac00a7d0 (Used 0 MB), Probe Points, Size: 100000, Results: 18
[LIBGPUSPATIAL] [ 55796][17:31:16:974501][info  ] RTSpatialRefiner 0x7e6fafd29600 (Used 0 MB), Evaluating 14 Geometry Pairs with Predicate Intersects
[LIBGPUSPATIAL] [ 55791][17:31:16:974629][info  ] RTSpatialRefiner 0x7e6fafd29600 (Used 0 MB), Loaded Geometries, ProbeArray 100000, Loaded 13, Type Point
[LIBGPUSPATIAL] [ 55791][17:31:16:974664][info  ] RTSpatialRefiner 0x7e6fafd29600 (Used 0 MB), Evaluating 13 Geometry Pairs with Predicate Intersects
[LIBGPUSPATIAL] [ 55793][17:31:16:975076][info  ] RTSpatialRefiner 0x7e6fafd29600 (Used 0 MB), Loaded Geometries, ProbeArray 100000, Loaded 18, Type Point
[LIBGPUSPATIAL] [ 55793][17:31:16:975135][info  ] RTSpatialRefiner 0x7e6fafd29600 (Used 0 MB), Evaluating 18 Geometry Pairs with Predicate Intersects
[LIBGPUSPATIAL] [ 55794][17:31:16:975190][info  ] RTSpatialRefiner 0x7e6fafd29600 (Used 0 MB), Loaded Geometries, ProbeArray 100000, Loaded 10, Type Point
[LIBGPUSPATIAL] [ 55794][17:31:16:975230][info  ] RTSpatialRefiner 0x7e6fafd29600 (Used 0 MB), Evaluating 10 Geometry Pairs with Predicate Intersects
[LIBGPUSPATIAL] [ 55798][17:31:16:975261][info  ] RTSpatialRefiner 0x7e6fafd29600 (Used 0 MB), Loaded Geometries, ProbeArray 100000, Loaded 10, Type Point
[LIBGPUSPATIAL] [ 55798][17:31:16:975303][info  ] RTSpatialRefiner 0x7e6fafd29600 (Used 0 MB), Evaluating 10 Geometry Pairs with Predicate Intersects
[LIBGPUSPATIAL] [ 55795][17:31:16:978455][info  ] RTSpatialIndex 0x7e6fac00a7d0 (Used 0 MB), Allocate result buffer, memory consumption 0 MB, capacity 17
[LIBGPUSPATIAL] [ 55795][17:31:16:978583][info  ] RTSpatialIndex 0x7e6fac00a7d0 (Used 0 MB), Probe Points, Size: 100000, Results: 17
[LIBGPUSPATIAL] [ 55795][17:31:16:979299][info  ] RTSpatialRefiner 0x7e6fafd29600 (Used 0 MB), Loaded Geometries, ProbeArray 100000, Loaded 17, Type Point
[LIBGPUSPATIAL] [ 55795][17:31:16:979345][info  ] RTSpatialRefiner 0x7e6fafd29600 (Used 0 MB), Evaluating 17 Geometry Pairs with Predicate Intersects
[LIBGPUSPATIAL] [ 55794][17:31:16:980412][info  ] RTSpatialIndex 0x7e6fac00a7d0 (Used 0 MB), Allocate result buffer, memory consumption 0 MB, capacity 4
[LIBGPUSPATIAL] [ 55794][17:31:16:980538][info  ] RTSpatialIndex 0x7e6fac00a7d0 (Used 0 MB), Probe Points, Size: 33333, Results: 4
[LIBGPUSPATIAL] [ 55794][17:31:16:981004][info  ] RTSpatialRefiner 0x7e6fafd29600 (Used 0 MB), Loaded Geometries, ProbeArray 33333, Loaded 4, Type Point
[LIBGPUSPATIAL] [ 55794][17:31:16:981120][info  ] RTSpatialRefiner 0x7e6fafd29600 (Used 0 MB), Evaluating 4 Geometry Pairs with Predicate Intersects
[LIBGPUSPATIAL] [ 55792][17:31:16:983115][info  ] RTSpatialIndex 0x7e6fac00a7d0 (Used 0 MB), Allocate result buffer, memory consumption 0 MB, capacity 23
[LIBGPUSPATIAL] [ 55792][17:31:16:983246][info  ] RTSpatialIndex 0x7e6fac00a7d0 (Used 0 MB), Probe Points, Size: 100000, Results: 23
[LIBGPUSPATIAL] [ 55797][17:31:16:984277][info  ] RTSpatialIndex 0x7e6fac00a7d0 (Used 0 MB), Allocate result buffer, memory consumption 0 MB, capacity 19
[LIBGPUSPATIAL] [ 55797][17:31:16:984404][info  ] RTSpatialIndex 0x7e6fac00a7d0 (Used 0 MB), Probe Points, Size: 100000, Results: 19
[LIBGPUSPATIAL] [ 55792][17:31:16:984783][info  ] RTSpatialRefiner 0x7e6fafd29600 (Used 0 MB), Loaded Geometries, ProbeArray 100000, Loaded 23, Type Point
[LIBGPUSPATIAL] [ 55797][17:31:16:984827][info  ] RTSpatialRefiner 0x7e6fafd29600 (Used 0 MB), Loaded Geometries, ProbeArray 100000, Loaded 19, Type Point
[LIBGPUSPATIAL] [ 55792][17:31:16:984831][info  ] RTSpatialRefiner 0x7e6fafd29600 (Used 0 MB), Evaluating 23 Geometry Pairs with Predicate Intersects
[LIBGPUSPATIAL] [ 55797][17:31:16:984876][info  ] RTSpatialRefiner 0x7e6fafd29600 (Used 0 MB), Evaluating 19 Geometry Pairs with Predicate Intersects
[LIBGPUSPATIAL] [ 55791][17:31:16:991718][info  ] RTSpatialIndex 0x7e6fac00a7d0 (Used 3 MB), Allocate result buffer, memory consumption 0 MB, capacity 19
[LIBGPUSPATIAL] [ 55798][17:31:16:991780][info  ] RTSpatialIndex 0x7e6fac00a7d0 (Used 3 MB), Allocate result buffer, memory consumption 0 MB, capacity 16
[LIBGPUSPATIAL] [ 55795][17:31:16:991964][info  ] RTSpatialIndex 0x7e6fac00a7d0 (Used 3 MB), Allocate result buffer, memory consumption 0 MB, capacity 16
[LIBGPUSPATIAL] [ 55796][17:31:16:992090][info  ] RTSpatialIndex 0x7e6fac00a7d0 (Used 3 MB), Allocate result buffer, memory consumption 0 MB, capacity 11
[LIBGPUSPATIAL] [ 55795][17:31:16:992295][info  ] RTSpatialIndex 0x7e6fac00a7d0 (Used 3 MB), Probe Points, Size: 100000, Results: 16
[LIBGPUSPATIAL] [ 55796][17:31:16:992399][info  ] RTSpatialIndex 0x7e6fac00a7d0 (Used 3 MB), Probe Points, Size: 100000, Results: 11
[LIBGPUSPATIAL] [ 55791][17:31:16:992531][info  ] RTSpatialIndex 0x7e6fac00a7d0 (Used 3 MB), Probe Points, Size: 100000, Results: 19
[LIBGPUSPATIAL] [ 55793][17:31:16:992599][info  ] RTSpatialIndex 0x7e6fac00a7d0 (Used 3 MB), Allocate result buffer, memory consumption 0 MB, capacity 13
[LIBGPUSPATIAL] [ 55798][17:31:16:992841][info  ] RTSpatialIndex 0x7e6fac00a7d0 (Used 1 MB), Probe Points, Size: 100000, Results: 16
[LIBGPUSPATIAL] [ 55793][17:31:16:993052][info  ] RTSpatialIndex 0x7e6fac00a7d0 (Used 0 MB), Probe Points, Size: 100000, Results: 13
[LIBGPUSPATIAL] [ 55791][17:31:16:993374][info  ] RTSpatialRefiner 0x7e6fafd29600 (Used 0 MB), Loaded Geometries, ProbeArray 100000, Loaded 19, Type Point
[LIBGPUSPATIAL] [ 55796][17:31:16:993384][info  ] RTSpatialRefiner 0x7e6fafd29600 (Used 0 MB), Loaded Geometries, ProbeArray 100000, Loaded 11, Type Point
[LIBGPUSPATIAL] [ 55791][17:31:16:993454][info  ] RTSpatialRefiner 0x7e6fafd29600 (Used 0 MB), Evaluating 19 Geometry Pairs with Predicate Intersects
[LIBGPUSPATIAL] [ 55796][17:31:16:993472][info  ] RTSpatialRefiner 0x7e6fafd29600 (Used 0 MB), Evaluating 11 Geometry Pairs with Predicate Intersects
[LIBGPUSPATIAL] [ 55795][17:31:16:993576][info  ] RTSpatialRefiner 0x7e6fafd29600 (Used 0 MB), Loaded Geometries, ProbeArray 100000, Loaded 16, Type Point
[LIBGPUSPATIAL] [ 55795][17:31:16:993617][info  ] RTSpatialRefiner 0x7e6fafd29600 (Used 0 MB), Evaluating 16 Geometry Pairs with Predicate Intersects
[LIBGPUSPATIAL] [ 55798][17:31:16:994011][info  ] RTSpatialRefiner 0x7e6fafd29600 (Used 0 MB), Loaded Geometries, ProbeArray 100000, Loaded 16, Type Point
[LIBGPUSPATIAL] [ 55798][17:31:16:994070][info  ] RTSpatialRefiner 0x7e6fafd29600 (Used 0 MB), Evaluating 16 Geometry Pairs with Predicate Intersects
[LIBGPUSPATIAL] [ 55793][17:31:16:994113][info  ] RTSpatialRefiner 0x7e6fafd29600 (Used 0 MB), Loaded Geometries, ProbeArray 100000, Loaded 13, Type Point
[LIBGPUSPATIAL] [ 55793][17:31:16:994157][info  ] RTSpatialRefiner 0x7e6fafd29600 (Used 0 MB), Evaluating 13 Geometry Pairs with Predicate Intersects
[LIBGPUSPATIAL] [ 55797][17:31:16:997026][info  ] RTSpatialIndex 0x7e6fac00a7d0 (Used 0 MB), Allocate result buffer, memory consumption 0 MB, capacity 17
[LIBGPUSPATIAL] [ 55797][17:31:16:997175][info  ] RTSpatialIndex 0x7e6fac00a7d0 (Used 0 MB), Probe Points, Size: 100000, Results: 17
[LIBGPUSPATIAL] [ 55797][17:31:16:998220][info  ] RTSpatialRefiner 0x7e6fafd29600 (Used 0 MB), Loaded Geometries, ProbeArray 100000, Loaded 17, Type Point
[LIBGPUSPATIAL] [ 55797][17:31:16:998265][info  ] RTSpatialRefiner 0x7e6fafd29600 (Used 0 MB), Evaluating 17 Geometry Pairs with Predicate Intersects
[LIBGPUSPATIAL] [ 55792][17:31:16:999474][info  ] RTSpatialIndex 0x7e6fac00a7d0 (Used 1 MB), Allocate result buffer, memory consumption 0 MB, capacity 14
[LIBGPUSPATIAL] [ 55794][17:31:16:999481][info  ] RTSpatialIndex 0x7e6fac00a7d0 (Used 1 MB), Allocate result buffer, memory consumption 0 MB, capacity 13
[LIBGPUSPATIAL] [ 55794][17:31:16:999610][info  ] RTSpatialIndex 0x7e6fac00a7d0 (Used 1 MB), Probe Points, Size: 100000, Results: 13
[LIBGPUSPATIAL] [ 55792][17:31:16:999860][info  ] RTSpatialIndex 0x7e6fac00a7d0 (Used 0 MB), Probe Points, Size: 100000, Results: 14
[LIBGPUSPATIAL] [ 55792][17:31:17:000376][info  ] RTSpatialRefiner 0x7e6fafd29600 (Used 0 MB), Loaded Geometries, ProbeArray 100000, Loaded 14, Type Point
[LIBGPUSPATIAL] [ 55792][17:31:17:000423][info  ] RTSpatialRefiner 0x7e6fafd29600 (Used 0 MB), Evaluating 14 Geometry Pairs with Predicate Intersects
[LIBGPUSPATIAL] [ 55794][17:31:17:001226][info  ] RTSpatialRefiner 0x7e6fafd29600 (Used 0 MB), Loaded Geometries, ProbeArray 100000, Loaded 13, Type Point
[LIBGPUSPATIAL] [ 55794][17:31:17:001271][info  ] RTSpatialRefiner 0x7e6fafd29600 (Used 0 MB), Evaluating 13 Geometry Pairs with Predicate Intersects
[LIBGPUSPATIAL] [ 55791][17:31:17:008349][info  ] RTSpatialIndex 0x7e6fac00a7d0 (Used 3 MB), Allocate result buffer, memory consumption 0 MB, capacity 16
[LIBGPUSPATIAL] [ 55798][17:31:17:008412][info  ] RTSpatialIndex 0x7e6fac00a7d0 (Used 3 MB), Allocate result buffer, memory consumption 0 MB, capacity 15
[LIBGPUSPATIAL] [ 55796][17:31:17:008453][info  ] RTSpatialIndex 0x7e6fac00a7d0 (Used 3 MB), Allocate result buffer, memory consumption 0 MB, capacity 11
[LIBGPUSPATIAL] [ 55795][17:31:17:008483][info  ] RTSpatialIndex 0x7e6fac00a7d0 (Used 3 MB), Allocate result buffer, memory consumption 0 MB, capacity 14
[LIBGPUSPATIAL] [ 55793][17:31:17:008540][info  ] RTSpatialIndex 0x7e6fac00a7d0 (Used 3 MB), Allocate result buffer, memory consumption 0 MB, capacity 24
[LIBGPUSPATIAL] [ 55791][17:31:17:008761][info  ] RTSpatialIndex 0x7e6fac00a7d0 (Used 3 MB), Probe Points, Size: 100000, Results: 16
[LIBGPUSPATIAL] [ 55793][17:31:17:008840][info  ] RTSpatialIndex 0x7e6fac00a7d0 (Used 3 MB), Probe Points, Size: 100000, Results: 24
[LIBGPUSPATIAL] [ 55795][17:31:17:008996][info  ] RTSpatialIndex 0x7e6fac00a7d0 (Used 2 MB), Probe Points, Size: 100000, Results: 14
[LIBGPUSPATIAL] [ 55798][17:31:17:009301][info  ] RTSpatialIndex 0x7e6fac00a7d0 (Used 1 MB), Probe Points, Size: 100000, Results: 15
[LIBGPUSPATIAL] [ 55796][17:31:17:009421][info  ] RTSpatialIndex 0x7e6fac00a7d0 (Used 0 MB), Probe Points, Size: 100000, Results: 11
[LIBGPUSPATIAL] [ 55793][17:31:17:009647][info  ] RTSpatialRefiner 0x7e6fafd29600 (Used 0 MB), Loaded Geometries, ProbeArray 100000, Loaded 24, Type Point
[LIBGPUSPATIAL] [ 55793][17:31:17:009692][info  ] RTSpatialRefiner 0x7e6fafd29600 (Used 0 MB), Evaluating 24 Geometry Pairs with Predicate Intersects
[LIBGPUSPATIAL] [ 55791][17:31:17:010053][info  ] RTSpatialRefiner 0x7e6fafd29600 (Used 0 MB), Loaded Geometries, ProbeArray 100000, Loaded 16, Type Point
[LIBGPUSPATIAL] [ 55791][17:31:17:010123][info  ] RTSpatialRefiner 0x7e6fafd29600 (Used 0 MB), Evaluating 16 Geometry Pairs with Predicate Intersects
[LIBGPUSPATIAL] [ 55798][17:31:17:010282][info  ] RTSpatialRefiner 0x7e6fafd29600 (Used 1 MB), Loaded Geometries, ProbeArray 100000, Loaded 15, Type Point
[LIBGPUSPATIAL] [ 55798][17:31:17:010326][info  ] RTSpatialRefiner 0x7e6fafd29600 (Used 1 MB), Evaluating 15 Geometry Pairs with Predicate Intersects
[LIBGPUSPATIAL] [ 55796][17:31:17:010394][info  ] RTSpatialRefiner 0x7e6fafd29600 (Used 1 MB), Loaded Geometries, ProbeArray 100000, Loaded 11, Type Point
[LIBGPUSPATIAL] [ 55796][17:31:17:010439][info  ] RTSpatialRefiner 0x7e6fafd29600 (Used 0 MB), Evaluating 11 Geometry Pairs with Predicate Intersects
[LIBGPUSPATIAL] [ 55795][17:31:17:010457][info  ] RTSpatialRefiner 0x7e6fafd29600 (Used 0 MB), Loaded Geometries, ProbeArray 100000, Loaded 14, Type Point
[LIBGPUSPATIAL] [ 55795][17:31:17:010618][info  ] RTSpatialRefiner 0x7e6fafd29600 (Used 0 MB), Evaluating 14 Geometry Pairs with Predicate Intersects
[LIBGPUSPATIAL] [ 55797][17:31:17:010960][info  ] RTSpatialIndex 0x7e6fac00a7d0 (Used 0 MB), Allocate result buffer, memory consumption 0 MB, capacity 8
[LIBGPUSPATIAL] [ 55797][17:31:17:011549][info  ] RTSpatialIndex 0x7e6fac00a7d0 (Used 1 MB), Probe Points, Size: 100000, Results: 8
[LIBGPUSPATIAL] [ 55797][17:31:17:012130][info  ] RTSpatialRefiner 0x7e6fafd29600 (Used 0 MB), Loaded Geometries, ProbeArray 100000, Loaded 8, Type Point
[LIBGPUSPATIAL] [ 55797][17:31:17:012178][info  ] RTSpatialRefiner 0x7e6fafd29600 (Used 0 MB), Evaluating 8 Geometry Pairs with Predicate Intersects
[LIBGPUSPATIAL] [ 55792][17:31:17:013249][info  ] RTSpatialIndex 0x7e6fac00a7d0 (Used 0 MB), Allocate result buffer, memory consumption 0 MB, capacity 17
[LIBGPUSPATIAL] [ 55792][17:31:17:013383][info  ] RTSpatialIndex 0x7e6fac00a7d0 (Used 0 MB), Probe Points, Size: 100000, Results: 17
[LIBGPUSPATIAL] [ 55792][17:31:17:014271][info  ] RTSpatialRefiner 0x7e6fafd29600 (Used 1 MB), Loaded Geometries, ProbeArray 100000, Loaded 17, Type Point
[LIBGPUSPATIAL] [ 55792][17:31:17:014335][info  ] RTSpatialRefiner 0x7e6fafd29600 (Used 1 MB), Evaluating 17 Geometry Pairs with Predicate Intersects
[LIBGPUSPATIAL] [ 55794][17:31:17:014727][info  ] RTSpatialIndex 0x7e6fac00a7d0 (Used 0 MB), Allocate result buffer, memory consumption 0 MB, capacity 16
[LIBGPUSPATIAL] [ 55794][17:31:17:015052][info  ] RTSpatialIndex 0x7e6fac00a7d0 (Used 0 MB), Probe Points, Size: 100000, Results: 16
[LIBGPUSPATIAL] [ 55794][17:31:17:017317][info  ] RTSpatialRefiner 0x7e6fafd29600 (Used 0 MB), Loaded Geometries, ProbeArray 100000, Loaded 16, Type Point
[LIBGPUSPATIAL] [ 55794][17:31:17:017363][info  ] RTSpatialRefiner 0x7e6fafd29600 (Used 0 MB), Evaluating 16 Geometry Pairs with Predicate Intersects
[LIBGPUSPATIAL] [ 55793][17:31:17:023098][info  ] RTSpatialIndex 0x7e6fac00a7d0 (Used 1 MB), Allocate result buffer, memory consumption 0 MB, capacity 15
[LIBGPUSPATIAL] [ 55791][17:31:17:023101][info  ] RTSpatialIndex 0x7e6fac00a7d0 (Used 1 MB), Allocate result buffer, memory consumption 0 MB, capacity 17
[LIBGPUSPATIAL] [ 55793][17:31:17:023240][info  ] RTSpatialIndex 0x7e6fac00a7d0 (Used 1 MB), Probe Points, Size: 100000, Results: 15
[LIBGPUSPATIAL] [ 55791][17:31:17:023389][info  ] RTSpatialIndex 0x7e6fac00a7d0 (Used 0 MB), Probe Points, Size: 100000, Results: 17
[LIBGPUSPATIAL] [ 55793][17:31:17:023816][info  ] RTSpatialRefiner 0x7e6fafd29600 (Used 0 MB), Loaded Geometries, ProbeArray 100000, Loaded 15, Type Point
[LIBGPUSPATIAL] [ 55791][17:31:17:023845][info  ] RTSpatialRefiner 0x7e6fafd29600 (Used 0 MB), Loaded Geometries, ProbeArray 100000, Loaded 17, Type Point
[LIBGPUSPATIAL] [ 55793][17:31:17:023867][info  ] RTSpatialRefiner 0x7e6fafd29600 (Used 0 MB), Evaluating 15 Geometry Pairs with Predicate Intersects
[LIBGPUSPATIAL] [ 55791][17:31:17:023886][info  ] RTSpatialRefiner 0x7e6fafd29600 (Used 0 MB), Evaluating 17 Geometry Pairs with Predicate Intersects
[LIBGPUSPATIAL] [ 55798][17:31:17:025099][info  ] RTSpatialIndex 0x7e6fac00a7d0 (Used 3 MB), Allocate result buffer, memory consumption 0 MB, capacity 21
[LIBGPUSPATIAL] [ 55796][17:31:17:025743][info  ] RTSpatialIndex 0x7e6fac00a7d0 (Used 2 MB), Allocate result buffer, memory consumption 0 MB, capacity 13
[LIBGPUSPATIAL] [ 55798][17:31:17:026318][info  ] RTSpatialIndex 0x7e6fac00a7d0 (Used 3 MB), Probe Points, Size: 100000, Results: 21
[LIBGPUSPATIAL] [ 55796][17:31:17:026447][info  ] RTSpatialIndex 0x7e6fac00a7d0 (Used 2 MB), Probe Points, Size: 100000, Results: 13
[LIBGPUSPATIAL] [ 55795][17:31:17:026557][info  ] RTSpatialIndex 0x7e6fac00a7d0 (Used 1 MB), Allocate result buffer, memory consumption 0 MB, capacity 13
[LIBGPUSPATIAL] [ 55797][17:31:17:026873][info  ] RTSpatialIndex 0x7e6fac00a7d0 (Used 1 MB), Allocate result buffer, memory consumption 0 MB, capacity 15
[LIBGPUSPATIAL] [ 55796][17:31:17:027256][info  ] RTSpatialRefiner 0x7e6fafd29600 (Used 3 MB), Loaded Geometries, ProbeArray 100000, Loaded 13, Type Point
[LIBGPUSPATIAL] [ 55796][17:31:17:027323][info  ] RTSpatialRefiner 0x7e6fafd29600 (Used 3 MB), Evaluating 13 Geometry Pairs with Predicate Intersects
[LIBGPUSPATIAL] [ 55798][17:31:17:027261][info  ] RTSpatialRefiner 0x7e6fafd29600 (Used 3 MB), Loaded Geometries, ProbeArray 100000, Loaded 21, Type Point
[LIBGPUSPATIAL] [ 55798][17:31:17:027437][info  ] RTSpatialRefiner 0x7e6fafd29600 (Used 2 MB), Evaluating 21 Geometry Pairs with Predicate Intersects
[LIBGPUSPATIAL] [ 55795][17:31:17:027441][info  ] RTSpatialIndex 0x7e6fac00a7d0 (Used 2 MB), Probe Points, Size: 100000, Results: 13
[LIBGPUSPATIAL] [ 55797][17:31:17:027720][info  ] RTSpatialIndex 0x7e6fac00a7d0 (Used 1 MB), Probe Points, Size: 100000, Results: 15
[LIBGPUSPATIAL] [ 55792][17:31:17:027772][info  ] RTSpatialIndex 0x7e6fac00a7d0 (Used 1 MB), Allocate result buffer, memory consumption 0 MB, capacity 18
[LIBGPUSPATIAL] [ 55795][17:31:17:028083][info  ] RTSpatialRefiner 0x7e6fafd29600 (Used 0 MB), Loaded Geometries, ProbeArray 100000, Loaded 13, Type Point
[LIBGPUSPATIAL] [ 55795][17:31:17:028153][info  ] RTSpatialRefiner 0x7e6fafd29600 (Used 0 MB), Evaluating 13 Geometry Pairs with Predicate Intersects
[LIBGPUSPATIAL] [ 55792][17:31:17:028215][info  ] RTSpatialIndex 0x7e6fac00a7d0 (Used 0 MB), Probe Points, Size: 100000, Results: 18
[LIBGPUSPATIAL] [ 55797][17:31:17:028407][info  ] RTSpatialRefiner 0x7e6fafd29600 (Used 0 MB), Loaded Geometries, ProbeArray 100000, Loaded 15, Type Point
[LIBGPUSPATIAL] [ 55797][17:31:17:028476][info  ] RTSpatialRefiner 0x7e6fafd29600 (Used 0 MB), Evaluating 15 Geometry Pairs with Predicate Intersects
[LIBGPUSPATIAL] [ 55792][17:31:17:028789][info  ] RTSpatialRefiner 0x7e6fafd29600 (Used 0 MB), Loaded Geometries, ProbeArray 100000, Loaded 18, Type Point
[LIBGPUSPATIAL] [ 55792][17:31:17:028836][info  ] RTSpatialRefiner 0x7e6fafd29600 (Used 0 MB), Evaluating 18 Geometry Pairs with Predicate Intersects
[LIBGPUSPATIAL] [ 55794][17:31:17:030365][info  ] RTSpatialIndex 0x7e6fac00a7d0 (Used 1 MB), Allocate result buffer, memory consumption 0 MB, capacity 17
[LIBGPUSPATIAL] [ 55794][17:31:17:030494][info  ] RTSpatialIndex 0x7e6fac00a7d0 (Used 1 MB), Probe Points, Size: 100000, Results: 17
[LIBGPUSPATIAL] [ 55794][17:31:17:031082][info  ] RTSpatialRefiner 0x7e6fafd29600 (Used 0 MB), Loaded Geometries, ProbeArray 100000, Loaded 17, Type Point
[LIBGPUSPATIAL] [ 55794][17:31:17:031124][info  ] RTSpatialRefiner 0x7e6fafd29600 (Used 0 MB), Evaluating 17 Geometry Pairs with Predicate Intersects
[LIBGPUSPATIAL] [ 55793][17:31:17:038289][info  ] RTSpatialIndex 0x7e6fac00a7d0 (Used 1 MB), Allocate result buffer, memory consumption 0 MB, capacity 20
[LIBGPUSPATIAL] [ 55791][17:31:17:038293][info  ] RTSpatialIndex 0x7e6fac00a7d0 (Used 1 MB), Allocate result buffer, memory consumption 0 MB, capacity 9
[LIBGPUSPATIAL] [ 55793][17:31:17:038530][info  ] RTSpatialIndex 0x7e6fac00a7d0 (Used 1 MB), Probe Points, Size: 100000, Results: 20
[LIBGPUSPATIAL] [ 55791][17:31:17:038573][info  ] RTSpatialIndex 0x7e6fac00a7d0 (Used 0 MB), Probe Points, Size: 100000, Results: 9
[LIBGPUSPATIAL] [ 55793][17:31:17:038961][info  ] RTSpatialRefiner 0x7e6fafd29600 (Used 0 MB), Loaded Geometries, ProbeArray 100000, Loaded 20, Type Point
[LIBGPUSPATIAL] [ 55791][17:31:17:038969][info  ] RTSpatialRefiner 0x7e6fafd29600 (Used 0 MB), Loaded Geometries, ProbeArray 100000, Loaded 9, Type Point
[LIBGPUSPATIAL] [ 55793][17:31:17:039001][info  ] RTSpatialRefiner 0x7e6fafd29600 (Used 0 MB), Evaluating 20 Geometry Pairs with Predicate Intersects
[LIBGPUSPATIAL] [ 55791][17:31:17:039007][info  ] RTSpatialRefiner 0x7e6fafd29600 (Used 0 MB), Evaluating 9 Geometry Pairs with Predicate Intersects
[LIBGPUSPATIAL] [ 55798][17:31:17:041940][info  ] RTSpatialIndex 0x7e6fac00a7d0 (Used 1 MB), Allocate result buffer, memory consumption 0 MB, capacity 13
[LIBGPUSPATIAL] [ 55796][17:31:17:041984][info  ] RTSpatialIndex 0x7e6fac00a7d0 (Used 1 MB), Allocate result buffer, memory consumption 0 MB, capacity 10
[LIBGPUSPATIAL] [ 55798][17:31:17:042188][info  ] RTSpatialIndex 0x7e6fac00a7d0 (Used 1 MB), Probe Points, Size: 100000, Results: 13
[LIBGPUSPATIAL] [ 55796][17:31:17:042247][info  ] RTSpatialIndex 0x7e6fac00a7d0 (Used 0 MB), Probe Points, Size: 100000, Results: 10
[LIBGPUSPATIAL] [ 55798][17:31:17:042613][info  ] RTSpatialRefiner 0x7e6fafd29600 (Used 0 MB), Loaded Geometries, ProbeArray 100000, Loaded 13, Type Point
[LIBGPUSPATIAL] [ 55798][17:31:17:042658][info  ] RTSpatialRefiner 0x7e6fafd29600 (Used 0 MB), Evaluating 13 Geometry Pairs with Predicate Intersects
[LIBGPUSPATIAL] [ 55796][17:31:17:043385][info  ] RTSpatialRefiner 0x7e6fafd29600 (Used 4 MB), Loaded Geometries, ProbeArray 100000, Loaded 10, Type Point
[LIBGPUSPATIAL] [ 55796][17:31:17:043537][info  ] RTSpatialRefiner 0x7e6fafd29600 (Used 2 MB), Evaluating 10 Geometry Pairs with Predicate Intersects
[LIBGPUSPATIAL] [ 55795][17:31:17:044493][info  ] RTSpatialIndex 0x7e6fac00a7d0 (Used 3 MB), Allocate result buffer, memory consumption 0 MB, capacity 14
[LIBGPUSPATIAL] [ 55794][17:31:17:044807][info  ] RTSpatialIndex 0x7e6fac00a7d0 (Used 3 MB), Allocate result buffer, memory consumption 0 MB, capacity 13
[LIBGPUSPATIAL] [ 55795][17:31:17:044983][info  ] RTSpatialIndex 0x7e6fac00a7d0 (Used 3 MB), Probe Points, Size: 100000, Results: 14
[LIBGPUSPATIAL] [ 55797][17:31:17:045022][info  ] RTSpatialIndex 0x7e6fac00a7d0 (Used 2 MB), Allocate result buffer, memory consumption 0 MB, capacity 12
[LIBGPUSPATIAL] [ 55797][17:31:17:045308][info  ] RTSpatialIndex 0x7e6fac00a7d0 (Used 2 MB), Probe Points, Size: 100000, Results: 12
[LIBGPUSPATIAL] [ 55795][17:31:17:045521][info  ] RTSpatialRefiner 0x7e6fafd29600 (Used 1 MB), Loaded Geometries, ProbeArray 100000, Loaded 14, Type Point
[LIBGPUSPATIAL] [ 55792][17:31:17:045624][info  ] RTSpatialIndex 0x7e6fac00a7d0 (Used 1 MB), Allocate result buffer, memory consumption 0 MB, capacity 6
[LIBGPUSPATIAL] [ 55795][17:31:17:045658][info  ] RTSpatialRefiner 0x7e6fafd29600 (Used 1 MB), Evaluating 14 Geometry Pairs with Predicate Intersects
[LIBGPUSPATIAL] [ 55794][17:31:17:045787][info  ] RTSpatialIndex 0x7e6fac00a7d0 (Used 1 MB), Probe Points, Size: 100000, Results: 13
[LIBGPUSPATIAL] [ 55797][17:31:17:045951][info  ] RTSpatialRefiner 0x7e6fafd29600 (Used 0 MB), Loaded Geometries, ProbeArray 100000, Loaded 12, Type Point
[LIBGPUSPATIAL] [ 55797][17:31:17:045993][info  ] RTSpatialRefiner 0x7e6fafd29600 (Used 0 MB), Evaluating 12 Geometry Pairs with Predicate Intersects
[LIBGPUSPATIAL] [ 55792][17:31:17:046494][info  ] RTSpatialIndex 0x7e6fac00a7d0 (Used 0 MB), Probe Points, Size: 100000, Results: 6
[LIBGPUSPATIAL] [ 55794][17:31:17:046499][info  ] RTSpatialRefiner 0x7e6fafd29600 (Used 0 MB), Loaded Geometries, ProbeArray 100000, Loaded 13, Type Point
[LIBGPUSPATIAL] [ 55794][17:31:17:046776][info  ] RTSpatialRefiner 0x7e6fafd29600 (Used 0 MB), Evaluating 13 Geometry Pairs with Predicate Intersects
[LIBGPUSPATIAL] [ 55792][17:31:17:046947][info  ] RTSpatialRefiner 0x7e6fafd29600 (Used 0 MB), Loaded Geometries, ProbeArray 100000, Loaded 6, Type Point
[LIBGPUSPATIAL] [ 55792][17:31:17:047066][info  ] RTSpatialRefiner 0x7e6fafd29600 (Used 0 MB), Evaluating 6 Geometry Pairs with Predicate Intersects
[LIBGPUSPATIAL] [ 55793][17:31:17:051812][info  ] RTSpatialIndex 0x7e6fac00a7d0 (Used 0 MB), Allocate result buffer, memory consumption 0 MB, capacity 13
[LIBGPUSPATIAL] [ 55793][17:31:17:051944][info  ] RTSpatialIndex 0x7e6fac00a7d0 (Used 0 MB), Probe Points, Size: 100000, Results: 13
[LIBGPUSPATIAL] [ 55793][17:31:17:053235][info  ] RTSpatialRefiner 0x7e6fafd29600 (Used 0 MB), Loaded Geometries, ProbeArray 100000, Loaded 13, Type Point
[LIBGPUSPATIAL] [ 55793][17:31:17:053281][info  ] RTSpatialRefiner 0x7e6fafd29600 (Used 0 MB), Evaluating 13 Geometry Pairs with Predicate Intersects
[LIBGPUSPATIAL] [ 55791][17:31:17:055484][info  ] RTSpatialIndex 0x7e6fac00a7d0 (Used 0 MB), Allocate result buffer, memory consumption 0 MB, capacity 27
[LIBGPUSPATIAL] [ 55791][17:31:17:055612][info  ] RTSpatialIndex 0x7e6fac00a7d0 (Used 0 MB), Probe Points, Size: 100000, Results: 27
[LIBGPUSPATIAL] [ 55798][17:31:17:056215][info  ] RTSpatialIndex 0x7e6fac00a7d0 (Used 0 MB), Allocate result buffer, memory consumption 0 MB, capacity 11
[LIBGPUSPATIAL] [ 55798][17:31:17:056334][info  ] RTSpatialIndex 0x7e6fac00a7d0 (Used 0 MB), Probe Points, Size: 100000, Results: 11
[LIBGPUSPATIAL] [ 55798][17:31:17:056956][info  ] RTSpatialRefiner 0x7e6fafd29600 (Used 0 MB), Loaded Geometries, ProbeArray 100000, Loaded 11, Type Point
[LIBGPUSPATIAL] [ 55798][17:31:17:057006][info  ] RTSpatialRefiner 0x7e6fafd29600 (Used 0 MB), Evaluating 11 Geometry Pairs with Predicate Intersects
[LIBGPUSPATIAL] [ 55791][17:31:17:056964][info  ] RTSpatialRefiner 0x7e6fafd29600 (Used 0 MB), Loaded Geometries, ProbeArray 100000, Loaded 27, Type Point
[LIBGPUSPATIAL] [ 55791][17:31:17:057178][info  ] RTSpatialRefiner 0x7e6fafd29600 (Used 0 MB), Evaluating 27 Geometry Pairs with Predicate Intersects
[LIBGPUSPATIAL] [ 55796][17:31:17:059445][info  ] RTSpatialIndex 0x7e6fac00a7d0 (Used 1 MB), Allocate result buffer, memory consumption 0 MB, capacity 15
[LIBGPUSPATIAL] [ 55797][17:31:17:059496][info  ] RTSpatialIndex 0x7e6fac00a7d0 (Used 1 MB), Allocate result buffer, memory consumption 0 MB, capacity 8
[LIBGPUSPATIAL] [ 55796][17:31:17:059618][info  ] RTSpatialIndex 0x7e6fac00a7d0 (Used 1 MB), Probe Points, Size: 100000, Results: 15
[LIBGPUSPATIAL] [ 55797][17:31:17:059893][info  ] RTSpatialIndex 0x7e6fac00a7d0 (Used 0 MB), Probe Points, Size: 100000, Results: 8
[LIBGPUSPATIAL] [ 55792][17:31:17:060580][info  ] RTSpatialIndex 0x7e6fac00a7d0 (Used 0 MB), Allocate result buffer, memory consumption 0 MB, capacity 15
[LIBGPUSPATIAL] [ 55792][17:31:17:060762][info  ] RTSpatialIndex 0x7e6fac00a7d0 (Used 0 MB), Probe Points, Size: 100000, Results: 15
[LIBGPUSPATIAL] [ 55797][17:31:17:060871][info  ] RTSpatialRefiner 0x7e6fafd29600 (Used 0 MB), Loaded Geometries, ProbeArray 100000, Loaded 8, Type Point
[LIBGPUSPATIAL] [ 55797][17:31:17:060921][info  ] RTSpatialRefiner 0x7e6fafd29600 (Used 0 MB), Evaluating 8 Geometry Pairs with Predicate Intersects
[LIBGPUSPATIAL] [ 55796][17:31:17:061233][info  ] RTSpatialRefiner 0x7e6fafd29600 (Used 0 MB), Loaded Geometries, ProbeArray 100000, Loaded 15, Type Point
[LIBGPUSPATIAL] [ 55792][17:31:17:061560][info  ] RTSpatialRefiner 0x7e6fafd29600 (Used 0 MB), Loaded Geometries, ProbeArray 100000, Loaded 15, Type Point
[LIBGPUSPATIAL] [ 55792][17:31:17:061727][info  ] RTSpatialRefiner 0x7e6fafd29600 (Used 1 MB), Evaluating 15 Geometry Pairs with Predicate Intersects
[LIBGPUSPATIAL] [ 55796][17:31:17:061921][info  ] RTSpatialRefiner 0x7e6fafd29600 (Used 2 MB), Evaluating 15 Geometry Pairs with Predicate Intersects
[LIBGPUSPATIAL] [ 55795][17:31:17:062521][info  ] RTSpatialIndex 0x7e6fac00a7d0 (Used 1 MB), Allocate result buffer, memory consumption 0 MB, capacity 14
[LIBGPUSPATIAL] [ 55794][17:31:17:062904][info  ] RTSpatialIndex 0x7e6fac00a7d0 (Used 1 MB), Allocate result buffer, memory consumption 0 MB, capacity 12
[LIBGPUSPATIAL] [ 55795][17:31:17:063236][info  ] RTSpatialIndex 0x7e6fac00a7d0 (Used 1 MB), Probe Points, Size: 100000, Results: 14
[LIBGPUSPATIAL] [ 55794][17:31:17:063587][info  ] RTSpatialIndex 0x7e6fac00a7d0 (Used 0 MB), Probe Points, Size: 100000, Results: 12
[LIBGPUSPATIAL] [ 55795][17:31:17:065534][info  ] RTSpatialRefiner 0x7e6fafd29600 (Used 0 MB), Loaded Geometries, ProbeArray 100000, Loaded 14, Type Point
[LIBGPUSPATIAL] [ 55795][17:31:17:065584][info  ] RTSpatialRefiner 0x7e6fafd29600 (Used 0 MB), Evaluating 14 Geometry Pairs with Predicate Intersects
[LIBGPUSPATIAL] [ 55794][17:31:17:065818][info  ] RTSpatialRefiner 0x7e6fafd29600 (Used 0 MB), Loaded Geometries, ProbeArray 100000, Loaded 12, Type Point
[LIBGPUSPATIAL] [ 55794][17:31:17:065859][info  ] RTSpatialRefiner 0x7e6fafd29600 (Used 0 MB), Evaluating 12 Geometry Pairs with Predicate Intersects
[LIBGPUSPATIAL] [ 55793][17:31:17:066681][info  ] RTSpatialIndex 0x7e6fac00a7d0 (Used 0 MB), Allocate result buffer, memory consumption 0 MB, capacity 22
[LIBGPUSPATIAL] [ 55793][17:31:17:067128][info  ] RTSpatialIndex 0x7e6fac00a7d0 (Used 0 MB), Probe Points, Size: 100000, Results: 22
[LIBGPUSPATIAL] [ 55793][17:31:17:068216][info  ] RTSpatialRefiner 0x7e6fafd29600 (Used 0 MB), Loaded Geometries, ProbeArray 100000, Loaded 22, Type Point
[LIBGPUSPATIAL] [ 55793][17:31:17:068255][info  ] RTSpatialRefiner 0x7e6fafd29600 (Used 0 MB), Evaluating 22 Geometry Pairs with Predicate Intersects
[LIBGPUSPATIAL] [ 55798][17:31:17:070971][info  ] RTSpatialIndex 0x7e6fac00a7d0 (Used 1 MB), Allocate result buffer, memory consumption 0 MB, capacity 17
[LIBGPUSPATIAL] [ 55791][17:31:17:070975][info  ] RTSpatialIndex 0x7e6fac00a7d0 (Used 1 MB), Allocate result buffer, memory consumption 0 MB, capacity 17
[LIBGPUSPATIAL] [ 55798][17:31:17:071170][info  ] RTSpatialIndex 0x7e6fac00a7d0 (Used 1 MB), Probe Points, Size: 100000, Results: 17
[LIBGPUSPATIAL] [ 55791][17:31:17:071472][info  ] RTSpatialIndex 0x7e6fac00a7d0 (Used 0 MB), Probe Points, Size: 100000, Results: 17
[LIBGPUSPATIAL] [ 55798][17:31:17:071798][info  ] RTSpatialRefiner 0x7e6fafd29600 (Used 0 MB), Loaded Geometries, ProbeArray 100000, Loaded 17, Type Point
[LIBGPUSPATIAL] [ 55798][17:31:17:071843][info  ] RTSpatialRefiner 0x7e6fafd29600 (Used 0 MB), Evaluating 17 Geometry Pairs with Predicate Intersects
[LIBGPUSPATIAL] [ 55791][17:31:17:072257][info  ] RTSpatialRefiner 0x7e6fafd29600 (Used 0 MB), Loaded Geometries, ProbeArray 100000, Loaded 17, Type Point
[LIBGPUSPATIAL] [ 55791][17:31:17:072301][info  ] RTSpatialRefiner 0x7e6fafd29600 (Used 0 MB), Evaluating 17 Geometry Pairs with Predicate Intersects
[LIBGPUSPATIAL] [ 55797][17:31:17:074077][info  ] RTSpatialIndex 0x7e6fac00a7d0 (Used 0 MB), Allocate result buffer, memory consumption 0 MB, capacity 10
[LIBGPUSPATIAL] [ 55797][17:31:17:074200][info  ] RTSpatialIndex 0x7e6fac00a7d0 (Used 0 MB), Probe Points, Size: 100000, Results: 10
[LIBGPUSPATIAL] [ 55792][17:31:17:075956][info  ] RTSpatialIndex 0x7e6fac00a7d0 (Used 1 MB), Allocate result buffer, memory consumption 0 MB, capacity 9
[LIBGPUSPATIAL] [ 55796][17:31:17:076088][info  ] RTSpatialIndex 0x7e6fac00a7d0 (Used 1 MB), Allocate result buffer, memory consumption 0 MB, capacity 19
[LIBGPUSPATIAL] [ 55792][17:31:17:076143][info  ] RTSpatialIndex 0x7e6fac00a7d0 (Used 1 MB), Probe Points, Size: 100000, Results: 9
[LIBGPUSPATIAL] [ 55796][17:31:17:076284][info  ] RTSpatialIndex 0x7e6fac00a7d0 (Used 0 MB), Probe Points, Size: 100000, Results: 19
[LIBGPUSPATIAL] [ 55797][17:31:17:076536][info  ] RTSpatialRefiner 0x7e6fafd29600 (Used 0 MB), Loaded Geometries, ProbeArray 100000, Loaded 10, Type Point
[LIBGPUSPATIAL] [ 55797][17:31:17:076633][info  ] RTSpatialRefiner 0x7e6fafd29600 (Used 0 MB), Evaluating 10 Geometry Pairs with Predicate Intersects
[LIBGPUSPATIAL] [ 55796][17:31:17:076873][info  ] RTSpatialRefiner 0x7e6fafd29600 (Used 0 MB), Loaded Geometries, ProbeArray 100000, Loaded 19, Type Point
[LIBGPUSPATIAL] [ 55796][17:31:17:076918][info  ] RTSpatialRefiner 0x7e6fafd29600 (Used 0 MB), Evaluating 19 Geometry Pairs with Predicate Intersects
[LIBGPUSPATIAL] [ 55792][17:31:17:076960][info  ] RTSpatialRefiner 0x7e6fafd29600 (Used 0 MB), Loaded Geometries, ProbeArray 100000, Loaded 9, Type Point
[LIBGPUSPATIAL] [ 55792][17:31:17:077071][info  ] RTSpatialRefiner 0x7e6fafd29600 (Used 0 MB), Evaluating 9 Geometry Pairs with Predicate Intersects
[LIBGPUSPATIAL] [ 55794][17:31:17:079280][info  ] RTSpatialIndex 0x7e6fac00a7d0 (Used 0 MB), Allocate result buffer, memory consumption 0 MB, capacity 16
[LIBGPUSPATIAL] [ 55794][17:31:17:079410][info  ] RTSpatialIndex 0x7e6fac00a7d0 (Used 0 MB), Probe Points, Size: 100000, Results: 16
[LIBGPUSPATIAL] [ 55794][17:31:17:079789][info  ] RTSpatialRefiner 0x7e6fafd29600 (Used 0 MB), Loaded Geometries, ProbeArray 100000, Loaded 16, Type Point
[LIBGPUSPATIAL] [ 55794][17:31:17:079831][info  ] RTSpatialRefiner 0x7e6fafd29600 (Used 0 MB), Evaluating 16 Geometry Pairs with Predicate Intersects
[LIBGPUSPATIAL] [ 55795][17:31:17:081297][info  ] RTSpatialIndex 0x7e6fac00a7d0 (Used 0 MB), Allocate result buffer, memory consumption 0 MB, capacity 17
[LIBGPUSPATIAL] [ 55795][17:31:17:082014][info  ] RTSpatialIndex 0x7e6fac00a7d0 (Used 1 MB), Probe Points, Size: 100000, Results: 17
[LIBGPUSPATIAL] [ 55793][17:31:17:082094][info  ] RTSpatialIndex 0x7e6fac00a7d0 (Used 0 MB), Allocate result buffer, memory consumption 0 MB, capacity 15
[LIBGPUSPATIAL] [ 55793][17:31:17:082476][info  ] RTSpatialIndex 0x7e6fac00a7d0 (Used 0 MB), Probe Points, Size: 100000, Results: 15
[LIBGPUSPATIAL] [ 55795][17:31:17:082665][info  ] RTSpatialRefiner 0x7e6fafd29600 (Used 0 MB), Loaded Geometries, ProbeArray 100000, Loaded 17, Type Point
[LIBGPUSPATIAL] [ 55795][17:31:17:082705][info  ] RTSpatialRefiner 0x7e6fafd29600 (Used 0 MB), Evaluating 17 Geometry Pairs with Predicate Intersects
[LIBGPUSPATIAL] [ 55793][17:31:17:082914][info  ] RTSpatialRefiner 0x7e6fafd29600 (Used 0 MB), Loaded Geometries, ProbeArray 100000, Loaded 15, Type Point
[LIBGPUSPATIAL] [ 55793][17:31:17:082950][info  ] RTSpatialRefiner 0x7e6fafd29600 (Used 0 MB), Evaluating 15 Geometry Pairs with Predicate Intersects
[LIBGPUSPATIAL] [ 55798][17:31:17:084988][info  ] RTSpatialIndex 0x7e6fac00a7d0 (Used 0 MB), Allocate result buffer, memory consumption 0 MB, capacity 11
[LIBGPUSPATIAL] [ 55798][17:31:17:085143][info  ] RTSpatialIndex 0x7e6fac00a7d0 (Used 0 MB), Probe Points, Size: 100000, Results: 11
[LIBGPUSPATIAL] [ 55798][17:31:17:086307][info  ] RTSpatialRefiner 0x7e6fafd29600 (Used 0 MB), Loaded Geometries, ProbeArray 100000, Loaded 11, Type Point
[LIBGPUSPATIAL] [ 55798][17:31:17:086353][info  ] RTSpatialRefiner 0x7e6fafd29600 (Used 0 MB), Evaluating 11 Geometry Pairs with Predicate Intersects
[LIBGPUSPATIAL] [ 55791][17:31:17:086592][info  ] RTSpatialIndex 0x7e6fac00a7d0 (Used 0 MB), Allocate result buffer, memory consumption 0 MB, capacity 21
[LIBGPUSPATIAL] [ 55791][17:31:17:086978][info  ] RTSpatialIndex 0x7e6fac00a7d0 (Used 0 MB), Probe Points, Size: 100000, Results: 21
[LIBGPUSPATIAL] [ 55791][17:31:17:087450][info  ] RTSpatialRefiner 0x7e6fafd29600 (Used 0 MB), Loaded Geometries, ProbeArray 100000, Loaded 21, Type Point
[LIBGPUSPATIAL] [ 55791][17:31:17:087550][info  ] RTSpatialRefiner 0x7e6fafd29600 (Used 0 MB), Evaluating 21 Geometry Pairs with Predicate Intersects
[LIBGPUSPATIAL] [ 55796][17:31:17:090237][info  ] RTSpatialIndex 0x7e6fac00a7d0 (Used 0 MB), Allocate result buffer, memory consumption 0 MB, capacity 22
[LIBGPUSPATIAL] [ 55796][17:31:17:090428][info  ] RTSpatialIndex 0x7e6fac00a7d0 (Used 0 MB), Probe Points, Size: 100000, Results: 22
[LIBGPUSPATIAL] [ 55796][17:31:17:090993][info  ] RTSpatialRefiner 0x7e6fafd29600 (Used 1 MB), Loaded Geometries, ProbeArray 100000, Loaded 22, Type Point
[LIBGPUSPATIAL] [ 55796][17:31:17:091147][info  ] RTSpatialRefiner 0x7e6fafd29600 (Used 3 MB), Evaluating 22 Geometry Pairs with Predicate Intersects
[LIBGPUSPATIAL] [ 55792][17:31:17:091591][info  ] RTSpatialIndex 0x7e6fac00a7d0 (Used 1 MB), Allocate result buffer, memory consumption 0 MB, capacity 14
[LIBGPUSPATIAL] [ 55797][17:31:17:091701][info  ] RTSpatialIndex 0x7e6fac00a7d0 (Used 1 MB), Allocate result buffer, memory consumption 0 MB, capacity 16
[LIBGPUSPATIAL] [ 55792][17:31:17:092017][info  ] RTSpatialIndex 0x7e6fac00a7d0 (Used 1 MB), Probe Points, Size: 100000, Results: 14
[LIBGPUSPATIAL] [ 55797][17:31:17:092187][info  ] RTSpatialIndex 0x7e6fac00a7d0 (Used 0 MB), Probe Points, Size: 100000, Results: 16
[LIBGPUSPATIAL] [ 55792][17:31:17:092650][info  ] RTSpatialRefiner 0x7e6fafd29600 (Used 0 MB), Loaded Geometries, ProbeArray 100000, Loaded 14, Type Point
[LIBGPUSPATIAL] [ 55792][17:31:17:092776][info  ] RTSpatialRefiner 0x7e6fafd29600 (Used 0 MB), Evaluating 14 Geometry Pairs with Predicate Intersects
[LIBGPUSPATIAL] [ 55794][17:31:17:092836][info  ] RTSpatialIndex 0x7e6fac00a7d0 (Used 0 MB), Allocate result buffer, memory consumption 0 MB, capacity 11
[LIBGPUSPATIAL] [ 55797][17:31:17:092844][info  ] RTSpatialRefiner 0x7e6fafd29600 (Used 0 MB), Loaded Geometries, ProbeArray 100000, Loaded 16, Type Point
[LIBGPUSPATIAL] [ 55797][17:31:17:092949][info  ] RTSpatialRefiner 0x7e6fafd29600 (Used 0 MB), Evaluating 16 Geometry Pairs with Predicate Intersects
[LIBGPUSPATIAL] [ 55794][17:31:17:093158][info  ] RTSpatialIndex 0x7e6fac00a7d0 (Used 0 MB), Probe Points, Size: 100000, Results: 11
[LIBGPUSPATIAL] [ 55794][17:31:17:093846][info  ] RTSpatialRefiner 0x7e6fafd29600 (Used 0 MB), Loaded Geometries, ProbeArray 100000, Loaded 11, Type Point
[LIBGPUSPATIAL] [ 55794][17:31:17:093886][info  ] RTSpatialRefiner 0x7e6fafd29600 (Used 0 MB), Evaluating 11 Geometry Pairs with Predicate Intersects
[LIBGPUSPATIAL] [ 55793][17:31:17:096062][info  ] RTSpatialIndex 0x7e6fac00a7d0 (Used 2 MB), Allocate result buffer, memory consumption 0 MB, capacity 14
[LIBGPUSPATIAL] [ 55793][17:31:17:096632][info  ] RTSpatialIndex 0x7e6fac00a7d0 (Used 1 MB), Probe Points, Size: 100000, Results: 14
[LIBGPUSPATIAL] [ 55795][17:31:17:096899][info  ] RTSpatialIndex 0x7e6fac00a7d0 (Used 0 MB), Allocate result buffer, memory consumption 0 MB, capacity 15
[LIBGPUSPATIAL] [ 55795][17:31:17:097031][info  ] RTSpatialIndex 0x7e6fac00a7d0 (Used 0 MB), Probe Points, Size: 100000, Results: 15
[LIBGPUSPATIAL] [ 55793][17:31:17:097404][info  ] RTSpatialRefiner 0x7e6fafd29600 (Used 0 MB), Loaded Geometries, ProbeArray 100000, Loaded 14, Type Point
[LIBGPUSPATIAL] [ 55793][17:31:17:097445][info  ] RTSpatialRefiner 0x7e6fafd29600 (Used 0 MB), Evaluating 14 Geometry Pairs with Predicate Intersects
[LIBGPUSPATIAL] [ 55795][17:31:17:098301][info  ] RTSpatialRefiner 0x7e6fafd29600 (Used 0 MB), Loaded Geometries, ProbeArray 100000, Loaded 15, Type Point
[LIBGPUSPATIAL] [ 55795][17:31:17:098359][info  ] RTSpatialRefiner 0x7e6fafd29600 (Used 0 MB), Evaluating 15 Geometry Pairs with Predicate Intersects
[LIBGPUSPATIAL] [ 55798][17:31:17:100155][info  ] RTSpatialIndex 0x7e6fac00a7d0 (Used 0 MB), Allocate result buffer, memory consumption 0 MB, capacity 17
[LIBGPUSPATIAL] [ 55798][17:31:17:100382][info  ] RTSpatialIndex 0x7e6fac00a7d0 (Used 0 MB), Probe Points, Size: 100000, Results: 17
[LIBGPUSPATIAL] [ 55791][17:31:17:100886][info  ] RTSpatialIndex 0x7e6fac00a7d0 (Used 0 MB), Allocate result buffer, memory consumption 0 MB, capacity 10
[LIBGPUSPATIAL] [ 55791][17:31:17:101007][info  ] RTSpatialIndex 0x7e6fac00a7d0 (Used 0 MB), Probe Points, Size: 100000, Results: 10
[LIBGPUSPATIAL] [ 55798][17:31:17:101380][info  ] RTSpatialRefiner 0x7e6fafd29600 (Used 0 MB), Loaded Geometries, ProbeArray 100000, Loaded 17, Type Point
[LIBGPUSPATIAL] [ 55798][17:31:17:101423][info  ] RTSpatialRefiner 0x7e6fafd29600 (Used 0 MB), Evaluating 17 Geometry Pairs with Predicate Intersects
[LIBGPUSPATIAL] [ 55791][17:31:17:102914][info  ] RTSpatialRefiner 0x7e6fafd29600 (Used 0 MB), Loaded Geometries, ProbeArray 100000, Loaded 10, Type Point
[LIBGPUSPATIAL] [ 55791][17:31:17:103028][info  ] RTSpatialRefiner 0x7e6fafd29600 (Used 0 MB), Evaluating 10 Geometry Pairs with Predicate Intersects
[LIBGPUSPATIAL] [ 55796][17:31:17:105156][info  ] RTSpatialIndex 0x7e6fac00a7d0 (Used 0 MB), Allocate result buffer, memory consumption 0 MB, capacity 16
[LIBGPUSPATIAL] [ 55796][17:31:17:105264][info  ] RTSpatialIndex 0x7e6fac00a7d0 (Used 0 MB), Probe Points, Size: 100000, Results: 16
[LIBGPUSPATIAL] [ 55796][17:31:17:106910][info  ] RTSpatialRefiner 0x7e6fafd29600 (Used 3 MB), Loaded Geometries, ProbeArray 100000, Loaded 16, Type Point
[LIBGPUSPATIAL] [ 55797][17:31:17:106961][info  ] RTSpatialIndex 0x7e6fac00a7d0 (Used 1 MB), Allocate result buffer, memory consumption 0 MB, capacity 17
[LIBGPUSPATIAL] [ 55796][17:31:17:107144][info  ] RTSpatialRefiner 0x7e6fafd29600 (Used 3 MB), Evaluating 16 Geometry Pairs with Predicate Intersects
[LIBGPUSPATIAL] [ 55792][17:31:17:107392][info  ] RTSpatialIndex 0x7e6fac00a7d0 (Used 2 MB), Allocate result buffer, memory consumption 0 MB, capacity 20
[LIBGPUSPATIAL] [ 55797][17:31:17:107727][info  ] RTSpatialIndex 0x7e6fac00a7d0 (Used 2 MB), Probe Points, Size: 100000, Results: 17
[LIBGPUSPATIAL] [ 55794][17:31:17:107961][info  ] RTSpatialIndex 0x7e6fac00a7d0 (Used 1 MB), Allocate result buffer, memory consumption 0 MB, capacity 15
[LIBGPUSPATIAL] [ 55792][17:31:17:108356][info  ] RTSpatialIndex 0x7e6fac00a7d0 (Used 1 MB), Probe Points, Size: 100000, Results: 20
[LIBGPUSPATIAL] [ 55797][17:31:17:108421][info  ] RTSpatialRefiner 0x7e6fafd29600 (Used 0 MB), Loaded Geometries, ProbeArray 100000, Loaded 17, Type Point
[LIBGPUSPATIAL] [ 55797][17:31:17:108584][info  ] RTSpatialRefiner 0x7e6fafd29600 (Used 0 MB), Evaluating 17 Geometry Pairs with Predicate Intersects
[LIBGPUSPATIAL] [ 55794][17:31:17:108644][info  ] RTSpatialIndex 0x7e6fac00a7d0 (Used 0 MB), Probe Points, Size: 100000, Results: 15
[LIBGPUSPATIAL] [ 55792][17:31:17:109140][info  ] RTSpatialRefiner 0x7e6fafd29600 (Used 0 MB), Loaded Geometries, ProbeArray 100000, Loaded 20, Type Point
[LIBGPUSPATIAL] [ 55792][17:31:17:109217][info  ] RTSpatialRefiner 0x7e6fafd29600 (Used 0 MB), Evaluating 20 Geometry Pairs with Predicate Intersects
[LIBGPUSPATIAL] [ 55793][17:31:17:109941][info  ] RTSpatialIndex 0x7e6fac00a7d0 (Used 0 MB), Allocate result buffer, memory consumption 0 MB, capacity 11
[LIBGPUSPATIAL] [ 55794][17:31:17:109961][info  ] RTSpatialRefiner 0x7e6fafd29600 (Used 0 MB), Loaded Geometries, ProbeArray 100000, Loaded 15, Type Point
[LIBGPUSPATIAL] [ 55794][17:31:17:110070][info  ] RTSpatialRefiner 0x7e6fafd29600 (Used 0 MB), Evaluating 15 Geometry Pairs with Predicate Intersects
[LIBGPUSPATIAL] [ 55793][17:31:17:110398][info  ] RTSpatialIndex 0x7e6fac00a7d0 (Used 2 MB), Probe Points, Size: 100000, Results: 11
[LIBGPUSPATIAL] [ 55795][17:31:17:110984][info  ] RTSpatialIndex 0x7e6fac00a7d0 (Used 0 MB), Allocate result buffer, memory consumption 0 MB, capacity 11
[LIBGPUSPATIAL] [ 55795][17:31:17:111232][info  ] RTSpatialIndex 0x7e6fac00a7d0 (Used 0 MB), Probe Points, Size: 100000, Results: 11
[LIBGPUSPATIAL] [ 55793][17:31:17:111241][info  ] RTSpatialRefiner 0x7e6fafd29600 (Used 0 MB), Loaded Geometries, ProbeArray 100000, Loaded 11, Type Point
[LIBGPUSPATIAL] [ 55793][17:31:17:111474][info  ] RTSpatialRefiner 0x7e6fafd29600 (Used 0 MB), Evaluating 11 Geometry Pairs with Predicate Intersects
[LIBGPUSPATIAL] [ 55795][17:31:17:111605][info  ] RTSpatialRefiner 0x7e6fafd29600 (Used 0 MB), Loaded Geometries, ProbeArray 100000, Loaded 11, Type Point
[LIBGPUSPATIAL] [ 55795][17:31:17:111652][info  ] RTSpatialRefiner 0x7e6fafd29600 (Used 0 MB), Evaluating 11 Geometry Pairs with Predicate Intersects
[LIBGPUSPATIAL] [ 55798][17:31:17:113551][info  ] RTSpatialIndex 0x7e6fac00a7d0 (Used 0 MB), Allocate result buffer, memory consumption 0 MB, capacity 14
[LIBGPUSPATIAL] [ 55798][17:31:17:113677][info  ] RTSpatialIndex 0x7e6fac00a7d0 (Used 0 MB), Probe Points, Size: 100000, Results: 14
[LIBGPUSPATIAL] [ 55798][17:31:17:115252][info  ] RTSpatialRefiner 0x7e6fafd29600 (Used 0 MB), Loaded Geometries, ProbeArray 100000, Loaded 14, Type Point
[LIBGPUSPATIAL] [ 55798][17:31:17:115295][info  ] RTSpatialRefiner 0x7e6fafd29600 (Used 0 MB), Evaluating 14 Geometry Pairs with Predicate Intersects
[LIBGPUSPATIAL] [ 55791][17:31:17:117293][info  ] RTSpatialIndex 0x7e6fac00a7d0 (Used 0 MB), Allocate result buffer, memory consumption 0 MB, capacity 14
[LIBGPUSPATIAL] [ 55791][17:31:17:117445][info  ] RTSpatialIndex 0x7e6fac00a7d0 (Used 0 MB), Probe Points, Size: 100000, Results: 14
[LIBGPUSPATIAL] [ 55791][17:31:17:118167][info  ] RTSpatialRefiner 0x7e6fafd29600 (Used 0 MB), Loaded Geometries, ProbeArray 100000, Loaded 14, Type Point
[LIBGPUSPATIAL] [ 55791][17:31:17:118216][info  ] RTSpatialRefiner 0x7e6fafd29600 (Used 0 MB), Evaluating 14 Geometry Pairs with Predicate Intersects
[LIBGPUSPATIAL] [ 55796][17:31:17:121440][info  ] RTSpatialIndex 0x7e6fac00a7d0 (Used 2 MB), Allocate result buffer, memory consumption 0 MB, capacity 17
[LIBGPUSPATIAL] [ 55796][17:31:17:122053][info  ] RTSpatialIndex 0x7e6fac00a7d0 (Used 1 MB), Probe Points, Size: 100000, Results: 17
[LIBGPUSPATIAL] [ 55797][17:31:17:122123][info  ] RTSpatialIndex 0x7e6fac00a7d0 (Used 0 MB), Allocate result buffer, memory consumption 0 MB, capacity 24
[LIBGPUSPATIAL] [ 55797][17:31:17:122434][info  ] RTSpatialIndex 0x7e6fac00a7d0 (Used 0 MB), Probe Points, Size: 100000, Results: 24
[LIBGPUSPATIAL] [ 55796][17:31:17:122691][info  ] RTSpatialRefiner 0x7e6fafd29600 (Used 0 MB), Loaded Geometries, ProbeArray 100000, Loaded 17, Type Point
[LIBGPUSPATIAL] [ 55796][17:31:17:122735][info  ] RTSpatialRefiner 0x7e6fafd29600 (Used 0 MB), Evaluating 17 Geometry Pairs with Predicate Intersects
[LIBGPUSPATIAL] [ 55794][17:31:17:124217][info  ] RTSpatialIndex 0x7e6fac00a7d0 (Used 1 MB), Allocate result buffer, memory consumption 0 MB, capacity 17
[LIBGPUSPATIAL] [ 55792][17:31:17:124323][info  ] RTSpatialIndex 0x7e6fac00a7d0 (Used 1 MB), Allocate result buffer, memory consumption 0 MB, capacity 16
[LIBGPUSPATIAL] [ 55794][17:31:17:124359][info  ] RTSpatialIndex 0x7e6fac00a7d0 (Used 1 MB), Probe Points, Size: 100000, Results: 17
[LIBGPUSPATIAL] [ 55792][17:31:17:124825][info  ] RTSpatialIndex 0x7e6fac00a7d0 (Used 1 MB), Probe Points, Size: 100000, Results: 16
[LIBGPUSPATIAL] [ 55793][17:31:17:124895][info  ] RTSpatialIndex 0x7e6fac00a7d0 (Used 0 MB), Allocate result buffer, memory consumption 0 MB, capacity 15
[LIBGPUSPATIAL] [ 55793][17:31:17:125112][info  ] RTSpatialIndex 0x7e6fac00a7d0 (Used 0 MB), Probe Points, Size: 100000, Results: 15
[LIBGPUSPATIAL] [ 55795][17:31:17:125727][info  ] RTSpatialIndex 0x7e6fac00a7d0 (Used 0 MB), Allocate result buffer, memory consumption 0 MB, capacity 19
[LIBGPUSPATIAL] [ 55795][17:31:17:125936][info  ] RTSpatialIndex 0x7e6fac00a7d0 (Used 0 MB), Probe Points, Size: 100000, Results: 19
[LIBGPUSPATIAL] [ 55797][17:31:17:125957][info  ] RTSpatialRefiner 0x7e6fafd29600 (Used 0 MB), Loaded Geometries, ProbeArray 100000, Loaded 24, Type Point
[LIBGPUSPATIAL] [ 55797][17:31:17:126072][info  ] RTSpatialRefiner 0x7e6fafd29600 (Used 0 MB), Evaluating 24 Geometry Pairs with Predicate Intersects
[LIBGPUSPATIAL] [ 55794][17:31:17:126336][info  ] RTSpatialRefiner 0x7e6fafd29600 (Used 0 MB), Loaded Geometries, ProbeArray 100000, Loaded 17, Type Point
[LIBGPUSPATIAL] [ 55794][17:31:17:126389][info  ] RTSpatialRefiner 0x7e6fafd29600 (Used 0 MB), Evaluating 17 Geometry Pairs with Predicate Intersects
[LIBGPUSPATIAL] [ 55792][17:31:17:126482][info  ] RTSpatialRefiner 0x7e6fafd29600 (Used 0 MB), Loaded Geometries, ProbeArray 100000, Loaded 16, Type Point
[LIBGPUSPATIAL] [ 55792][17:31:17:126532][info  ] RTSpatialRefiner 0x7e6fafd29600 (Used 0 MB), Evaluating 16 Geometry Pairs with Predicate Intersects
[LIBGPUSPATIAL] [ 55795][17:31:17:126752][info  ] RTSpatialRefiner 0x7e6fafd29600 (Used 0 MB), Loaded Geometries, ProbeArray 100000, Loaded 19, Type Point
[LIBGPUSPATIAL] [ 55793][17:31:17:126801][info  ] RTSpatialRefiner 0x7e6fafd29600 (Used 0 MB), Loaded Geometries, ProbeArray 100000, Loaded 15, Type Point
[LIBGPUSPATIAL] [ 55795][17:31:17:126813][info  ] RTSpatialRefiner 0x7e6fafd29600 (Used 0 MB), Evaluating 19 Geometry Pairs with Predicate Intersects
[LIBGPUSPATIAL] [ 55793][17:31:17:126837][info  ] RTSpatialRefiner 0x7e6fafd29600 (Used 0 MB), Evaluating 15 Geometry Pairs with Predicate Intersects
[LIBGPUSPATIAL] [ 55798][17:31:17:127955][info  ] RTSpatialIndex 0x7e6fac00a7d0 (Used 0 MB), Allocate result buffer, memory consumption 0 MB, capacity 11
[LIBGPUSPATIAL] [ 55798][17:31:17:128307][info  ] RTSpatialIndex 0x7e6fac00a7d0 (Used 0 MB), Probe Points, Size: 100000, Results: 11
[LIBGPUSPATIAL] [ 55798][17:31:17:128637][info  ] RTSpatialRefiner 0x7e6fafd29600 (Used 0 MB), Loaded Geometries, ProbeArray 100000, Loaded 11, Type Point
[LIBGPUSPATIAL] [ 55798][17:31:17:128679][info  ] RTSpatialRefiner 0x7e6fafd29600 (Used 0 MB), Evaluating 11 Geometry Pairs with Predicate Intersects
[LIBGPUSPATIAL] [ 55791][17:31:17:131241][info  ] RTSpatialIndex 0x7e6fac00a7d0 (Used 0 MB), Allocate result buffer, memory consumption 0 MB, capacity 14
[LIBGPUSPATIAL] [ 55791][17:31:17:131375][info  ] RTSpatialIndex 0x7e6fac00a7d0 (Used 0 MB), Probe Points, Size: 100000, Results: 14
[LIBGPUSPATIAL] [ 55791][17:31:17:132212][info  ] RTSpatialRefiner 0x7e6fafd29600 (Used 0 MB), Loaded Geometries, ProbeArray 100000, Loaded 14, Type Point
[LIBGPUSPATIAL] [ 55791][17:31:17:132255][info  ] RTSpatialRefiner 0x7e6fafd29600 (Used 0 MB), Evaluating 14 Geometry Pairs with Predicate Intersects
[LIBGPUSPATIAL] [ 55796][17:31:17:136008][info  ] RTSpatialIndex 0x7e6fac00a7d0 (Used 0 MB), Allocate result buffer, memory consumption 0 MB, capacity 11
[LIBGPUSPATIAL] [ 55796][17:31:17:136146][info  ] RTSpatialIndex 0x7e6fac00a7d0 (Used 0 MB), Probe Points, Size: 100000, Results: 11
[LIBGPUSPATIAL] [ 55796][17:31:17:136605][info  ] RTSpatialRefiner 0x7e6fafd29600 (Used 0 MB), Loaded Geometries, ProbeArray 100000, Loaded 11, Type Point
[LIBGPUSPATIAL] [ 55796][17:31:17:136649][info  ] RTSpatialRefiner 0x7e6fafd29600 (Used 0 MB), Evaluating 11 Geometry Pairs with Predicate Intersects
[LIBGPUSPATIAL] [ 55797][17:31:17:138847][info  ] RTSpatialIndex 0x7e6fac00a7d0 (Used 0 MB), Allocate result buffer, memory consumption 0 MB, capacity 13
[LIBGPUSPATIAL] [ 55797][17:31:17:138969][info  ] RTSpatialIndex 0x7e6fac00a7d0 (Used 0 MB), Probe Points, Size: 100000, Results: 13
[LIBGPUSPATIAL] [ 55797][17:31:17:140402][info  ] RTSpatialRefiner 0x7e6fafd29600 (Used 3 MB), Loaded Geometries, ProbeArray 100000, Loaded 13, Type Point
[LIBGPUSPATIAL] [ 55797][17:31:17:140537][info  ] RTSpatialRefiner 0x7e6fafd29600 (Used 3 MB), Evaluating 13 Geometry Pairs with Predicate Intersects
[LIBGPUSPATIAL] [ 55795][17:31:17:141419][info  ] RTSpatialIndex 0x7e6fac00a7d0 (Used 3 MB), Allocate result buffer, memory consumption 0 MB, capacity 16
[LIBGPUSPATIAL] [ 55794][17:31:17:141726][info  ] RTSpatialIndex 0x7e6fac00a7d0 (Used 4 MB), Allocate result buffer, memory consumption 0 MB, capacity 16
[LIBGPUSPATIAL] [ 55792][17:31:17:141961][info  ] RTSpatialIndex 0x7e6fac00a7d0 (Used 4 MB), Allocate result buffer, memory consumption 0 MB, capacity 9
[LIBGPUSPATIAL] [ 55798][17:31:17:142124][info  ] RTSpatialIndex 0x7e6fac00a7d0 (Used 4 MB), Allocate result buffer, memory consumption 0 MB, capacity 17
[LIBGPUSPATIAL] [ 55792][17:31:17:142225][info  ] RTSpatialIndex 0x7e6fac00a7d0 (Used 4 MB), Probe Points, Size: 100000, Results: 9
[LIBGPUSPATIAL] [ 55793][17:31:17:142513][info  ] RTSpatialIndex 0x7e6fac00a7d0 (Used 3 MB), Allocate result buffer, memory consumption 0 MB, capacity 8
[LIBGPUSPATIAL] [ 55794][17:31:17:142642][info  ] RTSpatialIndex 0x7e6fac00a7d0 (Used 3 MB), Probe Points, Size: 100000, Results: 16
[LIBGPUSPATIAL] [ 55792][17:31:17:142777][info  ] RTSpatialRefiner 0x7e6fafd29600 (Used 2 MB), Loaded Geometries, ProbeArray 100000, Loaded 9, Type Point
[LIBGPUSPATIAL] [ 55792][17:31:17:142827][info  ] RTSpatialRefiner 0x7e6fafd29600 (Used 2 MB), Evaluating 9 Geometry Pairs with Predicate Intersects
[LIBGPUSPATIAL] [ 55795][17:31:17:142971][info  ] RTSpatialIndex 0x7e6fac00a7d0 (Used 2 MB), Probe Points, Size: 100000, Results: 16
[LIBGPUSPATIAL] [ 55793][17:31:17:143125][info  ] RTSpatialIndex 0x7e6fac00a7d0 (Used 1 MB), Probe Points, Size: 100000, Results: 8
[LIBGPUSPATIAL] [ 55798][17:31:17:143371][info  ] RTSpatialIndex 0x7e6fac00a7d0 (Used 0 MB), Probe Points, Size: 100000, Results: 17
[LIBGPUSPATIAL] [ 55794][17:31:17:143439][info  ] RTSpatialRefiner 0x7e6fafd29600 (Used 0 MB), Loaded Geometries, ProbeArray 100000, Loaded 16, Type Point
[LIBGPUSPATIAL] [ 55794][17:31:17:143489][info  ] RTSpatialRefiner 0x7e6fafd29600 (Used 0 MB), Evaluating 16 Geometry Pairs with Predicate Intersects
[LIBGPUSPATIAL] [ 55793][17:31:17:144176][info  ] RTSpatialRefiner 0x7e6fafd29600 (Used 0 MB), Loaded Geometries, ProbeArray 100000, Loaded 8, Type Point
[LIBGPUSPATIAL] [ 55793][17:31:17:144223][info  ] RTSpatialRefiner 0x7e6fafd29600 (Used 0 MB), Evaluating 8 Geometry Pairs with Predicate Intersects
[LIBGPUSPATIAL] [ 55795][17:31:17:144277][info  ] RTSpatialRefiner 0x7e6fafd29600 (Used 0 MB), Loaded Geometries, ProbeArray 100000, Loaded 16, Type Point
[LIBGPUSPATIAL] [ 55795][17:31:17:144348][info  ] RTSpatialRefiner 0x7e6fafd29600 (Used 0 MB), Evaluating 16 Geometry Pairs with Predicate Intersects
[LIBGPUSPATIAL] [ 55798][17:31:17:144390][info  ] RTSpatialRefiner 0x7e6fafd29600 (Used 0 MB), Loaded Geometries, ProbeArray 100000, Loaded 17, Type Point
[LIBGPUSPATIAL] [ 55798][17:31:17:144427][info  ] RTSpatialRefiner 0x7e6fafd29600 (Used 0 MB), Evaluating 17 Geometry Pairs with Predicate Intersects
[LIBGPUSPATIAL] [ 55791][17:31:17:146796][info  ] RTSpatialIndex 0x7e6fac00a7d0 (Used 0 MB), Allocate result buffer, memory consumption 0 MB, capacity 14
[LIBGPUSPATIAL] [ 55791][17:31:17:146981][info  ] RTSpatialIndex 0x7e6fac00a7d0 (Used 0 MB), Probe Points, Size: 100000, Results: 14
[LIBGPUSPATIAL] [ 55796][17:31:17:148662][info  ] RTSpatialIndex 0x7e6fac00a7d0 (Used 0 MB), Allocate result buffer, memory consumption 0 MB, capacity 12
[LIBGPUSPATIAL] [ 55796][17:31:17:148779][info  ] RTSpatialIndex 0x7e6fac00a7d0 (Used 0 MB), Probe Points, Size: 100000, Results: 12
[LIBGPUSPATIAL] [ 55791][17:31:17:149032][info  ] RTSpatialRefiner 0x7e6fafd29600 (Used 0 MB), Loaded Geometries, ProbeArray 100000, Loaded 14, Type Point
[LIBGPUSPATIAL] [ 55791][17:31:17:149093][info  ] RTSpatialRefiner 0x7e6fafd29600 (Used 0 MB), Evaluating 14 Geometry Pairs with Predicate Intersects
[LIBGPUSPATIAL] [ 55796][17:31:17:149737][info  ] RTSpatialRefiner 0x7e6fafd29600 (Used 0 MB), Loaded Geometries, ProbeArray 100000, Loaded 12, Type Point
[LIBGPUSPATIAL] [ 55796][17:31:17:149784][info  ] RTSpatialRefiner 0x7e6fafd29600 (Used 0 MB), Evaluating 12 Geometry Pairs with Predicate Intersects
[LIBGPUSPATIAL] [ 55793][17:31:17:150194][info  ] RTSpatialIndex 0x7e6fac00a7d0 (Used 0 MB), Allocate result buffer, memory consumption 0 MB, capacity 3
[LIBGPUSPATIAL] [ 55793][17:31:17:150527][info  ] RTSpatialIndex 0x7e6fac00a7d0 (Used 0 MB), Probe Points, Size: 33333, Results: 3
[LIBGPUSPATIAL] [ 55793][17:31:17:150891][info  ] RTSpatialRefiner 0x7e6fafd29600 (Used 0 MB), Loaded Geometries, ProbeArray 33333, Loaded 3, Type Point
[LIBGPUSPATIAL] [ 55793][17:31:17:150934][info  ] RTSpatialRefiner 0x7e6fafd29600 (Used 0 MB), Evaluating 3 Geometry Pairs with Predicate Intersects
[LIBGPUSPATIAL] [ 55792][17:31:17:154874][info  ] RTSpatialIndex 0x7e6fac00a7d0 (Used 0 MB), Allocate result buffer, memory consumption 0 MB, capacity 13
[LIBGPUSPATIAL] [ 55792][17:31:17:154996][info  ] RTSpatialIndex 0x7e6fac00a7d0 (Used 0 MB), Probe Points, Size: 100000, Results: 13
[LIBGPUSPATIAL] [ 55792][17:31:17:158998][info  ] RTSpatialRefiner 0x7e6fafd29600 (Used 3 MB), Loaded Geometries, ProbeArray 100000, Loaded 13, Type Point
[LIBGPUSPATIAL] [ 55792][17:31:17:159091][info  ] RTSpatialRefiner 0x7e6fafd29600 (Used 3 MB), Evaluating 13 Geometry Pairs with Predicate Intersects
[LIBGPUSPATIAL] [ 55795][17:31:17:159596][info  ] RTSpatialIndex 0x7e6fac00a7d0 (Used 3 MB), Allocate result buffer, memory consumption 0 MB, capacity 16
[LIBGPUSPATIAL] [ 55797][17:31:17:159664][info  ] RTSpatialIndex 0x7e6fac00a7d0 (Used 3 MB), Allocate result buffer, memory consumption 0 MB, capacity 14
[LIBGPUSPATIAL] [ 55795][17:31:17:161277][info  ] RTSpatialIndex 0x7e6fac00a7d0 (Used 3 MB), Probe Points, Size: 100000, Results: 16
[LIBGPUSPATIAL] [ 55797][17:31:17:161334][info  ] RTSpatialIndex 0x7e6fac00a7d0 (Used 2 MB), Probe Points, Size: 100000, Results: 14
[LIBGPUSPATIAL] [ 55794][17:31:17:161506][info  ] RTSpatialIndex 0x7e6fac00a7d0 (Used 1 MB), Allocate result buffer, memory consumption 0 MB, capacity 21
[LIBGPUSPATIAL] [ 55795][17:31:17:162164][info  ] RTSpatialRefiner 0x7e6fafd29600 (Used 2 MB), Loaded Geometries, ProbeArray 100000, Loaded 16, Type Point
[LIBGPUSPATIAL] [ 55798][17:31:17:162174][info  ] RTSpatialIndex 0x7e6fac00a7d0 (Used 2 MB), Allocate result buffer, memory consumption 0 MB, capacity 9
[LIBGPUSPATIAL] [ 55797][17:31:17:162179][info  ] RTSpatialRefiner 0x7e6fafd29600 (Used 2 MB), Loaded Geometries, ProbeArray 100000, Loaded 14, Type Point
[LIBGPUSPATIAL] [ 55795][17:31:17:162208][info  ] RTSpatialRefiner 0x7e6fafd29600 (Used 2 MB), Evaluating 16 Geometry Pairs with Predicate Intersects
[LIBGPUSPATIAL] [ 55794][17:31:17:162257][info  ] RTSpatialIndex 0x7e6fac00a7d0 (Used 2 MB), Probe Points, Size: 100000, Results: 21
[LIBGPUSPATIAL] [ 55797][17:31:17:163023][info  ] RTSpatialRefiner 0x7e6fafd29600 (Used 1 MB), Evaluating 14 Geometry Pairs with Predicate Intersects
[LIBGPUSPATIAL] [ 55791][17:31:17:163121][info  ] RTSpatialIndex 0x7e6fac00a7d0 (Used 1 MB), Allocate result buffer, memory consumption 0 MB, capacity 19
[LIBGPUSPATIAL] [ 55798][17:31:17:163878][info  ] RTSpatialIndex 0x7e6fac00a7d0 (Used 1 MB), Probe Points, Size: 100000, Results: 9
[LIBGPUSPATIAL] [ 55791][17:31:17:164116][info  ] RTSpatialIndex 0x7e6fac00a7d0 (Used 0 MB), Probe Points, Size: 100000, Results: 19
[LIBGPUSPATIAL] [ 55794][17:31:17:164875][info  ] RTSpatialRefiner 0x7e6fafd29600 (Used 0 MB), Loaded Geometries, ProbeArray 100000, Loaded 21, Type Point
[LIBGPUSPATIAL] [ 55794][17:31:17:164927][info  ] RTSpatialRefiner 0x7e6fafd29600 (Used 1 MB), Evaluating 21 Geometry Pairs with Predicate Intersects
[LIBGPUSPATIAL] [ 55798][17:31:17:164942][info  ] RTSpatialRefiner 0x7e6fafd29600 (Used 1 MB), Loaded Geometries, ProbeArray 100000, Loaded 9, Type Point
[LIBGPUSPATIAL] [ 55791][17:31:17:164947][info  ] RTSpatialRefiner 0x7e6fafd29600 (Used 1 MB), Loaded Geometries, ProbeArray 100000, Loaded 19, Type Point
[LIBGPUSPATIAL] [ 55798][17:31:17:164991][info  ] RTSpatialRefiner 0x7e6fafd29600 (Used 0 MB), Evaluating 9 Geometry Pairs with Predicate Intersects
[LIBGPUSPATIAL] [ 55791][17:31:17:165113][info  ] RTSpatialRefiner 0x7e6fafd29600 (Used 0 MB), Evaluating 19 Geometry Pairs with Predicate Intersects
[LIBGPUSPATIAL] [ 55796][17:31:17:165640][info  ] RTSpatialIndex 0x7e6fac00a7d0 (Used 1 MB), Allocate result buffer, memory consumption 0 MB, capacity 18
[LIBGPUSPATIAL] [ 55795][17:31:17:168652][info  ] RTSpatialIndex 0x7e6fac00a7d0 (Used 1 MB), Allocate result buffer, memory consumption 0 MB, capacity 4
[LIBGPUSPATIAL] [ 55795][17:31:17:168776][info  ] RTSpatialIndex 0x7e6fac00a7d0 (Used 1 MB), Probe Points, Size: 33333, Results: 4
[LIBGPUSPATIAL] [ 55796][17:31:17:169013][info  ] RTSpatialIndex 0x7e6fac00a7d0 (Used 0 MB), Probe Points, Size: 100000, Results: 18
[LIBGPUSPATIAL] [ 55795][17:31:17:169331][info  ] RTSpatialRefiner 0x7e6fafd29600 (Used 0 MB), Loaded Geometries, ProbeArray 33333, Loaded 4, Type Point
[LIBGPUSPATIAL] [ 55795][17:31:17:169374][info  ] RTSpatialRefiner 0x7e6fafd29600 (Used 0 MB), Evaluating 4 Geometry Pairs with Predicate Intersects
[LIBGPUSPATIAL] [ 55796][17:31:17:170118][info  ] RTSpatialRefiner 0x7e6fafd29600 (Used 0 MB), Loaded Geometries, ProbeArray 100000, Loaded 18, Type Point
[LIBGPUSPATIAL] [ 55796][17:31:17:170162][info  ] RTSpatialRefiner 0x7e6fafd29600 (Used 0 MB), Evaluating 18 Geometry Pairs with Predicate Intersects
[LIBGPUSPATIAL] [ 55793][17:31:17:171285][info  ] RTSpatialIndex 0x7e6fac00a7d0 (Used 1 MB), Allocate result buffer, memory consumption 0 MB, capacity 12
[LIBGPUSPATIAL] [ 55797][17:31:17:171511][info  ] RTSpatialIndex 0x7e6fac00a7d0 (Used 1 MB), Allocate result buffer, memory consumption 0 MB, capacity 1
[LIBGPUSPATIAL] [ 55793][17:31:17:171705][info  ] RTSpatialIndex 0x7e6fac00a7d0 (Used 1 MB), Probe Points, Size: 100000, Results: 12
[LIBGPUSPATIAL] [ 55797][17:31:17:171968][info  ] RTSpatialIndex 0x7e6fac00a7d0 (Used 0 MB), Probe Points, Size: 33333, Results: 1
[LIBGPUSPATIAL] [ 55793][17:31:17:172361][info  ] RTSpatialRefiner 0x7e6fafd29600 (Used 0 MB), Loaded Geometries, ProbeArray 100000, Loaded 12, Type Point
[LIBGPUSPATIAL] [ 55791][17:31:17:172502][info  ] RTSpatialIndex 0x7e6fac00a7d0 (Used 0 MB), Allocate result buffer, memory consumption 0 MB, capacity 8
[LIBGPUSPATIAL] [ 55797][17:31:17:172495][info  ] RTSpatialRefiner 0x7e6fafd29600 (Used 0 MB), Loaded Geometries, ProbeArray 33333, Loaded 1, Type Point
[LIBGPUSPATIAL] [ 55797][17:31:17:172714][info  ] RTSpatialRefiner 0x7e6fafd29600 (Used 1 MB), Evaluating 1 Geometry Pairs with Predicate Intersects
[LIBGPUSPATIAL] [ 55793][17:31:17:172778][info  ] RTSpatialRefiner 0x7e6fafd29600 (Used 0 MB), Evaluating 12 Geometry Pairs with Predicate Intersects
[LIBGPUSPATIAL] [ 55791][17:31:17:172879][info  ] RTSpatialIndex 0x7e6fac00a7d0 (Used 0 MB), Probe Points, Size: 33333, Results: 8
[LIBGPUSPATIAL] [ 55798][17:31:17:173172][info  ] RTSpatialIndex 0x7e6fac00a7d0 (Used 0 MB), Allocate result buffer, memory consumption 0 MB, capacity 4
[LIBGPUSPATIAL] [ 55791][17:31:17:173617][info  ] RTSpatialRefiner 0x7e6fafd29600 (Used 0 MB), Loaded Geometries, ProbeArray 33333, Loaded 8, Type Point
[LIBGPUSPATIAL] [ 55791][17:31:17:173663][info  ] RTSpatialRefiner 0x7e6fafd29600 (Used 0 MB), Evaluating 8 Geometry Pairs with Predicate Intersects
[LIBGPUSPATIAL] [ 55798][17:31:17:173695][info  ] RTSpatialIndex 0x7e6fac00a7d0 (Used 0 MB), Probe Points, Size: 33333, Results: 4
[LIBGPUSPATIAL] [ 55798][17:31:17:174390][info  ] RTSpatialRefiner 0x7e6fafd29600 (Used 0 MB), Loaded Geometries, ProbeArray 33333, Loaded 4, Type Point
[LIBGPUSPATIAL] [ 55798][17:31:17:174484][info  ] RTSpatialRefiner 0x7e6fafd29600 (Used 1 MB), Evaluating 4 Geometry Pairs with Predicate Intersects
[LIBGPUSPATIAL] [ 55792][17:31:17:174895][info  ] RTSpatialIndex 0x7e6fac00a7d0 (Used 0 MB), Allocate result buffer, memory consumption 0 MB, capacity 21
[LIBGPUSPATIAL] [ 55792][17:31:17:175252][info  ] RTSpatialIndex 0x7e6fac00a7d0 (Used 0 MB), Probe Points, Size: 100000, Results: 21
[LIBGPUSPATIAL] [ 55796][17:31:17:175735][info  ] RTSpatialIndex 0x7e6fac00a7d0 (Used 0 MB), Allocate result buffer, memory consumption 0 MB, capacity 4
[LIBGPUSPATIAL] [ 55792][17:31:17:175767][info  ] RTSpatialRefiner 0x7e6fafd29600 (Used 0 MB), Loaded Geometries, ProbeArray 100000, Loaded 21, Type Point
[LIBGPUSPATIAL] [ 55792][17:31:17:175803][info  ] RTSpatialRefiner 0x7e6fafd29600 (Used 0 MB), Evaluating 21 Geometry Pairs with Predicate Intersects
[LIBGPUSPATIAL] [ 55796][17:31:17:177609][info  ] RTSpatialIndex 0x7e6fac00a7d0 (Used 0 MB), Probe Points, Size: 33333, Results: 4
[LIBGPUSPATIAL] [ 55796][17:31:17:178062][info  ] RTSpatialRefiner 0x7e6fafd29600 (Used 1 MB), Loaded Geometries, ProbeArray 33333, Loaded 4, Type Point
[LIBGPUSPATIAL] [ 55796][17:31:17:178104][info  ] RTSpatialRefiner 0x7e6fafd29600 (Used 1 MB), Evaluating 4 Geometry Pairs with Predicate Intersects
[LIBGPUSPATIAL] [ 55794][17:31:17:178407][info  ] RTSpatialIndex 0x7e6fac00a7d0 (Used 0 MB), Allocate result buffer, memory consumption 0 MB, capacity 13
[LIBGPUSPATIAL] [ 55794][17:31:17:178720][info  ] RTSpatialIndex 0x7e6fac00a7d0 (Used 0 MB), Probe Points, Size: 100000, Results: 13
[LIBGPUSPATIAL] [ 55794][17:31:17:179115][info  ] RTSpatialRefiner 0x7e6fafd29600 (Used 0 MB), Loaded Geometries, ProbeArray 100000, Loaded 13, Type Point
[LIBGPUSPATIAL] [ 55794][17:31:17:179155][info  ] RTSpatialRefiner 0x7e6fafd29600 (Used 0 MB), Evaluating 13 Geometry Pairs with Predicate Intersects
[LIBGPUSPATIAL] [ 55792][17:31:17:182596][info  ] RTSpatialIndex 0x7e6fac00a7d0 (Used 0 MB), Allocate result buffer, memory consumption 0 MB, capacity 4
[LIBGPUSPATIAL] [ 55792][17:31:17:182731][info  ] RTSpatialIndex 0x7e6fac00a7d0 (Used 0 MB), Probe Points, Size: 33333, Results: 4
[LIBGPUSPATIAL] [ 55792][17:31:17:183250][info  ] RTSpatialRefiner 0x7e6fafd29600 (Used 0 MB), Loaded Geometries, ProbeArray 33333, Loaded 4, Type Point
[LIBGPUSPATIAL] [ 55792][17:31:17:183293][info  ] RTSpatialRefiner 0x7e6fafd29600 (Used 0 MB), Evaluating 4 Geometry Pairs with Predicate Intersects
[LIBGPUSPATIAL] [ 55793][17:31:17:185076][info  ] RTSpatialIndex 0x7e6fac00a7d0 (Used 0 MB), Allocate result buffer, memory consumption 0 MB, capacity 13
[LIBGPUSPATIAL] [ 55793][17:31:17:185202][info  ] RTSpatialIndex 0x7e6fac00a7d0 (Used 0 MB), Probe Points, Size: 100000, Results: 13
[LIBGPUSPATIAL] [ 55793][17:31:17:185701][info  ] RTSpatialRefiner 0x7e6fafd29600 (Used 0 MB), Loaded Geometries, ProbeArray 100000, Loaded 13, Type Point
[LIBGPUSPATIAL] [ 55793][17:31:17:185764][info  ] RTSpatialRefiner 0x7e6fafd29600 (Used 0 MB), Evaluating 13 Geometry Pairs with Predicate Intersects
[LIBGPUSPATIAL] [ 55794][17:31:17:190195][info  ] RTSpatialIndex 0x7e6fac00a7d0 (Used 0 MB), Allocate result buffer, memory consumption 0 MB, capacity 12
[LIBGPUSPATIAL] [ 55794][17:31:17:190328][info  ] RTSpatialIndex 0x7e6fac00a7d0 (Used 0 MB), Probe Points, Size: 100000, Results: 12
[LIBGPUSPATIAL] [ 55794][17:31:17:190847][info  ] RTSpatialRefiner 0x7e6fafd29600 (Used 0 MB), Loaded Geometries, ProbeArray 100000, Loaded 12, Type Point
[LIBGPUSPATIAL] [ 55794][17:31:17:190892][info  ] RTSpatialRefiner 0x7e6fafd29600 (Used 0 MB), Evaluating 12 Geometry Pairs with Predicate Intersects
[LIBGPUSPATIAL] [ 55796][17:31:17:193582][info  ] RTSpatialIndex 0x7e6fac00a7d0 (Used 0 MB), Allocate result buffer, memory consumption 0 MB, capacity 20
[LIBGPUSPATIAL] [ 55796][17:31:17:193704][info  ] RTSpatialIndex 0x7e6fac00a7d0 (Used 0 MB), Probe Points, Size: 100000, Results: 20
[LIBGPUSPATIAL] [ 55796][17:31:17:194115][info  ] RTSpatialRefiner 0x7e6fafd29600 (Used 0 MB), Loaded Geometries, ProbeArray 100000, Loaded 20, Type Point
[LIBGPUSPATIAL] [ 55796][17:31:17:194189][info  ] RTSpatialRefiner 0x7e6fafd29600 (Used 0 MB), Evaluating 20 Geometry Pairs with Predicate Intersects
[LIBGPUSPATIAL] [ 55794][17:31:17:195924][info  ] RTSpatialIndex 0x7e6fac00a7d0 (Used 0 MB), Allocate result buffer, memory consumption 0 MB, capacity 5
[LIBGPUSPATIAL] [ 55794][17:31:17:196060][info  ] RTSpatialIndex 0x7e6fac00a7d0 (Used 0 MB), Probe Points, Size: 33333, Results: 5
[LIBGPUSPATIAL] [ 55794][17:31:17:197223][info  ] RTSpatialRefiner 0x7e6fafd29600 (Used 1 MB), Loaded Geometries, ProbeArray 33333, Loaded 5, Type Point
[LIBGPUSPATIAL] [ 55794][17:31:17:197267][info  ] RTSpatialRefiner 0x7e6fafd29600 (Used 1 MB), Evaluating 5 Geometry Pairs with Predicate Intersects
[LIBGPUSPATIAL] [ 55798][17:31:17:197692][info  ] RTSpatialIndex 0x7e6fac00a7d0 (Used 0 MB), Allocate result buffer, memory consumption 0 MB, capacity 21
[LIBGPUSPATIAL] [ 55798][17:31:17:198117][info  ] RTSpatialIndex 0x7e6fac00a7d0 (Used 0 MB), Probe Points, Size: 100000, Results: 21
[LIBGPUSPATIAL] [ 55793][17:31:17:199370][info  ] RTSpatialIndex 0x7e6fac00a7d0 (Used 0 MB), Allocate result buffer, memory consumption 0 MB, capacity 11
[LIBGPUSPATIAL] [ 55798][17:31:17:199399][info  ] RTSpatialRefiner 0x7e6fafd29600 (Used 0 MB), Loaded Geometries, ProbeArray 100000, Loaded 21, Type Point
[LIBGPUSPATIAL] [ 55798][17:31:17:199440][info  ] RTSpatialRefiner 0x7e6fafd29600 (Used 0 MB), Evaluating 21 Geometry Pairs with Predicate Intersects
[LIBGPUSPATIAL] [ 55793][17:31:17:199494][info  ] RTSpatialIndex 0x7e6fac00a7d0 (Used 0 MB), Probe Points, Size: 100000, Results: 11
[LIBGPUSPATIAL] [ 55793][17:31:17:199997][info  ] RTSpatialRefiner 0x7e6fafd29600 (Used 0 MB), Loaded Geometries, ProbeArray 100000, Loaded 11, Type Point
[LIBGPUSPATIAL] [ 55793][17:31:17:200056][info  ] RTSpatialRefiner 0x7e6fafd29600 (Used 0 MB), Evaluating 11 Geometry Pairs with Predicate Intersects
[LIBGPUSPATIAL] [ 55792][17:31:17:200881][info  ] RTSpatialIndex 0x7e6fac00a7d0 (Used 0 MB), Allocate result buffer, memory consumption 0 MB, capacity 17
[LIBGPUSPATIAL] [ 55792][17:31:17:201017][info  ] RTSpatialIndex 0x7e6fac00a7d0 (Used 0 MB), Probe Points, Size: 100000, Results: 17
[LIBGPUSPATIAL] [ 55792][17:31:17:202125][info  ] RTSpatialRefiner 0x7e6fafd29600 (Used 0 MB), Loaded Geometries, ProbeArray 100000, Loaded 17, Type Point
[LIBGPUSPATIAL] [ 55792][17:31:17:202175][info  ] RTSpatialRefiner 0x7e6fafd29600 (Used 0 MB), Evaluating 17 Geometry Pairs with Predicate Intersects
[LIBGPUSPATIAL] [ 55796][17:31:17:207251][info  ] RTSpatialIndex 0x7e6fac00a7d0 (Used 0 MB), Allocate result buffer, memory consumption 0 MB, capacity 12
[LIBGPUSPATIAL] [ 55796][17:31:17:207374][info  ] RTSpatialIndex 0x7e6fac00a7d0 (Used 0 MB), Probe Points, Size: 100000, Results: 12
[LIBGPUSPATIAL] [ 55796][17:31:17:207841][info  ] RTSpatialRefiner 0x7e6fafd29600 (Used 0 MB), Loaded Geometries, ProbeArray 100000, Loaded 12, Type Point
[LIBGPUSPATIAL] [ 55796][17:31:17:207883][info  ] RTSpatialRefiner 0x7e6fafd29600 (Used 0 MB), Evaluating 12 Geometry Pairs with Predicate Intersects
[LIBGPUSPATIAL] [ 55798][17:31:17:209181][info  ] RTSpatialIndex 0x7e6fac00a7d0 (Used 0 MB), Allocate result buffer, memory consumption 0 MB, capacity 13
[LIBGPUSPATIAL] [ 55798][17:31:17:209303][info  ] RTSpatialIndex 0x7e6fac00a7d0 (Used 0 MB), Probe Points, Size: 100000, Results: 13
[LIBGPUSPATIAL] [ 55798][17:31:17:209657][info  ] RTSpatialRefiner 0x7e6fafd29600 (Used 0 MB), Loaded Geometries, ProbeArray 100000, Loaded 13, Type Point
[LIBGPUSPATIAL] [ 55798][17:31:17:209706][info  ] RTSpatialRefiner 0x7e6fafd29600 (Used 0 MB), Evaluating 13 Geometry Pairs with Predicate Intersects
[LIBGPUSPATIAL] [ 55793][17:31:17:213049][info  ] RTSpatialIndex 0x7e6fac00a7d0 (Used 0 MB), Allocate result buffer, memory consumption 0 MB, capacity 17
[LIBGPUSPATIAL] [ 55793][17:31:17:213170][info  ] RTSpatialIndex 0x7e6fac00a7d0 (Used 0 MB), Probe Points, Size: 100000, Results: 17
[LIBGPUSPATIAL] [ 55793][17:31:17:213561][info  ] RTSpatialRefiner 0x7e6fafd29600 (Used 0 MB), Loaded Geometries, ProbeArray 100000, Loaded 17, Type Point
[LIBGPUSPATIAL] [ 55793][17:31:17:213601][info  ] RTSpatialRefiner 0x7e6fafd29600 (Used 0 MB), Evaluating 17 Geometry Pairs with Predicate Intersects
[LIBGPUSPATIAL] [ 55792][17:31:17:215236][info  ] RTSpatialIndex 0x7e6fac00a7d0 (Used 0 MB), Allocate result buffer, memory consumption 0 MB, capacity 19
[LIBGPUSPATIAL] [ 55792][17:31:17:215383][info  ] RTSpatialIndex 0x7e6fac00a7d0 (Used 0 MB), Probe Points, Size: 100000, Results: 19
[LIBGPUSPATIAL] [ 55792][17:31:17:215743][info  ] RTSpatialRefiner 0x7e6fafd29600 (Used 0 MB), Loaded Geometries, ProbeArray 100000, Loaded 19, Type Point
[LIBGPUSPATIAL] [ 55792][17:31:17:215789][info  ] RTSpatialRefiner 0x7e6fafd29600 (Used 0 MB), Evaluating 19 Geometry Pairs with Predicate Intersects
[LIBGPUSPATIAL] [ 55794][17:31:17:216392][info  ] RTSpatialIndex 0x7e6fac00a7d0 (Used 0 MB), Allocate result buffer, memory consumption 0 MB, capacity 13
[LIBGPUSPATIAL] [ 55794][17:31:17:216585][info  ] RTSpatialIndex 0x7e6fac00a7d0 (Used 0 MB), Probe Points, Size: 100000, Results: 13
[LIBGPUSPATIAL] [ 55794][17:31:17:216911][info  ] RTSpatialRefiner 0x7e6fafd29600 (Used 0 MB), Loaded Geometries, ProbeArray 100000, Loaded 13, Type Point
[LIBGPUSPATIAL] [ 55794][17:31:17:216954][info  ] RTSpatialRefiner 0x7e6fafd29600 (Used 0 MB), Evaluating 13 Geometry Pairs with Predicate Intersects
[LIBGPUSPATIAL] [ 55798][17:31:17:218751][info  ] RTSpatialIndex 0x7e6fac00a7d0 (Used 0 MB), Allocate result buffer, memory consumption 0 MB, capacity 11
[LIBGPUSPATIAL] [ 55798][17:31:17:218871][info  ] RTSpatialIndex 0x7e6fac00a7d0 (Used 0 MB), Probe Points, Size: 100000, Results: 11
[LIBGPUSPATIAL] [ 55798][17:31:17:219218][info  ] RTSpatialRefiner 0x7e6fafd29600 (Used 0 MB), Loaded Geometries, ProbeArray 100000, Loaded 11, Type Point
[LIBGPUSPATIAL] [ 55798][17:31:17:219266][info  ] RTSpatialRefiner 0x7e6fafd29600 (Used 0 MB), Evaluating 11 Geometry Pairs with Predicate Intersects
[LIBGPUSPATIAL] [ 55796][17:31:17:220452][info  ] RTSpatialIndex 0x7e6fac00a7d0 (Used 0 MB), Allocate result buffer, memory consumption 0 MB, capacity 15
[LIBGPUSPATIAL] [ 55796][17:31:17:220576][info  ] RTSpatialIndex 0x7e6fac00a7d0 (Used 0 MB), Probe Points, Size: 100000, Results: 15
[LIBGPUSPATIAL] [ 55796][17:31:17:220944][info  ] RTSpatialRefiner 0x7e6fafd29600 (Used 0 MB), Loaded Geometries, ProbeArray 100000, Loaded 15, Type Point
[LIBGPUSPATIAL] [ 55796][17:31:17:220984][info  ] RTSpatialRefiner 0x7e6fafd29600 (Used 0 MB), Evaluating 15 Geometry Pairs with Predicate Intersects
[LIBGPUSPATIAL] [ 55793][17:31:17:226310][info  ] RTSpatialIndex 0x7e6fac00a7d0 (Used 0 MB), Allocate result buffer, memory consumption 0 MB, capacity 13
[LIBGPUSPATIAL] [ 55793][17:31:17:226433][info  ] RTSpatialIndex 0x7e6fac00a7d0 (Used 0 MB), Probe Points, Size: 100000, Results: 13
[LIBGPUSPATIAL] [ 55793][17:31:17:226823][info  ] RTSpatialRefiner 0x7e6fafd29600 (Used 0 MB), Loaded Geometries, ProbeArray 100000, Loaded 13, Type Point
[LIBGPUSPATIAL] [ 55793][17:31:17:226865][info  ] RTSpatialRefiner 0x7e6fafd29600 (Used 0 MB), Evaluating 13 Geometry Pairs with Predicate Intersects
[LIBGPUSPATIAL] [ 55798][17:31:17:228197][info  ] RTSpatialIndex 0x7e6fac00a7d0 (Used 0 MB), Allocate result buffer, memory consumption 0 MB, capacity 11
[LIBGPUSPATIAL] [ 55798][17:31:17:228340][info  ] RTSpatialIndex 0x7e6fac00a7d0 (Used 0 MB), Probe Points, Size: 100000, Results: 11
[LIBGPUSPATIAL] [ 55798][17:31:17:228732][info  ] RTSpatialRefiner 0x7e6fafd29600 (Used 0 MB), Loaded Geometries, ProbeArray 100000, Loaded 11, Type Point
[LIBGPUSPATIAL] [ 55798][17:31:17:228784][info  ] RTSpatialRefiner 0x7e6fafd29600 (Used 0 MB), Evaluating 11 Geometry Pairs with Predicate Intersects
[LIBGPUSPATIAL] [ 55792][17:31:17:228811][info  ] RTSpatialIndex 0x7e6fac00a7d0 (Used 0 MB), Allocate result buffer, memory consumption 0 MB, capacity 15
[LIBGPUSPATIAL] [ 55792][17:31:17:229129][info  ] RTSpatialIndex 0x7e6fac00a7d0 (Used 0 MB), Probe Points, Size: 100000, Results: 15
[LIBGPUSPATIAL] [ 55792][17:31:17:229488][info  ] RTSpatialRefiner 0x7e6fafd29600 (Used 0 MB), Loaded Geometries, ProbeArray 100000, Loaded 15, Type Point
[LIBGPUSPATIAL] [ 55792][17:31:17:229533][info  ] RTSpatialRefiner 0x7e6fafd29600 (Used 0 MB), Evaluating 15 Geometry Pairs with Predicate Intersects
[LIBGPUSPATIAL] [ 55794][17:31:17:230090][info  ] RTSpatialIndex 0x7e6fac00a7d0 (Used 0 MB), Allocate result buffer, memory consumption 0 MB, capacity 9
[LIBGPUSPATIAL] [ 55794][17:31:17:230395][info  ] RTSpatialIndex 0x7e6fac00a7d0 (Used 0 MB), Probe Points, Size: 100000, Results: 9
[LIBGPUSPATIAL] [ 55794][17:31:17:230776][info  ] RTSpatialRefiner 0x7e6fafd29600 (Used 0 MB), Loaded Geometries, ProbeArray 100000, Loaded 9, Type Point
[LIBGPUSPATIAL] [ 55794][17:31:17:230817][info  ] RTSpatialRefiner 0x7e6fafd29600 (Used 0 MB), Evaluating 9 Geometry Pairs with Predicate Intersects
[LIBGPUSPATIAL] [ 55796][17:31:17:233277][info  ] RTSpatialIndex 0x7e6fac00a7d0 (Used 0 MB), Allocate result buffer, memory consumption 0 MB, capacity 11
[LIBGPUSPATIAL] [ 55796][17:31:17:233392][info  ] RTSpatialIndex 0x7e6fac00a7d0 (Used 0 MB), Probe Points, Size: 100000, Results: 11
[LIBGPUSPATIAL] [ 55796][17:31:17:233768][info  ] RTSpatialRefiner 0x7e6fafd29600 (Used 0 MB), Loaded Geometries, ProbeArray 100000, Loaded 11, Type Point
[LIBGPUSPATIAL] [ 55796][17:31:17:233810][info  ] RTSpatialRefiner 0x7e6fafd29600 (Used 0 MB), Evaluating 11 Geometry Pairs with Predicate Intersects
[LIBGPUSPATIAL] [ 55798][17:31:17:238378][info  ] RTSpatialIndex 0x7e6fac00a7d0 (Used 1 MB), Allocate result buffer, memory consumption 0 MB, capacity 16
[LIBGPUSPATIAL] [ 55793][17:31:17:238383][info  ] RTSpatialIndex 0x7e6fac00a7d0 (Used 1 MB), Allocate result buffer, memory consumption 0 MB, capacity 11
[LIBGPUSPATIAL] [ 55798][17:31:17:238597][info  ] RTSpatialIndex 0x7e6fac00a7d0 (Used 3 MB), Probe Points, Size: 100000, Results: 16
[LIBGPUSPATIAL] [ 55793][17:31:17:238888][info  ] RTSpatialIndex 0x7e6fac00a7d0 (Used 2 MB), Probe Points, Size: 100000, Results: 11
[LIBGPUSPATIAL] [ 55792][17:31:17:239203][info  ] RTSpatialIndex 0x7e6fac00a7d0 (Used 0 MB), Allocate result buffer, memory consumption 0 MB, capacity 17
[LIBGPUSPATIAL] [ 55792][17:31:17:239342][info  ] RTSpatialIndex 0x7e6fac00a7d0 (Used 0 MB), Probe Points, Size: 100000, Results: 17
[LIBGPUSPATIAL] [ 55793][17:31:17:239502][info  ] RTSpatialRefiner 0x7e6fafd29600 (Used 0 MB), Loaded Geometries, ProbeArray 100000, Loaded 11, Type Point
[LIBGPUSPATIAL] [ 55793][17:31:17:239571][info  ] RTSpatialRefiner 0x7e6fafd29600 (Used 0 MB), Evaluating 11 Geometry Pairs with Predicate Intersects
[LIBGPUSPATIAL] [ 55798][17:31:17:239598][info  ] RTSpatialRefiner 0x7e6fafd29600 (Used 0 MB), Loaded Geometries, ProbeArray 100000, Loaded 16, Type Point
[LIBGPUSPATIAL] [ 55798][17:31:17:239640][info  ] RTSpatialRefiner 0x7e6fafd29600 (Used 0 MB), Evaluating 16 Geometry Pairs with Predicate Intersects
[LIBGPUSPATIAL] [ 55792][17:31:17:240056][info  ] RTSpatialRefiner 0x7e6fafd29600 (Used 0 MB), Loaded Geometries, ProbeArray 100000, Loaded 17, Type Point
[LIBGPUSPATIAL] [ 55792][17:31:17:240107][info  ] RTSpatialRefiner 0x7e6fafd29600 (Used 0 MB), Evaluating 17 Geometry Pairs with Predicate Intersects
[LIBGPUSPATIAL] [ 55794][17:31:17:242651][info  ] RTSpatialIndex 0x7e6fac00a7d0 (Used 0 MB), Allocate result buffer, memory consumption 0 MB, capacity 16
[LIBGPUSPATIAL] [ 55794][17:31:17:242777][info  ] RTSpatialIndex 0x7e6fac00a7d0 (Used 0 MB), Probe Points, Size: 100000, Results: 16
[LIBGPUSPATIAL] [ 55794][17:31:17:243168][info  ] RTSpatialRefiner 0x7e6fafd29600 (Used 0 MB), Loaded Geometries, ProbeArray 100000, Loaded 16, Type Point
[LIBGPUSPATIAL] [ 55794][17:31:17:243210][info  ] RTSpatialRefiner 0x7e6fafd29600 (Used 0 MB), Evaluating 16 Geometry Pairs with Predicate Intersects
[LIBGPUSPATIAL] [ 55796][17:31:17:246373][info  ] RTSpatialIndex 0x7e6fac00a7d0 (Used 0 MB), Allocate result buffer, memory consumption 0 MB, capacity 13
[LIBGPUSPATIAL] [ 55796][17:31:17:246490][info  ] RTSpatialIndex 0x7e6fac00a7d0 (Used 0 MB), Probe Points, Size: 100000, Results: 13
[LIBGPUSPATIAL] [ 55796][17:31:17:246866][info  ] RTSpatialRefiner 0x7e6fafd29600 (Used 0 MB), Loaded Geometries, ProbeArray 100000, Loaded 13, Type Point
[LIBGPUSPATIAL] [ 55796][17:31:17:246907][info  ] RTSpatialRefiner 0x7e6fafd29600 (Used 0 MB), Evaluating 13 Geometry Pairs with Predicate Intersects
[LIBGPUSPATIAL] [ 55793][17:31:17:248455][info  ] RTSpatialIndex 0x7e6fac00a7d0 (Used 0 MB), Allocate result buffer, memory consumption 0 MB, capacity 22
[LIBGPUSPATIAL] [ 55793][17:31:17:248585][info  ] RTSpatialIndex 0x7e6fac00a7d0 (Used 0 MB), Probe Points, Size: 100000, Results: 22
[LIBGPUSPATIAL] [ 55793][17:31:17:248924][info  ] RTSpatialRefiner 0x7e6fafd29600 (Used 0 MB), Loaded Geometries, ProbeArray 100000, Loaded 22, Type Point
[LIBGPUSPATIAL] [ 55793][17:31:17:248967][info  ] RTSpatialRefiner 0x7e6fafd29600 (Used 0 MB), Evaluating 22 Geometry Pairs with Predicate Intersects
[LIBGPUSPATIAL] [ 55798][17:31:17:252695][info  ] RTSpatialIndex 0x7e6fac00a7d0 (Used 2 MB), Allocate result buffer, memory consumption 0 MB, capacity 13
[LIBGPUSPATIAL] [ 55798][17:31:17:253145][info  ] RTSpatialIndex 0x7e6fac00a7d0 (Used 1 MB), Probe Points, Size: 100000, Results: 13
[LIBGPUSPATIAL] [ 55792][17:31:17:253179][info  ] RTSpatialIndex 0x7e6fac00a7d0 (Used 0 MB), Allocate result buffer, memory consumption 0 MB, capacity 14
[LIBGPUSPATIAL] [ 55792][17:31:17:253546][info  ] RTSpatialIndex 0x7e6fac00a7d0 (Used 0 MB), Probe Points, Size: 100000, Results: 14
[LIBGPUSPATIAL] [ 55798][17:31:17:253931][info  ] RTSpatialRefiner 0x7e6fafd29600 (Used 0 MB), Loaded Geometries, ProbeArray 100000, Loaded 13, Type Point
[LIBGPUSPATIAL] [ 55798][17:31:17:253981][info  ] RTSpatialRefiner 0x7e6fafd29600 (Used 0 MB), Evaluating 13 Geometry Pairs with Predicate Intersects
[LIBGPUSPATIAL] [ 55792][17:31:17:254169][info  ] RTSpatialRefiner 0x7e6fafd29600 (Used 0 MB), Loaded Geometries, ProbeArray 100000, Loaded 14, Type Point
[LIBGPUSPATIAL] [ 55792][17:31:17:254211][info  ] RTSpatialRefiner 0x7e6fafd29600 (Used 0 MB), Evaluating 14 Geometry Pairs with Predicate Intersects
[LIBGPUSPATIAL] [ 55794][17:31:17:255791][info  ] RTSpatialIndex 0x7e6fac00a7d0 (Used 0 MB), Allocate result buffer, memory consumption 0 MB, capacity 11
[LIBGPUSPATIAL] [ 55794][17:31:17:255912][info  ] RTSpatialIndex 0x7e6fac00a7d0 (Used 0 MB), Probe Points, Size: 100000, Results: 11
[LIBGPUSPATIAL] [ 55794][17:31:17:256291][info  ] RTSpatialRefiner 0x7e6fafd29600 (Used 0 MB), Loaded Geometries, ProbeArray 100000, Loaded 11, Type Point
[LIBGPUSPATIAL] [ 55794][17:31:17:256335][info  ] RTSpatialRefiner 0x7e6fafd29600 (Used 0 MB), Evaluating 11 Geometry Pairs with Predicate Intersects
[LIBGPUSPATIAL] [ 55793][17:31:17:257828][info  ] RTSpatialIndex 0x7e6fac00a7d0 (Used 0 MB), Allocate result buffer, memory consumption 0 MB, capacity 22
[LIBGPUSPATIAL] [ 55793][17:31:17:257948][info  ] RTSpatialIndex 0x7e6fac00a7d0 (Used 0 MB), Probe Points, Size: 100000, Results: 22
[LIBGPUSPATIAL] [ 55793][17:31:17:258322][info  ] RTSpatialRefiner 0x7e6fafd29600 (Used 0 MB), Loaded Geometries, ProbeArray 100000, Loaded 22, Type Point
[LIBGPUSPATIAL] [ 55793][17:31:17:258368][info  ] RTSpatialRefiner 0x7e6fafd29600 (Used 0 MB), Evaluating 22 Geometry Pairs with Predicate Intersects
[LIBGPUSPATIAL] [ 55796][17:31:17:258889][info  ] RTSpatialIndex 0x7e6fac00a7d0 (Used 0 MB), Allocate result buffer, memory consumption 0 MB, capacity 14
[LIBGPUSPATIAL] [ 55796][17:31:17:259083][info  ] RTSpatialIndex 0x7e6fac00a7d0 (Used 0 MB), Probe Points, Size: 100000, Results: 14
[LIBGPUSPATIAL] [ 55796][17:31:17:259498][info  ] RTSpatialRefiner 0x7e6fafd29600 (Used 0 MB), Loaded Geometries, ProbeArray 100000, Loaded 14, Type Point
[LIBGPUSPATIAL] [ 55796][17:31:17:259548][info  ] RTSpatialRefiner 0x7e6fafd29600 (Used 0 MB), Evaluating 14 Geometry Pairs with Predicate Intersects
[LIBGPUSPATIAL] [ 55792][17:31:17:263612][info  ] RTSpatialIndex 0x7e6fac00a7d0 (Used 0 MB), Allocate result buffer, memory consumption 0 MB, capacity 18
[LIBGPUSPATIAL] [ 55792][17:31:17:263748][info  ] RTSpatialIndex 0x7e6fac00a7d0 (Used 0 MB), Probe Points, Size: 100000, Results: 18
[LIBGPUSPATIAL] [ 55792][17:31:17:264130][info  ] RTSpatialRefiner 0x7e6fafd29600 (Used 0 MB), Loaded Geometries, ProbeArray 100000, Loaded 18, Type Point
[LIBGPUSPATIAL] [ 55792][17:31:17:264179][info  ] RTSpatialRefiner 0x7e6fafd29600 (Used 0 MB), Evaluating 18 Geometry Pairs with Predicate Intersects
[LIBGPUSPATIAL] [ 55798][17:31:17:266389][info  ] RTSpatialIndex 0x7e6fac00a7d0 (Used 0 MB), Allocate result buffer, memory consumption 0 MB, capacity 14
[LIBGPUSPATIAL] [ 55798][17:31:17:266509][info  ] RTSpatialIndex 0x7e6fac00a7d0 (Used 0 MB), Probe Points, Size: 100000, Results: 14
[LIBGPUSPATIAL] [ 55798][17:31:17:267196][info  ] RTSpatialRefiner 0x7e6fafd29600 (Used 0 MB), Loaded Geometries, ProbeArray 100000, Loaded 14, Type Point
[LIBGPUSPATIAL] [ 55798][17:31:17:267240][info  ] RTSpatialRefiner 0x7e6fafd29600 (Used 0 MB), Evaluating 14 Geometry Pairs with Predicate Intersects
[LIBGPUSPATIAL] [ 55793][17:31:17:267289][info  ] RTSpatialIndex 0x7e6fac00a7d0 (Used 0 MB), Allocate result buffer, memory consumption 0 MB, capacity 19
[LIBGPUSPATIAL] [ 55793][17:31:17:267562][info  ] RTSpatialIndex 0x7e6fac00a7d0 (Used 0 MB), Probe Points, Size: 100000, Results: 19
[LIBGPUSPATIAL] [ 55793][17:31:17:267966][info  ] RTSpatialRefiner 0x7e6fafd29600 (Used 0 MB), Loaded Geometries, ProbeArray 100000, Loaded 19, Type Point
[LIBGPUSPATIAL] [ 55793][17:31:17:268007][info  ] RTSpatialRefiner 0x7e6fafd29600 (Used 0 MB), Evaluating 19 Geometry Pairs with Predicate Intersects
[LIBGPUSPATIAL] [ 55796][17:31:17:268498][info  ] RTSpatialIndex 0x7e6fac00a7d0 (Used 0 MB), Allocate result buffer, memory consumption 0 MB, capacity 13
[LIBGPUSPATIAL] [ 55796][17:31:17:268974][info  ] RTSpatialIndex 0x7e6fac00a7d0 (Used 1 MB), Probe Points, Size: 100000, Results: 13
[LIBGPUSPATIAL] [ 55794][17:31:17:269072][info  ] RTSpatialIndex 0x7e6fac00a7d0 (Used 0 MB), Allocate result buffer, memory consumption 0 MB, capacity 12
[LIBGPUSPATIAL] [ 55794][17:31:17:269352][info  ] RTSpatialIndex 0x7e6fac00a7d0 (Used 0 MB), Probe Points, Size: 100000, Results: 12
[LIBGPUSPATIAL] [ 55796][17:31:17:269535][info  ] RTSpatialRefiner 0x7e6fafd29600 (Used 0 MB), Loaded Geometries, ProbeArray 100000, Loaded 13, Type Point
[LIBGPUSPATIAL] [ 55796][17:31:17:269586][info  ] RTSpatialRefiner 0x7e6fafd29600 (Used 0 MB), Evaluating 13 Geometry Pairs with Predicate Intersects
[LIBGPUSPATIAL] [ 55794][17:31:17:269773][info  ] RTSpatialRefiner 0x7e6fafd29600 (Used 0 MB), Loaded Geometries, ProbeArray 100000, Loaded 12, Type Point
[LIBGPUSPATIAL] [ 55794][17:31:17:269816][info  ] RTSpatialRefiner 0x7e6fafd29600 (Used 0 MB), Evaluating 12 Geometry Pairs with Predicate Intersects
[LIBGPUSPATIAL] [ 55792][17:31:17:273663][info  ] RTSpatialIndex 0x7e6fac00a7d0 (Used 0 MB), Allocate result buffer, memory consumption 0 MB, capacity 17
[LIBGPUSPATIAL] [ 55792][17:31:17:273781][info  ] RTSpatialIndex 0x7e6fac00a7d0 (Used 0 MB), Probe Points, Size: 100000, Results: 17
[LIBGPUSPATIAL] [ 55792][17:31:17:274193][info  ] RTSpatialRefiner 0x7e6fafd29600 (Used 0 MB), Loaded Geometries, ProbeArray 100000, Loaded 17, Type Point
[LIBGPUSPATIAL] [ 55792][17:31:17:274236][info  ] RTSpatialRefiner 0x7e6fafd29600 (Used 0 MB), Evaluating 17 Geometry Pairs with Predicate Intersects
[LIBGPUSPATIAL] [ 55793][17:31:17:277105][info  ] RTSpatialIndex 0x7e6fac00a7d0 (Used 0 MB), Allocate result buffer, memory consumption 0 MB, capacity 13
[LIBGPUSPATIAL] [ 55793][17:31:17:277235][info  ] RTSpatialIndex 0x7e6fac00a7d0 (Used 0 MB), Probe Points, Size: 100000, Results: 13
[LIBGPUSPATIAL] [ 55793][17:31:17:277618][info  ] RTSpatialRefiner 0x7e6fafd29600 (Used 0 MB), Loaded Geometries, ProbeArray 100000, Loaded 13, Type Point
[LIBGPUSPATIAL] [ 55793][17:31:17:277652][info  ] RTSpatialRefiner 0x7e6fafd29600 (Used 0 MB), Evaluating 13 Geometry Pairs with Predicate Intersects
[LIBGPUSPATIAL] [ 55796][17:31:17:280565][info  ] RTSpatialIndex 0x7e6fac00a7d0 (Used 1 MB), Allocate result buffer, memory consumption 0 MB, capacity 17
[LIBGPUSPATIAL] [ 55798][17:31:17:280615][info  ] RTSpatialIndex 0x7e6fac00a7d0 (Used 1 MB), Allocate result buffer, memory consumption 0 MB, capacity 18
[LIBGPUSPATIAL] [ 55796][17:31:17:280747][info  ] RTSpatialIndex 0x7e6fac00a7d0 (Used 1 MB), Probe Points, Size: 100000, Results: 17
[LIBGPUSPATIAL] [ 55798][17:31:17:280847][info  ] RTSpatialIndex 0x7e6fac00a7d0 (Used 0 MB), Probe Points, Size: 100000, Results: 18
[LIBGPUSPATIAL] [ 55796][17:31:17:281241][info  ] RTSpatialRefiner 0x7e6fafd29600 (Used 0 MB), Loaded Geometries, ProbeArray 100000, Loaded 17, Type Point
[LIBGPUSPATIAL] [ 55798][17:31:17:281280][info  ] RTSpatialRefiner 0x7e6fafd29600 (Used 0 MB), Loaded Geometries, ProbeArray 100000, Loaded 18, Type Point
[LIBGPUSPATIAL] [ 55796][17:31:17:281285][info  ] RTSpatialRefiner 0x7e6fafd29600 (Used 0 MB), Evaluating 17 Geometry Pairs with Predicate Intersects
[LIBGPUSPATIAL] [ 55798][17:31:17:281325][info  ] RTSpatialRefiner 0x7e6fafd29600 (Used 0 MB), Evaluating 18 Geometry Pairs with Predicate Intersects
[LIBGPUSPATIAL] [ 55794][17:31:17:282489][info  ] RTSpatialIndex 0x7e6fac00a7d0 (Used 0 MB), Allocate result buffer, memory consumption 0 MB, capacity 10
[LIBGPUSPATIAL] [ 55794][17:31:17:282609][info  ] RTSpatialIndex 0x7e6fac00a7d0 (Used 0 MB), Probe Points, Size: 100000, Results: 10
[LIBGPUSPATIAL] [ 55794][17:31:17:282974][info  ] RTSpatialRefiner 0x7e6fafd29600 (Used 0 MB), Loaded Geometries, ProbeArray 100000, Loaded 10, Type Point
[LIBGPUSPATIAL] [ 55794][17:31:17:283017][info  ] RTSpatialRefiner 0x7e6fafd29600 (Used 0 MB), Evaluating 10 Geometry Pairs with Predicate Intersects
[LIBGPUSPATIAL] [ 55792][17:31:17:286955][info  ] RTSpatialIndex 0x7e6fac00a7d0 (Used 1 MB), Allocate result buffer, memory consumption 0 MB, capacity 17
[LIBGPUSPATIAL] [ 55793][17:31:17:286989][info  ] RTSpatialIndex 0x7e6fac00a7d0 (Used 1 MB), Allocate result buffer, memory consumption 0 MB, capacity 14
[LIBGPUSPATIAL] [ 55792][17:31:17:287201][info  ] RTSpatialIndex 0x7e6fac00a7d0 (Used 1 MB), Probe Points, Size: 100000, Results: 17
[LIBGPUSPATIAL] [ 55793][17:31:17:287309][info  ] RTSpatialIndex 0x7e6fac00a7d0 (Used 0 MB), Probe Points, Size: 100000, Results: 14
[LIBGPUSPATIAL] [ 55792][17:31:17:287659][info  ] RTSpatialRefiner 0x7e6fafd29600 (Used 0 MB), Loaded Geometries, ProbeArray 100000, Loaded 17, Type Point
[LIBGPUSPATIAL] [ 55792][17:31:17:287703][info  ] RTSpatialRefiner 0x7e6fafd29600 (Used 0 MB), Evaluating 17 Geometry Pairs with Predicate Intersects
[LIBGPUSPATIAL] [ 55793][17:31:17:287715][info  ] RTSpatialRefiner 0x7e6fafd29600 (Used 0 MB), Loaded Geometries, ProbeArray 100000, Loaded 14, Type Point
[LIBGPUSPATIAL] [ 55793][17:31:17:287760][info  ] RTSpatialRefiner 0x7e6fafd29600 (Used 0 MB), Evaluating 14 Geometry Pairs with Predicate Intersects
[LIBGPUSPATIAL] [ 55796][17:31:17:294342][info  ] RTSpatialIndex 0x7e6fac00a7d0 (Used 1 MB), Allocate result buffer, memory consumption 0 MB, capacity 13
[LIBGPUSPATIAL] [ 55798][17:31:17:294365][info  ] RTSpatialIndex 0x7e6fac00a7d0 (Used 1 MB), Allocate result buffer, memory consumption 0 MB, capacity 20
[LIBGPUSPATIAL] [ 55796][17:31:17:294570][info  ] RTSpatialIndex 0x7e6fac00a7d0 (Used 1 MB), Probe Points, Size: 100000, Results: 13
[LIBGPUSPATIAL] [ 55798][17:31:17:294669][info  ] RTSpatialIndex 0x7e6fac00a7d0 (Used 0 MB), Probe Points, Size: 100000, Results: 20
[LIBGPUSPATIAL] [ 55798][17:31:17:295056][info  ] RTSpatialRefiner 0x7e6fafd29600 (Used 0 MB), Loaded Geometries, ProbeArray 100000, Loaded 20, Type Point
[LIBGPUSPATIAL] [ 55796][17:31:17:295062][info  ] RTSpatialRefiner 0x7e6fafd29600 (Used 0 MB), Loaded Geometries, ProbeArray 100000, Loaded 13, Type Point
[LIBGPUSPATIAL] [ 55798][17:31:17:295111][info  ] RTSpatialRefiner 0x7e6fafd29600 (Used 1 MB), Evaluating 20 Geometry Pairs with Predicate Intersects
[LIBGPUSPATIAL] [ 55796][17:31:17:295119][info  ] RTSpatialRefiner 0x7e6fafd29600 (Used 1 MB), Evaluating 13 Geometry Pairs with Predicate Intersects
[LIBGPUSPATIAL] [ 55794][17:31:17:295599][info  ] RTSpatialIndex 0x7e6fac00a7d0 (Used 0 MB), Allocate result buffer, memory consumption 0 MB, capacity 12
[LIBGPUSPATIAL] [ 55794][17:31:17:295986][info  ] RTSpatialIndex 0x7e6fac00a7d0 (Used 0 MB), Probe Points, Size: 100000, Results: 12
[LIBGPUSPATIAL] [ 55794][17:31:17:296502][info  ] RTSpatialRefiner 0x7e6fafd29600 (Used 1 MB), Loaded Geometries, ProbeArray 100000, Loaded 12, Type Point
[LIBGPUSPATIAL] [ 55794][17:31:17:296548][info  ] RTSpatialRefiner 0x7e6fafd29600 (Used 0 MB), Evaluating 12 Geometry Pairs with Predicate Intersects
[LIBGPUSPATIAL] [ 55793][17:31:17:296792][info  ] RTSpatialIndex 0x7e6fac00a7d0 (Used 0 MB), Allocate result buffer, memory consumption 0 MB, capacity 18
[LIBGPUSPATIAL] [ 55793][17:31:17:297031][info  ] RTSpatialIndex 0x7e6fac00a7d0 (Used 0 MB), Probe Points, Size: 100000, Results: 18
[LIBGPUSPATIAL] [ 55793][17:31:17:297359][info  ] RTSpatialRefiner 0x7e6fafd29600 (Used 0 MB), Loaded Geometries, ProbeArray 100000, Loaded 18, Type Point
[LIBGPUSPATIAL] [ 55793][17:31:17:297395][info  ] RTSpatialRefiner 0x7e6fafd29600 (Used 0 MB), Evaluating 18 Geometry Pairs with Predicate Intersects
[LIBGPUSPATIAL] [ 55792][17:31:17:300226][info  ] RTSpatialIndex 0x7e6fac00a7d0 (Used 0 MB), Allocate result buffer, memory consumption 0 MB, capacity 13
[LIBGPUSPATIAL] [ 55792][17:31:17:300346][info  ] RTSpatialIndex 0x7e6fac00a7d0 (Used 0 MB), Probe Points, Size: 100000, Results: 13
[LIBGPUSPATIAL] [ 55792][17:31:17:300669][info  ] RTSpatialRefiner 0x7e6fafd29600 (Used 0 MB), Loaded Geometries, ProbeArray 100000, Loaded 13, Type Point
[LIBGPUSPATIAL] [ 55792][17:31:17:300709][info  ] RTSpatialRefiner 0x7e6fafd29600 (Used 0 MB), Evaluating 13 Geometry Pairs with Predicate Intersects
[LIBGPUSPATIAL] [ 55793][17:31:17:306485][info  ] RTSpatialIndex 0x7e6fac00a7d0 (Used 0 MB), Allocate result buffer, memory consumption 0 MB, capacity 17
[LIBGPUSPATIAL] [ 55793][17:31:17:306675][info  ] RTSpatialIndex 0x7e6fac00a7d0 (Used 0 MB), Probe Points, Size: 100000, Results: 17
[LIBGPUSPATIAL] [ 55793][17:31:17:307029][info  ] RTSpatialRefiner 0x7e6fafd29600 (Used 0 MB), Loaded Geometries, ProbeArray 100000, Loaded 17, Type Point
[LIBGPUSPATIAL] [ 55793][17:31:17:307096][info  ] RTSpatialRefiner 0x7e6fafd29600 (Used 0 MB), Evaluating 17 Geometry Pairs with Predicate Intersects
[LIBGPUSPATIAL] [ 55796][17:31:17:308275][info  ] RTSpatialIndex 0x7e6fac00a7d0 (Used 0 MB), Allocate result buffer, memory consumption 0 MB, capacity 17
[LIBGPUSPATIAL] [ 55796][17:31:17:308774][info  ] RTSpatialIndex 0x7e6fac00a7d0 (Used 1 MB), Probe Points, Size: 100000, Results: 17
[LIBGPUSPATIAL] [ 55798][17:31:17:308856][info  ] RTSpatialIndex 0x7e6fac00a7d0 (Used 0 MB), Allocate result buffer, memory consumption 0 MB, capacity 12
[LIBGPUSPATIAL] [ 55798][17:31:17:309157][info  ] RTSpatialIndex 0x7e6fac00a7d0 (Used 0 MB), Probe Points, Size: 100000, Results: 12
[LIBGPUSPATIAL] [ 55796][17:31:17:309333][info  ] RTSpatialRefiner 0x7e6fafd29600 (Used 1 MB), Loaded Geometries, ProbeArray 100000, Loaded 17, Type Point
[LIBGPUSPATIAL] [ 55796][17:31:17:309385][info  ] RTSpatialRefiner 0x7e6fafd29600 (Used 1 MB), Evaluating 17 Geometry Pairs with Predicate Intersects
[LIBGPUSPATIAL] [ 55798][17:31:17:309705][info  ] RTSpatialRefiner 0x7e6fafd29600 (Used 0 MB), Loaded Geometries, ProbeArray 100000, Loaded 12, Type Point
[LIBGPUSPATIAL] [ 55798][17:31:17:309796][info  ] RTSpatialRefiner 0x7e6fafd29600 (Used 0 MB), Evaluating 12 Geometry Pairs with Predicate Intersects
[LIBGPUSPATIAL] [ 55794][17:31:17:309805][info  ] RTSpatialIndex 0x7e6fac00a7d0 (Used 0 MB), Allocate result buffer, memory consumption 0 MB, capacity 10
[LIBGPUSPATIAL] [ 55794][17:31:17:310273][info  ] RTSpatialIndex 0x7e6fac00a7d0 (Used 0 MB), Probe Points, Size: 100000, Results: 10
[LIBGPUSPATIAL] [ 55794][17:31:17:310651][info  ] RTSpatialRefiner 0x7e6fafd29600 (Used 0 MB), Loaded Geometries, ProbeArray 100000, Loaded 10, Type Point
[LIBGPUSPATIAL] [ 55794][17:31:17:310688][info  ] RTSpatialRefiner 0x7e6fafd29600 (Used 0 MB), Evaluating 10 Geometry Pairs with Predicate Intersects
[LIBGPUSPATIAL] [ 55793][17:31:17:311614][info  ] RTSpatialIndex 0x7e6fac00a7d0 (Used 0 MB), Allocate result buffer, memory consumption 0 MB, capacity 3
[LIBGPUSPATIAL] [ 55793][17:31:17:311734][info  ] RTSpatialIndex 0x7e6fac00a7d0 (Used 0 MB), Probe Points, Size: 33333, Results: 3
[LIBGPUSPATIAL] [ 55793][17:31:17:312084][info  ] RTSpatialRefiner 0x7e6fafd29600 (Used 0 MB), Loaded Geometries, ProbeArray 33333, Loaded 3, Type Point
[LIBGPUSPATIAL] [ 55793][17:31:17:312129][info  ] RTSpatialRefiner 0x7e6fafd29600 (Used 0 MB), Evaluating 3 Geometry Pairs with Predicate Intersects
[LIBGPUSPATIAL] [ 55792][17:31:17:312975][info  ] RTSpatialIndex 0x7e6fac00a7d0 (Used 0 MB), Allocate result buffer, memory consumption 0 MB, capacity 12
[LIBGPUSPATIAL] [ 55792][17:31:17:313110][info  ] RTSpatialIndex 0x7e6fac00a7d0 (Used 0 MB), Probe Points, Size: 100000, Results: 12
[LIBGPUSPATIAL] [ 55792][17:31:17:313414][info  ] RTSpatialRefiner 0x7e6fafd29600 (Used 0 MB), Loaded Geometries, ProbeArray 100000, Loaded 12, Type Point
[LIBGPUSPATIAL] [ 55792][17:31:17:313474][info  ] RTSpatialRefiner 0x7e6fafd29600 (Used 0 MB), Evaluating 12 Geometry Pairs with Predicate Intersects
[LIBGPUSPATIAL] [ 55794][17:31:17:320052][info  ] RTSpatialIndex 0x7e6fac00a7d0 (Used 1 MB), Allocate result buffer, memory consumption 0 MB, capacity 18
[LIBGPUSPATIAL] [ 55798][17:31:17:320082][info  ] RTSpatialIndex 0x7e6fac00a7d0 (Used 1 MB), Allocate result buffer, memory consumption 0 MB, capacity 14
[LIBGPUSPATIAL] [ 55794][17:31:17:320243][info  ] RTSpatialIndex 0x7e6fac00a7d0 (Used 1 MB), Probe Points, Size: 100000, Results: 18
[LIBGPUSPATIAL] [ 55798][17:31:17:320405][info  ] RTSpatialIndex 0x7e6fac00a7d0 (Used 0 MB), Probe Points, Size: 100000, Results: 14
[LIBGPUSPATIAL] [ 55798][17:31:17:320822][info  ] RTSpatialRefiner 0x7e6fafd29600 (Used 0 MB), Loaded Geometries, ProbeArray 100000, Loaded 14, Type Point
[LIBGPUSPATIAL] [ 55794][17:31:17:320860][info  ] RTSpatialRefiner 0x7e6fafd29600 (Used 0 MB), Loaded Geometries, ProbeArray 100000, Loaded 18, Type Point
[LIBGPUSPATIAL] [ 55798][17:31:17:320865][info  ] RTSpatialRefiner 0x7e6fafd29600 (Used 0 MB), Evaluating 14 Geometry Pairs with Predicate Intersects
[LIBGPUSPATIAL] [ 55794][17:31:17:320905][info  ] RTSpatialRefiner 0x7e6fafd29600 (Used 0 MB), Evaluating 18 Geometry Pairs with Predicate Intersects
[LIBGPUSPATIAL] [ 55796][17:31:17:322624][info  ] RTSpatialIndex 0x7e6fac00a7d0 (Used 0 MB), Allocate result buffer, memory consumption 0 MB, capacity 21
[LIBGPUSPATIAL] [ 55796][17:31:17:322751][info  ] RTSpatialIndex 0x7e6fac00a7d0 (Used 0 MB), Probe Points, Size: 100000, Results: 21
[LIBGPUSPATIAL] [ 55796][17:31:17:323100][info  ] RTSpatialRefiner 0x7e6fafd29600 (Used 0 MB), Loaded Geometries, ProbeArray 100000, Loaded 21, Type Point
[LIBGPUSPATIAL] [ 55796][17:31:17:323141][info  ] RTSpatialRefiner 0x7e6fafd29600 (Used 0 MB), Evaluating 21 Geometry Pairs with Predicate Intersects
[LIBGPUSPATIAL] [ 55792][17:31:17:325906][info  ] RTSpatialIndex 0x7e6fac00a7d0 (Used 0 MB), Allocate result buffer, memory consumption 0 MB, capacity 14
[LIBGPUSPATIAL] [ 55792][17:31:17:326019][info  ] RTSpatialIndex 0x7e6fac00a7d0 (Used 0 MB), Probe Points, Size: 100000, Results: 14
[LIBGPUSPATIAL] [ 55792][17:31:17:326357][info  ] RTSpatialRefiner 0x7e6fafd29600 (Used 0 MB), Loaded Geometries, ProbeArray 100000, Loaded 14, Type Point
[LIBGPUSPATIAL] [ 55792][17:31:17:326397][info  ] RTSpatialRefiner 0x7e6fafd29600 (Used 0 MB), Evaluating 14 Geometry Pairs with Predicate Intersects
[LIBGPUSPATIAL] [ 55798][17:31:17:330116][info  ] RTSpatialIndex 0x7e6fac00a7d0 (Used 1 MB), Allocate result buffer, memory consumption 0 MB, capacity 11
[LIBGPUSPATIAL] [ 55794][17:31:17:330176][info  ] RTSpatialIndex 0x7e6fac00a7d0 (Used 1 MB), Allocate result buffer, memory consumption 0 MB, capacity 8
[LIBGPUSPATIAL] [ 55798][17:31:17:330304][info  ] RTSpatialIndex 0x7e6fac00a7d0 (Used 1 MB), Probe Points, Size: 100000, Results: 11
[LIBGPUSPATIAL] [ 55794][17:31:17:330531][info  ] RTSpatialIndex 0x7e6fac00a7d0 (Used 0 MB), Probe Points, Size: 100000, Results: 8
[LIBGPUSPATIAL] [ 55798][17:31:17:330701][info  ] RTSpatialRefiner 0x7e6fafd29600 (Used 0 MB), Loaded Geometries, ProbeArray 100000, Loaded 11, Type Point
[LIBGPUSPATIAL] [ 55798][17:31:17:330750][info  ] RTSpatialRefiner 0x7e6fafd29600 (Used 0 MB), Evaluating 11 Geometry Pairs with Predicate Intersects
[LIBGPUSPATIAL] [ 55794][17:31:17:330882][info  ] RTSpatialRefiner 0x7e6fafd29600 (Used 0 MB), Loaded Geometries, ProbeArray 100000, Loaded 8, Type Point
[LIBGPUSPATIAL] [ 55794][17:31:17:330926][info  ] RTSpatialRefiner 0x7e6fafd29600 (Used 0 MB), Evaluating 8 Geometry Pairs with Predicate Intersects
[LIBGPUSPATIAL] [ 55796][17:31:17:335648][info  ] RTSpatialIndex 0x7e6fac00a7d0 (Used 0 MB), Allocate result buffer, memory consumption 0 MB, capacity 11
[LIBGPUSPATIAL] [ 55796][17:31:17:335768][info  ] RTSpatialIndex 0x7e6fac00a7d0 (Used 0 MB), Probe Points, Size: 100000, Results: 11
[LIBGPUSPATIAL] [ 55796][17:31:17:336122][info  ] RTSpatialRefiner 0x7e6fafd29600 (Used 0 MB), Loaded Geometries, ProbeArray 100000, Loaded 11, Type Point
[LIBGPUSPATIAL] [ 55796][17:31:17:336163][info  ] RTSpatialRefiner 0x7e6fafd29600 (Used 0 MB), Evaluating 11 Geometry Pairs with Predicate Intersects
[LIBGPUSPATIAL] [ 55792][17:31:17:338848][info  ] RTSpatialIndex 0x7e6fac00a7d0 (Used 0 MB), Allocate result buffer, memory consumption 0 MB, capacity 17
[LIBGPUSPATIAL] [ 55792][17:31:17:338980][info  ] RTSpatialIndex 0x7e6fac00a7d0 (Used 0 MB), Probe Points, Size: 100000, Results: 17
[LIBGPUSPATIAL] [ 55792][17:31:17:339389][info  ] RTSpatialRefiner 0x7e6fafd29600 (Used 1 MB), Loaded Geometries, ProbeArray 100000, Loaded 17, Type Point
[LIBGPUSPATIAL] [ 55792][17:31:17:339452][info  ] RTSpatialRefiner 0x7e6fafd29600 (Used 1 MB), Evaluating 17 Geometry Pairs with Predicate Intersects
[LIBGPUSPATIAL] [ 55798][17:31:17:339930][info  ] RTSpatialIndex 0x7e6fac00a7d0 (Used 1 MB), Allocate result buffer, memory consumption 0 MB, capacity 17
[LIBGPUSPATIAL] [ 55794][17:31:17:340148][info  ] RTSpatialIndex 0x7e6fac00a7d0 (Used 1 MB), Allocate result buffer, memory consumption 0 MB, capacity 14
[LIBGPUSPATIAL] [ 55798][17:31:17:340306][info  ] RTSpatialIndex 0x7e6fac00a7d0 (Used 1 MB), Probe Points, Size: 100000, Results: 17
[LIBGPUSPATIAL] [ 55794][17:31:17:340539][info  ] RTSpatialIndex 0x7e6fac00a7d0 (Used 0 MB), Probe Points, Size: 100000, Results: 14
[LIBGPUSPATIAL] [ 55798][17:31:17:340782][info  ] RTSpatialRefiner 0x7e6fafd29600 (Used 0 MB), Loaded Geometries, ProbeArray 100000, Loaded 17, Type Point
[LIBGPUSPATIAL] [ 55798][17:31:17:340830][info  ] RTSpatialRefiner 0x7e6fafd29600 (Used 0 MB), Evaluating 17 Geometry Pairs with Predicate Intersects
[LIBGPUSPATIAL] [ 55794][17:31:17:340911][info  ] RTSpatialRefiner 0x7e6fafd29600 (Used 0 MB), Loaded Geometries, ProbeArray 100000, Loaded 14, Type Point
[LIBGPUSPATIAL] [ 55794][17:31:17:340963][info  ] RTSpatialRefiner 0x7e6fafd29600 (Used 0 MB), Evaluating 14 Geometry Pairs with Predicate Intersects
[LIBGPUSPATIAL] [ 55798][17:31:17:344444][info  ] RTSpatialIndex 0x7e6fac00a7d0 (Used 0 MB), Allocate result buffer, memory consumption 0 MB, capacity 9
[LIBGPUSPATIAL] [ 55798][17:31:17:344551][info  ] RTSpatialIndex 0x7e6fac00a7d0 (Used 0 MB), Probe Points, Size: 33333, Results: 9
[LIBGPUSPATIAL] [ 55798][17:31:17:344871][info  ] RTSpatialRefiner 0x7e6fafd29600 (Used 0 MB), Loaded Geometries, ProbeArray 33333, Loaded 9, Type Point
[LIBGPUSPATIAL] [ 55798][17:31:17:344907][info  ] RTSpatialRefiner 0x7e6fafd29600 (Used 0 MB), Evaluating 9 Geometry Pairs with Predicate Intersects
[LIBGPUSPATIAL] [ 55796][17:31:17:347627][info  ] RTSpatialIndex 0x7e6fac00a7d0 (Used 0 MB), Allocate result buffer, memory consumption 0 MB, capacity 11
[LIBGPUSPATIAL] [ 55796][17:31:17:347750][info  ] RTSpatialIndex 0x7e6fac00a7d0 (Used 0 MB), Probe Points, Size: 100000, Results: 11
[LIBGPUSPATIAL] [ 55796][17:31:17:348089][info  ] RTSpatialRefiner 0x7e6fafd29600 (Used 0 MB), Loaded Geometries, ProbeArray 100000, Loaded 11, Type Point
[LIBGPUSPATIAL] [ 55796][17:31:17:348131][info  ] RTSpatialRefiner 0x7e6fafd29600 (Used 0 MB), Evaluating 11 Geometry Pairs with Predicate Intersects
[LIBGPUSPATIAL] [ 55794][17:31:17:350097][info  ] RTSpatialIndex 0x7e6fac00a7d0 (Used 0 MB), Allocate result buffer, memory consumption 0 MB, capacity 13
[LIBGPUSPATIAL] [ 55794][17:31:17:350207][info  ] RTSpatialIndex 0x7e6fac00a7d0 (Used 0 MB), Probe Points, Size: 100000, Results: 13
[LIBGPUSPATIAL] [ 55794][17:31:17:350529][info  ] RTSpatialRefiner 0x7e6fafd29600 (Used 0 MB), Loaded Geometries, ProbeArray 100000, Loaded 13, Type Point
[LIBGPUSPATIAL] [ 55794][17:31:17:350563][info  ] RTSpatialRefiner 0x7e6fafd29600 (Used 0 MB), Evaluating 13 Geometry Pairs with Predicate Intersects
[LIBGPUSPATIAL] [ 55792][17:31:17:352749][info  ] RTSpatialIndex 0x7e6fac00a7d0 (Used 1 MB), Allocate result buffer, memory consumption 0 MB, capacity 5
[LIBGPUSPATIAL] [ 55792][17:31:17:353193][info  ] RTSpatialIndex 0x7e6fac00a7d0 (Used 1 MB), Probe Points, Size: 100000, Results: 5
[LIBGPUSPATIAL] [ 55796][17:31:17:353227][info  ] RTSpatialIndex 0x7e6fac00a7d0 (Used 0 MB), Allocate result buffer, memory consumption 0 MB, capacity 4
[LIBGPUSPATIAL] [ 55796][17:31:17:353580][info  ] RTSpatialIndex 0x7e6fac00a7d0 (Used 0 MB), Probe Points, Size: 33333, Results: 4
[LIBGPUSPATIAL] [ 55792][17:31:17:353779][info  ] RTSpatialRefiner 0x7e6fafd29600 (Used 0 MB), Loaded Geometries, ProbeArray 100000, Loaded 5, Type Point
[LIBGPUSPATIAL] [ 55792][17:31:17:353825][info  ] RTSpatialRefiner 0x7e6fafd29600 (Used 0 MB), Evaluating 5 Geometry Pairs with Predicate Intersects
[LIBGPUSPATIAL] [ 55796][17:31:17:353911][info  ] RTSpatialRefiner 0x7e6fafd29600 (Used 0 MB), Loaded Geometries, ProbeArray 33333, Loaded 4, Type Point
[LIBGPUSPATIAL] [ 55796][17:31:17:353956][info  ] RTSpatialRefiner 0x7e6fafd29600 (Used 0 MB), Evaluating 4 Geometry Pairs with Predicate Intersects
[LIBGPUSPATIAL] [ 55792][17:31:17:357759][info  ] RTSpatialIndex 0x7e6fac00a7d0 (Used 0 MB), Allocate result buffer, memory consumption 0 MB, capacity 6
[LIBGPUSPATIAL] [ 55792][17:31:17:357884][info  ] RTSpatialIndex 0x7e6fac00a7d0 (Used 0 MB), Probe Points, Size: 33333, Results: 6
[LIBGPUSPATIAL] [ 55792][17:31:17:358237][info  ] RTSpatialRefiner 0x7e6fafd29600 (Used 0 MB), Loaded Geometries, ProbeArray 33333, Loaded 6, Type Point
[LIBGPUSPATIAL] [ 55792][17:31:17:358285][info  ] RTSpatialRefiner 0x7e6fafd29600 (Used 0 MB), Evaluating 6 Geometry Pairs with Predicate Intersects
[LIBGPUSPATIAL] [ 55794][17:31:17:359851][info  ] RTSpatialIndex 0x7e6fac00a7d0 (Used 0 MB), Allocate result buffer, memory consumption 0 MB, capacity 21
[LIBGPUSPATIAL] [ 55794][17:31:17:359956][info  ] RTSpatialIndex 0x7e6fac00a7d0 (Used 0 MB), Probe Points, Size: 100000, Results: 21
[LIBGPUSPATIAL] [ 55794][17:31:17:360283][info  ] RTSpatialRefiner 0x7e6fafd29600 (Used 0 MB), Loaded Geometries, ProbeArray 100000, Loaded 21, Type Point
[LIBGPUSPATIAL] [ 55794][17:31:17:360318][info  ] RTSpatialRefiner 0x7e6fafd29600 (Used 0 MB), Evaluating 21 Geometry Pairs with Predicate Intersects
[LIBGPUSPATIAL] [ 55794][17:31:17:363619][info  ] RTSpatialIndex 0x7e6fac00a7d0 (Used 0 MB), Allocate result buffer, memory consumption 0 MB, capacity 6
[LIBGPUSPATIAL] [ 55794][17:31:17:363758][info  ] RTSpatialIndex 0x7e6fac00a7d0 (Used 0 MB), Probe Points, Size: 33333, Results: 6
[LIBGPUSPATIAL] [ 55794][17:31:17:364092][info  ] RTSpatialRefiner 0x7e6fafd29600 (Used 0 MB), Loaded Geometries, ProbeArray 33333, Loaded 6, Type Point
[LIBGPUSPATIAL] [ 55794][17:31:17:364136][info  ] RTSpatialRefiner 0x7e6fafd29600 (Used 0 MB), Evaluating 6 Geometry Pairs with Predicate Intersects
2.25s (1 rows)

================================================================================
BENCHMARK SUMMARY
================================================================================
Query     sedonadb_gpu   
-------------------------
q2        2.25s          
-------------------------
Total     2.25s         

Results saved to results_mem_SF_10/sedonadb_gpu_q2_results.json
