Data paths:
  building: benchmark-data-sf10/building
  customer: benchmark-data-sf10/customer
  driver: benchmark-data-sf10/driver
  trip: benchmark-data-sf10/trip
  vehicle: benchmark-data-sf10/vehicle
  zone: benchmark-data-sf10/zone

============================================================
Running Sedonadb Gpu Benchmark
============================================================
Sedonadb Gpu version: 0.3.0
  Running q2... [LIBGPUSPATIAL] [ 10346][17:58:05:733217][info  ] Initializing GpuSpatialRuntime on device 0, PTX root /mnt/data/sedona-db/target/release/build/sedona-libgpuspatial-49614f8a870dbe66/out/share/gpuspatial/shaders
[LIBGPUSPATIAL] [ 10346][17:58:05:897305][info  ] Init Memory Manager
[LIBGPUSPATIAL] [ 10346][17:58:05:897496][info  ] Creating RMM pool memory resource with size 22511 MB
[LIBGPUSPATIAL] [ 10346][17:58:05:942821][info  ] Initialize RTEngine
[LIBGPUSPATIAL] [ 10346][17:58:06:079778][info  ] Create RTSpatialIndex 0x765a7000a800, fast_build = 0, compact = 0, concurrency = 8
[LIBGPUSPATIAL] [ 10346][17:58:06:082646][info  ] Create RTSpatialRefiner 0x765a73d2a220, fast_build = 0, compact = 0, parsing_threads = 8, concurrency = 8, pipeline_batches = 1, wkb_parser_memory_quota = 0.80, relate_engine_memory_quota = 0.02
[LIBGPUSPATIAL] [ 10346][17:58:06:088637][info  ] RTSpatialRefiner 0x765a73d2a220 (Used 0 MB), FinishBuilding Refiner, Total geoms: 1
[LIBGPUSPATIAL] [ 10346][17:58:06:088675][info  ] RTSpatialIndex 0x765a7000a800 (Used 0 MB), PushBuild, Rectangles 1
[LIBGPUSPATIAL] [ 10346][17:58:06:089014][info  ] RTSpatialIndex 0x765a7000a800 (Used 0 MB), FinishBuilding Index on Rectangles, Total geoms: 1
[LIBGPUSPATIAL] [ 10345][17:58:06:114808][info  ] RTSpatialIndex 0x765a7000a800 (Used 6 MB), Allocate result buffer, memory consumption 0 MB, capacity 15
[LIBGPUSPATIAL] [ 10350][17:58:06:115297][info  ] RTSpatialIndex 0x765a7000a800 (Used 4 MB), Allocate result buffer, memory consumption 0 MB, capacity 12
[LIBGPUSPATIAL] [ 10346][17:58:06:115388][info  ] RTSpatialIndex 0x765a7000a800 (Used 4 MB), Allocate result buffer, memory consumption 0 MB, capacity 18
[LIBGPUSPATIAL] [ 10348][17:58:06:115526][info  ] RTSpatialIndex 0x765a7000a800 (Used 4 MB), Allocate result buffer, memory consumption 0 MB, capacity 13
[LIBGPUSPATIAL] [ 10350][17:58:06:115674][info  ] RTSpatialIndex 0x765a7000a800 (Used 4 MB), Probe Points, Size: 100000, Results: 12
[LIBGPUSPATIAL] [ 10348][17:58:06:115795][info  ] RTSpatialIndex 0x765a7000a800 (Used 3 MB), Probe Points, Size: 100000, Results: 13
[LIBGPUSPATIAL] [ 10347][17:58:06:115879][info  ] RTSpatialIndex 0x765a7000a800 (Used 3 MB), Allocate result buffer, memory consumption 0 MB, capacity 7
[LIBGPUSPATIAL] [ 10346][17:58:06:116175][info  ] RTSpatialIndex 0x765a7000a800 (Used 3 MB), Probe Points, Size: 100000, Results: 18
[LIBGPUSPATIAL] [ 10352][17:58:06:116387][info  ] RTSpatialIndex 0x765a7000a800 (Used 2 MB), Allocate result buffer, memory consumption 0 MB, capacity 18
[LIBGPUSPATIAL] [ 10345][17:58:06:116683][info  ] RTSpatialIndex 0x765a7000a800 (Used 2 MB), Probe Points, Size: 100000, Results: 15
[LIBGPUSPATIAL] [ 10347][17:58:06:116952][info  ] RTSpatialIndex 0x765a7000a800 (Used 1 MB), Probe Points, Size: 100000, Results: 7
[LIBGPUSPATIAL] [ 10348][17:58:06:117297][info  ] RTSpatialRefiner 0x765a73d2a220 (Used 0 MB), Loaded Geometries, ProbeArray 100000, Loaded 13, Type Point
[LIBGPUSPATIAL] [ 10348][17:58:06:117345][info  ] RTSpatialRefiner 0x765a73d2a220 (Used 0 MB), Evaluating 13 Geometry Pairs with Predicate Intersects
[LIBGPUSPATIAL] [ 10350][17:58:06:117419][info  ] RTSpatialRefiner 0x765a73d2a220 (Used 0 MB), Loaded Geometries, ProbeArray 100000, Loaded 12, Type Point
[LIBGPUSPATIAL] [ 10350][17:58:06:117470][info  ] RTSpatialRefiner 0x765a73d2a220 (Used 0 MB), Evaluating 12 Geometry Pairs with Predicate Intersects
[LIBGPUSPATIAL] [ 10352][17:58:06:117491][info  ] RTSpatialIndex 0x765a7000a800 (Used 0 MB), Probe Points, Size: 100000, Results: 18
[LIBGPUSPATIAL] [ 10346][17:58:06:117739][info  ] RTSpatialRefiner 0x765a73d2a220 (Used 0 MB), Loaded Geometries, ProbeArray 100000, Loaded 18, Type Point
[LIBGPUSPATIAL] [ 10346][17:58:06:117790][info  ] RTSpatialRefiner 0x765a73d2a220 (Used 0 MB), Evaluating 18 Geometry Pairs with Predicate Intersects
[LIBGPUSPATIAL] [ 10347][17:58:06:142035][info  ] RTSpatialRefiner 0x765a73d2a220 (Used 1 MB), Loaded Geometries, ProbeArray 100000, Loaded 7, Type Point
[LIBGPUSPATIAL] [ 10345][17:58:06:142074][info  ] RTSpatialRefiner 0x765a73d2a220 (Used 1 MB), Loaded Geometries, ProbeArray 100000, Loaded 15, Type Point
[LIBGPUSPATIAL] [ 10347][17:58:06:142215][info  ] RTSpatialRefiner 0x765a73d2a220 (Used 1 MB), Evaluating 7 Geometry Pairs with Predicate Intersects
[LIBGPUSPATIAL] [ 10352][17:58:06:142226][info  ] RTSpatialRefiner 0x765a73d2a220 (Used 1 MB), Loaded Geometries, ProbeArray 100000, Loaded 18, Type Point
[LIBGPUSPATIAL] [ 10345][17:58:06:142220][info  ] RTSpatialRefiner 0x765a73d2a220 (Used 1 MB), Evaluating 15 Geometry Pairs with Predicate Intersects
[LIBGPUSPATIAL] [ 10352][17:58:06:142271][info  ] RTSpatialRefiner 0x765a73d2a220 (Used 1 MB), Evaluating 18 Geometry Pairs with Predicate Intersects
[LIBGPUSPATIAL] [ 10351][17:58:06:142610][info  ] RTSpatialIndex 0x765a7000a800 (Used 1 MB), Allocate result buffer, memory consumption 0 MB, capacity 9
[LIBGPUSPATIAL] [ 10349][17:58:06:142911][info  ] RTSpatialIndex 0x765a7000a800 (Used 1 MB), Allocate result buffer, memory consumption 0 MB, capacity 17
[LIBGPUSPATIAL] [ 10351][17:58:06:143502][info  ] RTSpatialIndex 0x765a7000a800 (Used 1 MB), Probe Points, Size: 100000, Results: 9
[LIBGPUSPATIAL] [ 10349][17:58:06:143990][info  ] RTSpatialIndex 0x765a7000a800 (Used 1 MB), Probe Points, Size: 100000, Results: 17
[LIBGPUSPATIAL] [ 10351][17:58:06:144215][info  ] RTSpatialRefiner 0x765a73d2a220 (Used 0 MB), Loaded Geometries, ProbeArray 100000, Loaded 9, Type Point
[LIBGPUSPATIAL] [ 10351][17:58:06:144332][info  ] RTSpatialRefiner 0x765a73d2a220 (Used 0 MB), Evaluating 9 Geometry Pairs with Predicate Intersects
[LIBGPUSPATIAL] [ 10349][17:58:06:144784][info  ] RTSpatialRefiner 0x765a73d2a220 (Used 0 MB), Loaded Geometries, ProbeArray 100000, Loaded 17, Type Point
[LIBGPUSPATIAL] [ 10349][17:58:06:144892][info  ] RTSpatialRefiner 0x765a73d2a220 (Used 0 MB), Evaluating 17 Geometry Pairs with Predicate Intersects
[LIBGPUSPATIAL] [ 10350][17:58:06:159274][info  ] RTSpatialIndex 0x765a7000a800 (Used 3 MB), Allocate result buffer, memory consumption 0 MB, capacity 22
[LIBGPUSPATIAL] [ 10346][17:58:06:159299][info  ] RTSpatialIndex 0x765a7000a800 (Used 3 MB), Allocate result buffer, memory consumption 0 MB, capacity 15
[LIBGPUSPATIAL] [ 10348][17:58:06:159354][info  ] RTSpatialIndex 0x765a7000a800 (Used 3 MB), Allocate result buffer, memory consumption 0 MB, capacity 11
[LIBGPUSPATIAL] [ 10350][17:58:06:159574][info  ] RTSpatialIndex 0x765a7000a800 (Used 3 MB), Probe Points, Size: 100000, Results: 22
[LIBGPUSPATIAL] [ 10346][17:58:06:159782][info  ] RTSpatialIndex 0x765a7000a800 (Used 3 MB), Probe Points, Size: 100000, Results: 15
[LIBGPUSPATIAL] [ 10348][17:58:06:160293][info  ] RTSpatialIndex 0x765a7000a800 (Used 4 MB), Probe Points, Size: 100000, Results: 11
[LIBGPUSPATIAL] [ 10352][17:58:06:160716][info  ] RTSpatialIndex 0x765a7000a800 (Used 3 MB), Allocate result buffer, memory consumption 0 MB, capacity 13
[LIBGPUSPATIAL] [ 10349][17:58:06:160802][info  ] RTSpatialIndex 0x765a7000a800 (Used 3 MB), Allocate result buffer, memory consumption 0 MB, capacity 11
[LIBGPUSPATIAL] [ 10346][17:58:06:161020][info  ] RTSpatialRefiner 0x765a73d2a220 (Used 3 MB), Loaded Geometries, ProbeArray 100000, Loaded 15, Type Point
[LIBGPUSPATIAL] [ 10348][17:58:06:161032][info  ] RTSpatialRefiner 0x765a73d2a220 (Used 3 MB), Loaded Geometries, ProbeArray 100000, Loaded 11, Type Point
[LIBGPUSPATIAL] [ 10350][17:58:06:161025][info  ] RTSpatialRefiner 0x765a73d2a220 (Used 3 MB), Loaded Geometries, ProbeArray 100000, Loaded 22, Type Point
[LIBGPUSPATIAL] [ 10346][17:58:06:161076][info  ] RTSpatialRefiner 0x765a73d2a220 (Used 3 MB), Evaluating 15 Geometry Pairs with Predicate Intersects
[LIBGPUSPATIAL] [ 10348][17:58:06:161082][info  ] RTSpatialRefiner 0x765a73d2a220 (Used 3 MB), Evaluating 11 Geometry Pairs with Predicate Intersects
[LIBGPUSPATIAL] [ 10350][17:58:06:161092][info  ] RTSpatialRefiner 0x765a73d2a220 (Used 3 MB), Evaluating 22 Geometry Pairs with Predicate Intersects
[LIBGPUSPATIAL] [ 10345][17:58:06:161554][info  ] RTSpatialIndex 0x765a7000a800 (Used 3 MB), Allocate result buffer, memory consumption 0 MB, capacity 18
[LIBGPUSPATIAL] [ 10349][17:58:06:162021][info  ] RTSpatialIndex 0x765a7000a800 (Used 4 MB), Probe Points, Size: 100000, Results: 11
[LIBGPUSPATIAL] [ 10352][17:58:06:162230][info  ] RTSpatialIndex 0x765a7000a800 (Used 4 MB), Probe Points, Size: 100000, Results: 13
[LIBGPUSPATIAL] [ 10347][17:58:06:162369][info  ] RTSpatialIndex 0x765a7000a800 (Used 3 MB), Allocate result buffer, memory consumption 0 MB, capacity 14
[LIBGPUSPATIAL] [ 10349][17:58:06:162891][info  ] RTSpatialRefiner 0x765a73d2a220 (Used 2 MB), Loaded Geometries, ProbeArray 100000, Loaded 11, Type Point
[LIBGPUSPATIAL] [ 10345][17:58:06:162946][info  ] RTSpatialIndex 0x765a7000a800 (Used 2 MB), Probe Points, Size: 100000, Results: 18
[LIBGPUSPATIAL] [ 10349][17:58:06:162947][info  ] RTSpatialRefiner 0x765a73d2a220 (Used 2 MB), Evaluating 11 Geometry Pairs with Predicate Intersects
[LIBGPUSPATIAL] [ 10352][17:58:06:163103][info  ] RTSpatialRefiner 0x765a73d2a220 (Used 1 MB), Loaded Geometries, ProbeArray 100000, Loaded 13, Type Point
[LIBGPUSPATIAL] [ 10351][17:58:06:163122][info  ] RTSpatialIndex 0x765a7000a800 (Used 1 MB), Allocate result buffer, memory consumption 0 MB, capacity 13
[LIBGPUSPATIAL] [ 10352][17:58:06:163148][info  ] RTSpatialRefiner 0x765a73d2a220 (Used 1 MB), Evaluating 13 Geometry Pairs with Predicate Intersects
[LIBGPUSPATIAL] [ 10347][17:58:06:163411][info  ] RTSpatialIndex 0x765a7000a800 (Used 1 MB), Probe Points, Size: 100000, Results: 14
[LIBGPUSPATIAL] [ 10345][17:58:06:163673][info  ] RTSpatialRefiner 0x765a73d2a220 (Used 0 MB), Loaded Geometries, ProbeArray 100000, Loaded 18, Type Point
[LIBGPUSPATIAL] [ 10351][17:58:06:164002][info  ] RTSpatialIndex 0x765a7000a800 (Used 0 MB), Probe Points, Size: 100000, Results: 13
[LIBGPUSPATIAL] [ 10345][17:58:06:164049][info  ] RTSpatialRefiner 0x765a73d2a220 (Used 0 MB), Evaluating 18 Geometry Pairs with Predicate Intersects
[LIBGPUSPATIAL] [ 10347][17:58:06:168179][info  ] RTSpatialRefiner 0x765a73d2a220 (Used 0 MB), Loaded Geometries, ProbeArray 100000, Loaded 14, Type Point
[LIBGPUSPATIAL] [ 10347][17:58:06:168233][info  ] RTSpatialRefiner 0x765a73d2a220 (Used 0 MB), Evaluating 14 Geometry Pairs with Predicate Intersects
[LIBGPUSPATIAL] [ 10351][17:58:06:169348][info  ] RTSpatialRefiner 0x765a73d2a220 (Used 0 MB), Loaded Geometries, ProbeArray 100000, Loaded 13, Type Point
[LIBGPUSPATIAL] [ 10351][17:58:06:169387][info  ] RTSpatialRefiner 0x765a73d2a220 (Used 0 MB), Evaluating 13 Geometry Pairs with Predicate Intersects
[LIBGPUSPATIAL] [ 10348][17:58:06:174463][info  ] RTSpatialIndex 0x765a7000a800 (Used 0 MB), Allocate result buffer, memory consumption 0 MB, capacity 16
[LIBGPUSPATIAL] [ 10348][17:58:06:174634][info  ] RTSpatialIndex 0x765a7000a800 (Used 0 MB), Probe Points, Size: 100000, Results: 16
[LIBGPUSPATIAL] [ 10348][17:58:06:175077][info  ] RTSpatialRefiner 0x765a73d2a220 (Used 0 MB), Loaded Geometries, ProbeArray 100000, Loaded 16, Type Point
[LIBGPUSPATIAL] [ 10348][17:58:06:175153][info  ] RTSpatialRefiner 0x765a73d2a220 (Used 0 MB), Evaluating 16 Geometry Pairs with Predicate Intersects
[LIBGPUSPATIAL] [ 10345][17:58:06:176302][info  ] RTSpatialIndex 0x765a7000a800 (Used 0 MB), Allocate result buffer, memory consumption 0 MB, capacity 9
[LIBGPUSPATIAL] [ 10345][17:58:06:177288][info  ] RTSpatialIndex 0x765a7000a800 (Used 3 MB), Probe Points, Size: 100000, Results: 9
[LIBGPUSPATIAL] [ 10350][17:58:06:177521][info  ] RTSpatialIndex 0x765a7000a800 (Used 1 MB), Allocate result buffer, memory consumption 0 MB, capacity 12
[LIBGPUSPATIAL] [ 10345][17:58:06:178002][info  ] RTSpatialRefiner 0x765a73d2a220 (Used 4 MB), Loaded Geometries, ProbeArray 100000, Loaded 9, Type Point
[LIBGPUSPATIAL] [ 10345][17:58:06:178062][info  ] RTSpatialRefiner 0x765a73d2a220 (Used 3 MB), Evaluating 9 Geometry Pairs with Predicate Intersects
[LIBGPUSPATIAL] [ 10346][17:58:06:178093][info  ] RTSpatialIndex 0x765a7000a800 (Used 3 MB), Allocate result buffer, memory consumption 0 MB, capacity 18
[LIBGPUSPATIAL] [ 10350][17:58:06:178427][info  ] RTSpatialIndex 0x765a7000a800 (Used 3 MB), Probe Points, Size: 100000, Results: 12
[LIBGPUSPATIAL] [ 10349][17:58:06:178562][info  ] RTSpatialIndex 0x765a7000a800 (Used 2 MB), Allocate result buffer, memory consumption 0 MB, capacity 9
[LIBGPUSPATIAL] [ 10352][17:58:06:178889][info  ] RTSpatialIndex 0x765a7000a800 (Used 2 MB), Allocate result buffer, memory consumption 0 MB, capacity 17
[LIBGPUSPATIAL] [ 10350][17:58:06:179183][info  ] RTSpatialRefiner 0x765a73d2a220 (Used 2 MB), Loaded Geometries, ProbeArray 100000, Loaded 12, Type Point
[LIBGPUSPATIAL] [ 10350][17:58:06:179235][info  ] RTSpatialRefiner 0x765a73d2a220 (Used 2 MB), Evaluating 12 Geometry Pairs with Predicate Intersects
[LIBGPUSPATIAL] [ 10346][17:58:06:179280][info  ] RTSpatialIndex 0x765a7000a800 (Used 2 MB), Probe Points, Size: 100000, Results: 18
[LIBGPUSPATIAL] [ 10352][17:58:06:179600][info  ] RTSpatialIndex 0x765a7000a800 (Used 1 MB), Probe Points, Size: 100000, Results: 17
[LIBGPUSPATIAL] [ 10349][17:58:06:179872][info  ] RTSpatialIndex 0x765a7000a800 (Used 0 MB), Probe Points, Size: 100000, Results: 9
[LIBGPUSPATIAL] [ 10352][17:58:06:180394][info  ] RTSpatialRefiner 0x765a73d2a220 (Used 1 MB), Loaded Geometries, ProbeArray 100000, Loaded 17, Type Point
[LIBGPUSPATIAL] [ 10352][17:58:06:180474][info  ] RTSpatialRefiner 0x765a73d2a220 (Used 1 MB), Evaluating 17 Geometry Pairs with Predicate Intersects
[LIBGPUSPATIAL] [ 10346][17:58:06:180772][info  ] RTSpatialRefiner 0x765a73d2a220 (Used 1 MB), Loaded Geometries, ProbeArray 100000, Loaded 18, Type Point
[LIBGPUSPATIAL] [ 10349][17:58:06:180799][info  ] RTSpatialRefiner 0x765a73d2a220 (Used 1 MB), Loaded Geometries, ProbeArray 100000, Loaded 9, Type Point
[LIBGPUSPATIAL] [ 10346][17:58:06:180822][info  ] RTSpatialRefiner 0x765a73d2a220 (Used 1 MB), Evaluating 18 Geometry Pairs with Predicate Intersects
[LIBGPUSPATIAL] [ 10349][17:58:06:180864][info  ] RTSpatialRefiner 0x765a73d2a220 (Used 1 MB), Evaluating 9 Geometry Pairs with Predicate Intersects
[LIBGPUSPATIAL] [ 10347][17:58:06:181188][info  ] RTSpatialIndex 0x765a7000a800 (Used 0 MB), Allocate result buffer, memory consumption 0 MB, capacity 14
[LIBGPUSPATIAL] [ 10347][17:58:06:181622][info  ] RTSpatialIndex 0x765a7000a800 (Used 0 MB), Probe Points, Size: 100000, Results: 14
[LIBGPUSPATIAL] [ 10351][17:58:06:182373][info  ] RTSpatialIndex 0x765a7000a800 (Used 0 MB), Allocate result buffer, memory consumption 0 MB, capacity 6
[LIBGPUSPATIAL] [ 10347][17:58:06:182381][info  ] RTSpatialRefiner 0x765a73d2a220 (Used 0 MB), Loaded Geometries, ProbeArray 100000, Loaded 14, Type Point
[LIBGPUSPATIAL] [ 10347][17:58:06:182420][info  ] RTSpatialRefiner 0x765a73d2a220 (Used 0 MB), Evaluating 14 Geometry Pairs with Predicate Intersects
[LIBGPUSPATIAL] [ 10351][17:58:06:182892][info  ] RTSpatialIndex 0x765a7000a800 (Used 0 MB), Probe Points, Size: 100000, Results: 6
[LIBGPUSPATIAL] [ 10351][17:58:06:184029][info  ] RTSpatialRefiner 0x765a73d2a220 (Used 0 MB), Loaded Geometries, ProbeArray 100000, Loaded 6, Type Point
[LIBGPUSPATIAL] [ 10351][17:58:06:184070][info  ] RTSpatialRefiner 0x765a73d2a220 (Used 0 MB), Evaluating 6 Geometry Pairs with Predicate Intersects
[LIBGPUSPATIAL] [ 10348][17:58:06:189007][info  ] RTSpatialIndex 0x765a7000a800 (Used 0 MB), Allocate result buffer, memory consumption 0 MB, capacity 8
[LIBGPUSPATIAL] [ 10348][17:58:06:189129][info  ] RTSpatialIndex 0x765a7000a800 (Used 0 MB), Probe Points, Size: 100000, Results: 8
[LIBGPUSPATIAL] [ 10348][17:58:06:189518][info  ] RTSpatialRefiner 0x765a73d2a220 (Used 0 MB), Loaded Geometries, ProbeArray 100000, Loaded 8, Type Point
[LIBGPUSPATIAL] [ 10348][17:58:06:189572][info  ] RTSpatialRefiner 0x765a73d2a220 (Used 0 MB), Evaluating 8 Geometry Pairs with Predicate Intersects
[LIBGPUSPATIAL] [ 10345][17:58:06:192259][info  ] RTSpatialIndex 0x765a7000a800 (Used 0 MB), Allocate result buffer, memory consumption 0 MB, capacity 11
[LIBGPUSPATIAL] [ 10345][17:58:06:192436][info  ] RTSpatialIndex 0x765a7000a800 (Used 0 MB), Probe Points, Size: 100000, Results: 11
[LIBGPUSPATIAL] [ 10345][17:58:06:192822][info  ] RTSpatialRefiner 0x765a73d2a220 (Used 0 MB), Loaded Geometries, ProbeArray 100000, Loaded 11, Type Point
[LIBGPUSPATIAL] [ 10350][17:58:06:192893][info  ] RTSpatialIndex 0x765a7000a800 (Used 0 MB), Allocate result buffer, memory consumption 0 MB, capacity 17
[LIBGPUSPATIAL] [ 10345][17:58:06:192936][info  ] RTSpatialRefiner 0x765a73d2a220 (Used 0 MB), Evaluating 11 Geometry Pairs with Predicate Intersects
[LIBGPUSPATIAL] [ 10350][17:58:06:193266][info  ] RTSpatialIndex 0x765a7000a800 (Used 0 MB), Probe Points, Size: 100000, Results: 17
[LIBGPUSPATIAL] [ 10350][17:58:06:193655][info  ] RTSpatialRefiner 0x765a73d2a220 (Used 1 MB), Loaded Geometries, ProbeArray 100000, Loaded 17, Type Point
[LIBGPUSPATIAL] [ 10350][17:58:06:193753][info  ] RTSpatialRefiner 0x765a73d2a220 (Used 2 MB), Evaluating 17 Geometry Pairs with Predicate Intersects
[LIBGPUSPATIAL] [ 10352][17:58:06:194178][info  ] RTSpatialIndex 0x765a7000a800 (Used 0 MB), Allocate result buffer, memory consumption 0 MB, capacity 14
[LIBGPUSPATIAL] [ 10352][17:58:06:194298][info  ] RTSpatialIndex 0x765a7000a800 (Used 0 MB), Probe Points, Size: 100000, Results: 14
[LIBGPUSPATIAL] [ 10346][17:58:06:195746][info  ] RTSpatialIndex 0x765a7000a800 (Used 1 MB), Allocate result buffer, memory consumption 0 MB, capacity 10
[LIBGPUSPATIAL] [ 10349][17:58:06:195881][info  ] RTSpatialIndex 0x765a7000a800 (Used 1 MB), Allocate result buffer, memory consumption 0 MB, capacity 17
[LIBGPUSPATIAL] [ 10346][17:58:06:196077][info  ] RTSpatialIndex 0x765a7000a800 (Used 3 MB), Probe Points, Size: 100000, Results: 10
[LIBGPUSPATIAL] [ 10352][17:58:06:196288][info  ] RTSpatialRefiner 0x765a73d2a220 (Used 2 MB), Loaded Geometries, ProbeArray 100000, Loaded 14, Type Point
[LIBGPUSPATIAL] [ 10349][17:58:06:196368][info  ] RTSpatialIndex 0x765a7000a800 (Used 2 MB), Probe Points, Size: 100000, Results: 17
[LIBGPUSPATIAL] [ 10352][17:58:06:196504][info  ] RTSpatialRefiner 0x765a73d2a220 (Used 1 MB), Evaluating 14 Geometry Pairs with Predicate Intersects
[LIBGPUSPATIAL] [ 10349][17:58:06:196963][info  ] RTSpatialRefiner 0x765a73d2a220 (Used 3 MB), Loaded Geometries, ProbeArray 100000, Loaded 17, Type Point
[LIBGPUSPATIAL] [ 10346][17:58:06:196968][info  ] RTSpatialRefiner 0x765a73d2a220 (Used 3 MB), Loaded Geometries, ProbeArray 100000, Loaded 10, Type Point
[LIBGPUSPATIAL] [ 10346][17:58:06:197075][info  ] RTSpatialRefiner 0x765a73d2a220 (Used 3 MB), Evaluating 10 Geometry Pairs with Predicate Intersects
[LIBGPUSPATIAL] [ 10351][17:58:06:197120][info  ] RTSpatialIndex 0x765a7000a800 (Used 3 MB), Allocate result buffer, memory consumption 0 MB, capacity 17
[LIBGPUSPATIAL] [ 10349][17:58:06:197267][info  ] RTSpatialRefiner 0x765a73d2a220 (Used 1 MB), Evaluating 17 Geometry Pairs with Predicate Intersects
[LIBGPUSPATIAL] [ 10347][17:58:06:197978][info  ] RTSpatialIndex 0x765a7000a800 (Used 1 MB), Allocate result buffer, memory consumption 0 MB, capacity 18
[LIBGPUSPATIAL] [ 10351][17:58:06:198098][info  ] RTSpatialIndex 0x765a7000a800 (Used 1 MB), Probe Points, Size: 100000, Results: 17
[LIBGPUSPATIAL] [ 10347][17:58:06:198507][info  ] RTSpatialIndex 0x765a7000a800 (Used 0 MB), Probe Points, Size: 100000, Results: 18
[LIBGPUSPATIAL] [ 10351][17:58:06:198713][info  ] RTSpatialRefiner 0x765a73d2a220 (Used 0 MB), Loaded Geometries, ProbeArray 100000, Loaded 17, Type Point
[LIBGPUSPATIAL] [ 10351][17:58:06:198759][info  ] RTSpatialRefiner 0x765a73d2a220 (Used 0 MB), Evaluating 17 Geometry Pairs with Predicate Intersects
[LIBGPUSPATIAL] [ 10347][17:58:06:200028][info  ] RTSpatialRefiner 0x765a73d2a220 (Used 0 MB), Loaded Geometries, ProbeArray 100000, Loaded 18, Type Point
[LIBGPUSPATIAL] [ 10347][17:58:06:200075][info  ] RTSpatialRefiner 0x765a73d2a220 (Used 0 MB), Evaluating 18 Geometry Pairs with Predicate Intersects
[LIBGPUSPATIAL] [ 10348][17:58:06:202615][info  ] RTSpatialIndex 0x765a7000a800 (Used 0 MB), Allocate result buffer, memory consumption 0 MB, capacity 14
[LIBGPUSPATIAL] [ 10348][17:58:06:202723][info  ] RTSpatialIndex 0x765a7000a800 (Used 0 MB), Probe Points, Size: 100000, Results: 14
[LIBGPUSPATIAL] [ 10348][17:58:06:205274][info  ] RTSpatialRefiner 0x765a73d2a220 (Used 0 MB), Loaded Geometries, ProbeArray 100000, Loaded 14, Type Point
[LIBGPUSPATIAL] [ 10348][17:58:06:205359][info  ] RTSpatialRefiner 0x765a73d2a220 (Used 0 MB), Evaluating 14 Geometry Pairs with Predicate Intersects
[LIBGPUSPATIAL] [ 10345][17:58:06:206482][info  ] RTSpatialIndex 0x765a7000a800 (Used 0 MB), Allocate result buffer, memory consumption 0 MB, capacity 14
[LIBGPUSPATIAL] [ 10345][17:58:06:206604][info  ] RTSpatialIndex 0x765a7000a800 (Used 0 MB), Probe Points, Size: 100000, Results: 14
[LIBGPUSPATIAL] [ 10345][17:58:06:207001][info  ] RTSpatialRefiner 0x765a73d2a220 (Used 0 MB), Loaded Geometries, ProbeArray 100000, Loaded 14, Type Point
[LIBGPUSPATIAL] [ 10345][17:58:06:207049][info  ] RTSpatialRefiner 0x765a73d2a220 (Used 0 MB), Evaluating 14 Geometry Pairs with Predicate Intersects
[LIBGPUSPATIAL] [ 10350][17:58:06:207856][info  ] RTSpatialIndex 0x765a7000a800 (Used 0 MB), Allocate result buffer, memory consumption 0 MB, capacity 15
[LIBGPUSPATIAL] [ 10350][17:58:06:208019][info  ] RTSpatialIndex 0x765a7000a800 (Used 0 MB), Probe Points, Size: 100000, Results: 15
[LIBGPUSPATIAL] [ 10350][17:58:06:208350][info  ] RTSpatialRefiner 0x765a73d2a220 (Used 0 MB), Loaded Geometries, ProbeArray 100000, Loaded 15, Type Point
[LIBGPUSPATIAL] [ 10350][17:58:06:208395][info  ] RTSpatialRefiner 0x765a73d2a220 (Used 0 MB), Evaluating 15 Geometry Pairs with Predicate Intersects
[LIBGPUSPATIAL] [ 10352][17:58:06:209712][info  ] RTSpatialIndex 0x765a7000a800 (Used 0 MB), Allocate result buffer, memory consumption 0 MB, capacity 11
[LIBGPUSPATIAL] [ 10352][17:58:06:209890][info  ] RTSpatialIndex 0x765a7000a800 (Used 0 MB), Probe Points, Size: 100000, Results: 11
[LIBGPUSPATIAL] [ 10349][17:58:06:210437][info  ] RTSpatialIndex 0x765a7000a800 (Used 0 MB), Allocate result buffer, memory consumption 0 MB, capacity 6
[LIBGPUSPATIAL] [ 10349][17:58:06:210616][info  ] RTSpatialIndex 0x765a7000a800 (Used 2 MB), Probe Points, Size: 100000, Results: 6
[LIBGPUSPATIAL] [ 10352][17:58:06:211001][info  ] RTSpatialRefiner 0x765a73d2a220 (Used 0 MB), Loaded Geometries, ProbeArray 100000, Loaded 11, Type Point
[LIBGPUSPATIAL] [ 10352][17:58:06:211076][info  ] RTSpatialRefiner 0x765a73d2a220 (Used 0 MB), Evaluating 11 Geometry Pairs with Predicate Intersects
[LIBGPUSPATIAL] [ 10346][17:58:06:211278][info  ] RTSpatialIndex 0x765a7000a800 (Used 0 MB), Allocate result buffer, memory consumption 0 MB, capacity 13
[LIBGPUSPATIAL] [ 10346][17:58:06:211456][info  ] RTSpatialIndex 0x765a7000a800 (Used 2 MB), Probe Points, Size: 100000, Results: 13
[LIBGPUSPATIAL] [ 10349][17:58:06:211514][info  ] RTSpatialRefiner 0x765a73d2a220 (Used 1 MB), Loaded Geometries, ProbeArray 100000, Loaded 6, Type Point
[LIBGPUSPATIAL] [ 10349][17:58:06:211695][info  ] RTSpatialRefiner 0x765a73d2a220 (Used 2 MB), Evaluating 6 Geometry Pairs with Predicate Intersects
[LIBGPUSPATIAL] [ 10346][17:58:06:211939][info  ] RTSpatialRefiner 0x765a73d2a220 (Used 0 MB), Loaded Geometries, ProbeArray 100000, Loaded 13, Type Point
[LIBGPUSPATIAL] [ 10346][17:58:06:212029][info  ] RTSpatialRefiner 0x765a73d2a220 (Used 0 MB), Evaluating 13 Geometry Pairs with Predicate Intersects
[LIBGPUSPATIAL] [ 10351][17:58:06:212277][info  ] RTSpatialIndex 0x765a7000a800 (Used 0 MB), Allocate result buffer, memory consumption 0 MB, capacity 20
[LIBGPUSPATIAL] [ 10351][17:58:06:212892][info  ] RTSpatialIndex 0x765a7000a800 (Used 1 MB), Probe Points, Size: 100000, Results: 20
[LIBGPUSPATIAL] [ 10347][17:58:06:214671][info  ] RTSpatialIndex 0x765a7000a800 (Used 0 MB), Allocate result buffer, memory consumption 0 MB, capacity 11
[LIBGPUSPATIAL] [ 10351][17:58:06:214910][info  ] RTSpatialRefiner 0x765a73d2a220 (Used 0 MB), Loaded Geometries, ProbeArray 100000, Loaded 20, Type Point
[LIBGPUSPATIAL] [ 10347][17:58:06:215003][info  ] RTSpatialIndex 0x765a7000a800 (Used 0 MB), Probe Points, Size: 100000, Results: 11
[LIBGPUSPATIAL] [ 10351][17:58:06:215062][info  ] RTSpatialRefiner 0x765a73d2a220 (Used 0 MB), Evaluating 20 Geometry Pairs with Predicate Intersects
[LIBGPUSPATIAL] [ 10347][17:58:06:215512][info  ] RTSpatialRefiner 0x765a73d2a220 (Used 0 MB), Loaded Geometries, ProbeArray 100000, Loaded 11, Type Point
[LIBGPUSPATIAL] [ 10347][17:58:06:215629][info  ] RTSpatialRefiner 0x765a73d2a220 (Used 0 MB), Evaluating 11 Geometry Pairs with Predicate Intersects
[LIBGPUSPATIAL] [ 10348][17:58:06:219645][info  ] RTSpatialIndex 0x765a7000a800 (Used 0 MB), Allocate result buffer, memory consumption 0 MB, capacity 15
[LIBGPUSPATIAL] [ 10348][17:58:06:219817][info  ] RTSpatialIndex 0x765a7000a800 (Used 2 MB), Probe Points, Size: 100000, Results: 15
[LIBGPUSPATIAL] [ 10345][17:58:06:221447][info  ] RTSpatialIndex 0x765a7000a800 (Used 1 MB), Allocate result buffer, memory consumption 0 MB, capacity 17
[LIBGPUSPATIAL] [ 10348][17:58:06:221455][info  ] RTSpatialRefiner 0x765a73d2a220 (Used 1 MB), Loaded Geometries, ProbeArray 100000, Loaded 15, Type Point
[LIBGPUSPATIAL] [ 10350][17:58:06:221497][info  ] RTSpatialIndex 0x765a7000a800 (Used 1 MB), Allocate result buffer, memory consumption 0 MB, capacity 11
[LIBGPUSPATIAL] [ 10348][17:58:06:221527][info  ] RTSpatialRefiner 0x765a73d2a220 (Used 1 MB), Evaluating 15 Geometry Pairs with Predicate Intersects
[LIBGPUSPATIAL] [ 10345][17:58:06:221765][info  ] RTSpatialIndex 0x765a7000a800 (Used 1 MB), Probe Points, Size: 100000, Results: 17
[LIBGPUSPATIAL] [ 10345][17:58:06:222237][info  ] RTSpatialRefiner 0x765a73d2a220 (Used 0 MB), Loaded Geometries, ProbeArray 100000, Loaded 17, Type Point
[LIBGPUSPATIAL] [ 10345][17:58:06:222280][info  ] RTSpatialRefiner 0x765a73d2a220 (Used 0 MB), Evaluating 17 Geometry Pairs with Predicate Intersects
[LIBGPUSPATIAL] [ 10350][17:58:06:222615][info  ] RTSpatialIndex 0x765a7000a800 (Used 0 MB), Probe Points, Size: 100000, Results: 11
[LIBGPUSPATIAL] [ 10350][17:58:06:223523][info  ] RTSpatialRefiner 0x765a73d2a220 (Used 0 MB), Loaded Geometries, ProbeArray 100000, Loaded 11, Type Point
[LIBGPUSPATIAL] [ 10350][17:58:06:223597][info  ] RTSpatialRefiner 0x765a73d2a220 (Used 0 MB), Evaluating 11 Geometry Pairs with Predicate Intersects
[LIBGPUSPATIAL] [ 10346][17:58:06:225820][info  ] RTSpatialIndex 0x765a7000a800 (Used 3 MB), Allocate result buffer, memory consumption 0 MB, capacity 17
[LIBGPUSPATIAL] [ 10352][17:58:06:226269][info  ] RTSpatialIndex 0x765a7000a800 (Used 2 MB), Allocate result buffer, memory consumption 0 MB, capacity 17
[LIBGPUSPATIAL] [ 10346][17:58:06:226480][info  ] RTSpatialIndex 0x765a7000a800 (Used 2 MB), Probe Points, Size: 100000, Results: 17
[LIBGPUSPATIAL] [ 10352][17:58:06:226597][info  ] RTSpatialIndex 0x765a7000a800 (Used 1 MB), Probe Points, Size: 100000, Results: 17
[LIBGPUSPATIAL] [ 10349][17:58:06:226641][info  ] RTSpatialIndex 0x765a7000a800 (Used 0 MB), Allocate result buffer, memory consumption 0 MB, capacity 21
[LIBGPUSPATIAL] [ 10346][17:58:06:227033][info  ] RTSpatialRefiner 0x765a73d2a220 (Used 0 MB), Loaded Geometries, ProbeArray 100000, Loaded 17, Type Point
[LIBGPUSPATIAL] [ 10349][17:58:06:227102][info  ] RTSpatialIndex 0x765a7000a800 (Used 0 MB), Probe Points, Size: 100000, Results: 21
[LIBGPUSPATIAL] [ 10346][17:58:06:227107][info  ] RTSpatialRefiner 0x765a73d2a220 (Used 0 MB), Evaluating 17 Geometry Pairs with Predicate Intersects
[LIBGPUSPATIAL] [ 10352][17:58:06:227293][info  ] RTSpatialRefiner 0x765a73d2a220 (Used 0 MB), Loaded Geometries, ProbeArray 100000, Loaded 17, Type Point
[LIBGPUSPATIAL] [ 10352][17:58:06:227341][info  ] RTSpatialRefiner 0x765a73d2a220 (Used 0 MB), Evaluating 17 Geometry Pairs with Predicate Intersects
[LIBGPUSPATIAL] [ 10349][17:58:06:228153][info  ] RTSpatialRefiner 0x765a73d2a220 (Used 1 MB), Loaded Geometries, ProbeArray 100000, Loaded 21, Type Point
[LIBGPUSPATIAL] [ 10349][17:58:06:228266][info  ] RTSpatialRefiner 0x765a73d2a220 (Used 1 MB), Evaluating 21 Geometry Pairs with Predicate Intersects
[LIBGPUSPATIAL] [ 10347][17:58:06:228837][info  ] RTSpatialIndex 0x765a7000a800 (Used 2 MB), Allocate result buffer, memory consumption 0 MB, capacity 7
[LIBGPUSPATIAL] [ 10347][17:58:06:229301][info  ] RTSpatialIndex 0x765a7000a800 (Used 3 MB), Probe Points, Size: 100000, Results: 7
[LIBGPUSPATIAL] [ 10351][17:58:06:229583][info  ] RTSpatialIndex 0x765a7000a800 (Used 0 MB), Allocate result buffer, memory consumption 0 MB, capacity 17
[LIBGPUSPATIAL] [ 10351][17:58:06:229797][info  ] RTSpatialIndex 0x765a7000a800 (Used 0 MB), Probe Points, Size: 100000, Results: 17
[LIBGPUSPATIAL] [ 10347][17:58:06:230175][info  ] RTSpatialRefiner 0x765a73d2a220 (Used 0 MB), Loaded Geometries, ProbeArray 100000, Loaded 7, Type Point
[LIBGPUSPATIAL] [ 10347][17:58:06:230271][info  ] RTSpatialRefiner 0x765a73d2a220 (Used 0 MB), Evaluating 7 Geometry Pairs with Predicate Intersects
[LIBGPUSPATIAL] [ 10351][17:58:06:230495][info  ] RTSpatialRefiner 0x765a73d2a220 (Used 0 MB), Loaded Geometries, ProbeArray 100000, Loaded 17, Type Point
[LIBGPUSPATIAL] [ 10351][17:58:06:230645][info  ] RTSpatialRefiner 0x765a73d2a220 (Used 0 MB), Evaluating 17 Geometry Pairs with Predicate Intersects
[LIBGPUSPATIAL] [ 10345][17:58:06:235017][info  ] RTSpatialIndex 0x765a7000a800 (Used 1 MB), Allocate result buffer, memory consumption 0 MB, capacity 16
[LIBGPUSPATIAL] [ 10348][17:58:06:235020][info  ] RTSpatialIndex 0x765a7000a800 (Used 1 MB), Allocate result buffer, memory consumption 0 MB, capacity 8
[LIBGPUSPATIAL] [ 10345][17:58:06:235328][info  ] RTSpatialIndex 0x765a7000a800 (Used 1 MB), Probe Points, Size: 100000, Results: 16
[LIBGPUSPATIAL] [ 10348][17:58:06:235422][info  ] RTSpatialIndex 0x765a7000a800 (Used 0 MB), Probe Points, Size: 100000, Results: 8
[LIBGPUSPATIAL] [ 10350][17:58:06:237292][info  ] RTSpatialIndex 0x765a7000a800 (Used 0 MB), Allocate result buffer, memory consumption 0 MB, capacity 18
[LIBGPUSPATIAL] [ 10350][17:58:06:237411][info  ] RTSpatialIndex 0x765a7000a800 (Used 0 MB), Probe Points, Size: 100000, Results: 18
[LIBGPUSPATIAL] [ 10348][17:58:06:237768][info  ] RTSpatialRefiner 0x765a73d2a220 (Used 0 MB), Loaded Geometries, ProbeArray 100000, Loaded 8, Type Point
[LIBGPUSPATIAL] [ 10345][17:58:06:237797][info  ] RTSpatialRefiner 0x765a73d2a220 (Used 0 MB), Loaded Geometries, ProbeArray 100000, Loaded 16, Type Point
[LIBGPUSPATIAL] [ 10348][17:58:06:237815][info  ] RTSpatialRefiner 0x765a73d2a220 (Used 0 MB), Evaluating 8 Geometry Pairs with Predicate Intersects
[LIBGPUSPATIAL] [ 10345][17:58:06:237917][info  ] RTSpatialRefiner 0x765a73d2a220 (Used 0 MB), Evaluating 16 Geometry Pairs with Predicate Intersects
[LIBGPUSPATIAL] [ 10350][17:58:06:238367][info  ] RTSpatialRefiner 0x765a73d2a220 (Used 0 MB), Loaded Geometries, ProbeArray 100000, Loaded 18, Type Point
[LIBGPUSPATIAL] [ 10350][17:58:06:238408][info  ] RTSpatialRefiner 0x765a73d2a220 (Used 0 MB), Evaluating 18 Geometry Pairs with Predicate Intersects
[LIBGPUSPATIAL] [ 10346][17:58:06:239131][info  ] RTSpatialIndex 0x765a7000a800 (Used 0 MB), Allocate result buffer, memory consumption 0 MB, capacity 11
[LIBGPUSPATIAL] [ 10346][17:58:06:239539][info  ] RTSpatialIndex 0x765a7000a800 (Used 0 MB), Probe Points, Size: 100000, Results: 11
[LIBGPUSPATIAL] [ 10346][17:58:06:240025][info  ] RTSpatialRefiner 0x765a73d2a220 (Used 0 MB), Loaded Geometries, ProbeArray 100000, Loaded 11, Type Point
[LIBGPUSPATIAL] [ 10346][17:58:06:240069][info  ] RTSpatialRefiner 0x765a73d2a220 (Used 0 MB), Evaluating 11 Geometry Pairs with Predicate Intersects
[LIBGPUSPATIAL] [ 10352][17:58:06:240942][info  ] RTSpatialIndex 0x765a7000a800 (Used 0 MB), Allocate result buffer, memory consumption 0 MB, capacity 15
[LIBGPUSPATIAL] [ 10352][17:58:06:241158][info  ] RTSpatialIndex 0x765a7000a800 (Used 0 MB), Probe Points, Size: 100000, Results: 15
[LIBGPUSPATIAL] [ 10352][17:58:06:242145][info  ] RTSpatialRefiner 0x765a73d2a220 (Used 1 MB), Loaded Geometries, ProbeArray 100000, Loaded 15, Type Point
[LIBGPUSPATIAL] [ 10352][17:58:06:242183][info  ] RTSpatialRefiner 0x765a73d2a220 (Used 0 MB), Evaluating 15 Geometry Pairs with Predicate Intersects
[LIBGPUSPATIAL] [ 10349][17:58:06:242507][info  ] RTSpatialIndex 0x765a7000a800 (Used 0 MB), Allocate result buffer, memory consumption 0 MB, capacity 14
[LIBGPUSPATIAL] [ 10351][17:58:06:243112][info  ] RTSpatialIndex 0x765a7000a800 (Used 3 MB), Allocate result buffer, memory consumption 0 MB, capacity 13
[LIBGPUSPATIAL] [ 10349][17:58:06:243508][info  ] RTSpatialIndex 0x765a7000a800 (Used 2 MB), Probe Points, Size: 100000, Results: 14
[LIBGPUSPATIAL] [ 10351][17:58:06:243772][info  ] RTSpatialIndex 0x765a7000a800 (Used 1 MB), Probe Points, Size: 100000, Results: 13
[LIBGPUSPATIAL] [ 10349][17:58:06:244094][info  ] RTSpatialRefiner 0x765a73d2a220 (Used 0 MB), Loaded Geometries, ProbeArray 100000, Loaded 14, Type Point
[LIBGPUSPATIAL] [ 10349][17:58:06:244155][info  ] RTSpatialRefiner 0x765a73d2a220 (Used 0 MB), Evaluating 14 Geometry Pairs with Predicate Intersects
[LIBGPUSPATIAL] [ 10351][17:58:06:244353][info  ] RTSpatialRefiner 0x765a73d2a220 (Used 0 MB), Loaded Geometries, ProbeArray 100000, Loaded 13, Type Point
[LIBGPUSPATIAL] [ 10351][17:58:06:244397][info  ] RTSpatialRefiner 0x765a73d2a220 (Used 0 MB), Evaluating 13 Geometry Pairs with Predicate Intersects
[LIBGPUSPATIAL] [ 10347][17:58:06:244590][info  ] RTSpatialIndex 0x765a7000a800 (Used 0 MB), Allocate result buffer, memory consumption 0 MB, capacity 8
[LIBGPUSPATIAL] [ 10347][17:58:06:245002][info  ] RTSpatialIndex 0x765a7000a800 (Used 0 MB), Probe Points, Size: 100000, Results: 8
[LIBGPUSPATIAL] [ 10347][17:58:06:245798][info  ] RTSpatialRefiner 0x765a73d2a220 (Used 0 MB), Loaded Geometries, ProbeArray 100000, Loaded 8, Type Point
[LIBGPUSPATIAL] [ 10347][17:58:06:245857][info  ] RTSpatialRefiner 0x765a73d2a220 (Used 0 MB), Evaluating 8 Geometry Pairs with Predicate Intersects
[LIBGPUSPATIAL] [ 10345][17:58:06:252371][info  ] RTSpatialIndex 0x765a7000a800 (Used 2 MB), Allocate result buffer, memory consumption 0 MB, capacity 13
[LIBGPUSPATIAL] [ 10348][17:58:06:252378][info  ] RTSpatialIndex 0x765a7000a800 (Used 2 MB), Allocate result buffer, memory consumption 0 MB, capacity 13
[LIBGPUSPATIAL] [ 10350][17:58:06:252422][info  ] RTSpatialIndex 0x765a7000a800 (Used 2 MB), Allocate result buffer, memory consumption 0 MB, capacity 14
[LIBGPUSPATIAL] [ 10345][17:58:06:252811][info  ] RTSpatialIndex 0x765a7000a800 (Used 3 MB), Probe Points, Size: 100000, Results: 13
[LIBGPUSPATIAL] [ 10350][17:58:06:253190][info  ] RTSpatialIndex 0x765a7000a800 (Used 3 MB), Probe Points, Size: 100000, Results: 14
[LIBGPUSPATIAL] [ 10348][17:58:06:253333][info  ] RTSpatialIndex 0x765a7000a800 (Used 1 MB), Probe Points, Size: 100000, Results: 13
[LIBGPUSPATIAL] [ 10346][17:58:06:253414][info  ] RTSpatialIndex 0x765a7000a800 (Used 1 MB), Allocate result buffer, memory consumption 0 MB, capacity 9
[LIBGPUSPATIAL] [ 10346][17:58:06:253946][info  ] RTSpatialIndex 0x765a7000a800 (Used 0 MB), Probe Points, Size: 100000, Results: 9
[LIBGPUSPATIAL] [ 10345][17:58:06:254217][info  ] RTSpatialRefiner 0x765a73d2a220 (Used 0 MB), Loaded Geometries, ProbeArray 100000, Loaded 13, Type Point
[LIBGPUSPATIAL] [ 10345][17:58:06:254256][info  ] RTSpatialRefiner 0x765a73d2a220 (Used 0 MB), Evaluating 13 Geometry Pairs with Predicate Intersects
[LIBGPUSPATIAL] [ 10346][17:58:06:255030][info  ] RTSpatialRefiner 0x765a73d2a220 (Used 0 MB), Loaded Geometries, ProbeArray 100000, Loaded 9, Type Point
[LIBGPUSPATIAL] [ 10346][17:58:06:255075][info  ] RTSpatialRefiner 0x765a73d2a220 (Used 0 MB), Evaluating 9 Geometry Pairs with Predicate Intersects
[LIBGPUSPATIAL] [ 10348][17:58:06:255102][info  ] RTSpatialRefiner 0x765a73d2a220 (Used 0 MB), Loaded Geometries, ProbeArray 100000, Loaded 13, Type Point
[LIBGPUSPATIAL] [ 10350][17:58:06:255128][info  ] RTSpatialRefiner 0x765a73d2a220 (Used 0 MB), Loaded Geometries, ProbeArray 100000, Loaded 14, Type Point
[LIBGPUSPATIAL] [ 10348][17:58:06:255148][info  ] RTSpatialRefiner 0x765a73d2a220 (Used 0 MB), Evaluating 13 Geometry Pairs with Predicate Intersects
[LIBGPUSPATIAL] [ 10350][17:58:06:255168][info  ] RTSpatialRefiner 0x765a73d2a220 (Used 0 MB), Evaluating 14 Geometry Pairs with Predicate Intersects
[LIBGPUSPATIAL] [ 10352][17:58:06:256386][info  ] RTSpatialIndex 0x765a7000a800 (Used 0 MB), Allocate result buffer, memory consumption 0 MB, capacity 17
[LIBGPUSPATIAL] [ 10352][17:58:06:256534][info  ] RTSpatialIndex 0x765a7000a800 (Used 0 MB), Probe Points, Size: 100000, Results: 17
[LIBGPUSPATIAL] [ 10351][17:58:06:258460][info  ] RTSpatialIndex 0x765a7000a800 (Used 3 MB), Allocate result buffer, memory consumption 0 MB, capacity 12
[LIBGPUSPATIAL] [ 10352][17:58:06:258490][info  ] RTSpatialRefiner 0x765a73d2a220 (Used 3 MB), Loaded Geometries, ProbeArray 100000, Loaded 17, Type Point
[LIBGPUSPATIAL] [ 10352][17:58:06:258692][info  ] RTSpatialRefiner 0x765a73d2a220 (Used 2 MB), Evaluating 17 Geometry Pairs with Predicate Intersects
[LIBGPUSPATIAL] [ 10349][17:58:06:258768][info  ] RTSpatialIndex 0x765a7000a800 (Used 2 MB), Allocate result buffer, memory consumption 0 MB, capacity 11
[LIBGPUSPATIAL] [ 10347][17:58:06:259071][info  ] RTSpatialIndex 0x765a7000a800 (Used 2 MB), Allocate result buffer, memory consumption 0 MB, capacity 16
[LIBGPUSPATIAL] [ 10351][17:58:06:259410][info  ] RTSpatialIndex 0x765a7000a800 (Used 2 MB), Probe Points, Size: 100000, Results: 12
[LIBGPUSPATIAL] [ 10349][17:58:06:259591][info  ] RTSpatialIndex 0x765a7000a800 (Used 1 MB), Probe Points, Size: 100000, Results: 11
[LIBGPUSPATIAL] [ 10347][17:58:06:259793][info  ] RTSpatialIndex 0x765a7000a800 (Used 0 MB), Probe Points, Size: 100000, Results: 16
[LIBGPUSPATIAL] [ 10347][17:58:06:260324][info  ] RTSpatialRefiner 0x765a73d2a220 (Used 0 MB), Loaded Geometries, ProbeArray 100000, Loaded 16, Type Point
[LIBGPUSPATIAL] [ 10347][17:58:06:260382][info  ] RTSpatialRefiner 0x765a73d2a220 (Used 0 MB), Evaluating 16 Geometry Pairs with Predicate Intersects
[LIBGPUSPATIAL] [ 10351][17:58:06:260389][info  ] RTSpatialRefiner 0x765a73d2a220 (Used 0 MB), Loaded Geometries, ProbeArray 100000, Loaded 12, Type Point
[LIBGPUSPATIAL] [ 10351][17:58:06:260443][info  ] RTSpatialRefiner 0x765a73d2a220 (Used 0 MB), Evaluating 12 Geometry Pairs with Predicate Intersects
[LIBGPUSPATIAL] [ 10349][17:58:06:260934][info  ] RTSpatialRefiner 0x765a73d2a220 (Used 0 MB), Loaded Geometries, ProbeArray 100000, Loaded 11, Type Point
[LIBGPUSPATIAL] [ 10349][17:58:06:260976][info  ] RTSpatialRefiner 0x765a73d2a220 (Used 0 MB), Evaluating 11 Geometry Pairs with Predicate Intersects
[LIBGPUSPATIAL] [ 10345][17:58:06:266813][info  ] RTSpatialIndex 0x765a7000a800 (Used 0 MB), Allocate result buffer, memory consumption 0 MB, capacity 14
[LIBGPUSPATIAL] [ 10345][17:58:06:266969][info  ] RTSpatialIndex 0x765a7000a800 (Used 0 MB), Probe Points, Size: 100000, Results: 14
[LIBGPUSPATIAL] [ 10345][17:58:06:267509][info  ] RTSpatialRefiner 0x765a73d2a220 (Used 0 MB), Loaded Geometries, ProbeArray 100000, Loaded 14, Type Point
[LIBGPUSPATIAL] [ 10345][17:58:06:267559][info  ] RTSpatialRefiner 0x765a73d2a220 (Used 0 MB), Evaluating 14 Geometry Pairs with Predicate Intersects
[LIBGPUSPATIAL] [ 10346][17:58:06:269577][info  ] RTSpatialIndex 0x765a7000a800 (Used 3 MB), Allocate result buffer, memory consumption 0 MB, capacity 15
[LIBGPUSPATIAL] [ 10348][17:58:06:269752][info  ] RTSpatialIndex 0x765a7000a800 (Used 2 MB), Allocate result buffer, memory consumption 0 MB, capacity 14
[LIBGPUSPATIAL] [ 10350][17:58:06:269859][info  ] RTSpatialIndex 0x765a7000a800 (Used 2 MB), Allocate result buffer, memory consumption 0 MB, capacity 11
[LIBGPUSPATIAL] [ 10348][17:58:06:270055][info  ] RTSpatialIndex 0x765a7000a800 (Used 2 MB), Probe Points, Size: 100000, Results: 14
[LIBGPUSPATIAL] [ 10346][17:58:06:270234][info  ] RTSpatialIndex 0x765a7000a800 (Used 1 MB), Probe Points, Size: 100000, Results: 15
[LIBGPUSPATIAL] [ 10350][17:58:06:270270][info  ] RTSpatialIndex 0x765a7000a800 (Used 0 MB), Probe Points, Size: 100000, Results: 11
[LIBGPUSPATIAL] [ 10346][17:58:06:270802][info  ] RTSpatialRefiner 0x765a73d2a220 (Used 0 MB), Loaded Geometries, ProbeArray 100000, Loaded 15, Type Point
[LIBGPUSPATIAL] [ 10350][17:58:06:270856][info  ] RTSpatialRefiner 0x765a73d2a220 (Used 0 MB), Loaded Geometries, ProbeArray 100000, Loaded 11, Type Point
[LIBGPUSPATIAL] [ 10346][17:58:06:270861][info  ] RTSpatialRefiner 0x765a73d2a220 (Used 0 MB), Evaluating 15 Geometry Pairs with Predicate Intersects
[LIBGPUSPATIAL] [ 10350][17:58:06:270895][info  ] RTSpatialRefiner 0x765a73d2a220 (Used 0 MB), Evaluating 11 Geometry Pairs with Predicate Intersects
[LIBGPUSPATIAL] [ 10348][17:58:06:271209][info  ] RTSpatialRefiner 0x765a73d2a220 (Used 0 MB), Loaded Geometries, ProbeArray 100000, Loaded 14, Type Point
[LIBGPUSPATIAL] [ 10348][17:58:06:271259][info  ] RTSpatialRefiner 0x765a73d2a220 (Used 0 MB), Evaluating 14 Geometry Pairs with Predicate Intersects
[LIBGPUSPATIAL] [ 10352][17:58:06:273410][info  ] RTSpatialIndex 0x765a7000a800 (Used 0 MB), Allocate result buffer, memory consumption 0 MB, capacity 16
[LIBGPUSPATIAL] [ 10352][17:58:06:273553][info  ] RTSpatialIndex 0x765a7000a800 (Used 0 MB), Probe Points, Size: 100000, Results: 16
[LIBGPUSPATIAL] [ 10352][17:58:06:274690][info  ] RTSpatialRefiner 0x765a73d2a220 (Used 1 MB), Loaded Geometries, ProbeArray 100000, Loaded 16, Type Point
[LIBGPUSPATIAL] [ 10347][17:58:06:274696][info  ] RTSpatialIndex 0x765a7000a800 (Used 1 MB), Allocate result buffer, memory consumption 0 MB, capacity 27
[LIBGPUSPATIAL] [ 10352][17:58:06:274751][info  ] RTSpatialRefiner 0x765a73d2a220 (Used 1 MB), Evaluating 16 Geometry Pairs with Predicate Intersects
[LIBGPUSPATIAL] [ 10349][17:58:06:274816][info  ] RTSpatialIndex 0x765a7000a800 (Used 1 MB), Allocate result buffer, memory consumption 0 MB, capacity 18
[LIBGPUSPATIAL] [ 10347][17:58:06:274826][info  ] RTSpatialIndex 0x765a7000a800 (Used 1 MB), Probe Points, Size: 100000, Results: 27
[LIBGPUSPATIAL] [ 10347][17:58:06:275445][info  ] RTSpatialRefiner 0x765a73d2a220 (Used 2 MB), Loaded Geometries, ProbeArray 100000, Loaded 27, Type Point
[LIBGPUSPATIAL] [ 10349][17:58:06:275468][info  ] RTSpatialIndex 0x765a7000a800 (Used 2 MB), Probe Points, Size: 100000, Results: 18
[LIBGPUSPATIAL] [ 10347][17:58:06:275647][info  ] RTSpatialRefiner 0x765a73d2a220 (Used 0 MB), Evaluating 27 Geometry Pairs with Predicate Intersects
[LIBGPUSPATIAL] [ 10351][17:58:06:275963][info  ] RTSpatialIndex 0x765a7000a800 (Used 0 MB), Allocate result buffer, memory consumption 0 MB, capacity 15
[LIBGPUSPATIAL] [ 10349][17:58:06:276117][info  ] RTSpatialRefiner 0x765a73d2a220 (Used 0 MB), Loaded Geometries, ProbeArray 100000, Loaded 18, Type Point
[LIBGPUSPATIAL] [ 10349][17:58:06:276295][info  ] RTSpatialRefiner 0x765a73d2a220 (Used 0 MB), Evaluating 18 Geometry Pairs with Predicate Intersects
[LIBGPUSPATIAL] [ 10351][17:58:06:276677][info  ] RTSpatialIndex 0x765a7000a800 (Used 0 MB), Probe Points, Size: 100000, Results: 15
[LIBGPUSPATIAL] [ 10351][17:58:06:278102][info  ] RTSpatialRefiner 0x765a73d2a220 (Used 0 MB), Loaded Geometries, ProbeArray 100000, Loaded 15, Type Point
[LIBGPUSPATIAL] [ 10351][17:58:06:278252][info  ] RTSpatialRefiner 0x765a73d2a220 (Used 0 MB), Evaluating 15 Geometry Pairs with Predicate Intersects
[LIBGPUSPATIAL] [ 10345][17:58:06:280268][info  ] RTSpatialIndex 0x765a7000a800 (Used 0 MB), Allocate result buffer, memory consumption 0 MB, capacity 20
[LIBGPUSPATIAL] [ 10345][17:58:06:280398][info  ] RTSpatialIndex 0x765a7000a800 (Used 0 MB), Probe Points, Size: 100000, Results: 20
[LIBGPUSPATIAL] [ 10345][17:58:06:281312][info  ] RTSpatialRefiner 0x765a73d2a220 (Used 0 MB), Loaded Geometries, ProbeArray 100000, Loaded 20, Type Point
[LIBGPUSPATIAL] [ 10345][17:58:06:281363][info  ] RTSpatialRefiner 0x765a73d2a220 (Used 0 MB), Evaluating 20 Geometry Pairs with Predicate Intersects
[LIBGPUSPATIAL] [ 10350][17:58:06:284408][info  ] RTSpatialIndex 0x765a7000a800 (Used 1 MB), Allocate result buffer, memory consumption 0 MB, capacity 13
[LIBGPUSPATIAL] [ 10346][17:58:06:284456][info  ] RTSpatialIndex 0x765a7000a800 (Used 1 MB), Allocate result buffer, memory consumption 0 MB, capacity 12
[LIBGPUSPATIAL] [ 10350][17:58:06:284604][info  ] RTSpatialIndex 0x765a7000a800 (Used 3 MB), Probe Points, Size: 100000, Results: 13
[LIBGPUSPATIAL] [ 10346][17:58:06:284950][info  ] RTSpatialIndex 0x765a7000a800 (Used 2 MB), Probe Points, Size: 100000, Results: 12
[LIBGPUSPATIAL] [ 10348][17:58:06:285329][info  ] RTSpatialIndex 0x765a7000a800 (Used 0 MB), Allocate result buffer, memory consumption 0 MB, capacity 14
[LIBGPUSPATIAL] [ 10350][17:58:06:285681][info  ] RTSpatialRefiner 0x765a73d2a220 (Used 0 MB), Loaded Geometries, ProbeArray 100000, Loaded 13, Type Point
[LIBGPUSPATIAL] [ 10346][17:58:06:285692][info  ] RTSpatialRefiner 0x765a73d2a220 (Used 0 MB), Loaded Geometries, ProbeArray 100000, Loaded 12, Type Point
[LIBGPUSPATIAL] [ 10348][17:58:06:285687][info  ] RTSpatialIndex 0x765a7000a800 (Used 0 MB), Probe Points, Size: 100000, Results: 14
[LIBGPUSPATIAL] [ 10350][17:58:06:285732][info  ] RTSpatialRefiner 0x765a73d2a220 (Used 0 MB), Evaluating 13 Geometry Pairs with Predicate Intersects
[LIBGPUSPATIAL] [ 10346][17:58:06:285740][info  ] RTSpatialRefiner 0x765a73d2a220 (Used 0 MB), Evaluating 12 Geometry Pairs with Predicate Intersects
[LIBGPUSPATIAL] [ 10348][17:58:06:286136][info  ] RTSpatialRefiner 0x765a73d2a220 (Used 0 MB), Loaded Geometries, ProbeArray 100000, Loaded 14, Type Point
[LIBGPUSPATIAL] [ 10348][17:58:06:286191][info  ] RTSpatialRefiner 0x765a73d2a220 (Used 0 MB), Evaluating 14 Geometry Pairs with Predicate Intersects
[LIBGPUSPATIAL] [ 10352][17:58:06:288709][info  ] RTSpatialIndex 0x765a7000a800 (Used 0 MB), Allocate result buffer, memory consumption 0 MB, capacity 9
[LIBGPUSPATIAL] [ 10352][17:58:06:288861][info  ] RTSpatialIndex 0x765a7000a800 (Used 0 MB), Probe Points, Size: 100000, Results: 9
[LIBGPUSPATIAL] [ 10352][17:58:06:289248][info  ] RTSpatialRefiner 0x765a73d2a220 (Used 1 MB), Loaded Geometries, ProbeArray 100000, Loaded 9, Type Point
[LIBGPUSPATIAL] [ 10352][17:58:06:289302][info  ] RTSpatialRefiner 0x765a73d2a220 (Used 1 MB), Evaluating 9 Geometry Pairs with Predicate Intersects
[LIBGPUSPATIAL] [ 10349][17:58:06:289884][info  ] RTSpatialIndex 0x765a7000a800 (Used 0 MB), Allocate result buffer, memory consumption 0 MB, capacity 8
[LIBGPUSPATIAL] [ 10349][17:58:06:290206][info  ] RTSpatialIndex 0x765a7000a800 (Used 0 MB), Probe Points, Size: 100000, Results: 8
[LIBGPUSPATIAL] [ 10347][17:58:06:291062][info  ] RTSpatialIndex 0x765a7000a800 (Used 0 MB), Allocate result buffer, memory consumption 0 MB, capacity 18
[LIBGPUSPATIAL] [ 10347][17:58:06:291194][info  ] RTSpatialIndex 0x765a7000a800 (Used 0 MB), Probe Points, Size: 100000, Results: 18
[LIBGPUSPATIAL] [ 10349][17:58:06:291544][info  ] RTSpatialRefiner 0x765a73d2a220 (Used 0 MB), Loaded Geometries, ProbeArray 100000, Loaded 8, Type Point
[LIBGPUSPATIAL] [ 10349][17:58:06:291589][info  ] RTSpatialRefiner 0x765a73d2a220 (Used 0 MB), Evaluating 8 Geometry Pairs with Predicate Intersects
[LIBGPUSPATIAL] [ 10347][17:58:06:292968][info  ] RTSpatialRefiner 0x765a73d2a220 (Used 0 MB), Loaded Geometries, ProbeArray 100000, Loaded 18, Type Point
[LIBGPUSPATIAL] [ 10347][17:58:06:293014][info  ] RTSpatialRefiner 0x765a73d2a220 (Used 0 MB), Evaluating 18 Geometry Pairs with Predicate Intersects
[LIBGPUSPATIAL] [ 10351][17:58:06:293931][info  ] RTSpatialIndex 0x765a7000a800 (Used 0 MB), Allocate result buffer, memory consumption 0 MB, capacity 7
[LIBGPUSPATIAL] [ 10351][17:58:06:294318][info  ] RTSpatialIndex 0x765a7000a800 (Used 1 MB), Probe Points, Size: 100000, Results: 7
[LIBGPUSPATIAL] [ 10345][17:58:06:294373][info  ] RTSpatialIndex 0x765a7000a800 (Used 1 MB), Allocate result buffer, memory consumption 0 MB, capacity 20
[LIBGPUSPATIAL] [ 10345][17:58:06:294767][info  ] RTSpatialIndex 0x765a7000a800 (Used 0 MB), Probe Points, Size: 100000, Results: 20
[LIBGPUSPATIAL] [ 10351][17:58:06:294978][info  ] RTSpatialRefiner 0x765a73d2a220 (Used 0 MB), Loaded Geometries, ProbeArray 100000, Loaded 7, Type Point
[LIBGPUSPATIAL] [ 10351][17:58:06:295074][info  ] RTSpatialRefiner 0x765a73d2a220 (Used 0 MB), Evaluating 7 Geometry Pairs with Predicate Intersects
[LIBGPUSPATIAL] [ 10345][17:58:06:295583][info  ] RTSpatialRefiner 0x765a73d2a220 (Used 0 MB), Loaded Geometries, ProbeArray 100000, Loaded 20, Type Point
[LIBGPUSPATIAL] [ 10345][17:58:06:295707][info  ] RTSpatialRefiner 0x765a73d2a220 (Used 0 MB), Evaluating 20 Geometry Pairs with Predicate Intersects
[LIBGPUSPATIAL] [ 10350][17:58:06:299284][info  ] RTSpatialIndex 0x765a7000a800 (Used 3 MB), Allocate result buffer, memory consumption 0 MB, capacity 14
[LIBGPUSPATIAL] [ 10346][17:58:06:299620][info  ] RTSpatialIndex 0x765a7000a800 (Used 2 MB), Allocate result buffer, memory consumption 0 MB, capacity 17
[LIBGPUSPATIAL] [ 10350][17:58:06:299792][info  ] RTSpatialIndex 0x765a7000a800 (Used 2 MB), Probe Points, Size: 100000, Results: 14
[LIBGPUSPATIAL] [ 10348][17:58:06:299855][info  ] RTSpatialIndex 0x765a7000a800 (Used 1 MB), Allocate result buffer, memory consumption 0 MB, capacity 24
[LIBGPUSPATIAL] [ 10346][17:58:06:299989][info  ] RTSpatialIndex 0x765a7000a800 (Used 1 MB), Probe Points, Size: 100000, Results: 17
[LIBGPUSPATIAL] [ 10348][17:58:06:300196][info  ] RTSpatialIndex 0x765a7000a800 (Used 0 MB), Probe Points, Size: 100000, Results: 24
[LIBGPUSPATIAL] [ 10348][17:58:06:300620][info  ] RTSpatialRefiner 0x765a73d2a220 (Used 0 MB), Loaded Geometries, ProbeArray 100000, Loaded 24, Type Point
[LIBGPUSPATIAL] [ 10348][17:58:06:300655][info  ] RTSpatialRefiner 0x765a73d2a220 (Used 0 MB), Evaluating 24 Geometry Pairs with Predicate Intersects
[LIBGPUSPATIAL] [ 10350][17:58:06:301053][info  ] RTSpatialRefiner 0x765a73d2a220 (Used 0 MB), Loaded Geometries, ProbeArray 100000, Loaded 14, Type Point
[LIBGPUSPATIAL] [ 10346][17:58:06:301078][info  ] RTSpatialRefiner 0x765a73d2a220 (Used 0 MB), Loaded Geometries, ProbeArray 100000, Loaded 17, Type Point
[LIBGPUSPATIAL] [ 10350][17:58:06:301096][info  ] RTSpatialRefiner 0x765a73d2a220 (Used 0 MB), Evaluating 14 Geometry Pairs with Predicate Intersects
[LIBGPUSPATIAL] [ 10346][17:58:06:301115][info  ] RTSpatialRefiner 0x765a73d2a220 (Used 0 MB), Evaluating 17 Geometry Pairs with Predicate Intersects
[LIBGPUSPATIAL] [ 10352][17:58:06:301626][info  ] RTSpatialIndex 0x765a7000a800 (Used 0 MB), Allocate result buffer, memory consumption 0 MB, capacity 16
[LIBGPUSPATIAL] [ 10352][17:58:06:301998][info  ] RTSpatialIndex 0x765a7000a800 (Used 0 MB), Probe Points, Size: 100000, Results: 16
[LIBGPUSPATIAL] [ 10352][17:58:06:302397][info  ] RTSpatialRefiner 0x765a73d2a220 (Used 0 MB), Loaded Geometries, ProbeArray 100000, Loaded 16, Type Point
[LIBGPUSPATIAL] [ 10352][17:58:06:302439][info  ] RTSpatialRefiner 0x765a73d2a220 (Used 0 MB), Evaluating 16 Geometry Pairs with Predicate Intersects
[LIBGPUSPATIAL] [ 10349][17:58:06:304434][info  ] RTSpatialIndex 0x765a7000a800 (Used 0 MB), Allocate result buffer, memory consumption 0 MB, capacity 18
[LIBGPUSPATIAL] [ 10349][17:58:06:304588][info  ] RTSpatialIndex 0x765a7000a800 (Used 0 MB), Probe Points, Size: 100000, Results: 18
[LIBGPUSPATIAL] [ 10349][17:58:06:305255][info  ] RTSpatialRefiner 0x765a73d2a220 (Used 0 MB), Loaded Geometries, ProbeArray 100000, Loaded 18, Type Point
[LIBGPUSPATIAL] [ 10349][17:58:06:305298][info  ] RTSpatialRefiner 0x765a73d2a220 (Used 0 MB), Evaluating 18 Geometry Pairs with Predicate Intersects
[LIBGPUSPATIAL] [ 10347][17:58:06:306096][info  ] RTSpatialIndex 0x765a7000a800 (Used 0 MB), Allocate result buffer, memory consumption 0 MB, capacity 16
[LIBGPUSPATIAL] [ 10347][17:58:06:306208][info  ] RTSpatialIndex 0x765a7000a800 (Used 0 MB), Probe Points, Size: 100000, Results: 16
[LIBGPUSPATIAL] [ 10347][17:58:06:306620][info  ] RTSpatialRefiner 0x765a73d2a220 (Used 0 MB), Loaded Geometries, ProbeArray 100000, Loaded 16, Type Point
[LIBGPUSPATIAL] [ 10347][17:58:06:306659][info  ] RTSpatialRefiner 0x765a73d2a220 (Used 0 MB), Evaluating 16 Geometry Pairs with Predicate Intersects
[LIBGPUSPATIAL] [ 10351][17:58:06:308161][info  ] RTSpatialIndex 0x765a7000a800 (Used 0 MB), Allocate result buffer, memory consumption 0 MB, capacity 9
[LIBGPUSPATIAL] [ 10351][17:58:06:308283][info  ] RTSpatialIndex 0x765a7000a800 (Used 0 MB), Probe Points, Size: 100000, Results: 9
[LIBGPUSPATIAL] [ 10351][17:58:06:308656][info  ] RTSpatialRefiner 0x765a73d2a220 (Used 0 MB), Loaded Geometries, ProbeArray 100000, Loaded 9, Type Point
[LIBGPUSPATIAL] [ 10351][17:58:06:308714][info  ] RTSpatialRefiner 0x765a73d2a220 (Used 1 MB), Evaluating 9 Geometry Pairs with Predicate Intersects
[LIBGPUSPATIAL] [ 10345][17:58:06:309235][info  ] RTSpatialIndex 0x765a7000a800 (Used 0 MB), Allocate result buffer, memory consumption 0 MB, capacity 8
[LIBGPUSPATIAL] [ 10345][17:58:06:309432][info  ] RTSpatialIndex 0x765a7000a800 (Used 0 MB), Probe Points, Size: 100000, Results: 8
[LIBGPUSPATIAL] [ 10345][17:58:06:309832][info  ] RTSpatialRefiner 0x765a73d2a220 (Used 0 MB), Loaded Geometries, ProbeArray 100000, Loaded 8, Type Point
[LIBGPUSPATIAL] [ 10345][17:58:06:309895][info  ] RTSpatialRefiner 0x765a73d2a220 (Used 0 MB), Evaluating 8 Geometry Pairs with Predicate Intersects
[LIBGPUSPATIAL] [ 10348][17:58:06:313450][info  ] RTSpatialIndex 0x765a7000a800 (Used 0 MB), Allocate result buffer, memory consumption 0 MB, capacity 16
[LIBGPUSPATIAL] [ 10348][17:58:06:313567][info  ] RTSpatialIndex 0x765a7000a800 (Used 0 MB), Probe Points, Size: 100000, Results: 16
[LIBGPUSPATIAL] [ 10348][17:58:06:314039][info  ] RTSpatialRefiner 0x765a73d2a220 (Used 0 MB), Loaded Geometries, ProbeArray 100000, Loaded 16, Type Point
[LIBGPUSPATIAL] [ 10348][17:58:06:314081][info  ] RTSpatialRefiner 0x765a73d2a220 (Used 0 MB), Evaluating 16 Geometry Pairs with Predicate Intersects
[LIBGPUSPATIAL] [ 10350][17:58:06:315012][info  ] RTSpatialIndex 0x765a7000a800 (Used 0 MB), Allocate result buffer, memory consumption 0 MB, capacity 12
[LIBGPUSPATIAL] [ 10350][17:58:06:315147][info  ] RTSpatialIndex 0x765a7000a800 (Used 0 MB), Probe Points, Size: 100000, Results: 12
[LIBGPUSPATIAL] [ 10350][17:58:06:315872][info  ] RTSpatialRefiner 0x765a73d2a220 (Used 2 MB), Loaded Geometries, ProbeArray 100000, Loaded 12, Type Point
[LIBGPUSPATIAL] [ 10350][17:58:06:315963][info  ] RTSpatialRefiner 0x765a73d2a220 (Used 2 MB), Evaluating 12 Geometry Pairs with Predicate Intersects
[LIBGPUSPATIAL] [ 10352][17:58:06:316232][info  ] RTSpatialIndex 0x765a7000a800 (Used 1 MB), Allocate result buffer, memory consumption 0 MB, capacity 22
[LIBGPUSPATIAL] [ 10346][17:58:06:316467][info  ] RTSpatialIndex 0x765a7000a800 (Used 1 MB), Allocate result buffer, memory consumption 0 MB, capacity 15
[LIBGPUSPATIAL] [ 10352][17:58:06:316602][info  ] RTSpatialIndex 0x765a7000a800 (Used 1 MB), Probe Points, Size: 100000, Results: 22
[LIBGPUSPATIAL] [ 10346][17:58:06:316885][info  ] RTSpatialIndex 0x765a7000a800 (Used 0 MB), Probe Points, Size: 100000, Results: 15
[LIBGPUSPATIAL] [ 10352][17:58:06:317406][info  ] RTSpatialRefiner 0x765a73d2a220 (Used 0 MB), Loaded Geometries, ProbeArray 100000, Loaded 22, Type Point
[LIBGPUSPATIAL] [ 10346][17:58:06:317432][info  ] RTSpatialRefiner 0x765a73d2a220 (Used 0 MB), Loaded Geometries, ProbeArray 100000, Loaded 15, Type Point
[LIBGPUSPATIAL] [ 10352][17:58:06:317451][info  ] RTSpatialRefiner 0x765a73d2a220 (Used 0 MB), Evaluating 22 Geometry Pairs with Predicate Intersects
[LIBGPUSPATIAL] [ 10346][17:58:06:317469][info  ] RTSpatialRefiner 0x765a73d2a220 (Used 0 MB), Evaluating 15 Geometry Pairs with Predicate Intersects
[LIBGPUSPATIAL] [ 10349][17:58:06:319993][info  ] RTSpatialIndex 0x765a7000a800 (Used 2 MB), Allocate result buffer, memory consumption 0 MB, capacity 17
[LIBGPUSPATIAL] [ 10349][17:58:06:321225][info  ] RTSpatialIndex 0x765a7000a800 (Used 1 MB), Probe Points, Size: 100000, Results: 17
[LIBGPUSPATIAL] [ 10347][17:58:06:321265][info  ] RTSpatialIndex 0x765a7000a800 (Used 0 MB), Allocate result buffer, memory consumption 0 MB, capacity 16
[LIBGPUSPATIAL] [ 10347][17:58:06:321635][info  ] RTSpatialIndex 0x765a7000a800 (Used 0 MB), Probe Points, Size: 100000, Results: 16
[LIBGPUSPATIAL] [ 10349][17:58:06:321970][info  ] RTSpatialRefiner 0x765a73d2a220 (Used 0 MB), Loaded Geometries, ProbeArray 100000, Loaded 17, Type Point
[LIBGPUSPATIAL] [ 10349][17:58:06:322016][info  ] RTSpatialRefiner 0x765a73d2a220 (Used 0 MB), Evaluating 17 Geometry Pairs with Predicate Intersects
[LIBGPUSPATIAL] [ 10347][17:58:06:322087][info  ] RTSpatialRefiner 0x765a73d2a220 (Used 0 MB), Loaded Geometries, ProbeArray 100000, Loaded 16, Type Point
[LIBGPUSPATIAL] [ 10347][17:58:06:322145][info  ] RTSpatialRefiner 0x765a73d2a220 (Used 0 MB), Evaluating 16 Geometry Pairs with Predicate Intersects
[LIBGPUSPATIAL] [ 10345][17:58:06:322928][info  ] RTSpatialIndex 0x765a7000a800 (Used 1 MB), Allocate result buffer, memory consumption 0 MB, capacity 10
[LIBGPUSPATIAL] [ 10345][17:58:06:323334][info  ] RTSpatialIndex 0x765a7000a800 (Used 1 MB), Probe Points, Size: 100000, Results: 10
[LIBGPUSPATIAL] [ 10351][17:58:06:323448][info  ] RTSpatialIndex 0x765a7000a800 (Used 0 MB), Allocate result buffer, memory consumption 0 MB, capacity 13
[LIBGPUSPATIAL] [ 10351][17:58:06:323814][info  ] RTSpatialIndex 0x765a7000a800 (Used 0 MB), Probe Points, Size: 100000, Results: 13
[LIBGPUSPATIAL] [ 10345][17:58:06:324040][info  ] RTSpatialRefiner 0x765a73d2a220 (Used 0 MB), Loaded Geometries, ProbeArray 100000, Loaded 10, Type Point
[LIBGPUSPATIAL] [ 10345][17:58:06:324098][info  ] RTSpatialRefiner 0x765a73d2a220 (Used 0 MB), Evaluating 10 Geometry Pairs with Predicate Intersects
[LIBGPUSPATIAL] [ 10351][17:58:06:324178][info  ] RTSpatialRefiner 0x765a73d2a220 (Used 0 MB), Loaded Geometries, ProbeArray 100000, Loaded 13, Type Point
[LIBGPUSPATIAL] [ 10351][17:58:06:324218][info  ] RTSpatialRefiner 0x765a73d2a220 (Used 0 MB), Evaluating 13 Geometry Pairs with Predicate Intersects
[LIBGPUSPATIAL] [ 10348][17:58:06:327295][info  ] RTSpatialIndex 0x765a7000a800 (Used 0 MB), Allocate result buffer, memory consumption 0 MB, capacity 15
[LIBGPUSPATIAL] [ 10348][17:58:06:327415][info  ] RTSpatialIndex 0x765a7000a800 (Used 0 MB), Probe Points, Size: 100000, Results: 15
[LIBGPUSPATIAL] [ 10348][17:58:06:327765][info  ] RTSpatialRefiner 0x765a73d2a220 (Used 0 MB), Loaded Geometries, ProbeArray 100000, Loaded 15, Type Point
[LIBGPUSPATIAL] [ 10348][17:58:06:327800][info  ] RTSpatialRefiner 0x765a73d2a220 (Used 0 MB), Evaluating 15 Geometry Pairs with Predicate Intersects
[LIBGPUSPATIAL] [ 10352][17:58:06:330438][info  ] RTSpatialIndex 0x765a7000a800 (Used 3 MB), Allocate result buffer, memory consumption 0 MB, capacity 13
[LIBGPUSPATIAL] [ 10350][17:58:06:330817][info  ] RTSpatialIndex 0x765a7000a800 (Used 2 MB), Allocate result buffer, memory consumption 0 MB, capacity 12
[LIBGPUSPATIAL] [ 10345][17:58:06:330897][info  ] RTSpatialIndex 0x765a7000a800 (Used 2 MB), Allocate result buffer, memory consumption 0 MB, capacity 6
[LIBGPUSPATIAL] [ 10346][17:58:06:330971][info  ] RTSpatialIndex 0x765a7000a800 (Used 2 MB), Allocate result buffer, memory consumption 0 MB, capacity 6
[LIBGPUSPATIAL] [ 10352][17:58:06:331620][info  ] RTSpatialIndex 0x765a7000a800 (Used 2 MB), Probe Points, Size: 100000, Results: 13
[LIBGPUSPATIAL] [ 10346][17:58:06:331683][info  ] RTSpatialIndex 0x765a7000a800 (Used 1 MB), Probe Points, Size: 100000, Results: 6
[LIBGPUSPATIAL] [ 10346][17:58:06:332165][info  ] RTSpatialRefiner 0x765a73d2a220 (Used 1 MB), Loaded Geometries, ProbeArray 100000, Loaded 6, Type Point
[LIBGPUSPATIAL] [ 10346][17:58:06:332278][info  ] RTSpatialRefiner 0x765a73d2a220 (Used 1 MB), Evaluating 6 Geometry Pairs with Predicate Intersects
[LIBGPUSPATIAL] [ 10348][17:58:06:332380][info  ] RTSpatialIndex 0x765a7000a800 (Used 1 MB), Allocate result buffer, memory consumption 0 MB, capacity 5
[LIBGPUSPATIAL] [ 10352][17:58:06:332389][info  ] RTSpatialRefiner 0x765a73d2a220 (Used 1 MB), Loaded Geometries, ProbeArray 100000, Loaded 13, Type Point
[LIBGPUSPATIAL] [ 10345][17:58:06:332426][info  ] RTSpatialIndex 0x765a7000a800 (Used 1 MB), Probe Points, Size: 33333, Results: 6
[LIBGPUSPATIAL] [ 10352][17:58:06:332460][info  ] RTSpatialRefiner 0x765a73d2a220 (Used 1 MB), Evaluating 13 Geometry Pairs with Predicate Intersects
[LIBGPUSPATIAL] [ 10350][17:58:06:333098][info  ] RTSpatialIndex 0x765a7000a800 (Used 1 MB), Probe Points, Size: 100000, Results: 12
[LIBGPUSPATIAL] [ 10345][17:58:06:333302][info  ] RTSpatialRefiner 0x765a73d2a220 (Used 0 MB), Loaded Geometries, ProbeArray 33333, Loaded 6, Type Point
[LIBGPUSPATIAL] [ 10348][17:58:06:333395][info  ] RTSpatialIndex 0x765a7000a800 (Used 0 MB), Probe Points, Size: 33333, Results: 5
[LIBGPUSPATIAL] [ 10348][17:58:06:333824][info  ] RTSpatialRefiner 0x765a73d2a220 (Used 0 MB), Loaded Geometries, ProbeArray 33333, Loaded 5, Type Point
[LIBGPUSPATIAL] [ 10348][17:58:06:333886][info  ] RTSpatialRefiner 0x765a73d2a220 (Used 0 MB), Evaluating 5 Geometry Pairs with Predicate Intersects
[LIBGPUSPATIAL] [ 10345][17:58:06:334041][info  ] RTSpatialRefiner 0x765a73d2a220 (Used 0 MB), Evaluating 6 Geometry Pairs with Predicate Intersects
[LIBGPUSPATIAL] [ 10350][17:58:06:334821][info  ] RTSpatialRefiner 0x765a73d2a220 (Used 0 MB), Loaded Geometries, ProbeArray 100000, Loaded 12, Type Point
[LIBGPUSPATIAL] [ 10350][17:58:06:334886][info  ] RTSpatialRefiner 0x765a73d2a220 (Used 0 MB), Evaluating 12 Geometry Pairs with Predicate Intersects
[LIBGPUSPATIAL] [ 10347][17:58:06:335576][info  ] RTSpatialIndex 0x765a7000a800 (Used 0 MB), Allocate result buffer, memory consumption 0 MB, capacity 17
[LIBGPUSPATIAL] [ 10347][17:58:06:335703][info  ] RTSpatialIndex 0x765a7000a800 (Used 2 MB), Probe Points, Size: 100000, Results: 17
[LIBGPUSPATIAL] [ 10347][17:58:06:336610][info  ] RTSpatialRefiner 0x765a73d2a220 (Used 2 MB), Loaded Geometries, ProbeArray 100000, Loaded 17, Type Point
[LIBGPUSPATIAL] [ 10347][17:58:06:336661][info  ] RTSpatialRefiner 0x765a73d2a220 (Used 3 MB), Evaluating 17 Geometry Pairs with Predicate Intersects
[LIBGPUSPATIAL] [ 10349][17:58:06:336702][info  ] RTSpatialIndex 0x765a7000a800 (Used 1 MB), Allocate result buffer, memory consumption 0 MB, capacity 14
[LIBGPUSPATIAL] [ 10351][17:58:06:337028][info  ] RTSpatialIndex 0x765a7000a800 (Used 1 MB), Allocate result buffer, memory consumption 0 MB, capacity 13
[LIBGPUSPATIAL] [ 10351][17:58:06:337376][info  ] RTSpatialIndex 0x765a7000a800 (Used 1 MB), Probe Points, Size: 100000, Results: 13
[LIBGPUSPATIAL] [ 10349][17:58:06:337830][info  ] RTSpatialIndex 0x765a7000a800 (Used 1 MB), Probe Points, Size: 100000, Results: 14
[LIBGPUSPATIAL] [ 10351][17:58:06:338189][info  ] RTSpatialRefiner 0x765a73d2a220 (Used 0 MB), Loaded Geometries, ProbeArray 100000, Loaded 13, Type Point
[LIBGPUSPATIAL] [ 10351][17:58:06:338239][info  ] RTSpatialRefiner 0x765a73d2a220 (Used 0 MB), Evaluating 13 Geometry Pairs with Predicate Intersects
[LIBGPUSPATIAL] [ 10346][17:58:06:339291][info  ] RTSpatialIndex 0x765a7000a800 (Used 0 MB), Allocate result buffer, memory consumption 0 MB, capacity 4
[LIBGPUSPATIAL] [ 10352][17:58:06:339343][info  ] RTSpatialIndex 0x765a7000a800 (Used 0 MB), Allocate result buffer, memory consumption 0 MB, capacity 10
[LIBGPUSPATIAL] [ 10349][17:58:06:339607][info  ] RTSpatialRefiner 0x765a73d2a220 (Used 0 MB), Loaded Geometries, ProbeArray 100000, Loaded 14, Type Point
[LIBGPUSPATIAL] [ 10349][17:58:06:339728][info  ] RTSpatialRefiner 0x765a73d2a220 (Used 0 MB), Evaluating 14 Geometry Pairs with Predicate Intersects
[LIBGPUSPATIAL] [ 10346][17:58:06:339801][info  ] RTSpatialIndex 0x765a7000a800 (Used 0 MB), Probe Points, Size: 33333, Results: 4
[LIBGPUSPATIAL] [ 10352][17:58:06:339951][info  ] RTSpatialIndex 0x765a7000a800 (Used 0 MB), Probe Points, Size: 33333, Results: 10
[LIBGPUSPATIAL] [ 10350][17:58:06:341476][info  ] RTSpatialIndex 0x765a7000a800 (Used 0 MB), Allocate result buffer, memory consumption 0 MB, capacity 6
[LIBGPUSPATIAL] [ 10352][17:58:06:341483][info  ] RTSpatialRefiner 0x765a73d2a220 (Used 0 MB), Loaded Geometries, ProbeArray 33333, Loaded 10, Type Point
[LIBGPUSPATIAL] [ 10352][17:58:06:341572][info  ] RTSpatialRefiner 0x765a73d2a220 (Used 0 MB), Evaluating 10 Geometry Pairs with Predicate Intersects
[LIBGPUSPATIAL] [ 10346][17:58:06:341681][info  ] RTSpatialRefiner 0x765a73d2a220 (Used 0 MB), Loaded Geometries, ProbeArray 33333, Loaded 4, Type Point
[LIBGPUSPATIAL] [ 10346][17:58:06:341745][info  ] RTSpatialRefiner 0x765a73d2a220 (Used 0 MB), Evaluating 4 Geometry Pairs with Predicate Intersects
[LIBGPUSPATIAL] [ 10350][17:58:06:342309][info  ] RTSpatialIndex 0x765a7000a800 (Used 0 MB), Probe Points, Size: 33333, Results: 6
[LIBGPUSPATIAL] [ 10350][17:58:06:342698][info  ] RTSpatialRefiner 0x765a73d2a220 (Used 0 MB), Loaded Geometries, ProbeArray 33333, Loaded 6, Type Point
[LIBGPUSPATIAL] [ 10350][17:58:06:342744][info  ] RTSpatialRefiner 0x765a73d2a220 (Used 0 MB), Evaluating 6 Geometry Pairs with Predicate Intersects
[LIBGPUSPATIAL] [ 10347][17:58:06:346606][info  ] RTSpatialIndex 0x765a7000a800 (Used 0 MB), Allocate result buffer, memory consumption 0 MB, capacity 4
[LIBGPUSPATIAL] [ 10347][17:58:06:347223][info  ] RTSpatialIndex 0x765a7000a800 (Used 0 MB), Probe Points, Size: 33333, Results: 4
[LIBGPUSPATIAL] [ 10351][17:58:06:347294][info  ] RTSpatialIndex 0x765a7000a800 (Used 0 MB), Allocate result buffer, memory consumption 0 MB, capacity 2
[LIBGPUSPATIAL] [ 10349][17:58:06:347411][info  ] RTSpatialIndex 0x765a7000a800 (Used 0 MB), Allocate result buffer, memory consumption 0 MB, capacity 6
[LIBGPUSPATIAL] [ 10351][17:58:06:347909][info  ] RTSpatialIndex 0x765a7000a800 (Used 0 MB), Probe Points, Size: 33333, Results: 2
[LIBGPUSPATIAL] [ 10347][17:58:06:347951][info  ] RTSpatialRefiner 0x765a73d2a220 (Used 0 MB), Loaded Geometries, ProbeArray 33333, Loaded 4, Type Point
[LIBGPUSPATIAL] [ 10347][17:58:06:348069][info  ] RTSpatialRefiner 0x765a73d2a220 (Used 0 MB), Evaluating 4 Geometry Pairs with Predicate Intersects
[LIBGPUSPATIAL] [ 10349][17:58:06:348193][info  ] RTSpatialIndex 0x765a7000a800 (Used 0 MB), Probe Points, Size: 33333, Results: 6
[LIBGPUSPATIAL] [ 10349][17:58:06:348757][info  ] RTSpatialRefiner 0x765a73d2a220 (Used 0 MB), Loaded Geometries, ProbeArray 33333, Loaded 6, Type Point
[LIBGPUSPATIAL] [ 10349][17:58:06:348798][info  ] RTSpatialRefiner 0x765a73d2a220 (Used 0 MB), Evaluating 6 Geometry Pairs with Predicate Intersects
[LIBGPUSPATIAL] [ 10351][17:58:06:350003][info  ] RTSpatialRefiner 0x765a73d2a220 (Used 0 MB), Loaded Geometries, ProbeArray 33333, Loaded 2, Type Point
[LIBGPUSPATIAL] [ 10351][17:58:06:350045][info  ] RTSpatialRefiner 0x765a73d2a220 (Used 0 MB), Evaluating 2 Geometry Pairs with Predicate Intersects
[LIBGPUSPATIAL] [ 10348][17:58:06:353282][info  ] RTSpatialIndex 0x765a7000a800 (Used 1 MB), Allocate result buffer, memory consumption 0 MB, capacity 11
[LIBGPUSPATIAL] [ 10345][17:58:06:353685][info  ] RTSpatialIndex 0x765a7000a800 (Used 1 MB), Allocate result buffer, memory consumption 0 MB, capacity 11
[LIBGPUSPATIAL] [ 10348][17:58:06:354330][info  ] RTSpatialIndex 0x765a7000a800 (Used 1 MB), Probe Points, Size: 100000, Results: 11
[LIBGPUSPATIAL] [ 10345][17:58:06:354447][info  ] RTSpatialIndex 0x765a7000a800 (Used 0 MB), Probe Points, Size: 100000, Results: 11
[LIBGPUSPATIAL] [ 10345][17:58:06:356509][info  ] RTSpatialRefiner 0x765a73d2a220 (Used 0 MB), Loaded Geometries, ProbeArray 100000, Loaded 11, Type Point
[LIBGPUSPATIAL] [ 10345][17:58:06:356580][info  ] RTSpatialRefiner 0x765a73d2a220 (Used 0 MB), Evaluating 11 Geometry Pairs with Predicate Intersects
[LIBGPUSPATIAL] [ 10348][17:58:06:357342][info  ] RTSpatialRefiner 0x765a73d2a220 (Used 0 MB), Loaded Geometries, ProbeArray 100000, Loaded 11, Type Point
[LIBGPUSPATIAL] [ 10348][17:58:06:357449][info  ] RTSpatialRefiner 0x765a73d2a220 (Used 0 MB), Evaluating 11 Geometry Pairs with Predicate Intersects
[LIBGPUSPATIAL] [ 10346][17:58:06:359802][info  ] RTSpatialIndex 0x765a7000a800 (Used 1 MB), Allocate result buffer, memory consumption 0 MB, capacity 10
[LIBGPUSPATIAL] [ 10352][17:58:06:359887][info  ] RTSpatialIndex 0x765a7000a800 (Used 1 MB), Allocate result buffer, memory consumption 0 MB, capacity 22
[LIBGPUSPATIAL] [ 10346][17:58:06:360149][info  ] RTSpatialIndex 0x765a7000a800 (Used 1 MB), Probe Points, Size: 100000, Results: 10
[LIBGPUSPATIAL] [ 10352][17:58:06:360210][info  ] RTSpatialIndex 0x765a7000a800 (Used 0 MB), Probe Points, Size: 100000, Results: 22
[LIBGPUSPATIAL] [ 10346][17:58:06:361014][info  ] RTSpatialRefiner 0x765a73d2a220 (Used 0 MB), Loaded Geometries, ProbeArray 100000, Loaded 10, Type Point
[LIBGPUSPATIAL] [ 10346][17:58:06:361055][info  ] RTSpatialRefiner 0x765a73d2a220 (Used 0 MB), Evaluating 10 Geometry Pairs with Predicate Intersects
[LIBGPUSPATIAL] [ 10352][17:58:06:361227][info  ] RTSpatialRefiner 0x765a73d2a220 (Used 0 MB), Loaded Geometries, ProbeArray 100000, Loaded 22, Type Point
[LIBGPUSPATIAL] [ 10352][17:58:06:361263][info  ] RTSpatialRefiner 0x765a73d2a220 (Used 0 MB), Evaluating 22 Geometry Pairs with Predicate Intersects
[LIBGPUSPATIAL] [ 10350][17:58:06:366662][info  ] RTSpatialIndex 0x765a7000a800 (Used 0 MB), Allocate result buffer, memory consumption 0 MB, capacity 13
[LIBGPUSPATIAL] [ 10350][17:58:06:366809][info  ] RTSpatialIndex 0x765a7000a800 (Used 0 MB), Probe Points, Size: 100000, Results: 13
[LIBGPUSPATIAL] [ 10350][17:58:06:367258][info  ] RTSpatialRefiner 0x765a73d2a220 (Used 0 MB), Loaded Geometries, ProbeArray 100000, Loaded 13, Type Point
[LIBGPUSPATIAL] [ 10350][17:58:06:367324][info  ] RTSpatialRefiner 0x765a73d2a220 (Used 0 MB), Evaluating 13 Geometry Pairs with Predicate Intersects
[LIBGPUSPATIAL] [ 10351][17:58:06:368038][info  ] RTSpatialIndex 0x765a7000a800 (Used 0 MB), Allocate result buffer, memory consumption 0 MB, capacity 18
[LIBGPUSPATIAL] [ 10351][17:58:06:368273][info  ] RTSpatialIndex 0x765a7000a800 (Used 0 MB), Probe Points, Size: 100000, Results: 18
[LIBGPUSPATIAL] [ 10351][17:58:06:368777][info  ] RTSpatialRefiner 0x765a73d2a220 (Used 1 MB), Loaded Geometries, ProbeArray 100000, Loaded 18, Type Point
[LIBGPUSPATIAL] [ 10351][17:58:06:368855][info  ] RTSpatialRefiner 0x765a73d2a220 (Used 2 MB), Evaluating 18 Geometry Pairs with Predicate Intersects
[LIBGPUSPATIAL] [ 10349][17:58:06:368957][info  ] RTSpatialIndex 0x765a7000a800 (Used 0 MB), Allocate result buffer, memory consumption 0 MB, capacity 19
[LIBGPUSPATIAL] [ 10349][17:58:06:369387][info  ] RTSpatialIndex 0x765a7000a800 (Used 0 MB), Probe Points, Size: 100000, Results: 19
[LIBGPUSPATIAL] [ 10349][17:58:06:369864][info  ] RTSpatialRefiner 0x765a73d2a220 (Used 1 MB), Loaded Geometries, ProbeArray 100000, Loaded 19, Type Point
[LIBGPUSPATIAL] [ 10349][17:58:06:369942][info  ] RTSpatialRefiner 0x765a73d2a220 (Used 1 MB), Evaluating 19 Geometry Pairs with Predicate Intersects
[LIBGPUSPATIAL] [ 10345][17:58:06:370259][info  ] RTSpatialIndex 0x765a7000a800 (Used 0 MB), Allocate result buffer, memory consumption 0 MB, capacity 22
[LIBGPUSPATIAL] [ 10345][17:58:06:370568][info  ] RTSpatialIndex 0x765a7000a800 (Used 0 MB), Probe Points, Size: 100000, Results: 22
[LIBGPUSPATIAL] [ 10345][17:58:06:371104][info  ] RTSpatialRefiner 0x765a73d2a220 (Used 0 MB), Loaded Geometries, ProbeArray 100000, Loaded 22, Type Point
[LIBGPUSPATIAL] [ 10345][17:58:06:371173][info  ] RTSpatialRefiner 0x765a73d2a220 (Used 0 MB), Evaluating 22 Geometry Pairs with Predicate Intersects
[LIBGPUSPATIAL] [ 10347][17:58:06:372266][info  ] RTSpatialIndex 0x765a7000a800 (Used 1 MB), Allocate result buffer, memory consumption 0 MB, capacity 11
[LIBGPUSPATIAL] [ 10348][17:58:06:372505][info  ] RTSpatialIndex 0x765a7000a800 (Used 1 MB), Allocate result buffer, memory consumption 0 MB, capacity 18
[LIBGPUSPATIAL] [ 10347][17:58:06:372940][info  ] RTSpatialIndex 0x765a7000a800 (Used 1 MB), Probe Points, Size: 100000, Results: 11
[LIBGPUSPATIAL] [ 10348][17:58:06:373119][info  ] RTSpatialIndex 0x765a7000a800 (Used 0 MB), Probe Points, Size: 100000, Results: 18
[LIBGPUSPATIAL] [ 10347][17:58:06:373576][info  ] RTSpatialRefiner 0x765a73d2a220 (Used 0 MB), Loaded Geometries, ProbeArray 100000, Loaded 11, Type Point
[LIBGPUSPATIAL] [ 10348][17:58:06:373580][info  ] RTSpatialRefiner 0x765a73d2a220 (Used 0 MB), Loaded Geometries, ProbeArray 100000, Loaded 18, Type Point
[LIBGPUSPATIAL] [ 10347][17:58:06:373614][info  ] RTSpatialRefiner 0x765a73d2a220 (Used 0 MB), Evaluating 11 Geometry Pairs with Predicate Intersects
[LIBGPUSPATIAL] [ 10348][17:58:06:373620][info  ] RTSpatialRefiner 0x765a73d2a220 (Used 0 MB), Evaluating 18 Geometry Pairs with Predicate Intersects
[LIBGPUSPATIAL] [ 10352][17:58:06:375381][info  ] RTSpatialIndex 0x765a7000a800 (Used 3 MB), Allocate result buffer, memory consumption 0 MB, capacity 10
[LIBGPUSPATIAL] [ 10346][17:58:06:375929][info  ] RTSpatialIndex 0x765a7000a800 (Used 1 MB), Allocate result buffer, memory consumption 0 MB, capacity 8
[LIBGPUSPATIAL] [ 10352][17:58:06:375977][info  ] RTSpatialIndex 0x765a7000a800 (Used 1 MB), Probe Points, Size: 100000, Results: 10
[LIBGPUSPATIAL] [ 10346][17:58:06:376265][info  ] RTSpatialIndex 0x765a7000a800 (Used 0 MB), Probe Points, Size: 100000, Results: 8
[LIBGPUSPATIAL] [ 10352][17:58:06:377339][info  ] RTSpatialRefiner 0x765a73d2a220 (Used 0 MB), Loaded Geometries, ProbeArray 100000, Loaded 10, Type Point
[LIBGPUSPATIAL] [ 10346][17:58:06:377346][info  ] RTSpatialRefiner 0x765a73d2a220 (Used 0 MB), Loaded Geometries, ProbeArray 100000, Loaded 8, Type Point
[LIBGPUSPATIAL] [ 10352][17:58:06:377381][info  ] RTSpatialRefiner 0x765a73d2a220 (Used 0 MB), Evaluating 10 Geometry Pairs with Predicate Intersects
[LIBGPUSPATIAL] [ 10346][17:58:06:377388][info  ] RTSpatialRefiner 0x765a73d2a220 (Used 0 MB), Evaluating 8 Geometry Pairs with Predicate Intersects
[LIBGPUSPATIAL] [ 10350][17:58:06:380747][info  ] RTSpatialIndex 0x765a7000a800 (Used 0 MB), Allocate result buffer, memory consumption 0 MB, capacity 9
[LIBGPUSPATIAL] [ 10350][17:58:06:380899][info  ] RTSpatialIndex 0x765a7000a800 (Used 0 MB), Probe Points, Size: 100000, Results: 9
[LIBGPUSPATIAL] [ 10350][17:58:06:381467][info  ] RTSpatialRefiner 0x765a73d2a220 (Used 0 MB), Loaded Geometries, ProbeArray 100000, Loaded 9, Type Point
[LIBGPUSPATIAL] [ 10350][17:58:06:381528][info  ] RTSpatialRefiner 0x765a73d2a220 (Used 0 MB), Evaluating 9 Geometry Pairs with Predicate Intersects
[LIBGPUSPATIAL] [ 10351][17:58:06:382275][info  ] RTSpatialIndex 0x765a7000a800 (Used 0 MB), Allocate result buffer, memory consumption 0 MB, capacity 21
[LIBGPUSPATIAL] [ 10351][17:58:06:382388][info  ] RTSpatialIndex 0x765a7000a800 (Used 0 MB), Probe Points, Size: 100000, Results: 21
[LIBGPUSPATIAL] [ 10351][17:58:06:382781][info  ] RTSpatialRefiner 0x765a73d2a220 (Used 0 MB), Loaded Geometries, ProbeArray 100000, Loaded 21, Type Point
[LIBGPUSPATIAL] [ 10351][17:58:06:382868][info  ] RTSpatialRefiner 0x765a73d2a220 (Used 0 MB), Evaluating 21 Geometry Pairs with Predicate Intersects
[LIBGPUSPATIAL] [ 10349][17:58:06:383686][info  ] RTSpatialIndex 0x765a7000a800 (Used 0 MB), Allocate result buffer, memory consumption 0 MB, capacity 10
[LIBGPUSPATIAL] [ 10349][17:58:06:383792][info  ] RTSpatialIndex 0x765a7000a800 (Used 0 MB), Probe Points, Size: 100000, Results: 10
[LIBGPUSPATIAL] [ 10349][17:58:06:384673][info  ] RTSpatialRefiner 0x765a73d2a220 (Used 0 MB), Loaded Geometries, ProbeArray 100000, Loaded 10, Type Point
[LIBGPUSPATIAL] [ 10349][17:58:06:384738][info  ] RTSpatialRefiner 0x765a73d2a220 (Used 0 MB), Evaluating 10 Geometry Pairs with Predicate Intersects
[LIBGPUSPATIAL] [ 10345][17:58:06:385723][info  ] RTSpatialIndex 0x765a7000a800 (Used 0 MB), Allocate result buffer, memory consumption 0 MB, capacity 13
[LIBGPUSPATIAL] [ 10345][17:58:06:385894][info  ] RTSpatialIndex 0x765a7000a800 (Used 0 MB), Probe Points, Size: 100000, Results: 13
[LIBGPUSPATIAL] [ 10345][17:58:06:386313][info  ] RTSpatialRefiner 0x765a73d2a220 (Used 0 MB), Loaded Geometries, ProbeArray 100000, Loaded 13, Type Point
[LIBGPUSPATIAL] [ 10345][17:58:06:386368][info  ] RTSpatialRefiner 0x765a73d2a220 (Used 1 MB), Evaluating 13 Geometry Pairs with Predicate Intersects
[LIBGPUSPATIAL] [ 10348][17:58:06:386922][info  ] RTSpatialIndex 0x765a7000a800 (Used 0 MB), Allocate result buffer, memory consumption 0 MB, capacity 18
[LIBGPUSPATIAL] [ 10347][17:58:06:387293][info  ] RTSpatialIndex 0x765a7000a800 (Used 1 MB), Allocate result buffer, memory consumption 0 MB, capacity 16
[LIBGPUSPATIAL] [ 10348][17:58:06:387639][info  ] RTSpatialIndex 0x765a7000a800 (Used 1 MB), Probe Points, Size: 100000, Results: 18
[LIBGPUSPATIAL] [ 10347][17:58:06:387980][info  ] RTSpatialIndex 0x765a7000a800 (Used 0 MB), Probe Points, Size: 100000, Results: 16
[LIBGPUSPATIAL] [ 10347][17:58:06:388311][info  ] RTSpatialRefiner 0x765a73d2a220 (Used 0 MB), Loaded Geometries, ProbeArray 100000, Loaded 16, Type Point
[LIBGPUSPATIAL] [ 10347][17:58:06:388355][info  ] RTSpatialRefiner 0x765a73d2a220 (Used 0 MB), Evaluating 16 Geometry Pairs with Predicate Intersects
[LIBGPUSPATIAL] [ 10348][17:58:06:389016][info  ] RTSpatialRefiner 0x765a73d2a220 (Used 0 MB), Loaded Geometries, ProbeArray 100000, Loaded 18, Type Point
[LIBGPUSPATIAL] [ 10348][17:58:06:389068][info  ] RTSpatialRefiner 0x765a73d2a220 (Used 0 MB), Evaluating 18 Geometry Pairs with Predicate Intersects
[LIBGPUSPATIAL] [ 10352][17:58:06:390300][info  ] RTSpatialIndex 0x765a7000a800 (Used 0 MB), Allocate result buffer, memory consumption 0 MB, capacity 18
[LIBGPUSPATIAL] [ 10352][17:58:06:390407][info  ] RTSpatialIndex 0x765a7000a800 (Used 0 MB), Probe Points, Size: 100000, Results: 18
[LIBGPUSPATIAL] [ 10352][17:58:06:390883][info  ] RTSpatialRefiner 0x765a73d2a220 (Used 1 MB), Loaded Geometries, ProbeArray 100000, Loaded 18, Type Point
[LIBGPUSPATIAL] [ 10352][17:58:06:390942][info  ] RTSpatialRefiner 0x765a73d2a220 (Used 1 MB), Evaluating 18 Geometry Pairs with Predicate Intersects
[LIBGPUSPATIAL] [ 10346][17:58:06:391430][info  ] RTSpatialIndex 0x765a7000a800 (Used 0 MB), Allocate result buffer, memory consumption 0 MB, capacity 19
[LIBGPUSPATIAL] [ 10346][17:58:06:391660][info  ] RTSpatialIndex 0x765a7000a800 (Used 0 MB), Probe Points, Size: 100000, Results: 19
[LIBGPUSPATIAL] [ 10346][17:58:06:392138][info  ] RTSpatialRefiner 0x765a73d2a220 (Used 0 MB), Loaded Geometries, ProbeArray 100000, Loaded 19, Type Point
[LIBGPUSPATIAL] [ 10346][17:58:06:392180][info  ] RTSpatialRefiner 0x765a73d2a220 (Used 0 MB), Evaluating 19 Geometry Pairs with Predicate Intersects
[LIBGPUSPATIAL] [ 10350][17:58:06:394293][info  ] RTSpatialIndex 0x765a7000a800 (Used 0 MB), Allocate result buffer, memory consumption 0 MB, capacity 13
[LIBGPUSPATIAL] [ 10350][17:58:06:394419][info  ] RTSpatialIndex 0x765a7000a800 (Used 0 MB), Probe Points, Size: 100000, Results: 13
[LIBGPUSPATIAL] [ 10350][17:58:06:394774][info  ] RTSpatialRefiner 0x765a73d2a220 (Used 0 MB), Loaded Geometries, ProbeArray 100000, Loaded 13, Type Point
[LIBGPUSPATIAL] [ 10350][17:58:06:394813][info  ] RTSpatialRefiner 0x765a73d2a220 (Used 0 MB), Evaluating 13 Geometry Pairs with Predicate Intersects
[LIBGPUSPATIAL] [ 10351][17:58:06:395801][info  ] RTSpatialIndex 0x765a7000a800 (Used 0 MB), Allocate result buffer, memory consumption 0 MB, capacity 15
[LIBGPUSPATIAL] [ 10351][17:58:06:395925][info  ] RTSpatialIndex 0x765a7000a800 (Used 0 MB), Probe Points, Size: 100000, Results: 15
[LIBGPUSPATIAL] [ 10351][17:58:06:396245][info  ] RTSpatialRefiner 0x765a73d2a220 (Used 0 MB), Loaded Geometries, ProbeArray 100000, Loaded 15, Type Point
[LIBGPUSPATIAL] [ 10351][17:58:06:396279][info  ] RTSpatialRefiner 0x765a73d2a220 (Used 0 MB), Evaluating 15 Geometry Pairs with Predicate Intersects
[LIBGPUSPATIAL] [ 10349][17:58:06:397427][info  ] RTSpatialIndex 0x765a7000a800 (Used 0 MB), Allocate result buffer, memory consumption 0 MB, capacity 14
[LIBGPUSPATIAL] [ 10349][17:58:06:397530][info  ] RTSpatialIndex 0x765a7000a800 (Used 0 MB), Probe Points, Size: 100000, Results: 14
[LIBGPUSPATIAL] [ 10349][17:58:06:398138][info  ] RTSpatialRefiner 0x765a73d2a220 (Used 0 MB), Loaded Geometries, ProbeArray 100000, Loaded 14, Type Point
[LIBGPUSPATIAL] [ 10349][17:58:06:398178][info  ] RTSpatialRefiner 0x765a73d2a220 (Used 0 MB), Evaluating 14 Geometry Pairs with Predicate Intersects
[LIBGPUSPATIAL] [ 10345][17:58:06:400333][info  ] RTSpatialIndex 0x765a7000a800 (Used 0 MB), Allocate result buffer, memory consumption 0 MB, capacity 12
[LIBGPUSPATIAL] [ 10345][17:58:06:400444][info  ] RTSpatialIndex 0x765a7000a800 (Used 0 MB), Probe Points, Size: 100000, Results: 12
[LIBGPUSPATIAL] [ 10347][17:58:06:401147][info  ] RTSpatialIndex 0x765a7000a800 (Used 0 MB), Allocate result buffer, memory consumption 0 MB, capacity 17
[LIBGPUSPATIAL] [ 10345][17:58:06:401417][info  ] RTSpatialRefiner 0x765a73d2a220 (Used 0 MB), Loaded Geometries, ProbeArray 100000, Loaded 12, Type Point
[LIBGPUSPATIAL] [ 10347][17:58:06:401423][info  ] RTSpatialIndex 0x765a7000a800 (Used 0 MB), Probe Points, Size: 100000, Results: 17
[LIBGPUSPATIAL] [ 10345][17:58:06:401467][info  ] RTSpatialRefiner 0x765a73d2a220 (Used 0 MB), Evaluating 12 Geometry Pairs with Predicate Intersects
[LIBGPUSPATIAL] [ 10347][17:58:06:401767][info  ] RTSpatialRefiner 0x765a73d2a220 (Used 0 MB), Loaded Geometries, ProbeArray 100000, Loaded 17, Type Point
[LIBGPUSPATIAL] [ 10347][17:58:06:401813][info  ] RTSpatialRefiner 0x765a73d2a220 (Used 0 MB), Evaluating 17 Geometry Pairs with Predicate Intersects
[LIBGPUSPATIAL] [ 10348][17:58:06:402612][info  ] RTSpatialIndex 0x765a7000a800 (Used 0 MB), Allocate result buffer, memory consumption 0 MB, capacity 14
[LIBGPUSPATIAL] [ 10348][17:58:06:402771][info  ] RTSpatialIndex 0x765a7000a800 (Used 0 MB), Probe Points, Size: 100000, Results: 14
[LIBGPUSPATIAL] [ 10348][17:58:06:403129][info  ] RTSpatialRefiner 0x765a73d2a220 (Used 0 MB), Loaded Geometries, ProbeArray 100000, Loaded 14, Type Point
[LIBGPUSPATIAL] [ 10348][17:58:06:403172][info  ] RTSpatialRefiner 0x765a73d2a220 (Used 0 MB), Evaluating 14 Geometry Pairs with Predicate Intersects
[LIBGPUSPATIAL] [ 10352][17:58:06:404626][info  ] RTSpatialIndex 0x765a7000a800 (Used 0 MB), Allocate result buffer, memory consumption 0 MB, capacity 17
[LIBGPUSPATIAL] [ 10352][17:58:06:404742][info  ] RTSpatialIndex 0x765a7000a800 (Used 0 MB), Probe Points, Size: 100000, Results: 17
[LIBGPUSPATIAL] [ 10352][17:58:06:405184][info  ] RTSpatialRefiner 0x765a73d2a220 (Used 1 MB), Loaded Geometries, ProbeArray 100000, Loaded 17, Type Point
[LIBGPUSPATIAL] [ 10352][17:58:06:405270][info  ] RTSpatialRefiner 0x765a73d2a220 (Used 1 MB), Evaluating 17 Geometry Pairs with Predicate Intersects
[LIBGPUSPATIAL] [ 10346][17:58:06:405686][info  ] RTSpatialIndex 0x765a7000a800 (Used 0 MB), Allocate result buffer, memory consumption 0 MB, capacity 17
[LIBGPUSPATIAL] [ 10346][17:58:06:406047][info  ] RTSpatialIndex 0x765a7000a800 (Used 0 MB), Probe Points, Size: 100000, Results: 17
[LIBGPUSPATIAL] [ 10346][17:58:06:407007][info  ] RTSpatialRefiner 0x765a73d2a220 (Used 0 MB), Loaded Geometries, ProbeArray 100000, Loaded 17, Type Point
[LIBGPUSPATIAL] [ 10346][17:58:06:407051][info  ] RTSpatialRefiner 0x765a73d2a220 (Used 0 MB), Evaluating 17 Geometry Pairs with Predicate Intersects
[LIBGPUSPATIAL] [ 10350][17:58:06:407472][info  ] RTSpatialIndex 0x765a7000a800 (Used 0 MB), Allocate result buffer, memory consumption 0 MB, capacity 8
[LIBGPUSPATIAL] [ 10350][17:58:06:407789][info  ] RTSpatialIndex 0x765a7000a800 (Used 0 MB), Probe Points, Size: 100000, Results: 8
[LIBGPUSPATIAL] [ 10350][17:58:06:408159][info  ] RTSpatialRefiner 0x765a73d2a220 (Used 0 MB), Loaded Geometries, ProbeArray 100000, Loaded 8, Type Point
[LIBGPUSPATIAL] [ 10350][17:58:06:408204][info  ] RTSpatialRefiner 0x765a73d2a220 (Used 0 MB), Evaluating 8 Geometry Pairs with Predicate Intersects
[LIBGPUSPATIAL] [ 10351][17:58:06:410337][info  ] RTSpatialIndex 0x765a7000a800 (Used 0 MB), Allocate result buffer, memory consumption 0 MB, capacity 14
[LIBGPUSPATIAL] [ 10351][17:58:06:410474][info  ] RTSpatialIndex 0x765a7000a800 (Used 0 MB), Probe Points, Size: 100000, Results: 14
[LIBGPUSPATIAL] [ 10351][17:58:06:410885][info  ] RTSpatialRefiner 0x765a73d2a220 (Used 1 MB), Loaded Geometries, ProbeArray 100000, Loaded 14, Type Point
[LIBGPUSPATIAL] [ 10351][17:58:06:410930][info  ] RTSpatialRefiner 0x765a73d2a220 (Used 0 MB), Evaluating 14 Geometry Pairs with Predicate Intersects
[LIBGPUSPATIAL] [ 10349][17:58:06:411009][info  ] RTSpatialIndex 0x765a7000a800 (Used 0 MB), Allocate result buffer, memory consumption 0 MB, capacity 14
[LIBGPUSPATIAL] [ 10349][17:58:06:411292][info  ] RTSpatialIndex 0x765a7000a800 (Used 0 MB), Probe Points, Size: 100000, Results: 14
[LIBGPUSPATIAL] [ 10349][17:58:06:411644][info  ] RTSpatialRefiner 0x765a73d2a220 (Used 0 MB), Loaded Geometries, ProbeArray 100000, Loaded 14, Type Point
[LIBGPUSPATIAL] [ 10349][17:58:06:411686][info  ] RTSpatialRefiner 0x765a73d2a220 (Used 0 MB), Evaluating 14 Geometry Pairs with Predicate Intersects
[LIBGPUSPATIAL] [ 10347][17:58:06:415151][info  ] RTSpatialIndex 0x765a7000a800 (Used 0 MB), Allocate result buffer, memory consumption 0 MB, capacity 10
[LIBGPUSPATIAL] [ 10347][17:58:06:415315][info  ] RTSpatialIndex 0x765a7000a800 (Used 2 MB), Probe Points, Size: 100000, Results: 10
[LIBGPUSPATIAL] [ 10345][17:58:06:415915][info  ] RTSpatialIndex 0x765a7000a800 (Used 0 MB), Allocate result buffer, memory consumption 0 MB, capacity 17
[LIBGPUSPATIAL] [ 10345][17:58:06:416055][info  ] RTSpatialIndex 0x765a7000a800 (Used 0 MB), Probe Points, Size: 100000, Results: 17
[LIBGPUSPATIAL] [ 10347][17:58:06:417267][info  ] RTSpatialRefiner 0x765a73d2a220 (Used 0 MB), Loaded Geometries, ProbeArray 100000, Loaded 10, Type Point
[LIBGPUSPATIAL] [ 10347][17:58:06:417327][info  ] RTSpatialRefiner 0x765a73d2a220 (Used 0 MB), Evaluating 10 Geometry Pairs with Predicate Intersects
[LIBGPUSPATIAL] [ 10348][17:58:06:417336][info  ] RTSpatialIndex 0x765a7000a800 (Used 0 MB), Allocate result buffer, memory consumption 0 MB, capacity 13
[LIBGPUSPATIAL] [ 10345][17:58:06:417462][info  ] RTSpatialRefiner 0x765a73d2a220 (Used 0 MB), Loaded Geometries, ProbeArray 100000, Loaded 17, Type Point
[LIBGPUSPATIAL] [ 10345][17:58:06:417511][info  ] RTSpatialRefiner 0x765a73d2a220 (Used 0 MB), Evaluating 17 Geometry Pairs with Predicate Intersects
[LIBGPUSPATIAL] [ 10348][17:58:06:418040][info  ] RTSpatialIndex 0x765a7000a800 (Used 1 MB), Probe Points, Size: 100000, Results: 13
[LIBGPUSPATIAL] [ 10352][17:58:06:418781][info  ] RTSpatialIndex 0x765a7000a800 (Used 1 MB), Allocate result buffer, memory consumption 0 MB, capacity 14
[LIBGPUSPATIAL] [ 10348][17:58:06:419801][info  ] RTSpatialRefiner 0x765a73d2a220 (Used 0 MB), Loaded Geometries, ProbeArray 100000, Loaded 13, Type Point
[LIBGPUSPATIAL] [ 10352][17:58:06:419809][info  ] RTSpatialIndex 0x765a7000a800 (Used 0 MB), Probe Points, Size: 100000, Results: 14
[LIBGPUSPATIAL] [ 10348][17:58:06:419875][info  ] RTSpatialRefiner 0x765a73d2a220 (Used 0 MB), Evaluating 13 Geometry Pairs with Predicate Intersects
[LIBGPUSPATIAL] [ 10352][17:58:06:420429][info  ] RTSpatialRefiner 0x765a73d2a220 (Used 0 MB), Loaded Geometries, ProbeArray 100000, Loaded 14, Type Point
[LIBGPUSPATIAL] [ 10352][17:58:06:420544][info  ] RTSpatialRefiner 0x765a73d2a220 (Used 0 MB), Evaluating 14 Geometry Pairs with Predicate Intersects
[LIBGPUSPATIAL] [ 10346][17:58:06:420662][info  ] RTSpatialIndex 0x765a7000a800 (Used 0 MB), Allocate result buffer, memory consumption 0 MB, capacity 17
[LIBGPUSPATIAL] [ 10346][17:58:06:421323][info  ] RTSpatialIndex 0x765a7000a800 (Used 0 MB), Probe Points, Size: 100000, Results: 17
[LIBGPUSPATIAL] [ 10350][17:58:06:423013][info  ] RTSpatialIndex 0x765a7000a800 (Used 0 MB), Allocate result buffer, memory consumption 0 MB, capacity 12
[LIBGPUSPATIAL] [ 10350][17:58:06:423154][info  ] RTSpatialIndex 0x765a7000a800 (Used 0 MB), Probe Points, Size: 100000, Results: 12
[LIBGPUSPATIAL] [ 10351][17:58:06:424354][info  ] RTSpatialIndex 0x765a7000a800 (Used 0 MB), Allocate result buffer, memory consumption 0 MB, capacity 17
[LIBGPUSPATIAL] [ 10351][17:58:06:424482][info  ] RTSpatialIndex 0x765a7000a800 (Used 0 MB), Probe Points, Size: 100000, Results: 17
[LIBGPUSPATIAL] [ 10349][17:58:06:424956][info  ] RTSpatialIndex 0x765a7000a800 (Used 0 MB), Allocate result buffer, memory consumption 0 MB, capacity 12
[LIBGPUSPATIAL] [ 10349][17:58:06:425115][info  ] RTSpatialIndex 0x765a7000a800 (Used 0 MB), Probe Points, Size: 100000, Results: 12
[LIBGPUSPATIAL] [ 10346][17:58:06:425243][info  ] RTSpatialRefiner 0x765a73d2a220 (Used 0 MB), Loaded Geometries, ProbeArray 100000, Loaded 17, Type Point
[LIBGPUSPATIAL] [ 10351][17:58:06:425354][info  ] RTSpatialRefiner 0x765a73d2a220 (Used 0 MB), Loaded Geometries, ProbeArray 100000, Loaded 17, Type Point
[LIBGPUSPATIAL] [ 10351][17:58:06:425399][info  ] RTSpatialRefiner 0x765a73d2a220 (Used 0 MB), Evaluating 17 Geometry Pairs with Predicate Intersects
[LIBGPUSPATIAL] [ 10350][17:58:06:425450][info  ] RTSpatialRefiner 0x765a73d2a220 (Used 0 MB), Loaded Geometries, ProbeArray 100000, Loaded 12, Type Point
[LIBGPUSPATIAL] [ 10346][17:58:06:425473][info  ] RTSpatialRefiner 0x765a73d2a220 (Used 0 MB), Evaluating 17 Geometry Pairs with Predicate Intersects
[LIBGPUSPATIAL] [ 10350][17:58:06:425490][info  ] RTSpatialRefiner 0x765a73d2a220 (Used 0 MB), Evaluating 12 Geometry Pairs with Predicate Intersects
[LIBGPUSPATIAL] [ 10349][17:58:06:426114][info  ] RTSpatialRefiner 0x765a73d2a220 (Used 0 MB), Loaded Geometries, ProbeArray 100000, Loaded 12, Type Point
[LIBGPUSPATIAL] [ 10349][17:58:06:426156][info  ] RTSpatialRefiner 0x765a73d2a220 (Used 0 MB), Evaluating 12 Geometry Pairs with Predicate Intersects
[LIBGPUSPATIAL] [ 10347][17:58:06:430431][info  ] RTSpatialIndex 0x765a7000a800 (Used 0 MB), Allocate result buffer, memory consumption 0 MB, capacity 10
[LIBGPUSPATIAL] [ 10347][17:58:06:430554][info  ] RTSpatialIndex 0x765a7000a800 (Used 0 MB), Probe Points, Size: 100000, Results: 10
[LIBGPUSPATIAL] [ 10347][17:58:06:432952][info  ] RTSpatialRefiner 0x765a73d2a220 (Used 2 MB), Loaded Geometries, ProbeArray 100000, Loaded 10, Type Point
[LIBGPUSPATIAL] [ 10347][17:58:06:432996][info  ] RTSpatialRefiner 0x765a73d2a220 (Used 2 MB), Evaluating 10 Geometry Pairs with Predicate Intersects
[LIBGPUSPATIAL] [ 10352][17:58:06:434144][info  ] RTSpatialIndex 0x765a7000a800 (Used 3 MB), Allocate result buffer, memory consumption 0 MB, capacity 6
[LIBGPUSPATIAL] [ 10345][17:58:06:434644][info  ] RTSpatialIndex 0x765a7000a800 (Used 2 MB), Allocate result buffer, memory consumption 0 MB, capacity 19
[LIBGPUSPATIAL] [ 10348][17:58:06:434698][info  ] RTSpatialIndex 0x765a7000a800 (Used 2 MB), Allocate result buffer, memory consumption 0 MB, capacity 21
[LIBGPUSPATIAL] [ 10352][17:58:06:434816][info  ] RTSpatialIndex 0x765a7000a800 (Used 2 MB), Probe Points, Size: 100000, Results: 6
[LIBGPUSPATIAL] [ 10345][17:58:06:435141][info  ] RTSpatialIndex 0x765a7000a800 (Used 1 MB), Probe Points, Size: 100000, Results: 19
[LIBGPUSPATIAL] [ 10348][17:58:06:435307][info  ] RTSpatialIndex 0x765a7000a800 (Used 0 MB), Probe Points, Size: 100000, Results: 21
[LIBGPUSPATIAL] [ 10352][17:58:06:435676][info  ] RTSpatialRefiner 0x765a73d2a220 (Used 0 MB), Loaded Geometries, ProbeArray 100000, Loaded 6, Type Point
[LIBGPUSPATIAL] [ 10352][17:58:06:435718][info  ] RTSpatialRefiner 0x765a73d2a220 (Used 0 MB), Evaluating 6 Geometry Pairs with Predicate Intersects
[LIBGPUSPATIAL] [ 10348][17:58:06:435887][info  ] RTSpatialRefiner 0x765a73d2a220 (Used 0 MB), Loaded Geometries, ProbeArray 100000, Loaded 21, Type Point
[LIBGPUSPATIAL] [ 10348][17:58:06:435933][info  ] RTSpatialRefiner 0x765a73d2a220 (Used 0 MB), Evaluating 21 Geometry Pairs with Predicate Intersects
[LIBGPUSPATIAL] [ 10349][17:58:06:438913][info  ] RTSpatialIndex 0x765a7000a800 (Used 2 MB), Allocate result buffer, memory consumption 0 MB, capacity 20
[LIBGPUSPATIAL] [ 10350][17:58:06:438943][info  ] RTSpatialIndex 0x765a7000a800 (Used 2 MB), Allocate result buffer, memory consumption 0 MB, capacity 17
[LIBGPUSPATIAL] [ 10351][17:58:06:438985][info  ] RTSpatialIndex 0x765a7000a800 (Used 2 MB), Allocate result buffer, memory consumption 0 MB, capacity 20
[LIBGPUSPATIAL] [ 10345][17:58:06:439136][info  ] RTSpatialRefiner 0x765a73d2a220 (Used 2 MB), Loaded Geometries, ProbeArray 100000, Loaded 19, Type Point
[LIBGPUSPATIAL] [ 10349][17:58:06:439176][info  ] RTSpatialIndex 0x765a7000a800 (Used 2 MB), Probe Points, Size: 100000, Results: 20
[LIBGPUSPATIAL] [ 10345][17:58:06:439181][info  ] RTSpatialRefiner 0x765a73d2a220 (Used 2 MB), Evaluating 19 Geometry Pairs with Predicate Intersects
[LIBGPUSPATIAL] [ 10351][17:58:06:439229][info  ] RTSpatialIndex 0x765a7000a800 (Used 1 MB), Probe Points, Size: 100000, Results: 20
[LIBGPUSPATIAL] [ 10350][17:58:06:439434][info  ] RTSpatialIndex 0x765a7000a800 (Used 0 MB), Probe Points, Size: 100000, Results: 17
[LIBGPUSPATIAL] [ 10351][17:58:06:440054][info  ] RTSpatialRefiner 0x765a73d2a220 (Used 0 MB), Loaded Geometries, ProbeArray 100000, Loaded 20, Type Point
[LIBGPUSPATIAL] [ 10346][17:58:06:440092][info  ] RTSpatialIndex 0x765a7000a800 (Used 0 MB), Allocate result buffer, memory consumption 0 MB, capacity 13
[LIBGPUSPATIAL] [ 10351][17:58:06:440096][info  ] RTSpatialRefiner 0x765a73d2a220 (Used 0 MB), Evaluating 20 Geometry Pairs with Predicate Intersects
[LIBGPUSPATIAL] [ 10349][17:58:06:440124][info  ] RTSpatialRefiner 0x765a73d2a220 (Used 0 MB), Loaded Geometries, ProbeArray 100000, Loaded 20, Type Point
[LIBGPUSPATIAL] [ 10349][17:58:06:440237][info  ] RTSpatialRefiner 0x765a73d2a220 (Used 0 MB), Evaluating 20 Geometry Pairs with Predicate Intersects
[LIBGPUSPATIAL] [ 10350][17:58:06:440446][info  ] RTSpatialRefiner 0x765a73d2a220 (Used 0 MB), Loaded Geometries, ProbeArray 100000, Loaded 17, Type Point
[LIBGPUSPATIAL] [ 10350][17:58:06:440488][info  ] RTSpatialRefiner 0x765a73d2a220 (Used 0 MB), Evaluating 17 Geometry Pairs with Predicate Intersects
[LIBGPUSPATIAL] [ 10346][17:58:06:440900][info  ] RTSpatialIndex 0x765a7000a800 (Used 1 MB), Probe Points, Size: 100000, Results: 13
[LIBGPUSPATIAL] [ 10346][17:58:06:441476][info  ] RTSpatialRefiner 0x765a73d2a220 (Used 0 MB), Loaded Geometries, ProbeArray 100000, Loaded 13, Type Point
[LIBGPUSPATIAL] [ 10346][17:58:06:441515][info  ] RTSpatialRefiner 0x765a73d2a220 (Used 0 MB), Evaluating 13 Geometry Pairs with Predicate Intersects
[LIBGPUSPATIAL] [ 10347][17:58:06:447329][info  ] RTSpatialIndex 0x765a7000a800 (Used 0 MB), Allocate result buffer, memory consumption 0 MB, capacity 21
[LIBGPUSPATIAL] [ 10347][17:58:06:447465][info  ] RTSpatialIndex 0x765a7000a800 (Used 0 MB), Probe Points, Size: 100000, Results: 21
[LIBGPUSPATIAL] [ 10352][17:58:06:448543][info  ] RTSpatialIndex 0x765a7000a800 (Used 0 MB), Allocate result buffer, memory consumption 0 MB, capacity 15
[LIBGPUSPATIAL] [ 10352][17:58:06:448700][info  ] RTSpatialIndex 0x765a7000a800 (Used 0 MB), Probe Points, Size: 100000, Results: 15
[LIBGPUSPATIAL] [ 10347][17:58:06:448825][info  ] RTSpatialRefiner 0x765a73d2a220 (Used 0 MB), Loaded Geometries, ProbeArray 100000, Loaded 21, Type Point
[LIBGPUSPATIAL] [ 10347][17:58:06:449042][info  ] RTSpatialRefiner 0x765a73d2a220 (Used 1 MB), Evaluating 21 Geometry Pairs with Predicate Intersects
[LIBGPUSPATIAL] [ 10348][17:58:06:449188][info  ] RTSpatialIndex 0x765a7000a800 (Used 0 MB), Allocate result buffer, memory consumption 0 MB, capacity 22
[LIBGPUSPATIAL] [ 10352][17:58:06:449548][info  ] RTSpatialRefiner 0x765a73d2a220 (Used 0 MB), Loaded Geometries, ProbeArray 100000, Loaded 15, Type Point
[LIBGPUSPATIAL] [ 10352][17:58:06:449610][info  ] RTSpatialRefiner 0x765a73d2a220 (Used 0 MB), Evaluating 15 Geometry Pairs with Predicate Intersects
[LIBGPUSPATIAL] [ 10348][17:58:06:449619][info  ] RTSpatialIndex 0x765a7000a800 (Used 0 MB), Probe Points, Size: 100000, Results: 22
[LIBGPUSPATIAL] [ 10348][17:58:06:450730][info  ] RTSpatialRefiner 0x765a73d2a220 (Used 0 MB), Loaded Geometries, ProbeArray 100000, Loaded 22, Type Point
[LIBGPUSPATIAL] [ 10348][17:58:06:450776][info  ] RTSpatialRefiner 0x765a73d2a220 (Used 0 MB), Evaluating 22 Geometry Pairs with Predicate Intersects
[LIBGPUSPATIAL] [ 10346][17:58:06:452904][info  ] RTSpatialIndex 0x765a7000a800 (Used 0 MB), Allocate result buffer, memory consumption 0 MB, capacity 19
[LIBGPUSPATIAL] [ 10346][17:58:06:453038][info  ] RTSpatialIndex 0x765a7000a800 (Used 0 MB), Probe Points, Size: 100000, Results: 19
[LIBGPUSPATIAL] [ 10346][17:58:06:453786][info  ] RTSpatialRefiner 0x765a73d2a220 (Used 1 MB), Loaded Geometries, ProbeArray 100000, Loaded 19, Type Point
[LIBGPUSPATIAL] [ 10346][17:58:06:453903][info  ] RTSpatialRefiner 0x765a73d2a220 (Used 1 MB), Evaluating 19 Geometry Pairs with Predicate Intersects
[LIBGPUSPATIAL] [ 10350][17:58:06:454704][info  ] RTSpatialIndex 0x765a7000a800 (Used 3 MB), Allocate result buffer, memory consumption 0 MB, capacity 15
[LIBGPUSPATIAL] [ 10345][17:58:06:454856][info  ] RTSpatialIndex 0x765a7000a800 (Used 2 MB), Allocate result buffer, memory consumption 0 MB, capacity 12
[LIBGPUSPATIAL] [ 10350][17:58:06:455379][info  ] RTSpatialIndex 0x765a7000a800 (Used 3 MB), Probe Points, Size: 100000, Results: 15
[LIBGPUSPATIAL] [ 10351][17:58:06:455430][info  ] RTSpatialIndex 0x765a7000a800 (Used 2 MB), Allocate result buffer, memory consumption 0 MB, capacity 17
[LIBGPUSPATIAL] [ 10349][17:58:06:455497][info  ] RTSpatialIndex 0x765a7000a800 (Used 2 MB), Allocate result buffer, memory consumption 0 MB, capacity 21
[LIBGPUSPATIAL] [ 10345][17:58:06:456096][info  ] RTSpatialIndex 0x765a7000a800 (Used 2 MB), Probe Points, Size: 100000, Results: 12
[LIBGPUSPATIAL] [ 10351][17:58:06:456189][info  ] RTSpatialIndex 0x765a7000a800 (Used 1 MB), Probe Points, Size: 100000, Results: 17
[LIBGPUSPATIAL] [ 10349][17:58:06:456374][info  ] RTSpatialIndex 0x765a7000a800 (Used 0 MB), Probe Points, Size: 100000, Results: 21
[LIBGPUSPATIAL] [ 10350][17:58:06:456602][info  ] RTSpatialRefiner 0x765a73d2a220 (Used 0 MB), Loaded Geometries, ProbeArray 100000, Loaded 15, Type Point
[LIBGPUSPATIAL] [ 10350][17:58:06:456645][info  ] RTSpatialRefiner 0x765a73d2a220 (Used 0 MB), Evaluating 15 Geometry Pairs with Predicate Intersects
[LIBGPUSPATIAL] [ 10345][17:58:06:457502][info  ] RTSpatialRefiner 0x765a73d2a220 (Used 0 MB), Loaded Geometries, ProbeArray 100000, Loaded 12, Type Point
[LIBGPUSPATIAL] [ 10345][17:58:06:457546][info  ] RTSpatialRefiner 0x765a73d2a220 (Used 0 MB), Evaluating 12 Geometry Pairs with Predicate Intersects
[LIBGPUSPATIAL] [ 10351][17:58:06:458796][info  ] RTSpatialRefiner 0x765a73d2a220 (Used 0 MB), Loaded Geometries, ProbeArray 100000, Loaded 17, Type Point
[LIBGPUSPATIAL] [ 10351][17:58:06:458861][info  ] RTSpatialRefiner 0x765a73d2a220 (Used 0 MB), Evaluating 17 Geometry Pairs with Predicate Intersects
[LIBGPUSPATIAL] [ 10349][17:58:06:459152][info  ] RTSpatialRefiner 0x765a73d2a220 (Used 0 MB), Loaded Geometries, ProbeArray 100000, Loaded 21, Type Point
[LIBGPUSPATIAL] [ 10349][17:58:06:459199][info  ] RTSpatialRefiner 0x765a73d2a220 (Used 0 MB), Evaluating 21 Geometry Pairs with Predicate Intersects
[LIBGPUSPATIAL] [ 10352][17:58:06:463028][info  ] RTSpatialIndex 0x765a7000a800 (Used 1 MB), Allocate result buffer, memory consumption 0 MB, capacity 10
[LIBGPUSPATIAL] [ 10348][17:58:06:463049][info  ] RTSpatialIndex 0x765a7000a800 (Used 1 MB), Allocate result buffer, memory consumption 0 MB, capacity 16
[LIBGPUSPATIAL] [ 10348][17:58:06:463174][info  ] RTSpatialIndex 0x765a7000a800 (Used 1 MB), Probe Points, Size: 100000, Results: 16
[LIBGPUSPATIAL] [ 10352][17:58:06:463546][info  ] RTSpatialIndex 0x765a7000a800 (Used 0 MB), Probe Points, Size: 100000, Results: 10
[LIBGPUSPATIAL] [ 10348][17:58:06:463670][info  ] RTSpatialRefiner 0x765a73d2a220 (Used 0 MB), Loaded Geometries, ProbeArray 100000, Loaded 16, Type Point
[LIBGPUSPATIAL] [ 10348][17:58:06:463717][info  ] RTSpatialRefiner 0x765a73d2a220 (Used 0 MB), Evaluating 16 Geometry Pairs with Predicate Intersects
[LIBGPUSPATIAL] [ 10347][17:58:06:465751][info  ] RTSpatialIndex 0x765a7000a800 (Used 0 MB), Allocate result buffer, memory consumption 0 MB, capacity 17
[LIBGPUSPATIAL] [ 10347][17:58:06:465884][info  ] RTSpatialIndex 0x765a7000a800 (Used 0 MB), Probe Points, Size: 100000, Results: 17
[LIBGPUSPATIAL] [ 10352][17:58:06:466170][info  ] RTSpatialRefiner 0x765a73d2a220 (Used 0 MB), Loaded Geometries, ProbeArray 100000, Loaded 10, Type Point
[LIBGPUSPATIAL] [ 10352][17:58:06:466212][info  ] RTSpatialRefiner 0x765a73d2a220 (Used 0 MB), Evaluating 10 Geometry Pairs with Predicate Intersects
[LIBGPUSPATIAL] [ 10347][17:58:06:466282][info  ] RTSpatialRefiner 0x765a73d2a220 (Used 0 MB), Loaded Geometries, ProbeArray 100000, Loaded 17, Type Point
[LIBGPUSPATIAL] [ 10347][17:58:06:466318][info  ] RTSpatialRefiner 0x765a73d2a220 (Used 0 MB), Evaluating 17 Geometry Pairs with Predicate Intersects
[LIBGPUSPATIAL] [ 10346][17:58:06:468941][info  ] RTSpatialIndex 0x765a7000a800 (Used 1 MB), Allocate result buffer, memory consumption 0 MB, capacity 9
[LIBGPUSPATIAL] [ 10350][17:58:06:469000][info  ] RTSpatialIndex 0x765a7000a800 (Used 1 MB), Allocate result buffer, memory consumption 0 MB, capacity 21
[LIBGPUSPATIAL] [ 10346][17:58:06:469163][info  ] RTSpatialIndex 0x765a7000a800 (Used 1 MB), Probe Points, Size: 100000, Results: 9
[LIBGPUSPATIAL] [ 10350][17:58:06:469323][info  ] RTSpatialIndex 0x765a7000a800 (Used 0 MB), Probe Points, Size: 100000, Results: 21
[LIBGPUSPATIAL] [ 10346][17:58:06:470040][info  ] RTSpatialRefiner 0x765a73d2a220 (Used 1 MB), Loaded Geometries, ProbeArray 100000, Loaded 9, Type Point
[LIBGPUSPATIAL] [ 10346][17:58:06:470081][info  ] RTSpatialRefiner 0x765a73d2a220 (Used 1 MB), Evaluating 9 Geometry Pairs with Predicate Intersects
[LIBGPUSPATIAL] [ 10345][17:58:06:470465][info  ] RTSpatialIndex 0x765a7000a800 (Used 0 MB), Allocate result buffer, memory consumption 0 MB, capacity 18
[LIBGPUSPATIAL] [ 10350][17:58:06:470490][info  ] RTSpatialRefiner 0x765a73d2a220 (Used 0 MB), Loaded Geometries, ProbeArray 100000, Loaded 21, Type Point
[LIBGPUSPATIAL] [ 10350][17:58:06:470528][info  ] RTSpatialRefiner 0x765a73d2a220 (Used 0 MB), Evaluating 21 Geometry Pairs with Predicate Intersects
[LIBGPUSPATIAL] [ 10345][17:58:06:470812][info  ] RTSpatialIndex 0x765a7000a800 (Used 0 MB), Probe Points, Size: 100000, Results: 18
[LIBGPUSPATIAL] [ 10351][17:58:06:472498][info  ] RTSpatialIndex 0x765a7000a800 (Used 0 MB), Allocate result buffer, memory consumption 0 MB, capacity 16
[LIBGPUSPATIAL] [ 10351][17:58:06:472637][info  ] RTSpatialIndex 0x765a7000a800 (Used 0 MB), Probe Points, Size: 100000, Results: 16
[LIBGPUSPATIAL] [ 10345][17:58:06:472911][info  ] RTSpatialRefiner 0x765a73d2a220 (Used 0 MB), Loaded Geometries, ProbeArray 100000, Loaded 18, Type Point
[LIBGPUSPATIAL] [ 10345][17:58:06:472958][info  ] RTSpatialRefiner 0x765a73d2a220 (Used 0 MB), Evaluating 18 Geometry Pairs with Predicate Intersects
[LIBGPUSPATIAL] [ 10351][17:58:06:473648][info  ] RTSpatialRefiner 0x765a73d2a220 (Used 0 MB), Loaded Geometries, ProbeArray 100000, Loaded 16, Type Point
[LIBGPUSPATIAL] [ 10351][17:58:06:473901][info  ] RTSpatialRefiner 0x765a73d2a220 (Used 0 MB), Evaluating 16 Geometry Pairs with Predicate Intersects
[LIBGPUSPATIAL] [ 10349][17:58:06:473907][info  ] RTSpatialIndex 0x765a7000a800 (Used 0 MB), Allocate result buffer, memory consumption 0 MB, capacity 16
[LIBGPUSPATIAL] [ 10349][17:58:06:474237][info  ] RTSpatialIndex 0x765a7000a800 (Used 0 MB), Probe Points, Size: 100000, Results: 16
[LIBGPUSPATIAL] [ 10349][17:58:06:474681][info  ] RTSpatialRefiner 0x765a73d2a220 (Used 0 MB), Loaded Geometries, ProbeArray 100000, Loaded 16, Type Point
[LIBGPUSPATIAL] [ 10349][17:58:06:474725][info  ] RTSpatialRefiner 0x765a73d2a220 (Used 0 MB), Evaluating 16 Geometry Pairs with Predicate Intersects
[LIBGPUSPATIAL] [ 10348][17:58:06:477293][info  ] RTSpatialIndex 0x765a7000a800 (Used 0 MB), Allocate result buffer, memory consumption 0 MB, capacity 18
[LIBGPUSPATIAL] [ 10348][17:58:06:477422][info  ] RTSpatialIndex 0x765a7000a800 (Used 0 MB), Probe Points, Size: 100000, Results: 18
[LIBGPUSPATIAL] [ 10348][17:58:06:478031][info  ] RTSpatialRefiner 0x765a73d2a220 (Used 0 MB), Loaded Geometries, ProbeArray 100000, Loaded 18, Type Point
[LIBGPUSPATIAL] [ 10348][17:58:06:478118][info  ] RTSpatialRefiner 0x765a73d2a220 (Used 0 MB), Evaluating 18 Geometry Pairs with Predicate Intersects
[LIBGPUSPATIAL] [ 10352][17:58:06:478942][info  ] RTSpatialIndex 0x765a7000a800 (Used 0 MB), Allocate result buffer, memory consumption 0 MB, capacity 21
[LIBGPUSPATIAL] [ 10352][17:58:06:479089][info  ] RTSpatialIndex 0x765a7000a800 (Used 0 MB), Probe Points, Size: 100000, Results: 21
[LIBGPUSPATIAL] [ 10352][17:58:06:479532][info  ] RTSpatialRefiner 0x765a73d2a220 (Used 1 MB), Loaded Geometries, ProbeArray 100000, Loaded 21, Type Point
[LIBGPUSPATIAL] [ 10352][17:58:06:479581][info  ] RTSpatialRefiner 0x765a73d2a220 (Used 0 MB), Evaluating 21 Geometry Pairs with Predicate Intersects
[LIBGPUSPATIAL] [ 10347][17:58:06:480004][info  ] RTSpatialIndex 0x765a7000a800 (Used 0 MB), Allocate result buffer, memory consumption 0 MB, capacity 17
[LIBGPUSPATIAL] [ 10347][17:58:06:480125][info  ] RTSpatialIndex 0x765a7000a800 (Used 0 MB), Probe Points, Size: 100000, Results: 17
[LIBGPUSPATIAL] [ 10347][17:58:06:480410][info  ] RTSpatialRefiner 0x765a73d2a220 (Used 0 MB), Loaded Geometries, ProbeArray 100000, Loaded 17, Type Point
[LIBGPUSPATIAL] [ 10347][17:58:06:480496][info  ] RTSpatialRefiner 0x765a73d2a220 (Used 0 MB), Evaluating 17 Geometry Pairs with Predicate Intersects
[LIBGPUSPATIAL] [ 10350][17:58:06:483912][info  ] RTSpatialIndex 0x765a7000a800 (Used 2 MB), Allocate result buffer, memory consumption 0 MB, capacity 20
[LIBGPUSPATIAL] [ 10350][17:58:06:484061][info  ] RTSpatialIndex 0x765a7000a800 (Used 1 MB), Probe Points, Size: 100000, Results: 20
[LIBGPUSPATIAL] [ 10346][17:58:06:484116][info  ] RTSpatialIndex 0x765a7000a800 (Used 0 MB), Allocate result buffer, memory consumption 0 MB, capacity 21
[LIBGPUSPATIAL] [ 10346][17:58:06:484552][info  ] RTSpatialIndex 0x765a7000a800 (Used 0 MB), Probe Points, Size: 100000, Results: 21
[LIBGPUSPATIAL] [ 10350][17:58:06:484662][info  ] RTSpatialRefiner 0x765a73d2a220 (Used 0 MB), Loaded Geometries, ProbeArray 100000, Loaded 20, Type Point
[LIBGPUSPATIAL] [ 10350][17:58:06:484707][info  ] RTSpatialRefiner 0x765a73d2a220 (Used 0 MB), Evaluating 20 Geometry Pairs with Predicate Intersects
[LIBGPUSPATIAL] [ 10346][17:58:06:484919][info  ] RTSpatialRefiner 0x765a73d2a220 (Used 0 MB), Loaded Geometries, ProbeArray 100000, Loaded 21, Type Point
[LIBGPUSPATIAL] [ 10346][17:58:06:484961][info  ] RTSpatialRefiner 0x765a73d2a220 (Used 0 MB), Evaluating 21 Geometry Pairs with Predicate Intersects
[LIBGPUSPATIAL] [ 10351][17:58:06:487726][info  ] RTSpatialIndex 0x765a7000a800 (Used 0 MB), Allocate result buffer, memory consumption 0 MB, capacity 15
[LIBGPUSPATIAL] [ 10351][17:58:06:488174][info  ] RTSpatialIndex 0x765a7000a800 (Used 4 MB), Probe Points, Size: 100000, Results: 15
[LIBGPUSPATIAL] [ 10349][17:58:06:488524][info  ] RTSpatialIndex 0x765a7000a800 (Used 1 MB), Allocate result buffer, memory consumption 0 MB, capacity 20
[LIBGPUSPATIAL] [ 10345][17:58:06:488551][info  ] RTSpatialIndex 0x765a7000a800 (Used 1 MB), Allocate result buffer, memory consumption 0 MB, capacity 18
[LIBGPUSPATIAL] [ 10349][17:58:06:488876][info  ] RTSpatialIndex 0x765a7000a800 (Used 1 MB), Probe Points, Size: 100000, Results: 20
[LIBGPUSPATIAL] [ 10345][17:58:06:488954][info  ] RTSpatialIndex 0x765a7000a800 (Used 0 MB), Probe Points, Size: 100000, Results: 18
[LIBGPUSPATIAL] [ 10351][17:58:06:489174][info  ] RTSpatialRefiner 0x765a73d2a220 (Used 0 MB), Loaded Geometries, ProbeArray 100000, Loaded 15, Type Point
[LIBGPUSPATIAL] [ 10351][17:58:06:489254][info  ] RTSpatialRefiner 0x765a73d2a220 (Used 0 MB), Evaluating 15 Geometry Pairs with Predicate Intersects
[LIBGPUSPATIAL] [ 10345][17:58:06:490699][info  ] RTSpatialRefiner 0x765a73d2a220 (Used 1 MB), Loaded Geometries, ProbeArray 100000, Loaded 18, Type Point
[LIBGPUSPATIAL] [ 10345][17:58:06:490786][info  ] RTSpatialRefiner 0x765a73d2a220 (Used 1 MB), Evaluating 18 Geometry Pairs with Predicate Intersects
[LIBGPUSPATIAL] [ 10349][17:58:06:491088][info  ] RTSpatialRefiner 0x765a73d2a220 (Used 0 MB), Loaded Geometries, ProbeArray 100000, Loaded 20, Type Point
[LIBGPUSPATIAL] [ 10349][17:58:06:491130][info  ] RTSpatialRefiner 0x765a73d2a220 (Used 0 MB), Evaluating 20 Geometry Pairs with Predicate Intersects
[LIBGPUSPATIAL] [ 10348][17:58:06:491634][info  ] RTSpatialIndex 0x765a7000a800 (Used 0 MB), Allocate result buffer, memory consumption 0 MB, capacity 13
[LIBGPUSPATIAL] [ 10348][17:58:06:492017][info  ] RTSpatialIndex 0x765a7000a800 (Used 0 MB), Probe Points, Size: 100000, Results: 13
[LIBGPUSPATIAL] [ 10348][17:58:06:492450][info  ] RTSpatialRefiner 0x765a73d2a220 (Used 0 MB), Loaded Geometries, ProbeArray 100000, Loaded 13, Type Point
[LIBGPUSPATIAL] [ 10348][17:58:06:492529][info  ] RTSpatialRefiner 0x765a73d2a220 (Used 1 MB), Evaluating 13 Geometry Pairs with Predicate Intersects
[LIBGPUSPATIAL] [ 10352][17:58:06:493883][info  ] RTSpatialIndex 0x765a7000a800 (Used 1 MB), Allocate result buffer, memory consumption 0 MB, capacity 10
[LIBGPUSPATIAL] [ 10347][17:58:06:493947][info  ] RTSpatialIndex 0x765a7000a800 (Used 1 MB), Allocate result buffer, memory consumption 0 MB, capacity 14
[LIBGPUSPATIAL] [ 10352][17:58:06:494320][info  ] RTSpatialIndex 0x765a7000a800 (Used 1 MB), Probe Points, Size: 100000, Results: 10
[LIBGPUSPATIAL] [ 10347][17:58:06:494388][info  ] RTSpatialIndex 0x765a7000a800 (Used 0 MB), Probe Points, Size: 100000, Results: 14
[LIBGPUSPATIAL] [ 10352][17:58:06:496046][info  ] RTSpatialRefiner 0x765a73d2a220 (Used 0 MB), Loaded Geometries, ProbeArray 100000, Loaded 10, Type Point
[LIBGPUSPATIAL] [ 10352][17:58:06:496092][info  ] RTSpatialRefiner 0x765a73d2a220 (Used 0 MB), Evaluating 10 Geometry Pairs with Predicate Intersects
[LIBGPUSPATIAL] [ 10346][17:58:06:497124][info  ] RTSpatialIndex 0x765a7000a800 (Used 0 MB), Allocate result buffer, memory consumption 0 MB, capacity 17
[LIBGPUSPATIAL] [ 10346][17:58:06:497237][info  ] RTSpatialIndex 0x765a7000a800 (Used 0 MB), Probe Points, Size: 100000, Results: 17
[LIBGPUSPATIAL] [ 10347][17:58:06:497637][info  ] RTSpatialRefiner 0x765a73d2a220 (Used 1 MB), Loaded Geometries, ProbeArray 100000, Loaded 14, Type Point
[LIBGPUSPATIAL] [ 10347][17:58:06:497677][info  ] RTSpatialRefiner 0x765a73d2a220 (Used 0 MB), Evaluating 14 Geometry Pairs with Predicate Intersects
[LIBGPUSPATIAL] [ 10350][17:58:06:497941][info  ] RTSpatialIndex 0x765a7000a800 (Used 0 MB), Allocate result buffer, memory consumption 0 MB, capacity 11
[LIBGPUSPATIAL] [ 10346][17:58:06:498279][info  ] RTSpatialRefiner 0x765a73d2a220 (Used 0 MB), Loaded Geometries, ProbeArray 100000, Loaded 17, Type Point
[LIBGPUSPATIAL] [ 10350][17:58:06:498284][info  ] RTSpatialIndex 0x765a7000a800 (Used 0 MB), Probe Points, Size: 100000, Results: 11
[LIBGPUSPATIAL] [ 10346][17:58:06:498327][info  ] RTSpatialRefiner 0x765a73d2a220 (Used 0 MB), Evaluating 17 Geometry Pairs with Predicate Intersects
[LIBGPUSPATIAL] [ 10351][17:58:06:501802][info  ] RTSpatialIndex 0x765a7000a800 (Used 0 MB), Allocate result buffer, memory consumption 0 MB, capacity 17
[LIBGPUSPATIAL] [ 10351][17:58:06:501960][info  ] RTSpatialIndex 0x765a7000a800 (Used 0 MB), Probe Points, Size: 100000, Results: 17
[LIBGPUSPATIAL] [ 10350][17:58:06:502241][info  ] RTSpatialRefiner 0x765a73d2a220 (Used 0 MB), Loaded Geometries, ProbeArray 100000, Loaded 11, Type Point
[LIBGPUSPATIAL] [ 10350][17:58:06:502372][info  ] RTSpatialRefiner 0x765a73d2a220 (Used 0 MB), Evaluating 11 Geometry Pairs with Predicate Intersects
[LIBGPUSPATIAL] [ 10351][17:58:06:502576][info  ] RTSpatialRefiner 0x765a73d2a220 (Used 0 MB), Loaded Geometries, ProbeArray 100000, Loaded 17, Type Point
[LIBGPUSPATIAL] [ 10351][17:58:06:502622][info  ] RTSpatialRefiner 0x765a73d2a220 (Used 0 MB), Evaluating 17 Geometry Pairs with Predicate Intersects
[LIBGPUSPATIAL] [ 10345][17:58:06:503463][info  ] RTSpatialIndex 0x765a7000a800 (Used 0 MB), Allocate result buffer, memory consumption 0 MB, capacity 17
[LIBGPUSPATIAL] [ 10345][17:58:06:503599][info  ] RTSpatialIndex 0x765a7000a800 (Used 0 MB), Probe Points, Size: 100000, Results: 17
[LIBGPUSPATIAL] [ 10349][17:58:06:505102][info  ] RTSpatialIndex 0x765a7000a800 (Used 1 MB), Allocate result buffer, memory consumption 0 MB, capacity 17
[LIBGPUSPATIAL] [ 10348][17:58:06:505174][info  ] RTSpatialIndex 0x765a7000a800 (Used 1 MB), Allocate result buffer, memory consumption 0 MB, capacity 16
[LIBGPUSPATIAL] [ 10349][17:58:06:505323][info  ] RTSpatialIndex 0x765a7000a800 (Used 1 MB), Probe Points, Size: 100000, Results: 17
[LIBGPUSPATIAL] [ 10345][17:58:06:505567][info  ] RTSpatialRefiner 0x765a73d2a220 (Used 0 MB), Loaded Geometries, ProbeArray 100000, Loaded 17, Type Point
[LIBGPUSPATIAL] [ 10348][17:58:06:505590][info  ] RTSpatialIndex 0x765a7000a800 (Used 0 MB), Probe Points, Size: 100000, Results: 16
[LIBGPUSPATIAL] [ 10345][17:58:06:505712][info  ] RTSpatialRefiner 0x765a73d2a220 (Used 0 MB), Evaluating 17 Geometry Pairs with Predicate Intersects
[LIBGPUSPATIAL] [ 10349][17:58:06:506687][info  ] RTSpatialRefiner 0x765a73d2a220 (Used 0 MB), Loaded Geometries, ProbeArray 100000, Loaded 17, Type Point
[LIBGPUSPATIAL] [ 10349][17:58:06:506730][info  ] RTSpatialRefiner 0x765a73d2a220 (Used 0 MB), Evaluating 17 Geometry Pairs with Predicate Intersects
[LIBGPUSPATIAL] [ 10348][17:58:06:508509][info  ] RTSpatialRefiner 0x765a73d2a220 (Used 1 MB), Loaded Geometries, ProbeArray 100000, Loaded 16, Type Point
[LIBGPUSPATIAL] [ 10348][17:58:06:508706][info  ] RTSpatialRefiner 0x765a73d2a220 (Used 1 MB), Evaluating 16 Geometry Pairs with Predicate Intersects
[LIBGPUSPATIAL] [ 10352][17:58:06:509143][info  ] RTSpatialIndex 0x765a7000a800 (Used 0 MB), Allocate result buffer, memory consumption 0 MB, capacity 11
[LIBGPUSPATIAL] [ 10352][17:58:06:509536][info  ] RTSpatialIndex 0x765a7000a800 (Used 2 MB), Probe Points, Size: 100000, Results: 11
[LIBGPUSPATIAL] [ 10347][17:58:06:509991][info  ] RTSpatialIndex 0x765a7000a800 (Used 0 MB), Allocate result buffer, memory consumption 0 MB, capacity 10
[LIBGPUSPATIAL] [ 10347][17:58:06:510218][info  ] RTSpatialIndex 0x765a7000a800 (Used 0 MB), Probe Points, Size: 100000, Results: 10
[LIBGPUSPATIAL] [ 10352][17:58:06:510525][info  ] RTSpatialRefiner 0x765a73d2a220 (Used 0 MB), Loaded Geometries, ProbeArray 100000, Loaded 11, Type Point
[LIBGPUSPATIAL] [ 10352][17:58:06:510567][info  ] RTSpatialRefiner 0x765a73d2a220 (Used 0 MB), Evaluating 11 Geometry Pairs with Predicate Intersects
[LIBGPUSPATIAL] [ 10347][17:58:06:510650][info  ] RTSpatialRefiner 0x765a73d2a220 (Used 0 MB), Loaded Geometries, ProbeArray 100000, Loaded 10, Type Point
[LIBGPUSPATIAL] [ 10347][17:58:06:510689][info  ] RTSpatialRefiner 0x765a73d2a220 (Used 0 MB), Evaluating 10 Geometry Pairs with Predicate Intersects
[LIBGPUSPATIAL] [ 10346][17:58:06:511669][info  ] RTSpatialIndex 0x765a7000a800 (Used 0 MB), Allocate result buffer, memory consumption 0 MB, capacity 13
[LIBGPUSPATIAL] [ 10346][17:58:06:511830][info  ] RTSpatialIndex 0x765a7000a800 (Used 0 MB), Probe Points, Size: 100000, Results: 13
[LIBGPUSPATIAL] [ 10346][17:58:06:513249][info  ] RTSpatialRefiner 0x765a73d2a220 (Used 0 MB), Loaded Geometries, ProbeArray 100000, Loaded 13, Type Point
[LIBGPUSPATIAL] [ 10346][17:58:06:513314][info  ] RTSpatialRefiner 0x765a73d2a220 (Used 0 MB), Evaluating 13 Geometry Pairs with Predicate Intersects
[LIBGPUSPATIAL] [ 10351][17:58:06:516472][info  ] RTSpatialIndex 0x765a7000a800 (Used 1 MB), Allocate result buffer, memory consumption 0 MB, capacity 11
[LIBGPUSPATIAL] [ 10350][17:58:06:516551][info  ] RTSpatialIndex 0x765a7000a800 (Used 1 MB), Allocate result buffer, memory consumption 0 MB, capacity 23
[LIBGPUSPATIAL] [ 10351][17:58:06:516689][info  ] RTSpatialIndex 0x765a7000a800 (Used 1 MB), Probe Points, Size: 100000, Results: 11
[LIBGPUSPATIAL] [ 10350][17:58:06:516802][info  ] RTSpatialIndex 0x765a7000a800 (Used 0 MB), Probe Points, Size: 100000, Results: 23
[LIBGPUSPATIAL] [ 10350][17:58:06:517216][info  ] RTSpatialRefiner 0x765a73d2a220 (Used 0 MB), Loaded Geometries, ProbeArray 100000, Loaded 23, Type Point
[LIBGPUSPATIAL] [ 10351][17:58:06:517257][info  ] RTSpatialRefiner 0x765a73d2a220 (Used 0 MB), Loaded Geometries, ProbeArray 100000, Loaded 11, Type Point
[LIBGPUSPATIAL] [ 10350][17:58:06:517262][info  ] RTSpatialRefiner 0x765a73d2a220 (Used 0 MB), Evaluating 23 Geometry Pairs with Predicate Intersects
[LIBGPUSPATIAL] [ 10351][17:58:06:517294][info  ] RTSpatialRefiner 0x765a73d2a220 (Used 0 MB), Evaluating 11 Geometry Pairs with Predicate Intersects
[LIBGPUSPATIAL] [ 10345][17:58:06:518832][info  ] RTSpatialIndex 0x765a7000a800 (Used 0 MB), Allocate result buffer, memory consumption 0 MB, capacity 9
[LIBGPUSPATIAL] [ 10345][17:58:06:519015][info  ] RTSpatialIndex 0x765a7000a800 (Used 0 MB), Probe Points, Size: 100000, Results: 9
[LIBGPUSPATIAL] [ 10345][17:58:06:519404][info  ] RTSpatialRefiner 0x765a73d2a220 (Used 1 MB), Loaded Geometries, ProbeArray 100000, Loaded 9, Type Point
[LIBGPUSPATIAL] [ 10345][17:58:06:519454][info  ] RTSpatialRefiner 0x765a73d2a220 (Used 0 MB), Evaluating 9 Geometry Pairs with Predicate Intersects
[LIBGPUSPATIAL] [ 10349][17:58:06:519520][info  ] RTSpatialIndex 0x765a7000a800 (Used 0 MB), Allocate result buffer, memory consumption 0 MB, capacity 16
[LIBGPUSPATIAL] [ 10349][17:58:06:519926][info  ] RTSpatialIndex 0x765a7000a800 (Used 0 MB), Probe Points, Size: 100000, Results: 16
[LIBGPUSPATIAL] [ 10349][17:58:06:521039][info  ] RTSpatialRefiner 0x765a73d2a220 (Used 0 MB), Loaded Geometries, ProbeArray 100000, Loaded 16, Type Point
[LIBGPUSPATIAL] [ 10349][17:58:06:521084][info  ] RTSpatialRefiner 0x765a73d2a220 (Used 0 MB), Evaluating 16 Geometry Pairs with Predicate Intersects
[LIBGPUSPATIAL] [ 10348][17:58:06:522535][info  ] RTSpatialIndex 0x765a7000a800 (Used 0 MB), Allocate result buffer, memory consumption 0 MB, capacity 15
[LIBGPUSPATIAL] [ 10348][17:58:06:522652][info  ] RTSpatialIndex 0x765a7000a800 (Used 0 MB), Probe Points, Size: 100000, Results: 15
[LIBGPUSPATIAL] [ 10352][17:58:06:523227][info  ] RTSpatialIndex 0x765a7000a800 (Used 0 MB), Allocate result buffer, memory consumption 0 MB, capacity 20
[LIBGPUSPATIAL] [ 10352][17:58:06:523341][info  ] RTSpatialIndex 0x765a7000a800 (Used 0 MB), Probe Points, Size: 100000, Results: 20
[LIBGPUSPATIAL] [ 10347][17:58:06:523862][info  ] RTSpatialIndex 0x765a7000a800 (Used 0 MB), Allocate result buffer, memory consumption 0 MB, capacity 20
[LIBGPUSPATIAL] [ 10348][17:58:06:524036][info  ] RTSpatialRefiner 0x765a73d2a220 (Used 0 MB), Loaded Geometries, ProbeArray 100000, Loaded 15, Type Point
[LIBGPUSPATIAL] [ 10348][17:58:06:524117][info  ] RTSpatialRefiner 0x765a73d2a220 (Used 0 MB), Evaluating 15 Geometry Pairs with Predicate Intersects
[LIBGPUSPATIAL] [ 10352][17:58:06:524259][info  ] RTSpatialRefiner 0x765a73d2a220 (Used 0 MB), Loaded Geometries, ProbeArray 100000, Loaded 20, Type Point
[LIBGPUSPATIAL] [ 10347][17:58:06:524267][info  ] RTSpatialIndex 0x765a7000a800 (Used 0 MB), Probe Points, Size: 100000, Results: 20
[LIBGPUSPATIAL] [ 10352][17:58:06:524300][info  ] RTSpatialRefiner 0x765a73d2a220 (Used 0 MB), Evaluating 20 Geometry Pairs with Predicate Intersects
[LIBGPUSPATIAL] [ 10347][17:58:06:524658][info  ] RTSpatialRefiner 0x765a73d2a220 (Used 0 MB), Loaded Geometries, ProbeArray 100000, Loaded 20, Type Point
[LIBGPUSPATIAL] [ 10347][17:58:06:524710][info  ] RTSpatialRefiner 0x765a73d2a220 (Used 0 MB), Evaluating 20 Geometry Pairs with Predicate Intersects
[LIBGPUSPATIAL] [ 10346][17:58:06:528025][info  ] RTSpatialIndex 0x765a7000a800 (Used 0 MB), Allocate result buffer, memory consumption 0 MB, capacity 23
[LIBGPUSPATIAL] [ 10346][17:58:06:528161][info  ] RTSpatialIndex 0x765a7000a800 (Used 0 MB), Probe Points, Size: 100000, Results: 23
[LIBGPUSPATIAL] [ 10346][17:58:06:528593][info  ] RTSpatialRefiner 0x765a73d2a220 (Used 0 MB), Loaded Geometries, ProbeArray 100000, Loaded 23, Type Point
[LIBGPUSPATIAL] [ 10346][17:58:06:528640][info  ] RTSpatialRefiner 0x765a73d2a220 (Used 0 MB), Evaluating 23 Geometry Pairs with Predicate Intersects
[LIBGPUSPATIAL] [ 10350][17:58:06:530930][info  ] RTSpatialIndex 0x765a7000a800 (Used 1 MB), Allocate result buffer, memory consumption 0 MB, capacity 13
[LIBGPUSPATIAL] [ 10351][17:58:06:531005][info  ] RTSpatialIndex 0x765a7000a800 (Used 1 MB), Allocate result buffer, memory consumption 0 MB, capacity 17
[LIBGPUSPATIAL] [ 10350][17:58:06:531173][info  ] RTSpatialIndex 0x765a7000a800 (Used 1 MB), Probe Points, Size: 100000, Results: 13
[LIBGPUSPATIAL] [ 10351][17:58:06:531349][info  ] RTSpatialIndex 0x765a7000a800 (Used 0 MB), Probe Points, Size: 100000, Results: 17
[LIBGPUSPATIAL] [ 10350][17:58:06:532054][info  ] RTSpatialRefiner 0x765a73d2a220 (Used 0 MB), Loaded Geometries, ProbeArray 100000, Loaded 13, Type Point
[LIBGPUSPATIAL] [ 10351][17:58:06:532105][info  ] RTSpatialRefiner 0x765a73d2a220 (Used 0 MB), Loaded Geometries, ProbeArray 100000, Loaded 17, Type Point
[LIBGPUSPATIAL] [ 10350][17:58:06:532111][info  ] RTSpatialRefiner 0x765a73d2a220 (Used 0 MB), Evaluating 13 Geometry Pairs with Predicate Intersects
[LIBGPUSPATIAL] [ 10351][17:58:06:532152][info  ] RTSpatialRefiner 0x765a73d2a220 (Used 0 MB), Evaluating 17 Geometry Pairs with Predicate Intersects
[LIBGPUSPATIAL] [ 10345][17:58:06:533082][info  ] RTSpatialIndex 0x765a7000a800 (Used 1 MB), Allocate result buffer, memory consumption 0 MB, capacity 14
[LIBGPUSPATIAL] [ 10345][17:58:06:533484][info  ] RTSpatialIndex 0x765a7000a800 (Used 0 MB), Probe Points, Size: 100000, Results: 14
[LIBGPUSPATIAL] [ 10349][17:58:06:534114][info  ] RTSpatialIndex 0x765a7000a800 (Used 0 MB), Allocate result buffer, memory consumption 0 MB, capacity 16
[LIBGPUSPATIAL] [ 10349][17:58:06:534271][info  ] RTSpatialIndex 0x765a7000a800 (Used 0 MB), Probe Points, Size: 100000, Results: 16
[LIBGPUSPATIAL] [ 10345][17:58:06:534468][info  ] RTSpatialRefiner 0x765a73d2a220 (Used 0 MB), Loaded Geometries, ProbeArray 100000, Loaded 14, Type Point
[LIBGPUSPATIAL] [ 10345][17:58:06:534550][info  ] RTSpatialRefiner 0x765a73d2a220 (Used 0 MB), Evaluating 14 Geometry Pairs with Predicate Intersects
[LIBGPUSPATIAL] [ 10349][17:58:06:535982][info  ] RTSpatialRefiner 0x765a73d2a220 (Used 0 MB), Loaded Geometries, ProbeArray 100000, Loaded 16, Type Point
[LIBGPUSPATIAL] [ 10349][17:58:06:536029][info  ] RTSpatialRefiner 0x765a73d2a220 (Used 0 MB), Evaluating 16 Geometry Pairs with Predicate Intersects
[LIBGPUSPATIAL] [ 10348][17:58:06:537328][info  ] RTSpatialIndex 0x765a7000a800 (Used 0 MB), Allocate result buffer, memory consumption 0 MB, capacity 19
[LIBGPUSPATIAL] [ 10348][17:58:06:537472][info  ] RTSpatialIndex 0x765a7000a800 (Used 0 MB), Probe Points, Size: 100000, Results: 19
[LIBGPUSPATIAL] [ 10352][17:58:06:537991][info  ] RTSpatialIndex 0x765a7000a800 (Used 0 MB), Allocate result buffer, memory consumption 0 MB, capacity 16
[LIBGPUSPATIAL] [ 10352][17:58:06:538097][info  ] RTSpatialIndex 0x765a7000a800 (Used 0 MB), Probe Points, Size: 100000, Results: 16
[LIBGPUSPATIAL] [ 10347][17:58:06:538444][info  ] RTSpatialIndex 0x765a7000a800 (Used 0 MB), Allocate result buffer, memory consumption 0 MB, capacity 8
[LIBGPUSPATIAL] [ 10347][17:58:06:538530][info  ] RTSpatialIndex 0x765a7000a800 (Used 0 MB), Probe Points, Size: 100000, Results: 8
[LIBGPUSPATIAL] [ 10348][17:58:06:539027][info  ] RTSpatialRefiner 0x765a73d2a220 (Used 0 MB), Loaded Geometries, ProbeArray 100000, Loaded 19, Type Point
[LIBGPUSPATIAL] [ 10348][17:58:06:539078][info  ] RTSpatialRefiner 0x765a73d2a220 (Used 0 MB), Evaluating 19 Geometry Pairs with Predicate Intersects
[LIBGPUSPATIAL] [ 10352][17:58:06:539145][info  ] RTSpatialRefiner 0x765a73d2a220 (Used 0 MB), Loaded Geometries, ProbeArray 100000, Loaded 16, Type Point
[LIBGPUSPATIAL] [ 10352][17:58:06:539187][info  ] RTSpatialRefiner 0x765a73d2a220 (Used 0 MB), Evaluating 16 Geometry Pairs with Predicate Intersects
[LIBGPUSPATIAL] [ 10347][17:58:06:539818][info  ] RTSpatialRefiner 0x765a73d2a220 (Used 0 MB), Loaded Geometries, ProbeArray 100000, Loaded 8, Type Point
[LIBGPUSPATIAL] [ 10347][17:58:06:539894][info  ] RTSpatialRefiner 0x765a73d2a220 (Used 0 MB), Evaluating 8 Geometry Pairs with Predicate Intersects
[LIBGPUSPATIAL] [ 10346][17:58:06:541994][info  ] RTSpatialIndex 0x765a7000a800 (Used 0 MB), Allocate result buffer, memory consumption 0 MB, capacity 12
[LIBGPUSPATIAL] [ 10346][17:58:06:542102][info  ] RTSpatialIndex 0x765a7000a800 (Used 0 MB), Probe Points, Size: 100000, Results: 12
[LIBGPUSPATIAL] [ 10346][17:58:06:542470][info  ] RTSpatialRefiner 0x765a73d2a220 (Used 0 MB), Loaded Geometries, ProbeArray 100000, Loaded 12, Type Point
[LIBGPUSPATIAL] [ 10346][17:58:06:542644][info  ] RTSpatialRefiner 0x765a73d2a220 (Used 0 MB), Evaluating 12 Geometry Pairs with Predicate Intersects
[LIBGPUSPATIAL] [ 10348][17:58:06:544147][info  ] RTSpatialIndex 0x765a7000a800 (Used 0 MB), Allocate result buffer, memory consumption 0 MB, capacity 3
[LIBGPUSPATIAL] [ 10348][17:58:06:544669][info  ] RTSpatialIndex 0x765a7000a800 (Used 0 MB), Probe Points, Size: 33333, Results: 3
[LIBGPUSPATIAL] [ 10352][17:58:06:544731][info  ] RTSpatialIndex 0x765a7000a800 (Used 0 MB), Allocate result buffer, memory consumption 0 MB, capacity 7
[LIBGPUSPATIAL] [ 10352][17:58:06:545162][info  ] RTSpatialIndex 0x765a7000a800 (Used 0 MB), Probe Points, Size: 33333, Results: 7
[LIBGPUSPATIAL] [ 10348][17:58:06:545288][info  ] RTSpatialRefiner 0x765a73d2a220 (Used 0 MB), Loaded Geometries, ProbeArray 33333, Loaded 3, Type Point
[LIBGPUSPATIAL] [ 10348][17:58:06:545332][info  ] RTSpatialRefiner 0x765a73d2a220 (Used 0 MB), Evaluating 3 Geometry Pairs with Predicate Intersects
[LIBGPUSPATIAL] [ 10351][17:58:06:545982][info  ] RTSpatialIndex 0x765a7000a800 (Used 0 MB), Allocate result buffer, memory consumption 0 MB, capacity 13
[LIBGPUSPATIAL] [ 10352][17:58:06:546040][info  ] RTSpatialRefiner 0x765a73d2a220 (Used 0 MB), Loaded Geometries, ProbeArray 33333, Loaded 7, Type Point
[LIBGPUSPATIAL] [ 10352][17:58:06:546106][info  ] RTSpatialRefiner 0x765a73d2a220 (Used 2 MB), Evaluating 7 Geometry Pairs with Predicate Intersects
[LIBGPUSPATIAL] [ 10351][17:58:06:546114][info  ] RTSpatialIndex 0x765a7000a800 (Used 2 MB), Probe Points, Size: 100000, Results: 13
[LIBGPUSPATIAL] [ 10350][17:58:06:546647][info  ] RTSpatialIndex 0x765a7000a800 (Used 0 MB), Allocate result buffer, memory consumption 0 MB, capacity 12
[LIBGPUSPATIAL] [ 10351][17:58:06:546856][info  ] RTSpatialRefiner 0x765a73d2a220 (Used 0 MB), Loaded Geometries, ProbeArray 100000, Loaded 13, Type Point
[LIBGPUSPATIAL] [ 10351][17:58:06:547953][info  ] RTSpatialRefiner 0x765a73d2a220 (Used 1 MB), Evaluating 13 Geometry Pairs with Predicate Intersects
[LIBGPUSPATIAL] [ 10350][17:58:06:548030][info  ] RTSpatialIndex 0x765a7000a800 (Used 1 MB), Probe Points, Size: 100000, Results: 12
[LIBGPUSPATIAL] [ 10346][17:58:06:548684][info  ] RTSpatialIndex 0x765a7000a800 (Used 1 MB), Allocate result buffer, memory consumption 0 MB, capacity 10
[LIBGPUSPATIAL] [ 10350][17:58:06:548944][info  ] RTSpatialRefiner 0x765a73d2a220 (Used 2 MB), Loaded Geometries, ProbeArray 100000, Loaded 12, Type Point
[LIBGPUSPATIAL] [ 10349][17:58:06:548982][info  ] RTSpatialIndex 0x765a7000a800 (Used 2 MB), Allocate result buffer, memory consumption 0 MB, capacity 11
[LIBGPUSPATIAL] [ 10350][17:58:06:549019][info  ] RTSpatialRefiner 0x765a73d2a220 (Used 2 MB), Evaluating 12 Geometry Pairs with Predicate Intersects
[LIBGPUSPATIAL] [ 10345][17:58:06:549481][info  ] RTSpatialIndex 0x765a7000a800 (Used 1 MB), Allocate result buffer, memory consumption 0 MB, capacity 11
[LIBGPUSPATIAL] [ 10346][17:58:06:549768][info  ] RTSpatialIndex 0x765a7000a800 (Used 1 MB), Probe Points, Size: 33333, Results: 10
[LIBGPUSPATIAL] [ 10349][17:58:06:549984][info  ] RTSpatialIndex 0x765a7000a800 (Used 1 MB), Probe Points, Size: 100000, Results: 11
[LIBGPUSPATIAL] [ 10345][17:58:06:550299][info  ] RTSpatialIndex 0x765a7000a800 (Used 0 MB), Probe Points, Size: 100000, Results: 11
[LIBGPUSPATIAL] [ 10349][17:58:06:551213][info  ] RTSpatialRefiner 0x765a73d2a220 (Used 0 MB), Loaded Geometries, ProbeArray 100000, Loaded 11, Type Point
[LIBGPUSPATIAL] [ 10349][17:58:06:551268][info  ] RTSpatialRefiner 0x765a73d2a220 (Used 0 MB), Evaluating 11 Geometry Pairs with Predicate Intersects
[LIBGPUSPATIAL] [ 10345][17:58:06:552021][info  ] RTSpatialRefiner 0x765a73d2a220 (Used 0 MB), Loaded Geometries, ProbeArray 100000, Loaded 11, Type Point
[LIBGPUSPATIAL] [ 10346][17:58:06:552052][info  ] RTSpatialRefiner 0x765a73d2a220 (Used 0 MB), Loaded Geometries, ProbeArray 33333, Loaded 10, Type Point
[LIBGPUSPATIAL] [ 10345][17:58:06:552067][info  ] RTSpatialRefiner 0x765a73d2a220 (Used 0 MB), Evaluating 11 Geometry Pairs with Predicate Intersects
[LIBGPUSPATIAL] [ 10346][17:58:06:552124][info  ] RTSpatialRefiner 0x765a73d2a220 (Used 0 MB), Evaluating 10 Geometry Pairs with Predicate Intersects
[LIBGPUSPATIAL] [ 10347][17:58:06:552704][info  ] RTSpatialIndex 0x765a7000a800 (Used 1 MB), Allocate result buffer, memory consumption 0 MB, capacity 16
[LIBGPUSPATIAL] [ 10347][17:58:06:553634][info  ] RTSpatialIndex 0x765a7000a800 (Used 1 MB), Probe Points, Size: 100000, Results: 16
[LIBGPUSPATIAL] [ 10351][17:58:06:554125][info  ] RTSpatialIndex 0x765a7000a800 (Used 0 MB), Allocate result buffer, memory consumption 0 MB, capacity 7
[LIBGPUSPATIAL] [ 10351][17:58:06:554262][info  ] RTSpatialIndex 0x765a7000a800 (Used 0 MB), Probe Points, Size: 33333, Results: 7
[LIBGPUSPATIAL] [ 10347][17:58:06:555127][info  ] RTSpatialRefiner 0x765a73d2a220 (Used 0 MB), Loaded Geometries, ProbeArray 100000, Loaded 16, Type Point
[LIBGPUSPATIAL] [ 10351][17:58:06:555133][info  ] RTSpatialRefiner 0x765a73d2a220 (Used 0 MB), Loaded Geometries, ProbeArray 33333, Loaded 7, Type Point
[LIBGPUSPATIAL] [ 10347][17:58:06:555313][info  ] RTSpatialRefiner 0x765a73d2a220 (Used 0 MB), Evaluating 16 Geometry Pairs with Predicate Intersects
[LIBGPUSPATIAL] [ 10351][17:58:06:555339][info  ] RTSpatialRefiner 0x765a73d2a220 (Used 0 MB), Evaluating 7 Geometry Pairs with Predicate Intersects
[LIBGPUSPATIAL] [ 10350][17:58:06:556603][info  ] RTSpatialIndex 0x765a7000a800 (Used 0 MB), Allocate result buffer, memory consumption 0 MB, capacity 6
[LIBGPUSPATIAL] [ 10350][17:58:06:557073][info  ] RTSpatialIndex 0x765a7000a800 (Used 0 MB), Probe Points, Size: 33333, Results: 6
[LIBGPUSPATIAL] [ 10349][17:58:06:557127][info  ] RTSpatialIndex 0x765a7000a800 (Used 0 MB), Allocate result buffer, memory consumption 0 MB, capacity 6
[LIBGPUSPATIAL] [ 10349][17:58:06:557542][info  ] RTSpatialIndex 0x765a7000a800 (Used 0 MB), Probe Points, Size: 33333, Results: 6
[LIBGPUSPATIAL] [ 10345][17:58:06:558374][info  ] RTSpatialIndex 0x765a7000a800 (Used 0 MB), Allocate result buffer, memory consumption 0 MB, capacity 10
[LIBGPUSPATIAL] [ 10345][17:58:06:558488][info  ] RTSpatialIndex 0x765a7000a800 (Used 0 MB), Probe Points, Size: 33333, Results: 10
[LIBGPUSPATIAL] [ 10350][17:58:06:558856][info  ] RTSpatialRefiner 0x765a73d2a220 (Used 0 MB), Loaded Geometries, ProbeArray 33333, Loaded 6, Type Point
[LIBGPUSPATIAL] [ 10350][17:58:06:558919][info  ] RTSpatialRefiner 0x765a73d2a220 (Used 0 MB), Evaluating 6 Geometry Pairs with Predicate Intersects
[LIBGPUSPATIAL] [ 10345][17:58:06:559211][info  ] RTSpatialRefiner 0x765a73d2a220 (Used 0 MB), Loaded Geometries, ProbeArray 33333, Loaded 10, Type Point
[LIBGPUSPATIAL] [ 10345][17:58:06:559247][info  ] RTSpatialRefiner 0x765a73d2a220 (Used 0 MB), Evaluating 10 Geometry Pairs with Predicate Intersects
[LIBGPUSPATIAL] [ 10349][17:58:06:559284][info  ] RTSpatialRefiner 0x765a73d2a220 (Used 0 MB), Loaded Geometries, ProbeArray 33333, Loaded 6, Type Point
[LIBGPUSPATIAL] [ 10349][17:58:06:559324][info  ] RTSpatialRefiner 0x765a73d2a220 (Used 0 MB), Evaluating 6 Geometry Pairs with Predicate Intersects
[LIBGPUSPATIAL] [ 10347][17:58:06:561343][info  ] RTSpatialIndex 0x765a7000a800 (Used 0 MB), Allocate result buffer, memory consumption 0 MB, capacity 7
[LIBGPUSPATIAL] [ 10347][17:58:06:561493][info  ] RTSpatialIndex 0x765a7000a800 (Used 0 MB), Probe Points, Size: 33333, Results: 7
[LIBGPUSPATIAL] [ 10348][17:58:06:562201][info  ] RTSpatialIndex 0x765a7000a800 (Used 0 MB), Allocate result buffer, memory consumption 0 MB, capacity 12
[LIBGPUSPATIAL] [ 10348][17:58:06:562361][info  ] RTSpatialIndex 0x765a7000a800 (Used 0 MB), Probe Points, Size: 100000, Results: 12
[LIBGPUSPATIAL] [ 10347][17:58:06:562688][info  ] RTSpatialRefiner 0x765a73d2a220 (Used 0 MB), Loaded Geometries, ProbeArray 33333, Loaded 7, Type Point
[LIBGPUSPATIAL] [ 10347][17:58:06:562732][info  ] RTSpatialRefiner 0x765a73d2a220 (Used 0 MB), Evaluating 7 Geometry Pairs with Predicate Intersects
[LIBGPUSPATIAL] [ 10348][17:58:06:562869][info  ] RTSpatialRefiner 0x765a73d2a220 (Used 0 MB), Loaded Geometries, ProbeArray 100000, Loaded 12, Type Point
[LIBGPUSPATIAL] [ 10348][17:58:06:562913][info  ] RTSpatialRefiner 0x765a73d2a220 (Used 0 MB), Evaluating 12 Geometry Pairs with Predicate Intersects
[LIBGPUSPATIAL] [ 10346][17:58:06:568737][info  ] RTSpatialIndex 0x765a7000a800 (Used 0 MB), Allocate result buffer, memory consumption 0 MB, capacity 15
[LIBGPUSPATIAL] [ 10346][17:58:06:568918][info  ] RTSpatialIndex 0x765a7000a800 (Used 0 MB), Probe Points, Size: 100000, Results: 15
[LIBGPUSPATIAL] [ 10351][17:58:06:570289][info  ] RTSpatialIndex 0x765a7000a800 (Used 0 MB), Allocate result buffer, memory consumption 0 MB, capacity 16
[LIBGPUSPATIAL] [ 10346][17:58:06:570359][info  ] RTSpatialRefiner 0x765a73d2a220 (Used 0 MB), Loaded Geometries, ProbeArray 100000, Loaded 15, Type Point
[LIBGPUSPATIAL] [ 10346][17:58:06:570414][info  ] RTSpatialRefiner 0x765a73d2a220 (Used 0 MB), Evaluating 15 Geometry Pairs with Predicate Intersects
[LIBGPUSPATIAL] [ 10351][17:58:06:570421][info  ] RTSpatialIndex 0x765a7000a800 (Used 0 MB), Probe Points, Size: 100000, Results: 16
[LIBGPUSPATIAL] [ 10352][17:58:06:572119][info  ] RTSpatialIndex 0x765a7000a800 (Used 0 MB), Allocate result buffer, memory consumption 0 MB, capacity 14
[LIBGPUSPATIAL] [ 10352][17:58:06:572254][info  ] RTSpatialIndex 0x765a7000a800 (Used 0 MB), Probe Points, Size: 100000, Results: 14
[LIBGPUSPATIAL] [ 10351][17:58:06:576411][info  ] RTSpatialRefiner 0x765a73d2a220 (Used 0 MB), Loaded Geometries, ProbeArray 100000, Loaded 16, Type Point
[LIBGPUSPATIAL] [ 10352][17:58:06:576463][info  ] RTSpatialRefiner 0x765a73d2a220 (Used 0 MB), Loaded Geometries, ProbeArray 100000, Loaded 14, Type Point
[LIBGPUSPATIAL] [ 10351][17:58:06:576470][info  ] RTSpatialRefiner 0x765a73d2a220 (Used 0 MB), Evaluating 16 Geometry Pairs with Predicate Intersects
[LIBGPUSPATIAL] [ 10352][17:58:06:576498][info  ] RTSpatialRefiner 0x765a73d2a220 (Used 0 MB), Evaluating 14 Geometry Pairs with Predicate Intersects
[LIBGPUSPATIAL] [ 10348][17:58:06:577538][info  ] RTSpatialIndex 0x765a7000a800 (Used 0 MB), Allocate result buffer, memory consumption 0 MB, capacity 19
[LIBGPUSPATIAL] [ 10348][17:58:06:577856][info  ] RTSpatialIndex 0x765a7000a800 (Used 0 MB), Probe Points, Size: 100000, Results: 19
[LIBGPUSPATIAL] [ 10348][17:58:06:578366][info  ] RTSpatialRefiner 0x765a73d2a220 (Used 0 MB), Loaded Geometries, ProbeArray 100000, Loaded 19, Type Point
[LIBGPUSPATIAL] [ 10348][17:58:06:578485][info  ] RTSpatialRefiner 0x765a73d2a220 (Used 0 MB), Evaluating 19 Geometry Pairs with Predicate Intersects
[LIBGPUSPATIAL] [ 10349][17:58:06:581021][info  ] RTSpatialIndex 0x765a7000a800 (Used 0 MB), Allocate result buffer, memory consumption 0 MB, capacity 18
[LIBGPUSPATIAL] [ 10349][17:58:06:581180][info  ] RTSpatialIndex 0x765a7000a800 (Used 2 MB), Probe Points, Size: 100000, Results: 18
[LIBGPUSPATIAL] [ 10347][17:58:06:581746][info  ] RTSpatialIndex 0x765a7000a800 (Used 0 MB), Allocate result buffer, memory consumption 0 MB, capacity 10
[LIBGPUSPATIAL] [ 10347][17:58:06:581888][info  ] RTSpatialIndex 0x765a7000a800 (Used 0 MB), Probe Points, Size: 100000, Results: 10
[LIBGPUSPATIAL] [ 10349][17:58:06:582113][info  ] RTSpatialRefiner 0x765a73d2a220 (Used 0 MB), Loaded Geometries, ProbeArray 100000, Loaded 18, Type Point
[LIBGPUSPATIAL] [ 10349][17:58:06:582164][info  ] RTSpatialRefiner 0x765a73d2a220 (Used 0 MB), Evaluating 18 Geometry Pairs with Predicate Intersects
[LIBGPUSPATIAL] [ 10347][17:58:06:582513][info  ] RTSpatialRefiner 0x765a73d2a220 (Used 0 MB), Loaded Geometries, ProbeArray 100000, Loaded 10, Type Point
[LIBGPUSPATIAL] [ 10347][17:58:06:582628][info  ] RTSpatialRefiner 0x765a73d2a220 (Used 0 MB), Evaluating 10 Geometry Pairs with Predicate Intersects
[LIBGPUSPATIAL] [ 10346][17:58:06:584029][info  ] RTSpatialIndex 0x765a7000a800 (Used 2 MB), Allocate result buffer, memory consumption 0 MB, capacity 12
[LIBGPUSPATIAL] [ 10346][17:58:06:584919][info  ] RTSpatialIndex 0x765a7000a800 (Used 2 MB), Probe Points, Size: 100000, Results: 12
[LIBGPUSPATIAL] [ 10350][17:58:06:585029][info  ] RTSpatialIndex 0x765a7000a800 (Used 1 MB), Allocate result buffer, memory consumption 0 MB, capacity 9
[LIBGPUSPATIAL] [ 10345][17:58:06:585081][info  ] RTSpatialIndex 0x765a7000a800 (Used 1 MB), Allocate result buffer, memory consumption 0 MB, capacity 12
[LIBGPUSPATIAL] [ 10350][17:58:06:585453][info  ] RTSpatialIndex 0x765a7000a800 (Used 1 MB), Probe Points, Size: 100000, Results: 9
[LIBGPUSPATIAL] [ 10345][17:58:06:585505][info  ] RTSpatialIndex 0x765a7000a800 (Used 0 MB), Probe Points, Size: 100000, Results: 12
[LIBGPUSPATIAL] [ 10346][17:58:06:585978][info  ] RTSpatialRefiner 0x765a73d2a220 (Used 0 MB), Loaded Geometries, ProbeArray 100000, Loaded 12, Type Point
[LIBGPUSPATIAL] [ 10346][17:58:06:586025][info  ] RTSpatialRefiner 0x765a73d2a220 (Used 0 MB), Evaluating 12 Geometry Pairs with Predicate Intersects
[LIBGPUSPATIAL] [ 10350][17:58:06:588054][info  ] RTSpatialRefiner 0x765a73d2a220 (Used 0 MB), Loaded Geometries, ProbeArray 100000, Loaded 9, Type Point
[LIBGPUSPATIAL] [ 10345][17:58:06:588106][info  ] RTSpatialRefiner 0x765a73d2a220 (Used 0 MB), Loaded Geometries, ProbeArray 100000, Loaded 12, Type Point
[LIBGPUSPATIAL] [ 10350][17:58:06:588110][info  ] RTSpatialRefiner 0x765a73d2a220 (Used 0 MB), Evaluating 9 Geometry Pairs with Predicate Intersects
[LIBGPUSPATIAL] [ 10345][17:58:06:588145][info  ] RTSpatialRefiner 0x765a73d2a220 (Used 0 MB), Evaluating 12 Geometry Pairs with Predicate Intersects
[LIBGPUSPATIAL] [ 10351][17:58:06:590074][info  ] RTSpatialIndex 0x765a7000a800 (Used 0 MB), Allocate result buffer, memory consumption 0 MB, capacity 13
[LIBGPUSPATIAL] [ 10351][17:58:06:590193][info  ] RTSpatialIndex 0x765a7000a800 (Used 0 MB), Probe Points, Size: 100000, Results: 13
[LIBGPUSPATIAL] [ 10351][17:58:06:591166][info  ] RTSpatialRefiner 0x765a73d2a220 (Used 0 MB), Loaded Geometries, ProbeArray 100000, Loaded 13, Type Point
[LIBGPUSPATIAL] [ 10351][17:58:06:591234][info  ] RTSpatialRefiner 0x765a73d2a220 (Used 0 MB), Evaluating 13 Geometry Pairs with Predicate Intersects
[LIBGPUSPATIAL] [ 10352][17:58:06:591457][info  ] RTSpatialIndex 0x765a7000a800 (Used 2 MB), Allocate result buffer, memory consumption 0 MB, capacity 19
[LIBGPUSPATIAL] [ 10352][17:58:06:591980][info  ] RTSpatialIndex 0x765a7000a800 (Used 1 MB), Probe Points, Size: 100000, Results: 19
[LIBGPUSPATIAL] [ 10348][17:58:06:592104][info  ] RTSpatialIndex 0x765a7000a800 (Used 0 MB), Allocate result buffer, memory consumption 0 MB, capacity 14
[LIBGPUSPATIAL] [ 10348][17:58:06:592575][info  ] RTSpatialIndex 0x765a7000a800 (Used 0 MB), Probe Points, Size: 100000, Results: 14
[LIBGPUSPATIAL] [ 10352][17:58:06:592923][info  ] RTSpatialRefiner 0x765a73d2a220 (Used 0 MB), Loaded Geometries, ProbeArray 100000, Loaded 19, Type Point
[LIBGPUSPATIAL] [ 10352][17:58:06:592968][info  ] RTSpatialRefiner 0x765a73d2a220 (Used 0 MB), Evaluating 19 Geometry Pairs with Predicate Intersects
[LIBGPUSPATIAL] [ 10349][17:58:06:593900][info  ] RTSpatialIndex 0x765a7000a800 (Used 0 MB), Allocate result buffer, memory consumption 0 MB, capacity 14
[LIBGPUSPATIAL] [ 10349][17:58:06:594016][info  ] RTSpatialIndex 0x765a7000a800 (Used 0 MB), Probe Points, Size: 100000, Results: 14
[LIBGPUSPATIAL] [ 10348][17:58:06:594442][info  ] RTSpatialRefiner 0x765a73d2a220 (Used 0 MB), Loaded Geometries, ProbeArray 100000, Loaded 14, Type Point
[LIBGPUSPATIAL] [ 10349][17:58:06:594448][info  ] RTSpatialRefiner 0x765a73d2a220 (Used 0 MB), Loaded Geometries, ProbeArray 100000, Loaded 14, Type Point
[LIBGPUSPATIAL] [ 10349][17:58:06:594649][info  ] RTSpatialRefiner 0x765a73d2a220 (Used 0 MB), Evaluating 14 Geometry Pairs with Predicate Intersects
[LIBGPUSPATIAL] [ 10348][17:58:06:594817][info  ] RTSpatialRefiner 0x765a73d2a220 (Used 0 MB), Evaluating 14 Geometry Pairs with Predicate Intersects
[LIBGPUSPATIAL] [ 10347][17:58:06:597296][info  ] RTSpatialIndex 0x765a7000a800 (Used 0 MB), Allocate result buffer, memory consumption 0 MB, capacity 18
[LIBGPUSPATIAL] [ 10347][17:58:06:597435][info  ] RTSpatialIndex 0x765a7000a800 (Used 0 MB), Probe Points, Size: 100000, Results: 18
[LIBGPUSPATIAL] [ 10347][17:58:06:597956][info  ] RTSpatialRefiner 0x765a73d2a220 (Used 2 MB), Loaded Geometries, ProbeArray 100000, Loaded 18, Type Point
[LIBGPUSPATIAL] [ 10347][17:58:06:598023][info  ] RTSpatialRefiner 0x765a73d2a220 (Used 0 MB), Evaluating 18 Geometry Pairs with Predicate Intersects
[LIBGPUSPATIAL] [ 10346][17:58:06:598055][info  ] RTSpatialIndex 0x765a7000a800 (Used 0 MB), Allocate result buffer, memory consumption 0 MB, capacity 14
[LIBGPUSPATIAL] [ 10346][17:58:06:598752][info  ] RTSpatialIndex 0x765a7000a800 (Used 0 MB), Probe Points, Size: 100000, Results: 14
[LIBGPUSPATIAL] [ 10346][17:58:06:599044][info  ] RTSpatialRefiner 0x765a73d2a220 (Used 0 MB), Loaded Geometries, ProbeArray 100000, Loaded 14, Type Point
[LIBGPUSPATIAL] [ 10346][17:58:06:599086][info  ] RTSpatialRefiner 0x765a73d2a220 (Used 0 MB), Evaluating 14 Geometry Pairs with Predicate Intersects
[LIBGPUSPATIAL] [ 10350][17:58:06:601474][info  ] RTSpatialIndex 0x765a7000a800 (Used 0 MB), Allocate result buffer, memory consumption 0 MB, capacity 11
[LIBGPUSPATIAL] [ 10350][17:58:06:601590][info  ] RTSpatialIndex 0x765a7000a800 (Used 0 MB), Probe Points, Size: 100000, Results: 11
[LIBGPUSPATIAL] [ 10345][17:58:06:602168][info  ] RTSpatialIndex 0x765a7000a800 (Used 0 MB), Allocate result buffer, memory consumption 0 MB, capacity 13
[LIBGPUSPATIAL] [ 10345][17:58:06:602282][info  ] RTSpatialIndex 0x765a7000a800 (Used 0 MB), Probe Points, Size: 100000, Results: 13
[LIBGPUSPATIAL] [ 10350][17:58:06:602406][info  ] RTSpatialRefiner 0x765a73d2a220 (Used 0 MB), Loaded Geometries, ProbeArray 100000, Loaded 11, Type Point
[LIBGPUSPATIAL] [ 10350][17:58:06:602680][info  ] RTSpatialRefiner 0x765a73d2a220 (Used 0 MB), Evaluating 11 Geometry Pairs with Predicate Intersects
[LIBGPUSPATIAL] [ 10345][17:58:06:602718][info  ] RTSpatialRefiner 0x765a73d2a220 (Used 0 MB), Loaded Geometries, ProbeArray 100000, Loaded 13, Type Point
[LIBGPUSPATIAL] [ 10345][17:58:06:602866][info  ] RTSpatialRefiner 0x765a73d2a220 (Used 0 MB), Evaluating 13 Geometry Pairs with Predicate Intersects
[LIBGPUSPATIAL] [ 10351][17:58:06:604813][info  ] RTSpatialIndex 0x765a7000a800 (Used 0 MB), Allocate result buffer, memory consumption 0 MB, capacity 10
[LIBGPUSPATIAL] [ 10351][17:58:06:604957][info  ] RTSpatialIndex 0x765a7000a800 (Used 0 MB), Probe Points, Size: 100000, Results: 10
[LIBGPUSPATIAL] [ 10351][17:58:06:605259][info  ] RTSpatialRefiner 0x765a73d2a220 (Used 0 MB), Loaded Geometries, ProbeArray 100000, Loaded 10, Type Point
[LIBGPUSPATIAL] [ 10351][17:58:06:605305][info  ] RTSpatialRefiner 0x765a73d2a220 (Used 0 MB), Evaluating 10 Geometry Pairs with Predicate Intersects
[LIBGPUSPATIAL] [ 10352][17:58:06:606206][info  ] RTSpatialIndex 0x765a7000a800 (Used 0 MB), Allocate result buffer, memory consumption 0 MB, capacity 24
[LIBGPUSPATIAL] [ 10352][17:58:06:606333][info  ] RTSpatialIndex 0x765a7000a800 (Used 0 MB), Probe Points, Size: 100000, Results: 24
[LIBGPUSPATIAL] [ 10352][17:58:06:607040][info  ] RTSpatialRefiner 0x765a73d2a220 (Used 0 MB), Loaded Geometries, ProbeArray 100000, Loaded 24, Type Point
[LIBGPUSPATIAL] [ 10352][17:58:06:607087][info  ] RTSpatialRefiner 0x765a73d2a220 (Used 0 MB), Evaluating 24 Geometry Pairs with Predicate Intersects
[LIBGPUSPATIAL] [ 10349][17:58:06:607670][info  ] RTSpatialIndex 0x765a7000a800 (Used 0 MB), Allocate result buffer, memory consumption 0 MB, capacity 13
[LIBGPUSPATIAL] [ 10349][17:58:06:607989][info  ] RTSpatialIndex 0x765a7000a800 (Used 2 MB), Probe Points, Size: 100000, Results: 13
[LIBGPUSPATIAL] [ 10348][17:58:06:608286][info  ] RTSpatialIndex 0x765a7000a800 (Used 0 MB), Allocate result buffer, memory consumption 0 MB, capacity 15
[LIBGPUSPATIAL] [ 10348][17:58:06:608412][info  ] RTSpatialIndex 0x765a7000a800 (Used 0 MB), Probe Points, Size: 100000, Results: 15
[LIBGPUSPATIAL] [ 10349][17:58:06:608536][info  ] RTSpatialRefiner 0x765a73d2a220 (Used 0 MB), Loaded Geometries, ProbeArray 100000, Loaded 13, Type Point
[LIBGPUSPATIAL] [ 10349][17:58:06:608669][info  ] RTSpatialRefiner 0x765a73d2a220 (Used 0 MB), Evaluating 13 Geometry Pairs with Predicate Intersects
[LIBGPUSPATIAL] [ 10348][17:58:06:608748][info  ] RTSpatialRefiner 0x765a73d2a220 (Used 0 MB), Loaded Geometries, ProbeArray 100000, Loaded 15, Type Point
[LIBGPUSPATIAL] [ 10348][17:58:06:608785][info  ] RTSpatialRefiner 0x765a73d2a220 (Used 0 MB), Evaluating 15 Geometry Pairs with Predicate Intersects
[LIBGPUSPATIAL] [ 10346][17:58:06:611621][info  ] RTSpatialIndex 0x765a7000a800 (Used 0 MB), Allocate result buffer, memory consumption 0 MB, capacity 15
[LIBGPUSPATIAL] [ 10346][17:58:06:611743][info  ] RTSpatialIndex 0x765a7000a800 (Used 0 MB), Probe Points, Size: 100000, Results: 15
[LIBGPUSPATIAL] [ 10347][17:58:06:613165][info  ] RTSpatialIndex 0x765a7000a800 (Used 0 MB), Allocate result buffer, memory consumption 0 MB, capacity 17
[LIBGPUSPATIAL] [ 10346][17:58:06:613173][info  ] RTSpatialRefiner 0x765a73d2a220 (Used 0 MB), Loaded Geometries, ProbeArray 100000, Loaded 15, Type Point
[LIBGPUSPATIAL] [ 10346][17:58:06:613253][info  ] RTSpatialRefiner 0x765a73d2a220 (Used 0 MB), Evaluating 15 Geometry Pairs with Predicate Intersects
[LIBGPUSPATIAL] [ 10347][17:58:06:613323][info  ] RTSpatialIndex 0x765a7000a800 (Used 0 MB), Probe Points, Size: 100000, Results: 17
[LIBGPUSPATIAL] [ 10347][17:58:06:613755][info  ] RTSpatialRefiner 0x765a73d2a220 (Used 0 MB), Loaded Geometries, ProbeArray 100000, Loaded 17, Type Point
[LIBGPUSPATIAL] [ 10347][17:58:06:613796][info  ] RTSpatialRefiner 0x765a73d2a220 (Used 0 MB), Evaluating 17 Geometry Pairs with Predicate Intersects
[LIBGPUSPATIAL] [ 10345][17:58:06:616498][info  ] RTSpatialIndex 0x765a7000a800 (Used 0 MB), Allocate result buffer, memory consumption 0 MB, capacity 14
[LIBGPUSPATIAL] [ 10345][17:58:06:616629][info  ] RTSpatialIndex 0x765a7000a800 (Used 0 MB), Probe Points, Size: 100000, Results: 14
[LIBGPUSPATIAL] [ 10345][17:58:06:617677][info  ] RTSpatialRefiner 0x765a73d2a220 (Used 0 MB), Loaded Geometries, ProbeArray 100000, Loaded 14, Type Point
[LIBGPUSPATIAL] [ 10345][17:58:06:617720][info  ] RTSpatialRefiner 0x765a73d2a220 (Used 0 MB), Evaluating 14 Geometry Pairs with Predicate Intersects
[LIBGPUSPATIAL] [ 10350][17:58:06:618081][info  ] RTSpatialIndex 0x765a7000a800 (Used 0 MB), Allocate result buffer, memory consumption 0 MB, capacity 17
[LIBGPUSPATIAL] [ 10350][17:58:06:618197][info  ] RTSpatialIndex 0x765a7000a800 (Used 0 MB), Probe Points, Size: 100000, Results: 17
[LIBGPUSPATIAL] [ 10350][17:58:06:618740][info  ] RTSpatialRefiner 0x765a73d2a220 (Used 0 MB), Loaded Geometries, ProbeArray 100000, Loaded 17, Type Point
[LIBGPUSPATIAL] [ 10351][17:58:06:618749][info  ] RTSpatialIndex 0x765a7000a800 (Used 0 MB), Allocate result buffer, memory consumption 0 MB, capacity 13
[LIBGPUSPATIAL] [ 10350][17:58:06:618781][info  ] RTSpatialRefiner 0x765a73d2a220 (Used 0 MB), Evaluating 17 Geometry Pairs with Predicate Intersects
[LIBGPUSPATIAL] [ 10351][17:58:06:619024][info  ] RTSpatialIndex 0x765a7000a800 (Used 0 MB), Probe Points, Size: 100000, Results: 13
[LIBGPUSPATIAL] [ 10352][17:58:06:619988][info  ] RTSpatialIndex 0x765a7000a800 (Used 0 MB), Allocate result buffer, memory consumption 0 MB, capacity 16
[LIBGPUSPATIAL] [ 10352][17:58:06:620086][info  ] RTSpatialIndex 0x765a7000a800 (Used 0 MB), Probe Points, Size: 100000, Results: 16
[LIBGPUSPATIAL] [ 10352][17:58:06:621310][info  ] RTSpatialRefiner 0x765a73d2a220 (Used 1 MB), Loaded Geometries, ProbeArray 100000, Loaded 16, Type Point
[LIBGPUSPATIAL] [ 10352][17:58:06:621359][info  ] RTSpatialRefiner 0x765a73d2a220 (Used 2 MB), Evaluating 16 Geometry Pairs with Predicate Intersects
[LIBGPUSPATIAL] [ 10351][17:58:06:621403][info  ] RTSpatialRefiner 0x765a73d2a220 (Used 0 MB), Loaded Geometries, ProbeArray 100000, Loaded 13, Type Point
[LIBGPUSPATIAL] [ 10351][17:58:06:621505][info  ] RTSpatialRefiner 0x765a73d2a220 (Used 2 MB), Evaluating 13 Geometry Pairs with Predicate Intersects
[LIBGPUSPATIAL] [ 10349][17:58:06:621883][info  ] RTSpatialIndex 0x765a7000a800 (Used 1 MB), Allocate result buffer, memory consumption 0 MB, capacity 14
[LIBGPUSPATIAL] [ 10348][17:58:06:622247][info  ] RTSpatialIndex 0x765a7000a800 (Used 1 MB), Allocate result buffer, memory consumption 0 MB, capacity 15
[LIBGPUSPATIAL] [ 10349][17:58:06:622553][info  ] RTSpatialIndex 0x765a7000a800 (Used 1 MB), Probe Points, Size: 100000, Results: 14
[LIBGPUSPATIAL] [ 10349][17:58:06:623166][info  ] RTSpatialRefiner 0x765a73d2a220 (Used 0 MB), Loaded Geometries, ProbeArray 100000, Loaded 14, Type Point
[LIBGPUSPATIAL] [ 10349][17:58:06:623214][info  ] RTSpatialRefiner 0x765a73d2a220 (Used 0 MB), Evaluating 14 Geometry Pairs with Predicate Intersects
[LIBGPUSPATIAL] [ 10348][17:58:06:623296][info  ] RTSpatialIndex 0x765a7000a800 (Used 0 MB), Probe Points, Size: 100000, Results: 15
[LIBGPUSPATIAL] [ 10348][17:58:06:623733][info  ] RTSpatialRefiner 0x765a73d2a220 (Used 0 MB), Loaded Geometries, ProbeArray 100000, Loaded 15, Type Point
[LIBGPUSPATIAL] [ 10348][17:58:06:623876][info  ] RTSpatialRefiner 0x765a73d2a220 (Used 0 MB), Evaluating 15 Geometry Pairs with Predicate Intersects
[LIBGPUSPATIAL] [ 10346][17:58:06:625992][info  ] RTSpatialIndex 0x765a7000a800 (Used 0 MB), Allocate result buffer, memory consumption 0 MB, capacity 11
[LIBGPUSPATIAL] [ 10346][17:58:06:626123][info  ] RTSpatialIndex 0x765a7000a800 (Used 0 MB), Probe Points, Size: 100000, Results: 11
[LIBGPUSPATIAL] [ 10346][17:58:06:626982][info  ] RTSpatialRefiner 0x765a73d2a220 (Used 0 MB), Loaded Geometries, ProbeArray 100000, Loaded 11, Type Point
[LIBGPUSPATIAL] [ 10346][17:58:06:627026][info  ] RTSpatialRefiner 0x765a73d2a220 (Used 0 MB), Evaluating 11 Geometry Pairs with Predicate Intersects
[LIBGPUSPATIAL] [ 10347][17:58:06:627603][info  ] RTSpatialIndex 0x765a7000a800 (Used 0 MB), Allocate result buffer, memory consumption 0 MB, capacity 15
[LIBGPUSPATIAL] [ 10347][17:58:06:627736][info  ] RTSpatialIndex 0x765a7000a800 (Used 0 MB), Probe Points, Size: 100000, Results: 15
[LIBGPUSPATIAL] [ 10347][17:58:06:628078][info  ] RTSpatialRefiner 0x765a73d2a220 (Used 0 MB), Loaded Geometries, ProbeArray 100000, Loaded 15, Type Point
[LIBGPUSPATIAL] [ 10347][17:58:06:628120][info  ] RTSpatialRefiner 0x765a73d2a220 (Used 0 MB), Evaluating 15 Geometry Pairs with Predicate Intersects
[LIBGPUSPATIAL] [ 10350][17:58:06:631803][info  ] RTSpatialIndex 0x765a7000a800 (Used 0 MB), Allocate result buffer, memory consumption 0 MB, capacity 15
[LIBGPUSPATIAL] [ 10350][17:58:06:632072][info  ] RTSpatialIndex 0x765a7000a800 (Used 0 MB), Probe Points, Size: 100000, Results: 15
[LIBGPUSPATIAL] [ 10350][17:58:06:633108][info  ] RTSpatialRefiner 0x765a73d2a220 (Used 0 MB), Loaded Geometries, ProbeArray 100000, Loaded 15, Type Point
[LIBGPUSPATIAL] [ 10350][17:58:06:633156][info  ] RTSpatialRefiner 0x765a73d2a220 (Used 0 MB), Evaluating 15 Geometry Pairs with Predicate Intersects
[LIBGPUSPATIAL] [ 10345][17:58:06:633880][info  ] RTSpatialIndex 0x765a7000a800 (Used 0 MB), Allocate result buffer, memory consumption 0 MB, capacity 15
[LIBGPUSPATIAL] [ 10345][17:58:06:634503][info  ] RTSpatialIndex 0x765a7000a800 (Used 0 MB), Probe Points, Size: 100000, Results: 15
[LIBGPUSPATIAL] [ 10345][17:58:06:634962][info  ] RTSpatialRefiner 0x765a73d2a220 (Used 1 MB), Loaded Geometries, ProbeArray 100000, Loaded 15, Type Point
[LIBGPUSPATIAL] [ 10345][17:58:06:635044][info  ] RTSpatialRefiner 0x765a73d2a220 (Used 1 MB), Evaluating 15 Geometry Pairs with Predicate Intersects
[LIBGPUSPATIAL] [ 10351][17:58:06:635407][info  ] RTSpatialIndex 0x765a7000a800 (Used 0 MB), Allocate result buffer, memory consumption 0 MB, capacity 19
[LIBGPUSPATIAL] [ 10351][17:58:06:635868][info  ] RTSpatialIndex 0x765a7000a800 (Used 0 MB), Probe Points, Size: 100000, Results: 19
[LIBGPUSPATIAL] [ 10351][17:58:06:636481][info  ] RTSpatialRefiner 0x765a73d2a220 (Used 0 MB), Loaded Geometries, ProbeArray 100000, Loaded 19, Type Point
[LIBGPUSPATIAL] [ 10351][17:58:06:636552][info  ] RTSpatialRefiner 0x765a73d2a220 (Used 0 MB), Evaluating 19 Geometry Pairs with Predicate Intersects
[LIBGPUSPATIAL] [ 10349][17:58:06:636579][info  ] RTSpatialIndex 0x765a7000a800 (Used 0 MB), Allocate result buffer, memory consumption 0 MB, capacity 14
[LIBGPUSPATIAL] [ 10349][17:58:06:637270][info  ] RTSpatialIndex 0x765a7000a800 (Used 1 MB), Probe Points, Size: 100000, Results: 14
[LIBGPUSPATIAL] [ 10352][17:58:06:637434][info  ] RTSpatialIndex 0x765a7000a800 (Used 2 MB), Allocate result buffer, memory consumption 0 MB, capacity 24
[LIBGPUSPATIAL] [ 10348][17:58:06:637957][info  ] RTSpatialIndex 0x765a7000a800 (Used 1 MB), Allocate result buffer, memory consumption 0 MB, capacity 14
[LIBGPUSPATIAL] [ 10352][17:58:06:638105][info  ] RTSpatialIndex 0x765a7000a800 (Used 1 MB), Probe Points, Size: 100000, Results: 24
[LIBGPUSPATIAL] [ 10349][17:58:06:638199][info  ] RTSpatialRefiner 0x765a73d2a220 (Used 0 MB), Loaded Geometries, ProbeArray 100000, Loaded 14, Type Point
[LIBGPUSPATIAL] [ 10349][17:58:06:638288][info  ] RTSpatialRefiner 0x765a73d2a220 (Used 0 MB), Evaluating 14 Geometry Pairs with Predicate Intersects
[LIBGPUSPATIAL] [ 10348][17:58:06:638382][info  ] RTSpatialIndex 0x765a7000a800 (Used 0 MB), Probe Points, Size: 100000, Results: 14
[LIBGPUSPATIAL] [ 10348][17:58:06:638968][info  ] RTSpatialRefiner 0x765a73d2a220 (Used 0 MB), Loaded Geometries, ProbeArray 100000, Loaded 14, Type Point
[LIBGPUSPATIAL] [ 10352][17:58:06:638976][info  ] RTSpatialRefiner 0x765a73d2a220 (Used 0 MB), Loaded Geometries, ProbeArray 100000, Loaded 24, Type Point
[LIBGPUSPATIAL] [ 10348][17:58:06:639013][info  ] RTSpatialRefiner 0x765a73d2a220 (Used 0 MB), Evaluating 14 Geometry Pairs with Predicate Intersects
[LIBGPUSPATIAL] [ 10352][17:58:06:639019][info  ] RTSpatialRefiner 0x765a73d2a220 (Used 0 MB), Evaluating 24 Geometry Pairs with Predicate Intersects
[LIBGPUSPATIAL] [ 10346][17:58:06:639980][info  ] RTSpatialIndex 0x765a7000a800 (Used 0 MB), Allocate result buffer, memory consumption 0 MB, capacity 16
[LIBGPUSPATIAL] [ 10346][17:58:06:640172][info  ] RTSpatialIndex 0x765a7000a800 (Used 0 MB), Probe Points, Size: 100000, Results: 16
[LIBGPUSPATIAL] [ 10347][17:58:06:640714][info  ] RTSpatialIndex 0x765a7000a800 (Used 0 MB), Allocate result buffer, memory consumption 0 MB, capacity 12
[LIBGPUSPATIAL] [ 10346][17:58:06:640754][info  ] RTSpatialRefiner 0x765a73d2a220 (Used 0 MB), Loaded Geometries, ProbeArray 100000, Loaded 16, Type Point
[LIBGPUSPATIAL] [ 10346][17:58:06:640806][info  ] RTSpatialRefiner 0x765a73d2a220 (Used 0 MB), Evaluating 16 Geometry Pairs with Predicate Intersects
[LIBGPUSPATIAL] [ 10347][17:58:06:640876][info  ] RTSpatialIndex 0x765a7000a800 (Used 0 MB), Probe Points, Size: 100000, Results: 12
[LIBGPUSPATIAL] [ 10347][17:58:06:643153][info  ] RTSpatialRefiner 0x765a73d2a220 (Used 0 MB), Loaded Geometries, ProbeArray 100000, Loaded 12, Type Point
[LIBGPUSPATIAL] [ 10347][17:58:06:643198][info  ] RTSpatialRefiner 0x765a73d2a220 (Used 0 MB), Evaluating 12 Geometry Pairs with Predicate Intersects
[LIBGPUSPATIAL] [ 10350][17:58:06:647165][info  ] RTSpatialIndex 0x765a7000a800 (Used 0 MB), Allocate result buffer, memory consumption 0 MB, capacity 15
[LIBGPUSPATIAL] [ 10350][17:58:06:647508][info  ] RTSpatialIndex 0x765a7000a800 (Used 0 MB), Probe Points, Size: 100000, Results: 15
[LIBGPUSPATIAL] [ 10350][17:58:06:647929][info  ] RTSpatialRefiner 0x765a73d2a220 (Used 0 MB), Loaded Geometries, ProbeArray 100000, Loaded 15, Type Point
[LIBGPUSPATIAL] [ 10350][17:58:06:648005][info  ] RTSpatialRefiner 0x765a73d2a220 (Used 0 MB), Evaluating 15 Geometry Pairs with Predicate Intersects
[LIBGPUSPATIAL] [ 10345][17:58:06:651076][info  ] RTSpatialIndex 0x765a7000a800 (Used 1 MB), Allocate result buffer, memory consumption 0 MB, capacity 19
[LIBGPUSPATIAL] [ 10351][17:58:06:651200][info  ] RTSpatialIndex 0x765a7000a800 (Used 1 MB), Allocate result buffer, memory consumption 0 MB, capacity 15
[LIBGPUSPATIAL] [ 10345][17:58:06:651271][info  ] RTSpatialIndex 0x765a7000a800 (Used 1 MB), Probe Points, Size: 100000, Results: 19
[LIBGPUSPATIAL] [ 10351][17:58:06:651428][info  ] RTSpatialIndex 0x765a7000a800 (Used 0 MB), Probe Points, Size: 100000, Results: 15
[LIBGPUSPATIAL] [ 10351][17:58:06:652236][info  ] RTSpatialRefiner 0x765a73d2a220 (Used 4 MB), Loaded Geometries, ProbeArray 100000, Loaded 15, Type Point
[LIBGPUSPATIAL] [ 10345][17:58:06:652285][info  ] RTSpatialRefiner 0x765a73d2a220 (Used 3 MB), Loaded Geometries, ProbeArray 100000, Loaded 19, Type Point
[LIBGPUSPATIAL] [ 10351][17:58:06:652366][info  ] RTSpatialRefiner 0x765a73d2a220 (Used 3 MB), Evaluating 15 Geometry Pairs with Predicate Intersects
[LIBGPUSPATIAL] [ 10345][17:58:06:652374][info  ] RTSpatialRefiner 0x765a73d2a220 (Used 3 MB), Evaluating 19 Geometry Pairs with Predicate Intersects
[LIBGPUSPATIAL] [ 10349][17:58:06:652496][info  ] RTSpatialIndex 0x765a7000a800 (Used 2 MB), Allocate result buffer, memory consumption 0 MB, capacity 19
[LIBGPUSPATIAL] [ 10352][17:58:06:652894][info  ] RTSpatialIndex 0x765a7000a800 (Used 2 MB), Allocate result buffer, memory consumption 0 MB, capacity 12
[LIBGPUSPATIAL] [ 10349][17:58:06:653259][info  ] RTSpatialIndex 0x765a7000a800 (Used 2 MB), Probe Points, Size: 100000, Results: 19
[LIBGPUSPATIAL] [ 10348][17:58:06:653411][info  ] RTSpatialIndex 0x765a7000a800 (Used 1 MB), Allocate result buffer, memory consumption 0 MB, capacity 10
[LIBGPUSPATIAL] [ 10352][17:58:06:653743][info  ] RTSpatialIndex 0x765a7000a800 (Used 1 MB), Probe Points, Size: 100000, Results: 12
[LIBGPUSPATIAL] [ 10348][17:58:06:653943][info  ] RTSpatialIndex 0x765a7000a800 (Used 0 MB), Probe Points, Size: 100000, Results: 10
[LIBGPUSPATIAL] [ 10349][17:58:06:653969][info  ] RTSpatialRefiner 0x765a73d2a220 (Used 0 MB), Loaded Geometries, ProbeArray 100000, Loaded 19, Type Point
[LIBGPUSPATIAL] [ 10349][17:58:06:654067][info  ] RTSpatialRefiner 0x765a73d2a220 (Used 0 MB), Evaluating 19 Geometry Pairs with Predicate Intersects
[LIBGPUSPATIAL] [ 10346][17:58:06:654860][info  ] RTSpatialIndex 0x765a7000a800 (Used 0 MB), Allocate result buffer, memory consumption 0 MB, capacity 19
[LIBGPUSPATIAL] [ 10346][17:58:06:655083][info  ] RTSpatialIndex 0x765a7000a800 (Used 0 MB), Probe Points, Size: 100000, Results: 19
[LIBGPUSPATIAL] [ 10352][17:58:06:655465][info  ] RTSpatialRefiner 0x765a73d2a220 (Used 0 MB), Loaded Geometries, ProbeArray 100000, Loaded 12, Type Point
[LIBGPUSPATIAL] [ 10352][17:58:06:655514][info  ] RTSpatialRefiner 0x765a73d2a220 (Used 0 MB), Evaluating 12 Geometry Pairs with Predicate Intersects
[LIBGPUSPATIAL] [ 10348][17:58:06:656049][info  ] RTSpatialRefiner 0x765a73d2a220 (Used 0 MB), Loaded Geometries, ProbeArray 100000, Loaded 10, Type Point
[LIBGPUSPATIAL] [ 10347][17:58:06:656100][info  ] RTSpatialIndex 0x765a7000a800 (Used 0 MB), Allocate result buffer, memory consumption 0 MB, capacity 17
[LIBGPUSPATIAL] [ 10348][17:58:06:656104][info  ] RTSpatialRefiner 0x765a73d2a220 (Used 0 MB), Evaluating 10 Geometry Pairs with Predicate Intersects
[LIBGPUSPATIAL] [ 10346][17:58:06:656206][info  ] RTSpatialRefiner 0x765a73d2a220 (Used 0 MB), Loaded Geometries, ProbeArray 100000, Loaded 19, Type Point
[LIBGPUSPATIAL] [ 10346][17:58:06:656380][info  ] RTSpatialRefiner 0x765a73d2a220 (Used 0 MB), Evaluating 19 Geometry Pairs with Predicate Intersects
[LIBGPUSPATIAL] [ 10347][17:58:06:656831][info  ] RTSpatialIndex 0x765a7000a800 (Used 0 MB), Probe Points, Size: 100000, Results: 17
[LIBGPUSPATIAL] [ 10347][17:58:06:657419][info  ] RTSpatialRefiner 0x765a73d2a220 (Used 0 MB), Loaded Geometries, ProbeArray 100000, Loaded 17, Type Point
[LIBGPUSPATIAL] [ 10347][17:58:06:657465][info  ] RTSpatialRefiner 0x765a73d2a220 (Used 0 MB), Evaluating 17 Geometry Pairs with Predicate Intersects
[LIBGPUSPATIAL] [ 10350][17:58:06:661205][info  ] RTSpatialIndex 0x765a7000a800 (Used 0 MB), Allocate result buffer, memory consumption 0 MB, capacity 9
[LIBGPUSPATIAL] [ 10350][17:58:06:661355][info  ] RTSpatialIndex 0x765a7000a800 (Used 0 MB), Probe Points, Size: 100000, Results: 9
[LIBGPUSPATIAL] [ 10350][17:58:06:662015][info  ] RTSpatialRefiner 0x765a73d2a220 (Used 0 MB), Loaded Geometries, ProbeArray 100000, Loaded 9, Type Point
[LIBGPUSPATIAL] [ 10350][17:58:06:662057][info  ] RTSpatialRefiner 0x765a73d2a220 (Used 0 MB), Evaluating 9 Geometry Pairs with Predicate Intersects
[LIBGPUSPATIAL] [ 10351][17:58:06:666075][info  ] RTSpatialIndex 0x765a7000a800 (Used 0 MB), Allocate result buffer, memory consumption 0 MB, capacity 19
[LIBGPUSPATIAL] [ 10351][17:58:06:666216][info  ] RTSpatialIndex 0x765a7000a800 (Used 0 MB), Probe Points, Size: 100000, Results: 19
[LIBGPUSPATIAL] [ 10349][17:58:06:666971][info  ] RTSpatialIndex 0x765a7000a800 (Used 0 MB), Allocate result buffer, memory consumption 0 MB, capacity 13
[LIBGPUSPATIAL] [ 10349][17:58:06:667102][info  ] RTSpatialIndex 0x765a7000a800 (Used 0 MB), Probe Points, Size: 100000, Results: 13
[LIBGPUSPATIAL] [ 10351][17:58:06:667445][info  ] RTSpatialRefiner 0x765a73d2a220 (Used 0 MB), Loaded Geometries, ProbeArray 100000, Loaded 19, Type Point
[LIBGPUSPATIAL] [ 10351][17:58:06:667491][info  ] RTSpatialRefiner 0x765a73d2a220 (Used 0 MB), Evaluating 19 Geometry Pairs with Predicate Intersects
[LIBGPUSPATIAL] [ 10349][17:58:06:668009][info  ] RTSpatialRefiner 0x765a73d2a220 (Used 0 MB), Loaded Geometries, ProbeArray 100000, Loaded 13, Type Point
[LIBGPUSPATIAL] [ 10349][17:58:06:668066][info  ] RTSpatialRefiner 0x765a73d2a220 (Used 0 MB), Evaluating 13 Geometry Pairs with Predicate Intersects
[LIBGPUSPATIAL] [ 10345][17:58:06:668649][info  ] RTSpatialIndex 0x765a7000a800 (Used 2 MB), Allocate result buffer, memory consumption 0 MB, capacity 14
[LIBGPUSPATIAL] [ 10345][17:58:06:669116][info  ] RTSpatialIndex 0x765a7000a800 (Used 1 MB), Probe Points, Size: 100000, Results: 14
[LIBGPUSPATIAL] [ 10352][17:58:06:669650][info  ] RTSpatialIndex 0x765a7000a800 (Used 2 MB), Allocate result buffer, memory consumption 0 MB, capacity 12
[LIBGPUSPATIAL] [ 10352][17:58:06:670042][info  ] RTSpatialIndex 0x765a7000a800 (Used 1 MB), Probe Points, Size: 100000, Results: 12
[LIBGPUSPATIAL] [ 10348][17:58:06:670087][info  ] RTSpatialIndex 0x765a7000a800 (Used 0 MB), Allocate result buffer, memory consumption 0 MB, capacity 11
[LIBGPUSPATIAL] [ 10348][17:58:06:670600][info  ] RTSpatialIndex 0x765a7000a800 (Used 1 MB), Probe Points, Size: 100000, Results: 11
[LIBGPUSPATIAL] [ 10346][17:58:06:670682][info  ] RTSpatialIndex 0x765a7000a800 (Used 0 MB), Allocate result buffer, memory consumption 0 MB, capacity 9
[LIBGPUSPATIAL] [ 10346][17:58:06:671000][info  ] RTSpatialIndex 0x765a7000a800 (Used 2 MB), Probe Points, Size: 100000, Results: 9
[LIBGPUSPATIAL] [ 10352][17:58:06:671337][info  ] RTSpatialRefiner 0x765a73d2a220 (Used 0 MB), Loaded Geometries, ProbeArray 100000, Loaded 12, Type Point
[LIBGPUSPATIAL] [ 10345][17:58:06:671350][info  ] RTSpatialRefiner 0x765a73d2a220 (Used 0 MB), Loaded Geometries, ProbeArray 100000, Loaded 14, Type Point
[LIBGPUSPATIAL] [ 10348][17:58:06:671342][info  ] RTSpatialRefiner 0x765a73d2a220 (Used 0 MB), Loaded Geometries, ProbeArray 100000, Loaded 11, Type Point
[LIBGPUSPATIAL] [ 10345][17:58:06:671393][info  ] RTSpatialRefiner 0x765a73d2a220 (Used 0 MB), Evaluating 14 Geometry Pairs with Predicate Intersects
[LIBGPUSPATIAL] [ 10348][17:58:06:671409][info  ] RTSpatialRefiner 0x765a73d2a220 (Used 0 MB), Evaluating 11 Geometry Pairs with Predicate Intersects
[LIBGPUSPATIAL] [ 10352][17:58:06:671419][info  ] RTSpatialRefiner 0x765a73d2a220 (Used 0 MB), Evaluating 12 Geometry Pairs with Predicate Intersects
[LIBGPUSPATIAL] [ 10347][17:58:06:671660][info  ] RTSpatialIndex 0x765a7000a800 (Used 0 MB), Allocate result buffer, memory consumption 0 MB, capacity 8
[LIBGPUSPATIAL] [ 10346][17:58:06:671716][info  ] RTSpatialRefiner 0x765a73d2a220 (Used 0 MB), Loaded Geometries, ProbeArray 100000, Loaded 9, Type Point
[LIBGPUSPATIAL] [ 10346][17:58:06:671765][info  ] RTSpatialRefiner 0x765a73d2a220 (Used 0 MB), Evaluating 9 Geometry Pairs with Predicate Intersects
[LIBGPUSPATIAL] [ 10347][17:58:06:673460][info  ] RTSpatialIndex 0x765a7000a800 (Used 1 MB), Probe Points, Size: 100000, Results: 8
[LIBGPUSPATIAL] [ 10347][17:58:06:675617][info  ] RTSpatialRefiner 0x765a73d2a220 (Used 0 MB), Loaded Geometries, ProbeArray 100000, Loaded 8, Type Point
[LIBGPUSPATIAL] [ 10347][17:58:06:675669][info  ] RTSpatialRefiner 0x765a73d2a220 (Used 0 MB), Evaluating 8 Geometry Pairs with Predicate Intersects
[LIBGPUSPATIAL] [ 10350][17:58:06:676815][info  ] RTSpatialIndex 0x765a7000a800 (Used 0 MB), Allocate result buffer, memory consumption 0 MB, capacity 8
[LIBGPUSPATIAL] [ 10350][17:58:06:677011][info  ] RTSpatialIndex 0x765a7000a800 (Used 0 MB), Probe Points, Size: 100000, Results: 8
[LIBGPUSPATIAL] [ 10350][17:58:06:677645][info  ] RTSpatialRefiner 0x765a73d2a220 (Used 0 MB), Loaded Geometries, ProbeArray 100000, Loaded 8, Type Point
[LIBGPUSPATIAL] [ 10350][17:58:06:677826][info  ] RTSpatialRefiner 0x765a73d2a220 (Used 0 MB), Evaluating 8 Geometry Pairs with Predicate Intersects
[LIBGPUSPATIAL] [ 10351][17:58:06:679348][info  ] RTSpatialIndex 0x765a7000a800 (Used 0 MB), Allocate result buffer, memory consumption 0 MB, capacity 32
[LIBGPUSPATIAL] [ 10351][17:58:06:679469][info  ] RTSpatialIndex 0x765a7000a800 (Used 0 MB), Probe Points, Size: 100000, Results: 32
[LIBGPUSPATIAL] [ 10349][17:58:06:680206][info  ] RTSpatialIndex 0x765a7000a800 (Used 0 MB), Allocate result buffer, memory consumption 0 MB, capacity 18
[LIBGPUSPATIAL] [ 10349][17:58:06:680340][info  ] RTSpatialIndex 0x765a7000a800 (Used 0 MB), Probe Points, Size: 100000, Results: 18
[LIBGPUSPATIAL] [ 10351][17:58:06:680472][info  ] RTSpatialRefiner 0x765a73d2a220 (Used 0 MB), Loaded Geometries, ProbeArray 100000, Loaded 32, Type Point
[LIBGPUSPATIAL] [ 10351][17:58:06:680516][info  ] RTSpatialRefiner 0x765a73d2a220 (Used 0 MB), Evaluating 32 Geometry Pairs with Predicate Intersects
[LIBGPUSPATIAL] [ 10349][17:58:06:682048][info  ] RTSpatialRefiner 0x765a73d2a220 (Used 0 MB), Loaded Geometries, ProbeArray 100000, Loaded 18, Type Point
[LIBGPUSPATIAL] [ 10349][17:58:06:682112][info  ] RTSpatialRefiner 0x765a73d2a220 (Used 0 MB), Evaluating 18 Geometry Pairs with Predicate Intersects
[LIBGPUSPATIAL] [ 10352][17:58:06:686719][info  ] RTSpatialIndex 0x765a7000a800 (Used 3 MB), Allocate result buffer, memory consumption 0 MB, capacity 20
[LIBGPUSPATIAL] [ 10348][17:58:06:686728][info  ] RTSpatialIndex 0x765a7000a800 (Used 3 MB), Allocate result buffer, memory consumption 0 MB, capacity 15
[LIBGPUSPATIAL] [ 10352][17:58:06:687352][info  ] RTSpatialIndex 0x765a7000a800 (Used 3 MB), Probe Points, Size: 100000, Results: 20
[LIBGPUSPATIAL] [ 10345][17:58:06:687434][info  ] RTSpatialIndex 0x765a7000a800 (Used 2 MB), Allocate result buffer, memory consumption 0 MB, capacity 22
[LIBGPUSPATIAL] [ 10348][17:58:06:687579][info  ] RTSpatialIndex 0x765a7000a800 (Used 2 MB), Probe Points, Size: 100000, Results: 15
[LIBGPUSPATIAL] [ 10346][17:58:06:687785][info  ] RTSpatialIndex 0x765a7000a800 (Used 1 MB), Allocate result buffer, memory consumption 0 MB, capacity 17
[LIBGPUSPATIAL] [ 10352][17:58:06:687926][info  ] RTSpatialRefiner 0x765a73d2a220 (Used 1 MB), Loaded Geometries, ProbeArray 100000, Loaded 20, Type Point
[LIBGPUSPATIAL] [ 10345][17:58:06:687999][info  ] RTSpatialIndex 0x765a7000a800 (Used 1 MB), Probe Points, Size: 100000, Results: 22
[LIBGPUSPATIAL] [ 10352][17:58:06:688021][info  ] RTSpatialRefiner 0x765a73d2a220 (Used 0 MB), Evaluating 20 Geometry Pairs with Predicate Intersects
[LIBGPUSPATIAL] [ 10346][17:58:06:688194][info  ] RTSpatialIndex 0x765a7000a800 (Used 0 MB), Probe Points, Size: 100000, Results: 17
[LIBGPUSPATIAL] [ 10347][17:58:06:688792][info  ] RTSpatialIndex 0x765a7000a800 (Used 0 MB), Allocate result buffer, memory consumption 0 MB, capacity 14
[LIBGPUSPATIAL] [ 10348][17:58:06:688821][info  ] RTSpatialRefiner 0x765a73d2a220 (Used 0 MB), Loaded Geometries, ProbeArray 100000, Loaded 15, Type Point
[LIBGPUSPATIAL] [ 10346][17:58:06:688947][info  ] RTSpatialRefiner 0x765a73d2a220 (Used 0 MB), Loaded Geometries, ProbeArray 100000, Loaded 17, Type Point
[LIBGPUSPATIAL] [ 10346][17:58:06:688987][info  ] RTSpatialRefiner 0x765a73d2a220 (Used 0 MB), Evaluating 17 Geometry Pairs with Predicate Intersects
[LIBGPUSPATIAL] [ 10345][17:58:06:689023][info  ] RTSpatialRefiner 0x765a73d2a220 (Used 0 MB), Loaded Geometries, ProbeArray 100000, Loaded 22, Type Point
[LIBGPUSPATIAL] [ 10345][17:58:06:689065][info  ] RTSpatialRefiner 0x765a73d2a220 (Used 0 MB), Evaluating 22 Geometry Pairs with Predicate Intersects
[LIBGPUSPATIAL] [ 10348][17:58:06:689259][info  ] RTSpatialRefiner 0x765a73d2a220 (Used 1 MB), Evaluating 15 Geometry Pairs with Predicate Intersects
[LIBGPUSPATIAL] [ 10347][17:58:06:689511][info  ] RTSpatialIndex 0x765a7000a800 (Used 1 MB), Probe Points, Size: 100000, Results: 14
[LIBGPUSPATIAL] [ 10347][17:58:06:690059][info  ] RTSpatialRefiner 0x765a73d2a220 (Used 0 MB), Loaded Geometries, ProbeArray 100000, Loaded 14, Type Point
[LIBGPUSPATIAL] [ 10347][17:58:06:690105][info  ] RTSpatialRefiner 0x765a73d2a220 (Used 0 MB), Evaluating 14 Geometry Pairs with Predicate Intersects
[LIBGPUSPATIAL] [ 10350][17:58:06:691666][info  ] RTSpatialIndex 0x765a7000a800 (Used 0 MB), Allocate result buffer, memory consumption 0 MB, capacity 16
[LIBGPUSPATIAL] [ 10350][17:58:06:691806][info  ] RTSpatialIndex 0x765a7000a800 (Used 0 MB), Probe Points, Size: 100000, Results: 16
[LIBGPUSPATIAL] [ 10350][17:58:06:692495][info  ] RTSpatialRefiner 0x765a73d2a220 (Used 0 MB), Loaded Geometries, ProbeArray 100000, Loaded 16, Type Point
[LIBGPUSPATIAL] [ 10350][17:58:06:692544][info  ] RTSpatialRefiner 0x765a73d2a220 (Used 0 MB), Evaluating 16 Geometry Pairs with Predicate Intersects
[LIBGPUSPATIAL] [ 10351][17:58:06:693438][info  ] RTSpatialIndex 0x765a7000a800 (Used 0 MB), Allocate result buffer, memory consumption 0 MB, capacity 19
[LIBGPUSPATIAL] [ 10351][17:58:06:693784][info  ] RTSpatialIndex 0x765a7000a800 (Used 0 MB), Probe Points, Size: 100000, Results: 19
[LIBGPUSPATIAL] [ 10351][17:58:06:694240][info  ] RTSpatialRefiner 0x765a73d2a220 (Used 0 MB), Loaded Geometries, ProbeArray 100000, Loaded 19, Type Point
[LIBGPUSPATIAL] [ 10351][17:58:06:694287][info  ] RTSpatialRefiner 0x765a73d2a220 (Used 1 MB), Evaluating 19 Geometry Pairs with Predicate Intersects
[LIBGPUSPATIAL] [ 10349][17:58:06:694897][info  ] RTSpatialIndex 0x765a7000a800 (Used 0 MB), Allocate result buffer, memory consumption 0 MB, capacity 22
[LIBGPUSPATIAL] [ 10349][17:58:06:695193][info  ] RTSpatialIndex 0x765a7000a800 (Used 0 MB), Probe Points, Size: 100000, Results: 22
[LIBGPUSPATIAL] [ 10349][17:58:06:695640][info  ] RTSpatialRefiner 0x765a73d2a220 (Used 0 MB), Loaded Geometries, ProbeArray 100000, Loaded 22, Type Point
[LIBGPUSPATIAL] [ 10349][17:58:06:695745][info  ] RTSpatialRefiner 0x765a73d2a220 (Used 0 MB), Evaluating 22 Geometry Pairs with Predicate Intersects
[LIBGPUSPATIAL] [ 10348][17:58:06:702572][info  ] RTSpatialIndex 0x765a7000a800 (Used 0 MB), Allocate result buffer, memory consumption 0 MB, capacity 18
[LIBGPUSPATIAL] [ 10348][17:58:06:703166][info  ] RTSpatialIndex 0x765a7000a800 (Used 1 MB), Probe Points, Size: 100000, Results: 18
[LIBGPUSPATIAL] [ 10352][17:58:06:703350][info  ] RTSpatialIndex 0x765a7000a800 (Used 0 MB), Allocate result buffer, memory consumption 0 MB, capacity 22
[LIBGPUSPATIAL] [ 10352][17:58:06:703897][info  ] RTSpatialIndex 0x765a7000a800 (Used 1 MB), Probe Points, Size: 100000, Results: 22
[LIBGPUSPATIAL] [ 10347][17:58:06:703983][info  ] RTSpatialIndex 0x765a7000a800 (Used 0 MB), Allocate result buffer, memory consumption 0 MB, capacity 21
[LIBGPUSPATIAL] [ 10348][17:58:06:704193][info  ] RTSpatialRefiner 0x765a73d2a220 (Used 3 MB), Loaded Geometries, ProbeArray 100000, Loaded 18, Type Point
[LIBGPUSPATIAL] [ 10348][17:58:06:704243][info  ] RTSpatialRefiner 0x765a73d2a220 (Used 3 MB), Evaluating 18 Geometry Pairs with Predicate Intersects
[LIBGPUSPATIAL] [ 10347][17:58:06:704582][info  ] RTSpatialIndex 0x765a7000a800 (Used 3 MB), Probe Points, Size: 100000, Results: 21
[LIBGPUSPATIAL] [ 10352][17:58:06:704588][info  ] RTSpatialRefiner 0x765a73d2a220 (Used 3 MB), Loaded Geometries, ProbeArray 100000, Loaded 22, Type Point
[LIBGPUSPATIAL] [ 10346][17:58:06:704779][info  ] RTSpatialIndex 0x765a7000a800 (Used 1 MB), Allocate result buffer, memory consumption 0 MB, capacity 21
[LIBGPUSPATIAL] [ 10352][17:58:06:704873][info  ] RTSpatialRefiner 0x765a73d2a220 (Used 1 MB), Evaluating 22 Geometry Pairs with Predicate Intersects
[LIBGPUSPATIAL] [ 10345][17:58:06:705254][info  ] RTSpatialIndex 0x765a7000a800 (Used 1 MB), Allocate result buffer, memory consumption 0 MB, capacity 13
[LIBGPUSPATIAL] [ 10347][17:58:06:705481][info  ] RTSpatialRefiner 0x765a73d2a220 (Used 1 MB), Loaded Geometries, ProbeArray 100000, Loaded 21, Type Point
[LIBGPUSPATIAL] [ 10347][17:58:06:705532][info  ] RTSpatialRefiner 0x765a73d2a220 (Used 1 MB), Evaluating 21 Geometry Pairs with Predicate Intersects
[LIBGPUSPATIAL] [ 10345][17:58:06:705865][info  ] RTSpatialIndex 0x765a7000a800 (Used 1 MB), Probe Points, Size: 100000, Results: 13
[LIBGPUSPATIAL] [ 10350][17:58:06:706560][info  ] RTSpatialIndex 0x765a7000a800 (Used 1 MB), Allocate result buffer, memory consumption 0 MB, capacity 12
[LIBGPUSPATIAL] [ 10350][17:58:06:706693][info  ] RTSpatialIndex 0x765a7000a800 (Used 1 MB), Probe Points, Size: 100000, Results: 12
[LIBGPUSPATIAL] [ 10345][17:58:06:706954][info  ] RTSpatialRefiner 0x765a73d2a220 (Used 0 MB), Loaded Geometries, ProbeArray 100000, Loaded 13, Type Point
[LIBGPUSPATIAL] [ 10346][17:58:06:706996][info  ] RTSpatialIndex 0x765a7000a800 (Used 2 MB), Probe Points, Size: 100000, Results: 21
[LIBGPUSPATIAL] [ 10345][17:58:06:707002][info  ] RTSpatialRefiner 0x765a73d2a220 (Used 2 MB), Evaluating 13 Geometry Pairs with Predicate Intersects
[LIBGPUSPATIAL] [ 10351][17:58:06:707493][info  ] RTSpatialIndex 0x765a7000a800 (Used 0 MB), Allocate result buffer, memory consumption 0 MB, capacity 18
[LIBGPUSPATIAL] [ 10351][17:58:06:707801][info  ] RTSpatialIndex 0x765a7000a800 (Used 0 MB), Probe Points, Size: 100000, Results: 18
[LIBGPUSPATIAL] [ 10350][17:58:06:708145][info  ] RTSpatialRefiner 0x765a73d2a220 (Used 0 MB), Loaded Geometries, ProbeArray 100000, Loaded 12, Type Point
[LIBGPUSPATIAL] [ 10350][17:58:06:708186][info  ] RTSpatialRefiner 0x765a73d2a220 (Used 0 MB), Evaluating 12 Geometry Pairs with Predicate Intersects
[LIBGPUSPATIAL] [ 10346][17:58:06:708201][info  ] RTSpatialRefiner 0x765a73d2a220 (Used 0 MB), Loaded Geometries, ProbeArray 100000, Loaded 21, Type Point
[LIBGPUSPATIAL] [ 10346][17:58:06:708244][info  ] RTSpatialRefiner 0x765a73d2a220 (Used 0 MB), Evaluating 21 Geometry Pairs with Predicate Intersects
[LIBGPUSPATIAL] [ 10351][17:58:06:708889][info  ] RTSpatialRefiner 0x765a73d2a220 (Used 0 MB), Loaded Geometries, ProbeArray 100000, Loaded 18, Type Point
[LIBGPUSPATIAL] [ 10351][17:58:06:708933][info  ] RTSpatialRefiner 0x765a73d2a220 (Used 0 MB), Evaluating 18 Geometry Pairs with Predicate Intersects
[LIBGPUSPATIAL] [ 10349][17:58:06:709484][info  ] RTSpatialIndex 0x765a7000a800 (Used 0 MB), Allocate result buffer, memory consumption 0 MB, capacity 16
[LIBGPUSPATIAL] [ 10349][17:58:06:709631][info  ] RTSpatialIndex 0x765a7000a800 (Used 0 MB), Probe Points, Size: 100000, Results: 16
[LIBGPUSPATIAL] [ 10349][17:58:06:712350][info  ] RTSpatialRefiner 0x765a73d2a220 (Used 0 MB), Loaded Geometries, ProbeArray 100000, Loaded 16, Type Point
[LIBGPUSPATIAL] [ 10349][17:58:06:712396][info  ] RTSpatialRefiner 0x765a73d2a220 (Used 0 MB), Evaluating 16 Geometry Pairs with Predicate Intersects
[LIBGPUSPATIAL] [ 10352][17:58:06:717100][info  ] RTSpatialIndex 0x765a7000a800 (Used 0 MB), Allocate result buffer, memory consumption 0 MB, capacity 19
[LIBGPUSPATIAL] [ 10352][17:58:06:717244][info  ] RTSpatialIndex 0x765a7000a800 (Used 0 MB), Probe Points, Size: 100000, Results: 19
[LIBGPUSPATIAL] [ 10352][17:58:06:717937][info  ] RTSpatialRefiner 0x765a73d2a220 (Used 1 MB), Loaded Geometries, ProbeArray 100000, Loaded 19, Type Point
[LIBGPUSPATIAL] [ 10352][17:58:06:718106][info  ] RTSpatialRefiner 0x765a73d2a220 (Used 2 MB), Evaluating 19 Geometry Pairs with Predicate Intersects
[LIBGPUSPATIAL] [ 10348][17:58:06:718215][info  ] RTSpatialIndex 0x765a7000a800 (Used 0 MB), Allocate result buffer, memory consumption 0 MB, capacity 11
[LIBGPUSPATIAL] [ 10348][17:58:06:718376][info  ] RTSpatialIndex 0x765a7000a800 (Used 0 MB), Probe Points, Size: 100000, Results: 11
[LIBGPUSPATIAL] [ 10347][17:58:06:719411][info  ] RTSpatialIndex 0x765a7000a800 (Used 0 MB), Allocate result buffer, memory consumption 0 MB, capacity 24
[LIBGPUSPATIAL] [ 10347][17:58:06:719516][info  ] RTSpatialIndex 0x765a7000a800 (Used 0 MB), Probe Points, Size: 100000, Results: 24
[LIBGPUSPATIAL] [ 10348][17:58:06:720327][info  ] RTSpatialRefiner 0x765a73d2a220 (Used 0 MB), Loaded Geometries, ProbeArray 100000, Loaded 11, Type Point
[LIBGPUSPATIAL] [ 10348][17:58:06:720374][info  ] RTSpatialRefiner 0x765a73d2a220 (Used 0 MB), Evaluating 11 Geometry Pairs with Predicate Intersects
[LIBGPUSPATIAL] [ 10347][17:58:06:720400][info  ] RTSpatialRefiner 0x765a73d2a220 (Used 0 MB), Loaded Geometries, ProbeArray 100000, Loaded 24, Type Point
[LIBGPUSPATIAL] [ 10347][17:58:06:720449][info  ] RTSpatialRefiner 0x765a73d2a220 (Used 0 MB), Evaluating 24 Geometry Pairs with Predicate Intersects
[LIBGPUSPATIAL] [ 10350][17:58:06:722959][info  ] RTSpatialIndex 0x765a7000a800 (Used 5 MB), Allocate result buffer, memory consumption 0 MB, capacity 16
[LIBGPUSPATIAL] [ 10345][17:58:06:723421][info  ] RTSpatialIndex 0x765a7000a800 (Used 3 MB), Allocate result buffer, memory consumption 0 MB, capacity 15
[LIBGPUSPATIAL] [ 10346][17:58:06:723547][info  ] RTSpatialIndex 0x765a7000a800 (Used 3 MB), Allocate result buffer, memory consumption 0 MB, capacity 20
[LIBGPUSPATIAL] [ 10350][17:58:06:723602][info  ] RTSpatialIndex 0x765a7000a800 (Used 3 MB), Probe Points, Size: 100000, Results: 16
[LIBGPUSPATIAL] [ 10351][17:58:06:724093][info  ] RTSpatialIndex 0x765a7000a800 (Used 2 MB), Allocate result buffer, memory consumption 0 MB, capacity 17
[LIBGPUSPATIAL] [ 10345][17:58:06:724661][info  ] RTSpatialIndex 0x765a7000a800 (Used 2 MB), Probe Points, Size: 100000, Results: 15
[LIBGPUSPATIAL] [ 10346][17:58:06:724799][info  ] RTSpatialIndex 0x765a7000a800 (Used 1 MB), Probe Points, Size: 100000, Results: 20
[LIBGPUSPATIAL] [ 10350][17:58:06:724936][info  ] RTSpatialRefiner 0x765a73d2a220 (Used 0 MB), Loaded Geometries, ProbeArray 100000, Loaded 16, Type Point
[LIBGPUSPATIAL] [ 10351][17:58:06:725013][info  ] RTSpatialIndex 0x765a7000a800 (Used 0 MB), Probe Points, Size: 100000, Results: 17
[LIBGPUSPATIAL] [ 10350][17:58:06:725075][info  ] RTSpatialRefiner 0x765a73d2a220 (Used 0 MB), Evaluating 16 Geometry Pairs with Predicate Intersects
[LIBGPUSPATIAL] [ 10349][17:58:06:725580][info  ] RTSpatialIndex 0x765a7000a800 (Used 0 MB), Allocate result buffer, memory consumption 0 MB, capacity 13
[LIBGPUSPATIAL] [ 10346][17:58:06:725587][info  ] RTSpatialRefiner 0x765a73d2a220 (Used 0 MB), Loaded Geometries, ProbeArray 100000, Loaded 20, Type Point
[LIBGPUSPATIAL] [ 10345][17:58:06:725623][info  ] RTSpatialRefiner 0x765a73d2a220 (Used 0 MB), Loaded Geometries, ProbeArray 100000, Loaded 15, Type Point
[LIBGPUSPATIAL] [ 10346][17:58:06:725626][info  ] RTSpatialRefiner 0x765a73d2a220 (Used 0 MB), Evaluating 20 Geometry Pairs with Predicate Intersects
[LIBGPUSPATIAL] [ 10345][17:58:06:725675][info  ] RTSpatialRefiner 0x765a73d2a220 (Used 0 MB), Evaluating 15 Geometry Pairs with Predicate Intersects
[LIBGPUSPATIAL] [ 10351][17:58:06:725681][info  ] RTSpatialRefiner 0x765a73d2a220 (Used 0 MB), Loaded Geometries, ProbeArray 100000, Loaded 17, Type Point
[LIBGPUSPATIAL] [ 10351][17:58:06:725716][info  ] RTSpatialRefiner 0x765a73d2a220 (Used 0 MB), Evaluating 17 Geometry Pairs with Predicate Intersects
[LIBGPUSPATIAL] [ 10349][17:58:06:726135][info  ] RTSpatialIndex 0x765a7000a800 (Used 1 MB), Probe Points, Size: 100000, Results: 13
[LIBGPUSPATIAL] [ 10349][17:58:06:726748][info  ] RTSpatialRefiner 0x765a73d2a220 (Used 0 MB), Loaded Geometries, ProbeArray 100000, Loaded 13, Type Point
[LIBGPUSPATIAL] [ 10349][17:58:06:726803][info  ] RTSpatialRefiner 0x765a73d2a220 (Used 0 MB), Evaluating 13 Geometry Pairs with Predicate Intersects
[LIBGPUSPATIAL] [ 10352][17:58:06:732096][info  ] RTSpatialIndex 0x765a7000a800 (Used 0 MB), Allocate result buffer, memory consumption 0 MB, capacity 15
[LIBGPUSPATIAL] [ 10352][17:58:06:732221][info  ] RTSpatialIndex 0x765a7000a800 (Used 0 MB), Probe Points, Size: 100000, Results: 15
[LIBGPUSPATIAL] [ 10352][17:58:06:732596][info  ] RTSpatialRefiner 0x765a73d2a220 (Used 0 MB), Loaded Geometries, ProbeArray 100000, Loaded 15, Type Point
[LIBGPUSPATIAL] [ 10352][17:58:06:732633][info  ] RTSpatialRefiner 0x765a73d2a220 (Used 0 MB), Evaluating 15 Geometry Pairs with Predicate Intersects
[LIBGPUSPATIAL] [ 10348][17:58:06:734064][info  ] RTSpatialIndex 0x765a7000a800 (Used 2 MB), Allocate result buffer, memory consumption 0 MB, capacity 13
[LIBGPUSPATIAL] [ 10348][17:58:06:734609][info  ] RTSpatialIndex 0x765a7000a800 (Used 1 MB), Probe Points, Size: 100000, Results: 13
[LIBGPUSPATIAL] [ 10347][17:58:06:734657][info  ] RTSpatialIndex 0x765a7000a800 (Used 0 MB), Allocate result buffer, memory consumption 0 MB, capacity 5
[LIBGPUSPATIAL] [ 10347][17:58:06:735091][info  ] RTSpatialIndex 0x765a7000a800 (Used 0 MB), Probe Points, Size: 100000, Results: 5
[LIBGPUSPATIAL] [ 10348][17:58:06:735834][info  ] RTSpatialRefiner 0x765a73d2a220 (Used 0 MB), Loaded Geometries, ProbeArray 100000, Loaded 13, Type Point
[LIBGPUSPATIAL] [ 10348][17:58:06:735905][info  ] RTSpatialRefiner 0x765a73d2a220 (Used 0 MB), Evaluating 13 Geometry Pairs with Predicate Intersects
[LIBGPUSPATIAL] [ 10347][17:58:06:736221][info  ] RTSpatialRefiner 0x765a73d2a220 (Used 0 MB), Loaded Geometries, ProbeArray 100000, Loaded 5, Type Point
[LIBGPUSPATIAL] [ 10347][17:58:06:736270][info  ] RTSpatialRefiner 0x765a73d2a220 (Used 0 MB), Evaluating 5 Geometry Pairs with Predicate Intersects
[LIBGPUSPATIAL] [ 10350][17:58:06:739340][info  ] RTSpatialIndex 0x765a7000a800 (Used 0 MB), Allocate result buffer, memory consumption 0 MB, capacity 15
[LIBGPUSPATIAL] [ 10350][17:58:06:739492][info  ] RTSpatialIndex 0x765a7000a800 (Used 0 MB), Probe Points, Size: 100000, Results: 15
[LIBGPUSPATIAL] [ 10350][17:58:06:740333][info  ] RTSpatialRefiner 0x765a73d2a220 (Used 2 MB), Loaded Geometries, ProbeArray 100000, Loaded 15, Type Point
[LIBGPUSPATIAL] [ 10350][17:58:06:740501][info  ] RTSpatialRefiner 0x765a73d2a220 (Used 3 MB), Evaluating 15 Geometry Pairs with Predicate Intersects
[LIBGPUSPATIAL] [ 10346][17:58:06:741153][info  ] RTSpatialIndex 0x765a7000a800 (Used 4 MB), Allocate result buffer, memory consumption 0 MB, capacity 19
[LIBGPUSPATIAL] [ 10345][17:58:06:741457][info  ] RTSpatialIndex 0x765a7000a800 (Used 3 MB), Allocate result buffer, memory consumption 0 MB, capacity 13
[LIBGPUSPATIAL] [ 10346][17:58:06:741586][info  ] RTSpatialIndex 0x765a7000a800 (Used 3 MB), Probe Points, Size: 100000, Results: 19
[LIBGPUSPATIAL] [ 10349][17:58:06:741631][info  ] RTSpatialIndex 0x765a7000a800 (Used 2 MB), Allocate result buffer, memory consumption 0 MB, capacity 26
[LIBGPUSPATIAL] [ 10349][17:58:06:742099][info  ] RTSpatialIndex 0x765a7000a800 (Used 2 MB), Probe Points, Size: 100000, Results: 26
[LIBGPUSPATIAL] [ 10346][17:58:06:742348][info  ] RTSpatialRefiner 0x765a73d2a220 (Used 1 MB), Loaded Geometries, ProbeArray 100000, Loaded 19, Type Point
[LIBGPUSPATIAL] [ 10346][17:58:06:742414][info  ] RTSpatialRefiner 0x765a73d2a220 (Used 1 MB), Evaluating 19 Geometry Pairs with Predicate Intersects
[LIBGPUSPATIAL] [ 10351][17:58:06:742562][info  ] RTSpatialIndex 0x765a7000a800 (Used 1 MB), Allocate result buffer, memory consumption 0 MB, capacity 21
[LIBGPUSPATIAL] [ 10345][17:58:06:742582][info  ] RTSpatialIndex 0x765a7000a800 (Used 1 MB), Probe Points, Size: 100000, Results: 13
[LIBGPUSPATIAL] [ 10351][17:58:06:742935][info  ] RTSpatialIndex 0x765a7000a800 (Used 0 MB), Probe Points, Size: 100000, Results: 21
[LIBGPUSPATIAL] [ 10349][17:58:06:743004][info  ] RTSpatialRefiner 0x765a73d2a220 (Used 0 MB), Loaded Geometries, ProbeArray 100000, Loaded 26, Type Point
[LIBGPUSPATIAL] [ 10349][17:58:06:743085][info  ] RTSpatialRefiner 0x765a73d2a220 (Used 0 MB), Evaluating 26 Geometry Pairs with Predicate Intersects
[LIBGPUSPATIAL] [ 10345][17:58:06:743204][info  ] RTSpatialRefiner 0x765a73d2a220 (Used 0 MB), Loaded Geometries, ProbeArray 100000, Loaded 13, Type Point
[LIBGPUSPATIAL] [ 10345][17:58:06:743264][info  ] RTSpatialRefiner 0x765a73d2a220 (Used 0 MB), Evaluating 13 Geometry Pairs with Predicate Intersects
[LIBGPUSPATIAL] [ 10351][17:58:06:743697][info  ] RTSpatialRefiner 0x765a73d2a220 (Used 0 MB), Loaded Geometries, ProbeArray 100000, Loaded 21, Type Point
[LIBGPUSPATIAL] [ 10351][17:58:06:743797][info  ] RTSpatialRefiner 0x765a73d2a220 (Used 0 MB), Evaluating 21 Geometry Pairs with Predicate Intersects
[LIBGPUSPATIAL] [ 10352][17:58:06:745697][info  ] RTSpatialIndex 0x765a7000a800 (Used 0 MB), Allocate result buffer, memory consumption 0 MB, capacity 17
[LIBGPUSPATIAL] [ 10352][17:58:06:745817][info  ] RTSpatialIndex 0x765a7000a800 (Used 0 MB), Probe Points, Size: 100000, Results: 17
[LIBGPUSPATIAL] [ 10352][17:58:06:746648][info  ] RTSpatialRefiner 0x765a73d2a220 (Used 0 MB), Loaded Geometries, ProbeArray 100000, Loaded 17, Type Point
[LIBGPUSPATIAL] [ 10352][17:58:06:746684][info  ] RTSpatialRefiner 0x765a73d2a220 (Used 0 MB), Evaluating 17 Geometry Pairs with Predicate Intersects
[LIBGPUSPATIAL] [ 10348][17:58:06:748787][info  ] RTSpatialIndex 0x765a7000a800 (Used 0 MB), Allocate result buffer, memory consumption 0 MB, capacity 24
[LIBGPUSPATIAL] [ 10348][17:58:06:748930][info  ] RTSpatialIndex 0x765a7000a800 (Used 0 MB), Probe Points, Size: 100000, Results: 24
[LIBGPUSPATIAL] [ 10347][17:58:06:749781][info  ] RTSpatialIndex 0x765a7000a800 (Used 0 MB), Allocate result buffer, memory consumption 0 MB, capacity 11
[LIBGPUSPATIAL] [ 10347][17:58:06:749928][info  ] RTSpatialIndex 0x765a7000a800 (Used 0 MB), Probe Points, Size: 100000, Results: 11
[LIBGPUSPATIAL] [ 10348][17:58:06:750060][info  ] RTSpatialRefiner 0x765a73d2a220 (Used 0 MB), Loaded Geometries, ProbeArray 100000, Loaded 24, Type Point
[LIBGPUSPATIAL] [ 10348][17:58:06:750109][info  ] RTSpatialRefiner 0x765a73d2a220 (Used 0 MB), Evaluating 24 Geometry Pairs with Predicate Intersects
[LIBGPUSPATIAL] [ 10347][17:58:06:750310][info  ] RTSpatialRefiner 0x765a73d2a220 (Used 0 MB), Loaded Geometries, ProbeArray 100000, Loaded 11, Type Point
[LIBGPUSPATIAL] [ 10347][17:58:06:750360][info  ] RTSpatialRefiner 0x765a73d2a220 (Used 0 MB), Evaluating 11 Geometry Pairs with Predicate Intersects
[LIBGPUSPATIAL] [ 10350][17:58:06:754730][info  ] RTSpatialIndex 0x765a7000a800 (Used 0 MB), Allocate result buffer, memory consumption 0 MB, capacity 18
[LIBGPUSPATIAL] [ 10350][17:58:06:754887][info  ] RTSpatialIndex 0x765a7000a800 (Used 0 MB), Probe Points, Size: 100000, Results: 18
[LIBGPUSPATIAL] [ 10348][17:58:06:755342][info  ] RTSpatialIndex 0x765a7000a800 (Used 0 MB), Allocate result buffer, memory consumption 0 MB, capacity 9
[LIBGPUSPATIAL] [ 10348][17:58:06:755475][info  ] RTSpatialIndex 0x765a7000a800 (Used 0 MB), Probe Points, Size: 33333, Results: 9
[LIBGPUSPATIAL] [ 10350][17:58:06:755811][info  ] RTSpatialRefiner 0x765a73d2a220 (Used 1 MB), Loaded Geometries, ProbeArray 100000, Loaded 18, Type Point
[LIBGPUSPATIAL] [ 10350][17:58:06:755876][info  ] RTSpatialRefiner 0x765a73d2a220 (Used 2 MB), Evaluating 18 Geometry Pairs with Predicate Intersects
[LIBGPUSPATIAL] [ 10346][17:58:06:756418][info  ] RTSpatialIndex 0x765a7000a800 (Used 1 MB), Allocate result buffer, memory consumption 0 MB, capacity 13
[LIBGPUSPATIAL] [ 10349][17:58:06:757094][info  ] RTSpatialIndex 0x765a7000a800 (Used 2 MB), Allocate result buffer, memory consumption 0 MB, capacity 18
[LIBGPUSPATIAL] [ 10348][17:58:06:757129][info  ] RTSpatialRefiner 0x765a73d2a220 (Used 2 MB), Loaded Geometries, ProbeArray 33333, Loaded 9, Type Point
[LIBGPUSPATIAL] [ 10348][17:58:06:757282][info  ] RTSpatialRefiner 0x765a73d2a220 (Used 2 MB), Evaluating 9 Geometry Pairs with Predicate Intersects
[LIBGPUSPATIAL] [ 10346][17:58:06:757431][info  ] RTSpatialIndex 0x765a7000a800 (Used 3 MB), Probe Points, Size: 100000, Results: 13
[LIBGPUSPATIAL] [ 10349][17:58:06:757703][info  ] RTSpatialIndex 0x765a7000a800 (Used 3 MB), Probe Points, Size: 100000, Results: 18
[LIBGPUSPATIAL] [ 10351][17:58:06:757967][info  ] RTSpatialIndex 0x765a7000a800 (Used 2 MB), Allocate result buffer, memory consumption 0 MB, capacity 12
[LIBGPUSPATIAL] [ 10351][17:58:06:758510][info  ] RTSpatialIndex 0x765a7000a800 (Used 1 MB), Probe Points, Size: 100000, Results: 12
[LIBGPUSPATIAL] [ 10346][17:58:06:758516][info  ] RTSpatialRefiner 0x765a73d2a220 (Used 1 MB), Loaded Geometries, ProbeArray 100000, Loaded 13, Type Point
[LIBGPUSPATIAL] [ 10346][17:58:06:758626][info  ] RTSpatialRefiner 0x765a73d2a220 (Used 2 MB), Evaluating 13 Geometry Pairs with Predicate Intersects
[LIBGPUSPATIAL] [ 10345][17:58:06:758888][info  ] RTSpatialIndex 0x765a7000a800 (Used 1 MB), Allocate result buffer, memory consumption 0 MB, capacity 16
[LIBGPUSPATIAL] [ 10349][17:58:06:758896][info  ] RTSpatialRefiner 0x765a73d2a220 (Used 1 MB), Loaded Geometries, ProbeArray 100000, Loaded 18, Type Point
[LIBGPUSPATIAL] [ 10349][17:58:06:758935][info  ] RTSpatialRefiner 0x765a73d2a220 (Used 1 MB), Evaluating 18 Geometry Pairs with Predicate Intersects
[LIBGPUSPATIAL] [ 10352][17:58:06:759365][info  ] RTSpatialIndex 0x765a7000a800 (Used 1 MB), Allocate result buffer, memory consumption 0 MB, capacity 6
[LIBGPUSPATIAL] [ 10351][17:58:06:759371][info  ] RTSpatialRefiner 0x765a73d2a220 (Used 1 MB), Loaded Geometries, ProbeArray 100000, Loaded 12, Type Point
[LIBGPUSPATIAL] [ 10351][17:58:06:759526][info  ] RTSpatialRefiner 0x765a73d2a220 (Used 1 MB), Evaluating 12 Geometry Pairs with Predicate Intersects
[LIBGPUSPATIAL] [ 10345][17:58:06:759747][info  ] RTSpatialIndex 0x765a7000a800 (Used 1 MB), Probe Points, Size: 100000, Results: 16
[LIBGPUSPATIAL] [ 10352][17:58:06:760345][info  ] RTSpatialIndex 0x765a7000a800 (Used 0 MB), Probe Points, Size: 100000, Results: 6
[LIBGPUSPATIAL] [ 10345][17:58:06:760714][info  ] RTSpatialRefiner 0x765a73d2a220 (Used 0 MB), Loaded Geometries, ProbeArray 100000, Loaded 16, Type Point
[LIBGPUSPATIAL] [ 10345][17:58:06:760749][info  ] RTSpatialRefiner 0x765a73d2a220 (Used 0 MB), Evaluating 16 Geometry Pairs with Predicate Intersects
[LIBGPUSPATIAL] [ 10347][17:58:06:762435][info  ] RTSpatialIndex 0x765a7000a800 (Used 0 MB), Allocate result buffer, memory consumption 0 MB, capacity 16
[LIBGPUSPATIAL] [ 10347][17:58:06:762550][info  ] RTSpatialIndex 0x765a7000a800 (Used 0 MB), Probe Points, Size: 100000, Results: 16
[LIBGPUSPATIAL] [ 10352][17:58:06:763060][info  ] RTSpatialRefiner 0x765a73d2a220 (Used 0 MB), Loaded Geometries, ProbeArray 100000, Loaded 6, Type Point
[LIBGPUSPATIAL] [ 10352][17:58:06:763105][info  ] RTSpatialRefiner 0x765a73d2a220 (Used 0 MB), Evaluating 6 Geometry Pairs with Predicate Intersects
[LIBGPUSPATIAL] [ 10347][17:58:06:764068][info  ] RTSpatialRefiner 0x765a73d2a220 (Used 0 MB), Loaded Geometries, ProbeArray 100000, Loaded 16, Type Point
[LIBGPUSPATIAL] [ 10347][17:58:06:764111][info  ] RTSpatialRefiner 0x765a73d2a220 (Used 0 MB), Evaluating 16 Geometry Pairs with Predicate Intersects
[LIBGPUSPATIAL] [ 10349][17:58:06:765137][info  ] RTSpatialIndex 0x765a7000a800 (Used 1 MB), Allocate result buffer, memory consumption 0 MB, capacity 6
[LIBGPUSPATIAL] [ 10351][17:58:06:765190][info  ] RTSpatialIndex 0x765a7000a800 (Used 1 MB), Allocate result buffer, memory consumption 0 MB, capacity 7
[LIBGPUSPATIAL] [ 10346][17:58:06:765383][info  ] RTSpatialIndex 0x765a7000a800 (Used 0 MB), Allocate result buffer, memory consumption 0 MB, capacity 6
[LIBGPUSPATIAL] [ 10349][17:58:06:765562][info  ] RTSpatialIndex 0x765a7000a800 (Used 0 MB), Probe Points, Size: 33333, Results: 6
[LIBGPUSPATIAL] [ 10351][17:58:06:765689][info  ] RTSpatialIndex 0x765a7000a800 (Used 0 MB), Probe Points, Size: 33333, Results: 7
[LIBGPUSPATIAL] [ 10346][17:58:06:765894][info  ] RTSpatialIndex 0x765a7000a800 (Used 0 MB), Probe Points, Size: 33333, Results: 6
[LIBGPUSPATIAL] [ 10351][17:58:06:766124][info  ] RTSpatialRefiner 0x765a73d2a220 (Used 0 MB), Loaded Geometries, ProbeArray 33333, Loaded 7, Type Point
[LIBGPUSPATIAL] [ 10351][17:58:06:766166][info  ] RTSpatialRefiner 0x765a73d2a220 (Used 0 MB), Evaluating 7 Geometry Pairs with Predicate Intersects
[LIBGPUSPATIAL] [ 10352][17:58:06:768150][info  ] RTSpatialIndex 0x765a7000a800 (Used 0 MB), Allocate result buffer, memory consumption 0 MB, capacity 10
[LIBGPUSPATIAL] [ 10352][17:58:06:768246][info  ] RTSpatialIndex 0x765a7000a800 (Used 0 MB), Probe Points, Size: 33333, Results: 10
[LIBGPUSPATIAL] [ 10349][17:58:06:769120][info  ] RTSpatialRefiner 0x765a73d2a220 (Used 0 MB), Loaded Geometries, ProbeArray 33333, Loaded 6, Type Point
[LIBGPUSPATIAL] [ 10349][17:58:06:769165][info  ] RTSpatialRefiner 0x765a73d2a220 (Used 0 MB), Evaluating 6 Geometry Pairs with Predicate Intersects
[LIBGPUSPATIAL] [ 10346][17:58:06:769185][info  ] RTSpatialRefiner 0x765a73d2a220 (Used 0 MB), Loaded Geometries, ProbeArray 33333, Loaded 6, Type Point
[LIBGPUSPATIAL] [ 10352][17:58:06:769415][info  ] RTSpatialRefiner 0x765a73d2a220 (Used 1 MB), Loaded Geometries, ProbeArray 33333, Loaded 10, Type Point
[LIBGPUSPATIAL] [ 10352][17:58:06:769472][info  ] RTSpatialRefiner 0x765a73d2a220 (Used 1 MB), Evaluating 10 Geometry Pairs with Predicate Intersects
[LIBGPUSPATIAL] [ 10346][17:58:06:769520][info  ] RTSpatialRefiner 0x765a73d2a220 (Used 0 MB), Evaluating 6 Geometry Pairs with Predicate Intersects
[LIBGPUSPATIAL] [ 10350][17:58:06:769897][info  ] RTSpatialIndex 0x765a7000a800 (Used 0 MB), Allocate result buffer, memory consumption 0 MB, capacity 11
[LIBGPUSPATIAL] [ 10350][17:58:06:770452][info  ] RTSpatialIndex 0x765a7000a800 (Used 1 MB), Probe Points, Size: 100000, Results: 11
[LIBGPUSPATIAL] [ 10347][17:58:06:771767][info  ] RTSpatialIndex 0x765a7000a800 (Used 0 MB), Allocate result buffer, memory consumption 0 MB, capacity 5
[LIBGPUSPATIAL] [ 10347][17:58:06:772001][info  ] RTSpatialIndex 0x765a7000a800 (Used 0 MB), Probe Points, Size: 33333, Results: 5
[LIBGPUSPATIAL] [ 10350][17:58:06:772070][info  ] RTSpatialRefiner 0x765a73d2a220 (Used 0 MB), Loaded Geometries, ProbeArray 100000, Loaded 11, Type Point
[LIBGPUSPATIAL] [ 10350][17:58:06:772108][info  ] RTSpatialRefiner 0x765a73d2a220 (Used 0 MB), Evaluating 11 Geometry Pairs with Predicate Intersects
[LIBGPUSPATIAL] [ 10347][17:58:06:774385][info  ] RTSpatialRefiner 0x765a73d2a220 (Used 0 MB), Loaded Geometries, ProbeArray 33333, Loaded 5, Type Point
[LIBGPUSPATIAL] [ 10347][17:58:06:774522][info  ] RTSpatialRefiner 0x765a73d2a220 (Used 0 MB), Evaluating 5 Geometry Pairs with Predicate Intersects
[LIBGPUSPATIAL] [ 10345][17:58:06:775727][info  ] RTSpatialIndex 0x765a7000a800 (Used 0 MB), Allocate result buffer, memory consumption 0 MB, capacity 18
[LIBGPUSPATIAL] [ 10345][17:58:06:776183][info  ] RTSpatialIndex 0x765a7000a800 (Used 0 MB), Probe Points, Size: 100000, Results: 18
[LIBGPUSPATIAL] [ 10345][17:58:06:776718][info  ] RTSpatialRefiner 0x765a73d2a220 (Used 0 MB), Loaded Geometries, ProbeArray 100000, Loaded 18, Type Point
[LIBGPUSPATIAL] [ 10345][17:58:06:776790][info  ] RTSpatialRefiner 0x765a73d2a220 (Used 0 MB), Evaluating 18 Geometry Pairs with Predicate Intersects
[LIBGPUSPATIAL] [ 10350][17:58:06:778027][info  ] RTSpatialIndex 0x765a7000a800 (Used 0 MB), Allocate result buffer, memory consumption 0 MB, capacity 3
[LIBGPUSPATIAL] [ 10350][17:58:06:778261][info  ] RTSpatialIndex 0x765a7000a800 (Used 0 MB), Probe Points, Size: 33333, Results: 3
[LIBGPUSPATIAL] [ 10348][17:58:06:779969][info  ] RTSpatialIndex 0x765a7000a800 (Used 0 MB), Allocate result buffer, memory consumption 0 MB, capacity 16
[LIBGPUSPATIAL] [ 10348][17:58:06:780159][info  ] RTSpatialIndex 0x765a7000a800 (Used 0 MB), Probe Points, Size: 100000, Results: 16
[LIBGPUSPATIAL] [ 10350][17:58:06:779972][info  ] RTSpatialRefiner 0x765a73d2a220 (Used 0 MB), Loaded Geometries, ProbeArray 33333, Loaded 3, Type Point
[LIBGPUSPATIAL] [ 10350][17:58:06:780435][info  ] RTSpatialRefiner 0x765a73d2a220 (Used 0 MB), Evaluating 3 Geometry Pairs with Predicate Intersects
[LIBGPUSPATIAL] [ 10348][17:58:06:780685][info  ] RTSpatialRefiner 0x765a73d2a220 (Used 0 MB), Loaded Geometries, ProbeArray 100000, Loaded 16, Type Point
[LIBGPUSPATIAL] [ 10348][17:58:06:780784][info  ] RTSpatialRefiner 0x765a73d2a220 (Used 0 MB), Evaluating 16 Geometry Pairs with Predicate Intersects
[LIBGPUSPATIAL] [ 10346][17:58:06:785324][info  ] RTSpatialIndex 0x765a7000a800 (Used 0 MB), Allocate result buffer, memory consumption 0 MB, capacity 20
[LIBGPUSPATIAL] [ 10346][17:58:06:785465][info  ] RTSpatialIndex 0x765a7000a800 (Used 0 MB), Probe Points, Size: 100000, Results: 20
[LIBGPUSPATIAL] [ 10346][17:58:06:786448][info  ] RTSpatialRefiner 0x765a73d2a220 (Used 0 MB), Loaded Geometries, ProbeArray 100000, Loaded 20, Type Point
[LIBGPUSPATIAL] [ 10346][17:58:06:786608][info  ] RTSpatialRefiner 0x765a73d2a220 (Used 0 MB), Evaluating 20 Geometry Pairs with Predicate Intersects
[LIBGPUSPATIAL] [ 10345][17:58:06:792207][info  ] RTSpatialIndex 0x765a7000a800 (Used 0 MB), Allocate result buffer, memory consumption 0 MB, capacity 12
[LIBGPUSPATIAL] [ 10345][17:58:06:792370][info  ] RTSpatialIndex 0x765a7000a800 (Used 0 MB), Probe Points, Size: 100000, Results: 12
[LIBGPUSPATIAL] [ 10345][17:58:06:792753][info  ] RTSpatialRefiner 0x765a73d2a220 (Used 0 MB), Loaded Geometries, ProbeArray 100000, Loaded 12, Type Point
[LIBGPUSPATIAL] [ 10345][17:58:06:792793][info  ] RTSpatialRefiner 0x765a73d2a220 (Used 0 MB), Evaluating 12 Geometry Pairs with Predicate Intersects
[LIBGPUSPATIAL] [ 10352][17:58:06:793691][info  ] RTSpatialIndex 0x765a7000a800 (Used 1 MB), Allocate result buffer, memory consumption 0 MB, capacity 17
[LIBGPUSPATIAL] [ 10349][17:58:06:793754][info  ] RTSpatialIndex 0x765a7000a800 (Used 1 MB), Allocate result buffer, memory consumption 0 MB, capacity 18
[LIBGPUSPATIAL] [ 10352][17:58:06:794308][info  ] RTSpatialIndex 0x765a7000a800 (Used 2 MB), Probe Points, Size: 100000, Results: 17
[LIBGPUSPATIAL] [ 10349][17:58:06:794504][info  ] RTSpatialIndex 0x765a7000a800 (Used 1 MB), Probe Points, Size: 100000, Results: 18
[LIBGPUSPATIAL] [ 10348][17:58:06:794784][info  ] RTSpatialIndex 0x765a7000a800 (Used 3 MB), Allocate result buffer, memory consumption 0 MB, capacity 12
[LIBGPUSPATIAL] [ 10348][17:58:06:795244][info  ] RTSpatialIndex 0x765a7000a800 (Used 1 MB), Probe Points, Size: 100000, Results: 12
[LIBGPUSPATIAL] [ 10347][17:58:06:795387][info  ] RTSpatialIndex 0x765a7000a800 (Used 0 MB), Allocate result buffer, memory consumption 0 MB, capacity 13
[LIBGPUSPATIAL] [ 10349][17:58:06:795472][info  ] RTSpatialRefiner 0x765a73d2a220 (Used 0 MB), Loaded Geometries, ProbeArray 100000, Loaded 18, Type Point
[LIBGPUSPATIAL] [ 10349][17:58:06:795530][info  ] RTSpatialRefiner 0x765a73d2a220 (Used 0 MB), Evaluating 18 Geometry Pairs with Predicate Intersects
[LIBGPUSPATIAL] [ 10352][17:58:06:795962][info  ] RTSpatialRefiner 0x765a73d2a220 (Used 0 MB), Loaded Geometries, ProbeArray 100000, Loaded 17, Type Point
[LIBGPUSPATIAL] [ 10347][17:58:06:795969][info  ] RTSpatialIndex 0x765a7000a800 (Used 0 MB), Probe Points, Size: 100000, Results: 13
[LIBGPUSPATIAL] [ 10352][17:58:06:796017][info  ] RTSpatialRefiner 0x765a73d2a220 (Used 1 MB), Evaluating 17 Geometry Pairs with Predicate Intersects
[LIBGPUSPATIAL] [ 10348][17:58:06:796301][info  ] RTSpatialRefiner 0x765a73d2a220 (Used 0 MB), Loaded Geometries, ProbeArray 100000, Loaded 12, Type Point
[LIBGPUSPATIAL] [ 10348][17:58:06:796343][info  ] RTSpatialRefiner 0x765a73d2a220 (Used 0 MB), Evaluating 12 Geometry Pairs with Predicate Intersects
[LIBGPUSPATIAL] [ 10347][17:58:06:796634][info  ] RTSpatialRefiner 0x765a73d2a220 (Used 1 MB), Loaded Geometries, ProbeArray 100000, Loaded 13, Type Point
[LIBGPUSPATIAL] [ 10347][17:58:06:796727][info  ] RTSpatialRefiner 0x765a73d2a220 (Used 1 MB), Evaluating 13 Geometry Pairs with Predicate Intersects
[LIBGPUSPATIAL] [ 10350][17:58:06:796753][info  ] RTSpatialIndex 0x765a7000a800 (Used 1 MB), Allocate result buffer, memory consumption 0 MB, capacity 17
[LIBGPUSPATIAL] [ 10350][17:58:06:797308][info  ] RTSpatialIndex 0x765a7000a800 (Used 0 MB), Probe Points, Size: 100000, Results: 17
[LIBGPUSPATIAL] [ 10350][17:58:06:797753][info  ] RTSpatialRefiner 0x765a73d2a220 (Used 0 MB), Loaded Geometries, ProbeArray 100000, Loaded 17, Type Point
[LIBGPUSPATIAL] [ 10350][17:58:06:797819][info  ] RTSpatialRefiner 0x765a73d2a220 (Used 0 MB), Evaluating 17 Geometry Pairs with Predicate Intersects
[LIBGPUSPATIAL] [ 10345][17:58:06:800131][info  ] RTSpatialIndex 0x765a7000a800 (Used 1 MB), Allocate result buffer, memory consumption 0 MB, capacity 6
[LIBGPUSPATIAL] [ 10351][17:58:06:800152][info  ] RTSpatialIndex 0x765a7000a800 (Used 1 MB), Allocate result buffer, memory consumption 0 MB, capacity 15
[LIBGPUSPATIAL] [ 10351][17:58:06:800351][info  ] RTSpatialIndex 0x765a7000a800 (Used 2 MB), Probe Points, Size: 100000, Results: 15
[LIBGPUSPATIAL] [ 10345][17:58:06:801964][info  ] RTSpatialIndex 0x765a7000a800 (Used 1 MB), Probe Points, Size: 33333, Results: 6
[LIBGPUSPATIAL] [ 10346][17:58:06:802001][info  ] RTSpatialIndex 0x765a7000a800 (Used 1 MB), Allocate result buffer, memory consumption 0 MB, capacity 18
[LIBGPUSPATIAL] [ 10346][17:58:06:802315][info  ] RTSpatialIndex 0x765a7000a800 (Used 0 MB), Probe Points, Size: 100000, Results: 18
[LIBGPUSPATIAL] [ 10345][17:58:06:802458][info  ] RTSpatialRefiner 0x765a73d2a220 (Used 0 MB), Loaded Geometries, ProbeArray 33333, Loaded 6, Type Point
[LIBGPUSPATIAL] [ 10345][17:58:06:802504][info  ] RTSpatialRefiner 0x765a73d2a220 (Used 0 MB), Evaluating 6 Geometry Pairs with Predicate Intersects
[LIBGPUSPATIAL] [ 10351][17:58:06:802598][info  ] RTSpatialRefiner 0x765a73d2a220 (Used 0 MB), Loaded Geometries, ProbeArray 100000, Loaded 15, Type Point
[LIBGPUSPATIAL] [ 10351][17:58:06:802638][info  ] RTSpatialRefiner 0x765a73d2a220 (Used 0 MB), Evaluating 15 Geometry Pairs with Predicate Intersects
[LIBGPUSPATIAL] [ 10346][17:58:06:803126][info  ] RTSpatialRefiner 0x765a73d2a220 (Used 0 MB), Loaded Geometries, ProbeArray 100000, Loaded 18, Type Point
[LIBGPUSPATIAL] [ 10346][17:58:06:803168][info  ] RTSpatialRefiner 0x765a73d2a220 (Used 0 MB), Evaluating 18 Geometry Pairs with Predicate Intersects
[LIBGPUSPATIAL] [ 10349][17:58:06:807280][info  ] RTSpatialIndex 0x765a7000a800 (Used 0 MB), Allocate result buffer, memory consumption 0 MB, capacity 14
[LIBGPUSPATIAL] [ 10349][17:58:06:807422][info  ] RTSpatialIndex 0x765a7000a800 (Used 0 MB), Probe Points, Size: 100000, Results: 14
[LIBGPUSPATIAL] [ 10349][17:58:06:808011][info  ] RTSpatialRefiner 0x765a73d2a220 (Used 0 MB), Loaded Geometries, ProbeArray 100000, Loaded 14, Type Point
[LIBGPUSPATIAL] [ 10349][17:58:06:808128][info  ] RTSpatialRefiner 0x765a73d2a220 (Used 0 MB), Evaluating 14 Geometry Pairs with Predicate Intersects
[LIBGPUSPATIAL] [ 10352][17:58:06:810975][info  ] RTSpatialIndex 0x765a7000a800 (Used 3 MB), Allocate result buffer, memory consumption 0 MB, capacity 19
[LIBGPUSPATIAL] [ 10350][17:58:06:811009][info  ] RTSpatialIndex 0x765a7000a800 (Used 3 MB), Allocate result buffer, memory consumption 0 MB, capacity 19
[LIBGPUSPATIAL] [ 10352][17:58:06:811476][info  ] RTSpatialIndex 0x765a7000a800 (Used 2 MB), Probe Points, Size: 100000, Results: 19
[LIBGPUSPATIAL] [ 10350][17:58:06:811589][info  ] RTSpatialIndex 0x765a7000a800 (Used 1 MB), Probe Points, Size: 100000, Results: 19
[LIBGPUSPATIAL] [ 10347][17:58:06:811650][info  ] RTSpatialIndex 0x765a7000a800 (Used 0 MB), Allocate result buffer, memory consumption 0 MB, capacity 13
[LIBGPUSPATIAL] [ 10352][17:58:06:812120][info  ] RTSpatialRefiner 0x765a73d2a220 (Used 0 MB), Loaded Geometries, ProbeArray 100000, Loaded 19, Type Point
[LIBGPUSPATIAL] [ 10352][17:58:06:812166][info  ] RTSpatialRefiner 0x765a73d2a220 (Used 0 MB), Evaluating 19 Geometry Pairs with Predicate Intersects
[LIBGPUSPATIAL] [ 10347][17:58:06:812179][info  ] RTSpatialIndex 0x765a7000a800 (Used 0 MB), Probe Points, Size: 100000, Results: 13
[LIBGPUSPATIAL] [ 10350][17:58:06:812322][info  ] RTSpatialRefiner 0x765a73d2a220 (Used 0 MB), Loaded Geometries, ProbeArray 100000, Loaded 19, Type Point
[LIBGPUSPATIAL] [ 10350][17:58:06:812429][info  ] RTSpatialRefiner 0x765a73d2a220 (Used 1 MB), Evaluating 19 Geometry Pairs with Predicate Intersects
[LIBGPUSPATIAL] [ 10347][17:58:06:812586][info  ] RTSpatialRefiner 0x765a73d2a220 (Used 1 MB), Loaded Geometries, ProbeArray 100000, Loaded 13, Type Point
[LIBGPUSPATIAL] [ 10347][17:58:06:812630][info  ] RTSpatialRefiner 0x765a73d2a220 (Used 2 MB), Evaluating 13 Geometry Pairs with Predicate Intersects
[LIBGPUSPATIAL] [ 10348][17:58:06:813062][info  ] RTSpatialIndex 0x765a7000a800 (Used 0 MB), Allocate result buffer, memory consumption 0 MB, capacity 19
[LIBGPUSPATIAL] [ 10348][17:58:06:813561][info  ] RTSpatialIndex 0x765a7000a800 (Used 1 MB), Probe Points, Size: 100000, Results: 19
[LIBGPUSPATIAL] [ 10348][17:58:06:815037][info  ] RTSpatialRefiner 0x765a73d2a220 (Used 0 MB), Loaded Geometries, ProbeArray 100000, Loaded 19, Type Point
[LIBGPUSPATIAL] [ 10348][17:58:06:815084][info  ] RTSpatialRefiner 0x765a73d2a220 (Used 0 MB), Evaluating 19 Geometry Pairs with Predicate Intersects
[LIBGPUSPATIAL] [ 10346][17:58:06:815960][info  ] RTSpatialIndex 0x765a7000a800 (Used 0 MB), Allocate result buffer, memory consumption 0 MB, capacity 15
[LIBGPUSPATIAL] [ 10346][17:58:06:816149][info  ] RTSpatialIndex 0x765a7000a800 (Used 0 MB), Probe Points, Size: 100000, Results: 15
[LIBGPUSPATIAL] [ 10346][17:58:06:816614][info  ] RTSpatialRefiner 0x765a73d2a220 (Used 0 MB), Loaded Geometries, ProbeArray 100000, Loaded 15, Type Point
[LIBGPUSPATIAL] [ 10346][17:58:06:816663][info  ] RTSpatialRefiner 0x765a73d2a220 (Used 0 MB), Evaluating 15 Geometry Pairs with Predicate Intersects
[LIBGPUSPATIAL] [ 10351][17:58:06:816673][info  ] RTSpatialIndex 0x765a7000a800 (Used 0 MB), Allocate result buffer, memory consumption 0 MB, capacity 14
[LIBGPUSPATIAL] [ 10351][17:58:06:816994][info  ] RTSpatialIndex 0x765a7000a800 (Used 0 MB), Probe Points, Size: 100000, Results: 14
[LIBGPUSPATIAL] [ 10351][17:58:06:817340][info  ] RTSpatialRefiner 0x765a73d2a220 (Used 0 MB), Loaded Geometries, ProbeArray 100000, Loaded 14, Type Point
[LIBGPUSPATIAL] [ 10351][17:58:06:817383][info  ] RTSpatialRefiner 0x765a73d2a220 (Used 0 MB), Evaluating 14 Geometry Pairs with Predicate Intersects
[LIBGPUSPATIAL] [ 10345][17:58:06:821300][info  ] RTSpatialIndex 0x765a7000a800 (Used 0 MB), Allocate result buffer, memory consumption 0 MB, capacity 15
[LIBGPUSPATIAL] [ 10345][17:58:06:821426][info  ] RTSpatialIndex 0x765a7000a800 (Used 0 MB), Probe Points, Size: 100000, Results: 15
[LIBGPUSPATIAL] [ 10349][17:58:06:822098][info  ] RTSpatialIndex 0x765a7000a800 (Used 0 MB), Allocate result buffer, memory consumption 0 MB, capacity 11
[LIBGPUSPATIAL] [ 10345][17:58:06:822106][info  ] RTSpatialRefiner 0x765a73d2a220 (Used 0 MB), Loaded Geometries, ProbeArray 100000, Loaded 15, Type Point
[LIBGPUSPATIAL] [ 10345][17:58:06:822168][info  ] RTSpatialRefiner 0x765a73d2a220 (Used 0 MB), Evaluating 15 Geometry Pairs with Predicate Intersects
[LIBGPUSPATIAL] [ 10349][17:58:06:822320][info  ] RTSpatialIndex 0x765a7000a800 (Used 0 MB), Probe Points, Size: 100000, Results: 11
[LIBGPUSPATIAL] [ 10349][17:58:06:822746][info  ] RTSpatialRefiner 0x765a73d2a220 (Used 0 MB), Loaded Geometries, ProbeArray 100000, Loaded 11, Type Point
[LIBGPUSPATIAL] [ 10349][17:58:06:822791][info  ] RTSpatialRefiner 0x765a73d2a220 (Used 0 MB), Evaluating 11 Geometry Pairs with Predicate Intersects
[LIBGPUSPATIAL] [ 10347][17:58:06:826487][info  ] RTSpatialIndex 0x765a7000a800 (Used 3 MB), Allocate result buffer, memory consumption 0 MB, capacity 21
[LIBGPUSPATIAL] [ 10347][17:58:06:827082][info  ] RTSpatialIndex 0x765a7000a800 (Used 2 MB), Probe Points, Size: 100000, Results: 21
[LIBGPUSPATIAL] [ 10352][17:58:06:827138][info  ] RTSpatialIndex 0x765a7000a800 (Used 1 MB), Allocate result buffer, memory consumption 0 MB, capacity 12
[LIBGPUSPATIAL] [ 10350][17:58:06:827269][info  ] RTSpatialIndex 0x765a7000a800 (Used 1 MB), Allocate result buffer, memory consumption 0 MB, capacity 14
[LIBGPUSPATIAL] [ 10350][17:58:06:827679][info  ] RTSpatialIndex 0x765a7000a800 (Used 1 MB), Probe Points, Size: 100000, Results: 14
[LIBGPUSPATIAL] [ 10352][17:58:06:827774][info  ] RTSpatialIndex 0x765a7000a800 (Used 0 MB), Probe Points, Size: 100000, Results: 12
[LIBGPUSPATIAL] [ 10347][17:58:06:827783][info  ] RTSpatialRefiner 0x765a73d2a220 (Used 0 MB), Loaded Geometries, ProbeArray 100000, Loaded 21, Type Point
[LIBGPUSPATIAL] [ 10347][17:58:06:827877][info  ] RTSpatialRefiner 0x765a73d2a220 (Used 0 MB), Evaluating 21 Geometry Pairs with Predicate Intersects
[LIBGPUSPATIAL] [ 10350][17:58:06:828226][info  ] RTSpatialRefiner 0x765a73d2a220 (Used 0 MB), Loaded Geometries, ProbeArray 100000, Loaded 14, Type Point
[LIBGPUSPATIAL] [ 10350][17:58:06:828279][info  ] RTSpatialRefiner 0x765a73d2a220 (Used 0 MB), Evaluating 14 Geometry Pairs with Predicate Intersects
[LIBGPUSPATIAL] [ 10352][17:58:06:828290][info  ] RTSpatialRefiner 0x765a73d2a220 (Used 0 MB), Loaded Geometries, ProbeArray 100000, Loaded 12, Type Point
[LIBGPUSPATIAL] [ 10352][17:58:06:828327][info  ] RTSpatialRefiner 0x765a73d2a220 (Used 0 MB), Evaluating 12 Geometry Pairs with Predicate Intersects
[LIBGPUSPATIAL] [ 10348][17:58:06:829434][info  ] RTSpatialIndex 0x765a7000a800 (Used 0 MB), Allocate result buffer, memory consumption 0 MB, capacity 16
[LIBGPUSPATIAL] [ 10348][17:58:06:829624][info  ] RTSpatialIndex 0x765a7000a800 (Used 0 MB), Probe Points, Size: 100000, Results: 16
[LIBGPUSPATIAL] [ 10346][17:58:06:830281][info  ] RTSpatialIndex 0x765a7000a800 (Used 0 MB), Allocate result buffer, memory consumption 0 MB, capacity 21
[LIBGPUSPATIAL] [ 10346][17:58:06:830421][info  ] RTSpatialIndex 0x765a7000a800 (Used 0 MB), Probe Points, Size: 100000, Results: 21
[LIBGPUSPATIAL] [ 10348][17:58:06:830448][info  ] RTSpatialRefiner 0x765a73d2a220 (Used 0 MB), Loaded Geometries, ProbeArray 100000, Loaded 16, Type Point
[LIBGPUSPATIAL] [ 10348][17:58:06:830516][info  ] RTSpatialRefiner 0x765a73d2a220 (Used 0 MB), Evaluating 16 Geometry Pairs with Predicate Intersects
[LIBGPUSPATIAL] [ 10346][17:58:06:830812][info  ] RTSpatialRefiner 0x765a73d2a220 (Used 1 MB), Loaded Geometries, ProbeArray 100000, Loaded 21, Type Point
[LIBGPUSPATIAL] [ 10346][17:58:06:830874][info  ] RTSpatialRefiner 0x765a73d2a220 (Used 0 MB), Evaluating 21 Geometry Pairs with Predicate Intersects
[LIBGPUSPATIAL] [ 10351][17:58:06:831250][info  ] RTSpatialIndex 0x765a7000a800 (Used 0 MB), Allocate result buffer, memory consumption 0 MB, capacity 21
[LIBGPUSPATIAL] [ 10351][17:58:06:831704][info  ] RTSpatialIndex 0x765a7000a800 (Used 0 MB), Probe Points, Size: 100000, Results: 21
[LIBGPUSPATIAL] [ 10351][17:58:06:832150][info  ] RTSpatialRefiner 0x765a73d2a220 (Used 0 MB), Loaded Geometries, ProbeArray 100000, Loaded 21, Type Point
[LIBGPUSPATIAL] [ 10351][17:58:06:832194][info  ] RTSpatialRefiner 0x765a73d2a220 (Used 0 MB), Evaluating 21 Geometry Pairs with Predicate Intersects
[LIBGPUSPATIAL] [ 10345][17:58:06:834995][info  ] RTSpatialIndex 0x765a7000a800 (Used 0 MB), Allocate result buffer, memory consumption 0 MB, capacity 15
[LIBGPUSPATIAL] [ 10345][17:58:06:835128][info  ] RTSpatialIndex 0x765a7000a800 (Used 0 MB), Probe Points, Size: 100000, Results: 15
[LIBGPUSPATIAL] [ 10345][17:58:06:835570][info  ] RTSpatialRefiner 0x765a73d2a220 (Used 0 MB), Loaded Geometries, ProbeArray 100000, Loaded 15, Type Point
[LIBGPUSPATIAL] [ 10345][17:58:06:835615][info  ] RTSpatialRefiner 0x765a73d2a220 (Used 0 MB), Evaluating 15 Geometry Pairs with Predicate Intersects
[LIBGPUSPATIAL] [ 10349][17:58:06:835650][info  ] RTSpatialIndex 0x765a7000a800 (Used 0 MB), Allocate result buffer, memory consumption 0 MB, capacity 22
[LIBGPUSPATIAL] [ 10349][17:58:06:836026][info  ] RTSpatialIndex 0x765a7000a800 (Used 0 MB), Probe Points, Size: 100000, Results: 22
[LIBGPUSPATIAL] [ 10349][17:58:06:837192][info  ] RTSpatialRefiner 0x765a73d2a220 (Used 0 MB), Loaded Geometries, ProbeArray 100000, Loaded 22, Type Point
[LIBGPUSPATIAL] [ 10349][17:58:06:837238][info  ] RTSpatialRefiner 0x765a73d2a220 (Used 0 MB), Evaluating 22 Geometry Pairs with Predicate Intersects
[LIBGPUSPATIAL] [ 10347][17:58:06:841712][info  ] RTSpatialIndex 0x765a7000a800 (Used 0 MB), Allocate result buffer, memory consumption 0 MB, capacity 6
[LIBGPUSPATIAL] [ 10347][17:58:06:841907][info  ] RTSpatialIndex 0x765a7000a800 (Used 2 MB), Probe Points, Size: 100000, Results: 6
[LIBGPUSPATIAL] [ 10350][17:58:06:842609][info  ] RTSpatialIndex 0x765a7000a800 (Used 1 MB), Allocate result buffer, memory consumption 0 MB, capacity 11
[LIBGPUSPATIAL] [ 10352][17:58:06:842662][info  ] RTSpatialIndex 0x765a7000a800 (Used 1 MB), Allocate result buffer, memory consumption 0 MB, capacity 10
[LIBGPUSPATIAL] [ 10350][17:58:06:842890][info  ] RTSpatialIndex 0x765a7000a800 (Used 1 MB), Probe Points, Size: 100000, Results: 11
[LIBGPUSPATIAL] [ 10352][17:58:06:842933][info  ] RTSpatialIndex 0x765a7000a800 (Used 0 MB), Probe Points, Size: 100000, Results: 10
[LIBGPUSPATIAL] [ 10346][17:58:06:844227][info  ] RTSpatialIndex 0x765a7000a800 (Used 0 MB), Allocate result buffer, memory consumption 0 MB, capacity 15
[LIBGPUSPATIAL] [ 10347][17:58:06:844416][info  ] RTSpatialRefiner 0x765a73d2a220 (Used 2 MB), Loaded Geometries, ProbeArray 100000, Loaded 6, Type Point
[LIBGPUSPATIAL] [ 10347][17:58:06:844528][info  ] RTSpatialRefiner 0x765a73d2a220 (Used 2 MB), Evaluating 6 Geometry Pairs with Predicate Intersects
[LIBGPUSPATIAL] [ 10352][17:58:06:844737][info  ] RTSpatialRefiner 0x765a73d2a220 (Used 3 MB), Loaded Geometries, ProbeArray 100000, Loaded 10, Type Point
[LIBGPUSPATIAL] [ 10350][17:58:06:844777][info  ] RTSpatialRefiner 0x765a73d2a220 (Used 3 MB), Loaded Geometries, ProbeArray 100000, Loaded 11, Type Point
[LIBGPUSPATIAL] [ 10352][17:58:06:844782][info  ] RTSpatialRefiner 0x765a73d2a220 (Used 3 MB), Evaluating 10 Geometry Pairs with Predicate Intersects
[LIBGPUSPATIAL] [ 10350][17:58:06:844823][info  ] RTSpatialRefiner 0x765a73d2a220 (Used 3 MB), Evaluating 11 Geometry Pairs with Predicate Intersects
[LIBGPUSPATIAL] [ 10346][17:58:06:845093][info  ] RTSpatialIndex 0x765a7000a800 (Used 3 MB), Probe Points, Size: 100000, Results: 15
[LIBGPUSPATIAL] [ 10348][17:58:06:845185][info  ] RTSpatialIndex 0x765a7000a800 (Used 1 MB), Allocate result buffer, memory consumption 0 MB, capacity 13
[LIBGPUSPATIAL] [ 10346][17:58:06:845554][info  ] RTSpatialRefiner 0x765a73d2a220 (Used 1 MB), Loaded Geometries, ProbeArray 100000, Loaded 15, Type Point
[LIBGPUSPATIAL] [ 10351][17:58:06:845598][info  ] RTSpatialIndex 0x765a7000a800 (Used 1 MB), Allocate result buffer, memory consumption 0 MB, capacity 13
[LIBGPUSPATIAL] [ 10346][17:58:06:845605][info  ] RTSpatialRefiner 0x765a73d2a220 (Used 1 MB), Evaluating 15 Geometry Pairs with Predicate Intersects
[LIBGPUSPATIAL] [ 10348][17:58:06:845937][info  ] RTSpatialIndex 0x765a7000a800 (Used 1 MB), Probe Points, Size: 100000, Results: 13
[LIBGPUSPATIAL] [ 10348][17:58:06:846391][info  ] RTSpatialRefiner 0x765a73d2a220 (Used 0 MB), Loaded Geometries, ProbeArray 100000, Loaded 13, Type Point
[LIBGPUSPATIAL] [ 10348][17:58:06:846513][info  ] RTSpatialRefiner 0x765a73d2a220 (Used 0 MB), Evaluating 13 Geometry Pairs with Predicate Intersects
[LIBGPUSPATIAL] [ 10351][17:58:06:847481][info  ] RTSpatialIndex 0x765a7000a800 (Used 0 MB), Probe Points, Size: 100000, Results: 13
[LIBGPUSPATIAL] [ 10351][17:58:06:848186][info  ] RTSpatialRefiner 0x765a73d2a220 (Used 2 MB), Loaded Geometries, ProbeArray 100000, Loaded 13, Type Point
[LIBGPUSPATIAL] [ 10345][17:58:06:848349][info  ] RTSpatialIndex 0x765a7000a800 (Used 0 MB), Allocate result buffer, memory consumption 0 MB, capacity 11
[LIBGPUSPATIAL] [ 10351][17:58:06:848361][info  ] RTSpatialRefiner 0x765a73d2a220 (Used 0 MB), Evaluating 13 Geometry Pairs with Predicate Intersects
[LIBGPUSPATIAL] [ 10345][17:58:06:848484][info  ] RTSpatialIndex 0x765a7000a800 (Used 0 MB), Probe Points, Size: 100000, Results: 11
[LIBGPUSPATIAL] [ 10345][17:58:06:849231][info  ] RTSpatialRefiner 0x765a73d2a220 (Used 0 MB), Loaded Geometries, ProbeArray 100000, Loaded 11, Type Point
[LIBGPUSPATIAL] [ 10345][17:58:06:849271][info  ] RTSpatialRefiner 0x765a73d2a220 (Used 0 MB), Evaluating 11 Geometry Pairs with Predicate Intersects
[LIBGPUSPATIAL] [ 10349][17:58:06:850004][info  ] RTSpatialIndex 0x765a7000a800 (Used 0 MB), Allocate result buffer, memory consumption 0 MB, capacity 11
[LIBGPUSPATIAL] [ 10349][17:58:06:850110][info  ] RTSpatialIndex 0x765a7000a800 (Used 0 MB), Probe Points, Size: 100000, Results: 11
[LIBGPUSPATIAL] [ 10349][17:58:06:854055][info  ] RTSpatialRefiner 0x765a73d2a220 (Used 0 MB), Loaded Geometries, ProbeArray 100000, Loaded 11, Type Point
[LIBGPUSPATIAL] [ 10349][17:58:06:854109][info  ] RTSpatialRefiner 0x765a73d2a220 (Used 0 MB), Evaluating 11 Geometry Pairs with Predicate Intersects
[LIBGPUSPATIAL] [ 10347][17:58:06:856806][info  ] RTSpatialIndex 0x765a7000a800 (Used 0 MB), Allocate result buffer, memory consumption 0 MB, capacity 12
[LIBGPUSPATIAL] [ 10347][17:58:06:856944][info  ] RTSpatialIndex 0x765a7000a800 (Used 0 MB), Probe Points, Size: 100000, Results: 12
[LIBGPUSPATIAL] [ 10347][17:58:06:857508][info  ] RTSpatialRefiner 0x765a73d2a220 (Used 0 MB), Loaded Geometries, ProbeArray 100000, Loaded 12, Type Point
[LIBGPUSPATIAL] [ 10347][17:58:06:857551][info  ] RTSpatialRefiner 0x765a73d2a220 (Used 0 MB), Evaluating 12 Geometry Pairs with Predicate Intersects
[LIBGPUSPATIAL] [ 10350][17:58:06:858736][info  ] RTSpatialIndex 0x765a7000a800 (Used 0 MB), Allocate result buffer, memory consumption 0 MB, capacity 16
[LIBGPUSPATIAL] [ 10350][17:58:06:859331][info  ] RTSpatialIndex 0x765a7000a800 (Used 1 MB), Probe Points, Size: 100000, Results: 16
[LIBGPUSPATIAL] [ 10352][17:58:06:859430][info  ] RTSpatialIndex 0x765a7000a800 (Used 0 MB), Allocate result buffer, memory consumption 0 MB, capacity 15
[LIBGPUSPATIAL] [ 10350][17:58:06:859891][info  ] RTSpatialRefiner 0x765a73d2a220 (Used 4 MB), Loaded Geometries, ProbeArray 100000, Loaded 16, Type Point
[LIBGPUSPATIAL] [ 10350][17:58:06:860065][info  ] RTSpatialRefiner 0x765a73d2a220 (Used 3 MB), Evaluating 16 Geometry Pairs with Predicate Intersects
[LIBGPUSPATIAL] [ 10352][17:58:06:860164][info  ] RTSpatialIndex 0x765a7000a800 (Used 2 MB), Probe Points, Size: 100000, Results: 15
[LIBGPUSPATIAL] [ 10346][17:58:06:860316][info  ] RTSpatialIndex 0x765a7000a800 (Used 1 MB), Allocate result buffer, memory consumption 0 MB, capacity 15
[LIBGPUSPATIAL] [ 10348][17:58:06:860819][info  ] RTSpatialIndex 0x765a7000a800 (Used 1 MB), Allocate result buffer, memory consumption 0 MB, capacity 14
[LIBGPUSPATIAL] [ 10352][17:58:06:861183][info  ] RTSpatialRefiner 0x765a73d2a220 (Used 1 MB), Loaded Geometries, ProbeArray 100000, Loaded 15, Type Point
[LIBGPUSPATIAL] [ 10346][17:58:06:861289][info  ] RTSpatialIndex 0x765a7000a800 (Used 1 MB), Probe Points, Size: 100000, Results: 15
[LIBGPUSPATIAL] [ 10352][17:58:06:861353][info  ] RTSpatialRefiner 0x765a73d2a220 (Used 0 MB), Evaluating 15 Geometry Pairs with Predicate Intersects
[LIBGPUSPATIAL] [ 10348][17:58:06:861488][info  ] RTSpatialIndex 0x765a7000a800 (Used 2 MB), Probe Points, Size: 100000, Results: 14
[LIBGPUSPATIAL] [ 10346][17:58:06:862008][info  ] RTSpatialRefiner 0x765a73d2a220 (Used 0 MB), Loaded Geometries, ProbeArray 100000, Loaded 15, Type Point
[LIBGPUSPATIAL] [ 10348][17:58:06:862047][info  ] RTSpatialRefiner 0x765a73d2a220 (Used 0 MB), Loaded Geometries, ProbeArray 100000, Loaded 14, Type Point
[LIBGPUSPATIAL] [ 10346][17:58:06:862053][info  ] RTSpatialRefiner 0x765a73d2a220 (Used 0 MB), Evaluating 15 Geometry Pairs with Predicate Intersects
[LIBGPUSPATIAL] [ 10348][17:58:06:862085][info  ] RTSpatialRefiner 0x765a73d2a220 (Used 0 MB), Evaluating 14 Geometry Pairs with Predicate Intersects
[LIBGPUSPATIAL] [ 10351][17:58:06:864948][info  ] RTSpatialIndex 0x765a7000a800 (Used 1 MB), Allocate result buffer, memory consumption 0 MB, capacity 19
[LIBGPUSPATIAL] [ 10345][17:58:06:865004][info  ] RTSpatialIndex 0x765a7000a800 (Used 1 MB), Allocate result buffer, memory consumption 0 MB, capacity 12
[LIBGPUSPATIAL] [ 10351][17:58:06:865383][info  ] RTSpatialIndex 0x765a7000a800 (Used 1 MB), Probe Points, Size: 100000, Results: 19
[LIBGPUSPATIAL] [ 10345][17:58:06:865685][info  ] RTSpatialIndex 0x765a7000a800 (Used 0 MB), Probe Points, Size: 100000, Results: 12
[LIBGPUSPATIAL] [ 10345][17:58:06:866203][info  ] RTSpatialRefiner 0x765a73d2a220 (Used 0 MB), Loaded Geometries, ProbeArray 100000, Loaded 12, Type Point
[LIBGPUSPATIAL] [ 10351][17:58:06:866211][info  ] RTSpatialRefiner 0x765a73d2a220 (Used 0 MB), Loaded Geometries, ProbeArray 100000, Loaded 19, Type Point
[LIBGPUSPATIAL] [ 10345][17:58:06:866272][info  ] RTSpatialRefiner 0x765a73d2a220 (Used 0 MB), Evaluating 12 Geometry Pairs with Predicate Intersects
[LIBGPUSPATIAL] [ 10351][17:58:06:866277][info  ] RTSpatialRefiner 0x765a73d2a220 (Used 0 MB), Evaluating 19 Geometry Pairs with Predicate Intersects
[LIBGPUSPATIAL] [ 10349][17:58:06:867833][info  ] RTSpatialIndex 0x765a7000a800 (Used 0 MB), Allocate result buffer, memory consumption 0 MB, capacity 16
[LIBGPUSPATIAL] [ 10349][17:58:06:868247][info  ] RTSpatialIndex 0x765a7000a800 (Used 0 MB), Probe Points, Size: 100000, Results: 16
[LIBGPUSPATIAL] [ 10349][17:58:06:868716][info  ] RTSpatialRefiner 0x765a73d2a220 (Used 0 MB), Loaded Geometries, ProbeArray 100000, Loaded 16, Type Point
[LIBGPUSPATIAL] [ 10349][17:58:06:868763][info  ] RTSpatialRefiner 0x765a73d2a220 (Used 0 MB), Evaluating 16 Geometry Pairs with Predicate Intersects
[LIBGPUSPATIAL] [ 10347][17:58:06:870655][info  ] RTSpatialIndex 0x765a7000a800 (Used 0 MB), Allocate result buffer, memory consumption 0 MB, capacity 18
[LIBGPUSPATIAL] [ 10347][17:58:06:870769][info  ] RTSpatialIndex 0x765a7000a800 (Used 0 MB), Probe Points, Size: 100000, Results: 18
[LIBGPUSPATIAL] [ 10347][17:58:06:871250][info  ] RTSpatialRefiner 0x765a73d2a220 (Used 0 MB), Loaded Geometries, ProbeArray 100000, Loaded 18, Type Point
[LIBGPUSPATIAL] [ 10347][17:58:06:871309][info  ] RTSpatialRefiner 0x765a73d2a220 (Used 0 MB), Evaluating 18 Geometry Pairs with Predicate Intersects
[LIBGPUSPATIAL] [ 10350][17:58:06:872346][info  ] RTSpatialIndex 0x765a7000a800 (Used 0 MB), Allocate result buffer, memory consumption 0 MB, capacity 15
[LIBGPUSPATIAL] [ 10350][17:58:06:872466][info  ] RTSpatialIndex 0x765a7000a800 (Used 0 MB), Probe Points, Size: 100000, Results: 15
[LIBGPUSPATIAL] [ 10350][17:58:06:872783][info  ] RTSpatialRefiner 0x765a73d2a220 (Used 0 MB), Loaded Geometries, ProbeArray 100000, Loaded 15, Type Point
[LIBGPUSPATIAL] [ 10350][17:58:06:872826][info  ] RTSpatialRefiner 0x765a73d2a220 (Used 0 MB), Evaluating 15 Geometry Pairs with Predicate Intersects
[LIBGPUSPATIAL] [ 10352][17:58:06:878620][info  ] RTSpatialIndex 0x765a7000a800 (Used 1 MB), Allocate result buffer, memory consumption 0 MB, capacity 23
[LIBGPUSPATIAL] [ 10346][17:58:06:878620][info  ] RTSpatialIndex 0x765a7000a800 (Used 1 MB), Allocate result buffer, memory consumption 0 MB, capacity 18
[LIBGPUSPATIAL] [ 10352][17:58:06:879117][info  ] RTSpatialIndex 0x765a7000a800 (Used 2 MB), Probe Points, Size: 100000, Results: 23
[LIBGPUSPATIAL] [ 10346][17:58:06:879260][info  ] RTSpatialIndex 0x765a7000a800 (Used 1 MB), Probe Points, Size: 100000, Results: 18
[LIBGPUSPATIAL] [ 10348][17:58:06:879305][info  ] RTSpatialIndex 0x765a7000a800 (Used 0 MB), Allocate result buffer, memory consumption 0 MB, capacity 10
[LIBGPUSPATIAL] [ 10348][17:58:06:879774][info  ] RTSpatialIndex 0x765a7000a800 (Used 0 MB), Probe Points, Size: 100000, Results: 10
[LIBGPUSPATIAL] [ 10352][17:58:06:880005][info  ] RTSpatialRefiner 0x765a73d2a220 (Used 0 MB), Loaded Geometries, ProbeArray 100000, Loaded 23, Type Point
[LIBGPUSPATIAL] [ 10346][17:58:06:880009][info  ] RTSpatialRefiner 0x765a73d2a220 (Used 0 MB), Loaded Geometries, ProbeArray 100000, Loaded 18, Type Point
[LIBGPUSPATIAL] [ 10352][17:58:06:880057][info  ] RTSpatialRefiner 0x765a73d2a220 (Used 0 MB), Evaluating 23 Geometry Pairs with Predicate Intersects
[LIBGPUSPATIAL] [ 10346][17:58:06:880062][info  ] RTSpatialRefiner 0x765a73d2a220 (Used 0 MB), Evaluating 18 Geometry Pairs with Predicate Intersects
[LIBGPUSPATIAL] [ 10348][17:58:06:880303][info  ] RTSpatialRefiner 0x765a73d2a220 (Used 1 MB), Loaded Geometries, ProbeArray 100000, Loaded 10, Type Point
[LIBGPUSPATIAL] [ 10348][17:58:06:880352][info  ] RTSpatialRefiner 0x765a73d2a220 (Used 1 MB), Evaluating 10 Geometry Pairs with Predicate Intersects
[LIBGPUSPATIAL] [ 10345][17:58:06:880687][info  ] RTSpatialIndex 0x765a7000a800 (Used 0 MB), Allocate result buffer, memory consumption 0 MB, capacity 11
[LIBGPUSPATIAL] [ 10345][17:58:06:881106][info  ] RTSpatialIndex 0x765a7000a800 (Used 2 MB), Probe Points, Size: 100000, Results: 11
[LIBGPUSPATIAL] [ 10351][17:58:06:881644][info  ] RTSpatialIndex 0x765a7000a800 (Used 2 MB), Allocate result buffer, memory consumption 0 MB, capacity 14
[LIBGPUSPATIAL] [ 10345][17:58:06:881938][info  ] RTSpatialRefiner 0x765a73d2a220 (Used 1 MB), Loaded Geometries, ProbeArray 100000, Loaded 11, Type Point
[LIBGPUSPATIAL] [ 10351][17:58:06:882074][info  ] RTSpatialIndex 0x765a7000a800 (Used 1 MB), Probe Points, Size: 100000, Results: 14
[LIBGPUSPATIAL] [ 10345][17:58:06:882169][info  ] RTSpatialRefiner 0x765a73d2a220 (Used 1 MB), Evaluating 11 Geometry Pairs with Predicate Intersects
[LIBGPUSPATIAL] [ 10349][17:58:06:882342][info  ] RTSpatialIndex 0x765a7000a800 (Used 0 MB), Allocate result buffer, memory consumption 0 MB, capacity 9
[LIBGPUSPATIAL] [ 10349][17:58:06:882741][info  ] RTSpatialIndex 0x765a7000a800 (Used 0 MB), Probe Points, Size: 100000, Results: 9
[LIBGPUSPATIAL] [ 10349][17:58:06:883397][info  ] RTSpatialRefiner 0x765a73d2a220 (Used 0 MB), Loaded Geometries, ProbeArray 100000, Loaded 9, Type Point
[LIBGPUSPATIAL] [ 10349][17:58:06:883448][info  ] RTSpatialRefiner 0x765a73d2a220 (Used 0 MB), Evaluating 9 Geometry Pairs with Predicate Intersects
[LIBGPUSPATIAL] [ 10351][17:58:06:883704][info  ] RTSpatialRefiner 0x765a73d2a220 (Used 0 MB), Loaded Geometries, ProbeArray 100000, Loaded 14, Type Point
[LIBGPUSPATIAL] [ 10351][17:58:06:883747][info  ] RTSpatialRefiner 0x765a73d2a220 (Used 0 MB), Evaluating 14 Geometry Pairs with Predicate Intersects
[LIBGPUSPATIAL] [ 10347][17:58:06:885212][info  ] RTSpatialIndex 0x765a7000a800 (Used 1 MB), Allocate result buffer, memory consumption 0 MB, capacity 10
[LIBGPUSPATIAL] [ 10350][17:58:06:885527][info  ] RTSpatialIndex 0x765a7000a800 (Used 1 MB), Allocate result buffer, memory consumption 0 MB, capacity 14
[LIBGPUSPATIAL] [ 10347][17:58:06:885598][info  ] RTSpatialIndex 0x765a7000a800 (Used 1 MB), Probe Points, Size: 100000, Results: 10
[LIBGPUSPATIAL] [ 10347][17:58:06:886135][info  ] RTSpatialRefiner 0x765a73d2a220 (Used 0 MB), Loaded Geometries, ProbeArray 100000, Loaded 10, Type Point
[LIBGPUSPATIAL] [ 10347][17:58:06:886185][info  ] RTSpatialRefiner 0x765a73d2a220 (Used 0 MB), Evaluating 10 Geometry Pairs with Predicate Intersects
[LIBGPUSPATIAL] [ 10350][17:58:06:886587][info  ] RTSpatialIndex 0x765a7000a800 (Used 0 MB), Probe Points, Size: 100000, Results: 14
[LIBGPUSPATIAL] [ 10350][17:58:06:887012][info  ] RTSpatialRefiner 0x765a73d2a220 (Used 0 MB), Loaded Geometries, ProbeArray 100000, Loaded 14, Type Point
[LIBGPUSPATIAL] [ 10350][17:58:06:887054][info  ] RTSpatialRefiner 0x765a73d2a220 (Used 0 MB), Evaluating 14 Geometry Pairs with Predicate Intersects
[LIBGPUSPATIAL] [ 10352][17:58:06:894335][info  ] RTSpatialIndex 0x765a7000a800 (Used 1 MB), Allocate result buffer, memory consumption 0 MB, capacity 15
[LIBGPUSPATIAL] [ 10346][17:58:06:894335][info  ] RTSpatialIndex 0x765a7000a800 (Used 1 MB), Allocate result buffer, memory consumption 0 MB, capacity 13
[LIBGPUSPATIAL] [ 10352][17:58:06:894574][info  ] RTSpatialIndex 0x765a7000a800 (Used 1 MB), Probe Points, Size: 100000, Results: 15
[LIBGPUSPATIAL] [ 10346][17:58:06:894631][info  ] RTSpatialIndex 0x765a7000a800 (Used 0 MB), Probe Points, Size: 100000, Results: 13
[LIBGPUSPATIAL] [ 10348][17:58:06:895655][info  ] RTSpatialIndex 0x765a7000a800 (Used 0 MB), Allocate result buffer, memory consumption 0 MB, capacity 13
[LIBGPUSPATIAL] [ 10348][17:58:06:895855][info  ] RTSpatialIndex 0x765a7000a800 (Used 0 MB), Probe Points, Size: 100000, Results: 13
[LIBGPUSPATIAL] [ 10346][17:58:06:896067][info  ] RTSpatialRefiner 0x765a73d2a220 (Used 1 MB), Loaded Geometries, ProbeArray 100000, Loaded 13, Type Point
[LIBGPUSPATIAL] [ 10346][17:58:06:896118][info  ] RTSpatialRefiner 0x765a73d2a220 (Used 1 MB), Evaluating 13 Geometry Pairs with Predicate Intersects
[LIBGPUSPATIAL] [ 10352][17:58:06:896149][info  ] RTSpatialRefiner 0x765a73d2a220 (Used 1 MB), Loaded Geometries, ProbeArray 100000, Loaded 15, Type Point
[LIBGPUSPATIAL] [ 10352][17:58:06:896199][info  ] RTSpatialRefiner 0x765a73d2a220 (Used 1 MB), Evaluating 15 Geometry Pairs with Predicate Intersects
[LIBGPUSPATIAL] [ 10348][17:58:06:896425][info  ] RTSpatialRefiner 0x765a73d2a220 (Used 0 MB), Loaded Geometries, ProbeArray 100000, Loaded 13, Type Point
[LIBGPUSPATIAL] [ 10348][17:58:06:896491][info  ] RTSpatialRefiner 0x765a73d2a220 (Used 0 MB), Evaluating 13 Geometry Pairs with Predicate Intersects
[LIBGPUSPATIAL] [ 10345][17:58:06:896671][info  ] RTSpatialIndex 0x765a7000a800 (Used 0 MB), Allocate result buffer, memory consumption 0 MB, capacity 15
[LIBGPUSPATIAL] [ 10345][17:58:06:897189][info  ] RTSpatialIndex 0x765a7000a800 (Used 1 MB), Probe Points, Size: 100000, Results: 15
[LIBGPUSPATIAL] [ 10345][17:58:06:897902][info  ] RTSpatialRefiner 0x765a73d2a220 (Used 2 MB), Loaded Geometries, ProbeArray 100000, Loaded 15, Type Point
[LIBGPUSPATIAL] [ 10345][17:58:06:898130][info  ] RTSpatialRefiner 0x765a73d2a220 (Used 1 MB), Evaluating 15 Geometry Pairs with Predicate Intersects
[LIBGPUSPATIAL] [ 10349][17:58:06:898135][info  ] RTSpatialIndex 0x765a7000a800 (Used 1 MB), Allocate result buffer, memory consumption 0 MB, capacity 14
[LIBGPUSPATIAL] [ 10351][17:58:06:898480][info  ] RTSpatialIndex 0x765a7000a800 (Used 1 MB), Allocate result buffer, memory consumption 0 MB, capacity 18
[LIBGPUSPATIAL] [ 10349][17:58:06:898832][info  ] RTSpatialIndex 0x765a7000a800 (Used 1 MB), Probe Points, Size: 100000, Results: 14
[LIBGPUSPATIAL] [ 10351][17:58:06:899004][info  ] RTSpatialIndex 0x765a7000a800 (Used 0 MB), Probe Points, Size: 100000, Results: 18
[LIBGPUSPATIAL] [ 10349][17:58:06:900006][info  ] RTSpatialRefiner 0x765a73d2a220 (Used 1 MB), Loaded Geometries, ProbeArray 100000, Loaded 14, Type Point
[LIBGPUSPATIAL] [ 10351][17:58:06:900034][info  ] RTSpatialRefiner 0x765a73d2a220 (Used 1 MB), Loaded Geometries, ProbeArray 100000, Loaded 18, Type Point
[LIBGPUSPATIAL] [ 10351][17:58:06:900102][info  ] RTSpatialRefiner 0x765a73d2a220 (Used 1 MB), Evaluating 18 Geometry Pairs with Predicate Intersects
[LIBGPUSPATIAL] [ 10349][17:58:06:900127][info  ] RTSpatialRefiner 0x765a73d2a220 (Used 1 MB), Evaluating 14 Geometry Pairs with Predicate Intersects
[LIBGPUSPATIAL] [ 10347][17:58:06:900980][info  ] RTSpatialIndex 0x765a7000a800 (Used 1 MB), Allocate result buffer, memory consumption 0 MB, capacity 12
[LIBGPUSPATIAL] [ 10350][17:58:06:901266][info  ] RTSpatialIndex 0x765a7000a800 (Used 1 MB), Allocate result buffer, memory consumption 0 MB, capacity 16
[LIBGPUSPATIAL] [ 10347][17:58:06:901540][info  ] RTSpatialIndex 0x765a7000a800 (Used 1 MB), Probe Points, Size: 100000, Results: 12
[LIBGPUSPATIAL] [ 10350][17:58:06:901821][info  ] RTSpatialIndex 0x765a7000a800 (Used 0 MB), Probe Points, Size: 100000, Results: 16
[LIBGPUSPATIAL] [ 10350][17:58:06:902283][info  ] RTSpatialRefiner 0x765a73d2a220 (Used 0 MB), Loaded Geometries, ProbeArray 100000, Loaded 16, Type Point
[LIBGPUSPATIAL] [ 10347][17:58:06:902288][info  ] RTSpatialRefiner 0x765a73d2a220 (Used 0 MB), Loaded Geometries, ProbeArray 100000, Loaded 12, Type Point
[LIBGPUSPATIAL] [ 10350][17:58:06:902333][info  ] RTSpatialRefiner 0x765a73d2a220 (Used 0 MB), Evaluating 16 Geometry Pairs with Predicate Intersects
[LIBGPUSPATIAL] [ 10347][17:58:06:902387][info  ] RTSpatialRefiner 0x765a73d2a220 (Used 0 MB), Evaluating 12 Geometry Pairs with Predicate Intersects
[LIBGPUSPATIAL] [ 10348][17:58:06:910566][info  ] RTSpatialIndex 0x765a7000a800 (Used 0 MB), Allocate result buffer, memory consumption 0 MB, capacity 9
[LIBGPUSPATIAL] [ 10348][17:58:06:910876][info  ] RTSpatialIndex 0x765a7000a800 (Used 2 MB), Probe Points, Size: 100000, Results: 9
[LIBGPUSPATIAL] [ 10346][17:58:06:911957][info  ] RTSpatialIndex 0x765a7000a800 (Used 3 MB), Allocate result buffer, memory consumption 0 MB, capacity 16
[LIBGPUSPATIAL] [ 10348][17:58:06:911962][info  ] RTSpatialRefiner 0x765a73d2a220 (Used 3 MB), Loaded Geometries, ProbeArray 100000, Loaded 9, Type Point
[LIBGPUSPATIAL] [ 10348][17:58:06:912120][info  ] RTSpatialRefiner 0x765a73d2a220 (Used 2 MB), Evaluating 9 Geometry Pairs with Predicate Intersects
[LIBGPUSPATIAL] [ 10352][17:58:06:912156][info  ] RTSpatialIndex 0x765a7000a800 (Used 2 MB), Allocate result buffer, memory consumption 0 MB, capacity 15
[LIBGPUSPATIAL] [ 10346][17:58:06:912452][info  ] RTSpatialIndex 0x765a7000a800 (Used 2 MB), Probe Points, Size: 100000, Results: 16
[LIBGPUSPATIAL] [ 10345][17:58:06:912657][info  ] RTSpatialIndex 0x765a7000a800 (Used 1 MB), Allocate result buffer, memory consumption 0 MB, capacity 19
[LIBGPUSPATIAL] [ 10352][17:58:06:912947][info  ] RTSpatialIndex 0x765a7000a800 (Used 1 MB), Probe Points, Size: 100000, Results: 15
[LIBGPUSPATIAL] [ 10345][17:58:06:913216][info  ] RTSpatialIndex 0x765a7000a800 (Used 0 MB), Probe Points, Size: 100000, Results: 19
[LIBGPUSPATIAL] [ 10346][17:58:06:913410][info  ] RTSpatialRefiner 0x765a73d2a220 (Used 0 MB), Loaded Geometries, ProbeArray 100000, Loaded 16, Type Point
[LIBGPUSPATIAL] [ 10346][17:58:06:913479][info  ] RTSpatialRefiner 0x765a73d2a220 (Used 0 MB), Evaluating 16 Geometry Pairs with Predicate Intersects
[LIBGPUSPATIAL] [ 10351][17:58:06:914272][info  ] RTSpatialIndex 0x765a7000a800 (Used 2 MB), Allocate result buffer, memory consumption 0 MB, capacity 16
[LIBGPUSPATIAL] [ 10345][17:58:06:914584][info  ] RTSpatialRefiner 0x765a73d2a220 (Used 2 MB), Loaded Geometries, ProbeArray 100000, Loaded 19, Type Point
[LIBGPUSPATIAL] [ 10345][17:58:06:914632][info  ] RTSpatialRefiner 0x765a73d2a220 (Used 1 MB), Evaluating 19 Geometry Pairs with Predicate Intersects
[LIBGPUSPATIAL] [ 10352][17:58:06:914912][info  ] RTSpatialRefiner 0x765a73d2a220 (Used 1 MB), Loaded Geometries, ProbeArray 100000, Loaded 15, Type Point
[LIBGPUSPATIAL] [ 10352][17:58:06:914980][info  ] RTSpatialRefiner 0x765a73d2a220 (Used 1 MB), Evaluating 15 Geometry Pairs with Predicate Intersects
[LIBGPUSPATIAL] [ 10351][17:58:06:915074][info  ] RTSpatialIndex 0x765a7000a800 (Used 1 MB), Probe Points, Size: 100000, Results: 16
[LIBGPUSPATIAL] [ 10349][17:58:06:915265][info  ] RTSpatialIndex 0x765a7000a800 (Used 0 MB), Allocate result buffer, memory consumption 0 MB, capacity 20
[LIBGPUSPATIAL] [ 10349][17:58:06:915926][info  ] RTSpatialIndex 0x765a7000a800 (Used 3 MB), Probe Points, Size: 100000, Results: 20
[LIBGPUSPATIAL] [ 10351][17:58:06:915981][info  ] RTSpatialRefiner 0x765a73d2a220 (Used 2 MB), Loaded Geometries, ProbeArray 100000, Loaded 16, Type Point
[LIBGPUSPATIAL] [ 10351][17:58:06:916126][info  ] RTSpatialRefiner 0x765a73d2a220 (Used 2 MB), Evaluating 16 Geometry Pairs with Predicate Intersects
[LIBGPUSPATIAL] [ 10350][17:58:06:916257][info  ] RTSpatialIndex 0x765a7000a800 (Used 2 MB), Allocate result buffer, memory consumption 0 MB, capacity 8
[LIBGPUSPATIAL] [ 10350][17:58:06:917312][info  ] RTSpatialIndex 0x765a7000a800 (Used 1 MB), Probe Points, Size: 100000, Results: 8
[LIBGPUSPATIAL] [ 10347][17:58:06:917535][info  ] RTSpatialIndex 0x765a7000a800 (Used 0 MB), Allocate result buffer, memory consumption 0 MB, capacity 15
[LIBGPUSPATIAL] [ 10349][17:58:06:917687][info  ] RTSpatialRefiner 0x765a73d2a220 (Used 0 MB), Loaded Geometries, ProbeArray 100000, Loaded 20, Type Point
[LIBGPUSPATIAL] [ 10349][17:58:06:917726][info  ] RTSpatialRefiner 0x765a73d2a220 (Used 0 MB), Evaluating 20 Geometry Pairs with Predicate Intersects
[LIBGPUSPATIAL] [ 10347][17:58:06:921048][info  ] RTSpatialIndex 0x765a7000a800 (Used 0 MB), Probe Points, Size: 100000, Results: 15
[LIBGPUSPATIAL] [ 10347][17:58:06:921805][info  ] RTSpatialRefiner 0x765a73d2a220 (Used 0 MB), Loaded Geometries, ProbeArray 100000, Loaded 15, Type Point
[LIBGPUSPATIAL] [ 10347][17:58:06:921872][info  ] RTSpatialRefiner 0x765a73d2a220 (Used 0 MB), Evaluating 15 Geometry Pairs with Predicate Intersects
[LIBGPUSPATIAL] [ 10350][17:58:06:921886][info  ] RTSpatialRefiner 0x765a73d2a220 (Used 0 MB), Loaded Geometries, ProbeArray 100000, Loaded 8, Type Point
[LIBGPUSPATIAL] [ 10350][17:58:06:921937][info  ] RTSpatialRefiner 0x765a73d2a220 (Used 0 MB), Evaluating 8 Geometry Pairs with Predicate Intersects
[LIBGPUSPATIAL] [ 10348][17:58:06:925723][info  ] RTSpatialIndex 0x765a7000a800 (Used 2 MB), Allocate result buffer, memory consumption 0 MB, capacity 16
[LIBGPUSPATIAL] [ 10348][17:58:06:926425][info  ] RTSpatialIndex 0x765a7000a800 (Used 1 MB), Probe Points, Size: 100000, Results: 16
[LIBGPUSPATIAL] [ 10346][17:58:06:926517][info  ] RTSpatialIndex 0x765a7000a800 (Used 0 MB), Allocate result buffer, memory consumption 0 MB, capacity 14
[LIBGPUSPATIAL] [ 10346][17:58:06:926735][info  ] RTSpatialIndex 0x765a7000a800 (Used 0 MB), Probe Points, Size: 100000, Results: 14
[LIBGPUSPATIAL] [ 10348][17:58:06:927181][info  ] RTSpatialRefiner 0x765a73d2a220 (Used 0 MB), Loaded Geometries, ProbeArray 100000, Loaded 16, Type Point
[LIBGPUSPATIAL] [ 10348][17:58:06:927223][info  ] RTSpatialRefiner 0x765a73d2a220 (Used 0 MB), Evaluating 16 Geometry Pairs with Predicate Intersects
[LIBGPUSPATIAL] [ 10346][17:58:06:927983][info  ] RTSpatialRefiner 0x765a73d2a220 (Used 0 MB), Loaded Geometries, ProbeArray 100000, Loaded 14, Type Point
[LIBGPUSPATIAL] [ 10346][17:58:06:928024][info  ] RTSpatialRefiner 0x765a73d2a220 (Used 0 MB), Evaluating 14 Geometry Pairs with Predicate Intersects
[LIBGPUSPATIAL] [ 10345][17:58:06:928778][info  ] RTSpatialIndex 0x765a7000a800 (Used 0 MB), Allocate result buffer, memory consumption 0 MB, capacity 19
[LIBGPUSPATIAL] [ 10345][17:58:06:929191][info  ] RTSpatialIndex 0x765a7000a800 (Used 2 MB), Probe Points, Size: 100000, Results: 19
[LIBGPUSPATIAL] [ 10352][17:58:06:929488][info  ] RTSpatialIndex 0x765a7000a800 (Used 0 MB), Allocate result buffer, memory consumption 0 MB, capacity 15
[LIBGPUSPATIAL] [ 10352][17:58:06:929615][info  ] RTSpatialIndex 0x765a7000a800 (Used 0 MB), Probe Points, Size: 100000, Results: 15
[LIBGPUSPATIAL] [ 10345][17:58:06:930131][info  ] RTSpatialRefiner 0x765a73d2a220 (Used 0 MB), Loaded Geometries, ProbeArray 100000, Loaded 19, Type Point
[LIBGPUSPATIAL] [ 10345][17:58:06:930178][info  ] RTSpatialRefiner 0x765a73d2a220 (Used 0 MB), Evaluating 19 Geometry Pairs with Predicate Intersects
[LIBGPUSPATIAL] [ 10352][17:58:06:930960][info  ] RTSpatialRefiner 0x765a73d2a220 (Used 0 MB), Loaded Geometries, ProbeArray 100000, Loaded 15, Type Point
[LIBGPUSPATIAL] [ 10352][17:58:06:931043][info  ] RTSpatialRefiner 0x765a73d2a220 (Used 0 MB), Evaluating 15 Geometry Pairs with Predicate Intersects
[LIBGPUSPATIAL] [ 10349][17:58:06:931104][info  ] RTSpatialIndex 0x765a7000a800 (Used 0 MB), Allocate result buffer, memory consumption 0 MB, capacity 23
[LIBGPUSPATIAL] [ 10349][17:58:06:931331][info  ] RTSpatialIndex 0x765a7000a800 (Used 0 MB), Probe Points, Size: 100000, Results: 23
[LIBGPUSPATIAL] [ 10349][17:58:06:932445][info  ] RTSpatialRefiner 0x765a73d2a220 (Used 0 MB), Loaded Geometries, ProbeArray 100000, Loaded 23, Type Point
[LIBGPUSPATIAL] [ 10349][17:58:06:932492][info  ] RTSpatialRefiner 0x765a73d2a220 (Used 0 MB), Evaluating 23 Geometry Pairs with Predicate Intersects
[LIBGPUSPATIAL] [ 10350][17:58:06:933589][info  ] RTSpatialIndex 0x765a7000a800 (Used 0 MB), Allocate result buffer, memory consumption 0 MB, capacity 20
[LIBGPUSPATIAL] [ 10350][17:58:06:933725][info  ] RTSpatialIndex 0x765a7000a800 (Used 0 MB), Probe Points, Size: 100000, Results: 20
[LIBGPUSPATIAL] [ 10347][17:58:06:934330][info  ] RTSpatialIndex 0x765a7000a800 (Used 0 MB), Allocate result buffer, memory consumption 0 MB, capacity 25
[LIBGPUSPATIAL] [ 10347][17:58:06:934438][info  ] RTSpatialIndex 0x765a7000a800 (Used 0 MB), Probe Points, Size: 100000, Results: 25
[LIBGPUSPATIAL] [ 10351][17:58:06:934995][info  ] RTSpatialIndex 0x765a7000a800 (Used 0 MB), Allocate result buffer, memory consumption 0 MB, capacity 21
[LIBGPUSPATIAL] [ 10351][17:58:06:935124][info  ] RTSpatialIndex 0x765a7000a800 (Used 0 MB), Probe Points, Size: 100000, Results: 21
[LIBGPUSPATIAL] [ 10347][17:58:06:935250][info  ] RTSpatialRefiner 0x765a73d2a220 (Used 0 MB), Loaded Geometries, ProbeArray 100000, Loaded 25, Type Point
[LIBGPUSPATIAL] [ 10347][17:58:06:935292][info  ] RTSpatialRefiner 0x765a73d2a220 (Used 0 MB), Evaluating 25 Geometry Pairs with Predicate Intersects
[LIBGPUSPATIAL] [ 10351][17:58:06:936183][info  ] RTSpatialRefiner 0x765a73d2a220 (Used 0 MB), Loaded Geometries, ProbeArray 100000, Loaded 21, Type Point
[LIBGPUSPATIAL] [ 10350][17:58:06:936189][info  ] RTSpatialRefiner 0x765a73d2a220 (Used 0 MB), Loaded Geometries, ProbeArray 100000, Loaded 20, Type Point
[LIBGPUSPATIAL] [ 10351][17:58:06:936235][info  ] RTSpatialRefiner 0x765a73d2a220 (Used 0 MB), Evaluating 21 Geometry Pairs with Predicate Intersects
[LIBGPUSPATIAL] [ 10350][17:58:06:936269][info  ] RTSpatialRefiner 0x765a73d2a220 (Used 0 MB), Evaluating 20 Geometry Pairs with Predicate Intersects
[LIBGPUSPATIAL] [ 10348][17:58:06:940122][info  ] RTSpatialIndex 0x765a7000a800 (Used 0 MB), Allocate result buffer, memory consumption 0 MB, capacity 14
[LIBGPUSPATIAL] [ 10348][17:58:06:940246][info  ] RTSpatialIndex 0x765a7000a800 (Used 0 MB), Probe Points, Size: 100000, Results: 14
[LIBGPUSPATIAL] [ 10348][17:58:06:941573][info  ] RTSpatialRefiner 0x765a73d2a220 (Used 1 MB), Loaded Geometries, ProbeArray 100000, Loaded 14, Type Point
[LIBGPUSPATIAL] [ 10348][17:58:06:941681][info  ] RTSpatialRefiner 0x765a73d2a220 (Used 1 MB), Evaluating 14 Geometry Pairs with Predicate Intersects
[LIBGPUSPATIAL] [ 10346][17:58:06:942035][info  ] RTSpatialIndex 0x765a7000a800 (Used 0 MB), Allocate result buffer, memory consumption 0 MB, capacity 12
[LIBGPUSPATIAL] [ 10346][17:58:06:942159][info  ] RTSpatialIndex 0x765a7000a800 (Used 0 MB), Probe Points, Size: 100000, Results: 12
[LIBGPUSPATIAL] [ 10346][17:58:06:942480][info  ] RTSpatialRefiner 0x765a73d2a220 (Used 0 MB), Loaded Geometries, ProbeArray 100000, Loaded 12, Type Point
[LIBGPUSPATIAL] [ 10346][17:58:06:942522][info  ] RTSpatialRefiner 0x765a73d2a220 (Used 0 MB), Evaluating 12 Geometry Pairs with Predicate Intersects
[LIBGPUSPATIAL] [ 10352][17:58:06:944875][info  ] RTSpatialIndex 0x765a7000a800 (Used 1 MB), Allocate result buffer, memory consumption 0 MB, capacity 16
[LIBGPUSPATIAL] [ 10345][17:58:06:944926][info  ] RTSpatialIndex 0x765a7000a800 (Used 1 MB), Allocate result buffer, memory consumption 0 MB, capacity 15
[LIBGPUSPATIAL] [ 10352][17:58:06:945098][info  ] RTSpatialIndex 0x765a7000a800 (Used 1 MB), Probe Points, Size: 100000, Results: 16
[LIBGPUSPATIAL] [ 10345][17:58:06:945195][info  ] RTSpatialIndex 0x765a7000a800 (Used 0 MB), Probe Points, Size: 100000, Results: 15
[LIBGPUSPATIAL] [ 10349][17:58:06:945592][info  ] RTSpatialIndex 0x765a7000a800 (Used 0 MB), Allocate result buffer, memory consumption 0 MB, capacity 15
[LIBGPUSPATIAL] [ 10349][17:58:06:945697][info  ] RTSpatialIndex 0x765a7000a800 (Used 0 MB), Probe Points, Size: 100000, Results: 15
[LIBGPUSPATIAL] [ 10352][17:58:06:947033][info  ] RTSpatialRefiner 0x765a73d2a220 (Used 0 MB), Loaded Geometries, ProbeArray 100000, Loaded 16, Type Point
[LIBGPUSPATIAL] [ 10352][17:58:06:947077][info  ] RTSpatialRefiner 0x765a73d2a220 (Used 0 MB), Evaluating 16 Geometry Pairs with Predicate Intersects
[LIBGPUSPATIAL] [ 10347][17:58:06:947885][info  ] RTSpatialIndex 0x765a7000a800 (Used 0 MB), Allocate result buffer, memory consumption 0 MB, capacity 11
[LIBGPUSPATIAL] [ 10347][17:58:06:948005][info  ] RTSpatialIndex 0x765a7000a800 (Used 0 MB), Probe Points, Size: 100000, Results: 11
[LIBGPUSPATIAL] [ 10345][17:58:06:949137][info  ] RTSpatialRefiner 0x765a73d2a220 (Used 0 MB), Loaded Geometries, ProbeArray 100000, Loaded 15, Type Point
[LIBGPUSPATIAL] [ 10345][17:58:06:949186][info  ] RTSpatialRefiner 0x765a73d2a220 (Used 0 MB), Evaluating 15 Geometry Pairs with Predicate Intersects
[LIBGPUSPATIAL] [ 10349][17:58:06:949516][info  ] RTSpatialRefiner 0x765a73d2a220 (Used 2 MB), Loaded Geometries, ProbeArray 100000, Loaded 15, Type Point
[LIBGPUSPATIAL] [ 10349][17:58:06:949609][info  ] RTSpatialRefiner 0x765a73d2a220 (Used 0 MB), Evaluating 15 Geometry Pairs with Predicate Intersects
[LIBGPUSPATIAL] [ 10347][17:58:06:949881][info  ] RTSpatialRefiner 0x765a73d2a220 (Used 2 MB), Loaded Geometries, ProbeArray 100000, Loaded 11, Type Point
[LIBGPUSPATIAL] [ 10347][17:58:06:949936][info  ] RTSpatialRefiner 0x765a73d2a220 (Used 2 MB), Evaluating 11 Geometry Pairs with Predicate Intersects
[LIBGPUSPATIAL] [ 10351][17:58:06:949986][info  ] RTSpatialIndex 0x765a7000a800 (Used 2 MB), Allocate result buffer, memory consumption 0 MB, capacity 11
[LIBGPUSPATIAL] [ 10351][17:58:06:950389][info  ] RTSpatialIndex 0x765a7000a800 (Used 1 MB), Probe Points, Size: 100000, Results: 11
[LIBGPUSPATIAL] [ 10350][17:58:06:950536][info  ] RTSpatialIndex 0x765a7000a800 (Used 0 MB), Allocate result buffer, memory consumption 0 MB, capacity 20
[LIBGPUSPATIAL] [ 10351][17:58:06:951018][info  ] RTSpatialRefiner 0x765a73d2a220 (Used 0 MB), Loaded Geometries, ProbeArray 100000, Loaded 11, Type Point
[LIBGPUSPATIAL] [ 10351][17:58:06:951063][info  ] RTSpatialRefiner 0x765a73d2a220 (Used 0 MB), Evaluating 11 Geometry Pairs with Predicate Intersects
[LIBGPUSPATIAL] [ 10350][17:58:06:951523][info  ] RTSpatialIndex 0x765a7000a800 (Used 0 MB), Probe Points, Size: 100000, Results: 20
[LIBGPUSPATIAL] [ 10350][17:58:06:952139][info  ] RTSpatialRefiner 0x765a73d2a220 (Used 0 MB), Loaded Geometries, ProbeArray 100000, Loaded 20, Type Point
[LIBGPUSPATIAL] [ 10350][17:58:06:952180][info  ] RTSpatialRefiner 0x765a73d2a220 (Used 0 MB), Evaluating 20 Geometry Pairs with Predicate Intersects
[LIBGPUSPATIAL] [ 10346][17:58:06:954918][info  ] RTSpatialIndex 0x765a7000a800 (Used 0 MB), Allocate result buffer, memory consumption 0 MB, capacity 24
[LIBGPUSPATIAL] [ 10346][17:58:06:955061][info  ] RTSpatialIndex 0x765a7000a800 (Used 0 MB), Probe Points, Size: 100000, Results: 24
[LIBGPUSPATIAL] [ 10346][17:58:06:955589][info  ] RTSpatialRefiner 0x765a73d2a220 (Used 0 MB), Loaded Geometries, ProbeArray 100000, Loaded 24, Type Point
[LIBGPUSPATIAL] [ 10346][17:58:06:955629][info  ] RTSpatialRefiner 0x765a73d2a220 (Used 0 MB), Evaluating 24 Geometry Pairs with Predicate Intersects
[LIBGPUSPATIAL] [ 10348][17:58:06:956429][info  ] RTSpatialIndex 0x765a7000a800 (Used 0 MB), Allocate result buffer, memory consumption 0 MB, capacity 13
[LIBGPUSPATIAL] [ 10348][17:58:06:956568][info  ] RTSpatialIndex 0x765a7000a800 (Used 0 MB), Probe Points, Size: 100000, Results: 13
[LIBGPUSPATIAL] [ 10348][17:58:06:957126][info  ] RTSpatialRefiner 0x765a73d2a220 (Used 0 MB), Loaded Geometries, ProbeArray 100000, Loaded 13, Type Point
[LIBGPUSPATIAL] [ 10348][17:58:06:957171][info  ] RTSpatialRefiner 0x765a73d2a220 (Used 0 MB), Evaluating 13 Geometry Pairs with Predicate Intersects
[LIBGPUSPATIAL] [ 10352][17:58:06:960008][info  ] RTSpatialIndex 0x765a7000a800 (Used 0 MB), Allocate result buffer, memory consumption 0 MB, capacity 16
[LIBGPUSPATIAL] [ 10352][17:58:06:960261][info  ] RTSpatialIndex 0x765a7000a800 (Used 0 MB), Probe Points, Size: 100000, Results: 16
[LIBGPUSPATIAL] [ 10352][17:58:06:960624][info  ] RTSpatialRefiner 0x765a73d2a220 (Used 0 MB), Loaded Geometries, ProbeArray 100000, Loaded 16, Type Point
[LIBGPUSPATIAL] [ 10352][17:58:06:960671][info  ] RTSpatialRefiner 0x765a73d2a220 (Used 0 MB), Evaluating 16 Geometry Pairs with Predicate Intersects
[LIBGPUSPATIAL] [ 10349][17:58:06:961783][info  ] RTSpatialIndex 0x765a7000a800 (Used 0 MB), Allocate result buffer, memory consumption 0 MB, capacity 18
[LIBGPUSPATIAL] [ 10349][17:58:06:961928][info  ] RTSpatialIndex 0x765a7000a800 (Used 0 MB), Probe Points, Size: 100000, Results: 18
[LIBGPUSPATIAL] [ 10345][17:58:06:962752][info  ] RTSpatialIndex 0x765a7000a800 (Used 0 MB), Allocate result buffer, memory consumption 0 MB, capacity 15
[LIBGPUSPATIAL] [ 10345][17:58:06:962892][info  ] RTSpatialIndex 0x765a7000a800 (Used 0 MB), Probe Points, Size: 100000, Results: 15
[LIBGPUSPATIAL] [ 10349][17:58:06:963236][info  ] RTSpatialRefiner 0x765a73d2a220 (Used 0 MB), Loaded Geometries, ProbeArray 100000, Loaded 18, Type Point
[LIBGPUSPATIAL] [ 10349][17:58:06:963282][info  ] RTSpatialRefiner 0x765a73d2a220 (Used 0 MB), Evaluating 18 Geometry Pairs with Predicate Intersects
[LIBGPUSPATIAL] [ 10345][17:58:06:963992][info  ] RTSpatialRefiner 0x765a73d2a220 (Used 0 MB), Loaded Geometries, ProbeArray 100000, Loaded 15, Type Point
[LIBGPUSPATIAL] [ 10345][17:58:06:964036][info  ] RTSpatialRefiner 0x765a73d2a220 (Used 0 MB), Evaluating 15 Geometry Pairs with Predicate Intersects
[LIBGPUSPATIAL] [ 10347][17:58:06:965710][info  ] RTSpatialIndex 0x765a7000a800 (Used 2 MB), Allocate result buffer, memory consumption 0 MB, capacity 20
[LIBGPUSPATIAL] [ 10347][17:58:06:966551][info  ] RTSpatialIndex 0x765a7000a800 (Used 3 MB), Probe Points, Size: 100000, Results: 20
[LIBGPUSPATIAL] [ 10350][17:58:06:966816][info  ] RTSpatialIndex 0x765a7000a800 (Used 2 MB), Allocate result buffer, memory consumption 0 MB, capacity 20
[LIBGPUSPATIAL] [ 10350][17:58:06:967404][info  ] RTSpatialIndex 0x765a7000a800 (Used 1 MB), Probe Points, Size: 100000, Results: 20
[LIBGPUSPATIAL] [ 10351][17:58:06:967447][info  ] RTSpatialIndex 0x765a7000a800 (Used 0 MB), Allocate result buffer, memory consumption 0 MB, capacity 8
[LIBGPUSPATIAL] [ 10347][17:58:06:967772][info  ] RTSpatialRefiner 0x765a73d2a220 (Used 0 MB), Loaded Geometries, ProbeArray 100000, Loaded 20, Type Point
[LIBGPUSPATIAL] [ 10347][17:58:06:967820][info  ] RTSpatialRefiner 0x765a73d2a220 (Used 0 MB), Evaluating 20 Geometry Pairs with Predicate Intersects
[LIBGPUSPATIAL] [ 10351][17:58:06:967830][info  ] RTSpatialIndex 0x765a7000a800 (Used 0 MB), Probe Points, Size: 100000, Results: 8
[LIBGPUSPATIAL] [ 10350][17:58:06:968100][info  ] RTSpatialRefiner 0x765a73d2a220 (Used 0 MB), Loaded Geometries, ProbeArray 100000, Loaded 20, Type Point
[LIBGPUSPATIAL] [ 10350][17:58:06:968146][info  ] RTSpatialRefiner 0x765a73d2a220 (Used 0 MB), Evaluating 20 Geometry Pairs with Predicate Intersects
[LIBGPUSPATIAL] [ 10351][17:58:06:968391][info  ] RTSpatialRefiner 0x765a73d2a220 (Used 0 MB), Loaded Geometries, ProbeArray 100000, Loaded 8, Type Point
[LIBGPUSPATIAL] [ 10351][17:58:06:968455][info  ] RTSpatialRefiner 0x765a73d2a220 (Used 0 MB), Evaluating 8 Geometry Pairs with Predicate Intersects
[LIBGPUSPATIAL] [ 10346][17:58:06:969479][info  ] RTSpatialIndex 0x765a7000a800 (Used 0 MB), Allocate result buffer, memory consumption 0 MB, capacity 9
[LIBGPUSPATIAL] [ 10346][17:58:06:969687][info  ] RTSpatialIndex 0x765a7000a800 (Used 0 MB), Probe Points, Size: 100000, Results: 9
[LIBGPUSPATIAL] [ 10346][17:58:06:970176][info  ] RTSpatialRefiner 0x765a73d2a220 (Used 0 MB), Loaded Geometries, ProbeArray 100000, Loaded 9, Type Point
[LIBGPUSPATIAL] [ 10348][17:58:06:970277][info  ] RTSpatialIndex 0x765a7000a800 (Used 0 MB), Allocate result buffer, memory consumption 0 MB, capacity 10
[LIBGPUSPATIAL] [ 10346][17:58:06:970331][info  ] RTSpatialRefiner 0x765a73d2a220 (Used 0 MB), Evaluating 9 Geometry Pairs with Predicate Intersects
[LIBGPUSPATIAL] [ 10348][17:58:06:970414][info  ] RTSpatialIndex 0x765a7000a800 (Used 0 MB), Probe Points, Size: 100000, Results: 10
[LIBGPUSPATIAL] [ 10348][17:58:06:970786][info  ] RTSpatialRefiner 0x765a73d2a220 (Used 0 MB), Loaded Geometries, ProbeArray 100000, Loaded 10, Type Point
[LIBGPUSPATIAL] [ 10348][17:58:06:970993][info  ] RTSpatialRefiner 0x765a73d2a220 (Used 0 MB), Evaluating 10 Geometry Pairs with Predicate Intersects
[LIBGPUSPATIAL] [ 10352][17:58:06:973734][info  ] RTSpatialIndex 0x765a7000a800 (Used 0 MB), Allocate result buffer, memory consumption 0 MB, capacity 12
[LIBGPUSPATIAL] [ 10352][17:58:06:973866][info  ] RTSpatialIndex 0x765a7000a800 (Used 0 MB), Probe Points, Size: 100000, Results: 12
[LIBGPUSPATIAL] [ 10352][17:58:06:974472][info  ] RTSpatialRefiner 0x765a73d2a220 (Used 0 MB), Loaded Geometries, ProbeArray 100000, Loaded 12, Type Point
[LIBGPUSPATIAL] [ 10352][17:58:06:974511][info  ] RTSpatialRefiner 0x765a73d2a220 (Used 0 MB), Evaluating 12 Geometry Pairs with Predicate Intersects
[LIBGPUSPATIAL] [ 10346][17:58:06:976303][info  ] RTSpatialIndex 0x765a7000a800 (Used 1 MB), Allocate result buffer, memory consumption 0 MB, capacity 7
[LIBGPUSPATIAL] [ 10349][17:58:06:976432][info  ] RTSpatialIndex 0x765a7000a800 (Used 1 MB), Allocate result buffer, memory consumption 0 MB, capacity 13
[LIBGPUSPATIAL] [ 10346][17:58:06:976902][info  ] RTSpatialIndex 0x765a7000a800 (Used 3 MB), Probe Points, Size: 33333, Results: 7
[LIBGPUSPATIAL] [ 10348][17:58:06:977044][info  ] RTSpatialIndex 0x765a7000a800 (Used 1 MB), Allocate result buffer, memory consumption 0 MB, capacity 4
[LIBGPUSPATIAL] [ 10349][17:58:06:977164][info  ] RTSpatialIndex 0x765a7000a800 (Used 1 MB), Probe Points, Size: 100000, Results: 13
[LIBGPUSPATIAL] [ 10345][17:58:06:977594][info  ] RTSpatialIndex 0x765a7000a800 (Used 1 MB), Allocate result buffer, memory consumption 0 MB, capacity 19
[LIBGPUSPATIAL] [ 10348][17:58:06:977967][info  ] RTSpatialIndex 0x765a7000a800 (Used 1 MB), Probe Points, Size: 33333, Results: 4
[LIBGPUSPATIAL] [ 10345][17:58:06:978027][info  ] RTSpatialIndex 0x765a7000a800 (Used 0 MB), Probe Points, Size: 100000, Results: 19
[LIBGPUSPATIAL] [ 10349][17:58:06:978445][info  ] RTSpatialRefiner 0x765a73d2a220 (Used 0 MB), Loaded Geometries, ProbeArray 100000, Loaded 13, Type Point
[LIBGPUSPATIAL] [ 10349][17:58:06:978533][info  ] RTSpatialRefiner 0x765a73d2a220 (Used 0 MB), Evaluating 13 Geometry Pairs with Predicate Intersects
[LIBGPUSPATIAL] [ 10346][17:58:06:978561][info  ] RTSpatialRefiner 0x765a73d2a220 (Used 0 MB), Loaded Geometries, ProbeArray 33333, Loaded 7, Type Point
[LIBGPUSPATIAL] [ 10345][17:58:06:978587][info  ] RTSpatialRefiner 0x765a73d2a220 (Used 0 MB), Loaded Geometries, ProbeArray 100000, Loaded 19, Type Point
[LIBGPUSPATIAL] [ 10348][17:58:06:978601][info  ] RTSpatialRefiner 0x765a73d2a220 (Used 0 MB), Loaded Geometries, ProbeArray 33333, Loaded 4, Type Point
[LIBGPUSPATIAL] [ 10346][17:58:06:978605][info  ] RTSpatialRefiner 0x765a73d2a220 (Used 0 MB), Evaluating 7 Geometry Pairs with Predicate Intersects
[LIBGPUSPATIAL] [ 10345][17:58:06:978625][info  ] RTSpatialRefiner 0x765a73d2a220 (Used 0 MB), Evaluating 19 Geometry Pairs with Predicate Intersects
[LIBGPUSPATIAL] [ 10348][17:58:06:978645][info  ] RTSpatialRefiner 0x765a73d2a220 (Used 0 MB), Evaluating 4 Geometry Pairs with Predicate Intersects
[LIBGPUSPATIAL] [ 10347][17:58:06:981934][info  ] RTSpatialIndex 0x765a7000a800 (Used 2 MB), Allocate result buffer, memory consumption 0 MB, capacity 16
[LIBGPUSPATIAL] [ 10351][17:58:06:982041][info  ] RTSpatialIndex 0x765a7000a800 (Used 2 MB), Allocate result buffer, memory consumption 0 MB, capacity 19
[LIBGPUSPATIAL] [ 10350][17:58:06:982114][info  ] RTSpatialIndex 0x765a7000a800 (Used 2 MB), Allocate result buffer, memory consumption 0 MB, capacity 20
[LIBGPUSPATIAL] [ 10351][17:58:06:982311][info  ] RTSpatialIndex 0x765a7000a800 (Used 2 MB), Probe Points, Size: 100000, Results: 19
[LIBGPUSPATIAL] [ 10347][17:58:06:982467][info  ] RTSpatialIndex 0x765a7000a800 (Used 1 MB), Probe Points, Size: 100000, Results: 16
[LIBGPUSPATIAL] [ 10350][17:58:06:982693][info  ] RTSpatialIndex 0x765a7000a800 (Used 0 MB), Probe Points, Size: 100000, Results: 20
[LIBGPUSPATIAL] [ 10347][17:58:06:983269][info  ] RTSpatialRefiner 0x765a73d2a220 (Used 0 MB), Loaded Geometries, ProbeArray 100000, Loaded 16, Type Point
[LIBGPUSPATIAL] [ 10347][17:58:06:983315][info  ] RTSpatialRefiner 0x765a73d2a220 (Used 0 MB), Evaluating 16 Geometry Pairs with Predicate Intersects
[LIBGPUSPATIAL] [ 10350][17:58:06:983405][info  ] RTSpatialRefiner 0x765a73d2a220 (Used 0 MB), Loaded Geometries, ProbeArray 100000, Loaded 20, Type Point
[LIBGPUSPATIAL] [ 10351][17:58:06:983411][info  ] RTSpatialRefiner 0x765a73d2a220 (Used 0 MB), Loaded Geometries, ProbeArray 100000, Loaded 19, Type Point
[LIBGPUSPATIAL] [ 10350][17:58:06:983449][info  ] RTSpatialRefiner 0x765a73d2a220 (Used 0 MB), Evaluating 20 Geometry Pairs with Predicate Intersects
[LIBGPUSPATIAL] [ 10351][17:58:06:983454][info  ] RTSpatialRefiner 0x765a73d2a220 (Used 0 MB), Evaluating 19 Geometry Pairs with Predicate Intersects
[LIBGPUSPATIAL] [ 10349][17:58:06:983954][info  ] RTSpatialIndex 0x765a7000a800 (Used 0 MB), Allocate result buffer, memory consumption 0 MB, capacity 5
[LIBGPUSPATIAL] [ 10349][17:58:06:984633][info  ] RTSpatialIndex 0x765a7000a800 (Used 0 MB), Probe Points, Size: 33348, Results: 5
[LIBGPUSPATIAL] [ 10349][17:58:06:986164][info  ] RTSpatialRefiner 0x765a73d2a220 (Used 0 MB), Loaded Geometries, ProbeArray 33348, Loaded 5, Type Point
[LIBGPUSPATIAL] [ 10349][17:58:06:986210][info  ] RTSpatialRefiner 0x765a73d2a220 (Used 0 MB), Evaluating 5 Geometry Pairs with Predicate Intersects
[LIBGPUSPATIAL] [ 10352][17:58:06:988410][info  ] RTSpatialIndex 0x765a7000a800 (Used 0 MB), Allocate result buffer, memory consumption 0 MB, capacity 22
[LIBGPUSPATIAL] [ 10352][17:58:06:988546][info  ] RTSpatialIndex 0x765a7000a800 (Used 0 MB), Probe Points, Size: 100000, Results: 22
[LIBGPUSPATIAL] [ 10352][17:58:06:989046][info  ] RTSpatialRefiner 0x765a73d2a220 (Used 0 MB), Loaded Geometries, ProbeArray 100000, Loaded 22, Type Point
[LIBGPUSPATIAL] [ 10352][17:58:06:989092][info  ] RTSpatialRefiner 0x765a73d2a220 (Used 0 MB), Evaluating 22 Geometry Pairs with Predicate Intersects
[LIBGPUSPATIAL] [ 10347][17:58:06:989920][info  ] RTSpatialIndex 0x765a7000a800 (Used 0 MB), Allocate result buffer, memory consumption 0 MB, capacity 5
[LIBGPUSPATIAL] [ 10350][17:58:06:989963][info  ] RTSpatialIndex 0x765a7000a800 (Used 0 MB), Allocate result buffer, memory consumption 0 MB, capacity 2
[LIBGPUSPATIAL] [ 10347][17:58:06:990223][info  ] RTSpatialIndex 0x765a7000a800 (Used 0 MB), Probe Points, Size: 33333, Results: 5
[LIBGPUSPATIAL] [ 10350][17:58:06:990277][info  ] RTSpatialIndex 0x765a7000a800 (Used 0 MB), Probe Points, Size: 33333, Results: 2
[LIBGPUSPATIAL] [ 10350][17:58:06:991160][info  ] RTSpatialRefiner 0x765a73d2a220 (Used 1 MB), Loaded Geometries, ProbeArray 33333, Loaded 2, Type Point
[LIBGPUSPATIAL] [ 10350][17:58:06:991222][info  ] RTSpatialRefiner 0x765a73d2a220 (Used 1 MB), Evaluating 2 Geometry Pairs with Predicate Intersects
[LIBGPUSPATIAL] [ 10345][17:58:06:991719][info  ] RTSpatialIndex 0x765a7000a800 (Used 0 MB), Allocate result buffer, memory consumption 0 MB, capacity 8
[LIBGPUSPATIAL] [ 10347][17:58:06:991790][info  ] RTSpatialRefiner 0x765a73d2a220 (Used 0 MB), Loaded Geometries, ProbeArray 33333, Loaded 5, Type Point
[LIBGPUSPATIAL] [ 10347][17:58:06:991834][info  ] RTSpatialRefiner 0x765a73d2a220 (Used 0 MB), Evaluating 5 Geometry Pairs with Predicate Intersects
[LIBGPUSPATIAL] [ 10345][17:58:06:992301][info  ] RTSpatialIndex 0x765a7000a800 (Used 0 MB), Probe Points, Size: 100000, Results: 8
[LIBGPUSPATIAL] [ 10345][17:58:06:993585][info  ] RTSpatialRefiner 0x765a73d2a220 (Used 0 MB), Loaded Geometries, ProbeArray 100000, Loaded 8, Type Point
[LIBGPUSPATIAL] [ 10345][17:58:06:993625][info  ] RTSpatialRefiner 0x765a73d2a220 (Used 0 MB), Evaluating 8 Geometry Pairs with Predicate Intersects
[LIBGPUSPATIAL] [ 10352][17:58:06:995310][info  ] RTSpatialIndex 0x765a7000a800 (Used 0 MB), Allocate result buffer, memory consumption 0 MB, capacity 8
[LIBGPUSPATIAL] [ 10352][17:58:06:995439][info  ] RTSpatialIndex 0x765a7000a800 (Used 0 MB), Probe Points, Size: 33333, Results: 8
[LIBGPUSPATIAL] [ 10352][17:58:06:996437][info  ] RTSpatialRefiner 0x765a73d2a220 (Used 0 MB), Loaded Geometries, ProbeArray 33333, Loaded 8, Type Point
[LIBGPUSPATIAL] [ 10352][17:58:06:996479][info  ] RTSpatialRefiner 0x765a73d2a220 (Used 0 MB), Evaluating 8 Geometry Pairs with Predicate Intersects
[LIBGPUSPATIAL] [ 10351][17:58:06:998250][info  ] RTSpatialIndex 0x765a7000a800 (Used 0 MB), Allocate result buffer, memory consumption 0 MB, capacity 12
[LIBGPUSPATIAL] [ 10351][17:58:06:998389][info  ] RTSpatialIndex 0x765a7000a800 (Used 0 MB), Probe Points, Size: 100000, Results: 12
[LIBGPUSPATIAL] [ 10351][17:58:06:998959][info  ] RTSpatialRefiner 0x765a73d2a220 (Used 0 MB), Loaded Geometries, ProbeArray 100000, Loaded 12, Type Point
[LIBGPUSPATIAL] [ 10351][17:58:06:999057][info  ] RTSpatialRefiner 0x765a73d2a220 (Used 0 MB), Evaluating 12 Geometry Pairs with Predicate Intersects
[LIBGPUSPATIAL] [ 10348][17:58:07:001211][info  ] RTSpatialIndex 0x765a7000a800 (Used 1 MB), Allocate result buffer, memory consumption 0 MB, capacity 13
[LIBGPUSPATIAL] [ 10346][17:58:07:001476][info  ] RTSpatialIndex 0x765a7000a800 (Used 1 MB), Allocate result buffer, memory consumption 0 MB, capacity 16
[LIBGPUSPATIAL] [ 10348][17:58:07:001604][info  ] RTSpatialIndex 0x765a7000a800 (Used 1 MB), Probe Points, Size: 100000, Results: 13
[LIBGPUSPATIAL] [ 10346][17:58:07:001928][info  ] RTSpatialIndex 0x765a7000a800 (Used 0 MB), Probe Points, Size: 100000, Results: 16
[LIBGPUSPATIAL] [ 10346][17:58:07:002358][info  ] RTSpatialRefiner 0x765a73d2a220 (Used 0 MB), Loaded Geometries, ProbeArray 100000, Loaded 16, Type Point
[LIBGPUSPATIAL] [ 10346][17:58:07:002420][info  ] RTSpatialRefiner 0x765a73d2a220 (Used 0 MB), Evaluating 16 Geometry Pairs with Predicate Intersects
[LIBGPUSPATIAL] [ 10348][17:58:07:002893][info  ] RTSpatialRefiner 0x765a73d2a220 (Used 0 MB), Loaded Geometries, ProbeArray 100000, Loaded 13, Type Point
[LIBGPUSPATIAL] [ 10348][17:58:07:002946][info  ] RTSpatialRefiner 0x765a73d2a220 (Used 0 MB), Evaluating 13 Geometry Pairs with Predicate Intersects
[LIBGPUSPATIAL] [ 10347][17:58:07:005704][info  ] RTSpatialIndex 0x765a7000a800 (Used 0 MB), Allocate result buffer, memory consumption 0 MB, capacity 10
[LIBGPUSPATIAL] [ 10347][17:58:07:005917][info  ] RTSpatialIndex 0x765a7000a800 (Used 0 MB), Probe Points, Size: 100000, Results: 10
[LIBGPUSPATIAL] [ 10347][17:58:07:006993][info  ] RTSpatialRefiner 0x765a73d2a220 (Used 0 MB), Loaded Geometries, ProbeArray 100000, Loaded 10, Type Point
[LIBGPUSPATIAL] [ 10347][17:58:07:007037][info  ] RTSpatialRefiner 0x765a73d2a220 (Used 0 MB), Evaluating 10 Geometry Pairs with Predicate Intersects
[LIBGPUSPATIAL] [ 10345][17:58:07:008362][info  ] RTSpatialIndex 0x765a7000a800 (Used 0 MB), Allocate result buffer, memory consumption 0 MB, capacity 16
[LIBGPUSPATIAL] [ 10345][17:58:07:008517][info  ] RTSpatialIndex 0x765a7000a800 (Used 0 MB), Probe Points, Size: 100000, Results: 16
[LIBGPUSPATIAL] [ 10351][17:58:07:008800][info  ] RTSpatialIndex 0x765a7000a800 (Used 0 MB), Allocate result buffer, memory consumption 0 MB, capacity 7
[LIBGPUSPATIAL] [ 10351][17:58:07:009140][info  ] RTSpatialIndex 0x765a7000a800 (Used 0 MB), Probe Points, Size: 33333, Results: 7
[LIBGPUSPATIAL] [ 10345][17:58:07:010031][info  ] RTSpatialRefiner 0x765a73d2a220 (Used 0 MB), Loaded Geometries, ProbeArray 100000, Loaded 16, Type Point
[LIBGPUSPATIAL] [ 10345][17:58:07:010122][info  ] RTSpatialRefiner 0x765a73d2a220 (Used 0 MB), Evaluating 16 Geometry Pairs with Predicate Intersects
[LIBGPUSPATIAL] [ 10351][17:58:07:010065][info  ] RTSpatialRefiner 0x765a73d2a220 (Used 0 MB), Loaded Geometries, ProbeArray 33333, Loaded 7, Type Point
[LIBGPUSPATIAL] [ 10351][17:58:07:010426][info  ] RTSpatialRefiner 0x765a73d2a220 (Used 0 MB), Evaluating 7 Geometry Pairs with Predicate Intersects
[LIBGPUSPATIAL] [ 10352][17:58:07:011624][info  ] RTSpatialIndex 0x765a7000a800 (Used 0 MB), Allocate result buffer, memory consumption 0 MB, capacity 15
[LIBGPUSPATIAL] [ 10352][17:58:07:011749][info  ] RTSpatialIndex 0x765a7000a800 (Used 0 MB), Probe Points, Size: 100000, Results: 15
[LIBGPUSPATIAL] [ 10352][17:58:07:012144][info  ] RTSpatialRefiner 0x765a73d2a220 (Used 0 MB), Loaded Geometries, ProbeArray 100000, Loaded 15, Type Point
[LIBGPUSPATIAL] [ 10352][17:58:07:012230][info  ] RTSpatialRefiner 0x765a73d2a220 (Used 0 MB), Evaluating 15 Geometry Pairs with Predicate Intersects
[LIBGPUSPATIAL] [ 10350][17:58:07:013487][info  ] RTSpatialIndex 0x765a7000a800 (Used 0 MB), Allocate result buffer, memory consumption 0 MB, capacity 13
[LIBGPUSPATIAL] [ 10350][17:58:07:013607][info  ] RTSpatialIndex 0x765a7000a800 (Used 0 MB), Probe Points, Size: 100000, Results: 13
[LIBGPUSPATIAL] [ 10350][17:58:07:013928][info  ] RTSpatialRefiner 0x765a73d2a220 (Used 0 MB), Loaded Geometries, ProbeArray 100000, Loaded 13, Type Point
[LIBGPUSPATIAL] [ 10350][17:58:07:013967][info  ] RTSpatialRefiner 0x765a73d2a220 (Used 0 MB), Evaluating 13 Geometry Pairs with Predicate Intersects
[LIBGPUSPATIAL] [ 10345][17:58:07:016519][info  ] RTSpatialIndex 0x765a7000a800 (Used 3 MB), Allocate result buffer, memory consumption 0 MB, capacity 3
[LIBGPUSPATIAL] [ 10345][17:58:07:018247][info  ] RTSpatialIndex 0x765a7000a800 (Used 2 MB), Probe Points, Size: 33333, Results: 3
[LIBGPUSPATIAL] [ 10349][17:58:07:018278][info  ] RTSpatialIndex 0x765a7000a800 (Used 2 MB), Allocate result buffer, memory consumption 0 MB, capacity 23
[LIBGPUSPATIAL] [ 10348][17:58:07:018330][info  ] RTSpatialIndex 0x765a7000a800 (Used 2 MB), Allocate result buffer, memory consumption 0 MB, capacity 16
[LIBGPUSPATIAL] [ 10346][17:58:07:019246][info  ] RTSpatialIndex 0x765a7000a800 (Used 3 MB), Allocate result buffer, memory consumption 0 MB, capacity 19
[LIBGPUSPATIAL] [ 10345][17:58:07:019594][info  ] RTSpatialRefiner 0x765a73d2a220 (Used 3 MB), Loaded Geometries, ProbeArray 33333, Loaded 3, Type Point
[LIBGPUSPATIAL] [ 10349][17:58:07:019640][info  ] RTSpatialIndex 0x765a7000a800 (Used 3 MB), Probe Points, Size: 100000, Results: 23
[LIBGPUSPATIAL] [ 10345][17:58:07:019663][info  ] RTSpatialRefiner 0x765a73d2a220 (Used 2 MB), Evaluating 3 Geometry Pairs with Predicate Intersects
[LIBGPUSPATIAL] [ 10348][17:58:07:019743][info  ] RTSpatialIndex 0x765a7000a800 (Used 2 MB), Probe Points, Size: 100000, Results: 16
[LIBGPUSPATIAL] [ 10346][17:58:07:019903][info  ] RTSpatialIndex 0x765a7000a800 (Used 2 MB), Probe Points, Size: 100000, Results: 19
[LIBGPUSPATIAL] [ 10347][17:58:07:019948][info  ] RTSpatialIndex 0x765a7000a800 (Used 2 MB), Allocate result buffer, memory consumption 0 MB, capacity 16
[LIBGPUSPATIAL] [ 10347][17:58:07:020649][info  ] RTSpatialIndex 0x765a7000a800 (Used 0 MB), Probe Points, Size: 100000, Results: 16
[LIBGPUSPATIAL] [ 10348][17:58:07:020901][info  ] RTSpatialRefiner 0x765a73d2a220 (Used 0 MB), Loaded Geometries, ProbeArray 100000, Loaded 16, Type Point
[LIBGPUSPATIAL] [ 10348][17:58:07:020981][info  ] RTSpatialRefiner 0x765a73d2a220 (Used 0 MB), Evaluating 16 Geometry Pairs with Predicate Intersects
[LIBGPUSPATIAL] [ 10349][17:58:07:021010][info  ] RTSpatialRefiner 0x765a73d2a220 (Used 0 MB), Loaded Geometries, ProbeArray 100000, Loaded 23, Type Point
[LIBGPUSPATIAL] [ 10349][17:58:07:021050][info  ] RTSpatialRefiner 0x765a73d2a220 (Used 0 MB), Evaluating 23 Geometry Pairs with Predicate Intersects
[LIBGPUSPATIAL] [ 10347][17:58:07:021326][info  ] RTSpatialRefiner 0x765a73d2a220 (Used 0 MB), Loaded Geometries, ProbeArray 100000, Loaded 16, Type Point
[LIBGPUSPATIAL] [ 10347][17:58:07:021401][info  ] RTSpatialRefiner 0x765a73d2a220 (Used 0 MB), Evaluating 16 Geometry Pairs with Predicate Intersects
[LIBGPUSPATIAL] [ 10346][17:58:07:021536][info  ] RTSpatialRefiner 0x765a73d2a220 (Used 0 MB), Loaded Geometries, ProbeArray 100000, Loaded 19, Type Point
[LIBGPUSPATIAL] [ 10346][17:58:07:021598][info  ] RTSpatialRefiner 0x765a73d2a220 (Used 0 MB), Evaluating 19 Geometry Pairs with Predicate Intersects
[LIBGPUSPATIAL] [ 10352][17:58:07:024576][info  ] RTSpatialIndex 0x765a7000a800 (Used 0 MB), Allocate result buffer, memory consumption 0 MB, capacity 17
[LIBGPUSPATIAL] [ 10352][17:58:07:024732][info  ] RTSpatialIndex 0x765a7000a800 (Used 0 MB), Probe Points, Size: 100000, Results: 17
[LIBGPUSPATIAL] [ 10352][17:58:07:025975][info  ] RTSpatialRefiner 0x765a73d2a220 (Used 0 MB), Loaded Geometries, ProbeArray 100000, Loaded 17, Type Point
[LIBGPUSPATIAL] [ 10352][17:58:07:026019][info  ] RTSpatialRefiner 0x765a73d2a220 (Used 0 MB), Evaluating 17 Geometry Pairs with Predicate Intersects
[LIBGPUSPATIAL] [ 10350][17:58:07:026075][info  ] RTSpatialIndex 0x765a7000a800 (Used 0 MB), Allocate result buffer, memory consumption 0 MB, capacity 19
[LIBGPUSPATIAL] [ 10350][17:58:07:030535][info  ] RTSpatialIndex 0x765a7000a800 (Used 1 MB), Probe Points, Size: 100000, Results: 19
[LIBGPUSPATIAL] [ 10351][17:58:07:030538][info  ] RTSpatialIndex 0x765a7000a800 (Used 1 MB), Allocate result buffer, memory consumption 0 MB, capacity 10
[LIBGPUSPATIAL] [ 10351][17:58:07:030883][info  ] RTSpatialIndex 0x765a7000a800 (Used 0 MB), Probe Points, Size: 100000, Results: 10
[LIBGPUSPATIAL] [ 10351][17:58:07:031798][info  ] RTSpatialRefiner 0x765a73d2a220 (Used 0 MB), Loaded Geometries, ProbeArray 100000, Loaded 10, Type Point
[LIBGPUSPATIAL] [ 10351][17:58:07:031858][info  ] RTSpatialRefiner 0x765a73d2a220 (Used 0 MB), Evaluating 10 Geometry Pairs with Predicate Intersects
[LIBGPUSPATIAL] [ 10350][17:58:07:032895][info  ] RTSpatialRefiner 0x765a73d2a220 (Used 0 MB), Loaded Geometries, ProbeArray 100000, Loaded 19, Type Point
[LIBGPUSPATIAL] [ 10350][17:58:07:032940][info  ] RTSpatialRefiner 0x765a73d2a220 (Used 0 MB), Evaluating 19 Geometry Pairs with Predicate Intersects
[LIBGPUSPATIAL] [ 10348][17:58:07:034267][info  ] RTSpatialIndex 0x765a7000a800 (Used 0 MB), Allocate result buffer, memory consumption 0 MB, capacity 17
[LIBGPUSPATIAL] [ 10348][17:58:07:034416][info  ] RTSpatialIndex 0x765a7000a800 (Used 0 MB), Probe Points, Size: 100000, Results: 17
[LIBGPUSPATIAL] [ 10348][17:58:07:035775][info  ] RTSpatialRefiner 0x765a73d2a220 (Used 3 MB), Loaded Geometries, ProbeArray 100000, Loaded 17, Type Point
[LIBGPUSPATIAL] [ 10348][17:58:07:035830][info  ] RTSpatialRefiner 0x765a73d2a220 (Used 3 MB), Evaluating 17 Geometry Pairs with Predicate Intersects
[LIBGPUSPATIAL] [ 10349][17:58:07:035897][info  ] RTSpatialIndex 0x765a7000a800 (Used 3 MB), Allocate result buffer, memory consumption 0 MB, capacity 14
[LIBGPUSPATIAL] [ 10347][17:58:07:036194][info  ] RTSpatialIndex 0x765a7000a800 (Used 2 MB), Allocate result buffer, memory consumption 0 MB, capacity 15
[LIBGPUSPATIAL] [ 10346][17:58:07:036474][info  ] RTSpatialIndex 0x765a7000a800 (Used 2 MB), Allocate result buffer, memory consumption 0 MB, capacity 17
[LIBGPUSPATIAL] [ 10349][17:58:07:036707][info  ] RTSpatialIndex 0x765a7000a800 (Used 2 MB), Probe Points, Size: 100000, Results: 14
[LIBGPUSPATIAL] [ 10347][17:58:07:036825][info  ] RTSpatialIndex 0x765a7000a800 (Used 1 MB), Probe Points, Size: 100000, Results: 15
[LIBGPUSPATIAL] [ 10346][17:58:07:037224][info  ] RTSpatialIndex 0x765a7000a800 (Used 0 MB), Probe Points, Size: 100000, Results: 17
[LIBGPUSPATIAL] [ 10349][17:58:07:037229][info  ] RTSpatialRefiner 0x765a73d2a220 (Used 0 MB), Loaded Geometries, ProbeArray 100000, Loaded 14, Type Point
[LIBGPUSPATIAL] [ 10349][17:58:07:037282][info  ] RTSpatialRefiner 0x765a73d2a220 (Used 0 MB), Evaluating 14 Geometry Pairs with Predicate Intersects
[LIBGPUSPATIAL] [ 10352][17:58:07:039117][info  ] RTSpatialIndex 0x765a7000a800 (Used 0 MB), Allocate result buffer, memory consumption 0 MB, capacity 16
[LIBGPUSPATIAL] [ 10352][17:58:07:039228][info  ] RTSpatialIndex 0x765a7000a800 (Used 0 MB), Probe Points, Size: 100000, Results: 16
[LIBGPUSPATIAL] [ 10345][17:58:07:039882][info  ] RTSpatialIndex 0x765a7000a800 (Used 0 MB), Allocate result buffer, memory consumption 0 MB, capacity 14
[LIBGPUSPATIAL] [ 10345][17:58:07:040011][info  ] RTSpatialIndex 0x765a7000a800 (Used 0 MB), Probe Points, Size: 100000, Results: 14
[LIBGPUSPATIAL] [ 10347][17:58:07:040340][info  ] RTSpatialRefiner 0x765a73d2a220 (Used 0 MB), Loaded Geometries, ProbeArray 100000, Loaded 15, Type Point
[LIBGPUSPATIAL] [ 10347][17:58:07:040420][info  ] RTSpatialRefiner 0x765a73d2a220 (Used 0 MB), Evaluating 15 Geometry Pairs with Predicate Intersects
[LIBGPUSPATIAL] [ 10352][17:58:07:041059][info  ] RTSpatialRefiner 0x765a73d2a220 (Used 0 MB), Loaded Geometries, ProbeArray 100000, Loaded 16, Type Point
[LIBGPUSPATIAL] [ 10345][17:58:07:041068][info  ] RTSpatialRefiner 0x765a73d2a220 (Used 0 MB), Loaded Geometries, ProbeArray 100000, Loaded 14, Type Point
[LIBGPUSPATIAL] [ 10352][17:58:07:041111][info  ] RTSpatialRefiner 0x765a73d2a220 (Used 0 MB), Evaluating 16 Geometry Pairs with Predicate Intersects
[LIBGPUSPATIAL] [ 10346][17:58:07:041122][info  ] RTSpatialRefiner 0x765a73d2a220 (Used 0 MB), Loaded Geometries, ProbeArray 100000, Loaded 17, Type Point
[LIBGPUSPATIAL] [ 10345][17:58:07:041126][info  ] RTSpatialRefiner 0x765a73d2a220 (Used 0 MB), Evaluating 14 Geometry Pairs with Predicate Intersects
[LIBGPUSPATIAL] [ 10346][17:58:07:041173][info  ] RTSpatialRefiner 0x765a73d2a220 (Used 0 MB), Evaluating 17 Geometry Pairs with Predicate Intersects
[LIBGPUSPATIAL] [ 10351][17:58:07:044707][info  ] RTSpatialIndex 0x765a7000a800 (Used 0 MB), Allocate result buffer, memory consumption 0 MB, capacity 18
[LIBGPUSPATIAL] [ 10351][17:58:07:044891][info  ] RTSpatialIndex 0x765a7000a800 (Used 0 MB), Probe Points, Size: 100000, Results: 18
[LIBGPUSPATIAL] [ 10351][17:58:07:045489][info  ] RTSpatialRefiner 0x765a73d2a220 (Used 1 MB), Loaded Geometries, ProbeArray 100000, Loaded 18, Type Point
[LIBGPUSPATIAL] [ 10351][17:58:07:045590][info  ] RTSpatialRefiner 0x765a73d2a220 (Used 1 MB), Evaluating 18 Geometry Pairs with Predicate Intersects
[LIBGPUSPATIAL] [ 10350][17:58:07:045774][info  ] RTSpatialIndex 0x765a7000a800 (Used 0 MB), Allocate result buffer, memory consumption 0 MB, capacity 16
[LIBGPUSPATIAL] [ 10350][17:58:07:046217][info  ] RTSpatialIndex 0x765a7000a800 (Used 0 MB), Probe Points, Size: 100000, Results: 16
[LIBGPUSPATIAL] [ 10350][17:58:07:046691][info  ] RTSpatialRefiner 0x765a73d2a220 (Used 0 MB), Loaded Geometries, ProbeArray 100000, Loaded 16, Type Point
[LIBGPUSPATIAL] [ 10350][17:58:07:046734][info  ] RTSpatialRefiner 0x765a73d2a220 (Used 0 MB), Evaluating 16 Geometry Pairs with Predicate Intersects
[LIBGPUSPATIAL] [ 10348][17:58:07:048814][info  ] RTSpatialIndex 0x765a7000a800 (Used 0 MB), Allocate result buffer, memory consumption 0 MB, capacity 13
[LIBGPUSPATIAL] [ 10348][17:58:07:048997][info  ] RTSpatialIndex 0x765a7000a800 (Used 0 MB), Probe Points, Size: 100000, Results: 13
[LIBGPUSPATIAL] [ 10348][17:58:07:049405][info  ] RTSpatialRefiner 0x765a73d2a220 (Used 0 MB), Loaded Geometries, ProbeArray 100000, Loaded 13, Type Point
[LIBGPUSPATIAL] [ 10348][17:58:07:049447][info  ] RTSpatialRefiner 0x765a73d2a220 (Used 0 MB), Evaluating 13 Geometry Pairs with Predicate Intersects
[LIBGPUSPATIAL] [ 10349][17:58:07:051182][info  ] RTSpatialIndex 0x765a7000a800 (Used 0 MB), Allocate result buffer, memory consumption 0 MB, capacity 17
[LIBGPUSPATIAL] [ 10349][17:58:07:051299][info  ] RTSpatialIndex 0x765a7000a800 (Used 0 MB), Probe Points, Size: 100000, Results: 17
[LIBGPUSPATIAL] [ 10349][17:58:07:051636][info  ] RTSpatialRefiner 0x765a73d2a220 (Used 0 MB), Loaded Geometries, ProbeArray 100000, Loaded 17, Type Point
[LIBGPUSPATIAL] [ 10349][17:58:07:051677][info  ] RTSpatialRefiner 0x765a73d2a220 (Used 0 MB), Evaluating 17 Geometry Pairs with Predicate Intersects
[LIBGPUSPATIAL] [ 10347][17:58:07:053241][info  ] RTSpatialIndex 0x765a7000a800 (Used 0 MB), Allocate result buffer, memory consumption 0 MB, capacity 21
[LIBGPUSPATIAL] [ 10347][17:58:07:053361][info  ] RTSpatialIndex 0x765a7000a800 (Used 0 MB), Probe Points, Size: 100000, Results: 21
[LIBGPUSPATIAL] [ 10347][17:58:07:053953][info  ] RTSpatialRefiner 0x765a73d2a220 (Used 0 MB), Loaded Geometries, ProbeArray 100000, Loaded 21, Type Point
[LIBGPUSPATIAL] [ 10347][17:58:07:054055][info  ] RTSpatialRefiner 0x765a73d2a220 (Used 0 MB), Evaluating 21 Geometry Pairs with Predicate Intersects
[LIBGPUSPATIAL] [ 10345][17:58:07:055267][info  ] RTSpatialIndex 0x765a7000a800 (Used 1 MB), Allocate result buffer, memory consumption 0 MB, capacity 11
[LIBGPUSPATIAL] [ 10346][17:58:07:055340][info  ] RTSpatialIndex 0x765a7000a800 (Used 1 MB), Allocate result buffer, memory consumption 0 MB, capacity 8
[LIBGPUSPATIAL] [ 10345][17:58:07:055528][info  ] RTSpatialIndex 0x765a7000a800 (Used 1 MB), Probe Points, Size: 100000, Results: 11
[LIBGPUSPATIAL] [ 10346][17:58:07:055677][info  ] RTSpatialIndex 0x765a7000a800 (Used 1 MB), Probe Points, Size: 100000, Results: 8
[LIBGPUSPATIAL] [ 10352][17:58:07:056216][info  ] RTSpatialIndex 0x765a7000a800 (Used 0 MB), Allocate result buffer, memory consumption 0 MB, capacity 14
[LIBGPUSPATIAL] [ 10345][17:58:07:056414][info  ] RTSpatialRefiner 0x765a73d2a220 (Used 0 MB), Loaded Geometries, ProbeArray 100000, Loaded 11, Type Point
[LIBGPUSPATIAL] [ 10345][17:58:07:056521][info  ] RTSpatialRefiner 0x765a73d2a220 (Used 0 MB), Evaluating 11 Geometry Pairs with Predicate Intersects
[LIBGPUSPATIAL] [ 10346][17:58:07:056666][info  ] RTSpatialRefiner 0x765a73d2a220 (Used 0 MB), Loaded Geometries, ProbeArray 100000, Loaded 8, Type Point
[LIBGPUSPATIAL] [ 10352][17:58:07:056686][info  ] RTSpatialIndex 0x765a7000a800 (Used 0 MB), Probe Points, Size: 100000, Results: 14
[LIBGPUSPATIAL] [ 10346][17:58:07:056708][info  ] RTSpatialRefiner 0x765a73d2a220 (Used 0 MB), Evaluating 8 Geometry Pairs with Predicate Intersects
[LIBGPUSPATIAL] [ 10352][17:58:07:057343][info  ] RTSpatialRefiner 0x765a73d2a220 (Used 0 MB), Loaded Geometries, ProbeArray 100000, Loaded 14, Type Point
[LIBGPUSPATIAL] [ 10352][17:58:07:057389][info  ] RTSpatialRefiner 0x765a73d2a220 (Used 0 MB), Evaluating 14 Geometry Pairs with Predicate Intersects
[LIBGPUSPATIAL] [ 10350][17:58:07:059775][info  ] RTSpatialIndex 0x765a7000a800 (Used 0 MB), Allocate result buffer, memory consumption 0 MB, capacity 17
[LIBGPUSPATIAL] [ 10350][17:58:07:059930][info  ] RTSpatialIndex 0x765a7000a800 (Used 2 MB), Probe Points, Size: 100000, Results: 17
[LIBGPUSPATIAL] [ 10351][17:58:07:060539][info  ] RTSpatialIndex 0x765a7000a800 (Used 0 MB), Allocate result buffer, memory consumption 0 MB, capacity 13
[LIBGPUSPATIAL] [ 10351][17:58:07:060667][info  ] RTSpatialIndex 0x765a7000a800 (Used 0 MB), Probe Points, Size: 100000, Results: 13
[LIBGPUSPATIAL] [ 10348][17:58:07:062176][info  ] RTSpatialIndex 0x765a7000a800 (Used 0 MB), Allocate result buffer, memory consumption 0 MB, capacity 12
[LIBGPUSPATIAL] [ 10351][17:58:07:062204][info  ] RTSpatialRefiner 0x765a73d2a220 (Used 0 MB), Loaded Geometries, ProbeArray 100000, Loaded 13, Type Point
[LIBGPUSPATIAL] [ 10350][17:58:07:062212][info  ] RTSpatialRefiner 0x765a73d2a220 (Used 0 MB), Loaded Geometries, ProbeArray 100000, Loaded 17, Type Point
[LIBGPUSPATIAL] [ 10351][17:58:07:062245][info  ] RTSpatialRefiner 0x765a73d2a220 (Used 0 MB), Evaluating 13 Geometry Pairs with Predicate Intersects
[LIBGPUSPATIAL] [ 10350][17:58:07:062252][info  ] RTSpatialRefiner 0x765a73d2a220 (Used 0 MB), Evaluating 17 Geometry Pairs with Predicate Intersects
[LIBGPUSPATIAL] [ 10348][17:58:07:062295][info  ] RTSpatialIndex 0x765a7000a800 (Used 0 MB), Probe Points, Size: 100000, Results: 12
[LIBGPUSPATIAL] [ 10348][17:58:07:062738][info  ] RTSpatialRefiner 0x765a73d2a220 (Used 0 MB), Loaded Geometries, ProbeArray 100000, Loaded 12, Type Point
[LIBGPUSPATIAL] [ 10348][17:58:07:062777][info  ] RTSpatialRefiner 0x765a73d2a220 (Used 0 MB), Evaluating 12 Geometry Pairs with Predicate Intersects
[LIBGPUSPATIAL] [ 10349][17:58:07:064916][info  ] RTSpatialIndex 0x765a7000a800 (Used 0 MB), Allocate result buffer, memory consumption 0 MB, capacity 18
[LIBGPUSPATIAL] [ 10349][17:58:07:065063][info  ] RTSpatialIndex 0x765a7000a800 (Used 0 MB), Probe Points, Size: 100000, Results: 18
[LIBGPUSPATIAL] [ 10349][17:58:07:065675][info  ] RTSpatialRefiner 0x765a73d2a220 (Used 0 MB), Loaded Geometries, ProbeArray 100000, Loaded 18, Type Point
[LIBGPUSPATIAL] [ 10349][17:58:07:065740][info  ] RTSpatialRefiner 0x765a73d2a220 (Used 0 MB), Evaluating 18 Geometry Pairs with Predicate Intersects
[LIBGPUSPATIAL] [ 10347][17:58:07:067502][info  ] RTSpatialIndex 0x765a7000a800 (Used 0 MB), Allocate result buffer, memory consumption 0 MB, capacity 13
[LIBGPUSPATIAL] [ 10347][17:58:07:067631][info  ] RTSpatialIndex 0x765a7000a800 (Used 0 MB), Probe Points, Size: 100000, Results: 13
[LIBGPUSPATIAL] [ 10347][17:58:07:067988][info  ] RTSpatialRefiner 0x765a73d2a220 (Used 0 MB), Loaded Geometries, ProbeArray 100000, Loaded 13, Type Point
[LIBGPUSPATIAL] [ 10347][17:58:07:068035][info  ] RTSpatialRefiner 0x765a73d2a220 (Used 0 MB), Evaluating 13 Geometry Pairs with Predicate Intersects
[LIBGPUSPATIAL] [ 10345][17:58:07:069079][info  ] RTSpatialIndex 0x765a7000a800 (Used 0 MB), Allocate result buffer, memory consumption 0 MB, capacity 11
[LIBGPUSPATIAL] [ 10345][17:58:07:069253][info  ] RTSpatialIndex 0x765a7000a800 (Used 0 MB), Probe Points, Size: 100000, Results: 11
[LIBGPUSPATIAL] [ 10346][17:58:07:069632][info  ] RTSpatialIndex 0x765a7000a800 (Used 0 MB), Allocate result buffer, memory consumption 0 MB, capacity 15
[LIBGPUSPATIAL] [ 10346][17:58:07:069753][info  ] RTSpatialIndex 0x765a7000a800 (Used 0 MB), Probe Points, Size: 100000, Results: 15
[LIBGPUSPATIAL] [ 10352][17:58:07:070602][info  ] RTSpatialIndex 0x765a7000a800 (Used 0 MB), Allocate result buffer, memory consumption 0 MB, capacity 13
[LIBGPUSPATIAL] [ 10352][17:58:07:070704][info  ] RTSpatialIndex 0x765a7000a800 (Used 0 MB), Probe Points, Size: 100000, Results: 13
[LIBGPUSPATIAL] [ 10346][17:58:07:070995][info  ] RTSpatialRefiner 0x765a73d2a220 (Used 0 MB), Loaded Geometries, ProbeArray 100000, Loaded 15, Type Point
[LIBGPUSPATIAL] [ 10346][17:58:07:071043][info  ] RTSpatialRefiner 0x765a73d2a220 (Used 0 MB), Evaluating 15 Geometry Pairs with Predicate Intersects
[LIBGPUSPATIAL] [ 10345][17:58:07:071100][info  ] RTSpatialRefiner 0x765a73d2a220 (Used 0 MB), Loaded Geometries, ProbeArray 100000, Loaded 11, Type Point
[LIBGPUSPATIAL] [ 10352][17:58:07:071143][info  ] RTSpatialRefiner 0x765a73d2a220 (Used 0 MB), Loaded Geometries, ProbeArray 100000, Loaded 13, Type Point
[LIBGPUSPATIAL] [ 10345][17:58:07:071147][info  ] RTSpatialRefiner 0x765a73d2a220 (Used 0 MB), Evaluating 11 Geometry Pairs with Predicate Intersects
[LIBGPUSPATIAL] [ 10352][17:58:07:071213][info  ] RTSpatialRefiner 0x765a73d2a220 (Used 0 MB), Evaluating 13 Geometry Pairs with Predicate Intersects
[LIBGPUSPATIAL] [ 10351][17:58:07:075077][info  ] RTSpatialIndex 0x765a7000a800 (Used 0 MB), Allocate result buffer, memory consumption 0 MB, capacity 24
[LIBGPUSPATIAL] [ 10351][17:58:07:075221][info  ] RTSpatialIndex 0x765a7000a800 (Used 0 MB), Probe Points, Size: 100000, Results: 24
[LIBGPUSPATIAL] [ 10351][17:58:07:075581][info  ] RTSpatialRefiner 0x765a73d2a220 (Used 0 MB), Loaded Geometries, ProbeArray 100000, Loaded 24, Type Point
[LIBGPUSPATIAL] [ 10351][17:58:07:075624][info  ] RTSpatialRefiner 0x765a73d2a220 (Used 0 MB), Evaluating 24 Geometry Pairs with Predicate Intersects
[LIBGPUSPATIAL] [ 10348][17:58:07:076438][info  ] RTSpatialIndex 0x765a7000a800 (Used 0 MB), Allocate result buffer, memory consumption 0 MB, capacity 16
[LIBGPUSPATIAL] [ 10348][17:58:07:076655][info  ] RTSpatialIndex 0x765a7000a800 (Used 0 MB), Probe Points, Size: 100000, Results: 16
[LIBGPUSPATIAL] [ 10350][17:58:07:077248][info  ] RTSpatialIndex 0x765a7000a800 (Used 0 MB), Allocate result buffer, memory consumption 0 MB, capacity 9
[LIBGPUSPATIAL] [ 10350][17:58:07:077593][info  ] RTSpatialIndex 0x765a7000a800 (Used 0 MB), Probe Points, Size: 100000, Results: 9
[LIBGPUSPATIAL] [ 10348][17:58:07:077601][info  ] RTSpatialRefiner 0x765a73d2a220 (Used 0 MB), Loaded Geometries, ProbeArray 100000, Loaded 16, Type Point
[LIBGPUSPATIAL] [ 10348][17:58:07:077645][info  ] RTSpatialRefiner 0x765a73d2a220 (Used 0 MB), Evaluating 16 Geometry Pairs with Predicate Intersects
[LIBGPUSPATIAL] [ 10350][17:58:07:078032][info  ] RTSpatialRefiner 0x765a73d2a220 (Used 0 MB), Loaded Geometries, ProbeArray 100000, Loaded 9, Type Point
[LIBGPUSPATIAL] [ 10350][17:58:07:078076][info  ] RTSpatialRefiner 0x765a73d2a220 (Used 0 MB), Evaluating 9 Geometry Pairs with Predicate Intersects
[LIBGPUSPATIAL] [ 10349][17:58:07:079427][info  ] RTSpatialIndex 0x765a7000a800 (Used 0 MB), Allocate result buffer, memory consumption 0 MB, capacity 6
[LIBGPUSPATIAL] [ 10349][17:58:07:079556][info  ] RTSpatialIndex 0x765a7000a800 (Used 0 MB), Probe Points, Size: 100000, Results: 6
[LIBGPUSPATIAL] [ 10349][17:58:07:080027][info  ] RTSpatialRefiner 0x765a73d2a220 (Used 0 MB), Loaded Geometries, ProbeArray 100000, Loaded 6, Type Point
[LIBGPUSPATIAL] [ 10349][17:58:07:080074][info  ] RTSpatialRefiner 0x765a73d2a220 (Used 0 MB), Evaluating 6 Geometry Pairs with Predicate Intersects
[LIBGPUSPATIAL] [ 10347][17:58:07:081660][info  ] RTSpatialIndex 0x765a7000a800 (Used 0 MB), Allocate result buffer, memory consumption 0 MB, capacity 11
[LIBGPUSPATIAL] [ 10347][17:58:07:081789][info  ] RTSpatialIndex 0x765a7000a800 (Used 0 MB), Probe Points, Size: 100000, Results: 11
[LIBGPUSPATIAL] [ 10347][17:58:07:082634][info  ] RTSpatialRefiner 0x765a73d2a220 (Used 0 MB), Loaded Geometries, ProbeArray 100000, Loaded 11, Type Point
[LIBGPUSPATIAL] [ 10347][17:58:07:082685][info  ] RTSpatialRefiner 0x765a73d2a220 (Used 0 MB), Evaluating 11 Geometry Pairs with Predicate Intersects
[LIBGPUSPATIAL] [ 10346][17:58:07:084634][info  ] RTSpatialIndex 0x765a7000a800 (Used 1 MB), Allocate result buffer, memory consumption 0 MB, capacity 12
[LIBGPUSPATIAL] [ 10345][17:58:07:084684][info  ] RTSpatialIndex 0x765a7000a800 (Used 1 MB), Allocate result buffer, memory consumption 0 MB, capacity 13
[LIBGPUSPATIAL] [ 10346][17:58:07:084819][info  ] RTSpatialIndex 0x765a7000a800 (Used 3 MB), Probe Points, Size: 100000, Results: 12
[LIBGPUSPATIAL] [ 10345][17:58:07:085115][info  ] RTSpatialIndex 0x765a7000a800 (Used 1 MB), Probe Points, Size: 100000, Results: 13
[LIBGPUSPATIAL] [ 10352][17:58:07:085313][info  ] RTSpatialIndex 0x765a7000a800 (Used 0 MB), Allocate result buffer, memory consumption 0 MB, capacity 14
[LIBGPUSPATIAL] [ 10352][17:58:07:085482][info  ] RTSpatialIndex 0x765a7000a800 (Used 0 MB), Probe Points, Size: 100000, Results: 14
[LIBGPUSPATIAL] [ 10346][17:58:07:085732][info  ] RTSpatialRefiner 0x765a73d2a220 (Used 0 MB), Loaded Geometries, ProbeArray 100000, Loaded 12, Type Point
[LIBGPUSPATIAL] [ 10346][17:58:07:085772][info  ] RTSpatialRefiner 0x765a73d2a220 (Used 0 MB), Evaluating 12 Geometry Pairs with Predicate Intersects
[LIBGPUSPATIAL] [ 10345][17:58:07:086327][info  ] RTSpatialRefiner 0x765a73d2a220 (Used 0 MB), Loaded Geometries, ProbeArray 100000, Loaded 13, Type Point
[LIBGPUSPATIAL] [ 10352][17:58:07:086336][info  ] RTSpatialRefiner 0x765a73d2a220 (Used 0 MB), Loaded Geometries, ProbeArray 100000, Loaded 14, Type Point
[LIBGPUSPATIAL] [ 10352][17:58:07:086380][info  ] RTSpatialRefiner 0x765a73d2a220 (Used 0 MB), Evaluating 14 Geometry Pairs with Predicate Intersects
[LIBGPUSPATIAL] [ 10345][17:58:07:086387][info  ] RTSpatialRefiner 0x765a73d2a220 (Used 0 MB), Evaluating 13 Geometry Pairs with Predicate Intersects
[LIBGPUSPATIAL] [ 10351][17:58:07:088519][info  ] RTSpatialIndex 0x765a7000a800 (Used 0 MB), Allocate result buffer, memory consumption 0 MB, capacity 15
[LIBGPUSPATIAL] [ 10351][17:58:07:088661][info  ] RTSpatialIndex 0x765a7000a800 (Used 0 MB), Probe Points, Size: 100000, Results: 15
[LIBGPUSPATIAL] [ 10351][17:58:07:089990][info  ] RTSpatialRefiner 0x765a73d2a220 (Used 0 MB), Loaded Geometries, ProbeArray 100000, Loaded 15, Type Point
[LIBGPUSPATIAL] [ 10351][17:58:07:090036][info  ] RTSpatialRefiner 0x765a73d2a220 (Used 0 MB), Evaluating 15 Geometry Pairs with Predicate Intersects
[LIBGPUSPATIAL] [ 10348][17:58:07:091929][info  ] RTSpatialIndex 0x765a7000a800 (Used 1 MB), Allocate result buffer, memory consumption 0 MB, capacity 11
[LIBGPUSPATIAL] [ 10350][17:58:07:092002][info  ] RTSpatialIndex 0x765a7000a800 (Used 1 MB), Allocate result buffer, memory consumption 0 MB, capacity 27
[LIBGPUSPATIAL] [ 10348][17:58:07:092201][info  ] RTSpatialIndex 0x765a7000a800 (Used 1 MB), Probe Points, Size: 100000, Results: 11
[LIBGPUSPATIAL] [ 10350][17:58:07:092279][info  ] RTSpatialIndex 0x765a7000a800 (Used 0 MB), Probe Points, Size: 100000, Results: 27
[LIBGPUSPATIAL] [ 10348][17:58:07:092734][info  ] RTSpatialRefiner 0x765a73d2a220 (Used 0 MB), Loaded Geometries, ProbeArray 100000, Loaded 11, Type Point
[LIBGPUSPATIAL] [ 10348][17:58:07:092779][info  ] RTSpatialRefiner 0x765a73d2a220 (Used 0 MB), Evaluating 11 Geometry Pairs with Predicate Intersects
[LIBGPUSPATIAL] [ 10349][17:58:07:092785][info  ] RTSpatialIndex 0x765a7000a800 (Used 0 MB), Allocate result buffer, memory consumption 0 MB, capacity 15
[LIBGPUSPATIAL] [ 10350][17:58:07:093155][info  ] RTSpatialRefiner 0x765a73d2a220 (Used 0 MB), Loaded Geometries, ProbeArray 100000, Loaded 27, Type Point
[LIBGPUSPATIAL] [ 10350][17:58:07:093205][info  ] RTSpatialRefiner 0x765a73d2a220 (Used 0 MB), Evaluating 27 Geometry Pairs with Predicate Intersects
[LIBGPUSPATIAL] [ 10349][17:58:07:093212][info  ] RTSpatialIndex 0x765a7000a800 (Used 0 MB), Probe Points, Size: 100000, Results: 15
[LIBGPUSPATIAL] [ 10349][17:58:07:093651][info  ] RTSpatialRefiner 0x765a73d2a220 (Used 0 MB), Loaded Geometries, ProbeArray 100000, Loaded 15, Type Point
[LIBGPUSPATIAL] [ 10349][17:58:07:093746][info  ] RTSpatialRefiner 0x765a73d2a220 (Used 0 MB), Evaluating 15 Geometry Pairs with Predicate Intersects
[LIBGPUSPATIAL] [ 10347][17:58:07:096017][info  ] RTSpatialIndex 0x765a7000a800 (Used 0 MB), Allocate result buffer, memory consumption 0 MB, capacity 17
[LIBGPUSPATIAL] [ 10347][17:58:07:096290][info  ] RTSpatialIndex 0x765a7000a800 (Used 0 MB), Probe Points, Size: 100000, Results: 17
[LIBGPUSPATIAL] [ 10347][17:58:07:096688][info  ] RTSpatialRefiner 0x765a73d2a220 (Used 0 MB), Loaded Geometries, ProbeArray 100000, Loaded 17, Type Point
[LIBGPUSPATIAL] [ 10347][17:58:07:096735][info  ] RTSpatialRefiner 0x765a73d2a220 (Used 0 MB), Evaluating 17 Geometry Pairs with Predicate Intersects
[LIBGPUSPATIAL] [ 10346][17:58:07:098315][info  ] RTSpatialIndex 0x765a7000a800 (Used 0 MB), Allocate result buffer, memory consumption 0 MB, capacity 8
[LIBGPUSPATIAL] [ 10346][17:58:07:098437][info  ] RTSpatialIndex 0x765a7000a800 (Used 0 MB), Probe Points, Size: 100000, Results: 8
[LIBGPUSPATIAL] [ 10352][17:58:07:099462][info  ] RTSpatialIndex 0x765a7000a800 (Used 0 MB), Allocate result buffer, memory consumption 0 MB, capacity 14
[LIBGPUSPATIAL] [ 10352][17:58:07:099574][info  ] RTSpatialIndex 0x765a7000a800 (Used 0 MB), Probe Points, Size: 100000, Results: 14
[LIBGPUSPATIAL] [ 10346][17:58:07:099931][info  ] RTSpatialRefiner 0x765a73d2a220 (Used 0 MB), Loaded Geometries, ProbeArray 100000, Loaded 8, Type Point
[LIBGPUSPATIAL] [ 10346][17:58:07:099967][info  ] RTSpatialRefiner 0x765a73d2a220 (Used 0 MB), Evaluating 8 Geometry Pairs with Predicate Intersects
[LIBGPUSPATIAL] [ 10345][17:58:07:100891][info  ] RTSpatialIndex 0x765a7000a800 (Used 0 MB), Allocate result buffer, memory consumption 0 MB, capacity 10
[LIBGPUSPATIAL] [ 10352][17:58:07:100942][info  ] RTSpatialRefiner 0x765a73d2a220 (Used 0 MB), Loaded Geometries, ProbeArray 100000, Loaded 14, Type Point
[LIBGPUSPATIAL] [ 10352][17:58:07:101074][info  ] RTSpatialRefiner 0x765a73d2a220 (Used 0 MB), Evaluating 14 Geometry Pairs with Predicate Intersects
[LIBGPUSPATIAL] [ 10345][17:58:07:101284][info  ] RTSpatialIndex 0x765a7000a800 (Used 0 MB), Probe Points, Size: 100000, Results: 10
[LIBGPUSPATIAL] [ 10345][17:58:07:101748][info  ] RTSpatialRefiner 0x765a73d2a220 (Used 0 MB), Loaded Geometries, ProbeArray 100000, Loaded 10, Type Point
[LIBGPUSPATIAL] [ 10345][17:58:07:101796][info  ] RTSpatialRefiner 0x765a73d2a220 (Used 0 MB), Evaluating 10 Geometry Pairs with Predicate Intersects
[LIBGPUSPATIAL] [ 10351][17:58:07:103150][info  ] RTSpatialIndex 0x765a7000a800 (Used 0 MB), Allocate result buffer, memory consumption 0 MB, capacity 20
[LIBGPUSPATIAL] [ 10351][17:58:07:103275][info  ] RTSpatialIndex 0x765a7000a800 (Used 0 MB), Probe Points, Size: 100000, Results: 20
[LIBGPUSPATIAL] [ 10351][17:58:07:103746][info  ] RTSpatialRefiner 0x765a73d2a220 (Used 0 MB), Loaded Geometries, ProbeArray 100000, Loaded 20, Type Point
[LIBGPUSPATIAL] [ 10351][17:58:07:103865][info  ] RTSpatialRefiner 0x765a73d2a220 (Used 0 MB), Evaluating 20 Geometry Pairs with Predicate Intersects
[LIBGPUSPATIAL] [ 10350][17:58:07:106401][info  ] RTSpatialIndex 0x765a7000a800 (Used 0 MB), Allocate result buffer, memory consumption 0 MB, capacity 17
[LIBGPUSPATIAL] [ 10350][17:58:07:106545][info  ] RTSpatialIndex 0x765a7000a800 (Used 0 MB), Probe Points, Size: 100000, Results: 17
[LIBGPUSPATIAL] [ 10348][17:58:07:106996][info  ] RTSpatialIndex 0x765a7000a800 (Used 2 MB), Allocate result buffer, memory consumption 0 MB, capacity 15
[LIBGPUSPATIAL] [ 10348][17:58:07:107503][info  ] RTSpatialIndex 0x765a7000a800 (Used 1 MB), Probe Points, Size: 100000, Results: 15
[LIBGPUSPATIAL] [ 10349][17:58:07:107535][info  ] RTSpatialIndex 0x765a7000a800 (Used 1 MB), Allocate result buffer, memory consumption 0 MB, capacity 9
[LIBGPUSPATIAL] [ 10349][17:58:07:107863][info  ] RTSpatialIndex 0x765a7000a800 (Used 0 MB), Probe Points, Size: 100000, Results: 9
[LIBGPUSPATIAL] [ 10350][17:58:07:107871][info  ] RTSpatialRefiner 0x765a73d2a220 (Used 0 MB), Loaded Geometries, ProbeArray 100000, Loaded 17, Type Point
[LIBGPUSPATIAL] [ 10350][17:58:07:107959][info  ] RTSpatialRefiner 0x765a73d2a220 (Used 0 MB), Evaluating 17 Geometry Pairs with Predicate Intersects
[LIBGPUSPATIAL] [ 10349][17:58:07:108507][info  ] RTSpatialRefiner 0x765a73d2a220 (Used 0 MB), Loaded Geometries, ProbeArray 100000, Loaded 9, Type Point
[LIBGPUSPATIAL] [ 10348][17:58:07:108531][info  ] RTSpatialRefiner 0x765a73d2a220 (Used 0 MB), Loaded Geometries, ProbeArray 100000, Loaded 15, Type Point
[LIBGPUSPATIAL] [ 10349][17:58:07:108551][info  ] RTSpatialRefiner 0x765a73d2a220 (Used 0 MB), Evaluating 9 Geometry Pairs with Predicate Intersects
[LIBGPUSPATIAL] [ 10348][17:58:07:108582][info  ] RTSpatialRefiner 0x765a73d2a220 (Used 0 MB), Evaluating 15 Geometry Pairs with Predicate Intersects
[LIBGPUSPATIAL] [ 10347][17:58:07:109767][info  ] RTSpatialIndex 0x765a7000a800 (Used 0 MB), Allocate result buffer, memory consumption 0 MB, capacity 11
[LIBGPUSPATIAL] [ 10347][17:58:07:109937][info  ] RTSpatialIndex 0x765a7000a800 (Used 0 MB), Probe Points, Size: 100000, Results: 11
[LIBGPUSPATIAL] [ 10347][17:58:07:111022][info  ] RTSpatialRefiner 0x765a73d2a220 (Used 0 MB), Loaded Geometries, ProbeArray 100000, Loaded 11, Type Point
[LIBGPUSPATIAL] [ 10347][17:58:07:111070][info  ] RTSpatialRefiner 0x765a73d2a220 (Used 0 MB), Evaluating 11 Geometry Pairs with Predicate Intersects
[LIBGPUSPATIAL] [ 10346][17:58:07:112761][info  ] RTSpatialIndex 0x765a7000a800 (Used 0 MB), Allocate result buffer, memory consumption 0 MB, capacity 10
[LIBGPUSPATIAL] [ 10346][17:58:07:112902][info  ] RTSpatialIndex 0x765a7000a800 (Used 0 MB), Probe Points, Size: 100000, Results: 10
[LIBGPUSPATIAL] [ 10346][17:58:07:113312][info  ] RTSpatialRefiner 0x765a73d2a220 (Used 0 MB), Loaded Geometries, ProbeArray 100000, Loaded 10, Type Point
[LIBGPUSPATIAL] [ 10346][17:58:07:113371][info  ] RTSpatialRefiner 0x765a73d2a220 (Used 0 MB), Evaluating 10 Geometry Pairs with Predicate Intersects
[LIBGPUSPATIAL] [ 10352][17:58:07:115076][info  ] RTSpatialIndex 0x765a7000a800 (Used 1 MB), Allocate result buffer, memory consumption 0 MB, capacity 17
[LIBGPUSPATIAL] [ 10345][17:58:07:115138][info  ] RTSpatialIndex 0x765a7000a800 (Used 1 MB), Allocate result buffer, memory consumption 0 MB, capacity 15
[LIBGPUSPATIAL] [ 10352][17:58:07:116655][info  ] RTSpatialIndex 0x765a7000a800 (Used 3 MB), Probe Points, Size: 100000, Results: 17
[LIBGPUSPATIAL] [ 10345][17:58:07:116858][info  ] RTSpatialIndex 0x765a7000a800 (Used 1 MB), Probe Points, Size: 100000, Results: 15
[LIBGPUSPATIAL] [ 10351][17:58:07:117018][info  ] RTSpatialIndex 0x765a7000a800 (Used 0 MB), Allocate result buffer, memory consumption 0 MB, capacity 13
[LIBGPUSPATIAL] [ 10351][17:58:07:117268][info  ] RTSpatialIndex 0x765a7000a800 (Used 0 MB), Probe Points, Size: 100000, Results: 13
[LIBGPUSPATIAL] [ 10352][17:58:07:117328][info  ] RTSpatialRefiner 0x765a73d2a220 (Used 0 MB), Loaded Geometries, ProbeArray 100000, Loaded 17, Type Point
[LIBGPUSPATIAL] [ 10352][17:58:07:117373][info  ] RTSpatialRefiner 0x765a73d2a220 (Used 0 MB), Evaluating 17 Geometry Pairs with Predicate Intersects
[LIBGPUSPATIAL] [ 10351][17:58:07:118225][info  ] RTSpatialRefiner 0x765a73d2a220 (Used 0 MB), Loaded Geometries, ProbeArray 100000, Loaded 13, Type Point
[LIBGPUSPATIAL] [ 10345][17:58:07:118266][info  ] RTSpatialRefiner 0x765a73d2a220 (Used 0 MB), Loaded Geometries, ProbeArray 100000, Loaded 15, Type Point
[LIBGPUSPATIAL] [ 10351][17:58:07:118272][info  ] RTSpatialRefiner 0x765a73d2a220 (Used 0 MB), Evaluating 13 Geometry Pairs with Predicate Intersects
[LIBGPUSPATIAL] [ 10345][17:58:07:118303][info  ] RTSpatialRefiner 0x765a73d2a220 (Used 0 MB), Evaluating 15 Geometry Pairs with Predicate Intersects
[LIBGPUSPATIAL] [ 10350][17:58:07:122052][info  ] RTSpatialIndex 0x765a7000a800 (Used 3 MB), Allocate result buffer, memory consumption 0 MB, capacity 21
[LIBGPUSPATIAL] [ 10349][17:58:07:122417][info  ] RTSpatialIndex 0x765a7000a800 (Used 2 MB), Allocate result buffer, memory consumption 0 MB, capacity 14
[LIBGPUSPATIAL] [ 10350][17:58:07:122566][info  ] RTSpatialIndex 0x765a7000a800 (Used 2 MB), Probe Points, Size: 100000, Results: 21
[LIBGPUSPATIAL] [ 10348][17:58:07:122642][info  ] RTSpatialIndex 0x765a7000a800 (Used 1 MB), Allocate result buffer, memory consumption 0 MB, capacity 17
[LIBGPUSPATIAL] [ 10349][17:58:07:122934][info  ] RTSpatialIndex 0x765a7000a800 (Used 1 MB), Probe Points, Size: 100000, Results: 14
[LIBGPUSPATIAL] [ 10348][17:58:07:123021][info  ] RTSpatialIndex 0x765a7000a800 (Used 0 MB), Probe Points, Size: 100000, Results: 17
[LIBGPUSPATIAL] [ 10347][17:58:07:124033][info  ] RTSpatialIndex 0x765a7000a800 (Used 0 MB), Allocate result buffer, memory consumption 0 MB, capacity 17
[LIBGPUSPATIAL] [ 10347][17:58:07:124149][info  ] RTSpatialIndex 0x765a7000a800 (Used 0 MB), Probe Points, Size: 100000, Results: 17
[LIBGPUSPATIAL] [ 10347][17:58:07:126290][info  ] RTSpatialRefiner 0x765a73d2a220 (Used 0 MB), Loaded Geometries, ProbeArray 100000, Loaded 17, Type Point
[LIBGPUSPATIAL] [ 10347][17:58:07:126331][info  ] RTSpatialRefiner 0x765a73d2a220 (Used 0 MB), Evaluating 17 Geometry Pairs with Predicate Intersects
[LIBGPUSPATIAL] [ 10349][17:58:07:126537][info  ] RTSpatialRefiner 0x765a73d2a220 (Used 0 MB), Loaded Geometries, ProbeArray 100000, Loaded 14, Type Point
[LIBGPUSPATIAL] [ 10349][17:58:07:126588][info  ] RTSpatialRefiner 0x765a73d2a220 (Used 0 MB), Evaluating 14 Geometry Pairs with Predicate Intersects
[LIBGPUSPATIAL] [ 10348][17:58:07:126616][info  ] RTSpatialRefiner 0x765a73d2a220 (Used 0 MB), Loaded Geometries, ProbeArray 100000, Loaded 17, Type Point
[LIBGPUSPATIAL] [ 10350][17:58:07:126638][info  ] RTSpatialRefiner 0x765a73d2a220 (Used 0 MB), Loaded Geometries, ProbeArray 100000, Loaded 21, Type Point
[LIBGPUSPATIAL] [ 10348][17:58:07:126661][info  ] RTSpatialRefiner 0x765a73d2a220 (Used 0 MB), Evaluating 17 Geometry Pairs with Predicate Intersects
[LIBGPUSPATIAL] [ 10350][17:58:07:126682][info  ] RTSpatialRefiner 0x765a73d2a220 (Used 0 MB), Evaluating 21 Geometry Pairs with Predicate Intersects
[LIBGPUSPATIAL] [ 10346][17:58:07:127741][info  ] RTSpatialIndex 0x765a7000a800 (Used 0 MB), Allocate result buffer, memory consumption 0 MB, capacity 16
[LIBGPUSPATIAL] [ 10346][17:58:07:128159][info  ] RTSpatialIndex 0x765a7000a800 (Used 0 MB), Probe Points, Size: 100000, Results: 16
[LIBGPUSPATIAL] [ 10346][17:58:07:129168][info  ] RTSpatialRefiner 0x765a73d2a220 (Used 0 MB), Loaded Geometries, ProbeArray 100000, Loaded 16, Type Point
[LIBGPUSPATIAL] [ 10346][17:58:07:129240][info  ] RTSpatialRefiner 0x765a73d2a220 (Used 0 MB), Evaluating 16 Geometry Pairs with Predicate Intersects
[LIBGPUSPATIAL] [ 10352][17:58:07:130020][info  ] RTSpatialIndex 0x765a7000a800 (Used 0 MB), Allocate result buffer, memory consumption 0 MB, capacity 15
[LIBGPUSPATIAL] [ 10352][17:58:07:130207][info  ] RTSpatialIndex 0x765a7000a800 (Used 0 MB), Probe Points, Size: 100000, Results: 15
[LIBGPUSPATIAL] [ 10345][17:58:07:131083][info  ] RTSpatialIndex 0x765a7000a800 (Used 0 MB), Allocate result buffer, memory consumption 0 MB, capacity 19
[LIBGPUSPATIAL] [ 10345][17:58:07:131220][info  ] RTSpatialIndex 0x765a7000a800 (Used 0 MB), Probe Points, Size: 100000, Results: 19
[LIBGPUSPATIAL] [ 10351][17:58:07:133285][info  ] RTSpatialIndex 0x765a7000a800 (Used 0 MB), Allocate result buffer, memory consumption 0 MB, capacity 22
[LIBGPUSPATIAL] [ 10352][17:58:07:133314][info  ] RTSpatialRefiner 0x765a73d2a220 (Used 0 MB), Loaded Geometries, ProbeArray 100000, Loaded 15, Type Point
[LIBGPUSPATIAL] [ 10345][17:58:07:133346][info  ] RTSpatialRefiner 0x765a73d2a220 (Used 0 MB), Loaded Geometries, ProbeArray 100000, Loaded 19, Type Point
[LIBGPUSPATIAL] [ 10345][17:58:07:133406][info  ] RTSpatialRefiner 0x765a73d2a220 (Used 0 MB), Evaluating 19 Geometry Pairs with Predicate Intersects
[LIBGPUSPATIAL] [ 10352][17:58:07:133472][info  ] RTSpatialRefiner 0x765a73d2a220 (Used 0 MB), Evaluating 15 Geometry Pairs with Predicate Intersects
[LIBGPUSPATIAL] [ 10351][17:58:07:133741][info  ] RTSpatialIndex 0x765a7000a800 (Used 0 MB), Probe Points, Size: 100000, Results: 22
[LIBGPUSPATIAL] [ 10351][17:58:07:134480][info  ] RTSpatialRefiner 0x765a73d2a220 (Used 0 MB), Loaded Geometries, ProbeArray 100000, Loaded 22, Type Point
[LIBGPUSPATIAL] [ 10351][17:58:07:134560][info  ] RTSpatialRefiner 0x765a73d2a220 (Used 0 MB), Evaluating 22 Geometry Pairs with Predicate Intersects
[LIBGPUSPATIAL] [ 10347][17:58:07:140126][info  ] RTSpatialIndex 0x765a7000a800 (Used 0 MB), Allocate result buffer, memory consumption 0 MB, capacity 14
[LIBGPUSPATIAL] [ 10347][17:58:07:141675][info  ] RTSpatialIndex 0x765a7000a800 (Used 3 MB), Probe Points, Size: 100000, Results: 14
[LIBGPUSPATIAL] [ 10348][17:58:07:141818][info  ] RTSpatialIndex 0x765a7000a800 (Used 3 MB), Allocate result buffer, memory consumption 0 MB, capacity 16
[LIBGPUSPATIAL] [ 10350][17:58:07:142008][info  ] RTSpatialIndex 0x765a7000a800 (Used 3 MB), Allocate result buffer, memory consumption 0 MB, capacity 10
[LIBGPUSPATIAL] [ 10349][17:58:07:142170][info  ] RTSpatialIndex 0x765a7000a800 (Used 3 MB), Allocate result buffer, memory consumption 0 MB, capacity 20
[LIBGPUSPATIAL] [ 10346][17:58:07:142231][info  ] RTSpatialIndex 0x765a7000a800 (Used 3 MB), Allocate result buffer, memory consumption 0 MB, capacity 17
[LIBGPUSPATIAL] [ 10350][17:58:07:142540][info  ] RTSpatialIndex 0x765a7000a800 (Used 3 MB), Probe Points, Size: 100000, Results: 10
[LIBGPUSPATIAL] [ 10348][17:58:07:142813][info  ] RTSpatialIndex 0x765a7000a800 (Used 2 MB), Probe Points, Size: 100000, Results: 16
[LIBGPUSPATIAL] [ 10349][17:58:07:143120][info  ] RTSpatialIndex 0x765a7000a800 (Used 1 MB), Probe Points, Size: 100000, Results: 20
[LIBGPUSPATIAL] [ 10347][17:58:07:143303][info  ] RTSpatialRefiner 0x765a73d2a220 (Used 0 MB), Loaded Geometries, ProbeArray 100000, Loaded 14, Type Point
[LIBGPUSPATIAL] [ 10346][17:58:07:143383][info  ] RTSpatialIndex 0x765a7000a800 (Used 0 MB), Probe Points, Size: 100000, Results: 17
[LIBGPUSPATIAL] [ 10347][17:58:07:143394][info  ] RTSpatialRefiner 0x765a73d2a220 (Used 0 MB), Evaluating 14 Geometry Pairs with Predicate Intersects
[LIBGPUSPATIAL] [ 10348][17:58:07:143488][info  ] RTSpatialRefiner 0x765a73d2a220 (Used 0 MB), Loaded Geometries, ProbeArray 100000, Loaded 16, Type Point
[LIBGPUSPATIAL] [ 10350][17:58:07:143527][info  ] RTSpatialRefiner 0x765a73d2a220 (Used 0 MB), Loaded Geometries, ProbeArray 100000, Loaded 10, Type Point
[LIBGPUSPATIAL] [ 10348][17:58:07:143606][info  ] RTSpatialRefiner 0x765a73d2a220 (Used 0 MB), Evaluating 16 Geometry Pairs with Predicate Intersects
[LIBGPUSPATIAL] [ 10350][17:58:07:143743][info  ] RTSpatialRefiner 0x765a73d2a220 (Used 0 MB), Evaluating 10 Geometry Pairs with Predicate Intersects
[LIBGPUSPATIAL] [ 10346][17:58:07:144071][info  ] RTSpatialRefiner 0x765a73d2a220 (Used 0 MB), Loaded Geometries, ProbeArray 100000, Loaded 17, Type Point
[LIBGPUSPATIAL] [ 10349][17:58:07:144107][info  ] RTSpatialRefiner 0x765a73d2a220 (Used 0 MB), Loaded Geometries, ProbeArray 100000, Loaded 20, Type Point
[LIBGPUSPATIAL] [ 10349][17:58:07:144158][info  ] RTSpatialRefiner 0x765a73d2a220 (Used 0 MB), Evaluating 20 Geometry Pairs with Predicate Intersects
[LIBGPUSPATIAL] [ 10346][17:58:07:144182][info  ] RTSpatialRefiner 0x765a73d2a220 (Used 0 MB), Evaluating 17 Geometry Pairs with Predicate Intersects
[LIBGPUSPATIAL] [ 10352][17:58:07:147058][info  ] RTSpatialIndex 0x765a7000a800 (Used 0 MB), Allocate result buffer, memory consumption 0 MB, capacity 11
[LIBGPUSPATIAL] [ 10352][17:58:07:147223][info  ] RTSpatialIndex 0x765a7000a800 (Used 0 MB), Probe Points, Size: 100000, Results: 11
[LIBGPUSPATIAL] [ 10345][17:58:07:148133][info  ] RTSpatialIndex 0x765a7000a800 (Used 1 MB), Allocate result buffer, memory consumption 0 MB, capacity 22
[LIBGPUSPATIAL] [ 10351][17:58:07:148203][info  ] RTSpatialIndex 0x765a7000a800 (Used 1 MB), Allocate result buffer, memory consumption 0 MB, capacity 15
[LIBGPUSPATIAL] [ 10345][17:58:07:148421][info  ] RTSpatialIndex 0x765a7000a800 (Used 1 MB), Probe Points, Size: 100000, Results: 22
[LIBGPUSPATIAL] [ 10352][17:58:07:148428][info  ] RTSpatialRefiner 0x765a73d2a220 (Used 1 MB), Loaded Geometries, ProbeArray 100000, Loaded 11, Type Point
[LIBGPUSPATIAL] [ 10352][17:58:07:148506][info  ] RTSpatialRefiner 0x765a73d2a220 (Used 0 MB), Evaluating 11 Geometry Pairs with Predicate Intersects
[LIBGPUSPATIAL] [ 10351][17:58:07:148609][info  ] RTSpatialIndex 0x765a7000a800 (Used 0 MB), Probe Points, Size: 100000, Results: 15
[LIBGPUSPATIAL] [ 10345][17:58:07:148959][info  ] RTSpatialRefiner 0x765a73d2a220 (Used 0 MB), Loaded Geometries, ProbeArray 100000, Loaded 22, Type Point
[LIBGPUSPATIAL] [ 10345][17:58:07:148996][info  ] RTSpatialRefiner 0x765a73d2a220 (Used 0 MB), Evaluating 22 Geometry Pairs with Predicate Intersects
[LIBGPUSPATIAL] [ 10351][17:58:07:149315][info  ] RTSpatialRefiner 0x765a73d2a220 (Used 0 MB), Loaded Geometries, ProbeArray 100000, Loaded 15, Type Point
[LIBGPUSPATIAL] [ 10351][17:58:07:149373][info  ] RTSpatialRefiner 0x765a73d2a220 (Used 0 MB), Evaluating 15 Geometry Pairs with Predicate Intersects
[LIBGPUSPATIAL] [ 10347][17:58:07:157915][info  ] RTSpatialIndex 0x765a7000a800 (Used 1 MB), Allocate result buffer, memory consumption 0 MB, capacity 11
[LIBGPUSPATIAL] [ 10346][17:58:07:157962][info  ] RTSpatialIndex 0x765a7000a800 (Used 1 MB), Allocate result buffer, memory consumption 0 MB, capacity 24
[LIBGPUSPATIAL] [ 10347][17:58:07:158565][info  ] RTSpatialIndex 0x765a7000a800 (Used 4 MB), Probe Points, Size: 100000, Results: 11
[LIBGPUSPATIAL] [ 10346][17:58:07:159000][info  ] RTSpatialIndex 0x765a7000a800 (Used 4 MB), Probe Points, Size: 100000, Results: 24
[LIBGPUSPATIAL] [ 10348][17:58:07:159506][info  ] RTSpatialIndex 0x765a7000a800 (Used 3 MB), Allocate result buffer, memory consumption 0 MB, capacity 21
[LIBGPUSPATIAL] [ 10347][17:58:07:160209][info  ] RTSpatialRefiner 0x765a73d2a220 (Used 2 MB), Loaded Geometries, ProbeArray 100000, Loaded 11, Type Point
[LIBGPUSPATIAL] [ 10349][17:58:07:160236][info  ] RTSpatialIndex 0x765a7000a800 (Used 2 MB), Allocate result buffer, memory consumption 0 MB, capacity 16
[LIBGPUSPATIAL] [ 10347][17:58:07:160280][info  ] RTSpatialRefiner 0x765a73d2a220 (Used 2 MB), Evaluating 11 Geometry Pairs with Predicate Intersects
[LIBGPUSPATIAL] [ 10346][17:58:07:160309][info  ] RTSpatialRefiner 0x765a73d2a220 (Used 2 MB), Loaded Geometries, ProbeArray 100000, Loaded 24, Type Point
[LIBGPUSPATIAL] [ 10348][17:58:07:160428][info  ] RTSpatialIndex 0x765a7000a800 (Used 2 MB), Probe Points, Size: 100000, Results: 21
[LIBGPUSPATIAL] [ 10346][17:58:07:160433][info  ] RTSpatialRefiner 0x765a73d2a220 (Used 2 MB), Evaluating 24 Geometry Pairs with Predicate Intersects
[LIBGPUSPATIAL] [ 10349][17:58:07:160660][info  ] RTSpatialIndex 0x765a7000a800 (Used 1 MB), Probe Points, Size: 100000, Results: 16
[LIBGPUSPATIAL] [ 10350][17:58:07:160746][info  ] RTSpatialIndex 0x765a7000a800 (Used 1 MB), Allocate result buffer, memory consumption 0 MB, capacity 14
[LIBGPUSPATIAL] [ 10349][17:58:07:161282][info  ] RTSpatialRefiner 0x765a73d2a220 (Used 1 MB), Loaded Geometries, ProbeArray 100000, Loaded 16, Type Point
[LIBGPUSPATIAL] [ 10349][17:58:07:161351][info  ] RTSpatialRefiner 0x765a73d2a220 (Used 1 MB), Evaluating 16 Geometry Pairs with Predicate Intersects
[LIBGPUSPATIAL] [ 10348][17:58:07:161422][info  ] RTSpatialRefiner 0x765a73d2a220 (Used 1 MB), Loaded Geometries, ProbeArray 100000, Loaded 21, Type Point
[LIBGPUSPATIAL] [ 10348][17:58:07:161473][info  ] RTSpatialRefiner 0x765a73d2a220 (Used 1 MB), Evaluating 21 Geometry Pairs with Predicate Intersects
[LIBGPUSPATIAL] [ 10350][17:58:07:161832][info  ] RTSpatialIndex 0x765a7000a800 (Used 3 MB), Probe Points, Size: 100000, Results: 14
[LIBGPUSPATIAL] [ 10350][17:58:07:162522][info  ] RTSpatialRefiner 0x765a73d2a220 (Used 3 MB), Loaded Geometries, ProbeArray 100000, Loaded 14, Type Point
[LIBGPUSPATIAL] [ 10350][17:58:07:162605][info  ] RTSpatialRefiner 0x765a73d2a220 (Used 2 MB), Evaluating 14 Geometry Pairs with Predicate Intersects
[LIBGPUSPATIAL] [ 10352][17:58:07:162738][info  ] RTSpatialIndex 0x765a7000a800 (Used 2 MB), Allocate result buffer, memory consumption 0 MB, capacity 19
[LIBGPUSPATIAL] [ 10345][17:58:07:162967][info  ] RTSpatialIndex 0x765a7000a800 (Used 2 MB), Allocate result buffer, memory consumption 0 MB, capacity 16
[LIBGPUSPATIAL] [ 10351][17:58:07:163163][info  ] RTSpatialIndex 0x765a7000a800 (Used 2 MB), Allocate result buffer, memory consumption 0 MB, capacity 14
[LIBGPUSPATIAL] [ 10345][17:58:07:163566][info  ] RTSpatialIndex 0x765a7000a800 (Used 2 MB), Probe Points, Size: 100000, Results: 16
[LIBGPUSPATIAL] [ 10352][17:58:07:163882][info  ] RTSpatialIndex 0x765a7000a800 (Used 1 MB), Probe Points, Size: 100000, Results: 19
[LIBGPUSPATIAL] [ 10351][17:58:07:164169][info  ] RTSpatialIndex 0x765a7000a800 (Used 0 MB), Probe Points, Size: 100000, Results: 14
[LIBGPUSPATIAL] [ 10352][17:58:07:166215][info  ] RTSpatialRefiner 0x765a73d2a220 (Used 0 MB), Loaded Geometries, ProbeArray 100000, Loaded 19, Type Point
[LIBGPUSPATIAL] [ 10345][17:58:07:166219][info  ] RTSpatialRefiner 0x765a73d2a220 (Used 0 MB), Loaded Geometries, ProbeArray 100000, Loaded 16, Type Point
[LIBGPUSPATIAL] [ 10352][17:58:07:166269][info  ] RTSpatialRefiner 0x765a73d2a220 (Used 0 MB), Evaluating 19 Geometry Pairs with Predicate Intersects
[LIBGPUSPATIAL] [ 10345][17:58:07:166380][info  ] RTSpatialRefiner 0x765a73d2a220 (Used 0 MB), Evaluating 16 Geometry Pairs with Predicate Intersects
[LIBGPUSPATIAL] [ 10351][17:58:07:166449][info  ] RTSpatialRefiner 0x765a73d2a220 (Used 0 MB), Loaded Geometries, ProbeArray 100000, Loaded 14, Type Point
[LIBGPUSPATIAL] [ 10351][17:58:07:166507][info  ] RTSpatialRefiner 0x765a73d2a220 (Used 0 MB), Evaluating 14 Geometry Pairs with Predicate Intersects
[LIBGPUSPATIAL] [ 10347][17:58:07:174776][info  ] RTSpatialIndex 0x765a7000a800 (Used 2 MB), Allocate result buffer, memory consumption 0 MB, capacity 17
[LIBGPUSPATIAL] [ 10347][17:58:07:175635][info  ] RTSpatialIndex 0x765a7000a800 (Used 4 MB), Probe Points, Size: 100000, Results: 17
[LIBGPUSPATIAL] [ 10349][17:58:07:176017][info  ] RTSpatialIndex 0x765a7000a800 (Used 4 MB), Allocate result buffer, memory consumption 0 MB, capacity 9
[LIBGPUSPATIAL] [ 10349][17:58:07:176691][info  ] RTSpatialIndex 0x765a7000a800 (Used 3 MB), Probe Points, Size: 100000, Results: 9
[LIBGPUSPATIAL] [ 10347][17:58:07:176701][info  ] RTSpatialRefiner 0x765a73d2a220 (Used 3 MB), Loaded Geometries, ProbeArray 100000, Loaded 17, Type Point
[LIBGPUSPATIAL] [ 10348][17:58:07:176746][info  ] RTSpatialIndex 0x765a7000a800 (Used 2 MB), Allocate result buffer, memory consumption 0 MB, capacity 13
[LIBGPUSPATIAL] [ 10350][17:58:07:176861][info  ] RTSpatialIndex 0x765a7000a800 (Used 2 MB), Allocate result buffer, memory consumption 0 MB, capacity 14
[LIBGPUSPATIAL] [ 10346][17:58:07:176898][info  ] RTSpatialIndex 0x765a7000a800 (Used 2 MB), Allocate result buffer, memory consumption 0 MB, capacity 13
[LIBGPUSPATIAL] [ 10347][17:58:07:177065][info  ] RTSpatialRefiner 0x765a73d2a220 (Used 2 MB), Evaluating 17 Geometry Pairs with Predicate Intersects
[LIBGPUSPATIAL] [ 10348][17:58:07:177494][info  ] RTSpatialIndex 0x765a7000a800 (Used 2 MB), Probe Points, Size: 100000, Results: 13
[LIBGPUSPATIAL] [ 10350][17:58:07:177719][info  ] RTSpatialIndex 0x765a7000a800 (Used 1 MB), Probe Points, Size: 100000, Results: 14
[LIBGPUSPATIAL] [ 10349][17:58:07:177756][info  ] RTSpatialRefiner 0x765a73d2a220 (Used 1 MB), Loaded Geometries, ProbeArray 100000, Loaded 9, Type Point
[LIBGPUSPATIAL] [ 10349][17:58:07:177865][info  ] RTSpatialRefiner 0x765a73d2a220 (Used 0 MB), Evaluating 9 Geometry Pairs with Predicate Intersects
[LIBGPUSPATIAL] [ 10346][17:58:07:178008][info  ] RTSpatialIndex 0x765a7000a800 (Used 0 MB), Probe Points, Size: 100000, Results: 13
[LIBGPUSPATIAL] [ 10348][17:58:07:178409][info  ] RTSpatialRefiner 0x765a73d2a220 (Used 0 MB), Loaded Geometries, ProbeArray 100000, Loaded 13, Type Point
[LIBGPUSPATIAL] [ 10348][17:58:07:178496][info  ] RTSpatialRefiner 0x765a73d2a220 (Used 0 MB), Evaluating 13 Geometry Pairs with Predicate Intersects
[LIBGPUSPATIAL] [ 10346][17:58:07:178626][info  ] RTSpatialRefiner 0x765a73d2a220 (Used 0 MB), Loaded Geometries, ProbeArray 100000, Loaded 13, Type Point
[LIBGPUSPATIAL] [ 10350][17:58:07:178635][info  ] RTSpatialRefiner 0x765a73d2a220 (Used 0 MB), Loaded Geometries, ProbeArray 100000, Loaded 14, Type Point
[LIBGPUSPATIAL] [ 10346][17:58:07:178676][info  ] RTSpatialRefiner 0x765a73d2a220 (Used 0 MB), Evaluating 13 Geometry Pairs with Predicate Intersects
[LIBGPUSPATIAL] [ 10350][17:58:07:178683][info  ] RTSpatialRefiner 0x765a73d2a220 (Used 0 MB), Evaluating 14 Geometry Pairs with Predicate Intersects
[LIBGPUSPATIAL] [ 10352][17:58:07:179921][info  ] RTSpatialIndex 0x765a7000a800 (Used 3 MB), Allocate result buffer, memory consumption 0 MB, capacity 16
[LIBGPUSPATIAL] [ 10345][17:58:07:180366][info  ] RTSpatialIndex 0x765a7000a800 (Used 2 MB), Allocate result buffer, memory consumption 0 MB, capacity 17
[LIBGPUSPATIAL] [ 10345][17:58:07:180858][info  ] RTSpatialIndex 0x765a7000a800 (Used 2 MB), Probe Points, Size: 100000, Results: 17
[LIBGPUSPATIAL] [ 10351][17:58:07:180917][info  ] RTSpatialIndex 0x765a7000a800 (Used 1 MB), Allocate result buffer, memory consumption 0 MB, capacity 11
[LIBGPUSPATIAL] [ 10352][17:58:07:181276][info  ] RTSpatialIndex 0x765a7000a800 (Used 1 MB), Probe Points, Size: 100000, Results: 16
[LIBGPUSPATIAL] [ 10351][17:58:07:181558][info  ] RTSpatialIndex 0x765a7000a800 (Used 0 MB), Probe Points, Size: 100000, Results: 11
[LIBGPUSPATIAL] [ 10352][17:58:07:183126][info  ] RTSpatialRefiner 0x765a73d2a220 (Used 0 MB), Loaded Geometries, ProbeArray 100000, Loaded 16, Type Point
[LIBGPUSPATIAL] [ 10351][17:58:07:183178][info  ] RTSpatialRefiner 0x765a73d2a220 (Used 0 MB), Loaded Geometries, ProbeArray 100000, Loaded 11, Type Point
[LIBGPUSPATIAL] [ 10345][17:58:07:183134][info  ] RTSpatialRefiner 0x765a73d2a220 (Used 0 MB), Loaded Geometries, ProbeArray 100000, Loaded 17, Type Point
[LIBGPUSPATIAL] [ 10352][17:58:07:183228][info  ] RTSpatialRefiner 0x765a73d2a220 (Used 0 MB), Evaluating 16 Geometry Pairs with Predicate Intersects
[LIBGPUSPATIAL] [ 10351][17:58:07:183233][info  ] RTSpatialRefiner 0x765a73d2a220 (Used 0 MB), Evaluating 11 Geometry Pairs with Predicate Intersects
[LIBGPUSPATIAL] [ 10345][17:58:07:183239][info  ] RTSpatialRefiner 0x765a73d2a220 (Used 0 MB), Evaluating 17 Geometry Pairs with Predicate Intersects
[LIBGPUSPATIAL] [ 10347][17:58:07:189953][info  ] RTSpatialIndex 0x765a7000a800 (Used 0 MB), Allocate result buffer, memory consumption 0 MB, capacity 9
[LIBGPUSPATIAL] [ 10347][17:58:07:190090][info  ] RTSpatialIndex 0x765a7000a800 (Used 0 MB), Probe Points, Size: 100000, Results: 9
[LIBGPUSPATIAL] [ 10349][17:58:07:190896][info  ] RTSpatialIndex 0x765a7000a800 (Used 0 MB), Allocate result buffer, memory consumption 0 MB, capacity 13
[LIBGPUSPATIAL] [ 10349][17:58:07:191012][info  ] RTSpatialIndex 0x765a7000a800 (Used 0 MB), Probe Points, Size: 100000, Results: 13
[LIBGPUSPATIAL] [ 10347][17:58:07:191339][info  ] RTSpatialRefiner 0x765a73d2a220 (Used 0 MB), Loaded Geometries, ProbeArray 100000, Loaded 9, Type Point
[LIBGPUSPATIAL] [ 10349][17:58:07:191384][info  ] RTSpatialRefiner 0x765a73d2a220 (Used 0 MB), Loaded Geometries, ProbeArray 100000, Loaded 13, Type Point
[LIBGPUSPATIAL] [ 10347][17:58:07:191390][info  ] RTSpatialRefiner 0x765a73d2a220 (Used 0 MB), Evaluating 9 Geometry Pairs with Predicate Intersects
[LIBGPUSPATIAL] [ 10349][17:58:07:191432][info  ] RTSpatialRefiner 0x765a73d2a220 (Used 0 MB), Evaluating 13 Geometry Pairs with Predicate Intersects
[LIBGPUSPATIAL] [ 10348][17:58:07:192137][info  ] RTSpatialIndex 0x765a7000a800 (Used 0 MB), Allocate result buffer, memory consumption 0 MB, capacity 12
[LIBGPUSPATIAL] [ 10348][17:58:07:193177][info  ] RTSpatialIndex 0x765a7000a800 (Used 2 MB), Probe Points, Size: 100000, Results: 12
[LIBGPUSPATIAL] [ 10350][17:58:07:193223][info  ] RTSpatialIndex 0x765a7000a800 (Used 2 MB), Allocate result buffer, memory consumption 0 MB, capacity 14
[LIBGPUSPATIAL] [ 10346][17:58:07:193338][info  ] RTSpatialIndex 0x765a7000a800 (Used 1 MB), Allocate result buffer, memory consumption 0 MB, capacity 14
[LIBGPUSPATIAL] [ 10350][17:58:07:193810][info  ] RTSpatialIndex 0x765a7000a800 (Used 1 MB), Probe Points, Size: 100000, Results: 14
[LIBGPUSPATIAL] [ 10346][17:58:07:193887][info  ] RTSpatialIndex 0x765a7000a800 (Used 0 MB), Probe Points, Size: 100000, Results: 14
[LIBGPUSPATIAL] [ 10348][17:58:07:194143][info  ] RTSpatialRefiner 0x765a73d2a220 (Used 0 MB), Loaded Geometries, ProbeArray 100000, Loaded 12, Type Point
[LIBGPUSPATIAL] [ 10348][17:58:07:194210][info  ] RTSpatialRefiner 0x765a73d2a220 (Used 0 MB), Evaluating 12 Geometry Pairs with Predicate Intersects
[LIBGPUSPATIAL] [ 10350][17:58:07:194450][info  ] RTSpatialRefiner 0x765a73d2a220 (Used 0 MB), Loaded Geometries, ProbeArray 100000, Loaded 14, Type Point
[LIBGPUSPATIAL] [ 10350][17:58:07:194490][info  ] RTSpatialRefiner 0x765a73d2a220 (Used 0 MB), Evaluating 14 Geometry Pairs with Predicate Intersects
[LIBGPUSPATIAL] [ 10352][17:58:07:196392][info  ] RTSpatialIndex 0x765a7000a800 (Used 0 MB), Allocate result buffer, memory consumption 0 MB, capacity 16
[LIBGPUSPATIAL] [ 10346][17:58:07:196453][info  ] RTSpatialRefiner 0x765a73d2a220 (Used 0 MB), Loaded Geometries, ProbeArray 100000, Loaded 14, Type Point
[LIBGPUSPATIAL] [ 10346][17:58:07:196667][info  ] RTSpatialRefiner 0x765a73d2a220 (Used 2 MB), Evaluating 14 Geometry Pairs with Predicate Intersects
[LIBGPUSPATIAL] [ 10352][17:58:07:197002][info  ] RTSpatialIndex 0x765a7000a800 (Used 3 MB), Probe Points, Size: 100000, Results: 16
[LIBGPUSPATIAL] [ 10351][17:58:07:197268][info  ] RTSpatialIndex 0x765a7000a800 (Used 2 MB), Allocate result buffer, memory consumption 0 MB, capacity 15
[LIBGPUSPATIAL] [ 10351][17:58:07:197657][info  ] RTSpatialIndex 0x765a7000a800 (Used 1 MB), Probe Points, Size: 100000, Results: 15
[LIBGPUSPATIAL] [ 10352][17:58:07:197667][info  ] RTSpatialRefiner 0x765a73d2a220 (Used 1 MB), Loaded Geometries, ProbeArray 100000, Loaded 16, Type Point
[LIBGPUSPATIAL] [ 10345][17:58:07:197690][info  ] RTSpatialIndex 0x765a7000a800 (Used 1 MB), Allocate result buffer, memory consumption 0 MB, capacity 11
[LIBGPUSPATIAL] [ 10352][17:58:07:197741][info  ] RTSpatialRefiner 0x765a73d2a220 (Used 1 MB), Evaluating 16 Geometry Pairs with Predicate Intersects
[LIBGPUSPATIAL] [ 10347][17:58:07:197782][info  ] RTSpatialIndex 0x765a7000a800 (Used 1 MB), Allocate result buffer, memory consumption 0 MB, capacity 4
[LIBGPUSPATIAL] [ 10351][17:58:07:198368][info  ] RTSpatialRefiner 0x765a73d2a220 (Used 1 MB), Loaded Geometries, ProbeArray 100000, Loaded 15, Type Point
[LIBGPUSPATIAL] [ 10347][17:58:07:198435][info  ] RTSpatialIndex 0x765a7000a800 (Used 1 MB), Probe Points, Size: 33333, Results: 4
[LIBGPUSPATIAL] [ 10351][17:58:07:198440][info  ] RTSpatialRefiner 0x765a73d2a220 (Used 1 MB), Evaluating 15 Geometry Pairs with Predicate Intersects
[LIBGPUSPATIAL] [ 10345][17:58:07:198591][info  ] RTSpatialIndex 0x765a7000a800 (Used 0 MB), Probe Points, Size: 100000, Results: 11
[LIBGPUSPATIAL] [ 10347][17:58:07:199102][info  ] RTSpatialRefiner 0x765a73d2a220 (Used 0 MB), Loaded Geometries, ProbeArray 33333, Loaded 4, Type Point
[LIBGPUSPATIAL] [ 10347][17:58:07:199149][info  ] RTSpatialRefiner 0x765a73d2a220 (Used 0 MB), Evaluating 4 Geometry Pairs with Predicate Intersects
[LIBGPUSPATIAL] [ 10348][17:58:07:200065][info  ] RTSpatialIndex 0x765a7000a800 (Used 0 MB), Allocate result buffer, memory consumption 0 MB, capacity 5
[LIBGPUSPATIAL] [ 10348][17:58:07:200373][info  ] RTSpatialIndex 0x765a7000a800 (Used 0 MB), Probe Points, Size: 33333, Results: 5
[LIBGPUSPATIAL] [ 10349][17:58:07:202144][info  ] RTSpatialIndex 0x765a7000a800 (Used 0 MB), Allocate result buffer, memory consumption 0 MB, capacity 21
[LIBGPUSPATIAL] [ 10349][17:58:07:202247][info  ] RTSpatialIndex 0x765a7000a800 (Used 0 MB), Probe Points, Size: 100000, Results: 21
[LIBGPUSPATIAL] [ 10345][17:58:07:203021][info  ] RTSpatialRefiner 0x765a73d2a220 (Used 0 MB), Loaded Geometries, ProbeArray 100000, Loaded 11, Type Point
[LIBGPUSPATIAL] [ 10345][17:58:07:203063][info  ] RTSpatialRefiner 0x765a73d2a220 (Used 0 MB), Evaluating 11 Geometry Pairs with Predicate Intersects
[LIBGPUSPATIAL] [ 10349][17:58:07:203139][info  ] RTSpatialRefiner 0x765a73d2a220 (Used 0 MB), Loaded Geometries, ProbeArray 100000, Loaded 21, Type Point
[LIBGPUSPATIAL] [ 10349][17:58:07:203177][info  ] RTSpatialRefiner 0x765a73d2a220 (Used 0 MB), Evaluating 21 Geometry Pairs with Predicate Intersects
[LIBGPUSPATIAL] [ 10348][17:58:07:203601][info  ] RTSpatialRefiner 0x765a73d2a220 (Used 0 MB), Loaded Geometries, ProbeArray 33333, Loaded 5, Type Point
[LIBGPUSPATIAL] [ 10348][17:58:07:203640][info  ] RTSpatialRefiner 0x765a73d2a220 (Used 0 MB), Evaluating 5 Geometry Pairs with Predicate Intersects
[LIBGPUSPATIAL] [ 10346][17:58:07:204103][info  ] RTSpatialIndex 0x765a7000a800 (Used 0 MB), Allocate result buffer, memory consumption 0 MB, capacity 1
[LIBGPUSPATIAL] [ 10346][17:58:07:204621][info  ] RTSpatialIndex 0x765a7000a800 (Used 0 MB), Probe Points, Size: 33333, Results: 1
[LIBGPUSPATIAL] [ 10352][17:58:07:204792][info  ] RTSpatialIndex 0x765a7000a800 (Used 0 MB), Allocate result buffer, memory consumption 0 MB, capacity 4
[LIBGPUSPATIAL] [ 10352][17:58:07:205319][info  ] RTSpatialIndex 0x765a7000a800 (Used 0 MB), Probe Points, Size: 33333, Results: 4
[LIBGPUSPATIAL] [ 10346][17:58:07:205807][info  ] RTSpatialRefiner 0x765a73d2a220 (Used 0 MB), Loaded Geometries, ProbeArray 33333, Loaded 1, Type Point
[LIBGPUSPATIAL] [ 10346][17:58:07:205883][info  ] RTSpatialRefiner 0x765a73d2a220 (Used 0 MB), Evaluating 1 Geometry Pairs with Predicate Intersects
[LIBGPUSPATIAL] [ 10352][17:58:07:206465][info  ] RTSpatialRefiner 0x765a73d2a220 (Used 0 MB), Loaded Geometries, ProbeArray 33333, Loaded 4, Type Point
[LIBGPUSPATIAL] [ 10350][17:58:07:206535][info  ] RTSpatialIndex 0x765a7000a800 (Used 0 MB), Allocate result buffer, memory consumption 0 MB, capacity 19
[LIBGPUSPATIAL] [ 10352][17:58:07:207821][info  ] RTSpatialRefiner 0x765a73d2a220 (Used 0 MB), Evaluating 4 Geometry Pairs with Predicate Intersects
[LIBGPUSPATIAL] [ 10350][17:58:07:207910][info  ] RTSpatialIndex 0x765a7000a800 (Used 0 MB), Probe Points, Size: 100000, Results: 19
[LIBGPUSPATIAL] [ 10349][17:58:07:208648][info  ] RTSpatialIndex 0x765a7000a800 (Used 0 MB), Allocate result buffer, memory consumption 0 MB, capacity 4
[LIBGPUSPATIAL] [ 10349][17:58:07:209071][info  ] RTSpatialIndex 0x765a7000a800 (Used 0 MB), Probe Points, Size: 33333, Results: 4
[LIBGPUSPATIAL] [ 10350][17:58:07:209082][info  ] RTSpatialRefiner 0x765a73d2a220 (Used 0 MB), Loaded Geometries, ProbeArray 100000, Loaded 19, Type Point
[LIBGPUSPATIAL] [ 10350][17:58:07:209183][info  ] RTSpatialRefiner 0x765a73d2a220 (Used 0 MB), Evaluating 19 Geometry Pairs with Predicate Intersects
[LIBGPUSPATIAL] [ 10349][17:58:07:209509][info  ] RTSpatialRefiner 0x765a73d2a220 (Used 0 MB), Loaded Geometries, ProbeArray 33333, Loaded 4, Type Point
[LIBGPUSPATIAL] [ 10349][17:58:07:209576][info  ] RTSpatialRefiner 0x765a73d2a220 (Used 0 MB), Evaluating 4 Geometry Pairs with Predicate Intersects
[LIBGPUSPATIAL] [ 10351][17:58:07:211452][info  ] RTSpatialIndex 0x765a7000a800 (Used 0 MB), Allocate result buffer, memory consumption 0 MB, capacity 8
[LIBGPUSPATIAL] [ 10351][17:58:07:211587][info  ] RTSpatialIndex 0x765a7000a800 (Used 0 MB), Probe Points, Size: 100000, Results: 8
[LIBGPUSPATIAL] [ 10351][17:58:07:211941][info  ] RTSpatialRefiner 0x765a73d2a220 (Used 0 MB), Loaded Geometries, ProbeArray 100000, Loaded 8, Type Point
[LIBGPUSPATIAL] [ 10351][17:58:07:211985][info  ] RTSpatialRefiner 0x765a73d2a220 (Used 0 MB), Evaluating 8 Geometry Pairs with Predicate Intersects
[LIBGPUSPATIAL] [ 10350][17:58:07:215119][info  ] RTSpatialIndex 0x765a7000a800 (Used 0 MB), Allocate result buffer, memory consumption 0 MB, capacity 8
[LIBGPUSPATIAL] [ 10350][17:58:07:215266][info  ] RTSpatialIndex 0x765a7000a800 (Used 0 MB), Probe Points, Size: 33333, Results: 8
[LIBGPUSPATIAL] [ 10350][17:58:07:215617][info  ] RTSpatialRefiner 0x765a73d2a220 (Used 0 MB), Loaded Geometries, ProbeArray 33333, Loaded 8, Type Point
[LIBGPUSPATIAL] [ 10350][17:58:07:215664][info  ] RTSpatialRefiner 0x765a73d2a220 (Used 0 MB), Evaluating 8 Geometry Pairs with Predicate Intersects
[LIBGPUSPATIAL] [ 10348][17:58:07:217059][info  ] RTSpatialIndex 0x765a7000a800 (Used 3 MB), Allocate result buffer, memory consumption 0 MB, capacity 20
[LIBGPUSPATIAL] [ 10348][17:58:07:217489][info  ] RTSpatialIndex 0x765a7000a800 (Used 1 MB), Probe Points, Size: 100000, Results: 20
[LIBGPUSPATIAL] [ 10351][17:58:07:217575][info  ] RTSpatialIndex 0x765a7000a800 (Used 1 MB), Allocate result buffer, memory consumption 0 MB, capacity 3
[LIBGPUSPATIAL] [ 10345][17:58:07:217804][info  ] RTSpatialIndex 0x765a7000a800 (Used 1 MB), Allocate result buffer, memory consumption 0 MB, capacity 12
[LIBGPUSPATIAL] [ 10351][17:58:07:218042][info  ] RTSpatialIndex 0x765a7000a800 (Used 1 MB), Probe Points, Size: 33333, Results: 3
[LIBGPUSPATIAL] [ 10345][17:58:07:218095][info  ] RTSpatialIndex 0x765a7000a800 (Used 0 MB), Probe Points, Size: 100000, Results: 12
[LIBGPUSPATIAL] [ 10348][17:58:07:218120][info  ] RTSpatialRefiner 0x765a73d2a220 (Used 0 MB), Loaded Geometries, ProbeArray 100000, Loaded 20, Type Point
[LIBGPUSPATIAL] [ 10348][17:58:07:218211][info  ] RTSpatialRefiner 0x765a73d2a220 (Used 0 MB), Evaluating 20 Geometry Pairs with Predicate Intersects
[LIBGPUSPATIAL] [ 10351][17:58:07:218348][info  ] RTSpatialRefiner 0x765a73d2a220 (Used 0 MB), Loaded Geometries, ProbeArray 33333, Loaded 3, Type Point
[LIBGPUSPATIAL] [ 10351][17:58:07:218395][info  ] RTSpatialRefiner 0x765a73d2a220 (Used 0 MB), Evaluating 3 Geometry Pairs with Predicate Intersects
[LIBGPUSPATIAL] [ 10345][17:58:07:218402][info  ] RTSpatialRefiner 0x765a73d2a220 (Used 0 MB), Loaded Geometries, ProbeArray 100000, Loaded 12, Type Point
[LIBGPUSPATIAL] [ 10345][17:58:07:218443][info  ] RTSpatialRefiner 0x765a73d2a220 (Used 0 MB), Evaluating 12 Geometry Pairs with Predicate Intersects
[LIBGPUSPATIAL] [ 10349][17:58:07:221334][info  ] RTSpatialIndex 0x765a7000a800 (Used 0 MB), Allocate result buffer, memory consumption 0 MB, capacity 13
[LIBGPUSPATIAL] [ 10349][17:58:07:221471][info  ] RTSpatialIndex 0x765a7000a800 (Used 0 MB), Probe Points, Size: 100000, Results: 13
[LIBGPUSPATIAL] [ 10349][17:58:07:221775][info  ] RTSpatialRefiner 0x765a73d2a220 (Used 0 MB), Loaded Geometries, ProbeArray 100000, Loaded 13, Type Point
[LIBGPUSPATIAL] [ 10349][17:58:07:221817][info  ] RTSpatialRefiner 0x765a73d2a220 (Used 0 MB), Evaluating 13 Geometry Pairs with Predicate Intersects
[LIBGPUSPATIAL] [ 10348][17:58:07:227490][info  ] RTSpatialIndex 0x765a7000a800 (Used 0 MB), Allocate result buffer, memory consumption 0 MB, capacity 12
[LIBGPUSPATIAL] [ 10348][17:58:07:227625][info  ] RTSpatialIndex 0x765a7000a800 (Used 0 MB), Probe Points, Size: 100000, Results: 12
[LIBGPUSPATIAL] [ 10348][17:58:07:227977][info  ] RTSpatialRefiner 0x765a73d2a220 (Used 0 MB), Loaded Geometries, ProbeArray 100000, Loaded 12, Type Point
[LIBGPUSPATIAL] [ 10348][17:58:07:228027][info  ] RTSpatialRefiner 0x765a73d2a220 (Used 0 MB), Evaluating 12 Geometry Pairs with Predicate Intersects
[LIBGPUSPATIAL] [ 10345][17:58:07:228668][info  ] RTSpatialIndex 0x765a7000a800 (Used 0 MB), Allocate result buffer, memory consumption 0 MB, capacity 18
[LIBGPUSPATIAL] [ 10345][17:58:07:228868][info  ] RTSpatialIndex 0x765a7000a800 (Used 0 MB), Probe Points, Size: 100000, Results: 18
[LIBGPUSPATIAL] [ 10345][17:58:07:229223][info  ] RTSpatialRefiner 0x765a73d2a220 (Used 0 MB), Loaded Geometries, ProbeArray 100000, Loaded 18, Type Point
[LIBGPUSPATIAL] [ 10345][17:58:07:229296][info  ] RTSpatialRefiner 0x765a73d2a220 (Used 0 MB), Evaluating 18 Geometry Pairs with Predicate Intersects
[LIBGPUSPATIAL] [ 10352][17:58:07:229347][info  ] RTSpatialIndex 0x765a7000a800 (Used 0 MB), Allocate result buffer, memory consumption 0 MB, capacity 17
[LIBGPUSPATIAL] [ 10352][17:58:07:229672][info  ] RTSpatialIndex 0x765a7000a800 (Used 0 MB), Probe Points, Size: 100000, Results: 17
[LIBGPUSPATIAL] [ 10352][17:58:07:230006][info  ] RTSpatialRefiner 0x765a73d2a220 (Used 0 MB), Loaded Geometries, ProbeArray 100000, Loaded 17, Type Point
[LIBGPUSPATIAL] [ 10352][17:58:07:230048][info  ] RTSpatialRefiner 0x765a73d2a220 (Used 0 MB), Evaluating 17 Geometry Pairs with Predicate Intersects
[LIBGPUSPATIAL] [ 10345][17:58:07:234657][info  ] RTSpatialIndex 0x765a7000a800 (Used 1 MB), Allocate result buffer, memory consumption 0 MB, capacity 4
[LIBGPUSPATIAL] [ 10349][17:58:07:234773][info  ] RTSpatialIndex 0x765a7000a800 (Used 1 MB), Allocate result buffer, memory consumption 0 MB, capacity 9
[LIBGPUSPATIAL] [ 10345][17:58:07:234921][info  ] RTSpatialIndex 0x765a7000a800 (Used 1 MB), Probe Points, Size: 33333, Results: 4
[LIBGPUSPATIAL] [ 10349][17:58:07:235070][info  ] RTSpatialIndex 0x765a7000a800 (Used 0 MB), Probe Points, Size: 100000, Results: 9
[LIBGPUSPATIAL] [ 10345][17:58:07:235490][info  ] RTSpatialRefiner 0x765a73d2a220 (Used 0 MB), Loaded Geometries, ProbeArray 33333, Loaded 4, Type Point
[LIBGPUSPATIAL] [ 10345][17:58:07:235533][info  ] RTSpatialRefiner 0x765a73d2a220 (Used 0 MB), Evaluating 4 Geometry Pairs with Predicate Intersects
[LIBGPUSPATIAL] [ 10349][17:58:07:235580][info  ] RTSpatialRefiner 0x765a73d2a220 (Used 0 MB), Loaded Geometries, ProbeArray 100000, Loaded 9, Type Point
[LIBGPUSPATIAL] [ 10349][17:58:07:235621][info  ] RTSpatialRefiner 0x765a73d2a220 (Used 0 MB), Evaluating 9 Geometry Pairs with Predicate Intersects
[LIBGPUSPATIAL] [ 10351][17:58:07:237516][info  ] RTSpatialIndex 0x765a7000a800 (Used 1 MB), Allocate result buffer, memory consumption 0 MB, capacity 12
[LIBGPUSPATIAL] [ 10348][17:58:07:237561][info  ] RTSpatialIndex 0x765a7000a800 (Used 1 MB), Allocate result buffer, memory consumption 0 MB, capacity 15
[LIBGPUSPATIAL] [ 10351][17:58:07:237716][info  ] RTSpatialIndex 0x765a7000a800 (Used 1 MB), Probe Points, Size: 100000, Results: 12
[LIBGPUSPATIAL] [ 10348][17:58:07:237809][info  ] RTSpatialIndex 0x765a7000a800 (Used 0 MB), Probe Points, Size: 100000, Results: 15
[LIBGPUSPATIAL] [ 10348][17:58:07:238175][info  ] RTSpatialRefiner 0x765a73d2a220 (Used 0 MB), Loaded Geometries, ProbeArray 100000, Loaded 15, Type Point
[LIBGPUSPATIAL] [ 10351][17:58:07:238200][info  ] RTSpatialRefiner 0x765a73d2a220 (Used 0 MB), Loaded Geometries, ProbeArray 100000, Loaded 12, Type Point
[LIBGPUSPATIAL] [ 10348][17:58:07:238231][info  ] RTSpatialRefiner 0x765a73d2a220 (Used 0 MB), Evaluating 15 Geometry Pairs with Predicate Intersects
[LIBGPUSPATIAL] [ 10351][17:58:07:238239][info  ] RTSpatialRefiner 0x765a73d2a220 (Used 0 MB), Evaluating 12 Geometry Pairs with Predicate Intersects
[LIBGPUSPATIAL] [ 10352][17:58:07:242913][info  ] RTSpatialIndex 0x765a7000a800 (Used 0 MB), Allocate result buffer, memory consumption 0 MB, capacity 19
[LIBGPUSPATIAL] [ 10352][17:58:07:243040][info  ] RTSpatialIndex 0x765a7000a800 (Used 0 MB), Probe Points, Size: 100000, Results: 19
[LIBGPUSPATIAL] [ 10352][17:58:07:243496][info  ] RTSpatialRefiner 0x765a73d2a220 (Used 0 MB), Loaded Geometries, ProbeArray 100000, Loaded 19, Type Point
[LIBGPUSPATIAL] [ 10352][17:58:07:243538][info  ] RTSpatialRefiner 0x765a73d2a220 (Used 0 MB), Evaluating 19 Geometry Pairs with Predicate Intersects
[LIBGPUSPATIAL] [ 10348][17:58:07:247283][info  ] RTSpatialIndex 0x765a7000a800 (Used 0 MB), Allocate result buffer, memory consumption 0 MB, capacity 11
[LIBGPUSPATIAL] [ 10348][17:58:07:247446][info  ] RTSpatialIndex 0x765a7000a800 (Used 0 MB), Probe Points, Size: 100000, Results: 11
[LIBGPUSPATIAL] [ 10348][17:58:07:247789][info  ] RTSpatialRefiner 0x765a73d2a220 (Used 0 MB), Loaded Geometries, ProbeArray 100000, Loaded 11, Type Point
[LIBGPUSPATIAL] [ 10348][17:58:07:247824][info  ] RTSpatialRefiner 0x765a73d2a220 (Used 0 MB), Evaluating 11 Geometry Pairs with Predicate Intersects
[LIBGPUSPATIAL] [ 10349][17:58:07:248494][info  ] RTSpatialIndex 0x765a7000a800 (Used 0 MB), Allocate result buffer, memory consumption 0 MB, capacity 16
[LIBGPUSPATIAL] [ 10349][17:58:07:248618][info  ] RTSpatialIndex 0x765a7000a800 (Used 0 MB), Probe Points, Size: 100000, Results: 16
[LIBGPUSPATIAL] [ 10349][17:58:07:248993][info  ] RTSpatialRefiner 0x765a73d2a220 (Used 0 MB), Loaded Geometries, ProbeArray 100000, Loaded 16, Type Point
[LIBGPUSPATIAL] [ 10349][17:58:07:249035][info  ] RTSpatialRefiner 0x765a73d2a220 (Used 0 MB), Evaluating 16 Geometry Pairs with Predicate Intersects
[LIBGPUSPATIAL] [ 10351][17:58:07:249815][info  ] RTSpatialIndex 0x765a7000a800 (Used 0 MB), Allocate result buffer, memory consumption 0 MB, capacity 13
[LIBGPUSPATIAL] [ 10351][17:58:07:249974][info  ] RTSpatialIndex 0x765a7000a800 (Used 0 MB), Probe Points, Size: 100000, Results: 13
[LIBGPUSPATIAL] [ 10351][17:58:07:250328][info  ] RTSpatialRefiner 0x765a73d2a220 (Used 0 MB), Loaded Geometries, ProbeArray 100000, Loaded 13, Type Point
[LIBGPUSPATIAL] [ 10351][17:58:07:250371][info  ] RTSpatialRefiner 0x765a73d2a220 (Used 0 MB), Evaluating 13 Geometry Pairs with Predicate Intersects
[LIBGPUSPATIAL] [ 10345][17:58:07:253668][info  ] RTSpatialIndex 0x765a7000a800 (Used 0 MB), Allocate result buffer, memory consumption 0 MB, capacity 21
[LIBGPUSPATIAL] [ 10345][17:58:07:253792][info  ] RTSpatialIndex 0x765a7000a800 (Used 0 MB), Probe Points, Size: 100000, Results: 21
[LIBGPUSPATIAL] [ 10345][17:58:07:254182][info  ] RTSpatialRefiner 0x765a73d2a220 (Used 0 MB), Loaded Geometries, ProbeArray 100000, Loaded 21, Type Point
[LIBGPUSPATIAL] [ 10345][17:58:07:254223][info  ] RTSpatialRefiner 0x765a73d2a220 (Used 0 MB), Evaluating 21 Geometry Pairs with Predicate Intersects
[LIBGPUSPATIAL] [ 10352][17:58:07:256264][info  ] RTSpatialIndex 0x765a7000a800 (Used 0 MB), Allocate result buffer, memory consumption 0 MB, capacity 15
[LIBGPUSPATIAL] [ 10352][17:58:07:256391][info  ] RTSpatialIndex 0x765a7000a800 (Used 0 MB), Probe Points, Size: 100000, Results: 15
[LIBGPUSPATIAL] [ 10352][17:58:07:256867][info  ] RTSpatialRefiner 0x765a73d2a220 (Used 1 MB), Loaded Geometries, ProbeArray 100000, Loaded 15, Type Point
[LIBGPUSPATIAL] [ 10352][17:58:07:256911][info  ] RTSpatialRefiner 0x765a73d2a220 (Used 0 MB), Evaluating 15 Geometry Pairs with Predicate Intersects
[LIBGPUSPATIAL] [ 10348][17:58:07:257111][info  ] RTSpatialIndex 0x765a7000a800 (Used 0 MB), Allocate result buffer, memory consumption 0 MB, capacity 13
[LIBGPUSPATIAL] [ 10348][17:58:07:257305][info  ] RTSpatialIndex 0x765a7000a800 (Used 0 MB), Probe Points, Size: 100000, Results: 13
[LIBGPUSPATIAL] [ 10348][17:58:07:257663][info  ] RTSpatialRefiner 0x765a73d2a220 (Used 0 MB), Loaded Geometries, ProbeArray 100000, Loaded 13, Type Point
[LIBGPUSPATIAL] [ 10348][17:58:07:257700][info  ] RTSpatialRefiner 0x765a73d2a220 (Used 0 MB), Evaluating 13 Geometry Pairs with Predicate Intersects
[LIBGPUSPATIAL] [ 10349][17:58:07:261605][info  ] RTSpatialIndex 0x765a7000a800 (Used 0 MB), Allocate result buffer, memory consumption 0 MB, capacity 11
[LIBGPUSPATIAL] [ 10349][17:58:07:261729][info  ] RTSpatialIndex 0x765a7000a800 (Used 0 MB), Probe Points, Size: 100000, Results: 11
[LIBGPUSPATIAL] [ 10349][17:58:07:262158][info  ] RTSpatialRefiner 0x765a73d2a220 (Used 0 MB), Loaded Geometries, ProbeArray 100000, Loaded 11, Type Point
[LIBGPUSPATIAL] [ 10349][17:58:07:262200][info  ] RTSpatialRefiner 0x765a73d2a220 (Used 0 MB), Evaluating 11 Geometry Pairs with Predicate Intersects
[LIBGPUSPATIAL] [ 10351][17:58:07:263001][info  ] RTSpatialIndex 0x765a7000a800 (Used 0 MB), Allocate result buffer, memory consumption 0 MB, capacity 11
[LIBGPUSPATIAL] [ 10351][17:58:07:263296][info  ] RTSpatialIndex 0x765a7000a800 (Used 0 MB), Probe Points, Size: 100000, Results: 11
[LIBGPUSPATIAL] [ 10351][17:58:07:263646][info  ] RTSpatialRefiner 0x765a73d2a220 (Used 0 MB), Loaded Geometries, ProbeArray 100000, Loaded 11, Type Point
[LIBGPUSPATIAL] [ 10351][17:58:07:263688][info  ] RTSpatialRefiner 0x765a73d2a220 (Used 0 MB), Evaluating 11 Geometry Pairs with Predicate Intersects
[LIBGPUSPATIAL] [ 10348][17:58:07:266616][info  ] RTSpatialIndex 0x765a7000a800 (Used 0 MB), Allocate result buffer, memory consumption 0 MB, capacity 14
[LIBGPUSPATIAL] [ 10348][17:58:07:266764][info  ] RTSpatialIndex 0x765a7000a800 (Used 2 MB), Probe Points, Size: 100000, Results: 14
[LIBGPUSPATIAL] [ 10345][17:58:07:267115][info  ] RTSpatialIndex 0x765a7000a800 (Used 0 MB), Allocate result buffer, memory consumption 0 MB, capacity 13
[LIBGPUSPATIAL] [ 10345][17:58:07:267252][info  ] RTSpatialIndex 0x765a7000a800 (Used 0 MB), Probe Points, Size: 100000, Results: 13
[LIBGPUSPATIAL] [ 10348][17:58:07:267394][info  ] RTSpatialRefiner 0x765a73d2a220 (Used 0 MB), Loaded Geometries, ProbeArray 100000, Loaded 14, Type Point
[LIBGPUSPATIAL] [ 10348][17:58:07:267437][info  ] RTSpatialRefiner 0x765a73d2a220 (Used 0 MB), Evaluating 14 Geometry Pairs with Predicate Intersects
[LIBGPUSPATIAL] [ 10345][17:58:07:267696][info  ] RTSpatialRefiner 0x765a73d2a220 (Used 0 MB), Loaded Geometries, ProbeArray 100000, Loaded 13, Type Point
[LIBGPUSPATIAL] [ 10345][17:58:07:267744][info  ] RTSpatialRefiner 0x765a73d2a220 (Used 0 MB), Evaluating 13 Geometry Pairs with Predicate Intersects
[LIBGPUSPATIAL] [ 10352][17:58:07:269672][info  ] RTSpatialIndex 0x765a7000a800 (Used 0 MB), Allocate result buffer, memory consumption 0 MB, capacity 17
[LIBGPUSPATIAL] [ 10352][17:58:07:269789][info  ] RTSpatialIndex 0x765a7000a800 (Used 0 MB), Probe Points, Size: 100000, Results: 17
[LIBGPUSPATIAL] [ 10352][17:58:07:270200][info  ] RTSpatialRefiner 0x765a73d2a220 (Used 0 MB), Loaded Geometries, ProbeArray 100000, Loaded 17, Type Point
[LIBGPUSPATIAL] [ 10352][17:58:07:270242][info  ] RTSpatialRefiner 0x765a73d2a220 (Used 0 MB), Evaluating 17 Geometry Pairs with Predicate Intersects
[LIBGPUSPATIAL] [ 10351][17:58:07:273462][info  ] RTSpatialIndex 0x765a7000a800 (Used 0 MB), Allocate result buffer, memory consumption 0 MB, capacity 17
[LIBGPUSPATIAL] [ 10351][17:58:07:273640][info  ] RTSpatialIndex 0x765a7000a800 (Used 0 MB), Probe Points, Size: 100000, Results: 17
[LIBGPUSPATIAL] [ 10351][17:58:07:274004][info  ] RTSpatialRefiner 0x765a73d2a220 (Used 0 MB), Loaded Geometries, ProbeArray 100000, Loaded 17, Type Point
[LIBGPUSPATIAL] [ 10351][17:58:07:274043][info  ] RTSpatialRefiner 0x765a73d2a220 (Used 0 MB), Evaluating 17 Geometry Pairs with Predicate Intersects
[LIBGPUSPATIAL] [ 10349][17:58:07:275262][info  ] RTSpatialIndex 0x765a7000a800 (Used 0 MB), Allocate result buffer, memory consumption 0 MB, capacity 12
[LIBGPUSPATIAL] [ 10349][17:58:07:275378][info  ] RTSpatialIndex 0x765a7000a800 (Used 0 MB), Probe Points, Size: 100000, Results: 12
[LIBGPUSPATIAL] [ 10349][17:58:07:275716][info  ] RTSpatialRefiner 0x765a73d2a220 (Used 0 MB), Loaded Geometries, ProbeArray 100000, Loaded 12, Type Point
[LIBGPUSPATIAL] [ 10349][17:58:07:275757][info  ] RTSpatialRefiner 0x765a73d2a220 (Used 0 MB), Evaluating 12 Geometry Pairs with Predicate Intersects
[LIBGPUSPATIAL] [ 10348][17:58:07:280184][info  ] RTSpatialIndex 0x765a7000a800 (Used 0 MB), Allocate result buffer, memory consumption 0 MB, capacity 13
[LIBGPUSPATIAL] [ 10348][17:58:07:280608][info  ] RTSpatialIndex 0x765a7000a800 (Used 1 MB), Probe Points, Size: 100000, Results: 13
[LIBGPUSPATIAL] [ 10345][17:58:07:280678][info  ] RTSpatialIndex 0x765a7000a800 (Used 0 MB), Allocate result buffer, memory consumption 0 MB, capacity 11
[LIBGPUSPATIAL] [ 10345][17:58:07:281068][info  ] RTSpatialIndex 0x765a7000a800 (Used 0 MB), Probe Points, Size: 100000, Results: 11
[LIBGPUSPATIAL] [ 10348][17:58:07:281355][info  ] RTSpatialRefiner 0x765a73d2a220 (Used 0 MB), Loaded Geometries, ProbeArray 100000, Loaded 13, Type Point
[LIBGPUSPATIAL] [ 10348][17:58:07:281405][info  ] RTSpatialRefiner 0x765a73d2a220 (Used 0 MB), Evaluating 13 Geometry Pairs with Predicate Intersects
[LIBGPUSPATIAL] [ 10345][17:58:07:281461][info  ] RTSpatialRefiner 0x765a73d2a220 (Used 0 MB), Loaded Geometries, ProbeArray 100000, Loaded 11, Type Point
[LIBGPUSPATIAL] [ 10345][17:58:07:281508][info  ] RTSpatialRefiner 0x765a73d2a220 (Used 0 MB), Evaluating 11 Geometry Pairs with Predicate Intersects
[LIBGPUSPATIAL] [ 10352][17:58:07:283155][info  ] RTSpatialIndex 0x765a7000a800 (Used 2 MB), Allocate result buffer, memory consumption 0 MB, capacity 14
[LIBGPUSPATIAL] [ 10352][17:58:07:283566][info  ] RTSpatialIndex 0x765a7000a800 (Used 1 MB), Probe Points, Size: 100000, Results: 14
[LIBGPUSPATIAL] [ 10351][17:58:07:283596][info  ] RTSpatialIndex 0x765a7000a800 (Used 0 MB), Allocate result buffer, memory consumption 0 MB, capacity 13
[LIBGPUSPATIAL] [ 10351][17:58:07:283864][info  ] RTSpatialIndex 0x765a7000a800 (Used 0 MB), Probe Points, Size: 100000, Results: 13
[LIBGPUSPATIAL] [ 10352][17:58:07:284085][info  ] RTSpatialRefiner 0x765a73d2a220 (Used 0 MB), Loaded Geometries, ProbeArray 100000, Loaded 14, Type Point
[LIBGPUSPATIAL] [ 10352][17:58:07:284126][info  ] RTSpatialRefiner 0x765a73d2a220 (Used 0 MB), Evaluating 14 Geometry Pairs with Predicate Intersects
[LIBGPUSPATIAL] [ 10351][17:58:07:284233][info  ] RTSpatialRefiner 0x765a73d2a220 (Used 0 MB), Loaded Geometries, ProbeArray 100000, Loaded 13, Type Point
[LIBGPUSPATIAL] [ 10351][17:58:07:284273][info  ] RTSpatialRefiner 0x765a73d2a220 (Used 0 MB), Evaluating 13 Geometry Pairs with Predicate Intersects
[LIBGPUSPATIAL] [ 10349][17:58:07:288340][info  ] RTSpatialIndex 0x765a7000a800 (Used 0 MB), Allocate result buffer, memory consumption 0 MB, capacity 10
[LIBGPUSPATIAL] [ 10349][17:58:07:288470][info  ] RTSpatialIndex 0x765a7000a800 (Used 0 MB), Probe Points, Size: 100000, Results: 10
[LIBGPUSPATIAL] [ 10349][17:58:07:288906][info  ] RTSpatialRefiner 0x765a73d2a220 (Used 0 MB), Loaded Geometries, ProbeArray 100000, Loaded 10, Type Point
[LIBGPUSPATIAL] [ 10349][17:58:07:288948][info  ] RTSpatialRefiner 0x765a73d2a220 (Used 0 MB), Evaluating 10 Geometry Pairs with Predicate Intersects
[LIBGPUSPATIAL] [ 10351][17:58:07:293249][info  ] RTSpatialIndex 0x765a7000a800 (Used 0 MB), Allocate result buffer, memory consumption 0 MB, capacity 11
[LIBGPUSPATIAL] [ 10351][17:58:07:293370][info  ] RTSpatialIndex 0x765a7000a800 (Used 0 MB), Probe Points, Size: 100000, Results: 11
[LIBGPUSPATIAL] [ 10351][17:58:07:293761][info  ] RTSpatialRefiner 0x765a73d2a220 (Used 0 MB), Loaded Geometries, ProbeArray 100000, Loaded 11, Type Point
[LIBGPUSPATIAL] [ 10351][17:58:07:293800][info  ] RTSpatialRefiner 0x765a73d2a220 (Used 0 MB), Evaluating 11 Geometry Pairs with Predicate Intersects
[LIBGPUSPATIAL] [ 10348][17:58:07:294831][info  ] RTSpatialIndex 0x765a7000a800 (Used 1 MB), Allocate result buffer, memory consumption 0 MB, capacity 17
[LIBGPUSPATIAL] [ 10345][17:58:07:295061][info  ] RTSpatialIndex 0x765a7000a800 (Used 1 MB), Allocate result buffer, memory consumption 0 MB, capacity 11
[LIBGPUSPATIAL] [ 10348][17:58:07:295233][info  ] RTSpatialIndex 0x765a7000a800 (Used 1 MB), Probe Points, Size: 100000, Results: 17
[LIBGPUSPATIAL] [ 10345][17:58:07:295376][info  ] RTSpatialIndex 0x765a7000a800 (Used 0 MB), Probe Points, Size: 100000, Results: 11
[LIBGPUSPATIAL] [ 10345][17:58:07:295801][info  ] RTSpatialRefiner 0x765a73d2a220 (Used 0 MB), Loaded Geometries, ProbeArray 100000, Loaded 11, Type Point
[LIBGPUSPATIAL] [ 10348][17:58:07:295810][info  ] RTSpatialRefiner 0x765a73d2a220 (Used 0 MB), Loaded Geometries, ProbeArray 100000, Loaded 17, Type Point
[LIBGPUSPATIAL] [ 10345][17:58:07:295865][info  ] RTSpatialRefiner 0x765a73d2a220 (Used 0 MB), Evaluating 11 Geometry Pairs with Predicate Intersects
[LIBGPUSPATIAL] [ 10348][17:58:07:295875][info  ] RTSpatialRefiner 0x765a73d2a220 (Used 0 MB), Evaluating 17 Geometry Pairs with Predicate Intersects
[LIBGPUSPATIAL] [ 10352][17:58:07:296695][info  ] RTSpatialIndex 0x765a7000a800 (Used 0 MB), Allocate result buffer, memory consumption 0 MB, capacity 18
[LIBGPUSPATIAL] [ 10352][17:58:07:296823][info  ] RTSpatialIndex 0x765a7000a800 (Used 0 MB), Probe Points, Size: 100000, Results: 18
[LIBGPUSPATIAL] [ 10352][17:58:07:297163][info  ] RTSpatialRefiner 0x765a73d2a220 (Used 0 MB), Loaded Geometries, ProbeArray 100000, Loaded 18, Type Point
[LIBGPUSPATIAL] [ 10352][17:58:07:297204][info  ] RTSpatialRefiner 0x765a73d2a220 (Used 0 MB), Evaluating 18 Geometry Pairs with Predicate Intersects
[LIBGPUSPATIAL] [ 10349][17:58:07:301513][info  ] RTSpatialIndex 0x765a7000a800 (Used 0 MB), Allocate result buffer, memory consumption 0 MB, capacity 12
[LIBGPUSPATIAL] [ 10349][17:58:07:301632][info  ] RTSpatialIndex 0x765a7000a800 (Used 0 MB), Probe Points, Size: 100000, Results: 12
[LIBGPUSPATIAL] [ 10349][17:58:07:301985][info  ] RTSpatialRefiner 0x765a73d2a220 (Used 0 MB), Loaded Geometries, ProbeArray 100000, Loaded 12, Type Point
[LIBGPUSPATIAL] [ 10349][17:58:07:302026][info  ] RTSpatialRefiner 0x765a73d2a220 (Used 0 MB), Evaluating 12 Geometry Pairs with Predicate Intersects
[LIBGPUSPATIAL] [ 10351][17:58:07:304077][info  ] RTSpatialIndex 0x765a7000a800 (Used 0 MB), Allocate result buffer, memory consumption 0 MB, capacity 22
[LIBGPUSPATIAL] [ 10351][17:58:07:304228][info  ] RTSpatialIndex 0x765a7000a800 (Used 0 MB), Probe Points, Size: 100000, Results: 22
[LIBGPUSPATIAL] [ 10351][17:58:07:304725][info  ] RTSpatialRefiner 0x765a73d2a220 (Used 1 MB), Loaded Geometries, ProbeArray 100000, Loaded 22, Type Point
[LIBGPUSPATIAL] [ 10351][17:58:07:304778][info  ] RTSpatialRefiner 0x765a73d2a220 (Used 0 MB), Evaluating 22 Geometry Pairs with Predicate Intersects
[LIBGPUSPATIAL] [ 10345][17:58:07:304913][info  ] RTSpatialIndex 0x765a7000a800 (Used 2 MB), Allocate result buffer, memory consumption 0 MB, capacity 16
[LIBGPUSPATIAL] [ 10345][17:58:07:305408][info  ] RTSpatialIndex 0x765a7000a800 (Used 1 MB), Probe Points, Size: 100000, Results: 16
[LIBGPUSPATIAL] [ 10348][17:58:07:305461][info  ] RTSpatialIndex 0x765a7000a800 (Used 0 MB), Allocate result buffer, memory consumption 0 MB, capacity 13
[LIBGPUSPATIAL] [ 10348][17:58:07:305771][info  ] RTSpatialIndex 0x765a7000a800 (Used 0 MB), Probe Points, Size: 100000, Results: 13
[LIBGPUSPATIAL] [ 10345][17:58:07:305915][info  ] RTSpatialRefiner 0x765a73d2a220 (Used 0 MB), Loaded Geometries, ProbeArray 100000, Loaded 16, Type Point
[LIBGPUSPATIAL] [ 10345][17:58:07:305957][info  ] RTSpatialRefiner 0x765a73d2a220 (Used 0 MB), Evaluating 16 Geometry Pairs with Predicate Intersects
[LIBGPUSPATIAL] [ 10348][17:58:07:306127][info  ] RTSpatialRefiner 0x765a73d2a220 (Used 0 MB), Loaded Geometries, ProbeArray 100000, Loaded 13, Type Point
[LIBGPUSPATIAL] [ 10348][17:58:07:306171][info  ] RTSpatialRefiner 0x765a73d2a220 (Used 0 MB), Evaluating 13 Geometry Pairs with Predicate Intersects
[LIBGPUSPATIAL] [ 10352][17:58:07:309642][info  ] RTSpatialIndex 0x765a7000a800 (Used 0 MB), Allocate result buffer, memory consumption 0 MB, capacity 17
[LIBGPUSPATIAL] [ 10352][17:58:07:309762][info  ] RTSpatialIndex 0x765a7000a800 (Used 0 MB), Probe Points, Size: 100000, Results: 17
[LIBGPUSPATIAL] [ 10352][17:58:07:310103][info  ] RTSpatialRefiner 0x765a73d2a220 (Used 0 MB), Loaded Geometries, ProbeArray 100000, Loaded 17, Type Point
[LIBGPUSPATIAL] [ 10352][17:58:07:310145][info  ] RTSpatialRefiner 0x765a73d2a220 (Used 0 MB), Evaluating 17 Geometry Pairs with Predicate Intersects
[LIBGPUSPATIAL] [ 10351][17:58:07:314751][info  ] RTSpatialIndex 0x765a7000a800 (Used 0 MB), Allocate result buffer, memory consumption 0 MB, capacity 22
[LIBGPUSPATIAL] [ 10351][17:58:07:315627][info  ] RTSpatialIndex 0x765a7000a800 (Used 3 MB), Probe Points, Size: 100000, Results: 22
[LIBGPUSPATIAL] [ 10345][17:58:07:315706][info  ] RTSpatialIndex 0x765a7000a800 (Used 2 MB), Allocate result buffer, memory consumption 0 MB, capacity 13
[LIBGPUSPATIAL] [ 10348][17:58:07:315893][info  ] RTSpatialIndex 0x765a7000a800 (Used 2 MB), Allocate result buffer, memory consumption 0 MB, capacity 17
[LIBGPUSPATIAL] [ 10349][17:58:07:316154][info  ] RTSpatialIndex 0x765a7000a800 (Used 2 MB), Allocate result buffer, memory consumption 0 MB, capacity 10
[LIBGPUSPATIAL] [ 10345][17:58:07:316299][info  ] RTSpatialIndex 0x765a7000a800 (Used 2 MB), Probe Points, Size: 100000, Results: 13
[LIBGPUSPATIAL] [ 10351][17:58:07:316493][info  ] RTSpatialRefiner 0x765a73d2a220 (Used 1 MB), Loaded Geometries, ProbeArray 100000, Loaded 22, Type Point
[LIBGPUSPATIAL] [ 10348][17:58:07:316546][info  ] RTSpatialIndex 0x765a7000a800 (Used 1 MB), Probe Points, Size: 100000, Results: 17
[LIBGPUSPATIAL] [ 10351][17:58:07:316604][info  ] RTSpatialRefiner 0x765a73d2a220 (Used 0 MB), Evaluating 22 Geometry Pairs with Predicate Intersects
[LIBGPUSPATIAL] [ 10349][17:58:07:316755][info  ] RTSpatialIndex 0x765a7000a800 (Used 0 MB), Probe Points, Size: 100000, Results: 10
[LIBGPUSPATIAL] [ 10345][17:58:07:317127][info  ] RTSpatialRefiner 0x765a73d2a220 (Used 0 MB), Loaded Geometries, ProbeArray 100000, Loaded 13, Type Point
[LIBGPUSPATIAL] [ 10345][17:58:07:317174][info  ] RTSpatialRefiner 0x765a73d2a220 (Used 0 MB), Evaluating 13 Geometry Pairs with Predicate Intersects
[LIBGPUSPATIAL] [ 10349][17:58:07:317224][info  ] RTSpatialRefiner 0x765a73d2a220 (Used 0 MB), Loaded Geometries, ProbeArray 100000, Loaded 10, Type Point
[LIBGPUSPATIAL] [ 10348][17:58:07:317256][info  ] RTSpatialRefiner 0x765a73d2a220 (Used 0 MB), Loaded Geometries, ProbeArray 100000, Loaded 17, Type Point
[LIBGPUSPATIAL] [ 10349][17:58:07:317300][info  ] RTSpatialRefiner 0x765a73d2a220 (Used 0 MB), Evaluating 10 Geometry Pairs with Predicate Intersects
[LIBGPUSPATIAL] [ 10348][17:58:07:317308][info  ] RTSpatialRefiner 0x765a73d2a220 (Used 0 MB), Evaluating 17 Geometry Pairs with Predicate Intersects
[LIBGPUSPATIAL] [ 10352][17:58:07:320881][info  ] RTSpatialIndex 0x765a7000a800 (Used 0 MB), Allocate result buffer, memory consumption 0 MB, capacity 17
[LIBGPUSPATIAL] [ 10352][17:58:07:321000][info  ] RTSpatialIndex 0x765a7000a800 (Used 0 MB), Probe Points, Size: 100000, Results: 17
[LIBGPUSPATIAL] [ 10352][17:58:07:321309][info  ] RTSpatialRefiner 0x765a73d2a220 (Used 0 MB), Loaded Geometries, ProbeArray 100000, Loaded 17, Type Point
[LIBGPUSPATIAL] [ 10352][17:58:07:321343][info  ] RTSpatialRefiner 0x765a73d2a220 (Used 0 MB), Evaluating 17 Geometry Pairs with Predicate Intersects
[LIBGPUSPATIAL] [ 10351][17:58:07:326398][info  ] RTSpatialIndex 0x765a7000a800 (Used 0 MB), Allocate result buffer, memory consumption 0 MB, capacity 19
[LIBGPUSPATIAL] [ 10351][17:58:07:326564][info  ] RTSpatialIndex 0x765a7000a800 (Used 0 MB), Probe Points, Size: 100000, Results: 19
[LIBGPUSPATIAL] [ 10349][17:58:07:327002][info  ] RTSpatialIndex 0x765a7000a800 (Used 0 MB), Allocate result buffer, memory consumption 0 MB, capacity 18
[LIBGPUSPATIAL] [ 10349][17:58:07:327241][info  ] RTSpatialIndex 0x765a7000a800 (Used 0 MB), Probe Points, Size: 100000, Results: 18
[LIBGPUSPATIAL] [ 10351][17:58:07:327249][info  ] RTSpatialRefiner 0x765a73d2a220 (Used 0 MB), Loaded Geometries, ProbeArray 100000, Loaded 19, Type Point
[LIBGPUSPATIAL] [ 10351][17:58:07:327289][info  ] RTSpatialRefiner 0x765a73d2a220 (Used 0 MB), Evaluating 19 Geometry Pairs with Predicate Intersects
[LIBGPUSPATIAL] [ 10349][17:58:07:327562][info  ] RTSpatialRefiner 0x765a73d2a220 (Used 0 MB), Loaded Geometries, ProbeArray 100000, Loaded 18, Type Point
[LIBGPUSPATIAL] [ 10349][17:58:07:327599][info  ] RTSpatialRefiner 0x765a73d2a220 (Used 0 MB), Evaluating 18 Geometry Pairs with Predicate Intersects
[LIBGPUSPATIAL] [ 10345][17:58:07:330971][info  ] RTSpatialIndex 0x765a7000a800 (Used 2 MB), Allocate result buffer, memory consumption 0 MB, capacity 14
[LIBGPUSPATIAL] [ 10352][17:58:07:331029][info  ] RTSpatialIndex 0x765a7000a800 (Used 2 MB), Allocate result buffer, memory consumption 0 MB, capacity 13
[LIBGPUSPATIAL] [ 10345][17:58:07:331178][info  ] RTSpatialIndex 0x765a7000a800 (Used 2 MB), Probe Points, Size: 100000, Results: 14
[LIBGPUSPATIAL] [ 10348][17:58:07:331233][info  ] RTSpatialIndex 0x765a7000a800 (Used 1 MB), Allocate result buffer, memory consumption 0 MB, capacity 21
[LIBGPUSPATIAL] [ 10352][17:58:07:331514][info  ] RTSpatialIndex 0x765a7000a800 (Used 1 MB), Probe Points, Size: 100000, Results: 13
[LIBGPUSPATIAL] [ 10348][17:58:07:331690][info  ] RTSpatialIndex 0x765a7000a800 (Used 0 MB), Probe Points, Size: 100000, Results: 21
[LIBGPUSPATIAL] [ 10345][17:58:07:331884][info  ] RTSpatialRefiner 0x765a73d2a220 (Used 0 MB), Loaded Geometries, ProbeArray 100000, Loaded 14, Type Point
[LIBGPUSPATIAL] [ 10345][17:58:07:331927][info  ] RTSpatialRefiner 0x765a73d2a220 (Used 0 MB), Evaluating 14 Geometry Pairs with Predicate Intersects
[LIBGPUSPATIAL] [ 10352][17:58:07:332356][info  ] RTSpatialRefiner 0x765a73d2a220 (Used 0 MB), Loaded Geometries, ProbeArray 100000, Loaded 13, Type Point
[LIBGPUSPATIAL] [ 10348][17:58:07:332393][info  ] RTSpatialRefiner 0x765a73d2a220 (Used 0 MB), Loaded Geometries, ProbeArray 100000, Loaded 21, Type Point
[LIBGPUSPATIAL] [ 10352][17:58:07:332415][info  ] RTSpatialRefiner 0x765a73d2a220 (Used 0 MB), Evaluating 13 Geometry Pairs with Predicate Intersects
[LIBGPUSPATIAL] [ 10348][17:58:07:332435][info  ] RTSpatialRefiner 0x765a73d2a220 (Used 0 MB), Evaluating 21 Geometry Pairs with Predicate Intersects
[LIBGPUSPATIAL] [ 10351][17:58:07:337493][info  ] RTSpatialIndex 0x765a7000a800 (Used 0 MB), Allocate result buffer, memory consumption 0 MB, capacity 13
[LIBGPUSPATIAL] [ 10351][17:58:07:337608][info  ] RTSpatialIndex 0x765a7000a800 (Used 0 MB), Probe Points, Size: 100000, Results: 13
[LIBGPUSPATIAL] [ 10351][17:58:07:337942][info  ] RTSpatialRefiner 0x765a73d2a220 (Used 0 MB), Loaded Geometries, ProbeArray 100000, Loaded 13, Type Point
[LIBGPUSPATIAL] [ 10351][17:58:07:337983][info  ] RTSpatialRefiner 0x765a73d2a220 (Used 0 MB), Evaluating 13 Geometry Pairs with Predicate Intersects
[LIBGPUSPATIAL] [ 10349][17:58:07:339408][info  ] RTSpatialIndex 0x765a7000a800 (Used 0 MB), Allocate result buffer, memory consumption 0 MB, capacity 8
[LIBGPUSPATIAL] [ 10349][17:58:07:339527][info  ] RTSpatialIndex 0x765a7000a800 (Used 0 MB), Probe Points, Size: 100000, Results: 8
[LIBGPUSPATIAL] [ 10349][17:58:07:339885][info  ] RTSpatialRefiner 0x765a73d2a220 (Used 0 MB), Loaded Geometries, ProbeArray 100000, Loaded 8, Type Point
[LIBGPUSPATIAL] [ 10349][17:58:07:339928][info  ] RTSpatialRefiner 0x765a73d2a220 (Used 0 MB), Evaluating 8 Geometry Pairs with Predicate Intersects
[LIBGPUSPATIAL] [ 10348][17:58:07:341818][info  ] RTSpatialIndex 0x765a7000a800 (Used 1 MB), Allocate result buffer, memory consumption 0 MB, capacity 11
[LIBGPUSPATIAL] [ 10352][17:58:07:341891][info  ] RTSpatialIndex 0x765a7000a800 (Used 1 MB), Allocate result buffer, memory consumption 0 MB, capacity 12
[LIBGPUSPATIAL] [ 10348][17:58:07:342005][info  ] RTSpatialIndex 0x765a7000a800 (Used 1 MB), Probe Points, Size: 100000, Results: 11
[LIBGPUSPATIAL] [ 10352][17:58:07:342188][info  ] RTSpatialIndex 0x765a7000a800 (Used 0 MB), Probe Points, Size: 100000, Results: 12
[LIBGPUSPATIAL] [ 10348][17:58:07:342485][info  ] RTSpatialRefiner 0x765a73d2a220 (Used 0 MB), Loaded Geometries, ProbeArray 100000, Loaded 11, Type Point
[LIBGPUSPATIAL] [ 10352][17:58:07:342511][info  ] RTSpatialRefiner 0x765a73d2a220 (Used 0 MB), Loaded Geometries, ProbeArray 100000, Loaded 12, Type Point
[LIBGPUSPATIAL] [ 10348][17:58:07:342524][info  ] RTSpatialRefiner 0x765a73d2a220 (Used 0 MB), Evaluating 11 Geometry Pairs with Predicate Intersects
[LIBGPUSPATIAL] [ 10352][17:58:07:342553][info  ] RTSpatialRefiner 0x765a73d2a220 (Used 0 MB), Evaluating 12 Geometry Pairs with Predicate Intersects
[LIBGPUSPATIAL] [ 10345][17:58:07:344810][info  ] RTSpatialIndex 0x765a7000a800 (Used 0 MB), Allocate result buffer, memory consumption 0 MB, capacity 18
[LIBGPUSPATIAL] [ 10345][17:58:07:344947][info  ] RTSpatialIndex 0x765a7000a800 (Used 0 MB), Probe Points, Size: 100000, Results: 18
[LIBGPUSPATIAL] [ 10345][17:58:07:345237][info  ] RTSpatialRefiner 0x765a73d2a220 (Used 0 MB), Loaded Geometries, ProbeArray 100000, Loaded 18, Type Point
[LIBGPUSPATIAL] [ 10345][17:58:07:345276][info  ] RTSpatialRefiner 0x765a73d2a220 (Used 0 MB), Evaluating 18 Geometry Pairs with Predicate Intersects
[LIBGPUSPATIAL] [ 10351][17:58:07:347253][info  ] RTSpatialIndex 0x765a7000a800 (Used 0 MB), Allocate result buffer, memory consumption 0 MB, capacity 14
[LIBGPUSPATIAL] [ 10351][17:58:07:347377][info  ] RTSpatialIndex 0x765a7000a800 (Used 0 MB), Probe Points, Size: 100000, Results: 14
[LIBGPUSPATIAL] [ 10351][17:58:07:347659][info  ] RTSpatialRefiner 0x765a73d2a220 (Used 0 MB), Loaded Geometries, ProbeArray 100000, Loaded 14, Type Point
[LIBGPUSPATIAL] [ 10351][17:58:07:347701][info  ] RTSpatialRefiner 0x765a73d2a220 (Used 0 MB), Evaluating 14 Geometry Pairs with Predicate Intersects
[LIBGPUSPATIAL] [ 10348][17:58:07:351800][info  ] RTSpatialIndex 0x765a7000a800 (Used 1 MB), Allocate result buffer, memory consumption 0 MB, capacity 11
[LIBGPUSPATIAL] [ 10352][17:58:07:351855][info  ] RTSpatialIndex 0x765a7000a800 (Used 1 MB), Allocate result buffer, memory consumption 0 MB, capacity 14
[LIBGPUSPATIAL] [ 10348][17:58:07:352035][info  ] RTSpatialIndex 0x765a7000a800 (Used 1 MB), Probe Points, Size: 100000, Results: 11
[LIBGPUSPATIAL] [ 10352][17:58:07:352090][info  ] RTSpatialIndex 0x765a7000a800 (Used 0 MB), Probe Points, Size: 100000, Results: 14
[LIBGPUSPATIAL] [ 10348][17:58:07:352466][info  ] RTSpatialRefiner 0x765a73d2a220 (Used 0 MB), Loaded Geometries, ProbeArray 100000, Loaded 11, Type Point
[LIBGPUSPATIAL] [ 10348][17:58:07:352522][info  ] RTSpatialRefiner 0x765a73d2a220 (Used 0 MB), Evaluating 11 Geometry Pairs with Predicate Intersects
[LIBGPUSPATIAL] [ 10349][17:58:07:352696][info  ] RTSpatialIndex 0x765a7000a800 (Used 0 MB), Allocate result buffer, memory consumption 0 MB, capacity 14
[LIBGPUSPATIAL] [ 10352][17:58:07:352700][info  ] RTSpatialRefiner 0x765a73d2a220 (Used 0 MB), Loaded Geometries, ProbeArray 100000, Loaded 14, Type Point
[LIBGPUSPATIAL] [ 10352][17:58:07:352779][info  ] RTSpatialRefiner 0x765a73d2a220 (Used 0 MB), Evaluating 14 Geometry Pairs with Predicate Intersects
[LIBGPUSPATIAL] [ 10349][17:58:07:353036][info  ] RTSpatialIndex 0x765a7000a800 (Used 0 MB), Probe Points, Size: 100000, Results: 14
[LIBGPUSPATIAL] [ 10349][17:58:07:353467][info  ] RTSpatialRefiner 0x765a73d2a220 (Used 0 MB), Loaded Geometries, ProbeArray 100000, Loaded 14, Type Point
[LIBGPUSPATIAL] [ 10349][17:58:07:353508][info  ] RTSpatialRefiner 0x765a73d2a220 (Used 0 MB), Evaluating 14 Geometry Pairs with Predicate Intersects
[LIBGPUSPATIAL] [ 10348][17:58:07:356708][info  ] RTSpatialIndex 0x765a7000a800 (Used 1 MB), Allocate result buffer, memory consumption 0 MB, capacity 4
[LIBGPUSPATIAL] [ 10351][17:58:07:356754][info  ] RTSpatialIndex 0x765a7000a800 (Used 1 MB), Allocate result buffer, memory consumption 0 MB, capacity 18
[LIBGPUSPATIAL] [ 10348][17:58:07:356898][info  ] RTSpatialIndex 0x765a7000a800 (Used 1 MB), Probe Points, Size: 33333, Results: 4
[LIBGPUSPATIAL] [ 10351][17:58:07:357001][info  ] RTSpatialIndex 0x765a7000a800 (Used 0 MB), Probe Points, Size: 100000, Results: 18
[LIBGPUSPATIAL] [ 10348][17:58:07:357357][info  ] RTSpatialRefiner 0x765a73d2a220 (Used 0 MB), Loaded Geometries, ProbeArray 33333, Loaded 4, Type Point
[LIBGPUSPATIAL] [ 10351][17:58:07:357363][info  ] RTSpatialRefiner 0x765a73d2a220 (Used 0 MB), Loaded Geometries, ProbeArray 100000, Loaded 18, Type Point
[LIBGPUSPATIAL] [ 10348][17:58:07:357412][info  ] RTSpatialRefiner 0x765a73d2a220 (Used 0 MB), Evaluating 4 Geometry Pairs with Predicate Intersects
[LIBGPUSPATIAL] [ 10351][17:58:07:357419][info  ] RTSpatialRefiner 0x765a73d2a220 (Used 0 MB), Evaluating 18 Geometry Pairs with Predicate Intersects
[LIBGPUSPATIAL] [ 10345][17:58:07:358178][info  ] RTSpatialIndex 0x765a7000a800 (Used 0 MB), Allocate result buffer, memory consumption 0 MB, capacity 20
[LIBGPUSPATIAL] [ 10345][17:58:07:358539][info  ] RTSpatialIndex 0x765a7000a800 (Used 0 MB), Probe Points, Size: 100000, Results: 20
[LIBGPUSPATIAL] [ 10345][17:58:07:358891][info  ] RTSpatialRefiner 0x765a73d2a220 (Used 0 MB), Loaded Geometries, ProbeArray 100000, Loaded 20, Type Point
[LIBGPUSPATIAL] [ 10345][17:58:07:358933][info  ] RTSpatialRefiner 0x765a73d2a220 (Used 0 MB), Evaluating 20 Geometry Pairs with Predicate Intersects
[LIBGPUSPATIAL] [ 10352][17:58:07:362061][info  ] RTSpatialIndex 0x765a7000a800 (Used 0 MB), Allocate result buffer, memory consumption 0 MB, capacity 17
[LIBGPUSPATIAL] [ 10352][17:58:07:362186][info  ] RTSpatialIndex 0x765a7000a800 (Used 0 MB), Probe Points, Size: 100000, Results: 17
[LIBGPUSPATIAL] [ 10352][17:58:07:362446][info  ] RTSpatialRefiner 0x765a73d2a220 (Used 0 MB), Loaded Geometries, ProbeArray 100000, Loaded 17, Type Point
[LIBGPUSPATIAL] [ 10352][17:58:07:362482][info  ] RTSpatialRefiner 0x765a73d2a220 (Used 0 MB), Evaluating 17 Geometry Pairs with Predicate Intersects
[LIBGPUSPATIAL] [ 10349][17:58:07:365951][info  ] RTSpatialIndex 0x765a7000a800 (Used 0 MB), Allocate result buffer, memory consumption 0 MB, capacity 13
[LIBGPUSPATIAL] [ 10349][17:58:07:366067][info  ] RTSpatialIndex 0x765a7000a800 (Used 0 MB), Probe Points, Size: 100000, Results: 13
[LIBGPUSPATIAL] [ 10349][17:58:07:366345][info  ] RTSpatialRefiner 0x765a73d2a220 (Used 0 MB), Loaded Geometries, ProbeArray 100000, Loaded 13, Type Point
[LIBGPUSPATIAL] [ 10349][17:58:07:366386][info  ] RTSpatialRefiner 0x765a73d2a220 (Used 0 MB), Evaluating 13 Geometry Pairs with Predicate Intersects
[LIBGPUSPATIAL] [ 10351][17:58:07:367044][info  ] RTSpatialIndex 0x765a7000a800 (Used 0 MB), Allocate result buffer, memory consumption 0 MB, capacity 17
[LIBGPUSPATIAL] [ 10351][17:58:07:367244][info  ] RTSpatialIndex 0x765a7000a800 (Used 0 MB), Probe Points, Size: 100000, Results: 17
[LIBGPUSPATIAL] [ 10351][17:58:07:367495][info  ] RTSpatialRefiner 0x765a73d2a220 (Used 0 MB), Loaded Geometries, ProbeArray 100000, Loaded 17, Type Point
[LIBGPUSPATIAL] [ 10351][17:58:07:367535][info  ] RTSpatialRefiner 0x765a73d2a220 (Used 0 MB), Evaluating 17 Geometry Pairs with Predicate Intersects
[LIBGPUSPATIAL] [ 10351][17:58:07:371093][info  ] RTSpatialIndex 0x765a7000a800 (Used 1 MB), Allocate result buffer, memory consumption 0 MB, capacity 3
[LIBGPUSPATIAL] [ 10351][17:58:07:371694][info  ] RTSpatialIndex 0x765a7000a800 (Used 1 MB), Probe Points, Size: 33333, Results: 3
[LIBGPUSPATIAL] [ 10345][17:58:07:371728][info  ] RTSpatialIndex 0x765a7000a800 (Used 1 MB), Allocate result buffer, memory consumption 0 MB, capacity 12
[LIBGPUSPATIAL] [ 10352][17:58:07:371785][info  ] RTSpatialIndex 0x765a7000a800 (Used 1 MB), Allocate result buffer, memory consumption 0 MB, capacity 5
[LIBGPUSPATIAL] [ 10345][17:58:07:372152][info  ] RTSpatialIndex 0x765a7000a800 (Used 1 MB), Probe Points, Size: 100000, Results: 12
[LIBGPUSPATIAL] [ 10351][17:58:07:372188][info  ] RTSpatialRefiner 0x765a73d2a220 (Used 0 MB), Loaded Geometries, ProbeArray 33333, Loaded 3, Type Point
[LIBGPUSPATIAL] [ 10352][17:58:07:372291][info  ] RTSpatialIndex 0x765a7000a800 (Used 0 MB), Probe Points, Size: 100000, Results: 5
[LIBGPUSPATIAL] [ 10351][17:58:07:372321][info  ] RTSpatialRefiner 0x765a73d2a220 (Used 0 MB), Evaluating 3 Geometry Pairs with Predicate Intersects
[LIBGPUSPATIAL] [ 10352][17:58:07:372598][info  ] RTSpatialRefiner 0x765a73d2a220 (Used 0 MB), Loaded Geometries, ProbeArray 100000, Loaded 5, Type Point
[LIBGPUSPATIAL] [ 10345][17:58:07:372605][info  ] RTSpatialRefiner 0x765a73d2a220 (Used 0 MB), Loaded Geometries, ProbeArray 100000, Loaded 12, Type Point
[LIBGPUSPATIAL] [ 10352][17:58:07:372640][info  ] RTSpatialRefiner 0x765a73d2a220 (Used 0 MB), Evaluating 5 Geometry Pairs with Predicate Intersects
[LIBGPUSPATIAL] [ 10345][17:58:07:372652][info  ] RTSpatialRefiner 0x765a73d2a220 (Used 0 MB), Evaluating 12 Geometry Pairs with Predicate Intersects
[LIBGPUSPATIAL] [ 10352][17:58:07:376244][info  ] RTSpatialIndex 0x765a7000a800 (Used 0 MB), Allocate result buffer, memory consumption 0 MB, capacity 6
[LIBGPUSPATIAL] [ 10352][17:58:07:376386][info  ] RTSpatialIndex 0x765a7000a800 (Used 0 MB), Probe Points, Size: 33333, Results: 6
[LIBGPUSPATIAL] [ 10352][17:58:07:376723][info  ] RTSpatialRefiner 0x765a73d2a220 (Used 1 MB), Loaded Geometries, ProbeArray 33333, Loaded 6, Type Point
[LIBGPUSPATIAL] [ 10352][17:58:07:376784][info  ] RTSpatialRefiner 0x765a73d2a220 (Used 1 MB), Evaluating 6 Geometry Pairs with Predicate Intersects
[LIBGPUSPATIAL] [ 10349][17:58:07:377092][info  ] RTSpatialIndex 0x765a7000a800 (Used 0 MB), Allocate result buffer, memory consumption 0 MB, capacity 21
[LIBGPUSPATIAL] [ 10349][17:58:07:377362][info  ] RTSpatialIndex 0x765a7000a800 (Used 0 MB), Probe Points, Size: 100000, Results: 21
[LIBGPUSPATIAL] [ 10349][17:58:07:377724][info  ] RTSpatialRefiner 0x765a73d2a220 (Used 0 MB), Loaded Geometries, ProbeArray 100000, Loaded 21, Type Point
[LIBGPUSPATIAL] [ 10349][17:58:07:377768][info  ] RTSpatialRefiner 0x765a73d2a220 (Used 0 MB), Evaluating 21 Geometry Pairs with Predicate Intersects
[LIBGPUSPATIAL] [ 10349][17:58:07:381025][info  ] RTSpatialIndex 0x765a7000a800 (Used 0 MB), Allocate result buffer, memory consumption 0 MB, capacity 6
[LIBGPUSPATIAL] [ 10349][17:58:07:381121][info  ] RTSpatialIndex 0x765a7000a800 (Used 0 MB), Probe Points, Size: 33333, Results: 6
[LIBGPUSPATIAL] [ 10349][17:58:07:381424][info  ] RTSpatialRefiner 0x765a73d2a220 (Used 2 MB), Loaded Geometries, ProbeArray 33333, Loaded 6, Type Point
[LIBGPUSPATIAL] [ 10349][17:58:07:381486][info  ] RTSpatialRefiner 0x765a73d2a220 (Used 0 MB), Evaluating 6 Geometry Pairs with Predicate Intersects
[LIBGPUSPATIAL] [ 10345][17:58:07:381639][info  ] RTSpatialIndex 0x765a7000a800 (Used 0 MB), Allocate result buffer, memory consumption 0 MB, capacity 14
[LIBGPUSPATIAL] [ 10345][17:58:07:381916][info  ] RTSpatialIndex 0x765a7000a800 (Used 0 MB), Probe Points, Size: 100000, Results: 14
[LIBGPUSPATIAL] [ 10345][17:58:07:382297][info  ] RTSpatialRefiner 0x765a73d2a220 (Used 0 MB), Loaded Geometries, ProbeArray 100000, Loaded 14, Type Point
[LIBGPUSPATIAL] [ 10345][17:58:07:382350][info  ] RTSpatialRefiner 0x765a73d2a220 (Used 0 MB), Evaluating 14 Geometry Pairs with Predicate Intersects
[LIBGPUSPATIAL] [ 10345][17:58:07:390509][info  ] RTSpatialIndex 0x765a7000a800 (Used 0 MB), Allocate result buffer, memory consumption 0 MB, capacity 11
[LIBGPUSPATIAL] [ 10345][17:58:07:390636][info  ] RTSpatialIndex 0x765a7000a800 (Used 0 MB), Probe Points, Size: 100000, Results: 11
[LIBGPUSPATIAL] [ 10345][17:58:07:390914][info  ] RTSpatialRefiner 0x765a73d2a220 (Used 0 MB), Loaded Geometries, ProbeArray 100000, Loaded 11, Type Point
[LIBGPUSPATIAL] [ 10345][17:58:07:390949][info  ] RTSpatialRefiner 0x765a73d2a220 (Used 0 MB), Evaluating 11 Geometry Pairs with Predicate Intersects
[LIBGPUSPATIAL] [ 10345][17:58:07:399127][info  ] RTSpatialIndex 0x765a7000a800 (Used 0 MB), Allocate result buffer, memory consumption 0 MB, capacity 17
[LIBGPUSPATIAL] [ 10345][17:58:07:399251][info  ] RTSpatialIndex 0x765a7000a800 (Used 0 MB), Probe Points, Size: 100000, Results: 17
[LIBGPUSPATIAL] [ 10345][17:58:07:399537][info  ] RTSpatialRefiner 0x765a73d2a220 (Used 0 MB), Loaded Geometries, ProbeArray 100000, Loaded 17, Type Point
[LIBGPUSPATIAL] [ 10345][17:58:07:399576][info  ] RTSpatialRefiner 0x765a73d2a220 (Used 0 MB), Evaluating 17 Geometry Pairs with Predicate Intersects
[LIBGPUSPATIAL] [ 10345][17:58:07:402803][info  ] RTSpatialIndex 0x765a7000a800 (Used 0 MB), Allocate result buffer, memory consumption 0 MB, capacity 9
[LIBGPUSPATIAL] [ 10345][17:58:07:402949][info  ] RTSpatialIndex 0x765a7000a800 (Used 0 MB), Probe Points, Size: 33333, Results: 9
[LIBGPUSPATIAL] [ 10345][17:58:07:403209][info  ] RTSpatialRefiner 0x765a73d2a220 (Used 0 MB), Loaded Geometries, ProbeArray 33333, Loaded 9, Type Point
[LIBGPUSPATIAL] [ 10345][17:58:07:403244][info  ] RTSpatialRefiner 0x765a73d2a220 (Used 0 MB), Evaluating 9 Geometry Pairs with Predicate Intersects
2.23s (1 rows)

================================================================================
BENCHMARK SUMMARY
================================================================================
Query     sedonadb_gpu   
-------------------------
q2        2.23s          
-------------------------
Total     2.23s         

Results saved to results_mem_SF_10/sedonadb_gpu_q2_results.json
