Data paths:
  building: benchmark-data-sf10/building
  customer: benchmark-data-sf10/customer
  driver: benchmark-data-sf10/driver
  trip: benchmark-data-sf10/trip
  vehicle: benchmark-data-sf10/vehicle
  zone: benchmark-data-sf10/zone

============================================================
Running Sedonadb Gpu Benchmark
============================================================
Sedonadb Gpu version: 0.3.0
  Running q11... [LIBGPUSPATIAL] [ 22185][18:18:39:779966][info  ] Initializing GpuSpatialRuntime on device 0, PTX root /mnt/data/sedona-db/target/release/build/sedona-libgpuspatial-49614f8a870dbe66/out/share/gpuspatial/shaders
[LIBGPUSPATIAL] [ 22185][18:18:39:935352][info  ] Init Memory Manager
[LIBGPUSPATIAL] [ 22185][18:18:39:935553][info  ] Creating RMM pool memory resource with size 22511 MB
[LIBGPUSPATIAL] [ 22185][18:18:39:980451][info  ] Initialize RTEngine
[LIBGPUSPATIAL] [ 22185][18:18:40:105223][info  ] Create RTSpatialIndex 0x7b8f4c00a800, fast_build = 0, compact = 0, concurrency = 8
[LIBGPUSPATIAL] [ 22185][18:18:40:108098][info  ] Create RTSpatialRefiner 0x7b8f4fd29860, fast_build = 0, compact = 0, parsing_threads = 8, concurrency = 8, pipeline_batches = 1, wkb_parser_memory_quota = 0.80, relate_engine_memory_quota = 0.01
[LIBGPUSPATIAL] [ 22185][18:18:40:645701][info  ] RTSpatialRefiner 0x7b8f4fd29860 (Used 1946 MB), FinishBuilding Refiner, Total geoms: 454710
[LIBGPUSPATIAL] [ 22185][18:18:40:645744][info  ] RTSpatialIndex 0x7b8f4c00a800 (Used 1946 MB), PushBuild, Rectangles 454710
[LIBGPUSPATIAL] [ 22185][18:18:40:647558][info  ] RTSpatialIndex 0x7b8f4c00a800 (Used 1980 MB), FinishBuilding Index on Rectangles, Total geoms: 454710
[LIBGPUSPATIAL] [ 22191][18:18:40:925738][info  ] RTSpatialIndex 0x7b8f4c00a800 (Used 2041 MB), Allocate result buffer, memory consumption 12 MB, capacity 1646306
[LIBGPUSPATIAL] [ 22184][18:18:40:932978][info  ] RTSpatialIndex 0x7b8f4c00a800 (Used 2043 MB), Allocate result buffer, memory consumption 12 MB, capacity 1644220
[LIBGPUSPATIAL] [ 22190][18:18:40:933165][info  ] RTSpatialIndex 0x7b8f4c00a800 (Used 2056 MB), Allocate result buffer, memory consumption 12 MB, capacity 1646756
[LIBGPUSPATIAL] [ 22187][18:18:40:933474][info  ] RTSpatialIndex 0x7b8f4c00a800 (Used 2068 MB), Allocate result buffer, memory consumption 12 MB, capacity 1647885
[LIBGPUSPATIAL] [ 22189][18:18:40:935429][info  ] RTSpatialIndex 0x7b8f4c00a800 (Used 2121 MB), Allocate result buffer, memory consumption 12 MB, capacity 1648934
[LIBGPUSPATIAL] [ 22185][18:18:40:937523][info  ] RTSpatialIndex 0x7b8f4c00a800 (Used 2134 MB), Allocate result buffer, memory consumption 12 MB, capacity 1645951
[LIBGPUSPATIAL] [ 22188][18:18:40:938714][info  ] RTSpatialIndex 0x7b8f4c00a800 (Used 2126 MB), Allocate result buffer, memory consumption 12 MB, capacity 1646781
[LIBGPUSPATIAL] [ 22186][18:18:40:939832][info  ] RTSpatialIndex 0x7b8f4c00a800 (Used 2139 MB), Allocate result buffer, memory consumption 12 MB, capacity 1645337
[LIBGPUSPATIAL] [ 22191][18:18:40:940450][info  ] RTSpatialIndex 0x7b8f4c00a800 (Used 2151 MB), Probe Points, Size: 1333333, Results: 1646306
[LIBGPUSPATIAL] [ 22184][18:18:40:946596][info  ] RTSpatialIndex 0x7b8f4c00a800 (Used 2129 MB), Probe Points, Size: 1333333, Results: 1644220
[LIBGPUSPATIAL] [ 22185][18:18:40:947199][info  ] RTSpatialIndex 0x7b8f4c00a800 (Used 2129 MB), Probe Points, Size: 1333333, Results: 1645951
[LIBGPUSPATIAL] [ 22187][18:18:40:947773][info  ] RTSpatialIndex 0x7b8f4c00a800 (Used 2129 MB), Probe Points, Size: 1333333, Results: 1647885
[LIBGPUSPATIAL] [ 22189][18:18:40:948355][info  ] RTSpatialIndex 0x7b8f4c00a800 (Used 2129 MB), Probe Points, Size: 1333333, Results: 1648934
[LIBGPUSPATIAL] [ 22190][18:18:40:948947][info  ] RTSpatialIndex 0x7b8f4c00a800 (Used 2129 MB), Probe Points, Size: 1333333, Results: 1646756
[LIBGPUSPATIAL] [ 22188][18:18:40:949538][info  ] RTSpatialIndex 0x7b8f4c00a800 (Used 2129 MB), Probe Points, Size: 1333333, Results: 1646781
[LIBGPUSPATIAL] [ 22186][18:18:40:950117][info  ] RTSpatialIndex 0x7b8f4c00a800 (Used 2135 MB), Probe Points, Size: 1333333, Results: 1645337
[LIBGPUSPATIAL] [ 22191][18:18:40:985203][info  ] RTSpatialRefiner 0x7b8f4fd29860 (Used 2221 MB), Loaded Geometries, ProbeArray 1333333, Loaded 839769, Type Point
[LIBGPUSPATIAL] [ 22191][18:18:40:987417][info  ] RTSpatialRefiner 0x7b8f4fd29860 (Used 2244 MB), Evaluating 1646306 Geometry Pairs with Predicate Contains
[LIBGPUSPATIAL] [ 22185][18:18:41:006339][info  ] RTSpatialRefiner 0x7b8f4fd29860 (Used 2274 MB), Loaded Geometries, ProbeArray 1333333, Loaded 839464, Type Point
[LIBGPUSPATIAL] [ 22185][18:18:41:006927][info  ] RTSpatialRefiner 0x7b8f4fd29860 (Used 2280 MB), Evaluating 1645951 Geometry Pairs with Predicate Contains
[LIBGPUSPATIAL] [ 22187][18:18:41:013676][info  ] RTSpatialRefiner 0x7b8f4fd29860 (Used 2292 MB), Loaded Geometries, ProbeArray 1333333, Loaded 839762, Type Point
[LIBGPUSPATIAL] [ 22187][18:18:41:014246][info  ] RTSpatialRefiner 0x7b8f4fd29860 (Used 2299 MB), Evaluating 1647885 Geometry Pairs with Predicate Contains
[LIBGPUSPATIAL] [ 22188][18:18:41:021438][info  ] RTSpatialRefiner 0x7b8f4fd29860 (Used 2311 MB), Loaded Geometries, ProbeArray 1333333, Loaded 840316, Type Point
[LIBGPUSPATIAL] [ 22188][18:18:41:022110][info  ] RTSpatialRefiner 0x7b8f4fd29860 (Used 2318 MB), Evaluating 1646781 Geometry Pairs with Predicate Contains
[LIBGPUSPATIAL] [ 22190][18:18:41:023478][info  ] RTSpatialRefiner 0x7b8f4fd29860 (Used 2330 MB), Loaded Geometries, ProbeArray 1333333, Loaded 840229, Type Point
[LIBGPUSPATIAL] [ 22190][18:18:41:024081][info  ] RTSpatialRefiner 0x7b8f4fd29860 (Used 2336 MB), Evaluating 1646756 Geometry Pairs with Predicate Contains
[LIBGPUSPATIAL] [ 22189][18:18:41:029983][info  ] RTSpatialRefiner 0x7b8f4fd29860 (Used 2349 MB), Loaded Geometries, ProbeArray 1333333, Loaded 840623, Type Point
[LIBGPUSPATIAL] [ 22189][18:18:41:030542][info  ] RTSpatialRefiner 0x7b8f4fd29860 (Used 2355 MB), Evaluating 1648934 Geometry Pairs with Predicate Contains
[LIBGPUSPATIAL] [ 22184][18:18:41:033917][info  ] RTSpatialRefiner 0x7b8f4fd29860 (Used 2368 MB), Loaded Geometries, ProbeArray 1333333, Loaded 838626, Type Point
[LIBGPUSPATIAL] [ 22184][18:18:41:034507][info  ] RTSpatialRefiner 0x7b8f4fd29860 (Used 2374 MB), Evaluating 1644220 Geometry Pairs with Predicate Contains
[LIBGPUSPATIAL] [ 22186][18:18:41:038020][info  ] RTSpatialRefiner 0x7b8f4fd29860 (Used 2387 MB), Loaded Geometries, ProbeArray 1333333, Loaded 839184, Type Point
[LIBGPUSPATIAL] [ 22186][18:18:41:038555][info  ] RTSpatialRefiner 0x7b8f4fd29860 (Used 2393 MB), Evaluating 1645337 Geometry Pairs with Predicate Contains
[LIBGPUSPATIAL] [ 22189][18:18:41:044477][info  ] Unique multi-polygons 27961, memory quota 23 MB, estimated BVH size 306 MB, n_batches 14
[LIBGPUSPATIAL] [ 22186][18:18:41:044489][info  ] Unique multi-polygons 28133, memory quota 23 MB, estimated BVH size 306 MB, n_batches 14
[LIBGPUSPATIAL] [ 22184][18:18:41:044827][info  ] Unique multi-polygons 28027, memory quota 23 MB, estimated BVH size 306 MB, n_batches 14
[LIBGPUSPATIAL] [ 22188][18:18:41:044856][info  ] Unique multi-polygons 27800, memory quota 23 MB, estimated BVH size 306 MB, n_batches 14
[LIBGPUSPATIAL] [ 22187][18:18:41:044895][info  ] Unique multi-polygons 27972, memory quota 23 MB, estimated BVH size 305 MB, n_batches 14
[LIBGPUSPATIAL] [ 22185][18:18:41:045067][info  ] Unique multi-polygons 27959, memory quota 23 MB, estimated BVH size 306 MB, n_batches 14
[LIBGPUSPATIAL] [ 22191][18:18:41:045126][info  ] Unique multi-polygons 27923, memory quota 23 MB, estimated BVH size 306 MB, n_batches 14
[LIBGPUSPATIAL] [ 22190][18:18:41:045152][info  ] Unique multi-polygons 27757, memory quota 23 MB, estimated BVH size 303 MB, n_batches 14
[LIBGPUSPATIAL] [ 22188][18:18:41:046909][info  ] PIP(Used 2394 MB), Batch 0
[LIBGPUSPATIAL] [ 22184][18:18:41:047145][info  ] PIP(Used 2353 MB), Batch 0
[LIBGPUSPATIAL] [ 22189][18:18:41:047150][info  ] PIP(Used 2353 MB), Batch 0
[LIBGPUSPATIAL] [ 22186][18:18:41:047401][info  ] PIP(Used 2320 MB), Batch 0
[LIBGPUSPATIAL] [ 22185][18:18:41:051335][info  ] PIP(Used 2352 MB), Batch 0
[LIBGPUSPATIAL] [ 22191][18:18:41:051351][info  ] PIP(Used 2352 MB), Batch 0
[LIBGPUSPATIAL] [ 22190][18:18:41:051358][info  ] PIP(Used 2352 MB), Batch 0
[LIBGPUSPATIAL] [ 22187][18:18:41:051691][info  ] PIP(Used 2329 MB), Batch 0
[LIBGPUSPATIAL] [ 22188][18:18:41:051876][info  ] PIP(Used 2312 MB), Batch 1
[LIBGPUSPATIAL] [ 22189][18:18:41:053785][info  ] PIP(Used 2312 MB), Batch 1
[LIBGPUSPATIAL] [ 22184][18:18:41:055483][info  ] PIP(Used 2314 MB), Batch 1
[LIBGPUSPATIAL] [ 22186][18:18:41:055575][info  ] PIP(Used 2315 MB), Batch 1
[LIBGPUSPATIAL] [ 22185][18:18:41:058075][info  ] PIP(Used 2312 MB), Batch 1
[LIBGPUSPATIAL] [ 22189][18:18:41:058387][info  ] PIP(Used 2320 MB), Batch 2
[LIBGPUSPATIAL] [ 22191][18:18:41:058663][info  ] PIP(Used 2312 MB), Batch 1
[LIBGPUSPATIAL] [ 22184][18:18:41:058901][info  ] PIP(Used 2319 MB), Batch 2
[LIBGPUSPATIAL] [ 22190][18:18:41:059949][info  ] PIP(Used 2312 MB), Batch 1
[LIBGPUSPATIAL] [ 22186][18:18:41:060374][info  ] PIP(Used 2319 MB), Batch 2
[LIBGPUSPATIAL] [ 22188][18:18:41:060708][info  ] PIP(Used 2320 MB), Batch 2
[LIBGPUSPATIAL] [ 22185][18:18:41:062488][info  ] PIP(Used 2320 MB), Batch 2
[LIBGPUSPATIAL] [ 22191][18:18:41:063178][info  ] PIP(Used 2319 MB), Batch 2
[LIBGPUSPATIAL] [ 22187][18:18:41:063913][info  ] PIP(Used 2312 MB), Batch 1
[LIBGPUSPATIAL] [ 22190][18:18:41:064214][info  ] PIP(Used 2320 MB), Batch 2
[LIBGPUSPATIAL] [ 22184][18:18:41:066194][info  ] PIP(Used 2316 MB), Batch 3
[LIBGPUSPATIAL] [ 22187][18:18:41:067379][info  ] PIP(Used 2320 MB), Batch 2
[LIBGPUSPATIAL] [ 22189][18:18:41:067859][info  ] PIP(Used 2316 MB), Batch 3
[LIBGPUSPATIAL] [ 22188][18:18:41:069334][info  ] PIP(Used 2317 MB), Batch 3
[LIBGPUSPATIAL] [ 22186][18:18:41:072019][info  ] PIP(Used 2317 MB), Batch 3
[LIBGPUSPATIAL] [ 22184][18:18:41:073009][info  ] PIP(Used 2320 MB), Batch 4
[LIBGPUSPATIAL] [ 22185][18:18:41:073586][info  ] PIP(Used 2317 MB), Batch 3
[LIBGPUSPATIAL] [ 22187][18:18:41:075021][info  ] PIP(Used 2316 MB), Batch 3
[LIBGPUSPATIAL] [ 22188][18:18:41:077531][info  ] PIP(Used 2320 MB), Batch 4
[LIBGPUSPATIAL] [ 22191][18:18:41:078091][info  ] PIP(Used 2316 MB), Batch 3
[LIBGPUSPATIAL] [ 22184][18:18:41:080327][info  ] PIP(Used 2314 MB), Batch 5
[LIBGPUSPATIAL] [ 22187][18:18:41:081214][info  ] PIP(Used 2320 MB), Batch 4
[LIBGPUSPATIAL] [ 22190][18:18:41:082504][info  ] PIP(Used 2317 MB), Batch 3
[LIBGPUSPATIAL] [ 22188][18:18:41:085093][info  ] PIP(Used 2314 MB), Batch 5
[LIBGPUSPATIAL] [ 22189][18:18:41:087438][info  ] PIP(Used 2320 MB), Batch 4
[LIBGPUSPATIAL] [ 22187][18:18:41:088265][info  ] PIP(Used 2314 MB), Batch 5
[LIBGPUSPATIAL] [ 22186][18:18:41:088920][info  ] PIP(Used 2320 MB), Batch 4
[LIBGPUSPATIAL] [ 22185][18:18:41:093271][info  ] PIP(Used 2320 MB), Batch 4
[LIBGPUSPATIAL] [ 22189][18:18:41:094173][info  ] PIP(Used 2314 MB), Batch 5
[LIBGPUSPATIAL] [ 22191][18:18:41:098446][info  ] PIP(Used 2320 MB), Batch 4
[LIBGPUSPATIAL] [ 22190][18:18:41:103247][info  ] PIP(Used 2320 MB), Batch 4
[LIBGPUSPATIAL] [ 22184][18:18:41:106177][info  ] PIP(Used 2309 MB), Batch 6
[LIBGPUSPATIAL] [ 22186][18:18:41:110004][info  ] PIP(Used 2314 MB), Batch 5
[LIBGPUSPATIAL] [ 22188][18:18:41:112493][info  ] PIP(Used 2309 MB), Batch 6
[LIBGPUSPATIAL] [ 22184][18:18:41:113157][info  ] PIP(Used 2312 MB), Batch 7
[LIBGPUSPATIAL] [ 22187][18:18:41:113479][info  ] PIP(Used 2309 MB), Batch 6
[LIBGPUSPATIAL] [ 22189][18:18:41:121579][info  ] PIP(Used 2324 MB), Batch 6
[LIBGPUSPATIAL] [ 22185][18:18:41:121625][info  ] PIP(Used 2314 MB), Batch 5
[LIBGPUSPATIAL] [ 22188][18:18:41:126249][info  ] PIP(Used 2312 MB), Batch 7
[LIBGPUSPATIAL] [ 22187][18:18:41:128694][info  ] PIP(Used 2312 MB), Batch 7
[LIBGPUSPATIAL] [ 22184][18:18:41:128947][info  ] PIP(Used 2317 MB), Batch 8
[LIBGPUSPATIAL] [ 22191][18:18:41:129153][info  ] PIP(Used 2314 MB), Batch 5
[LIBGPUSPATIAL] [ 22189][18:18:41:129583][info  ] PIP(Used 2312 MB), Batch 7
[LIBGPUSPATIAL] [ 22188][18:18:41:132855][info  ] PIP(Used 2317 MB), Batch 8
[LIBGPUSPATIAL] [ 22184][18:18:41:133352][info  ] PIP(Used 2325 MB), Batch 9
[LIBGPUSPATIAL] [ 22190][18:18:41:133439][info  ] PIP(Used 2314 MB), Batch 5
[LIBGPUSPATIAL] [ 22187][18:18:41:133991][info  ] PIP(Used 2317 MB), Batch 8
[LIBGPUSPATIAL] [ 22189][18:18:41:135804][info  ] PIP(Used 2317 MB), Batch 8
[LIBGPUSPATIAL] [ 22186][18:18:41:137266][info  ] PIP(Used 2309 MB), Batch 6
[LIBGPUSPATIAL] [ 22188][18:18:41:138020][info  ] PIP(Used 2320 MB), Batch 9
[LIBGPUSPATIAL] [ 22187][18:18:41:141884][info  ] PIP(Used 2320 MB), Batch 9
[LIBGPUSPATIAL] [ 22184][18:18:41:143872][info  ] PIP(Used 2348 MB), Batch 10
[LIBGPUSPATIAL] [ 22189][18:18:41:144015][info  ] PIP(Used 2320 MB), Batch 9
[LIBGPUSPATIAL] [ 22186][18:18:41:145287][info  ] PIP(Used 2312 MB), Batch 7
[LIBGPUSPATIAL] [ 22184][18:18:41:148437][info  ] PIP(Used 2321 MB), Batch 11
[LIBGPUSPATIAL] [ 22186][18:18:41:149700][info  ] PIP(Used 2317 MB), Batch 8
[LIBGPUSPATIAL] [ 22185][18:18:41:150496][info  ] PIP(Used 2309 MB), Batch 6
[LIBGPUSPATIAL] [ 22184][18:18:41:151570][info  ] PIP(Used 2317 MB), Batch 12
[LIBGPUSPATIAL] [ 22188][18:18:41:157584][info  ] PIP(Used 2319 MB), Batch 10
[LIBGPUSPATIAL] [ 22191][18:18:41:157915][info  ] PIP(Used 2314 MB), Batch 6
[LIBGPUSPATIAL] [ 22185][18:18:41:157953][info  ] PIP(Used 2312 MB), Batch 7
[LIBGPUSPATIAL] [ 22184][18:18:41:165583][info  ] PIP(Used 2343 MB), Batch 13
[LIBGPUSPATIAL] [ 22187][18:18:41:165687][info  ] PIP(Used 2330 MB), Batch 10
[LIBGPUSPATIAL] [ 22190][18:18:41:165746][info  ] PIP(Used 2336 MB), Batch 6
[LIBGPUSPATIAL] [ 22191][18:18:41:165864][info  ] PIP(Used 2322 MB), Batch 7
[LIBGPUSPATIAL] [ 22189][18:18:41:180006][info  ] PIP(Used 2429 MB), Batch 10
[LIBGPUSPATIAL] [ 22185][18:18:41:180044][info  ] PIP(Used 2414 MB), Batch 8
[LIBGPUSPATIAL] [ 22186][18:18:41:180103][info  ] PIP(Used 2393 MB), Batch 9
[LIBGPUSPATIAL] [ 22187][18:18:41:180233][info  ] PIP(Used 2364 MB), Batch 11
[LIBGPUSPATIAL] [ 22191][18:18:41:180281][info  ] PIP(Used 2349 MB), Batch 8
[LIBGPUSPATIAL] [ 22190][18:18:41:180321][info  ] PIP(Used 2343 MB), Batch 7
[LIBGPUSPATIAL] [ 22188][18:18:41:180706][info  ] PIP(Used 2278 MB), Batch 11
[LIBGPUSPATIAL] [ 22187][18:18:41:186210][info  ] PIP(Used 2275 MB), Batch 12
[LIBGPUSPATIAL] [ 22185][18:18:41:186498][info  ] PIP(Used 2287 MB), Batch 9
[LIBGPUSPATIAL] [ 22191][18:18:41:186737][info  ] PIP(Used 2278 MB), Batch 9
[LIBGPUSPATIAL] [ 22186][18:18:41:187240][info  ] PIP(Used 2275 MB), Batch 10
[LIBGPUSPATIAL] [ 22188][18:18:41:187689][info  ] PIP(Used 2274 MB), Batch 12
[LIBGPUSPATIAL] [ 22189][18:18:41:188623][info  ] PIP(Used 2278 MB), Batch 11
[LIBGPUSPATIAL] [ 22190][18:18:41:189922][info  ] PIP(Used 2274 MB), Batch 8
[LIBGPUSPATIAL] [ 22187][18:18:41:191881][info  ] PIP(Used 2276 MB), Batch 13
[LIBGPUSPATIAL] [ 22185][18:18:41:192765][info  ] PIP(Used 2275 MB), Batch 10
[LIBGPUSPATIAL] [ 22189][18:18:41:193513][info  ] PIP(Used 2274 MB), Batch 12
[LIBGPUSPATIAL] [ 22191][18:18:41:195316][info  ] PIP(Used 2274 MB), Batch 10
[LIBGPUSPATIAL] [ 22186][18:18:41:198011][info  ] PIP(Used 2248 MB), Batch 11
[LIBGPUSPATIAL] [ 22190][18:18:41:198048][info  ] PIP(Used 2247 MB), Batch 9
[LIBGPUSPATIAL] [ 22188][18:18:41:199238][info  ] PIP(Used 2233 MB), Batch 13
[LIBGPUSPATIAL] [ 22189][18:18:41:200643][info  ] PIP(Used 2267 MB), Batch 13
[LIBGPUSPATIAL] [ 22185][18:18:41:200727][info  ] PIP(Used 2235 MB), Batch 11
[LIBGPUSPATIAL] [ 22186][18:18:41:202388][info  ] PIP(Used 2231 MB), Batch 12
[LIBGPUSPATIAL] [ 22190][18:18:41:203507][info  ] PIP(Used 2231 MB), Batch 10
[LIBGPUSPATIAL] [ 22191][18:18:41:205336][info  ] PIP(Used 2235 MB), Batch 11
[LIBGPUSPATIAL] [ 22185][18:18:41:207693][info  ] PIP(Used 2189 MB), Batch 12
[LIBGPUSPATIAL] [ 22186][18:18:41:208371][info  ] PIP(Used 2191 MB), Batch 13
[LIBGPUSPATIAL] [ 22191][18:18:41:209215][info  ] PIP(Used 2189 MB), Batch 12
[LIBGPUSPATIAL] [ 22190][18:18:41:211510][info  ] PIP(Used 2150 MB), Batch 11
[LIBGPUSPATIAL] [ 22191][18:18:41:213908][info  ] PIP(Used 2106 MB), Batch 13
[LIBGPUSPATIAL] [ 22185][18:18:41:214669][info  ] PIP(Used 2106 MB), Batch 13
[LIBGPUSPATIAL] [ 22190][18:18:41:217468][info  ] PIP(Used 2104 MB), Batch 12
[LIBGPUSPATIAL] [ 22190][18:18:41:224280][info  ] PIP(Used 2021 MB), Batch 13
[LIBGPUSPATIAL] [ 22184][18:18:41:592447][info  ] RTSpatialIndex 0x7b8f4c00a800 (Used 1980 MB), Allocate result buffer, memory consumption 12 MB, capacity 1647532
[LIBGPUSPATIAL] [ 22184][18:18:41:595323][info  ] RTSpatialIndex 0x7b8f4c00a800 (Used 1992 MB), Probe Points, Size: 1333333, Results: 1647532
[LIBGPUSPATIAL] [ 22184][18:18:41:623433][info  ] RTSpatialRefiner 0x7b8f4fd29860 (Used 2005 MB), Loaded Geometries, ProbeArray 1333333, Loaded 840142, Type Point
[LIBGPUSPATIAL] [ 22184][18:18:41:624108][info  ] RTSpatialRefiner 0x7b8f4fd29860 (Used 2011 MB), Evaluating 1647532 Geometry Pairs with Predicate Contains
[LIBGPUSPATIAL] [ 22184][18:18:41:624819][info  ] Unique multi-polygons 27830, memory quota 23 MB, estimated BVH size 304 MB, n_batches 13
[LIBGPUSPATIAL] [ 22184][18:18:41:625427][info  ] PIP(Used 2024 MB), Batch 0
[LIBGPUSPATIAL] [ 22184][18:18:41:628831][info  ] PIP(Used 2016 MB), Batch 1
[LIBGPUSPATIAL] [ 22184][18:18:41:631175][info  ] PIP(Used 2022 MB), Batch 2
[LIBGPUSPATIAL] [ 22184][18:18:41:635799][info  ] PIP(Used 2022 MB), Batch 3
[LIBGPUSPATIAL] [ 22184][18:18:41:641555][info  ] PIP(Used 2024 MB), Batch 4
[LIBGPUSPATIAL] [ 22184][18:18:41:645510][info  ] PIP(Used 2015 MB), Batch 5
[LIBGPUSPATIAL] [ 22186][18:18:41:663990][info  ] RTSpatialIndex 0x7b8f4c00a800 (Used 2042 MB), Allocate result buffer, memory consumption 12 MB, capacity 1648531
[LIBGPUSPATIAL] [ 22184][18:18:41:666473][info  ] PIP(Used 2056 MB), Batch 6
[LIBGPUSPATIAL] [ 22188][18:18:41:671669][info  ] RTSpatialIndex 0x7b8f4c00a800 (Used 2065 MB), Allocate result buffer, memory consumption 12 MB, capacity 1647217
[LIBGPUSPATIAL] [ 22186][18:18:41:673018][info  ] RTSpatialIndex 0x7b8f4c00a800 (Used 2089 MB), Probe Points, Size: 1333333, Results: 1648531
[LIBGPUSPATIAL] [ 22184][18:18:41:674856][info  ] PIP(Used 2061 MB), Batch 7
[LIBGPUSPATIAL] [ 22189][18:18:41:678351][info  ] RTSpatialIndex 0x7b8f4c00a800 (Used 2051 MB), Allocate result buffer, memory consumption 12 MB, capacity 1646511
[LIBGPUSPATIAL] [ 22188][18:18:41:682047][info  ] RTSpatialIndex 0x7b8f4c00a800 (Used 2105 MB), Probe Points, Size: 1333333, Results: 1647217
[LIBGPUSPATIAL] [ 22184][18:18:41:682647][info  ] PIP(Used 2064 MB), Batch 8
[LIBGPUSPATIAL] [ 22184][18:18:41:689953][info  ] PIP(Used 2094 MB), Batch 9
[LIBGPUSPATIAL] [ 22189][18:18:41:691262][info  ] RTSpatialIndex 0x7b8f4c00a800 (Used 2114 MB), Probe Points, Size: 1333333, Results: 1646511
[LIBGPUSPATIAL] [ 22186][18:18:41:712946][info  ] RTSpatialRefiner 0x7b8f4fd29860 (Used 2202 MB), Loaded Geometries, ProbeArray 1333333, Loaded 841222, Type Point
[LIBGPUSPATIAL] [ 22186][18:18:41:713803][info  ] RTSpatialRefiner 0x7b8f4fd29860 (Used 2208 MB), Evaluating 1648531 Geometry Pairs with Predicate Contains
[LIBGPUSPATIAL] [ 22184][18:18:41:715457][info  ] PIP(Used 2173 MB), Batch 10
[LIBGPUSPATIAL] [ 22190][18:18:41:718727][info  ] RTSpatialIndex 0x7b8f4c00a800 (Used 2172 MB), Allocate result buffer, memory consumption 12 MB, capacity 1650372
[LIBGPUSPATIAL] [ 22186][18:18:41:719754][info  ] Unique multi-polygons 27847, memory quota 23 MB, estimated BVH size 308 MB, n_batches 14
[LIBGPUSPATIAL] [ 22185][18:18:41:719885][info  ] RTSpatialIndex 0x7b8f4c00a800 (Used 2208 MB), Allocate result buffer, memory consumption 12 MB, capacity 1647944
[LIBGPUSPATIAL] [ 22191][18:18:41:722288][info  ] RTSpatialIndex 0x7b8f4c00a800 (Used 2252 MB), Allocate result buffer, memory consumption 12 MB, capacity 1647434
[LIBGPUSPATIAL] [ 22190][18:18:41:723224][info  ] RTSpatialIndex 0x7b8f4c00a800 (Used 2259 MB), Probe Points, Size: 1333333, Results: 1650372
[LIBGPUSPATIAL] [ 22188][18:18:41:723707][info  ] RTSpatialRefiner 0x7b8f4fd29860 (Used 2248 MB), Loaded Geometries, ProbeArray 1333333, Loaded 839385, Type Point
[LIBGPUSPATIAL] [ 22187][18:18:41:723912][info  ] RTSpatialIndex 0x7b8f4c00a800 (Used 2248 MB), Allocate result buffer, memory consumption 12 MB, capacity 1646922
[LIBGPUSPATIAL] [ 22188][18:18:41:724485][info  ] RTSpatialRefiner 0x7b8f4fd29860 (Used 2261 MB), Evaluating 1647217 Geometry Pairs with Predicate Contains
[LIBGPUSPATIAL] [ 22184][18:18:41:724982][info  ] PIP(Used 2242 MB), Batch 11
[LIBGPUSPATIAL] [ 22186][18:18:41:725359][info  ] PIP(Used 2228 MB), Batch 0
[LIBGPUSPATIAL] [ 22189][18:18:41:726047][info  ] RTSpatialRefiner 0x7b8f4fd29860 (Used 2222 MB), Loaded Geometries, ProbeArray 1333333, Loaded 839963, Type Point
[LIBGPUSPATIAL] [ 22188][18:18:41:726277][info  ] Unique multi-polygons 28033, memory quota 23 MB, estimated BVH size 306 MB, n_batches 14
[LIBGPUSPATIAL] [ 22189][18:18:41:726678][info  ] RTSpatialRefiner 0x7b8f4fd29860 (Used 2267 MB), Evaluating 1646511 Geometry Pairs with Predicate Contains
[LIBGPUSPATIAL] [ 22189][18:18:41:728136][info  ] Unique multi-polygons 27657, memory quota 23 MB, estimated BVH size 304 MB, n_batches 14
[LIBGPUSPATIAL] [ 22185][18:18:41:730290][info  ] RTSpatialIndex 0x7b8f4c00a800 (Used 2301 MB), Probe Points, Size: 1333333, Results: 1647944
[LIBGPUSPATIAL] [ 22187][18:18:41:732092][info  ] RTSpatialIndex 0x7b8f4c00a800 (Used 2309 MB), Probe Points, Size: 1333333, Results: 1646922
[LIBGPUSPATIAL] [ 22191][18:18:41:733775][info  ] RTSpatialIndex 0x7b8f4c00a800 (Used 2299 MB), Probe Points, Size: 1333333, Results: 1647434
[LIBGPUSPATIAL] [ 22188][18:18:41:734012][info  ] PIP(Used 2238 MB), Batch 0
[LIBGPUSPATIAL] [ 22189][18:18:41:735956][info  ] PIP(Used 2210 MB), Batch 0
[LIBGPUSPATIAL] [ 22184][18:18:41:736018][info  ] PIP(Used 2210 MB), Batch 12
[LIBGPUSPATIAL] [ 22186][18:18:41:738491][info  ] PIP(Used 2243 MB), Batch 1
[LIBGPUSPATIAL] [ 22188][18:18:41:738549][info  ] PIP(Used 2237 MB), Batch 1
[LIBGPUSPATIAL] [ 22189][18:18:41:747401][info  ] PIP(Used 2192 MB), Batch 1
[LIBGPUSPATIAL] [ 22186][18:18:41:750650][info  ] PIP(Used 2281 MB), Batch 2
[LIBGPUSPATIAL] [ 22188][18:18:41:751203][info  ] PIP(Used 2262 MB), Batch 2
[LIBGPUSPATIAL] [ 22190][18:18:41:751720][info  ] RTSpatialRefiner 0x7b8f4fd29860 (Used 2239 MB), Loaded Geometries, ProbeArray 1333333, Loaded 841526, Type Point
[LIBGPUSPATIAL] [ 22190][18:18:41:755750][info  ] RTSpatialRefiner 0x7b8f4fd29860 (Used 2257 MB), Evaluating 1650372 Geometry Pairs with Predicate Contains
[LIBGPUSPATIAL] [ 22190][18:18:41:756670][info  ] Unique multi-polygons 28128, memory quota 23 MB, estimated BVH size 306 MB, n_batches 14
[LIBGPUSPATIAL] [ 22189][18:18:41:756749][info  ] PIP(Used 2257 MB), Batch 2
[LIBGPUSPATIAL] [ 22190][18:18:41:757742][info  ] PIP(Used 2257 MB), Batch 0
[LIBGPUSPATIAL] [ 22186][18:18:41:759942][info  ] PIP(Used 2254 MB), Batch 3
[LIBGPUSPATIAL] [ 22189][18:18:41:761294][info  ] PIP(Used 2254 MB), Batch 3
[LIBGPUSPATIAL] [ 22190][18:18:41:764324][info  ] PIP(Used 2271 MB), Batch 1
[LIBGPUSPATIAL] [ 22188][18:18:41:764366][info  ] PIP(Used 2257 MB), Batch 3
[LIBGPUSPATIAL] [ 22185][18:18:41:766597][info  ] RTSpatialRefiner 0x7b8f4fd29860 (Used 2257 MB), Loaded Geometries, ProbeArray 1333333, Loaded 839691, Type Point
[LIBGPUSPATIAL] [ 22185][18:18:41:767149][info  ] RTSpatialRefiner 0x7b8f4fd29860 (Used 2271 MB), Evaluating 1647944 Geometry Pairs with Predicate Contains
[LIBGPUSPATIAL] [ 22190][18:18:41:767187][info  ] PIP(Used 2284 MB), Batch 2
[LIBGPUSPATIAL] [ 22191][18:18:41:772587][info  ] RTSpatialRefiner 0x7b8f4fd29860 (Used 2342 MB), Loaded Geometries, ProbeArray 1333333, Loaded 839980, Type Point
[LIBGPUSPATIAL] [ 22185][18:18:41:773698][info  ] Unique multi-polygons 28031, memory quota 23 MB, estimated BVH size 305 MB, n_batches 14
[LIBGPUSPATIAL] [ 22191][18:18:41:774886][info  ] RTSpatialRefiner 0x7b8f4fd29860 (Used 2391 MB), Evaluating 1647434 Geometry Pairs with Predicate Contains
[LIBGPUSPATIAL] [ 22186][18:18:41:775025][info  ] PIP(Used 2383 MB), Batch 4
[LIBGPUSPATIAL] [ 22189][18:18:41:775326][info  ] PIP(Used 2355 MB), Batch 4
[LIBGPUSPATIAL] [ 22188][18:18:41:775510][info  ] PIP(Used 2333 MB), Batch 4
[LIBGPUSPATIAL] [ 22187][18:18:41:775579][info  ] RTSpatialRefiner 0x7b8f4fd29860 (Used 2322 MB), Loaded Geometries, ProbeArray 1333333, Loaded 839419, Type Point
[LIBGPUSPATIAL] [ 22191][18:18:41:776528][info  ] Unique multi-polygons 28078, memory quota 23 MB, estimated BVH size 304 MB, n_batches 14
[LIBGPUSPATIAL] [ 22187][18:18:41:781023][info  ] RTSpatialRefiner 0x7b8f4fd29860 (Used 2391 MB), Evaluating 1646922 Geometry Pairs with Predicate Contains
[LIBGPUSPATIAL] [ 22190][18:18:41:781064][info  ] PIP(Used 2389 MB), Batch 3
[LIBGPUSPATIAL] [ 22191][18:18:41:781943][info  ] PIP(Used 2331 MB), Batch 0
[LIBGPUSPATIAL] [ 22188][18:18:41:781994][info  ] PIP(Used 2321 MB), Batch 5
[LIBGPUSPATIAL] [ 22185][18:18:41:782051][info  ] PIP(Used 2300 MB), Batch 0
[LIBGPUSPATIAL] [ 22191][18:18:41:785169][info  ] PIP(Used 2269 MB), Batch 1
[LIBGPUSPATIAL] [ 22187][18:18:41:785314][info  ] Unique multi-polygons 27979, memory quota 23 MB, estimated BVH size 303 MB, n_batches 14
[LIBGPUSPATIAL] [ 22187][18:18:41:786157][info  ] PIP(Used 2278 MB), Batch 0
[LIBGPUSPATIAL] [ 22185][18:18:41:786475][info  ] PIP(Used 2270 MB), Batch 1
[LIBGPUSPATIAL] [ 22190][18:18:41:786771][info  ] PIP(Used 2293 MB), Batch 4
[LIBGPUSPATIAL] [ 22189][18:18:41:786858][info  ] PIP(Used 2283 MB), Batch 5
[LIBGPUSPATIAL] [ 22191][18:18:41:787949][info  ] PIP(Used 2279 MB), Batch 2
[LIBGPUSPATIAL] [ 22186][18:18:41:788182][info  ] PIP(Used 2272 MB), Batch 5
[LIBGPUSPATIAL] [ 22185][18:18:41:789665][info  ] PIP(Used 2277 MB), Batch 2
[LIBGPUSPATIAL] [ 22187][18:18:41:791886][info  ] PIP(Used 2269 MB), Batch 1
[LIBGPUSPATIAL] [ 22187][18:18:41:794800][info  ] PIP(Used 2277 MB), Batch 2
[LIBGPUSPATIAL] [ 22191][18:18:41:795040][info  ] PIP(Used 2274 MB), Batch 3
[LIBGPUSPATIAL] [ 22190][18:18:41:796131][info  ] PIP(Used 2272 MB), Batch 5
[LIBGPUSPATIAL] [ 22185][18:18:41:797296][info  ] PIP(Used 2274 MB), Batch 3
[LIBGPUSPATIAL] [ 22187][18:18:41:800398][info  ] PIP(Used 2274 MB), Batch 3
[LIBGPUSPATIAL] [ 22191][18:18:41:800981][info  ] PIP(Used 2278 MB), Batch 4
[LIBGPUSPATIAL] [ 22185][18:18:41:802595][info  ] PIP(Used 2278 MB), Batch 4
[LIBGPUSPATIAL] [ 22188][18:18:41:806416][info  ] PIP(Used 2266 MB), Batch 6
[LIBGPUSPATIAL] [ 22187][18:18:41:806732][info  ] PIP(Used 2278 MB), Batch 4
[LIBGPUSPATIAL] [ 22185][18:18:41:812913][info  ] PIP(Used 2272 MB), Batch 5
[LIBGPUSPATIAL] [ 22188][18:18:41:813363][info  ] PIP(Used 2270 MB), Batch 7
[LIBGPUSPATIAL] [ 22186][18:18:41:814012][info  ] PIP(Used 2266 MB), Batch 6
[LIBGPUSPATIAL] [ 22189][18:18:41:814971][info  ] PIP(Used 2266 MB), Batch 6
[LIBGPUSPATIAL] [ 22190][18:18:41:825058][info  ] PIP(Used 2290 MB), Batch 6
[LIBGPUSPATIAL] [ 22188][18:18:41:825128][info  ] PIP(Used 2275 MB), Batch 8
[LIBGPUSPATIAL] [ 22186][18:18:41:825632][info  ] PIP(Used 2285 MB), Batch 7
[LIBGPUSPATIAL] [ 22191][18:18:41:825707][info  ] PIP(Used 2275 MB), Batch 5
[LIBGPUSPATIAL] [ 22189][18:18:41:826617][info  ] PIP(Used 2270 MB), Batch 7
[LIBGPUSPATIAL] [ 22187][18:18:41:831107][info  ] PIP(Used 2272 MB), Batch 5
[LIBGPUSPATIAL] [ 22190][18:18:41:833807][info  ] PIP(Used 2270 MB), Batch 7
[LIBGPUSPATIAL] [ 22186][18:18:41:834545][info  ] PIP(Used 2275 MB), Batch 8
[LIBGPUSPATIAL] [ 22185][18:18:41:834887][info  ] PIP(Used 2266 MB), Batch 6
[LIBGPUSPATIAL] [ 22188][18:18:41:835171][info  ] PIP(Used 2300 MB), Batch 9
[LIBGPUSPATIAL] [ 22189][18:18:41:835235][info  ] PIP(Used 2286 MB), Batch 8
[LIBGPUSPATIAL] [ 22190][18:18:41:842383][info  ] PIP(Used 2284 MB), Batch 8
[LIBGPUSPATIAL] [ 22186][18:18:41:842493][info  ] PIP(Used 2286 MB), Batch 9
[LIBGPUSPATIAL] [ 22185][18:18:41:843531][info  ] PIP(Used 2270 MB), Batch 7
[LIBGPUSPATIAL] [ 22189][18:18:41:844825][info  ] PIP(Used 2278 MB), Batch 9
[LIBGPUSPATIAL] [ 22190][18:18:41:847090][info  ] PIP(Used 2278 MB), Batch 9
[LIBGPUSPATIAL] [ 22185][18:18:41:848305][info  ] PIP(Used 2274 MB), Batch 8
[LIBGPUSPATIAL] [ 22189][18:18:41:850081][info  ] PIP(Used 2275 MB), Batch 10
[LIBGPUSPATIAL] [ 22185][18:18:41:852303][info  ] PIP(Used 2278 MB), Batch 9
[LIBGPUSPATIAL] [ 22189][18:18:41:854350][info  ] PIP(Used 2278 MB), Batch 11
[LIBGPUSPATIAL] [ 22187][18:18:41:858262][info  ] PIP(Used 2267 MB), Batch 6
[LIBGPUSPATIAL] [ 22191][18:18:41:858379][info  ] PIP(Used 2267 MB), Batch 6
[LIBGPUSPATIAL] [ 22186][18:18:41:868078][info  ] PIP(Used 2310 MB), Batch 10
[LIBGPUSPATIAL] [ 22188][18:18:41:868214][info  ] PIP(Used 2285 MB), Batch 10
[LIBGPUSPATIAL] [ 22185][18:18:41:868383][info  ] PIP(Used 2293 MB), Batch 10
[LIBGPUSPATIAL] [ 22191][18:18:41:868572][info  ] PIP(Used 2278 MB), Batch 7
[LIBGPUSPATIAL] [ 22187][18:18:41:870294][info  ] PIP(Used 2270 MB), Batch 7
[LIBGPUSPATIAL] [ 22190][18:18:41:871818][info  ] PIP(Used 2275 MB), Batch 10
[LIBGPUSPATIAL] [ 22185][18:18:41:873725][info  ] PIP(Used 2278 MB), Batch 11
[LIBGPUSPATIAL] [ 22186][18:18:41:874328][info  ] PIP(Used 2278 MB), Batch 11
[LIBGPUSPATIAL] [ 22191][18:18:41:874995][info  ] PIP(Used 2274 MB), Batch 8
[LIBGPUSPATIAL] [ 22189][18:18:41:875501][info  ] PIP(Used 2275 MB), Batch 12
[LIBGPUSPATIAL] [ 22187][18:18:41:877289][info  ] PIP(Used 2274 MB), Batch 8
[LIBGPUSPATIAL] [ 22190][18:18:41:879469][info  ] PIP(Used 2288 MB), Batch 11
[LIBGPUSPATIAL] [ 22188][18:18:41:879588][info  ] PIP(Used 2290 MB), Batch 11
[LIBGPUSPATIAL] [ 22185][18:18:41:879913][info  ] PIP(Used 2275 MB), Batch 12
[LIBGPUSPATIAL] [ 22186][18:18:41:880513][info  ] PIP(Used 2275 MB), Batch 12
[LIBGPUSPATIAL] [ 22191][18:18:41:881570][info  ] PIP(Used 2278 MB), Batch 9
[LIBGPUSPATIAL] [ 22189][18:18:41:883343][info  ] PIP(Used 2276 MB), Batch 13
[LIBGPUSPATIAL] [ 22187][18:18:41:883983][info  ] PIP(Used 2277 MB), Batch 9
[LIBGPUSPATIAL] [ 22190][18:18:41:885138][info  ] PIP(Used 2274 MB), Batch 12
[LIBGPUSPATIAL] [ 22185][18:18:41:886607][info  ] PIP(Used 2275 MB), Batch 13
[LIBGPUSPATIAL] [ 22188][18:18:41:886924][info  ] PIP(Used 2274 MB), Batch 12
[LIBGPUSPATIAL] [ 22186][18:18:41:887680][info  ] PIP(Used 2281 MB), Batch 13
[LIBGPUSPATIAL] [ 22190][18:18:41:891227][info  ] PIP(Used 2233 MB), Batch 13
[LIBGPUSPATIAL] [ 22191][18:18:41:891406][info  ] PIP(Used 2242 MB), Batch 10
[LIBGPUSPATIAL] [ 22187][18:18:41:894616][info  ] PIP(Used 2175 MB), Batch 10
[LIBGPUSPATIAL] [ 22188][18:18:41:895317][info  ] PIP(Used 2115 MB), Batch 13
[LIBGPUSPATIAL] [ 22191][18:18:41:897032][info  ] PIP(Used 2118 MB), Batch 11
[LIBGPUSPATIAL] [ 22187][18:18:41:898494][info  ] PIP(Used 2108 MB), Batch 11
[LIBGPUSPATIAL] [ 22191][18:18:41:901122][info  ] PIP(Used 2063 MB), Batch 12
[LIBGPUSPATIAL] [ 22187][18:18:41:901800][info  ] PIP(Used 2062 MB), Batch 12
[LIBGPUSPATIAL] [ 22191][18:18:41:905152][info  ] PIP(Used 2064 MB), Batch 13
[LIBGPUSPATIAL] [ 22187][18:18:41:905822][info  ] PIP(Used 2063 MB), Batch 13
[LIBGPUSPATIAL] [ 22184][18:18:42:180280][info  ] RTSpatialIndex 0x7b8f4c00a800 (Used 1980 MB), Allocate result buffer, memory consumption 12 MB, capacity 1647602
[LIBGPUSPATIAL] [ 22184][18:18:42:184950][info  ] RTSpatialIndex 0x7b8f4c00a800 (Used 1992 MB), Probe Points, Size: 1333333, Results: 1647602
[LIBGPUSPATIAL] [ 22184][18:18:42:227322][info  ] RTSpatialRefiner 0x7b8f4fd29860 (Used 2005 MB), Loaded Geometries, ProbeArray 1333333, Loaded 840413, Type Point
[LIBGPUSPATIAL] [ 22184][18:18:42:228068][info  ] RTSpatialRefiner 0x7b8f4fd29860 (Used 2011 MB), Evaluating 1647602 Geometry Pairs with Predicate Contains
[LIBGPUSPATIAL] [ 22184][18:18:42:228807][info  ] Unique multi-polygons 27940, memory quota 23 MB, estimated BVH size 305 MB, n_batches 13
[LIBGPUSPATIAL] [ 22184][18:18:42:229408][info  ] PIP(Used 2024 MB), Batch 0
[LIBGPUSPATIAL] [ 22184][18:18:42:233261][info  ] PIP(Used 2016 MB), Batch 1
[LIBGPUSPATIAL] [ 22184][18:18:42:235336][info  ] PIP(Used 2022 MB), Batch 2
[LIBGPUSPATIAL] [ 22184][18:18:42:240703][info  ] PIP(Used 2021 MB), Batch 3
[LIBGPUSPATIAL] [ 22184][18:18:42:246137][info  ] PIP(Used 2023 MB), Batch 4
[LIBGPUSPATIAL] [ 22184][18:18:42:250073][info  ] PIP(Used 2015 MB), Batch 5
[LIBGPUSPATIAL] [ 22184][18:18:42:269121][info  ] PIP(Used 2013 MB), Batch 6
[LIBGPUSPATIAL] [ 22184][18:18:42:273291][info  ] PIP(Used 2018 MB), Batch 7
[LIBGPUSPATIAL] [ 22184][18:18:42:277946][info  ] PIP(Used 2022 MB), Batch 8
[LIBGPUSPATIAL] [ 22184][18:18:42:281092][info  ] PIP(Used 2023 MB), Batch 9
[LIBGPUSPATIAL] [ 22184][18:18:42:285585][info  ] PIP(Used 2023 MB), Batch 10
[LIBGPUSPATIAL] [ 22184][18:18:42:290185][info  ] PIP(Used 2022 MB), Batch 11
[LIBGPUSPATIAL] [ 22184][18:18:42:294039][info  ] PIP(Used 2023 MB), Batch 12
[LIBGPUSPATIAL] [ 22190][18:18:42:353735][info  ] RTSpatialIndex 0x7b8f4c00a800 (Used 1980 MB), Allocate result buffer, memory consumption 12 MB, capacity 1641655
[LIBGPUSPATIAL] [ 22190][18:18:42:358431][info  ] RTSpatialIndex 0x7b8f4c00a800 (Used 1992 MB), Probe Points, Size: 1333333, Results: 1641655
[LIBGPUSPATIAL] [ 22187][18:18:42:369139][info  ] RTSpatialIndex 0x7b8f4c00a800 (Used 1998 MB), Allocate result buffer, memory consumption 12 MB, capacity 1648251
[LIBGPUSPATIAL] [ 22187][18:18:42:375690][info  ] RTSpatialIndex 0x7b8f4c00a800 (Used 2028 MB), Probe Points, Size: 1333333, Results: 1648251
[LIBGPUSPATIAL] [ 22191][18:18:42:382370][info  ] RTSpatialIndex 0x7b8f4c00a800 (Used 2015 MB), Allocate result buffer, memory consumption 12 MB, capacity 1646116
[LIBGPUSPATIAL] [ 22191][18:18:42:390350][info  ] RTSpatialIndex 0x7b8f4c00a800 (Used 2050 MB), Probe Points, Size: 1333333, Results: 1646116
[LIBGPUSPATIAL] [ 22185][18:18:42:391340][info  ] RTSpatialIndex 0x7b8f4c00a800 (Used 2028 MB), Allocate result buffer, memory consumption 12 MB, capacity 1646504
[LIBGPUSPATIAL] [ 22190][18:18:42:395787][info  ] RTSpatialRefiner 0x7b8f4fd29860 (Used 2067 MB), Loaded Geometries, ProbeArray 1333333, Loaded 838064, Type Point
[LIBGPUSPATIAL] [ 22185][18:18:42:401073][info  ] RTSpatialIndex 0x7b8f4c00a800 (Used 2100 MB), Probe Points, Size: 1333333, Results: 1646504
[LIBGPUSPATIAL] [ 22190][18:18:42:404076][info  ] RTSpatialRefiner 0x7b8f4fd29860 (Used 2090 MB), Evaluating 1641655 Geometry Pairs with Predicate Contains
[LIBGPUSPATIAL] [ 22186][18:18:42:404394][info  ] RTSpatialIndex 0x7b8f4c00a800 (Used 2077 MB), Allocate result buffer, memory consumption 12 MB, capacity 1648005
[LIBGPUSPATIAL] [ 22190][18:18:42:410869][info  ] Unique multi-polygons 28017, memory quota 23 MB, estimated BVH size 306 MB, n_batches 14
[LIBGPUSPATIAL] [ 22186][18:18:42:412267][info  ] RTSpatialIndex 0x7b8f4c00a800 (Used 2152 MB), Probe Points, Size: 1333333, Results: 1648005
[LIBGPUSPATIAL] [ 22189][18:18:42:413957][info  ] RTSpatialIndex 0x7b8f4c00a800 (Used 2142 MB), Allocate result buffer, memory consumption 12 MB, capacity 1646166
[LIBGPUSPATIAL] [ 22190][18:18:42:414791][info  ] PIP(Used 2127 MB), Batch 0
[LIBGPUSPATIAL] [ 22187][18:18:42:417054][info  ] RTSpatialRefiner 0x7b8f4fd29860 (Used 2129 MB), Loaded Geometries, ProbeArray 1333333, Loaded 840587, Type Point
[LIBGPUSPATIAL] [ 22187][18:18:42:417813][info  ] RTSpatialRefiner 0x7b8f4fd29860 (Used 2150 MB), Evaluating 1648251 Geometry Pairs with Predicate Contains
[LIBGPUSPATIAL] [ 22188][18:18:42:418057][info  ] RTSpatialIndex 0x7b8f4c00a800 (Used 2156 MB), Allocate result buffer, memory consumption 12 MB, capacity 1645557
[LIBGPUSPATIAL] [ 22187][18:18:42:418688][info  ] Unique multi-polygons 27851, memory quota 23 MB, estimated BVH size 304 MB, n_batches 14
[LIBGPUSPATIAL] [ 22187][18:18:42:421100][info  ] PIP(Used 2187 MB), Batch 0
[LIBGPUSPATIAL] [ 22189][18:18:42:423936][info  ] RTSpatialIndex 0x7b8f4c00a800 (Used 2178 MB), Probe Points, Size: 1333333, Results: 1646166
[LIBGPUSPATIAL] [ 22190][18:18:42:424066][info  ] PIP(Used 2156 MB), Batch 1
[LIBGPUSPATIAL] [ 22187][18:18:42:426088][info  ] PIP(Used 2153 MB), Batch 1
[LIBGPUSPATIAL] [ 22188][18:18:42:431141][info  ] RTSpatialIndex 0x7b8f4c00a800 (Used 2264 MB), Probe Points, Size: 1333333, Results: 1645557
[LIBGPUSPATIAL] [ 22187][18:18:42:433030][info  ] PIP(Used 2222 MB), Batch 2
[LIBGPUSPATIAL] [ 22190][18:18:42:433250][info  ] PIP(Used 2202 MB), Batch 2
[LIBGPUSPATIAL] [ 22191][18:18:42:441210][info  ] RTSpatialRefiner 0x7b8f4fd29860 (Used 2221 MB), Loaded Geometries, ProbeArray 1333333, Loaded 839804, Type Point
[LIBGPUSPATIAL] [ 22191][18:18:42:446108][info  ] RTSpatialRefiner 0x7b8f4fd29860 (Used 2238 MB), Evaluating 1646116 Geometry Pairs with Predicate Contains
[LIBGPUSPATIAL] [ 22191][18:18:42:446942][info  ] Unique multi-polygons 27682, memory quota 23 MB, estimated BVH size 304 MB, n_batches 14
[LIBGPUSPATIAL] [ 22190][18:18:42:447050][info  ] PIP(Used 2224 MB), Batch 3
[LIBGPUSPATIAL] [ 22185][18:18:42:447802][info  ] RTSpatialRefiner 0x7b8f4fd29860 (Used 2265 MB), Loaded Geometries, ProbeArray 1333333, Loaded 839426, Type Point
[LIBGPUSPATIAL] [ 22185][18:18:42:448495][info  ] RTSpatialRefiner 0x7b8f4fd29860 (Used 2261 MB), Evaluating 1646504 Geometry Pairs with Predicate Contains
[LIBGPUSPATIAL] [ 22191][18:18:42:448580][info  ] PIP(Used 2253 MB), Batch 0
[LIBGPUSPATIAL] [ 22185][18:18:42:450566][info  ] Unique multi-polygons 27627, memory quota 23 MB, estimated BVH size 303 MB, n_batches 13
[LIBGPUSPATIAL] [ 22185][18:18:42:451475][info  ] PIP(Used 2261 MB), Batch 0
[LIBGPUSPATIAL] [ 22187][18:18:42:455183][info  ] PIP(Used 2308 MB), Batch 3
[LIBGPUSPATIAL] [ 22191][18:18:42:458968][info  ] PIP(Used 2294 MB), Batch 1
[LIBGPUSPATIAL] [ 22191][18:18:42:461000][info  ] PIP(Used 2302 MB), Batch 2
[LIBGPUSPATIAL] [ 22190][18:18:42:462512][info  ] PIP(Used 2270 MB), Batch 4
[LIBGPUSPATIAL] [ 22186][18:18:42:463288][info  ] RTSpatialRefiner 0x7b8f4fd29860 (Used 2258 MB), Loaded Geometries, ProbeArray 1333333, Loaded 840413, Type Point
[LIBGPUSPATIAL] [ 22186][18:18:42:463860][info  ] RTSpatialRefiner 0x7b8f4fd29860 (Used 2264 MB), Evaluating 1648005 Geometry Pairs with Predicate Contains
[LIBGPUSPATIAL] [ 22185][18:18:42:464333][info  ] PIP(Used 2257 MB), Batch 1
[LIBGPUSPATIAL] [ 22186][18:18:42:464617][info  ] Unique multi-polygons 27907, memory quota 23 MB, estimated BVH size 305 MB, n_batches 14
[LIBGPUSPATIAL] [ 22189][18:18:42:465786][info  ] RTSpatialRefiner 0x7b8f4fd29860 (Used 2344 MB), Loaded Geometries, ProbeArray 1333333, Loaded 840209, Type Point
[LIBGPUSPATIAL] [ 22189][18:18:42:466349][info  ] RTSpatialRefiner 0x7b8f4fd29860 (Used 2350 MB), Evaluating 1646166 Geometry Pairs with Predicate Contains
[LIBGPUSPATIAL] [ 22189][18:18:42:467287][info  ] Unique multi-polygons 27841, memory quota 23 MB, estimated BVH size 305 MB, n_batches 14
[LIBGPUSPATIAL] [ 22186][18:18:42:467999][info  ] PIP(Used 2373 MB), Batch 0
[LIBGPUSPATIAL] [ 22187][18:18:42:469931][info  ] PIP(Used 2380 MB), Batch 4
[LIBGPUSPATIAL] [ 22191][18:18:42:470185][info  ] PIP(Used 2365 MB), Batch 3
[LIBGPUSPATIAL] [ 22188][18:18:42:470259][info  ] RTSpatialRefiner 0x7b8f4fd29860 (Used 2335 MB), Loaded Geometries, ProbeArray 1333333, Loaded 839929, Type Point
[LIBGPUSPATIAL] [ 22190][18:18:42:470273][info  ] PIP(Used 2341 MB), Batch 5
[LIBGPUSPATIAL] [ 22189][18:18:42:470296][info  ] PIP(Used 2341 MB), Batch 0
[LIBGPUSPATIAL] [ 22188][18:18:42:470808][info  ] RTSpatialRefiner 0x7b8f4fd29860 (Used 2341 MB), Evaluating 1645557 Geometry Pairs with Predicate Contains
[LIBGPUSPATIAL] [ 22185][18:18:42:470957][info  ] PIP(Used 2331 MB), Batch 2
[LIBGPUSPATIAL] [ 22188][18:18:42:474302][info  ] Unique multi-polygons 27739, memory quota 23 MB, estimated BVH size 304 MB, n_batches 14
[LIBGPUSPATIAL] [ 22189][18:18:42:474335][info  ] PIP(Used 2277 MB), Batch 1
[LIBGPUSPATIAL] [ 22188][18:18:42:474958][info  ] PIP(Used 2278 MB), Batch 0
[LIBGPUSPATIAL] [ 22186][18:18:42:476086][info  ] PIP(Used 2269 MB), Batch 1
[LIBGPUSPATIAL] [ 22185][18:18:42:478241][info  ] PIP(Used 2277 MB), Batch 3
[LIBGPUSPATIAL] [ 22186][18:18:42:479989][info  ] PIP(Used 2331 MB), Batch 2
[LIBGPUSPATIAL] [ 22187][18:18:42:480054][info  ] PIP(Used 2321 MB), Batch 5
[LIBGPUSPATIAL] [ 22189][18:18:42:481804][info  ] PIP(Used 2286 MB), Batch 2
[LIBGPUSPATIAL] [ 22188][18:18:42:483934][info  ] PIP(Used 2269 MB), Batch 1
[LIBGPUSPATIAL] [ 22191][18:18:42:484324][info  ] PIP(Used 2278 MB), Batch 4
[LIBGPUSPATIAL] [ 22189][18:18:42:486205][info  ] PIP(Used 2279 MB), Batch 3
[LIBGPUSPATIAL] [ 22188][18:18:42:486400][info  ] PIP(Used 2285 MB), Batch 2
[LIBGPUSPATIAL] [ 22185][18:18:42:486663][info  ] PIP(Used 2278 MB), Batch 4
[LIBGPUSPATIAL] [ 22186][18:18:42:490162][info  ] PIP(Used 2274 MB), Batch 3
[LIBGPUSPATIAL] [ 22191][18:18:42:491753][info  ] PIP(Used 2271 MB), Batch 5
[LIBGPUSPATIAL] [ 22189][18:18:42:494508][info  ] PIP(Used 2285 MB), Batch 4
[LIBGPUSPATIAL] [ 22185][18:18:42:494976][info  ] PIP(Used 2276 MB), Batch 5
[LIBGPUSPATIAL] [ 22188][18:18:42:496881][info  ] PIP(Used 2274 MB), Batch 3
[LIBGPUSPATIAL] [ 22186][18:18:42:500397][info  ] PIP(Used 2278 MB), Batch 4
[LIBGPUSPATIAL] [ 22190][18:18:42:503167][info  ] PIP(Used 2299 MB), Batch 6
[LIBGPUSPATIAL] [ 22188][18:18:42:503814][info  ] PIP(Used 2293 MB), Batch 4
[LIBGPUSPATIAL] [ 22189][18:18:42:505318][info  ] PIP(Used 2272 MB), Batch 5
[LIBGPUSPATIAL] [ 22187][18:18:42:505396][info  ] PIP(Used 2266 MB), Batch 6
[LIBGPUSPATIAL] [ 22186][18:18:42:511330][info  ] PIP(Used 2272 MB), Batch 5
[LIBGPUSPATIAL] [ 22190][18:18:42:512938][info  ] PIP(Used 2269 MB), Batch 7
[LIBGPUSPATIAL] [ 22187][18:18:42:514440][info  ] PIP(Used 2270 MB), Batch 7
[LIBGPUSPATIAL] [ 22191][18:18:42:515450][info  ] PIP(Used 2266 MB), Batch 6
[LIBGPUSPATIAL] [ 22188][18:18:42:521126][info  ] PIP(Used 2277 MB), Batch 5
[LIBGPUSPATIAL] [ 22190][18:18:42:521569][info  ] PIP(Used 2286 MB), Batch 8
[LIBGPUSPATIAL] [ 22187][18:18:42:521871][info  ] PIP(Used 2275 MB), Batch 8
[LIBGPUSPATIAL] [ 22185][18:18:42:522425][info  ] PIP(Used 2267 MB), Batch 6
[LIBGPUSPATIAL] [ 22191][18:18:42:522652][info  ] PIP(Used 2270 MB), Batch 7
[LIBGPUSPATIAL] [ 22187][18:18:42:527405][info  ] PIP(Used 2277 MB), Batch 9
[LIBGPUSPATIAL] [ 22190][18:18:42:527656][info  ] PIP(Used 2278 MB), Batch 9
[LIBGPUSPATIAL] [ 22191][18:18:42:529975][info  ] PIP(Used 2275 MB), Batch 8
[LIBGPUSPATIAL] [ 22185][18:18:42:530561][info  ] PIP(Used 2272 MB), Batch 7
[LIBGPUSPATIAL] [ 22187][18:18:42:533659][info  ] PIP(Used 2275 MB), Batch 10
[LIBGPUSPATIAL] [ 22191][18:18:42:533865][info  ] PIP(Used 2286 MB), Batch 9
[LIBGPUSPATIAL] [ 22189][18:18:42:535136][info  ] PIP(Used 2283 MB), Batch 6
[LIBGPUSPATIAL] [ 22185][18:18:42:541051][info  ] PIP(Used 2276 MB), Batch 8
[LIBGPUSPATIAL] [ 22191][18:18:42:541936][info  ] PIP(Used 2275 MB), Batch 10
[LIBGPUSPATIAL] [ 22186][18:18:42:542157][info  ] PIP(Used 2275 MB), Batch 6
[LIBGPUSPATIAL] [ 22187][18:18:42:542666][info  ] PIP(Used 2286 MB), Batch 11
[LIBGPUSPATIAL] [ 22189][18:18:42:543131][info  ] PIP(Used 2278 MB), Batch 7
[LIBGPUSPATIAL] [ 22185][18:18:42:548704][info  ] PIP(Used 2277 MB), Batch 9
[LIBGPUSPATIAL] [ 22191][18:18:42:549889][info  ] PIP(Used 2278 MB), Batch 11
[LIBGPUSPATIAL] [ 22188][18:18:42:550258][info  ] PIP(Used 2276 MB), Batch 6
[LIBGPUSPATIAL] [ 22186][18:18:42:550306][info  ] PIP(Used 2270 MB), Batch 7
[LIBGPUSPATIAL] [ 22187][18:18:42:552229][info  ] PIP(Used 2274 MB), Batch 12
[LIBGPUSPATIAL] [ 22190][18:18:42:552933][info  ] PIP(Used 2275 MB), Batch 10
[LIBGPUSPATIAL] [ 22189][18:18:42:558287][info  ] PIP(Used 2275 MB), Batch 8
[LIBGPUSPATIAL] [ 22185][18:18:42:558590][info  ] PIP(Used 2284 MB), Batch 10
[LIBGPUSPATIAL] [ 22191][18:18:42:558776][info  ] PIP(Used 2274 MB), Batch 12
[LIBGPUSPATIAL] [ 22188][18:18:42:559934][info  ] PIP(Used 2270 MB), Batch 7
[LIBGPUSPATIAL] [ 22186][18:18:42:562862][info  ] PIP(Used 2312 MB), Batch 8
[LIBGPUSPATIAL] [ 22187][18:18:42:562955][info  ] PIP(Used 2318 MB), Batch 13
[LIBGPUSPATIAL] [ 22190][18:18:42:563175][info  ] PIP(Used 2278 MB), Batch 11
[LIBGPUSPATIAL] [ 22189][18:18:42:564771][info  ] PIP(Used 2277 MB), Batch 9
[LIBGPUSPATIAL] [ 22191][18:18:42:566792][info  ] PIP(Used 2282 MB), Batch 13
[LIBGPUSPATIAL] [ 22188][18:18:42:566929][info  ] PIP(Used 2292 MB), Batch 8
[LIBGPUSPATIAL] [ 22185][18:18:42:567108][info  ] PIP(Used 2284 MB), Batch 11
[LIBGPUSPATIAL] [ 22190][18:18:42:567471][info  ] PIP(Used 2274 MB), Batch 12
[LIBGPUSPATIAL] [ 22186][18:18:42:569698][info  ] PIP(Used 2235 MB), Batch 9
[LIBGPUSPATIAL] [ 22188][18:18:42:573104][info  ] PIP(Used 2193 MB), Batch 9
[LIBGPUSPATIAL] [ 22185][18:18:42:573927][info  ] PIP(Used 2199 MB), Batch 12
[LIBGPUSPATIAL] [ 22189][18:18:42:574097][info  ] PIP(Used 2189 MB), Batch 10
[LIBGPUSPATIAL] [ 22190][18:18:42:574701][info  ] PIP(Used 2190 MB), Batch 13
[LIBGPUSPATIAL] [ 22186][18:18:42:575962][info  ] PIP(Used 2189 MB), Batch 10
[LIBGPUSPATIAL] [ 22188][18:18:42:579207][info  ] PIP(Used 2147 MB), Batch 10
[LIBGPUSPATIAL] [ 22189][18:18:42:580700][info  ] PIP(Used 2109 MB), Batch 11
[LIBGPUSPATIAL] [ 22186][18:18:42:582076][info  ] PIP(Used 2108 MB), Batch 11
[LIBGPUSPATIAL] [ 22188][18:18:42:584276][info  ] PIP(Used 2108 MB), Batch 11
[LIBGPUSPATIAL] [ 22189][18:18:42:584604][info  ] PIP(Used 2105 MB), Batch 12
[LIBGPUSPATIAL] [ 22186][18:18:42:586082][info  ] PIP(Used 2105 MB), Batch 12
[LIBGPUSPATIAL] [ 22188][18:18:42:587835][info  ] PIP(Used 2105 MB), Batch 12
[LIBGPUSPATIAL] [ 22189][18:18:42:589473][info  ] PIP(Used 2106 MB), Batch 13
[LIBGPUSPATIAL] [ 22186][18:18:42:590263][info  ] PIP(Used 2106 MB), Batch 13
[LIBGPUSPATIAL] [ 22188][18:18:42:592302][info  ] PIP(Used 2105 MB), Batch 13
[LIBGPUSPATIAL] [ 22184][18:18:42:736685][info  ] RTSpatialIndex 0x7b8f4c00a800 (Used 1980 MB), Allocate result buffer, memory consumption 12 MB, capacity 1646457
[LIBGPUSPATIAL] [ 22184][18:18:42:739154][info  ] RTSpatialIndex 0x7b8f4c00a800 (Used 1992 MB), Probe Points, Size: 1333333, Results: 1646457
[LIBGPUSPATIAL] [ 22184][18:18:42:770780][info  ] RTSpatialRefiner 0x7b8f4fd29860 (Used 2005 MB), Loaded Geometries, ProbeArray 1333333, Loaded 839697, Type Point
[LIBGPUSPATIAL] [ 22184][18:18:42:771358][info  ] RTSpatialRefiner 0x7b8f4fd29860 (Used 2011 MB), Evaluating 1646457 Geometry Pairs with Predicate Contains
[LIBGPUSPATIAL] [ 22184][18:18:42:772078][info  ] Unique multi-polygons 27930, memory quota 23 MB, estimated BVH size 304 MB, n_batches 13
[LIBGPUSPATIAL] [ 22184][18:18:42:772584][info  ] PIP(Used 2024 MB), Batch 0
[LIBGPUSPATIAL] [ 22184][18:18:42:776024][info  ] PIP(Used 2016 MB), Batch 1
[LIBGPUSPATIAL] [ 22184][18:18:42:778403][info  ] PIP(Used 2022 MB), Batch 2
[LIBGPUSPATIAL] [ 22184][18:18:42:783544][info  ] PIP(Used 2022 MB), Batch 3
[LIBGPUSPATIAL] [ 22184][18:18:42:791640][info  ] PIP(Used 2023 MB), Batch 4
[LIBGPUSPATIAL] [ 22184][18:18:42:795517][info  ] PIP(Used 2015 MB), Batch 5
[LIBGPUSPATIAL] [ 22184][18:18:42:816263][info  ] PIP(Used 2013 MB), Batch 6
[LIBGPUSPATIAL] [ 22184][18:18:42:821104][info  ] PIP(Used 2018 MB), Batch 7
[LIBGPUSPATIAL] [ 22184][18:18:42:824476][info  ] PIP(Used 2022 MB), Batch 8
[LIBGPUSPATIAL] [ 22184][18:18:42:827968][info  ] PIP(Used 2023 MB), Batch 9
[LIBGPUSPATIAL] [ 22184][18:18:42:832335][info  ] PIP(Used 2023 MB), Batch 10
[LIBGPUSPATIAL] [ 22184][18:18:42:836881][info  ] PIP(Used 2022 MB), Batch 11
[LIBGPUSPATIAL] [ 22184][18:18:42:841170][info  ] PIP(Used 2023 MB), Batch 12
[LIBGPUSPATIAL] [ 22190][18:18:42:986654][info  ] RTSpatialIndex 0x7b8f4c00a800 (Used 1980 MB), Allocate result buffer, memory consumption 12 MB, capacity 1646862
[LIBGPUSPATIAL] [ 22190][18:18:42:990671][info  ] RTSpatialIndex 0x7b8f4c00a800 (Used 1992 MB), Probe Points, Size: 1333333, Results: 1646862
[LIBGPUSPATIAL] [ 22187][18:18:43:003989][info  ] RTSpatialIndex 0x7b8f4c00a800 (Used 2015 MB), Allocate result buffer, memory consumption 12 MB, capacity 1646753
[LIBGPUSPATIAL] [ 22187][18:18:43:007376][info  ] RTSpatialIndex 0x7b8f4c00a800 (Used 2028 MB), Probe Points, Size: 1333333, Results: 1646753
[LIBGPUSPATIAL] [ 22190][18:18:43:027555][info  ] RTSpatialRefiner 0x7b8f4fd29860 (Used 2041 MB), Loaded Geometries, ProbeArray 1333333, Loaded 839890, Type Point
[LIBGPUSPATIAL] [ 22190][18:18:43:028311][info  ] RTSpatialRefiner 0x7b8f4fd29860 (Used 2047 MB), Evaluating 1646862 Geometry Pairs with Predicate Contains
[LIBGPUSPATIAL] [ 22190][18:18:43:029064][info  ] Unique multi-polygons 27970, memory quota 23 MB, estimated BVH size 307 MB, n_batches 14
[LIBGPUSPATIAL] [ 22190][18:18:43:029587][info  ] PIP(Used 2059 MB), Batch 0
[LIBGPUSPATIAL] [ 22190][18:18:43:037097][info  ] PIP(Used 2051 MB), Batch 1
[LIBGPUSPATIAL] [ 22190][18:18:43:039168][info  ] PIP(Used 2058 MB), Batch 2
[LIBGPUSPATIAL] [ 22190][18:18:43:048835][info  ] PIP(Used 2096 MB), Batch 3
[LIBGPUSPATIAL] [ 22188][18:18:43:049546][info  ] RTSpatialIndex 0x7b8f4c00a800 (Used 2068 MB), Allocate result buffer, memory consumption 12 MB, capacity 1648385
[LIBGPUSPATIAL] [ 22185][18:18:43:052883][info  ] RTSpatialIndex 0x7b8f4c00a800 (Used 2080 MB), Allocate result buffer, memory consumption 12 MB, capacity 1645207
[LIBGPUSPATIAL] [ 22187][18:18:43:056777][info  ] RTSpatialRefiner 0x7b8f4fd29860 (Used 2120 MB), Loaded Geometries, ProbeArray 1333333, Loaded 840101, Type Point
[LIBGPUSPATIAL] [ 22188][18:18:43:058579][info  ] RTSpatialIndex 0x7b8f4c00a800 (Used 2126 MB), Probe Points, Size: 1333333, Results: 1648385
[LIBGPUSPATIAL] [ 22187][18:18:43:059054][info  ] RTSpatialRefiner 0x7b8f4fd29860 (Used 2116 MB), Evaluating 1646753 Geometry Pairs with Predicate Contains
[LIBGPUSPATIAL] [ 22190][18:18:43:059758][info  ] PIP(Used 2088 MB), Batch 4
[LIBGPUSPATIAL] [ 22185][18:18:43:062161][info  ] RTSpatialIndex 0x7b8f4c00a800 (Used 2089 MB), Probe Points, Size: 1333333, Results: 1645207
[LIBGPUSPATIAL] [ 22187][18:18:43:064350][info  ] Unique multi-polygons 28203, memory quota 23 MB, estimated BVH size 307 MB, n_batches 14
[LIBGPUSPATIAL] [ 22187][18:18:43:065172][info  ] PIP(Used 2078 MB), Batch 0
[LIBGPUSPATIAL] [ 22190][18:18:43:067758][info  ] PIP(Used 2078 MB), Batch 5
[LIBGPUSPATIAL] [ 22187][18:18:43:068332][info  ] PIP(Used 2076 MB), Batch 1
[LIBGPUSPATIAL] [ 22187][18:18:43:070737][info  ] PIP(Used 2103 MB), Batch 2
[LIBGPUSPATIAL] [ 22187][18:18:43:075092][info  ] PIP(Used 2117 MB), Batch 3
[LIBGPUSPATIAL] [ 22187][18:18:43:082034][info  ] PIP(Used 2137 MB), Batch 4
[LIBGPUSPATIAL] [ 22187][18:18:43:099169][info  ] PIP(Used 2162 MB), Batch 5
[LIBGPUSPATIAL] [ 22186][18:18:43:101147][info  ] RTSpatialIndex 0x7b8f4c00a800 (Used 2152 MB), Allocate result buffer, memory consumption 12 MB, capacity 1648121
[LIBGPUSPATIAL] [ 22189][18:18:43:102736][info  ] RTSpatialIndex 0x7b8f4c00a800 (Used 2164 MB), Allocate result buffer, memory consumption 12 MB, capacity 1645329
[LIBGPUSPATIAL] [ 22189][18:18:43:105527][info  ] RTSpatialIndex 0x7b8f4c00a800 (Used 2177 MB), Probe Points, Size: 1333333, Results: 1645329
[LIBGPUSPATIAL] [ 22186][18:18:43:108631][info  ] RTSpatialIndex 0x7b8f4c00a800 (Used 2167 MB), Probe Points, Size: 1333333, Results: 1648121
[LIBGPUSPATIAL] [ 22185][18:18:43:108784][info  ] RTSpatialRefiner 0x7b8f4fd29860 (Used 2167 MB), Loaded Geometries, ProbeArray 1333333, Loaded 839661, Type Point
[LIBGPUSPATIAL] [ 22190][18:18:43:116965][info  ] PIP(Used 2144 MB), Batch 6
[LIBGPUSPATIAL] [ 22185][18:18:43:130081][info  ] RTSpatialRefiner 0x7b8f4fd29860 (Used 2165 MB), Evaluating 1645207 Geometry Pairs with Predicate Contains
[LIBGPUSPATIAL] [ 22185][18:18:43:130986][info  ] Unique multi-polygons 27762, memory quota 23 MB, estimated BVH size 304 MB, n_batches 14
[LIBGPUSPATIAL] [ 22188][18:18:43:132955][info  ] RTSpatialRefiner 0x7b8f4fd29860 (Used 2223 MB), Loaded Geometries, ProbeArray 1333333, Loaded 840314, Type Point
[LIBGPUSPATIAL] [ 22187][18:18:43:135460][info  ] PIP(Used 2219 MB), Batch 6
[LIBGPUSPATIAL] [ 22188][18:18:43:140216][info  ] RTSpatialRefiner 0x7b8f4fd29860 (Used 2235 MB), Evaluating 1648385 Geometry Pairs with Predicate Contains
[LIBGPUSPATIAL] [ 22191][18:18:43:144945][info  ] RTSpatialIndex 0x7b8f4c00a800 (Used 2243 MB), Allocate result buffer, memory consumption 12 MB, capacity 1645742
[LIBGPUSPATIAL] [ 22185][18:18:43:144990][info  ] PIP(Used 2238 MB), Batch 0
[LIBGPUSPATIAL] [ 22187][18:18:43:145707][info  ] PIP(Used 2230 MB), Batch 7
[LIBGPUSPATIAL] [ 22190][18:18:43:147053][info  ] PIP(Used 2224 MB), Batch 7
[LIBGPUSPATIAL] [ 22188][18:18:43:147352][info  ] Unique multi-polygons 28147, memory quota 23 MB, estimated BVH size 306 MB, n_batches 14
[LIBGPUSPATIAL] [ 22185][18:18:43:147667][info  ] PIP(Used 2224 MB), Batch 1
[LIBGPUSPATIAL] [ 22188][18:18:43:147942][info  ] PIP(Used 2232 MB), Batch 0
[LIBGPUSPATIAL] [ 22187][18:18:43:156178][info  ] PIP(Used 2304 MB), Batch 8
[LIBGPUSPATIAL] [ 22187][18:18:43:159141][info  ] PIP(Used 2307 MB), Batch 9
[LIBGPUSPATIAL] [ 22191][18:18:43:160133][info  ] RTSpatialIndex 0x7b8f4c00a800 (Used 2296 MB), Probe Points, Size: 1333348, Results: 1645742
[LIBGPUSPATIAL] [ 22189][18:18:43:164613][info  ] RTSpatialRefiner 0x7b8f4fd29860 (Used 2279 MB), Loaded Geometries, ProbeArray 1333333, Loaded 839287, Type Point
[LIBGPUSPATIAL] [ 22190][18:18:43:164754][info  ] PIP(Used 2258 MB), Batch 8
[LIBGPUSPATIAL] [ 22188][18:18:43:164964][info  ] PIP(Used 2253 MB), Batch 1
[LIBGPUSPATIAL] [ 22185][18:18:43:165180][info  ] PIP(Used 2233 MB), Batch 2
[LIBGPUSPATIAL] [ 22187][18:18:43:165644][info  ] PIP(Used 2230 MB), Batch 10
[LIBGPUSPATIAL] [ 22189][18:18:43:168026][info  ] RTSpatialRefiner 0x7b8f4fd29860 (Used 2223 MB), Evaluating 1645329 Geometry Pairs with Predicate Contains
[LIBGPUSPATIAL] [ 22186][18:18:43:169515][info  ] RTSpatialRefiner 0x7b8f4fd29860 (Used 2282 MB), Loaded Geometries, ProbeArray 1333333, Loaded 840308, Type Point
[LIBGPUSPATIAL] [ 22185][18:18:43:169548][info  ] PIP(Used 2288 MB), Batch 3
[LIBGPUSPATIAL] [ 22186][18:18:43:170155][info  ] RTSpatialRefiner 0x7b8f4fd29860 (Used 2313 MB), Evaluating 1648121 Geometry Pairs with Predicate Contains
[LIBGPUSPATIAL] [ 22190][18:18:43:171945][info  ] PIP(Used 2318 MB), Batch 9
[LIBGPUSPATIAL] [ 22188][18:18:43:172392][info  ] PIP(Used 2287 MB), Batch 2
[LIBGPUSPATIAL] [ 22189][18:18:43:172655][info  ] Unique multi-polygons 27625, memory quota 23 MB, estimated BVH size 303 MB, n_batches 14
[LIBGPUSPATIAL] [ 22187][18:18:43:173299][info  ] PIP(Used 2287 MB), Batch 11
[LIBGPUSPATIAL] [ 22189][18:18:43:173510][info  ] PIP(Used 2254 MB), Batch 0
[LIBGPUSPATIAL] [ 22186][18:18:43:175854][info  ] Unique multi-polygons 28005, memory quota 23 MB, estimated BVH size 304 MB, n_batches 14
[LIBGPUSPATIAL] [ 22186][18:18:43:176741][info  ] PIP(Used 2254 MB), Batch 0
[LIBGPUSPATIAL] [ 22188][18:18:43:177126][info  ] PIP(Used 2251 MB), Batch 3
[LIBGPUSPATIAL] [ 22189][18:18:43:177738][info  ] PIP(Used 2246 MB), Batch 1
[LIBGPUSPATIAL] [ 22190][18:18:43:178349][info  ] PIP(Used 2251 MB), Batch 10
[LIBGPUSPATIAL] [ 22187][18:18:43:178883][info  ] PIP(Used 2251 MB), Batch 12
[LIBGPUSPATIAL] [ 22185][18:18:43:179956][info  ] PIP(Used 2254 MB), Batch 4
[LIBGPUSPATIAL] [ 22189][18:18:43:182221][info  ] PIP(Used 2270 MB), Batch 2
[LIBGPUSPATIAL] [ 22186][18:18:43:183340][info  ] PIP(Used 2263 MB), Batch 1
[LIBGPUSPATIAL] [ 22190][18:18:43:184654][info  ] PIP(Used 2272 MB), Batch 11
[LIBGPUSPATIAL] [ 22188][18:18:43:185988][info  ] PIP(Used 2271 MB), Batch 4
[LIBGPUSPATIAL] [ 22186][18:18:43:187292][info  ] PIP(Used 2270 MB), Batch 2
[LIBGPUSPATIAL] [ 22187][18:18:43:188036][info  ] PIP(Used 2269 MB), Batch 13
[LIBGPUSPATIAL] [ 22185][18:18:43:190729][info  ] PIP(Used 2265 MB), Batch 5
[LIBGPUSPATIAL] [ 22190][18:18:43:192829][info  ] PIP(Used 2267 MB), Batch 12
[LIBGPUSPATIAL] [ 22188][18:18:43:193226][info  ] PIP(Used 2273 MB), Batch 5
[LIBGPUSPATIAL] [ 22186][18:18:43:194420][info  ] PIP(Used 2267 MB), Batch 3
[LIBGPUSPATIAL] [ 22189][18:18:43:197535][info  ] PIP(Used 2252 MB), Batch 3
[LIBGPUSPATIAL] [ 22190][18:18:43:197827][info  ] PIP(Used 2227 MB), Batch 13
[LIBGPUSPATIAL] [ 22189][18:18:43:204673][info  ] PIP(Used 2196 MB), Batch 4
[LIBGPUSPATIAL] [ 22191][18:18:43:204680][info  ] RTSpatialRefiner 0x7b8f4fd29860 (Used 2196 MB), Loaded Geometries, ProbeArray 1333348, Loaded 839633, Type Point
[LIBGPUSPATIAL] [ 22191][18:18:43:205350][info  ] RTSpatialRefiner 0x7b8f4fd29860 (Used 2191 MB), Evaluating 1645742 Geometry Pairs with Predicate Contains
[LIBGPUSPATIAL] [ 22186][18:18:43:206661][info  ] PIP(Used 2193 MB), Batch 4
[LIBGPUSPATIAL] [ 22191][18:18:43:206728][info  ] Unique multi-polygons 28150, memory quota 23 MB, estimated BVH size 306 MB, n_batches 14
[LIBGPUSPATIAL] [ 22191][18:18:43:207661][info  ] PIP(Used 2193 MB), Batch 0
[LIBGPUSPATIAL] [ 22191][18:18:43:211193][info  ] PIP(Used 2184 MB), Batch 1
[LIBGPUSPATIAL] [ 22189][18:18:43:212527][info  ] PIP(Used 2187 MB), Batch 5
[LIBGPUSPATIAL] [ 22191][18:18:43:213298][info  ] PIP(Used 2193 MB), Batch 2
[LIBGPUSPATIAL] [ 22186][18:18:43:216428][info  ] PIP(Used 2187 MB), Batch 5
[LIBGPUSPATIAL] [ 22185][18:18:43:217390][info  ] PIP(Used 2181 MB), Batch 6
[LIBGPUSPATIAL] [ 22191][18:18:43:218447][info  ] PIP(Used 2189 MB), Batch 3
[LIBGPUSPATIAL] [ 22188][18:18:43:224148][info  ] PIP(Used 2181 MB), Batch 6
[LIBGPUSPATIAL] [ 22185][18:18:43:225010][info  ] PIP(Used 2185 MB), Batch 7
[LIBGPUSPATIAL] [ 22191][18:18:43:229443][info  ] PIP(Used 2193 MB), Batch 4
[LIBGPUSPATIAL] [ 22188][18:18:43:231319][info  ] PIP(Used 2185 MB), Batch 7
[LIBGPUSPATIAL] [ 22185][18:18:43:232042][info  ] PIP(Used 2189 MB), Batch 8
[LIBGPUSPATIAL] [ 22189][18:18:43:235229][info  ] PIP(Used 2181 MB), Batch 6
[LIBGPUSPATIAL] [ 22188][18:18:43:235954][info  ] PIP(Used 2189 MB), Batch 8
[LIBGPUSPATIAL] [ 22191][18:18:43:236224][info  ] PIP(Used 2187 MB), Batch 5
[LIBGPUSPATIAL] [ 22185][18:18:43:238478][info  ] PIP(Used 2193 MB), Batch 9
[LIBGPUSPATIAL] [ 22186][18:18:43:241613][info  ] PIP(Used 2181 MB), Batch 6
[LIBGPUSPATIAL] [ 22189][18:18:43:242463][info  ] PIP(Used 2185 MB), Batch 7
[LIBGPUSPATIAL] [ 22188][18:18:43:248028][info  ] PIP(Used 2193 MB), Batch 9
[LIBGPUSPATIAL] [ 22186][18:18:43:249582][info  ] PIP(Used 2185 MB), Batch 7
[LIBGPUSPATIAL] [ 22189][18:18:43:251560][info  ] PIP(Used 2189 MB), Batch 8
[LIBGPUSPATIAL] [ 22185][18:18:43:252397][info  ] PIP(Used 2190 MB), Batch 10
[LIBGPUSPATIAL] [ 22186][18:18:43:254028][info  ] PIP(Used 2190 MB), Batch 8
[LIBGPUSPATIAL] [ 22189][18:18:43:256071][info  ] PIP(Used 2193 MB), Batch 9
[LIBGPUSPATIAL] [ 22185][18:18:43:257288][info  ] PIP(Used 2193 MB), Batch 11
[LIBGPUSPATIAL] [ 22186][18:18:43:258542][info  ] PIP(Used 2192 MB), Batch 9
[LIBGPUSPATIAL] [ 22189][18:18:43:260995][info  ] PIP(Used 2190 MB), Batch 10
[LIBGPUSPATIAL] [ 22185][18:18:43:262327][info  ] PIP(Used 2189 MB), Batch 12
[LIBGPUSPATIAL] [ 22186][18:18:43:263505][info  ] PIP(Used 2190 MB), Batch 10
[LIBGPUSPATIAL] [ 22191][18:18:43:264728][info  ] PIP(Used 2181 MB), Batch 6
[LIBGPUSPATIAL] [ 22189][18:18:43:266204][info  ] PIP(Used 2193 MB), Batch 11
[LIBGPUSPATIAL] [ 22188][18:18:43:270171][info  ] PIP(Used 2203 MB), Batch 10
[LIBGPUSPATIAL] [ 22185][18:18:43:270792][info  ] PIP(Used 2204 MB), Batch 13
[LIBGPUSPATIAL] [ 22191][18:18:43:273893][info  ] PIP(Used 2203 MB), Batch 7
[LIBGPUSPATIAL] [ 22186][18:18:43:273900][info  ] PIP(Used 2203 MB), Batch 11
[LIBGPUSPATIAL] [ 22189][18:18:43:273996][info  ] PIP(Used 2204 MB), Batch 12
[LIBGPUSPATIAL] [ 22186][18:18:43:276157][info  ] PIP(Used 2151 MB), Batch 12
[LIBGPUSPATIAL] [ 22188][18:18:43:276962][info  ] PIP(Used 2154 MB), Batch 11
[LIBGPUSPATIAL] [ 22189][18:18:43:278691][info  ] PIP(Used 2160 MB), Batch 13
[LIBGPUSPATIAL] [ 22188][18:18:43:281408][info  ] PIP(Used 2170 MB), Batch 12
[LIBGPUSPATIAL] [ 22191][18:18:43:281576][info  ] PIP(Used 2155 MB), Batch 8
[LIBGPUSPATIAL] [ 22186][18:18:43:281819][info  ] PIP(Used 2165 MB), Batch 13
[LIBGPUSPATIAL] [ 22191][18:18:43:287112][info  ] PIP(Used 2066 MB), Batch 9
[LIBGPUSPATIAL] [ 22188][18:18:43:287342][info  ] PIP(Used 2075 MB), Batch 13
[LIBGPUSPATIAL] [ 22191][18:18:43:292407][info  ] PIP(Used 2020 MB), Batch 10
[LIBGPUSPATIAL] [ 22191][18:18:43:296798][info  ] PIP(Used 2024 MB), Batch 11
[LIBGPUSPATIAL] [ 22191][18:18:43:302800][info  ] PIP(Used 2020 MB), Batch 12
[LIBGPUSPATIAL] [ 22191][18:18:43:309586][info  ] PIP(Used 2022 MB), Batch 13
[LIBGPUSPATIAL] [ 22184][18:18:43:340370][info  ] RTSpatialIndex 0x7b8f4c00a800 (Used 1980 MB), Allocate result buffer, memory consumption 12 MB, capacity 1647709
[LIBGPUSPATIAL] [ 22184][18:18:43:343339][info  ] RTSpatialIndex 0x7b8f4c00a800 (Used 1992 MB), Probe Points, Size: 1333333, Results: 1647709
[LIBGPUSPATIAL] [ 22184][18:18:43:380544][info  ] RTSpatialRefiner 0x7b8f4fd29860 (Used 2005 MB), Loaded Geometries, ProbeArray 1333333, Loaded 839838, Type Point
[LIBGPUSPATIAL] [ 22184][18:18:43:381232][info  ] RTSpatialRefiner 0x7b8f4fd29860 (Used 2011 MB), Evaluating 1647709 Geometry Pairs with Predicate Contains
[LIBGPUSPATIAL] [ 22184][18:18:43:382002][info  ] Unique multi-polygons 27796, memory quota 23 MB, estimated BVH size 304 MB, n_batches 13
[LIBGPUSPATIAL] [ 22184][18:18:43:382558][info  ] PIP(Used 2024 MB), Batch 0
[LIBGPUSPATIAL] [ 22184][18:18:43:387331][info  ] PIP(Used 2016 MB), Batch 1
[LIBGPUSPATIAL] [ 22184][18:18:43:389727][info  ] PIP(Used 2022 MB), Batch 2
[LIBGPUSPATIAL] [ 22184][18:18:43:395603][info  ] PIP(Used 2022 MB), Batch 3
[LIBGPUSPATIAL] [ 22184][18:18:43:403556][info  ] PIP(Used 2023 MB), Batch 4
[LIBGPUSPATIAL] [ 22184][18:18:43:410688][info  ] PIP(Used 2015 MB), Batch 5
[LIBGPUSPATIAL] [ 22184][18:18:43:431746][info  ] PIP(Used 2013 MB), Batch 6
[LIBGPUSPATIAL] [ 22184][18:18:43:443492][info  ] PIP(Used 2018 MB), Batch 7
[LIBGPUSPATIAL] [ 22184][18:18:43:446507][info  ] PIP(Used 2022 MB), Batch 8
[LIBGPUSPATIAL] [ 22184][18:18:43:454578][info  ] PIP(Used 2023 MB), Batch 9
[LIBGPUSPATIAL] [ 22184][18:18:43:465586][info  ] PIP(Used 2023 MB), Batch 10
[LIBGPUSPATIAL] [ 22184][18:18:43:473206][info  ] PIP(Used 2022 MB), Batch 11
[LIBGPUSPATIAL] [ 22184][18:18:43:476682][info  ] PIP(Used 2023 MB), Batch 12
[LIBGPUSPATIAL] [ 22187][18:18:43:732658][info  ] RTSpatialIndex 0x7b8f4c00a800 (Used 1980 MB), Allocate result buffer, memory consumption 12 MB, capacity 1645749
[LIBGPUSPATIAL] [ 22187][18:18:43:735635][info  ] RTSpatialIndex 0x7b8f4c00a800 (Used 1992 MB), Probe Points, Size: 1333333, Results: 1645749
[LIBGPUSPATIAL] [ 22187][18:18:43:775480][info  ] RTSpatialRefiner 0x7b8f4fd29860 (Used 2005 MB), Loaded Geometries, ProbeArray 1333333, Loaded 839308, Type Point
[LIBGPUSPATIAL] [ 22187][18:18:43:776054][info  ] RTSpatialRefiner 0x7b8f4fd29860 (Used 2011 MB), Evaluating 1645749 Geometry Pairs with Predicate Contains
[LIBGPUSPATIAL] [ 22187][18:18:43:776764][info  ] Unique multi-polygons 27726, memory quota 23 MB, estimated BVH size 303 MB, n_batches 13
[LIBGPUSPATIAL] [ 22187][18:18:43:777274][info  ] PIP(Used 2023 MB), Batch 0
[LIBGPUSPATIAL] [ 22187][18:18:43:781918][info  ] PIP(Used 2016 MB), Batch 1
[LIBGPUSPATIAL] [ 22187][18:18:43:784758][info  ] PIP(Used 2022 MB), Batch 2
[LIBGPUSPATIAL] [ 22187][18:18:43:789775][info  ] PIP(Used 2022 MB), Batch 3
[LIBGPUSPATIAL] [ 22187][18:18:43:799548][info  ] PIP(Used 2024 MB), Batch 4
[LIBGPUSPATIAL] [ 22187][18:18:43:807288][info  ] PIP(Used 2015 MB), Batch 5
[LIBGPUSPATIAL] [ 22187][18:18:43:830666][info  ] PIP(Used 2013 MB), Batch 6
[LIBGPUSPATIAL] [ 22187][18:18:43:835120][info  ] PIP(Used 2018 MB), Batch 7
[LIBGPUSPATIAL] [ 22187][18:18:43:838292][info  ] PIP(Used 2022 MB), Batch 8
[LIBGPUSPATIAL] [ 22187][18:18:43:840977][info  ] PIP(Used 2023 MB), Batch 9
[LIBGPUSPATIAL] [ 22187][18:18:43:846560][info  ] PIP(Used 2023 MB), Batch 10
[LIBGPUSPATIAL] [ 22187][18:18:43:851675][info  ] PIP(Used 2022 MB), Batch 11
[LIBGPUSPATIAL] [ 22187][18:18:43:854979][info  ] PIP(Used 2023 MB), Batch 12
[LIBGPUSPATIAL] [ 22190][18:18:43:986379][info  ] RTSpatialIndex 0x7b8f4c00a800 (Used 1990 MB), Allocate result buffer, memory consumption 12 MB, capacity 1647960
[LIBGPUSPATIAL] [ 22186][18:18:43:986650][info  ] RTSpatialIndex 0x7b8f4c00a800 (Used 2002 MB), Allocate result buffer, memory consumption 12 MB, capacity 1649333
[LIBGPUSPATIAL] [ 22190][18:18:43:992464][info  ] RTSpatialIndex 0x7b8f4c00a800 (Used 2056 MB), Probe Points, Size: 1333333, Results: 1647960
[LIBGPUSPATIAL] [ 22186][18:18:43:993063][info  ] RTSpatialIndex 0x7b8f4c00a800 (Used 2045 MB), Probe Points, Size: 1333333, Results: 1649333
[LIBGPUSPATIAL] [ 22189][18:18:43:999451][info  ] RTSpatialIndex 0x7b8f4c00a800 (Used 2029 MB), Allocate result buffer, memory consumption 12 MB, capacity 1645024
[LIBGPUSPATIAL] [ 22189][18:18:44:001817][info  ] RTSpatialIndex 0x7b8f4c00a800 (Used 2042 MB), Probe Points, Size: 1333333, Results: 1645024
[LIBGPUSPATIAL] [ 22185][18:18:44:014437][info  ] RTSpatialIndex 0x7b8f4c00a800 (Used 2030 MB), Allocate result buffer, memory consumption 12 MB, capacity 1648837
[LIBGPUSPATIAL] [ 22185][18:18:44:017347][info  ] RTSpatialIndex 0x7b8f4c00a800 (Used 2042 MB), Probe Points, Size: 1333333, Results: 1648837
[LIBGPUSPATIAL] [ 22186][18:18:44:040753][info  ] RTSpatialRefiner 0x7b8f4fd29860 (Used 2095 MB), Loaded Geometries, ProbeArray 1333333, Loaded 840768, Type Point
[LIBGPUSPATIAL] [ 22186][18:18:44:041826][info  ] RTSpatialRefiner 0x7b8f4fd29860 (Used 2102 MB), Evaluating 1649333 Geometry Pairs with Predicate Contains
[LIBGPUSPATIAL] [ 22186][18:18:44:042617][info  ] Unique multi-polygons 27774, memory quota 23 MB, estimated BVH size 305 MB, n_batches 13
[LIBGPUSPATIAL] [ 22186][18:18:44:044326][info  ] PIP(Used 2131 MB), Batch 0
[LIBGPUSPATIAL] [ 22186][18:18:44:047813][info  ] PIP(Used 2123 MB), Batch 1
[LIBGPUSPATIAL] [ 22186][18:18:44:059724][info  ] PIP(Used 2129 MB), Batch 2
[LIBGPUSPATIAL] [ 22190][18:18:44:072434][info  ] RTSpatialRefiner 0x7b8f4fd29860 (Used 2119 MB), Loaded Geometries, ProbeArray 1333333, Loaded 840128, Type Point
[LIBGPUSPATIAL] [ 22190][18:18:44:073221][info  ] RTSpatialRefiner 0x7b8f4fd29860 (Used 2125 MB), Evaluating 1647960 Geometry Pairs with Predicate Contains
[LIBGPUSPATIAL] [ 22190][18:18:44:074021][info  ] Unique multi-polygons 27836, memory quota 23 MB, estimated BVH size 305 MB, n_batches 14
[LIBGPUSPATIAL] [ 22186][18:18:44:083504][info  ] PIP(Used 2135 MB), Batch 3
[LIBGPUSPATIAL] [ 22190][18:18:44:084340][info  ] PIP(Used 2137 MB), Batch 0
[LIBGPUSPATIAL] [ 22190][18:18:44:088783][info  ] PIP(Used 2139 MB), Batch 1
[LIBGPUSPATIAL] [ 22189][18:18:44:088783][info  ] RTSpatialRefiner 0x7b8f4fd29860 (Used 2139 MB), Loaded Geometries, ProbeArray 1333333, Loaded 838838, Type Point
[LIBGPUSPATIAL] [ 22189][18:18:44:089596][info  ] RTSpatialRefiner 0x7b8f4fd29860 (Used 2178 MB), Evaluating 1645024 Geometry Pairs with Predicate Contains
[LIBGPUSPATIAL] [ 22189][18:18:44:090461][info  ] Unique multi-polygons 27870, memory quota 23 MB, estimated BVH size 306 MB, n_batches 14
[LIBGPUSPATIAL] [ 22191][18:18:44:092561][info  ] RTSpatialIndex 0x7b8f4c00a800 (Used 2208 MB), Allocate result buffer, memory consumption 12 MB, capacity 1645498
[LIBGPUSPATIAL] [ 22191][18:18:44:098177][info  ] RTSpatialIndex 0x7b8f4c00a800 (Used 2210 MB), Probe Points, Size: 1333333, Results: 1645498
[LIBGPUSPATIAL] [ 22190][18:18:44:092916][info  ] PIP(Used 2219 MB), Batch 2
[LIBGPUSPATIAL] [ 22189][18:18:44:093059][info  ] PIP(Used 2198 MB), Batch 0
[LIBGPUSPATIAL] [ 22186][18:18:44:093099][info  ] PIP(Used 2177 MB), Batch 4
[LIBGPUSPATIAL] [ 22185][18:18:44:095249][info  ] RTSpatialRefiner 0x7b8f4fd29860 (Used 2177 MB), Loaded Geometries, ProbeArray 1333333, Loaded 841005, Type Point
[LIBGPUSPATIAL] [ 22189][18:18:44:100526][info  ] PIP(Used 2191 MB), Batch 1
[LIBGPUSPATIAL] [ 22185][18:18:44:101256][info  ] RTSpatialRefiner 0x7b8f4fd29860 (Used 2204 MB), Evaluating 1648837 Geometry Pairs with Predicate Contains
[LIBGPUSPATIAL] [ 22185][18:18:44:102641][info  ] Unique multi-polygons 27902, memory quota 23 MB, estimated BVH size 304 MB, n_batches 14
[LIBGPUSPATIAL] [ 22184][18:18:44:104674][info  ] RTSpatialIndex 0x7b8f4c00a800 (Used 2222 MB), Allocate result buffer, memory consumption 12 MB, capacity 1647674
[LIBGPUSPATIAL] [ 22185][18:18:44:107476][info  ] PIP(Used 2197 MB), Batch 0
[LIBGPUSPATIAL] [ 22189][18:18:44:114740][info  ] PIP(Used 2248 MB), Batch 2
[LIBGPUSPATIAL] [ 22190][18:18:44:115025][info  ] PIP(Used 2223 MB), Batch 3
[LIBGPUSPATIAL] [ 22189][18:18:44:118440][info  ] PIP(Used 2223 MB), Batch 3
[LIBGPUSPATIAL] [ 22185][18:18:44:118950][info  ] PIP(Used 2209 MB), Batch 1
[LIBGPUSPATIAL] [ 22185][18:18:44:120971][info  ] PIP(Used 2217 MB), Batch 2
[LIBGPUSPATIAL] [ 22186][18:18:44:125204][info  ] PIP(Used 2200 MB), Batch 5
[LIBGPUSPATIAL] [ 22185][18:18:44:127109][info  ] PIP(Used 2238 MB), Batch 3
[LIBGPUSPATIAL] [ 22189][18:18:44:129356][info  ] PIP(Used 2242 MB), Batch 4
[LIBGPUSPATIAL] [ 22184][18:18:44:131969][info  ] RTSpatialIndex 0x7b8f4c00a800 (Used 2231 MB), Probe Points, Size: 1333333, Results: 1647674
[LIBGPUSPATIAL] [ 22190][18:18:44:133933][info  ] PIP(Used 2187 MB), Batch 4
[LIBGPUSPATIAL] [ 22191][18:18:44:149748][info  ] RTSpatialRefiner 0x7b8f4fd29860 (Used 2243 MB), Loaded Geometries, ProbeArray 1333333, Loaded 839691, Type Point
[LIBGPUSPATIAL] [ 22191][18:18:44:150311][info  ] RTSpatialRefiner 0x7b8f4fd29860 (Used 2270 MB), Evaluating 1645498 Geometry Pairs with Predicate Contains
[LIBGPUSPATIAL] [ 22189][18:18:44:150484][info  ] PIP(Used 2273 MB), Batch 5
[LIBGPUSPATIAL] [ 22186][18:18:44:150578][info  ] PIP(Used 2265 MB), Batch 6
[LIBGPUSPATIAL] [ 22191][18:18:44:154449][info  ] Unique multi-polygons 27910, memory quota 23 MB, estimated BVH size 305 MB, n_batches 14
[LIBGPUSPATIAL] [ 22190][18:18:44:154968][info  ] PIP(Used 2282 MB), Batch 5
[LIBGPUSPATIAL] [ 22188][18:18:44:176962][info  ] RTSpatialIndex 0x7b8f4c00a800 (Used 2290 MB), Allocate result buffer, memory consumption 12 MB, capacity 1644146
[LIBGPUSPATIAL] [ 22185][18:18:44:176984][info  ] PIP(Used 2290 MB), Batch 4
[LIBGPUSPATIAL] [ 22191][18:18:44:177243][info  ] PIP(Used 2281 MB), Batch 0
[LIBGPUSPATIAL] [ 22189][18:18:44:177280][info  ] PIP(Used 2281 MB), Batch 6
[LIBGPUSPATIAL] [ 22184][18:18:44:195522][info  ] RTSpatialRefiner 0x7b8f4fd29860 (Used 2281 MB), Loaded Geometries, ProbeArray 1333333, Loaded 840257, Type Point
[LIBGPUSPATIAL] [ 22186][18:18:44:195679][info  ] PIP(Used 2276 MB), Batch 7
[LIBGPUSPATIAL] [ 22188][18:18:44:195786][info  ] RTSpatialIndex 0x7b8f4c00a800 (Used 2276 MB), Probe Points, Size: 1333333, Results: 1644146
[LIBGPUSPATIAL] [ 22184][18:18:44:196203][info  ] RTSpatialRefiner 0x7b8f4fd29860 (Used 2266 MB), Evaluating 1647674 Geometry Pairs with Predicate Contains
[LIBGPUSPATIAL] [ 22191][18:18:44:196793][info  ] PIP(Used 2254 MB), Batch 1
[LIBGPUSPATIAL] [ 22185][18:18:44:197200][info  ] PIP(Used 2242 MB), Batch 5
[LIBGPUSPATIAL] [ 22190][18:18:44:198572][info  ] PIP(Used 2236 MB), Batch 6
[LIBGPUSPATIAL] [ 22186][18:18:44:203138][info  ] PIP(Used 2252 MB), Batch 8
[LIBGPUSPATIAL] [ 22189][18:18:44:206160][info  ] PIP(Used 2240 MB), Batch 7
[LIBGPUSPATIAL] [ 22184][18:18:44:206626][info  ] Unique multi-polygons 27834, memory quota 23 MB, estimated BVH size 305 MB, n_batches 14
[LIBGPUSPATIAL] [ 22191][18:18:44:207142][info  ] PIP(Used 2247 MB), Batch 2
[LIBGPUSPATIAL] [ 22184][18:18:44:208279][info  ] PIP(Used 2264 MB), Batch 0
[LIBGPUSPATIAL] [ 22190][18:18:44:208401][info  ] PIP(Used 2257 MB), Batch 7
[LIBGPUSPATIAL] [ 22186][18:18:44:209346][info  ] PIP(Used 2265 MB), Batch 9
[LIBGPUSPATIAL] [ 22189][18:18:44:212273][info  ] PIP(Used 2262 MB), Batch 8
[LIBGPUSPATIAL] [ 22191][18:18:44:214784][info  ] PIP(Used 2251 MB), Batch 3
[LIBGPUSPATIAL] [ 22186][18:18:44:215245][info  ] PIP(Used 2254 MB), Batch 10
[LIBGPUSPATIAL] [ 22189][18:18:44:218092][info  ] PIP(Used 2273 MB), Batch 9
[LIBGPUSPATIAL] [ 22190][18:18:44:218550][info  ] PIP(Used 2270 MB), Batch 8
[LIBGPUSPATIAL] [ 22184][18:18:44:218875][info  ] PIP(Used 2263 MB), Batch 1
[LIBGPUSPATIAL] [ 22184][18:18:44:221298][info  ] PIP(Used 2270 MB), Batch 2
[LIBGPUSPATIAL] [ 22186][18:18:44:221779][info  ] PIP(Used 2270 MB), Batch 11
[LIBGPUSPATIAL] [ 22189][18:18:44:222341][info  ] PIP(Used 2275 MB), Batch 10
[LIBGPUSPATIAL] [ 22190][18:18:44:223877][info  ] PIP(Used 2271 MB), Batch 9
[LIBGPUSPATIAL] [ 22191][18:18:44:225948][info  ] PIP(Used 2271 MB), Batch 4
[LIBGPUSPATIAL] [ 22184][18:18:44:228408][info  ] PIP(Used 2303 MB), Batch 3
[LIBGPUSPATIAL] [ 22190][18:18:44:229765][info  ] PIP(Used 2304 MB), Batch 10
[LIBGPUSPATIAL] [ 22186][18:18:44:229938][info  ] PIP(Used 2276 MB), Batch 12
[LIBGPUSPATIAL] [ 22189][18:18:44:230624][info  ] PIP(Used 2271 MB), Batch 11
[LIBGPUSPATIAL] [ 22191][18:18:44:234428][info  ] PIP(Used 2223 MB), Batch 5
[LIBGPUSPATIAL] [ 22188][18:18:44:234471][info  ] RTSpatialRefiner 0x7b8f4fd29860 (Used 2223 MB), Loaded Geometries, ProbeArray 1333333, Loaded 839022, Type Point
[LIBGPUSPATIAL] [ 22188][18:18:44:235146][info  ] RTSpatialRefiner 0x7b8f4fd29860 (Used 2247 MB), Evaluating 1644146 Geometry Pairs with Predicate Contains
[LIBGPUSPATIAL] [ 22189][18:18:44:235246][info  ] PIP(Used 2244 MB), Batch 12
[LIBGPUSPATIAL] [ 22185][18:18:44:236283][info  ] PIP(Used 2236 MB), Batch 6
[LIBGPUSPATIAL] [ 22188][18:18:44:239139][info  ] Unique multi-polygons 27804, memory quota 23 MB, estimated BVH size 304 MB, n_batches 14
[LIBGPUSPATIAL] [ 22190][18:18:44:239883][info  ] PIP(Used 2236 MB), Batch 11
[LIBGPUSPATIAL] [ 22188][18:18:44:241898][info  ] PIP(Used 2239 MB), Batch 0
[LIBGPUSPATIAL] [ 22184][18:18:44:242156][info  ] PIP(Used 2235 MB), Batch 4
[LIBGPUSPATIAL] [ 22190][18:18:44:244418][info  ] PIP(Used 2232 MB), Batch 12
[LIBGPUSPATIAL] [ 22189][18:18:44:244825][info  ] PIP(Used 2234 MB), Batch 13
[LIBGPUSPATIAL] [ 22185][18:18:44:246668][info  ] PIP(Used 2227 MB), Batch 7
[LIBGPUSPATIAL] [ 22190][18:18:44:249534][info  ] PIP(Used 2191 MB), Batch 13
[LIBGPUSPATIAL] [ 22184][18:18:44:250403][info  ] PIP(Used 2186 MB), Batch 5
[LIBGPUSPATIAL] [ 22185][18:18:44:253241][info  ] PIP(Used 2147 MB), Batch 8
[LIBGPUSPATIAL] [ 22185][18:18:44:257330][info  ] PIP(Used 2151 MB), Batch 9
[LIBGPUSPATIAL] [ 22191][18:18:44:260562][info  ] PIP(Used 2139 MB), Batch 6
[LIBGPUSPATIAL] [ 22185][18:18:44:261701][info  ] PIP(Used 2148 MB), Batch 10
[LIBGPUSPATIAL] [ 22188][18:18:44:265732][info  ] PIP(Used 2142 MB), Batch 1
[LIBGPUSPATIAL] [ 22191][18:18:44:268448][info  ] PIP(Used 2142 MB), Batch 7
[LIBGPUSPATIAL] [ 22188][18:18:44:268947][info  ] PIP(Used 2150 MB), Batch 2
[LIBGPUSPATIAL] [ 22184][18:18:44:272898][info  ] PIP(Used 2173 MB), Batch 6
[LIBGPUSPATIAL] [ 22188][18:18:44:273787][info  ] PIP(Used 2181 MB), Batch 3
[LIBGPUSPATIAL] [ 22185][18:18:44:273947][info  ] PIP(Used 2159 MB), Batch 11
[LIBGPUSPATIAL] [ 22191][18:18:44:278488][info  ] PIP(Used 2147 MB), Batch 8
[LIBGPUSPATIAL] [ 22184][18:18:44:280298][info  ] PIP(Used 2142 MB), Batch 7
[LIBGPUSPATIAL] [ 22184][18:18:44:284330][info  ] PIP(Used 2147 MB), Batch 8
[LIBGPUSPATIAL] [ 22188][18:18:44:285163][info  ] PIP(Used 2151 MB), Batch 4
[LIBGPUSPATIAL] [ 22191][18:18:44:286633][info  ] PIP(Used 2150 MB), Batch 9
[LIBGPUSPATIAL] [ 22184][18:18:44:288663][info  ] PIP(Used 2150 MB), Batch 9
[LIBGPUSPATIAL] [ 22185][18:18:44:289745][info  ] PIP(Used 2147 MB), Batch 12
[LIBGPUSPATIAL] [ 22188][18:18:44:292231][info  ] PIP(Used 2144 MB), Batch 5
[LIBGPUSPATIAL] [ 22184][18:18:44:293137][info  ] PIP(Used 2148 MB), Batch 10
[LIBGPUSPATIAL] [ 22191][18:18:44:294496][info  ] PIP(Used 2148 MB), Batch 10
[LIBGPUSPATIAL] [ 22184][18:18:44:297829][info  ] PIP(Used 2151 MB), Batch 11
[LIBGPUSPATIAL] [ 22185][18:18:44:299362][info  ] PIP(Used 2149 MB), Batch 13
[LIBGPUSPATIAL] [ 22184][18:18:44:301254][info  ] PIP(Used 2147 MB), Batch 12
[LIBGPUSPATIAL] [ 22191][18:18:44:304189][info  ] PIP(Used 2108 MB), Batch 11
[LIBGPUSPATIAL] [ 22184][18:18:44:305311][info  ] PIP(Used 2106 MB), Batch 13
[LIBGPUSPATIAL] [ 22191][18:18:44:309224][info  ] PIP(Used 2062 MB), Batch 12
[LIBGPUSPATIAL] [ 22191][18:18:44:313076][info  ] PIP(Used 2064 MB), Batch 13
[LIBGPUSPATIAL] [ 22188][18:18:44:317645][info  ] PIP(Used 2012 MB), Batch 6
[LIBGPUSPATIAL] [ 22188][18:18:44:324409][info  ] PIP(Used 2015 MB), Batch 7
[LIBGPUSPATIAL] [ 22188][18:18:44:328506][info  ] PIP(Used 2020 MB), Batch 8
[LIBGPUSPATIAL] [ 22188][18:18:44:332205][info  ] PIP(Used 2023 MB), Batch 9
[LIBGPUSPATIAL] [ 22188][18:18:44:339345][info  ] PIP(Used 2020 MB), Batch 10
[LIBGPUSPATIAL] [ 22188][18:18:44:347229][info  ] PIP(Used 2024 MB), Batch 11
[LIBGPUSPATIAL] [ 22188][18:18:44:350329][info  ] PIP(Used 2020 MB), Batch 12
[LIBGPUSPATIAL] [ 22188][18:18:44:354021][info  ] PIP(Used 2021 MB), Batch 13
[LIBGPUSPATIAL] [ 22186][18:18:44:629610][info  ] RTSpatialIndex 0x7b8f4c00a800 (Used 1980 MB), Allocate result buffer, memory consumption 12 MB, capacity 1644920
[LIBGPUSPATIAL] [ 22186][18:18:44:632279][info  ] RTSpatialIndex 0x7b8f4c00a800 (Used 1992 MB), Probe Points, Size: 1333333, Results: 1644920
[LIBGPUSPATIAL] [ 22186][18:18:44:656155][info  ] RTSpatialRefiner 0x7b8f4fd29860 (Used 2005 MB), Loaded Geometries, ProbeArray 1333333, Loaded 838831, Type Point
[LIBGPUSPATIAL] [ 22186][18:18:44:656906][info  ] RTSpatialRefiner 0x7b8f4fd29860 (Used 2011 MB), Evaluating 1644920 Geometry Pairs with Predicate Contains
[LIBGPUSPATIAL] [ 22186][18:18:44:657647][info  ] Unique multi-polygons 28010, memory quota 23 MB, estimated BVH size 304 MB, n_batches 13
[LIBGPUSPATIAL] [ 22186][18:18:44:659475][info  ] PIP(Used 2044 MB), Batch 0
[LIBGPUSPATIAL] [ 22189][18:18:44:661986][info  ] RTSpatialIndex 0x7b8f4c00a800 (Used 2022 MB), Allocate result buffer, memory consumption 12 MB, capacity 1648825
[LIBGPUSPATIAL] [ 22186][18:18:44:662448][info  ] PIP(Used 2039 MB), Batch 1
[LIBGPUSPATIAL] [ 22189][18:18:44:664209][info  ] RTSpatialIndex 0x7b8f4c00a800 (Used 2035 MB), Probe Points, Size: 1333333, Results: 1648825
[LIBGPUSPATIAL] [ 22186][18:18:44:664913][info  ] PIP(Used 2022 MB), Batch 2
[LIBGPUSPATIAL] [ 22186][18:18:44:669279][info  ] PIP(Used 2040 MB), Batch 3
[LIBGPUSPATIAL] [ 22186][18:18:44:675204][info  ] PIP(Used 2059 MB), Batch 4
[LIBGPUSPATIAL] [ 22186][18:18:44:678912][info  ] PIP(Used 2050 MB), Batch 5
[LIBGPUSPATIAL] [ 22189][18:18:44:683689][info  ] RTSpatialRefiner 0x7b8f4fd29860 (Used 2047 MB), Loaded Geometries, ProbeArray 1333333, Loaded 840818, Type Point
[LIBGPUSPATIAL] [ 22189][18:18:44:684230][info  ] RTSpatialRefiner 0x7b8f4fd29860 (Used 2054 MB), Evaluating 1648825 Geometry Pairs with Predicate Contains
[LIBGPUSPATIAL] [ 22189][18:18:44:684940][info  ] Unique multi-polygons 27734, memory quota 23 MB, estimated BVH size 304 MB, n_batches 13
[LIBGPUSPATIAL] [ 22189][18:18:44:685389][info  ] PIP(Used 2066 MB), Batch 0
[LIBGPUSPATIAL] [ 22189][18:18:44:688792][info  ] PIP(Used 2059 MB), Batch 1
[LIBGPUSPATIAL] [ 22189][18:18:44:691191][info  ] PIP(Used 2064 MB), Batch 2
[LIBGPUSPATIAL] [ 22189][18:18:44:695906][info  ] PIP(Used 2064 MB), Batch 3
[LIBGPUSPATIAL] [ 22189][18:18:44:702335][info  ] PIP(Used 2087 MB), Batch 4
[LIBGPUSPATIAL] [ 22186][18:18:44:702342][info  ] PIP(Used 2087 MB), Batch 6
[LIBGPUSPATIAL] [ 22191][18:18:44:705130][info  ] RTSpatialIndex 0x7b8f4c00a800 (Used 2066 MB), Allocate result buffer, memory consumption 12 MB, capacity 1645320
[LIBGPUSPATIAL] [ 22189][18:18:44:708204][info  ] PIP(Used 2080 MB), Batch 5
[LIBGPUSPATIAL] [ 22186][18:18:44:708421][info  ] PIP(Used 2083 MB), Batch 7
[LIBGPUSPATIAL] [ 22191][18:18:44:710089][info  ] RTSpatialIndex 0x7b8f4c00a800 (Used 2077 MB), Probe Points, Size: 1333333, Results: 1645320
[LIBGPUSPATIAL] [ 22186][18:18:44:728761][info  ] PIP(Used 2078 MB), Batch 8
[LIBGPUSPATIAL] [ 22189][18:18:44:728787][info  ] PIP(Used 2078 MB), Batch 6
[LIBGPUSPATIAL] [ 22186][18:18:44:733881][info  ] PIP(Used 2102 MB), Batch 9
[LIBGPUSPATIAL] [ 22189][18:18:44:733968][info  ] PIP(Used 2090 MB), Batch 7
[LIBGPUSPATIAL] [ 22189][18:18:44:737973][info  ] PIP(Used 2100 MB), Batch 8
[LIBGPUSPATIAL] [ 22186][18:18:44:741745][info  ] PIP(Used 2101 MB), Batch 10
[LIBGPUSPATIAL] [ 22189][18:18:44:743043][info  ] PIP(Used 2101 MB), Batch 9
[LIBGPUSPATIAL] [ 22191][18:18:44:745478][info  ] RTSpatialRefiner 0x7b8f4fd29860 (Used 2090 MB), Loaded Geometries, ProbeArray 1333333, Loaded 839240, Type Point
[LIBGPUSPATIAL] [ 22191][18:18:44:746017][info  ] RTSpatialRefiner 0x7b8f4fd29860 (Used 2096 MB), Evaluating 1645320 Geometry Pairs with Predicate Contains
[LIBGPUSPATIAL] [ 22186][18:18:44:746321][info  ] PIP(Used 2113 MB), Batch 11
[LIBGPUSPATIAL] [ 22191][18:18:44:747142][info  ] Unique multi-polygons 27848, memory quota 23 MB, estimated BVH size 303 MB, n_batches 13
[LIBGPUSPATIAL] [ 22191][18:18:44:747707][info  ] PIP(Used 2108 MB), Batch 0
[LIBGPUSPATIAL] [ 22189][18:18:44:748085][info  ] PIP(Used 2108 MB), Batch 10
[LIBGPUSPATIAL] [ 22186][18:18:44:751378][info  ] PIP(Used 2108 MB), Batch 12
[LIBGPUSPATIAL] [ 22191][18:18:44:751613][info  ] PIP(Used 2101 MB), Batch 1
[LIBGPUSPATIAL] [ 22189][18:18:44:755493][info  ] PIP(Used 2102 MB), Batch 11
[LIBGPUSPATIAL] [ 22188][18:18:44:756501][info  ] RTSpatialIndex 0x7b8f4c00a800 (Used 2102 MB), Allocate result buffer, memory consumption 12 MB, capacity 1649779
[LIBGPUSPATIAL] [ 22191][18:18:44:756542][info  ] PIP(Used 2097 MB), Batch 2
[LIBGPUSPATIAL] [ 22189][18:18:44:760423][info  ] PIP(Used 2088 MB), Batch 12
[LIBGPUSPATIAL] [ 22191][18:18:44:761169][info  ] PIP(Used 2086 MB), Batch 3
[LIBGPUSPATIAL] [ 22188][18:18:44:762165][info  ] RTSpatialIndex 0x7b8f4c00a800 (Used 2077 MB), Probe Points, Size: 1333333, Results: 1649779
[LIBGPUSPATIAL] [ 22191][18:18:44:767300][info  ] PIP(Used 2036 MB), Batch 4
[LIBGPUSPATIAL] [ 22191][18:18:44:771572][info  ] PIP(Used 2034 MB), Batch 5
[LIBGPUSPATIAL] [ 22188][18:18:44:784612][info  ] RTSpatialRefiner 0x7b8f4fd29860 (Used 2048 MB), Loaded Geometries, ProbeArray 1333333, Loaded 840703, Type Point
[LIBGPUSPATIAL] [ 22188][18:18:44:785175][info  ] RTSpatialRefiner 0x7b8f4fd29860 (Used 2054 MB), Evaluating 1649779 Geometry Pairs with Predicate Contains
[LIBGPUSPATIAL] [ 22188][18:18:44:785896][info  ] Unique multi-polygons 27934, memory quota 23 MB, estimated BVH size 305 MB, n_batches 13
[LIBGPUSPATIAL] [ 22188][18:18:44:786366][info  ] PIP(Used 2066 MB), Batch 0
[LIBGPUSPATIAL] [ 22191][18:18:44:789864][info  ] PIP(Used 2068 MB), Batch 6
[LIBGPUSPATIAL] [ 22188][18:18:44:789954][info  ] PIP(Used 2060 MB), Batch 1
[LIBGPUSPATIAL] [ 22188][18:18:44:794002][info  ] PIP(Used 2064 MB), Batch 2
[LIBGPUSPATIAL] [ 22191][18:18:44:794308][info  ] PIP(Used 2061 MB), Batch 7
[LIBGPUSPATIAL] [ 22191][18:18:44:798008][info  ] PIP(Used 2064 MB), Batch 8
[LIBGPUSPATIAL] [ 22188][18:18:44:799535][info  ] PIP(Used 2064 MB), Batch 3
[LIBGPUSPATIAL] [ 22191][18:18:44:800510][info  ] PIP(Used 2065 MB), Batch 9
[LIBGPUSPATIAL] [ 22191][18:18:44:805571][info  ] PIP(Used 2065 MB), Batch 10
[LIBGPUSPATIAL] [ 22188][18:18:44:805792][info  ] PIP(Used 2066 MB), Batch 4
[LIBGPUSPATIAL] [ 22191][18:18:44:810542][info  ] PIP(Used 2073 MB), Batch 11
[LIBGPUSPATIAL] [ 22188][18:18:44:810627][info  ] PIP(Used 2067 MB), Batch 5
[LIBGPUSPATIAL] [ 22191][18:18:44:815068][info  ] PIP(Used 2065 MB), Batch 12
[LIBGPUSPATIAL] [ 22188][18:18:44:831061][info  ] PIP(Used 2013 MB), Batch 6
[LIBGPUSPATIAL] [ 22188][18:18:44:835251][info  ] PIP(Used 2018 MB), Batch 7
[LIBGPUSPATIAL] [ 22188][18:18:44:838450][info  ] PIP(Used 2023 MB), Batch 8
[LIBGPUSPATIAL] [ 22188][18:18:44:841731][info  ] PIP(Used 2023 MB), Batch 9
[LIBGPUSPATIAL] [ 22188][18:18:44:846236][info  ] PIP(Used 2023 MB), Batch 10
[LIBGPUSPATIAL] [ 22188][18:18:44:850695][info  ] PIP(Used 2022 MB), Batch 11
[LIBGPUSPATIAL] [ 22188][18:18:44:854423][info  ] PIP(Used 2023 MB), Batch 12
[LIBGPUSPATIAL] [ 22188][18:18:45:090669][info  ] Create RTSpatialIndex 0x7b8f4c00a800, fast_build = 0, compact = 0, concurrency = 8
[LIBGPUSPATIAL] [ 22188][18:18:45:091027][info  ] Create RTSpatialRefiner 0x7b8f4fd29860, fast_build = 0, compact = 0, parsing_threads = 8, concurrency = 8, pipeline_batches = 1, wkb_parser_memory_quota = 0.80, relate_engine_memory_quota = 0.01
[LIBGPUSPATIAL] [ 22188][18:18:46:285365][info  ] RTSpatialRefiner 0x7b8f4fd29860 (Used 623 MB), FinishBuilding Refiner, Total geoms: 31140888
[LIBGPUSPATIAL] [ 22188][18:18:46:285410][info  ] RTSpatialIndex 0x7b8f4c00a800 (Used 623 MB), PushBuild, Rectangles 31140888
[LIBGPUSPATIAL] [ 22188][18:18:46:343034][info  ] RTSpatialIndex 0x7b8f4c00a800 (Used 1698 MB), FinishBuilding Index on Points, Total geoms: 31140888
[LIBGPUSPATIAL] [ 22191][18:18:46:520983][info  ] RTSpatialIndex 0x7b8f4c00a800 (Used 1610 MB), Allocate result buffer, memory consumption 30 MB, capacity 4037327
[LIBGPUSPATIAL] [ 22186][18:18:46:525213][info  ] RTSpatialIndex 0x7b8f4c00a800 (Used 1651 MB), Allocate result buffer, memory consumption 31 MB, capacity 4163912
[LIBGPUSPATIAL] [ 22188][18:18:46:529488][info  ] RTSpatialIndex 0x7b8f4c00a800 (Used 1681 MB), Allocate result buffer, memory consumption 22 MB, capacity 2951453
[LIBGPUSPATIAL] [ 22190][18:18:46:531725][info  ] RTSpatialIndex 0x7b8f4c00a800 (Used 1705 MB), Allocate result buffer, memory consumption 34 MB, capacity 4457108
[LIBGPUSPATIAL] [ 22184][18:18:46:540176][info  ] RTSpatialIndex 0x7b8f4c00a800 (Used 1743 MB), Allocate result buffer, memory consumption 20 MB, capacity 2733975
[LIBGPUSPATIAL] [ 22191][18:18:46:542474][info  ] RTSpatialIndex 0x7b8f4c00a800 (Used 1757 MB), Probe Rectangles, Size: 27195, Results: 4037327
[LIBGPUSPATIAL] [ 22189][18:18:46:546745][info  ] RTSpatialIndex 0x7b8f4c00a800 (Used 1730 MB), Allocate result buffer, memory consumption 23 MB, capacity 3035989
[LIBGPUSPATIAL] [ 22186][18:18:46:548349][info  ] RTSpatialIndex 0x7b8f4c00a800 (Used 1741 MB), Probe Rectangles, Size: 27195, Results: 4163912
[LIBGPUSPATIAL] [ 22188][18:18:46:550833][info  ] RTSpatialIndex 0x7b8f4c00a800 (Used 1741 MB), Probe Rectangles, Size: 27195, Results: 2951453
[LIBGPUSPATIAL] [ 22187][18:18:46:555724][info  ] RTSpatialIndex 0x7b8f4c00a800 (Used 1708 MB), Allocate result buffer, memory consumption 14 MB, capacity 1900022
[LIBGPUSPATIAL] [ 22184][18:18:46:561443][info  ] RTSpatialIndex 0x7b8f4c00a800 (Used 1723 MB), Probe Rectangles, Size: 27195, Results: 2733975
[LIBGPUSPATIAL] [ 22190][18:18:46:562969][info  ] RTSpatialIndex 0x7b8f4c00a800 (Used 1723 MB), Probe Rectangles, Size: 27195, Results: 4457108
[LIBGPUSPATIAL] [ 22185][18:18:46:566563][info  ] RTSpatialIndex 0x7b8f4c00a800 (Used 1684 MB), Allocate result buffer, memory consumption 49 MB, capacity 6462532
[LIBGPUSPATIAL] [ 22187][18:18:46:567288][info  ] RTSpatialIndex 0x7b8f4c00a800 (Used 1666 MB), Probe Rectangles, Size: 27195, Results: 1900022
[LIBGPUSPATIAL] [ 22189][18:18:46:571775][info  ] RTSpatialIndex 0x7b8f4c00a800 (Used 1718 MB), Probe Rectangles, Size: 27195, Results: 3035989
[LIBGPUSPATIAL] [ 22185][18:18:46:609802][info  ] RTSpatialIndex 0x7b8f4c00a800 (Used 2539 MB), Probe Rectangles, Size: 27195, Results: 6462532
[LIBGPUSPATIAL] [ 22186][18:18:46:623790][info  ] RTSpatialRefiner 0x7b8f4fd29860 (Used 2489 MB), Loaded Geometries, ProbeArray 27195, Loaded 5820, Type MultiPolygon
[LIBGPUSPATIAL] [ 22186][18:18:46:642226][info  ] RTSpatialRefiner 0x7b8f4fd29860 (Used 2505 MB), Evaluating 4163912 Geometry Pairs with Predicate Within
[LIBGPUSPATIAL] [ 22186][18:18:46:654343][info  ] Unique multi-polygons 5820, memory quota 22 MB, estimated BVH size 26 MB, n_batches 2
[LIBGPUSPATIAL] [ 22188][18:18:46:654499][info  ] RTSpatialRefiner 0x7b8f4fd29860 (Used 2538 MB), Loaded Geometries, ProbeArray 27195, Loaded 5871, Type MultiPolygon
[LIBGPUSPATIAL] [ 22191][18:18:46:654903][info  ] RTSpatialRefiner 0x7b8f4fd29860 (Used 2557 MB), Loaded Geometries, ProbeArray 27195, Loaded 5706, Type MultiPolygon
[LIBGPUSPATIAL] [ 22187][18:18:46:656211][info  ] RTSpatialRefiner 0x7b8f4fd29860 (Used 2573 MB), Loaded Geometries, ProbeArray 27195, Loaded 5825, Type MultiPolygon
[LIBGPUSPATIAL] [ 22188][18:18:46:659060][info  ] RTSpatialRefiner 0x7b8f4fd29860 (Used 2580 MB), Evaluating 2951453 Geometry Pairs with Predicate Within
[LIBGPUSPATIAL] [ 22188][18:18:46:659587][info  ] Unique multi-polygons 5871, memory quota 22 MB, estimated BVH size 27 MB, n_batches 2
[LIBGPUSPATIAL] [ 22191][18:18:46:664326][info  ] RTSpatialRefiner 0x7b8f4fd29860 (Used 2740 MB), Evaluating 4037327 Geometry Pairs with Predicate Within
[LIBGPUSPATIAL] [ 22191][18:18:46:665304][info  ] Unique multi-polygons 5706, memory quota 22 MB, estimated BVH size 27 MB, n_batches 2
[LIBGPUSPATIAL] [ 22187][18:18:46:667637][info  ] RTSpatialRefiner 0x7b8f4fd29860 (Used 2764 MB), Evaluating 1900022 Geometry Pairs with Predicate Within
[LIBGPUSPATIAL] [ 22187][18:18:46:668226][info  ] Unique multi-polygons 5825, memory quota 22 MB, estimated BVH size 29 MB, n_batches 2
[LIBGPUSPATIAL] [ 22189][18:18:46:689561][info  ] RTSpatialRefiner 0x7b8f4fd29860 (Used 2781 MB), Loaded Geometries, ProbeArray 27195, Loaded 5737, Type MultiPolygon
[LIBGPUSPATIAL] [ 22184][18:18:46:692573][info  ] RTSpatialRefiner 0x7b8f4fd29860 (Used 2793 MB), Loaded Geometries, ProbeArray 27195, Loaded 5816, Type MultiPolygon
[LIBGPUSPATIAL] [ 22189][18:18:46:692889][info  ] RTSpatialRefiner 0x7b8f4fd29860 (Used 2803 MB), Evaluating 3035989 Geometry Pairs with Predicate Within
[LIBGPUSPATIAL] [ 22189][18:18:46:693545][info  ] Unique multi-polygons 5737, memory quota 22 MB, estimated BVH size 28 MB, n_batches 2
[LIBGPUSPATIAL] [ 22184][18:18:46:695460][info  ] RTSpatialRefiner 0x7b8f4fd29860 (Used 2829 MB), Evaluating 2733975 Geometry Pairs with Predicate Within
[LIBGPUSPATIAL] [ 22186][18:18:46:695534][info  ] PIP(Used 2844 MB), Batch 0
[LIBGPUSPATIAL] [ 22188][18:18:46:695638][info  ] PIP(Used 2821 MB), Batch 0
[LIBGPUSPATIAL] [ 22187][18:18:46:695780][info  ] PIP(Used 2810 MB), Batch 0
[LIBGPUSPATIAL] [ 22189][18:18:46:695829][info  ] PIP(Used 2797 MB), Batch 0
[LIBGPUSPATIAL] [ 22191][18:18:46:696363][info  ] PIP(Used 2776 MB), Batch 0
[LIBGPUSPATIAL] [ 22185][18:18:46:711453][info  ] RTSpatialRefiner 0x7b8f4fd29860 (Used 2753 MB), Loaded Geometries, ProbeArray 27195, Loaded 5789, Type MultiPolygon
[LIBGPUSPATIAL] [ 22190][18:18:46:711462][info  ] RTSpatialRefiner 0x7b8f4fd29860 (Used 2753 MB), Loaded Geometries, ProbeArray 27195, Loaded 5779, Type MultiPolygon
[LIBGPUSPATIAL] [ 22185][18:18:46:713553][info  ] RTSpatialRefiner 0x7b8f4fd29860 (Used 2795 MB), Evaluating 6462532 Geometry Pairs with Predicate Within
[LIBGPUSPATIAL] [ 22184][18:18:46:717372][info  ] Unique multi-polygons 5816, memory quota 22 MB, estimated BVH size 27 MB, n_batches 2
[LIBGPUSPATIAL] [ 22185][18:18:46:723903][info  ] Unique multi-polygons 5789, memory quota 22 MB, estimated BVH size 27 MB, n_batches 2
[LIBGPUSPATIAL] [ 22190][18:18:46:724096][info  ] RTSpatialRefiner 0x7b8f4fd29860 (Used 2890 MB), Evaluating 4457108 Geometry Pairs with Predicate Within
[LIBGPUSPATIAL] [ 22188][18:18:46:724178][info  ] PIP(Used 2917 MB), Batch 1
[LIBGPUSPATIAL] [ 22186][18:18:46:724259][info  ] PIP(Used 2905 MB), Batch 1
[LIBGPUSPATIAL] [ 22184][18:18:46:724588][info  ] PIP(Used 2862 MB), Batch 0
[LIBGPUSPATIAL] [ 22191][18:18:46:724625][info  ] PIP(Used 2854 MB), Batch 1
[LIBGPUSPATIAL] [ 22189][18:18:46:724726][info  ] PIP(Used 2836 MB), Batch 1
[LIBGPUSPATIAL] [ 22185][18:18:46:724835][info  ] PIP(Used 2833 MB), Batch 0
[LIBGPUSPATIAL] [ 22187][18:18:46:724951][info  ] PIP(Used 2814 MB), Batch 1
[LIBGPUSPATIAL] [ 22190][18:18:46:779402][info  ] Unique multi-polygons 5779, memory quota 22 MB, estimated BVH size 26 MB, n_batches 2
[LIBGPUSPATIAL] [ 22185][18:18:46:784879][info  ] PIP(Used 2140 MB), Batch 1
[LIBGPUSPATIAL] [ 22184][18:18:46:784949][info  ] PIP(Used 2128 MB), Batch 1
[LIBGPUSPATIAL] [ 22190][18:18:46:785005][info  ] PIP(Used 2120 MB), Batch 0
[LIBGPUSPATIAL] [ 22190][18:18:46:816374][info  ] PIP(Used 1776 MB), Batch 1
[LIBGPUSPATIAL] [ 22187][18:18:47:236669][info  ] RTSpatialIndex 0x7b8f4c00a800 (Used 1610 MB), Allocate result buffer, memory consumption 20 MB, capacity 2720871
[LIBGPUSPATIAL] [ 22187][18:18:47:250145][info  ] RTSpatialIndex 0x7b8f4c00a800 (Used 1631 MB), Probe Rectangles, Size: 27195, Results: 2720871
[LIBGPUSPATIAL] [ 22187][18:18:47:284227][info  ] RTSpatialRefiner 0x7b8f4fd29860 (Used 1730 MB), Loaded Geometries, ProbeArray 27195, Loaded 5770, Type MultiPolygon
[LIBGPUSPATIAL] [ 22187][18:18:47:285898][info  ] RTSpatialRefiner 0x7b8f4fd29860 (Used 1741 MB), Evaluating 2720871 Geometry Pairs with Predicate Within
[LIBGPUSPATIAL] [ 22187][18:18:47:286697][info  ] Unique multi-polygons 5770, memory quota 23 MB, estimated BVH size 28 MB, n_batches 2
[LIBGPUSPATIAL] [ 22187][18:18:47:287359][info  ] PIP(Used 1750 MB), Batch 0
[LIBGPUSPATIAL] [ 22187][18:18:47:294875][info  ] PIP(Used 1752 MB), Batch 1
[LIBGPUSPATIAL] [ 22191][18:18:47:327059][info  ] RTSpatialIndex 0x7b8f4c00a800 (Used 1610 MB), Allocate result buffer, memory consumption 22 MB, capacity 2934184
[LIBGPUSPATIAL] [ 22191][18:18:47:339214][info  ] RTSpatialIndex 0x7b8f4c00a800 (Used 1632 MB), Probe Rectangles, Size: 27195, Results: 2934184
[LIBGPUSPATIAL] [ 22191][18:18:47:367964][info  ] RTSpatialRefiner 0x7b8f4fd29860 (Used 1726 MB), Loaded Geometries, ProbeArray 27195, Loaded 5742, Type MultiPolygon
[LIBGPUSPATIAL] [ 22191][18:18:47:369052][info  ] RTSpatialRefiner 0x7b8f4fd29860 (Used 1738 MB), Evaluating 2934184 Geometry Pairs with Predicate Within
[LIBGPUSPATIAL] [ 22191][18:18:47:369682][info  ] Unique multi-polygons 5742, memory quota 23 MB, estimated BVH size 26 MB, n_batches 2
[LIBGPUSPATIAL] [ 22191][18:18:47:370069][info  ] PIP(Used 1746 MB), Batch 0
[LIBGPUSPATIAL] [ 22191][18:18:47:374894][info  ] PIP(Used 1750 MB), Batch 1
[LIBGPUSPATIAL] [ 22188][18:18:47:390182][info  ] RTSpatialIndex 0x7b8f4c00a800 (Used 1610 MB), Allocate result buffer, memory consumption 25 MB, capacity 3380882
[LIBGPUSPATIAL] [ 22188][18:18:47:403775][info  ] RTSpatialIndex 0x7b8f4c00a800 (Used 1636 MB), Probe Rectangles, Size: 27195, Results: 3380882
[LIBGPUSPATIAL] [ 22189][18:18:47:412076][info  ] RTSpatialIndex 0x7b8f4c00a800 (Used 1740 MB), Allocate result buffer, memory consumption 90 MB, capacity 11889359
[LIBGPUSPATIAL] [ 22188][18:18:47:436103][info  ] RTSpatialRefiner 0x7b8f4fd29860 (Used 1830 MB), Loaded Geometries, ProbeArray 27195, Loaded 5670, Type MultiPolygon
[LIBGPUSPATIAL] [ 22188][18:18:47:437246][info  ] RTSpatialRefiner 0x7b8f4fd29860 (Used 1843 MB), Evaluating 3380882 Geometry Pairs with Predicate Within
[LIBGPUSPATIAL] [ 22188][18:18:47:437898][info  ] Unique multi-polygons 5670, memory quota 23 MB, estimated BVH size 28 MB, n_batches 2
[LIBGPUSPATIAL] [ 22188][18:18:47:438340][info  ] PIP(Used 1856 MB), Batch 0
[LIBGPUSPATIAL] [ 22188][18:18:47:447472][info  ] PIP(Used 1854 MB), Batch 1
[LIBGPUSPATIAL] [ 22189][18:18:47:472748][info  ] RTSpatialIndex 0x7b8f4c00a800 (Used 1701 MB), Probe Rectangles, Size: 27195, Results: 11889359
[LIBGPUSPATIAL] [ 22189][18:18:47:518257][info  ] RTSpatialRefiner 0x7b8f4fd29860 (Used 1832 MB), Loaded Geometries, ProbeArray 27195, Loaded 5663, Type MultiPolygon
[LIBGPUSPATIAL] [ 22189][18:18:47:522142][info  ] RTSpatialRefiner 0x7b8f4fd29860 (Used 1877 MB), Evaluating 11889359 Geometry Pairs with Predicate Within
[LIBGPUSPATIAL] [ 22189][18:18:47:527172][info  ] Unique multi-polygons 5663, memory quota 23 MB, estimated BVH size 27 MB, n_batches 2
[LIBGPUSPATIAL] [ 22189][18:18:47:527761][info  ] PIP(Used 1903 MB), Batch 0
[LIBGPUSPATIAL] [ 22184][18:18:47:642196][info  ] RTSpatialIndex 0x7b8f4c00a800 (Used 1901 MB), Allocate result buffer, memory consumption 28 MB, capacity 3707555
[LIBGPUSPATIAL] [ 22189][18:18:47:644517][info  ] PIP(Used 1936 MB), Batch 1
[LIBGPUSPATIAL] [ 22184][18:18:47:657938][info  ] RTSpatialIndex 0x7b8f4c00a800 (Used 1907 MB), Probe Rectangles, Size: 27195, Results: 3707555
[LIBGPUSPATIAL] [ 22184][18:18:47:693599][info  ] RTSpatialRefiner 0x7b8f4fd29860 (Used 1734 MB), Loaded Geometries, ProbeArray 27195, Loaded 5702, Type MultiPolygon
[LIBGPUSPATIAL] [ 22184][18:18:47:694810][info  ] RTSpatialRefiner 0x7b8f4fd29860 (Used 1749 MB), Evaluating 3707555 Geometry Pairs with Predicate Within
[LIBGPUSPATIAL] [ 22184][18:18:47:695426][info  ] Unique multi-polygons 5702, memory quota 23 MB, estimated BVH size 26 MB, n_batches 2
[LIBGPUSPATIAL] [ 22184][18:18:47:695853][info  ] PIP(Used 1761 MB), Batch 0
[LIBGPUSPATIAL] [ 22184][18:18:47:706467][info  ] PIP(Used 1760 MB), Batch 1
[LIBGPUSPATIAL] [ 22187][18:18:47:741570][info  ] RTSpatialIndex 0x7b8f4c00a800 (Used 1609 MB), Allocate result buffer, memory consumption 6 MB, capacity 814503
[LIBGPUSPATIAL] [ 22187][18:18:47:744406][info  ] RTSpatialIndex 0x7b8f4c00a800 (Used 1615 MB), Probe Rectangles, Size: 2449, Results: 814503
[LIBGPUSPATIAL] [ 22187][18:18:47:753438][info  ] RTSpatialRefiner 0x7b8f4fd29860 (Used 1628 MB), Loaded Geometries, ProbeArray 2449, Loaded 540, Type MultiPolygon
[LIBGPUSPATIAL] [ 22187][18:18:47:754170][info  ] RTSpatialRefiner 0x7b8f4fd29860 (Used 1631 MB), Evaluating 814503 Geometry Pairs with Predicate Within
[LIBGPUSPATIAL] [ 22187][18:18:47:754606][info  ] Unique multi-polygons 540, memory quota 24 MB, estimated BVH size 3 MB, n_batches 1
[LIBGPUSPATIAL] [ 22187][18:18:47:755137][info  ] PIP(Used 1636 MB), Batch 0
[LIBGPUSPATIAL] [ 22190][18:18:47:832734][info  ] RTSpatialIndex 0x7b8f4c00a800 (Used 1610 MB), Allocate result buffer, memory consumption 24 MB, capacity 3221977
[LIBGPUSPATIAL] [ 22190][18:18:47:846319][info  ] RTSpatialIndex 0x7b8f4c00a800 (Used 1634 MB), Probe Rectangles, Size: 27195, Results: 3221977
[LIBGPUSPATIAL] [ 22190][18:18:47:890291][info  ] RTSpatialRefiner 0x7b8f4fd29860 (Used 1735 MB), Loaded Geometries, ProbeArray 27195, Loaded 5853, Type MultiPolygon
[LIBGPUSPATIAL] [ 22190][18:18:47:891564][info  ] RTSpatialRefiner 0x7b8f4fd29860 (Used 1748 MB), Evaluating 3221977 Geometry Pairs with Predicate Within
[LIBGPUSPATIAL] [ 22190][18:18:47:892368][info  ] Unique multi-polygons 5853, memory quota 23 MB, estimated BVH size 28 MB, n_batches 2
[LIBGPUSPATIAL] [ 22190][18:18:47:893008][info  ] PIP(Used 1760 MB), Batch 0
[LIBGPUSPATIAL] [ 22190][18:18:47:900725][info  ] PIP(Used 1757 MB), Batch 1
[LIBGPUSPATIAL] [ 22191][18:18:47:945779][info  ] RTSpatialIndex 0x7b8f4c00a800 (Used 1609 MB), Allocate result buffer, memory consumption 0 MB, capacity 72722
[LIBGPUSPATIAL] [ 22191][18:18:47:947375][info  ] RTSpatialIndex 0x7b8f4c00a800 (Used 1609 MB), Probe Rectangles, Size: 2448, Results: 72722
[LIBGPUSPATIAL] [ 22191][18:18:47:952663][info  ] RTSpatialRefiner 0x7b8f4fd29860 (Used 1616 MB), Loaded Geometries, ProbeArray 2448, Loaded 527, Type MultiPolygon
[LIBGPUSPATIAL] [ 22191][18:18:47:952736][info  ] RTSpatialRefiner 0x7b8f4fd29860 (Used 1616 MB), Evaluating 72722 Geometry Pairs with Predicate Within
[LIBGPUSPATIAL] [ 22191][18:18:47:952979][info  ] Unique multi-polygons 527, memory quota 24 MB, estimated BVH size 2 MB, n_batches 1
[LIBGPUSPATIAL] [ 22191][18:18:47:953298][info  ] PIP(Used 1617 MB), Batch 0
[LIBGPUSPATIAL] [ 22188][18:18:47:985144][info  ] RTSpatialIndex 0x7b8f4c00a800 (Used 1609 MB), Allocate result buffer, memory consumption 0 MB, capacity 86567
[LIBGPUSPATIAL] [ 22188][18:18:47:987769][info  ] RTSpatialIndex 0x7b8f4c00a800 (Used 1609 MB), Probe Rectangles, Size: 2448, Results: 86567
[LIBGPUSPATIAL] [ 22188][18:18:47:992805][info  ] RTSpatialRefiner 0x7b8f4fd29860 (Used 1620 MB), Loaded Geometries, ProbeArray 2448, Loaded 510, Type MultiPolygon
[LIBGPUSPATIAL] [ 22188][18:18:47:992917][info  ] RTSpatialRefiner 0x7b8f4fd29860 (Used 1621 MB), Evaluating 86567 Geometry Pairs with Predicate Within
[LIBGPUSPATIAL] [ 22188][18:18:47:993193][info  ] Unique multi-polygons 510, memory quota 24 MB, estimated BVH size 3 MB, n_batches 1
[LIBGPUSPATIAL] [ 22188][18:18:47:993557][info  ] PIP(Used 1622 MB), Batch 0
[LIBGPUSPATIAL] [ 22186][18:18:48:060530][info  ] RTSpatialIndex 0x7b8f4c00a800 (Used 1610 MB), Allocate result buffer, memory consumption 28 MB, capacity 3723830
[LIBGPUSPATIAL] [ 22186][18:18:48:074922][info  ] RTSpatialIndex 0x7b8f4c00a800 (Used 1638 MB), Probe Rectangles, Size: 27195, Results: 3723830
[LIBGPUSPATIAL] [ 22186][18:18:48:097314][info  ] RTSpatialRefiner 0x7b8f4fd29860 (Used 1741 MB), Loaded Geometries, ProbeArray 27195, Loaded 5834, Type MultiPolygon
[LIBGPUSPATIAL] [ 22186][18:18:48:098517][info  ] RTSpatialRefiner 0x7b8f4fd29860 (Used 1755 MB), Evaluating 3723830 Geometry Pairs with Predicate Within
[LIBGPUSPATIAL] [ 22186][18:18:48:099114][info  ] Unique multi-polygons 5834, memory quota 23 MB, estimated BVH size 28 MB, n_batches 2
[LIBGPUSPATIAL] [ 22186][18:18:48:099452][info  ] PIP(Used 1764 MB), Batch 0
[LIBGPUSPATIAL] [ 22186][18:18:48:105362][info  ] PIP(Used 1770 MB), Batch 1
[LIBGPUSPATIAL] [ 22185][18:18:48:239458][info  ] RTSpatialIndex 0x7b8f4c00a800 (Used 1610 MB), Allocate result buffer, memory consumption 27 MB, capacity 3593158
[LIBGPUSPATIAL] [ 22185][18:18:48:250770][info  ] RTSpatialIndex 0x7b8f4c00a800 (Used 1637 MB), Probe Rectangles, Size: 27195, Results: 3593158
[LIBGPUSPATIAL] [ 22185][18:18:48:283733][info  ] RTSpatialRefiner 0x7b8f4fd29860 (Used 1743 MB), Loaded Geometries, ProbeArray 27195, Loaded 5700, Type MultiPolygon
[LIBGPUSPATIAL] [ 22185][18:18:48:284906][info  ] RTSpatialRefiner 0x7b8f4fd29860 (Used 1757 MB), Evaluating 3593158 Geometry Pairs with Predicate Within
[LIBGPUSPATIAL] [ 22185][18:18:48:285525][info  ] Unique multi-polygons 5700, memory quota 23 MB, estimated BVH size 29 MB, n_batches 2
[LIBGPUSPATIAL] [ 22185][18:18:48:285829][info  ] PIP(Used 1768 MB), Batch 0
[LIBGPUSPATIAL] [ 22185][18:18:48:292920][info  ] PIP(Used 1771 MB), Batch 1
[LIBGPUSPATIAL] [ 22184][18:18:48:466605][info  ] RTSpatialIndex 0x7b8f4c00a800 (Used 1609 MB), Allocate result buffer, memory consumption 0 MB, capacity 77342
[LIBGPUSPATIAL] [ 22184][18:18:48:468303][info  ] RTSpatialIndex 0x7b8f4c00a800 (Used 1609 MB), Probe Rectangles, Size: 2449, Results: 77342
[LIBGPUSPATIAL] [ 22184][18:18:48:470445][info  ] RTSpatialRefiner 0x7b8f4fd29860 (Used 1617 MB), Loaded Geometries, ProbeArray 2449, Loaded 512, Type MultiPolygon
[LIBGPUSPATIAL] [ 22184][18:18:48:470512][info  ] RTSpatialRefiner 0x7b8f4fd29860 (Used 1617 MB), Evaluating 77342 Geometry Pairs with Predicate Within
[LIBGPUSPATIAL] [ 22184][18:18:48:470730][info  ] Unique multi-polygons 512, memory quota 24 MB, estimated BVH size 2 MB, n_batches 1
[LIBGPUSPATIAL] [ 22184][18:18:48:470998][info  ] PIP(Used 1618 MB), Batch 0
[LIBGPUSPATIAL] [ 22190][18:18:48:742540][info  ] RTSpatialIndex 0x7b8f4c00a800 (Used 1609 MB), Allocate result buffer, memory consumption 0 MB, capacity 114178
[LIBGPUSPATIAL] [ 22190][18:18:48:744354][info  ] RTSpatialIndex 0x7b8f4c00a800 (Used 1609 MB), Probe Rectangles, Size: 2449, Results: 114178
[LIBGPUSPATIAL] [ 22190][18:18:48:746559][info  ] RTSpatialRefiner 0x7b8f4fd29860 (Used 1618 MB), Loaded Geometries, ProbeArray 2449, Loaded 543, Type MultiPolygon
[LIBGPUSPATIAL] [ 22190][18:18:48:746641][info  ] RTSpatialRefiner 0x7b8f4fd29860 (Used 1618 MB), Evaluating 114178 Geometry Pairs with Predicate Within
[LIBGPUSPATIAL] [ 22190][18:18:48:746871][info  ] Unique multi-polygons 543, memory quota 24 MB, estimated BVH size 2 MB, n_batches 1
[LIBGPUSPATIAL] [ 22190][18:18:48:747122][info  ] PIP(Used 1619 MB), Batch 0
[LIBGPUSPATIAL] [ 22186][18:18:48:811861][info  ] RTSpatialIndex 0x7b8f4c00a800 (Used 1609 MB), Allocate result buffer, memory consumption 0 MB, capacity 62652
[LIBGPUSPATIAL] [ 22186][18:18:48:813430][info  ] RTSpatialIndex 0x7b8f4c00a800 (Used 1609 MB), Probe Rectangles, Size: 2449, Results: 62652
[LIBGPUSPATIAL] [ 22185][18:18:48:816684][info  ] RTSpatialIndex 0x7b8f4c00a800 (Used 1617 MB), Allocate result buffer, memory consumption 1 MB, capacity 242572
[LIBGPUSPATIAL] [ 22186][18:18:48:816690][info  ] RTSpatialRefiner 0x7b8f4fd29860 (Used 1617 MB), Loaded Geometries, ProbeArray 2449, Loaded 507, Type MultiPolygon
[LIBGPUSPATIAL] [ 22186][18:18:48:816767][info  ] RTSpatialRefiner 0x7b8f4fd29860 (Used 1619 MB), Evaluating 62652 Geometry Pairs with Predicate Within
[LIBGPUSPATIAL] [ 22186][18:18:48:818419][info  ] Unique multi-polygons 507, memory quota 24 MB, estimated BVH size 2 MB, n_batches 1
[LIBGPUSPATIAL] [ 22185][18:18:48:818678][info  ] RTSpatialIndex 0x7b8f4c00a800 (Used 1621 MB), Probe Rectangles, Size: 2449, Results: 242572
[LIBGPUSPATIAL] [ 22186][18:18:48:818721][info  ] PIP(Used 1618 MB), Batch 0
[LIBGPUSPATIAL] [ 22185][18:18:48:821830][info  ] RTSpatialRefiner 0x7b8f4fd29860 (Used 1621 MB), Loaded Geometries, ProbeArray 2449, Loaded 529, Type MultiPolygon
[LIBGPUSPATIAL] [ 22185][18:18:48:821964][info  ] RTSpatialRefiner 0x7b8f4fd29860 (Used 1622 MB), Evaluating 242572 Geometry Pairs with Predicate Within
[LIBGPUSPATIAL] [ 22185][18:18:48:822360][info  ] Unique multi-polygons 529, memory quota 24 MB, estimated BVH size 3 MB, n_batches 1
[LIBGPUSPATIAL] [ 22185][18:18:48:822784][info  ] PIP(Used 1625 MB), Batch 0
[LIBGPUSPATIAL] [ 22189][18:18:49:105607][info  ] RTSpatialIndex 0x7b8f4c00a800 (Used 1609 MB), Allocate result buffer, memory consumption 0 MB, capacity 109608
[LIBGPUSPATIAL] [ 22189][18:18:49:107615][info  ] RTSpatialIndex 0x7b8f4c00a800 (Used 1609 MB), Probe Rectangles, Size: 2449, Results: 109608
[LIBGPUSPATIAL] [ 22189][18:18:49:109647][info  ] RTSpatialRefiner 0x7b8f4fd29860 (Used 1617 MB), Loaded Geometries, ProbeArray 2449, Loaded 487, Type MultiPolygon
[LIBGPUSPATIAL] [ 22189][18:18:49:109714][info  ] RTSpatialRefiner 0x7b8f4fd29860 (Used 1617 MB), Evaluating 109608 Geometry Pairs with Predicate Within
[LIBGPUSPATIAL] [ 22189][18:18:49:109981][info  ] Unique multi-polygons 487, memory quota 24 MB, estimated BVH size 2 MB, n_batches 1
[LIBGPUSPATIAL] [ 22189][18:18:49:110297][info  ] PIP(Used 1619 MB), Batch 0
10.36s (1 rows)

================================================================================
BENCHMARK SUMMARY
================================================================================
Query     sedonadb_gpu   
-------------------------
q11       10.36s         
-------------------------
Total     10.36s         

Results saved to results_mem_SF_10/sedonadb_gpu_q11_results.json
