[LIBGPUSPATIAL] [ 52915][11:00:16:949314][info  ] Initializing GpuSpatialRuntime on device 0, PTX root /mnt/data/sedona-db/target/release/build/sedona-libgpuspatial-49614f8a870dbe66/out/share/gpuspatial/shaders
[LIBGPUSPATIAL] [ 52915][11:00:17:110216][info  ] Init Memory Manager
[LIBGPUSPATIAL] [ 52915][11:00:17:110405][info  ] Creating RMM pool memory resource with size 22511 MB
[LIBGPUSPATIAL] [ 52915][11:00:17:156020][info  ] Initialize RTEngine
[LIBGPUSPATIAL] [ 52915][11:00:17:282367][info  ] Create RTSpatialIndex 0x74c8d908e130, fast_build = 0, compact = 0, concurrency = 1
[LIBGPUSPATIAL] [ 52915][11:00:17:285146][info  ] Create RTSpatialRefiner 0x74c8db5a7550, fast_build = 0, compact = 0, parsing_threads = 8, concurrency = 1, pipeline_batches = 1, wkb_parser_memory_quota = 0.80, relate_engine_memory_quota = 0.80
[LIBGPUSPATIAL] [ 52915][11:00:17:516276][info  ] RTSpatialRefiner 0x74c8db5a7550 (Free 22005 MB), Profiling Results. PushBuild: 111.20 ms, FinishBuilding: 0.01 ms
[LIBGPUSPATIAL] [ 52915][11:00:17:516310][info  ] RTSpatialRefiner 0x74c8db5a7550 (Free 22005 MB), FinishBuilding Refiner, Total geoms: 6000000
[LIBGPUSPATIAL] [ 52915][11:00:17:516324][info  ] RTSpatialIndex 0x74c8d908e130 (Free 22005 MB), PushBuild, Rectangles 6000000
[LIBGPUSPATIAL] [ 52915][11:00:17:530680][info  ] RTSpatialIndex 0x74c8d908e130 (Free 22005 MB), FinishBuilding Index on Points, Total geoms: 6000000
[LIBGPUSPATIAL] [ 52915][11:00:17:530707][info  ] RTSpatialIndex 0x74c8d908e130 (Free 22005 MB), Profiling Results. PushBuild: 7.34 ms, FinishBuilding: 7.02 ms
[LIBGPUSPATIAL] [ 52920][11:00:17:599008][info  ] RTSpatialIndex 0x74c8d908e130 (Free 22005 MB), Allocate result buffer, memory consumption 2 MB, capacity 325005
[LIBGPUSPATIAL] [ 52920][11:00:17:600871][info  ] RTSpatialIndex 0x74c8d908e130 (Free 22005 MB), Probe Rectangles, Size: 13740, Results: 325005
[LIBGPUSPATIAL] [ 52920][11:00:17:600908][info  ] RTSpatialIndex 0x74c8d908e130 (Free 22005 MB), Profiling Results. Alloc: 0.08 ms, Prepare: 0.60 ms, RT: 4.90 ms, Copy res: 1.42 ms
[LIBGPUSPATIAL] [ 52920][11:00:17:616947][info  ] RTSpatialRefiner 0x74c8db5a7550 (Free 22005 MB), Loaded Geometries, ProbeArray 13740, Loaded 2689, Type MultiPolygon
[LIBGPUSPATIAL] [ 52920][11:00:17:617090][info  ] RTSpatialRefiner 0x74c8db5a7550 (Free 22005 MB), Evaluating 325005 Geometry Pairs with Predicate Within
[LIBGPUSPATIAL] [ 52920][11:00:17:646258][info  ] RTSpatialRefiner 0x74c8db5a7550 (Free 22005 MB), Profiling Results. Parse: 15.23 ms, Refine: 28.94 ms, Copy Results: 0.31 ms
[LIBGPUSPATIAL] [ 52920][11:00:17:760586][info  ] RTSpatialIndex 0x74c8d908e130 (Free 22005 MB), Allocate result buffer, memory consumption 6 MB, capacity 815600
[LIBGPUSPATIAL] [ 52920][11:00:17:764332][info  ] RTSpatialIndex 0x74c8d908e130 (Free 22005 MB), Probe Rectangles, Size: 12276, Results: 815600
[LIBGPUSPATIAL] [ 52920][11:00:17:764368][info  ] RTSpatialIndex 0x74c8d908e130 (Free 22005 MB), Profiling Results. Alloc: 0.09 ms, Prepare: 0.49 ms, RT: 0.77 ms, Copy res: 3.33 ms
[LIBGPUSPATIAL] [ 52920][11:00:17:779711][info  ] RTSpatialRefiner 0x74c8db5a7550 (Free 22005 MB), Loaded Geometries, ProbeArray 12276, Loaded 2431, Type MultiPolygon
[LIBGPUSPATIAL] [ 52920][11:00:17:779987][info  ] RTSpatialRefiner 0x74c8db5a7550 (Free 22005 MB), Evaluating 815600 Geometry Pairs with Predicate Within
[LIBGPUSPATIAL] [ 52920][11:00:17:785870][info  ] RTSpatialRefiner 0x74c8db5a7550 (Free 22005 MB), Profiling Results. Parse: 13.83 ms, Refine: 5.70 ms, Copy Results: 0.42 ms
[LIBGPUSPATIAL] [ 52920][11:00:17:981783][info  ] RTSpatialIndex 0x74c8d908e130 (Free 22005 MB), Allocate result buffer, memory consumption 4 MB, capacity 617528
[LIBGPUSPATIAL] [ 52920][11:00:17:983073][info  ] RTSpatialIndex 0x74c8d908e130 (Free 22005 MB), Probe Rectangles, Size: 13740, Results: 617528
[LIBGPUSPATIAL] [ 52920][11:00:17:983102][info  ] RTSpatialIndex 0x74c8d908e130 (Free 22005 MB), Profiling Results. Alloc: 0.10 ms, Prepare: 0.50 ms, RT: 0.78 ms, Copy res: 0.86 ms
[LIBGPUSPATIAL] [ 52920][11:00:18:006650][info  ] RTSpatialRefiner 0x74c8db5a7550 (Free 22005 MB), Loaded Geometries, ProbeArray 13740, Loaded 2756, Type MultiPolygon
[LIBGPUSPATIAL] [ 52920][11:00:18:006854][info  ] RTSpatialRefiner 0x74c8db5a7550 (Free 22005 MB), Evaluating 617528 Geometry Pairs with Predicate Within
[LIBGPUSPATIAL] [ 52920][11:00:18:014851][info  ] RTSpatialRefiner 0x74c8db5a7550 (Free 22005 MB), Profiling Results. Parse: 21.03 ms, Refine: 7.79 ms, Copy Results: 0.36 ms
[LIBGPUSPATIAL] [ 52920][11:00:18:156679][info  ] RTSpatialIndex 0x74c8d908e130 (Free 22005 MB), Allocate result buffer, memory consumption 3 MB, capacity 508540
[LIBGPUSPATIAL] [ 52920][11:00:18:157873][info  ] RTSpatialIndex 0x74c8d908e130 (Free 22005 MB), Probe Rectangles, Size: 12276, Results: 508540
[LIBGPUSPATIAL] [ 52920][11:00:18:157902][info  ] RTSpatialIndex 0x74c8d908e130 (Free 22005 MB), Profiling Results. Alloc: 0.09 ms, Prepare: 0.47 ms, RT: 0.81 ms, Copy res: 0.77 ms
[LIBGPUSPATIAL] [ 52920][11:00:18:171803][info  ] RTSpatialRefiner 0x74c8db5a7550 (Free 22005 MB), Loaded Geometries, ProbeArray 12276, Loaded 2527, Type MultiPolygon
[LIBGPUSPATIAL] [ 52920][11:00:18:171981][info  ] RTSpatialRefiner 0x74c8db5a7550 (Free 22005 MB), Evaluating 508540 Geometry Pairs with Predicate Within
[LIBGPUSPATIAL] [ 52920][11:00:18:179908][info  ] RTSpatialRefiner 0x74c8db5a7550 (Free 22005 MB), Profiling Results. Parse: 12.63 ms, Refine: 7.76 ms, Copy Results: 0.30 ms
[LIBGPUSPATIAL] [ 52920][11:00:18:322939][info  ] RTSpatialIndex 0x74c8d908e130 (Free 22005 MB), Allocate result buffer, memory consumption 3 MB, capacity 523852
[LIBGPUSPATIAL] [ 52920][11:00:18:324130][info  ] RTSpatialIndex 0x74c8d908e130 (Free 22005 MB), Probe Rectangles, Size: 13740, Results: 523852
[LIBGPUSPATIAL] [ 52920][11:00:18:324159][info  ] RTSpatialIndex 0x74c8d908e130 (Free 22005 MB), Profiling Results. Alloc: 0.11 ms, Prepare: 0.47 ms, RT: 0.77 ms, Copy res: 0.75 ms
[LIBGPUSPATIAL] [ 52920][11:00:18:344674][info  ] RTSpatialRefiner 0x74c8db5a7550 (Free 22005 MB), Loaded Geometries, ProbeArray 13740, Loaded 2832, Type MultiPolygon
[LIBGPUSPATIAL] [ 52920][11:00:18:344846][info  ] RTSpatialRefiner 0x74c8db5a7550 (Free 22005 MB), Evaluating 523852 Geometry Pairs with Predicate Within
[LIBGPUSPATIAL] [ 52920][11:00:18:350700][info  ] RTSpatialRefiner 0x74c8db5a7550 (Free 22005 MB), Profiling Results. Parse: 19.12 ms, Refine: 5.61 ms, Copy Results: 0.38 ms
[LIBGPUSPATIAL] [ 52920][11:00:18:514045][info  ] RTSpatialIndex 0x74c8d908e130 (Free 22005 MB), Allocate result buffer, memory consumption 11 MB, capacity 1495810
[LIBGPUSPATIAL] [ 52920][11:00:18:518854][info  ] RTSpatialIndex 0x74c8d908e130 (Free 22005 MB), Probe Rectangles, Size: 12276, Results: 1495810
[LIBGPUSPATIAL] [ 52920][11:00:18:518887][info  ] RTSpatialIndex 0x74c8d908e130 (Free 22005 MB), Profiling Results. Alloc: 0.09 ms, Prepare: 0.47 ms, RT: 0.94 ms, Copy res: 4.30 ms
[LIBGPUSPATIAL] [ 52920][11:00:18:532840][info  ] RTSpatialRefiner 0x74c8db5a7550 (Free 22005 MB), Loaded Geometries, ProbeArray 12276, Loaded 2372, Type MultiPolygon
[LIBGPUSPATIAL] [ 52920][11:00:18:533298][info  ] RTSpatialRefiner 0x74c8db5a7550 (Free 22005 MB), Evaluating 1495810 Geometry Pairs with Predicate Within
[LIBGPUSPATIAL] [ 52920][11:00:18:561222][info  ] RTSpatialRefiner 0x74c8db5a7550 (Free 22005 MB), Profiling Results. Parse: 13.01 ms, Refine: 27.89 ms, Copy Results: 0.44 ms
[LIBGPUSPATIAL] [ 52920][11:00:18:775180][info  ] RTSpatialIndex 0x74c8d908e130 (Free 22005 MB), Allocate result buffer, memory consumption 5 MB, capacity 657192
[LIBGPUSPATIAL] [ 52920][11:00:18:776470][info  ] RTSpatialIndex 0x74c8d908e130 (Free 22005 MB), Probe Rectangles, Size: 13740, Results: 657192
[LIBGPUSPATIAL] [ 52920][11:00:18:776500][info  ] RTSpatialIndex 0x74c8d908e130 (Free 22005 MB), Profiling Results. Alloc: 0.09 ms, Prepare: 0.47 ms, RT: 0.74 ms, Copy res: 0.89 ms
[LIBGPUSPATIAL] [ 52920][11:00:18:793582][info  ] RTSpatialRefiner 0x74c8db5a7550 (Free 22005 MB), Loaded Geometries, ProbeArray 13740, Loaded 2770, Type MultiPolygon
[LIBGPUSPATIAL] [ 52920][11:00:18:793792][info  ] RTSpatialRefiner 0x74c8db5a7550 (Free 22005 MB), Evaluating 657192 Geometry Pairs with Predicate Within
[LIBGPUSPATIAL] [ 52920][11:00:18:799233][info  ] RTSpatialRefiner 0x74c8db5a7550 (Free 22005 MB), Profiling Results. Parse: 15.26 ms, Refine: 5.15 ms, Copy Results: 0.46 ms
[LIBGPUSPATIAL] [ 52920][11:00:19:004619][info  ] RTSpatialIndex 0x74c8d908e130 (Free 22005 MB), Allocate result buffer, memory consumption 2 MB, capacity 291001
[LIBGPUSPATIAL] [ 52920][11:00:19:005515][info  ] RTSpatialIndex 0x74c8d908e130 (Free 22005 MB), Probe Rectangles, Size: 12276, Results: 291001
[LIBGPUSPATIAL] [ 52920][11:00:19:005547][info  ] RTSpatialIndex 0x74c8d908e130 (Free 22005 MB), Profiling Results. Alloc: 0.10 ms, Prepare: 0.47 ms, RT: 0.74 ms, Copy res: 0.49 ms
[LIBGPUSPATIAL] [ 52920][11:00:19:019850][info  ] RTSpatialRefiner 0x74c8db5a7550 (Free 22005 MB), Loaded Geometries, ProbeArray 12276, Loaded 2493, Type MultiPolygon
[LIBGPUSPATIAL] [ 52920][11:00:19:019976][info  ] RTSpatialRefiner 0x74c8db5a7550 (Free 22005 MB), Evaluating 291001 Geometry Pairs with Predicate Within
[LIBGPUSPATIAL] [ 52920][11:00:19:025455][info  ] RTSpatialRefiner 0x74c8db5a7550 (Free 22005 MB), Profiling Results. Parse: 13.02 ms, Refine: 5.36 ms, Copy Results: 0.20 ms
[LIBGPUSPATIAL] [ 52920][11:00:19:137711][info  ] RTSpatialIndex 0x74c8d908e130 (Free 22005 MB), Allocate result buffer, memory consumption 4 MB, capacity 633984
[LIBGPUSPATIAL] [ 52920][11:00:19:139016][info  ] RTSpatialIndex 0x74c8d908e130 (Free 22005 MB), Probe Rectangles, Size: 13740, Results: 633984
[LIBGPUSPATIAL] [ 52920][11:00:19:139045][info  ] RTSpatialIndex 0x74c8d908e130 (Free 22005 MB), Profiling Results. Alloc: 0.09 ms, Prepare: 0.47 ms, RT: 0.80 ms, Copy res: 0.88 ms
[LIBGPUSPATIAL] [ 52920][11:00:19:157022][info  ] RTSpatialRefiner 0x74c8db5a7550 (Free 22005 MB), Loaded Geometries, ProbeArray 13740, Loaded 2783, Type MultiPolygon
[LIBGPUSPATIAL] [ 52920][11:00:19:157229][info  ] RTSpatialRefiner 0x74c8db5a7550 (Free 22005 MB), Evaluating 633984 Geometry Pairs with Predicate Within
[LIBGPUSPATIAL] [ 52920][11:00:19:164523][info  ] RTSpatialRefiner 0x74c8db5a7550 (Free 22005 MB), Profiling Results. Parse: 16.50 ms, Refine: 7.21 ms, Copy Results: 0.26 ms
[LIBGPUSPATIAL] [ 52920][11:00:19:280305][info  ] RTSpatialIndex 0x74c8d908e130 (Free 22005 MB), Allocate result buffer, memory consumption 2 MB, capacity 372024
[LIBGPUSPATIAL] [ 52920][11:00:19:281281][info  ] RTSpatialIndex 0x74c8d908e130 (Free 22005 MB), Probe Rectangles, Size: 12276, Results: 372024
[LIBGPUSPATIAL] [ 52920][11:00:19:281311][info  ] RTSpatialIndex 0x74c8d908e130 (Free 22005 MB), Profiling Results. Alloc: 0.09 ms, Prepare: 0.46 ms, RT: 0.74 ms, Copy res: 0.58 ms
[LIBGPUSPATIAL] [ 52920][11:00:19:295861][info  ] RTSpatialRefiner 0x74c8db5a7550 (Free 22005 MB), Loaded Geometries, ProbeArray 12276, Loaded 2500, Type MultiPolygon
[LIBGPUSPATIAL] [ 52920][11:00:19:296012][info  ] RTSpatialRefiner 0x74c8db5a7550 (Free 22005 MB), Evaluating 372024 Geometry Pairs with Predicate Within
[LIBGPUSPATIAL] [ 52920][11:00:19:300478][info  ] RTSpatialRefiner 0x74c8db5a7550 (Free 22005 MB), Profiling Results. Parse: 13.52 ms, Refine: 4.34 ms, Copy Results: 0.24 ms
[LIBGPUSPATIAL] [ 52920][11:00:19:427658][info  ] RTSpatialIndex 0x74c8d908e130 (Free 22005 MB), Allocate result buffer, memory consumption 5 MB, capacity 730220
[LIBGPUSPATIAL] [ 52920][11:00:19:429080][info  ] RTSpatialIndex 0x74c8d908e130 (Free 22005 MB), Probe Rectangles, Size: 13740, Results: 730220
[LIBGPUSPATIAL] [ 52920][11:00:19:429117][info  ] RTSpatialIndex 0x74c8d908e130 (Free 22005 MB), Profiling Results. Alloc: 0.09 ms, Prepare: 0.46 ms, RT: 0.80 ms, Copy res: 0.99 ms
[LIBGPUSPATIAL] [ 52920][11:00:19:447540][info  ] RTSpatialRefiner 0x74c8db5a7550 (Free 22005 MB), Loaded Geometries, ProbeArray 13740, Loaded 2791, Type MultiPolygon
[LIBGPUSPATIAL] [ 52920][11:00:19:447765][info  ] RTSpatialRefiner 0x74c8db5a7550 (Free 22005 MB), Evaluating 730220 Geometry Pairs with Predicate Within
[LIBGPUSPATIAL] [ 52920][11:00:19:454329][info  ] RTSpatialRefiner 0x74c8db5a7550 (Free 22005 MB), Profiling Results. Parse: 16.89 ms, Refine: 6.43 ms, Copy Results: 0.32 ms
[LIBGPUSPATIAL] [ 52920][11:00:19:589496][info  ] RTSpatialIndex 0x74c8d908e130 (Free 22005 MB), Allocate result buffer, memory consumption 2 MB, capacity 327037
[LIBGPUSPATIAL] [ 52920][11:00:19:590427][info  ] RTSpatialIndex 0x74c8d908e130 (Free 22005 MB), Probe Rectangles, Size: 12275, Results: 327037
[LIBGPUSPATIAL] [ 52920][11:00:19:590457][info  ] RTSpatialIndex 0x74c8d908e130 (Free 22005 MB), Profiling Results. Alloc: 0.09 ms, Prepare: 0.46 ms, RT: 0.73 ms, Copy res: 0.53 ms
[LIBGPUSPATIAL] [ 52920][11:00:19:604454][info  ] RTSpatialRefiner 0x74c8db5a7550 (Free 22005 MB), Loaded Geometries, ProbeArray 12275, Loaded 2420, Type MultiPolygon
[LIBGPUSPATIAL] [ 52920][11:00:19:604574][info  ] RTSpatialRefiner 0x74c8db5a7550 (Free 22005 MB), Evaluating 327037 Geometry Pairs with Predicate Within
[LIBGPUSPATIAL] [ 52920][11:00:19:608528][info  ] RTSpatialRefiner 0x74c8db5a7550 (Free 22005 MB), Profiling Results. Parse: 12.54 ms, Refine: 3.81 ms, Copy Results: 0.23 ms
[LIBGPUSPATIAL] [ 52920][11:00:19:674498][info  ] Create RTSpatialIndex 0x74c8d908e130, fast_build = 0, compact = 0, concurrency = 1
[LIBGPUSPATIAL] [ 52920][11:00:19:674812][info  ] Create RTSpatialRefiner 0x74c8db5a7550, fast_build = 0, compact = 0, parsing_threads = 8, concurrency = 1, pipeline_batches = 1, wkb_parser_memory_quota = 0.80, relate_engine_memory_quota = 0.80
[LIBGPUSPATIAL] [ 52920][11:00:19:789249][info  ] RTSpatialRefiner 0x74c8db5a7550 (Free 22005 MB), Profiling Results. PushBuild: 54.13 ms, FinishBuilding: 0.01 ms
[LIBGPUSPATIAL] [ 52920][11:00:19:789281][info  ] RTSpatialRefiner 0x74c8db5a7550 (Free 22005 MB), FinishBuilding Refiner, Total geoms: 3057046
[LIBGPUSPATIAL] [ 52920][11:00:19:789295][info  ] RTSpatialIndex 0x74c8d908e130 (Free 22005 MB), PushBuild, Rectangles 3057046
[LIBGPUSPATIAL] [ 52920][11:00:19:794714][info  ] RTSpatialIndex 0x74c8d908e130 (Free 22005 MB), FinishBuilding Index on Points, Total geoms: 3057046
[LIBGPUSPATIAL] [ 52920][11:00:19:794738][info  ] RTSpatialIndex 0x74c8d908e130 (Free 22005 MB), Profiling Results. PushBuild: 3.78 ms, FinishBuilding: 1.65 ms
[LIBGPUSPATIAL] [ 52915][11:00:19:864093][info  ] RTSpatialIndex 0x74c8d908e130 (Free 22005 MB), Allocate result buffer, memory consumption 2 MB, capacity 316027
[LIBGPUSPATIAL] [ 52915][11:00:19:865725][info  ] RTSpatialIndex 0x74c8d908e130 (Free 22005 MB), Probe Rectangles, Size: 13740, Results: 316027
[LIBGPUSPATIAL] [ 52915][11:00:19:865760][info  ] RTSpatialIndex 0x74c8d908e130 (Free 22005 MB), Profiling Results. Alloc: 0.09 ms, Prepare: 0.51 ms, RT: 0.37 ms, Copy res: 1.41 ms
[LIBGPUSPATIAL] [ 52915][11:00:19:880848][info  ] RTSpatialRefiner 0x74c8db5a7550 (Free 22005 MB), Loaded Geometries, ProbeArray 13740, Loaded 2649, Type MultiPolygon
[LIBGPUSPATIAL] [ 52915][11:00:19:880978][info  ] RTSpatialRefiner 0x74c8db5a7550 (Free 22005 MB), Evaluating 316027 Geometry Pairs with Predicate Within
[LIBGPUSPATIAL] [ 52915][11:00:19:885914][info  ] RTSpatialRefiner 0x74c8db5a7550 (Free 22005 MB), Profiling Results. Parse: 14.66 ms, Refine: 4.75 ms, Copy Results: 0.27 ms
[LIBGPUSPATIAL] [ 52915][11:00:19:955390][info  ] RTSpatialIndex 0x74c8d908e130 (Free 22005 MB), Allocate result buffer, memory consumption 5 MB, capacity 778123
[LIBGPUSPATIAL] [ 52915][11:00:19:957973][info  ] RTSpatialIndex 0x74c8d908e130 (Free 22005 MB), Probe Rectangles, Size: 12276, Results: 778123
[LIBGPUSPATIAL] [ 52915][11:00:19:958004][info  ] RTSpatialIndex 0x74c8d908e130 (Free 22005 MB), Profiling Results. Alloc: 0.09 ms, Prepare: 0.46 ms, RT: 0.36 ms, Copy res: 2.37 ms
[LIBGPUSPATIAL] [ 52915][11:00:19:971754][info  ] RTSpatialRefiner 0x74c8db5a7550 (Free 22005 MB), Loaded Geometries, ProbeArray 12276, Loaded 2387, Type MultiPolygon
[LIBGPUSPATIAL] [ 52915][11:00:19:972005][info  ] RTSpatialRefiner 0x74c8db5a7550 (Free 22005 MB), Evaluating 778123 Geometry Pairs with Predicate Within
[LIBGPUSPATIAL] [ 52915][11:00:19:977129][info  ] RTSpatialRefiner 0x74c8db5a7550 (Free 22005 MB), Profiling Results. Parse: 12.04 ms, Refine: 4.92 ms, Copy Results: 0.42 ms
[LIBGPUSPATIAL] [ 52915][11:00:20:087433][info  ] RTSpatialIndex 0x74c8d908e130 (Free 22005 MB), Allocate result buffer, memory consumption 4 MB, capacity 540498
[LIBGPUSPATIAL] [ 52915][11:00:20:088431][info  ] RTSpatialIndex 0x74c8d908e130 (Free 22005 MB), Probe Rectangles, Size: 13740, Results: 540498
[LIBGPUSPATIAL] [ 52915][11:00:20:088460][info  ] RTSpatialIndex 0x74c8d908e130 (Free 22005 MB), Profiling Results. Alloc: 0.10 ms, Prepare: 0.49 ms, RT: 0.37 ms, Copy res: 0.78 ms
[LIBGPUSPATIAL] [ 52915][11:00:20:105846][info  ] RTSpatialRefiner 0x74c8db5a7550 (Free 22005 MB), Loaded Geometries, ProbeArray 13740, Loaded 2730, Type MultiPolygon
[LIBGPUSPATIAL] [ 52915][11:00:20:106049][info  ] RTSpatialRefiner 0x74c8db5a7550 (Free 22005 MB), Evaluating 540498 Geometry Pairs with Predicate Within
[LIBGPUSPATIAL] [ 52915][11:00:20:113343][info  ] RTSpatialRefiner 0x74c8db5a7550 (Free 22005 MB), Profiling Results. Parse: 15.97 ms, Refine: 7.08 ms, Copy Results: 0.37 ms
[LIBGPUSPATIAL] [ 52915][11:00:20:207855][info  ] RTSpatialIndex 0x74c8d908e130 (Free 22005 MB), Allocate result buffer, memory consumption 3 MB, capacity 451060
[LIBGPUSPATIAL] [ 52915][11:00:20:208733][info  ] RTSpatialIndex 0x74c8d908e130 (Free 22005 MB), Probe Rectangles, Size: 12276, Results: 451060
[LIBGPUSPATIAL] [ 52915][11:00:20:208763][info  ] RTSpatialIndex 0x74c8d908e130 (Free 22005 MB), Profiling Results. Alloc: 0.10 ms, Prepare: 0.47 ms, RT: 0.36 ms, Copy res: 0.67 ms
[LIBGPUSPATIAL] [ 52915][11:00:20:221868][info  ] RTSpatialRefiner 0x74c8db5a7550 (Free 22005 MB), Loaded Geometries, ProbeArray 12276, Loaded 2483, Type MultiPolygon
[LIBGPUSPATIAL] [ 52915][11:00:20:222024][info  ] RTSpatialRefiner 0x74c8db5a7550 (Free 22005 MB), Evaluating 451060 Geometry Pairs with Predicate Within
[LIBGPUSPATIAL] [ 52915][11:00:20:228844][info  ] RTSpatialRefiner 0x74c8db5a7550 (Free 22005 MB), Profiling Results. Parse: 12.75 ms, Refine: 6.63 ms, Copy Results: 0.30 ms
[LIBGPUSPATIAL] [ 52915][11:00:20:317466][info  ] RTSpatialIndex 0x74c8d908e130 (Free 22005 MB), Allocate result buffer, memory consumption 3 MB, capacity 514833
[LIBGPUSPATIAL] [ 52915][11:00:20:318421][info  ] RTSpatialIndex 0x74c8d908e130 (Free 22005 MB), Probe Rectangles, Size: 13740, Results: 514833
[LIBGPUSPATIAL] [ 52915][11:00:20:318451][info  ] RTSpatialIndex 0x74c8d908e130 (Free 22005 MB), Profiling Results. Alloc: 0.09 ms, Prepare: 0.48 ms, RT: 0.34 ms, Copy res: 0.76 ms
[LIBGPUSPATIAL] [ 52915][11:00:20:338999][info  ] RTSpatialRefiner 0x74c8db5a7550 (Free 22005 MB), Loaded Geometries, ProbeArray 13740, Loaded 2780, Type MultiPolygon
[LIBGPUSPATIAL] [ 52915][11:00:20:339147][info  ] RTSpatialRefiner 0x74c8db5a7550 (Free 22005 MB), Evaluating 514833 Geometry Pairs with Predicate Within
[LIBGPUSPATIAL] [ 52915][11:00:20:344439][info  ] RTSpatialRefiner 0x74c8db5a7550 (Free 22005 MB), Profiling Results. Parse: 19.36 ms, Refine: 5.00 ms, Copy Results: 0.40 ms
[LIBGPUSPATIAL] [ 52915][11:00:20:440833][info  ] RTSpatialIndex 0x74c8d908e130 (Free 22005 MB), Allocate result buffer, memory consumption 9 MB, capacity 1206528
[LIBGPUSPATIAL] [ 52915][11:00:20:443967][info  ] RTSpatialIndex 0x74c8d908e130 (Free 22005 MB), Probe Rectangles, Size: 12276, Results: 1206528
[LIBGPUSPATIAL] [ 52915][11:00:20:443998][info  ] RTSpatialIndex 0x74c8d908e130 (Free 22005 MB), Profiling Results. Alloc: 0.09 ms, Prepare: 0.47 ms, RT: 0.39 ms, Copy res: 2.91 ms
[LIBGPUSPATIAL] [ 52915][11:00:20:458615][info  ] RTSpatialRefiner 0x74c8db5a7550 (Free 22005 MB), Loaded Geometries, ProbeArray 12276, Loaded 2363, Type MultiPolygon
[LIBGPUSPATIAL] [ 52915][11:00:20:459001][info  ] RTSpatialRefiner 0x74c8db5a7550 (Free 22005 MB), Evaluating 1206528 Geometry Pairs with Predicate Within
[LIBGPUSPATIAL] [ 52915][11:00:20:484087][info  ] RTSpatialRefiner 0x74c8db5a7550 (Free 22005 MB), Profiling Results. Parse: 12.91 ms, Refine: 24.98 ms, Copy Results: 0.45 ms
[LIBGPUSPATIAL] [ 52915][11:00:20:597354][info  ] RTSpatialIndex 0x74c8d908e130 (Free 22005 MB), Allocate result buffer, memory consumption 4 MB, capacity 637036
[LIBGPUSPATIAL] [ 52915][11:00:20:598477][info  ] RTSpatialIndex 0x74c8d908e130 (Free 22005 MB), Probe Rectangles, Size: 13740, Results: 637036
[LIBGPUSPATIAL] [ 52915][11:00:20:598513][info  ] RTSpatialIndex 0x74c8d908e130 (Free 22005 MB), Profiling Results. Alloc: 0.10 ms, Prepare: 0.47 ms, RT: 0.36 ms, Copy res: 0.91 ms
[LIBGPUSPATIAL] [ 52915][11:00:20:619365][info  ] RTSpatialRefiner 0x74c8db5a7550 (Free 22005 MB), Loaded Geometries, ProbeArray 13740, Loaded 2718, Type MultiPolygon
[LIBGPUSPATIAL] [ 52915][11:00:20:619578][info  ] RTSpatialRefiner 0x74c8db5a7550 (Free 22005 MB), Evaluating 637036 Geometry Pairs with Predicate Within
[LIBGPUSPATIAL] [ 52915][11:00:20:624337][info  ] RTSpatialRefiner 0x74c8db5a7550 (Free 22005 MB), Profiling Results. Parse: 19.38 ms, Refine: 4.49 ms, Copy Results: 0.45 ms
[LIBGPUSPATIAL] [ 52915][11:00:20:727475][info  ] RTSpatialIndex 0x74c8d908e130 (Free 22005 MB), Allocate result buffer, memory consumption 2 MB, capacity 270825
[LIBGPUSPATIAL] [ 52915][11:00:20:728163][info  ] RTSpatialIndex 0x74c8d908e130 (Free 22005 MB), Probe Rectangles, Size: 12276, Results: 270825
[LIBGPUSPATIAL] [ 52915][11:00:20:728199][info  ] RTSpatialIndex 0x74c8d908e130 (Free 22005 MB), Profiling Results. Alloc: 0.09 ms, Prepare: 0.47 ms, RT: 0.34 ms, Copy res: 0.48 ms
[LIBGPUSPATIAL] [ 52915][11:00:20:742404][info  ] RTSpatialRefiner 0x74c8db5a7550 (Free 22005 MB), Loaded Geometries, ProbeArray 12276, Loaded 2464, Type MultiPolygon
[LIBGPUSPATIAL] [ 52915][11:00:20:742505][info  ] RTSpatialRefiner 0x74c8db5a7550 (Free 22005 MB), Evaluating 270825 Geometry Pairs with Predicate Within
[LIBGPUSPATIAL] [ 52915][11:00:20:748024][info  ] RTSpatialRefiner 0x74c8db5a7550 (Free 22005 MB), Profiling Results. Parse: 13.55 ms, Refine: 5.36 ms, Copy Results: 0.22 ms
[LIBGPUSPATIAL] [ 52915][11:00:20:824377][info  ] RTSpatialIndex 0x74c8d908e130 (Free 22005 MB), Allocate result buffer, memory consumption 2 MB, capacity 390657
[LIBGPUSPATIAL] [ 52915][11:00:20:825208][info  ] RTSpatialIndex 0x74c8d908e130 (Free 22005 MB), Probe Rectangles, Size: 13740, Results: 390657
[LIBGPUSPATIAL] [ 52915][11:00:20:825244][info  ] RTSpatialIndex 0x74c8d908e130 (Free 22005 MB), Profiling Results. Alloc: 0.10 ms, Prepare: 0.48 ms, RT: 0.36 ms, Copy res: 0.62 ms
[LIBGPUSPATIAL] [ 52915][11:00:20:846229][info  ] RTSpatialRefiner 0x74c8db5a7550 (Free 22005 MB), Loaded Geometries, ProbeArray 13740, Loaded 2726, Type MultiPolygon
[LIBGPUSPATIAL] [ 52915][11:00:20:846366][info  ] RTSpatialRefiner 0x74c8db5a7550 (Free 22005 MB), Evaluating 390657 Geometry Pairs with Predicate Within
[LIBGPUSPATIAL] [ 52915][11:00:20:851679][info  ] RTSpatialRefiner 0x74c8db5a7550 (Free 22005 MB), Profiling Results. Parse: 20.60 ms, Refine: 5.15 ms, Copy Results: 0.26 ms
[LIBGPUSPATIAL] [ 52915][11:00:20:925909][info  ] RTSpatialIndex 0x74c8d908e130 (Free 22005 MB), Allocate result buffer, memory consumption 2 MB, capacity 319896
[LIBGPUSPATIAL] [ 52915][11:00:20:926665][info  ] RTSpatialIndex 0x74c8d908e130 (Free 22005 MB), Probe Rectangles, Size: 12276, Results: 319896
[LIBGPUSPATIAL] [ 52915][11:00:20:926703][info  ] RTSpatialIndex 0x74c8d908e130 (Free 22005 MB), Profiling Results. Alloc: 0.10 ms, Prepare: 0.47 ms, RT: 0.35 ms, Copy res: 0.53 ms
[LIBGPUSPATIAL] [ 52915][11:00:20:940381][info  ] RTSpatialRefiner 0x74c8db5a7550 (Free 22005 MB), Loaded Geometries, ProbeArray 12276, Loaded 2414, Type MultiPolygon
[LIBGPUSPATIAL] [ 52915][11:00:20:940495][info  ] RTSpatialRefiner 0x74c8db5a7550 (Free 22005 MB), Evaluating 319896 Geometry Pairs with Predicate Within
[LIBGPUSPATIAL] [ 52915][11:00:20:944266][info  ] RTSpatialRefiner 0x74c8db5a7550 (Free 22005 MB), Profiling Results. Parse: 13.36 ms, Refine: 3.60 ms, Copy Results: 0.24 ms
[LIBGPUSPATIAL] [ 52915][11:00:21:030772][info  ] RTSpatialIndex 0x74c8d908e130 (Free 22005 MB), Allocate result buffer, memory consumption 5 MB, capacity 662983
[LIBGPUSPATIAL] [ 52915][11:00:21:031907][info  ] RTSpatialIndex 0x74c8d908e130 (Free 22005 MB), Probe Rectangles, Size: 13740, Results: 662983
[LIBGPUSPATIAL] [ 52915][11:00:21:031944][info  ] RTSpatialIndex 0x74c8d908e130 (Free 22005 MB), Profiling Results. Alloc: 0.10 ms, Prepare: 0.45 ms, RT: 0.38 ms, Copy res: 0.91 ms
[LIBGPUSPATIAL] [ 52915][11:00:21:047654][info  ] RTSpatialRefiner 0x74c8db5a7550 (Free 22005 MB), Loaded Geometries, ProbeArray 13740, Loaded 2740, Type MultiPolygon
[LIBGPUSPATIAL] [ 52915][11:00:21:047861][info  ] RTSpatialRefiner 0x74c8db5a7550 (Free 22005 MB), Evaluating 662983 Geometry Pairs with Predicate Within
[LIBGPUSPATIAL] [ 52915][11:00:21:053452][info  ] RTSpatialRefiner 0x74c8db5a7550 (Free 22005 MB), Profiling Results. Parse: 15.01 ms, Refine: 5.43 ms, Copy Results: 0.33 ms
[LIBGPUSPATIAL] [ 52915][11:00:21:134171][info  ] RTSpatialIndex 0x74c8d908e130 (Free 22005 MB), Allocate result buffer, memory consumption 2 MB, capacity 295844
[LIBGPUSPATIAL] [ 52915][11:00:21:134877][info  ] RTSpatialIndex 0x74c8d908e130 (Free 22005 MB), Probe Rectangles, Size: 12275, Results: 295844
[LIBGPUSPATIAL] [ 52915][11:00:21:134906][info  ] RTSpatialIndex 0x74c8d908e130 (Free 22005 MB), Profiling Results. Alloc: 0.09 ms, Prepare: 0.45 ms, RT: 0.34 ms, Copy res: 0.51 ms
[LIBGPUSPATIAL] [ 52915][11:00:21:147663][info  ] RTSpatialRefiner 0x74c8db5a7550 (Free 22005 MB), Loaded Geometries, ProbeArray 12275, Loaded 2394, Type MultiPolygon
[LIBGPUSPATIAL] [ 52915][11:00:21:147763][info  ] RTSpatialRefiner 0x74c8db5a7550 (Free 22005 MB), Evaluating 295844 Geometry Pairs with Predicate Within
[LIBGPUSPATIAL] [ 52915][11:00:21:151287][info  ] RTSpatialRefiner 0x74c8db5a7550 (Free 22005 MB), Profiling Results. Parse: 12.46 ms, Refine: 3.35 ms, Copy Results: 0.23 ms
Testing Q11 Execution with GPU using External Tables
No limits applied - using full dataset

GPU mode enabled
Target partitions set to: 1

Creating external tables from Parquet files...
External tables created successfully

Creating geometry views...
Views created successfully

Execution plan for Q11 spatial join (GPU mode):
┌───────────────┬──────────────────────────────────────────────────────────────────────────────────┐
│   plan_type   ┆                                       plan                                       │
│      utf8     ┆                                       utf8                                       │
╞═══════════════╪══════════════════════════════════════════════════════════════════════════════════╡
│ logical_plan  ┆ Projection: count(Int64(1)) AS count(*) AS cross_zone_trip_count                 │
│               ┆   Aggregate: groupBy=[[]], aggr=[[count(Int64(1))]]                              │
│               ┆     Projection:                                                                  │
│               ┆       SpatialJoin: join_type=Inner, filter=pickup_zone.z_zonekey != dropoff_zone │
│               ┆ .z_zonekey AND st_within(t.dropoff_geom, dropoff_zone.geom)                      │
│               ┆         Projection: t.dropoff_geom, pickup_zone.z_zonekey                        │
│               ┆           SpatialJoin: join_type=Inner, filter=st_within(t.pickup_geom, pickup_z │
│               ┆ one.geom)                                                                        │
│               ┆             SubqueryAlias: t                                                     │
│               ┆               SubqueryAlias: trip_geom                                           │
│               ┆                 Projection: st_geomfromwkb(trip_table.t_pickuploc) AS pickup_geo │
│               ┆ m, st_geomfromwkb(trip_table.t_dropoffloc) AS dropoff_geom                       │
│               ┆                   TableScan: trip_table projection=[t_pickuploc, t_dropoffloc]   │
│               ┆             SubqueryAlias: pickup_zone                                           │
│               ┆               SubqueryAlias: zone_geom                                           │
│               ┆                 Projection: zone_table.z_zonekey, st_geomfromwkb(zone_table.z_bo │
│               ┆ undary) AS geom                                                                  │
│               ┆                   TableScan: zone_table projection=[z_zonekey, z_boundary]       │
│               ┆         SubqueryAlias: dropoff_zone                                              │
│               ┆           SubqueryAlias: zone_geom                                               │
│               ┆             Projection: zone_table.z_zonekey, st_geomfromwkb(zone_table.z_bounda │
│               ┆ ry) AS geom                                                                      │
│               ┆               TableScan: zone_table projection=[z_zonekey, z_boundary]           │
├╌╌╌╌╌╌╌╌╌╌╌╌╌╌╌┼╌╌╌╌╌╌╌╌╌╌╌╌╌╌╌╌╌╌╌╌╌╌╌╌╌╌╌╌╌╌╌╌╌╌╌╌╌╌╌╌╌╌╌╌╌╌╌╌╌╌╌╌╌╌╌╌╌╌╌╌╌╌╌╌╌╌╌╌╌╌╌╌╌╌╌╌╌╌╌╌╌╌┤
│ physical_plan ┆ ProjectionExec: expr=[count(Int64(1))@0 as cross_zone_trip_count]                │
│               ┆   AggregateExec: mode=Single, gby=[], aggr=[count(Int64(1))]                     │
│               ┆     ProjectionExec: expr=[]                                                      │
│               ┆       SpatialJoinExec: join_type=Inner, on=ST_within(dropoff_geom@0, geom@1), fi │
│               ┆ lter=z_zonekey@0 != z_zonekey@1                                                  │
│               ┆         SpatialJoinExec: join_type=Inner, on=ST_within(pickup_geom@0, geom@1), p │
│               ┆ rojection=[dropoff_geom@1, z_zonekey@2]                                          │
│               ┆           ProjectionExec: expr=[st_geomfromwkb(t_pickuploc@0) as pickup_geom, st │
│               ┆ _geomfromwkb(t_dropoffloc@1) as dropoff_geom]                                    │
│               ┆             DataSourceExec: file_groups={1 group: [[mnt/data/sedona-spatialbench │
│               ┆ /paper/benchmark-data-sf1/trip/trip.1.parquet:0..182361649, mnt/data/sedona-spat │
│               ┆ ialbench/paper/benchmark-data-sf1/trip/trip.2.parquet:0..182311531]]}, projectio │
│               ┆ n=[t_pickuploc, t_dropoffloc], file_type=parquet                                 │
│               ┆           ProjectionExec: expr=[z_zonekey@0 as z_zonekey, st_geomfromwkb(z_bound │
│               ┆ ary@1) as geom]                                                                  │
│               ┆             DataSourceExec: file_groups={1 group: [[mnt/data/sedona-spatialbench │
│               ┆ /paper/benchmark-data-sf1/zone/zone.1.parquet, mnt/data/sedona-spatialbench/pape │
│               ┆ r/benchmark-data-sf1/zone/zone.2.parquet, mnt/data/sedona-spatialbench/paper/ben │
│               ┆ chmark-data-sf1/zone/zone.3.parquet, mnt/data/sedona-spatialbench/paper/benchmar │
│               ┆ k-data-sf1/zone/zone.4.parquet, mnt/data/sedona-spatialbench/paper/benchmark-dat │
│               ┆ a-sf1/zone/zone.5.parquet, ...]]}, projection=[z_zonekey, z_boundary], file_type │
│               ┆ =parquet                                                                         │
│               ┆         ProjectionExec: expr=[z_zonekey@0 as z_zonekey, st_geomfromwkb(z_boundar │
│               ┆ y@1) as geom]                                                                    │
│               ┆           DataSourceExec: file_groups={1 group: [[mnt/data/sedona-spatialbench/p │
│               ┆ aper/benchmark-data-sf1/zone/zone.1.parquet, mnt/data/sedona-spatialbench/paper/ │
│               ┆ benchmark-data-sf1/zone/zone.2.parquet, mnt/data/sedona-spatialbench/paper/bench │
│               ┆ mark-data-sf1/zone/zone.3.parquet, mnt/data/sedona-spatialbench/paper/benchmark- │
│               ┆ data-sf1/zone/zone.4.parquet, mnt/data/sedona-spatialbench/paper/benchmark-data- │
│               ┆ sf1/zone/zone.5.parquet, ...]]}, projection=[z_zonekey, z_boundary], file_type=p │
│               ┆ arquet                                                                           │
│               ┆                                                                                  │
└───────────────┴──────────────────────────────────────────────────────────────────────────────────┘

Running Q11 query ...
Query: Count trips crossing between different zones

Warmup Run
┌───────────────────┬──────────────────────────────────────────────────────────────────────────────┐
│     plan_type     ┆                                     plan                                     │
│        utf8       ┆                                     utf8                                     │
╞═══════════════════╪══════════════════════════════════════════════════════════════════════════════╡
│ Plan with Metrics ┆ ProjectionExec: expr=[count(Int64(1))@0 as cross_zone_trip_count], metrics=[ │
│                   ┆ output_rows=1, elapsed_compute=1.44µs, output_bytes=8.0 B]                   │
│                   ┆   AggregateExec: mode=Single, gby=[], aggr=[count(Int64(1))], metrics=[outpu │
│                   ┆ t_rows=1, elapsed_compute=138.674µs, output_bytes=8.0 B]                     │
│                   ┆     ProjectionExec: expr=[], metrics=[output_rows=176391, elapsed_compute=14 │
│                   ┆ .619µs, output_bytes=0.0 B]                                                  │
│                   ┆       SpatialJoinExec: join_type=Inner, on=ST_within(dropoff_geom@0, geom@1) │
│                   ┆ , filter=z_zonekey@0 != z_zonekey@1, metrics=[output_rows=176391, spill_coun │
│                   ┆ t=0, spilled_bytes=0.0 B, spilled_rows=0, build_input_batches=22, build_inpu │
│                   ┆ t_rows=3057046, join_result_candidates=6384310, join_result_count=3062667, o │
│                   ┆ utput_batches=24, probe_input_batches=12, probe_input_rows=156095, build_inp │
│                   ┆ ut_total_size_bytes=483013444, build_mem_used=483013444, execution_mode=1, r │
│                   ┆ efiner_mem_used=0, build_input_collection_time=397.675751ms, build_time=120. │
│                   ┆ 324378ms, join_time=889.082817ms, partition_probe_time=1ns]                  │
│                   ┆         SpatialJoinExec: join_type=Inner, on=ST_within(pickup_geom@0, geom@1 │
│                   ┆ ), projection=[dropoff_geom@1, z_zonekey@2], metrics=[output_rows=3057046, s │
│                   ┆ pill_count=0, spilled_bytes=0.0 B, spilled_rows=0, build_input_batches=4, bu │
│                   ┆ ild_input_rows=6000000, join_result_candidates=7297793, join_result_count=30 │
│                   ┆ 57046, output_batches=22, probe_input_batches=12, probe_input_rows=156095, b │
│                   ┆ uild_input_total_size_bytes=1122000032, build_mem_used=1122000032, execution │
│                   ┆ _mode=1, refiner_mem_used=0, build_input_collection_time=713.69895ms, build_ │
│                   ┆ time=581.578322ms, join_time=1.171164184s, partition_probe_time=1ns]         │
│                   ┆           ProjectionExec: expr=[st_geomfromwkb(t_pickuploc@0) as pickup_geom │
│                   ┆ , st_geomfromwkb(t_dropoffloc@1) as dropoff_geom], metrics=[output_rows=6000 │
│                   ┆ 000, elapsed_compute=212.524933ms, output_bytes=542.1 MB]                    │
│                   ┆             DataSourceExec: file_groups={1 group: [[mnt/data/sedona-spatialb │
│                   ┆ ench/paper/benchmark-data-sf1/trip/trip.1.parquet:0..182361649, mnt/data/sed │
│                   ┆ ona-spatialbench/paper/benchmark-data-sf1/trip/trip.2.parquet:0..182311531]] │
│                   ┆ }, projection=[t_pickuploc, t_dropoffloc], file_type=parquet, metrics=[outpu │
│                   ┆ t_rows=6000000, elapsed_compute=1ns, output_bytes=542.1 MB, files_ranges_pru │
│                   ┆ ned_statistics=2 total → 2 matched, row_groups_pruned_statistics=4 total → 4 │
│                   ┆  matched, row_groups_pruned_bloom_filter=4 total → 4 matched, page_index_row │
│                   ┆ s_pruned=0 total → 0 matched, batches_split=0, bytes_scanned=209738293, file │
│                   ┆ _open_errors=0, file_scan_errors=0, num_predicate_creation_errors=0, predica │
│                   ┆ te_cache_inner_records=0, predicate_cache_records=0, predicate_evaluation_er │
│                   ┆ rors=0, pushdown_rows_matched=0, pushdown_rows_pruned=0, bloom_filter_eval_t │
│                   ┆ ime=4ns, metadata_load_time=314.395µs, page_index_eval_time=4ns, row_pushdow │
│                   ┆ n_eval_time=4ns, statistics_eval_time=4ns, time_elapsed_opening=187.468µs, t │
│                   ┆ ime_elapsed_processing=208.799757ms, time_elapsed_scanning_total=1.177689503 │
│                   ┆ s, time_elapsed_scanning_until_data=118.546048ms]                            │
│                   ┆           ProjectionExec: expr=[z_zonekey@0 as z_zonekey, st_geomfromwkb(z_b │
│                   ┆ oundary@1) as geom], metrics=[output_rows=156095, elapsed_compute=26.170437m │
│                   ┆ s, output_bytes=1338.5 MB]                                                   │
│                   ┆             DataSourceExec: file_groups={1 group: [[mnt/data/sedona-spatialb │
│                   ┆ ench/paper/benchmark-data-sf1/zone/zone.1.parquet, mnt/data/sedona-spatialbe │
│                   ┆ nch/paper/benchmark-data-sf1/zone/zone.2.parquet, mnt/data/sedona-spatialben │
│                   ┆ ch/paper/benchmark-data-sf1/zone/zone.3.parquet, mnt/data/sedona-spatialbenc │
│                   ┆ h/paper/benchmark-data-sf1/zone/zone.4.parquet, mnt/data/sedona-spatialbench │
│                   ┆ /paper/benchmark-data-sf1/zone/zone.5.parquet, ...]]}, projection=[z_zonekey │
│                   ┆ , z_boundary], file_type=parquet, metrics=[output_rows=156095, elapsed_compu │
│                   ┆ te=1ns, output_bytes=1338.5 MB, files_ranges_pruned_statistics=6 total → 6 m │
│                   ┆ atched, row_groups_pruned_statistics=12 total → 12 matched, row_groups_prune │
│                   ┆ d_bloom_filter=12 total → 12 matched, page_index_rows_pruned=0 total → 0 mat │
│                   ┆ ched, batches_split=0, bytes_scanned=1384587770, file_open_errors=0, file_sc │
│                   ┆ an_errors=0, num_predicate_creation_errors=0, predicate_cache_inner_records= │
│                   ┆ 0, predicate_cache_records=0, predicate_evaluation_errors=0, pushdown_rows_m │
│                   ┆ atched=0, pushdown_rows_pruned=0, bloom_filter_eval_time=12ns, metadata_load │
│                   ┆ _time=2.447152ms, page_index_eval_time=12ns, row_pushdown_eval_time=12ns, st │
│                   ┆ atistics_eval_time=12ns, time_elapsed_opening=566.632µs, time_elapsed_proces │
│                   ┆ sing=324.607449ms, time_elapsed_scanning_total=2.130388523s, time_elapsed_sc │
│                   ┆ anning_until_data=291.370032ms]                                              │
│                   ┆         ProjectionExec: expr=[z_zonekey@0 as z_zonekey, st_geomfromwkb(z_bou │
│                   ┆ ndary@1) as geom], metrics=[output_rows=156095, elapsed_compute=27.28189ms,  │
│                   ┆ output_bytes=1338.5 MB]                                                      │
│                   ┆           DataSourceExec: file_groups={1 group: [[mnt/data/sedona-spatialben │
│                   ┆ ch/paper/benchmark-data-sf1/zone/zone.1.parquet, mnt/data/sedona-spatialbenc │
│                   ┆ h/paper/benchmark-data-sf1/zone/zone.2.parquet, mnt/data/sedona-spatialbench │
│                   ┆ /paper/benchmark-data-sf1/zone/zone.3.parquet, mnt/data/sedona-spatialbench/ │
│                   ┆ paper/benchmark-data-sf1/zone/zone.4.parquet, mnt/data/sedona-spatialbench/p │
│                   ┆ aper/benchmark-data-sf1/zone/zone.5.parquet, ...]]}, projection=[z_zonekey,  │
│                   ┆ z_boundary], file_type=parquet, metrics=[output_rows=156095, elapsed_compute │
│                   ┆ =1ns, output_bytes=1338.5 MB, files_ranges_pruned_statistics=6 total → 6 mat │
│                   ┆ ched, row_groups_pruned_statistics=12 total → 12 matched, row_groups_pruned_ │
│                   ┆ bloom_filter=12 total → 12 matched, page_index_rows_pruned=0 total → 0 match │
│                   ┆ ed, batches_split=0, bytes_scanned=1384587770, file_open_errors=0, file_scan │
│                   ┆ _errors=0, num_predicate_creation_errors=0, predicate_cache_inner_records=0, │
│                   ┆  predicate_cache_records=0, predicate_evaluation_errors=0, pushdown_rows_mat │
│                   ┆ ched=0, pushdown_rows_pruned=0, bloom_filter_eval_time=12ns, metadata_load_t │
│                   ┆ ime=1.677321ms, page_index_eval_time=12ns, row_pushdown_eval_time=12ns, stat │
│                   ┆ istics_eval_time=12ns, time_elapsed_opening=435.187µs, time_elapsed_processi │
│                   ┆ ng=250.099084ms, time_elapsed_scanning_total=1.376652011s, time_elapsed_scan │
│                   ┆ ning_until_data=252.271791ms]                                                │
│                   ┆                                                                              │
└───────────────────┴──────────────────────────────────────────────────────────────────────────────┘
[LIBGPUSPATIAL] [ 52915][11:00:22:348817][info  ] Create RTSpatialIndex 0x74c8d908e130, fast_build = 0, compact = 0, concurrency = 1
[LIBGPUSPATIAL] [ 52915][11:00:22:349143][info  ] Create RTSpatialRefiner 0x74c8db5a7550, fast_build = 0, compact = 0, parsing_threads = 8, concurrency = 1, pipeline_batches = 1, wkb_parser_memory_quota = 0.80, relate_engine_memory_quota = 0.80
[LIBGPUSPATIAL] [ 52915][11:00:22:544449][info  ] RTSpatialRefiner 0x74c8db5a7550 (Free 22005 MB), Profiling Results. PushBuild: 99.51 ms, FinishBuilding: 0.01 ms
[LIBGPUSPATIAL] [ 52915][11:00:22:544481][info  ] RTSpatialRefiner 0x74c8db5a7550 (Free 22005 MB), FinishBuilding Refiner, Total geoms: 6000000
[LIBGPUSPATIAL] [ 52915][11:00:22:544496][info  ] RTSpatialIndex 0x74c8d908e130 (Free 22005 MB), PushBuild, Rectangles 6000000
[LIBGPUSPATIAL] [ 52915][11:00:22:554705][info  ] RTSpatialIndex 0x74c8d908e130 (Free 22005 MB), FinishBuilding Index on Points, Total geoms: 6000000
[LIBGPUSPATIAL] [ 52915][11:00:22:554730][info  ] RTSpatialIndex 0x74c8d908e130 (Free 22005 MB), Profiling Results. PushBuild: 7.33 ms, FinishBuilding: 2.88 ms
[LIBGPUSPATIAL] [ 52920][11:00:22:631028][info  ] RTSpatialIndex 0x74c8d908e130 (Free 22005 MB), Allocate result buffer, memory consumption 2 MB, capacity 325005
[LIBGPUSPATIAL] [ 52920][11:00:22:631943][info  ] RTSpatialIndex 0x74c8d908e130 (Free 22005 MB), Probe Rectangles, Size: 13740, Results: 325005
[LIBGPUSPATIAL] [ 52920][11:00:22:631984][info  ] RTSpatialIndex 0x74c8d908e130 (Free 22005 MB), Profiling Results. Alloc: 0.11 ms, Prepare: 0.47 ms, RT: 0.75 ms, Copy res: 0.52 ms
[LIBGPUSPATIAL] [ 52920][11:00:22:647333][info  ] RTSpatialRefiner 0x74c8db5a7550 (Free 22005 MB), Loaded Geometries, ProbeArray 13740, Loaded 2689, Type MultiPolygon
[LIBGPUSPATIAL] [ 52920][11:00:22:647441][info  ] RTSpatialRefiner 0x74c8db5a7550 (Free 22005 MB), Evaluating 325005 Geometry Pairs with Predicate Within
[LIBGPUSPATIAL] [ 52920][11:00:22:652654][info  ] RTSpatialRefiner 0x74c8db5a7550 (Free 22005 MB), Profiling Results. Parse: 14.57 ms, Refine: 5.00 ms, Copy Results: 0.28 ms
[LIBGPUSPATIAL] [ 52920][11:00:22:781429][info  ] RTSpatialIndex 0x74c8d908e130 (Free 22005 MB), Allocate result buffer, memory consumption 6 MB, capacity 815600
[LIBGPUSPATIAL] [ 52920][11:00:22:782925][info  ] RTSpatialIndex 0x74c8d908e130 (Free 22005 MB), Probe Rectangles, Size: 12276, Results: 815600
[LIBGPUSPATIAL] [ 52920][11:00:22:782971][info  ] RTSpatialIndex 0x74c8d908e130 (Free 22005 MB), Profiling Results. Alloc: 0.09 ms, Prepare: 0.47 ms, RT: 0.74 ms, Copy res: 1.10 ms
[LIBGPUSPATIAL] [ 52920][11:00:22:798478][info  ] RTSpatialRefiner 0x74c8db5a7550 (Free 22005 MB), Loaded Geometries, ProbeArray 12276, Loaded 2431, Type MultiPolygon
[LIBGPUSPATIAL] [ 52920][11:00:22:798743][info  ] RTSpatialRefiner 0x74c8db5a7550 (Free 22005 MB), Evaluating 815600 Geometry Pairs with Predicate Within
[LIBGPUSPATIAL] [ 52920][11:00:22:804706][info  ] RTSpatialRefiner 0x74c8db5a7550 (Free 22005 MB), Profiling Results. Parse: 13.11 ms, Refine: 5.76 ms, Copy Results: 0.43 ms
[LIBGPUSPATIAL] [ 52920][11:00:23:015645][info  ] RTSpatialIndex 0x74c8d908e130 (Free 22005 MB), Allocate result buffer, memory consumption 4 MB, capacity 617528
[LIBGPUSPATIAL] [ 52920][11:00:23:016935][info  ] RTSpatialIndex 0x74c8d908e130 (Free 22005 MB), Probe Rectangles, Size: 13740, Results: 617528
[LIBGPUSPATIAL] [ 52920][11:00:23:016981][info  ] RTSpatialIndex 0x74c8d908e130 (Free 22005 MB), Profiling Results. Alloc: 0.10 ms, Prepare: 0.48 ms, RT: 0.79 ms, Copy res: 0.86 ms
[LIBGPUSPATIAL] [ 52920][11:00:23:035400][info  ] RTSpatialRefiner 0x74c8db5a7550 (Free 22005 MB), Loaded Geometries, ProbeArray 13740, Loaded 2756, Type MultiPolygon
[LIBGPUSPATIAL] [ 52920][11:00:23:035598][info  ] RTSpatialRefiner 0x74c8db5a7550 (Free 22005 MB), Evaluating 617528 Geometry Pairs with Predicate Within
[LIBGPUSPATIAL] [ 52920][11:00:23:044172][info  ] RTSpatialRefiner 0x74c8db5a7550 (Free 22005 MB), Profiling Results. Parse: 15.79 ms, Refine: 8.36 ms, Copy Results: 0.38 ms
[LIBGPUSPATIAL] [ 52920][11:00:23:201045][info  ] RTSpatialIndex 0x74c8d908e130 (Free 22005 MB), Allocate result buffer, memory consumption 3 MB, capacity 508540
[LIBGPUSPATIAL] [ 52920][11:00:23:202214][info  ] RTSpatialIndex 0x74c8d908e130 (Free 22005 MB), Probe Rectangles, Size: 12276, Results: 508540
[LIBGPUSPATIAL] [ 52920][11:00:23:202244][info  ] RTSpatialIndex 0x74c8d908e130 (Free 22005 MB), Profiling Results. Alloc: 0.09 ms, Prepare: 0.48 ms, RT: 0.80 ms, Copy res: 0.74 ms
[LIBGPUSPATIAL] [ 52920][11:00:23:217805][info  ] RTSpatialRefiner 0x74c8db5a7550 (Free 22005 MB), Loaded Geometries, ProbeArray 12276, Loaded 2527, Type MultiPolygon
[LIBGPUSPATIAL] [ 52920][11:00:23:217985][info  ] RTSpatialRefiner 0x74c8db5a7550 (Free 22005 MB), Evaluating 508540 Geometry Pairs with Predicate Within
[LIBGPUSPATIAL] [ 52920][11:00:23:225850][info  ] RTSpatialRefiner 0x74c8db5a7550 (Free 22005 MB), Profiling Results. Parse: 13.42 ms, Refine: 7.71 ms, Copy Results: 0.30 ms
[LIBGPUSPATIAL] [ 52920][11:00:23:376427][info  ] RTSpatialIndex 0x74c8d908e130 (Free 22005 MB), Allocate result buffer, memory consumption 3 MB, capacity 523852
[LIBGPUSPATIAL] [ 52920][11:00:23:377599][info  ] RTSpatialIndex 0x74c8d908e130 (Free 22005 MB), Probe Rectangles, Size: 13740, Results: 523852
[LIBGPUSPATIAL] [ 52920][11:00:23:377627][info  ] RTSpatialIndex 0x74c8d908e130 (Free 22005 MB), Profiling Results. Alloc: 0.09 ms, Prepare: 0.47 ms, RT: 0.79 ms, Copy res: 0.76 ms
[LIBGPUSPATIAL] [ 52920][11:00:23:394752][info  ] RTSpatialRefiner 0x74c8db5a7550 (Free 22005 MB), Loaded Geometries, ProbeArray 13740, Loaded 2832, Type MultiPolygon
[LIBGPUSPATIAL] [ 52920][11:00:23:394913][info  ] RTSpatialRefiner 0x74c8db5a7550 (Free 22005 MB), Evaluating 523852 Geometry Pairs with Predicate Within
[LIBGPUSPATIAL] [ 52920][11:00:23:400648][info  ] RTSpatialRefiner 0x74c8db5a7550 (Free 22005 MB), Profiling Results. Parse: 15.90 ms, Refine: 5.47 ms, Copy Results: 0.38 ms
[LIBGPUSPATIAL] [ 52920][11:00:23:576567][info  ] RTSpatialIndex 0x74c8d908e130 (Free 22005 MB), Allocate result buffer, memory consumption 11 MB, capacity 1495810
[LIBGPUSPATIAL] [ 52920][11:00:23:578923][info  ] RTSpatialIndex 0x74c8d908e130 (Free 22005 MB), Probe Rectangles, Size: 12276, Results: 1495810
[LIBGPUSPATIAL] [ 52920][11:00:23:578967][info  ] RTSpatialIndex 0x74c8d908e130 (Free 22005 MB), Profiling Results. Alloc: 0.09 ms, Prepare: 0.46 ms, RT: 0.94 ms, Copy res: 1.85 ms
[LIBGPUSPATIAL] [ 52920][11:00:23:596688][info  ] RTSpatialRefiner 0x74c8db5a7550 (Free 22005 MB), Loaded Geometries, ProbeArray 12276, Loaded 2372, Type MultiPolygon
[LIBGPUSPATIAL] [ 52920][11:00:23:597169][info  ] RTSpatialRefiner 0x74c8db5a7550 (Free 22005 MB), Evaluating 1495810 Geometry Pairs with Predicate Within
[LIBGPUSPATIAL] [ 52920][11:00:23:625357][info  ] RTSpatialRefiner 0x74c8db5a7550 (Free 22005 MB), Profiling Results. Parse: 14.03 ms, Refine: 28.18 ms, Copy Results: 0.44 ms
[LIBGPUSPATIAL] [ 52920][11:00:23:833432][info  ] RTSpatialIndex 0x74c8d908e130 (Free 22005 MB), Allocate result buffer, memory consumption 5 MB, capacity 657192
[LIBGPUSPATIAL] [ 52920][11:00:23:834726][info  ] RTSpatialIndex 0x74c8d908e130 (Free 22005 MB), Probe Rectangles, Size: 13740, Results: 657192
[LIBGPUSPATIAL] [ 52920][11:00:23:834758][info  ] RTSpatialIndex 0x74c8d908e130 (Free 22005 MB), Profiling Results. Alloc: 0.09 ms, Prepare: 0.46 ms, RT: 0.74 ms, Copy res: 0.90 ms
[LIBGPUSPATIAL] [ 52920][11:00:23:851411][info  ] RTSpatialRefiner 0x74c8db5a7550 (Free 22005 MB), Loaded Geometries, ProbeArray 13740, Loaded 2770, Type MultiPolygon
[LIBGPUSPATIAL] [ 52920][11:00:23:851626][info  ] RTSpatialRefiner 0x74c8db5a7550 (Free 22005 MB), Evaluating 657192 Geometry Pairs with Predicate Within
[LIBGPUSPATIAL] [ 52920][11:00:23:857005][info  ] RTSpatialRefiner 0x74c8db5a7550 (Free 22005 MB), Profiling Results. Parse: 14.18 ms, Refine: 5.08 ms, Copy Results: 0.47 ms
[LIBGPUSPATIAL] [ 52920][11:00:24:071313][info  ] RTSpatialIndex 0x74c8d908e130 (Free 22005 MB), Allocate result buffer, memory consumption 2 MB, capacity 291001
[LIBGPUSPATIAL] [ 52920][11:00:24:072213][info  ] RTSpatialIndex 0x74c8d908e130 (Free 22005 MB), Probe Rectangles, Size: 12276, Results: 291001
[LIBGPUSPATIAL] [ 52920][11:00:24:072250][info  ] RTSpatialIndex 0x74c8d908e130 (Free 22005 MB), Profiling Results. Alloc: 0.10 ms, Prepare: 0.46 ms, RT: 0.73 ms, Copy res: 0.51 ms
[LIBGPUSPATIAL] [ 52920][11:00:24:087873][info  ] RTSpatialRefiner 0x74c8db5a7550 (Free 22005 MB), Loaded Geometries, ProbeArray 12276, Loaded 2493, Type MultiPolygon
[LIBGPUSPATIAL] [ 52920][11:00:24:087994][info  ] RTSpatialRefiner 0x74c8db5a7550 (Free 22005 MB), Evaluating 291001 Geometry Pairs with Predicate Within
[LIBGPUSPATIAL] [ 52920][11:00:24:093255][info  ] RTSpatialRefiner 0x74c8db5a7550 (Free 22005 MB), Profiling Results. Parse: 14.04 ms, Refine: 5.14 ms, Copy Results: 0.21 ms
[LIBGPUSPATIAL] [ 52920][11:00:24:213568][info  ] RTSpatialIndex 0x74c8d908e130 (Free 22005 MB), Allocate result buffer, memory consumption 4 MB, capacity 633984
[LIBGPUSPATIAL] [ 52920][11:00:24:214859][info  ] RTSpatialIndex 0x74c8d908e130 (Free 22005 MB), Probe Rectangles, Size: 13740, Results: 633984
[LIBGPUSPATIAL] [ 52920][11:00:24:214892][info  ] RTSpatialIndex 0x74c8d908e130 (Free 22005 MB), Profiling Results. Alloc: 0.09 ms, Prepare: 0.47 ms, RT: 0.80 ms, Copy res: 0.87 ms
[LIBGPUSPATIAL] [ 52920][11:00:24:231885][info  ] RTSpatialRefiner 0x74c8db5a7550 (Free 22005 MB), Loaded Geometries, ProbeArray 13740, Loaded 2783, Type MultiPolygon
[LIBGPUSPATIAL] [ 52920][11:00:24:232119][info  ] RTSpatialRefiner 0x74c8db5a7550 (Free 22005 MB), Evaluating 633984 Geometry Pairs with Predicate Within
[LIBGPUSPATIAL] [ 52920][11:00:24:239310][info  ] RTSpatialRefiner 0x74c8db5a7550 (Free 22005 MB), Profiling Results. Parse: 16.24 ms, Refine: 7.12 ms, Copy Results: 0.25 ms
[LIBGPUSPATIAL] [ 52920][11:00:24:366137][info  ] RTSpatialIndex 0x74c8d908e130 (Free 22005 MB), Allocate result buffer, memory consumption 2 MB, capacity 372024
[LIBGPUSPATIAL] [ 52920][11:00:24:367103][info  ] RTSpatialIndex 0x74c8d908e130 (Free 22005 MB), Probe Rectangles, Size: 12276, Results: 372024
[LIBGPUSPATIAL] [ 52920][11:00:24:367134][info  ] RTSpatialIndex 0x74c8d908e130 (Free 22005 MB), Profiling Results. Alloc: 0.10 ms, Prepare: 0.46 ms, RT: 0.73 ms, Copy res: 0.57 ms
[LIBGPUSPATIAL] [ 52920][11:00:24:381653][info  ] RTSpatialRefiner 0x74c8db5a7550 (Free 22005 MB), Loaded Geometries, ProbeArray 12276, Loaded 2500, Type MultiPolygon
[LIBGPUSPATIAL] [ 52920][11:00:24:381796][info  ] RTSpatialRefiner 0x74c8db5a7550 (Free 22005 MB), Evaluating 372024 Geometry Pairs with Predicate Within
[LIBGPUSPATIAL] [ 52920][11:00:24:386368][info  ] RTSpatialRefiner 0x74c8db5a7550 (Free 22005 MB), Profiling Results. Parse: 13.52 ms, Refine: 4.44 ms, Copy Results: 0.24 ms
[LIBGPUSPATIAL] [ 52920][11:00:24:518996][info  ] RTSpatialIndex 0x74c8d908e130 (Free 22005 MB), Allocate result buffer, memory consumption 5 MB, capacity 730220
[LIBGPUSPATIAL] [ 52920][11:00:24:520408][info  ] RTSpatialIndex 0x74c8d908e130 (Free 22005 MB), Probe Rectangles, Size: 13740, Results: 730220
[LIBGPUSPATIAL] [ 52920][11:00:24:520438][info  ] RTSpatialIndex 0x74c8d908e130 (Free 22005 MB), Profiling Results. Alloc: 0.11 ms, Prepare: 0.45 ms, RT: 0.79 ms, Copy res: 0.98 ms
[LIBGPUSPATIAL] [ 52920][11:00:24:538067][info  ] RTSpatialRefiner 0x74c8db5a7550 (Free 22005 MB), Loaded Geometries, ProbeArray 13740, Loaded 2791, Type MultiPolygon
[LIBGPUSPATIAL] [ 52920][11:00:24:538290][info  ] RTSpatialRefiner 0x74c8db5a7550 (Free 22005 MB), Evaluating 730220 Geometry Pairs with Predicate Within
[LIBGPUSPATIAL] [ 52920][11:00:24:544910][info  ] RTSpatialRefiner 0x74c8db5a7550 (Free 22005 MB), Profiling Results. Parse: 16.08 ms, Refine: 6.49 ms, Copy Results: 0.32 ms
[LIBGPUSPATIAL] [ 52920][11:00:24:686703][info  ] RTSpatialIndex 0x74c8d908e130 (Free 22005 MB), Allocate result buffer, memory consumption 2 MB, capacity 327037
[LIBGPUSPATIAL] [ 52920][11:00:24:687629][info  ] RTSpatialIndex 0x74c8d908e130 (Free 22005 MB), Probe Rectangles, Size: 12275, Results: 327037
[LIBGPUSPATIAL] [ 52920][11:00:24:687660][info  ] RTSpatialIndex 0x74c8d908e130 (Free 22005 MB), Profiling Results. Alloc: 0.11 ms, Prepare: 0.48 ms, RT: 0.73 ms, Copy res: 0.52 ms
[LIBGPUSPATIAL] [ 52920][11:00:24:701273][info  ] RTSpatialRefiner 0x74c8db5a7550 (Free 22005 MB), Loaded Geometries, ProbeArray 12275, Loaded 2420, Type MultiPolygon
[LIBGPUSPATIAL] [ 52920][11:00:24:701386][info  ] RTSpatialRefiner 0x74c8db5a7550 (Free 22005 MB), Evaluating 327037 Geometry Pairs with Predicate Within
[LIBGPUSPATIAL] [ 52920][11:00:24:705322][info  ] RTSpatialRefiner 0x74c8db5a7550 (Free 22005 MB), Profiling Results. Parse: 12.47 ms, Refine: 3.79 ms, Copy Results: 0.23 ms
[LIBGPUSPATIAL] [ 52920][11:00:24:770493][info  ] Create RTSpatialIndex 0x74c8d908e130, fast_build = 0, compact = 0, concurrency = 1
[LIBGPUSPATIAL] [ 52920][11:00:24:770799][info  ] Create RTSpatialRefiner 0x74c8db5a7550, fast_build = 0, compact = 0, parsing_threads = 8, concurrency = 1, pipeline_batches = 1, wkb_parser_memory_quota = 0.80, relate_engine_memory_quota = 0.80
[LIBGPUSPATIAL] [ 52920][11:00:24:865390][info  ] RTSpatialRefiner 0x74c8db5a7550 (Free 22005 MB), Profiling Results. PushBuild: 49.27 ms, FinishBuilding: 0.01 ms
[LIBGPUSPATIAL] [ 52920][11:00:24:865423][info  ] RTSpatialRefiner 0x74c8db5a7550 (Free 22005 MB), FinishBuilding Refiner, Total geoms: 3057046
[LIBGPUSPATIAL] [ 52920][11:00:24:865439][info  ] RTSpatialIndex 0x74c8d908e130 (Free 22005 MB), PushBuild, Rectangles 3057046
[LIBGPUSPATIAL] [ 52920][11:00:24:870815][info  ] RTSpatialIndex 0x74c8d908e130 (Free 22005 MB), FinishBuilding Index on Points, Total geoms: 3057046
[LIBGPUSPATIAL] [ 52920][11:00:24:870840][info  ] RTSpatialIndex 0x74c8d908e130 (Free 22005 MB), Profiling Results. PushBuild: 3.77 ms, FinishBuilding: 1.61 ms
[LIBGPUSPATIAL] [ 52915][11:00:24:949386][info  ] RTSpatialIndex 0x74c8d908e130 (Free 22005 MB), Allocate result buffer, memory consumption 2 MB, capacity 316027
[LIBGPUSPATIAL] [ 52915][11:00:24:950093][info  ] RTSpatialIndex 0x74c8d908e130 (Free 22005 MB), Probe Rectangles, Size: 13740, Results: 316027
[LIBGPUSPATIAL] [ 52915][11:00:24:950119][info  ] RTSpatialIndex 0x74c8d908e130 (Free 22005 MB), Profiling Results. Alloc: 0.09 ms, Prepare: 0.45 ms, RT: 0.34 ms, Copy res: 0.51 ms
[LIBGPUSPATIAL] [ 52915][11:00:24:964942][info  ] RTSpatialRefiner 0x74c8db5a7550 (Free 22005 MB), Loaded Geometries, ProbeArray 13740, Loaded 2649, Type MultiPolygon
[LIBGPUSPATIAL] [ 52915][11:00:24:965066][info  ] RTSpatialRefiner 0x74c8db5a7550 (Free 22005 MB), Evaluating 316027 Geometry Pairs with Predicate Within
[LIBGPUSPATIAL] [ 52915][11:00:24:970076][info  ] RTSpatialRefiner 0x74c8db5a7550 (Free 22005 MB), Profiling Results. Parse: 13.67 ms, Refine: 4.80 ms, Copy Results: 0.28 ms
[LIBGPUSPATIAL] [ 52915][11:00:25:040627][info  ] RTSpatialIndex 0x74c8d908e130 (Free 22005 MB), Allocate result buffer, memory consumption 5 MB, capacity 778123
[LIBGPUSPATIAL] [ 52915][11:00:25:041902][info  ] RTSpatialIndex 0x74c8d908e130 (Free 22005 MB), Probe Rectangles, Size: 12276, Results: 778123
[LIBGPUSPATIAL] [ 52915][11:00:25:041932][info  ] RTSpatialIndex 0x74c8d908e130 (Free 22005 MB), Profiling Results. Alloc: 0.10 ms, Prepare: 0.46 ms, RT: 0.36 ms, Copy res: 1.07 ms
[LIBGPUSPATIAL] [ 52915][11:00:25:055919][info  ] RTSpatialRefiner 0x74c8db5a7550 (Free 22005 MB), Loaded Geometries, ProbeArray 12276, Loaded 2387, Type MultiPolygon
[LIBGPUSPATIAL] [ 52915][11:00:25:056173][info  ] RTSpatialRefiner 0x74c8db5a7550 (Free 22005 MB), Evaluating 778123 Geometry Pairs with Predicate Within
[LIBGPUSPATIAL] [ 52915][11:00:25:061231][info  ] RTSpatialRefiner 0x74c8db5a7550 (Free 22005 MB), Profiling Results. Parse: 11.99 ms, Refine: 4.84 ms, Copy Results: 0.43 ms
[LIBGPUSPATIAL] [ 52915][11:00:25:163902][info  ] RTSpatialIndex 0x74c8d908e130 (Free 22005 MB), Allocate result buffer, memory consumption 4 MB, capacity 540498
[LIBGPUSPATIAL] [ 52915][11:00:25:164934][info  ] RTSpatialIndex 0x74c8d908e130 (Free 22005 MB), Probe Rectangles, Size: 13740, Results: 540498
[LIBGPUSPATIAL] [ 52915][11:00:25:164984][info  ] RTSpatialIndex 0x74c8d908e130 (Free 22005 MB), Profiling Results. Alloc: 0.10 ms, Prepare: 0.48 ms, RT: 0.39 ms, Copy res: 0.80 ms
[LIBGPUSPATIAL] [ 52915][11:00:25:181640][info  ] RTSpatialRefiner 0x74c8db5a7550 (Free 22005 MB), Loaded Geometries, ProbeArray 13740, Loaded 2730, Type MultiPolygon
[LIBGPUSPATIAL] [ 52915][11:00:25:181826][info  ] RTSpatialRefiner 0x74c8db5a7550 (Free 22005 MB), Evaluating 540498 Geometry Pairs with Predicate Within
[LIBGPUSPATIAL] [ 52915][11:00:25:189326][info  ] RTSpatialRefiner 0x74c8db5a7550 (Free 22005 MB), Profiling Results. Parse: 15.43 ms, Refine: 7.27 ms, Copy Results: 0.37 ms
[LIBGPUSPATIAL] [ 52915][11:00:25:275085][info  ] RTSpatialIndex 0x74c8d908e130 (Free 22005 MB), Allocate result buffer, memory consumption 3 MB, capacity 451060
[LIBGPUSPATIAL] [ 52915][11:00:25:275945][info  ] RTSpatialIndex 0x74c8d908e130 (Free 22005 MB), Probe Rectangles, Size: 12276, Results: 451060
[LIBGPUSPATIAL] [ 52915][11:00:25:275990][info  ] RTSpatialIndex 0x74c8d908e130 (Free 22005 MB), Profiling Results. Alloc: 0.09 ms, Prepare: 0.46 ms, RT: 0.36 ms, Copy res: 0.67 ms
[LIBGPUSPATIAL] [ 52915][11:00:25:288888][info  ] RTSpatialRefiner 0x74c8db5a7550 (Free 22005 MB), Loaded Geometries, ProbeArray 12276, Loaded 2483, Type MultiPolygon
[LIBGPUSPATIAL] [ 52915][11:00:25:289054][info  ] RTSpatialRefiner 0x74c8db5a7550 (Free 22005 MB), Evaluating 451060 Geometry Pairs with Predicate Within
[LIBGPUSPATIAL] [ 52915][11:00:25:296151][info  ] RTSpatialRefiner 0x74c8db5a7550 (Free 22005 MB), Profiling Results. Parse: 12.44 ms, Refine: 6.92 ms, Copy Results: 0.30 ms
[LIBGPUSPATIAL] [ 52915][11:00:25:379612][info  ] RTSpatialIndex 0x74c8d908e130 (Free 22005 MB), Allocate result buffer, memory consumption 3 MB, capacity 514833
[LIBGPUSPATIAL] [ 52915][11:00:25:380622][info  ] RTSpatialIndex 0x74c8d908e130 (Free 22005 MB), Probe Rectangles, Size: 13740, Results: 514833
[LIBGPUSPATIAL] [ 52915][11:00:25:380659][info  ] RTSpatialIndex 0x74c8d908e130 (Free 22005 MB), Profiling Results. Alloc: 0.10 ms, Prepare: 0.47 ms, RT: 0.36 ms, Copy res: 0.79 ms
[LIBGPUSPATIAL] [ 52915][11:00:25:396246][info  ] RTSpatialRefiner 0x74c8db5a7550 (Free 22005 MB), Loaded Geometries, ProbeArray 13740, Loaded 2780, Type MultiPolygon
[LIBGPUSPATIAL] [ 52915][11:00:25:396407][info  ] RTSpatialRefiner 0x74c8db5a7550 (Free 22005 MB), Evaluating 514833 Geometry Pairs with Predicate Within
[LIBGPUSPATIAL] [ 52915][11:00:25:401771][info  ] RTSpatialRefiner 0x74c8db5a7550 (Free 22005 MB), Profiling Results. Parse: 14.77 ms, Refine: 5.10 ms, Copy Results: 0.39 ms
[LIBGPUSPATIAL] [ 52915][11:00:25:497663][info  ] RTSpatialIndex 0x74c8d908e130 (Free 22005 MB), Allocate result buffer, memory consumption 9 MB, capacity 1206528
[LIBGPUSPATIAL] [ 52915][11:00:25:499467][info  ] RTSpatialIndex 0x74c8d908e130 (Free 22005 MB), Probe Rectangles, Size: 12276, Results: 1206528
[LIBGPUSPATIAL] [ 52915][11:00:25:499505][info  ] RTSpatialIndex 0x74c8d908e130 (Free 22005 MB), Profiling Results. Alloc: 0.10 ms, Prepare: 0.48 ms, RT: 0.41 ms, Copy res: 1.56 ms
[LIBGPUSPATIAL] [ 52915][11:00:25:517238][info  ] RTSpatialRefiner 0x74c8db5a7550 (Free 22005 MB), Loaded Geometries, ProbeArray 12276, Loaded 2363, Type MultiPolygon
[LIBGPUSPATIAL] [ 52915][11:00:25:517623][info  ] RTSpatialRefiner 0x74c8db5a7550 (Free 22005 MB), Evaluating 1206528 Geometry Pairs with Predicate Within
[LIBGPUSPATIAL] [ 52915][11:00:25:541868][info  ] RTSpatialRefiner 0x74c8db5a7550 (Free 22005 MB), Profiling Results. Parse: 16.81 ms, Refine: 24.16 ms, Copy Results: 0.43 ms
[LIBGPUSPATIAL] [ 52915][11:00:25:648572][info  ] RTSpatialIndex 0x74c8d908e130 (Free 22005 MB), Allocate result buffer, memory consumption 4 MB, capacity 637036
[LIBGPUSPATIAL] [ 52915][11:00:25:649692][info  ] RTSpatialIndex 0x74c8d908e130 (Free 22005 MB), Probe Rectangles, Size: 13740, Results: 637036
[LIBGPUSPATIAL] [ 52915][11:00:25:649728][info  ] RTSpatialIndex 0x74c8d908e130 (Free 22005 MB), Profiling Results. Alloc: 0.10 ms, Prepare: 0.48 ms, RT: 0.36 ms, Copy res: 0.90 ms
[LIBGPUSPATIAL] [ 52915][11:00:25:664654][info  ] RTSpatialRefiner 0x74c8db5a7550 (Free 22005 MB), Loaded Geometries, ProbeArray 13740, Loaded 2718, Type MultiPolygon
[LIBGPUSPATIAL] [ 52915][11:00:25:664881][info  ] RTSpatialRefiner 0x74c8db5a7550 (Free 22005 MB), Evaluating 637036 Geometry Pairs with Predicate Within
[LIBGPUSPATIAL] [ 52915][11:00:25:669636][info  ] RTSpatialRefiner 0x74c8db5a7550 (Free 22005 MB), Profiling Results. Parse: 13.95 ms, Refine: 4.49 ms, Copy Results: 0.45 ms
[LIBGPUSPATIAL] [ 52915][11:00:25:783048][info  ] RTSpatialIndex 0x74c8d908e130 (Free 22005 MB), Allocate result buffer, memory consumption 2 MB, capacity 270825
[LIBGPUSPATIAL] [ 52915][11:00:25:783745][info  ] RTSpatialIndex 0x74c8d908e130 (Free 22005 MB), Probe Rectangles, Size: 12276, Results: 270825
[LIBGPUSPATIAL] [ 52915][11:00:25:783782][info  ] RTSpatialIndex 0x74c8d908e130 (Free 22005 MB), Profiling Results. Alloc: 0.10 ms, Prepare: 0.46 ms, RT: 0.36 ms, Copy res: 0.49 ms
[LIBGPUSPATIAL] [ 52915][11:00:25:796688][info  ] RTSpatialRefiner 0x74c8db5a7550 (Free 22005 MB), Loaded Geometries, ProbeArray 12276, Loaded 2464, Type MultiPolygon
[LIBGPUSPATIAL] [ 52915][11:00:25:796801][info  ] RTSpatialRefiner 0x74c8db5a7550 (Free 22005 MB), Evaluating 270825 Geometry Pairs with Predicate Within
[LIBGPUSPATIAL] [ 52915][11:00:25:802358][info  ] RTSpatialRefiner 0x74c8db5a7550 (Free 22005 MB), Profiling Results. Parse: 12.63 ms, Refine: 5.43 ms, Copy Results: 0.20 ms
[LIBGPUSPATIAL] [ 52915][11:00:25:880717][info  ] RTSpatialIndex 0x74c8d908e130 (Free 22005 MB), Allocate result buffer, memory consumption 2 MB, capacity 390657
[LIBGPUSPATIAL] [ 52915][11:00:25:881557][info  ] RTSpatialIndex 0x74c8d908e130 (Free 22005 MB), Probe Rectangles, Size: 13740, Results: 390657
[LIBGPUSPATIAL] [ 52915][11:00:25:881596][info  ] RTSpatialIndex 0x74c8d908e130 (Free 22005 MB), Profiling Results. Alloc: 0.10 ms, Prepare: 0.48 ms, RT: 0.36 ms, Copy res: 0.62 ms
[LIBGPUSPATIAL] [ 52915][11:00:25:897934][info  ] RTSpatialRefiner 0x74c8db5a7550 (Free 22005 MB), Loaded Geometries, ProbeArray 13740, Loaded 2726, Type MultiPolygon
[LIBGPUSPATIAL] [ 52915][11:00:25:898082][info  ] RTSpatialRefiner 0x74c8db5a7550 (Free 22005 MB), Evaluating 390657 Geometry Pairs with Predicate Within
[LIBGPUSPATIAL] [ 52915][11:00:25:903415][info  ] RTSpatialRefiner 0x74c8db5a7550 (Free 22005 MB), Profiling Results. Parse: 16.00 ms, Refine: 5.18 ms, Copy Results: 0.26 ms
[LIBGPUSPATIAL] [ 52915][11:00:25:979978][info  ] RTSpatialIndex 0x74c8d908e130 (Free 22005 MB), Allocate result buffer, memory consumption 2 MB, capacity 319896
[LIBGPUSPATIAL] [ 52915][11:00:25:980722][info  ] RTSpatialIndex 0x74c8d908e130 (Free 22005 MB), Probe Rectangles, Size: 12276, Results: 319896
[LIBGPUSPATIAL] [ 52915][11:00:25:980759][info  ] RTSpatialIndex 0x74c8d908e130 (Free 22005 MB), Profiling Results. Alloc: 0.12 ms, Prepare: 0.46 ms, RT: 0.35 ms, Copy res: 0.53 ms
[LIBGPUSPATIAL] [ 52915][11:00:25:994480][info  ] RTSpatialRefiner 0x74c8db5a7550 (Free 22005 MB), Loaded Geometries, ProbeArray 12276, Loaded 2414, Type MultiPolygon
[LIBGPUSPATIAL] [ 52915][11:00:25:994597][info  ] RTSpatialRefiner 0x74c8db5a7550 (Free 22005 MB), Evaluating 319896 Geometry Pairs with Predicate Within
[LIBGPUSPATIAL] [ 52915][11:00:25:998369][info  ] RTSpatialRefiner 0x74c8db5a7550 (Free 22005 MB), Profiling Results. Parse: 13.30 ms, Refine: 3.62 ms, Copy Results: 0.23 ms
[LIBGPUSPATIAL] [ 52915][11:00:26:088786][info  ] RTSpatialIndex 0x74c8d908e130 (Free 22005 MB), Allocate result buffer, memory consumption 5 MB, capacity 662983
[LIBGPUSPATIAL] [ 52915][11:00:26:089899][info  ] RTSpatialIndex 0x74c8d908e130 (Free 22005 MB), Probe Rectangles, Size: 13740, Results: 662983
[LIBGPUSPATIAL] [ 52915][11:00:26:089934][info  ] RTSpatialIndex 0x74c8d908e130 (Free 22005 MB), Profiling Results. Alloc: 0.09 ms, Prepare: 0.47 ms, RT: 0.38 ms, Copy res: 0.89 ms
[LIBGPUSPATIAL] [ 52915][11:00:26:105477][info  ] RTSpatialRefiner 0x74c8db5a7550 (Free 22005 MB), Loaded Geometries, ProbeArray 13740, Loaded 2740, Type MultiPolygon
[LIBGPUSPATIAL] [ 52915][11:00:26:105690][info  ] RTSpatialRefiner 0x74c8db5a7550 (Free 22005 MB), Evaluating 662983 Geometry Pairs with Predicate Within
[LIBGPUSPATIAL] [ 52915][11:00:26:111363][info  ] RTSpatialRefiner 0x74c8db5a7550 (Free 22005 MB), Profiling Results. Parse: 15.07 ms, Refine: 5.51 ms, Copy Results: 0.33 ms
[LIBGPUSPATIAL] [ 52915][11:00:26:198686][info  ] RTSpatialIndex 0x74c8d908e130 (Free 22005 MB), Allocate result buffer, memory consumption 2 MB, capacity 295844
[LIBGPUSPATIAL] [ 52915][11:00:26:199402][info  ] RTSpatialIndex 0x74c8d908e130 (Free 22005 MB), Probe Rectangles, Size: 12275, Results: 295844
[LIBGPUSPATIAL] [ 52915][11:00:26:199431][info  ] RTSpatialIndex 0x74c8d908e130 (Free 22005 MB), Profiling Results. Alloc: 0.09 ms, Prepare: 0.48 ms, RT: 0.34 ms, Copy res: 0.52 ms
[LIBGPUSPATIAL] [ 52915][11:00:26:211830][info  ] RTSpatialRefiner 0x74c8db5a7550 (Free 22005 MB), Loaded Geometries, ProbeArray 12275, Loaded 2394, Type MultiPolygon
[LIBGPUSPATIAL] [ 52915][11:00:26:211933][info  ] RTSpatialRefiner 0x74c8db5a7550 (Free 22005 MB), Evaluating 295844 Geometry Pairs with Predicate Within
[LIBGPUSPATIAL] [ 52915][11:00:26:215353][info  ] RTSpatialRefiner 0x74c8db5a7550 (Free 22005 MB), Profiling Results. Parse: 11.67 ms, Refine: 3.25 ms, Copy Results: 0.23 ms
Run # 1
┌───────────────────┬──────────────────────────────────────────────────────────────────────────────┐
│     plan_type     ┆                                     plan                                     │
│        utf8       ┆                                     utf8                                     │
╞═══════════════════╪══════════════════════════════════════════════════════════════════════════════╡
│ Plan with Metrics ┆ ProjectionExec: expr=[count(Int64(1))@0 as cross_zone_trip_count], metrics=[ │
│                   ┆ output_rows=1, elapsed_compute=1.22µs, output_bytes=8.0 B]                   │
│                   ┆   AggregateExec: mode=Single, gby=[], aggr=[count(Int64(1))], metrics=[outpu │
│                   ┆ t_rows=1, elapsed_compute=125.787µs, output_bytes=8.0 B]                     │
│                   ┆     ProjectionExec: expr=[], metrics=[output_rows=176391, elapsed_compute=13 │
│                   ┆ .739µs, output_bytes=0.0 B]                                                  │
│                   ┆       SpatialJoinExec: join_type=Inner, on=ST_within(dropoff_geom@0, geom@1) │
│                   ┆ , filter=z_zonekey@0 != z_zonekey@1, metrics=[output_rows=176391, spill_coun │
│                   ┆ t=0, spilled_bytes=0.0 B, spilled_rows=0, build_input_batches=22, build_inpu │
│                   ┆ t_rows=3057046, join_result_candidates=6384310, join_result_count=3062667, o │
│                   ┆ utput_batches=24, probe_input_batches=12, probe_input_rows=156095, build_inp │
│                   ┆ ut_total_size_bytes=483013444, build_mem_used=483013444, execution_mode=1, r │
│                   ┆ efiner_mem_used=0, build_input_collection_time=407.979595ms, build_time=100. │
│                   ┆ 426568ms, join_time=889.432712ms, partition_probe_time=1ns]                  │
│                   ┆         SpatialJoinExec: join_type=Inner, on=ST_within(pickup_geom@0, geom@1 │
│                   ┆ ), projection=[dropoff_geom@1, z_zonekey@2], metrics=[output_rows=3057046, s │
│                   ┆ pill_count=0, spilled_bytes=0.0 B, spilled_rows=0, build_input_batches=4, bu │
│                   ┆ ild_input_rows=6000000, join_result_candidates=7297793, join_result_count=30 │
│                   ┆ 57046, output_batches=22, probe_input_batches=12, probe_input_rows=156095, b │
│                   ┆ uild_input_total_size_bytes=1122000032, build_mem_used=1122000032, execution │
│                   ┆ _mode=1, refiner_mem_used=0, build_input_collection_time=701.174131ms, build │
│                   ┆ _time=205.995227ms, join_time=1.205325s, partition_probe_time=1ns]           │
│                   ┆           ProjectionExec: expr=[st_geomfromwkb(t_pickuploc@0) as pickup_geom │
│                   ┆ , st_geomfromwkb(t_dropoffloc@1) as dropoff_geom], metrics=[output_rows=6000 │
│                   ┆ 000, elapsed_compute=211.301234ms, output_bytes=542.1 MB]                    │
│                   ┆             DataSourceExec: file_groups={1 group: [[mnt/data/sedona-spatialb │
│                   ┆ ench/paper/benchmark-data-sf1/trip/trip.1.parquet:0..182361649, mnt/data/sed │
│                   ┆ ona-spatialbench/paper/benchmark-data-sf1/trip/trip.2.parquet:0..182311531]] │
│                   ┆ }, projection=[t_pickuploc, t_dropoffloc], file_type=parquet, metrics=[outpu │
│                   ┆ t_rows=6000000, elapsed_compute=1ns, output_bytes=542.1 MB, files_ranges_pru │
│                   ┆ ned_statistics=2 total → 2 matched, row_groups_pruned_statistics=4 total → 4 │
│                   ┆  matched, row_groups_pruned_bloom_filter=4 total → 4 matched, page_index_row │
│                   ┆ s_pruned=0 total → 0 matched, batches_split=0, bytes_scanned=209738293, file │
│                   ┆ _open_errors=0, file_scan_errors=0, num_predicate_creation_errors=0, predica │
│                   ┆ te_cache_inner_records=0, predicate_cache_records=0, predicate_evaluation_er │
│                   ┆ rors=0, pushdown_rows_matched=0, pushdown_rows_pruned=0, bloom_filter_eval_t │
│                   ┆ ime=4ns, metadata_load_time=665.898µs, page_index_eval_time=4ns, row_pushdow │
│                   ┆ n_eval_time=4ns, statistics_eval_time=4ns, time_elapsed_opening=203.148µs, t │
│                   ┆ ime_elapsed_processing=217.1156ms, time_elapsed_scanning_total=1.155499941s, │
│                   ┆  time_elapsed_scanning_until_data=108.365338ms]                              │
│                   ┆           ProjectionExec: expr=[z_zonekey@0 as z_zonekey, st_geomfromwkb(z_b │
│                   ┆ oundary@1) as geom], metrics=[output_rows=156095, elapsed_compute=27.079043m │
│                   ┆ s, output_bytes=1338.5 MB]                                                   │
│                   ┆             DataSourceExec: file_groups={1 group: [[mnt/data/sedona-spatialb │
│                   ┆ ench/paper/benchmark-data-sf1/zone/zone.1.parquet, mnt/data/sedona-spatialbe │
│                   ┆ nch/paper/benchmark-data-sf1/zone/zone.2.parquet, mnt/data/sedona-spatialben │
│                   ┆ ch/paper/benchmark-data-sf1/zone/zone.3.parquet, mnt/data/sedona-spatialbenc │
│                   ┆ h/paper/benchmark-data-sf1/zone/zone.4.parquet, mnt/data/sedona-spatialbench │
│                   ┆ /paper/benchmark-data-sf1/zone/zone.5.parquet, ...]]}, projection=[z_zonekey │
│                   ┆ , z_boundary], file_type=parquet, metrics=[output_rows=156095, elapsed_compu │
│                   ┆ te=1ns, output_bytes=1338.5 MB, files_ranges_pruned_statistics=6 total → 6 m │
│                   ┆ atched, row_groups_pruned_statistics=12 total → 12 matched, row_groups_prune │
│                   ┆ d_bloom_filter=12 total → 12 matched, page_index_rows_pruned=0 total → 0 mat │
│                   ┆ ched, batches_split=0, bytes_scanned=1384587770, file_open_errors=0, file_sc │
│                   ┆ an_errors=0, num_predicate_creation_errors=0, predicate_cache_inner_records= │
│                   ┆ 0, predicate_cache_records=0, predicate_evaluation_errors=0, pushdown_rows_m │
│                   ┆ atched=0, pushdown_rows_pruned=0, bloom_filter_eval_time=12ns, metadata_load │
│                   ┆ _time=1.563068ms, page_index_eval_time=12ns, row_pushdown_eval_time=12ns, st │
│                   ┆ atistics_eval_time=12ns, time_elapsed_opening=308.512µs, time_elapsed_proces │
│                   ┆ sing=346.560565ms, time_elapsed_scanning_total=2.204714758s, time_elapsed_sc │
│                   ┆ anning_until_data=312.825675ms]                                              │
│                   ┆         ProjectionExec: expr=[z_zonekey@0 as z_zonekey, st_geomfromwkb(z_bou │
│                   ┆ ndary@1) as geom], metrics=[output_rows=156095, elapsed_compute=26.591352ms, │
│                   ┆  output_bytes=1338.5 MB]                                                     │
│                   ┆           DataSourceExec: file_groups={1 group: [[mnt/data/sedona-spatialben │
│                   ┆ ch/paper/benchmark-data-sf1/zone/zone.1.parquet, mnt/data/sedona-spatialbenc │
│                   ┆ h/paper/benchmark-data-sf1/zone/zone.2.parquet, mnt/data/sedona-spatialbench │
│                   ┆ /paper/benchmark-data-sf1/zone/zone.3.parquet, mnt/data/sedona-spatialbench/ │
│                   ┆ paper/benchmark-data-sf1/zone/zone.4.parquet, mnt/data/sedona-spatialbench/p │
│                   ┆ aper/benchmark-data-sf1/zone/zone.5.parquet, ...]]}, projection=[z_zonekey,  │
│                   ┆ z_boundary], file_type=parquet, metrics=[output_rows=156095, elapsed_compute │
│                   ┆ =1ns, output_bytes=1338.5 MB, files_ranges_pruned_statistics=6 total → 6 mat │
│                   ┆ ched, row_groups_pruned_statistics=12 total → 12 matched, row_groups_pruned_ │
│                   ┆ bloom_filter=12 total → 12 matched, page_index_rows_pruned=0 total → 0 match │
│                   ┆ ed, batches_split=0, bytes_scanned=1384587770, file_open_errors=0, file_scan │
│                   ┆ _errors=0, num_predicate_creation_errors=0, predicate_cache_inner_records=0, │
│                   ┆  predicate_cache_records=0, predicate_evaluation_errors=0, pushdown_rows_mat │
│                   ┆ ched=0, pushdown_rows_pruned=0, bloom_filter_eval_time=12ns, metadata_load_t │
│                   ┆ ime=1.762177ms, page_index_eval_time=12ns, row_pushdown_eval_time=12ns, stat │
│                   ┆ istics_eval_time=12ns, time_elapsed_opening=331.453µs, time_elapsed_processi │
│                   ┆ ng=271.401648ms, time_elapsed_scanning_total=1.366283445s, time_elapsed_scan │
│                   ┆ ning_until_data=249.278164ms]                                                │
│                   ┆                                                                              │
└───────────────────┴──────────────────────────────────────────────────────────────────────────────┘
[LIBGPUSPATIAL] [ 52915][11:00:27:449930][info  ] Create RTSpatialIndex 0x74c8d908e130, fast_build = 0, compact = 0, concurrency = 1
[LIBGPUSPATIAL] [ 52915][11:00:27:450227][info  ] Create RTSpatialRefiner 0x74c8db5a7550, fast_build = 0, compact = 0, parsing_threads = 8, concurrency = 1, pipeline_batches = 1, wkb_parser_memory_quota = 0.80, relate_engine_memory_quota = 0.80
[LIBGPUSPATIAL] [ 52915][11:00:27:649714][info  ] RTSpatialRefiner 0x74c8db5a7550 (Free 22005 MB), Profiling Results. PushBuild: 103.27 ms, FinishBuilding: 0.01 ms
[LIBGPUSPATIAL] [ 52915][11:00:27:649745][info  ] RTSpatialRefiner 0x74c8db5a7550 (Free 22005 MB), FinishBuilding Refiner, Total geoms: 6000000
[LIBGPUSPATIAL] [ 52915][11:00:27:649760][info  ] RTSpatialIndex 0x74c8d908e130 (Free 22005 MB), PushBuild, Rectangles 6000000
[LIBGPUSPATIAL] [ 52915][11:00:27:659979][info  ] RTSpatialIndex 0x74c8d908e130 (Free 22005 MB), FinishBuilding Index on Points, Total geoms: 6000000
[LIBGPUSPATIAL] [ 52915][11:00:27:660005][info  ] RTSpatialIndex 0x74c8d908e130 (Free 22005 MB), Profiling Results. PushBuild: 7.33 ms, FinishBuilding: 2.89 ms
[LIBGPUSPATIAL] [ 52920][11:00:27:737313][info  ] RTSpatialIndex 0x74c8d908e130 (Free 22005 MB), Allocate result buffer, memory consumption 2 MB, capacity 325005
[LIBGPUSPATIAL] [ 52920][11:00:27:738263][info  ] RTSpatialIndex 0x74c8d908e130 (Free 22005 MB), Probe Rectangles, Size: 13740, Results: 325005
[LIBGPUSPATIAL] [ 52920][11:00:27:738294][info  ] RTSpatialIndex 0x74c8d908e130 (Free 22005 MB), Profiling Results. Alloc: 0.09 ms, Prepare: 0.47 ms, RT: 0.75 ms, Copy res: 0.54 ms
[LIBGPUSPATIAL] [ 52920][11:00:27:753478][info  ] RTSpatialRefiner 0x74c8db5a7550 (Free 22005 MB), Loaded Geometries, ProbeArray 13740, Loaded 2689, Type MultiPolygon
[LIBGPUSPATIAL] [ 52920][11:00:27:753594][info  ] RTSpatialRefiner 0x74c8db5a7550 (Free 22005 MB), Evaluating 325005 Geometry Pairs with Predicate Within
[LIBGPUSPATIAL] [ 52920][11:00:27:758868][info  ] RTSpatialRefiner 0x74c8db5a7550 (Free 22005 MB), Profiling Results. Parse: 13.93 ms, Refine: 5.07 ms, Copy Results: 0.28 ms
[LIBGPUSPATIAL] [ 52920][11:00:27:883649][info  ] RTSpatialIndex 0x74c8d908e130 (Free 22005 MB), Allocate result buffer, memory consumption 6 MB, capacity 815600
[LIBGPUSPATIAL] [ 52920][11:00:27:885140][info  ] RTSpatialIndex 0x74c8d908e130 (Free 22005 MB), Probe Rectangles, Size: 12276, Results: 815600
[LIBGPUSPATIAL] [ 52920][11:00:27:885170][info  ] RTSpatialIndex 0x74c8d908e130 (Free 22005 MB), Profiling Results. Alloc: 0.09 ms, Prepare: 0.46 ms, RT: 0.73 ms, Copy res: 1.09 ms
[LIBGPUSPATIAL] [ 52920][11:00:27:900749][info  ] RTSpatialRefiner 0x74c8db5a7550 (Free 22005 MB), Loaded Geometries, ProbeArray 12276, Loaded 2431, Type MultiPolygon
[LIBGPUSPATIAL] [ 52920][11:00:27:901013][info  ] RTSpatialRefiner 0x74c8db5a7550 (Free 22005 MB), Evaluating 815600 Geometry Pairs with Predicate Within
[LIBGPUSPATIAL] [ 52920][11:00:27:906853][info  ] RTSpatialRefiner 0x74c8db5a7550 (Free 22005 MB), Profiling Results. Parse: 12.53 ms, Refine: 5.64 ms, Copy Results: 0.42 ms
[LIBGPUSPATIAL] [ 52920][11:00:28:121437][info  ] RTSpatialIndex 0x74c8d908e130 (Free 22005 MB), Allocate result buffer, memory consumption 4 MB, capacity 617528
[LIBGPUSPATIAL] [ 52920][11:00:28:122728][info  ] RTSpatialIndex 0x74c8d908e130 (Free 22005 MB), Probe Rectangles, Size: 13740, Results: 617528
[LIBGPUSPATIAL] [ 52920][11:00:28:122758][info  ] RTSpatialIndex 0x74c8d908e130 (Free 22005 MB), Profiling Results. Alloc: 0.10 ms, Prepare: 0.47 ms, RT: 0.81 ms, Copy res: 0.86 ms
[LIBGPUSPATIAL] [ 52920][11:00:28:139663][info  ] RTSpatialRefiner 0x74c8db5a7550 (Free 22005 MB), Loaded Geometries, ProbeArray 13740, Loaded 2756, Type MultiPolygon
[LIBGPUSPATIAL] [ 52920][11:00:28:139872][info  ] RTSpatialRefiner 0x74c8db5a7550 (Free 22005 MB), Evaluating 617528 Geometry Pairs with Predicate Within
[LIBGPUSPATIAL] [ 52920][11:00:28:148118][info  ] RTSpatialRefiner 0x74c8db5a7550 (Free 22005 MB), Profiling Results. Parse: 15.36 ms, Refine: 8.05 ms, Copy Results: 0.36 ms
[LIBGPUSPATIAL] [ 52920][11:00:28:311986][info  ] RTSpatialIndex 0x74c8d908e130 (Free 22005 MB), Allocate result buffer, memory consumption 3 MB, capacity 508540
[LIBGPUSPATIAL] [ 52920][11:00:28:313164][info  ] RTSpatialIndex 0x74c8d908e130 (Free 22005 MB), Probe Rectangles, Size: 12276, Results: 508540
[LIBGPUSPATIAL] [ 52920][11:00:28:313201][info  ] RTSpatialIndex 0x74c8d908e130 (Free 22005 MB), Profiling Results. Alloc: 0.12 ms, Prepare: 0.47 ms, RT: 0.80 ms, Copy res: 0.74 ms
[LIBGPUSPATIAL] [ 52920][11:00:28:327913][info  ] RTSpatialRefiner 0x74c8db5a7550 (Free 22005 MB), Loaded Geometries, ProbeArray 12276, Loaded 2527, Type MultiPolygon
[LIBGPUSPATIAL] [ 52920][11:00:28:328094][info  ] RTSpatialRefiner 0x74c8db5a7550 (Free 22005 MB), Evaluating 508540 Geometry Pairs with Predicate Within
[LIBGPUSPATIAL] [ 52920][11:00:28:336461][info  ] RTSpatialRefiner 0x74c8db5a7550 (Free 22005 MB), Profiling Results. Parse: 12.76 ms, Refine: 8.21 ms, Copy Results: 0.30 ms
[LIBGPUSPATIAL] [ 52920][11:00:28:500183][info  ] RTSpatialIndex 0x74c8d908e130 (Free 22005 MB), Allocate result buffer, memory consumption 3 MB, capacity 523852
[LIBGPUSPATIAL] [ 52920][11:00:28:501394][info  ] RTSpatialIndex 0x74c8d908e130 (Free 22005 MB), Probe Rectangles, Size: 13740, Results: 523852
[LIBGPUSPATIAL] [ 52920][11:00:28:501423][info  ] RTSpatialIndex 0x74c8d908e130 (Free 22005 MB), Profiling Results. Alloc: 0.10 ms, Prepare: 0.46 ms, RT: 0.78 ms, Copy res: 0.78 ms
[LIBGPUSPATIAL] [ 52920][11:00:28:519752][info  ] RTSpatialRefiner 0x74c8db5a7550 (Free 22005 MB), Loaded Geometries, ProbeArray 13740, Loaded 2832, Type MultiPolygon
[LIBGPUSPATIAL] [ 52920][11:00:28:519916][info  ] RTSpatialRefiner 0x74c8db5a7550 (Free 22005 MB), Evaluating 523852 Geometry Pairs with Predicate Within
[LIBGPUSPATIAL] [ 52920][11:00:28:525610][info  ] RTSpatialRefiner 0x74c8db5a7550 (Free 22005 MB), Profiling Results. Parse: 16.30 ms, Refine: 5.43 ms, Copy Results: 0.39 ms
[LIBGPUSPATIAL] [ 52920][11:00:28:699606][info  ] RTSpatialIndex 0x74c8d908e130 (Free 22005 MB), Allocate result buffer, memory consumption 11 MB, capacity 1495810
[LIBGPUSPATIAL] [ 52920][11:00:28:701987][info  ] RTSpatialIndex 0x74c8d908e130 (Free 22005 MB), Probe Rectangles, Size: 12276, Results: 1495810
[LIBGPUSPATIAL] [ 52920][11:00:28:702017][info  ] RTSpatialIndex 0x74c8d908e130 (Free 22005 MB), Profiling Results. Alloc: 0.09 ms, Prepare: 0.46 ms, RT: 0.94 ms, Copy res: 1.88 ms
[LIBGPUSPATIAL] [ 52920][11:00:28:718115][info  ] RTSpatialRefiner 0x74c8db5a7550 (Free 22005 MB), Loaded Geometries, ProbeArray 12276, Loaded 2372, Type MultiPolygon
[LIBGPUSPATIAL] [ 52920][11:00:28:718574][info  ] RTSpatialRefiner 0x74c8db5a7550 (Free 22005 MB), Evaluating 1495810 Geometry Pairs with Predicate Within
[LIBGPUSPATIAL] [ 52920][11:00:28:746994][info  ] RTSpatialRefiner 0x74c8db5a7550 (Free 22005 MB), Profiling Results. Parse: 13.76 ms, Refine: 28.38 ms, Copy Results: 0.44 ms
[LIBGPUSPATIAL] [ 52920][11:00:28:978277][info  ] RTSpatialIndex 0x74c8d908e130 (Free 22005 MB), Allocate result buffer, memory consumption 5 MB, capacity 657192
[LIBGPUSPATIAL] [ 52920][11:00:28:979566][info  ] RTSpatialIndex 0x74c8d908e130 (Free 22005 MB), Probe Rectangles, Size: 13740, Results: 657192
[LIBGPUSPATIAL] [ 52920][11:00:28:979598][info  ] RTSpatialIndex 0x74c8d908e130 (Free 22005 MB), Profiling Results. Alloc: 0.09 ms, Prepare: 0.48 ms, RT: 0.74 ms, Copy res: 0.89 ms
[LIBGPUSPATIAL] [ 52920][11:00:28:996039][info  ] RTSpatialRefiner 0x74c8db5a7550 (Free 22005 MB), Loaded Geometries, ProbeArray 13740, Loaded 2770, Type MultiPolygon
[LIBGPUSPATIAL] [ 52920][11:00:28:996250][info  ] RTSpatialRefiner 0x74c8db5a7550 (Free 22005 MB), Evaluating 657192 Geometry Pairs with Predicate Within
[LIBGPUSPATIAL] [ 52920][11:00:29:001579][info  ] RTSpatialRefiner 0x74c8db5a7550 (Free 22005 MB), Profiling Results. Parse: 14.48 ms, Refine: 5.05 ms, Copy Results: 0.45 ms
[LIBGPUSPATIAL] [ 52920][11:00:29:217097][info  ] RTSpatialIndex 0x74c8d908e130 (Free 22005 MB), Allocate result buffer, memory consumption 2 MB, capacity 291001
[LIBGPUSPATIAL] [ 52920][11:00:29:217992][info  ] RTSpatialIndex 0x74c8d908e130 (Free 22005 MB), Probe Rectangles, Size: 12276, Results: 291001
[LIBGPUSPATIAL] [ 52920][11:00:29:218021][info  ] RTSpatialIndex 0x74c8d908e130 (Free 22005 MB), Profiling Results. Alloc: 0.09 ms, Prepare: 0.47 ms, RT: 0.73 ms, Copy res: 0.50 ms
[LIBGPUSPATIAL] [ 52920][11:00:29:233902][info  ] RTSpatialRefiner 0x74c8db5a7550 (Free 22005 MB), Loaded Geometries, ProbeArray 12276, Loaded 2493, Type MultiPolygon
[LIBGPUSPATIAL] [ 52920][11:00:29:234021][info  ] RTSpatialRefiner 0x74c8db5a7550 (Free 22005 MB), Evaluating 291001 Geometry Pairs with Predicate Within
[LIBGPUSPATIAL] [ 52920][11:00:29:239519][info  ] RTSpatialRefiner 0x74c8db5a7550 (Free 22005 MB), Profiling Results. Parse: 14.48 ms, Refine: 5.38 ms, Copy Results: 0.20 ms
[LIBGPUSPATIAL] [ 52920][11:00:29:362361][info  ] RTSpatialIndex 0x74c8d908e130 (Free 22005 MB), Allocate result buffer, memory consumption 4 MB, capacity 633984
[LIBGPUSPATIAL] [ 52920][11:00:29:363669][info  ] RTSpatialIndex 0x74c8d908e130 (Free 22005 MB), Probe Rectangles, Size: 13740, Results: 633984
[LIBGPUSPATIAL] [ 52920][11:00:29:363698][info  ] RTSpatialIndex 0x74c8d908e130 (Free 22005 MB), Profiling Results. Alloc: 0.09 ms, Prepare: 0.47 ms, RT: 0.80 ms, Copy res: 0.88 ms
[LIBGPUSPATIAL] [ 52920][11:00:29:379288][info  ] RTSpatialRefiner 0x74c8db5a7550 (Free 22005 MB), Loaded Geometries, ProbeArray 13740, Loaded 2783, Type MultiPolygon
[LIBGPUSPATIAL] [ 52920][11:00:29:379489][info  ] RTSpatialRefiner 0x74c8db5a7550 (Free 22005 MB), Evaluating 633984 Geometry Pairs with Predicate Within
[LIBGPUSPATIAL] [ 52920][11:00:29:386790][info  ] RTSpatialRefiner 0x74c8db5a7550 (Free 22005 MB), Profiling Results. Parse: 15.12 ms, Refine: 7.21 ms, Copy Results: 0.25 ms
[LIBGPUSPATIAL] [ 52920][11:00:29:511073][info  ] RTSpatialIndex 0x74c8d908e130 (Free 22005 MB), Allocate result buffer, memory consumption 2 MB, capacity 372024
[LIBGPUSPATIAL] [ 52920][11:00:29:512051][info  ] RTSpatialIndex 0x74c8d908e130 (Free 22005 MB), Probe Rectangles, Size: 12276, Results: 372024
[LIBGPUSPATIAL] [ 52920][11:00:29:512082][info  ] RTSpatialIndex 0x74c8d908e130 (Free 22005 MB), Profiling Results. Alloc: 0.10 ms, Prepare: 0.47 ms, RT: 0.74 ms, Copy res: 0.58 ms
[LIBGPUSPATIAL] [ 52920][11:00:29:525711][info  ] RTSpatialRefiner 0x74c8db5a7550 (Free 22005 MB), Loaded Geometries, ProbeArray 12276, Loaded 2500, Type MultiPolygon
[LIBGPUSPATIAL] [ 52920][11:00:29:525853][info  ] RTSpatialRefiner 0x74c8db5a7550 (Free 22005 MB), Evaluating 372024 Geometry Pairs with Predicate Within
[LIBGPUSPATIAL] [ 52920][11:00:29:530410][info  ] RTSpatialRefiner 0x74c8db5a7550 (Free 22005 MB), Profiling Results. Parse: 12.62 ms, Refine: 4.42 ms, Copy Results: 0.24 ms
[LIBGPUSPATIAL] [ 52920][11:00:29:666603][info  ] RTSpatialIndex 0x74c8d908e130 (Free 22005 MB), Allocate result buffer, memory consumption 5 MB, capacity 730220
[LIBGPUSPATIAL] [ 52920][11:00:29:668016][info  ] RTSpatialIndex 0x74c8d908e130 (Free 22005 MB), Probe Rectangles, Size: 13740, Results: 730220
[LIBGPUSPATIAL] [ 52920][11:00:29:668048][info  ] RTSpatialIndex 0x74c8d908e130 (Free 22005 MB), Profiling Results. Alloc: 0.09 ms, Prepare: 0.46 ms, RT: 0.80 ms, Copy res: 0.98 ms
[LIBGPUSPATIAL] [ 52920][11:00:29:687082][info  ] RTSpatialRefiner 0x74c8db5a7550 (Free 22005 MB), Loaded Geometries, ProbeArray 13740, Loaded 2791, Type MultiPolygon
[LIBGPUSPATIAL] [ 52920][11:00:29:687317][info  ] RTSpatialRefiner 0x74c8db5a7550 (Free 22005 MB), Evaluating 730220 Geometry Pairs with Predicate Within
[LIBGPUSPATIAL] [ 52920][11:00:29:693948][info  ] RTSpatialRefiner 0x74c8db5a7550 (Free 22005 MB), Profiling Results. Parse: 16.40 ms, Refine: 6.49 ms, Copy Results: 0.33 ms
[LIBGPUSPATIAL] [ 52920][11:00:29:844843][info  ] RTSpatialIndex 0x74c8d908e130 (Free 22005 MB), Allocate result buffer, memory consumption 2 MB, capacity 327037
[LIBGPUSPATIAL] [ 52920][11:00:29:845765][info  ] RTSpatialIndex 0x74c8d908e130 (Free 22005 MB), Probe Rectangles, Size: 12275, Results: 327037
[LIBGPUSPATIAL] [ 52920][11:00:29:845793][info  ] RTSpatialIndex 0x74c8d908e130 (Free 22005 MB), Profiling Results. Alloc: 0.10 ms, Prepare: 0.47 ms, RT: 0.74 ms, Copy res: 0.52 ms
[LIBGPUSPATIAL] [ 52920][11:00:29:858568][info  ] RTSpatialRefiner 0x74c8db5a7550 (Free 22005 MB), Loaded Geometries, ProbeArray 12275, Loaded 2420, Type MultiPolygon
[LIBGPUSPATIAL] [ 52920][11:00:29:858675][info  ] RTSpatialRefiner 0x74c8db5a7550 (Free 22005 MB), Evaluating 327037 Geometry Pairs with Predicate Within
[LIBGPUSPATIAL] [ 52920][11:00:29:862575][info  ] RTSpatialRefiner 0x74c8db5a7550 (Free 22005 MB), Profiling Results. Parse: 11.86 ms, Refine: 3.73 ms, Copy Results: 0.23 ms
[LIBGPUSPATIAL] [ 52920][11:00:29:925315][info  ] Create RTSpatialIndex 0x74c8d908e130, fast_build = 0, compact = 0, concurrency = 1
[LIBGPUSPATIAL] [ 52920][11:00:29:925592][info  ] Create RTSpatialRefiner 0x74c8db5a7550, fast_build = 0, compact = 0, parsing_threads = 8, concurrency = 1, pipeline_batches = 1, wkb_parser_memory_quota = 0.80, relate_engine_memory_quota = 0.80
[LIBGPUSPATIAL] [ 52920][11:00:30:032909][info  ] RTSpatialRefiner 0x74c8db5a7550 (Free 22005 MB), Profiling Results. PushBuild: 49.14 ms, FinishBuilding: 0.01 ms
[LIBGPUSPATIAL] [ 52920][11:00:30:032943][info  ] RTSpatialRefiner 0x74c8db5a7550 (Free 22005 MB), FinishBuilding Refiner, Total geoms: 3057046
[LIBGPUSPATIAL] [ 52920][11:00:30:032972][info  ] RTSpatialIndex 0x74c8d908e130 (Free 22005 MB), PushBuild, Rectangles 3057046
[LIBGPUSPATIAL] [ 52920][11:00:30:038383][info  ] RTSpatialIndex 0x74c8d908e130 (Free 22005 MB), FinishBuilding Index on Points, Total geoms: 3057046
[LIBGPUSPATIAL] [ 52920][11:00:30:038410][info  ] RTSpatialIndex 0x74c8d908e130 (Free 22005 MB), Profiling Results. PushBuild: 3.78 ms, FinishBuilding: 1.64 ms
[LIBGPUSPATIAL] [ 52915][11:00:30:127355][info  ] RTSpatialIndex 0x74c8d908e130 (Free 22005 MB), Allocate result buffer, memory consumption 2 MB, capacity 316027
[LIBGPUSPATIAL] [ 52915][11:00:30:128081][info  ] RTSpatialIndex 0x74c8d908e130 (Free 22005 MB), Probe Rectangles, Size: 13740, Results: 316027
[LIBGPUSPATIAL] [ 52915][11:00:30:128109][info  ] RTSpatialIndex 0x74c8d908e130 (Free 22005 MB), Profiling Results. Alloc: 0.10 ms, Prepare: 0.49 ms, RT: 0.33 ms, Copy res: 0.53 ms
[LIBGPUSPATIAL] [ 52915][11:00:30:142888][info  ] RTSpatialRefiner 0x74c8db5a7550 (Free 22005 MB), Loaded Geometries, ProbeArray 13740, Loaded 2649, Type MultiPolygon
[LIBGPUSPATIAL] [ 52915][11:00:30:143013][info  ] RTSpatialRefiner 0x74c8db5a7550 (Free 22005 MB), Evaluating 316027 Geometry Pairs with Predicate Within
[LIBGPUSPATIAL] [ 52915][11:00:30:147972][info  ] RTSpatialRefiner 0x74c8db5a7550 (Free 22005 MB), Profiling Results. Parse: 13.68 ms, Refine: 4.76 ms, Copy Results: 0.27 ms
[LIBGPUSPATIAL] [ 52915][11:00:30:222102][info  ] RTSpatialIndex 0x74c8d908e130 (Free 22005 MB), Allocate result buffer, memory consumption 5 MB, capacity 778123
[LIBGPUSPATIAL] [ 52915][11:00:30:223380][info  ] RTSpatialIndex 0x74c8d908e130 (Free 22005 MB), Probe Rectangles, Size: 12276, Results: 778123
[LIBGPUSPATIAL] [ 52915][11:00:30:223410][info  ] RTSpatialIndex 0x74c8d908e130 (Free 22005 MB), Profiling Results. Alloc: 0.09 ms, Prepare: 0.46 ms, RT: 0.36 ms, Copy res: 1.07 ms
[LIBGPUSPATIAL] [ 52915][11:00:30:237513][info  ] RTSpatialRefiner 0x74c8db5a7550 (Free 22005 MB), Loaded Geometries, ProbeArray 12276, Loaded 2387, Type MultiPolygon
[LIBGPUSPATIAL] [ 52915][11:00:30:237752][info  ] RTSpatialRefiner 0x74c8db5a7550 (Free 22005 MB), Evaluating 778123 Geometry Pairs with Predicate Within
[LIBGPUSPATIAL] [ 52915][11:00:30:242882][info  ] RTSpatialRefiner 0x74c8db5a7550 (Free 22005 MB), Profiling Results. Parse: 12.20 ms, Refine: 4.90 ms, Copy Results: 0.42 ms
[LIBGPUSPATIAL] [ 52915][11:00:30:360082][info  ] RTSpatialIndex 0x74c8d908e130 (Free 22005 MB), Allocate result buffer, memory consumption 4 MB, capacity 540498
[LIBGPUSPATIAL] [ 52915][11:00:30:361090][info  ] RTSpatialIndex 0x74c8d908e130 (Free 22005 MB), Probe Rectangles, Size: 13740, Results: 540498
[LIBGPUSPATIAL] [ 52915][11:00:30:361118][info  ] RTSpatialIndex 0x74c8d908e130 (Free 22005 MB), Profiling Results. Alloc: 0.09 ms, Prepare: 0.48 ms, RT: 0.37 ms, Copy res: 0.79 ms
[LIBGPUSPATIAL] [ 52915][11:00:30:377580][info  ] RTSpatialRefiner 0x74c8db5a7550 (Free 22005 MB), Loaded Geometries, ProbeArray 13740, Loaded 2730, Type MultiPolygon
[LIBGPUSPATIAL] [ 52915][11:00:30:377772][info  ] RTSpatialRefiner 0x74c8db5a7550 (Free 22005 MB), Evaluating 540498 Geometry Pairs with Predicate Within
[LIBGPUSPATIAL] [ 52915][11:00:30:385160][info  ] RTSpatialRefiner 0x74c8db5a7550 (Free 22005 MB), Profiling Results. Parse: 16.01 ms, Refine: 7.16 ms, Copy Results: 0.37 ms
[LIBGPUSPATIAL] [ 52915][11:00:30:484618][info  ] RTSpatialIndex 0x74c8d908e130 (Free 22005 MB), Allocate result buffer, memory consumption 3 MB, capacity 451060
[LIBGPUSPATIAL] [ 52915][11:00:30:485494][info  ] RTSpatialIndex 0x74c8d908e130 (Free 22005 MB), Probe Rectangles, Size: 12276, Results: 451060
[LIBGPUSPATIAL] [ 52915][11:00:30:485522][info  ] RTSpatialIndex 0x74c8d908e130 (Free 22005 MB), Profiling Results. Alloc: 0.09 ms, Prepare: 0.47 ms, RT: 0.35 ms, Copy res: 0.67 ms
[LIBGPUSPATIAL] [ 52915][11:00:30:499124][info  ] RTSpatialRefiner 0x74c8db5a7550 (Free 22005 MB), Loaded Geometries, ProbeArray 12276, Loaded 2483, Type MultiPolygon
[LIBGPUSPATIAL] [ 52915][11:00:30:499265][info  ] RTSpatialRefiner 0x74c8db5a7550 (Free 22005 MB), Evaluating 451060 Geometry Pairs with Predicate Within
[LIBGPUSPATIAL] [ 52915][11:00:30:505989][info  ] RTSpatialRefiner 0x74c8db5a7550 (Free 22005 MB), Profiling Results. Parse: 12.53 ms, Refine: 6.52 ms, Copy Results: 0.29 ms
[LIBGPUSPATIAL] [ 52915][11:00:30:597418][info  ] RTSpatialIndex 0x74c8d908e130 (Free 22005 MB), Allocate result buffer, memory consumption 3 MB, capacity 514833
[LIBGPUSPATIAL] [ 52915][11:00:30:598379][info  ] RTSpatialIndex 0x74c8d908e130 (Free 22005 MB), Probe Rectangles, Size: 13740, Results: 514833
[LIBGPUSPATIAL] [ 52915][11:00:30:598408][info  ] RTSpatialIndex 0x74c8d908e130 (Free 22005 MB), Profiling Results. Alloc: 0.09 ms, Prepare: 0.48 ms, RT: 0.34 ms, Copy res: 0.76 ms
[LIBGPUSPATIAL] [ 52915][11:00:30:613544][info  ] RTSpatialRefiner 0x74c8db5a7550 (Free 22005 MB), Loaded Geometries, ProbeArray 13740, Loaded 2780, Type MultiPolygon
[LIBGPUSPATIAL] [ 52915][11:00:30:613691][info  ] RTSpatialRefiner 0x74c8db5a7550 (Free 22005 MB), Evaluating 514833 Geometry Pairs with Predicate Within
[LIBGPUSPATIAL] [ 52915][11:00:30:619065][info  ] RTSpatialRefiner 0x74c8db5a7550 (Free 22005 MB), Profiling Results. Parse: 14.74 ms, Refine: 5.09 ms, Copy Results: 0.39 ms
[LIBGPUSPATIAL] [ 52915][11:00:30:717280][info  ] RTSpatialIndex 0x74c8d908e130 (Free 22005 MB), Allocate result buffer, memory consumption 9 MB, capacity 1206528
[LIBGPUSPATIAL] [ 52915][11:00:30:719025][info  ] RTSpatialIndex 0x74c8d908e130 (Free 22005 MB), Probe Rectangles, Size: 12276, Results: 1206528
[LIBGPUSPATIAL] [ 52915][11:00:30:719053][info  ] RTSpatialIndex 0x74c8d908e130 (Free 22005 MB), Profiling Results. Alloc: 0.09 ms, Prepare: 0.46 ms, RT: 0.39 ms, Copy res: 1.52 ms
[LIBGPUSPATIAL] [ 52915][11:00:30:733029][info  ] RTSpatialRefiner 0x74c8db5a7550 (Free 22005 MB), Loaded Geometries, ProbeArray 12276, Loaded 2363, Type MultiPolygon
[LIBGPUSPATIAL] [ 52915][11:00:30:733414][info  ] RTSpatialRefiner 0x74c8db5a7550 (Free 22005 MB), Evaluating 1206528 Geometry Pairs with Predicate Within
[LIBGPUSPATIAL] [ 52915][11:00:30:757518][info  ] RTSpatialRefiner 0x74c8db5a7550 (Free 22005 MB), Profiling Results. Parse: 13.12 ms, Refine: 24.00 ms, Copy Results: 0.43 ms
[LIBGPUSPATIAL] [ 52915][11:00:30:876382][info  ] RTSpatialIndex 0x74c8d908e130 (Free 22005 MB), Allocate result buffer, memory consumption 4 MB, capacity 637036
[LIBGPUSPATIAL] [ 52915][11:00:30:877483][info  ] RTSpatialIndex 0x74c8d908e130 (Free 22005 MB), Probe Rectangles, Size: 13740, Results: 637036
[LIBGPUSPATIAL] [ 52915][11:00:30:877513][info  ] RTSpatialIndex 0x74c8d908e130 (Free 22005 MB), Profiling Results. Alloc: 0.10 ms, Prepare: 0.47 ms, RT: 0.36 ms, Copy res: 0.89 ms
[LIBGPUSPATIAL] [ 52915][11:00:30:893798][info  ] RTSpatialRefiner 0x74c8db5a7550 (Free 22005 MB), Loaded Geometries, ProbeArray 13740, Loaded 2718, Type MultiPolygon
[LIBGPUSPATIAL] [ 52915][11:00:30:894019][info  ] RTSpatialRefiner 0x74c8db5a7550 (Free 22005 MB), Evaluating 637036 Geometry Pairs with Predicate Within
[LIBGPUSPATIAL] [ 52915][11:00:30:898762][info  ] RTSpatialRefiner 0x74c8db5a7550 (Free 22005 MB), Profiling Results. Parse: 15.74 ms, Refine: 4.48 ms, Copy Results: 0.45 ms
[LIBGPUSPATIAL] [ 52915][11:00:31:006452][info  ] RTSpatialIndex 0x74c8d908e130 (Free 22005 MB), Allocate result buffer, memory consumption 2 MB, capacity 270825
[LIBGPUSPATIAL] [ 52915][11:00:31:007149][info  ] RTSpatialIndex 0x74c8d908e130 (Free 22005 MB), Probe Rectangles, Size: 12276, Results: 270825
[LIBGPUSPATIAL] [ 52915][11:00:31:007177][info  ] RTSpatialIndex 0x74c8d908e130 (Free 22005 MB), Profiling Results. Alloc: 0.10 ms, Prepare: 0.47 ms, RT: 0.34 ms, Copy res: 0.50 ms
[LIBGPUSPATIAL] [ 52915][11:00:31:020076][info  ] RTSpatialRefiner 0x74c8db5a7550 (Free 22005 MB), Loaded Geometries, ProbeArray 12276, Loaded 2464, Type MultiPolygon
[LIBGPUSPATIAL] [ 52915][11:00:31:020168][info  ] RTSpatialRefiner 0x74c8db5a7550 (Free 22005 MB), Evaluating 270825 Geometry Pairs with Predicate Within
[LIBGPUSPATIAL] [ 52915][11:00:31:025640][info  ] RTSpatialRefiner 0x74c8db5a7550 (Free 22005 MB), Profiling Results. Parse: 12.67 ms, Refine: 5.32 ms, Copy Results: 0.21 ms
[LIBGPUSPATIAL] [ 52915][11:00:31:106485][info  ] RTSpatialIndex 0x74c8d908e130 (Free 22005 MB), Allocate result buffer, memory consumption 2 MB, capacity 390657
[LIBGPUSPATIAL] [ 52915][11:00:31:107305][info  ] RTSpatialIndex 0x74c8d908e130 (Free 22005 MB), Probe Rectangles, Size: 13740, Results: 390657
[LIBGPUSPATIAL] [ 52915][11:00:31:107334][info  ] RTSpatialIndex 0x74c8d908e130 (Free 22005 MB), Profiling Results. Alloc: 0.09 ms, Prepare: 0.49 ms, RT: 0.35 ms, Copy res: 0.61 ms
[LIBGPUSPATIAL] [ 52915][11:00:31:123870][info  ] RTSpatialRefiner 0x74c8db5a7550 (Free 22005 MB), Loaded Geometries, ProbeArray 13740, Loaded 2726, Type MultiPolygon
[LIBGPUSPATIAL] [ 52915][11:00:31:124015][info  ] RTSpatialRefiner 0x74c8db5a7550 (Free 22005 MB), Evaluating 390657 Geometry Pairs with Predicate Within
[LIBGPUSPATIAL] [ 52915][11:00:31:129433][info  ] RTSpatialRefiner 0x74c8db5a7550 (Free 22005 MB), Profiling Results. Parse: 14.96 ms, Refine: 5.27 ms, Copy Results: 0.26 ms
[LIBGPUSPATIAL] [ 52915][11:00:31:208773][info  ] RTSpatialIndex 0x74c8d908e130 (Free 22005 MB), Allocate result buffer, memory consumption 2 MB, capacity 319896
[LIBGPUSPATIAL] [ 52915][11:00:31:209484][info  ] RTSpatialIndex 0x74c8d908e130 (Free 22005 MB), Probe Rectangles, Size: 12276, Results: 319896
[LIBGPUSPATIAL] [ 52915][11:00:31:209510][info  ] RTSpatialIndex 0x74c8d908e130 (Free 22005 MB), Profiling Results. Alloc: 0.09 ms, Prepare: 0.47 ms, RT: 0.34 ms, Copy res: 0.51 ms
[LIBGPUSPATIAL] [ 52915][11:00:31:222408][info  ] RTSpatialRefiner 0x74c8db5a7550 (Free 22005 MB), Loaded Geometries, ProbeArray 12276, Loaded 2414, Type MultiPolygon
[LIBGPUSPATIAL] [ 52915][11:00:31:222520][info  ] RTSpatialRefiner 0x74c8db5a7550 (Free 22005 MB), Evaluating 319896 Geometry Pairs with Predicate Within
[LIBGPUSPATIAL] [ 52915][11:00:31:226187][info  ] RTSpatialRefiner 0x74c8db5a7550 (Free 22005 MB), Profiling Results. Parse: 12.57 ms, Refine: 3.50 ms, Copy Results: 0.24 ms
[LIBGPUSPATIAL] [ 52915][11:00:31:314746][info  ] RTSpatialIndex 0x74c8d908e130 (Free 22005 MB), Allocate result buffer, memory consumption 5 MB, capacity 662983
[LIBGPUSPATIAL] [ 52915][11:00:31:315875][info  ] RTSpatialIndex 0x74c8d908e130 (Free 22005 MB), Probe Rectangles, Size: 13740, Results: 662983
[LIBGPUSPATIAL] [ 52915][11:00:31:315904][info  ] RTSpatialIndex 0x74c8d908e130 (Free 22005 MB), Profiling Results. Alloc: 0.09 ms, Prepare: 0.46 ms, RT: 0.39 ms, Copy res: 0.91 ms
[LIBGPUSPATIAL] [ 52915][11:00:31:331732][info  ] RTSpatialRefiner 0x74c8db5a7550 (Free 22005 MB), Loaded Geometries, ProbeArray 13740, Loaded 2740, Type MultiPolygon
[LIBGPUSPATIAL] [ 52915][11:00:31:331938][info  ] RTSpatialRefiner 0x74c8db5a7550 (Free 22005 MB), Evaluating 662983 Geometry Pairs with Predicate Within
[LIBGPUSPATIAL] [ 52915][11:00:31:337602][info  ] RTSpatialRefiner 0x74c8db5a7550 (Free 22005 MB), Profiling Results. Parse: 15.31 ms, Refine: 5.50 ms, Copy Results: 0.33 ms
[LIBGPUSPATIAL] [ 52915][11:00:31:421159][info  ] RTSpatialIndex 0x74c8d908e130 (Free 22005 MB), Allocate result buffer, memory consumption 2 MB, capacity 295844
[LIBGPUSPATIAL] [ 52915][11:00:31:421858][info  ] RTSpatialIndex 0x74c8d908e130 (Free 22005 MB), Probe Rectangles, Size: 12275, Results: 295844
[LIBGPUSPATIAL] [ 52915][11:00:31:421887][info  ] RTSpatialIndex 0x74c8d908e130 (Free 22005 MB), Profiling Results. Alloc: 0.09 ms, Prepare: 0.45 ms, RT: 0.34 ms, Copy res: 0.50 ms
[LIBGPUSPATIAL] [ 52915][11:00:31:435054][info  ] RTSpatialRefiner 0x74c8db5a7550 (Free 22005 MB), Loaded Geometries, ProbeArray 12275, Loaded 2394, Type MultiPolygon
[LIBGPUSPATIAL] [ 52915][11:00:31:435156][info  ] RTSpatialRefiner 0x74c8db5a7550 (Free 22005 MB), Evaluating 295844 Geometry Pairs with Predicate Within
[LIBGPUSPATIAL] [ 52915][11:00:31:438583][info  ] RTSpatialRefiner 0x74c8db5a7550 (Free 22005 MB), Profiling Results. Parse: 12.43 ms, Refine: 3.25 ms, Copy Results: 0.23 ms
Run # 2
┌───────────────────┬──────────────────────────────────────────────────────────────────────────────┐
│     plan_type     ┆                                     plan                                     │
│        utf8       ┆                                     utf8                                     │
╞═══════════════════╪══════════════════════════════════════════════════════════════════════════════╡
│ Plan with Metrics ┆ ProjectionExec: expr=[count(Int64(1))@0 as cross_zone_trip_count], metrics=[ │
│                   ┆ output_rows=1, elapsed_compute=1.39µs, output_bytes=8.0 B]                   │
│                   ┆   AggregateExec: mode=Single, gby=[], aggr=[count(Int64(1))], metrics=[outpu │
│                   ┆ t_rows=1, elapsed_compute=122.463µs, output_bytes=8.0 B]                     │
│                   ┆     ProjectionExec: expr=[], metrics=[output_rows=176391, elapsed_compute=14 │
│                   ┆ .882µs, output_bytes=0.0 B]                                                  │
│                   ┆       SpatialJoinExec: join_type=Inner, on=ST_within(dropoff_geom@0, geom@1) │
│                   ┆ , filter=z_zonekey@0 != z_zonekey@1, metrics=[output_rows=176391, spill_coun │
│                   ┆ t=0, spilled_bytes=0.0 B, spilled_rows=0, build_input_batches=22, build_inpu │
│                   ┆ t_rows=3057046, join_result_candidates=6384310, join_result_count=3062667, o │
│                   ┆ utput_batches=24, probe_input_batches=12, probe_input_rows=156095, build_inp │
│                   ┆ ut_total_size_bytes=483013444, build_mem_used=483013444, execution_mode=1, r │
│                   ┆ efiner_mem_used=0, build_input_collection_time=414.193347ms, build_time=113. │
│                   ┆ 177321ms, join_time=877.831218ms, partition_probe_time=1ns]                  │
│                   ┆         SpatialJoinExec: join_type=Inner, on=ST_within(pickup_geom@0, geom@1 │
│                   ┆ ), projection=[dropoff_geom@1, z_zonekey@2], metrics=[output_rows=3057046, s │
│                   ┆ pill_count=0, spilled_bytes=0.0 B, spilled_rows=0, build_input_batches=4, bu │
│                   ┆ ild_input_rows=6000000, join_result_candidates=7297793, join_result_count=30 │
│                   ┆ 57046, output_batches=22, probe_input_batches=12, probe_input_rows=156095, b │
│                   ┆ uild_input_total_size_bytes=1122000032, build_mem_used=1122000032, execution │
│                   ┆ _mode=1, refiner_mem_used=0, build_input_collection_time=727.707981ms, build │
│                   ┆ _time=210.155639ms, join_time=1.205464591s, partition_probe_time=1ns]        │
│                   ┆           ProjectionExec: expr=[st_geomfromwkb(t_pickuploc@0) as pickup_geom │
│                   ┆ , st_geomfromwkb(t_dropoffloc@1) as dropoff_geom], metrics=[output_rows=6000 │
│                   ┆ 000, elapsed_compute=212.537903ms, output_bytes=542.1 MB]                    │
│                   ┆             DataSourceExec: file_groups={1 group: [[mnt/data/sedona-spatialb │
│                   ┆ ench/paper/benchmark-data-sf1/trip/trip.1.parquet:0..182361649, mnt/data/sed │
│                   ┆ ona-spatialbench/paper/benchmark-data-sf1/trip/trip.2.parquet:0..182311531]] │
│                   ┆ }, projection=[t_pickuploc, t_dropoffloc], file_type=parquet, metrics=[outpu │
│                   ┆ t_rows=6000000, elapsed_compute=1ns, output_bytes=542.1 MB, files_ranges_pru │
│                   ┆ ned_statistics=2 total → 2 matched, row_groups_pruned_statistics=4 total → 4 │
│                   ┆  matched, row_groups_pruned_bloom_filter=4 total → 4 matched, page_index_row │
│                   ┆ s_pruned=0 total → 0 matched, batches_split=0, bytes_scanned=209738293, file │
│                   ┆ _open_errors=0, file_scan_errors=0, num_predicate_creation_errors=0, predica │
│                   ┆ te_cache_inner_records=0, predicate_cache_records=0, predicate_evaluation_er │
│                   ┆ rors=0, pushdown_rows_matched=0, pushdown_rows_pruned=0, bloom_filter_eval_t │
│                   ┆ ime=4ns, metadata_load_time=550.404µs, page_index_eval_time=4ns, row_pushdow │
│                   ┆ n_eval_time=4ns, statistics_eval_time=4ns, time_elapsed_opening=405.235µs, t │
│                   ┆ ime_elapsed_processing=222.6942ms, time_elapsed_scanning_total=1.191597579s, │
│                   ┆  time_elapsed_scanning_until_data=104.846911ms]                              │
│                   ┆           ProjectionExec: expr=[z_zonekey@0 as z_zonekey, st_geomfromwkb(z_b │
│                   ┆ oundary@1) as geom], metrics=[output_rows=156095, elapsed_compute=27.168056m │
│                   ┆ s, output_bytes=1338.5 MB]                                                   │
│                   ┆             DataSourceExec: file_groups={1 group: [[mnt/data/sedona-spatialb │
│                   ┆ ench/paper/benchmark-data-sf1/zone/zone.1.parquet, mnt/data/sedona-spatialbe │
│                   ┆ nch/paper/benchmark-data-sf1/zone/zone.2.parquet, mnt/data/sedona-spatialben │
│                   ┆ ch/paper/benchmark-data-sf1/zone/zone.3.parquet, mnt/data/sedona-spatialbenc │
│                   ┆ h/paper/benchmark-data-sf1/zone/zone.4.parquet, mnt/data/sedona-spatialbench │
│                   ┆ /paper/benchmark-data-sf1/zone/zone.5.parquet, ...]]}, projection=[z_zonekey │
│                   ┆ , z_boundary], file_type=parquet, metrics=[output_rows=156095, elapsed_compu │
│                   ┆ te=1ns, output_bytes=1338.5 MB, files_ranges_pruned_statistics=6 total → 6 m │
│                   ┆ atched, row_groups_pruned_statistics=12 total → 12 matched, row_groups_prune │
│                   ┆ d_bloom_filter=12 total → 12 matched, page_index_rows_pruned=0 total → 0 mat │
│                   ┆ ched, batches_split=0, bytes_scanned=1384587770, file_open_errors=0, file_sc │
│                   ┆ an_errors=0, num_predicate_creation_errors=0, predicate_cache_inner_records= │
│                   ┆ 0, predicate_cache_records=0, predicate_evaluation_errors=0, pushdown_rows_m │
│                   ┆ atched=0, pushdown_rows_pruned=0, bloom_filter_eval_time=12ns, metadata_load │
│                   ┆ _time=2.002445ms, page_index_eval_time=12ns, row_pushdown_eval_time=12ns, st │
│                   ┆ atistics_eval_time=12ns, time_elapsed_opening=321.532µs, time_elapsed_proces │
│                   ┆ sing=412.402506ms, time_elapsed_scanning_total=2.255435543s, time_elapsed_sc │
│                   ┆ anning_until_data=334.3705ms]                                                │
│                   ┆         ProjectionExec: expr=[z_zonekey@0 as z_zonekey, st_geomfromwkb(z_bou │
│                   ┆ ndary@1) as geom], metrics=[output_rows=156095, elapsed_compute=26.506449ms, │
│                   ┆  output_bytes=1338.5 MB]                                                     │
│                   ┆           DataSourceExec: file_groups={1 group: [[mnt/data/sedona-spatialben │
│                   ┆ ch/paper/benchmark-data-sf1/zone/zone.1.parquet, mnt/data/sedona-spatialbenc │
│                   ┆ h/paper/benchmark-data-sf1/zone/zone.2.parquet, mnt/data/sedona-spatialbench │
│                   ┆ /paper/benchmark-data-sf1/zone/zone.3.parquet, mnt/data/sedona-spatialbench/ │
│                   ┆ paper/benchmark-data-sf1/zone/zone.4.parquet, mnt/data/sedona-spatialbench/p │
│                   ┆ aper/benchmark-data-sf1/zone/zone.5.parquet, ...]]}, projection=[z_zonekey,  │
│                   ┆ z_boundary], file_type=parquet, metrics=[output_rows=156095, elapsed_compute │
│                   ┆ =1ns, output_bytes=1338.5 MB, files_ranges_pruned_statistics=6 total → 6 mat │
│                   ┆ ched, row_groups_pruned_statistics=12 total → 12 matched, row_groups_pruned_ │
│                   ┆ bloom_filter=12 total → 12 matched, page_index_rows_pruned=0 total → 0 match │
│                   ┆ ed, batches_split=0, bytes_scanned=1384587770, file_open_errors=0, file_scan │
│                   ┆ _errors=0, num_predicate_creation_errors=0, predicate_cache_inner_records=0, │
│                   ┆  predicate_cache_records=0, predicate_evaluation_errors=0, pushdown_rows_mat │
│                   ┆ ched=0, pushdown_rows_pruned=0, bloom_filter_eval_time=12ns, metadata_load_t │
│                   ┆ ime=1.512486ms, page_index_eval_time=12ns, row_pushdown_eval_time=12ns, stat │
│                   ┆ istics_eval_time=12ns, time_elapsed_opening=305.501µs, time_elapsed_processi │
│                   ┆ ng=298.760589ms, time_elapsed_scanning_total=1.419871319s, time_elapsed_scan │
│                   ┆ ning_until_data=286.557452ms]                                                │
│                   ┆                                                                              │
└───────────────────┴──────────────────────────────────────────────────────────────────────────────┘
[LIBGPUSPATIAL] [ 52915][11:00:32:667730][info  ] Create RTSpatialIndex 0x74c8d908e130, fast_build = 0, compact = 0, concurrency = 1
[LIBGPUSPATIAL] [ 52915][11:00:32:668049][info  ] Create RTSpatialRefiner 0x74c8db5a7550, fast_build = 0, compact = 0, parsing_threads = 8, concurrency = 1, pipeline_batches = 1, wkb_parser_memory_quota = 0.80, relate_engine_memory_quota = 0.80
[LIBGPUSPATIAL] [ 52915][11:00:32:857022][info  ] RTSpatialRefiner 0x74c8db5a7550 (Free 22005 MB), Profiling Results. PushBuild: 94.94 ms, FinishBuilding: 0.01 ms
[LIBGPUSPATIAL] [ 52915][11:00:32:857055][info  ] RTSpatialRefiner 0x74c8db5a7550 (Free 22005 MB), FinishBuilding Refiner, Total geoms: 6000000
[LIBGPUSPATIAL] [ 52915][11:00:32:857070][info  ] RTSpatialIndex 0x74c8d908e130 (Free 22005 MB), PushBuild, Rectangles 6000000
[LIBGPUSPATIAL] [ 52915][11:00:32:867278][info  ] RTSpatialIndex 0x74c8d908e130 (Free 22005 MB), FinishBuilding Index on Points, Total geoms: 6000000
[LIBGPUSPATIAL] [ 52915][11:00:32:867304][info  ] RTSpatialIndex 0x74c8d908e130 (Free 22005 MB), Profiling Results. PushBuild: 7.34 ms, FinishBuilding: 2.88 ms
[LIBGPUSPATIAL] [ 52920][11:00:32:964565][info  ] RTSpatialIndex 0x74c8d908e130 (Free 22005 MB), Allocate result buffer, memory consumption 2 MB, capacity 325005
[LIBGPUSPATIAL] [ 52920][11:00:32:965476][info  ] RTSpatialIndex 0x74c8d908e130 (Free 22005 MB), Probe Rectangles, Size: 13740, Results: 325005
[LIBGPUSPATIAL] [ 52920][11:00:32:965502][info  ] RTSpatialIndex 0x74c8d908e130 (Free 22005 MB), Profiling Results. Alloc: 0.09 ms, Prepare: 0.47 ms, RT: 0.75 ms, Copy res: 0.50 ms
[LIBGPUSPATIAL] [ 52920][11:00:32:981107][info  ] RTSpatialRefiner 0x74c8db5a7550 (Free 22005 MB), Loaded Geometries, ProbeArray 13740, Loaded 2689, Type MultiPolygon
[LIBGPUSPATIAL] [ 52920][11:00:32:981216][info  ] RTSpatialRefiner 0x74c8db5a7550 (Free 22005 MB), Evaluating 325005 Geometry Pairs with Predicate Within
[LIBGPUSPATIAL] [ 52920][11:00:32:986476][info  ] RTSpatialRefiner 0x74c8db5a7550 (Free 22005 MB), Profiling Results. Parse: 14.64 ms, Refine: 5.05 ms, Copy Results: 0.28 ms
[LIBGPUSPATIAL] [ 52920][11:00:33:116839][info  ] RTSpatialIndex 0x74c8d908e130 (Free 22005 MB), Allocate result buffer, memory consumption 6 MB, capacity 815600
[LIBGPUSPATIAL] [ 52920][11:00:33:118342][info  ] RTSpatialIndex 0x74c8d908e130 (Free 22005 MB), Probe Rectangles, Size: 12276, Results: 815600
[LIBGPUSPATIAL] [ 52920][11:00:33:118372][info  ] RTSpatialIndex 0x74c8d908e130 (Free 22005 MB), Profiling Results. Alloc: 0.10 ms, Prepare: 0.47 ms, RT: 0.73 ms, Copy res: 1.10 ms
[LIBGPUSPATIAL] [ 52920][11:00:33:132130][info  ] RTSpatialRefiner 0x74c8db5a7550 (Free 22005 MB), Loaded Geometries, ProbeArray 12276, Loaded 2431, Type MultiPolygon
[LIBGPUSPATIAL] [ 52920][11:00:33:132401][info  ] RTSpatialRefiner 0x74c8db5a7550 (Free 22005 MB), Evaluating 815600 Geometry Pairs with Predicate Within
[LIBGPUSPATIAL] [ 52920][11:00:33:138388][info  ] RTSpatialRefiner 0x74c8db5a7550 (Free 22005 MB), Profiling Results. Parse: 12.48 ms, Refine: 5.80 ms, Copy Results: 0.42 ms
[LIBGPUSPATIAL] [ 52920][11:00:33:350260][info  ] RTSpatialIndex 0x74c8d908e130 (Free 22005 MB), Allocate result buffer, memory consumption 4 MB, capacity 617528
[LIBGPUSPATIAL] [ 52920][11:00:33:351537][info  ] RTSpatialIndex 0x74c8d908e130 (Free 22005 MB), Probe Rectangles, Size: 13740, Results: 617528
[LIBGPUSPATIAL] [ 52920][11:00:33:351570][info  ] RTSpatialIndex 0x74c8d908e130 (Free 22005 MB), Profiling Results. Alloc: 0.10 ms, Prepare: 0.48 ms, RT: 0.79 ms, Copy res: 0.85 ms
[LIBGPUSPATIAL] [ 52920][11:00:33:369114][info  ] RTSpatialRefiner 0x74c8db5a7550 (Free 22005 MB), Loaded Geometries, ProbeArray 13740, Loaded 2756, Type MultiPolygon
[LIBGPUSPATIAL] [ 52920][11:00:33:369311][info  ] RTSpatialRefiner 0x74c8db5a7550 (Free 22005 MB), Evaluating 617528 Geometry Pairs with Predicate Within
[LIBGPUSPATIAL] [ 52920][11:00:33:377562][info  ] RTSpatialRefiner 0x74c8db5a7550 (Free 22005 MB), Profiling Results. Parse: 15.18 ms, Refine: 8.06 ms, Copy Results: 0.35 ms
[LIBGPUSPATIAL] [ 52920][11:00:33:543600][info  ] RTSpatialIndex 0x74c8d908e130 (Free 22005 MB), Allocate result buffer, memory consumption 3 MB, capacity 508540
[LIBGPUSPATIAL] [ 52920][11:00:33:544756][info  ] RTSpatialIndex 0x74c8d908e130 (Free 22005 MB), Probe Rectangles, Size: 12276, Results: 508540
[LIBGPUSPATIAL] [ 52920][11:00:33:544784][info  ] RTSpatialIndex 0x74c8d908e130 (Free 22005 MB), Profiling Results. Alloc: 0.09 ms, Prepare: 0.47 ms, RT: 0.79 ms, Copy res: 0.73 ms
[LIBGPUSPATIAL] [ 52920][11:00:33:561038][info  ] RTSpatialRefiner 0x74c8db5a7550 (Free 22005 MB), Loaded Geometries, ProbeArray 12276, Loaded 2527, Type MultiPolygon
[LIBGPUSPATIAL] [ 52920][11:00:33:561199][info  ] RTSpatialRefiner 0x74c8db5a7550 (Free 22005 MB), Evaluating 508540 Geometry Pairs with Predicate Within
[LIBGPUSPATIAL] [ 52920][11:00:33:569208][info  ] RTSpatialRefiner 0x74c8db5a7550 (Free 22005 MB), Profiling Results. Parse: 13.73 ms, Refine: 7.83 ms, Copy Results: 0.29 ms
[LIBGPUSPATIAL] [ 52920][11:00:33:716862][info  ] RTSpatialIndex 0x74c8d908e130 (Free 22005 MB), Allocate result buffer, memory consumption 3 MB, capacity 523852
[LIBGPUSPATIAL] [ 52920][11:00:33:718058][info  ] RTSpatialIndex 0x74c8d908e130 (Free 22005 MB), Probe Rectangles, Size: 13740, Results: 523852
[LIBGPUSPATIAL] [ 52920][11:00:33:718086][info  ] RTSpatialIndex 0x74c8d908e130 (Free 22005 MB), Profiling Results. Alloc: 0.09 ms, Prepare: 0.47 ms, RT: 0.77 ms, Copy res: 0.78 ms
[LIBGPUSPATIAL] [ 52920][11:00:33:735942][info  ] RTSpatialRefiner 0x74c8db5a7550 (Free 22005 MB), Loaded Geometries, ProbeArray 13740, Loaded 2832, Type MultiPolygon
[LIBGPUSPATIAL] [ 52920][11:00:33:736123][info  ] RTSpatialRefiner 0x74c8db5a7550 (Free 22005 MB), Evaluating 523852 Geometry Pairs with Predicate Within
[LIBGPUSPATIAL] [ 52920][11:00:33:741864][info  ] RTSpatialRefiner 0x74c8db5a7550 (Free 22005 MB), Profiling Results. Parse: 15.82 ms, Refine: 5.48 ms, Copy Results: 0.38 ms
[LIBGPUSPATIAL] [ 52920][11:00:33:921759][info  ] RTSpatialIndex 0x74c8d908e130 (Free 22005 MB), Allocate result buffer, memory consumption 11 MB, capacity 1495810
[LIBGPUSPATIAL] [ 52920][11:00:33:924103][info  ] RTSpatialIndex 0x74c8d908e130 (Free 22005 MB), Probe Rectangles, Size: 12276, Results: 1495810
[LIBGPUSPATIAL] [ 52920][11:00:33:924132][info  ] RTSpatialIndex 0x74c8d908e130 (Free 22005 MB), Profiling Results. Alloc: 0.09 ms, Prepare: 0.47 ms, RT: 0.94 ms, Copy res: 1.84 ms
[LIBGPUSPATIAL] [ 52920][11:00:33:940988][info  ] RTSpatialRefiner 0x74c8db5a7550 (Free 22005 MB), Loaded Geometries, ProbeArray 12276, Loaded 2372, Type MultiPolygon
[LIBGPUSPATIAL] [ 52920][11:00:33:941446][info  ] RTSpatialRefiner 0x74c8db5a7550 (Free 22005 MB), Evaluating 1495810 Geometry Pairs with Predicate Within
[LIBGPUSPATIAL] [ 52920][11:00:33:969551][info  ] RTSpatialRefiner 0x74c8db5a7550 (Free 22005 MB), Profiling Results. Parse: 13.94 ms, Refine: 28.08 ms, Copy Results: 0.43 ms
[LIBGPUSPATIAL] [ 52920][11:00:34:198912][info  ] RTSpatialIndex 0x74c8d908e130 (Free 22005 MB), Allocate result buffer, memory consumption 5 MB, capacity 657192
[LIBGPUSPATIAL] [ 52920][11:00:34:200223][info  ] RTSpatialIndex 0x74c8d908e130 (Free 22005 MB), Probe Rectangles, Size: 13740, Results: 657192
[LIBGPUSPATIAL] [ 52920][11:00:34:200251][info  ] RTSpatialIndex 0x74c8d908e130 (Free 22005 MB), Profiling Results. Alloc: 0.08 ms, Prepare: 0.48 ms, RT: 0.75 ms, Copy res: 0.90 ms
[LIBGPUSPATIAL] [ 52920][11:00:34:222411][info  ] RTSpatialRefiner 0x74c8db5a7550 (Free 22005 MB), Loaded Geometries, ProbeArray 13740, Loaded 2770, Type MultiPolygon
[LIBGPUSPATIAL] [ 52920][11:00:34:222618][info  ] RTSpatialRefiner 0x74c8db5a7550 (Free 22005 MB), Evaluating 657192 Geometry Pairs with Predicate Within
[LIBGPUSPATIAL] [ 52920][11:00:34:227912][info  ] RTSpatialRefiner 0x74c8db5a7550 (Free 22005 MB), Profiling Results. Parse: 19.60 ms, Refine: 5.02 ms, Copy Results: 0.44 ms
[LIBGPUSPATIAL] [ 52920][11:00:34:449182][info  ] RTSpatialIndex 0x74c8d908e130 (Free 22005 MB), Allocate result buffer, memory consumption 2 MB, capacity 291001
[LIBGPUSPATIAL] [ 52920][11:00:34:450066][info  ] RTSpatialIndex 0x74c8d908e130 (Free 22005 MB), Probe Rectangles, Size: 12276, Results: 291001
[LIBGPUSPATIAL] [ 52920][11:00:34:450094][info  ] RTSpatialIndex 0x74c8d908e130 (Free 22005 MB), Profiling Results. Alloc: 0.10 ms, Prepare: 0.47 ms, RT: 0.73 ms, Copy res: 0.49 ms
[LIBGPUSPATIAL] [ 52920][11:00:34:465325][info  ] RTSpatialRefiner 0x74c8db5a7550 (Free 22005 MB), Loaded Geometries, ProbeArray 12276, Loaded 2493, Type MultiPolygon
[LIBGPUSPATIAL] [ 52920][11:00:34:465435][info  ] RTSpatialRefiner 0x74c8db5a7550 (Free 22005 MB), Evaluating 291001 Geometry Pairs with Predicate Within
[LIBGPUSPATIAL] [ 52920][11:00:34:470875][info  ] RTSpatialRefiner 0x74c8db5a7550 (Free 22005 MB), Profiling Results. Parse: 14.06 ms, Refine: 5.29 ms, Copy Results: 0.21 ms
[LIBGPUSPATIAL] [ 52920][11:00:34:599536][info  ] RTSpatialIndex 0x74c8d908e130 (Free 22005 MB), Allocate result buffer, memory consumption 4 MB, capacity 633984
[LIBGPUSPATIAL] [ 52920][11:00:34:600836][info  ] RTSpatialIndex 0x74c8d908e130 (Free 22005 MB), Probe Rectangles, Size: 13740, Results: 633984
[LIBGPUSPATIAL] [ 52920][11:00:34:600866][info  ] RTSpatialIndex 0x74c8d908e130 (Free 22005 MB), Profiling Results. Alloc: 0.09 ms, Prepare: 0.48 ms, RT: 0.81 ms, Copy res: 0.87 ms
[LIBGPUSPATIAL] [ 52920][11:00:34:618262][info  ] RTSpatialRefiner 0x74c8db5a7550 (Free 22005 MB), Loaded Geometries, ProbeArray 13740, Loaded 2783, Type MultiPolygon
[LIBGPUSPATIAL] [ 52920][11:00:34:618464][info  ] RTSpatialRefiner 0x74c8db5a7550 (Free 22005 MB), Evaluating 633984 Geometry Pairs with Predicate Within
[LIBGPUSPATIAL] [ 52920][11:00:34:625776][info  ] RTSpatialRefiner 0x74c8db5a7550 (Free 22005 MB), Profiling Results. Parse: 16.01 ms, Refine: 7.22 ms, Copy Results: 0.25 ms
[LIBGPUSPATIAL] [ 52920][11:00:34:753400][info  ] RTSpatialIndex 0x74c8d908e130 (Free 22005 MB), Allocate result buffer, memory consumption 2 MB, capacity 372024
[LIBGPUSPATIAL] [ 52920][11:00:34:754360][info  ] RTSpatialIndex 0x74c8d908e130 (Free 22005 MB), Probe Rectangles, Size: 12276, Results: 372024
[LIBGPUSPATIAL] [ 52920][11:00:34:754388][info  ] RTSpatialIndex 0x74c8d908e130 (Free 22005 MB), Profiling Results. Alloc: 0.10 ms, Prepare: 0.46 ms, RT: 0.75 ms, Copy res: 0.56 ms
[LIBGPUSPATIAL] [ 52920][11:00:34:769566][info  ] RTSpatialRefiner 0x74c8db5a7550 (Free 22005 MB), Loaded Geometries, ProbeArray 12276, Loaded 2500, Type MultiPolygon
[LIBGPUSPATIAL] [ 52920][11:00:34:769682][info  ] RTSpatialRefiner 0x74c8db5a7550 (Free 22005 MB), Evaluating 372024 Geometry Pairs with Predicate Within
[LIBGPUSPATIAL] [ 52920][11:00:34:774105][info  ] RTSpatialRefiner 0x74c8db5a7550 (Free 22005 MB), Profiling Results. Parse: 13.74 ms, Refine: 4.27 ms, Copy Results: 0.23 ms
[LIBGPUSPATIAL] [ 52920][11:00:34:912722][info  ] RTSpatialIndex 0x74c8d908e130 (Free 22005 MB), Allocate result buffer, memory consumption 5 MB, capacity 730220
[LIBGPUSPATIAL] [ 52920][11:00:34:914120][info  ] RTSpatialIndex 0x74c8d908e130 (Free 22005 MB), Probe Rectangles, Size: 13740, Results: 730220
[LIBGPUSPATIAL] [ 52920][11:00:34:914149][info  ] RTSpatialIndex 0x74c8d908e130 (Free 22005 MB), Profiling Results. Alloc: 0.10 ms, Prepare: 0.49 ms, RT: 0.79 ms, Copy res: 0.97 ms
[LIBGPUSPATIAL] [ 52920][11:00:34:930861][info  ] RTSpatialRefiner 0x74c8db5a7550 (Free 22005 MB), Loaded Geometries, ProbeArray 13740, Loaded 2791, Type MultiPolygon
[LIBGPUSPATIAL] [ 52920][11:00:34:931080][info  ] RTSpatialRefiner 0x74c8db5a7550 (Free 22005 MB), Evaluating 730220 Geometry Pairs with Predicate Within
[LIBGPUSPATIAL] [ 52920][11:00:34:937516][info  ] RTSpatialRefiner 0x74c8db5a7550 (Free 22005 MB), Profiling Results. Parse: 15.20 ms, Refine: 6.30 ms, Copy Results: 0.31 ms
[LIBGPUSPATIAL] [ 52920][11:00:35:073626][info  ] RTSpatialIndex 0x74c8d908e130 (Free 22005 MB), Allocate result buffer, memory consumption 2 MB, capacity 327037
[LIBGPUSPATIAL] [ 52920][11:00:35:074542][info  ] RTSpatialIndex 0x74c8d908e130 (Free 22005 MB), Probe Rectangles, Size: 12275, Results: 327037
[LIBGPUSPATIAL] [ 52920][11:00:35:074570][info  ] RTSpatialIndex 0x74c8d908e130 (Free 22005 MB), Profiling Results. Alloc: 0.09 ms, Prepare: 0.47 ms, RT: 0.73 ms, Copy res: 0.52 ms
[LIBGPUSPATIAL] [ 52920][11:00:35:087324][info  ] RTSpatialRefiner 0x74c8db5a7550 (Free 22005 MB), Loaded Geometries, ProbeArray 12275, Loaded 2420, Type MultiPolygon
[LIBGPUSPATIAL] [ 52920][11:00:35:087441][info  ] RTSpatialRefiner 0x74c8db5a7550 (Free 22005 MB), Evaluating 327037 Geometry Pairs with Predicate Within
[LIBGPUSPATIAL] [ 52920][11:00:35:091342][info  ] RTSpatialRefiner 0x74c8db5a7550 (Free 22005 MB), Profiling Results. Parse: 12.48 ms, Refine: 3.74 ms, Copy Results: 0.24 ms
[LIBGPUSPATIAL] [ 52920][11:00:35:158017][info  ] Create RTSpatialIndex 0x74c8d908e130, fast_build = 0, compact = 0, concurrency = 1
[LIBGPUSPATIAL] [ 52920][11:00:35:158316][info  ] Create RTSpatialRefiner 0x74c8db5a7550, fast_build = 0, compact = 0, parsing_threads = 8, concurrency = 1, pipeline_batches = 1, wkb_parser_memory_quota = 0.80, relate_engine_memory_quota = 0.80
[LIBGPUSPATIAL] [ 52920][11:00:35:269485][info  ] RTSpatialRefiner 0x74c8db5a7550 (Free 22005 MB), Profiling Results. PushBuild: 55.89 ms, FinishBuilding: 0.01 ms
[LIBGPUSPATIAL] [ 52920][11:00:35:269519][info  ] RTSpatialRefiner 0x74c8db5a7550 (Free 22005 MB), FinishBuilding Refiner, Total geoms: 3057046
[LIBGPUSPATIAL] [ 52920][11:00:35:269535][info  ] RTSpatialIndex 0x74c8d908e130 (Free 22005 MB), PushBuild, Rectangles 3057046
[LIBGPUSPATIAL] [ 52920][11:00:35:274989][info  ] RTSpatialIndex 0x74c8d908e130 (Free 22005 MB), FinishBuilding Index on Points, Total geoms: 3057046
[LIBGPUSPATIAL] [ 52920][11:00:35:275015][info  ] RTSpatialIndex 0x74c8d908e130 (Free 22005 MB), Profiling Results. PushBuild: 3.78 ms, FinishBuilding: 1.68 ms
[LIBGPUSPATIAL] [ 52915][11:00:35:370307][info  ] RTSpatialIndex 0x74c8d908e130 (Free 22005 MB), Allocate result buffer, memory consumption 2 MB, capacity 316027
[LIBGPUSPATIAL] [ 52915][11:00:35:371043][info  ] RTSpatialIndex 0x74c8d908e130 (Free 22005 MB), Probe Rectangles, Size: 13740, Results: 316027
[LIBGPUSPATIAL] [ 52915][11:00:35:371073][info  ] RTSpatialIndex 0x74c8d908e130 (Free 22005 MB), Profiling Results. Alloc: 0.10 ms, Prepare: 0.48 ms, RT: 0.34 ms, Copy res: 0.54 ms
[LIBGPUSPATIAL] [ 52915][11:00:35:386883][info  ] RTSpatialRefiner 0x74c8db5a7550 (Free 22005 MB), Loaded Geometries, ProbeArray 13740, Loaded 2649, Type MultiPolygon
[LIBGPUSPATIAL] [ 52915][11:00:35:387025][info  ] RTSpatialRefiner 0x74c8db5a7550 (Free 22005 MB), Evaluating 316027 Geometry Pairs with Predicate Within
[LIBGPUSPATIAL] [ 52915][11:00:35:392038][info  ] RTSpatialRefiner 0x74c8db5a7550 (Free 22005 MB), Profiling Results. Parse: 14.65 ms, Refine: 4.83 ms, Copy Results: 0.28 ms
[LIBGPUSPATIAL] [ 52915][11:00:35:465924][info  ] RTSpatialIndex 0x74c8d908e130 (Free 22005 MB), Allocate result buffer, memory consumption 5 MB, capacity 778123
[LIBGPUSPATIAL] [ 52915][11:00:35:467209][info  ] RTSpatialIndex 0x74c8d908e130 (Free 22005 MB), Probe Rectangles, Size: 12276, Results: 778123
[LIBGPUSPATIAL] [ 52915][11:00:35:467239][info  ] RTSpatialIndex 0x74c8d908e130 (Free 22005 MB), Profiling Results. Alloc: 0.11 ms, Prepare: 0.48 ms, RT: 0.37 ms, Copy res: 1.06 ms
[LIBGPUSPATIAL] [ 52915][11:00:35:482331][info  ] RTSpatialRefiner 0x74c8db5a7550 (Free 22005 MB), Loaded Geometries, ProbeArray 12276, Loaded 2387, Type MultiPolygon
[LIBGPUSPATIAL] [ 52915][11:00:35:482561][info  ] RTSpatialRefiner 0x74c8db5a7550 (Free 22005 MB), Evaluating 778123 Geometry Pairs with Predicate Within
[LIBGPUSPATIAL] [ 52915][11:00:35:487710][info  ] RTSpatialRefiner 0x74c8db5a7550 (Free 22005 MB), Profiling Results. Parse: 12.11 ms, Refine: 4.91 ms, Copy Results: 0.43 ms
[LIBGPUSPATIAL] [ 52915][11:00:35:602117][info  ] RTSpatialIndex 0x74c8d908e130 (Free 22005 MB), Allocate result buffer, memory consumption 4 MB, capacity 540498
[LIBGPUSPATIAL] [ 52915][11:00:35:603122][info  ] RTSpatialIndex 0x74c8d908e130 (Free 22005 MB), Probe Rectangles, Size: 13740, Results: 540498
[LIBGPUSPATIAL] [ 52915][11:00:35:603153][info  ] RTSpatialIndex 0x74c8d908e130 (Free 22005 MB), Profiling Results. Alloc: 0.09 ms, Prepare: 0.47 ms, RT: 0.37 ms, Copy res: 0.79 ms
[LIBGPUSPATIAL] [ 52915][11:00:35:619326][info  ] RTSpatialRefiner 0x74c8db5a7550 (Free 22005 MB), Loaded Geometries, ProbeArray 13740, Loaded 2730, Type MultiPolygon
[LIBGPUSPATIAL] [ 52915][11:00:35:619508][info  ] RTSpatialRefiner 0x74c8db5a7550 (Free 22005 MB), Evaluating 540498 Geometry Pairs with Predicate Within
[LIBGPUSPATIAL] [ 52915][11:00:35:626593][info  ] RTSpatialRefiner 0x74c8db5a7550 (Free 22005 MB), Profiling Results. Parse: 14.92 ms, Refine: 6.87 ms, Copy Results: 0.36 ms
[LIBGPUSPATIAL] [ 52915][11:00:35:710691][info  ] RTSpatialIndex 0x74c8d908e130 (Free 22005 MB), Allocate result buffer, memory consumption 3 MB, capacity 451060
[LIBGPUSPATIAL] [ 52915][11:00:35:711559][info  ] RTSpatialIndex 0x74c8d908e130 (Free 22005 MB), Probe Rectangles, Size: 12276, Results: 451060
[LIBGPUSPATIAL] [ 52915][11:00:35:711588][info  ] RTSpatialIndex 0x74c8d908e130 (Free 22005 MB), Profiling Results. Alloc: 0.10 ms, Prepare: 0.47 ms, RT: 0.35 ms, Copy res: 0.66 ms
[LIBGPUSPATIAL] [ 52915][11:00:35:728513][info  ] RTSpatialRefiner 0x74c8db5a7550 (Free 22005 MB), Loaded Geometries, ProbeArray 12276, Loaded 2483, Type MultiPolygon
[LIBGPUSPATIAL] [ 52915][11:00:35:728651][info  ] RTSpatialRefiner 0x74c8db5a7550 (Free 22005 MB), Evaluating 451060 Geometry Pairs with Predicate Within
[LIBGPUSPATIAL] [ 52915][11:00:35:735581][info  ] RTSpatialRefiner 0x74c8db5a7550 (Free 22005 MB), Profiling Results. Parse: 16.04 ms, Refine: 6.73 ms, Copy Results: 0.30 ms
[LIBGPUSPATIAL] [ 52915][11:00:35:828730][info  ] RTSpatialIndex 0x74c8d908e130 (Free 22005 MB), Allocate result buffer, memory consumption 3 MB, capacity 514833
[LIBGPUSPATIAL] [ 52915][11:00:35:829700][info  ] RTSpatialIndex 0x74c8d908e130 (Free 22005 MB), Probe Rectangles, Size: 13740, Results: 514833
[LIBGPUSPATIAL] [ 52915][11:00:35:829728][info  ] RTSpatialIndex 0x74c8d908e130 (Free 22005 MB), Profiling Results. Alloc: 0.09 ms, Prepare: 0.48 ms, RT: 0.35 ms, Copy res: 0.77 ms
[LIBGPUSPATIAL] [ 52915][11:00:35:845362][info  ] RTSpatialRefiner 0x74c8db5a7550 (Free 22005 MB), Loaded Geometries, ProbeArray 13740, Loaded 2780, Type MultiPolygon
[LIBGPUSPATIAL] [ 52915][11:00:35:845518][info  ] RTSpatialRefiner 0x74c8db5a7550 (Free 22005 MB), Evaluating 514833 Geometry Pairs with Predicate Within
[LIBGPUSPATIAL] [ 52915][11:00:35:850816][info  ] RTSpatialRefiner 0x74c8db5a7550 (Free 22005 MB), Profiling Results. Parse: 14.98 ms, Refine: 5.04 ms, Copy Results: 0.38 ms
[LIBGPUSPATIAL] [ 52915][11:00:35:950274][info  ] RTSpatialIndex 0x74c8d908e130 (Free 22005 MB), Allocate result buffer, memory consumption 9 MB, capacity 1206528
[LIBGPUSPATIAL] [ 52915][11:00:35:952062][info  ] RTSpatialIndex 0x74c8d908e130 (Free 22005 MB), Probe Rectangles, Size: 12276, Results: 1206528
[LIBGPUSPATIAL] [ 52915][11:00:35:952093][info  ] RTSpatialIndex 0x74c8d908e130 (Free 22005 MB), Profiling Results. Alloc: 0.10 ms, Prepare: 0.48 ms, RT: 0.40 ms, Copy res: 1.55 ms
[LIBGPUSPATIAL] [ 52915][11:00:35:967572][info  ] RTSpatialRefiner 0x74c8db5a7550 (Free 22005 MB), Loaded Geometries, ProbeArray 12276, Loaded 2363, Type MultiPolygon
[LIBGPUSPATIAL] [ 52915][11:00:35:967951][info  ] RTSpatialRefiner 0x74c8db5a7550 (Free 22005 MB), Evaluating 1206528 Geometry Pairs with Predicate Within
[LIBGPUSPATIAL] [ 52915][11:00:35:992640][info  ] RTSpatialRefiner 0x74c8db5a7550 (Free 22005 MB), Profiling Results. Parse: 12.77 ms, Refine: 24.59 ms, Copy Results: 0.44 ms
[LIBGPUSPATIAL] [ 52915][11:00:36:111435][info  ] RTSpatialIndex 0x74c8d908e130 (Free 22005 MB), Allocate result buffer, memory consumption 4 MB, capacity 637036
[LIBGPUSPATIAL] [ 52915][11:00:36:112499][info  ] RTSpatialIndex 0x74c8d908e130 (Free 22005 MB), Probe Rectangles, Size: 13740, Results: 637036
[LIBGPUSPATIAL] [ 52915][11:00:36:112531][info  ] RTSpatialIndex 0x74c8d908e130 (Free 22005 MB), Profiling Results. Alloc: 0.10 ms, Prepare: 0.47 ms, RT: 0.36 ms, Copy res: 0.85 ms
[LIBGPUSPATIAL] [ 52915][11:00:36:131007][info  ] RTSpatialRefiner 0x74c8db5a7550 (Free 22005 MB), Loaded Geometries, ProbeArray 13740, Loaded 2718, Type MultiPolygon
[LIBGPUSPATIAL] [ 52915][11:00:36:131217][info  ] RTSpatialRefiner 0x74c8db5a7550 (Free 22005 MB), Evaluating 637036 Geometry Pairs with Predicate Within
[LIBGPUSPATIAL] [ 52915][11:00:36:135930][info  ] RTSpatialRefiner 0x74c8db5a7550 (Free 22005 MB), Profiling Results. Parse: 16.05 ms, Refine: 4.44 ms, Copy Results: 0.44 ms
[LIBGPUSPATIAL] [ 52915][11:00:36:249302][info  ] RTSpatialIndex 0x74c8d908e130 (Free 22005 MB), Allocate result buffer, memory consumption 2 MB, capacity 270825
[LIBGPUSPATIAL] [ 52915][11:00:36:250004][info  ] RTSpatialIndex 0x74c8d908e130 (Free 22005 MB), Probe Rectangles, Size: 12276, Results: 270825
[LIBGPUSPATIAL] [ 52915][11:00:36:250034][info  ] RTSpatialIndex 0x74c8d908e130 (Free 22005 MB), Profiling Results. Alloc: 0.09 ms, Prepare: 0.47 ms, RT: 0.34 ms, Copy res: 0.50 ms
[LIBGPUSPATIAL] [ 52915][11:00:36:263118][info  ] RTSpatialRefiner 0x74c8db5a7550 (Free 22005 MB), Loaded Geometries, ProbeArray 12276, Loaded 2464, Type MultiPolygon
[LIBGPUSPATIAL] [ 52915][11:00:36:263235][info  ] RTSpatialRefiner 0x74c8db5a7550 (Free 22005 MB), Evaluating 270825 Geometry Pairs with Predicate Within
[LIBGPUSPATIAL] [ 52915][11:00:36:268683][info  ] RTSpatialRefiner 0x74c8db5a7550 (Free 22005 MB), Profiling Results. Parse: 12.78 ms, Refine: 5.32 ms, Copy Results: 0.20 ms
[LIBGPUSPATIAL] [ 52915][11:00:36:350579][info  ] RTSpatialIndex 0x74c8d908e130 (Free 22005 MB), Allocate result buffer, memory consumption 2 MB, capacity 390657
[LIBGPUSPATIAL] [ 52915][11:00:36:351410][info  ] RTSpatialIndex 0x74c8d908e130 (Free 22005 MB), Probe Rectangles, Size: 13740, Results: 390657
[LIBGPUSPATIAL] [ 52915][11:00:36:351441][info  ] RTSpatialIndex 0x74c8d908e130 (Free 22005 MB), Profiling Results. Alloc: 0.10 ms, Prepare: 0.50 ms, RT: 0.35 ms, Copy res: 0.62 ms
[LIBGPUSPATIAL] [ 52915][11:00:36:368091][info  ] RTSpatialRefiner 0x74c8db5a7550 (Free 22005 MB), Loaded Geometries, ProbeArray 13740, Loaded 2726, Type MultiPolygon
[LIBGPUSPATIAL] [ 52915][11:00:36:368243][info  ] RTSpatialRefiner 0x74c8db5a7550 (Free 22005 MB), Evaluating 390657 Geometry Pairs with Predicate Within
[LIBGPUSPATIAL] [ 52915][11:00:36:373589][info  ] RTSpatialRefiner 0x74c8db5a7550 (Free 22005 MB), Profiling Results. Parse: 16.02 ms, Refine: 5.19 ms, Copy Results: 0.26 ms
[LIBGPUSPATIAL] [ 52915][11:00:36:456338][info  ] RTSpatialIndex 0x74c8d908e130 (Free 22005 MB), Allocate result buffer, memory consumption 2 MB, capacity 319896
[LIBGPUSPATIAL] [ 52915][11:00:36:457077][info  ] RTSpatialIndex 0x74c8d908e130 (Free 22005 MB), Probe Rectangles, Size: 12276, Results: 319896
[LIBGPUSPATIAL] [ 52915][11:00:36:457108][info  ] RTSpatialIndex 0x74c8d908e130 (Free 22005 MB), Profiling Results. Alloc: 0.10 ms, Prepare: 0.47 ms, RT: 0.35 ms, Copy res: 0.54 ms
[LIBGPUSPATIAL] [ 52915][11:00:36:470894][info  ] RTSpatialRefiner 0x74c8db5a7550 (Free 22005 MB), Loaded Geometries, ProbeArray 12276, Loaded 2414, Type MultiPolygon
[LIBGPUSPATIAL] [ 52915][11:00:36:471031][info  ] RTSpatialRefiner 0x74c8db5a7550 (Free 22005 MB), Evaluating 319896 Geometry Pairs with Predicate Within
[LIBGPUSPATIAL] [ 52915][11:00:36:474827][info  ] RTSpatialRefiner 0x74c8db5a7550 (Free 22005 MB), Profiling Results. Parse: 13.48 ms, Refine: 3.65 ms, Copy Results: 0.24 ms
[LIBGPUSPATIAL] [ 52915][11:00:36:566265][info  ] RTSpatialIndex 0x74c8d908e130 (Free 22005 MB), Allocate result buffer, memory consumption 5 MB, capacity 662983
[LIBGPUSPATIAL] [ 52915][11:00:36:567411][info  ] RTSpatialIndex 0x74c8d908e130 (Free 22005 MB), Probe Rectangles, Size: 13740, Results: 662983
[LIBGPUSPATIAL] [ 52915][11:00:36:567443][info  ] RTSpatialIndex 0x74c8d908e130 (Free 22005 MB), Profiling Results. Alloc: 0.10 ms, Prepare: 0.46 ms, RT: 0.38 ms, Copy res: 0.93 ms
[LIBGPUSPATIAL] [ 52915][11:00:36:584508][info  ] RTSpatialRefiner 0x74c8db5a7550 (Free 22005 MB), Loaded Geometries, ProbeArray 13740, Loaded 2740, Type MultiPolygon
[LIBGPUSPATIAL] [ 52915][11:00:36:584726][info  ] RTSpatialRefiner 0x74c8db5a7550 (Free 22005 MB), Evaluating 662983 Geometry Pairs with Predicate Within
[LIBGPUSPATIAL] [ 52915][11:00:36:590323][info  ] RTSpatialRefiner 0x74c8db5a7550 (Free 22005 MB), Profiling Results. Parse: 16.56 ms, Refine: 5.45 ms, Copy Results: 0.32 ms
[LIBGPUSPATIAL] [ 52915][11:00:36:673863][info  ] RTSpatialIndex 0x74c8d908e130 (Free 22005 MB), Allocate result buffer, memory consumption 2 MB, capacity 295844
[LIBGPUSPATIAL] [ 52915][11:00:36:674577][info  ] RTSpatialIndex 0x74c8d908e130 (Free 22005 MB), Probe Rectangles, Size: 12275, Results: 295844
[LIBGPUSPATIAL] [ 52915][11:00:36:674609][info  ] RTSpatialIndex 0x74c8d908e130 (Free 22005 MB), Profiling Results. Alloc: 0.10 ms, Prepare: 0.46 ms, RT: 0.35 ms, Copy res: 0.51 ms
[LIBGPUSPATIAL] [ 52915][11:00:36:686737][info  ] RTSpatialRefiner 0x74c8db5a7550 (Free 22005 MB), Loaded Geometries, ProbeArray 12275, Loaded 2394, Type MultiPolygon
[LIBGPUSPATIAL] [ 52915][11:00:36:686840][info  ] RTSpatialRefiner 0x74c8db5a7550 (Free 22005 MB), Evaluating 295844 Geometry Pairs with Predicate Within
[LIBGPUSPATIAL] [ 52915][11:00:36:690284][info  ] RTSpatialRefiner 0x74c8db5a7550 (Free 22005 MB), Profiling Results. Parse: 11.68 ms, Refine: 3.27 ms, Copy Results: 0.23 ms
Run # 3
┌───────────────────┬──────────────────────────────────────────────────────────────────────────────┐
│     plan_type     ┆                                     plan                                     │
│        utf8       ┆                                     utf8                                     │
╞═══════════════════╪══════════════════════════════════════════════════════════════════════════════╡
│ Plan with Metrics ┆ ProjectionExec: expr=[count(Int64(1))@0 as cross_zone_trip_count], metrics=[ │
│                   ┆ output_rows=1, elapsed_compute=1.73µs, output_bytes=8.0 B]                   │
│                   ┆   AggregateExec: mode=Single, gby=[], aggr=[count(Int64(1))], metrics=[outpu │
│                   ┆ t_rows=1, elapsed_compute=141.674µs, output_bytes=8.0 B]                     │
│                   ┆     ProjectionExec: expr=[], metrics=[output_rows=176391, elapsed_compute=14 │
│                   ┆ .161µs, output_bytes=0.0 B]                                                  │
│                   ┆       SpatialJoinExec: join_type=Inner, on=ST_within(dropoff_geom@0, geom@1) │
│                   ┆ , filter=z_zonekey@0 != z_zonekey@1, metrics=[output_rows=176391, spill_coun │
│                   ┆ t=0, spilled_bytes=0.0 B, spilled_rows=0, build_input_batches=22, build_inpu │
│                   ┆ t_rows=3057046, join_result_candidates=6384310, join_result_count=3062667, o │
│                   ┆ utput_batches=24, probe_input_batches=12, probe_input_rows=156095, build_inp │
│                   ┆ ut_total_size_bytes=483013444, build_mem_used=483013444, execution_mode=1, r │
│                   ┆ efiner_mem_used=0, build_input_collection_time=418.926937ms, build_time=117. │
│                   ┆ 094843ms, join_time=919.88758ms, partition_probe_time=1ns]                   │
│                   ┆         SpatialJoinExec: join_type=Inner, on=ST_within(pickup_geom@0, geom@1 │
│                   ┆ ), projection=[dropoff_geom@1, z_zonekey@2], metrics=[output_rows=3057046, s │
│                   ┆ pill_count=0, spilled_bytes=0.0 B, spilled_rows=0, build_input_batches=4, bu │
│                   ┆ ild_input_rows=6000000, join_result_candidates=7297793, join_result_count=30 │
│                   ┆ 57046, output_batches=22, probe_input_batches=12, probe_input_rows=156095, b │
│                   ┆ uild_input_total_size_bytes=1122000032, build_mem_used=1122000032, execution │
│                   ┆ _mode=1, refiner_mem_used=0, build_input_collection_time=698.664577ms, build │
│                   ┆ _time=199.658733ms, join_time=1.210990669s, partition_probe_time=1ns]        │
│                   ┆           ProjectionExec: expr=[st_geomfromwkb(t_pickuploc@0) as pickup_geom │
│                   ┆ , st_geomfromwkb(t_dropoffloc@1) as dropoff_geom], metrics=[output_rows=6000 │
│                   ┆ 000, elapsed_compute=211.562495ms, output_bytes=542.1 MB]                    │
│                   ┆             DataSourceExec: file_groups={1 group: [[mnt/data/sedona-spatialb │
│                   ┆ ench/paper/benchmark-data-sf1/trip/trip.1.parquet:0..182361649, mnt/data/sed │
│                   ┆ ona-spatialbench/paper/benchmark-data-sf1/trip/trip.2.parquet:0..182311531]] │
│                   ┆ }, projection=[t_pickuploc, t_dropoffloc], file_type=parquet, metrics=[outpu │
│                   ┆ t_rows=6000000, elapsed_compute=1ns, output_bytes=542.1 MB, files_ranges_pru │
│                   ┆ ned_statistics=2 total → 2 matched, row_groups_pruned_statistics=4 total → 4 │
│                   ┆  matched, row_groups_pruned_bloom_filter=4 total → 4 matched, page_index_row │
│                   ┆ s_pruned=0 total → 0 matched, batches_split=0, bytes_scanned=209738293, file │
│                   ┆ _open_errors=0, file_scan_errors=0, num_predicate_creation_errors=0, predica │
│                   ┆ te_cache_inner_records=0, predicate_cache_records=0, predicate_evaluation_er │
│                   ┆ rors=0, pushdown_rows_matched=0, pushdown_rows_pruned=0, bloom_filter_eval_t │
│                   ┆ ime=4ns, metadata_load_time=802.293µs, page_index_eval_time=4ns, row_pushdow │
│                   ┆ n_eval_time=4ns, statistics_eval_time=4ns, time_elapsed_opening=381.005µs, t │
│                   ┆ ime_elapsed_processing=253.684686ms, time_elapsed_scanning_total=1.187969004 │
│                   ┆ s, time_elapsed_scanning_until_data=119.266427ms]                            │
│                   ┆           ProjectionExec: expr=[z_zonekey@0 as z_zonekey, st_geomfromwkb(z_b │
│                   ┆ oundary@1) as geom], metrics=[output_rows=156095, elapsed_compute=26.468469m │
│                   ┆ s, output_bytes=1338.5 MB]                                                   │
│                   ┆             DataSourceExec: file_groups={1 group: [[mnt/data/sedona-spatialb │
│                   ┆ ench/paper/benchmark-data-sf1/zone/zone.1.parquet, mnt/data/sedona-spatialbe │
│                   ┆ nch/paper/benchmark-data-sf1/zone/zone.2.parquet, mnt/data/sedona-spatialben │
│                   ┆ ch/paper/benchmark-data-sf1/zone/zone.3.parquet, mnt/data/sedona-spatialbenc │
│                   ┆ h/paper/benchmark-data-sf1/zone/zone.4.parquet, mnt/data/sedona-spatialbench │
│                   ┆ /paper/benchmark-data-sf1/zone/zone.5.parquet, ...]]}, projection=[z_zonekey │
│                   ┆ , z_boundary], file_type=parquet, metrics=[output_rows=156095, elapsed_compu │
│                   ┆ te=1ns, output_bytes=1338.5 MB, files_ranges_pruned_statistics=6 total → 6 m │
│                   ┆ atched, row_groups_pruned_statistics=12 total → 12 matched, row_groups_prune │
│                   ┆ d_bloom_filter=12 total → 12 matched, page_index_rows_pruned=0 total → 0 mat │
│                   ┆ ched, batches_split=0, bytes_scanned=1384587770, file_open_errors=0, file_sc │
│                   ┆ an_errors=0, num_predicate_creation_errors=0, predicate_cache_inner_records= │
│                   ┆ 0, predicate_cache_records=0, predicate_evaluation_errors=0, pushdown_rows_m │
│                   ┆ atched=0, pushdown_rows_pruned=0, bloom_filter_eval_time=12ns, metadata_load │
│                   ┆ _time=1.783985ms, page_index_eval_time=12ns, row_pushdown_eval_time=12ns, st │
│                   ┆ atistics_eval_time=12ns, time_elapsed_opening=314.582µs, time_elapsed_proces │
│                   ┆ sing=424.081631ms, time_elapsed_scanning_total=2.278661732s, time_elapsed_sc │
│                   ┆ anning_until_data=345.363209ms]                                              │
│                   ┆         ProjectionExec: expr=[z_zonekey@0 as z_zonekey, st_geomfromwkb(z_bou │
│                   ┆ ndary@1) as geom], metrics=[output_rows=156095, elapsed_compute=26.824684ms, │
│                   ┆  output_bytes=1338.5 MB]                                                     │
│                   ┆           DataSourceExec: file_groups={1 group: [[mnt/data/sedona-spatialben │
│                   ┆ ch/paper/benchmark-data-sf1/zone/zone.1.parquet, mnt/data/sedona-spatialbenc │
│                   ┆ h/paper/benchmark-data-sf1/zone/zone.2.parquet, mnt/data/sedona-spatialbench │
│                   ┆ /paper/benchmark-data-sf1/zone/zone.3.parquet, mnt/data/sedona-spatialbench/ │
│                   ┆ paper/benchmark-data-sf1/zone/zone.4.parquet, mnt/data/sedona-spatialbench/p │
│                   ┆ aper/benchmark-data-sf1/zone/zone.5.parquet, ...]]}, projection=[z_zonekey,  │
│                   ┆ z_boundary], file_type=parquet, metrics=[output_rows=156095, elapsed_compute │
│                   ┆ =1ns, output_bytes=1338.5 MB, files_ranges_pruned_statistics=6 total → 6 mat │
│                   ┆ ched, row_groups_pruned_statistics=12 total → 12 matched, row_groups_pruned_ │
│                   ┆ bloom_filter=12 total → 12 matched, page_index_rows_pruned=0 total → 0 match │
│                   ┆ ed, batches_split=0, bytes_scanned=1384587770, file_open_errors=0, file_scan │
│                   ┆ _errors=0, num_predicate_creation_errors=0, predicate_cache_inner_records=0, │
│                   ┆  predicate_cache_records=0, predicate_evaluation_errors=0, pushdown_rows_mat │
│                   ┆ ched=0, pushdown_rows_pruned=0, bloom_filter_eval_time=12ns, metadata_load_t │
│                   ┆ ime=1.679052ms, page_index_eval_time=12ns, row_pushdown_eval_time=12ns, stat │
│                   ┆ istics_eval_time=12ns, time_elapsed_opening=328.645µs, time_elapsed_processi │
│                   ┆ ng=294.175418ms, time_elapsed_scanning_total=1.436232377s, time_elapsed_scan │
│                   ┆ ning_until_data=279.461128ms]                                                │
│                   ┆                                                                              │
└───────────────────┴──────────────────────────────────────────────────────────────────────────────┘
[LIBGPUSPATIAL] [ 52915][11:00:37:897930][info  ] Create RTSpatialIndex 0x74c8d908e130, fast_build = 0, compact = 0, concurrency = 1
[LIBGPUSPATIAL] [ 52915][11:00:37:898230][info  ] Create RTSpatialRefiner 0x74c8db5a7550, fast_build = 0, compact = 0, parsing_threads = 8, concurrency = 1, pipeline_batches = 1, wkb_parser_memory_quota = 0.80, relate_engine_memory_quota = 0.80
[LIBGPUSPATIAL] [ 52915][11:00:38:091408][info  ] RTSpatialRefiner 0x74c8db5a7550 (Free 22005 MB), Profiling Results. PushBuild: 95.99 ms, FinishBuilding: 0.01 ms
[LIBGPUSPATIAL] [ 52915][11:00:38:091444][info  ] RTSpatialRefiner 0x74c8db5a7550 (Free 22005 MB), FinishBuilding Refiner, Total geoms: 6000000
[LIBGPUSPATIAL] [ 52915][11:00:38:091459][info  ] RTSpatialIndex 0x74c8d908e130 (Free 22005 MB), PushBuild, Rectangles 6000000
[LIBGPUSPATIAL] [ 52915][11:00:38:101596][info  ] RTSpatialIndex 0x74c8d908e130 (Free 22005 MB), FinishBuilding Index on Points, Total geoms: 6000000
[LIBGPUSPATIAL] [ 52915][11:00:38:101622][info  ] RTSpatialIndex 0x74c8d908e130 (Free 22005 MB), Profiling Results. PushBuild: 7.34 ms, FinishBuilding: 2.80 ms
[LIBGPUSPATIAL] [ 52920][11:00:38:194706][info  ] RTSpatialIndex 0x74c8d908e130 (Free 22005 MB), Allocate result buffer, memory consumption 2 MB, capacity 325005
[LIBGPUSPATIAL] [ 52920][11:00:38:195638][info  ] RTSpatialIndex 0x74c8d908e130 (Free 22005 MB), Probe Rectangles, Size: 13740, Results: 325005
[LIBGPUSPATIAL] [ 52920][11:00:38:195667][info  ] RTSpatialIndex 0x74c8d908e130 (Free 22005 MB), Profiling Results. Alloc: 0.10 ms, Prepare: 0.49 ms, RT: 0.74 ms, Copy res: 0.53 ms
[LIBGPUSPATIAL] [ 52920][11:00:38:211073][info  ] RTSpatialRefiner 0x74c8db5a7550 (Free 22005 MB), Loaded Geometries, ProbeArray 13740, Loaded 2689, Type MultiPolygon
[LIBGPUSPATIAL] [ 52920][11:00:38:211199][info  ] RTSpatialRefiner 0x74c8db5a7550 (Free 22005 MB), Evaluating 325005 Geometry Pairs with Predicate Within
[LIBGPUSPATIAL] [ 52920][11:00:38:216527][info  ] RTSpatialRefiner 0x74c8db5a7550 (Free 22005 MB), Profiling Results. Parse: 14.61 ms, Refine: 5.15 ms, Copy Results: 0.27 ms
[LIBGPUSPATIAL] [ 52920][11:00:38:357842][info  ] RTSpatialIndex 0x74c8d908e130 (Free 22005 MB), Allocate result buffer, memory consumption 6 MB, capacity 815600
[LIBGPUSPATIAL] [ 52920][11:00:38:359348][info  ] RTSpatialIndex 0x74c8d908e130 (Free 22005 MB), Probe Rectangles, Size: 12276, Results: 815600
[LIBGPUSPATIAL] [ 52920][11:00:38:359378][info  ] RTSpatialIndex 0x74c8d908e130 (Free 22005 MB), Profiling Results. Alloc: 0.09 ms, Prepare: 0.47 ms, RT: 0.73 ms, Copy res: 1.11 ms
[LIBGPUSPATIAL] [ 52920][11:00:38:373156][info  ] RTSpatialRefiner 0x74c8db5a7550 (Free 22005 MB), Loaded Geometries, ProbeArray 12276, Loaded 2431, Type MultiPolygon
[LIBGPUSPATIAL] [ 52920][11:00:38:373423][info  ] RTSpatialRefiner 0x74c8db5a7550 (Free 22005 MB), Evaluating 815600 Geometry Pairs with Predicate Within
[LIBGPUSPATIAL] [ 52920][11:00:38:379333][info  ] RTSpatialRefiner 0x74c8db5a7550 (Free 22005 MB), Profiling Results. Parse: 12.75 ms, Refine: 5.71 ms, Copy Results: 0.43 ms
[LIBGPUSPATIAL] [ 52920][11:00:38:606586][info  ] RTSpatialIndex 0x74c8d908e130 (Free 22005 MB), Allocate result buffer, memory consumption 4 MB, capacity 617528
[LIBGPUSPATIAL] [ 52920][11:00:38:607867][info  ] RTSpatialIndex 0x74c8d908e130 (Free 22005 MB), Probe Rectangles, Size: 13740, Results: 617528
[LIBGPUSPATIAL] [ 52920][11:00:38:607898][info  ] RTSpatialIndex 0x74c8d908e130 (Free 22005 MB), Profiling Results. Alloc: 0.09 ms, Prepare: 0.48 ms, RT: 0.78 ms, Copy res: 0.86 ms
[LIBGPUSPATIAL] [ 52920][11:00:38:625808][info  ] RTSpatialRefiner 0x74c8db5a7550 (Free 22005 MB), Loaded Geometries, ProbeArray 13740, Loaded 2756, Type MultiPolygon
[LIBGPUSPATIAL] [ 52920][11:00:38:626011][info  ] RTSpatialRefiner 0x74c8db5a7550 (Free 22005 MB), Evaluating 617528 Geometry Pairs with Predicate Within
[LIBGPUSPATIAL] [ 52920][11:00:38:634085][info  ] RTSpatialRefiner 0x74c8db5a7550 (Free 22005 MB), Profiling Results. Parse: 15.53 ms, Refine: 7.86 ms, Copy Results: 0.37 ms
[LIBGPUSPATIAL] [ 52920][11:00:38:796598][info  ] RTSpatialIndex 0x74c8d908e130 (Free 22005 MB), Allocate result buffer, memory consumption 3 MB, capacity 508540
[LIBGPUSPATIAL] [ 52920][11:00:38:797752][info  ] RTSpatialIndex 0x74c8d908e130 (Free 22005 MB), Probe Rectangles, Size: 12276, Results: 508540
[LIBGPUSPATIAL] [ 52920][11:00:38:797782][info  ] RTSpatialIndex 0x74c8d908e130 (Free 22005 MB), Profiling Results. Alloc: 0.09 ms, Prepare: 0.46 ms, RT: 0.80 ms, Copy res: 0.73 ms
[LIBGPUSPATIAL] [ 52920][11:00:38:811949][info  ] RTSpatialRefiner 0x74c8db5a7550 (Free 22005 MB), Loaded Geometries, ProbeArray 12276, Loaded 2527, Type MultiPolygon
[LIBGPUSPATIAL] [ 52920][11:00:38:812128][info  ] RTSpatialRefiner 0x74c8db5a7550 (Free 22005 MB), Evaluating 508540 Geometry Pairs with Predicate Within
[LIBGPUSPATIAL] [ 52920][11:00:38:819997][info  ] RTSpatialRefiner 0x74c8db5a7550 (Free 22005 MB), Profiling Results. Parse: 12.71 ms, Refine: 7.68 ms, Copy Results: 0.31 ms
[LIBGPUSPATIAL] [ 52920][11:00:38:977670][info  ] RTSpatialIndex 0x74c8d908e130 (Free 22005 MB), Allocate result buffer, memory consumption 3 MB, capacity 523852
[LIBGPUSPATIAL] [ 52920][11:00:38:978851][info  ] RTSpatialIndex 0x74c8d908e130 (Free 22005 MB), Probe Rectangles, Size: 13740, Results: 523852
[LIBGPUSPATIAL] [ 52920][11:00:38:978881][info  ] RTSpatialIndex 0x74c8d908e130 (Free 22005 MB), Profiling Results. Alloc: 0.09 ms, Prepare: 0.46 ms, RT: 0.78 ms, Copy res: 0.76 ms
[LIBGPUSPATIAL] [ 52920][11:00:38:997298][info  ] RTSpatialRefiner 0x74c8db5a7550 (Free 22005 MB), Loaded Geometries, ProbeArray 13740, Loaded 2832, Type MultiPolygon
[LIBGPUSPATIAL] [ 52920][11:00:38:997464][info  ] RTSpatialRefiner 0x74c8db5a7550 (Free 22005 MB), Evaluating 523852 Geometry Pairs with Predicate Within
[LIBGPUSPATIAL] [ 52920][11:00:39:003420][info  ] RTSpatialRefiner 0x74c8db5a7550 (Free 22005 MB), Profiling Results. Parse: 16.33 ms, Refine: 5.70 ms, Copy Results: 0.38 ms
[LIBGPUSPATIAL] [ 52920][11:00:39:180822][info  ] RTSpatialIndex 0x74c8d908e130 (Free 22005 MB), Allocate result buffer, memory consumption 11 MB, capacity 1495810
[LIBGPUSPATIAL] [ 52920][11:00:39:183174][info  ] RTSpatialIndex 0x74c8d908e130 (Free 22005 MB), Probe Rectangles, Size: 12276, Results: 1495810
[LIBGPUSPATIAL] [ 52920][11:00:39:183204][info  ] RTSpatialIndex 0x74c8d908e130 (Free 22005 MB), Profiling Results. Alloc: 0.09 ms, Prepare: 0.49 ms, RT: 0.95 ms, Copy res: 1.85 ms
[LIBGPUSPATIAL] [ 52920][11:00:39:200390][info  ] RTSpatialRefiner 0x74c8db5a7550 (Free 22005 MB), Loaded Geometries, ProbeArray 12276, Loaded 2372, Type MultiPolygon
[LIBGPUSPATIAL] [ 52920][11:00:39:200849][info  ] RTSpatialRefiner 0x74c8db5a7550 (Free 22005 MB), Evaluating 1495810 Geometry Pairs with Predicate Within
[LIBGPUSPATIAL] [ 52920][11:00:39:229046][info  ] RTSpatialRefiner 0x74c8db5a7550 (Free 22005 MB), Profiling Results. Parse: 13.43 ms, Refine: 28.16 ms, Copy Results: 0.45 ms
[LIBGPUSPATIAL] [ 52920][11:00:39:456281][info  ] RTSpatialIndex 0x74c8d908e130 (Free 22005 MB), Allocate result buffer, memory consumption 5 MB, capacity 657192
[LIBGPUSPATIAL] [ 52920][11:00:39:457563][info  ] RTSpatialIndex 0x74c8d908e130 (Free 22005 MB), Probe Rectangles, Size: 13740, Results: 657192
[LIBGPUSPATIAL] [ 52920][11:00:39:457592][info  ] RTSpatialIndex 0x74c8d908e130 (Free 22005 MB), Profiling Results. Alloc: 0.10 ms, Prepare: 0.47 ms, RT: 0.73 ms, Copy res: 0.89 ms
[LIBGPUSPATIAL] [ 52920][11:00:39:474356][info  ] RTSpatialRefiner 0x74c8db5a7550 (Free 22005 MB), Loaded Geometries, ProbeArray 13740, Loaded 2770, Type MultiPolygon
[LIBGPUSPATIAL] [ 52920][11:00:39:474578][info  ] RTSpatialRefiner 0x74c8db5a7550 (Free 22005 MB), Evaluating 657192 Geometry Pairs with Predicate Within
[LIBGPUSPATIAL] [ 52920][11:00:39:479933][info  ] RTSpatialRefiner 0x74c8db5a7550 (Free 22005 MB), Profiling Results. Parse: 15.19 ms, Refine: 5.08 ms, Copy Results: 0.45 ms
[LIBGPUSPATIAL] [ 52920][11:00:39:693835][info  ] RTSpatialIndex 0x74c8d908e130 (Free 22005 MB), Allocate result buffer, memory consumption 2 MB, capacity 291001
[LIBGPUSPATIAL] [ 52920][11:00:39:694713][info  ] RTSpatialIndex 0x74c8d908e130 (Free 22005 MB), Probe Rectangles, Size: 12276, Results: 291001
[LIBGPUSPATIAL] [ 52920][11:00:39:694740][info  ] RTSpatialIndex 0x74c8d908e130 (Free 22005 MB), Profiling Results. Alloc: 0.10 ms, Prepare: 0.49 ms, RT: 0.73 ms, Copy res: 0.48 ms
[LIBGPUSPATIAL] [ 52920][11:00:39:709789][info  ] RTSpatialRefiner 0x74c8db5a7550 (Free 22005 MB), Loaded Geometries, ProbeArray 12276, Loaded 2493, Type MultiPolygon
[LIBGPUSPATIAL] [ 52920][11:00:39:709910][info  ] RTSpatialRefiner 0x74c8db5a7550 (Free 22005 MB), Evaluating 291001 Geometry Pairs with Predicate Within
[LIBGPUSPATIAL] [ 52920][11:00:39:715315][info  ] RTSpatialRefiner 0x74c8db5a7550 (Free 22005 MB), Profiling Results. Parse: 13.87 ms, Refine: 5.28 ms, Copy Results: 0.20 ms
[LIBGPUSPATIAL] [ 52920][11:00:39:830864][info  ] RTSpatialIndex 0x74c8d908e130 (Free 22005 MB), Allocate result buffer, memory consumption 4 MB, capacity 633984
[LIBGPUSPATIAL] [ 52920][11:00:39:832176][info  ] RTSpatialIndex 0x74c8d908e130 (Free 22005 MB), Probe Rectangles, Size: 13740, Results: 633984
[LIBGPUSPATIAL] [ 52920][11:00:39:832212][info  ] RTSpatialIndex 0x74c8d908e130 (Free 22005 MB), Profiling Results. Alloc: 0.10 ms, Prepare: 0.50 ms, RT: 0.80 ms, Copy res: 0.87 ms
[LIBGPUSPATIAL] [ 52920][11:00:39:855653][info  ] RTSpatialRefiner 0x74c8db5a7550 (Free 22005 MB), Loaded Geometries, ProbeArray 13740, Loaded 2783, Type MultiPolygon
[LIBGPUSPATIAL] [ 52920][11:00:39:855867][info  ] RTSpatialRefiner 0x74c8db5a7550 (Free 22005 MB), Evaluating 633984 Geometry Pairs with Predicate Within
[LIBGPUSPATIAL] [ 52920][11:00:39:863458][info  ] RTSpatialRefiner 0x74c8db5a7550 (Free 22005 MB), Profiling Results. Parse: 21.01 ms, Refine: 7.51 ms, Copy Results: 0.25 ms
[LIBGPUSPATIAL] [ 52920][11:00:39:994992][info  ] RTSpatialIndex 0x74c8d908e130 (Free 22005 MB), Allocate result buffer, memory consumption 2 MB, capacity 372024
[LIBGPUSPATIAL] [ 52920][11:00:39:995951][info  ] RTSpatialIndex 0x74c8d908e130 (Free 22005 MB), Probe Rectangles, Size: 12276, Results: 372024
[LIBGPUSPATIAL] [ 52920][11:00:39:995993][info  ] RTSpatialIndex 0x74c8d908e130 (Free 22005 MB), Profiling Results. Alloc: 0.11 ms, Prepare: 0.47 ms, RT: 0.73 ms, Copy res: 0.58 ms
[LIBGPUSPATIAL] [ 52920][11:00:40:009567][info  ] RTSpatialRefiner 0x74c8db5a7550 (Free 22005 MB), Loaded Geometries, ProbeArray 12276, Loaded 2500, Type MultiPolygon
[LIBGPUSPATIAL] [ 52920][11:00:40:009685][info  ] RTSpatialRefiner 0x74c8db5a7550 (Free 22005 MB), Evaluating 372024 Geometry Pairs with Predicate Within
[LIBGPUSPATIAL] [ 52920][11:00:40:014164][info  ] RTSpatialRefiner 0x74c8db5a7550 (Free 22005 MB), Profiling Results. Parse: 12.67 ms, Refine: 4.32 ms, Copy Results: 0.23 ms
[LIBGPUSPATIAL] [ 52920][11:00:40:152756][info  ] RTSpatialIndex 0x74c8d908e130 (Free 22005 MB), Allocate result buffer, memory consumption 5 MB, capacity 730220
[LIBGPUSPATIAL] [ 52920][11:00:40:154151][info  ] RTSpatialIndex 0x74c8d908e130 (Free 22005 MB), Probe Rectangles, Size: 13740, Results: 730220
[LIBGPUSPATIAL] [ 52920][11:00:40:154180][info  ] RTSpatialIndex 0x74c8d908e130 (Free 22005 MB), Profiling Results. Alloc: 0.09 ms, Prepare: 0.48 ms, RT: 0.80 ms, Copy res: 0.97 ms
[LIBGPUSPATIAL] [ 52920][11:00:40:170508][info  ] RTSpatialRefiner 0x74c8db5a7550 (Free 22005 MB), Loaded Geometries, ProbeArray 13740, Loaded 2791, Type MultiPolygon
[LIBGPUSPATIAL] [ 52920][11:00:40:170734][info  ] RTSpatialRefiner 0x74c8db5a7550 (Free 22005 MB), Evaluating 730220 Geometry Pairs with Predicate Within
[LIBGPUSPATIAL] [ 52920][11:00:40:177265][info  ] RTSpatialRefiner 0x74c8db5a7550 (Free 22005 MB), Profiling Results. Parse: 15.25 ms, Refine: 6.39 ms, Copy Results: 0.32 ms
[LIBGPUSPATIAL] [ 52920][11:00:40:319124][info  ] RTSpatialIndex 0x74c8d908e130 (Free 22005 MB), Allocate result buffer, memory consumption 2 MB, capacity 327037
[LIBGPUSPATIAL] [ 52920][11:00:40:320057][info  ] RTSpatialIndex 0x74c8d908e130 (Free 22005 MB), Probe Rectangles, Size: 12275, Results: 327037
[LIBGPUSPATIAL] [ 52920][11:00:40:320086][info  ] RTSpatialIndex 0x74c8d908e130 (Free 22005 MB), Profiling Results. Alloc: 0.09 ms, Prepare: 0.46 ms, RT: 0.73 ms, Copy res: 0.54 ms
[LIBGPUSPATIAL] [ 52920][11:00:40:333543][info  ] RTSpatialRefiner 0x74c8db5a7550 (Free 22005 MB), Loaded Geometries, ProbeArray 12275, Loaded 2420, Type MultiPolygon
[LIBGPUSPATIAL] [ 52920][11:00:40:333658][info  ] RTSpatialRefiner 0x74c8db5a7550 (Free 22005 MB), Evaluating 327037 Geometry Pairs with Predicate Within
[LIBGPUSPATIAL] [ 52920][11:00:40:337585][info  ] RTSpatialRefiner 0x74c8db5a7550 (Free 22005 MB), Profiling Results. Parse: 12.58 ms, Refine: 3.77 ms, Copy Results: 0.24 ms
[LIBGPUSPATIAL] [ 52920][11:00:40:406323][info  ] Create RTSpatialIndex 0x74c8d908e130, fast_build = 0, compact = 0, concurrency = 1
[LIBGPUSPATIAL] [ 52920][11:00:40:406604][info  ] Create RTSpatialRefiner 0x74c8db5a7550, fast_build = 0, compact = 0, parsing_threads = 8, concurrency = 1, pipeline_batches = 1, wkb_parser_memory_quota = 0.80, relate_engine_memory_quota = 0.80
[LIBGPUSPATIAL] [ 52920][11:00:40:511637][info  ] RTSpatialRefiner 0x74c8db5a7550 (Free 22005 MB), Profiling Results. PushBuild: 48.45 ms, FinishBuilding: 0.01 ms
[LIBGPUSPATIAL] [ 52920][11:00:40:511673][info  ] RTSpatialRefiner 0x74c8db5a7550 (Free 22005 MB), FinishBuilding Refiner, Total geoms: 3057046
[LIBGPUSPATIAL] [ 52920][11:00:40:511690][info  ] RTSpatialIndex 0x74c8d908e130 (Free 22005 MB), PushBuild, Rectangles 3057046
[LIBGPUSPATIAL] [ 52920][11:00:40:517089][info  ] RTSpatialIndex 0x74c8d908e130 (Free 22005 MB), FinishBuilding Index on Points, Total geoms: 3057046
[LIBGPUSPATIAL] [ 52920][11:00:40:517113][info  ] RTSpatialIndex 0x74c8d908e130 (Free 22005 MB), Profiling Results. PushBuild: 3.78 ms, FinishBuilding: 1.62 ms
[LIBGPUSPATIAL] [ 52915][11:00:40:614895][info  ] RTSpatialIndex 0x74c8d908e130 (Free 22005 MB), Allocate result buffer, memory consumption 2 MB, capacity 316027
[LIBGPUSPATIAL] [ 52915][11:00:40:615649][info  ] RTSpatialIndex 0x74c8d908e130 (Free 22005 MB), Probe Rectangles, Size: 13740, Results: 316027
[LIBGPUSPATIAL] [ 52915][11:00:40:615687][info  ] RTSpatialIndex 0x74c8d908e130 (Free 22005 MB), Profiling Results. Alloc: 0.11 ms, Prepare: 0.47 ms, RT: 0.35 ms, Copy res: 0.53 ms
[LIBGPUSPATIAL] [ 52915][11:00:40:635166][info  ] RTSpatialRefiner 0x74c8db5a7550 (Free 22005 MB), Loaded Geometries, ProbeArray 13740, Loaded 2649, Type MultiPolygon
[LIBGPUSPATIAL] [ 52915][11:00:40:635292][info  ] RTSpatialRefiner 0x74c8db5a7550 (Free 22005 MB), Evaluating 316027 Geometry Pairs with Predicate Within
[LIBGPUSPATIAL] [ 52915][11:00:40:640277][info  ] RTSpatialRefiner 0x74c8db5a7550 (Free 22005 MB), Profiling Results. Parse: 18.25 ms, Refine: 4.80 ms, Copy Results: 0.27 ms
[LIBGPUSPATIAL] [ 52915][11:00:40:722289][info  ] RTSpatialIndex 0x74c8d908e130 (Free 22005 MB), Allocate result buffer, memory consumption 5 MB, capacity 778123
[LIBGPUSPATIAL] [ 52915][11:00:40:723571][info  ] RTSpatialIndex 0x74c8d908e130 (Free 22005 MB), Probe Rectangles, Size: 12276, Results: 778123
[LIBGPUSPATIAL] [ 52915][11:00:40:723610][info  ] RTSpatialIndex 0x74c8d908e130 (Free 22005 MB), Profiling Results. Alloc: 0.10 ms, Prepare: 0.45 ms, RT: 0.36 ms, Copy res: 1.07 ms
[LIBGPUSPATIAL] [ 52915][11:00:40:737353][info  ] RTSpatialRefiner 0x74c8db5a7550 (Free 22005 MB), Loaded Geometries, ProbeArray 12276, Loaded 2387, Type MultiPolygon
[LIBGPUSPATIAL] [ 52915][11:00:40:737598][info  ] RTSpatialRefiner 0x74c8db5a7550 (Free 22005 MB), Evaluating 778123 Geometry Pairs with Predicate Within
[LIBGPUSPATIAL] [ 52915][11:00:40:742793][info  ] RTSpatialRefiner 0x74c8db5a7550 (Free 22005 MB), Profiling Results. Parse: 13.01 ms, Refine: 4.97 ms, Copy Results: 0.42 ms
[LIBGPUSPATIAL] [ 52915][11:00:40:869851][info  ] RTSpatialIndex 0x74c8d908e130 (Free 22005 MB), Allocate result buffer, memory consumption 4 MB, capacity 540498
[LIBGPUSPATIAL] [ 52915][11:00:40:870863][info  ] RTSpatialIndex 0x74c8d908e130 (Free 22005 MB), Probe Rectangles, Size: 13740, Results: 540498
[LIBGPUSPATIAL] [ 52915][11:00:40:870902][info  ] RTSpatialIndex 0x74c8d908e130 (Free 22005 MB), Profiling Results. Alloc: 0.10 ms, Prepare: 0.46 ms, RT: 0.37 ms, Copy res: 0.79 ms
[LIBGPUSPATIAL] [ 52915][11:00:40:888072][info  ] RTSpatialRefiner 0x74c8db5a7550 (Free 22005 MB), Loaded Geometries, ProbeArray 13740, Loaded 2730, Type MultiPolygon
[LIBGPUSPATIAL] [ 52915][11:00:40:888264][info  ] RTSpatialRefiner 0x74c8db5a7550 (Free 22005 MB), Evaluating 540498 Geometry Pairs with Predicate Within
[LIBGPUSPATIAL] [ 52915][11:00:40:895647][info  ] RTSpatialRefiner 0x74c8db5a7550 (Free 22005 MB), Profiling Results. Parse: 15.10 ms, Refine: 7.17 ms, Copy Results: 0.36 ms
[LIBGPUSPATIAL] [ 52915][11:00:40:988857][info  ] RTSpatialIndex 0x74c8d908e130 (Free 22005 MB), Allocate result buffer, memory consumption 3 MB, capacity 451060
[LIBGPUSPATIAL] [ 52915][11:00:40:989744][info  ] RTSpatialIndex 0x74c8d908e130 (Free 22005 MB), Probe Rectangles, Size: 12276, Results: 451060
[LIBGPUSPATIAL] [ 52915][11:00:40:989781][info  ] RTSpatialIndex 0x74c8d908e130 (Free 22005 MB), Profiling Results. Alloc: 0.10 ms, Prepare: 0.47 ms, RT: 0.36 ms, Copy res: 0.67 ms
[LIBGPUSPATIAL] [ 52915][11:00:41:003231][info  ] RTSpatialRefiner 0x74c8db5a7550 (Free 22005 MB), Loaded Geometries, ProbeArray 12276, Loaded 2483, Type MultiPolygon
[LIBGPUSPATIAL] [ 52915][11:00:41:003379][info  ] RTSpatialRefiner 0x74c8db5a7550 (Free 22005 MB), Evaluating 451060 Geometry Pairs with Predicate Within
[LIBGPUSPATIAL] [ 52915][11:00:41:010306][info  ] RTSpatialRefiner 0x74c8db5a7550 (Free 22005 MB), Profiling Results. Parse: 12.40 ms, Refine: 6.74 ms, Copy Results: 0.30 ms
[LIBGPUSPATIAL] [ 52915][11:00:41:101904][info  ] RTSpatialIndex 0x74c8d908e130 (Free 22005 MB), Allocate result buffer, memory consumption 3 MB, capacity 514833
[LIBGPUSPATIAL] [ 52915][11:00:41:102875][info  ] RTSpatialIndex 0x74c8d908e130 (Free 22005 MB), Probe Rectangles, Size: 13740, Results: 514833
[LIBGPUSPATIAL] [ 52915][11:00:41:102913][info  ] RTSpatialIndex 0x74c8d908e130 (Free 22005 MB), Profiling Results. Alloc: 0.10 ms, Prepare: 0.48 ms, RT: 0.36 ms, Copy res: 0.75 ms
[LIBGPUSPATIAL] [ 52915][11:00:41:119264][info  ] RTSpatialRefiner 0x74c8db5a7550 (Free 22005 MB), Loaded Geometries, ProbeArray 13740, Loaded 2780, Type MultiPolygon
[LIBGPUSPATIAL] [ 52915][11:00:41:119430][info  ] RTSpatialRefiner 0x74c8db5a7550 (Free 22005 MB), Evaluating 514833 Geometry Pairs with Predicate Within
[LIBGPUSPATIAL] [ 52915][11:00:41:124890][info  ] RTSpatialRefiner 0x74c8db5a7550 (Free 22005 MB), Profiling Results. Parse: 15.56 ms, Refine: 5.20 ms, Copy Results: 0.39 ms
[LIBGPUSPATIAL] [ 52915][11:00:41:227782][info  ] RTSpatialIndex 0x74c8d908e130 (Free 22005 MB), Allocate result buffer, memory consumption 9 MB, capacity 1206528
[LIBGPUSPATIAL] [ 52915][11:00:41:229587][info  ] RTSpatialIndex 0x74c8d908e130 (Free 22005 MB), Probe Rectangles, Size: 12276, Results: 1206528
[LIBGPUSPATIAL] [ 52915][11:00:41:229623][info  ] RTSpatialIndex 0x74c8d908e130 (Free 22005 MB), Profiling Results. Alloc: 0.10 ms, Prepare: 0.46 ms, RT: 0.40 ms, Copy res: 1.56 ms
[LIBGPUSPATIAL] [ 52915][11:00:41:246411][info  ] RTSpatialRefiner 0x74c8db5a7550 (Free 22005 MB), Loaded Geometries, ProbeArray 12276, Loaded 2363, Type MultiPolygon
[LIBGPUSPATIAL] [ 52915][11:00:41:246791][info  ] RTSpatialRefiner 0x74c8db5a7550 (Free 22005 MB), Evaluating 1206528 Geometry Pairs with Predicate Within
[LIBGPUSPATIAL] [ 52915][11:00:41:270804][info  ] RTSpatialRefiner 0x74c8db5a7550 (Free 22005 MB), Profiling Results. Parse: 14.05 ms, Refine: 23.91 ms, Copy Results: 0.44 ms
[LIBGPUSPATIAL] [ 52915][11:00:41:391490][info  ] RTSpatialIndex 0x74c8d908e130 (Free 22005 MB), Allocate result buffer, memory consumption 4 MB, capacity 637036
[LIBGPUSPATIAL] [ 52915][11:00:41:392596][info  ] RTSpatialIndex 0x74c8d908e130 (Free 22005 MB), Probe Rectangles, Size: 13740, Results: 637036
[LIBGPUSPATIAL] [ 52915][11:00:41:392631][info  ] RTSpatialIndex 0x74c8d908e130 (Free 22005 MB), Profiling Results. Alloc: 0.09 ms, Prepare: 0.47 ms, RT: 0.36 ms, Copy res: 0.91 ms
[LIBGPUSPATIAL] [ 52915][11:00:41:408596][info  ] RTSpatialRefiner 0x74c8db5a7550 (Free 22005 MB), Loaded Geometries, ProbeArray 13740, Loaded 2718, Type MultiPolygon
[LIBGPUSPATIAL] [ 52915][11:00:41:408797][info  ] RTSpatialRefiner 0x74c8db5a7550 (Free 22005 MB), Evaluating 637036 Geometry Pairs with Predicate Within
[LIBGPUSPATIAL] [ 52915][11:00:41:413621][info  ] RTSpatialRefiner 0x74c8db5a7550 (Free 22005 MB), Profiling Results. Parse: 13.94 ms, Refine: 4.54 ms, Copy Results: 0.45 ms
[LIBGPUSPATIAL] [ 52915][11:00:41:527222][info  ] RTSpatialIndex 0x74c8d908e130 (Free 22005 MB), Allocate result buffer, memory consumption 2 MB, capacity 270825
[LIBGPUSPATIAL] [ 52915][11:00:41:527901][info  ] RTSpatialIndex 0x74c8d908e130 (Free 22005 MB), Probe Rectangles, Size: 12276, Results: 270825
[LIBGPUSPATIAL] [ 52915][11:00:41:527931][info  ] RTSpatialIndex 0x74c8d908e130 (Free 22005 MB), Profiling Results. Alloc: 0.09 ms, Prepare: 0.46 ms, RT: 0.36 ms, Copy res: 0.48 ms
[LIBGPUSPATIAL] [ 52915][11:00:41:542476][info  ] RTSpatialRefiner 0x74c8db5a7550 (Free 22005 MB), Loaded Geometries, ProbeArray 12276, Loaded 2464, Type MultiPolygon
[LIBGPUSPATIAL] [ 52915][11:00:41:542572][info  ] RTSpatialRefiner 0x74c8db5a7550 (Free 22005 MB), Evaluating 270825 Geometry Pairs with Predicate Within
[LIBGPUSPATIAL] [ 52915][11:00:41:548093][info  ] RTSpatialRefiner 0x74c8db5a7550 (Free 22005 MB), Profiling Results. Parse: 13.71 ms, Refine: 5.38 ms, Copy Results: 0.20 ms
[LIBGPUSPATIAL] [ 52915][11:00:41:630171][info  ] RTSpatialIndex 0x74c8d908e130 (Free 22005 MB), Allocate result buffer, memory consumption 2 MB, capacity 390657
[LIBGPUSPATIAL] [ 52915][11:00:41:630994][info  ] RTSpatialIndex 0x74c8d908e130 (Free 22005 MB), Probe Rectangles, Size: 13740, Results: 390657
[LIBGPUSPATIAL] [ 52915][11:00:41:631023][info  ] RTSpatialIndex 0x74c8d908e130 (Free 22005 MB), Profiling Results. Alloc: 0.09 ms, Prepare: 0.47 ms, RT: 0.36 ms, Copy res: 0.62 ms
[LIBGPUSPATIAL] [ 52915][11:00:41:647942][info  ] RTSpatialRefiner 0x74c8db5a7550 (Free 22005 MB), Loaded Geometries, ProbeArray 13740, Loaded 2726, Type MultiPolygon
[LIBGPUSPATIAL] [ 52915][11:00:41:648078][info  ] RTSpatialRefiner 0x74c8db5a7550 (Free 22005 MB), Evaluating 390657 Geometry Pairs with Predicate Within
[LIBGPUSPATIAL] [ 52915][11:00:41:653474][info  ] RTSpatialRefiner 0x74c8db5a7550 (Free 22005 MB), Profiling Results. Parse: 15.89 ms, Refine: 5.22 ms, Copy Results: 0.26 ms
[LIBGPUSPATIAL] [ 52915][11:00:41:735472][info  ] RTSpatialIndex 0x74c8d908e130 (Free 22005 MB), Allocate result buffer, memory consumption 2 MB, capacity 319896
[LIBGPUSPATIAL] [ 52915][11:00:41:736230][info  ] RTSpatialIndex 0x74c8d908e130 (Free 22005 MB), Probe Rectangles, Size: 12276, Results: 319896
[LIBGPUSPATIAL] [ 52915][11:00:41:736261][info  ] RTSpatialIndex 0x74c8d908e130 (Free 22005 MB), Profiling Results. Alloc: 0.10 ms, Prepare: 0.47 ms, RT: 0.34 ms, Copy res: 0.56 ms
[LIBGPUSPATIAL] [ 52915][11:00:41:749074][info  ] RTSpatialRefiner 0x74c8db5a7550 (Free 22005 MB), Loaded Geometries, ProbeArray 12276, Loaded 2414, Type MultiPolygon
[LIBGPUSPATIAL] [ 52915][11:00:41:749186][info  ] RTSpatialRefiner 0x74c8db5a7550 (Free 22005 MB), Evaluating 319896 Geometry Pairs with Predicate Within
[LIBGPUSPATIAL] [ 52915][11:00:41:753089][info  ] RTSpatialRefiner 0x74c8db5a7550 (Free 22005 MB), Profiling Results. Parse: 12.46 ms, Refine: 3.72 ms, Copy Results: 0.25 ms
[LIBGPUSPATIAL] [ 52915][11:00:41:849682][info  ] RTSpatialIndex 0x74c8d908e130 (Free 22005 MB), Allocate result buffer, memory consumption 5 MB, capacity 662983
[LIBGPUSPATIAL] [ 52915][11:00:41:850825][info  ] RTSpatialIndex 0x74c8d908e130 (Free 22005 MB), Probe Rectangles, Size: 13740, Results: 662983
[LIBGPUSPATIAL] [ 52915][11:00:41:850857][info  ] RTSpatialIndex 0x74c8d908e130 (Free 22005 MB), Profiling Results. Alloc: 0.10 ms, Prepare: 0.47 ms, RT: 0.38 ms, Copy res: 0.92 ms
[LIBGPUSPATIAL] [ 52915][11:00:41:867523][info  ] RTSpatialRefiner 0x74c8db5a7550 (Free 22005 MB), Loaded Geometries, ProbeArray 13740, Loaded 2740, Type MultiPolygon
[LIBGPUSPATIAL] [ 52915][11:00:41:867741][info  ] RTSpatialRefiner 0x74c8db5a7550 (Free 22005 MB), Evaluating 662983 Geometry Pairs with Predicate Within
[LIBGPUSPATIAL] [ 52915][11:00:41:873479][info  ] RTSpatialRefiner 0x74c8db5a7550 (Free 22005 MB), Profiling Results. Parse: 16.07 ms, Refine: 5.59 ms, Copy Results: 0.32 ms
[LIBGPUSPATIAL] [ 52915][11:00:41:959082][info  ] RTSpatialIndex 0x74c8d908e130 (Free 22005 MB), Allocate result buffer, memory consumption 2 MB, capacity 295844
[LIBGPUSPATIAL] [ 52915][11:00:41:959781][info  ] RTSpatialIndex 0x74c8d908e130 (Free 22005 MB), Probe Rectangles, Size: 12275, Results: 295844
[LIBGPUSPATIAL] [ 52915][11:00:41:959810][info  ] RTSpatialIndex 0x74c8d908e130 (Free 22005 MB), Profiling Results. Alloc: 0.10 ms, Prepare: 0.48 ms, RT: 0.34 ms, Copy res: 0.50 ms
[LIBGPUSPATIAL] [ 52915][11:00:41:972916][info  ] RTSpatialRefiner 0x74c8db5a7550 (Free 22005 MB), Loaded Geometries, ProbeArray 12275, Loaded 2394, Type MultiPolygon
[LIBGPUSPATIAL] [ 52915][11:00:41:973046][info  ] RTSpatialRefiner 0x74c8db5a7550 (Free 22005 MB), Evaluating 295844 Geometry Pairs with Predicate Within
[LIBGPUSPATIAL] [ 52915][11:00:41:976543][info  ] RTSpatialRefiner 0x74c8db5a7550 (Free 22005 MB), Profiling Results. Parse: 12.63 ms, Refine: 3.34 ms, Copy Results: 0.24 ms
Run # 4
┌───────────────────┬──────────────────────────────────────────────────────────────────────────────┐
│     plan_type     ┆                                     plan                                     │
│        utf8       ┆                                     utf8                                     │
╞═══════════════════╪══════════════════════════════════════════════════════════════════════════════╡
│ Plan with Metrics ┆ ProjectionExec: expr=[count(Int64(1))@0 as cross_zone_trip_count], metrics=[ │
│                   ┆ output_rows=1, elapsed_compute=1.071µs, output_bytes=8.0 B]                  │
│                   ┆   AggregateExec: mode=Single, gby=[], aggr=[count(Int64(1))], metrics=[outpu │
│                   ┆ t_rows=1, elapsed_compute=140.885µs, output_bytes=8.0 B]                     │
│                   ┆     ProjectionExec: expr=[], metrics=[output_rows=176391, elapsed_compute=14 │
│                   ┆ .742µs, output_bytes=0.0 B]                                                  │
│                   ┆       SpatialJoinExec: join_type=Inner, on=ST_within(dropoff_geom@0, geom@1) │
│                   ┆ , filter=z_zonekey@0 != z_zonekey@1, metrics=[output_rows=176391, spill_coun │
│                   ┆ t=0, spilled_bytes=0.0 B, spilled_rows=0, build_input_batches=22, build_inpu │
│                   ┆ t_rows=3057046, join_result_candidates=6384310, join_result_count=3062667, o │
│                   ┆ utput_batches=24, probe_input_batches=12, probe_input_rows=156095, build_inp │
│                   ┆ ut_total_size_bytes=483013444, build_mem_used=483013444, execution_mode=1, r │
│                   ┆ efiner_mem_used=0, build_input_collection_time=407.559662ms, build_time=110. │
│                   ┆ 874422ms, join_time=926.331543ms, partition_probe_time=1ns]                  │
│                   ┆         SpatialJoinExec: join_type=Inner, on=ST_within(pickup_geom@0, geom@1 │
│                   ┆ ), projection=[dropoff_geom@1, z_zonekey@2], metrics=[output_rows=3057046, s │
│                   ┆ pill_count=0, spilled_bytes=0.0 B, spilled_rows=0, build_input_batches=4, bu │
│                   ┆ ild_input_rows=6000000, join_result_candidates=7297793, join_result_count=30 │
│                   ┆ 57046, output_batches=22, probe_input_batches=12, probe_input_rows=156095, b │
│                   ┆ uild_input_total_size_bytes=1122000032, build_mem_used=1122000032, execution │
│                   ┆ _mode=1, refiner_mem_used=0, build_input_collection_time=674.808229ms, build │
│                   ┆ _time=203.777994ms, join_time=1.222910823s, partition_probe_time=1ns]        │
│                   ┆           ProjectionExec: expr=[st_geomfromwkb(t_pickuploc@0) as pickup_geom │
│                   ┆ , st_geomfromwkb(t_dropoffloc@1) as dropoff_geom], metrics=[output_rows=6000 │
│                   ┆ 000, elapsed_compute=211.63556ms, output_bytes=542.1 MB]                     │
│                   ┆             DataSourceExec: file_groups={1 group: [[mnt/data/sedona-spatialb │
│                   ┆ ench/paper/benchmark-data-sf1/trip/trip.1.parquet:0..182361649, mnt/data/sed │
│                   ┆ ona-spatialbench/paper/benchmark-data-sf1/trip/trip.2.parquet:0..182311531]] │
│                   ┆ }, projection=[t_pickuploc, t_dropoffloc], file_type=parquet, metrics=[outpu │
│                   ┆ t_rows=6000000, elapsed_compute=1ns, output_bytes=542.1 MB, files_ranges_pru │
│                   ┆ ned_statistics=2 total → 2 matched, row_groups_pruned_statistics=4 total → 4 │
│                   ┆  matched, row_groups_pruned_bloom_filter=4 total → 4 matched, page_index_row │
│                   ┆ s_pruned=0 total → 0 matched, batches_split=0, bytes_scanned=209738293, file │
│                   ┆ _open_errors=0, file_scan_errors=0, num_predicate_creation_errors=0, predica │
│                   ┆ te_cache_inner_records=0, predicate_cache_records=0, predicate_evaluation_er │
│                   ┆ rors=0, pushdown_rows_matched=0, pushdown_rows_pruned=0, bloom_filter_eval_t │
│                   ┆ ime=4ns, metadata_load_time=372.746µs, page_index_eval_time=4ns, row_pushdow │
│                   ┆ n_eval_time=4ns, statistics_eval_time=4ns, time_elapsed_opening=231.349µs, t │
│                   ┆ ime_elapsed_processing=253.741447ms, time_elapsed_scanning_total=1.164290903 │
│                   ┆ s, time_elapsed_scanning_until_data=115.761532ms]                            │
│                   ┆           ProjectionExec: expr=[z_zonekey@0 as z_zonekey, st_geomfromwkb(z_b │
│                   ┆ oundary@1) as geom], metrics=[output_rows=156095, elapsed_compute=27.503508m │
│                   ┆ s, output_bytes=1338.5 MB]                                                   │
│                   ┆             DataSourceExec: file_groups={1 group: [[mnt/data/sedona-spatialb │
│                   ┆ ench/paper/benchmark-data-sf1/zone/zone.1.parquet, mnt/data/sedona-spatialbe │
│                   ┆ nch/paper/benchmark-data-sf1/zone/zone.2.parquet, mnt/data/sedona-spatialben │
│                   ┆ ch/paper/benchmark-data-sf1/zone/zone.3.parquet, mnt/data/sedona-spatialbenc │
│                   ┆ h/paper/benchmark-data-sf1/zone/zone.4.parquet, mnt/data/sedona-spatialbench │
│                   ┆ /paper/benchmark-data-sf1/zone/zone.5.parquet, ...]]}, projection=[z_zonekey │
│                   ┆ , z_boundary], file_type=parquet, metrics=[output_rows=156095, elapsed_compu │
│                   ┆ te=1ns, output_bytes=1338.5 MB, files_ranges_pruned_statistics=6 total → 6 m │
│                   ┆ atched, row_groups_pruned_statistics=12 total → 12 matched, row_groups_prune │
│                   ┆ d_bloom_filter=12 total → 12 matched, page_index_rows_pruned=0 total → 0 mat │
│                   ┆ ched, batches_split=0, bytes_scanned=1384587770, file_open_errors=0, file_sc │
│                   ┆ an_errors=0, num_predicate_creation_errors=0, predicate_cache_inner_records= │
│                   ┆ 0, predicate_cache_records=0, predicate_evaluation_errors=0, pushdown_rows_m │
│                   ┆ atched=0, pushdown_rows_pruned=0, bloom_filter_eval_time=12ns, metadata_load │
│                   ┆ _time=1.949563ms, page_index_eval_time=12ns, row_pushdown_eval_time=12ns, st │
│                   ┆ atistics_eval_time=12ns, time_elapsed_opening=298.732µs, time_elapsed_proces │
│                   ┆ sing=420.239358ms, time_elapsed_scanning_total=2.294620722s, time_elapsed_sc │
│                   ┆ anning_until_data=350.026711ms]                                              │
│                   ┆         ProjectionExec: expr=[z_zonekey@0 as z_zonekey, st_geomfromwkb(z_bou │
│                   ┆ ndary@1) as geom], metrics=[output_rows=156095, elapsed_compute=27.971155ms, │
│                   ┆  output_bytes=1338.5 MB]                                                     │
│                   ┆           DataSourceExec: file_groups={1 group: [[mnt/data/sedona-spatialben │
│                   ┆ ch/paper/benchmark-data-sf1/zone/zone.1.parquet, mnt/data/sedona-spatialbenc │
│                   ┆ h/paper/benchmark-data-sf1/zone/zone.2.parquet, mnt/data/sedona-spatialbench │
│                   ┆ /paper/benchmark-data-sf1/zone/zone.3.parquet, mnt/data/sedona-spatialbench/ │
│                   ┆ paper/benchmark-data-sf1/zone/zone.4.parquet, mnt/data/sedona-spatialbench/p │
│                   ┆ aper/benchmark-data-sf1/zone/zone.5.parquet, ...]]}, projection=[z_zonekey,  │
│                   ┆ z_boundary], file_type=parquet, metrics=[output_rows=156095, elapsed_compute │
│                   ┆ =1ns, output_bytes=1338.5 MB, files_ranges_pruned_statistics=6 total → 6 mat │
│                   ┆ ched, row_groups_pruned_statistics=12 total → 12 matched, row_groups_pruned_ │
│                   ┆ bloom_filter=12 total → 12 matched, page_index_rows_pruned=0 total → 0 match │
│                   ┆ ed, batches_split=0, bytes_scanned=1384587770, file_open_errors=0, file_scan │
│                   ┆ _errors=0, num_predicate_creation_errors=0, predicate_cache_inner_records=0, │
│                   ┆  predicate_cache_records=0, predicate_evaluation_errors=0, pushdown_rows_mat │
│                   ┆ ched=0, pushdown_rows_pruned=0, bloom_filter_eval_time=12ns, metadata_load_t │
│                   ┆ ime=1.951403ms, page_index_eval_time=12ns, row_pushdown_eval_time=12ns, stat │
│                   ┆ istics_eval_time=12ns, time_elapsed_opening=478.42µs, time_elapsed_processin │
│                   ┆ g=308.121172ms, time_elapsed_scanning_total=1.480269619s, time_elapsed_scann │
│                   ┆ ing_until_data=298.958902ms]                                                 │
│                   ┆                                                                              │
└───────────────────┴──────────────────────────────────────────────────────────────────────────────┘
[LIBGPUSPATIAL] [ 52915][11:00:43:188400][info  ] Create RTSpatialIndex 0x74c8d908e130, fast_build = 0, compact = 0, concurrency = 1
[LIBGPUSPATIAL] [ 52915][11:00:43:188694][info  ] Create RTSpatialRefiner 0x74c8db5a7550, fast_build = 0, compact = 0, parsing_threads = 8, concurrency = 1, pipeline_batches = 1, wkb_parser_memory_quota = 0.80, relate_engine_memory_quota = 0.80
[LIBGPUSPATIAL] [ 52915][11:00:43:369487][info  ] RTSpatialRefiner 0x74c8db5a7550 (Free 22005 MB), Profiling Results. PushBuild: 105.17 ms, FinishBuilding: 0.01 ms
[LIBGPUSPATIAL] [ 52915][11:00:43:369520][info  ] RTSpatialRefiner 0x74c8db5a7550 (Free 22005 MB), FinishBuilding Refiner, Total geoms: 6000000
[LIBGPUSPATIAL] [ 52915][11:00:43:369535][info  ] RTSpatialIndex 0x74c8d908e130 (Free 22005 MB), PushBuild, Rectangles 6000000
[LIBGPUSPATIAL] [ 52915][11:00:43:379784][info  ] RTSpatialIndex 0x74c8d908e130 (Free 22005 MB), FinishBuilding Index on Points, Total geoms: 6000000
[LIBGPUSPATIAL] [ 52915][11:00:43:379810][info  ] RTSpatialIndex 0x74c8d908e130 (Free 22005 MB), Profiling Results. PushBuild: 7.35 ms, FinishBuilding: 2.91 ms
[LIBGPUSPATIAL] [ 52920][11:00:43:474993][info  ] RTSpatialIndex 0x74c8d908e130 (Free 22005 MB), Allocate result buffer, memory consumption 2 MB, capacity 325005
[LIBGPUSPATIAL] [ 52920][11:00:43:475917][info  ] RTSpatialIndex 0x74c8d908e130 (Free 22005 MB), Probe Rectangles, Size: 13740, Results: 325005
[LIBGPUSPATIAL] [ 52920][11:00:43:475945][info  ] RTSpatialIndex 0x74c8d908e130 (Free 22005 MB), Profiling Results. Alloc: 0.11 ms, Prepare: 0.49 ms, RT: 0.74 ms, Copy res: 0.52 ms
[LIBGPUSPATIAL] [ 52920][11:00:43:491184][info  ] RTSpatialRefiner 0x74c8db5a7550 (Free 22005 MB), Loaded Geometries, ProbeArray 13740, Loaded 2689, Type MultiPolygon
[LIBGPUSPATIAL] [ 52920][11:00:43:491309][info  ] RTSpatialRefiner 0x74c8db5a7550 (Free 22005 MB), Evaluating 325005 Geometry Pairs with Predicate Within
[LIBGPUSPATIAL] [ 52920][11:00:43:496587][info  ] RTSpatialRefiner 0x74c8db5a7550 (Free 22005 MB), Profiling Results. Parse: 13.94 ms, Refine: 5.09 ms, Copy Results: 0.28 ms
[LIBGPUSPATIAL] [ 52920][11:00:43:642431][info  ] RTSpatialIndex 0x74c8d908e130 (Free 22005 MB), Allocate result buffer, memory consumption 6 MB, capacity 815600
[LIBGPUSPATIAL] [ 52920][11:00:43:643929][info  ] RTSpatialIndex 0x74c8d908e130 (Free 22005 MB), Probe Rectangles, Size: 12276, Results: 815600
[LIBGPUSPATIAL] [ 52920][11:00:43:643972][info  ] RTSpatialIndex 0x74c8d908e130 (Free 22005 MB), Profiling Results. Alloc: 0.09 ms, Prepare: 0.46 ms, RT: 0.74 ms, Copy res: 1.10 ms
[LIBGPUSPATIAL] [ 52920][11:00:43:658683][info  ] RTSpatialRefiner 0x74c8db5a7550 (Free 22005 MB), Loaded Geometries, ProbeArray 12276, Loaded 2431, Type MultiPolygon
[LIBGPUSPATIAL] [ 52920][11:00:43:658977][info  ] RTSpatialRefiner 0x74c8db5a7550 (Free 22005 MB), Evaluating 815600 Geometry Pairs with Predicate Within
[LIBGPUSPATIAL] [ 52920][11:00:43:664829][info  ] RTSpatialRefiner 0x74c8db5a7550 (Free 22005 MB), Profiling Results. Parse: 13.23 ms, Refine: 5.68 ms, Copy Results: 0.43 ms
[LIBGPUSPATIAL] [ 52920][11:00:43:897379][info  ] RTSpatialIndex 0x74c8d908e130 (Free 22005 MB), Allocate result buffer, memory consumption 4 MB, capacity 617528
[LIBGPUSPATIAL] [ 52920][11:00:43:898674][info  ] RTSpatialIndex 0x74c8d908e130 (Free 22005 MB), Probe Rectangles, Size: 13740, Results: 617528
[LIBGPUSPATIAL] [ 52920][11:00:43:898704][info  ] RTSpatialIndex 0x74c8d908e130 (Free 22005 MB), Profiling Results. Alloc: 0.09 ms, Prepare: 0.48 ms, RT: 0.79 ms, Copy res: 0.87 ms
[LIBGPUSPATIAL] [ 52920][11:00:43:918019][info  ] RTSpatialRefiner 0x74c8db5a7550 (Free 22005 MB), Loaded Geometries, ProbeArray 13740, Loaded 2756, Type MultiPolygon
[LIBGPUSPATIAL] [ 52920][11:00:43:918226][info  ] RTSpatialRefiner 0x74c8db5a7550 (Free 22005 MB), Evaluating 617528 Geometry Pairs with Predicate Within
[LIBGPUSPATIAL] [ 52920][11:00:43:926390][info  ] RTSpatialRefiner 0x74c8db5a7550 (Free 22005 MB), Profiling Results. Parse: 16.93 ms, Refine: 7.97 ms, Copy Results: 0.36 ms
[LIBGPUSPATIAL] [ 52920][11:00:44:086504][info  ] RTSpatialIndex 0x74c8d908e130 (Free 22005 MB), Allocate result buffer, memory consumption 3 MB, capacity 508540
[LIBGPUSPATIAL] [ 52920][11:00:44:087684][info  ] RTSpatialIndex 0x74c8d908e130 (Free 22005 MB), Probe Rectangles, Size: 12276, Results: 508540
[LIBGPUSPATIAL] [ 52920][11:00:44:087713][info  ] RTSpatialIndex 0x74c8d908e130 (Free 22005 MB), Profiling Results. Alloc: 0.10 ms, Prepare: 0.46 ms, RT: 0.80 ms, Copy res: 0.75 ms
[LIBGPUSPATIAL] [ 52920][11:00:44:101424][info  ] RTSpatialRefiner 0x74c8db5a7550 (Free 22005 MB), Loaded Geometries, ProbeArray 12276, Loaded 2527, Type MultiPolygon
[LIBGPUSPATIAL] [ 52920][11:00:44:101583][info  ] RTSpatialRefiner 0x74c8db5a7550 (Free 22005 MB), Evaluating 508540 Geometry Pairs with Predicate Within
[LIBGPUSPATIAL] [ 52920][11:00:44:109935][info  ] RTSpatialRefiner 0x74c8db5a7550 (Free 22005 MB), Profiling Results. Parse: 12.50 ms, Refine: 8.17 ms, Copy Results: 0.30 ms
[LIBGPUSPATIAL] [ 52920][11:00:44:282117][info  ] RTSpatialIndex 0x74c8d908e130 (Free 22005 MB), Allocate result buffer, memory consumption 3 MB, capacity 523852
[LIBGPUSPATIAL] [ 52920][11:00:44:283312][info  ] RTSpatialIndex 0x74c8d908e130 (Free 22005 MB), Probe Rectangles, Size: 13740, Results: 523852
[LIBGPUSPATIAL] [ 52920][11:00:44:283340][info  ] RTSpatialIndex 0x74c8d908e130 (Free 22005 MB), Profiling Results. Alloc: 0.09 ms, Prepare: 0.47 ms, RT: 0.77 ms, Copy res: 0.77 ms
[LIBGPUSPATIAL] [ 52920][11:00:44:300233][info  ] RTSpatialRefiner 0x74c8db5a7550 (Free 22005 MB), Loaded Geometries, ProbeArray 13740, Loaded 2832, Type MultiPolygon
[LIBGPUSPATIAL] [ 52920][11:00:44:300403][info  ] RTSpatialRefiner 0x74c8db5a7550 (Free 22005 MB), Evaluating 523852 Geometry Pairs with Predicate Within
[LIBGPUSPATIAL] [ 52920][11:00:44:306103][info  ] RTSpatialRefiner 0x74c8db5a7550 (Free 22005 MB), Profiling Results. Parse: 14.92 ms, Refine: 5.45 ms, Copy Results: 0.38 ms
[LIBGPUSPATIAL] [ 52920][11:00:44:501103][info  ] RTSpatialIndex 0x74c8d908e130 (Free 22005 MB), Allocate result buffer, memory consumption 11 MB, capacity 1495810
[LIBGPUSPATIAL] [ 52920][11:00:44:503474][info  ] RTSpatialIndex 0x74c8d908e130 (Free 22005 MB), Probe Rectangles, Size: 12276, Results: 1495810
[LIBGPUSPATIAL] [ 52920][11:00:44:503505][info  ] RTSpatialIndex 0x74c8d908e130 (Free 22005 MB), Profiling Results. Alloc: 0.09 ms, Prepare: 0.47 ms, RT: 0.94 ms, Copy res: 1.87 ms
[LIBGPUSPATIAL] [ 52920][11:00:44:523016][info  ] RTSpatialRefiner 0x74c8db5a7550 (Free 22005 MB), Loaded Geometries, ProbeArray 12276, Loaded 2372, Type MultiPolygon
[LIBGPUSPATIAL] [ 52920][11:00:44:523501][info  ] RTSpatialRefiner 0x74c8db5a7550 (Free 22005 MB), Evaluating 1495810 Geometry Pairs with Predicate Within
[LIBGPUSPATIAL] [ 52920][11:00:44:551505][info  ] RTSpatialRefiner 0x74c8db5a7550 (Free 22005 MB), Profiling Results. Parse: 13.83 ms, Refine: 28.00 ms, Copy Results: 0.44 ms
[LIBGPUSPATIAL] [ 52920][11:00:44:790645][info  ] RTSpatialIndex 0x74c8d908e130 (Free 22005 MB), Allocate result buffer, memory consumption 5 MB, capacity 657192
[LIBGPUSPATIAL] [ 52920][11:00:44:791927][info  ] RTSpatialIndex 0x74c8d908e130 (Free 22005 MB), Probe Rectangles, Size: 13740, Results: 657192
[LIBGPUSPATIAL] [ 52920][11:00:44:791971][info  ] RTSpatialIndex 0x74c8d908e130 (Free 22005 MB), Profiling Results. Alloc: 0.10 ms, Prepare: 0.47 ms, RT: 0.74 ms, Copy res: 0.88 ms
[LIBGPUSPATIAL] [ 52920][11:00:44:807997][info  ] RTSpatialRefiner 0x74c8db5a7550 (Free 22005 MB), Loaded Geometries, ProbeArray 13740, Loaded 2770, Type MultiPolygon
[LIBGPUSPATIAL] [ 52920][11:00:44:808208][info  ] RTSpatialRefiner 0x74c8db5a7550 (Free 22005 MB), Evaluating 657192 Geometry Pairs with Predicate Within
[LIBGPUSPATIAL] [ 52920][11:00:44:813531][info  ] RTSpatialRefiner 0x74c8db5a7550 (Free 22005 MB), Profiling Results. Parse: 14.44 ms, Refine: 5.05 ms, Copy Results: 0.45 ms
[LIBGPUSPATIAL] [ 52920][11:00:45:041274][info  ] RTSpatialIndex 0x74c8d908e130 (Free 22005 MB), Allocate result buffer, memory consumption 2 MB, capacity 291001
[LIBGPUSPATIAL] [ 52920][11:00:45:042148][info  ] RTSpatialIndex 0x74c8d908e130 (Free 22005 MB), Probe Rectangles, Size: 12276, Results: 291001
[LIBGPUSPATIAL] [ 52920][11:00:45:042174][info  ] RTSpatialIndex 0x74c8d908e130 (Free 22005 MB), Profiling Results. Alloc: 0.09 ms, Prepare: 0.46 ms, RT: 0.73 ms, Copy res: 0.48 ms
[LIBGPUSPATIAL] [ 52920][11:00:45:056465][info  ] RTSpatialRefiner 0x74c8db5a7550 (Free 22005 MB), Loaded Geometries, ProbeArray 12276, Loaded 2493, Type MultiPolygon
[LIBGPUSPATIAL] [ 52920][11:00:45:056567][info  ] RTSpatialRefiner 0x74c8db5a7550 (Free 22005 MB), Evaluating 291001 Geometry Pairs with Predicate Within
[LIBGPUSPATIAL] [ 52920][11:00:45:062019][info  ] RTSpatialRefiner 0x74c8db5a7550 (Free 22005 MB), Profiling Results. Parse: 13.14 ms, Refine: 5.30 ms, Copy Results: 0.21 ms
[LIBGPUSPATIAL] [ 52920][11:00:45:185786][info  ] RTSpatialIndex 0x74c8d908e130 (Free 22005 MB), Allocate result buffer, memory consumption 4 MB, capacity 633984
[LIBGPUSPATIAL] [ 52920][11:00:45:187083][info  ] RTSpatialIndex 0x74c8d908e130 (Free 22005 MB), Probe Rectangles, Size: 13740, Results: 633984
[LIBGPUSPATIAL] [ 52920][11:00:45:187111][info  ] RTSpatialIndex 0x74c8d908e130 (Free 22005 MB), Profiling Results. Alloc: 0.09 ms, Prepare: 0.49 ms, RT: 0.80 ms, Copy res: 0.87 ms
[LIBGPUSPATIAL] [ 52920][11:00:45:205422][info  ] RTSpatialRefiner 0x74c8db5a7550 (Free 22005 MB), Loaded Geometries, ProbeArray 13740, Loaded 2783, Type MultiPolygon
[LIBGPUSPATIAL] [ 52920][11:00:45:205636][info  ] RTSpatialRefiner 0x74c8db5a7550 (Free 22005 MB), Evaluating 633984 Geometry Pairs with Predicate Within
[LIBGPUSPATIAL] [ 52920][11:00:45:213051][info  ] RTSpatialRefiner 0x74c8db5a7550 (Free 22005 MB), Profiling Results. Parse: 16.49 ms, Refine: 7.33 ms, Copy Results: 0.26 ms
[LIBGPUSPATIAL] [ 52920][11:00:45:351048][info  ] RTSpatialIndex 0x74c8d908e130 (Free 22005 MB), Allocate result buffer, memory consumption 2 MB, capacity 372024
[LIBGPUSPATIAL] [ 52920][11:00:45:352030][info  ] RTSpatialIndex 0x74c8d908e130 (Free 22005 MB), Probe Rectangles, Size: 12276, Results: 372024
[LIBGPUSPATIAL] [ 52920][11:00:45:352059][info  ] RTSpatialIndex 0x74c8d908e130 (Free 22005 MB), Profiling Results. Alloc: 0.09 ms, Prepare: 0.47 ms, RT: 0.74 ms, Copy res: 0.58 ms
[LIBGPUSPATIAL] [ 52920][11:00:45:367529][info  ] RTSpatialRefiner 0x74c8db5a7550 (Free 22005 MB), Loaded Geometries, ProbeArray 12276, Loaded 2500, Type MultiPolygon
[LIBGPUSPATIAL] [ 52920][11:00:45:367665][info  ] RTSpatialRefiner 0x74c8db5a7550 (Free 22005 MB), Evaluating 372024 Geometry Pairs with Predicate Within
[LIBGPUSPATIAL] [ 52920][11:00:45:372153][info  ] RTSpatialRefiner 0x74c8db5a7550 (Free 22005 MB), Profiling Results. Parse: 13.65 ms, Refine: 4.34 ms, Copy Results: 0.23 ms
[LIBGPUSPATIAL] [ 52920][11:00:45:514303][info  ] RTSpatialIndex 0x74c8d908e130 (Free 22005 MB), Allocate result buffer, memory consumption 5 MB, capacity 730220
[LIBGPUSPATIAL] [ 52920][11:00:45:515696][info  ] RTSpatialIndex 0x74c8d908e130 (Free 22005 MB), Probe Rectangles, Size: 13740, Results: 730220
[LIBGPUSPATIAL] [ 52920][11:00:45:515726][info  ] RTSpatialIndex 0x74c8d908e130 (Free 22005 MB), Profiling Results. Alloc: 0.09 ms, Prepare: 0.46 ms, RT: 0.79 ms, Copy res: 0.97 ms
[LIBGPUSPATIAL] [ 52920][11:00:45:532630][info  ] RTSpatialRefiner 0x74c8db5a7550 (Free 22005 MB), Loaded Geometries, ProbeArray 13740, Loaded 2791, Type MultiPolygon
[LIBGPUSPATIAL] [ 52920][11:00:45:532850][info  ] RTSpatialRefiner 0x74c8db5a7550 (Free 22005 MB), Evaluating 730220 Geometry Pairs with Predicate Within
[LIBGPUSPATIAL] [ 52920][11:00:45:539367][info  ] RTSpatialRefiner 0x74c8db5a7550 (Free 22005 MB), Profiling Results. Parse: 15.16 ms, Refine: 6.37 ms, Copy Results: 0.32 ms
[LIBGPUSPATIAL] [ 52920][11:00:45:689084][info  ] RTSpatialIndex 0x74c8d908e130 (Free 22005 MB), Allocate result buffer, memory consumption 2 MB, capacity 327037
[LIBGPUSPATIAL] [ 52920][11:00:45:690014][info  ] RTSpatialIndex 0x74c8d908e130 (Free 22005 MB), Probe Rectangles, Size: 12275, Results: 327037
[LIBGPUSPATIAL] [ 52920][11:00:45:690041][info  ] RTSpatialIndex 0x74c8d908e130 (Free 22005 MB), Profiling Results. Alloc: 0.09 ms, Prepare: 0.48 ms, RT: 0.73 ms, Copy res: 0.54 ms
[LIBGPUSPATIAL] [ 52920][11:00:45:703581][info  ] RTSpatialRefiner 0x74c8db5a7550 (Free 22005 MB), Loaded Geometries, ProbeArray 12275, Loaded 2420, Type MultiPolygon
[LIBGPUSPATIAL] [ 52920][11:00:45:703690][info  ] RTSpatialRefiner 0x74c8db5a7550 (Free 22005 MB), Evaluating 327037 Geometry Pairs with Predicate Within
[LIBGPUSPATIAL] [ 52920][11:00:45:707512][info  ] RTSpatialRefiner 0x74c8db5a7550 (Free 22005 MB), Profiling Results. Parse: 12.28 ms, Refine: 3.66 ms, Copy Results: 0.23 ms
[LIBGPUSPATIAL] [ 52920][11:00:45:770620][info  ] Create RTSpatialIndex 0x74c8d908e130, fast_build = 0, compact = 0, concurrency = 1
[LIBGPUSPATIAL] [ 52920][11:00:45:770898][info  ] Create RTSpatialRefiner 0x74c8db5a7550, fast_build = 0, compact = 0, parsing_threads = 8, concurrency = 1, pipeline_batches = 1, wkb_parser_memory_quota = 0.80, relate_engine_memory_quota = 0.80
[LIBGPUSPATIAL] [ 52920][11:00:45:864603][info  ] RTSpatialRefiner 0x74c8db5a7550 (Free 22005 MB), Profiling Results. PushBuild: 48.48 ms, FinishBuilding: 0.01 ms
[LIBGPUSPATIAL] [ 52920][11:00:45:864634][info  ] RTSpatialRefiner 0x74c8db5a7550 (Free 22005 MB), FinishBuilding Refiner, Total geoms: 3057046
[LIBGPUSPATIAL] [ 52920][11:00:45:864649][info  ] RTSpatialIndex 0x74c8d908e130 (Free 22005 MB), PushBuild, Rectangles 3057046
[LIBGPUSPATIAL] [ 52920][11:00:45:870148][info  ] RTSpatialIndex 0x74c8d908e130 (Free 22005 MB), FinishBuilding Index on Points, Total geoms: 3057046
[LIBGPUSPATIAL] [ 52920][11:00:45:870175][info  ] RTSpatialIndex 0x74c8d908e130 (Free 22005 MB), Profiling Results. PushBuild: 3.78 ms, FinishBuilding: 1.73 ms
[LIBGPUSPATIAL] [ 52915][11:00:45:954193][info  ] RTSpatialIndex 0x74c8d908e130 (Free 22005 MB), Allocate result buffer, memory consumption 2 MB, capacity 316027
[LIBGPUSPATIAL] [ 52915][11:00:45:954920][info  ] RTSpatialIndex 0x74c8d908e130 (Free 22005 MB), Probe Rectangles, Size: 13740, Results: 316027
[LIBGPUSPATIAL] [ 52915][11:00:45:954949][info  ] RTSpatialIndex 0x74c8d908e130 (Free 22005 MB), Profiling Results. Alloc: 0.10 ms, Prepare: 0.48 ms, RT: 0.35 ms, Copy res: 0.53 ms
[LIBGPUSPATIAL] [ 52915][11:00:45:970830][info  ] RTSpatialRefiner 0x74c8db5a7550 (Free 22005 MB), Loaded Geometries, ProbeArray 13740, Loaded 2649, Type MultiPolygon
[LIBGPUSPATIAL] [ 52915][11:00:45:970944][info  ] RTSpatialRefiner 0x74c8db5a7550 (Free 22005 MB), Evaluating 316027 Geometry Pairs with Predicate Within
[LIBGPUSPATIAL] [ 52915][11:00:45:975967][info  ] RTSpatialRefiner 0x74c8db5a7550 (Free 22005 MB), Profiling Results. Parse: 14.60 ms, Refine: 4.80 ms, Copy Results: 0.28 ms
[LIBGPUSPATIAL] [ 52915][11:00:46:066034][info  ] RTSpatialIndex 0x74c8d908e130 (Free 22005 MB), Allocate result buffer, memory consumption 5 MB, capacity 778123
[LIBGPUSPATIAL] [ 52915][11:00:46:067327][info  ] RTSpatialIndex 0x74c8d908e130 (Free 22005 MB), Probe Rectangles, Size: 12276, Results: 778123
[LIBGPUSPATIAL] [ 52915][11:00:46:067357][info  ] RTSpatialIndex 0x74c8d908e130 (Free 22005 MB), Profiling Results. Alloc: 0.10 ms, Prepare: 0.46 ms, RT: 0.36 ms, Copy res: 1.08 ms
[LIBGPUSPATIAL] [ 52915][11:00:46:081159][info  ] RTSpatialRefiner 0x74c8db5a7550 (Free 22005 MB), Loaded Geometries, ProbeArray 12276, Loaded 2387, Type MultiPolygon
[LIBGPUSPATIAL] [ 52915][11:00:46:081396][info  ] RTSpatialRefiner 0x74c8db5a7550 (Free 22005 MB), Evaluating 778123 Geometry Pairs with Predicate Within
[LIBGPUSPATIAL] [ 52915][11:00:46:086487][info  ] RTSpatialRefiner 0x74c8db5a7550 (Free 22005 MB), Profiling Results. Parse: 12.05 ms, Refine: 4.86 ms, Copy Results: 0.42 ms
[LIBGPUSPATIAL] [ 52915][11:00:46:217925][info  ] RTSpatialIndex 0x74c8d908e130 (Free 22005 MB), Allocate result buffer, memory consumption 4 MB, capacity 540498
[LIBGPUSPATIAL] [ 52915][11:00:46:218940][info  ] RTSpatialIndex 0x74c8d908e130 (Free 22005 MB), Probe Rectangles, Size: 13740, Results: 540498
[LIBGPUSPATIAL] [ 52915][11:00:46:218991][info  ] RTSpatialIndex 0x74c8d908e130 (Free 22005 MB), Profiling Results. Alloc: 0.10 ms, Prepare: 0.47 ms, RT: 0.37 ms, Copy res: 0.79 ms
[LIBGPUSPATIAL] [ 52915][11:00:46:234929][info  ] RTSpatialRefiner 0x74c8db5a7550 (Free 22005 MB), Loaded Geometries, ProbeArray 13740, Loaded 2730, Type MultiPolygon
[LIBGPUSPATIAL] [ 52915][11:00:46:235125][info  ] RTSpatialRefiner 0x74c8db5a7550 (Free 22005 MB), Evaluating 540498 Geometry Pairs with Predicate Within
[LIBGPUSPATIAL] [ 52915][11:00:46:242556][info  ] RTSpatialRefiner 0x74c8db5a7550 (Free 22005 MB), Profiling Results. Parse: 15.48 ms, Refine: 7.22 ms, Copy Results: 0.37 ms
[LIBGPUSPATIAL] [ 52915][11:00:46:337671][info  ] RTSpatialIndex 0x74c8d908e130 (Free 22005 MB), Allocate result buffer, memory consumption 3 MB, capacity 451060
[LIBGPUSPATIAL] [ 52915][11:00:46:338555][info  ] RTSpatialIndex 0x74c8d908e130 (Free 22005 MB), Probe Rectangles, Size: 12276, Results: 451060
[LIBGPUSPATIAL] [ 52915][11:00:46:338585][info  ] RTSpatialIndex 0x74c8d908e130 (Free 22005 MB), Profiling Results. Alloc: 0.10 ms, Prepare: 0.47 ms, RT: 0.36 ms, Copy res: 0.68 ms
[LIBGPUSPATIAL] [ 52915][11:00:46:353044][info  ] RTSpatialRefiner 0x74c8db5a7550 (Free 22005 MB), Loaded Geometries, ProbeArray 12276, Loaded 2483, Type MultiPolygon
[LIBGPUSPATIAL] [ 52915][11:00:46:353182][info  ] RTSpatialRefiner 0x74c8db5a7550 (Free 22005 MB), Evaluating 451060 Geometry Pairs with Predicate Within
[LIBGPUSPATIAL] [ 52915][11:00:46:360011][info  ] RTSpatialRefiner 0x74c8db5a7550 (Free 22005 MB), Profiling Results. Parse: 13.36 ms, Refine: 6.61 ms, Copy Results: 0.32 ms
[LIBGPUSPATIAL] [ 52915][11:00:46:455126][info  ] RTSpatialIndex 0x74c8d908e130 (Free 22005 MB), Allocate result buffer, memory consumption 3 MB, capacity 514833
[LIBGPUSPATIAL] [ 52915][11:00:46:456081][info  ] RTSpatialIndex 0x74c8d908e130 (Free 22005 MB), Probe Rectangles, Size: 13740, Results: 514833
[LIBGPUSPATIAL] [ 52915][11:00:46:456109][info  ] RTSpatialIndex 0x74c8d908e130 (Free 22005 MB), Profiling Results. Alloc: 0.09 ms, Prepare: 0.48 ms, RT: 0.34 ms, Copy res: 0.76 ms
[LIBGPUSPATIAL] [ 52915][11:00:46:473887][info  ] RTSpatialRefiner 0x74c8db5a7550 (Free 22005 MB), Loaded Geometries, ProbeArray 13740, Loaded 2780, Type MultiPolygon
[LIBGPUSPATIAL] [ 52915][11:00:46:474050][info  ] RTSpatialRefiner 0x74c8db5a7550 (Free 22005 MB), Evaluating 514833 Geometry Pairs with Predicate Within
[LIBGPUSPATIAL] [ 52915][11:00:46:479367][info  ] RTSpatialRefiner 0x74c8db5a7550 (Free 22005 MB), Profiling Results. Parse: 17.36 ms, Refine: 5.04 ms, Copy Results: 0.40 ms
[LIBGPUSPATIAL] [ 52915][11:00:46:579638][info  ] RTSpatialIndex 0x74c8d908e130 (Free 22005 MB), Allocate result buffer, memory consumption 9 MB, capacity 1206528
[LIBGPUSPATIAL] [ 52915][11:00:46:581443][info  ] RTSpatialIndex 0x74c8d908e130 (Free 22005 MB), Probe Rectangles, Size: 12276, Results: 1206528
[LIBGPUSPATIAL] [ 52915][11:00:46:581474][info  ] RTSpatialIndex 0x74c8d908e130 (Free 22005 MB), Profiling Results. Alloc: 0.10 ms, Prepare: 0.48 ms, RT: 0.40 ms, Copy res: 1.57 ms
[LIBGPUSPATIAL] [ 52915][11:00:46:596315][info  ] RTSpatialRefiner 0x74c8db5a7550 (Free 22005 MB), Loaded Geometries, ProbeArray 12276, Loaded 2363, Type MultiPolygon
[LIBGPUSPATIAL] [ 52915][11:00:46:596697][info  ] RTSpatialRefiner 0x74c8db5a7550 (Free 22005 MB), Evaluating 1206528 Geometry Pairs with Predicate Within
[LIBGPUSPATIAL] [ 52915][11:00:46:621124][info  ] RTSpatialRefiner 0x74c8db5a7550 (Free 22005 MB), Profiling Results. Parse: 13.95 ms, Refine: 24.33 ms, Copy Results: 0.44 ms
[LIBGPUSPATIAL] [ 52915][11:00:46:742950][info  ] RTSpatialIndex 0x74c8d908e130 (Free 22005 MB), Allocate result buffer, memory consumption 4 MB, capacity 637036
[LIBGPUSPATIAL] [ 52915][11:00:46:744072][info  ] RTSpatialIndex 0x74c8d908e130 (Free 22005 MB), Probe Rectangles, Size: 13740, Results: 637036
[LIBGPUSPATIAL] [ 52915][11:00:46:744100][info  ] RTSpatialIndex 0x74c8d908e130 (Free 22005 MB), Profiling Results. Alloc: 0.11 ms, Prepare: 0.47 ms, RT: 0.36 ms, Copy res: 0.90 ms
[LIBGPUSPATIAL] [ 52915][11:00:46:758630][info  ] RTSpatialRefiner 0x74c8db5a7550 (Free 22005 MB), Loaded Geometries, ProbeArray 13740, Loaded 2718, Type MultiPolygon
[LIBGPUSPATIAL] [ 52915][11:00:46:758834][info  ] RTSpatialRefiner 0x74c8db5a7550 (Free 22005 MB), Evaluating 637036 Geometry Pairs with Predicate Within
[LIBGPUSPATIAL] [ 52915][11:00:46:763596][info  ] RTSpatialRefiner 0x74c8db5a7550 (Free 22005 MB), Profiling Results. Parse: 13.96 ms, Refine: 4.48 ms, Copy Results: 0.44 ms
[LIBGPUSPATIAL] [ 52915][11:00:46:879357][info  ] RTSpatialIndex 0x74c8d908e130 (Free 22005 MB), Allocate result buffer, memory consumption 2 MB, capacity 270825
[LIBGPUSPATIAL] [ 52915][11:00:46:880054][info  ] RTSpatialIndex 0x74c8d908e130 (Free 22005 MB), Probe Rectangles, Size: 12276, Results: 270825
[LIBGPUSPATIAL] [ 52915][11:00:46:880083][info  ] RTSpatialIndex 0x74c8d908e130 (Free 22005 MB), Profiling Results. Alloc: 0.09 ms, Prepare: 0.46 ms, RT: 0.34 ms, Copy res: 0.50 ms
[LIBGPUSPATIAL] [ 52915][11:00:46:894207][info  ] RTSpatialRefiner 0x74c8db5a7550 (Free 22005 MB), Loaded Geometries, ProbeArray 12276, Loaded 2464, Type MultiPolygon
[LIBGPUSPATIAL] [ 52915][11:00:46:894304][info  ] RTSpatialRefiner 0x74c8db5a7550 (Free 22005 MB), Evaluating 270825 Geometry Pairs with Predicate Within
[LIBGPUSPATIAL] [ 52915][11:00:46:899838][info  ] RTSpatialRefiner 0x74c8db5a7550 (Free 22005 MB), Profiling Results. Parse: 13.50 ms, Refine: 5.39 ms, Copy Results: 0.20 ms
[LIBGPUSPATIAL] [ 52915][11:00:46:981766][info  ] RTSpatialIndex 0x74c8d908e130 (Free 22005 MB), Allocate result buffer, memory consumption 2 MB, capacity 390657
[LIBGPUSPATIAL] [ 52915][11:00:46:982576][info  ] RTSpatialIndex 0x74c8d908e130 (Free 22005 MB), Probe Rectangles, Size: 13740, Results: 390657
[LIBGPUSPATIAL] [ 52915][11:00:46:982605][info  ] RTSpatialIndex 0x74c8d908e130 (Free 22005 MB), Profiling Results. Alloc: 0.10 ms, Prepare: 0.46 ms, RT: 0.35 ms, Copy res: 0.60 ms
[LIBGPUSPATIAL] [ 52915][11:00:46:998937][info  ] RTSpatialRefiner 0x74c8db5a7550 (Free 22005 MB), Loaded Geometries, ProbeArray 13740, Loaded 2726, Type MultiPolygon
[LIBGPUSPATIAL] [ 52915][11:00:46:999077][info  ] RTSpatialRefiner 0x74c8db5a7550 (Free 22005 MB), Evaluating 390657 Geometry Pairs with Predicate Within
[LIBGPUSPATIAL] [ 52915][11:00:47:004637][info  ] RTSpatialRefiner 0x74c8db5a7550 (Free 22005 MB), Profiling Results. Parse: 14.97 ms, Refine: 5.41 ms, Copy Results: 0.25 ms
[LIBGPUSPATIAL] [ 52915][11:00:47:086996][info  ] RTSpatialIndex 0x74c8d908e130 (Free 22005 MB), Allocate result buffer, memory consumption 2 MB, capacity 319896
[LIBGPUSPATIAL] [ 52915][11:00:47:087730][info  ] RTSpatialIndex 0x74c8d908e130 (Free 22005 MB), Probe Rectangles, Size: 12276, Results: 319896
[LIBGPUSPATIAL] [ 52915][11:00:47:087759][info  ] RTSpatialIndex 0x74c8d908e130 (Free 22005 MB), Profiling Results. Alloc: 0.12 ms, Prepare: 0.47 ms, RT: 0.34 ms, Copy res: 0.53 ms
[LIBGPUSPATIAL] [ 52915][11:00:47:101375][info  ] RTSpatialRefiner 0x74c8db5a7550 (Free 22005 MB), Loaded Geometries, ProbeArray 12276, Loaded 2414, Type MultiPolygon
[LIBGPUSPATIAL] [ 52915][11:00:47:101496][info  ] RTSpatialRefiner 0x74c8db5a7550 (Free 22005 MB), Evaluating 319896 Geometry Pairs with Predicate Within
[LIBGPUSPATIAL] [ 52915][11:00:47:105198][info  ] RTSpatialRefiner 0x74c8db5a7550 (Free 22005 MB), Profiling Results. Parse: 13.30 ms, Refine: 3.54 ms, Copy Results: 0.25 ms
[LIBGPUSPATIAL] [ 52915][11:00:47:198358][info  ] RTSpatialIndex 0x74c8d908e130 (Free 22005 MB), Allocate result buffer, memory consumption 5 MB, capacity 662983
[LIBGPUSPATIAL] [ 52915][11:00:47:199503][info  ] RTSpatialIndex 0x74c8d908e130 (Free 22005 MB), Probe Rectangles, Size: 13740, Results: 662983
[LIBGPUSPATIAL] [ 52915][11:00:47:199533][info  ] RTSpatialIndex 0x74c8d908e130 (Free 22005 MB), Profiling Results. Alloc: 0.10 ms, Prepare: 0.46 ms, RT: 0.38 ms, Copy res: 0.93 ms
[LIBGPUSPATIAL] [ 52915][11:00:47:215943][info  ] RTSpatialRefiner 0x74c8db5a7550 (Free 22005 MB), Loaded Geometries, ProbeArray 13740, Loaded 2740, Type MultiPolygon
[LIBGPUSPATIAL] [ 52915][11:00:47:216170][info  ] RTSpatialRefiner 0x74c8db5a7550 (Free 22005 MB), Evaluating 662983 Geometry Pairs with Predicate Within
[LIBGPUSPATIAL] [ 52915][11:00:47:221767][info  ] RTSpatialRefiner 0x74c8db5a7550 (Free 22005 MB), Profiling Results. Parse: 15.86 ms, Refine: 5.45 ms, Copy Results: 0.32 ms
[LIBGPUSPATIAL] [ 52915][11:00:47:306616][info  ] RTSpatialIndex 0x74c8d908e130 (Free 22005 MB), Allocate result buffer, memory consumption 2 MB, capacity 295844
[LIBGPUSPATIAL] [ 52915][11:00:47:307347][info  ] RTSpatialIndex 0x74c8d908e130 (Free 22005 MB), Probe Rectangles, Size: 12275, Results: 295844
[LIBGPUSPATIAL] [ 52915][11:00:47:307376][info  ] RTSpatialIndex 0x74c8d908e130 (Free 22005 MB), Profiling Results. Alloc: 0.11 ms, Prepare: 0.47 ms, RT: 0.35 ms, Copy res: 0.51 ms
[LIBGPUSPATIAL] [ 52915][11:00:47:320812][info  ] RTSpatialRefiner 0x74c8db5a7550 (Free 22005 MB), Loaded Geometries, ProbeArray 12275, Loaded 2394, Type MultiPolygon
[LIBGPUSPATIAL] [ 52915][11:00:47:320913][info  ] RTSpatialRefiner 0x74c8db5a7550 (Free 22005 MB), Evaluating 295844 Geometry Pairs with Predicate Within
[LIBGPUSPATIAL] [ 52915][11:00:47:324471][info  ] RTSpatialRefiner 0x74c8db5a7550 (Free 22005 MB), Profiling Results. Parse: 12.36 ms, Refine: 3.38 ms, Copy Results: 0.24 ms
Run # 5
┌───────────────────┬──────────────────────────────────────────────────────────────────────────────┐
│     plan_type     ┆                                     plan                                     │
│        utf8       ┆                                     utf8                                     │
╞═══════════════════╪══════════════════════════════════════════════════════════════════════════════╡
│ Plan with Metrics ┆ ProjectionExec: expr=[count(Int64(1))@0 as cross_zone_trip_count], metrics=[ │
│                   ┆ output_rows=1, elapsed_compute=1.591µs, output_bytes=8.0 B]                  │
│                   ┆   AggregateExec: mode=Single, gby=[], aggr=[count(Int64(1))], metrics=[outpu │
│                   ┆ t_rows=1, elapsed_compute=140.216µs, output_bytes=8.0 B]                     │
│                   ┆     ProjectionExec: expr=[], metrics=[output_rows=176391, elapsed_compute=14 │
│                   ┆ .333µs, output_bytes=0.0 B]                                                  │
│                   ┆       SpatialJoinExec: join_type=Inner, on=ST_within(dropoff_geom@0, geom@1) │
│                   ┆ , filter=z_zonekey@0 != z_zonekey@1, metrics=[output_rows=176391, spill_coun │
│                   ┆ t=0, spilled_bytes=0.0 B, spilled_rows=0, build_input_batches=22, build_inpu │
│                   ┆ t_rows=3057046, join_result_candidates=6384310, join_result_count=3062667, o │
│                   ┆ utput_batches=24, probe_input_batches=12, probe_input_rows=156095, build_inp │
│                   ┆ ut_total_size_bytes=483013444, build_mem_used=483013444, execution_mode=1, r │
│                   ┆ efiner_mem_used=0, build_input_collection_time=411.689526ms, build_time=99.6 │
│                   ┆ 41187ms, join_time=939.47913ms, partition_probe_time=1ns]                    │
│                   ┆         SpatialJoinExec: join_type=Inner, on=ST_within(pickup_geom@0, geom@1 │
│                   ┆ ), projection=[dropoff_geom@1, z_zonekey@2], metrics=[output_rows=3057046, s │
│                   ┆ pill_count=0, spilled_bytes=0.0 B, spilled_rows=0, build_input_batches=4, bu │
│                   ┆ ild_input_rows=6000000, join_result_candidates=7297793, join_result_count=30 │
│                   ┆ 57046, output_batches=22, probe_input_batches=12, probe_input_rows=156095, b │
│                   ┆ uild_input_total_size_bytes=1122000032, build_mem_used=1122000032, execution │
│                   ┆ _mode=1, refiner_mem_used=0, build_input_collection_time=672.376394ms, build │
│                   ┆ _time=191.490835ms, join_time=1.224039585s, partition_probe_time=1ns]        │
│                   ┆           ProjectionExec: expr=[st_geomfromwkb(t_pickuploc@0) as pickup_geom │
│                   ┆ , st_geomfromwkb(t_dropoffloc@1) as dropoff_geom], metrics=[output_rows=6000 │
│                   ┆ 000, elapsed_compute=223.526572ms, output_bytes=542.1 MB]                    │
│                   ┆             DataSourceExec: file_groups={1 group: [[mnt/data/sedona-spatialb │
│                   ┆ ench/paper/benchmark-data-sf1/trip/trip.1.parquet:0..182361649, mnt/data/sed │
│                   ┆ ona-spatialbench/paper/benchmark-data-sf1/trip/trip.2.parquet:0..182311531]] │
│                   ┆ }, projection=[t_pickuploc, t_dropoffloc], file_type=parquet, metrics=[outpu │
│                   ┆ t_rows=6000000, elapsed_compute=1ns, output_bytes=542.1 MB, files_ranges_pru │
│                   ┆ ned_statistics=2 total → 2 matched, row_groups_pruned_statistics=4 total → 4 │
│                   ┆  matched, row_groups_pruned_bloom_filter=4 total → 4 matched, page_index_row │
│                   ┆ s_pruned=0 total → 0 matched, batches_split=0, bytes_scanned=209738293, file │
│                   ┆ _open_errors=0, file_scan_errors=0, num_predicate_creation_errors=0, predica │
│                   ┆ te_cache_inner_records=0, predicate_cache_records=0, predicate_evaluation_er │
│                   ┆ rors=0, pushdown_rows_matched=0, pushdown_rows_pruned=0, bloom_filter_eval_t │
│                   ┆ ime=4ns, metadata_load_time=380.187µs, page_index_eval_time=4ns, row_pushdow │
│                   ┆ n_eval_time=4ns, statistics_eval_time=4ns, time_elapsed_opening=240.589µs, t │
│                   ┆ ime_elapsed_processing=244.997855ms, time_elapsed_scanning_total=1.169251245 │
│                   ┆ s, time_elapsed_scanning_until_data=116.730599ms]                            │
│                   ┆           ProjectionExec: expr=[z_zonekey@0 as z_zonekey, st_geomfromwkb(z_b │
│                   ┆ oundary@1) as geom], metrics=[output_rows=156095, elapsed_compute=31.313956m │
│                   ┆ s, output_bytes=1338.5 MB]                                                   │
│                   ┆             DataSourceExec: file_groups={1 group: [[mnt/data/sedona-spatialb │
│                   ┆ ench/paper/benchmark-data-sf1/zone/zone.1.parquet, mnt/data/sedona-spatialbe │
│                   ┆ nch/paper/benchmark-data-sf1/zone/zone.2.parquet, mnt/data/sedona-spatialben │
│                   ┆ ch/paper/benchmark-data-sf1/zone/zone.3.parquet, mnt/data/sedona-spatialbenc │
│                   ┆ h/paper/benchmark-data-sf1/zone/zone.4.parquet, mnt/data/sedona-spatialbench │
│                   ┆ /paper/benchmark-data-sf1/zone/zone.5.parquet, ...]]}, projection=[z_zonekey │
│                   ┆ , z_boundary], file_type=parquet, metrics=[output_rows=156095, elapsed_compu │
│                   ┆ te=1ns, output_bytes=1338.5 MB, files_ranges_pruned_statistics=6 total → 6 m │
│                   ┆ atched, row_groups_pruned_statistics=12 total → 12 matched, row_groups_prune │
│                   ┆ d_bloom_filter=12 total → 12 matched, page_index_rows_pruned=0 total → 0 mat │
│                   ┆ ched, batches_split=0, bytes_scanned=1384587770, file_open_errors=0, file_sc │
│                   ┆ an_errors=0, num_predicate_creation_errors=0, predicate_cache_inner_records= │
│                   ┆ 0, predicate_cache_records=0, predicate_evaluation_errors=0, pushdown_rows_m │
│                   ┆ atched=0, pushdown_rows_pruned=0, bloom_filter_eval_time=12ns, metadata_load │
│                   ┆ _time=2.160568ms, page_index_eval_time=12ns, row_pushdown_eval_time=12ns, st │
│                   ┆ atistics_eval_time=12ns, time_elapsed_opening=329.532µs, time_elapsed_proces │
│                   ┆ sing=498.336721ms, time_elapsed_scanning_total=2.382009766s, time_elapsed_sc │
│                   ┆ anning_until_data=389.518186ms]                                              │
│                   ┆         ProjectionExec: expr=[z_zonekey@0 as z_zonekey, st_geomfromwkb(z_bou │
│                   ┆ ndary@1) as geom], metrics=[output_rows=156095, elapsed_compute=27.377002ms, │
│                   ┆  output_bytes=1338.5 MB]                                                     │
│                   ┆           DataSourceExec: file_groups={1 group: [[mnt/data/sedona-spatialben │
│                   ┆ ch/paper/benchmark-data-sf1/zone/zone.1.parquet, mnt/data/sedona-spatialbenc │
│                   ┆ h/paper/benchmark-data-sf1/zone/zone.2.parquet, mnt/data/sedona-spatialbench │
│                   ┆ /paper/benchmark-data-sf1/zone/zone.3.parquet, mnt/data/sedona-spatialbench/ │
│                   ┆ paper/benchmark-data-sf1/zone/zone.4.parquet, mnt/data/sedona-spatialbench/p │
│                   ┆ aper/benchmark-data-sf1/zone/zone.5.parquet, ...]]}, projection=[z_zonekey,  │
│                   ┆ z_boundary], file_type=parquet, metrics=[output_rows=156095, elapsed_compute │
│                   ┆ =1ns, output_bytes=1338.5 MB, files_ranges_pruned_statistics=6 total → 6 mat │
│                   ┆ ched, row_groups_pruned_statistics=12 total → 12 matched, row_groups_pruned_ │
│                   ┆ bloom_filter=12 total → 12 matched, page_index_rows_pruned=0 total → 0 match │
│                   ┆ ed, batches_split=0, bytes_scanned=1384587770, file_open_errors=0, file_scan │
│                   ┆ _errors=0, num_predicate_creation_errors=0, predicate_cache_inner_records=0, │
│                   ┆  predicate_cache_records=0, predicate_evaluation_errors=0, pushdown_rows_mat │
│                   ┆ ched=0, pushdown_rows_pruned=0, bloom_filter_eval_time=12ns, metadata_load_t │
│                   ┆ ime=1.545204ms, page_index_eval_time=12ns, row_pushdown_eval_time=12ns, stat │
│                   ┆ istics_eval_time=12ns, time_elapsed_opening=322.804µs, time_elapsed_processi │
│                   ┆ ng=293.163026ms, time_elapsed_scanning_total=1.476174854s, time_elapsed_scan │
│                   ┆ ning_until_data=281.007948ms]                                                │
│                   ┆                                                                              │
└───────────────────┴──────────────────────────────────────────────────────────────────────────────┘
Avg execution time (GPU mode): 5.235s
