Data paths:
  building: benchmark-data-sf10/building
  customer: benchmark-data-sf10/customer
  driver: benchmark-data-sf10/driver
  trip: benchmark-data-sf10/trip
  vehicle: benchmark-data-sf10/vehicle
  zone: benchmark-data-sf10/zone

============================================================
Running Sedonadb Gpu Benchmark
============================================================
Sedonadb Gpu version: 0.3.0
  Running q6... [LIBGPUSPATIAL] [ 16455][19:55:23:286181][info  ] Initializing GpuSpatialRuntime on device 0, PTX root /mnt/data/sedona-db/target/release/build/sedona-libgpuspatial-49614f8a870dbe66/out/share/gpuspatial/shaders
[LIBGPUSPATIAL] [ 16455][19:55:23:461805][info  ] Init Memory Manager
[LIBGPUSPATIAL] [ 16455][19:55:23:461980][info  ] Creating RMM pool memory resource with size 22511 MB
[LIBGPUSPATIAL] [ 16455][19:55:23:504288][info  ] Initialize RTEngine
[LIBGPUSPATIAL] [ 16455][19:55:23:623907][info  ] Create RTSpatialIndex 0x1b08bef0, fast_build = 0, compact = 0, concurrency = 1
[LIBGPUSPATIAL] [ 16455][19:55:23:626619][info  ] Create RTSpatialRefiner 0x177ea3e0, fast_build = 0, compact = 0, parsing_threads = 8, concurrency = 1, pipeline_batches = 1, wkb_parser_memory_quota = 0.80, relate_engine_memory_quota = 0.80
[LIBGPUSPATIAL] [ 16455][19:55:23:633164][info  ] RTSpatialRefiner 0x177ea3e0 (Free 22005 MB), Profiling Results. PushBuild: 2.08 ms, FinishBuilding: 4.39 ms
[LIBGPUSPATIAL] [ 16455][19:55:23:633190][info  ] RTSpatialRefiner 0x177ea3e0 (Free 22005 MB), FinishBuilding Refiner, Total geoms: 18
[LIBGPUSPATIAL] [ 16455][19:55:23:633204][info  ] RTSpatialIndex 0x1b08bef0 (Free 22005 MB), PushBuild, Rectangles 18
[LIBGPUSPATIAL] [ 16455][19:55:23:633519][info  ] RTSpatialIndex 0x1b08bef0 (Free 22005 MB), FinishBuilding Index on Rectangles, Total geoms: 18
[LIBGPUSPATIAL] [ 16455][19:55:23:633544][info  ] RTSpatialIndex 0x1b08bef0 (Free 22005 MB), Profiling Results. PushBuild: 0.01 ms, FinishBuilding: 0.31 ms
[LIBGPUSPATIAL] [ 16455][19:55:23:660803][info  ] RTSpatialIndex 0x1b08bef0 (Free 22005 MB), Allocate result buffer, memory consumption 0 MB, capacity 25
[LIBGPUSPATIAL] [ 16455][19:55:23:660946][info  ] RTSpatialIndex 0x1b08bef0 (Free 22005 MB), Probe Points, Size: 100000, Results: 25
[LIBGPUSPATIAL] [ 16455][19:55:23:660977][info  ] RTSpatialIndex 0x1b08bef0 (Free 22005 MB), Profiling Results. Alloc: 0.07 ms, Prepare: 0.33 ms, RT: 4.46 ms, Copy res: 0.05 ms
[LIBGPUSPATIAL] [ 16455][19:55:23:661433][info  ] RTSpatialRefiner 0x177ea3e0 (Free 22005 MB), Loaded Geometries, ProbeArray 100000, Loaded 18, Type Point
[LIBGPUSPATIAL] [ 16455][19:55:23:661460][info  ] RTSpatialRefiner 0x177ea3e0 (Free 22005 MB), Evaluating 25 Geometry Pairs with Predicate Contains
[LIBGPUSPATIAL] [ 16455][19:55:23:685025][info  ] RTSpatialRefiner 0x177ea3e0 (Free 22005 MB), Profiling Results. Parse: 0.40 ms, Refine: 23.46 ms, Copy Results: 0.09 ms
[LIBGPUSPATIAL] [ 16455][19:55:23:697022][info  ] RTSpatialIndex 0x1b08bef0 (Free 22005 MB), Allocate result buffer, memory consumption 0 MB, capacity 25
[LIBGPUSPATIAL] [ 16455][19:55:23:697167][info  ] RTSpatialIndex 0x1b08bef0 (Free 22005 MB), Probe Points, Size: 100000, Results: 25
[LIBGPUSPATIAL] [ 16455][19:55:23:697196][info  ] RTSpatialIndex 0x1b08bef0 (Free 22005 MB), Profiling Results. Alloc: 0.07 ms, Prepare: 0.24 ms, RT: 0.13 ms, Copy res: 0.05 ms
[LIBGPUSPATIAL] [ 16455][19:55:23:697499][info  ] RTSpatialRefiner 0x177ea3e0 (Free 22005 MB), Loaded Geometries, ProbeArray 100000, Loaded 21, Type Point
[LIBGPUSPATIAL] [ 16455][19:55:23:697526][info  ] RTSpatialRefiner 0x177ea3e0 (Free 22005 MB), Evaluating 25 Geometry Pairs with Predicate Contains
[LIBGPUSPATIAL] [ 16455][19:55:23:698104][info  ] RTSpatialRefiner 0x177ea3e0 (Free 22005 MB), Profiling Results. Parse: 0.26 ms, Refine: 0.53 ms, Copy Results: 0.04 ms
[LIBGPUSPATIAL] [ 16455][19:55:23:708526][info  ] RTSpatialIndex 0x1b08bef0 (Free 22005 MB), Allocate result buffer, memory consumption 0 MB, capacity 16
[LIBGPUSPATIAL] [ 16455][19:55:23:708655][info  ] RTSpatialIndex 0x1b08bef0 (Free 22005 MB), Probe Points, Size: 100000, Results: 16
[LIBGPUSPATIAL] [ 16455][19:55:23:708687][info  ] RTSpatialIndex 0x1b08bef0 (Free 22005 MB), Profiling Results. Alloc: 0.05 ms, Prepare: 0.23 ms, RT: 0.10 ms, Copy res: 0.05 ms
[LIBGPUSPATIAL] [ 16455][19:55:23:708966][info  ] RTSpatialRefiner 0x177ea3e0 (Free 22005 MB), Loaded Geometries, ProbeArray 100000, Loaded 13, Type Point
[LIBGPUSPATIAL] [ 16455][19:55:23:709001][info  ] RTSpatialRefiner 0x177ea3e0 (Free 22005 MB), Evaluating 16 Geometry Pairs with Predicate Contains
[LIBGPUSPATIAL] [ 16455][19:55:23:709565][info  ] RTSpatialRefiner 0x177ea3e0 (Free 22005 MB), Profiling Results. Parse: 0.23 ms, Refine: 0.53 ms, Copy Results: 0.04 ms
[LIBGPUSPATIAL] [ 16455][19:55:23:720446][info  ] RTSpatialIndex 0x1b08bef0 (Free 22005 MB), Allocate result buffer, memory consumption 0 MB, capacity 17
[LIBGPUSPATIAL] [ 16455][19:55:23:720586][info  ] RTSpatialIndex 0x1b08bef0 (Free 22005 MB), Probe Points, Size: 100000, Results: 17
[LIBGPUSPATIAL] [ 16455][19:55:23:720613][info  ] RTSpatialIndex 0x1b08bef0 (Free 22005 MB), Profiling Results. Alloc: 0.05 ms, Prepare: 0.23 ms, RT: 0.11 ms, Copy res: 0.04 ms
[LIBGPUSPATIAL] [ 16455][19:55:23:720884][info  ] RTSpatialRefiner 0x177ea3e0 (Free 22005 MB), Loaded Geometries, ProbeArray 100000, Loaded 13, Type Point
[LIBGPUSPATIAL] [ 16455][19:55:23:720910][info  ] RTSpatialRefiner 0x177ea3e0 (Free 22005 MB), Evaluating 17 Geometry Pairs with Predicate Contains
[LIBGPUSPATIAL] [ 16455][19:55:23:721510][info  ] RTSpatialRefiner 0x177ea3e0 (Free 22005 MB), Profiling Results. Parse: 0.23 ms, Refine: 0.55 ms, Copy Results: 0.04 ms
[LIBGPUSPATIAL] [ 16455][19:55:23:731487][info  ] RTSpatialIndex 0x1b08bef0 (Free 22005 MB), Allocate result buffer, memory consumption 0 MB, capacity 21
[LIBGPUSPATIAL] [ 16455][19:55:23:731625][info  ] RTSpatialIndex 0x1b08bef0 (Free 22005 MB), Probe Points, Size: 100000, Results: 21
[LIBGPUSPATIAL] [ 16455][19:55:23:731652][info  ] RTSpatialIndex 0x1b08bef0 (Free 22005 MB), Profiling Results. Alloc: 0.05 ms, Prepare: 0.22 ms, RT: 0.11 ms, Copy res: 0.05 ms
[LIBGPUSPATIAL] [ 16455][19:55:23:731931][info  ] RTSpatialRefiner 0x177ea3e0 (Free 22005 MB), Loaded Geometries, ProbeArray 100000, Loaded 16, Type Point
[LIBGPUSPATIAL] [ 16455][19:55:23:731960][info  ] RTSpatialRefiner 0x177ea3e0 (Free 22005 MB), Evaluating 21 Geometry Pairs with Predicate Contains
[LIBGPUSPATIAL] [ 16455][19:55:23:732520][info  ] RTSpatialRefiner 0x177ea3e0 (Free 22005 MB), Profiling Results. Parse: 0.23 ms, Refine: 0.52 ms, Copy Results: 0.04 ms
[LIBGPUSPATIAL] [ 16455][19:55:23:742918][info  ] RTSpatialIndex 0x1b08bef0 (Free 22005 MB), Allocate result buffer, memory consumption 0 MB, capacity 31
[LIBGPUSPATIAL] [ 16455][19:55:23:743053][info  ] RTSpatialIndex 0x1b08bef0 (Free 22005 MB), Probe Points, Size: 100000, Results: 31
[LIBGPUSPATIAL] [ 16455][19:55:23:743079][info  ] RTSpatialIndex 0x1b08bef0 (Free 22005 MB), Profiling Results. Alloc: 0.05 ms, Prepare: 0.22 ms, RT: 0.11 ms, Copy res: 0.05 ms
[LIBGPUSPATIAL] [ 16455][19:55:23:743332][info  ] RTSpatialRefiner 0x177ea3e0 (Free 22005 MB), Loaded Geometries, ProbeArray 100000, Loaded 23, Type Point
[LIBGPUSPATIAL] [ 16455][19:55:23:743360][info  ] RTSpatialRefiner 0x177ea3e0 (Free 22005 MB), Evaluating 31 Geometry Pairs with Predicate Contains
[LIBGPUSPATIAL] [ 16455][19:55:23:743945][info  ] RTSpatialRefiner 0x177ea3e0 (Free 22005 MB), Profiling Results. Parse: 0.21 ms, Refine: 0.54 ms, Copy Results: 0.04 ms
[LIBGPUSPATIAL] [ 16455][19:55:23:754086][info  ] RTSpatialIndex 0x1b08bef0 (Free 22005 MB), Allocate result buffer, memory consumption 0 MB, capacity 19
[LIBGPUSPATIAL] [ 16455][19:55:23:754204][info  ] RTSpatialIndex 0x1b08bef0 (Free 22005 MB), Probe Points, Size: 100000, Results: 19
[LIBGPUSPATIAL] [ 16455][19:55:23:754228][info  ] RTSpatialIndex 0x1b08bef0 (Free 22005 MB), Profiling Results. Alloc: 0.04 ms, Prepare: 0.23 ms, RT: 0.09 ms, Copy res: 0.05 ms
[LIBGPUSPATIAL] [ 16455][19:55:23:754456][info  ] RTSpatialRefiner 0x177ea3e0 (Free 22005 MB), Loaded Geometries, ProbeArray 100000, Loaded 16, Type Point
[LIBGPUSPATIAL] [ 16455][19:55:23:754482][info  ] RTSpatialRefiner 0x177ea3e0 (Free 22005 MB), Evaluating 19 Geometry Pairs with Predicate Contains
[LIBGPUSPATIAL] [ 16455][19:55:23:755037][info  ] RTSpatialRefiner 0x177ea3e0 (Free 22005 MB), Profiling Results. Parse: 0.19 ms, Refine: 0.51 ms, Copy Results: 0.04 ms
[LIBGPUSPATIAL] [ 16455][19:55:23:765328][info  ] RTSpatialIndex 0x1b08bef0 (Free 22005 MB), Allocate result buffer, memory consumption 0 MB, capacity 17
[LIBGPUSPATIAL] [ 16455][19:55:23:765452][info  ] RTSpatialIndex 0x1b08bef0 (Free 22005 MB), Probe Points, Size: 100000, Results: 17
[LIBGPUSPATIAL] [ 16455][19:55:23:765476][info  ] RTSpatialIndex 0x1b08bef0 (Free 22005 MB), Profiling Results. Alloc: 0.05 ms, Prepare: 0.23 ms, RT: 0.09 ms, Copy res: 0.05 ms
[LIBGPUSPATIAL] [ 16455][19:55:23:765740][info  ] RTSpatialRefiner 0x177ea3e0 (Free 22005 MB), Loaded Geometries, ProbeArray 100000, Loaded 13, Type Point
[LIBGPUSPATIAL] [ 16455][19:55:23:765767][info  ] RTSpatialRefiner 0x177ea3e0 (Free 22005 MB), Evaluating 17 Geometry Pairs with Predicate Contains
[LIBGPUSPATIAL] [ 16455][19:55:23:766280][info  ] RTSpatialRefiner 0x177ea3e0 (Free 22005 MB), Profiling Results. Parse: 0.21 ms, Refine: 0.47 ms, Copy Results: 0.04 ms
[LIBGPUSPATIAL] [ 16455][19:55:23:776630][info  ] RTSpatialIndex 0x1b08bef0 (Free 22005 MB), Allocate result buffer, memory consumption 0 MB, capacity 23
[LIBGPUSPATIAL] [ 16455][19:55:23:776782][info  ] RTSpatialIndex 0x1b08bef0 (Free 22005 MB), Probe Points, Size: 100000, Results: 23
[LIBGPUSPATIAL] [ 16455][19:55:23:776809][info  ] RTSpatialIndex 0x1b08bef0 (Free 22005 MB), Profiling Results. Alloc: 0.05 ms, Prepare: 0.22 ms, RT: 0.11 ms, Copy res: 0.04 ms
[LIBGPUSPATIAL] [ 16455][19:55:23:777071][info  ] RTSpatialRefiner 0x177ea3e0 (Free 22005 MB), Loaded Geometries, ProbeArray 100000, Loaded 17, Type Point
[LIBGPUSPATIAL] [ 16455][19:55:23:777097][info  ] RTSpatialRefiner 0x177ea3e0 (Free 22005 MB), Evaluating 23 Geometry Pairs with Predicate Contains
[LIBGPUSPATIAL] [ 16455][19:55:23:777642][info  ] RTSpatialRefiner 0x177ea3e0 (Free 22005 MB), Profiling Results. Parse: 0.22 ms, Refine: 0.50 ms, Copy Results: 0.04 ms
[LIBGPUSPATIAL] [ 16455][19:55:23:787919][info  ] RTSpatialIndex 0x1b08bef0 (Free 22005 MB), Allocate result buffer, memory consumption 0 MB, capacity 28
[LIBGPUSPATIAL] [ 16455][19:55:23:788045][info  ] RTSpatialIndex 0x1b08bef0 (Free 22005 MB), Probe Points, Size: 100000, Results: 28
[LIBGPUSPATIAL] [ 16455][19:55:23:788071][info  ] RTSpatialIndex 0x1b08bef0 (Free 22005 MB), Profiling Results. Alloc: 0.05 ms, Prepare: 0.22 ms, RT: 0.11 ms, Copy res: 0.05 ms
[LIBGPUSPATIAL] [ 16455][19:55:23:788321][info  ] RTSpatialRefiner 0x177ea3e0 (Free 22005 MB), Loaded Geometries, ProbeArray 100000, Loaded 22, Type Point
[LIBGPUSPATIAL] [ 16455][19:55:23:788347][info  ] RTSpatialRefiner 0x177ea3e0 (Free 22005 MB), Evaluating 28 Geometry Pairs with Predicate Contains
[LIBGPUSPATIAL] [ 16455][19:55:23:788944][info  ] RTSpatialRefiner 0x177ea3e0 (Free 22005 MB), Profiling Results. Parse: 0.21 ms, Refine: 0.55 ms, Copy Results: 0.04 ms
[LIBGPUSPATIAL] [ 16455][19:55:23:799191][info  ] RTSpatialIndex 0x1b08bef0 (Free 22005 MB), Allocate result buffer, memory consumption 0 MB, capacity 34
[LIBGPUSPATIAL] [ 16455][19:55:23:799314][info  ] RTSpatialIndex 0x1b08bef0 (Free 22005 MB), Probe Points, Size: 100000, Results: 34
[LIBGPUSPATIAL] [ 16455][19:55:23:799337][info  ] RTSpatialIndex 0x1b08bef0 (Free 22005 MB), Profiling Results. Alloc: 0.04 ms, Prepare: 0.22 ms, RT: 0.10 ms, Copy res: 0.05 ms
[LIBGPUSPATIAL] [ 16455][19:55:23:799565][info  ] RTSpatialRefiner 0x177ea3e0 (Free 22005 MB), Loaded Geometries, ProbeArray 100000, Loaded 24, Type Point
[LIBGPUSPATIAL] [ 16455][19:55:23:799589][info  ] RTSpatialRefiner 0x177ea3e0 (Free 22005 MB), Evaluating 34 Geometry Pairs with Predicate Contains
[LIBGPUSPATIAL] [ 16455][19:55:23:800178][info  ] RTSpatialRefiner 0x177ea3e0 (Free 22005 MB), Profiling Results. Parse: 0.19 ms, Refine: 0.54 ms, Copy Results: 0.04 ms
[LIBGPUSPATIAL] [ 16455][19:55:23:810106][info  ] RTSpatialIndex 0x1b08bef0 (Free 22005 MB), Allocate result buffer, memory consumption 0 MB, capacity 17
[LIBGPUSPATIAL] [ 16455][19:55:23:810232][info  ] RTSpatialIndex 0x1b08bef0 (Free 22005 MB), Probe Points, Size: 100000, Results: 17
[LIBGPUSPATIAL] [ 16455][19:55:23:810256][info  ] RTSpatialIndex 0x1b08bef0 (Free 22005 MB), Profiling Results. Alloc: 0.04 ms, Prepare: 0.22 ms, RT: 0.11 ms, Copy res: 0.05 ms
[LIBGPUSPATIAL] [ 16455][19:55:23:810493][info  ] RTSpatialRefiner 0x177ea3e0 (Free 22005 MB), Loaded Geometries, ProbeArray 100000, Loaded 12, Type Point
[LIBGPUSPATIAL] [ 16455][19:55:23:810519][info  ] RTSpatialRefiner 0x177ea3e0 (Free 22005 MB), Evaluating 17 Geometry Pairs with Predicate Contains
[LIBGPUSPATIAL] [ 16455][19:55:23:811036][info  ] RTSpatialRefiner 0x177ea3e0 (Free 22005 MB), Profiling Results. Parse: 0.20 ms, Refine: 0.47 ms, Copy Results: 0.04 ms
[LIBGPUSPATIAL] [ 16455][19:55:23:821363][info  ] RTSpatialIndex 0x1b08bef0 (Free 22005 MB), Allocate result buffer, memory consumption 0 MB, capacity 17
[LIBGPUSPATIAL] [ 16455][19:55:23:821479][info  ] RTSpatialIndex 0x1b08bef0 (Free 22005 MB), Probe Points, Size: 100000, Results: 17
[LIBGPUSPATIAL] [ 16455][19:55:23:821501][info  ] RTSpatialIndex 0x1b08bef0 (Free 22005 MB), Profiling Results. Alloc: 0.05 ms, Prepare: 0.22 ms, RT: 0.09 ms, Copy res: 0.05 ms
[LIBGPUSPATIAL] [ 16455][19:55:23:821770][info  ] RTSpatialRefiner 0x177ea3e0 (Free 22005 MB), Loaded Geometries, ProbeArray 100000, Loaded 13, Type Point
[LIBGPUSPATIAL] [ 16455][19:55:23:821796][info  ] RTSpatialRefiner 0x177ea3e0 (Free 22005 MB), Evaluating 17 Geometry Pairs with Predicate Contains
[LIBGPUSPATIAL] [ 16455][19:55:23:822354][info  ] RTSpatialRefiner 0x177ea3e0 (Free 22005 MB), Profiling Results. Parse: 0.23 ms, Refine: 0.51 ms, Copy Results: 0.04 ms
[LIBGPUSPATIAL] [ 16455][19:55:23:825916][info  ] RTSpatialIndex 0x1b08bef0 (Free 22005 MB), Allocate result buffer, memory consumption 0 MB, capacity 9
[LIBGPUSPATIAL] [ 16455][19:55:23:826055][info  ] RTSpatialIndex 0x1b08bef0 (Free 22005 MB), Probe Points, Size: 33333, Results: 9
[LIBGPUSPATIAL] [ 16455][19:55:23:826080][info  ] RTSpatialIndex 0x1b08bef0 (Free 22005 MB), Profiling Results. Alloc: 0.04 ms, Prepare: 0.13 ms, RT: 0.11 ms, Copy res: 0.05 ms
[LIBGPUSPATIAL] [ 16455][19:55:23:826347][info  ] RTSpatialRefiner 0x177ea3e0 (Free 22005 MB), Loaded Geometries, ProbeArray 33333, Loaded 8, Type Point
[LIBGPUSPATIAL] [ 16455][19:55:23:826375][info  ] RTSpatialRefiner 0x177ea3e0 (Free 22005 MB), Evaluating 9 Geometry Pairs with Predicate Contains
[LIBGPUSPATIAL] [ 16455][19:55:23:826898][info  ] RTSpatialRefiner 0x177ea3e0 (Free 22005 MB), Profiling Results. Parse: 0.23 ms, Refine: 0.48 ms, Copy Results: 0.04 ms
[LIBGPUSPATIAL] [ 16455][19:55:23:847223][info  ] RTSpatialIndex 0x1b08bef0 (Free 22005 MB), Allocate result buffer, memory consumption 0 MB, capacity 18
[LIBGPUSPATIAL] [ 16455][19:55:23:847374][info  ] RTSpatialIndex 0x1b08bef0 (Free 22005 MB), Probe Points, Size: 100000, Results: 18
[LIBGPUSPATIAL] [ 16455][19:55:23:847408][info  ] RTSpatialIndex 0x1b08bef0 (Free 22005 MB), Profiling Results. Alloc: 0.09 ms, Prepare: 0.27 ms, RT: 0.14 ms, Copy res: 0.05 ms
[LIBGPUSPATIAL] [ 16455][19:55:23:847681][info  ] RTSpatialRefiner 0x177ea3e0 (Free 22005 MB), Loaded Geometries, ProbeArray 100000, Loaded 14, Type Point
[LIBGPUSPATIAL] [ 16455][19:55:23:847710][info  ] RTSpatialRefiner 0x177ea3e0 (Free 22005 MB), Evaluating 18 Geometry Pairs with Predicate Contains
[LIBGPUSPATIAL] [ 16455][19:55:23:848358][info  ] RTSpatialRefiner 0x177ea3e0 (Free 22005 MB), Profiling Results. Parse: 0.22 ms, Refine: 0.60 ms, Copy Results: 0.04 ms
[LIBGPUSPATIAL] [ 16455][19:55:23:858869][info  ] RTSpatialIndex 0x1b08bef0 (Free 22005 MB), Allocate result buffer, memory consumption 0 MB, capacity 27
[LIBGPUSPATIAL] [ 16455][19:55:23:859015][info  ] RTSpatialIndex 0x1b08bef0 (Free 22005 MB), Probe Points, Size: 100000, Results: 27
[LIBGPUSPATIAL] [ 16455][19:55:23:859046][info  ] RTSpatialIndex 0x1b08bef0 (Free 22005 MB), Profiling Results. Alloc: 0.05 ms, Prepare: 0.24 ms, RT: 0.12 ms, Copy res: 0.05 ms
[LIBGPUSPATIAL] [ 16455][19:55:23:859317][info  ] RTSpatialRefiner 0x177ea3e0 (Free 22005 MB), Loaded Geometries, ProbeArray 100000, Loaded 20, Type Point
[LIBGPUSPATIAL] [ 16455][19:55:23:859346][info  ] RTSpatialRefiner 0x177ea3e0 (Free 22005 MB), Evaluating 27 Geometry Pairs with Predicate Contains
[LIBGPUSPATIAL] [ 16455][19:55:23:859870][info  ] RTSpatialRefiner 0x177ea3e0 (Free 22005 MB), Profiling Results. Parse: 0.22 ms, Refine: 0.48 ms, Copy Results: 0.04 ms
[LIBGPUSPATIAL] [ 16455][19:55:23:870175][info  ] RTSpatialIndex 0x1b08bef0 (Free 22005 MB), Allocate result buffer, memory consumption 0 MB, capacity 24
[LIBGPUSPATIAL] [ 16455][19:55:23:870284][info  ] RTSpatialIndex 0x1b08bef0 (Free 22005 MB), Probe Points, Size: 100000, Results: 24
[LIBGPUSPATIAL] [ 16455][19:55:23:870307][info  ] RTSpatialIndex 0x1b08bef0 (Free 22005 MB), Profiling Results. Alloc: 0.05 ms, Prepare: 0.23 ms, RT: 0.08 ms, Copy res: 0.05 ms
[LIBGPUSPATIAL] [ 16455][19:55:23:870541][info  ] RTSpatialRefiner 0x177ea3e0 (Free 22005 MB), Loaded Geometries, ProbeArray 100000, Loaded 22, Type Point
[LIBGPUSPATIAL] [ 16455][19:55:23:870566][info  ] RTSpatialRefiner 0x177ea3e0 (Free 22005 MB), Evaluating 24 Geometry Pairs with Predicate Contains
[LIBGPUSPATIAL] [ 16455][19:55:23:871101][info  ] RTSpatialRefiner 0x177ea3e0 (Free 22005 MB), Profiling Results. Parse: 0.20 ms, Refine: 0.49 ms, Copy Results: 0.04 ms
[LIBGPUSPATIAL] [ 16455][19:55:23:881378][info  ] RTSpatialIndex 0x1b08bef0 (Free 22005 MB), Allocate result buffer, memory consumption 0 MB, capacity 18
[LIBGPUSPATIAL] [ 16455][19:55:23:881489][info  ] RTSpatialIndex 0x1b08bef0 (Free 22005 MB), Probe Points, Size: 100000, Results: 18
[LIBGPUSPATIAL] [ 16455][19:55:23:881511][info  ] RTSpatialIndex 0x1b08bef0 (Free 22005 MB), Profiling Results. Alloc: 0.05 ms, Prepare: 0.22 ms, RT: 0.08 ms, Copy res: 0.05 ms
[LIBGPUSPATIAL] [ 16455][19:55:23:881769][info  ] RTSpatialRefiner 0x177ea3e0 (Free 22005 MB), Loaded Geometries, ProbeArray 100000, Loaded 14, Type Point
[LIBGPUSPATIAL] [ 16455][19:55:23:881795][info  ] RTSpatialRefiner 0x177ea3e0 (Free 22005 MB), Evaluating 18 Geometry Pairs with Predicate Contains
[LIBGPUSPATIAL] [ 16455][19:55:23:882311][info  ] RTSpatialRefiner 0x177ea3e0 (Free 22005 MB), Profiling Results. Parse: 0.22 ms, Refine: 0.47 ms, Copy Results: 0.04 ms
[LIBGPUSPATIAL] [ 16455][19:55:23:892240][info  ] RTSpatialIndex 0x1b08bef0 (Free 22005 MB), Allocate result buffer, memory consumption 0 MB, capacity 20
[LIBGPUSPATIAL] [ 16455][19:55:23:892354][info  ] RTSpatialIndex 0x1b08bef0 (Free 22005 MB), Probe Points, Size: 100000, Results: 20
[LIBGPUSPATIAL] [ 16455][19:55:23:892379][info  ] RTSpatialIndex 0x1b08bef0 (Free 22005 MB), Profiling Results. Alloc: 0.04 ms, Prepare: 0.22 ms, RT: 0.08 ms, Copy res: 0.04 ms
[LIBGPUSPATIAL] [ 16455][19:55:23:892626][info  ] RTSpatialRefiner 0x177ea3e0 (Free 22005 MB), Loaded Geometries, ProbeArray 100000, Loaded 15, Type Point
[LIBGPUSPATIAL] [ 16455][19:55:23:892653][info  ] RTSpatialRefiner 0x177ea3e0 (Free 22005 MB), Evaluating 20 Geometry Pairs with Predicate Contains
[LIBGPUSPATIAL] [ 16455][19:55:23:893171][info  ] RTSpatialRefiner 0x177ea3e0 (Free 22005 MB), Profiling Results. Parse: 0.21 ms, Refine: 0.47 ms, Copy Results: 0.04 ms
[LIBGPUSPATIAL] [ 16455][19:55:23:903517][info  ] RTSpatialIndex 0x1b08bef0 (Free 22005 MB), Allocate result buffer, memory consumption 0 MB, capacity 27
[LIBGPUSPATIAL] [ 16455][19:55:23:903625][info  ] RTSpatialIndex 0x1b08bef0 (Free 22005 MB), Probe Points, Size: 100000, Results: 27
[LIBGPUSPATIAL] [ 16455][19:55:23:903649][info  ] RTSpatialIndex 0x1b08bef0 (Free 22005 MB), Profiling Results. Alloc: 0.05 ms, Prepare: 0.23 ms, RT: 0.08 ms, Copy res: 0.04 ms
[LIBGPUSPATIAL] [ 16455][19:55:23:903911][info  ] RTSpatialRefiner 0x177ea3e0 (Free 22005 MB), Loaded Geometries, ProbeArray 100000, Loaded 22, Type Point
[LIBGPUSPATIAL] [ 16455][19:55:23:903937][info  ] RTSpatialRefiner 0x177ea3e0 (Free 22005 MB), Evaluating 27 Geometry Pairs with Predicate Contains
[LIBGPUSPATIAL] [ 16455][19:55:23:904516][info  ] RTSpatialRefiner 0x177ea3e0 (Free 22005 MB), Profiling Results. Parse: 0.22 ms, Refine: 0.53 ms, Copy Results: 0.04 ms
[LIBGPUSPATIAL] [ 16455][19:55:23:914749][info  ] RTSpatialIndex 0x1b08bef0 (Free 22005 MB), Allocate result buffer, memory consumption 0 MB, capacity 28
[LIBGPUSPATIAL] [ 16455][19:55:23:914867][info  ] RTSpatialIndex 0x1b08bef0 (Free 22005 MB), Probe Points, Size: 100000, Results: 28
[LIBGPUSPATIAL] [ 16455][19:55:23:914892][info  ] RTSpatialIndex 0x1b08bef0 (Free 22005 MB), Profiling Results. Alloc: 0.06 ms, Prepare: 0.22 ms, RT: 0.08 ms, Copy res: 0.05 ms
[LIBGPUSPATIAL] [ 16455][19:55:23:915140][info  ] RTSpatialRefiner 0x177ea3e0 (Free 22005 MB), Loaded Geometries, ProbeArray 100000, Loaded 23, Type Point
[LIBGPUSPATIAL] [ 16455][19:55:23:915166][info  ] RTSpatialRefiner 0x177ea3e0 (Free 22005 MB), Evaluating 28 Geometry Pairs with Predicate Contains
[LIBGPUSPATIAL] [ 16455][19:55:23:915657][info  ] RTSpatialRefiner 0x177ea3e0 (Free 22005 MB), Profiling Results. Parse: 0.21 ms, Refine: 0.44 ms, Copy Results: 0.04 ms
[LIBGPUSPATIAL] [ 16455][19:55:23:926015][info  ] RTSpatialIndex 0x1b08bef0 (Free 22005 MB), Allocate result buffer, memory consumption 0 MB, capacity 28
[LIBGPUSPATIAL] [ 16455][19:55:23:926114][info  ] RTSpatialIndex 0x1b08bef0 (Free 22005 MB), Probe Points, Size: 100000, Results: 28
[LIBGPUSPATIAL] [ 16455][19:55:23:926139][info  ] RTSpatialIndex 0x1b08bef0 (Free 22005 MB), Profiling Results. Alloc: 0.05 ms, Prepare: 0.23 ms, RT: 0.07 ms, Copy res: 0.04 ms
[LIBGPUSPATIAL] [ 16455][19:55:23:926391][info  ] RTSpatialRefiner 0x177ea3e0 (Free 22005 MB), Loaded Geometries, ProbeArray 100000, Loaded 22, Type Point
[LIBGPUSPATIAL] [ 16455][19:55:23:926417][info  ] RTSpatialRefiner 0x177ea3e0 (Free 22005 MB), Evaluating 28 Geometry Pairs with Predicate Contains
[LIBGPUSPATIAL] [ 16455][19:55:23:926985][info  ] RTSpatialRefiner 0x177ea3e0 (Free 22005 MB), Profiling Results. Parse: 0.22 ms, Refine: 0.52 ms, Copy Results: 0.04 ms
[LIBGPUSPATIAL] [ 16455][19:55:23:937353][info  ] RTSpatialIndex 0x1b08bef0 (Free 22005 MB), Allocate result buffer, memory consumption 0 MB, capacity 29
[LIBGPUSPATIAL] [ 16455][19:55:23:937460][info  ] RTSpatialIndex 0x1b08bef0 (Free 22005 MB), Probe Points, Size: 100000, Results: 29
[LIBGPUSPATIAL] [ 16455][19:55:23:937484][info  ] RTSpatialIndex 0x1b08bef0 (Free 22005 MB), Profiling Results. Alloc: 0.05 ms, Prepare: 0.22 ms, RT: 0.08 ms, Copy res: 0.04 ms
[LIBGPUSPATIAL] [ 16455][19:55:23:937740][info  ] RTSpatialRefiner 0x177ea3e0 (Free 22005 MB), Loaded Geometries, ProbeArray 100000, Loaded 20, Type Point
[LIBGPUSPATIAL] [ 16455][19:55:23:937766][info  ] RTSpatialRefiner 0x177ea3e0 (Free 22005 MB), Evaluating 29 Geometry Pairs with Predicate Contains
[LIBGPUSPATIAL] [ 16455][19:55:23:938340][info  ] RTSpatialRefiner 0x177ea3e0 (Free 22005 MB), Profiling Results. Parse: 0.20 ms, Refine: 0.53 ms, Copy Results: 0.04 ms
[LIBGPUSPATIAL] [ 16455][19:55:23:948707][info  ] RTSpatialIndex 0x1b08bef0 (Free 22005 MB), Allocate result buffer, memory consumption 0 MB, capacity 23
[LIBGPUSPATIAL] [ 16455][19:55:23:948831][info  ] RTSpatialIndex 0x1b08bef0 (Free 22005 MB), Probe Points, Size: 100000, Results: 23
[LIBGPUSPATIAL] [ 16455][19:55:23:948856][info  ] RTSpatialIndex 0x1b08bef0 (Free 22005 MB), Profiling Results. Alloc: 0.07 ms, Prepare: 0.22 ms, RT: 0.06 ms, Copy res: 0.05 ms
[LIBGPUSPATIAL] [ 16455][19:55:23:949111][info  ] RTSpatialRefiner 0x177ea3e0 (Free 22005 MB), Loaded Geometries, ProbeArray 100000, Loaded 18, Type Point
[LIBGPUSPATIAL] [ 16455][19:55:23:949137][info  ] RTSpatialRefiner 0x177ea3e0 (Free 22005 MB), Evaluating 23 Geometry Pairs with Predicate Contains
[LIBGPUSPATIAL] [ 16455][19:55:23:949652][info  ] RTSpatialRefiner 0x177ea3e0 (Free 22005 MB), Profiling Results. Parse: 0.22 ms, Refine: 0.47 ms, Copy Results: 0.04 ms
[LIBGPUSPATIAL] [ 16455][19:55:23:959940][info  ] RTSpatialIndex 0x1b08bef0 (Free 22005 MB), Allocate result buffer, memory consumption 0 MB, capacity 22
[LIBGPUSPATIAL] [ 16455][19:55:23:960056][info  ] RTSpatialIndex 0x1b08bef0 (Free 22005 MB), Probe Points, Size: 100000, Results: 22
[LIBGPUSPATIAL] [ 16455][19:55:23:960084][info  ] RTSpatialIndex 0x1b08bef0 (Free 22005 MB), Profiling Results. Alloc: 0.04 ms, Prepare: 0.22 ms, RT: 0.07 ms, Copy res: 0.05 ms
[LIBGPUSPATIAL] [ 16455][19:55:23:960326][info  ] RTSpatialRefiner 0x177ea3e0 (Free 22005 MB), Loaded Geometries, ProbeArray 100000, Loaded 19, Type Point
[LIBGPUSPATIAL] [ 16455][19:55:23:960351][info  ] RTSpatialRefiner 0x177ea3e0 (Free 22005 MB), Evaluating 22 Geometry Pairs with Predicate Contains
[LIBGPUSPATIAL] [ 16455][19:55:23:960885][info  ] RTSpatialRefiner 0x177ea3e0 (Free 22005 MB), Profiling Results. Parse: 0.21 ms, Refine: 0.49 ms, Copy Results: 0.04 ms
[LIBGPUSPATIAL] [ 16455][19:55:23:970962][info  ] RTSpatialIndex 0x1b08bef0 (Free 22005 MB), Allocate result buffer, memory consumption 0 MB, capacity 19
[LIBGPUSPATIAL] [ 16455][19:55:23:971078][info  ] RTSpatialIndex 0x1b08bef0 (Free 22005 MB), Probe Points, Size: 100000, Results: 19
[LIBGPUSPATIAL] [ 16455][19:55:23:971103][info  ] RTSpatialIndex 0x1b08bef0 (Free 22005 MB), Profiling Results. Alloc: 0.04 ms, Prepare: 0.22 ms, RT: 0.08 ms, Copy res: 0.05 ms
[LIBGPUSPATIAL] [ 16455][19:55:23:971364][info  ] RTSpatialRefiner 0x177ea3e0 (Free 22005 MB), Loaded Geometries, ProbeArray 100000, Loaded 16, Type Point
[LIBGPUSPATIAL] [ 16455][19:55:23:971392][info  ] RTSpatialRefiner 0x177ea3e0 (Free 22005 MB), Evaluating 19 Geometry Pairs with Predicate Contains
[LIBGPUSPATIAL] [ 16455][19:55:23:971893][info  ] RTSpatialRefiner 0x177ea3e0 (Free 22005 MB), Profiling Results. Parse: 0.22 ms, Refine: 0.45 ms, Copy Results: 0.04 ms
[LIBGPUSPATIAL] [ 16455][19:55:23:982398][info  ] RTSpatialIndex 0x1b08bef0 (Free 22005 MB), Allocate result buffer, memory consumption 0 MB, capacity 32
[LIBGPUSPATIAL] [ 16455][19:55:23:982507][info  ] RTSpatialIndex 0x1b08bef0 (Free 22005 MB), Probe Points, Size: 100000, Results: 32
[LIBGPUSPATIAL] [ 16455][19:55:23:982535][info  ] RTSpatialIndex 0x1b08bef0 (Free 22005 MB), Profiling Results. Alloc: 0.06 ms, Prepare: 0.23 ms, RT: 0.09 ms, Copy res: 0.05 ms
[LIBGPUSPATIAL] [ 16455][19:55:23:982819][info  ] RTSpatialRefiner 0x177ea3e0 (Free 22005 MB), Loaded Geometries, ProbeArray 100000, Loaded 22, Type Point
[LIBGPUSPATIAL] [ 16455][19:55:23:982845][info  ] RTSpatialRefiner 0x177ea3e0 (Free 22005 MB), Evaluating 32 Geometry Pairs with Predicate Contains
[LIBGPUSPATIAL] [ 16455][19:55:23:983397][info  ] RTSpatialRefiner 0x177ea3e0 (Free 22005 MB), Profiling Results. Parse: 0.24 ms, Refine: 0.51 ms, Copy Results: 0.04 ms
[LIBGPUSPATIAL] [ 16455][19:55:23:986987][info  ] RTSpatialIndex 0x1b08bef0 (Free 22005 MB), Allocate result buffer, memory consumption 0 MB, capacity 4
[LIBGPUSPATIAL] [ 16455][19:55:23:987095][info  ] RTSpatialIndex 0x1b08bef0 (Free 22005 MB), Probe Points, Size: 33333, Results: 4
[LIBGPUSPATIAL] [ 16455][19:55:23:987120][info  ] RTSpatialIndex 0x1b08bef0 (Free 22005 MB), Profiling Results. Alloc: 0.04 ms, Prepare: 0.11 ms, RT: 0.07 ms, Copy res: 0.04 ms
[LIBGPUSPATIAL] [ 16455][19:55:23:987366][info  ] RTSpatialRefiner 0x177ea3e0 (Free 22005 MB), Loaded Geometries, ProbeArray 33333, Loaded 3, Type Point
[LIBGPUSPATIAL] [ 16455][19:55:23:987396][info  ] RTSpatialRefiner 0x177ea3e0 (Free 22005 MB), Evaluating 4 Geometry Pairs with Predicate Contains
[LIBGPUSPATIAL] [ 16455][19:55:23:987895][info  ] RTSpatialRefiner 0x177ea3e0 (Free 22005 MB), Profiling Results. Parse: 0.20 ms, Refine: 0.46 ms, Copy Results: 0.04 ms
[LIBGPUSPATIAL] [ 16455][19:55:24:009360][info  ] RTSpatialIndex 0x1b08bef0 (Free 22005 MB), Allocate result buffer, memory consumption 0 MB, capacity 19
[LIBGPUSPATIAL] [ 16455][19:55:24:009477][info  ] RTSpatialIndex 0x1b08bef0 (Free 22005 MB), Probe Points, Size: 100000, Results: 19
[LIBGPUSPATIAL] [ 16455][19:55:24:009510][info  ] RTSpatialIndex 0x1b08bef0 (Free 22005 MB), Profiling Results. Alloc: 0.09 ms, Prepare: 0.29 ms, RT: 0.10 ms, Copy res: 0.05 ms
[LIBGPUSPATIAL] [ 16455][19:55:24:009818][info  ] RTSpatialRefiner 0x177ea3e0 (Free 22005 MB), Loaded Geometries, ProbeArray 100000, Loaded 15, Type Point
[LIBGPUSPATIAL] [ 16455][19:55:24:009848][info  ] RTSpatialRefiner 0x177ea3e0 (Free 22005 MB), Evaluating 19 Geometry Pairs with Predicate Contains
[LIBGPUSPATIAL] [ 16455][19:55:24:010451][info  ] RTSpatialRefiner 0x177ea3e0 (Free 22005 MB), Profiling Results. Parse: 0.25 ms, Refine: 0.55 ms, Copy Results: 0.05 ms
[LIBGPUSPATIAL] [ 16455][19:55:24:021175][info  ] RTSpatialIndex 0x1b08bef0 (Free 22005 MB), Allocate result buffer, memory consumption 0 MB, capacity 26
[LIBGPUSPATIAL] [ 16455][19:55:24:021284][info  ] RTSpatialIndex 0x1b08bef0 (Free 22005 MB), Probe Points, Size: 100000, Results: 26
[LIBGPUSPATIAL] [ 16455][19:55:24:021315][info  ] RTSpatialIndex 0x1b08bef0 (Free 22005 MB), Profiling Results. Alloc: 0.07 ms, Prepare: 0.24 ms, RT: 0.09 ms, Copy res: 0.05 ms
[LIBGPUSPATIAL] [ 16455][19:55:24:021572][info  ] RTSpatialRefiner 0x177ea3e0 (Free 22005 MB), Loaded Geometries, ProbeArray 100000, Loaded 22, Type Point
[LIBGPUSPATIAL] [ 16455][19:55:24:021602][info  ] RTSpatialRefiner 0x177ea3e0 (Free 22005 MB), Evaluating 26 Geometry Pairs with Predicate Contains
[LIBGPUSPATIAL] [ 16455][19:55:24:022194][info  ] RTSpatialRefiner 0x177ea3e0 (Free 22005 MB), Profiling Results. Parse: 0.21 ms, Refine: 0.55 ms, Copy Results: 0.04 ms
[LIBGPUSPATIAL] [ 16455][19:55:24:032593][info  ] RTSpatialIndex 0x1b08bef0 (Free 22005 MB), Allocate result buffer, memory consumption 0 MB, capacity 23
[LIBGPUSPATIAL] [ 16455][19:55:24:032710][info  ] RTSpatialIndex 0x1b08bef0 (Free 22005 MB), Probe Points, Size: 100000, Results: 23
[LIBGPUSPATIAL] [ 16455][19:55:24:032755][info  ] RTSpatialIndex 0x1b08bef0 (Free 22005 MB), Profiling Results. Alloc: 0.05 ms, Prepare: 0.23 ms, RT: 0.08 ms, Copy res: 0.05 ms
[LIBGPUSPATIAL] [ 16455][19:55:24:033027][info  ] RTSpatialRefiner 0x177ea3e0 (Free 22005 MB), Loaded Geometries, ProbeArray 100000, Loaded 17, Type Point
[LIBGPUSPATIAL] [ 16455][19:55:24:033055][info  ] RTSpatialRefiner 0x177ea3e0 (Free 22005 MB), Evaluating 23 Geometry Pairs with Predicate Contains
[LIBGPUSPATIAL] [ 16455][19:55:24:033628][info  ] RTSpatialRefiner 0x177ea3e0 (Free 22005 MB), Profiling Results. Parse: 0.23 ms, Refine: 0.53 ms, Copy Results: 0.04 ms
[LIBGPUSPATIAL] [ 16455][19:55:24:044035][info  ] RTSpatialIndex 0x1b08bef0 (Free 22005 MB), Allocate result buffer, memory consumption 0 MB, capacity 20
[LIBGPUSPATIAL] [ 16455][19:55:24:044152][info  ] RTSpatialIndex 0x1b08bef0 (Free 22005 MB), Probe Points, Size: 100000, Results: 20
[LIBGPUSPATIAL] [ 16455][19:55:24:044179][info  ] RTSpatialIndex 0x1b08bef0 (Free 22005 MB), Profiling Results. Alloc: 0.05 ms, Prepare: 0.24 ms, RT: 0.08 ms, Copy res: 0.05 ms
[LIBGPUSPATIAL] [ 16455][19:55:24:044428][info  ] RTSpatialRefiner 0x177ea3e0 (Free 22005 MB), Loaded Geometries, ProbeArray 100000, Loaded 15, Type Point
[LIBGPUSPATIAL] [ 16455][19:55:24:044454][info  ] RTSpatialRefiner 0x177ea3e0 (Free 22005 MB), Evaluating 20 Geometry Pairs with Predicate Contains
[LIBGPUSPATIAL] [ 16455][19:55:24:044967][info  ] RTSpatialRefiner 0x177ea3e0 (Free 22005 MB), Profiling Results. Parse: 0.21 ms, Refine: 0.46 ms, Copy Results: 0.04 ms
[LIBGPUSPATIAL] [ 16455][19:55:24:054911][info  ] RTSpatialIndex 0x1b08bef0 (Free 22005 MB), Allocate result buffer, memory consumption 0 MB, capacity 26
[LIBGPUSPATIAL] [ 16455][19:55:24:055019][info  ] RTSpatialIndex 0x1b08bef0 (Free 22005 MB), Probe Points, Size: 100000, Results: 26
[LIBGPUSPATIAL] [ 16455][19:55:24:055042][info  ] RTSpatialIndex 0x1b08bef0 (Free 22005 MB), Profiling Results. Alloc: 0.04 ms, Prepare: 0.22 ms, RT: 0.08 ms, Copy res: 0.04 ms
[LIBGPUSPATIAL] [ 16455][19:55:24:055294][info  ] RTSpatialRefiner 0x177ea3e0 (Free 22005 MB), Loaded Geometries, ProbeArray 100000, Loaded 18, Type Point
[LIBGPUSPATIAL] [ 16455][19:55:24:055321][info  ] RTSpatialRefiner 0x177ea3e0 (Free 22005 MB), Evaluating 26 Geometry Pairs with Predicate Contains
[LIBGPUSPATIAL] [ 16455][19:55:24:055834][info  ] RTSpatialRefiner 0x177ea3e0 (Free 22005 MB), Profiling Results. Parse: 0.22 ms, Refine: 0.47 ms, Copy Results: 0.04 ms
[LIBGPUSPATIAL] [ 16455][19:55:24:066214][info  ] RTSpatialIndex 0x1b08bef0 (Free 22005 MB), Allocate result buffer, memory consumption 0 MB, capacity 21
[LIBGPUSPATIAL] [ 16455][19:55:24:066316][info  ] RTSpatialIndex 0x1b08bef0 (Free 22005 MB), Probe Points, Size: 100000, Results: 21
[LIBGPUSPATIAL] [ 16455][19:55:24:066341][info  ] RTSpatialIndex 0x1b08bef0 (Free 22005 MB), Profiling Results. Alloc: 0.05 ms, Prepare: 0.23 ms, RT: 0.07 ms, Copy res: 0.05 ms
[LIBGPUSPATIAL] [ 16455][19:55:24:066587][info  ] RTSpatialRefiner 0x177ea3e0 (Free 22005 MB), Loaded Geometries, ProbeArray 100000, Loaded 18, Type Point
[LIBGPUSPATIAL] [ 16455][19:55:24:066613][info  ] RTSpatialRefiner 0x177ea3e0 (Free 22005 MB), Evaluating 21 Geometry Pairs with Predicate Contains
[LIBGPUSPATIAL] [ 16455][19:55:24:067165][info  ] RTSpatialRefiner 0x177ea3e0 (Free 22005 MB), Profiling Results. Parse: 0.21 ms, Refine: 0.51 ms, Copy Results: 0.04 ms
[LIBGPUSPATIAL] [ 16455][19:55:24:077366][info  ] RTSpatialIndex 0x1b08bef0 (Free 22005 MB), Allocate result buffer, memory consumption 0 MB, capacity 12
[LIBGPUSPATIAL] [ 16455][19:55:24:077472][info  ] RTSpatialIndex 0x1b08bef0 (Free 22005 MB), Probe Points, Size: 100000, Results: 12
[LIBGPUSPATIAL] [ 16455][19:55:24:077495][info  ] RTSpatialIndex 0x1b08bef0 (Free 22005 MB), Profiling Results. Alloc: 0.05 ms, Prepare: 0.22 ms, RT: 0.08 ms, Copy res: 0.04 ms
[LIBGPUSPATIAL] [ 16455][19:55:24:077770][info  ] RTSpatialRefiner 0x177ea3e0 (Free 22005 MB), Loaded Geometries, ProbeArray 100000, Loaded 11, Type Point
[LIBGPUSPATIAL] [ 16455][19:55:24:077796][info  ] RTSpatialRefiner 0x177ea3e0 (Free 22005 MB), Evaluating 12 Geometry Pairs with Predicate Contains
[LIBGPUSPATIAL] [ 16455][19:55:24:078303][info  ] RTSpatialRefiner 0x177ea3e0 (Free 22005 MB), Profiling Results. Parse: 0.24 ms, Refine: 0.46 ms, Copy Results: 0.04 ms
[LIBGPUSPATIAL] [ 16455][19:55:24:088709][info  ] RTSpatialIndex 0x1b08bef0 (Free 22005 MB), Allocate result buffer, memory consumption 0 MB, capacity 21
[LIBGPUSPATIAL] [ 16455][19:55:24:088836][info  ] RTSpatialIndex 0x1b08bef0 (Free 22005 MB), Probe Points, Size: 100000, Results: 21
[LIBGPUSPATIAL] [ 16455][19:55:24:088863][info  ] RTSpatialIndex 0x1b08bef0 (Free 22005 MB), Profiling Results. Alloc: 0.07 ms, Prepare: 0.23 ms, RT: 0.08 ms, Copy res: 0.05 ms
[LIBGPUSPATIAL] [ 16455][19:55:24:089126][info  ] RTSpatialRefiner 0x177ea3e0 (Free 22005 MB), Loaded Geometries, ProbeArray 100000, Loaded 17, Type Point
[LIBGPUSPATIAL] [ 16455][19:55:24:089152][info  ] RTSpatialRefiner 0x177ea3e0 (Free 22005 MB), Evaluating 21 Geometry Pairs with Predicate Contains
[LIBGPUSPATIAL] [ 16455][19:55:24:089658][info  ] RTSpatialRefiner 0x177ea3e0 (Free 22005 MB), Profiling Results. Parse: 0.22 ms, Refine: 0.46 ms, Copy Results: 0.04 ms
[LIBGPUSPATIAL] [ 16455][19:55:24:100057][info  ] RTSpatialIndex 0x1b08bef0 (Free 22005 MB), Allocate result buffer, memory consumption 0 MB, capacity 20
[LIBGPUSPATIAL] [ 16455][19:55:24:100166][info  ] RTSpatialIndex 0x1b08bef0 (Free 22005 MB), Probe Points, Size: 100000, Results: 20
[LIBGPUSPATIAL] [ 16455][19:55:24:100189][info  ] RTSpatialIndex 0x1b08bef0 (Free 22005 MB), Profiling Results. Alloc: 0.05 ms, Prepare: 0.23 ms, RT: 0.07 ms, Copy res: 0.04 ms
[LIBGPUSPATIAL] [ 16455][19:55:24:100447][info  ] RTSpatialRefiner 0x177ea3e0 (Free 22005 MB), Loaded Geometries, ProbeArray 100000, Loaded 16, Type Point
[LIBGPUSPATIAL] [ 16455][19:55:24:100476][info  ] RTSpatialRefiner 0x177ea3e0 (Free 22005 MB), Evaluating 20 Geometry Pairs with Predicate Contains
[LIBGPUSPATIAL] [ 16455][19:55:24:100970][info  ] RTSpatialRefiner 0x177ea3e0 (Free 22005 MB), Profiling Results. Parse: 0.22 ms, Refine: 0.45 ms, Copy Results: 0.04 ms
[LIBGPUSPATIAL] [ 16455][19:55:24:111359][info  ] RTSpatialIndex 0x1b08bef0 (Free 22005 MB), Allocate result buffer, memory consumption 0 MB, capacity 23
[LIBGPUSPATIAL] [ 16455][19:55:24:111476][info  ] RTSpatialIndex 0x1b08bef0 (Free 22005 MB), Probe Points, Size: 100000, Results: 23
[LIBGPUSPATIAL] [ 16455][19:55:24:111499][info  ] RTSpatialIndex 0x1b08bef0 (Free 22005 MB), Profiling Results. Alloc: 0.05 ms, Prepare: 0.22 ms, RT: 0.08 ms, Copy res: 0.05 ms
[LIBGPUSPATIAL] [ 16455][19:55:24:111791][info  ] RTSpatialRefiner 0x177ea3e0 (Free 22005 MB), Loaded Geometries, ProbeArray 100000, Loaded 20, Type Point
[LIBGPUSPATIAL] [ 16455][19:55:24:111818][info  ] RTSpatialRefiner 0x177ea3e0 (Free 22005 MB), Evaluating 23 Geometry Pairs with Predicate Contains
[LIBGPUSPATIAL] [ 16455][19:55:24:112332][info  ] RTSpatialRefiner 0x177ea3e0 (Free 22005 MB), Profiling Results. Parse: 0.25 ms, Refine: 0.47 ms, Copy Results: 0.04 ms
[LIBGPUSPATIAL] [ 16455][19:55:24:122595][info  ] RTSpatialIndex 0x1b08bef0 (Free 22005 MB), Allocate result buffer, memory consumption 0 MB, capacity 14
[LIBGPUSPATIAL] [ 16455][19:55:24:122712][info  ] RTSpatialIndex 0x1b08bef0 (Free 22005 MB), Probe Points, Size: 100000, Results: 14
[LIBGPUSPATIAL] [ 16455][19:55:24:122755][info  ] RTSpatialIndex 0x1b08bef0 (Free 22005 MB), Profiling Results. Alloc: 0.04 ms, Prepare: 0.22 ms, RT: 0.07 ms, Copy res: 0.05 ms
[LIBGPUSPATIAL] [ 16455][19:55:24:123009][info  ] RTSpatialRefiner 0x177ea3e0 (Free 22005 MB), Loaded Geometries, ProbeArray 100000, Loaded 12, Type Point
[LIBGPUSPATIAL] [ 16455][19:55:24:123037][info  ] RTSpatialRefiner 0x177ea3e0 (Free 22005 MB), Evaluating 14 Geometry Pairs with Predicate Contains
[LIBGPUSPATIAL] [ 16455][19:55:24:123515][info  ] RTSpatialRefiner 0x177ea3e0 (Free 22005 MB), Profiling Results. Parse: 0.21 ms, Refine: 0.44 ms, Copy Results: 0.04 ms
[LIBGPUSPATIAL] [ 16455][19:55:24:133391][info  ] RTSpatialIndex 0x1b08bef0 (Free 22005 MB), Allocate result buffer, memory consumption 0 MB, capacity 19
[LIBGPUSPATIAL] [ 16455][19:55:24:133498][info  ] RTSpatialIndex 0x1b08bef0 (Free 22005 MB), Probe Points, Size: 100000, Results: 19
[LIBGPUSPATIAL] [ 16455][19:55:24:133522][info  ] RTSpatialIndex 0x1b08bef0 (Free 22005 MB), Profiling Results. Alloc: 0.05 ms, Prepare: 0.22 ms, RT: 0.07 ms, Copy res: 0.05 ms
[LIBGPUSPATIAL] [ 16455][19:55:24:133768][info  ] RTSpatialRefiner 0x177ea3e0 (Free 22005 MB), Loaded Geometries, ProbeArray 100000, Loaded 15, Type Point
[LIBGPUSPATIAL] [ 16455][19:55:24:133794][info  ] RTSpatialRefiner 0x177ea3e0 (Free 22005 MB), Evaluating 19 Geometry Pairs with Predicate Contains
[LIBGPUSPATIAL] [ 16455][19:55:24:134292][info  ] RTSpatialRefiner 0x177ea3e0 (Free 22005 MB), Profiling Results. Parse: 0.21 ms, Refine: 0.45 ms, Copy Results: 0.04 ms
[LIBGPUSPATIAL] [ 16455][19:55:24:145034][info  ] RTSpatialIndex 0x1b08bef0 (Free 22005 MB), Allocate result buffer, memory consumption 0 MB, capacity 37
[LIBGPUSPATIAL] [ 16455][19:55:24:145151][info  ] RTSpatialIndex 0x1b08bef0 (Free 22005 MB), Probe Points, Size: 100000, Results: 37
[LIBGPUSPATIAL] [ 16455][19:55:24:145176][info  ] RTSpatialIndex 0x1b08bef0 (Free 22005 MB), Profiling Results. Alloc: 0.05 ms, Prepare: 0.24 ms, RT: 0.09 ms, Copy res: 0.05 ms
[LIBGPUSPATIAL] [ 16455][19:55:24:145632][info  ] RTSpatialRefiner 0x177ea3e0 (Free 22005 MB), Loaded Geometries, ProbeArray 100000, Loaded 28, Type Point
[LIBGPUSPATIAL] [ 16455][19:55:24:145661][info  ] RTSpatialRefiner 0x177ea3e0 (Free 22005 MB), Evaluating 37 Geometry Pairs with Predicate Contains
[LIBGPUSPATIAL] [ 16455][19:55:24:146208][info  ] RTSpatialRefiner 0x177ea3e0 (Free 22005 MB), Profiling Results. Parse: 0.21 ms, Refine: 0.50 ms, Copy Results: 0.04 ms
[LIBGPUSPATIAL] [ 16455][19:55:24:150300][info  ] RTSpatialIndex 0x1b08bef0 (Free 22005 MB), Allocate result buffer, memory consumption 0 MB, capacity 15
[LIBGPUSPATIAL] [ 16455][19:55:24:150416][info  ] RTSpatialIndex 0x1b08bef0 (Free 22005 MB), Probe Points, Size: 33333, Results: 15
[LIBGPUSPATIAL] [ 16455][19:55:24:150440][info  ] RTSpatialIndex 0x1b08bef0 (Free 22005 MB), Profiling Results. Alloc: 0.05 ms, Prepare: 0.12 ms, RT: 0.07 ms, Copy res: 0.05 ms
[LIBGPUSPATIAL] [ 16455][19:55:24:150690][info  ] RTSpatialRefiner 0x177ea3e0 (Free 22005 MB), Loaded Geometries, ProbeArray 33333, Loaded 9, Type Point
[LIBGPUSPATIAL] [ 16455][19:55:24:150719][info  ] RTSpatialRefiner 0x177ea3e0 (Free 22005 MB), Evaluating 15 Geometry Pairs with Predicate Contains
[LIBGPUSPATIAL] [ 16455][19:55:24:151417][info  ] RTSpatialRefiner 0x177ea3e0 (Free 22005 MB), Profiling Results. Parse: 0.21 ms, Refine: 0.66 ms, Copy Results: 0.04 ms
[LIBGPUSPATIAL] [ 16455][19:55:24:172670][info  ] RTSpatialIndex 0x1b08bef0 (Free 22005 MB), Allocate result buffer, memory consumption 0 MB, capacity 23
[LIBGPUSPATIAL] [ 16455][19:55:24:172790][info  ] RTSpatialIndex 0x1b08bef0 (Free 22005 MB), Probe Points, Size: 100000, Results: 23
[LIBGPUSPATIAL] [ 16455][19:55:24:172823][info  ] RTSpatialIndex 0x1b08bef0 (Free 22005 MB), Profiling Results. Alloc: 0.10 ms, Prepare: 0.27 ms, RT: 0.12 ms, Copy res: 0.04 ms
[LIBGPUSPATIAL] [ 16455][19:55:24:173123][info  ] RTSpatialRefiner 0x177ea3e0 (Free 22005 MB), Loaded Geometries, ProbeArray 100000, Loaded 18, Type Point
[LIBGPUSPATIAL] [ 16455][19:55:24:173149][info  ] RTSpatialRefiner 0x177ea3e0 (Free 22005 MB), Evaluating 23 Geometry Pairs with Predicate Contains
[LIBGPUSPATIAL] [ 16455][19:55:24:173713][info  ] RTSpatialRefiner 0x177ea3e0 (Free 22005 MB), Profiling Results. Parse: 0.25 ms, Refine: 0.52 ms, Copy Results: 0.04 ms
[LIBGPUSPATIAL] [ 16455][19:55:24:184251][info  ] RTSpatialIndex 0x1b08bef0 (Free 22005 MB), Allocate result buffer, memory consumption 0 MB, capacity 19
[LIBGPUSPATIAL] [ 16455][19:55:24:184349][info  ] RTSpatialIndex 0x1b08bef0 (Free 22005 MB), Probe Points, Size: 100000, Results: 19
[LIBGPUSPATIAL] [ 16455][19:55:24:184377][info  ] RTSpatialIndex 0x1b08bef0 (Free 22005 MB), Profiling Results. Alloc: 0.05 ms, Prepare: 0.23 ms, RT: 0.06 ms, Copy res: 0.04 ms
[LIBGPUSPATIAL] [ 16455][19:55:24:184679][info  ] RTSpatialRefiner 0x177ea3e0 (Free 22005 MB), Loaded Geometries, ProbeArray 100000, Loaded 15, Type Point
[LIBGPUSPATIAL] [ 16455][19:55:24:184706][info  ] RTSpatialRefiner 0x177ea3e0 (Free 22005 MB), Evaluating 19 Geometry Pairs with Predicate Contains
[LIBGPUSPATIAL] [ 16455][19:55:24:185221][info  ] RTSpatialRefiner 0x177ea3e0 (Free 22005 MB), Profiling Results. Parse: 0.26 ms, Refine: 0.47 ms, Copy Results: 0.04 ms
[LIBGPUSPATIAL] [ 16455][19:55:24:195535][info  ] RTSpatialIndex 0x1b08bef0 (Free 22005 MB), Allocate result buffer, memory consumption 0 MB, capacity 29
[LIBGPUSPATIAL] [ 16455][19:55:24:195645][info  ] RTSpatialIndex 0x1b08bef0 (Free 22005 MB), Probe Points, Size: 100000, Results: 29
[LIBGPUSPATIAL] [ 16455][19:55:24:195669][info  ] RTSpatialIndex 0x1b08bef0 (Free 22005 MB), Profiling Results. Alloc: 0.05 ms, Prepare: 0.22 ms, RT: 0.08 ms, Copy res: 0.05 ms
[LIBGPUSPATIAL] [ 16455][19:55:24:195931][info  ] RTSpatialRefiner 0x177ea3e0 (Free 22005 MB), Loaded Geometries, ProbeArray 100000, Loaded 22, Type Point
[LIBGPUSPATIAL] [ 16455][19:55:24:195956][info  ] RTSpatialRefiner 0x177ea3e0 (Free 22005 MB), Evaluating 29 Geometry Pairs with Predicate Contains
[LIBGPUSPATIAL] [ 16455][19:55:24:196578][info  ] RTSpatialRefiner 0x177ea3e0 (Free 22005 MB), Profiling Results. Parse: 0.23 ms, Refine: 0.58 ms, Copy Results: 0.04 ms
[LIBGPUSPATIAL] [ 16455][19:55:24:206844][info  ] RTSpatialIndex 0x1b08bef0 (Free 22005 MB), Allocate result buffer, memory consumption 0 MB, capacity 22
[LIBGPUSPATIAL] [ 16455][19:55:24:206959][info  ] RTSpatialIndex 0x1b08bef0 (Free 22005 MB), Probe Points, Size: 100000, Results: 22
[LIBGPUSPATIAL] [ 16455][19:55:24:206984][info  ] RTSpatialIndex 0x1b08bef0 (Free 22005 MB), Profiling Results. Alloc: 0.04 ms, Prepare: 0.22 ms, RT: 0.08 ms, Copy res: 0.05 ms
[LIBGPUSPATIAL] [ 16455][19:55:24:207242][info  ] RTSpatialRefiner 0x177ea3e0 (Free 22005 MB), Loaded Geometries, ProbeArray 100000, Loaded 18, Type Point
[LIBGPUSPATIAL] [ 16455][19:55:24:207269][info  ] RTSpatialRefiner 0x177ea3e0 (Free 22005 MB), Evaluating 22 Geometry Pairs with Predicate Contains
[LIBGPUSPATIAL] [ 16455][19:55:24:207785][info  ] RTSpatialRefiner 0x177ea3e0 (Free 22005 MB), Profiling Results. Parse: 0.21 ms, Refine: 0.46 ms, Copy Results: 0.05 ms
[LIBGPUSPATIAL] [ 16455][19:55:24:217683][info  ] RTSpatialIndex 0x1b08bef0 (Free 22005 MB), Allocate result buffer, memory consumption 0 MB, capacity 22
[LIBGPUSPATIAL] [ 16455][19:55:24:217792][info  ] RTSpatialIndex 0x1b08bef0 (Free 22005 MB), Probe Points, Size: 100000, Results: 22
[LIBGPUSPATIAL] [ 16455][19:55:24:217816][info  ] RTSpatialIndex 0x1b08bef0 (Free 22005 MB), Profiling Results. Alloc: 0.04 ms, Prepare: 0.22 ms, RT: 0.07 ms, Copy res: 0.04 ms
[LIBGPUSPATIAL] [ 16455][19:55:24:218062][info  ] RTSpatialRefiner 0x177ea3e0 (Free 22005 MB), Loaded Geometries, ProbeArray 100000, Loaded 15, Type Point
[LIBGPUSPATIAL] [ 16455][19:55:24:218090][info  ] RTSpatialRefiner 0x177ea3e0 (Free 22005 MB), Evaluating 22 Geometry Pairs with Predicate Contains
[LIBGPUSPATIAL] [ 16455][19:55:24:218643][info  ] RTSpatialRefiner 0x177ea3e0 (Free 22005 MB), Profiling Results. Parse: 0.21 ms, Refine: 0.51 ms, Copy Results: 0.04 ms
[LIBGPUSPATIAL] [ 16455][19:55:24:229009][info  ] RTSpatialIndex 0x1b08bef0 (Free 22005 MB), Allocate result buffer, memory consumption 0 MB, capacity 24
[LIBGPUSPATIAL] [ 16455][19:55:24:229126][info  ] RTSpatialIndex 0x1b08bef0 (Free 22005 MB), Probe Points, Size: 100000, Results: 24
[LIBGPUSPATIAL] [ 16455][19:55:24:229152][info  ] RTSpatialIndex 0x1b08bef0 (Free 22005 MB), Profiling Results. Alloc: 0.06 ms, Prepare: 0.24 ms, RT: 0.08 ms, Copy res: 0.04 ms
[LIBGPUSPATIAL] [ 16455][19:55:24:229414][info  ] RTSpatialRefiner 0x177ea3e0 (Free 22005 MB), Loaded Geometries, ProbeArray 100000, Loaded 16, Type Point
[LIBGPUSPATIAL] [ 16455][19:55:24:229442][info  ] RTSpatialRefiner 0x177ea3e0 (Free 22005 MB), Evaluating 24 Geometry Pairs with Predicate Contains
[LIBGPUSPATIAL] [ 16455][19:55:24:229958][info  ] RTSpatialRefiner 0x177ea3e0 (Free 22005 MB), Profiling Results. Parse: 0.22 ms, Refine: 0.47 ms, Copy Results: 0.04 ms
[LIBGPUSPATIAL] [ 16455][19:55:24:240132][info  ] RTSpatialIndex 0x1b08bef0 (Free 22005 MB), Allocate result buffer, memory consumption 0 MB, capacity 13
[LIBGPUSPATIAL] [ 16455][19:55:24:240227][info  ] RTSpatialIndex 0x1b08bef0 (Free 22005 MB), Probe Points, Size: 100000, Results: 13
[LIBGPUSPATIAL] [ 16455][19:55:24:240255][info  ] RTSpatialIndex 0x1b08bef0 (Free 22005 MB), Profiling Results. Alloc: 0.05 ms, Prepare: 0.23 ms, RT: 0.06 ms, Copy res: 0.04 ms
[LIBGPUSPATIAL] [ 16455][19:55:24:240490][info  ] RTSpatialRefiner 0x177ea3e0 (Free 22005 MB), Loaded Geometries, ProbeArray 100000, Loaded 11, Type Point
[LIBGPUSPATIAL] [ 16455][19:55:24:240524][info  ] RTSpatialRefiner 0x177ea3e0 (Free 22005 MB), Evaluating 13 Geometry Pairs with Predicate Contains
[LIBGPUSPATIAL] [ 16455][19:55:24:241040][info  ] RTSpatialRefiner 0x177ea3e0 (Free 22005 MB), Profiling Results. Parse: 0.20 ms, Refine: 0.47 ms, Copy Results: 0.05 ms
[LIBGPUSPATIAL] [ 16455][19:55:24:251329][info  ] RTSpatialIndex 0x1b08bef0 (Free 22005 MB), Allocate result buffer, memory consumption 0 MB, capacity 18
[LIBGPUSPATIAL] [ 16455][19:55:24:251435][info  ] RTSpatialIndex 0x1b08bef0 (Free 22005 MB), Probe Points, Size: 100000, Results: 18
[LIBGPUSPATIAL] [ 16455][19:55:24:251466][info  ] RTSpatialIndex 0x1b08bef0 (Free 22005 MB), Profiling Results. Alloc: 0.05 ms, Prepare: 0.22 ms, RT: 0.08 ms, Copy res: 0.04 ms
[LIBGPUSPATIAL] [ 16455][19:55:24:251743][info  ] RTSpatialRefiner 0x177ea3e0 (Free 22005 MB), Loaded Geometries, ProbeArray 100000, Loaded 14, Type Point
[LIBGPUSPATIAL] [ 16455][19:55:24:251770][info  ] RTSpatialRefiner 0x177ea3e0 (Free 22005 MB), Evaluating 18 Geometry Pairs with Predicate Contains
[LIBGPUSPATIAL] [ 16455][19:55:24:252278][info  ] RTSpatialRefiner 0x177ea3e0 (Free 22005 MB), Profiling Results. Parse: 0.22 ms, Refine: 0.47 ms, Copy Results: 0.04 ms
[LIBGPUSPATIAL] [ 16455][19:55:24:262766][info  ] RTSpatialIndex 0x1b08bef0 (Free 22005 MB), Allocate result buffer, memory consumption 0 MB, capacity 13
[LIBGPUSPATIAL] [ 16455][19:55:24:262887][info  ] RTSpatialIndex 0x1b08bef0 (Free 22005 MB), Probe Points, Size: 100000, Results: 13
[LIBGPUSPATIAL] [ 16455][19:55:24:262914][info  ] RTSpatialIndex 0x1b08bef0 (Free 22005 MB), Profiling Results. Alloc: 0.07 ms, Prepare: 0.24 ms, RT: 0.10 ms, Copy res: 0.05 ms
[LIBGPUSPATIAL] [ 16455][19:55:24:263211][info  ] RTSpatialRefiner 0x177ea3e0 (Free 22005 MB), Loaded Geometries, ProbeArray 100000, Loaded 11, Type Point
[LIBGPUSPATIAL] [ 16455][19:55:24:263249][info  ] RTSpatialRefiner 0x177ea3e0 (Free 22005 MB), Evaluating 13 Geometry Pairs with Predicate Contains
[LIBGPUSPATIAL] [ 16455][19:55:24:263870][info  ] RTSpatialRefiner 0x177ea3e0 (Free 22005 MB), Profiling Results. Parse: 0.24 ms, Refine: 0.56 ms, Copy Results: 0.05 ms
[LIBGPUSPATIAL] [ 16455][19:55:24:274520][info  ] RTSpatialIndex 0x1b08bef0 (Free 22005 MB), Allocate result buffer, memory consumption 0 MB, capacity 24
[LIBGPUSPATIAL] [ 16455][19:55:24:274620][info  ] RTSpatialIndex 0x1b08bef0 (Free 22005 MB), Probe Points, Size: 100000, Results: 24
[LIBGPUSPATIAL] [ 16455][19:55:24:274650][info  ] RTSpatialIndex 0x1b08bef0 (Free 22005 MB), Profiling Results. Alloc: 0.06 ms, Prepare: 0.26 ms, RT: 0.08 ms, Copy res: 0.04 ms
[LIBGPUSPATIAL] [ 16455][19:55:24:274941][info  ] RTSpatialRefiner 0x177ea3e0 (Free 22005 MB), Loaded Geometries, ProbeArray 100000, Loaded 17, Type Point
[LIBGPUSPATIAL] [ 16455][19:55:24:274967][info  ] RTSpatialRefiner 0x177ea3e0 (Free 22005 MB), Evaluating 24 Geometry Pairs with Predicate Contains
[LIBGPUSPATIAL] [ 16455][19:55:24:275460][info  ] RTSpatialRefiner 0x177ea3e0 (Free 22005 MB), Profiling Results. Parse: 0.25 ms, Refine: 0.45 ms, Copy Results: 0.04 ms
[LIBGPUSPATIAL] [ 16455][19:55:24:285959][info  ] RTSpatialIndex 0x1b08bef0 (Free 22005 MB), Allocate result buffer, memory consumption 0 MB, capacity 22
[LIBGPUSPATIAL] [ 16455][19:55:24:286068][info  ] RTSpatialIndex 0x1b08bef0 (Free 22005 MB), Probe Points, Size: 100000, Results: 22
[LIBGPUSPATIAL] [ 16455][19:55:24:286094][info  ] RTSpatialIndex 0x1b08bef0 (Free 22005 MB), Profiling Results. Alloc: 0.06 ms, Prepare: 0.23 ms, RT: 0.08 ms, Copy res: 0.05 ms
[LIBGPUSPATIAL] [ 16455][19:55:24:286349][info  ] RTSpatialRefiner 0x177ea3e0 (Free 22005 MB), Loaded Geometries, ProbeArray 100000, Loaded 18, Type Point
[LIBGPUSPATIAL] [ 16455][19:55:24:286375][info  ] RTSpatialRefiner 0x177ea3e0 (Free 22005 MB), Evaluating 22 Geometry Pairs with Predicate Contains
[LIBGPUSPATIAL] [ 16455][19:55:24:286893][info  ] RTSpatialRefiner 0x177ea3e0 (Free 22005 MB), Profiling Results. Parse: 0.21 ms, Refine: 0.47 ms, Copy Results: 0.04 ms
[LIBGPUSPATIAL] [ 16455][19:55:24:298261][info  ] RTSpatialIndex 0x1b08bef0 (Free 22005 MB), Allocate result buffer, memory consumption 0 MB, capacity 19
[LIBGPUSPATIAL] [ 16455][19:55:24:298364][info  ] RTSpatialIndex 0x1b08bef0 (Free 22005 MB), Probe Points, Size: 100000, Results: 19
[LIBGPUSPATIAL] [ 16455][19:55:24:298390][info  ] RTSpatialIndex 0x1b08bef0 (Free 22005 MB), Profiling Results. Alloc: 0.06 ms, Prepare: 0.24 ms, RT: 0.08 ms, Copy res: 0.05 ms
[LIBGPUSPATIAL] [ 16455][19:55:24:298659][info  ] RTSpatialRefiner 0x177ea3e0 (Free 22005 MB), Loaded Geometries, ProbeArray 100000, Loaded 16, Type Point
[LIBGPUSPATIAL] [ 16455][19:55:24:298686][info  ] RTSpatialRefiner 0x177ea3e0 (Free 22005 MB), Evaluating 19 Geometry Pairs with Predicate Contains
[LIBGPUSPATIAL] [ 16455][19:55:24:299223][info  ] RTSpatialRefiner 0x177ea3e0 (Free 22005 MB), Profiling Results. Parse: 0.23 ms, Refine: 0.49 ms, Copy Results: 0.04 ms
[LIBGPUSPATIAL] [ 16455][19:55:24:309705][info  ] RTSpatialIndex 0x1b08bef0 (Free 22005 MB), Allocate result buffer, memory consumption 0 MB, capacity 16
[LIBGPUSPATIAL] [ 16455][19:55:24:309824][info  ] RTSpatialIndex 0x1b08bef0 (Free 22005 MB), Probe Points, Size: 100000, Results: 16
[LIBGPUSPATIAL] [ 16455][19:55:24:309847][info  ] RTSpatialIndex 0x1b08bef0 (Free 22005 MB), Profiling Results. Alloc: 0.06 ms, Prepare: 0.22 ms, RT: 0.06 ms, Copy res: 0.05 ms
[LIBGPUSPATIAL] [ 16455][19:55:24:310090][info  ] RTSpatialRefiner 0x177ea3e0 (Free 22005 MB), Loaded Geometries, ProbeArray 100000, Loaded 15, Type Point
[LIBGPUSPATIAL] [ 16455][19:55:24:310116][info  ] RTSpatialRefiner 0x177ea3e0 (Free 22005 MB), Evaluating 16 Geometry Pairs with Predicate Contains
[LIBGPUSPATIAL] [ 16455][19:55:24:310623][info  ] RTSpatialRefiner 0x177ea3e0 (Free 22005 MB), Profiling Results. Parse: 0.21 ms, Refine: 0.46 ms, Copy Results: 0.04 ms
[LIBGPUSPATIAL] [ 16455][19:55:24:314237][info  ] RTSpatialIndex 0x1b08bef0 (Free 22005 MB), Allocate result buffer, memory consumption 0 MB, capacity 7
[LIBGPUSPATIAL] [ 16455][19:55:24:314337][info  ] RTSpatialIndex 0x1b08bef0 (Free 22005 MB), Probe Points, Size: 33333, Results: 7
[LIBGPUSPATIAL] [ 16455][19:55:24:314359][info  ] RTSpatialIndex 0x1b08bef0 (Free 22005 MB), Profiling Results. Alloc: 0.04 ms, Prepare: 0.11 ms, RT: 0.06 ms, Copy res: 0.04 ms
[LIBGPUSPATIAL] [ 16455][19:55:24:314589][info  ] RTSpatialRefiner 0x177ea3e0 (Free 22005 MB), Loaded Geometries, ProbeArray 33333, Loaded 6, Type Point
[LIBGPUSPATIAL] [ 16455][19:55:24:314615][info  ] RTSpatialRefiner 0x177ea3e0 (Free 22005 MB), Evaluating 7 Geometry Pairs with Predicate Contains
[LIBGPUSPATIAL] [ 16455][19:55:24:315161][info  ] RTSpatialRefiner 0x177ea3e0 (Free 22005 MB), Profiling Results. Parse: 0.20 ms, Refine: 0.50 ms, Copy Results: 0.04 ms
[LIBGPUSPATIAL] [ 16455][19:55:24:335457][info  ] RTSpatialIndex 0x1b08bef0 (Free 22005 MB), Allocate result buffer, memory consumption 0 MB, capacity 19
[LIBGPUSPATIAL] [ 16455][19:55:24:335571][info  ] RTSpatialIndex 0x1b08bef0 (Free 22005 MB), Probe Points, Size: 100000, Results: 19
[LIBGPUSPATIAL] [ 16455][19:55:24:335604][info  ] RTSpatialIndex 0x1b08bef0 (Free 22005 MB), Profiling Results. Alloc: 0.09 ms, Prepare: 0.26 ms, RT: 0.11 ms, Copy res: 0.04 ms
[LIBGPUSPATIAL] [ 16455][19:55:24:335909][info  ] RTSpatialRefiner 0x177ea3e0 (Free 22005 MB), Loaded Geometries, ProbeArray 100000, Loaded 17, Type Point
[LIBGPUSPATIAL] [ 16455][19:55:24:335936][info  ] RTSpatialRefiner 0x177ea3e0 (Free 22005 MB), Evaluating 19 Geometry Pairs with Predicate Contains
[LIBGPUSPATIAL] [ 16455][19:55:24:336509][info  ] RTSpatialRefiner 0x177ea3e0 (Free 22005 MB), Profiling Results. Parse: 0.26 ms, Refine: 0.53 ms, Copy Results: 0.04 ms
[LIBGPUSPATIAL] [ 16455][19:55:24:347069][info  ] RTSpatialIndex 0x1b08bef0 (Free 22005 MB), Allocate result buffer, memory consumption 0 MB, capacity 24
[LIBGPUSPATIAL] [ 16455][19:55:24:347179][info  ] RTSpatialIndex 0x1b08bef0 (Free 22005 MB), Probe Points, Size: 100000, Results: 24
[LIBGPUSPATIAL] [ 16455][19:55:24:347203][info  ] RTSpatialIndex 0x1b08bef0 (Free 22005 MB), Profiling Results. Alloc: 0.05 ms, Prepare: 0.22 ms, RT: 0.08 ms, Copy res: 0.05 ms
[LIBGPUSPATIAL] [ 16455][19:55:24:347457][info  ] RTSpatialRefiner 0x177ea3e0 (Free 22005 MB), Loaded Geometries, ProbeArray 100000, Loaded 19, Type Point
[LIBGPUSPATIAL] [ 16455][19:55:24:347482][info  ] RTSpatialRefiner 0x177ea3e0 (Free 22005 MB), Evaluating 24 Geometry Pairs with Predicate Contains
[LIBGPUSPATIAL] [ 16455][19:55:24:347988][info  ] RTSpatialRefiner 0x177ea3e0 (Free 22005 MB), Profiling Results. Parse: 0.21 ms, Refine: 0.46 ms, Copy Results: 0.04 ms
[LIBGPUSPATIAL] [ 16455][19:55:24:358284][info  ] RTSpatialIndex 0x1b08bef0 (Free 22005 MB), Allocate result buffer, memory consumption 0 MB, capacity 25
[LIBGPUSPATIAL] [ 16455][19:55:24:358394][info  ] RTSpatialIndex 0x1b08bef0 (Free 22005 MB), Probe Points, Size: 100000, Results: 25
[LIBGPUSPATIAL] [ 16455][19:55:24:358417][info  ] RTSpatialIndex 0x1b08bef0 (Free 22005 MB), Profiling Results. Alloc: 0.05 ms, Prepare: 0.22 ms, RT: 0.08 ms, Copy res: 0.05 ms
[LIBGPUSPATIAL] [ 16455][19:55:24:358660][info  ] RTSpatialRefiner 0x177ea3e0 (Free 22005 MB), Loaded Geometries, ProbeArray 100000, Loaded 19, Type Point
[LIBGPUSPATIAL] [ 16455][19:55:24:358685][info  ] RTSpatialRefiner 0x177ea3e0 (Free 22005 MB), Evaluating 25 Geometry Pairs with Predicate Contains
[LIBGPUSPATIAL] [ 16455][19:55:24:359222][info  ] RTSpatialRefiner 0x177ea3e0 (Free 22005 MB), Profiling Results. Parse: 0.21 ms, Refine: 0.49 ms, Copy Results: 0.04 ms
[LIBGPUSPATIAL] [ 16455][19:55:24:369479][info  ] RTSpatialIndex 0x1b08bef0 (Free 22005 MB), Allocate result buffer, memory consumption 0 MB, capacity 22
[LIBGPUSPATIAL] [ 16455][19:55:24:369580][info  ] RTSpatialIndex 0x1b08bef0 (Free 22005 MB), Probe Points, Size: 100000, Results: 22
[LIBGPUSPATIAL] [ 16455][19:55:24:369603][info  ] RTSpatialIndex 0x1b08bef0 (Free 22005 MB), Profiling Results. Alloc: 0.04 ms, Prepare: 0.22 ms, RT: 0.07 ms, Copy res: 0.05 ms
[LIBGPUSPATIAL] [ 16455][19:55:24:369857][info  ] RTSpatialRefiner 0x177ea3e0 (Free 22005 MB), Loaded Geometries, ProbeArray 100000, Loaded 16, Type Point
[LIBGPUSPATIAL] [ 16455][19:55:24:369882][info  ] RTSpatialRefiner 0x177ea3e0 (Free 22005 MB), Evaluating 22 Geometry Pairs with Predicate Contains
[LIBGPUSPATIAL] [ 16455][19:55:24:370380][info  ] RTSpatialRefiner 0x177ea3e0 (Free 22005 MB), Profiling Results. Parse: 0.22 ms, Refine: 0.45 ms, Copy Results: 0.04 ms
[LIBGPUSPATIAL] [ 16455][19:55:24:380265][info  ] RTSpatialIndex 0x1b08bef0 (Free 22005 MB), Allocate result buffer, memory consumption 0 MB, capacity 19
[LIBGPUSPATIAL] [ 16455][19:55:24:380371][info  ] RTSpatialIndex 0x1b08bef0 (Free 22005 MB), Probe Points, Size: 100000, Results: 19
[LIBGPUSPATIAL] [ 16455][19:55:24:380394][info  ] RTSpatialIndex 0x1b08bef0 (Free 22005 MB), Profiling Results. Alloc: 0.04 ms, Prepare: 0.22 ms, RT: 0.08 ms, Copy res: 0.04 ms
[LIBGPUSPATIAL] [ 16455][19:55:24:380624][info  ] RTSpatialRefiner 0x177ea3e0 (Free 22005 MB), Loaded Geometries, ProbeArray 100000, Loaded 14, Type Point
[LIBGPUSPATIAL] [ 16455][19:55:24:380650][info  ] RTSpatialRefiner 0x177ea3e0 (Free 22005 MB), Evaluating 19 Geometry Pairs with Predicate Contains
[LIBGPUSPATIAL] [ 16455][19:55:24:381244][info  ] RTSpatialRefiner 0x177ea3e0 (Free 22005 MB), Profiling Results. Parse: 0.19 ms, Refine: 0.55 ms, Copy Results: 0.04 ms
[LIBGPUSPATIAL] [ 16455][19:55:24:391546][info  ] RTSpatialIndex 0x1b08bef0 (Free 22005 MB), Allocate result buffer, memory consumption 0 MB, capacity 23
[LIBGPUSPATIAL] [ 16455][19:55:24:391656][info  ] RTSpatialIndex 0x1b08bef0 (Free 22005 MB), Probe Points, Size: 100000, Results: 23
[LIBGPUSPATIAL] [ 16455][19:55:24:391679][info  ] RTSpatialIndex 0x1b08bef0 (Free 22005 MB), Profiling Results. Alloc: 0.05 ms, Prepare: 0.22 ms, RT: 0.08 ms, Copy res: 0.05 ms
[LIBGPUSPATIAL] [ 16455][19:55:24:391926][info  ] RTSpatialRefiner 0x177ea3e0 (Free 22005 MB), Loaded Geometries, ProbeArray 100000, Loaded 16, Type Point
[LIBGPUSPATIAL] [ 16455][19:55:24:391951][info  ] RTSpatialRefiner 0x177ea3e0 (Free 22005 MB), Evaluating 23 Geometry Pairs with Predicate Contains
[LIBGPUSPATIAL] [ 16455][19:55:24:392527][info  ] RTSpatialRefiner 0x177ea3e0 (Free 22005 MB), Profiling Results. Parse: 0.21 ms, Refine: 0.53 ms, Copy Results: 0.04 ms
[LIBGPUSPATIAL] [ 16455][19:55:24:402699][info  ] RTSpatialIndex 0x1b08bef0 (Free 22005 MB), Allocate result buffer, memory consumption 0 MB, capacity 16
[LIBGPUSPATIAL] [ 16455][19:55:24:402825][info  ] RTSpatialIndex 0x1b08bef0 (Free 22005 MB), Probe Points, Size: 100000, Results: 16
[LIBGPUSPATIAL] [ 16455][19:55:24:402848][info  ] RTSpatialIndex 0x1b08bef0 (Free 22005 MB), Profiling Results. Alloc: 0.06 ms, Prepare: 0.22 ms, RT: 0.08 ms, Copy res: 0.05 ms
[LIBGPUSPATIAL] [ 16455][19:55:24:403092][info  ] RTSpatialRefiner 0x177ea3e0 (Free 22005 MB), Loaded Geometries, ProbeArray 100000, Loaded 13, Type Point
[LIBGPUSPATIAL] [ 16455][19:55:24:403117][info  ] RTSpatialRefiner 0x177ea3e0 (Free 22005 MB), Evaluating 16 Geometry Pairs with Predicate Contains
[LIBGPUSPATIAL] [ 16455][19:55:24:403613][info  ] RTSpatialRefiner 0x177ea3e0 (Free 22005 MB), Profiling Results. Parse: 0.21 ms, Refine: 0.45 ms, Copy Results: 0.04 ms
[LIBGPUSPATIAL] [ 16455][19:55:24:413900][info  ] RTSpatialIndex 0x1b08bef0 (Free 22005 MB), Allocate result buffer, memory consumption 0 MB, capacity 24
[LIBGPUSPATIAL] [ 16455][19:55:24:414008][info  ] RTSpatialIndex 0x1b08bef0 (Free 22005 MB), Probe Points, Size: 100000, Results: 24
[LIBGPUSPATIAL] [ 16455][19:55:24:414031][info  ] RTSpatialIndex 0x1b08bef0 (Free 22005 MB), Profiling Results. Alloc: 0.04 ms, Prepare: 0.22 ms, RT: 0.07 ms, Copy res: 0.04 ms
[LIBGPUSPATIAL] [ 16455][19:55:24:414265][info  ] RTSpatialRefiner 0x177ea3e0 (Free 22005 MB), Loaded Geometries, ProbeArray 100000, Loaded 20, Type Point
[LIBGPUSPATIAL] [ 16455][19:55:24:414290][info  ] RTSpatialRefiner 0x177ea3e0 (Free 22005 MB), Evaluating 24 Geometry Pairs with Predicate Contains
[LIBGPUSPATIAL] [ 16455][19:55:24:414819][info  ] RTSpatialRefiner 0x177ea3e0 (Free 22005 MB), Profiling Results. Parse: 0.20 ms, Refine: 0.48 ms, Copy Results: 0.04 ms
[LIBGPUSPATIAL] [ 16455][19:55:24:425137][info  ] RTSpatialIndex 0x1b08bef0 (Free 22005 MB), Allocate result buffer, memory consumption 0 MB, capacity 27
[LIBGPUSPATIAL] [ 16455][19:55:24:425247][info  ] RTSpatialIndex 0x1b08bef0 (Free 22005 MB), Probe Points, Size: 100000, Results: 27
[LIBGPUSPATIAL] [ 16455][19:55:24:425269][info  ] RTSpatialIndex 0x1b08bef0 (Free 22005 MB), Profiling Results. Alloc: 0.05 ms, Prepare: 0.23 ms, RT: 0.08 ms, Copy res: 0.05 ms
[LIBGPUSPATIAL] [ 16455][19:55:24:425511][info  ] RTSpatialRefiner 0x177ea3e0 (Free 22005 MB), Loaded Geometries, ProbeArray 100000, Loaded 20, Type Point
[LIBGPUSPATIAL] [ 16455][19:55:24:425536][info  ] RTSpatialRefiner 0x177ea3e0 (Free 22005 MB), Evaluating 27 Geometry Pairs with Predicate Contains
[LIBGPUSPATIAL] [ 16455][19:55:24:426128][info  ] RTSpatialRefiner 0x177ea3e0 (Free 22005 MB), Profiling Results. Parse: 0.20 ms, Refine: 0.54 ms, Copy Results: 0.04 ms
[LIBGPUSPATIAL] [ 16455][19:55:24:436374][info  ] RTSpatialIndex 0x1b08bef0 (Free 22005 MB), Allocate result buffer, memory consumption 0 MB, capacity 19
[LIBGPUSPATIAL] [ 16455][19:55:24:436483][info  ] RTSpatialIndex 0x1b08bef0 (Free 22005 MB), Probe Points, Size: 100000, Results: 19
[LIBGPUSPATIAL] [ 16455][19:55:24:436509][info  ] RTSpatialIndex 0x1b08bef0 (Free 22005 MB), Profiling Results. Alloc: 0.05 ms, Prepare: 0.22 ms, RT: 0.07 ms, Copy res: 0.04 ms
[LIBGPUSPATIAL] [ 16455][19:55:24:436794][info  ] RTSpatialRefiner 0x177ea3e0 (Free 22005 MB), Loaded Geometries, ProbeArray 100000, Loaded 17, Type Point
[LIBGPUSPATIAL] [ 16455][19:55:24:436822][info  ] RTSpatialRefiner 0x177ea3e0 (Free 22005 MB), Evaluating 19 Geometry Pairs with Predicate Contains
[LIBGPUSPATIAL] [ 16455][19:55:24:437312][info  ] RTSpatialRefiner 0x177ea3e0 (Free 22005 MB), Profiling Results. Parse: 0.24 ms, Refine: 0.45 ms, Copy Results: 0.04 ms
[LIBGPUSPATIAL] [ 16455][19:55:24:447618][info  ] RTSpatialIndex 0x1b08bef0 (Free 22005 MB), Allocate result buffer, memory consumption 0 MB, capacity 35
[LIBGPUSPATIAL] [ 16455][19:55:24:447747][info  ] RTSpatialIndex 0x1b08bef0 (Free 22005 MB), Probe Points, Size: 100000, Results: 35
[LIBGPUSPATIAL] [ 16455][19:55:24:447773][info  ] RTSpatialIndex 0x1b08bef0 (Free 22005 MB), Profiling Results. Alloc: 0.04 ms, Prepare: 0.22 ms, RT: 0.08 ms, Copy res: 0.06 ms
[LIBGPUSPATIAL] [ 16455][19:55:24:448019][info  ] RTSpatialRefiner 0x177ea3e0 (Free 22005 MB), Loaded Geometries, ProbeArray 100000, Loaded 24, Type Point
[LIBGPUSPATIAL] [ 16455][19:55:24:448047][info  ] RTSpatialRefiner 0x177ea3e0 (Free 22005 MB), Evaluating 35 Geometry Pairs with Predicate Contains
[LIBGPUSPATIAL] [ 16455][19:55:24:448570][info  ] RTSpatialRefiner 0x177ea3e0 (Free 22005 MB), Profiling Results. Parse: 0.20 ms, Refine: 0.48 ms, Copy Results: 0.04 ms
[LIBGPUSPATIAL] [ 16455][19:55:24:458475][info  ] RTSpatialIndex 0x1b08bef0 (Free 22005 MB), Allocate result buffer, memory consumption 0 MB, capacity 17
[LIBGPUSPATIAL] [ 16455][19:55:24:458573][info  ] RTSpatialIndex 0x1b08bef0 (Free 22005 MB), Probe Points, Size: 100000, Results: 17
[LIBGPUSPATIAL] [ 16455][19:55:24:458597][info  ] RTSpatialIndex 0x1b08bef0 (Free 22005 MB), Profiling Results. Alloc: 0.04 ms, Prepare: 0.22 ms, RT: 0.06 ms, Copy res: 0.04 ms
[LIBGPUSPATIAL] [ 16455][19:55:24:458873][info  ] RTSpatialRefiner 0x177ea3e0 (Free 22005 MB), Loaded Geometries, ProbeArray 100000, Loaded 15, Type Point
[LIBGPUSPATIAL] [ 16455][19:55:24:458901][info  ] RTSpatialRefiner 0x177ea3e0 (Free 22005 MB), Evaluating 17 Geometry Pairs with Predicate Contains
[LIBGPUSPATIAL] [ 16455][19:55:24:459378][info  ] RTSpatialRefiner 0x177ea3e0 (Free 22005 MB), Profiling Results. Parse: 0.24 ms, Refine: 0.44 ms, Copy Results: 0.04 ms
[LIBGPUSPATIAL] [ 16455][19:55:24:469678][info  ] RTSpatialIndex 0x1b08bef0 (Free 22005 MB), Allocate result buffer, memory consumption 0 MB, capacity 17
[LIBGPUSPATIAL] [ 16455][19:55:24:469803][info  ] RTSpatialIndex 0x1b08bef0 (Free 22005 MB), Probe Points, Size: 100000, Results: 17
[LIBGPUSPATIAL] [ 16455][19:55:24:469828][info  ] RTSpatialIndex 0x1b08bef0 (Free 22005 MB), Profiling Results. Alloc: 0.05 ms, Prepare: 0.22 ms, RT: 0.09 ms, Copy res: 0.05 ms
[LIBGPUSPATIAL] [ 16455][19:55:24:470081][info  ] RTSpatialRefiner 0x177ea3e0 (Free 22005 MB), Loaded Geometries, ProbeArray 100000, Loaded 14, Type Point
[LIBGPUSPATIAL] [ 16455][19:55:24:470109][info  ] RTSpatialRefiner 0x177ea3e0 (Free 22005 MB), Evaluating 17 Geometry Pairs with Predicate Contains
[LIBGPUSPATIAL] [ 16455][19:55:24:470664][info  ] RTSpatialRefiner 0x177ea3e0 (Free 22005 MB), Profiling Results. Parse: 0.21 ms, Refine: 0.51 ms, Copy Results: 0.04 ms
[LIBGPUSPATIAL] [ 16455][19:55:24:474212][info  ] RTSpatialIndex 0x1b08bef0 (Free 22005 MB), Allocate result buffer, memory consumption 0 MB, capacity 8
[LIBGPUSPATIAL] [ 16455][19:55:24:474321][info  ] RTSpatialIndex 0x1b08bef0 (Free 22005 MB), Probe Points, Size: 33333, Results: 8
[LIBGPUSPATIAL] [ 16455][19:55:24:474346][info  ] RTSpatialIndex 0x1b08bef0 (Free 22005 MB), Profiling Results. Alloc: 0.04 ms, Prepare: 0.12 ms, RT: 0.07 ms, Copy res: 0.05 ms
[LIBGPUSPATIAL] [ 16455][19:55:24:474586][info  ] RTSpatialRefiner 0x177ea3e0 (Free 22005 MB), Loaded Geometries, ProbeArray 33333, Loaded 7, Type Point
[LIBGPUSPATIAL] [ 16455][19:55:24:474614][info  ] RTSpatialRefiner 0x177ea3e0 (Free 22005 MB), Evaluating 8 Geometry Pairs with Predicate Contains
[LIBGPUSPATIAL] [ 16455][19:55:24:475115][info  ] RTSpatialRefiner 0x177ea3e0 (Free 22005 MB), Profiling Results. Parse: 0.20 ms, Refine: 0.46 ms, Copy Results: 0.04 ms
[LIBGPUSPATIAL] [ 16455][19:55:24:495418][info  ] RTSpatialIndex 0x1b08bef0 (Free 22005 MB), Allocate result buffer, memory consumption 0 MB, capacity 21
[LIBGPUSPATIAL] [ 16455][19:55:24:495535][info  ] RTSpatialIndex 0x1b08bef0 (Free 22005 MB), Probe Points, Size: 100000, Results: 21
[LIBGPUSPATIAL] [ 16455][19:55:24:495566][info  ] RTSpatialIndex 0x1b08bef0 (Free 22005 MB), Profiling Results. Alloc: 0.09 ms, Prepare: 0.27 ms, RT: 0.11 ms, Copy res: 0.04 ms
[LIBGPUSPATIAL] [ 16455][19:55:24:495833][info  ] RTSpatialRefiner 0x177ea3e0 (Free 22005 MB), Loaded Geometries, ProbeArray 100000, Loaded 15, Type Point
[LIBGPUSPATIAL] [ 16455][19:55:24:495859][info  ] RTSpatialRefiner 0x177ea3e0 (Free 22005 MB), Evaluating 21 Geometry Pairs with Predicate Contains
[LIBGPUSPATIAL] [ 16455][19:55:24:496494][info  ] RTSpatialRefiner 0x177ea3e0 (Free 22005 MB), Profiling Results. Parse: 0.22 ms, Refine: 0.59 ms, Copy Results: 0.04 ms
[LIBGPUSPATIAL] [ 16455][19:55:24:507056][info  ] RTSpatialIndex 0x1b08bef0 (Free 22005 MB), Allocate result buffer, memory consumption 0 MB, capacity 12
[LIBGPUSPATIAL] [ 16455][19:55:24:507174][info  ] RTSpatialIndex 0x1b08bef0 (Free 22005 MB), Probe Points, Size: 100000, Results: 12
[LIBGPUSPATIAL] [ 16455][19:55:24:507201][info  ] RTSpatialIndex 0x1b08bef0 (Free 22005 MB), Profiling Results. Alloc: 0.05 ms, Prepare: 0.22 ms, RT: 0.09 ms, Copy res: 0.05 ms
[LIBGPUSPATIAL] [ 16455][19:55:24:507458][info  ] RTSpatialRefiner 0x177ea3e0 (Free 22005 MB), Loaded Geometries, ProbeArray 100000, Loaded 10, Type Point
[LIBGPUSPATIAL] [ 16455][19:55:24:507483][info  ] RTSpatialRefiner 0x177ea3e0 (Free 22005 MB), Evaluating 12 Geometry Pairs with Predicate Contains
[LIBGPUSPATIAL] [ 16455][19:55:24:507947][info  ] RTSpatialRefiner 0x177ea3e0 (Free 22005 MB), Profiling Results. Parse: 0.21 ms, Refine: 0.42 ms, Copy Results: 0.04 ms
[LIBGPUSPATIAL] [ 16455][19:55:24:518266][info  ] RTSpatialIndex 0x1b08bef0 (Free 22005 MB), Allocate result buffer, memory consumption 0 MB, capacity 22
[LIBGPUSPATIAL] [ 16455][19:55:24:518377][info  ] RTSpatialIndex 0x1b08bef0 (Free 22005 MB), Probe Points, Size: 100000, Results: 22
[LIBGPUSPATIAL] [ 16455][19:55:24:518400][info  ] RTSpatialIndex 0x1b08bef0 (Free 22005 MB), Profiling Results. Alloc: 0.05 ms, Prepare: 0.22 ms, RT: 0.08 ms, Copy res: 0.05 ms
[LIBGPUSPATIAL] [ 16455][19:55:24:518655][info  ] RTSpatialRefiner 0x177ea3e0 (Free 22005 MB), Loaded Geometries, ProbeArray 100000, Loaded 19, Type Point
[LIBGPUSPATIAL] [ 16455][19:55:24:518680][info  ] RTSpatialRefiner 0x177ea3e0 (Free 22005 MB), Evaluating 22 Geometry Pairs with Predicate Contains
[LIBGPUSPATIAL] [ 16455][19:55:24:519189][info  ] RTSpatialRefiner 0x177ea3e0 (Free 22005 MB), Profiling Results. Parse: 0.22 ms, Refine: 0.46 ms, Copy Results: 0.04 ms
[LIBGPUSPATIAL] [ 16455][19:55:24:529492][info  ] RTSpatialIndex 0x1b08bef0 (Free 22005 MB), Allocate result buffer, memory consumption 0 MB, capacity 17
[LIBGPUSPATIAL] [ 16455][19:55:24:529601][info  ] RTSpatialIndex 0x1b08bef0 (Free 22005 MB), Probe Points, Size: 100000, Results: 17
[LIBGPUSPATIAL] [ 16455][19:55:24:529623][info  ] RTSpatialIndex 0x1b08bef0 (Free 22005 MB), Profiling Results. Alloc: 0.05 ms, Prepare: 0.22 ms, RT: 0.08 ms, Copy res: 0.04 ms
[LIBGPUSPATIAL] [ 16455][19:55:24:529900][info  ] RTSpatialRefiner 0x177ea3e0 (Free 22005 MB), Loaded Geometries, ProbeArray 100000, Loaded 14, Type Point
[LIBGPUSPATIAL] [ 16455][19:55:24:529925][info  ] RTSpatialRefiner 0x177ea3e0 (Free 22005 MB), Evaluating 17 Geometry Pairs with Predicate Contains
[LIBGPUSPATIAL] [ 16455][19:55:24:530408][info  ] RTSpatialRefiner 0x177ea3e0 (Free 22005 MB), Profiling Results. Parse: 0.24 ms, Refine: 0.44 ms, Copy Results: 0.04 ms
[LIBGPUSPATIAL] [ 16455][19:55:24:540314][info  ] RTSpatialIndex 0x1b08bef0 (Free 22005 MB), Allocate result buffer, memory consumption 0 MB, capacity 21
[LIBGPUSPATIAL] [ 16455][19:55:24:540432][info  ] RTSpatialIndex 0x1b08bef0 (Free 22005 MB), Probe Points, Size: 100000, Results: 21
[LIBGPUSPATIAL] [ 16455][19:55:24:540458][info  ] RTSpatialIndex 0x1b08bef0 (Free 22005 MB), Profiling Results. Alloc: 0.04 ms, Prepare: 0.22 ms, RT: 0.08 ms, Copy res: 0.05 ms
[LIBGPUSPATIAL] [ 16455][19:55:24:540769][info  ] RTSpatialRefiner 0x177ea3e0 (Free 22005 MB), Loaded Geometries, ProbeArray 100000, Loaded 17, Type Point
[LIBGPUSPATIAL] [ 16455][19:55:24:540795][info  ] RTSpatialRefiner 0x177ea3e0 (Free 22005 MB), Evaluating 21 Geometry Pairs with Predicate Contains
[LIBGPUSPATIAL] [ 16455][19:55:24:541307][info  ] RTSpatialRefiner 0x177ea3e0 (Free 22005 MB), Profiling Results. Parse: 0.27 ms, Refine: 0.47 ms, Copy Results: 0.04 ms
[LIBGPUSPATIAL] [ 16455][19:55:24:551711][info  ] RTSpatialIndex 0x1b08bef0 (Free 22005 MB), Allocate result buffer, memory consumption 0 MB, capacity 15
[LIBGPUSPATIAL] [ 16455][19:55:24:551844][info  ] RTSpatialIndex 0x1b08bef0 (Free 22005 MB), Probe Points, Size: 100000, Results: 15
[LIBGPUSPATIAL] [ 16455][19:55:24:551870][info  ] RTSpatialIndex 0x1b08bef0 (Free 22005 MB), Profiling Results. Alloc: 0.07 ms, Prepare: 0.22 ms, RT: 0.07 ms, Copy res: 0.05 ms
[LIBGPUSPATIAL] [ 16455][19:55:24:552160][info  ] RTSpatialRefiner 0x177ea3e0 (Free 22005 MB), Loaded Geometries, ProbeArray 100000, Loaded 13, Type Point
[LIBGPUSPATIAL] [ 16455][19:55:24:552185][info  ] RTSpatialRefiner 0x177ea3e0 (Free 22005 MB), Evaluating 15 Geometry Pairs with Predicate Contains
[LIBGPUSPATIAL] [ 16455][19:55:24:552698][info  ] RTSpatialRefiner 0x177ea3e0 (Free 22005 MB), Profiling Results. Parse: 0.25 ms, Refine: 0.47 ms, Copy Results: 0.04 ms
[LIBGPUSPATIAL] [ 16455][19:55:24:562968][info  ] RTSpatialIndex 0x1b08bef0 (Free 22005 MB), Allocate result buffer, memory consumption 0 MB, capacity 18
[LIBGPUSPATIAL] [ 16455][19:55:24:563076][info  ] RTSpatialIndex 0x1b08bef0 (Free 22005 MB), Probe Points, Size: 100000, Results: 18
[LIBGPUSPATIAL] [ 16455][19:55:24:563100][info  ] RTSpatialIndex 0x1b08bef0 (Free 22005 MB), Profiling Results. Alloc: 0.05 ms, Prepare: 0.23 ms, RT: 0.08 ms, Copy res: 0.05 ms
[LIBGPUSPATIAL] [ 16455][19:55:24:563372][info  ] RTSpatialRefiner 0x177ea3e0 (Free 22005 MB), Loaded Geometries, ProbeArray 100000, Loaded 13, Type Point
[LIBGPUSPATIAL] [ 16455][19:55:24:563398][info  ] RTSpatialRefiner 0x177ea3e0 (Free 22005 MB), Evaluating 18 Geometry Pairs with Predicate Contains
[LIBGPUSPATIAL] [ 16455][19:55:24:563896][info  ] RTSpatialRefiner 0x177ea3e0 (Free 22005 MB), Profiling Results. Parse: 0.24 ms, Refine: 0.45 ms, Copy Results: 0.04 ms
[LIBGPUSPATIAL] [ 16455][19:55:24:574247][info  ] RTSpatialIndex 0x1b08bef0 (Free 22005 MB), Allocate result buffer, memory consumption 0 MB, capacity 15
[LIBGPUSPATIAL] [ 16455][19:55:24:574349][info  ] RTSpatialIndex 0x1b08bef0 (Free 22005 MB), Probe Points, Size: 100000, Results: 15
[LIBGPUSPATIAL] [ 16455][19:55:24:574372][info  ] RTSpatialIndex 0x1b08bef0 (Free 22005 MB), Profiling Results. Alloc: 0.05 ms, Prepare: 0.23 ms, RT: 0.06 ms, Copy res: 0.04 ms
[LIBGPUSPATIAL] [ 16455][19:55:24:574639][info  ] RTSpatialRefiner 0x177ea3e0 (Free 22005 MB), Loaded Geometries, ProbeArray 100000, Loaded 12, Type Point
[LIBGPUSPATIAL] [ 16455][19:55:24:574665][info  ] RTSpatialRefiner 0x177ea3e0 (Free 22005 MB), Evaluating 15 Geometry Pairs with Predicate Contains
[LIBGPUSPATIAL] [ 16455][19:55:24:575208][info  ] RTSpatialRefiner 0x177ea3e0 (Free 22005 MB), Profiling Results. Parse: 0.23 ms, Refine: 0.50 ms, Copy Results: 0.04 ms
[LIBGPUSPATIAL] [ 16455][19:55:24:585569][info  ] RTSpatialIndex 0x1b08bef0 (Free 22005 MB), Allocate result buffer, memory consumption 0 MB, capacity 26
[LIBGPUSPATIAL] [ 16455][19:55:24:585677][info  ] RTSpatialIndex 0x1b08bef0 (Free 22005 MB), Probe Points, Size: 100000, Results: 26
[LIBGPUSPATIAL] [ 16455][19:55:24:585701][info  ] RTSpatialIndex 0x1b08bef0 (Free 22005 MB), Profiling Results. Alloc: 0.05 ms, Prepare: 0.22 ms, RT: 0.08 ms, Copy res: 0.04 ms
[LIBGPUSPATIAL] [ 16455][19:55:24:585987][info  ] RTSpatialRefiner 0x177ea3e0 (Free 22005 MB), Loaded Geometries, ProbeArray 100000, Loaded 19, Type Point
[LIBGPUSPATIAL] [ 16455][19:55:24:586013][info  ] RTSpatialRefiner 0x177ea3e0 (Free 22005 MB), Evaluating 26 Geometry Pairs with Predicate Contains
[LIBGPUSPATIAL] [ 16455][19:55:24:586537][info  ] RTSpatialRefiner 0x177ea3e0 (Free 22005 MB), Profiling Results. Parse: 0.25 ms, Refine: 0.47 ms, Copy Results: 0.05 ms
[LIBGPUSPATIAL] [ 16455][19:55:24:596815][info  ] RTSpatialIndex 0x1b08bef0 (Free 22005 MB), Allocate result buffer, memory consumption 0 MB, capacity 12
[LIBGPUSPATIAL] [ 16455][19:55:24:596931][info  ] RTSpatialIndex 0x1b08bef0 (Free 22005 MB), Probe Points, Size: 100000, Results: 12
[LIBGPUSPATIAL] [ 16455][19:55:24:596956][info  ] RTSpatialIndex 0x1b08bef0 (Free 22005 MB), Profiling Results. Alloc: 0.05 ms, Prepare: 0.24 ms, RT: 0.07 ms, Copy res: 0.05 ms
[LIBGPUSPATIAL] [ 16455][19:55:24:597236][info  ] RTSpatialRefiner 0x177ea3e0 (Free 22005 MB), Loaded Geometries, ProbeArray 100000, Loaded 10, Type Point
[LIBGPUSPATIAL] [ 16455][19:55:24:597261][info  ] RTSpatialRefiner 0x177ea3e0 (Free 22005 MB), Evaluating 12 Geometry Pairs with Predicate Contains
[LIBGPUSPATIAL] [ 16455][19:55:24:597757][info  ] RTSpatialRefiner 0x177ea3e0 (Free 22005 MB), Profiling Results. Parse: 0.24 ms, Refine: 0.43 ms, Copy Results: 0.04 ms
[LIBGPUSPATIAL] [ 16455][19:55:24:608020][info  ] RTSpatialIndex 0x1b08bef0 (Free 22005 MB), Allocate result buffer, memory consumption 0 MB, capacity 24
[LIBGPUSPATIAL] [ 16455][19:55:24:608126][info  ] RTSpatialIndex 0x1b08bef0 (Free 22005 MB), Probe Points, Size: 100000, Results: 24
[LIBGPUSPATIAL] [ 16455][19:55:24:608150][info  ] RTSpatialIndex 0x1b08bef0 (Free 22005 MB), Profiling Results. Alloc: 0.04 ms, Prepare: 0.23 ms, RT: 0.08 ms, Copy res: 0.04 ms
[LIBGPUSPATIAL] [ 16455][19:55:24:608410][info  ] RTSpatialRefiner 0x177ea3e0 (Free 22005 MB), Loaded Geometries, ProbeArray 100000, Loaded 16, Type Point
[LIBGPUSPATIAL] [ 16455][19:55:24:608435][info  ] RTSpatialRefiner 0x177ea3e0 (Free 22005 MB), Evaluating 24 Geometry Pairs with Predicate Contains
[LIBGPUSPATIAL] [ 16455][19:55:24:608953][info  ] RTSpatialRefiner 0x177ea3e0 (Free 22005 MB), Profiling Results. Parse: 0.23 ms, Refine: 0.47 ms, Copy Results: 0.04 ms
[LIBGPUSPATIAL] [ 16455][19:55:24:618852][info  ] RTSpatialIndex 0x1b08bef0 (Free 22005 MB), Allocate result buffer, memory consumption 0 MB, capacity 24
[LIBGPUSPATIAL] [ 16455][19:55:24:618960][info  ] RTSpatialIndex 0x1b08bef0 (Free 22005 MB), Probe Points, Size: 100000, Results: 24
[LIBGPUSPATIAL] [ 16455][19:55:24:618983][info  ] RTSpatialIndex 0x1b08bef0 (Free 22005 MB), Profiling Results. Alloc: 0.04 ms, Prepare: 0.22 ms, RT: 0.07 ms, Copy res: 0.04 ms
[LIBGPUSPATIAL] [ 16455][19:55:24:619242][info  ] RTSpatialRefiner 0x177ea3e0 (Free 22005 MB), Loaded Geometries, ProbeArray 100000, Loaded 16, Type Point
[LIBGPUSPATIAL] [ 16455][19:55:24:619267][info  ] RTSpatialRefiner 0x177ea3e0 (Free 22005 MB), Evaluating 24 Geometry Pairs with Predicate Contains
[LIBGPUSPATIAL] [ 16455][19:55:24:619823][info  ] RTSpatialRefiner 0x177ea3e0 (Free 22005 MB), Profiling Results. Parse: 0.22 ms, Refine: 0.51 ms, Copy Results: 0.04 ms
[LIBGPUSPATIAL] [ 16455][19:55:24:630190][info  ] RTSpatialIndex 0x1b08bef0 (Free 22005 MB), Allocate result buffer, memory consumption 0 MB, capacity 31
[LIBGPUSPATIAL] [ 16455][19:55:24:630298][info  ] RTSpatialIndex 0x1b08bef0 (Free 22005 MB), Probe Points, Size: 100000, Results: 31
[LIBGPUSPATIAL] [ 16455][19:55:24:630321][info  ] RTSpatialIndex 0x1b08bef0 (Free 22005 MB), Profiling Results. Alloc: 0.05 ms, Prepare: 0.23 ms, RT: 0.08 ms, Copy res: 0.04 ms
[LIBGPUSPATIAL] [ 16455][19:55:24:630588][info  ] RTSpatialRefiner 0x177ea3e0 (Free 22005 MB), Loaded Geometries, ProbeArray 100000, Loaded 25, Type Point
[LIBGPUSPATIAL] [ 16455][19:55:24:630613][info  ] RTSpatialRefiner 0x177ea3e0 (Free 22005 MB), Evaluating 31 Geometry Pairs with Predicate Contains
[LIBGPUSPATIAL] [ 16455][19:55:24:631121][info  ] RTSpatialRefiner 0x177ea3e0 (Free 22005 MB), Profiling Results. Parse: 0.23 ms, Refine: 0.46 ms, Copy Results: 0.04 ms
[LIBGPUSPATIAL] [ 16455][19:55:24:634648][info  ] RTSpatialIndex 0x1b08bef0 (Free 22005 MB), Allocate result buffer, memory consumption 0 MB, capacity 9
[LIBGPUSPATIAL] [ 16455][19:55:24:634766][info  ] RTSpatialIndex 0x1b08bef0 (Free 22005 MB), Probe Points, Size: 33333, Results: 9
[LIBGPUSPATIAL] [ 16455][19:55:24:634789][info  ] RTSpatialIndex 0x1b08bef0 (Free 22005 MB), Profiling Results. Alloc: 0.04 ms, Prepare: 0.12 ms, RT: 0.06 ms, Copy res: 0.07 ms
[LIBGPUSPATIAL] [ 16455][19:55:24:635044][info  ] RTSpatialRefiner 0x177ea3e0 (Free 22005 MB), Loaded Geometries, ProbeArray 33333, Loaded 7, Type Point
[LIBGPUSPATIAL] [ 16455][19:55:24:635068][info  ] RTSpatialRefiner 0x177ea3e0 (Free 22005 MB), Evaluating 9 Geometry Pairs with Predicate Contains
[LIBGPUSPATIAL] [ 16455][19:55:24:635530][info  ] RTSpatialRefiner 0x177ea3e0 (Free 22005 MB), Profiling Results. Parse: 0.22 ms, Refine: 0.42 ms, Copy Results: 0.04 ms
[LIBGPUSPATIAL] [ 16455][19:55:24:656116][info  ] RTSpatialIndex 0x1b08bef0 (Free 22005 MB), Allocate result buffer, memory consumption 0 MB, capacity 27
[LIBGPUSPATIAL] [ 16455][19:55:24:656242][info  ] RTSpatialIndex 0x1b08bef0 (Free 22005 MB), Probe Points, Size: 100000, Results: 27
[LIBGPUSPATIAL] [ 16455][19:55:24:656273][info  ] RTSpatialIndex 0x1b08bef0 (Free 22005 MB), Profiling Results. Alloc: 0.10 ms, Prepare: 0.28 ms, RT: 0.11 ms, Copy res: 0.04 ms
[LIBGPUSPATIAL] [ 16455][19:55:24:656588][info  ] RTSpatialRefiner 0x177ea3e0 (Free 22005 MB), Loaded Geometries, ProbeArray 100000, Loaded 19, Type Point
[LIBGPUSPATIAL] [ 16455][19:55:24:656615][info  ] RTSpatialRefiner 0x177ea3e0 (Free 22005 MB), Evaluating 27 Geometry Pairs with Predicate Contains
[LIBGPUSPATIAL] [ 16455][19:55:24:657209][info  ] RTSpatialRefiner 0x177ea3e0 (Free 22005 MB), Profiling Results. Parse: 0.26 ms, Refine: 0.54 ms, Copy Results: 0.04 ms
[LIBGPUSPATIAL] [ 16455][19:55:24:667798][info  ] RTSpatialIndex 0x1b08bef0 (Free 22005 MB), Allocate result buffer, memory consumption 0 MB, capacity 15
[LIBGPUSPATIAL] [ 16455][19:55:24:667905][info  ] RTSpatialIndex 0x1b08bef0 (Free 22005 MB), Probe Points, Size: 100000, Results: 15
[LIBGPUSPATIAL] [ 16455][19:55:24:667932][info  ] RTSpatialIndex 0x1b08bef0 (Free 22005 MB), Profiling Results. Alloc: 0.05 ms, Prepare: 0.23 ms, RT: 0.09 ms, Copy res: 0.04 ms
[LIBGPUSPATIAL] [ 16455][19:55:24:668219][info  ] RTSpatialRefiner 0x177ea3e0 (Free 22005 MB), Loaded Geometries, ProbeArray 100000, Loaded 13, Type Point
[LIBGPUSPATIAL] [ 16455][19:55:24:668244][info  ] RTSpatialRefiner 0x177ea3e0 (Free 22005 MB), Evaluating 15 Geometry Pairs with Predicate Contains
[LIBGPUSPATIAL] [ 16455][19:55:24:668768][info  ] RTSpatialRefiner 0x177ea3e0 (Free 22005 MB), Profiling Results. Parse: 0.25 ms, Refine: 0.46 ms, Copy Results: 0.06 ms
[LIBGPUSPATIAL] [ 16455][19:55:24:679271][info  ] RTSpatialIndex 0x1b08bef0 (Free 22005 MB), Allocate result buffer, memory consumption 0 MB, capacity 14
[LIBGPUSPATIAL] [ 16455][19:55:24:679370][info  ] RTSpatialIndex 0x1b08bef0 (Free 22005 MB), Probe Points, Size: 100000, Results: 14
[LIBGPUSPATIAL] [ 16455][19:55:24:679398][info  ] RTSpatialIndex 0x1b08bef0 (Free 22005 MB), Profiling Results. Alloc: 0.05 ms, Prepare: 0.22 ms, RT: 0.07 ms, Copy res: 0.04 ms
[LIBGPUSPATIAL] [ 16455][19:55:24:679678][info  ] RTSpatialRefiner 0x177ea3e0 (Free 22005 MB), Loaded Geometries, ProbeArray 100000, Loaded 13, Type Point
[LIBGPUSPATIAL] [ 16455][19:55:24:679707][info  ] RTSpatialRefiner 0x177ea3e0 (Free 22005 MB), Evaluating 14 Geometry Pairs with Predicate Contains
[LIBGPUSPATIAL] [ 16455][19:55:24:680235][info  ] RTSpatialRefiner 0x177ea3e0 (Free 22005 MB), Profiling Results. Parse: 0.24 ms, Refine: 0.49 ms, Copy Results: 0.04 ms
[LIBGPUSPATIAL] [ 16455][19:55:24:690610][info  ] RTSpatialIndex 0x1b08bef0 (Free 22005 MB), Allocate result buffer, memory consumption 0 MB, capacity 27
[LIBGPUSPATIAL] [ 16455][19:55:24:690743][info  ] RTSpatialIndex 0x1b08bef0 (Free 22005 MB), Probe Points, Size: 100000, Results: 27
[LIBGPUSPATIAL] [ 16455][19:55:24:690769][info  ] RTSpatialIndex 0x1b08bef0 (Free 22005 MB), Profiling Results. Alloc: 0.05 ms, Prepare: 0.22 ms, RT: 0.08 ms, Copy res: 0.06 ms
[LIBGPUSPATIAL] [ 16455][19:55:24:691063][info  ] RTSpatialRefiner 0x177ea3e0 (Free 22005 MB), Loaded Geometries, ProbeArray 100000, Loaded 21, Type Point
[LIBGPUSPATIAL] [ 16455][19:55:24:691090][info  ] RTSpatialRefiner 0x177ea3e0 (Free 22005 MB), Evaluating 27 Geometry Pairs with Predicate Contains
[LIBGPUSPATIAL] [ 16455][19:55:24:691660][info  ] RTSpatialRefiner 0x177ea3e0 (Free 22005 MB), Profiling Results. Parse: 0.25 ms, Refine: 0.53 ms, Copy Results: 0.04 ms
[LIBGPUSPATIAL] [ 16455][19:55:24:701600][info  ] RTSpatialIndex 0x1b08bef0 (Free 22005 MB), Allocate result buffer, memory consumption 0 MB, capacity 10
[LIBGPUSPATIAL] [ 16455][19:55:24:701702][info  ] RTSpatialIndex 0x1b08bef0 (Free 22005 MB), Probe Points, Size: 100000, Results: 10
[LIBGPUSPATIAL] [ 16455][19:55:24:701739][info  ] RTSpatialIndex 0x1b08bef0 (Free 22005 MB), Profiling Results. Alloc: 0.05 ms, Prepare: 0.22 ms, RT: 0.06 ms, Copy res: 0.05 ms
[LIBGPUSPATIAL] [ 16455][19:55:24:702010][info  ] RTSpatialRefiner 0x177ea3e0 (Free 22005 MB), Loaded Geometries, ProbeArray 100000, Loaded 9, Type Point
[LIBGPUSPATIAL] [ 16455][19:55:24:702034][info  ] RTSpatialRefiner 0x177ea3e0 (Free 22005 MB), Evaluating 10 Geometry Pairs with Predicate Contains
[LIBGPUSPATIAL] [ 16455][19:55:24:702512][info  ] RTSpatialRefiner 0x177ea3e0 (Free 22005 MB), Profiling Results. Parse: 0.23 ms, Refine: 0.43 ms, Copy Results: 0.04 ms
[LIBGPUSPATIAL] [ 16455][19:55:24:712931][info  ] RTSpatialIndex 0x1b08bef0 (Free 22005 MB), Allocate result buffer, memory consumption 0 MB, capacity 31
[LIBGPUSPATIAL] [ 16455][19:55:24:713039][info  ] RTSpatialIndex 0x1b08bef0 (Free 22005 MB), Probe Points, Size: 100000, Results: 31
[LIBGPUSPATIAL] [ 16455][19:55:24:713063][info  ] RTSpatialIndex 0x1b08bef0 (Free 22005 MB), Profiling Results. Alloc: 0.05 ms, Prepare: 0.22 ms, RT: 0.07 ms, Copy res: 0.04 ms
[LIBGPUSPATIAL] [ 16455][19:55:24:713351][info  ] RTSpatialRefiner 0x177ea3e0 (Free 22005 MB), Loaded Geometries, ProbeArray 100000, Loaded 23, Type Point
[LIBGPUSPATIAL] [ 16455][19:55:24:713377][info  ] RTSpatialRefiner 0x177ea3e0 (Free 22005 MB), Evaluating 31 Geometry Pairs with Predicate Contains
[LIBGPUSPATIAL] [ 16455][19:55:24:713910][info  ] RTSpatialRefiner 0x177ea3e0 (Free 22005 MB), Profiling Results. Parse: 0.25 ms, Refine: 0.48 ms, Copy Results: 0.04 ms
[LIBGPUSPATIAL] [ 16455][19:55:24:724092][info  ] RTSpatialIndex 0x1b08bef0 (Free 22005 MB), Allocate result buffer, memory consumption 0 MB, capacity 21
[LIBGPUSPATIAL] [ 16455][19:55:24:724201][info  ] RTSpatialIndex 0x1b08bef0 (Free 22005 MB), Probe Points, Size: 100000, Results: 21
[LIBGPUSPATIAL] [ 16455][19:55:24:724227][info  ] RTSpatialIndex 0x1b08bef0 (Free 22005 MB), Profiling Results. Alloc: 0.05 ms, Prepare: 0.23 ms, RT: 0.07 ms, Copy res: 0.05 ms
[LIBGPUSPATIAL] [ 16455][19:55:24:724512][info  ] RTSpatialRefiner 0x177ea3e0 (Free 22005 MB), Loaded Geometries, ProbeArray 100000, Loaded 18, Type Point
[LIBGPUSPATIAL] [ 16455][19:55:24:724540][info  ] RTSpatialRefiner 0x177ea3e0 (Free 22005 MB), Evaluating 21 Geometry Pairs with Predicate Contains
[LIBGPUSPATIAL] [ 16455][19:55:24:725103][info  ] RTSpatialRefiner 0x177ea3e0 (Free 22005 MB), Profiling Results. Parse: 0.24 ms, Refine: 0.52 ms, Copy Results: 0.04 ms
[LIBGPUSPATIAL] [ 16455][19:55:24:735424][info  ] RTSpatialIndex 0x1b08bef0 (Free 22005 MB), Allocate result buffer, memory consumption 0 MB, capacity 17
[LIBGPUSPATIAL] [ 16455][19:55:24:735524][info  ] RTSpatialIndex 0x1b08bef0 (Free 22005 MB), Probe Points, Size: 100000, Results: 17
[LIBGPUSPATIAL] [ 16455][19:55:24:735551][info  ] RTSpatialIndex 0x1b08bef0 (Free 22005 MB), Profiling Results. Alloc: 0.04 ms, Prepare: 0.23 ms, RT: 0.06 ms, Copy res: 0.05 ms
[LIBGPUSPATIAL] [ 16455][19:55:24:735833][info  ] RTSpatialRefiner 0x177ea3e0 (Free 22005 MB), Loaded Geometries, ProbeArray 100000, Loaded 13, Type Point
[LIBGPUSPATIAL] [ 16455][19:55:24:735855][info  ] RTSpatialRefiner 0x177ea3e0 (Free 22005 MB), Evaluating 17 Geometry Pairs with Predicate Contains
[LIBGPUSPATIAL] [ 16455][19:55:24:736378][info  ] RTSpatialRefiner 0x177ea3e0 (Free 22005 MB), Profiling Results. Parse: 0.24 ms, Refine: 0.48 ms, Copy Results: 0.04 ms
[LIBGPUSPATIAL] [ 16455][19:55:24:746700][info  ] RTSpatialIndex 0x1b08bef0 (Free 22005 MB), Allocate result buffer, memory consumption 0 MB, capacity 28
[LIBGPUSPATIAL] [ 16455][19:55:24:746833][info  ] RTSpatialIndex 0x1b08bef0 (Free 22005 MB), Probe Points, Size: 100000, Results: 28
[LIBGPUSPATIAL] [ 16455][19:55:24:746859][info  ] RTSpatialIndex 0x1b08bef0 (Free 22005 MB), Profiling Results. Alloc: 0.06 ms, Prepare: 0.23 ms, RT: 0.08 ms, Copy res: 0.05 ms
[LIBGPUSPATIAL] [ 16455][19:55:24:747140][info  ] RTSpatialRefiner 0x177ea3e0 (Free 22005 MB), Loaded Geometries, ProbeArray 100000, Loaded 21, Type Point
[LIBGPUSPATIAL] [ 16455][19:55:24:747168][info  ] RTSpatialRefiner 0x177ea3e0 (Free 22005 MB), Evaluating 28 Geometry Pairs with Predicate Contains
[LIBGPUSPATIAL] [ 16455][19:55:24:747775][info  ] RTSpatialRefiner 0x177ea3e0 (Free 22005 MB), Profiling Results. Parse: 0.24 ms, Refine: 0.55 ms, Copy Results: 0.06 ms
[LIBGPUSPATIAL] [ 16455][19:55:24:758030][info  ] RTSpatialIndex 0x1b08bef0 (Free 22005 MB), Allocate result buffer, memory consumption 0 MB, capacity 12
[LIBGPUSPATIAL] [ 16455][19:55:24:758130][info  ] RTSpatialIndex 0x1b08bef0 (Free 22005 MB), Probe Points, Size: 100000, Results: 12
[LIBGPUSPATIAL] [ 16455][19:55:24:758154][info  ] RTSpatialIndex 0x1b08bef0 (Free 22005 MB), Profiling Results. Alloc: 0.04 ms, Prepare: 0.23 ms, RT: 0.06 ms, Copy res: 0.04 ms
[LIBGPUSPATIAL] [ 16455][19:55:24:758409][info  ] RTSpatialRefiner 0x177ea3e0 (Free 22005 MB), Loaded Geometries, ProbeArray 100000, Loaded 10, Type Point
[LIBGPUSPATIAL] [ 16455][19:55:24:758434][info  ] RTSpatialRefiner 0x177ea3e0 (Free 22005 MB), Evaluating 12 Geometry Pairs with Predicate Contains
[LIBGPUSPATIAL] [ 16455][19:55:24:758917][info  ] RTSpatialRefiner 0x177ea3e0 (Free 22005 MB), Profiling Results. Parse: 0.22 ms, Refine: 0.43 ms, Copy Results: 0.04 ms
[LIBGPUSPATIAL] [ 16455][19:55:24:769177][info  ] RTSpatialIndex 0x1b08bef0 (Free 22005 MB), Allocate result buffer, memory consumption 0 MB, capacity 32
[LIBGPUSPATIAL] [ 16455][19:55:24:769293][info  ] RTSpatialIndex 0x1b08bef0 (Free 22005 MB), Probe Points, Size: 100000, Results: 32
[LIBGPUSPATIAL] [ 16455][19:55:24:769317][info  ] RTSpatialIndex 0x1b08bef0 (Free 22005 MB), Profiling Results. Alloc: 0.05 ms, Prepare: 0.23 ms, RT: 0.08 ms, Copy res: 0.05 ms
[LIBGPUSPATIAL] [ 16455][19:55:24:769579][info  ] RTSpatialRefiner 0x177ea3e0 (Free 22005 MB), Loaded Geometries, ProbeArray 100000, Loaded 23, Type Point
[LIBGPUSPATIAL] [ 16455][19:55:24:769605][info  ] RTSpatialRefiner 0x177ea3e0 (Free 22005 MB), Evaluating 32 Geometry Pairs with Predicate Contains
[LIBGPUSPATIAL] [ 16455][19:55:24:770104][info  ] RTSpatialRefiner 0x177ea3e0 (Free 22005 MB), Profiling Results. Parse: 0.23 ms, Refine: 0.45 ms, Copy Results: 0.04 ms
[LIBGPUSPATIAL] [ 16455][19:55:24:780033][info  ] RTSpatialIndex 0x1b08bef0 (Free 22005 MB), Allocate result buffer, memory consumption 0 MB, capacity 25
[LIBGPUSPATIAL] [ 16455][19:55:24:780139][info  ] RTSpatialIndex 0x1b08bef0 (Free 22005 MB), Probe Points, Size: 100000, Results: 25
[LIBGPUSPATIAL] [ 16455][19:55:24:780163][info  ] RTSpatialIndex 0x1b08bef0 (Free 22005 MB), Profiling Results. Alloc: 0.04 ms, Prepare: 0.23 ms, RT: 0.07 ms, Copy res: 0.05 ms
[LIBGPUSPATIAL] [ 16455][19:55:24:780427][info  ] RTSpatialRefiner 0x177ea3e0 (Free 22005 MB), Loaded Geometries, ProbeArray 100000, Loaded 19, Type Point
[LIBGPUSPATIAL] [ 16455][19:55:24:780452][info  ] RTSpatialRefiner 0x177ea3e0 (Free 22005 MB), Evaluating 25 Geometry Pairs with Predicate Contains
[LIBGPUSPATIAL] [ 16455][19:55:24:780934][info  ] RTSpatialRefiner 0x177ea3e0 (Free 22005 MB), Profiling Results. Parse: 0.23 ms, Refine: 0.43 ms, Copy Results: 0.04 ms
[LIBGPUSPATIAL] [ 16455][19:55:24:791240][info  ] RTSpatialIndex 0x1b08bef0 (Free 22005 MB), Allocate result buffer, memory consumption 0 MB, capacity 22
[LIBGPUSPATIAL] [ 16455][19:55:24:791346][info  ] RTSpatialIndex 0x1b08bef0 (Free 22005 MB), Probe Points, Size: 100000, Results: 22
[LIBGPUSPATIAL] [ 16455][19:55:24:791370][info  ] RTSpatialIndex 0x1b08bef0 (Free 22005 MB), Profiling Results. Alloc: 0.05 ms, Prepare: 0.22 ms, RT: 0.07 ms, Copy res: 0.05 ms
[LIBGPUSPATIAL] [ 16455][19:55:24:791639][info  ] RTSpatialRefiner 0x177ea3e0 (Free 22005 MB), Loaded Geometries, ProbeArray 100000, Loaded 17, Type Point
[LIBGPUSPATIAL] [ 16455][19:55:24:791665][info  ] RTSpatialRefiner 0x177ea3e0 (Free 22005 MB), Evaluating 22 Geometry Pairs with Predicate Contains
[LIBGPUSPATIAL] [ 16455][19:55:24:792189][info  ] RTSpatialRefiner 0x177ea3e0 (Free 22005 MB), Profiling Results. Parse: 0.23 ms, Refine: 0.48 ms, Copy Results: 0.04 ms
[LIBGPUSPATIAL] [ 16455][19:55:24:795703][info  ] RTSpatialIndex 0x1b08bef0 (Free 22005 MB), Allocate result buffer, memory consumption 0 MB, capacity 6
[LIBGPUSPATIAL] [ 16455][19:55:24:795816][info  ] RTSpatialIndex 0x1b08bef0 (Free 22005 MB), Probe Points, Size: 33333, Results: 6
[LIBGPUSPATIAL] [ 16455][19:55:24:795841][info  ] RTSpatialIndex 0x1b08bef0 (Free 22005 MB), Profiling Results. Alloc: 0.06 ms, Prepare: 0.12 ms, RT: 0.06 ms, Copy res: 0.04 ms
[LIBGPUSPATIAL] [ 16455][19:55:24:796100][info  ] RTSpatialRefiner 0x177ea3e0 (Free 22005 MB), Loaded Geometries, ProbeArray 33333, Loaded 6, Type Point
[LIBGPUSPATIAL] [ 16455][19:55:24:796124][info  ] RTSpatialRefiner 0x177ea3e0 (Free 22005 MB), Evaluating 6 Geometry Pairs with Predicate Contains
[LIBGPUSPATIAL] [ 16455][19:55:24:796558][info  ] RTSpatialRefiner 0x177ea3e0 (Free 22005 MB), Profiling Results. Parse: 0.22 ms, Refine: 0.39 ms, Copy Results: 0.04 ms
[LIBGPUSPATIAL] [ 16455][19:55:24:817124][info  ] RTSpatialIndex 0x1b08bef0 (Free 22005 MB), Allocate result buffer, memory consumption 0 MB, capacity 29
[LIBGPUSPATIAL] [ 16455][19:55:24:817242][info  ] RTSpatialIndex 0x1b08bef0 (Free 22005 MB), Probe Points, Size: 100000, Results: 29
[LIBGPUSPATIAL] [ 16455][19:55:24:817275][info  ] RTSpatialIndex 0x1b08bef0 (Free 22005 MB), Profiling Results. Alloc: 0.10 ms, Prepare: 0.27 ms, RT: 0.12 ms, Copy res: 0.04 ms
[LIBGPUSPATIAL] [ 16455][19:55:24:817587][info  ] RTSpatialRefiner 0x177ea3e0 (Free 22005 MB), Loaded Geometries, ProbeArray 100000, Loaded 21, Type Point
[LIBGPUSPATIAL] [ 16455][19:55:24:817613][info  ] RTSpatialRefiner 0x177ea3e0 (Free 22005 MB), Evaluating 29 Geometry Pairs with Predicate Contains
[LIBGPUSPATIAL] [ 16455][19:55:24:818203][info  ] RTSpatialRefiner 0x177ea3e0 (Free 22005 MB), Profiling Results. Parse: 0.26 ms, Refine: 0.54 ms, Copy Results: 0.04 ms
[LIBGPUSPATIAL] [ 16455][19:55:24:828577][info  ] RTSpatialIndex 0x1b08bef0 (Free 22005 MB), Allocate result buffer, memory consumption 0 MB, capacity 29
[LIBGPUSPATIAL] [ 16455][19:55:24:828684][info  ] RTSpatialIndex 0x1b08bef0 (Free 22005 MB), Probe Points, Size: 100000, Results: 29
[LIBGPUSPATIAL] [ 16455][19:55:24:828712][info  ] RTSpatialIndex 0x1b08bef0 (Free 22005 MB), Profiling Results. Alloc: 0.05 ms, Prepare: 0.23 ms, RT: 0.07 ms, Copy res: 0.04 ms
[LIBGPUSPATIAL] [ 16455][19:55:24:829012][info  ] RTSpatialRefiner 0x177ea3e0 (Free 22005 MB), Loaded Geometries, ProbeArray 100000, Loaded 23, Type Point
[LIBGPUSPATIAL] [ 16455][19:55:24:829040][info  ] RTSpatialRefiner 0x177ea3e0 (Free 22005 MB), Evaluating 29 Geometry Pairs with Predicate Contains
[LIBGPUSPATIAL] [ 16455][19:55:24:829598][info  ] RTSpatialRefiner 0x177ea3e0 (Free 22005 MB), Profiling Results. Parse: 0.25 ms, Refine: 0.51 ms, Copy Results: 0.04 ms
[LIBGPUSPATIAL] [ 16455][19:55:24:839893][info  ] RTSpatialIndex 0x1b08bef0 (Free 22005 MB), Allocate result buffer, memory consumption 0 MB, capacity 23
[LIBGPUSPATIAL] [ 16455][19:55:24:840009][info  ] RTSpatialIndex 0x1b08bef0 (Free 22005 MB), Probe Points, Size: 100000, Results: 23
[LIBGPUSPATIAL] [ 16455][19:55:24:840034][info  ] RTSpatialIndex 0x1b08bef0 (Free 22005 MB), Profiling Results. Alloc: 0.05 ms, Prepare: 0.22 ms, RT: 0.08 ms, Copy res: 0.04 ms
[LIBGPUSPATIAL] [ 16455][19:55:24:840317][info  ] RTSpatialRefiner 0x177ea3e0 (Free 22005 MB), Loaded Geometries, ProbeArray 100000, Loaded 17, Type Point
[LIBGPUSPATIAL] [ 16455][19:55:24:840342][info  ] RTSpatialRefiner 0x177ea3e0 (Free 22005 MB), Evaluating 23 Geometry Pairs with Predicate Contains
[LIBGPUSPATIAL] [ 16455][19:55:24:840862][info  ] RTSpatialRefiner 0x177ea3e0 (Free 22005 MB), Profiling Results. Parse: 0.24 ms, Refine: 0.47 ms, Copy Results: 0.04 ms
[LIBGPUSPATIAL] [ 16455][19:55:24:851193][info  ] RTSpatialIndex 0x1b08bef0 (Free 22005 MB), Allocate result buffer, memory consumption 0 MB, capacity 26
[LIBGPUSPATIAL] [ 16455][19:55:24:851290][info  ] RTSpatialIndex 0x1b08bef0 (Free 22005 MB), Probe Points, Size: 100000, Results: 26
[LIBGPUSPATIAL] [ 16455][19:55:24:851317][info  ] RTSpatialIndex 0x1b08bef0 (Free 22005 MB), Profiling Results. Alloc: 0.05 ms, Prepare: 0.22 ms, RT: 0.07 ms, Copy res: 0.04 ms
[LIBGPUSPATIAL] [ 16455][19:55:24:851584][info  ] RTSpatialRefiner 0x177ea3e0 (Free 22005 MB), Loaded Geometries, ProbeArray 100000, Loaded 18, Type Point
[LIBGPUSPATIAL] [ 16455][19:55:24:851609][info  ] RTSpatialRefiner 0x177ea3e0 (Free 22005 MB), Evaluating 26 Geometry Pairs with Predicate Contains
[LIBGPUSPATIAL] [ 16455][19:55:24:852108][info  ] RTSpatialRefiner 0x177ea3e0 (Free 22005 MB), Profiling Results. Parse: 0.23 ms, Refine: 0.45 ms, Copy Results: 0.04 ms
[LIBGPUSPATIAL] [ 16455][19:55:24:862010][info  ] RTSpatialIndex 0x1b08bef0 (Free 22005 MB), Allocate result buffer, memory consumption 0 MB, capacity 25
[LIBGPUSPATIAL] [ 16455][19:55:24:862117][info  ] RTSpatialIndex 0x1b08bef0 (Free 22005 MB), Probe Points, Size: 100000, Results: 25
[LIBGPUSPATIAL] [ 16455][19:55:24:862139][info  ] RTSpatialIndex 0x1b08bef0 (Free 22005 MB), Profiling Results. Alloc: 0.04 ms, Prepare: 0.24 ms, RT: 0.08 ms, Copy res: 0.04 ms
[LIBGPUSPATIAL] [ 16455][19:55:24:862404][info  ] RTSpatialRefiner 0x177ea3e0 (Free 22005 MB), Loaded Geometries, ProbeArray 100000, Loaded 20, Type Point
[LIBGPUSPATIAL] [ 16455][19:55:24:862429][info  ] RTSpatialRefiner 0x177ea3e0 (Free 22005 MB), Evaluating 25 Geometry Pairs with Predicate Contains
[LIBGPUSPATIAL] [ 16455][19:55:24:862937][info  ] RTSpatialRefiner 0x177ea3e0 (Free 22005 MB), Profiling Results. Parse: 0.23 ms, Refine: 0.46 ms, Copy Results: 0.04 ms
[LIBGPUSPATIAL] [ 16455][19:55:24:873271][info  ] RTSpatialIndex 0x1b08bef0 (Free 22005 MB), Allocate result buffer, memory consumption 0 MB, capacity 30
[LIBGPUSPATIAL] [ 16455][19:55:24:873370][info  ] RTSpatialIndex 0x1b08bef0 (Free 22005 MB), Probe Points, Size: 100000, Results: 30
[LIBGPUSPATIAL] [ 16455][19:55:24:873394][info  ] RTSpatialIndex 0x1b08bef0 (Free 22005 MB), Profiling Results. Alloc: 0.05 ms, Prepare: 0.23 ms, RT: 0.06 ms, Copy res: 0.05 ms
[LIBGPUSPATIAL] [ 16455][19:55:24:873653][info  ] RTSpatialRefiner 0x177ea3e0 (Free 22005 MB), Loaded Geometries, ProbeArray 100000, Loaded 25, Type Point
[LIBGPUSPATIAL] [ 16455][19:55:24:873678][info  ] RTSpatialRefiner 0x177ea3e0 (Free 22005 MB), Evaluating 30 Geometry Pairs with Predicate Contains
[LIBGPUSPATIAL] [ 16455][19:55:24:874255][info  ] RTSpatialRefiner 0x177ea3e0 (Free 22005 MB), Profiling Results. Parse: 0.22 ms, Refine: 0.53 ms, Copy Results: 0.04 ms
[LIBGPUSPATIAL] [ 16455][19:55:24:884466][info  ] RTSpatialIndex 0x1b08bef0 (Free 22005 MB), Allocate result buffer, memory consumption 0 MB, capacity 29
[LIBGPUSPATIAL] [ 16455][19:55:24:884575][info  ] RTSpatialIndex 0x1b08bef0 (Free 22005 MB), Probe Points, Size: 100000, Results: 29
[LIBGPUSPATIAL] [ 16455][19:55:24:884599][info  ] RTSpatialIndex 0x1b08bef0 (Free 22005 MB), Profiling Results. Alloc: 0.05 ms, Prepare: 0.23 ms, RT: 0.08 ms, Copy res: 0.04 ms
[LIBGPUSPATIAL] [ 16455][19:55:24:884862][info  ] RTSpatialRefiner 0x177ea3e0 (Free 22005 MB), Loaded Geometries, ProbeArray 100000, Loaded 18, Type Point
[LIBGPUSPATIAL] [ 16455][19:55:24:884888][info  ] RTSpatialRefiner 0x177ea3e0 (Free 22005 MB), Evaluating 29 Geometry Pairs with Predicate Contains
[LIBGPUSPATIAL] [ 16455][19:55:24:885439][info  ] RTSpatialRefiner 0x177ea3e0 (Free 22005 MB), Profiling Results. Parse: 0.23 ms, Refine: 0.51 ms, Copy Results: 0.04 ms
[LIBGPUSPATIAL] [ 16455][19:55:24:895695][info  ] RTSpatialIndex 0x1b08bef0 (Free 22005 MB), Allocate result buffer, memory consumption 0 MB, capacity 23
[LIBGPUSPATIAL] [ 16455][19:55:24:895831][info  ] RTSpatialIndex 0x1b08bef0 (Free 22005 MB), Probe Points, Size: 100000, Results: 23
[LIBGPUSPATIAL] [ 16455][19:55:24:895854][info  ] RTSpatialIndex 0x1b08bef0 (Free 22005 MB), Profiling Results. Alloc: 0.05 ms, Prepare: 0.22 ms, RT: 0.09 ms, Copy res: 0.04 ms
[LIBGPUSPATIAL] [ 16455][19:55:24:896124][info  ] RTSpatialRefiner 0x177ea3e0 (Free 22005 MB), Loaded Geometries, ProbeArray 100000, Loaded 18, Type Point
[LIBGPUSPATIAL] [ 16455][19:55:24:896149][info  ] RTSpatialRefiner 0x177ea3e0 (Free 22005 MB), Evaluating 23 Geometry Pairs with Predicate Contains
[LIBGPUSPATIAL] [ 16455][19:55:24:896658][info  ] RTSpatialRefiner 0x177ea3e0 (Free 22005 MB), Profiling Results. Parse: 0.23 ms, Refine: 0.47 ms, Copy Results: 0.04 ms
[LIBGPUSPATIAL] [ 16455][19:55:24:906992][info  ] RTSpatialIndex 0x1b08bef0 (Free 22005 MB), Allocate result buffer, memory consumption 0 MB, capacity 26
[LIBGPUSPATIAL] [ 16455][19:55:24:907095][info  ] RTSpatialIndex 0x1b08bef0 (Free 22005 MB), Probe Points, Size: 100000, Results: 26
[LIBGPUSPATIAL] [ 16455][19:55:24:907123][info  ] RTSpatialIndex 0x1b08bef0 (Free 22005 MB), Profiling Results. Alloc: 0.04 ms, Prepare: 0.23 ms, RT: 0.07 ms, Copy res: 0.04 ms
[LIBGPUSPATIAL] [ 16455][19:55:24:907389][info  ] RTSpatialRefiner 0x177ea3e0 (Free 22005 MB), Loaded Geometries, ProbeArray 100000, Loaded 18, Type Point
[LIBGPUSPATIAL] [ 16455][19:55:24:907414][info  ] RTSpatialRefiner 0x177ea3e0 (Free 22005 MB), Evaluating 26 Geometry Pairs with Predicate Contains
[LIBGPUSPATIAL] [ 16455][19:55:24:907910][info  ] RTSpatialRefiner 0x177ea3e0 (Free 22005 MB), Profiling Results. Parse: 0.23 ms, Refine: 0.45 ms, Copy Results: 0.04 ms
[LIBGPUSPATIAL] [ 16455][19:55:24:918255][info  ] RTSpatialIndex 0x1b08bef0 (Free 22005 MB), Allocate result buffer, memory consumption 0 MB, capacity 29
[LIBGPUSPATIAL] [ 16455][19:55:24:918363][info  ] RTSpatialIndex 0x1b08bef0 (Free 22005 MB), Probe Points, Size: 100000, Results: 29
[LIBGPUSPATIAL] [ 16455][19:55:24:918387][info  ] RTSpatialIndex 0x1b08bef0 (Free 22005 MB), Profiling Results. Alloc: 0.05 ms, Prepare: 0.22 ms, RT: 0.07 ms, Copy res: 0.05 ms
[LIBGPUSPATIAL] [ 16455][19:55:24:918652][info  ] RTSpatialRefiner 0x177ea3e0 (Free 22005 MB), Loaded Geometries, ProbeArray 100000, Loaded 22, Type Point
[LIBGPUSPATIAL] [ 16455][19:55:24:918678][info  ] RTSpatialRefiner 0x177ea3e0 (Free 22005 MB), Evaluating 29 Geometry Pairs with Predicate Contains
[LIBGPUSPATIAL] [ 16455][19:55:24:919185][info  ] RTSpatialRefiner 0x177ea3e0 (Free 22005 MB), Profiling Results. Parse: 0.23 ms, Refine: 0.46 ms, Copy Results: 0.04 ms
[LIBGPUSPATIAL] [ 16455][19:55:24:929428][info  ] RTSpatialIndex 0x1b08bef0 (Free 22005 MB), Allocate result buffer, memory consumption 0 MB, capacity 17
[LIBGPUSPATIAL] [ 16455][19:55:24:929537][info  ] RTSpatialIndex 0x1b08bef0 (Free 22005 MB), Probe Points, Size: 100000, Results: 17
[LIBGPUSPATIAL] [ 16455][19:55:24:929560][info  ] RTSpatialIndex 0x1b08bef0 (Free 22005 MB), Profiling Results. Alloc: 0.04 ms, Prepare: 0.22 ms, RT: 0.07 ms, Copy res: 0.05 ms
[LIBGPUSPATIAL] [ 16455][19:55:24:929837][info  ] RTSpatialRefiner 0x177ea3e0 (Free 22005 MB), Loaded Geometries, ProbeArray 100000, Loaded 12, Type Point
[LIBGPUSPATIAL] [ 16455][19:55:24:929862][info  ] RTSpatialRefiner 0x177ea3e0 (Free 22005 MB), Evaluating 17 Geometry Pairs with Predicate Contains
[LIBGPUSPATIAL] [ 16455][19:55:24:930345][info  ] RTSpatialRefiner 0x177ea3e0 (Free 22005 MB), Profiling Results. Parse: 0.24 ms, Refine: 0.44 ms, Copy Results: 0.04 ms
[LIBGPUSPATIAL] [ 16455][19:55:24:940196][info  ] RTSpatialIndex 0x1b08bef0 (Free 22005 MB), Allocate result buffer, memory consumption 0 MB, capacity 28
[LIBGPUSPATIAL] [ 16455][19:55:24:940311][info  ] RTSpatialIndex 0x1b08bef0 (Free 22005 MB), Probe Points, Size: 100000, Results: 28
[LIBGPUSPATIAL] [ 16455][19:55:24:940335][info  ] RTSpatialIndex 0x1b08bef0 (Free 22005 MB), Profiling Results. Alloc: 0.04 ms, Prepare: 0.22 ms, RT: 0.08 ms, Copy res: 0.04 ms
[LIBGPUSPATIAL] [ 16455][19:55:24:940620][info  ] RTSpatialRefiner 0x177ea3e0 (Free 22005 MB), Loaded Geometries, ProbeArray 100000, Loaded 20, Type Point
[LIBGPUSPATIAL] [ 16455][19:55:24:940647][info  ] RTSpatialRefiner 0x177ea3e0 (Free 22005 MB), Evaluating 28 Geometry Pairs with Predicate Contains
[LIBGPUSPATIAL] [ 16455][19:55:24:941153][info  ] RTSpatialRefiner 0x177ea3e0 (Free 22005 MB), Profiling Results. Parse: 0.24 ms, Refine: 0.46 ms, Copy Results: 0.04 ms
[LIBGPUSPATIAL] [ 16455][19:55:24:951475][info  ] RTSpatialIndex 0x1b08bef0 (Free 22005 MB), Allocate result buffer, memory consumption 0 MB, capacity 20
[LIBGPUSPATIAL] [ 16455][19:55:24:951590][info  ] RTSpatialIndex 0x1b08bef0 (Free 22005 MB), Probe Points, Size: 100000, Results: 20
[LIBGPUSPATIAL] [ 16455][19:55:24:951615][info  ] RTSpatialIndex 0x1b08bef0 (Free 22005 MB), Profiling Results. Alloc: 0.05 ms, Prepare: 0.23 ms, RT: 0.08 ms, Copy res: 0.04 ms
[LIBGPUSPATIAL] [ 16455][19:55:24:951905][info  ] RTSpatialRefiner 0x177ea3e0 (Free 22005 MB), Loaded Geometries, ProbeArray 100000, Loaded 19, Type Point
[LIBGPUSPATIAL] [ 16455][19:55:24:951934][info  ] RTSpatialRefiner 0x177ea3e0 (Free 22005 MB), Evaluating 20 Geometry Pairs with Predicate Contains
[LIBGPUSPATIAL] [ 16455][19:55:24:952482][info  ] RTSpatialRefiner 0x177ea3e0 (Free 22005 MB), Profiling Results. Parse: 0.24 ms, Refine: 0.51 ms, Copy Results: 0.04 ms
[LIBGPUSPATIAL] [ 16455][19:55:24:956034][info  ] RTSpatialIndex 0x1b08bef0 (Free 22005 MB), Allocate result buffer, memory consumption 0 MB, capacity 13
[LIBGPUSPATIAL] [ 16455][19:55:24:956140][info  ] RTSpatialIndex 0x1b08bef0 (Free 22005 MB), Probe Points, Size: 33333, Results: 13
[LIBGPUSPATIAL] [ 16455][19:55:24:956164][info  ] RTSpatialIndex 0x1b08bef0 (Free 22005 MB), Profiling Results. Alloc: 0.04 ms, Prepare: 0.12 ms, RT: 0.06 ms, Copy res: 0.04 ms
[LIBGPUSPATIAL] [ 16455][19:55:24:956429][info  ] RTSpatialRefiner 0x177ea3e0 (Free 22005 MB), Loaded Geometries, ProbeArray 33333, Loaded 9, Type Point
[LIBGPUSPATIAL] [ 16455][19:55:24:956457][info  ] RTSpatialRefiner 0x177ea3e0 (Free 22005 MB), Evaluating 13 Geometry Pairs with Predicate Contains
[LIBGPUSPATIAL] [ 16455][19:55:24:956939][info  ] RTSpatialRefiner 0x177ea3e0 (Free 22005 MB), Profiling Results. Parse: 0.22 ms, Refine: 0.44 ms, Copy Results: 0.04 ms
[LIBGPUSPATIAL] [ 16455][19:55:24:977351][info  ] RTSpatialIndex 0x1b08bef0 (Free 22005 MB), Allocate result buffer, memory consumption 0 MB, capacity 21
[LIBGPUSPATIAL] [ 16455][19:55:24:977466][info  ] RTSpatialIndex 0x1b08bef0 (Free 22005 MB), Probe Points, Size: 100000, Results: 21
[LIBGPUSPATIAL] [ 16455][19:55:24:977497][info  ] RTSpatialIndex 0x1b08bef0 (Free 22005 MB), Profiling Results. Alloc: 0.09 ms, Prepare: 0.27 ms, RT: 0.10 ms, Copy res: 0.05 ms
[LIBGPUSPATIAL] [ 16455][19:55:24:977834][info  ] RTSpatialRefiner 0x177ea3e0 (Free 22005 MB), Loaded Geometries, ProbeArray 100000, Loaded 14, Type Point
[LIBGPUSPATIAL] [ 16455][19:55:24:977863][info  ] RTSpatialRefiner 0x177ea3e0 (Free 22005 MB), Evaluating 21 Geometry Pairs with Predicate Contains
[LIBGPUSPATIAL] [ 16455][19:55:24:978402][info  ] RTSpatialRefiner 0x177ea3e0 (Free 22005 MB), Profiling Results. Parse: 0.28 ms, Refine: 0.49 ms, Copy Results: 0.04 ms
[LIBGPUSPATIAL] [ 16455][19:55:24:988770][info  ] RTSpatialIndex 0x1b08bef0 (Free 22005 MB), Allocate result buffer, memory consumption 0 MB, capacity 29
[LIBGPUSPATIAL] [ 16455][19:55:24:988881][info  ] RTSpatialIndex 0x1b08bef0 (Free 22005 MB), Probe Points, Size: 100000, Results: 29
[LIBGPUSPATIAL] [ 16455][19:55:24:988905][info  ] RTSpatialIndex 0x1b08bef0 (Free 22005 MB), Profiling Results. Alloc: 0.05 ms, Prepare: 0.23 ms, RT: 0.08 ms, Copy res: 0.05 ms
[LIBGPUSPATIAL] [ 16455][19:55:24:989180][info  ] RTSpatialRefiner 0x177ea3e0 (Free 22005 MB), Loaded Geometries, ProbeArray 100000, Loaded 21, Type Point
[LIBGPUSPATIAL] [ 16455][19:55:24:989206][info  ] RTSpatialRefiner 0x177ea3e0 (Free 22005 MB), Evaluating 29 Geometry Pairs with Predicate Contains
[LIBGPUSPATIAL] [ 16455][19:55:24:989776][info  ] RTSpatialRefiner 0x177ea3e0 (Free 22005 MB), Profiling Results. Parse: 0.24 ms, Refine: 0.50 ms, Copy Results: 0.06 ms
[LIBGPUSPATIAL] [ 16455][19:55:25:000040][info  ] RTSpatialIndex 0x1b08bef0 (Free 22005 MB), Allocate result buffer, memory consumption 0 MB, capacity 34
[LIBGPUSPATIAL] [ 16455][19:55:25:000150][info  ] RTSpatialIndex 0x1b08bef0 (Free 22005 MB), Probe Points, Size: 100000, Results: 34
[LIBGPUSPATIAL] [ 16455][19:55:25:000173][info  ] RTSpatialIndex 0x1b08bef0 (Free 22005 MB), Profiling Results. Alloc: 0.05 ms, Prepare: 0.23 ms, RT: 0.08 ms, Copy res: 0.04 ms
[LIBGPUSPATIAL] [ 16455][19:55:25:000437][info  ] RTSpatialRefiner 0x177ea3e0 (Free 22005 MB), Loaded Geometries, ProbeArray 100000, Loaded 25, Type Point
[LIBGPUSPATIAL] [ 16455][19:55:25:000463][info  ] RTSpatialRefiner 0x177ea3e0 (Free 22005 MB), Evaluating 34 Geometry Pairs with Predicate Contains
[LIBGPUSPATIAL] [ 16455][19:55:25:001045][info  ] RTSpatialRefiner 0x177ea3e0 (Free 22005 MB), Profiling Results. Parse: 0.23 ms, Refine: 0.53 ms, Copy Results: 0.05 ms
[LIBGPUSPATIAL] [ 16455][19:55:25:011587][info  ] RTSpatialIndex 0x1b08bef0 (Free 22005 MB), Allocate result buffer, memory consumption 0 MB, capacity 23
[LIBGPUSPATIAL] [ 16455][19:55:25:011742][info  ] RTSpatialIndex 0x1b08bef0 (Free 22005 MB), Probe Points, Size: 100000, Results: 23
[LIBGPUSPATIAL] [ 16455][19:55:25:011774][info  ] RTSpatialIndex 0x1b08bef0 (Free 22005 MB), Profiling Results. Alloc: 0.07 ms, Prepare: 0.25 ms, RT: 0.11 ms, Copy res: 0.07 ms
[LIBGPUSPATIAL] [ 16455][19:55:25:012099][info  ] RTSpatialRefiner 0x177ea3e0 (Free 22005 MB), Loaded Geometries, ProbeArray 100000, Loaded 18, Type Point
[LIBGPUSPATIAL] [ 16455][19:55:25:012124][info  ] RTSpatialRefiner 0x177ea3e0 (Free 22005 MB), Evaluating 23 Geometry Pairs with Predicate Contains
[LIBGPUSPATIAL] [ 16455][19:55:25:012841][info  ] RTSpatialRefiner 0x177ea3e0 (Free 22005 MB), Profiling Results. Parse: 0.28 ms, Refine: 0.64 ms, Copy Results: 0.06 ms
[LIBGPUSPATIAL] [ 16455][19:55:25:023558][info  ] RTSpatialIndex 0x1b08bef0 (Free 22005 MB), Allocate result buffer, memory consumption 0 MB, capacity 35
[LIBGPUSPATIAL] [ 16455][19:55:25:023674][info  ] RTSpatialIndex 0x1b08bef0 (Free 22005 MB), Probe Points, Size: 100000, Results: 35
[LIBGPUSPATIAL] [ 16455][19:55:25:023702][info  ] RTSpatialIndex 0x1b08bef0 (Free 22005 MB), Profiling Results. Alloc: 0.09 ms, Prepare: 0.26 ms, RT: 0.10 ms, Copy res: 0.04 ms
[LIBGPUSPATIAL] [ 16455][19:55:25:024085][info  ] RTSpatialRefiner 0x177ea3e0 (Free 22005 MB), Loaded Geometries, ProbeArray 100000, Loaded 25, Type Point
[LIBGPUSPATIAL] [ 16455][19:55:25:024122][info  ] RTSpatialRefiner 0x177ea3e0 (Free 22005 MB), Evaluating 35 Geometry Pairs with Predicate Contains
[LIBGPUSPATIAL] [ 16455][19:55:25:024808][info  ] RTSpatialRefiner 0x177ea3e0 (Free 22005 MB), Profiling Results. Parse: 0.31 ms, Refine: 0.61 ms, Copy Results: 0.07 ms
[LIBGPUSPATIAL] [ 16455][19:55:25:039273][info  ] RTSpatialIndex 0x1b08bef0 (Free 22005 MB), Allocate result buffer, memory consumption 0 MB, capacity 20
[LIBGPUSPATIAL] [ 16455][19:55:25:039402][info  ] RTSpatialIndex 0x1b08bef0 (Free 22005 MB), Probe Points, Size: 100000, Results: 20
[LIBGPUSPATIAL] [ 16455][19:55:25:039434][info  ] RTSpatialIndex 0x1b08bef0 (Free 22005 MB), Profiling Results. Alloc: 0.08 ms, Prepare: 0.26 ms, RT: 0.10 ms, Copy res: 0.05 ms
[LIBGPUSPATIAL] [ 16455][19:55:25:039804][info  ] RTSpatialRefiner 0x177ea3e0 (Free 22005 MB), Loaded Geometries, ProbeArray 100000, Loaded 14, Type Point
[LIBGPUSPATIAL] [ 16455][19:55:25:039838][info  ] RTSpatialRefiner 0x177ea3e0 (Free 22005 MB), Evaluating 20 Geometry Pairs with Predicate Contains
[LIBGPUSPATIAL] [ 16455][19:55:25:040435][info  ] RTSpatialRefiner 0x177ea3e0 (Free 22005 MB), Profiling Results. Parse: 0.32 ms, Refine: 0.55 ms, Copy Results: 0.05 ms
[LIBGPUSPATIAL] [ 16455][19:55:25:051943][info  ] RTSpatialIndex 0x1b08bef0 (Free 22005 MB), Allocate result buffer, memory consumption 0 MB, capacity 20
[LIBGPUSPATIAL] [ 16455][19:55:25:052056][info  ] RTSpatialIndex 0x1b08bef0 (Free 22005 MB), Probe Points, Size: 100000, Results: 20
[LIBGPUSPATIAL] [ 16455][19:55:25:052080][info  ] RTSpatialIndex 0x1b08bef0 (Free 22005 MB), Profiling Results. Alloc: 0.05 ms, Prepare: 0.23 ms, RT: 0.08 ms, Copy res: 0.05 ms
[LIBGPUSPATIAL] [ 16455][19:55:25:052359][info  ] RTSpatialRefiner 0x177ea3e0 (Free 22005 MB), Loaded Geometries, ProbeArray 100000, Loaded 16, Type Point
[LIBGPUSPATIAL] [ 16455][19:55:25:052385][info  ] RTSpatialRefiner 0x177ea3e0 (Free 22005 MB), Evaluating 20 Geometry Pairs with Predicate Contains
[LIBGPUSPATIAL] [ 16455][19:55:25:052884][info  ] RTSpatialRefiner 0x177ea3e0 (Free 22005 MB), Profiling Results. Parse: 0.24 ms, Refine: 0.45 ms, Copy Results: 0.04 ms
[LIBGPUSPATIAL] [ 16455][19:55:25:063909][info  ] RTSpatialIndex 0x1b08bef0 (Free 22005 MB), Allocate result buffer, memory consumption 0 MB, capacity 32
[LIBGPUSPATIAL] [ 16455][19:55:25:064055][info  ] RTSpatialIndex 0x1b08bef0 (Free 22005 MB), Probe Points, Size: 100000, Results: 32
[LIBGPUSPATIAL] [ 16455][19:55:25:064089][info  ] RTSpatialIndex 0x1b08bef0 (Free 22005 MB), Profiling Results. Alloc: 0.10 ms, Prepare: 0.28 ms, RT: 0.12 ms, Copy res: 0.05 ms
[LIBGPUSPATIAL] [ 16455][19:55:25:064438][info  ] RTSpatialRefiner 0x177ea3e0 (Free 22005 MB), Loaded Geometries, ProbeArray 100000, Loaded 22, Type Point
[LIBGPUSPATIAL] [ 16455][19:55:25:064475][info  ] RTSpatialRefiner 0x177ea3e0 (Free 22005 MB), Evaluating 32 Geometry Pairs with Predicate Contains
[LIBGPUSPATIAL] [ 16455][19:55:25:065145][info  ] RTSpatialRefiner 0x177ea3e0 (Free 22005 MB), Profiling Results. Parse: 0.29 ms, Refine: 0.61 ms, Copy Results: 0.06 ms
[LIBGPUSPATIAL] [ 16455][19:55:25:075956][info  ] RTSpatialIndex 0x1b08bef0 (Free 22005 MB), Allocate result buffer, memory consumption 0 MB, capacity 32
[LIBGPUSPATIAL] [ 16455][19:55:25:076066][info  ] RTSpatialIndex 0x1b08bef0 (Free 22005 MB), Probe Points, Size: 100000, Results: 32
[LIBGPUSPATIAL] [ 16455][19:55:25:076091][info  ] RTSpatialIndex 0x1b08bef0 (Free 22005 MB), Profiling Results. Alloc: 0.06 ms, Prepare: 0.26 ms, RT: 0.08 ms, Copy res: 0.04 ms
[LIBGPUSPATIAL] [ 16455][19:55:25:076381][info  ] RTSpatialRefiner 0x177ea3e0 (Free 22005 MB), Loaded Geometries, ProbeArray 100000, Loaded 26, Type Point
[LIBGPUSPATIAL] [ 16455][19:55:25:076406][info  ] RTSpatialRefiner 0x177ea3e0 (Free 22005 MB), Evaluating 32 Geometry Pairs with Predicate Contains
[LIBGPUSPATIAL] [ 16455][19:55:25:076924][info  ] RTSpatialRefiner 0x177ea3e0 (Free 22005 MB), Profiling Results. Parse: 0.25 ms, Refine: 0.47 ms, Copy Results: 0.04 ms
[LIBGPUSPATIAL] [ 16455][19:55:25:087590][info  ] RTSpatialIndex 0x1b08bef0 (Free 22005 MB), Allocate result buffer, memory consumption 0 MB, capacity 29
[LIBGPUSPATIAL] [ 16455][19:55:25:087696][info  ] RTSpatialIndex 0x1b08bef0 (Free 22005 MB), Probe Points, Size: 100000, Results: 29
[LIBGPUSPATIAL] [ 16455][19:55:25:087735][info  ] RTSpatialIndex 0x1b08bef0 (Free 22005 MB), Profiling Results. Alloc: 0.05 ms, Prepare: 0.23 ms, RT: 0.08 ms, Copy res: 0.04 ms
[LIBGPUSPATIAL] [ 16455][19:55:25:088010][info  ] RTSpatialRefiner 0x177ea3e0 (Free 22005 MB), Loaded Geometries, ProbeArray 100000, Loaded 21, Type Point
[LIBGPUSPATIAL] [ 16455][19:55:25:088037][info  ] RTSpatialRefiner 0x177ea3e0 (Free 22005 MB), Evaluating 29 Geometry Pairs with Predicate Contains
[LIBGPUSPATIAL] [ 16455][19:55:25:088552][info  ] RTSpatialRefiner 0x177ea3e0 (Free 22005 MB), Profiling Results. Parse: 0.24 ms, Refine: 0.47 ms, Copy Results: 0.04 ms
[LIBGPUSPATIAL] [ 16455][19:55:25:098845][info  ] RTSpatialIndex 0x1b08bef0 (Free 22005 MB), Allocate result buffer, memory consumption 0 MB, capacity 22
[LIBGPUSPATIAL] [ 16455][19:55:25:098942][info  ] RTSpatialIndex 0x1b08bef0 (Free 22005 MB), Probe Points, Size: 100000, Results: 22
[LIBGPUSPATIAL] [ 16455][19:55:25:098965][info  ] RTSpatialIndex 0x1b08bef0 (Free 22005 MB), Profiling Results. Alloc: 0.04 ms, Prepare: 0.23 ms, RT: 0.07 ms, Copy res: 0.04 ms
[LIBGPUSPATIAL] [ 16455][19:55:25:099216][info  ] RTSpatialRefiner 0x177ea3e0 (Free 22005 MB), Loaded Geometries, ProbeArray 100000, Loaded 17, Type Point
[LIBGPUSPATIAL] [ 16455][19:55:25:099241][info  ] RTSpatialRefiner 0x177ea3e0 (Free 22005 MB), Evaluating 22 Geometry Pairs with Predicate Contains
[LIBGPUSPATIAL] [ 16455][19:55:25:099708][info  ] RTSpatialRefiner 0x177ea3e0 (Free 22005 MB), Profiling Results. Parse: 0.22 ms, Refine: 0.42 ms, Copy Results: 0.04 ms
[LIBGPUSPATIAL] [ 16455][19:55:25:109683][info  ] RTSpatialIndex 0x1b08bef0 (Free 22005 MB), Allocate result buffer, memory consumption 0 MB, capacity 27
[LIBGPUSPATIAL] [ 16455][19:55:25:109804][info  ] RTSpatialIndex 0x1b08bef0 (Free 22005 MB), Probe Points, Size: 100000, Results: 27
[LIBGPUSPATIAL] [ 16455][19:55:25:109828][info  ] RTSpatialIndex 0x1b08bef0 (Free 22005 MB), Profiling Results. Alloc: 0.04 ms, Prepare: 0.22 ms, RT: 0.09 ms, Copy res: 0.04 ms
[LIBGPUSPATIAL] [ 16455][19:55:25:110088][info  ] RTSpatialRefiner 0x177ea3e0 (Free 22005 MB), Loaded Geometries, ProbeArray 100000, Loaded 18, Type Point
[LIBGPUSPATIAL] [ 16455][19:55:25:110113][info  ] RTSpatialRefiner 0x177ea3e0 (Free 22005 MB), Evaluating 27 Geometry Pairs with Predicate Contains
[LIBGPUSPATIAL] [ 16455][19:55:25:110640][info  ] RTSpatialRefiner 0x177ea3e0 (Free 22005 MB), Profiling Results. Parse: 0.23 ms, Refine: 0.48 ms, Copy Results: 0.04 ms
[LIBGPUSPATIAL] [ 16455][19:55:25:121030][info  ] RTSpatialIndex 0x1b08bef0 (Free 22005 MB), Allocate result buffer, memory consumption 0 MB, capacity 10
[LIBGPUSPATIAL] [ 16455][19:55:25:121134][info  ] RTSpatialIndex 0x1b08bef0 (Free 22005 MB), Probe Points, Size: 100000, Results: 10
[LIBGPUSPATIAL] [ 16455][19:55:25:121157][info  ] RTSpatialIndex 0x1b08bef0 (Free 22005 MB), Profiling Results. Alloc: 0.05 ms, Prepare: 0.24 ms, RT: 0.08 ms, Copy res: 0.04 ms
[LIBGPUSPATIAL] [ 16455][19:55:25:121417][info  ] RTSpatialRefiner 0x177ea3e0 (Free 22005 MB), Loaded Geometries, ProbeArray 100000, Loaded 8, Type Point
[LIBGPUSPATIAL] [ 16455][19:55:25:121443][info  ] RTSpatialRefiner 0x177ea3e0 (Free 22005 MB), Evaluating 10 Geometry Pairs with Predicate Contains
[LIBGPUSPATIAL] [ 16455][19:55:25:121975][info  ] RTSpatialRefiner 0x177ea3e0 (Free 22005 MB), Profiling Results. Parse: 0.22 ms, Refine: 0.48 ms, Copy Results: 0.04 ms
[LIBGPUSPATIAL] [ 16455][19:55:25:125507][info  ] RTSpatialIndex 0x1b08bef0 (Free 22005 MB), Allocate result buffer, memory consumption 0 MB, capacity 11
[LIBGPUSPATIAL] [ 16455][19:55:25:125602][info  ] RTSpatialIndex 0x1b08bef0 (Free 22005 MB), Probe Points, Size: 33333, Results: 11
[LIBGPUSPATIAL] [ 16455][19:55:25:125625][info  ] RTSpatialIndex 0x1b08bef0 (Free 22005 MB), Profiling Results. Alloc: 0.04 ms, Prepare: 0.12 ms, RT: 0.06 ms, Copy res: 0.04 ms
[LIBGPUSPATIAL] [ 16455][19:55:25:125886][info  ] RTSpatialRefiner 0x177ea3e0 (Free 22005 MB), Loaded Geometries, ProbeArray 33333, Loaded 10, Type Point
[LIBGPUSPATIAL] [ 16455][19:55:25:125911][info  ] RTSpatialRefiner 0x177ea3e0 (Free 22005 MB), Evaluating 11 Geometry Pairs with Predicate Contains
[LIBGPUSPATIAL] [ 16455][19:55:25:126385][info  ] RTSpatialRefiner 0x177ea3e0 (Free 22005 MB), Profiling Results. Parse: 0.23 ms, Refine: 0.43 ms, Copy Results: 0.04 ms
[LIBGPUSPATIAL] [ 16455][19:55:25:146976][info  ] RTSpatialIndex 0x1b08bef0 (Free 22005 MB), Allocate result buffer, memory consumption 0 MB, capacity 23
[LIBGPUSPATIAL] [ 16455][19:55:25:147084][info  ] RTSpatialIndex 0x1b08bef0 (Free 22005 MB), Probe Points, Size: 100000, Results: 23
[LIBGPUSPATIAL] [ 16455][19:55:25:147111][info  ] RTSpatialIndex 0x1b08bef0 (Free 22005 MB), Profiling Results. Alloc: 0.09 ms, Prepare: 0.27 ms, RT: 0.09 ms, Copy res: 0.04 ms
[LIBGPUSPATIAL] [ 16455][19:55:25:147395][info  ] RTSpatialRefiner 0x177ea3e0 (Free 22005 MB), Loaded Geometries, ProbeArray 100000, Loaded 17, Type Point
[LIBGPUSPATIAL] [ 16455][19:55:25:147420][info  ] RTSpatialRefiner 0x177ea3e0 (Free 22005 MB), Evaluating 23 Geometry Pairs with Predicate Contains
[LIBGPUSPATIAL] [ 16455][19:55:25:147948][info  ] RTSpatialRefiner 0x177ea3e0 (Free 22005 MB), Profiling Results. Parse: 0.24 ms, Refine: 0.47 ms, Copy Results: 0.04 ms
[LIBGPUSPATIAL] [ 16455][19:55:25:158272][info  ] RTSpatialIndex 0x1b08bef0 (Free 22005 MB), Allocate result buffer, memory consumption 0 MB, capacity 28
[LIBGPUSPATIAL] [ 16455][19:55:25:158370][info  ] RTSpatialIndex 0x1b08bef0 (Free 22005 MB), Probe Points, Size: 100000, Results: 28
[LIBGPUSPATIAL] [ 16455][19:55:25:158392][info  ] RTSpatialIndex 0x1b08bef0 (Free 22005 MB), Profiling Results. Alloc: 0.05 ms, Prepare: 0.23 ms, RT: 0.07 ms, Copy res: 0.04 ms
[LIBGPUSPATIAL] [ 16455][19:55:25:158656][info  ] RTSpatialRefiner 0x177ea3e0 (Free 22005 MB), Loaded Geometries, ProbeArray 100000, Loaded 23, Type Point
[LIBGPUSPATIAL] [ 16455][19:55:25:158681][info  ] RTSpatialRefiner 0x177ea3e0 (Free 22005 MB), Evaluating 28 Geometry Pairs with Predicate Contains
[LIBGPUSPATIAL] [ 16455][19:55:25:159230][info  ] RTSpatialRefiner 0x177ea3e0 (Free 22005 MB), Profiling Results. Parse: 0.23 ms, Refine: 0.50 ms, Copy Results: 0.04 ms
[LIBGPUSPATIAL] [ 16455][19:55:25:169597][info  ] RTSpatialIndex 0x1b08bef0 (Free 22005 MB), Allocate result buffer, memory consumption 0 MB, capacity 22
[LIBGPUSPATIAL] [ 16455][19:55:25:169700][info  ] RTSpatialIndex 0x1b08bef0 (Free 22005 MB), Probe Points, Size: 100000, Results: 22
[LIBGPUSPATIAL] [ 16455][19:55:25:169738][info  ] RTSpatialIndex 0x1b08bef0 (Free 22005 MB), Profiling Results. Alloc: 0.05 ms, Prepare: 0.23 ms, RT: 0.08 ms, Copy res: 0.04 ms
[LIBGPUSPATIAL] [ 16455][19:55:25:169999][info  ] RTSpatialRefiner 0x177ea3e0 (Free 22005 MB), Loaded Geometries, ProbeArray 100000, Loaded 14, Type Point
[LIBGPUSPATIAL] [ 16455][19:55:25:170023][info  ] RTSpatialRefiner 0x177ea3e0 (Free 22005 MB), Evaluating 22 Geometry Pairs with Predicate Contains
[LIBGPUSPATIAL] [ 16455][19:55:25:170498][info  ] RTSpatialRefiner 0x177ea3e0 (Free 22005 MB), Profiling Results. Parse: 0.22 ms, Refine: 0.43 ms, Copy Results: 0.04 ms
[LIBGPUSPATIAL] [ 16455][19:55:25:180692][info  ] RTSpatialIndex 0x1b08bef0 (Free 22005 MB), Allocate result buffer, memory consumption 0 MB, capacity 15
[LIBGPUSPATIAL] [ 16455][19:55:25:180805][info  ] RTSpatialIndex 0x1b08bef0 (Free 22005 MB), Probe Points, Size: 100000, Results: 15
[LIBGPUSPATIAL] [ 16455][19:55:25:180828][info  ] RTSpatialIndex 0x1b08bef0 (Free 22005 MB), Profiling Results. Alloc: 0.05 ms, Prepare: 0.22 ms, RT: 0.08 ms, Copy res: 0.04 ms
[LIBGPUSPATIAL] [ 16455][19:55:25:181084][info  ] RTSpatialRefiner 0x177ea3e0 (Free 22005 MB), Loaded Geometries, ProbeArray 100000, Loaded 10, Type Point
[LIBGPUSPATIAL] [ 16455][19:55:25:181109][info  ] RTSpatialRefiner 0x177ea3e0 (Free 22005 MB), Evaluating 15 Geometry Pairs with Predicate Contains
[LIBGPUSPATIAL] [ 16455][19:55:25:181571][info  ] RTSpatialRefiner 0x177ea3e0 (Free 22005 MB), Profiling Results. Parse: 0.22 ms, Refine: 0.42 ms, Copy Results: 0.04 ms
[LIBGPUSPATIAL] [ 16455][19:55:25:191452][info  ] RTSpatialIndex 0x1b08bef0 (Free 22005 MB), Allocate result buffer, memory consumption 0 MB, capacity 20
[LIBGPUSPATIAL] [ 16455][19:55:25:191547][info  ] RTSpatialIndex 0x1b08bef0 (Free 22005 MB), Probe Points, Size: 100000, Results: 20
[LIBGPUSPATIAL] [ 16455][19:55:25:191570][info  ] RTSpatialIndex 0x1b08bef0 (Free 22005 MB), Profiling Results. Alloc: 0.05 ms, Prepare: 0.23 ms, RT: 0.06 ms, Copy res: 0.04 ms
[LIBGPUSPATIAL] [ 16455][19:55:25:191865][info  ] RTSpatialRefiner 0x177ea3e0 (Free 22005 MB), Loaded Geometries, ProbeArray 100000, Loaded 16, Type Point
[LIBGPUSPATIAL] [ 16455][19:55:25:191891][info  ] RTSpatialRefiner 0x177ea3e0 (Free 22005 MB), Evaluating 20 Geometry Pairs with Predicate Contains
[LIBGPUSPATIAL] [ 16455][19:55:25:192371][info  ] RTSpatialRefiner 0x177ea3e0 (Free 22005 MB), Profiling Results. Parse: 0.26 ms, Refine: 0.43 ms, Copy Results: 0.04 ms
[LIBGPUSPATIAL] [ 16455][19:55:25:202645][info  ] RTSpatialIndex 0x1b08bef0 (Free 22005 MB), Allocate result buffer, memory consumption 0 MB, capacity 37
[LIBGPUSPATIAL] [ 16455][19:55:25:202776][info  ] RTSpatialIndex 0x1b08bef0 (Free 22005 MB), Probe Points, Size: 100000, Results: 37
[LIBGPUSPATIAL] [ 16455][19:55:25:202799][info  ] RTSpatialIndex 0x1b08bef0 (Free 22005 MB), Profiling Results. Alloc: 0.05 ms, Prepare: 0.22 ms, RT: 0.07 ms, Copy res: 0.07 ms
[LIBGPUSPATIAL] [ 16455][19:55:25:203097][info  ] RTSpatialRefiner 0x177ea3e0 (Free 22005 MB), Loaded Geometries, ProbeArray 100000, Loaded 27, Type Point
[LIBGPUSPATIAL] [ 16455][19:55:25:203122][info  ] RTSpatialRefiner 0x177ea3e0 (Free 22005 MB), Evaluating 37 Geometry Pairs with Predicate Contains
[LIBGPUSPATIAL] [ 16455][19:55:25:203618][info  ] RTSpatialRefiner 0x177ea3e0 (Free 22005 MB), Profiling Results. Parse: 0.26 ms, Refine: 0.45 ms, Copy Results: 0.04 ms
[LIBGPUSPATIAL] [ 16455][19:55:25:213691][info  ] RTSpatialIndex 0x1b08bef0 (Free 22005 MB), Allocate result buffer, memory consumption 0 MB, capacity 20
[LIBGPUSPATIAL] [ 16455][19:55:25:213804][info  ] RTSpatialIndex 0x1b08bef0 (Free 22005 MB), Probe Points, Size: 100000, Results: 20
[LIBGPUSPATIAL] [ 16455][19:55:25:213828][info  ] RTSpatialIndex 0x1b08bef0 (Free 22005 MB), Profiling Results. Alloc: 0.05 ms, Prepare: 0.23 ms, RT: 0.08 ms, Copy res: 0.04 ms
[LIBGPUSPATIAL] [ 16455][19:55:25:214125][info  ] RTSpatialRefiner 0x177ea3e0 (Free 22005 MB), Loaded Geometries, ProbeArray 100000, Loaded 17, Type Point
[LIBGPUSPATIAL] [ 16455][19:55:25:214151][info  ] RTSpatialRefiner 0x177ea3e0 (Free 22005 MB), Evaluating 20 Geometry Pairs with Predicate Contains
[LIBGPUSPATIAL] [ 16455][19:55:25:214616][info  ] RTSpatialRefiner 0x177ea3e0 (Free 22005 MB), Profiling Results. Parse: 0.26 ms, Refine: 0.42 ms, Copy Results: 0.04 ms
[LIBGPUSPATIAL] [ 16455][19:55:25:224804][info  ] RTSpatialIndex 0x1b08bef0 (Free 22005 MB), Allocate result buffer, memory consumption 0 MB, capacity 21
[LIBGPUSPATIAL] [ 16455][19:55:25:224907][info  ] RTSpatialIndex 0x1b08bef0 (Free 22005 MB), Probe Points, Size: 100000, Results: 21
[LIBGPUSPATIAL] [ 16455][19:55:25:224929][info  ] RTSpatialIndex 0x1b08bef0 (Free 22005 MB), Profiling Results. Alloc: 0.05 ms, Prepare: 0.23 ms, RT: 0.09 ms, Copy res: 0.04 ms
[LIBGPUSPATIAL] [ 16455][19:55:25:225235][info  ] RTSpatialRefiner 0x177ea3e0 (Free 22005 MB), Loaded Geometries, ProbeArray 100000, Loaded 16, Type Point
[LIBGPUSPATIAL] [ 16455][19:55:25:225261][info  ] RTSpatialRefiner 0x177ea3e0 (Free 22005 MB), Evaluating 21 Geometry Pairs with Predicate Contains
[LIBGPUSPATIAL] [ 16455][19:55:25:225815][info  ] RTSpatialRefiner 0x177ea3e0 (Free 22005 MB), Profiling Results. Parse: 0.27 ms, Refine: 0.50 ms, Copy Results: 0.04 ms
[LIBGPUSPATIAL] [ 16455][19:55:25:236068][info  ] RTSpatialIndex 0x1b08bef0 (Free 22005 MB), Allocate result buffer, memory consumption 0 MB, capacity 18
[LIBGPUSPATIAL] [ 16455][19:55:25:236169][info  ] RTSpatialIndex 0x1b08bef0 (Free 22005 MB), Probe Points, Size: 100000, Results: 18
[LIBGPUSPATIAL] [ 16455][19:55:25:236197][info  ] RTSpatialIndex 0x1b08bef0 (Free 22005 MB), Profiling Results. Alloc: 0.05 ms, Prepare: 0.22 ms, RT: 0.06 ms, Copy res: 0.05 ms
[LIBGPUSPATIAL] [ 16455][19:55:25:236511][info  ] RTSpatialRefiner 0x177ea3e0 (Free 22005 MB), Loaded Geometries, ProbeArray 100000, Loaded 17, Type Point
[LIBGPUSPATIAL] [ 16455][19:55:25:236536][info  ] RTSpatialRefiner 0x177ea3e0 (Free 22005 MB), Evaluating 18 Geometry Pairs with Predicate Contains
[LIBGPUSPATIAL] [ 16455][19:55:25:237022][info  ] RTSpatialRefiner 0x177ea3e0 (Free 22005 MB), Profiling Results. Parse: 0.27 ms, Refine: 0.43 ms, Copy Results: 0.05 ms
[LIBGPUSPATIAL] [ 16455][19:55:25:247224][info  ] RTSpatialIndex 0x1b08bef0 (Free 22005 MB), Allocate result buffer, memory consumption 0 MB, capacity 27
[LIBGPUSPATIAL] [ 16455][19:55:25:247320][info  ] RTSpatialIndex 0x1b08bef0 (Free 22005 MB), Probe Points, Size: 100000, Results: 27
[LIBGPUSPATIAL] [ 16455][19:55:25:247343][info  ] RTSpatialIndex 0x1b08bef0 (Free 22005 MB), Profiling Results. Alloc: 0.05 ms, Prepare: 0.22 ms, RT: 0.07 ms, Copy res: 0.04 ms
[LIBGPUSPATIAL] [ 16455][19:55:25:247642][info  ] RTSpatialRefiner 0x177ea3e0 (Free 22005 MB), Loaded Geometries, ProbeArray 100000, Loaded 20, Type Point
[LIBGPUSPATIAL] [ 16455][19:55:25:247668][info  ] RTSpatialRefiner 0x177ea3e0 (Free 22005 MB), Evaluating 27 Geometry Pairs with Predicate Contains
[LIBGPUSPATIAL] [ 16455][19:55:25:248163][info  ] RTSpatialRefiner 0x177ea3e0 (Free 22005 MB), Profiling Results. Parse: 0.27 ms, Refine: 0.45 ms, Copy Results: 0.04 ms
[LIBGPUSPATIAL] [ 16455][19:55:25:258408][info  ] RTSpatialIndex 0x1b08bef0 (Free 22005 MB), Allocate result buffer, memory consumption 0 MB, capacity 26
[LIBGPUSPATIAL] [ 16455][19:55:25:258511][info  ] RTSpatialIndex 0x1b08bef0 (Free 22005 MB), Probe Points, Size: 100000, Results: 26
[LIBGPUSPATIAL] [ 16455][19:55:25:258534][info  ] RTSpatialIndex 0x1b08bef0 (Free 22005 MB), Profiling Results. Alloc: 0.05 ms, Prepare: 0.22 ms, RT: 0.07 ms, Copy res: 0.04 ms
[LIBGPUSPATIAL] [ 16455][19:55:25:258847][info  ] RTSpatialRefiner 0x177ea3e0 (Free 22005 MB), Loaded Geometries, ProbeArray 100000, Loaded 19, Type Point
[LIBGPUSPATIAL] [ 16455][19:55:25:258874][info  ] RTSpatialRefiner 0x177ea3e0 (Free 22005 MB), Evaluating 26 Geometry Pairs with Predicate Contains
[LIBGPUSPATIAL] [ 16455][19:55:25:259345][info  ] RTSpatialRefiner 0x177ea3e0 (Free 22005 MB), Profiling Results. Parse: 0.28 ms, Refine: 0.43 ms, Copy Results: 0.04 ms
[LIBGPUSPATIAL] [ 16455][19:55:25:269229][info  ] RTSpatialIndex 0x1b08bef0 (Free 22005 MB), Allocate result buffer, memory consumption 0 MB, capacity 20
[LIBGPUSPATIAL] [ 16455][19:55:25:269332][info  ] RTSpatialIndex 0x1b08bef0 (Free 22005 MB), Probe Points, Size: 100000, Results: 20
[LIBGPUSPATIAL] [ 16455][19:55:25:269355][info  ] RTSpatialIndex 0x1b08bef0 (Free 22005 MB), Profiling Results. Alloc: 0.04 ms, Prepare: 0.23 ms, RT: 0.07 ms, Copy res: 0.04 ms
[LIBGPUSPATIAL] [ 16455][19:55:25:269642][info  ] RTSpatialRefiner 0x177ea3e0 (Free 22005 MB), Loaded Geometries, ProbeArray 100000, Loaded 15, Type Point
[LIBGPUSPATIAL] [ 16455][19:55:25:269668][info  ] RTSpatialRefiner 0x177ea3e0 (Free 22005 MB), Evaluating 20 Geometry Pairs with Predicate Contains
[LIBGPUSPATIAL] [ 16455][19:55:25:270152][info  ] RTSpatialRefiner 0x177ea3e0 (Free 22005 MB), Profiling Results. Parse: 0.25 ms, Refine: 0.44 ms, Copy Results: 0.04 ms
[LIBGPUSPATIAL] [ 16455][19:55:25:280452][info  ] RTSpatialIndex 0x1b08bef0 (Free 22005 MB), Allocate result buffer, memory consumption 0 MB, capacity 32
[LIBGPUSPATIAL] [ 16455][19:55:25:280549][info  ] RTSpatialIndex 0x1b08bef0 (Free 22005 MB), Probe Points, Size: 100000, Results: 32
[LIBGPUSPATIAL] [ 16455][19:55:25:280573][info  ] RTSpatialIndex 0x1b08bef0 (Free 22005 MB), Profiling Results. Alloc: 0.05 ms, Prepare: 0.23 ms, RT: 0.07 ms, Copy res: 0.04 ms
[LIBGPUSPATIAL] [ 16455][19:55:25:280881][info  ] RTSpatialRefiner 0x177ea3e0 (Free 22005 MB), Loaded Geometries, ProbeArray 100000, Loaded 22, Type Point
[LIBGPUSPATIAL] [ 16455][19:55:25:280908][info  ] RTSpatialRefiner 0x177ea3e0 (Free 22005 MB), Evaluating 32 Geometry Pairs with Predicate Contains
[LIBGPUSPATIAL] [ 16455][19:55:25:281412][info  ] RTSpatialRefiner 0x177ea3e0 (Free 22005 MB), Profiling Results. Parse: 0.27 ms, Refine: 0.46 ms, Copy Results: 0.04 ms
[LIBGPUSPATIAL] [ 16455][19:55:25:284940][info  ] RTSpatialIndex 0x1b08bef0 (Free 22005 MB), Allocate result buffer, memory consumption 0 MB, capacity 14
[LIBGPUSPATIAL] [ 16455][19:55:25:285034][info  ] RTSpatialIndex 0x1b08bef0 (Free 22005 MB), Probe Points, Size: 33333, Results: 14
[LIBGPUSPATIAL] [ 16455][19:55:25:285056][info  ] RTSpatialIndex 0x1b08bef0 (Free 22005 MB), Profiling Results. Alloc: 0.04 ms, Prepare: 0.11 ms, RT: 0.06 ms, Copy res: 0.04 ms
[LIBGPUSPATIAL] [ 16455][19:55:25:285325][info  ] RTSpatialRefiner 0x177ea3e0 (Free 22005 MB), Loaded Geometries, ProbeArray 33333, Loaded 9, Type Point
[LIBGPUSPATIAL] [ 16455][19:55:25:285350][info  ] RTSpatialRefiner 0x177ea3e0 (Free 22005 MB), Evaluating 14 Geometry Pairs with Predicate Contains
[LIBGPUSPATIAL] [ 16455][19:55:25:285899][info  ] RTSpatialRefiner 0x177ea3e0 (Free 22005 MB), Profiling Results. Parse: 0.23 ms, Refine: 0.50 ms, Copy Results: 0.04 ms
[LIBGPUSPATIAL] [ 16455][19:55:25:306345][info  ] RTSpatialIndex 0x1b08bef0 (Free 22005 MB), Allocate result buffer, memory consumption 0 MB, capacity 37
[LIBGPUSPATIAL] [ 16455][19:55:25:306453][info  ] RTSpatialIndex 0x1b08bef0 (Free 22005 MB), Probe Points, Size: 100000, Results: 37
[LIBGPUSPATIAL] [ 16455][19:55:25:306480][info  ] RTSpatialIndex 0x1b08bef0 (Free 22005 MB), Profiling Results. Alloc: 0.10 ms, Prepare: 0.27 ms, RT: 0.10 ms, Copy res: 0.04 ms
[LIBGPUSPATIAL] [ 16455][19:55:25:306828][info  ] RTSpatialRefiner 0x177ea3e0 (Free 22005 MB), Loaded Geometries, ProbeArray 100000, Loaded 24, Type Point
[LIBGPUSPATIAL] [ 16455][19:55:25:306854][info  ] RTSpatialRefiner 0x177ea3e0 (Free 22005 MB), Evaluating 37 Geometry Pairs with Predicate Contains
[LIBGPUSPATIAL] [ 16455][19:55:25:307401][info  ] RTSpatialRefiner 0x177ea3e0 (Free 22005 MB), Profiling Results. Parse: 0.31 ms, Refine: 0.50 ms, Copy Results: 0.04 ms
[LIBGPUSPATIAL] [ 16455][19:55:25:317695][info  ] RTSpatialIndex 0x1b08bef0 (Free 22005 MB), Allocate result buffer, memory consumption 0 MB, capacity 20
[LIBGPUSPATIAL] [ 16455][19:55:25:317817][info  ] RTSpatialIndex 0x1b08bef0 (Free 22005 MB), Probe Points, Size: 100000, Results: 20
[LIBGPUSPATIAL] [ 16455][19:55:25:317841][info  ] RTSpatialIndex 0x1b08bef0 (Free 22005 MB), Profiling Results. Alloc: 0.05 ms, Prepare: 0.22 ms, RT: 0.07 ms, Copy res: 0.04 ms
[LIBGPUSPATIAL] [ 16455][19:55:25:318129][info  ] RTSpatialRefiner 0x177ea3e0 (Free 22005 MB), Loaded Geometries, ProbeArray 100000, Loaded 14, Type Point
[LIBGPUSPATIAL] [ 16455][19:55:25:318154][info  ] RTSpatialRefiner 0x177ea3e0 (Free 22005 MB), Evaluating 20 Geometry Pairs with Predicate Contains
[LIBGPUSPATIAL] [ 16455][19:55:25:318621][info  ] RTSpatialRefiner 0x177ea3e0 (Free 22005 MB), Profiling Results. Parse: 0.25 ms, Refine: 0.42 ms, Copy Results: 0.04 ms
[LIBGPUSPATIAL] [ 16455][19:55:25:328840][info  ] RTSpatialIndex 0x1b08bef0 (Free 22005 MB), Allocate result buffer, memory consumption 0 MB, capacity 22
[LIBGPUSPATIAL] [ 16455][19:55:25:328932][info  ] RTSpatialIndex 0x1b08bef0 (Free 22005 MB), Probe Points, Size: 100000, Results: 22
[LIBGPUSPATIAL] [ 16455][19:55:25:328955][info  ] RTSpatialIndex 0x1b08bef0 (Free 22005 MB), Profiling Results. Alloc: 0.04 ms, Prepare: 0.22 ms, RT: 0.06 ms, Copy res: 0.04 ms
[LIBGPUSPATIAL] [ 16455][19:55:25:329255][info  ] RTSpatialRefiner 0x177ea3e0 (Free 22005 MB), Loaded Geometries, ProbeArray 100000, Loaded 18, Type Point
[LIBGPUSPATIAL] [ 16455][19:55:25:329280][info  ] RTSpatialRefiner 0x177ea3e0 (Free 22005 MB), Evaluating 22 Geometry Pairs with Predicate Contains
[LIBGPUSPATIAL] [ 16455][19:55:25:329776][info  ] RTSpatialRefiner 0x177ea3e0 (Free 22005 MB), Profiling Results. Parse: 0.27 ms, Refine: 0.44 ms, Copy Results: 0.05 ms
[LIBGPUSPATIAL] [ 16455][19:55:25:340039][info  ] RTSpatialIndex 0x1b08bef0 (Free 22005 MB), Allocate result buffer, memory consumption 0 MB, capacity 27
[LIBGPUSPATIAL] [ 16455][19:55:25:340141][info  ] RTSpatialIndex 0x1b08bef0 (Free 22005 MB), Probe Points, Size: 100000, Results: 27
[LIBGPUSPATIAL] [ 16455][19:55:25:340163][info  ] RTSpatialIndex 0x1b08bef0 (Free 22005 MB), Profiling Results. Alloc: 0.04 ms, Prepare: 0.23 ms, RT: 0.08 ms, Copy res: 0.04 ms
[LIBGPUSPATIAL] [ 16455][19:55:25:340443][info  ] RTSpatialRefiner 0x177ea3e0 (Free 22005 MB), Loaded Geometries, ProbeArray 100000, Loaded 18, Type Point
[LIBGPUSPATIAL] [ 16455][19:55:25:340468][info  ] RTSpatialRefiner 0x177ea3e0 (Free 22005 MB), Evaluating 27 Geometry Pairs with Predicate Contains
[LIBGPUSPATIAL] [ 16455][19:55:25:341095][info  ] RTSpatialRefiner 0x177ea3e0 (Free 22005 MB), Profiling Results. Parse: 0.24 ms, Refine: 0.58 ms, Copy Results: 0.04 ms
[LIBGPUSPATIAL] [ 16455][19:55:25:350981][info  ] RTSpatialIndex 0x1b08bef0 (Free 22005 MB), Allocate result buffer, memory consumption 0 MB, capacity 10
[LIBGPUSPATIAL] [ 16455][19:55:25:351073][info  ] RTSpatialIndex 0x1b08bef0 (Free 22005 MB), Probe Points, Size: 100000, Results: 10
[LIBGPUSPATIAL] [ 16455][19:55:25:351095][info  ] RTSpatialIndex 0x1b08bef0 (Free 22005 MB), Profiling Results. Alloc: 0.05 ms, Prepare: 0.23 ms, RT: 0.06 ms, Copy res: 0.04 ms
[LIBGPUSPATIAL] [ 16455][19:55:25:351385][info  ] RTSpatialRefiner 0x177ea3e0 (Free 22005 MB), Loaded Geometries, ProbeArray 100000, Loaded 9, Type Point
[LIBGPUSPATIAL] [ 16455][19:55:25:351411][info  ] RTSpatialRefiner 0x177ea3e0 (Free 22005 MB), Evaluating 10 Geometry Pairs with Predicate Contains
[LIBGPUSPATIAL] [ 16455][19:55:25:351878][info  ] RTSpatialRefiner 0x177ea3e0 (Free 22005 MB), Profiling Results. Parse: 0.25 ms, Refine: 0.42 ms, Copy Results: 0.04 ms
[LIBGPUSPATIAL] [ 16455][19:55:25:362187][info  ] RTSpatialIndex 0x1b08bef0 (Free 22005 MB), Allocate result buffer, memory consumption 0 MB, capacity 24
[LIBGPUSPATIAL] [ 16455][19:55:25:362290][info  ] RTSpatialIndex 0x1b08bef0 (Free 22005 MB), Probe Points, Size: 100000, Results: 24
[LIBGPUSPATIAL] [ 16455][19:55:25:362313][info  ] RTSpatialIndex 0x1b08bef0 (Free 22005 MB), Profiling Results. Alloc: 0.05 ms, Prepare: 0.23 ms, RT: 0.08 ms, Copy res: 0.04 ms
[LIBGPUSPATIAL] [ 16455][19:55:25:362606][info  ] RTSpatialRefiner 0x177ea3e0 (Free 22005 MB), Loaded Geometries, ProbeArray 100000, Loaded 18, Type Point
[LIBGPUSPATIAL] [ 16455][19:55:25:362632][info  ] RTSpatialRefiner 0x177ea3e0 (Free 22005 MB), Evaluating 24 Geometry Pairs with Predicate Contains
[LIBGPUSPATIAL] [ 16455][19:55:25:363144][info  ] RTSpatialRefiner 0x177ea3e0 (Free 22005 MB), Profiling Results. Parse: 0.26 ms, Refine: 0.47 ms, Copy Results: 0.04 ms
[LIBGPUSPATIAL] [ 16455][19:55:25:373234][info  ] RTSpatialIndex 0x1b08bef0 (Free 22005 MB), Allocate result buffer, memory consumption 0 MB, capacity 15
[LIBGPUSPATIAL] [ 16455][19:55:25:373330][info  ] RTSpatialIndex 0x1b08bef0 (Free 22005 MB), Probe Points, Size: 100000, Results: 15
[LIBGPUSPATIAL] [ 16455][19:55:25:373352][info  ] RTSpatialIndex 0x1b08bef0 (Free 22005 MB), Profiling Results. Alloc: 0.05 ms, Prepare: 0.23 ms, RT: 0.06 ms, Copy res: 0.04 ms
[LIBGPUSPATIAL] [ 16455][19:55:25:373638][info  ] RTSpatialRefiner 0x177ea3e0 (Free 22005 MB), Loaded Geometries, ProbeArray 100000, Loaded 10, Type Point
[LIBGPUSPATIAL] [ 16455][19:55:25:373664][info  ] RTSpatialRefiner 0x177ea3e0 (Free 22005 MB), Evaluating 15 Geometry Pairs with Predicate Contains
[LIBGPUSPATIAL] [ 16455][19:55:25:374153][info  ] RTSpatialRefiner 0x177ea3e0 (Free 22005 MB), Profiling Results. Parse: 0.25 ms, Refine: 0.45 ms, Copy Results: 0.04 ms
[LIBGPUSPATIAL] [ 16455][19:55:25:384391][info  ] RTSpatialIndex 0x1b08bef0 (Free 22005 MB), Allocate result buffer, memory consumption 0 MB, capacity 23
[LIBGPUSPATIAL] [ 16455][19:55:25:384511][info  ] RTSpatialIndex 0x1b08bef0 (Free 22005 MB), Probe Points, Size: 100000, Results: 23
[LIBGPUSPATIAL] [ 16455][19:55:25:384535][info  ] RTSpatialIndex 0x1b08bef0 (Free 22005 MB), Profiling Results. Alloc: 0.05 ms, Prepare: 0.23 ms, RT: 0.08 ms, Copy res: 0.05 ms
[LIBGPUSPATIAL] [ 16455][19:55:25:384823][info  ] RTSpatialRefiner 0x177ea3e0 (Free 22005 MB), Loaded Geometries, ProbeArray 100000, Loaded 16, Type Point
[LIBGPUSPATIAL] [ 16455][19:55:25:384849][info  ] RTSpatialRefiner 0x177ea3e0 (Free 22005 MB), Evaluating 23 Geometry Pairs with Predicate Contains
[LIBGPUSPATIAL] [ 16455][19:55:25:385372][info  ] RTSpatialRefiner 0x177ea3e0 (Free 22005 MB), Profiling Results. Parse: 0.25 ms, Refine: 0.48 ms, Copy Results: 0.04 ms
[LIBGPUSPATIAL] [ 16455][19:55:25:395823][info  ] RTSpatialIndex 0x1b08bef0 (Free 22005 MB), Allocate result buffer, memory consumption 0 MB, capacity 28
[LIBGPUSPATIAL] [ 16455][19:55:25:395925][info  ] RTSpatialIndex 0x1b08bef0 (Free 22005 MB), Probe Points, Size: 100000, Results: 28
[LIBGPUSPATIAL] [ 16455][19:55:25:395947][info  ] RTSpatialIndex 0x1b08bef0 (Free 22005 MB), Profiling Results. Alloc: 0.05 ms, Prepare: 0.24 ms, RT: 0.08 ms, Copy res: 0.04 ms
[LIBGPUSPATIAL] [ 16455][19:55:25:396226][info  ] RTSpatialRefiner 0x177ea3e0 (Free 22005 MB), Loaded Geometries, ProbeArray 100000, Loaded 21, Type Point
[LIBGPUSPATIAL] [ 16455][19:55:25:396252][info  ] RTSpatialRefiner 0x177ea3e0 (Free 22005 MB), Evaluating 28 Geometry Pairs with Predicate Contains
[LIBGPUSPATIAL] [ 16455][19:55:25:396862][info  ] RTSpatialRefiner 0x177ea3e0 (Free 22005 MB), Profiling Results. Parse: 0.24 ms, Refine: 0.56 ms, Copy Results: 0.04 ms
[LIBGPUSPATIAL] [ 16455][19:55:25:407066][info  ] RTSpatialIndex 0x1b08bef0 (Free 22005 MB), Allocate result buffer, memory consumption 0 MB, capacity 27
[LIBGPUSPATIAL] [ 16455][19:55:25:407160][info  ] RTSpatialIndex 0x1b08bef0 (Free 22005 MB), Probe Points, Size: 100000, Results: 27
[LIBGPUSPATIAL] [ 16455][19:55:25:407183][info  ] RTSpatialIndex 0x1b08bef0 (Free 22005 MB), Profiling Results. Alloc: 0.04 ms, Prepare: 0.22 ms, RT: 0.06 ms, Copy res: 0.04 ms
[LIBGPUSPATIAL] [ 16455][19:55:25:407467][info  ] RTSpatialRefiner 0x177ea3e0 (Free 22005 MB), Loaded Geometries, ProbeArray 100000, Loaded 19, Type Point
[LIBGPUSPATIAL] [ 16455][19:55:25:407493][info  ] RTSpatialRefiner 0x177ea3e0 (Free 22005 MB), Evaluating 27 Geometry Pairs with Predicate Contains
[LIBGPUSPATIAL] [ 16455][19:55:25:408085][info  ] RTSpatialRefiner 0x177ea3e0 (Free 22005 MB), Profiling Results. Parse: 0.25 ms, Refine: 0.55 ms, Copy Results: 0.04 ms
[LIBGPUSPATIAL] [ 16455][19:55:25:418306][info  ] RTSpatialIndex 0x1b08bef0 (Free 22005 MB), Allocate result buffer, memory consumption 0 MB, capacity 11
[LIBGPUSPATIAL] [ 16455][19:55:25:418400][info  ] RTSpatialIndex 0x1b08bef0 (Free 22005 MB), Probe Points, Size: 100000, Results: 11
[LIBGPUSPATIAL] [ 16455][19:55:25:418423][info  ] RTSpatialIndex 0x1b08bef0 (Free 22005 MB), Profiling Results. Alloc: 0.04 ms, Prepare: 0.22 ms, RT: 0.06 ms, Copy res: 0.04 ms
[LIBGPUSPATIAL] [ 16455][19:55:25:418710][info  ] RTSpatialRefiner 0x177ea3e0 (Free 22005 MB), Loaded Geometries, ProbeArray 100000, Loaded 10, Type Point
[LIBGPUSPATIAL] [ 16455][19:55:25:418750][info  ] RTSpatialRefiner 0x177ea3e0 (Free 22005 MB), Evaluating 11 Geometry Pairs with Predicate Contains
[LIBGPUSPATIAL] [ 16455][19:55:25:419212][info  ] RTSpatialRefiner 0x177ea3e0 (Free 22005 MB), Profiling Results. Parse: 0.25 ms, Refine: 0.43 ms, Copy Results: 0.04 ms
[LIBGPUSPATIAL] [ 16455][19:55:25:429073][info  ] RTSpatialIndex 0x1b08bef0 (Free 22005 MB), Allocate result buffer, memory consumption 0 MB, capacity 23
[LIBGPUSPATIAL] [ 16455][19:55:25:429168][info  ] RTSpatialIndex 0x1b08bef0 (Free 22005 MB), Probe Points, Size: 100000, Results: 23
[LIBGPUSPATIAL] [ 16455][19:55:25:429191][info  ] RTSpatialIndex 0x1b08bef0 (Free 22005 MB), Profiling Results. Alloc: 0.04 ms, Prepare: 0.23 ms, RT: 0.06 ms, Copy res: 0.04 ms
[LIBGPUSPATIAL] [ 16455][19:55:25:429481][info  ] RTSpatialRefiner 0x177ea3e0 (Free 22005 MB), Loaded Geometries, ProbeArray 100000, Loaded 19, Type Point
[LIBGPUSPATIAL] [ 16455][19:55:25:429506][info  ] RTSpatialRefiner 0x177ea3e0 (Free 22005 MB), Evaluating 23 Geometry Pairs with Predicate Contains
[LIBGPUSPATIAL] [ 16455][19:55:25:429997][info  ] RTSpatialRefiner 0x177ea3e0 (Free 22005 MB), Profiling Results. Parse: 0.26 ms, Refine: 0.45 ms, Copy Results: 0.04 ms
[LIBGPUSPATIAL] [ 16455][19:55:25:440302][info  ] RTSpatialIndex 0x1b08bef0 (Free 22005 MB), Allocate result buffer, memory consumption 0 MB, capacity 34
[LIBGPUSPATIAL] [ 16455][19:55:25:440405][info  ] RTSpatialIndex 0x1b08bef0 (Free 22005 MB), Probe Points, Size: 100000, Results: 34
[LIBGPUSPATIAL] [ 16455][19:55:25:440428][info  ] RTSpatialIndex 0x1b08bef0 (Free 22005 MB), Profiling Results. Alloc: 0.05 ms, Prepare: 0.23 ms, RT: 0.07 ms, Copy res: 0.04 ms
[LIBGPUSPATIAL] [ 16455][19:55:25:440738][info  ] RTSpatialRefiner 0x177ea3e0 (Free 22005 MB), Loaded Geometries, ProbeArray 100000, Loaded 24, Type Point
[LIBGPUSPATIAL] [ 16455][19:55:25:440764][info  ] RTSpatialRefiner 0x177ea3e0 (Free 22005 MB), Evaluating 34 Geometry Pairs with Predicate Contains
[LIBGPUSPATIAL] [ 16455][19:55:25:441238][info  ] RTSpatialRefiner 0x177ea3e0 (Free 22005 MB), Profiling Results. Parse: 0.26 ms, Refine: 0.43 ms, Copy Results: 0.04 ms
[LIBGPUSPATIAL] [ 16455][19:55:25:444777][info  ] RTSpatialIndex 0x1b08bef0 (Free 22005 MB), Allocate result buffer, memory consumption 0 MB, capacity 5
[LIBGPUSPATIAL] [ 16455][19:55:25:444870][info  ] RTSpatialIndex 0x1b08bef0 (Free 22005 MB), Probe Points, Size: 33333, Results: 5
[LIBGPUSPATIAL] [ 16455][19:55:25:444892][info  ] RTSpatialIndex 0x1b08bef0 (Free 22005 MB), Profiling Results. Alloc: 0.04 ms, Prepare: 0.12 ms, RT: 0.07 ms, Copy res: 0.04 ms
[LIBGPUSPATIAL] [ 16455][19:55:25:445180][info  ] RTSpatialRefiner 0x177ea3e0 (Free 22005 MB), Loaded Geometries, ProbeArray 33333, Loaded 4, Type Point
[LIBGPUSPATIAL] [ 16455][19:55:25:445205][info  ] RTSpatialRefiner 0x177ea3e0 (Free 22005 MB), Evaluating 5 Geometry Pairs with Predicate Contains
[LIBGPUSPATIAL] [ 16455][19:55:25:445643][info  ] RTSpatialRefiner 0x177ea3e0 (Free 22005 MB), Profiling Results. Parse: 0.25 ms, Refine: 0.39 ms, Copy Results: 0.04 ms
[LIBGPUSPATIAL] [ 16455][19:55:25:466033][info  ] RTSpatialIndex 0x1b08bef0 (Free 22005 MB), Allocate result buffer, memory consumption 0 MB, capacity 25
[LIBGPUSPATIAL] [ 16455][19:55:25:466145][info  ] RTSpatialIndex 0x1b08bef0 (Free 22005 MB), Probe Points, Size: 100000, Results: 25
[LIBGPUSPATIAL] [ 16455][19:55:25:466171][info  ] RTSpatialIndex 0x1b08bef0 (Free 22005 MB), Profiling Results. Alloc: 0.09 ms, Prepare: 0.27 ms, RT: 0.10 ms, Copy res: 0.04 ms
[LIBGPUSPATIAL] [ 16455][19:55:25:466506][info  ] RTSpatialRefiner 0x177ea3e0 (Free 22005 MB), Loaded Geometries, ProbeArray 100000, Loaded 19, Type Point
[LIBGPUSPATIAL] [ 16455][19:55:25:466532][info  ] RTSpatialRefiner 0x177ea3e0 (Free 22005 MB), Evaluating 25 Geometry Pairs with Predicate Contains
[LIBGPUSPATIAL] [ 16455][19:55:25:467167][info  ] RTSpatialRefiner 0x177ea3e0 (Free 22005 MB), Profiling Results. Parse: 0.29 ms, Refine: 0.59 ms, Copy Results: 0.04 ms
[LIBGPUSPATIAL] [ 16455][19:55:25:477534][info  ] RTSpatialIndex 0x1b08bef0 (Free 22005 MB), Allocate result buffer, memory consumption 0 MB, capacity 31
[LIBGPUSPATIAL] [ 16455][19:55:25:477652][info  ] RTSpatialIndex 0x1b08bef0 (Free 22005 MB), Probe Points, Size: 100000, Results: 31
[LIBGPUSPATIAL] [ 16455][19:55:25:477682][info  ] RTSpatialIndex 0x1b08bef0 (Free 22005 MB), Profiling Results. Alloc: 0.06 ms, Prepare: 0.23 ms, RT: 0.08 ms, Copy res: 0.05 ms
[LIBGPUSPATIAL] [ 16455][19:55:25:478003][info  ] RTSpatialRefiner 0x177ea3e0 (Free 22005 MB), Loaded Geometries, ProbeArray 100000, Loaded 23, Type Point
[LIBGPUSPATIAL] [ 16455][19:55:25:478037][info  ] RTSpatialRefiner 0x177ea3e0 (Free 22005 MB), Evaluating 31 Geometry Pairs with Predicate Contains
[LIBGPUSPATIAL] [ 16455][19:55:25:478600][info  ] RTSpatialRefiner 0x177ea3e0 (Free 22005 MB), Profiling Results. Parse: 0.28 ms, Refine: 0.53 ms, Copy Results: 0.04 ms
[LIBGPUSPATIAL] [ 16455][19:55:25:488858][info  ] RTSpatialIndex 0x1b08bef0 (Free 22005 MB), Allocate result buffer, memory consumption 0 MB, capacity 28
[LIBGPUSPATIAL] [ 16455][19:55:25:488977][info  ] RTSpatialIndex 0x1b08bef0 (Free 22005 MB), Probe Points, Size: 100000, Results: 28
[LIBGPUSPATIAL] [ 16455][19:55:25:489012][info  ] RTSpatialIndex 0x1b08bef0 (Free 22005 MB), Profiling Results. Alloc: 0.05 ms, Prepare: 0.22 ms, RT: 0.07 ms, Copy res: 0.05 ms
[LIBGPUSPATIAL] [ 16455][19:55:25:489301][info  ] RTSpatialRefiner 0x177ea3e0 (Free 22005 MB), Loaded Geometries, ProbeArray 100000, Loaded 21, Type Point
[LIBGPUSPATIAL] [ 16455][19:55:25:489336][info  ] RTSpatialRefiner 0x177ea3e0 (Free 22005 MB), Evaluating 28 Geometry Pairs with Predicate Contains
[LIBGPUSPATIAL] [ 16455][19:55:25:489930][info  ] RTSpatialRefiner 0x177ea3e0 (Free 22005 MB), Profiling Results. Parse: 0.25 ms, Refine: 0.55 ms, Copy Results: 0.04 ms
[LIBGPUSPATIAL] [ 16455][19:55:25:500155][info  ] RTSpatialIndex 0x1b08bef0 (Free 22005 MB), Allocate result buffer, memory consumption 0 MB, capacity 25
[LIBGPUSPATIAL] [ 16455][19:55:25:500274][info  ] RTSpatialIndex 0x1b08bef0 (Free 22005 MB), Probe Points, Size: 100000, Results: 25
[LIBGPUSPATIAL] [ 16455][19:55:25:500304][info  ] RTSpatialIndex 0x1b08bef0 (Free 22005 MB), Profiling Results. Alloc: 0.05 ms, Prepare: 0.22 ms, RT: 0.08 ms, Copy res: 0.04 ms
[LIBGPUSPATIAL] [ 16455][19:55:25:500604][info  ] RTSpatialRefiner 0x177ea3e0 (Free 22005 MB), Loaded Geometries, ProbeArray 100000, Loaded 19, Type Point
[LIBGPUSPATIAL] [ 16455][19:55:25:500639][info  ] RTSpatialRefiner 0x177ea3e0 (Free 22005 MB), Evaluating 25 Geometry Pairs with Predicate Contains
[LIBGPUSPATIAL] [ 16455][19:55:25:501225][info  ] RTSpatialRefiner 0x177ea3e0 (Free 22005 MB), Profiling Results. Parse: 0.26 ms, Refine: 0.55 ms, Copy Results: 0.04 ms
[LIBGPUSPATIAL] [ 16455][19:55:25:511093][info  ] RTSpatialIndex 0x1b08bef0 (Free 22005 MB), Allocate result buffer, memory consumption 0 MB, capacity 22
[LIBGPUSPATIAL] [ 16455][19:55:25:511210][info  ] RTSpatialIndex 0x1b08bef0 (Free 22005 MB), Probe Points, Size: 100000, Results: 22
[LIBGPUSPATIAL] [ 16455][19:55:25:511240][info  ] RTSpatialIndex 0x1b08bef0 (Free 22005 MB), Profiling Results. Alloc: 0.05 ms, Prepare: 0.23 ms, RT: 0.08 ms, Copy res: 0.04 ms
[LIBGPUSPATIAL] [ 16455][19:55:25:511535][info  ] RTSpatialRefiner 0x177ea3e0 (Free 22005 MB), Loaded Geometries, ProbeArray 100000, Loaded 15, Type Point
[LIBGPUSPATIAL] [ 16455][19:55:25:511570][info  ] RTSpatialRefiner 0x177ea3e0 (Free 22005 MB), Evaluating 22 Geometry Pairs with Predicate Contains
[LIBGPUSPATIAL] [ 16455][19:55:25:512077][info  ] RTSpatialRefiner 0x177ea3e0 (Free 22005 MB), Profiling Results. Parse: 0.26 ms, Refine: 0.47 ms, Copy Results: 0.04 ms
[LIBGPUSPATIAL] [ 16455][19:55:25:522513][info  ] RTSpatialIndex 0x1b08bef0 (Free 22005 MB), Allocate result buffer, memory consumption 0 MB, capacity 33
[LIBGPUSPATIAL] [ 16455][19:55:25:522635][info  ] RTSpatialIndex 0x1b08bef0 (Free 22005 MB), Probe Points, Size: 100000, Results: 33
[LIBGPUSPATIAL] [ 16455][19:55:25:522666][info  ] RTSpatialIndex 0x1b08bef0 (Free 22005 MB), Profiling Results. Alloc: 0.06 ms, Prepare: 0.23 ms, RT: 0.09 ms, Copy res: 0.04 ms
[LIBGPUSPATIAL] [ 16455][19:55:25:522995][info  ] RTSpatialRefiner 0x177ea3e0 (Free 22005 MB), Loaded Geometries, ProbeArray 100000, Loaded 22, Type Point
[LIBGPUSPATIAL] [ 16455][19:55:25:523029][info  ] RTSpatialRefiner 0x177ea3e0 (Free 22005 MB), Evaluating 33 Geometry Pairs with Predicate Contains
[LIBGPUSPATIAL] [ 16455][19:55:25:523535][info  ] RTSpatialRefiner 0x177ea3e0 (Free 22005 MB), Profiling Results. Parse: 0.29 ms, Refine: 0.47 ms, Copy Results: 0.04 ms
[LIBGPUSPATIAL] [ 16455][19:55:25:533762][info  ] RTSpatialIndex 0x1b08bef0 (Free 22005 MB), Allocate result buffer, memory consumption 0 MB, capacity 23
[LIBGPUSPATIAL] [ 16455][19:55:25:533880][info  ] RTSpatialIndex 0x1b08bef0 (Free 22005 MB), Probe Points, Size: 100000, Results: 23
[LIBGPUSPATIAL] [ 16455][19:55:25:533910][info  ] RTSpatialIndex 0x1b08bef0 (Free 22005 MB), Profiling Results. Alloc: 0.05 ms, Prepare: 0.23 ms, RT: 0.09 ms, Copy res: 0.04 ms
[LIBGPUSPATIAL] [ 16455][19:55:25:534209][info  ] RTSpatialRefiner 0x177ea3e0 (Free 22005 MB), Loaded Geometries, ProbeArray 100000, Loaded 17, Type Point
[LIBGPUSPATIAL] [ 16455][19:55:25:534243][info  ] RTSpatialRefiner 0x177ea3e0 (Free 22005 MB), Evaluating 23 Geometry Pairs with Predicate Contains
[LIBGPUSPATIAL] [ 16455][19:55:25:534705][info  ] RTSpatialRefiner 0x177ea3e0 (Free 22005 MB), Profiling Results. Parse: 0.26 ms, Refine: 0.42 ms, Copy Results: 0.04 ms
[LIBGPUSPATIAL] [ 16455][19:55:25:544958][info  ] RTSpatialIndex 0x1b08bef0 (Free 22005 MB), Allocate result buffer, memory consumption 0 MB, capacity 27
[LIBGPUSPATIAL] [ 16455][19:55:25:545082][info  ] RTSpatialIndex 0x1b08bef0 (Free 22005 MB), Probe Points, Size: 100000, Results: 27
[LIBGPUSPATIAL] [ 16455][19:55:25:545113][info  ] RTSpatialIndex 0x1b08bef0 (Free 22005 MB), Profiling Results. Alloc: 0.05 ms, Prepare: 0.22 ms, RT: 0.08 ms, Copy res: 0.04 ms
[LIBGPUSPATIAL] [ 16455][19:55:25:545417][info  ] RTSpatialRefiner 0x177ea3e0 (Free 22005 MB), Loaded Geometries, ProbeArray 100000, Loaded 20, Type Point
[LIBGPUSPATIAL] [ 16455][19:55:25:545450][info  ] RTSpatialRefiner 0x177ea3e0 (Free 22005 MB), Evaluating 27 Geometry Pairs with Predicate Contains
[LIBGPUSPATIAL] [ 16455][19:55:25:545967][info  ] RTSpatialRefiner 0x177ea3e0 (Free 22005 MB), Profiling Results. Parse: 0.26 ms, Refine: 0.48 ms, Copy Results: 0.04 ms
[LIBGPUSPATIAL] [ 16455][19:55:25:556256][info  ] RTSpatialIndex 0x1b08bef0 (Free 22005 MB), Allocate result buffer, memory consumption 0 MB, capacity 18
[LIBGPUSPATIAL] [ 16455][19:55:25:556367][info  ] RTSpatialIndex 0x1b08bef0 (Free 22005 MB), Probe Points, Size: 100000, Results: 18
[LIBGPUSPATIAL] [ 16455][19:55:25:556397][info  ] RTSpatialIndex 0x1b08bef0 (Free 22005 MB), Profiling Results. Alloc: 0.05 ms, Prepare: 0.22 ms, RT: 0.07 ms, Copy res: 0.04 ms
[LIBGPUSPATIAL] [ 16455][19:55:25:556695][info  ] RTSpatialRefiner 0x177ea3e0 (Free 22005 MB), Loaded Geometries, ProbeArray 100000, Loaded 14, Type Point
[LIBGPUSPATIAL] [ 16455][19:55:25:556747][info  ] RTSpatialRefiner 0x177ea3e0 (Free 22005 MB), Evaluating 18 Geometry Pairs with Predicate Contains
[LIBGPUSPATIAL] [ 16455][19:55:25:557225][info  ] RTSpatialRefiner 0x177ea3e0 (Free 22005 MB), Profiling Results. Parse: 0.26 ms, Refine: 0.46 ms, Copy Results: 0.04 ms
[LIBGPUSPATIAL] [ 16455][19:55:25:567412][info  ] RTSpatialIndex 0x1b08bef0 (Free 22005 MB), Allocate result buffer, memory consumption 0 MB, capacity 17
[LIBGPUSPATIAL] [ 16455][19:55:25:567525][info  ] RTSpatialIndex 0x1b08bef0 (Free 22005 MB), Probe Points, Size: 100000, Results: 17
[LIBGPUSPATIAL] [ 16455][19:55:25:567555][info  ] RTSpatialIndex 0x1b08bef0 (Free 22005 MB), Profiling Results. Alloc: 0.05 ms, Prepare: 0.22 ms, RT: 0.07 ms, Copy res: 0.04 ms
[LIBGPUSPATIAL] [ 16455][19:55:25:567857][info  ] RTSpatialRefiner 0x177ea3e0 (Free 22005 MB), Loaded Geometries, ProbeArray 100000, Loaded 12, Type Point
[LIBGPUSPATIAL] [ 16455][19:55:25:567892][info  ] RTSpatialRefiner 0x177ea3e0 (Free 22005 MB), Evaluating 17 Geometry Pairs with Predicate Contains
[LIBGPUSPATIAL] [ 16455][19:55:25:568353][info  ] RTSpatialRefiner 0x177ea3e0 (Free 22005 MB), Profiling Results. Parse: 0.26 ms, Refine: 0.42 ms, Copy Results: 0.04 ms
[LIBGPUSPATIAL] [ 16455][19:55:25:578526][info  ] RTSpatialIndex 0x1b08bef0 (Free 22005 MB), Allocate result buffer, memory consumption 0 MB, capacity 23
[LIBGPUSPATIAL] [ 16455][19:55:25:578639][info  ] RTSpatialIndex 0x1b08bef0 (Free 22005 MB), Probe Points, Size: 100000, Results: 23
[LIBGPUSPATIAL] [ 16455][19:55:25:578669][info  ] RTSpatialIndex 0x1b08bef0 (Free 22005 MB), Profiling Results. Alloc: 0.05 ms, Prepare: 0.22 ms, RT: 0.07 ms, Copy res: 0.04 ms
[LIBGPUSPATIAL] [ 16455][19:55:25:578990][info  ] RTSpatialRefiner 0x177ea3e0 (Free 22005 MB), Loaded Geometries, ProbeArray 100000, Loaded 15, Type Point
[LIBGPUSPATIAL] [ 16455][19:55:25:579024][info  ] RTSpatialRefiner 0x177ea3e0 (Free 22005 MB), Evaluating 23 Geometry Pairs with Predicate Contains
[LIBGPUSPATIAL] [ 16455][19:55:25:579529][info  ] RTSpatialRefiner 0x177ea3e0 (Free 22005 MB), Profiling Results. Parse: 0.28 ms, Refine: 0.47 ms, Copy Results: 0.04 ms
[LIBGPUSPATIAL] [ 16455][19:55:25:589366][info  ] RTSpatialIndex 0x1b08bef0 (Free 22005 MB), Allocate result buffer, memory consumption 0 MB, capacity 21
[LIBGPUSPATIAL] [ 16455][19:55:25:589485][info  ] RTSpatialIndex 0x1b08bef0 (Free 22005 MB), Probe Points, Size: 100000, Results: 21
[LIBGPUSPATIAL] [ 16455][19:55:25:589515][info  ] RTSpatialIndex 0x1b08bef0 (Free 22005 MB), Profiling Results. Alloc: 0.05 ms, Prepare: 0.22 ms, RT: 0.07 ms, Copy res: 0.04 ms
[LIBGPUSPATIAL] [ 16455][19:55:25:589824][info  ] RTSpatialRefiner 0x177ea3e0 (Free 22005 MB), Loaded Geometries, ProbeArray 100000, Loaded 18, Type Point
[LIBGPUSPATIAL] [ 16455][19:55:25:589858][info  ] RTSpatialRefiner 0x177ea3e0 (Free 22005 MB), Evaluating 21 Geometry Pairs with Predicate Contains
[LIBGPUSPATIAL] [ 16455][19:55:25:590413][info  ] RTSpatialRefiner 0x177ea3e0 (Free 22005 MB), Profiling Results. Parse: 0.27 ms, Refine: 0.52 ms, Copy Results: 0.04 ms
[LIBGPUSPATIAL] [ 16455][19:55:25:600684][info  ] RTSpatialIndex 0x1b08bef0 (Free 22005 MB), Allocate result buffer, memory consumption 0 MB, capacity 9
[LIBGPUSPATIAL] [ 16455][19:55:25:600813][info  ] RTSpatialIndex 0x1b08bef0 (Free 22005 MB), Probe Points, Size: 100000, Results: 9
[LIBGPUSPATIAL] [ 16455][19:55:25:600844][info  ] RTSpatialIndex 0x1b08bef0 (Free 22005 MB), Profiling Results. Alloc: 0.05 ms, Prepare: 0.23 ms, RT: 0.08 ms, Copy res: 0.04 ms
[LIBGPUSPATIAL] [ 16455][19:55:25:601144][info  ] RTSpatialRefiner 0x177ea3e0 (Free 22005 MB), Loaded Geometries, ProbeArray 100000, Loaded 7, Type Point
[LIBGPUSPATIAL] [ 16455][19:55:25:601178][info  ] RTSpatialRefiner 0x177ea3e0 (Free 22005 MB), Evaluating 9 Geometry Pairs with Predicate Contains
[LIBGPUSPATIAL] [ 16455][19:55:25:601642][info  ] RTSpatialRefiner 0x177ea3e0 (Free 22005 MB), Profiling Results. Parse: 0.26 ms, Refine: 0.43 ms, Copy Results: 0.04 ms
[LIBGPUSPATIAL] [ 16455][19:55:25:605177][info  ] RTSpatialIndex 0x1b08bef0 (Free 22005 MB), Allocate result buffer, memory consumption 0 MB, capacity 8
[LIBGPUSPATIAL] [ 16455][19:55:25:605287][info  ] RTSpatialIndex 0x1b08bef0 (Free 22005 MB), Probe Points, Size: 33333, Results: 8
[LIBGPUSPATIAL] [ 16455][19:55:25:605317][info  ] RTSpatialIndex 0x1b08bef0 (Free 22005 MB), Profiling Results. Alloc: 0.05 ms, Prepare: 0.12 ms, RT: 0.06 ms, Copy res: 0.04 ms
[LIBGPUSPATIAL] [ 16455][19:55:25:605614][info  ] RTSpatialRefiner 0x177ea3e0 (Free 22005 MB), Loaded Geometries, ProbeArray 33333, Loaded 7, Type Point
[LIBGPUSPATIAL] [ 16455][19:55:25:605648][info  ] RTSpatialRefiner 0x177ea3e0 (Free 22005 MB), Evaluating 8 Geometry Pairs with Predicate Contains
[LIBGPUSPATIAL] [ 16455][19:55:25:606124][info  ] RTSpatialRefiner 0x177ea3e0 (Free 22005 MB), Profiling Results. Parse: 0.26 ms, Refine: 0.44 ms, Copy Results: 0.04 ms
[LIBGPUSPATIAL] [ 16455][19:55:25:626698][info  ] RTSpatialIndex 0x1b08bef0 (Free 22005 MB), Allocate result buffer, memory consumption 0 MB, capacity 19
[LIBGPUSPATIAL] [ 16455][19:55:25:626843][info  ] RTSpatialIndex 0x1b08bef0 (Free 22005 MB), Probe Points, Size: 100000, Results: 19
[LIBGPUSPATIAL] [ 16455][19:55:25:626879][info  ] RTSpatialIndex 0x1b08bef0 (Free 22005 MB), Profiling Results. Alloc: 0.11 ms, Prepare: 0.27 ms, RT: 0.11 ms, Copy res: 0.05 ms
[LIBGPUSPATIAL] [ 16455][19:55:25:627220][info  ] RTSpatialRefiner 0x177ea3e0 (Free 22005 MB), Loaded Geometries, ProbeArray 100000, Loaded 14, Type Point
[LIBGPUSPATIAL] [ 16455][19:55:25:627254][info  ] RTSpatialRefiner 0x177ea3e0 (Free 22005 MB), Evaluating 19 Geometry Pairs with Predicate Contains
[LIBGPUSPATIAL] [ 16455][19:55:25:627808][info  ] RTSpatialRefiner 0x177ea3e0 (Free 22005 MB), Profiling Results. Parse: 0.29 ms, Refine: 0.49 ms, Copy Results: 0.07 ms
[LIBGPUSPATIAL] [ 16455][19:55:25:638148][info  ] RTSpatialIndex 0x1b08bef0 (Free 22005 MB), Allocate result buffer, memory consumption 0 MB, capacity 18
[LIBGPUSPATIAL] [ 16455][19:55:25:638268][info  ] RTSpatialIndex 0x1b08bef0 (Free 22005 MB), Probe Points, Size: 100000, Results: 18
[LIBGPUSPATIAL] [ 16455][19:55:25:638299][info  ] RTSpatialIndex 0x1b08bef0 (Free 22005 MB), Profiling Results. Alloc: 0.06 ms, Prepare: 0.23 ms, RT: 0.07 ms, Copy res: 0.05 ms
[LIBGPUSPATIAL] [ 16455][19:55:25:638594][info  ] RTSpatialRefiner 0x177ea3e0 (Free 22005 MB), Loaded Geometries, ProbeArray 100000, Loaded 13, Type Point
[LIBGPUSPATIAL] [ 16455][19:55:25:638628][info  ] RTSpatialRefiner 0x177ea3e0 (Free 22005 MB), Evaluating 18 Geometry Pairs with Predicate Contains
[LIBGPUSPATIAL] [ 16455][19:55:25:639160][info  ] RTSpatialRefiner 0x177ea3e0 (Free 22005 MB), Profiling Results. Parse: 0.25 ms, Refine: 0.49 ms, Copy Results: 0.04 ms
[LIBGPUSPATIAL] [ 16455][19:55:25:649522][info  ] RTSpatialIndex 0x1b08bef0 (Free 22005 MB), Allocate result buffer, memory consumption 0 MB, capacity 18
[LIBGPUSPATIAL] [ 16455][19:55:25:649635][info  ] RTSpatialIndex 0x1b08bef0 (Free 22005 MB), Probe Points, Size: 100000, Results: 18
[LIBGPUSPATIAL] [ 16455][19:55:25:649666][info  ] RTSpatialIndex 0x1b08bef0 (Free 22005 MB), Profiling Results. Alloc: 0.05 ms, Prepare: 0.22 ms, RT: 0.12 ms, Copy res: 0.04 ms
[LIBGPUSPATIAL] [ 16455][19:55:25:649986][info  ] RTSpatialRefiner 0x177ea3e0 (Free 22005 MB), Loaded Geometries, ProbeArray 100000, Loaded 16, Type Point
[LIBGPUSPATIAL] [ 16455][19:55:25:650021][info  ] RTSpatialRefiner 0x177ea3e0 (Free 22005 MB), Evaluating 18 Geometry Pairs with Predicate Contains
[LIBGPUSPATIAL] [ 16455][19:55:25:650592][info  ] RTSpatialRefiner 0x177ea3e0 (Free 22005 MB), Profiling Results. Parse: 0.28 ms, Refine: 0.54 ms, Copy Results: 0.04 ms
[LIBGPUSPATIAL] [ 16455][19:55:25:660861][info  ] RTSpatialIndex 0x1b08bef0 (Free 22005 MB), Allocate result buffer, memory consumption 0 MB, capacity 18
[LIBGPUSPATIAL] [ 16455][19:55:25:660984][info  ] RTSpatialIndex 0x1b08bef0 (Free 22005 MB), Probe Points, Size: 100000, Results: 18
[LIBGPUSPATIAL] [ 16455][19:55:25:661014][info  ] RTSpatialIndex 0x1b08bef0 (Free 22005 MB), Profiling Results. Alloc: 0.05 ms, Prepare: 0.22 ms, RT: 0.08 ms, Copy res: 0.05 ms
[LIBGPUSPATIAL] [ 16455][19:55:25:661330][info  ] RTSpatialRefiner 0x177ea3e0 (Free 22005 MB), Loaded Geometries, ProbeArray 100000, Loaded 12, Type Point
[LIBGPUSPATIAL] [ 16455][19:55:25:661366][info  ] RTSpatialRefiner 0x177ea3e0 (Free 22005 MB), Evaluating 18 Geometry Pairs with Predicate Contains
[LIBGPUSPATIAL] [ 16455][19:55:25:661874][info  ] RTSpatialRefiner 0x177ea3e0 (Free 22005 MB), Profiling Results. Parse: 0.27 ms, Refine: 0.47 ms, Copy Results: 0.04 ms
[LIBGPUSPATIAL] [ 16455][19:55:25:671808][info  ] RTSpatialIndex 0x1b08bef0 (Free 22005 MB), Allocate result buffer, memory consumption 0 MB, capacity 24
[LIBGPUSPATIAL] [ 16455][19:55:25:671927][info  ] RTSpatialIndex 0x1b08bef0 (Free 22005 MB), Probe Points, Size: 100000, Results: 24
[LIBGPUSPATIAL] [ 16455][19:55:25:671958][info  ] RTSpatialIndex 0x1b08bef0 (Free 22005 MB), Profiling Results. Alloc: 0.05 ms, Prepare: 0.23 ms, RT: 0.08 ms, Copy res: 0.04 ms
[LIBGPUSPATIAL] [ 16455][19:55:25:672273][info  ] RTSpatialRefiner 0x177ea3e0 (Free 22005 MB), Loaded Geometries, ProbeArray 100000, Loaded 19, Type Point
[LIBGPUSPATIAL] [ 16455][19:55:25:672308][info  ] RTSpatialRefiner 0x177ea3e0 (Free 22005 MB), Evaluating 24 Geometry Pairs with Predicate Contains
[LIBGPUSPATIAL] [ 16455][19:55:25:672820][info  ] RTSpatialRefiner 0x177ea3e0 (Free 22005 MB), Profiling Results. Parse: 0.27 ms, Refine: 0.46 ms, Copy Results: 0.05 ms
[LIBGPUSPATIAL] [ 16455][19:55:25:683495][info  ] RTSpatialIndex 0x1b08bef0 (Free 22005 MB), Allocate result buffer, memory consumption 0 MB, capacity 23
[LIBGPUSPATIAL] [ 16455][19:55:25:683619][info  ] RTSpatialIndex 0x1b08bef0 (Free 22005 MB), Probe Points, Size: 100000, Results: 23
[LIBGPUSPATIAL] [ 16455][19:55:25:683653][info  ] RTSpatialIndex 0x1b08bef0 (Free 22005 MB), Profiling Results. Alloc: 0.07 ms, Prepare: 0.24 ms, RT: 0.10 ms, Copy res: 0.05 ms
[LIBGPUSPATIAL] [ 16455][19:55:25:683983][info  ] RTSpatialRefiner 0x177ea3e0 (Free 22005 MB), Loaded Geometries, ProbeArray 100000, Loaded 16, Type Point
[LIBGPUSPATIAL] [ 16455][19:55:25:684018][info  ] RTSpatialRefiner 0x177ea3e0 (Free 22005 MB), Evaluating 23 Geometry Pairs with Predicate Contains
[LIBGPUSPATIAL] [ 16455][19:55:25:684554][info  ] RTSpatialRefiner 0x177ea3e0 (Free 22005 MB), Profiling Results. Parse: 0.28 ms, Refine: 0.50 ms, Copy Results: 0.04 ms
[LIBGPUSPATIAL] [ 16455][19:55:25:694836][info  ] RTSpatialIndex 0x1b08bef0 (Free 22005 MB), Allocate result buffer, memory consumption 0 MB, capacity 10
[LIBGPUSPATIAL] [ 16455][19:55:25:694949][info  ] RTSpatialIndex 0x1b08bef0 (Free 22005 MB), Probe Points, Size: 100000, Results: 10
[LIBGPUSPATIAL] [ 16455][19:55:25:694980][info  ] RTSpatialIndex 0x1b08bef0 (Free 22005 MB), Profiling Results. Alloc: 0.06 ms, Prepare: 0.24 ms, RT: 0.07 ms, Copy res: 0.04 ms
[LIBGPUSPATIAL] [ 16455][19:55:25:695288][info  ] RTSpatialRefiner 0x177ea3e0 (Free 22005 MB), Loaded Geometries, ProbeArray 100000, Loaded 8, Type Point
[LIBGPUSPATIAL] [ 16455][19:55:25:695322][info  ] RTSpatialRefiner 0x177ea3e0 (Free 22005 MB), Evaluating 10 Geometry Pairs with Predicate Contains
[LIBGPUSPATIAL] [ 16455][19:55:25:695818][info  ] RTSpatialRefiner 0x177ea3e0 (Free 22005 MB), Profiling Results. Parse: 0.26 ms, Refine: 0.46 ms, Copy Results: 0.04 ms
[LIBGPUSPATIAL] [ 16455][19:55:25:706278][info  ] RTSpatialIndex 0x1b08bef0 (Free 22005 MB), Allocate result buffer, memory consumption 0 MB, capacity 19
[LIBGPUSPATIAL] [ 16455][19:55:25:706400][info  ] RTSpatialIndex 0x1b08bef0 (Free 22005 MB), Probe Points, Size: 100000, Results: 19
[LIBGPUSPATIAL] [ 16455][19:55:25:706432][info  ] RTSpatialIndex 0x1b08bef0 (Free 22005 MB), Profiling Results. Alloc: 0.06 ms, Prepare: 0.24 ms, RT: 0.09 ms, Copy res: 0.04 ms
[LIBGPUSPATIAL] [ 16455][19:55:25:706743][info  ] RTSpatialRefiner 0x177ea3e0 (Free 22005 MB), Loaded Geometries, ProbeArray 100000, Loaded 16, Type Point
[LIBGPUSPATIAL] [ 16455][19:55:25:706778][info  ] RTSpatialRefiner 0x177ea3e0 (Free 22005 MB), Evaluating 19 Geometry Pairs with Predicate Contains
[LIBGPUSPATIAL] [ 16455][19:55:25:707327][info  ] RTSpatialRefiner 0x177ea3e0 (Free 22005 MB), Profiling Results. Parse: 0.25 ms, Refine: 0.51 ms, Copy Results: 0.04 ms
[LIBGPUSPATIAL] [ 16455][19:55:25:717847][info  ] RTSpatialIndex 0x1b08bef0 (Free 22005 MB), Allocate result buffer, memory consumption 0 MB, capacity 18
[LIBGPUSPATIAL] [ 16455][19:55:25:717968][info  ] RTSpatialIndex 0x1b08bef0 (Free 22005 MB), Probe Points, Size: 100000, Results: 18
[LIBGPUSPATIAL] [ 16455][19:55:25:718000][info  ] RTSpatialIndex 0x1b08bef0 (Free 22005 MB), Profiling Results. Alloc: 0.06 ms, Prepare: 0.25 ms, RT: 0.09 ms, Copy res: 0.04 ms
[LIBGPUSPATIAL] [ 16455][19:55:25:718300][info  ] RTSpatialRefiner 0x177ea3e0 (Free 22005 MB), Loaded Geometries, ProbeArray 100000, Loaded 15, Type Point
[LIBGPUSPATIAL] [ 16455][19:55:25:718334][info  ] RTSpatialRefiner 0x177ea3e0 (Free 22005 MB), Evaluating 18 Geometry Pairs with Predicate Contains
[LIBGPUSPATIAL] [ 16455][19:55:25:718864][info  ] RTSpatialRefiner 0x177ea3e0 (Free 22005 MB), Profiling Results. Parse: 0.26 ms, Refine: 0.49 ms, Copy Results: 0.04 ms
[LIBGPUSPATIAL] [ 16455][19:55:25:729168][info  ] RTSpatialIndex 0x1b08bef0 (Free 22005 MB), Allocate result buffer, memory consumption 0 MB, capacity 21
[LIBGPUSPATIAL] [ 16455][19:55:25:729280][info  ] RTSpatialIndex 0x1b08bef0 (Free 22005 MB), Probe Points, Size: 100000, Results: 21
[LIBGPUSPATIAL] [ 16455][19:55:25:729310][info  ] RTSpatialIndex 0x1b08bef0 (Free 22005 MB), Profiling Results. Alloc: 0.05 ms, Prepare: 0.22 ms, RT: 0.07 ms, Copy res: 0.04 ms
[LIBGPUSPATIAL] [ 16455][19:55:25:729618][info  ] RTSpatialRefiner 0x177ea3e0 (Free 22005 MB), Loaded Geometries, ProbeArray 100000, Loaded 15, Type Point
[LIBGPUSPATIAL] [ 16455][19:55:25:729652][info  ] RTSpatialRefiner 0x177ea3e0 (Free 22005 MB), Evaluating 21 Geometry Pairs with Predicate Contains
[LIBGPUSPATIAL] [ 16455][19:55:25:730171][info  ] RTSpatialRefiner 0x177ea3e0 (Free 22005 MB), Profiling Results. Parse: 0.27 ms, Refine: 0.48 ms, Copy Results: 0.04 ms
[LIBGPUSPATIAL] [ 16455][19:55:25:740415][info  ] RTSpatialIndex 0x1b08bef0 (Free 22005 MB), Allocate result buffer, memory consumption 0 MB, capacity 39
[LIBGPUSPATIAL] [ 16455][19:55:25:740532][info  ] RTSpatialIndex 0x1b08bef0 (Free 22005 MB), Probe Points, Size: 100000, Results: 39
[LIBGPUSPATIAL] [ 16455][19:55:25:740563][info  ] RTSpatialIndex 0x1b08bef0 (Free 22005 MB), Profiling Results. Alloc: 0.05 ms, Prepare: 0.22 ms, RT: 0.07 ms, Copy res: 0.04 ms
[LIBGPUSPATIAL] [ 16455][19:55:25:740870][info  ] RTSpatialRefiner 0x177ea3e0 (Free 22005 MB), Loaded Geometries, ProbeArray 100000, Loaded 30, Type Point
[LIBGPUSPATIAL] [ 16455][19:55:25:740904][info  ] RTSpatialRefiner 0x177ea3e0 (Free 22005 MB), Evaluating 39 Geometry Pairs with Predicate Contains
[LIBGPUSPATIAL] [ 16455][19:55:25:741433][info  ] RTSpatialRefiner 0x177ea3e0 (Free 22005 MB), Profiling Results. Parse: 0.27 ms, Refine: 0.49 ms, Copy Results: 0.04 ms
[LIBGPUSPATIAL] [ 16455][19:55:25:751360][info  ] RTSpatialIndex 0x1b08bef0 (Free 22005 MB), Allocate result buffer, memory consumption 0 MB, capacity 23
[LIBGPUSPATIAL] [ 16455][19:55:25:751476][info  ] RTSpatialIndex 0x1b08bef0 (Free 22005 MB), Probe Points, Size: 100000, Results: 23
[LIBGPUSPATIAL] [ 16455][19:55:25:751506][info  ] RTSpatialIndex 0x1b08bef0 (Free 22005 MB), Profiling Results. Alloc: 0.05 ms, Prepare: 0.22 ms, RT: 0.08 ms, Copy res: 0.04 ms
[LIBGPUSPATIAL] [ 16455][19:55:25:751822][info  ] RTSpatialRefiner 0x177ea3e0 (Free 22005 MB), Loaded Geometries, ProbeArray 100000, Loaded 18, Type Point
[LIBGPUSPATIAL] [ 16455][19:55:25:751858][info  ] RTSpatialRefiner 0x177ea3e0 (Free 22005 MB), Evaluating 23 Geometry Pairs with Predicate Contains
[LIBGPUSPATIAL] [ 16455][19:55:25:752390][info  ] RTSpatialRefiner 0x177ea3e0 (Free 22005 MB), Profiling Results. Parse: 0.28 ms, Refine: 0.50 ms, Copy Results: 0.04 ms
[LIBGPUSPATIAL] [ 16455][19:55:25:762767][info  ] RTSpatialIndex 0x1b08bef0 (Free 22005 MB), Allocate result buffer, memory consumption 0 MB, capacity 24
[LIBGPUSPATIAL] [ 16455][19:55:25:762887][info  ] RTSpatialIndex 0x1b08bef0 (Free 22005 MB), Probe Points, Size: 100000, Results: 24
[LIBGPUSPATIAL] [ 16455][19:55:25:762918][info  ] RTSpatialIndex 0x1b08bef0 (Free 22005 MB), Profiling Results. Alloc: 0.05 ms, Prepare: 0.23 ms, RT: 0.08 ms, Copy res: 0.04 ms
[LIBGPUSPATIAL] [ 16455][19:55:25:763220][info  ] RTSpatialRefiner 0x177ea3e0 (Free 22005 MB), Loaded Geometries, ProbeArray 100000, Loaded 17, Type Point
[LIBGPUSPATIAL] [ 16455][19:55:25:763254][info  ] RTSpatialRefiner 0x177ea3e0 (Free 22005 MB), Evaluating 24 Geometry Pairs with Predicate Contains
[LIBGPUSPATIAL] [ 16455][19:55:25:763763][info  ] RTSpatialRefiner 0x177ea3e0 (Free 22005 MB), Profiling Results. Parse: 0.26 ms, Refine: 0.45 ms, Copy Results: 0.04 ms
[LIBGPUSPATIAL] [ 16455][19:55:25:767297][info  ] RTSpatialIndex 0x1b08bef0 (Free 22005 MB), Allocate result buffer, memory consumption 0 MB, capacity 7
[LIBGPUSPATIAL] [ 16455][19:55:25:767407][info  ] RTSpatialIndex 0x1b08bef0 (Free 22005 MB), Probe Points, Size: 33333, Results: 7
[LIBGPUSPATIAL] [ 16455][19:55:25:767437][info  ] RTSpatialIndex 0x1b08bef0 (Free 22005 MB), Profiling Results. Alloc: 0.04 ms, Prepare: 0.12 ms, RT: 0.06 ms, Copy res: 0.04 ms
[LIBGPUSPATIAL] [ 16455][19:55:25:767718][info  ] RTSpatialRefiner 0x177ea3e0 (Free 22005 MB), Loaded Geometries, ProbeArray 33333, Loaded 5, Type Point
[LIBGPUSPATIAL] [ 16455][19:55:25:767774][info  ] RTSpatialRefiner 0x177ea3e0 (Free 22005 MB), Evaluating 7 Geometry Pairs with Predicate Contains
[LIBGPUSPATIAL] [ 16455][19:55:25:768277][info  ] RTSpatialRefiner 0x177ea3e0 (Free 22005 MB), Profiling Results. Parse: 0.24 ms, Refine: 0.47 ms, Copy Results: 0.04 ms
[LIBGPUSPATIAL] [ 16455][19:55:25:788128][info  ] RTSpatialIndex 0x1b08bef0 (Free 22005 MB), Allocate result buffer, memory consumption 0 MB, capacity 15
[LIBGPUSPATIAL] [ 16455][19:55:25:788258][info  ] RTSpatialIndex 0x1b08bef0 (Free 22005 MB), Probe Points, Size: 100000, Results: 15
[LIBGPUSPATIAL] [ 16455][19:55:25:788292][info  ] RTSpatialIndex 0x1b08bef0 (Free 22005 MB), Profiling Results. Alloc: 0.09 ms, Prepare: 0.28 ms, RT: 0.10 ms, Copy res: 0.05 ms
[LIBGPUSPATIAL] [ 16455][19:55:25:788620][info  ] RTSpatialRefiner 0x177ea3e0 (Free 22005 MB), Loaded Geometries, ProbeArray 100000, Loaded 12, Type Point
[LIBGPUSPATIAL] [ 16455][19:55:25:788655][info  ] RTSpatialRefiner 0x177ea3e0 (Free 22005 MB), Evaluating 15 Geometry Pairs with Predicate Contains
[LIBGPUSPATIAL] [ 16455][19:55:25:789175][info  ] RTSpatialRefiner 0x177ea3e0 (Free 22005 MB), Profiling Results. Parse: 0.28 ms, Refine: 0.48 ms, Copy Results: 0.04 ms
[LIBGPUSPATIAL] [ 16455][19:55:25:799510][info  ] RTSpatialIndex 0x1b08bef0 (Free 22005 MB), Allocate result buffer, memory consumption 0 MB, capacity 36
[LIBGPUSPATIAL] [ 16455][19:55:25:799631][info  ] RTSpatialIndex 0x1b08bef0 (Free 22005 MB), Probe Points, Size: 100000, Results: 36
[LIBGPUSPATIAL] [ 16455][19:55:25:799661][info  ] RTSpatialIndex 0x1b08bef0 (Free 22005 MB), Profiling Results. Alloc: 0.05 ms, Prepare: 0.23 ms, RT: 0.08 ms, Copy res: 0.04 ms
[LIBGPUSPATIAL] [ 16455][19:55:25:799968][info  ] RTSpatialRefiner 0x177ea3e0 (Free 22005 MB), Loaded Geometries, ProbeArray 100000, Loaded 24, Type Point
[LIBGPUSPATIAL] [ 16455][19:55:25:800002][info  ] RTSpatialRefiner 0x177ea3e0 (Free 22005 MB), Evaluating 36 Geometry Pairs with Predicate Contains
[LIBGPUSPATIAL] [ 16455][19:55:25:800531][info  ] RTSpatialRefiner 0x177ea3e0 (Free 22005 MB), Profiling Results. Parse: 0.27 ms, Refine: 0.49 ms, Copy Results: 0.04 ms
[LIBGPUSPATIAL] [ 16455][19:55:25:810809][info  ] RTSpatialIndex 0x1b08bef0 (Free 22005 MB), Allocate result buffer, memory consumption 0 MB, capacity 21
[LIBGPUSPATIAL] [ 16455][19:55:25:810927][info  ] RTSpatialIndex 0x1b08bef0 (Free 22005 MB), Probe Points, Size: 100000, Results: 21
[LIBGPUSPATIAL] [ 16455][19:55:25:810957][info  ] RTSpatialIndex 0x1b08bef0 (Free 22005 MB), Profiling Results. Alloc: 0.05 ms, Prepare: 0.22 ms, RT: 0.08 ms, Copy res: 0.04 ms
[LIBGPUSPATIAL] [ 16455][19:55:25:811267][info  ] RTSpatialRefiner 0x177ea3e0 (Free 22005 MB), Loaded Geometries, ProbeArray 100000, Loaded 17, Type Point
[LIBGPUSPATIAL] [ 16455][19:55:25:811301][info  ] RTSpatialRefiner 0x177ea3e0 (Free 22005 MB), Evaluating 21 Geometry Pairs with Predicate Contains
[LIBGPUSPATIAL] [ 16455][19:55:25:811825][info  ] RTSpatialRefiner 0x177ea3e0 (Free 22005 MB), Profiling Results. Parse: 0.27 ms, Refine: 0.48 ms, Copy Results: 0.04 ms
[LIBGPUSPATIAL] [ 16455][19:55:25:822051][info  ] RTSpatialIndex 0x1b08bef0 (Free 22005 MB), Allocate result buffer, memory consumption 0 MB, capacity 18
[LIBGPUSPATIAL] [ 16455][19:55:25:822162][info  ] RTSpatialIndex 0x1b08bef0 (Free 22005 MB), Probe Points, Size: 100000, Results: 18
[LIBGPUSPATIAL] [ 16455][19:55:25:822193][info  ] RTSpatialIndex 0x1b08bef0 (Free 22005 MB), Profiling Results. Alloc: 0.05 ms, Prepare: 0.22 ms, RT: 0.08 ms, Copy res: 0.04 ms
[LIBGPUSPATIAL] [ 16455][19:55:25:822490][info  ] RTSpatialRefiner 0x177ea3e0 (Free 22005 MB), Loaded Geometries, ProbeArray 100000, Loaded 13, Type Point
[LIBGPUSPATIAL] [ 16455][19:55:25:822524][info  ] RTSpatialRefiner 0x177ea3e0 (Free 22005 MB), Evaluating 18 Geometry Pairs with Predicate Contains
[LIBGPUSPATIAL] [ 16455][19:55:25:823047][info  ] RTSpatialRefiner 0x177ea3e0 (Free 22005 MB), Profiling Results. Parse: 0.26 ms, Refine: 0.49 ms, Copy Results: 0.04 ms
[LIBGPUSPATIAL] [ 16455][19:55:25:832872][info  ] RTSpatialIndex 0x1b08bef0 (Free 22005 MB), Allocate result buffer, memory consumption 0 MB, capacity 24
[LIBGPUSPATIAL] [ 16455][19:55:25:832995][info  ] RTSpatialIndex 0x1b08bef0 (Free 22005 MB), Probe Points, Size: 100000, Results: 24
[LIBGPUSPATIAL] [ 16455][19:55:25:833025][info  ] RTSpatialIndex 0x1b08bef0 (Free 22005 MB), Profiling Results. Alloc: 0.05 ms, Prepare: 0.23 ms, RT: 0.08 ms, Copy res: 0.06 ms
[LIBGPUSPATIAL] [ 16455][19:55:25:833321][info  ] RTSpatialRefiner 0x177ea3e0 (Free 22005 MB), Loaded Geometries, ProbeArray 100000, Loaded 18, Type Point
[LIBGPUSPATIAL] [ 16455][19:55:25:833355][info  ] RTSpatialRefiner 0x177ea3e0 (Free 22005 MB), Evaluating 24 Geometry Pairs with Predicate Contains
[LIBGPUSPATIAL] [ 16455][19:55:25:833921][info  ] RTSpatialRefiner 0x177ea3e0 (Free 22005 MB), Profiling Results. Parse: 0.26 ms, Refine: 0.53 ms, Copy Results: 0.04 ms
[LIBGPUSPATIAL] [ 16455][19:55:25:844207][info  ] RTSpatialIndex 0x1b08bef0 (Free 22005 MB), Allocate result buffer, memory consumption 0 MB, capacity 29
[LIBGPUSPATIAL] [ 16455][19:55:25:844326][info  ] RTSpatialIndex 0x1b08bef0 (Free 22005 MB), Probe Points, Size: 100000, Results: 29
[LIBGPUSPATIAL] [ 16455][19:55:25:844356][info  ] RTSpatialIndex 0x1b08bef0 (Free 22005 MB), Profiling Results. Alloc: 0.05 ms, Prepare: 0.23 ms, RT: 0.08 ms, Copy res: 0.04 ms
[LIBGPUSPATIAL] [ 16455][19:55:25:844644][info  ] RTSpatialRefiner 0x177ea3e0 (Free 22005 MB), Loaded Geometries, ProbeArray 100000, Loaded 25, Type Point
[LIBGPUSPATIAL] [ 16455][19:55:25:844678][info  ] RTSpatialRefiner 0x177ea3e0 (Free 22005 MB), Evaluating 29 Geometry Pairs with Predicate Contains
[LIBGPUSPATIAL] [ 16455][19:55:25:845243][info  ] RTSpatialRefiner 0x177ea3e0 (Free 22005 MB), Profiling Results. Parse: 0.25 ms, Refine: 0.53 ms, Copy Results: 0.04 ms
[LIBGPUSPATIAL] [ 16455][19:55:25:855384][info  ] RTSpatialIndex 0x1b08bef0 (Free 22005 MB), Allocate result buffer, memory consumption 0 MB, capacity 16
[LIBGPUSPATIAL] [ 16455][19:55:25:855501][info  ] RTSpatialIndex 0x1b08bef0 (Free 22005 MB), Probe Points, Size: 100000, Results: 16
[LIBGPUSPATIAL] [ 16455][19:55:25:855532][info  ] RTSpatialIndex 0x1b08bef0 (Free 22005 MB), Profiling Results. Alloc: 0.05 ms, Prepare: 0.23 ms, RT: 0.08 ms, Copy res: 0.04 ms
[LIBGPUSPATIAL] [ 16455][19:55:25:855833][info  ] RTSpatialRefiner 0x177ea3e0 (Free 22005 MB), Loaded Geometries, ProbeArray 100000, Loaded 12, Type Point
[LIBGPUSPATIAL] [ 16455][19:55:25:855868][info  ] RTSpatialRefiner 0x177ea3e0 (Free 22005 MB), Evaluating 16 Geometry Pairs with Predicate Contains
[LIBGPUSPATIAL] [ 16455][19:55:25:856336][info  ] RTSpatialRefiner 0x177ea3e0 (Free 22005 MB), Profiling Results. Parse: 0.26 ms, Refine: 0.43 ms, Copy Results: 0.04 ms
[LIBGPUSPATIAL] [ 16455][19:55:25:866637][info  ] RTSpatialIndex 0x1b08bef0 (Free 22005 MB), Allocate result buffer, memory consumption 0 MB, capacity 31
[LIBGPUSPATIAL] [ 16455][19:55:25:866771][info  ] RTSpatialIndex 0x1b08bef0 (Free 22005 MB), Probe Points, Size: 100000, Results: 31
[LIBGPUSPATIAL] [ 16455][19:55:25:866802][info  ] RTSpatialIndex 0x1b08bef0 (Free 22005 MB), Profiling Results. Alloc: 0.05 ms, Prepare: 0.23 ms, RT: 0.08 ms, Copy res: 0.06 ms
[LIBGPUSPATIAL] [ 16455][19:55:25:867102][info  ] RTSpatialRefiner 0x177ea3e0 (Free 22005 MB), Loaded Geometries, ProbeArray 100000, Loaded 20, Type Point
[LIBGPUSPATIAL] [ 16455][19:55:25:867136][info  ] RTSpatialRefiner 0x177ea3e0 (Free 22005 MB), Evaluating 31 Geometry Pairs with Predicate Contains
[LIBGPUSPATIAL] [ 16455][19:55:25:867656][info  ] RTSpatialRefiner 0x177ea3e0 (Free 22005 MB), Profiling Results. Parse: 0.26 ms, Refine: 0.48 ms, Copy Results: 0.04 ms
[LIBGPUSPATIAL] [ 16455][19:55:25:877960][info  ] RTSpatialIndex 0x1b08bef0 (Free 22005 MB), Allocate result buffer, memory consumption 0 MB, capacity 22
[LIBGPUSPATIAL] [ 16455][19:55:25:878079][info  ] RTSpatialIndex 0x1b08bef0 (Free 22005 MB), Probe Points, Size: 100000, Results: 22
[LIBGPUSPATIAL] [ 16455][19:55:25:878110][info  ] RTSpatialIndex 0x1b08bef0 (Free 22005 MB), Profiling Results. Alloc: 0.05 ms, Prepare: 0.23 ms, RT: 0.08 ms, Copy res: 0.04 ms
[LIBGPUSPATIAL] [ 16455][19:55:25:878401][info  ] RTSpatialRefiner 0x177ea3e0 (Free 22005 MB), Loaded Geometries, ProbeArray 100000, Loaded 19, Type Point
[LIBGPUSPATIAL] [ 16455][19:55:25:878435][info  ] RTSpatialRefiner 0x177ea3e0 (Free 22005 MB), Evaluating 22 Geometry Pairs with Predicate Contains
[LIBGPUSPATIAL] [ 16455][19:55:25:878942][info  ] RTSpatialRefiner 0x177ea3e0 (Free 22005 MB), Profiling Results. Parse: 0.25 ms, Refine: 0.47 ms, Copy Results: 0.04 ms
[LIBGPUSPATIAL] [ 16455][19:55:25:889140][info  ] RTSpatialIndex 0x1b08bef0 (Free 22005 MB), Allocate result buffer, memory consumption 0 MB, capacity 24
[LIBGPUSPATIAL] [ 16455][19:55:25:889251][info  ] RTSpatialIndex 0x1b08bef0 (Free 22005 MB), Probe Points, Size: 100000, Results: 24
[LIBGPUSPATIAL] [ 16455][19:55:25:889282][info  ] RTSpatialIndex 0x1b08bef0 (Free 22005 MB), Profiling Results. Alloc: 0.05 ms, Prepare: 0.22 ms, RT: 0.08 ms, Copy res: 0.04 ms
[LIBGPUSPATIAL] [ 16455][19:55:25:889578][info  ] RTSpatialRefiner 0x177ea3e0 (Free 22005 MB), Loaded Geometries, ProbeArray 100000, Loaded 18, Type Point
[LIBGPUSPATIAL] [ 16455][19:55:25:889611][info  ] RTSpatialRefiner 0x177ea3e0 (Free 22005 MB), Evaluating 24 Geometry Pairs with Predicate Contains
[LIBGPUSPATIAL] [ 16455][19:55:25:890128][info  ] RTSpatialRefiner 0x177ea3e0 (Free 22005 MB), Profiling Results. Parse: 0.26 ms, Refine: 0.48 ms, Copy Results: 0.04 ms
[LIBGPUSPATIAL] [ 16455][19:55:25:900308][info  ] RTSpatialIndex 0x1b08bef0 (Free 22005 MB), Allocate result buffer, memory consumption 0 MB, capacity 15
[LIBGPUSPATIAL] [ 16455][19:55:25:900426][info  ] RTSpatialIndex 0x1b08bef0 (Free 22005 MB), Probe Points, Size: 100000, Results: 15
[LIBGPUSPATIAL] [ 16455][19:55:25:900456][info  ] RTSpatialIndex 0x1b08bef0 (Free 22005 MB), Profiling Results. Alloc: 0.05 ms, Prepare: 0.22 ms, RT: 0.08 ms, Copy res: 0.04 ms
[LIBGPUSPATIAL] [ 16455][19:55:25:900765][info  ] RTSpatialRefiner 0x177ea3e0 (Free 22005 MB), Loaded Geometries, ProbeArray 100000, Loaded 11, Type Point
[LIBGPUSPATIAL] [ 16455][19:55:25:900800][info  ] RTSpatialRefiner 0x177ea3e0 (Free 22005 MB), Evaluating 15 Geometry Pairs with Predicate Contains
[LIBGPUSPATIAL] [ 16455][19:55:25:901288][info  ] RTSpatialRefiner 0x177ea3e0 (Free 22005 MB), Profiling Results. Parse: 0.27 ms, Refine: 0.45 ms, Copy Results: 0.04 ms
[LIBGPUSPATIAL] [ 16455][19:55:25:911162][info  ] RTSpatialIndex 0x1b08bef0 (Free 22005 MB), Allocate result buffer, memory consumption 0 MB, capacity 23
[LIBGPUSPATIAL] [ 16455][19:55:25:911275][info  ] RTSpatialIndex 0x1b08bef0 (Free 22005 MB), Probe Points, Size: 100000, Results: 23
[LIBGPUSPATIAL] [ 16455][19:55:25:911305][info  ] RTSpatialIndex 0x1b08bef0 (Free 22005 MB), Profiling Results. Alloc: 0.05 ms, Prepare: 0.22 ms, RT: 0.07 ms, Copy res: 0.04 ms
[LIBGPUSPATIAL] [ 16455][19:55:25:911594][info  ] RTSpatialRefiner 0x177ea3e0 (Free 22005 MB), Loaded Geometries, ProbeArray 100000, Loaded 17, Type Point
[LIBGPUSPATIAL] [ 16455][19:55:25:911628][info  ] RTSpatialRefiner 0x177ea3e0 (Free 22005 MB), Evaluating 23 Geometry Pairs with Predicate Contains
[LIBGPUSPATIAL] [ 16455][19:55:25:912121][info  ] RTSpatialRefiner 0x177ea3e0 (Free 22005 MB), Profiling Results. Parse: 0.25 ms, Refine: 0.46 ms, Copy Results: 0.04 ms
[LIBGPUSPATIAL] [ 16455][19:55:25:922426][info  ] RTSpatialIndex 0x1b08bef0 (Free 22005 MB), Allocate result buffer, memory consumption 0 MB, capacity 14
[LIBGPUSPATIAL] [ 16455][19:55:25:922545][info  ] RTSpatialIndex 0x1b08bef0 (Free 22005 MB), Probe Points, Size: 100000, Results: 14
[LIBGPUSPATIAL] [ 16455][19:55:25:922576][info  ] RTSpatialIndex 0x1b08bef0 (Free 22005 MB), Profiling Results. Alloc: 0.05 ms, Prepare: 0.22 ms, RT: 0.08 ms, Copy res: 0.04 ms
[LIBGPUSPATIAL] [ 16455][19:55:25:922860][info  ] RTSpatialRefiner 0x177ea3e0 (Free 22005 MB), Loaded Geometries, ProbeArray 100000, Loaded 11, Type Point
[LIBGPUSPATIAL] [ 16455][19:55:25:922895][info  ] RTSpatialRefiner 0x177ea3e0 (Free 22005 MB), Evaluating 14 Geometry Pairs with Predicate Contains
[LIBGPUSPATIAL] [ 16455][19:55:25:923380][info  ] RTSpatialRefiner 0x177ea3e0 (Free 22005 MB), Profiling Results. Parse: 0.24 ms, Refine: 0.45 ms, Copy Results: 0.04 ms
[LIBGPUSPATIAL] [ 16455][19:55:25:926907][info  ] RTSpatialIndex 0x1b08bef0 (Free 22005 MB), Allocate result buffer, memory consumption 0 MB, capacity 12
[LIBGPUSPATIAL] [ 16455][19:55:25:927018][info  ] RTSpatialIndex 0x1b08bef0 (Free 22005 MB), Probe Points, Size: 33333, Results: 12
[LIBGPUSPATIAL] [ 16455][19:55:25:927047][info  ] RTSpatialIndex 0x1b08bef0 (Free 22005 MB), Profiling Results. Alloc: 0.04 ms, Prepare: 0.13 ms, RT: 0.06 ms, Copy res: 0.04 ms
[LIBGPUSPATIAL] [ 16455][19:55:25:927337][info  ] RTSpatialRefiner 0x177ea3e0 (Free 22005 MB), Loaded Geometries, ProbeArray 33333, Loaded 10, Type Point
[LIBGPUSPATIAL] [ 16455][19:55:25:927371][info  ] RTSpatialRefiner 0x177ea3e0 (Free 22005 MB), Evaluating 12 Geometry Pairs with Predicate Contains
[LIBGPUSPATIAL] [ 16455][19:55:25:927831][info  ] RTSpatialRefiner 0x177ea3e0 (Free 22005 MB), Profiling Results. Parse: 0.25 ms, Refine: 0.42 ms, Copy Results: 0.04 ms
[LIBGPUSPATIAL] [ 16455][19:55:25:948208][info  ] RTSpatialIndex 0x1b08bef0 (Free 22005 MB), Allocate result buffer, memory consumption 0 MB, capacity 18
[LIBGPUSPATIAL] [ 16455][19:55:25:948340][info  ] RTSpatialIndex 0x1b08bef0 (Free 22005 MB), Probe Points, Size: 100000, Results: 18
[LIBGPUSPATIAL] [ 16455][19:55:25:948375][info  ] RTSpatialIndex 0x1b08bef0 (Free 22005 MB), Profiling Results. Alloc: 0.10 ms, Prepare: 0.26 ms, RT: 0.10 ms, Copy res: 0.05 ms
[LIBGPUSPATIAL] [ 16455][19:55:25:948694][info  ] RTSpatialRefiner 0x177ea3e0 (Free 22005 MB), Loaded Geometries, ProbeArray 100000, Loaded 15, Type Point
[LIBGPUSPATIAL] [ 16455][19:55:25:948746][info  ] RTSpatialRefiner 0x177ea3e0 (Free 22005 MB), Evaluating 18 Geometry Pairs with Predicate Contains
[LIBGPUSPATIAL] [ 16455][19:55:25:949262][info  ] RTSpatialRefiner 0x177ea3e0 (Free 22005 MB), Profiling Results. Parse: 0.27 ms, Refine: 0.49 ms, Copy Results: 0.04 ms
[LIBGPUSPATIAL] [ 16455][19:55:25:959594][info  ] RTSpatialIndex 0x1b08bef0 (Free 22005 MB), Allocate result buffer, memory consumption 0 MB, capacity 29
[LIBGPUSPATIAL] [ 16455][19:55:25:959717][info  ] RTSpatialIndex 0x1b08bef0 (Free 22005 MB), Probe Points, Size: 100000, Results: 29
[LIBGPUSPATIAL] [ 16455][19:55:25:959764][info  ] RTSpatialIndex 0x1b08bef0 (Free 22005 MB), Profiling Results. Alloc: 0.06 ms, Prepare: 0.23 ms, RT: 0.08 ms, Copy res: 0.06 ms
[LIBGPUSPATIAL] [ 16455][19:55:25:960077][info  ] RTSpatialRefiner 0x177ea3e0 (Free 22005 MB), Loaded Geometries, ProbeArray 100000, Loaded 19, Type Point
[LIBGPUSPATIAL] [ 16455][19:55:25:960111][info  ] RTSpatialRefiner 0x177ea3e0 (Free 22005 MB), Evaluating 29 Geometry Pairs with Predicate Contains
[LIBGPUSPATIAL] [ 16455][19:55:25:960691][info  ] RTSpatialRefiner 0x177ea3e0 (Free 22005 MB), Profiling Results. Parse: 0.27 ms, Refine: 0.54 ms, Copy Results: 0.04 ms
[LIBGPUSPATIAL] [ 16455][19:55:25:970960][info  ] RTSpatialIndex 0x1b08bef0 (Free 22005 MB), Allocate result buffer, memory consumption 0 MB, capacity 27
[LIBGPUSPATIAL] [ 16455][19:55:25:971077][info  ] RTSpatialIndex 0x1b08bef0 (Free 22005 MB), Probe Points, Size: 100000, Results: 27
[LIBGPUSPATIAL] [ 16455][19:55:25:971107][info  ] RTSpatialIndex 0x1b08bef0 (Free 22005 MB), Profiling Results. Alloc: 0.05 ms, Prepare: 0.22 ms, RT: 0.08 ms, Copy res: 0.04 ms
[LIBGPUSPATIAL] [ 16455][19:55:25:971403][info  ] RTSpatialRefiner 0x177ea3e0 (Free 22005 MB), Loaded Geometries, ProbeArray 100000, Loaded 21, Type Point
[LIBGPUSPATIAL] [ 16455][19:55:25:971437][info  ] RTSpatialRefiner 0x177ea3e0 (Free 22005 MB), Evaluating 27 Geometry Pairs with Predicate Contains
[LIBGPUSPATIAL] [ 16455][19:55:25:971958][info  ] RTSpatialRefiner 0x177ea3e0 (Free 22005 MB), Profiling Results. Parse: 0.26 ms, Refine: 0.48 ms, Copy Results: 0.04 ms
[LIBGPUSPATIAL] [ 16455][19:55:25:982242][info  ] RTSpatialIndex 0x1b08bef0 (Free 22005 MB), Allocate result buffer, memory consumption 0 MB, capacity 21
[LIBGPUSPATIAL] [ 16455][19:55:25:982361][info  ] RTSpatialIndex 0x1b08bef0 (Free 22005 MB), Probe Points, Size: 100000, Results: 21
[LIBGPUSPATIAL] [ 16455][19:55:25:982391][info  ] RTSpatialIndex 0x1b08bef0 (Free 22005 MB), Profiling Results. Alloc: 0.05 ms, Prepare: 0.22 ms, RT: 0.08 ms, Copy res: 0.04 ms
[LIBGPUSPATIAL] [ 16455][19:55:25:982689][info  ] RTSpatialRefiner 0x177ea3e0 (Free 22005 MB), Loaded Geometries, ProbeArray 100000, Loaded 18, Type Point
[LIBGPUSPATIAL] [ 16455][19:55:25:982741][info  ] RTSpatialRefiner 0x177ea3e0 (Free 22005 MB), Evaluating 21 Geometry Pairs with Predicate Contains
[LIBGPUSPATIAL] [ 16455][19:55:25:983224][info  ] RTSpatialRefiner 0x177ea3e0 (Free 22005 MB), Profiling Results. Parse: 0.26 ms, Refine: 0.46 ms, Copy Results: 0.04 ms
[LIBGPUSPATIAL] [ 16455][19:55:25:993077][info  ] RTSpatialIndex 0x1b08bef0 (Free 22005 MB), Allocate result buffer, memory consumption 0 MB, capacity 16
[LIBGPUSPATIAL] [ 16455][19:55:25:993195][info  ] RTSpatialIndex 0x1b08bef0 (Free 22005 MB), Probe Points, Size: 100000, Results: 16
[LIBGPUSPATIAL] [ 16455][19:55:25:993225][info  ] RTSpatialIndex 0x1b08bef0 (Free 22005 MB), Profiling Results. Alloc: 0.05 ms, Prepare: 0.23 ms, RT: 0.08 ms, Copy res: 0.04 ms
[LIBGPUSPATIAL] [ 16455][19:55:25:993514][info  ] RTSpatialRefiner 0x177ea3e0 (Free 22005 MB), Loaded Geometries, ProbeArray 100000, Loaded 13, Type Point
[LIBGPUSPATIAL] [ 16455][19:55:25:993548][info  ] RTSpatialRefiner 0x177ea3e0 (Free 22005 MB), Evaluating 16 Geometry Pairs with Predicate Contains
[LIBGPUSPATIAL] [ 16455][19:55:25:994048][info  ] RTSpatialRefiner 0x177ea3e0 (Free 22005 MB), Profiling Results. Parse: 0.25 ms, Refine: 0.46 ms, Copy Results: 0.04 ms
[LIBGPUSPATIAL] [ 16455][19:55:26:004377][info  ] RTSpatialIndex 0x1b08bef0 (Free 22005 MB), Allocate result buffer, memory consumption 0 MB, capacity 24
[LIBGPUSPATIAL] [ 16455][19:55:26:004496][info  ] RTSpatialIndex 0x1b08bef0 (Free 22005 MB), Probe Points, Size: 100000, Results: 24
[LIBGPUSPATIAL] [ 16455][19:55:26:004527][info  ] RTSpatialIndex 0x1b08bef0 (Free 22005 MB), Profiling Results. Alloc: 0.05 ms, Prepare: 0.22 ms, RT: 0.08 ms, Copy res: 0.04 ms
[LIBGPUSPATIAL] [ 16455][19:55:26:004838][info  ] RTSpatialRefiner 0x177ea3e0 (Free 22005 MB), Loaded Geometries, ProbeArray 100000, Loaded 20, Type Point
[LIBGPUSPATIAL] [ 16455][19:55:26:004873][info  ] RTSpatialRefiner 0x177ea3e0 (Free 22005 MB), Evaluating 24 Geometry Pairs with Predicate Contains
[LIBGPUSPATIAL] [ 16455][19:55:26:005368][info  ] RTSpatialRefiner 0x177ea3e0 (Free 22005 MB), Profiling Results. Parse: 0.27 ms, Refine: 0.46 ms, Copy Results: 0.04 ms
[LIBGPUSPATIAL] [ 16455][19:55:26:015489][info  ] RTSpatialIndex 0x1b08bef0 (Free 22005 MB), Allocate result buffer, memory consumption 0 MB, capacity 13
[LIBGPUSPATIAL] [ 16455][19:55:26:015608][info  ] RTSpatialIndex 0x1b08bef0 (Free 22005 MB), Probe Points, Size: 100000, Results: 13
[LIBGPUSPATIAL] [ 16455][19:55:26:015639][info  ] RTSpatialIndex 0x1b08bef0 (Free 22005 MB), Profiling Results. Alloc: 0.05 ms, Prepare: 0.23 ms, RT: 0.08 ms, Copy res: 0.04 ms
[LIBGPUSPATIAL] [ 16455][19:55:26:015945][info  ] RTSpatialRefiner 0x177ea3e0 (Free 22005 MB), Loaded Geometries, ProbeArray 100000, Loaded 9, Type Point
[LIBGPUSPATIAL] [ 16455][19:55:26:015979][info  ] RTSpatialRefiner 0x177ea3e0 (Free 22005 MB), Evaluating 13 Geometry Pairs with Predicate Contains
[LIBGPUSPATIAL] [ 16455][19:55:26:016472][info  ] RTSpatialRefiner 0x177ea3e0 (Free 22005 MB), Profiling Results. Parse: 0.27 ms, Refine: 0.46 ms, Copy Results: 0.04 ms
[LIBGPUSPATIAL] [ 16455][19:55:26:026822][info  ] RTSpatialIndex 0x1b08bef0 (Free 22005 MB), Allocate result buffer, memory consumption 0 MB, capacity 22
[LIBGPUSPATIAL] [ 16455][19:55:26:026940][info  ] RTSpatialIndex 0x1b08bef0 (Free 22005 MB), Probe Points, Size: 100000, Results: 22
[LIBGPUSPATIAL] [ 16455][19:55:26:026972][info  ] RTSpatialIndex 0x1b08bef0 (Free 22005 MB), Profiling Results. Alloc: 0.05 ms, Prepare: 0.23 ms, RT: 0.08 ms, Copy res: 0.04 ms
[LIBGPUSPATIAL] [ 16455][19:55:26:027243][info  ] RTSpatialRefiner 0x177ea3e0 (Free 22005 MB), Loaded Geometries, ProbeArray 100000, Loaded 18, Type Point
[LIBGPUSPATIAL] [ 16455][19:55:26:027277][info  ] RTSpatialRefiner 0x177ea3e0 (Free 22005 MB), Evaluating 22 Geometry Pairs with Predicate Contains
[LIBGPUSPATIAL] [ 16455][19:55:26:027821][info  ] RTSpatialRefiner 0x177ea3e0 (Free 22005 MB), Profiling Results. Parse: 0.23 ms, Refine: 0.51 ms, Copy Results: 0.04 ms
[LIBGPUSPATIAL] [ 16455][19:55:26:038175][info  ] RTSpatialIndex 0x1b08bef0 (Free 22005 MB), Allocate result buffer, memory consumption 0 MB, capacity 32
[LIBGPUSPATIAL] [ 16455][19:55:26:038292][info  ] RTSpatialIndex 0x1b08bef0 (Free 22005 MB), Probe Points, Size: 100000, Results: 32
[LIBGPUSPATIAL] [ 16455][19:55:26:038323][info  ] RTSpatialIndex 0x1b08bef0 (Free 22005 MB), Profiling Results. Alloc: 0.05 ms, Prepare: 0.23 ms, RT: 0.07 ms, Copy res: 0.04 ms
[LIBGPUSPATIAL] [ 16455][19:55:26:038611][info  ] RTSpatialRefiner 0x177ea3e0 (Free 22005 MB), Loaded Geometries, ProbeArray 100000, Loaded 23, Type Point
[LIBGPUSPATIAL] [ 16455][19:55:26:038644][info  ] RTSpatialRefiner 0x177ea3e0 (Free 22005 MB), Evaluating 32 Geometry Pairs with Predicate Contains
[LIBGPUSPATIAL] [ 16455][19:55:26:039171][info  ] RTSpatialRefiner 0x177ea3e0 (Free 22005 MB), Profiling Results. Parse: 0.25 ms, Refine: 0.49 ms, Copy Results: 0.04 ms
[LIBGPUSPATIAL] [ 16455][19:55:26:049410][info  ] RTSpatialIndex 0x1b08bef0 (Free 22005 MB), Allocate result buffer, memory consumption 0 MB, capacity 36
[LIBGPUSPATIAL] [ 16455][19:55:26:049522][info  ] RTSpatialIndex 0x1b08bef0 (Free 22005 MB), Probe Points, Size: 100000, Results: 36
[LIBGPUSPATIAL] [ 16455][19:55:26:049552][info  ] RTSpatialIndex 0x1b08bef0 (Free 22005 MB), Profiling Results. Alloc: 0.05 ms, Prepare: 0.23 ms, RT: 0.07 ms, Copy res: 0.04 ms
[LIBGPUSPATIAL] [ 16455][19:55:26:049869][info  ] RTSpatialRefiner 0x177ea3e0 (Free 22005 MB), Loaded Geometries, ProbeArray 100000, Loaded 25, Type Point
[LIBGPUSPATIAL] [ 16455][19:55:26:049904][info  ] RTSpatialRefiner 0x177ea3e0 (Free 22005 MB), Evaluating 36 Geometry Pairs with Predicate Contains
[LIBGPUSPATIAL] [ 16455][19:55:26:050437][info  ] RTSpatialRefiner 0x177ea3e0 (Free 22005 MB), Profiling Results. Parse: 0.28 ms, Refine: 0.50 ms, Copy Results: 0.04 ms
[LIBGPUSPATIAL] [ 16455][19:55:26:060611][info  ] RTSpatialIndex 0x1b08bef0 (Free 22005 MB), Allocate result buffer, memory consumption 0 MB, capacity 10
[LIBGPUSPATIAL] [ 16455][19:55:26:060736][info  ] RTSpatialIndex 0x1b08bef0 (Free 22005 MB), Probe Points, Size: 100000, Results: 10
[LIBGPUSPATIAL] [ 16455][19:55:26:060767][info  ] RTSpatialIndex 0x1b08bef0 (Free 22005 MB), Profiling Results. Alloc: 0.05 ms, Prepare: 0.22 ms, RT: 0.07 ms, Copy res: 0.06 ms
[LIBGPUSPATIAL] [ 16455][19:55:26:061063][info  ] RTSpatialRefiner 0x177ea3e0 (Free 22005 MB), Loaded Geometries, ProbeArray 100000, Loaded 8, Type Point
[LIBGPUSPATIAL] [ 16455][19:55:26:061097][info  ] RTSpatialRefiner 0x177ea3e0 (Free 22005 MB), Evaluating 10 Geometry Pairs with Predicate Contains
[LIBGPUSPATIAL] [ 16455][19:55:26:061598][info  ] RTSpatialRefiner 0x177ea3e0 (Free 22005 MB), Profiling Results. Parse: 0.26 ms, Refine: 0.46 ms, Copy Results: 0.04 ms
[LIBGPUSPATIAL] [ 16455][19:55:26:071426][info  ] RTSpatialIndex 0x1b08bef0 (Free 22005 MB), Allocate result buffer, memory consumption 0 MB, capacity 16
[LIBGPUSPATIAL] [ 16455][19:55:26:071542][info  ] RTSpatialIndex 0x1b08bef0 (Free 22005 MB), Probe Points, Size: 100000, Results: 16
[LIBGPUSPATIAL] [ 16455][19:55:26:071572][info  ] RTSpatialIndex 0x1b08bef0 (Free 22005 MB), Profiling Results. Alloc: 0.04 ms, Prepare: 0.22 ms, RT: 0.08 ms, Copy res: 0.04 ms
[LIBGPUSPATIAL] [ 16455][19:55:26:071872][info  ] RTSpatialRefiner 0x177ea3e0 (Free 22005 MB), Loaded Geometries, ProbeArray 100000, Loaded 12, Type Point
[LIBGPUSPATIAL] [ 16455][19:55:26:071907][info  ] RTSpatialRefiner 0x177ea3e0 (Free 22005 MB), Evaluating 16 Geometry Pairs with Predicate Contains
[LIBGPUSPATIAL] [ 16455][19:55:26:072375][info  ] RTSpatialRefiner 0x177ea3e0 (Free 22005 MB), Profiling Results. Parse: 0.26 ms, Refine: 0.43 ms, Copy Results: 0.04 ms
[LIBGPUSPATIAL] [ 16455][19:55:26:082656][info  ] RTSpatialIndex 0x1b08bef0 (Free 22005 MB), Allocate result buffer, memory consumption 0 MB, capacity 25
[LIBGPUSPATIAL] [ 16455][19:55:26:082788][info  ] RTSpatialIndex 0x1b08bef0 (Free 22005 MB), Probe Points, Size: 100000, Results: 25
[LIBGPUSPATIAL] [ 16455][19:55:26:082819][info  ] RTSpatialIndex 0x1b08bef0 (Free 22005 MB), Profiling Results. Alloc: 0.05 ms, Prepare: 0.23 ms, RT: 0.08 ms, Copy res: 0.05 ms
[LIBGPUSPATIAL] [ 16455][19:55:26:083120][info  ] RTSpatialRefiner 0x177ea3e0 (Free 22005 MB), Loaded Geometries, ProbeArray 100000, Loaded 17, Type Point
[LIBGPUSPATIAL] [ 16455][19:55:26:083155][info  ] RTSpatialRefiner 0x177ea3e0 (Free 22005 MB), Evaluating 25 Geometry Pairs with Predicate Contains
[LIBGPUSPATIAL] [ 16455][19:55:26:083679][info  ] RTSpatialRefiner 0x177ea3e0 (Free 22005 MB), Profiling Results. Parse: 0.26 ms, Refine: 0.49 ms, Copy Results: 0.04 ms
[LIBGPUSPATIAL] [ 16455][19:55:26:087280][info  ] RTSpatialIndex 0x1b08bef0 (Free 22005 MB), Allocate result buffer, memory consumption 0 MB, capacity 7
[LIBGPUSPATIAL] [ 16455][19:55:26:087391][info  ] RTSpatialIndex 0x1b08bef0 (Free 22005 MB), Probe Points, Size: 33333, Results: 7
[LIBGPUSPATIAL] [ 16455][19:55:26:087421][info  ] RTSpatialIndex 0x1b08bef0 (Free 22005 MB), Profiling Results. Alloc: 0.05 ms, Prepare: 0.11 ms, RT: 0.06 ms, Copy res: 0.04 ms
[LIBGPUSPATIAL] [ 16455][19:55:26:087737][info  ] RTSpatialRefiner 0x177ea3e0 (Free 22005 MB), Loaded Geometries, ProbeArray 33333, Loaded 5, Type Point
[LIBGPUSPATIAL] [ 16455][19:55:26:087772][info  ] RTSpatialRefiner 0x177ea3e0 (Free 22005 MB), Evaluating 7 Geometry Pairs with Predicate Contains
[LIBGPUSPATIAL] [ 16455][19:55:26:088236][info  ] RTSpatialRefiner 0x177ea3e0 (Free 22005 MB), Profiling Results. Parse: 0.26 ms, Refine: 0.43 ms, Copy Results: 0.04 ms
[LIBGPUSPATIAL] [ 16455][19:55:26:108783][info  ] RTSpatialIndex 0x1b08bef0 (Free 22005 MB), Allocate result buffer, memory consumption 0 MB, capacity 22
[LIBGPUSPATIAL] [ 16455][19:55:26:108915][info  ] RTSpatialIndex 0x1b08bef0 (Free 22005 MB), Probe Points, Size: 100000, Results: 22
[LIBGPUSPATIAL] [ 16455][19:55:26:108951][info  ] RTSpatialIndex 0x1b08bef0 (Free 22005 MB), Profiling Results. Alloc: 0.11 ms, Prepare: 0.27 ms, RT: 0.10 ms, Copy res: 0.05 ms
[LIBGPUSPATIAL] [ 16455][19:55:26:109317][info  ] RTSpatialRefiner 0x177ea3e0 (Free 22005 MB), Loaded Geometries, ProbeArray 100000, Loaded 20, Type Point
[LIBGPUSPATIAL] [ 16455][19:55:26:109352][info  ] RTSpatialRefiner 0x177ea3e0 (Free 22005 MB), Evaluating 22 Geometry Pairs with Predicate Contains
[LIBGPUSPATIAL] [ 16455][19:55:26:109861][info  ] RTSpatialRefiner 0x177ea3e0 (Free 22005 MB), Profiling Results. Parse: 0.32 ms, Refine: 0.47 ms, Copy Results: 0.04 ms
[LIBGPUSPATIAL] [ 16455][19:55:26:120240][info  ] RTSpatialIndex 0x1b08bef0 (Free 22005 MB), Allocate result buffer, memory consumption 0 MB, capacity 34
[LIBGPUSPATIAL] [ 16455][19:55:26:120359][info  ] RTSpatialIndex 0x1b08bef0 (Free 22005 MB), Probe Points, Size: 100000, Results: 34
[LIBGPUSPATIAL] [ 16455][19:55:26:120391][info  ] RTSpatialIndex 0x1b08bef0 (Free 22005 MB), Profiling Results. Alloc: 0.06 ms, Prepare: 0.23 ms, RT: 0.09 ms, Copy res: 0.04 ms
[LIBGPUSPATIAL] [ 16455][19:55:26:120701][info  ] RTSpatialRefiner 0x177ea3e0 (Free 22005 MB), Loaded Geometries, ProbeArray 100000, Loaded 23, Type Point
[LIBGPUSPATIAL] [ 16455][19:55:26:120752][info  ] RTSpatialRefiner 0x177ea3e0 (Free 22005 MB), Evaluating 34 Geometry Pairs with Predicate Contains
[LIBGPUSPATIAL] [ 16455][19:55:26:121272][info  ] RTSpatialRefiner 0x177ea3e0 (Free 22005 MB), Profiling Results. Parse: 0.27 ms, Refine: 0.50 ms, Copy Results: 0.04 ms
[LIBGPUSPATIAL] [ 16455][19:55:26:131636][info  ] RTSpatialIndex 0x1b08bef0 (Free 22005 MB), Allocate result buffer, memory consumption 0 MB, capacity 21
[LIBGPUSPATIAL] [ 16455][19:55:26:131765][info  ] RTSpatialIndex 0x1b08bef0 (Free 22005 MB), Probe Points, Size: 100000, Results: 21
[LIBGPUSPATIAL] [ 16455][19:55:26:131798][info  ] RTSpatialIndex 0x1b08bef0 (Free 22005 MB), Profiling Results. Alloc: 0.05 ms, Prepare: 0.22 ms, RT: 0.08 ms, Copy res: 0.06 ms
[LIBGPUSPATIAL] [ 16455][19:55:26:132085][info  ] RTSpatialRefiner 0x177ea3e0 (Free 22005 MB), Loaded Geometries, ProbeArray 100000, Loaded 16, Type Point
[LIBGPUSPATIAL] [ 16455][19:55:26:132119][info  ] RTSpatialRefiner 0x177ea3e0 (Free 22005 MB), Evaluating 21 Geometry Pairs with Predicate Contains
[LIBGPUSPATIAL] [ 16455][19:55:26:132670][info  ] RTSpatialRefiner 0x177ea3e0 (Free 22005 MB), Profiling Results. Parse: 0.24 ms, Refine: 0.51 ms, Copy Results: 0.04 ms
[LIBGPUSPATIAL] [ 16455][19:55:26:142932][info  ] RTSpatialIndex 0x1b08bef0 (Free 22005 MB), Allocate result buffer, memory consumption 0 MB, capacity 16
[LIBGPUSPATIAL] [ 16455][19:55:26:143050][info  ] RTSpatialIndex 0x1b08bef0 (Free 22005 MB), Probe Points, Size: 100000, Results: 16
[LIBGPUSPATIAL] [ 16455][19:55:26:143080][info  ] RTSpatialIndex 0x1b08bef0 (Free 22005 MB), Profiling Results. Alloc: 0.05 ms, Prepare: 0.22 ms, RT: 0.08 ms, Copy res: 0.04 ms
[LIBGPUSPATIAL] [ 16455][19:55:26:143375][info  ] RTSpatialRefiner 0x177ea3e0 (Free 22005 MB), Loaded Geometries, ProbeArray 100000, Loaded 13, Type Point
[LIBGPUSPATIAL] [ 16455][19:55:26:143409][info  ] RTSpatialRefiner 0x177ea3e0 (Free 22005 MB), Evaluating 16 Geometry Pairs with Predicate Contains
[LIBGPUSPATIAL] [ 16455][19:55:26:143896][info  ] RTSpatialRefiner 0x177ea3e0 (Free 22005 MB), Profiling Results. Parse: 0.25 ms, Refine: 0.45 ms, Copy Results: 0.04 ms
[LIBGPUSPATIAL] [ 16455][19:55:26:153773][info  ] RTSpatialIndex 0x1b08bef0 (Free 22005 MB), Allocate result buffer, memory consumption 0 MB, capacity 25
[LIBGPUSPATIAL] [ 16455][19:55:26:153891][info  ] RTSpatialIndex 0x1b08bef0 (Free 22005 MB), Probe Points, Size: 100000, Results: 25
[LIBGPUSPATIAL] [ 16455][19:55:26:153921][info  ] RTSpatialIndex 0x1b08bef0 (Free 22005 MB), Profiling Results. Alloc: 0.05 ms, Prepare: 0.22 ms, RT: 0.10 ms, Copy res: 0.04 ms
[LIBGPUSPATIAL] [ 16455][19:55:26:154212][info  ] RTSpatialRefiner 0x177ea3e0 (Free 22005 MB), Loaded Geometries, ProbeArray 100000, Loaded 19, Type Point
[LIBGPUSPATIAL] [ 16455][19:55:26:154247][info  ] RTSpatialRefiner 0x177ea3e0 (Free 22005 MB), Evaluating 25 Geometry Pairs with Predicate Contains
[LIBGPUSPATIAL] [ 16455][19:55:26:154787][info  ] RTSpatialRefiner 0x177ea3e0 (Free 22005 MB), Profiling Results. Parse: 0.25 ms, Refine: 0.49 ms, Copy Results: 0.05 ms
[LIBGPUSPATIAL] [ 16455][19:55:26:165064][info  ] RTSpatialIndex 0x1b08bef0 (Free 22005 MB), Allocate result buffer, memory consumption 0 MB, capacity 21
[LIBGPUSPATIAL] [ 16455][19:55:26:165182][info  ] RTSpatialIndex 0x1b08bef0 (Free 22005 MB), Probe Points, Size: 100000, Results: 21
[LIBGPUSPATIAL] [ 16455][19:55:26:165214][info  ] RTSpatialIndex 0x1b08bef0 (Free 22005 MB), Profiling Results. Alloc: 0.05 ms, Prepare: 0.23 ms, RT: 0.08 ms, Copy res: 0.04 ms
[LIBGPUSPATIAL] [ 16455][19:55:26:165497][info  ] RTSpatialRefiner 0x177ea3e0 (Free 22005 MB), Loaded Geometries, ProbeArray 100000, Loaded 17, Type Point
[LIBGPUSPATIAL] [ 16455][19:55:26:165531][info  ] RTSpatialRefiner 0x177ea3e0 (Free 22005 MB), Evaluating 21 Geometry Pairs with Predicate Contains
[LIBGPUSPATIAL] [ 16455][19:55:26:166046][info  ] RTSpatialRefiner 0x177ea3e0 (Free 22005 MB), Profiling Results. Parse: 0.24 ms, Refine: 0.48 ms, Copy Results: 0.04 ms
[LIBGPUSPATIAL] [ 16455][19:55:26:176158][info  ] RTSpatialIndex 0x1b08bef0 (Free 22005 MB), Allocate result buffer, memory consumption 0 MB, capacity 23
[LIBGPUSPATIAL] [ 16455][19:55:26:176270][info  ] RTSpatialIndex 0x1b08bef0 (Free 22005 MB), Probe Points, Size: 100000, Results: 23
[LIBGPUSPATIAL] [ 16455][19:55:26:176300][info  ] RTSpatialIndex 0x1b08bef0 (Free 22005 MB), Profiling Results. Alloc: 0.05 ms, Prepare: 0.22 ms, RT: 0.07 ms, Copy res: 0.04 ms
[LIBGPUSPATIAL] [ 16455][19:55:26:176578][info  ] RTSpatialRefiner 0x177ea3e0 (Free 22005 MB), Loaded Geometries, ProbeArray 100000, Loaded 19, Type Point
[LIBGPUSPATIAL] [ 16455][19:55:26:176611][info  ] RTSpatialRefiner 0x177ea3e0 (Free 22005 MB), Evaluating 23 Geometry Pairs with Predicate Contains
[LIBGPUSPATIAL] [ 16455][19:55:26:177136][info  ] RTSpatialRefiner 0x177ea3e0 (Free 22005 MB), Profiling Results. Parse: 0.24 ms, Refine: 0.49 ms, Copy Results: 0.04 ms
[LIBGPUSPATIAL] [ 16455][19:55:26:187508][info  ] RTSpatialIndex 0x1b08bef0 (Free 22005 MB), Allocate result buffer, memory consumption 0 MB, capacity 25
[LIBGPUSPATIAL] [ 16455][19:55:26:187628][info  ] RTSpatialIndex 0x1b08bef0 (Free 22005 MB), Probe Points, Size: 100000, Results: 25
[LIBGPUSPATIAL] [ 16455][19:55:26:187658][info  ] RTSpatialIndex 0x1b08bef0 (Free 22005 MB), Profiling Results. Alloc: 0.05 ms, Prepare: 0.23 ms, RT: 0.08 ms, Copy res: 0.04 ms
[LIBGPUSPATIAL] [ 16455][19:55:26:187972][info  ] RTSpatialRefiner 0x177ea3e0 (Free 22005 MB), Loaded Geometries, ProbeArray 100000, Loaded 18, Type Point
[LIBGPUSPATIAL] [ 16455][19:55:26:188007][info  ] RTSpatialRefiner 0x177ea3e0 (Free 22005 MB), Evaluating 25 Geometry Pairs with Predicate Contains
[LIBGPUSPATIAL] [ 16455][19:55:26:188521][info  ] RTSpatialRefiner 0x177ea3e0 (Free 22005 MB), Profiling Results. Parse: 0.27 ms, Refine: 0.48 ms, Copy Results: 0.04 ms
[LIBGPUSPATIAL] [ 16455][19:55:26:198811][info  ] RTSpatialIndex 0x1b08bef0 (Free 22005 MB), Allocate result buffer, memory consumption 0 MB, capacity 13
[LIBGPUSPATIAL] [ 16455][19:55:26:198928][info  ] RTSpatialIndex 0x1b08bef0 (Free 22005 MB), Probe Points, Size: 100000, Results: 13
[LIBGPUSPATIAL] [ 16455][19:55:26:198958][info  ] RTSpatialIndex 0x1b08bef0 (Free 22005 MB), Profiling Results. Alloc: 0.05 ms, Prepare: 0.23 ms, RT: 0.07 ms, Copy res: 0.04 ms
[LIBGPUSPATIAL] [ 16455][19:55:26:199243][info  ] RTSpatialRefiner 0x177ea3e0 (Free 22005 MB), Loaded Geometries, ProbeArray 100000, Loaded 9, Type Point
[LIBGPUSPATIAL] [ 16455][19:55:26:199277][info  ] RTSpatialRefiner 0x177ea3e0 (Free 22005 MB), Evaluating 13 Geometry Pairs with Predicate Contains
[LIBGPUSPATIAL] [ 16455][19:55:26:199775][info  ] RTSpatialRefiner 0x177ea3e0 (Free 22005 MB), Profiling Results. Parse: 0.25 ms, Refine: 0.44 ms, Copy Results: 0.06 ms
[LIBGPUSPATIAL] [ 16455][19:55:26:209998][info  ] RTSpatialIndex 0x1b08bef0 (Free 22005 MB), Allocate result buffer, memory consumption 0 MB, capacity 27
[LIBGPUSPATIAL] [ 16455][19:55:26:210118][info  ] RTSpatialIndex 0x1b08bef0 (Free 22005 MB), Probe Points, Size: 100000, Results: 27
[LIBGPUSPATIAL] [ 16455][19:55:26:210148][info  ] RTSpatialIndex 0x1b08bef0 (Free 22005 MB), Profiling Results. Alloc: 0.05 ms, Prepare: 0.24 ms, RT: 0.08 ms, Copy res: 0.04 ms
[LIBGPUSPATIAL] [ 16455][19:55:26:210436][info  ] RTSpatialRefiner 0x177ea3e0 (Free 22005 MB), Loaded Geometries, ProbeArray 100000, Loaded 22, Type Point
[LIBGPUSPATIAL] [ 16455][19:55:26:210470][info  ] RTSpatialRefiner 0x177ea3e0 (Free 22005 MB), Evaluating 27 Geometry Pairs with Predicate Contains
[LIBGPUSPATIAL] [ 16455][19:55:26:211075][info  ] RTSpatialRefiner 0x177ea3e0 (Free 22005 MB), Profiling Results. Parse: 0.25 ms, Refine: 0.57 ms, Copy Results: 0.04 ms
[LIBGPUSPATIAL] [ 16455][19:55:26:221274][info  ] RTSpatialIndex 0x1b08bef0 (Free 22005 MB), Allocate result buffer, memory consumption 0 MB, capacity 32
[LIBGPUSPATIAL] [ 16455][19:55:26:221385][info  ] RTSpatialIndex 0x1b08bef0 (Free 22005 MB), Probe Points, Size: 100000, Results: 32
[LIBGPUSPATIAL] [ 16455][19:55:26:221416][info  ] RTSpatialIndex 0x1b08bef0 (Free 22005 MB), Profiling Results. Alloc: 0.05 ms, Prepare: 0.23 ms, RT: 0.07 ms, Copy res: 0.04 ms
[LIBGPUSPATIAL] [ 16455][19:55:26:221700][info  ] RTSpatialRefiner 0x177ea3e0 (Free 22005 MB), Loaded Geometries, ProbeArray 100000, Loaded 23, Type Point
[LIBGPUSPATIAL] [ 16455][19:55:26:221752][info  ] RTSpatialRefiner 0x177ea3e0 (Free 22005 MB), Evaluating 32 Geometry Pairs with Predicate Contains
[LIBGPUSPATIAL] [ 16455][19:55:26:222257][info  ] RTSpatialRefiner 0x177ea3e0 (Free 22005 MB), Profiling Results. Parse: 0.24 ms, Refine: 0.48 ms, Copy Results: 0.04 ms
[LIBGPUSPATIAL] [ 16455][19:55:26:232103][info  ] RTSpatialIndex 0x1b08bef0 (Free 22005 MB), Allocate result buffer, memory consumption 0 MB, capacity 30
[LIBGPUSPATIAL] [ 16455][19:55:26:232225][info  ] RTSpatialIndex 0x1b08bef0 (Free 22005 MB), Probe Points, Size: 100000, Results: 30
[LIBGPUSPATIAL] [ 16455][19:55:26:232255][info  ] RTSpatialIndex 0x1b08bef0 (Free 22005 MB), Profiling Results. Alloc: 0.05 ms, Prepare: 0.22 ms, RT: 0.08 ms, Copy res: 0.04 ms
[LIBGPUSPATIAL] [ 16455][19:55:26:232541][info  ] RTSpatialRefiner 0x177ea3e0 (Free 22005 MB), Loaded Geometries, ProbeArray 100000, Loaded 21, Type Point
[LIBGPUSPATIAL] [ 16455][19:55:26:232574][info  ] RTSpatialRefiner 0x177ea3e0 (Free 22005 MB), Evaluating 30 Geometry Pairs with Predicate Contains
[LIBGPUSPATIAL] [ 16455][19:55:26:233112][info  ] RTSpatialRefiner 0x177ea3e0 (Free 22005 MB), Profiling Results. Parse: 0.25 ms, Refine: 0.50 ms, Copy Results: 0.04 ms
[LIBGPUSPATIAL] [ 16455][19:55:26:243431][info  ] RTSpatialIndex 0x1b08bef0 (Free 22005 MB), Allocate result buffer, memory consumption 0 MB, capacity 34
[LIBGPUSPATIAL] [ 16455][19:55:26:243550][info  ] RTSpatialIndex 0x1b08bef0 (Free 22005 MB), Probe Points, Size: 100000, Results: 34
[LIBGPUSPATIAL] [ 16455][19:55:26:243581][info  ] RTSpatialIndex 0x1b08bef0 (Free 22005 MB), Profiling Results. Alloc: 0.05 ms, Prepare: 0.23 ms, RT: 0.08 ms, Copy res: 0.04 ms
[LIBGPUSPATIAL] [ 16455][19:55:26:243893][info  ] RTSpatialRefiner 0x177ea3e0 (Free 22005 MB), Loaded Geometries, ProbeArray 100000, Loaded 26, Type Point
[LIBGPUSPATIAL] [ 16455][19:55:26:243927][info  ] RTSpatialRefiner 0x177ea3e0 (Free 22005 MB), Evaluating 34 Geometry Pairs with Predicate Contains
[LIBGPUSPATIAL] [ 16455][19:55:26:244452][info  ] RTSpatialRefiner 0x177ea3e0 (Free 22005 MB), Profiling Results. Parse: 0.27 ms, Refine: 0.48 ms, Copy Results: 0.04 ms
[LIBGPUSPATIAL] [ 16455][19:55:26:248006][info  ] RTSpatialIndex 0x1b08bef0 (Free 22005 MB), Allocate result buffer, memory consumption 0 MB, capacity 4
[LIBGPUSPATIAL] [ 16455][19:55:26:248114][info  ] RTSpatialIndex 0x1b08bef0 (Free 22005 MB), Probe Points, Size: 33333, Results: 4
[LIBGPUSPATIAL] [ 16455][19:55:26:248145][info  ] RTSpatialIndex 0x1b08bef0 (Free 22005 MB), Profiling Results. Alloc: 0.05 ms, Prepare: 0.12 ms, RT: 0.06 ms, Copy res: 0.04 ms
[LIBGPUSPATIAL] [ 16455][19:55:26:248419][info  ] RTSpatialRefiner 0x177ea3e0 (Free 22005 MB), Loaded Geometries, ProbeArray 33333, Loaded 2, Type Point
[LIBGPUSPATIAL] [ 16455][19:55:26:248452][info  ] RTSpatialRefiner 0x177ea3e0 (Free 22005 MB), Evaluating 4 Geometry Pairs with Predicate Contains
[LIBGPUSPATIAL] [ 16455][19:55:26:248909][info  ] RTSpatialRefiner 0x177ea3e0 (Free 22005 MB), Profiling Results. Parse: 0.23 ms, Refine: 0.42 ms, Copy Results: 0.04 ms
[LIBGPUSPATIAL] [ 16455][19:55:26:269144][info  ] RTSpatialIndex 0x1b08bef0 (Free 22005 MB), Allocate result buffer, memory consumption 0 MB, capacity 24
[LIBGPUSPATIAL] [ 16455][19:55:26:269280][info  ] RTSpatialIndex 0x1b08bef0 (Free 22005 MB), Probe Points, Size: 100000, Results: 24
[LIBGPUSPATIAL] [ 16455][19:55:26:269314][info  ] RTSpatialIndex 0x1b08bef0 (Free 22005 MB), Profiling Results. Alloc: 0.10 ms, Prepare: 0.28 ms, RT: 0.11 ms, Copy res: 0.05 ms
[LIBGPUSPATIAL] [ 16455][19:55:26:269648][info  ] RTSpatialRefiner 0x177ea3e0 (Free 22005 MB), Loaded Geometries, ProbeArray 100000, Loaded 17, Type Point
[LIBGPUSPATIAL] [ 16455][19:55:26:269683][info  ] RTSpatialRefiner 0x177ea3e0 (Free 22005 MB), Evaluating 24 Geometry Pairs with Predicate Contains
[LIBGPUSPATIAL] [ 16455][19:55:26:270215][info  ] RTSpatialRefiner 0x177ea3e0 (Free 22005 MB), Profiling Results. Parse: 0.28 ms, Refine: 0.49 ms, Copy Results: 0.04 ms
[LIBGPUSPATIAL] [ 16455][19:55:26:280529][info  ] RTSpatialIndex 0x1b08bef0 (Free 22005 MB), Allocate result buffer, memory consumption 0 MB, capacity 23
[LIBGPUSPATIAL] [ 16455][19:55:26:280649][info  ] RTSpatialIndex 0x1b08bef0 (Free 22005 MB), Probe Points, Size: 100000, Results: 23
[LIBGPUSPATIAL] [ 16455][19:55:26:280679][info  ] RTSpatialIndex 0x1b08bef0 (Free 22005 MB), Profiling Results. Alloc: 0.05 ms, Prepare: 0.23 ms, RT: 0.08 ms, Copy res: 0.04 ms
[LIBGPUSPATIAL] [ 16455][19:55:26:281000][info  ] RTSpatialRefiner 0x177ea3e0 (Free 22005 MB), Loaded Geometries, ProbeArray 100000, Loaded 19, Type Point
[LIBGPUSPATIAL] [ 16455][19:55:26:281034][info  ] RTSpatialRefiner 0x177ea3e0 (Free 22005 MB), Evaluating 23 Geometry Pairs with Predicate Contains
[LIBGPUSPATIAL] [ 16455][19:55:26:281568][info  ] RTSpatialRefiner 0x177ea3e0 (Free 22005 MB), Profiling Results. Parse: 0.27 ms, Refine: 0.50 ms, Copy Results: 0.04 ms
[LIBGPUSPATIAL] [ 16455][19:55:26:291814][info  ] RTSpatialIndex 0x1b08bef0 (Free 22005 MB), Allocate result buffer, memory consumption 0 MB, capacity 24
[LIBGPUSPATIAL] [ 16455][19:55:26:291933][info  ] RTSpatialIndex 0x1b08bef0 (Free 22005 MB), Probe Points, Size: 100000, Results: 24
[LIBGPUSPATIAL] [ 16455][19:55:26:291964][info  ] RTSpatialIndex 0x1b08bef0 (Free 22005 MB), Profiling Results. Alloc: 0.05 ms, Prepare: 0.22 ms, RT: 0.08 ms, Copy res: 0.04 ms
[LIBGPUSPATIAL] [ 16455][19:55:26:292254][info  ] RTSpatialRefiner 0x177ea3e0 (Free 22005 MB), Loaded Geometries, ProbeArray 100000, Loaded 20, Type Point
[LIBGPUSPATIAL] [ 16455][19:55:26:292289][info  ] RTSpatialRefiner 0x177ea3e0 (Free 22005 MB), Evaluating 24 Geometry Pairs with Predicate Contains
[LIBGPUSPATIAL] [ 16455][19:55:26:292829][info  ] RTSpatialRefiner 0x177ea3e0 (Free 22005 MB), Profiling Results. Parse: 0.25 ms, Refine: 0.50 ms, Copy Results: 0.04 ms
[LIBGPUSPATIAL] [ 16455][19:55:26:303072][info  ] RTSpatialIndex 0x1b08bef0 (Free 22005 MB), Allocate result buffer, memory consumption 0 MB, capacity 23
[LIBGPUSPATIAL] [ 16455][19:55:26:303190][info  ] RTSpatialIndex 0x1b08bef0 (Free 22005 MB), Probe Points, Size: 100000, Results: 23
[LIBGPUSPATIAL] [ 16455][19:55:26:303220][info  ] RTSpatialIndex 0x1b08bef0 (Free 22005 MB), Profiling Results. Alloc: 0.05 ms, Prepare: 0.22 ms, RT: 0.08 ms, Copy res: 0.04 ms
[LIBGPUSPATIAL] [ 16455][19:55:26:303517][info  ] RTSpatialRefiner 0x177ea3e0 (Free 22005 MB), Loaded Geometries, ProbeArray 100000, Loaded 20, Type Point
[LIBGPUSPATIAL] [ 16455][19:55:26:303553][info  ] RTSpatialRefiner 0x177ea3e0 (Free 22005 MB), Evaluating 23 Geometry Pairs with Predicate Contains
[LIBGPUSPATIAL] [ 16455][19:55:26:304110][info  ] RTSpatialRefiner 0x177ea3e0 (Free 22005 MB), Profiling Results. Parse: 0.26 ms, Refine: 0.52 ms, Copy Results: 0.04 ms
[LIBGPUSPATIAL] [ 16455][19:55:26:314027][info  ] RTSpatialIndex 0x1b08bef0 (Free 22005 MB), Allocate result buffer, memory consumption 0 MB, capacity 25
[LIBGPUSPATIAL] [ 16455][19:55:26:314141][info  ] RTSpatialIndex 0x1b08bef0 (Free 22005 MB), Probe Points, Size: 100000, Results: 25
[LIBGPUSPATIAL] [ 16455][19:55:26:314171][info  ] RTSpatialIndex 0x1b08bef0 (Free 22005 MB), Profiling Results. Alloc: 0.05 ms, Prepare: 0.24 ms, RT: 0.08 ms, Copy res: 0.04 ms
[LIBGPUSPATIAL] [ 16455][19:55:26:314468][info  ] RTSpatialRefiner 0x177ea3e0 (Free 22005 MB), Loaded Geometries, ProbeArray 100000, Loaded 18, Type Point
[LIBGPUSPATIAL] [ 16455][19:55:26:314502][info  ] RTSpatialRefiner 0x177ea3e0 (Free 22005 MB), Evaluating 25 Geometry Pairs with Predicate Contains
[LIBGPUSPATIAL] [ 16455][19:55:26:315008][info  ] RTSpatialRefiner 0x177ea3e0 (Free 22005 MB), Profiling Results. Parse: 0.26 ms, Refine: 0.47 ms, Copy Results: 0.04 ms
[LIBGPUSPATIAL] [ 16455][19:55:26:325285][info  ] RTSpatialIndex 0x1b08bef0 (Free 22005 MB), Allocate result buffer, memory consumption 0 MB, capacity 26
[LIBGPUSPATIAL] [ 16455][19:55:26:325405][info  ] RTSpatialIndex 0x1b08bef0 (Free 22005 MB), Probe Points, Size: 100000, Results: 26
[LIBGPUSPATIAL] [ 16455][19:55:26:325435][info  ] RTSpatialIndex 0x1b08bef0 (Free 22005 MB), Profiling Results. Alloc: 0.05 ms, Prepare: 0.23 ms, RT: 0.08 ms, Copy res: 0.04 ms
[LIBGPUSPATIAL] [ 16455][19:55:26:325746][info  ] RTSpatialRefiner 0x177ea3e0 (Free 22005 MB), Loaded Geometries, ProbeArray 100000, Loaded 18, Type Point
[LIBGPUSPATIAL] [ 16455][19:55:26:325782][info  ] RTSpatialRefiner 0x177ea3e0 (Free 22005 MB), Evaluating 26 Geometry Pairs with Predicate Contains
[LIBGPUSPATIAL] [ 16455][19:55:26:326283][info  ] RTSpatialRefiner 0x177ea3e0 (Free 22005 MB), Profiling Results. Parse: 0.26 ms, Refine: 0.47 ms, Copy Results: 0.04 ms
[LIBGPUSPATIAL] [ 16455][19:55:26:336364][info  ] RTSpatialIndex 0x1b08bef0 (Free 22005 MB), Allocate result buffer, memory consumption 0 MB, capacity 20
[LIBGPUSPATIAL] [ 16455][19:55:26:336480][info  ] RTSpatialIndex 0x1b08bef0 (Free 22005 MB), Probe Points, Size: 100000, Results: 20
[LIBGPUSPATIAL] [ 16455][19:55:26:336511][info  ] RTSpatialIndex 0x1b08bef0 (Free 22005 MB), Profiling Results. Alloc: 0.05 ms, Prepare: 0.22 ms, RT: 0.08 ms, Copy res: 0.04 ms
[LIBGPUSPATIAL] [ 16455][19:55:26:336826][info  ] RTSpatialRefiner 0x177ea3e0 (Free 22005 MB), Loaded Geometries, ProbeArray 100000, Loaded 15, Type Point
[LIBGPUSPATIAL] [ 16455][19:55:26:336861][info  ] RTSpatialRefiner 0x177ea3e0 (Free 22005 MB), Evaluating 20 Geometry Pairs with Predicate Contains
[LIBGPUSPATIAL] [ 16455][19:55:26:337445][info  ] RTSpatialRefiner 0x177ea3e0 (Free 22005 MB), Profiling Results. Parse: 0.27 ms, Refine: 0.55 ms, Copy Results: 0.04 ms
[LIBGPUSPATIAL] [ 16455][19:55:26:347882][info  ] RTSpatialIndex 0x1b08bef0 (Free 22005 MB), Allocate result buffer, memory consumption 0 MB, capacity 27
[LIBGPUSPATIAL] [ 16455][19:55:26:348001][info  ] RTSpatialIndex 0x1b08bef0 (Free 22005 MB), Probe Points, Size: 100000, Results: 27
[LIBGPUSPATIAL] [ 16455][19:55:26:348031][info  ] RTSpatialIndex 0x1b08bef0 (Free 22005 MB), Profiling Results. Alloc: 0.05 ms, Prepare: 0.23 ms, RT: 0.08 ms, Copy res: 0.04 ms
[LIBGPUSPATIAL] [ 16455][19:55:26:348319][info  ] RTSpatialRefiner 0x177ea3e0 (Free 22005 MB), Loaded Geometries, ProbeArray 100000, Loaded 21, Type Point
[LIBGPUSPATIAL] [ 16455][19:55:26:348353][info  ] RTSpatialRefiner 0x177ea3e0 (Free 22005 MB), Evaluating 27 Geometry Pairs with Predicate Contains
[LIBGPUSPATIAL] [ 16455][19:55:26:348874][info  ] RTSpatialRefiner 0x177ea3e0 (Free 22005 MB), Profiling Results. Parse: 0.25 ms, Refine: 0.48 ms, Copy Results: 0.04 ms
[LIBGPUSPATIAL] [ 16455][19:55:26:359161][info  ] RTSpatialIndex 0x1b08bef0 (Free 22005 MB), Allocate result buffer, memory consumption 0 MB, capacity 25
[LIBGPUSPATIAL] [ 16455][19:55:26:359279][info  ] RTSpatialIndex 0x1b08bef0 (Free 22005 MB), Probe Points, Size: 100000, Results: 25
[LIBGPUSPATIAL] [ 16455][19:55:26:359309][info  ] RTSpatialIndex 0x1b08bef0 (Free 22005 MB), Profiling Results. Alloc: 0.05 ms, Prepare: 0.22 ms, RT: 0.08 ms, Copy res: 0.04 ms
[LIBGPUSPATIAL] [ 16455][19:55:26:359608][info  ] RTSpatialRefiner 0x177ea3e0 (Free 22005 MB), Loaded Geometries, ProbeArray 100000, Loaded 16, Type Point
[LIBGPUSPATIAL] [ 16455][19:55:26:359643][info  ] RTSpatialRefiner 0x177ea3e0 (Free 22005 MB), Evaluating 25 Geometry Pairs with Predicate Contains
[LIBGPUSPATIAL] [ 16455][19:55:26:360162][info  ] RTSpatialRefiner 0x177ea3e0 (Free 22005 MB), Profiling Results. Parse: 0.26 ms, Refine: 0.48 ms, Copy Results: 0.04 ms
[LIBGPUSPATIAL] [ 16455][19:55:26:370380][info  ] RTSpatialIndex 0x1b08bef0 (Free 22005 MB), Allocate result buffer, memory consumption 0 MB, capacity 14
[LIBGPUSPATIAL] [ 16455][19:55:26:370493][info  ] RTSpatialIndex 0x1b08bef0 (Free 22005 MB), Probe Points, Size: 100000, Results: 14
[LIBGPUSPATIAL] [ 16455][19:55:26:370522][info  ] RTSpatialIndex 0x1b08bef0 (Free 22005 MB), Profiling Results. Alloc: 0.05 ms, Prepare: 0.22 ms, RT: 0.07 ms, Copy res: 0.04 ms
[LIBGPUSPATIAL] [ 16455][19:55:26:370834][info  ] RTSpatialRefiner 0x177ea3e0 (Free 22005 MB), Loaded Geometries, ProbeArray 100000, Loaded 13, Type Point
[LIBGPUSPATIAL] [ 16455][19:55:26:370868][info  ] RTSpatialRefiner 0x177ea3e0 (Free 22005 MB), Evaluating 14 Geometry Pairs with Predicate Contains
[LIBGPUSPATIAL] [ 16455][19:55:26:371351][info  ] RTSpatialRefiner 0x177ea3e0 (Free 22005 MB), Profiling Results. Parse: 0.27 ms, Refine: 0.45 ms, Copy Results: 0.04 ms
[LIBGPUSPATIAL] [ 16455][19:55:26:381580][info  ] RTSpatialIndex 0x1b08bef0 (Free 22005 MB), Allocate result buffer, memory consumption 0 MB, capacity 25
[LIBGPUSPATIAL] [ 16455][19:55:26:381697][info  ] RTSpatialIndex 0x1b08bef0 (Free 22005 MB), Probe Points, Size: 100000, Results: 25
[LIBGPUSPATIAL] [ 16455][19:55:26:381740][info  ] RTSpatialIndex 0x1b08bef0 (Free 22005 MB), Profiling Results. Alloc: 0.05 ms, Prepare: 0.22 ms, RT: 0.08 ms, Copy res: 0.04 ms
[LIBGPUSPATIAL] [ 16455][19:55:26:382048][info  ] RTSpatialRefiner 0x177ea3e0 (Free 22005 MB), Loaded Geometries, ProbeArray 100000, Loaded 19, Type Point
[LIBGPUSPATIAL] [ 16455][19:55:26:382082][info  ] RTSpatialRefiner 0x177ea3e0 (Free 22005 MB), Evaluating 25 Geometry Pairs with Predicate Contains
[LIBGPUSPATIAL] [ 16455][19:55:26:382577][info  ] RTSpatialRefiner 0x177ea3e0 (Free 22005 MB), Profiling Results. Parse: 0.27 ms, Refine: 0.46 ms, Copy Results: 0.04 ms
[LIBGPUSPATIAL] [ 16455][19:55:26:392472][info  ] RTSpatialIndex 0x1b08bef0 (Free 22005 MB), Allocate result buffer, memory consumption 0 MB, capacity 25
[LIBGPUSPATIAL] [ 16455][19:55:26:392589][info  ] RTSpatialIndex 0x1b08bef0 (Free 22005 MB), Probe Points, Size: 100000, Results: 25
[LIBGPUSPATIAL] [ 16455][19:55:26:392618][info  ] RTSpatialIndex 0x1b08bef0 (Free 22005 MB), Profiling Results. Alloc: 0.05 ms, Prepare: 0.22 ms, RT: 0.08 ms, Copy res: 0.04 ms
[LIBGPUSPATIAL] [ 16455][19:55:26:392919][info  ] RTSpatialRefiner 0x177ea3e0 (Free 22005 MB), Loaded Geometries, ProbeArray 100000, Loaded 19, Type Point
[LIBGPUSPATIAL] [ 16455][19:55:26:392953][info  ] RTSpatialRefiner 0x177ea3e0 (Free 22005 MB), Evaluating 25 Geometry Pairs with Predicate Contains
[LIBGPUSPATIAL] [ 16455][19:55:26:393471][info  ] RTSpatialRefiner 0x177ea3e0 (Free 22005 MB), Profiling Results. Parse: 0.26 ms, Refine: 0.48 ms, Copy Results: 0.04 ms
[LIBGPUSPATIAL] [ 16455][19:55:26:403774][info  ] RTSpatialIndex 0x1b08bef0 (Free 22005 MB), Allocate result buffer, memory consumption 0 MB, capacity 21
[LIBGPUSPATIAL] [ 16455][19:55:26:403884][info  ] RTSpatialIndex 0x1b08bef0 (Free 22005 MB), Probe Points, Size: 100000, Results: 21
[LIBGPUSPATIAL] [ 16455][19:55:26:403914][info  ] RTSpatialIndex 0x1b08bef0 (Free 22005 MB), Profiling Results. Alloc: 0.05 ms, Prepare: 0.22 ms, RT: 0.08 ms, Copy res: 0.04 ms
[LIBGPUSPATIAL] [ 16455][19:55:26:404201][info  ] RTSpatialRefiner 0x177ea3e0 (Free 22005 MB), Loaded Geometries, ProbeArray 100000, Loaded 17, Type Point
[LIBGPUSPATIAL] [ 16455][19:55:26:404235][info  ] RTSpatialRefiner 0x177ea3e0 (Free 22005 MB), Evaluating 21 Geometry Pairs with Predicate Contains
[LIBGPUSPATIAL] [ 16455][19:55:26:404765][info  ] RTSpatialRefiner 0x177ea3e0 (Free 22005 MB), Profiling Results. Parse: 0.25 ms, Refine: 0.47 ms, Copy Results: 0.06 ms
[LIBGPUSPATIAL] [ 16455][19:55:26:408281][info  ] RTSpatialIndex 0x1b08bef0 (Free 22005 MB), Allocate result buffer, memory consumption 0 MB, capacity 5
[LIBGPUSPATIAL] [ 16455][19:55:26:408393][info  ] RTSpatialIndex 0x1b08bef0 (Free 22005 MB), Probe Points, Size: 33333, Results: 5
[LIBGPUSPATIAL] [ 16455][19:55:26:408424][info  ] RTSpatialIndex 0x1b08bef0 (Free 22005 MB), Profiling Results. Alloc: 0.05 ms, Prepare: 0.12 ms, RT: 0.07 ms, Copy res: 0.04 ms
[LIBGPUSPATIAL] [ 16455][19:55:26:408713][info  ] RTSpatialRefiner 0x177ea3e0 (Free 22005 MB), Loaded Geometries, ProbeArray 33333, Loaded 4, Type Point
[LIBGPUSPATIAL] [ 16455][19:55:26:408766][info  ] RTSpatialRefiner 0x177ea3e0 (Free 22005 MB), Evaluating 5 Geometry Pairs with Predicate Contains
[LIBGPUSPATIAL] [ 16455][19:55:26:409239][info  ] RTSpatialRefiner 0x177ea3e0 (Free 22005 MB), Profiling Results. Parse: 0.25 ms, Refine: 0.46 ms, Copy Results: 0.04 ms
[LIBGPUSPATIAL] [ 16455][19:55:26:429445][info  ] RTSpatialIndex 0x1b08bef0 (Free 22005 MB), Allocate result buffer, memory consumption 0 MB, capacity 28
[LIBGPUSPATIAL] [ 16455][19:55:26:429572][info  ] RTSpatialIndex 0x1b08bef0 (Free 22005 MB), Probe Points, Size: 100000, Results: 28
[LIBGPUSPATIAL] [ 16455][19:55:26:429607][info  ] RTSpatialIndex 0x1b08bef0 (Free 22005 MB), Profiling Results. Alloc: 0.10 ms, Prepare: 0.26 ms, RT: 0.10 ms, Copy res: 0.05 ms
[LIBGPUSPATIAL] [ 16455][19:55:26:429962][info  ] RTSpatialRefiner 0x177ea3e0 (Free 22005 MB), Loaded Geometries, ProbeArray 100000, Loaded 20, Type Point
[LIBGPUSPATIAL] [ 16455][19:55:26:429998][info  ] RTSpatialRefiner 0x177ea3e0 (Free 22005 MB), Evaluating 28 Geometry Pairs with Predicate Contains
[LIBGPUSPATIAL] [ 16455][19:55:26:430548][info  ] RTSpatialRefiner 0x177ea3e0 (Free 22005 MB), Profiling Results. Parse: 0.30 ms, Refine: 0.51 ms, Copy Results: 0.04 ms
[LIBGPUSPATIAL] [ 16455][19:55:26:440907][info  ] RTSpatialIndex 0x1b08bef0 (Free 22005 MB), Allocate result buffer, memory consumption 0 MB, capacity 29
[LIBGPUSPATIAL] [ 16455][19:55:26:441032][info  ] RTSpatialIndex 0x1b08bef0 (Free 22005 MB), Probe Points, Size: 100000, Results: 29
[LIBGPUSPATIAL] [ 16455][19:55:26:441063][info  ] RTSpatialIndex 0x1b08bef0 (Free 22005 MB), Profiling Results. Alloc: 0.05 ms, Prepare: 0.23 ms, RT: 0.08 ms, Copy res: 0.04 ms
[LIBGPUSPATIAL] [ 16455][19:55:26:441353][info  ] RTSpatialRefiner 0x177ea3e0 (Free 22005 MB), Loaded Geometries, ProbeArray 100000, Loaded 20, Type Point
[LIBGPUSPATIAL] [ 16455][19:55:26:441387][info  ] RTSpatialRefiner 0x177ea3e0 (Free 22005 MB), Evaluating 29 Geometry Pairs with Predicate Contains
[LIBGPUSPATIAL] [ 16455][19:55:26:441983][info  ] RTSpatialRefiner 0x177ea3e0 (Free 22005 MB), Profiling Results. Parse: 0.25 ms, Refine: 0.56 ms, Copy Results: 0.04 ms
[LIBGPUSPATIAL] [ 16455][19:55:26:452230][info  ] RTSpatialIndex 0x1b08bef0 (Free 22005 MB), Allocate result buffer, memory consumption 0 MB, capacity 23
[LIBGPUSPATIAL] [ 16455][19:55:26:452348][info  ] RTSpatialIndex 0x1b08bef0 (Free 22005 MB), Probe Points, Size: 100000, Results: 23
[LIBGPUSPATIAL] [ 16455][19:55:26:452379][info  ] RTSpatialIndex 0x1b08bef0 (Free 22005 MB), Profiling Results. Alloc: 0.05 ms, Prepare: 0.23 ms, RT: 0.08 ms, Copy res: 0.04 ms
[LIBGPUSPATIAL] [ 16455][19:55:26:452682][info  ] RTSpatialRefiner 0x177ea3e0 (Free 22005 MB), Loaded Geometries, ProbeArray 100000, Loaded 18, Type Point
[LIBGPUSPATIAL] [ 16455][19:55:26:452717][info  ] RTSpatialRefiner 0x177ea3e0 (Free 22005 MB), Evaluating 23 Geometry Pairs with Predicate Contains
[LIBGPUSPATIAL] [ 16455][19:55:26:453213][info  ] RTSpatialRefiner 0x177ea3e0 (Free 22005 MB), Profiling Results. Parse: 0.26 ms, Refine: 0.46 ms, Copy Results: 0.04 ms
[LIBGPUSPATIAL] [ 16455][19:55:26:463490][info  ] RTSpatialIndex 0x1b08bef0 (Free 22005 MB), Allocate result buffer, memory consumption 0 MB, capacity 15
[LIBGPUSPATIAL] [ 16455][19:55:26:463608][info  ] RTSpatialIndex 0x1b08bef0 (Free 22005 MB), Probe Points, Size: 100000, Results: 15
[LIBGPUSPATIAL] [ 16455][19:55:26:463639][info  ] RTSpatialIndex 0x1b08bef0 (Free 22005 MB), Profiling Results. Alloc: 0.05 ms, Prepare: 0.22 ms, RT: 0.08 ms, Copy res: 0.04 ms
[LIBGPUSPATIAL] [ 16455][19:55:26:463948][info  ] RTSpatialRefiner 0x177ea3e0 (Free 22005 MB), Loaded Geometries, ProbeArray 100000, Loaded 12, Type Point
[LIBGPUSPATIAL] [ 16455][19:55:26:463982][info  ] RTSpatialRefiner 0x177ea3e0 (Free 22005 MB), Evaluating 15 Geometry Pairs with Predicate Contains
[LIBGPUSPATIAL] [ 16455][19:55:26:464474][info  ] RTSpatialRefiner 0x177ea3e0 (Free 22005 MB), Profiling Results. Parse: 0.27 ms, Refine: 0.46 ms, Copy Results: 0.04 ms
[LIBGPUSPATIAL] [ 16455][19:55:26:474316][info  ] RTSpatialIndex 0x1b08bef0 (Free 22005 MB), Allocate result buffer, memory consumption 0 MB, capacity 18
[LIBGPUSPATIAL] [ 16455][19:55:26:474434][info  ] RTSpatialIndex 0x1b08bef0 (Free 22005 MB), Probe Points, Size: 100000, Results: 18
[LIBGPUSPATIAL] [ 16455][19:55:26:474466][info  ] RTSpatialIndex 0x1b08bef0 (Free 22005 MB), Profiling Results. Alloc: 0.05 ms, Prepare: 0.22 ms, RT: 0.08 ms, Copy res: 0.04 ms
[LIBGPUSPATIAL] [ 16455][19:55:26:474770][info  ] RTSpatialRefiner 0x177ea3e0 (Free 22005 MB), Loaded Geometries, ProbeArray 100000, Loaded 16, Type Point
[LIBGPUSPATIAL] [ 16455][19:55:26:474805][info  ] RTSpatialRefiner 0x177ea3e0 (Free 22005 MB), Evaluating 18 Geometry Pairs with Predicate Contains
[LIBGPUSPATIAL] [ 16455][19:55:26:475300][info  ] RTSpatialRefiner 0x177ea3e0 (Free 22005 MB), Profiling Results. Parse: 0.27 ms, Refine: 0.46 ms, Copy Results: 0.04 ms
[LIBGPUSPATIAL] [ 16455][19:55:26:485843][info  ] RTSpatialIndex 0x1b08bef0 (Free 22005 MB), Allocate result buffer, memory consumption 0 MB, capacity 26
[LIBGPUSPATIAL] [ 16455][19:55:26:485970][info  ] RTSpatialIndex 0x1b08bef0 (Free 22005 MB), Probe Points, Size: 100000, Results: 26
[LIBGPUSPATIAL] [ 16455][19:55:26:486002][info  ] RTSpatialIndex 0x1b08bef0 (Free 22005 MB), Profiling Results. Alloc: 0.05 ms, Prepare: 0.24 ms, RT: 0.09 ms, Copy res: 0.05 ms
[LIBGPUSPATIAL] [ 16455][19:55:26:486299][info  ] RTSpatialRefiner 0x177ea3e0 (Free 22005 MB), Loaded Geometries, ProbeArray 100000, Loaded 20, Type Point
[LIBGPUSPATIAL] [ 16455][19:55:26:486325][info  ] RTSpatialRefiner 0x177ea3e0 (Free 22005 MB), Evaluating 26 Geometry Pairs with Predicate Contains
[LIBGPUSPATIAL] [ 16455][19:55:26:486925][info  ] RTSpatialRefiner 0x177ea3e0 (Free 22005 MB), Profiling Results. Parse: 0.26 ms, Refine: 0.55 ms, Copy Results: 0.04 ms
[LIBGPUSPATIAL] [ 16455][19:55:26:497103][info  ] RTSpatialIndex 0x1b08bef0 (Free 22005 MB), Allocate result buffer, memory consumption 0 MB, capacity 14
[LIBGPUSPATIAL] [ 16455][19:55:26:497205][info  ] RTSpatialIndex 0x1b08bef0 (Free 22005 MB), Probe Points, Size: 100000, Results: 14
[LIBGPUSPATIAL] [ 16455][19:55:26:497228][info  ] RTSpatialIndex 0x1b08bef0 (Free 22005 MB), Profiling Results. Alloc: 0.05 ms, Prepare: 0.22 ms, RT: 0.07 ms, Copy res: 0.04 ms
[LIBGPUSPATIAL] [ 16455][19:55:26:497506][info  ] RTSpatialRefiner 0x177ea3e0 (Free 22005 MB), Loaded Geometries, ProbeArray 100000, Loaded 12, Type Point
[LIBGPUSPATIAL] [ 16455][19:55:26:497531][info  ] RTSpatialRefiner 0x177ea3e0 (Free 22005 MB), Evaluating 14 Geometry Pairs with Predicate Contains
[LIBGPUSPATIAL] [ 16455][19:55:26:498020][info  ] RTSpatialRefiner 0x177ea3e0 (Free 22005 MB), Profiling Results. Parse: 0.24 ms, Refine: 0.44 ms, Copy Results: 0.04 ms
[LIBGPUSPATIAL] [ 16455][19:55:26:508334][info  ] RTSpatialIndex 0x1b08bef0 (Free 22005 MB), Allocate result buffer, memory consumption 0 MB, capacity 17
[LIBGPUSPATIAL] [ 16455][19:55:26:508436][info  ] RTSpatialIndex 0x1b08bef0 (Free 22005 MB), Probe Points, Size: 100000, Results: 17
[LIBGPUSPATIAL] [ 16455][19:55:26:508458][info  ] RTSpatialIndex 0x1b08bef0 (Free 22005 MB), Profiling Results. Alloc: 0.05 ms, Prepare: 0.22 ms, RT: 0.07 ms, Copy res: 0.04 ms
[LIBGPUSPATIAL] [ 16455][19:55:26:508760][info  ] RTSpatialRefiner 0x177ea3e0 (Free 22005 MB), Loaded Geometries, ProbeArray 100000, Loaded 13, Type Point
[LIBGPUSPATIAL] [ 16455][19:55:26:508785][info  ] RTSpatialRefiner 0x177ea3e0 (Free 22005 MB), Evaluating 17 Geometry Pairs with Predicate Contains
[LIBGPUSPATIAL] [ 16455][19:55:26:509280][info  ] RTSpatialRefiner 0x177ea3e0 (Free 22005 MB), Profiling Results. Parse: 0.27 ms, Refine: 0.45 ms, Copy Results: 0.04 ms
[LIBGPUSPATIAL] [ 16455][19:55:26:519567][info  ] RTSpatialIndex 0x1b08bef0 (Free 22005 MB), Allocate result buffer, memory consumption 0 MB, capacity 22
[LIBGPUSPATIAL] [ 16455][19:55:26:519662][info  ] RTSpatialIndex 0x1b08bef0 (Free 22005 MB), Probe Points, Size: 100000, Results: 22
[LIBGPUSPATIAL] [ 16455][19:55:26:519684][info  ] RTSpatialIndex 0x1b08bef0 (Free 22005 MB), Profiling Results. Alloc: 0.05 ms, Prepare: 0.22 ms, RT: 0.07 ms, Copy res: 0.04 ms
[LIBGPUSPATIAL] [ 16455][19:55:26:519972][info  ] RTSpatialRefiner 0x177ea3e0 (Free 22005 MB), Loaded Geometries, ProbeArray 100000, Loaded 17, Type Point
[LIBGPUSPATIAL] [ 16455][19:55:26:519997][info  ] RTSpatialRefiner 0x177ea3e0 (Free 22005 MB), Evaluating 22 Geometry Pairs with Predicate Contains
[LIBGPUSPATIAL] [ 16455][19:55:26:520481][info  ] RTSpatialRefiner 0x177ea3e0 (Free 22005 MB), Profiling Results. Parse: 0.25 ms, Refine: 0.44 ms, Copy Results: 0.04 ms
[LIBGPUSPATIAL] [ 16455][19:55:26:530710][info  ] RTSpatialIndex 0x1b08bef0 (Free 22005 MB), Allocate result buffer, memory consumption 0 MB, capacity 19
[LIBGPUSPATIAL] [ 16455][19:55:26:530822][info  ] RTSpatialIndex 0x1b08bef0 (Free 22005 MB), Probe Points, Size: 100000, Results: 19
[LIBGPUSPATIAL] [ 16455][19:55:26:530845][info  ] RTSpatialIndex 0x1b08bef0 (Free 22005 MB), Profiling Results. Alloc: 0.06 ms, Prepare: 0.22 ms, RT: 0.07 ms, Copy res: 0.04 ms
[LIBGPUSPATIAL] [ 16455][19:55:26:531111][info  ] RTSpatialRefiner 0x177ea3e0 (Free 22005 MB), Loaded Geometries, ProbeArray 100000, Loaded 14, Type Point
[LIBGPUSPATIAL] [ 16455][19:55:26:531135][info  ] RTSpatialRefiner 0x177ea3e0 (Free 22005 MB), Evaluating 19 Geometry Pairs with Predicate Contains
[LIBGPUSPATIAL] [ 16455][19:55:26:531620][info  ] RTSpatialRefiner 0x177ea3e0 (Free 22005 MB), Profiling Results. Parse: 0.23 ms, Refine: 0.44 ms, Copy Results: 0.04 ms
[LIBGPUSPATIAL] [ 16455][19:55:26:541856][info  ] RTSpatialIndex 0x1b08bef0 (Free 22005 MB), Allocate result buffer, memory consumption 0 MB, capacity 28
[LIBGPUSPATIAL] [ 16455][19:55:26:541956][info  ] RTSpatialIndex 0x1b08bef0 (Free 22005 MB), Probe Points, Size: 100000, Results: 28
[LIBGPUSPATIAL] [ 16455][19:55:26:541978][info  ] RTSpatialIndex 0x1b08bef0 (Free 22005 MB), Profiling Results. Alloc: 0.04 ms, Prepare: 0.22 ms, RT: 0.08 ms, Copy res: 0.04 ms
[LIBGPUSPATIAL] [ 16455][19:55:26:542270][info  ] RTSpatialRefiner 0x177ea3e0 (Free 22005 MB), Loaded Geometries, ProbeArray 100000, Loaded 21, Type Point
[LIBGPUSPATIAL] [ 16455][19:55:26:542295][info  ] RTSpatialRefiner 0x177ea3e0 (Free 22005 MB), Evaluating 28 Geometry Pairs with Predicate Contains
[LIBGPUSPATIAL] [ 16455][19:55:26:542831][info  ] RTSpatialRefiner 0x177ea3e0 (Free 22005 MB), Profiling Results. Parse: 0.26 ms, Refine: 0.49 ms, Copy Results: 0.04 ms
[LIBGPUSPATIAL] [ 16455][19:55:26:552855][info  ] RTSpatialIndex 0x1b08bef0 (Free 22005 MB), Allocate result buffer, memory consumption 0 MB, capacity 23
[LIBGPUSPATIAL] [ 16455][19:55:26:552958][info  ] RTSpatialIndex 0x1b08bef0 (Free 22005 MB), Probe Points, Size: 100000, Results: 23
[LIBGPUSPATIAL] [ 16455][19:55:26:552988][info  ] RTSpatialIndex 0x1b08bef0 (Free 22005 MB), Profiling Results. Alloc: 0.05 ms, Prepare: 0.23 ms, RT: 0.08 ms, Copy res: 0.04 ms
[LIBGPUSPATIAL] [ 16455][19:55:26:553269][info  ] RTSpatialRefiner 0x177ea3e0 (Free 22005 MB), Loaded Geometries, ProbeArray 100000, Loaded 16, Type Point
[LIBGPUSPATIAL] [ 16455][19:55:26:553293][info  ] RTSpatialRefiner 0x177ea3e0 (Free 22005 MB), Evaluating 23 Geometry Pairs with Predicate Contains
[LIBGPUSPATIAL] [ 16455][19:55:26:553908][info  ] RTSpatialRefiner 0x177ea3e0 (Free 22005 MB), Profiling Results. Parse: 0.24 ms, Refine: 0.57 ms, Copy Results: 0.04 ms
[LIBGPUSPATIAL] [ 16455][19:55:26:564202][info  ] RTSpatialIndex 0x1b08bef0 (Free 22005 MB), Allocate result buffer, memory consumption 0 MB, capacity 10
[LIBGPUSPATIAL] [ 16455][19:55:26:564307][info  ] RTSpatialIndex 0x1b08bef0 (Free 22005 MB), Probe Points, Size: 100000, Results: 10
[LIBGPUSPATIAL] [ 16455][19:55:26:564329][info  ] RTSpatialIndex 0x1b08bef0 (Free 22005 MB), Profiling Results. Alloc: 0.05 ms, Prepare: 0.22 ms, RT: 0.08 ms, Copy res: 0.04 ms
[LIBGPUSPATIAL] [ 16455][19:55:26:564610][info  ] RTSpatialRefiner 0x177ea3e0 (Free 22005 MB), Loaded Geometries, ProbeArray 100000, Loaded 6, Type Point
[LIBGPUSPATIAL] [ 16455][19:55:26:564635][info  ] RTSpatialRefiner 0x177ea3e0 (Free 22005 MB), Evaluating 10 Geometry Pairs with Predicate Contains
[LIBGPUSPATIAL] [ 16455][19:55:26:565160][info  ] RTSpatialRefiner 0x177ea3e0 (Free 22005 MB), Profiling Results. Parse: 0.25 ms, Refine: 0.48 ms, Copy Results: 0.04 ms
[LIBGPUSPATIAL] [ 16455][19:55:26:568652][info  ] RTSpatialIndex 0x1b08bef0 (Free 22005 MB), Allocate result buffer, memory consumption 0 MB, capacity 4
[LIBGPUSPATIAL] [ 16455][19:55:26:568758][info  ] RTSpatialIndex 0x1b08bef0 (Free 22005 MB), Probe Points, Size: 33333, Results: 4
[LIBGPUSPATIAL] [ 16455][19:55:26:568780][info  ] RTSpatialIndex 0x1b08bef0 (Free 22005 MB), Profiling Results. Alloc: 0.04 ms, Prepare: 0.12 ms, RT: 0.06 ms, Copy res: 0.05 ms
[LIBGPUSPATIAL] [ 16455][19:55:26:569056][info  ] RTSpatialRefiner 0x177ea3e0 (Free 22005 MB), Loaded Geometries, ProbeArray 33333, Loaded 4, Type Point
[LIBGPUSPATIAL] [ 16455][19:55:26:569080][info  ] RTSpatialRefiner 0x177ea3e0 (Free 22005 MB), Evaluating 4 Geometry Pairs with Predicate Contains
[LIBGPUSPATIAL] [ 16455][19:55:26:569515][info  ] RTSpatialRefiner 0x177ea3e0 (Free 22005 MB), Profiling Results. Parse: 0.24 ms, Refine: 0.39 ms, Copy Results: 0.04 ms
[LIBGPUSPATIAL] [ 16455][19:55:26:590188][info  ] RTSpatialIndex 0x1b08bef0 (Free 22005 MB), Allocate result buffer, memory consumption 0 MB, capacity 34
[LIBGPUSPATIAL] [ 16455][19:55:26:590301][info  ] RTSpatialIndex 0x1b08bef0 (Free 22005 MB), Probe Points, Size: 100000, Results: 34
[LIBGPUSPATIAL] [ 16455][19:55:26:590328][info  ] RTSpatialIndex 0x1b08bef0 (Free 22005 MB), Profiling Results. Alloc: 0.09 ms, Prepare: 0.27 ms, RT: 0.11 ms, Copy res: 0.04 ms
[LIBGPUSPATIAL] [ 16455][19:55:26:590660][info  ] RTSpatialRefiner 0x177ea3e0 (Free 22005 MB), Loaded Geometries, ProbeArray 100000, Loaded 26, Type Point
[LIBGPUSPATIAL] [ 16455][19:55:26:590685][info  ] RTSpatialRefiner 0x177ea3e0 (Free 22005 MB), Evaluating 34 Geometry Pairs with Predicate Contains
[LIBGPUSPATIAL] [ 16455][19:55:26:591225][info  ] RTSpatialRefiner 0x177ea3e0 (Free 22005 MB), Profiling Results. Parse: 0.29 ms, Refine: 0.49 ms, Copy Results: 0.04 ms
[LIBGPUSPATIAL] [ 16455][19:55:26:601529][info  ] RTSpatialIndex 0x1b08bef0 (Free 22005 MB), Allocate result buffer, memory consumption 0 MB, capacity 15
[LIBGPUSPATIAL] [ 16455][19:55:26:601635][info  ] RTSpatialIndex 0x1b08bef0 (Free 22005 MB), Probe Points, Size: 100000, Results: 15
[LIBGPUSPATIAL] [ 16455][19:55:26:601658][info  ] RTSpatialIndex 0x1b08bef0 (Free 22005 MB), Profiling Results. Alloc: 0.05 ms, Prepare: 0.23 ms, RT: 0.07 ms, Copy res: 0.04 ms
[LIBGPUSPATIAL] [ 16455][19:55:26:601974][info  ] RTSpatialRefiner 0x177ea3e0 (Free 22005 MB), Loaded Geometries, ProbeArray 100000, Loaded 12, Type Point
[LIBGPUSPATIAL] [ 16455][19:55:26:602000][info  ] RTSpatialRefiner 0x177ea3e0 (Free 22005 MB), Evaluating 15 Geometry Pairs with Predicate Contains
[LIBGPUSPATIAL] [ 16455][19:55:26:602513][info  ] RTSpatialRefiner 0x177ea3e0 (Free 22005 MB), Profiling Results. Parse: 0.28 ms, Refine: 0.47 ms, Copy Results: 0.04 ms
[LIBGPUSPATIAL] [ 16455][19:55:26:612776][info  ] RTSpatialIndex 0x1b08bef0 (Free 22005 MB), Allocate result buffer, memory consumption 0 MB, capacity 29
[LIBGPUSPATIAL] [ 16455][19:55:26:612873][info  ] RTSpatialIndex 0x1b08bef0 (Free 22005 MB), Probe Points, Size: 100000, Results: 29
[LIBGPUSPATIAL] [ 16455][19:55:26:612896][info  ] RTSpatialIndex 0x1b08bef0 (Free 22005 MB), Profiling Results. Alloc: 0.05 ms, Prepare: 0.23 ms, RT: 0.08 ms, Copy res: 0.04 ms
[LIBGPUSPATIAL] [ 16455][19:55:26:613210][info  ] RTSpatialRefiner 0x177ea3e0 (Free 22005 MB), Loaded Geometries, ProbeArray 100000, Loaded 22, Type Point
[LIBGPUSPATIAL] [ 16455][19:55:26:613235][info  ] RTSpatialRefiner 0x177ea3e0 (Free 22005 MB), Evaluating 29 Geometry Pairs with Predicate Contains
[LIBGPUSPATIAL] [ 16455][19:55:26:613753][info  ] RTSpatialRefiner 0x177ea3e0 (Free 22005 MB), Profiling Results. Parse: 0.28 ms, Refine: 0.45 ms, Copy Results: 0.04 ms
[LIBGPUSPATIAL] [ 16455][19:55:26:623999][info  ] RTSpatialIndex 0x1b08bef0 (Free 22005 MB), Allocate result buffer, memory consumption 0 MB, capacity 28
[LIBGPUSPATIAL] [ 16455][19:55:26:624101][info  ] RTSpatialIndex 0x1b08bef0 (Free 22005 MB), Probe Points, Size: 100000, Results: 28
[LIBGPUSPATIAL] [ 16455][19:55:26:624125][info  ] RTSpatialIndex 0x1b08bef0 (Free 22005 MB), Profiling Results. Alloc: 0.05 ms, Prepare: 0.23 ms, RT: 0.08 ms, Copy res: 0.04 ms
[LIBGPUSPATIAL] [ 16455][19:55:26:624421][info  ] RTSpatialRefiner 0x177ea3e0 (Free 22005 MB), Loaded Geometries, ProbeArray 100000, Loaded 20, Type Point
[LIBGPUSPATIAL] [ 16455][19:55:26:624446][info  ] RTSpatialRefiner 0x177ea3e0 (Free 22005 MB), Evaluating 28 Geometry Pairs with Predicate Contains
[LIBGPUSPATIAL] [ 16455][19:55:26:624966][info  ] RTSpatialRefiner 0x177ea3e0 (Free 22005 MB), Profiling Results. Parse: 0.26 ms, Refine: 0.47 ms, Copy Results: 0.04 ms
[LIBGPUSPATIAL] [ 16455][19:55:26:634838][info  ] RTSpatialIndex 0x1b08bef0 (Free 22005 MB), Allocate result buffer, memory consumption 0 MB, capacity 20
[LIBGPUSPATIAL] [ 16455][19:55:26:634933][info  ] RTSpatialIndex 0x1b08bef0 (Free 22005 MB), Probe Points, Size: 100000, Results: 20
[LIBGPUSPATIAL] [ 16455][19:55:26:634956][info  ] RTSpatialIndex 0x1b08bef0 (Free 22005 MB), Profiling Results. Alloc: 0.04 ms, Prepare: 0.23 ms, RT: 0.06 ms, Copy res: 0.04 ms
[LIBGPUSPATIAL] [ 16455][19:55:26:635251][info  ] RTSpatialRefiner 0x177ea3e0 (Free 22005 MB), Loaded Geometries, ProbeArray 100000, Loaded 14, Type Point
[LIBGPUSPATIAL] [ 16455][19:55:26:635276][info  ] RTSpatialRefiner 0x177ea3e0 (Free 22005 MB), Evaluating 20 Geometry Pairs with Predicate Contains
[LIBGPUSPATIAL] [ 16455][19:55:26:635743][info  ] RTSpatialRefiner 0x177ea3e0 (Free 22005 MB), Profiling Results. Parse: 0.26 ms, Refine: 0.40 ms, Copy Results: 0.04 ms
[LIBGPUSPATIAL] [ 16455][19:55:26:646097][info  ] RTSpatialIndex 0x1b08bef0 (Free 22005 MB), Allocate result buffer, memory consumption 0 MB, capacity 12
[LIBGPUSPATIAL] [ 16455][19:55:26:646199][info  ] RTSpatialIndex 0x1b08bef0 (Free 22005 MB), Probe Points, Size: 100000, Results: 12
[LIBGPUSPATIAL] [ 16455][19:55:26:646221][info  ] RTSpatialIndex 0x1b08bef0 (Free 22005 MB), Profiling Results. Alloc: 0.05 ms, Prepare: 0.23 ms, RT: 0.08 ms, Copy res: 0.04 ms
[LIBGPUSPATIAL] [ 16455][19:55:26:646504][info  ] RTSpatialRefiner 0x177ea3e0 (Free 22005 MB), Loaded Geometries, ProbeArray 100000, Loaded 9, Type Point
[LIBGPUSPATIAL] [ 16455][19:55:26:646530][info  ] RTSpatialRefiner 0x177ea3e0 (Free 22005 MB), Evaluating 12 Geometry Pairs with Predicate Contains
[LIBGPUSPATIAL] [ 16455][19:55:26:647080][info  ] RTSpatialRefiner 0x177ea3e0 (Free 22005 MB), Profiling Results. Parse: 0.25 ms, Refine: 0.50 ms, Copy Results: 0.04 ms
[LIBGPUSPATIAL] [ 16455][19:55:26:657227][info  ] RTSpatialIndex 0x1b08bef0 (Free 22005 MB), Allocate result buffer, memory consumption 0 MB, capacity 23
[LIBGPUSPATIAL] [ 16455][19:55:26:657322][info  ] RTSpatialIndex 0x1b08bef0 (Free 22005 MB), Probe Points, Size: 100000, Results: 23
[LIBGPUSPATIAL] [ 16455][19:55:26:657345][info  ] RTSpatialIndex 0x1b08bef0 (Free 22005 MB), Profiling Results. Alloc: 0.05 ms, Prepare: 0.22 ms, RT: 0.07 ms, Copy res: 0.04 ms
[LIBGPUSPATIAL] [ 16455][19:55:26:657631][info  ] RTSpatialRefiner 0x177ea3e0 (Free 22005 MB), Loaded Geometries, ProbeArray 100000, Loaded 16, Type Point
[LIBGPUSPATIAL] [ 16455][19:55:26:657656][info  ] RTSpatialRefiner 0x177ea3e0 (Free 22005 MB), Evaluating 23 Geometry Pairs with Predicate Contains
[LIBGPUSPATIAL] [ 16455][19:55:26:658141][info  ] RTSpatialRefiner 0x177ea3e0 (Free 22005 MB), Profiling Results. Parse: 0.25 ms, Refine: 0.44 ms, Copy Results: 0.04 ms
[LIBGPUSPATIAL] [ 16455][19:55:26:668518][info  ] RTSpatialIndex 0x1b08bef0 (Free 22005 MB), Allocate result buffer, memory consumption 0 MB, capacity 18
[LIBGPUSPATIAL] [ 16455][19:55:26:668621][info  ] RTSpatialIndex 0x1b08bef0 (Free 22005 MB), Probe Points, Size: 100000, Results: 18
[LIBGPUSPATIAL] [ 16455][19:55:26:668644][info  ] RTSpatialIndex 0x1b08bef0 (Free 22005 MB), Profiling Results. Alloc: 0.05 ms, Prepare: 0.23 ms, RT: 0.08 ms, Copy res: 0.04 ms
[LIBGPUSPATIAL] [ 16455][19:55:26:668948][info  ] RTSpatialRefiner 0x177ea3e0 (Free 22005 MB), Loaded Geometries, ProbeArray 100000, Loaded 17, Type Point
[LIBGPUSPATIAL] [ 16455][19:55:26:668973][info  ] RTSpatialRefiner 0x177ea3e0 (Free 22005 MB), Evaluating 18 Geometry Pairs with Predicate Contains
[LIBGPUSPATIAL] [ 16455][19:55:26:669452][info  ] RTSpatialRefiner 0x177ea3e0 (Free 22005 MB), Profiling Results. Parse: 0.27 ms, Refine: 0.43 ms, Copy Results: 0.04 ms
[LIBGPUSPATIAL] [ 16455][19:55:26:679829][info  ] RTSpatialIndex 0x1b08bef0 (Free 22005 MB), Allocate result buffer, memory consumption 0 MB, capacity 33
[LIBGPUSPATIAL] [ 16455][19:55:26:679932][info  ] RTSpatialIndex 0x1b08bef0 (Free 22005 MB), Probe Points, Size: 100000, Results: 33
[LIBGPUSPATIAL] [ 16455][19:55:26:679955][info  ] RTSpatialIndex 0x1b08bef0 (Free 22005 MB), Profiling Results. Alloc: 0.05 ms, Prepare: 0.24 ms, RT: 0.08 ms, Copy res: 0.04 ms
[LIBGPUSPATIAL] [ 16455][19:55:26:680251][info  ] RTSpatialRefiner 0x177ea3e0 (Free 22005 MB), Loaded Geometries, ProbeArray 100000, Loaded 26, Type Point
[LIBGPUSPATIAL] [ 16455][19:55:26:680275][info  ] RTSpatialRefiner 0x177ea3e0 (Free 22005 MB), Evaluating 33 Geometry Pairs with Predicate Contains
[LIBGPUSPATIAL] [ 16455][19:55:26:680777][info  ] RTSpatialRefiner 0x177ea3e0 (Free 22005 MB), Profiling Results. Parse: 0.26 ms, Refine: 0.44 ms, Copy Results: 0.06 ms
[LIBGPUSPATIAL] [ 16455][19:55:26:690985][info  ] RTSpatialIndex 0x1b08bef0 (Free 22005 MB), Allocate result buffer, memory consumption 0 MB, capacity 15
[LIBGPUSPATIAL] [ 16455][19:55:26:691088][info  ] RTSpatialIndex 0x1b08bef0 (Free 22005 MB), Probe Points, Size: 100000, Results: 15
[LIBGPUSPATIAL] [ 16455][19:55:26:691111][info  ] RTSpatialIndex 0x1b08bef0 (Free 22005 MB), Profiling Results. Alloc: 0.05 ms, Prepare: 0.24 ms, RT: 0.07 ms, Copy res: 0.04 ms
[LIBGPUSPATIAL] [ 16455][19:55:26:691399][info  ] RTSpatialRefiner 0x177ea3e0 (Free 22005 MB), Loaded Geometries, ProbeArray 100000, Loaded 13, Type Point
[LIBGPUSPATIAL] [ 16455][19:55:26:691424][info  ] RTSpatialRefiner 0x177ea3e0 (Free 22005 MB), Evaluating 15 Geometry Pairs with Predicate Contains
[LIBGPUSPATIAL] [ 16455][19:55:26:691955][info  ] RTSpatialRefiner 0x177ea3e0 (Free 22005 MB), Profiling Results. Parse: 0.25 ms, Refine: 0.48 ms, Copy Results: 0.04 ms
[LIBGPUSPATIAL] [ 16455][19:55:26:702154][info  ] RTSpatialIndex 0x1b08bef0 (Free 22005 MB), Allocate result buffer, memory consumption 0 MB, capacity 16
[LIBGPUSPATIAL] [ 16455][19:55:26:702255][info  ] RTSpatialIndex 0x1b08bef0 (Free 22005 MB), Probe Points, Size: 100000, Results: 16
[LIBGPUSPATIAL] [ 16455][19:55:26:702278][info  ] RTSpatialIndex 0x1b08bef0 (Free 22005 MB), Profiling Results. Alloc: 0.04 ms, Prepare: 0.22 ms, RT: 0.07 ms, Copy res: 0.04 ms
[LIBGPUSPATIAL] [ 16455][19:55:26:702574][info  ] RTSpatialRefiner 0x177ea3e0 (Free 22005 MB), Loaded Geometries, ProbeArray 100000, Loaded 11, Type Point
[LIBGPUSPATIAL] [ 16455][19:55:26:702599][info  ] RTSpatialRefiner 0x177ea3e0 (Free 22005 MB), Evaluating 16 Geometry Pairs with Predicate Contains
[LIBGPUSPATIAL] [ 16455][19:55:26:703094][info  ] RTSpatialRefiner 0x177ea3e0 (Free 22005 MB), Profiling Results. Parse: 0.26 ms, Refine: 0.45 ms, Copy Results: 0.04 ms
[LIBGPUSPATIAL] [ 16455][19:55:26:712943][info  ] RTSpatialIndex 0x1b08bef0 (Free 22005 MB), Allocate result buffer, memory consumption 0 MB, capacity 30
[LIBGPUSPATIAL] [ 16455][19:55:26:713051][info  ] RTSpatialIndex 0x1b08bef0 (Free 22005 MB), Probe Points, Size: 100000, Results: 30
[LIBGPUSPATIAL] [ 16455][19:55:26:713073][info  ] RTSpatialIndex 0x1b08bef0 (Free 22005 MB), Profiling Results. Alloc: 0.04 ms, Prepare: 0.22 ms, RT: 0.08 ms, Copy res: 0.04 ms
[LIBGPUSPATIAL] [ 16455][19:55:26:713364][info  ] RTSpatialRefiner 0x177ea3e0 (Free 22005 MB), Loaded Geometries, ProbeArray 100000, Loaded 20, Type Point
[LIBGPUSPATIAL] [ 16455][19:55:26:713390][info  ] RTSpatialRefiner 0x177ea3e0 (Free 22005 MB), Evaluating 30 Geometry Pairs with Predicate Contains
[LIBGPUSPATIAL] [ 16455][19:55:26:713982][info  ] RTSpatialRefiner 0x177ea3e0 (Free 22005 MB), Profiling Results. Parse: 0.26 ms, Refine: 0.55 ms, Copy Results: 0.04 ms
[LIBGPUSPATIAL] [ 16455][19:55:26:724265][info  ] RTSpatialIndex 0x1b08bef0 (Free 22005 MB), Allocate result buffer, memory consumption 0 MB, capacity 25
[LIBGPUSPATIAL] [ 16455][19:55:26:724361][info  ] RTSpatialIndex 0x1b08bef0 (Free 22005 MB), Probe Points, Size: 100000, Results: 25
[LIBGPUSPATIAL] [ 16455][19:55:26:724383][info  ] RTSpatialIndex 0x1b08bef0 (Free 22005 MB), Profiling Results. Alloc: 0.05 ms, Prepare: 0.23 ms, RT: 0.07 ms, Copy res: 0.04 ms
[LIBGPUSPATIAL] [ 16455][19:55:26:724668][info  ] RTSpatialRefiner 0x177ea3e0 (Free 22005 MB), Loaded Geometries, ProbeArray 100000, Loaded 16, Type Point
[LIBGPUSPATIAL] [ 16455][19:55:26:724694][info  ] RTSpatialRefiner 0x177ea3e0 (Free 22005 MB), Evaluating 25 Geometry Pairs with Predicate Contains
[LIBGPUSPATIAL] [ 16455][19:55:26:725172][info  ] RTSpatialRefiner 0x177ea3e0 (Free 22005 MB), Profiling Results. Parse: 0.25 ms, Refine: 0.43 ms, Copy Results: 0.04 ms
[LIBGPUSPATIAL] [ 16455][19:55:26:728677][info  ] RTSpatialIndex 0x1b08bef0 (Free 22005 MB), Allocate result buffer, memory consumption 0 MB, capacity 11
[LIBGPUSPATIAL] [ 16455][19:55:26:728782][info  ] RTSpatialIndex 0x1b08bef0 (Free 22005 MB), Probe Points, Size: 33333, Results: 11
[LIBGPUSPATIAL] [ 16455][19:55:26:728804][info  ] RTSpatialIndex 0x1b08bef0 (Free 22005 MB), Profiling Results. Alloc: 0.04 ms, Prepare: 0.12 ms, RT: 0.07 ms, Copy res: 0.04 ms
[LIBGPUSPATIAL] [ 16455][19:55:26:729097][info  ] RTSpatialRefiner 0x177ea3e0 (Free 22005 MB), Loaded Geometries, ProbeArray 33333, Loaded 9, Type Point
[LIBGPUSPATIAL] [ 16455][19:55:26:729124][info  ] RTSpatialRefiner 0x177ea3e0 (Free 22005 MB), Evaluating 11 Geometry Pairs with Predicate Contains
[LIBGPUSPATIAL] [ 16455][19:55:26:729584][info  ] RTSpatialRefiner 0x177ea3e0 (Free 22005 MB), Profiling Results. Parse: 0.26 ms, Refine: 0.42 ms, Copy Results: 0.04 ms
[LIBGPUSPATIAL] [ 16455][19:55:26:749837][info  ] RTSpatialIndex 0x1b08bef0 (Free 22005 MB), Allocate result buffer, memory consumption 0 MB, capacity 27
[LIBGPUSPATIAL] [ 16455][19:55:26:749949][info  ] RTSpatialIndex 0x1b08bef0 (Free 22005 MB), Probe Points, Size: 100000, Results: 27
[LIBGPUSPATIAL] [ 16455][19:55:26:749975][info  ] RTSpatialIndex 0x1b08bef0 (Free 22005 MB), Profiling Results. Alloc: 0.09 ms, Prepare: 0.27 ms, RT: 0.12 ms, Copy res: 0.04 ms
[LIBGPUSPATIAL] [ 16455][19:55:26:750292][info  ] RTSpatialRefiner 0x177ea3e0 (Free 22005 MB), Loaded Geometries, ProbeArray 100000, Loaded 18, Type Point
[LIBGPUSPATIAL] [ 16455][19:55:26:750318][info  ] RTSpatialRefiner 0x177ea3e0 (Free 22005 MB), Evaluating 27 Geometry Pairs with Predicate Contains
[LIBGPUSPATIAL] [ 16455][19:55:26:750888][info  ] RTSpatialRefiner 0x177ea3e0 (Free 22005 MB), Profiling Results. Parse: 0.28 ms, Refine: 0.52 ms, Copy Results: 0.04 ms
[LIBGPUSPATIAL] [ 16455][19:55:26:761210][info  ] RTSpatialIndex 0x1b08bef0 (Free 22005 MB), Allocate result buffer, memory consumption 0 MB, capacity 20
[LIBGPUSPATIAL] [ 16455][19:55:26:761306][info  ] RTSpatialIndex 0x1b08bef0 (Free 22005 MB), Probe Points, Size: 100000, Results: 20
[LIBGPUSPATIAL] [ 16455][19:55:26:761329][info  ] RTSpatialIndex 0x1b08bef0 (Free 22005 MB), Profiling Results. Alloc: 0.05 ms, Prepare: 0.23 ms, RT: 0.06 ms, Copy res: 0.04 ms
[LIBGPUSPATIAL] [ 16455][19:55:26:761631][info  ] RTSpatialRefiner 0x177ea3e0 (Free 22005 MB), Loaded Geometries, ProbeArray 100000, Loaded 14, Type Point
[LIBGPUSPATIAL] [ 16455][19:55:26:761665][info  ] RTSpatialRefiner 0x177ea3e0 (Free 22005 MB), Evaluating 20 Geometry Pairs with Predicate Contains
[LIBGPUSPATIAL] [ 16455][19:55:26:762222][info  ] RTSpatialRefiner 0x177ea3e0 (Free 22005 MB), Profiling Results. Parse: 0.27 ms, Refine: 0.52 ms, Copy Results: 0.04 ms
[LIBGPUSPATIAL] [ 16455][19:55:26:772513][info  ] RTSpatialIndex 0x1b08bef0 (Free 22005 MB), Allocate result buffer, memory consumption 0 MB, capacity 28
[LIBGPUSPATIAL] [ 16455][19:55:26:772617][info  ] RTSpatialIndex 0x1b08bef0 (Free 22005 MB), Probe Points, Size: 100000, Results: 28
[LIBGPUSPATIAL] [ 16455][19:55:26:772639][info  ] RTSpatialIndex 0x1b08bef0 (Free 22005 MB), Profiling Results. Alloc: 0.05 ms, Prepare: 0.23 ms, RT: 0.08 ms, Copy res: 0.04 ms
[LIBGPUSPATIAL] [ 16455][19:55:26:772950][info  ] RTSpatialRefiner 0x177ea3e0 (Free 22005 MB), Loaded Geometries, ProbeArray 100000, Loaded 20, Type Point
[LIBGPUSPATIAL] [ 16455][19:55:26:772976][info  ] RTSpatialRefiner 0x177ea3e0 (Free 22005 MB), Evaluating 28 Geometry Pairs with Predicate Contains
[LIBGPUSPATIAL] [ 16455][19:55:26:773492][info  ] RTSpatialRefiner 0x177ea3e0 (Free 22005 MB), Profiling Results. Parse: 0.28 ms, Refine: 0.47 ms, Copy Results: 0.04 ms
[LIBGPUSPATIAL] [ 16455][19:55:26:783737][info  ] RTSpatialIndex 0x1b08bef0 (Free 22005 MB), Allocate result buffer, memory consumption 0 MB, capacity 24
[LIBGPUSPATIAL] [ 16455][19:55:26:783842][info  ] RTSpatialIndex 0x1b08bef0 (Free 22005 MB), Probe Points, Size: 100000, Results: 24
[LIBGPUSPATIAL] [ 16455][19:55:26:783863][info  ] RTSpatialIndex 0x1b08bef0 (Free 22005 MB), Profiling Results. Alloc: 0.06 ms, Prepare: 0.22 ms, RT: 0.08 ms, Copy res: 0.04 ms
[LIBGPUSPATIAL] [ 16455][19:55:26:784144][info  ] RTSpatialRefiner 0x177ea3e0 (Free 22005 MB), Loaded Geometries, ProbeArray 100000, Loaded 17, Type Point
[LIBGPUSPATIAL] [ 16455][19:55:26:784170][info  ] RTSpatialRefiner 0x177ea3e0 (Free 22005 MB), Evaluating 24 Geometry Pairs with Predicate Contains
[LIBGPUSPATIAL] [ 16455][19:55:26:784658][info  ] RTSpatialRefiner 0x177ea3e0 (Free 22005 MB), Profiling Results. Parse: 0.25 ms, Refine: 0.44 ms, Copy Results: 0.04 ms
[LIBGPUSPATIAL] [ 16455][19:55:26:794531][info  ] RTSpatialIndex 0x1b08bef0 (Free 22005 MB), Allocate result buffer, memory consumption 0 MB, capacity 18
[LIBGPUSPATIAL] [ 16455][19:55:26:794636][info  ] RTSpatialIndex 0x1b08bef0 (Free 22005 MB), Probe Points, Size: 100000, Results: 18
[LIBGPUSPATIAL] [ 16455][19:55:26:794659][info  ] RTSpatialIndex 0x1b08bef0 (Free 22005 MB), Profiling Results. Alloc: 0.05 ms, Prepare: 0.22 ms, RT: 0.07 ms, Copy res: 0.04 ms
[LIBGPUSPATIAL] [ 16455][19:55:26:794968][info  ] RTSpatialRefiner 0x177ea3e0 (Free 22005 MB), Loaded Geometries, ProbeArray 100000, Loaded 13, Type Point
[LIBGPUSPATIAL] [ 16455][19:55:26:794993][info  ] RTSpatialRefiner 0x177ea3e0 (Free 22005 MB), Evaluating 18 Geometry Pairs with Predicate Contains
[LIBGPUSPATIAL] [ 16455][19:55:26:795469][info  ] RTSpatialRefiner 0x177ea3e0 (Free 22005 MB), Profiling Results. Parse: 0.27 ms, Refine: 0.43 ms, Copy Results: 0.04 ms
[LIBGPUSPATIAL] [ 16455][19:55:26:805817][info  ] RTSpatialIndex 0x1b08bef0 (Free 22005 MB), Allocate result buffer, memory consumption 0 MB, capacity 21
[LIBGPUSPATIAL] [ 16455][19:55:26:805913][info  ] RTSpatialIndex 0x1b08bef0 (Free 22005 MB), Probe Points, Size: 100000, Results: 21
[LIBGPUSPATIAL] [ 16455][19:55:26:805935][info  ] RTSpatialIndex 0x1b08bef0 (Free 22005 MB), Profiling Results. Alloc: 0.05 ms, Prepare: 0.23 ms, RT: 0.06 ms, Copy res: 0.04 ms
[LIBGPUSPATIAL] [ 16455][19:55:26:806224][info  ] RTSpatialRefiner 0x177ea3e0 (Free 22005 MB), Loaded Geometries, ProbeArray 100000, Loaded 18, Type Point
[LIBGPUSPATIAL] [ 16455][19:55:26:806249][info  ] RTSpatialRefiner 0x177ea3e0 (Free 22005 MB), Evaluating 21 Geometry Pairs with Predicate Contains
[LIBGPUSPATIAL] [ 16455][19:55:26:806713][info  ] RTSpatialRefiner 0x177ea3e0 (Free 22005 MB), Profiling Results. Parse: 0.26 ms, Refine: 0.42 ms, Copy Results: 0.04 ms
[LIBGPUSPATIAL] [ 16455][19:55:26:816829][info  ] RTSpatialIndex 0x1b08bef0 (Free 22005 MB), Allocate result buffer, memory consumption 0 MB, capacity 26
[LIBGPUSPATIAL] [ 16455][19:55:26:816930][info  ] RTSpatialIndex 0x1b08bef0 (Free 22005 MB), Probe Points, Size: 100000, Results: 26
[LIBGPUSPATIAL] [ 16455][19:55:26:816953][info  ] RTSpatialIndex 0x1b08bef0 (Free 22005 MB), Profiling Results. Alloc: 0.05 ms, Prepare: 0.23 ms, RT: 0.07 ms, Copy res: 0.04 ms
[LIBGPUSPATIAL] [ 16455][19:55:26:817249][info  ] RTSpatialRefiner 0x177ea3e0 (Free 22005 MB), Loaded Geometries, ProbeArray 100000, Loaded 22, Type Point
[LIBGPUSPATIAL] [ 16455][19:55:26:817275][info  ] RTSpatialRefiner 0x177ea3e0 (Free 22005 MB), Evaluating 26 Geometry Pairs with Predicate Contains
[LIBGPUSPATIAL] [ 16455][19:55:26:817825][info  ] RTSpatialRefiner 0x177ea3e0 (Free 22005 MB), Profiling Results. Parse: 0.26 ms, Refine: 0.50 ms, Copy Results: 0.04 ms
[LIBGPUSPATIAL] [ 16455][19:55:26:828083][info  ] RTSpatialIndex 0x1b08bef0 (Free 22005 MB), Allocate result buffer, memory consumption 0 MB, capacity 12
[LIBGPUSPATIAL] [ 16455][19:55:26:828186][info  ] RTSpatialIndex 0x1b08bef0 (Free 22005 MB), Probe Points, Size: 100000, Results: 12
[LIBGPUSPATIAL] [ 16455][19:55:26:828208][info  ] RTSpatialIndex 0x1b08bef0 (Free 22005 MB), Profiling Results. Alloc: 0.05 ms, Prepare: 0.23 ms, RT: 0.07 ms, Copy res: 0.04 ms
[LIBGPUSPATIAL] [ 16455][19:55:26:828499][info  ] RTSpatialRefiner 0x177ea3e0 (Free 22005 MB), Loaded Geometries, ProbeArray 100000, Loaded 10, Type Point
[LIBGPUSPATIAL] [ 16455][19:55:26:828525][info  ] RTSpatialRefiner 0x177ea3e0 (Free 22005 MB), Evaluating 12 Geometry Pairs with Predicate Contains
[LIBGPUSPATIAL] [ 16455][19:55:26:829023][info  ] RTSpatialRefiner 0x177ea3e0 (Free 22005 MB), Profiling Results. Parse: 0.26 ms, Refine: 0.45 ms, Copy Results: 0.04 ms
[LIBGPUSPATIAL] [ 16455][19:55:26:839411][info  ] RTSpatialIndex 0x1b08bef0 (Free 22005 MB), Allocate result buffer, memory consumption 0 MB, capacity 27
[LIBGPUSPATIAL] [ 16455][19:55:26:839509][info  ] RTSpatialIndex 0x1b08bef0 (Free 22005 MB), Probe Points, Size: 100000, Results: 27
[LIBGPUSPATIAL] [ 16455][19:55:26:839531][info  ] RTSpatialIndex 0x1b08bef0 (Free 22005 MB), Profiling Results. Alloc: 0.05 ms, Prepare: 0.22 ms, RT: 0.06 ms, Copy res: 0.04 ms
[LIBGPUSPATIAL] [ 16455][19:55:26:839835][info  ] RTSpatialRefiner 0x177ea3e0 (Free 22005 MB), Loaded Geometries, ProbeArray 100000, Loaded 19, Type Point
[LIBGPUSPATIAL] [ 16455][19:55:26:839861][info  ] RTSpatialRefiner 0x177ea3e0 (Free 22005 MB), Evaluating 27 Geometry Pairs with Predicate Contains
[LIBGPUSPATIAL] [ 16455][19:55:26:840329][info  ] RTSpatialRefiner 0x177ea3e0 (Free 22005 MB), Profiling Results. Parse: 0.27 ms, Refine: 0.42 ms, Copy Results: 0.04 ms
[LIBGPUSPATIAL] [ 16455][19:55:26:850587][info  ] RTSpatialIndex 0x1b08bef0 (Free 22005 MB), Allocate result buffer, memory consumption 0 MB, capacity 34
[LIBGPUSPATIAL] [ 16455][19:55:26:850681][info  ] RTSpatialIndex 0x1b08bef0 (Free 22005 MB), Probe Points, Size: 100000, Results: 34
[LIBGPUSPATIAL] [ 16455][19:55:26:850706][info  ] RTSpatialIndex 0x1b08bef0 (Free 22005 MB), Profiling Results. Alloc: 0.05 ms, Prepare: 0.22 ms, RT: 0.06 ms, Copy res: 0.04 ms
[LIBGPUSPATIAL] [ 16455][19:55:26:851003][info  ] RTSpatialRefiner 0x177ea3e0 (Free 22005 MB), Loaded Geometries, ProbeArray 100000, Loaded 25, Type Point
[LIBGPUSPATIAL] [ 16455][19:55:26:851028][info  ] RTSpatialRefiner 0x177ea3e0 (Free 22005 MB), Evaluating 34 Geometry Pairs with Predicate Contains
[LIBGPUSPATIAL] [ 16455][19:55:26:851533][info  ] RTSpatialRefiner 0x177ea3e0 (Free 22005 MB), Profiling Results. Parse: 0.26 ms, Refine: 0.46 ms, Copy Results: 0.04 ms
[LIBGPUSPATIAL] [ 16455][19:55:26:861813][info  ] RTSpatialIndex 0x1b08bef0 (Free 22005 MB), Allocate result buffer, memory consumption 0 MB, capacity 32
[LIBGPUSPATIAL] [ 16455][19:55:26:861908][info  ] RTSpatialIndex 0x1b08bef0 (Free 22005 MB), Probe Points, Size: 100000, Results: 32
[LIBGPUSPATIAL] [ 16455][19:55:26:861930][info  ] RTSpatialIndex 0x1b08bef0 (Free 22005 MB), Profiling Results. Alloc: 0.05 ms, Prepare: 0.22 ms, RT: 0.08 ms, Copy res: 0.04 ms
[LIBGPUSPATIAL] [ 16455][19:55:26:862213][info  ] RTSpatialRefiner 0x177ea3e0 (Free 22005 MB), Loaded Geometries, ProbeArray 100000, Loaded 24, Type Point
[LIBGPUSPATIAL] [ 16455][19:55:26:862237][info  ] RTSpatialRefiner 0x177ea3e0 (Free 22005 MB), Evaluating 32 Geometry Pairs with Predicate Contains
[LIBGPUSPATIAL] [ 16455][19:55:26:862771][info  ] RTSpatialRefiner 0x177ea3e0 (Free 22005 MB), Profiling Results. Parse: 0.25 ms, Refine: 0.47 ms, Copy Results: 0.06 ms
[LIBGPUSPATIAL] [ 16455][19:55:26:872630][info  ] RTSpatialIndex 0x1b08bef0 (Free 22005 MB), Allocate result buffer, memory consumption 0 MB, capacity 30
[LIBGPUSPATIAL] [ 16455][19:55:26:872748][info  ] RTSpatialIndex 0x1b08bef0 (Free 22005 MB), Probe Points, Size: 100000, Results: 30
[LIBGPUSPATIAL] [ 16455][19:55:26:872771][info  ] RTSpatialIndex 0x1b08bef0 (Free 22005 MB), Profiling Results. Alloc: 0.05 ms, Prepare: 0.22 ms, RT: 0.07 ms, Copy res: 0.06 ms
[LIBGPUSPATIAL] [ 16455][19:55:26:873064][info  ] RTSpatialRefiner 0x177ea3e0 (Free 22005 MB), Loaded Geometries, ProbeArray 100000, Loaded 24, Type Point
[LIBGPUSPATIAL] [ 16455][19:55:26:873090][info  ] RTSpatialRefiner 0x177ea3e0 (Free 22005 MB), Evaluating 30 Geometry Pairs with Predicate Contains
[LIBGPUSPATIAL] [ 16455][19:55:26:873573][info  ] RTSpatialRefiner 0x177ea3e0 (Free 22005 MB), Profiling Results. Parse: 0.26 ms, Refine: 0.44 ms, Copy Results: 0.04 ms
[LIBGPUSPATIAL] [ 16455][19:55:26:883852][info  ] RTSpatialIndex 0x1b08bef0 (Free 22005 MB), Allocate result buffer, memory consumption 0 MB, capacity 20
[LIBGPUSPATIAL] [ 16455][19:55:26:883948][info  ] RTSpatialIndex 0x1b08bef0 (Free 22005 MB), Probe Points, Size: 100000, Results: 20
[LIBGPUSPATIAL] [ 16455][19:55:26:883972][info  ] RTSpatialIndex 0x1b08bef0 (Free 22005 MB), Profiling Results. Alloc: 0.05 ms, Prepare: 0.23 ms, RT: 0.06 ms, Copy res: 0.04 ms
[LIBGPUSPATIAL] [ 16455][19:55:26:884240][info  ] RTSpatialRefiner 0x177ea3e0 (Free 22005 MB), Loaded Geometries, ProbeArray 100000, Loaded 17, Type Point
[LIBGPUSPATIAL] [ 16455][19:55:26:884265][info  ] RTSpatialRefiner 0x177ea3e0 (Free 22005 MB), Evaluating 20 Geometry Pairs with Predicate Contains
[LIBGPUSPATIAL] [ 16455][19:55:26:884779][info  ] RTSpatialRefiner 0x177ea3e0 (Free 22005 MB), Profiling Results. Parse: 0.23 ms, Refine: 0.45 ms, Copy Results: 0.05 ms
[LIBGPUSPATIAL] [ 16455][19:55:26:888300][info  ] RTSpatialIndex 0x1b08bef0 (Free 22005 MB), Allocate result buffer, memory consumption 0 MB, capacity 9
[LIBGPUSPATIAL] [ 16455][19:55:26:888394][info  ] RTSpatialIndex 0x1b08bef0 (Free 22005 MB), Probe Points, Size: 33333, Results: 9
[LIBGPUSPATIAL] [ 16455][19:55:26:888416][info  ] RTSpatialIndex 0x1b08bef0 (Free 22005 MB), Profiling Results. Alloc: 0.04 ms, Prepare: 0.12 ms, RT: 0.06 ms, Copy res: 0.04 ms
[LIBGPUSPATIAL] [ 16455][19:55:26:888682][info  ] RTSpatialRefiner 0x177ea3e0 (Free 22005 MB), Loaded Geometries, ProbeArray 33333, Loaded 7, Type Point
[LIBGPUSPATIAL] [ 16455][19:55:26:888706][info  ] RTSpatialRefiner 0x177ea3e0 (Free 22005 MB), Evaluating 9 Geometry Pairs with Predicate Contains
[LIBGPUSPATIAL] [ 16455][19:55:26:889200][info  ] RTSpatialRefiner 0x177ea3e0 (Free 22005 MB), Profiling Results. Parse: 0.23 ms, Refine: 0.45 ms, Copy Results: 0.04 ms
[LIBGPUSPATIAL] [ 16455][19:55:26:909501][info  ] RTSpatialIndex 0x1b08bef0 (Free 22005 MB), Allocate result buffer, memory consumption 0 MB, capacity 29
[LIBGPUSPATIAL] [ 16455][19:55:26:909618][info  ] RTSpatialIndex 0x1b08bef0 (Free 22005 MB), Probe Points, Size: 100000, Results: 29
[LIBGPUSPATIAL] [ 16455][19:55:26:909644][info  ] RTSpatialIndex 0x1b08bef0 (Free 22005 MB), Profiling Results. Alloc: 0.10 ms, Prepare: 0.27 ms, RT: 0.11 ms, Copy res: 0.04 ms
[LIBGPUSPATIAL] [ 16455][19:55:26:909972][info  ] RTSpatialRefiner 0x177ea3e0 (Free 22005 MB), Loaded Geometries, ProbeArray 100000, Loaded 21, Type Point
[LIBGPUSPATIAL] [ 16455][19:55:26:909999][info  ] RTSpatialRefiner 0x177ea3e0 (Free 22005 MB), Evaluating 29 Geometry Pairs with Predicate Contains
[LIBGPUSPATIAL] [ 16455][19:55:26:910536][info  ] RTSpatialRefiner 0x177ea3e0 (Free 22005 MB), Profiling Results. Parse: 0.29 ms, Refine: 0.48 ms, Copy Results: 0.05 ms
[LIBGPUSPATIAL] [ 16455][19:55:26:920856][info  ] RTSpatialIndex 0x1b08bef0 (Free 22005 MB), Allocate result buffer, memory consumption 0 MB, capacity 21
[LIBGPUSPATIAL] [ 16455][19:55:26:920961][info  ] RTSpatialIndex 0x1b08bef0 (Free 22005 MB), Probe Points, Size: 100000, Results: 21
[LIBGPUSPATIAL] [ 16455][19:55:26:920994][info  ] RTSpatialIndex 0x1b08bef0 (Free 22005 MB), Profiling Results. Alloc: 0.05 ms, Prepare: 0.23 ms, RT: 0.08 ms, Copy res: 0.04 ms
[LIBGPUSPATIAL] [ 16455][19:55:26:921304][info  ] RTSpatialRefiner 0x177ea3e0 (Free 22005 MB), Loaded Geometries, ProbeArray 100000, Loaded 16, Type Point
[LIBGPUSPATIAL] [ 16455][19:55:26:921330][info  ] RTSpatialRefiner 0x177ea3e0 (Free 22005 MB), Evaluating 21 Geometry Pairs with Predicate Contains
[LIBGPUSPATIAL] [ 16455][19:55:26:921824][info  ] RTSpatialRefiner 0x177ea3e0 (Free 22005 MB), Profiling Results. Parse: 0.28 ms, Refine: 0.45 ms, Copy Results: 0.04 ms
[LIBGPUSPATIAL] [ 16455][19:55:26:932118][info  ] RTSpatialIndex 0x1b08bef0 (Free 22005 MB), Allocate result buffer, memory consumption 0 MB, capacity 19
[LIBGPUSPATIAL] [ 16455][19:55:26:932215][info  ] RTSpatialIndex 0x1b08bef0 (Free 22005 MB), Probe Points, Size: 100000, Results: 19
[LIBGPUSPATIAL] [ 16455][19:55:26:932238][info  ] RTSpatialIndex 0x1b08bef0 (Free 22005 MB), Profiling Results. Alloc: 0.05 ms, Prepare: 0.23 ms, RT: 0.06 ms, Copy res: 0.04 ms
[LIBGPUSPATIAL] [ 16455][19:55:26:932534][info  ] RTSpatialRefiner 0x177ea3e0 (Free 22005 MB), Loaded Geometries, ProbeArray 100000, Loaded 13, Type Point
[LIBGPUSPATIAL] [ 16455][19:55:26:932560][info  ] RTSpatialRefiner 0x177ea3e0 (Free 22005 MB), Evaluating 19 Geometry Pairs with Predicate Contains
[LIBGPUSPATIAL] [ 16455][19:55:26:933072][info  ] RTSpatialRefiner 0x177ea3e0 (Free 22005 MB), Profiling Results. Parse: 0.26 ms, Refine: 0.47 ms, Copy Results: 0.04 ms
[LIBGPUSPATIAL] [ 16455][19:55:26:943348][info  ] RTSpatialIndex 0x1b08bef0 (Free 22005 MB), Allocate result buffer, memory consumption 0 MB, capacity 30
[LIBGPUSPATIAL] [ 16455][19:55:26:943451][info  ] RTSpatialIndex 0x1b08bef0 (Free 22005 MB), Probe Points, Size: 100000, Results: 30
[LIBGPUSPATIAL] [ 16455][19:55:26:943474][info  ] RTSpatialIndex 0x1b08bef0 (Free 22005 MB), Profiling Results. Alloc: 0.05 ms, Prepare: 0.22 ms, RT: 0.08 ms, Copy res: 0.04 ms
[LIBGPUSPATIAL] [ 16455][19:55:26:943778][info  ] RTSpatialRefiner 0x177ea3e0 (Free 22005 MB), Loaded Geometries, ProbeArray 100000, Loaded 23, Type Point
[LIBGPUSPATIAL] [ 16455][19:55:26:943803][info  ] RTSpatialRefiner 0x177ea3e0 (Free 22005 MB), Evaluating 30 Geometry Pairs with Predicate Contains
[LIBGPUSPATIAL] [ 16455][19:55:26:944305][info  ] RTSpatialRefiner 0x177ea3e0 (Free 22005 MB), Profiling Results. Parse: 0.27 ms, Refine: 0.46 ms, Copy Results: 0.04 ms
[LIBGPUSPATIAL] [ 16455][19:55:26:954218][info  ] RTSpatialIndex 0x1b08bef0 (Free 22005 MB), Allocate result buffer, memory consumption 0 MB, capacity 18
[LIBGPUSPATIAL] [ 16455][19:55:26:954321][info  ] RTSpatialIndex 0x1b08bef0 (Free 22005 MB), Probe Points, Size: 100000, Results: 18
[LIBGPUSPATIAL] [ 16455][19:55:26:954344][info  ] RTSpatialIndex 0x1b08bef0 (Free 22005 MB), Profiling Results. Alloc: 0.05 ms, Prepare: 0.23 ms, RT: 0.08 ms, Copy res: 0.04 ms
[LIBGPUSPATIAL] [ 16455][19:55:26:954628][info  ] RTSpatialRefiner 0x177ea3e0 (Free 22005 MB), Loaded Geometries, ProbeArray 100000, Loaded 13, Type Point
[LIBGPUSPATIAL] [ 16455][19:55:26:954653][info  ] RTSpatialRefiner 0x177ea3e0 (Free 22005 MB), Evaluating 18 Geometry Pairs with Predicate Contains
[LIBGPUSPATIAL] [ 16455][19:55:26:955149][info  ] RTSpatialRefiner 0x177ea3e0 (Free 22005 MB), Profiling Results. Parse: 0.25 ms, Refine: 0.45 ms, Copy Results: 0.04 ms
[LIBGPUSPATIAL] [ 16455][19:55:26:965411][info  ] RTSpatialIndex 0x1b08bef0 (Free 22005 MB), Allocate result buffer, memory consumption 0 MB, capacity 23
[LIBGPUSPATIAL] [ 16455][19:55:26:965512][info  ] RTSpatialIndex 0x1b08bef0 (Free 22005 MB), Probe Points, Size: 100000, Results: 23
[LIBGPUSPATIAL] [ 16455][19:55:26:965536][info  ] RTSpatialIndex 0x1b08bef0 (Free 22005 MB), Profiling Results. Alloc: 0.05 ms, Prepare: 0.23 ms, RT: 0.08 ms, Copy res: 0.04 ms
[LIBGPUSPATIAL] [ 16455][19:55:26:965852][info  ] RTSpatialRefiner 0x177ea3e0 (Free 22005 MB), Loaded Geometries, ProbeArray 100000, Loaded 20, Type Point
[LIBGPUSPATIAL] [ 16455][19:55:26:965878][info  ] RTSpatialRefiner 0x177ea3e0 (Free 22005 MB), Evaluating 23 Geometry Pairs with Predicate Contains
[LIBGPUSPATIAL] [ 16455][19:55:26:966361][info  ] RTSpatialRefiner 0x177ea3e0 (Free 22005 MB), Profiling Results. Parse: 0.28 ms, Refine: 0.44 ms, Copy Results: 0.04 ms
[LIBGPUSPATIAL] [ 16455][19:55:26:976481][info  ] RTSpatialIndex 0x1b08bef0 (Free 22005 MB), Allocate result buffer, memory consumption 0 MB, capacity 11
[LIBGPUSPATIAL] [ 16455][19:55:26:976574][info  ] RTSpatialIndex 0x1b08bef0 (Free 22005 MB), Probe Points, Size: 100000, Results: 11
[LIBGPUSPATIAL] [ 16455][19:55:26:976596][info  ] RTSpatialIndex 0x1b08bef0 (Free 22005 MB), Profiling Results. Alloc: 0.05 ms, Prepare: 0.22 ms, RT: 0.07 ms, Copy res: 0.04 ms
[LIBGPUSPATIAL] [ 16455][19:55:26:976892][info  ] RTSpatialRefiner 0x177ea3e0 (Free 22005 MB), Loaded Geometries, ProbeArray 100000, Loaded 10, Type Point
[LIBGPUSPATIAL] [ 16455][19:55:26:976918][info  ] RTSpatialRefiner 0x177ea3e0 (Free 22005 MB), Evaluating 11 Geometry Pairs with Predicate Contains
[LIBGPUSPATIAL] [ 16455][19:55:26:977383][info  ] RTSpatialRefiner 0x177ea3e0 (Free 22005 MB), Profiling Results. Parse: 0.26 ms, Refine: 0.42 ms, Copy Results: 0.04 ms
[LIBGPUSPATIAL] [ 16455][19:55:26:987690][info  ] RTSpatialIndex 0x1b08bef0 (Free 22005 MB), Allocate result buffer, memory consumption 0 MB, capacity 23
[LIBGPUSPATIAL] [ 16455][19:55:26:987810][info  ] RTSpatialIndex 0x1b08bef0 (Free 22005 MB), Probe Points, Size: 100000, Results: 23
[LIBGPUSPATIAL] [ 16455][19:55:26:987834][info  ] RTSpatialIndex 0x1b08bef0 (Free 22005 MB), Profiling Results. Alloc: 0.05 ms, Prepare: 0.23 ms, RT: 0.09 ms, Copy res: 0.04 ms
[LIBGPUSPATIAL] [ 16455][19:55:26:988128][info  ] RTSpatialRefiner 0x177ea3e0 (Free 22005 MB), Loaded Geometries, ProbeArray 100000, Loaded 17, Type Point
[LIBGPUSPATIAL] [ 16455][19:55:26:988153][info  ] RTSpatialRefiner 0x177ea3e0 (Free 22005 MB), Evaluating 23 Geometry Pairs with Predicate Contains
[LIBGPUSPATIAL] [ 16455][19:55:26:988636][info  ] RTSpatialRefiner 0x177ea3e0 (Free 22005 MB), Profiling Results. Parse: 0.26 ms, Refine: 0.44 ms, Copy Results: 0.04 ms
[LIBGPUSPATIAL] [ 16455][19:55:26:998947][info  ] RTSpatialIndex 0x1b08bef0 (Free 22005 MB), Allocate result buffer, memory consumption 0 MB, capacity 29
[LIBGPUSPATIAL] [ 16455][19:55:26:999043][info  ] RTSpatialIndex 0x1b08bef0 (Free 22005 MB), Probe Points, Size: 100000, Results: 29
[LIBGPUSPATIAL] [ 16455][19:55:26:999067][info  ] RTSpatialIndex 0x1b08bef0 (Free 22005 MB), Profiling Results. Alloc: 0.05 ms, Prepare: 0.22 ms, RT: 0.07 ms, Copy res: 0.04 ms
[LIBGPUSPATIAL] [ 16455][19:55:26:999354][info  ] RTSpatialRefiner 0x177ea3e0 (Free 22005 MB), Loaded Geometries, ProbeArray 100000, Loaded 23, Type Point
[LIBGPUSPATIAL] [ 16455][19:55:26:999378][info  ] RTSpatialRefiner 0x177ea3e0 (Free 22005 MB), Evaluating 29 Geometry Pairs with Predicate Contains
[LIBGPUSPATIAL] [ 16455][19:55:26:999946][info  ] RTSpatialRefiner 0x177ea3e0 (Free 22005 MB), Profiling Results. Parse: 0.25 ms, Refine: 0.52 ms, Copy Results: 0.04 ms
[LIBGPUSPATIAL] [ 16455][19:55:27:010214][info  ] RTSpatialIndex 0x1b08bef0 (Free 22005 MB), Allocate result buffer, memory consumption 0 MB, capacity 31
[LIBGPUSPATIAL] [ 16455][19:55:27:010318][info  ] RTSpatialIndex 0x1b08bef0 (Free 22005 MB), Probe Points, Size: 100000, Results: 31
[LIBGPUSPATIAL] [ 16455][19:55:27:010342][info  ] RTSpatialIndex 0x1b08bef0 (Free 22005 MB), Profiling Results. Alloc: 0.05 ms, Prepare: 0.22 ms, RT: 0.07 ms, Copy res: 0.04 ms
[LIBGPUSPATIAL] [ 16455][19:55:27:010623][info  ] RTSpatialRefiner 0x177ea3e0 (Free 22005 MB), Loaded Geometries, ProbeArray 100000, Loaded 24, Type Point
[LIBGPUSPATIAL] [ 16455][19:55:27:010649][info  ] RTSpatialRefiner 0x177ea3e0 (Free 22005 MB), Evaluating 31 Geometry Pairs with Predicate Contains
[LIBGPUSPATIAL] [ 16455][19:55:27:011197][info  ] RTSpatialRefiner 0x177ea3e0 (Free 22005 MB), Profiling Results. Parse: 0.25 ms, Refine: 0.50 ms, Copy Results: 0.04 ms
[LIBGPUSPATIAL] [ 16455][19:55:27:021444][info  ] RTSpatialIndex 0x1b08bef0 (Free 22005 MB), Allocate result buffer, memory consumption 0 MB, capacity 24
[LIBGPUSPATIAL] [ 16455][19:55:27:021560][info  ] RTSpatialIndex 0x1b08bef0 (Free 22005 MB), Probe Points, Size: 100000, Results: 24
[LIBGPUSPATIAL] [ 16455][19:55:27:021583][info  ] RTSpatialIndex 0x1b08bef0 (Free 22005 MB), Profiling Results. Alloc: 0.04 ms, Prepare: 0.22 ms, RT: 0.08 ms, Copy res: 0.05 ms
[LIBGPUSPATIAL] [ 16455][19:55:27:021882][info  ] RTSpatialRefiner 0x177ea3e0 (Free 22005 MB), Loaded Geometries, ProbeArray 100000, Loaded 18, Type Point
[LIBGPUSPATIAL] [ 16455][19:55:27:021906][info  ] RTSpatialRefiner 0x177ea3e0 (Free 22005 MB), Evaluating 24 Geometry Pairs with Predicate Contains
[LIBGPUSPATIAL] [ 16455][19:55:27:022387][info  ] RTSpatialRefiner 0x177ea3e0 (Free 22005 MB), Profiling Results. Parse: 0.26 ms, Refine: 0.44 ms, Copy Results: 0.04 ms
[LIBGPUSPATIAL] [ 16455][19:55:27:032271][info  ] RTSpatialIndex 0x1b08bef0 (Free 22005 MB), Allocate result buffer, memory consumption 0 MB, capacity 24
[LIBGPUSPATIAL] [ 16455][19:55:27:032366][info  ] RTSpatialIndex 0x1b08bef0 (Free 22005 MB), Probe Points, Size: 100000, Results: 24
[LIBGPUSPATIAL] [ 16455][19:55:27:032388][info  ] RTSpatialIndex 0x1b08bef0 (Free 22005 MB), Profiling Results. Alloc: 0.05 ms, Prepare: 0.22 ms, RT: 0.07 ms, Copy res: 0.04 ms
[LIBGPUSPATIAL] [ 16455][19:55:27:032675][info  ] RTSpatialRefiner 0x177ea3e0 (Free 22005 MB), Loaded Geometries, ProbeArray 100000, Loaded 18, Type Point
[LIBGPUSPATIAL] [ 16455][19:55:27:032701][info  ] RTSpatialRefiner 0x177ea3e0 (Free 22005 MB), Evaluating 24 Geometry Pairs with Predicate Contains
[LIBGPUSPATIAL] [ 16455][19:55:27:033170][info  ] RTSpatialRefiner 0x177ea3e0 (Free 22005 MB), Profiling Results. Parse: 0.25 ms, Refine: 0.42 ms, Copy Results: 0.04 ms
[LIBGPUSPATIAL] [ 16455][19:55:27:043451][info  ] RTSpatialIndex 0x1b08bef0 (Free 22005 MB), Allocate result buffer, memory consumption 0 MB, capacity 17
[LIBGPUSPATIAL] [ 16455][19:55:27:043554][info  ] RTSpatialIndex 0x1b08bef0 (Free 22005 MB), Probe Points, Size: 100000, Results: 17
[LIBGPUSPATIAL] [ 16455][19:55:27:043576][info  ] RTSpatialIndex 0x1b08bef0 (Free 22005 MB), Profiling Results. Alloc: 0.05 ms, Prepare: 0.23 ms, RT: 0.07 ms, Copy res: 0.04 ms
[LIBGPUSPATIAL] [ 16455][19:55:27:043889][info  ] RTSpatialRefiner 0x177ea3e0 (Free 22005 MB), Loaded Geometries, ProbeArray 100000, Loaded 13, Type Point
[LIBGPUSPATIAL] [ 16455][19:55:27:043916][info  ] RTSpatialRefiner 0x177ea3e0 (Free 22005 MB), Evaluating 17 Geometry Pairs with Predicate Contains
[LIBGPUSPATIAL] [ 16455][19:55:27:044384][info  ] RTSpatialRefiner 0x177ea3e0 (Free 22005 MB), Profiling Results. Parse: 0.28 ms, Refine: 0.42 ms, Copy Results: 0.04 ms
[LIBGPUSPATIAL] [ 16455][19:55:27:047925][info  ] RTSpatialIndex 0x1b08bef0 (Free 22005 MB), Allocate result buffer, memory consumption 0 MB, capacity 9
[LIBGPUSPATIAL] [ 16455][19:55:27:048018][info  ] RTSpatialIndex 0x1b08bef0 (Free 22005 MB), Probe Points, Size: 33348, Results: 9
[LIBGPUSPATIAL] [ 16455][19:55:27:048042][info  ] RTSpatialIndex 0x1b08bef0 (Free 22005 MB), Profiling Results. Alloc: 0.04 ms, Prepare: 0.12 ms, RT: 0.06 ms, Copy res: 0.04 ms
[LIBGPUSPATIAL] [ 16455][19:55:27:048320][info  ] RTSpatialRefiner 0x177ea3e0 (Free 22005 MB), Loaded Geometries, ProbeArray 33348, Loaded 6, Type Point
[LIBGPUSPATIAL] [ 16455][19:55:27:048345][info  ] RTSpatialRefiner 0x177ea3e0 (Free 22005 MB), Evaluating 9 Geometry Pairs with Predicate Contains
[LIBGPUSPATIAL] [ 16455][19:55:27:048859][info  ] RTSpatialRefiner 0x177ea3e0 (Free 22005 MB), Profiling Results. Parse: 0.24 ms, Refine: 0.47 ms, Copy Results: 0.04 ms
[LIBGPUSPATIAL] [ 16455][19:55:27:069046][info  ] RTSpatialIndex 0x1b08bef0 (Free 22005 MB), Allocate result buffer, memory consumption 0 MB, capacity 19
[LIBGPUSPATIAL] [ 16455][19:55:27:069151][info  ] RTSpatialIndex 0x1b08bef0 (Free 22005 MB), Probe Points, Size: 100000, Results: 19
[LIBGPUSPATIAL] [ 16455][19:55:27:069178][info  ] RTSpatialIndex 0x1b08bef0 (Free 22005 MB), Profiling Results. Alloc: 0.10 ms, Prepare: 0.26 ms, RT: 0.09 ms, Copy res: 0.04 ms
[LIBGPUSPATIAL] [ 16455][19:55:27:069504][info  ] RTSpatialRefiner 0x177ea3e0 (Free 22005 MB), Loaded Geometries, ProbeArray 100000, Loaded 13, Type Point
[LIBGPUSPATIAL] [ 16455][19:55:27:069529][info  ] RTSpatialRefiner 0x177ea3e0 (Free 22005 MB), Evaluating 19 Geometry Pairs with Predicate Contains
[LIBGPUSPATIAL] [ 16455][19:55:27:070091][info  ] RTSpatialRefiner 0x177ea3e0 (Free 22005 MB), Profiling Results. Parse: 0.28 ms, Refine: 0.51 ms, Copy Results: 0.04 ms
[LIBGPUSPATIAL] [ 16455][19:55:27:080412][info  ] RTSpatialIndex 0x1b08bef0 (Free 22005 MB), Allocate result buffer, memory consumption 0 MB, capacity 20
[LIBGPUSPATIAL] [ 16455][19:55:27:080513][info  ] RTSpatialIndex 0x1b08bef0 (Free 22005 MB), Probe Points, Size: 100000, Results: 20
[LIBGPUSPATIAL] [ 16455][19:55:27:080536][info  ] RTSpatialIndex 0x1b08bef0 (Free 22005 MB), Profiling Results. Alloc: 0.05 ms, Prepare: 0.23 ms, RT: 0.07 ms, Copy res: 0.04 ms
[LIBGPUSPATIAL] [ 16455][19:55:27:080853][info  ] RTSpatialRefiner 0x177ea3e0 (Free 22005 MB), Loaded Geometries, ProbeArray 100000, Loaded 17, Type Point
[LIBGPUSPATIAL] [ 16455][19:55:27:080879][info  ] RTSpatialRefiner 0x177ea3e0 (Free 22005 MB), Evaluating 20 Geometry Pairs with Predicate Contains
[LIBGPUSPATIAL] [ 16455][19:55:27:081398][info  ] RTSpatialRefiner 0x177ea3e0 (Free 22005 MB), Profiling Results. Parse: 0.28 ms, Refine: 0.47 ms, Copy Results: 0.04 ms
[LIBGPUSPATIAL] [ 16455][19:55:27:091789][info  ] RTSpatialIndex 0x1b08bef0 (Free 22005 MB), Allocate result buffer, memory consumption 0 MB, capacity 25
[LIBGPUSPATIAL] [ 16455][19:55:27:091894][info  ] RTSpatialIndex 0x1b08bef0 (Free 22005 MB), Probe Points, Size: 100000, Results: 25
[LIBGPUSPATIAL] [ 16455][19:55:27:091918][info  ] RTSpatialIndex 0x1b08bef0 (Free 22005 MB), Profiling Results. Alloc: 0.06 ms, Prepare: 0.23 ms, RT: 0.09 ms, Copy res: 0.04 ms
[LIBGPUSPATIAL] [ 16455][19:55:27:092205][info  ] RTSpatialRefiner 0x177ea3e0 (Free 22005 MB), Loaded Geometries, ProbeArray 100000, Loaded 16, Type Point
[LIBGPUSPATIAL] [ 16455][19:55:27:092231][info  ] RTSpatialRefiner 0x177ea3e0 (Free 22005 MB), Evaluating 25 Geometry Pairs with Predicate Contains
[LIBGPUSPATIAL] [ 16455][19:55:27:092827][info  ] RTSpatialRefiner 0x177ea3e0 (Free 22005 MB), Profiling Results. Parse: 0.25 ms, Refine: 0.55 ms, Copy Results: 0.04 ms
[LIBGPUSPATIAL] [ 16455][19:55:27:103111][info  ] RTSpatialIndex 0x1b08bef0 (Free 22005 MB), Allocate result buffer, memory consumption 0 MB, capacity 28
[LIBGPUSPATIAL] [ 16455][19:55:27:103213][info  ] RTSpatialIndex 0x1b08bef0 (Free 22005 MB), Probe Points, Size: 100000, Results: 28
[LIBGPUSPATIAL] [ 16455][19:55:27:103236][info  ] RTSpatialIndex 0x1b08bef0 (Free 22005 MB), Profiling Results. Alloc: 0.05 ms, Prepare: 0.22 ms, RT: 0.07 ms, Copy res: 0.04 ms
[LIBGPUSPATIAL] [ 16455][19:55:27:103528][info  ] RTSpatialRefiner 0x177ea3e0 (Free 22005 MB), Loaded Geometries, ProbeArray 100000, Loaded 25, Type Point
[LIBGPUSPATIAL] [ 16455][19:55:27:103553][info  ] RTSpatialRefiner 0x177ea3e0 (Free 22005 MB), Evaluating 28 Geometry Pairs with Predicate Contains
[LIBGPUSPATIAL] [ 16455][19:55:27:104086][info  ] RTSpatialRefiner 0x177ea3e0 (Free 22005 MB), Profiling Results. Parse: 0.26 ms, Refine: 0.49 ms, Copy Results: 0.04 ms
[LIBGPUSPATIAL] [ 16455][19:55:27:114020][info  ] RTSpatialIndex 0x1b08bef0 (Free 22005 MB), Allocate result buffer, memory consumption 0 MB, capacity 19
[LIBGPUSPATIAL] [ 16455][19:55:27:114117][info  ] RTSpatialIndex 0x1b08bef0 (Free 22005 MB), Probe Points, Size: 100000, Results: 19
[LIBGPUSPATIAL] [ 16455][19:55:27:114139][info  ] RTSpatialIndex 0x1b08bef0 (Free 22005 MB), Profiling Results. Alloc: 0.05 ms, Prepare: 0.23 ms, RT: 0.07 ms, Copy res: 0.04 ms
[LIBGPUSPATIAL] [ 16455][19:55:27:114424][info  ] RTSpatialRefiner 0x177ea3e0 (Free 22005 MB), Loaded Geometries, ProbeArray 100000, Loaded 14, Type Point
[LIBGPUSPATIAL] [ 16455][19:55:27:114450][info  ] RTSpatialRefiner 0x177ea3e0 (Free 22005 MB), Evaluating 19 Geometry Pairs with Predicate Contains
[LIBGPUSPATIAL] [ 16455][19:55:27:114942][info  ] RTSpatialRefiner 0x177ea3e0 (Free 22005 MB), Profiling Results. Parse: 0.25 ms, Refine: 0.44 ms, Copy Results: 0.04 ms
[LIBGPUSPATIAL] [ 16455][19:55:27:125295][info  ] RTSpatialIndex 0x1b08bef0 (Free 22005 MB), Allocate result buffer, memory consumption 0 MB, capacity 20
[LIBGPUSPATIAL] [ 16455][19:55:27:125402][info  ] RTSpatialIndex 0x1b08bef0 (Free 22005 MB), Probe Points, Size: 100000, Results: 20
[LIBGPUSPATIAL] [ 16455][19:55:27:125426][info  ] RTSpatialIndex 0x1b08bef0 (Free 22005 MB), Profiling Results. Alloc: 0.05 ms, Prepare: 0.23 ms, RT: 0.07 ms, Copy res: 0.04 ms
[LIBGPUSPATIAL] [ 16455][19:55:27:125715][info  ] RTSpatialRefiner 0x177ea3e0 (Free 22005 MB), Loaded Geometries, ProbeArray 100000, Loaded 14, Type Point
[LIBGPUSPATIAL] [ 16455][19:55:27:125758][info  ] RTSpatialRefiner 0x177ea3e0 (Free 22005 MB), Evaluating 20 Geometry Pairs with Predicate Contains
[LIBGPUSPATIAL] [ 16455][19:55:27:126264][info  ] RTSpatialRefiner 0x177ea3e0 (Free 22005 MB), Profiling Results. Parse: 0.25 ms, Refine: 0.46 ms, Copy Results: 0.04 ms
[LIBGPUSPATIAL] [ 16455][19:55:27:136399][info  ] RTSpatialIndex 0x1b08bef0 (Free 22005 MB), Allocate result buffer, memory consumption 0 MB, capacity 28
[LIBGPUSPATIAL] [ 16455][19:55:27:136500][info  ] RTSpatialIndex 0x1b08bef0 (Free 22005 MB), Probe Points, Size: 100000, Results: 28
[LIBGPUSPATIAL] [ 16455][19:55:27:136523][info  ] RTSpatialIndex 0x1b08bef0 (Free 22005 MB), Profiling Results. Alloc: 0.05 ms, Prepare: 0.22 ms, RT: 0.08 ms, Copy res: 0.04 ms
[LIBGPUSPATIAL] [ 16455][19:55:27:136814][info  ] RTSpatialRefiner 0x177ea3e0 (Free 22005 MB), Loaded Geometries, ProbeArray 100000, Loaded 21, Type Point
[LIBGPUSPATIAL] [ 16455][19:55:27:136839][info  ] RTSpatialRefiner 0x177ea3e0 (Free 22005 MB), Evaluating 28 Geometry Pairs with Predicate Contains
[LIBGPUSPATIAL] [ 16455][19:55:27:137372][info  ] RTSpatialRefiner 0x177ea3e0 (Free 22005 MB), Profiling Results. Parse: 0.26 ms, Refine: 0.49 ms, Copy Results: 0.04 ms
[LIBGPUSPATIAL] [ 16455][19:55:27:147666][info  ] RTSpatialIndex 0x1b08bef0 (Free 22005 MB), Allocate result buffer, memory consumption 0 MB, capacity 14
[LIBGPUSPATIAL] [ 16455][19:55:27:147779][info  ] RTSpatialIndex 0x1b08bef0 (Free 22005 MB), Probe Points, Size: 100000, Results: 14
[LIBGPUSPATIAL] [ 16455][19:55:27:147802][info  ] RTSpatialIndex 0x1b08bef0 (Free 22005 MB), Profiling Results. Alloc: 0.05 ms, Prepare: 0.22 ms, RT: 0.07 ms, Copy res: 0.04 ms
[LIBGPUSPATIAL] [ 16455][19:55:27:148090][info  ] RTSpatialRefiner 0x177ea3e0 (Free 22005 MB), Loaded Geometries, ProbeArray 100000, Loaded 11, Type Point
[LIBGPUSPATIAL] [ 16455][19:55:27:148115][info  ] RTSpatialRefiner 0x177ea3e0 (Free 22005 MB), Evaluating 14 Geometry Pairs with Predicate Contains
[LIBGPUSPATIAL] [ 16455][19:55:27:148572][info  ] RTSpatialRefiner 0x177ea3e0 (Free 22005 MB), Profiling Results. Parse: 0.25 ms, Refine: 0.41 ms, Copy Results: 0.04 ms
[LIBGPUSPATIAL] [ 16455][19:55:27:158880][info  ] RTSpatialIndex 0x1b08bef0 (Free 22005 MB), Allocate result buffer, memory consumption 0 MB, capacity 31
[LIBGPUSPATIAL] [ 16455][19:55:27:158985][info  ] RTSpatialIndex 0x1b08bef0 (Free 22005 MB), Probe Points, Size: 100000, Results: 31
[LIBGPUSPATIAL] [ 16455][19:55:27:159007][info  ] RTSpatialIndex 0x1b08bef0 (Free 22005 MB), Profiling Results. Alloc: 0.05 ms, Prepare: 0.22 ms, RT: 0.08 ms, Copy res: 0.04 ms
[LIBGPUSPATIAL] [ 16455][19:55:27:159287][info  ] RTSpatialRefiner 0x177ea3e0 (Free 22005 MB), Loaded Geometries, ProbeArray 100000, Loaded 22, Type Point
[LIBGPUSPATIAL] [ 16455][19:55:27:159311][info  ] RTSpatialRefiner 0x177ea3e0 (Free 22005 MB), Evaluating 31 Geometry Pairs with Predicate Contains
[LIBGPUSPATIAL] [ 16455][19:55:27:159823][info  ] RTSpatialRefiner 0x177ea3e0 (Free 22005 MB), Profiling Results. Parse: 0.25 ms, Refine: 0.46 ms, Copy Results: 0.04 ms
[LIBGPUSPATIAL] [ 16455][19:55:27:170047][info  ] RTSpatialIndex 0x1b08bef0 (Free 22005 MB), Allocate result buffer, memory consumption 0 MB, capacity 22
[LIBGPUSPATIAL] [ 16455][19:55:27:170141][info  ] RTSpatialIndex 0x1b08bef0 (Free 22005 MB), Probe Points, Size: 100000, Results: 22
[LIBGPUSPATIAL] [ 16455][19:55:27:170164][info  ] RTSpatialIndex 0x1b08bef0 (Free 22005 MB), Profiling Results. Alloc: 0.05 ms, Prepare: 0.22 ms, RT: 0.06 ms, Copy res: 0.04 ms
[LIBGPUSPATIAL] [ 16455][19:55:27:170455][info  ] RTSpatialRefiner 0x177ea3e0 (Free 22005 MB), Loaded Geometries, ProbeArray 100000, Loaded 16, Type Point
[LIBGPUSPATIAL] [ 16455][19:55:27:170480][info  ] RTSpatialRefiner 0x177ea3e0 (Free 22005 MB), Evaluating 22 Geometry Pairs with Predicate Contains
[LIBGPUSPATIAL] [ 16455][19:55:27:170939][info  ] RTSpatialRefiner 0x177ea3e0 (Free 22005 MB), Profiling Results. Parse: 0.26 ms, Refine: 0.41 ms, Copy Results: 0.04 ms
[LIBGPUSPATIAL] [ 16455][19:55:27:181167][info  ] RTSpatialIndex 0x1b08bef0 (Free 22005 MB), Allocate result buffer, memory consumption 0 MB, capacity 18
[LIBGPUSPATIAL] [ 16455][19:55:27:181268][info  ] RTSpatialIndex 0x1b08bef0 (Free 22005 MB), Probe Points, Size: 100000, Results: 18
[LIBGPUSPATIAL] [ 16455][19:55:27:181291][info  ] RTSpatialIndex 0x1b08bef0 (Free 22005 MB), Profiling Results. Alloc: 0.04 ms, Prepare: 0.22 ms, RT: 0.07 ms, Copy res: 0.04 ms
[LIBGPUSPATIAL] [ 16455][19:55:27:181575][info  ] RTSpatialRefiner 0x177ea3e0 (Free 22005 MB), Loaded Geometries, ProbeArray 100000, Loaded 14, Type Point
[LIBGPUSPATIAL] [ 16455][19:55:27:181601][info  ] RTSpatialRefiner 0x177ea3e0 (Free 22005 MB), Evaluating 18 Geometry Pairs with Predicate Contains
[LIBGPUSPATIAL] [ 16455][19:55:27:182119][info  ] RTSpatialRefiner 0x177ea3e0 (Free 22005 MB), Profiling Results. Parse: 0.25 ms, Refine: 0.47 ms, Copy Results: 0.04 ms
[LIBGPUSPATIAL] [ 16455][19:55:27:191978][info  ] RTSpatialIndex 0x1b08bef0 (Free 22005 MB), Allocate result buffer, memory consumption 0 MB, capacity 22
[LIBGPUSPATIAL] [ 16455][19:55:27:192081][info  ] RTSpatialIndex 0x1b08bef0 (Free 22005 MB), Probe Points, Size: 100000, Results: 22
[LIBGPUSPATIAL] [ 16455][19:55:27:192104][info  ] RTSpatialIndex 0x1b08bef0 (Free 22005 MB), Profiling Results. Alloc: 0.05 ms, Prepare: 0.23 ms, RT: 0.07 ms, Copy res: 0.04 ms
[LIBGPUSPATIAL] [ 16455][19:55:27:192397][info  ] RTSpatialRefiner 0x177ea3e0 (Free 22005 MB), Loaded Geometries, ProbeArray 100000, Loaded 18, Type Point
[LIBGPUSPATIAL] [ 16455][19:55:27:192423][info  ] RTSpatialRefiner 0x177ea3e0 (Free 22005 MB), Evaluating 22 Geometry Pairs with Predicate Contains
[LIBGPUSPATIAL] [ 16455][19:55:27:192880][info  ] RTSpatialRefiner 0x177ea3e0 (Free 22005 MB), Profiling Results. Parse: 0.26 ms, Refine: 0.41 ms, Copy Results: 0.04 ms
[LIBGPUSPATIAL] [ 16455][19:55:27:203134][info  ] RTSpatialIndex 0x1b08bef0 (Free 22005 MB), Allocate result buffer, memory consumption 0 MB, capacity 17
[LIBGPUSPATIAL] [ 16455][19:55:27:203230][info  ] RTSpatialIndex 0x1b08bef0 (Free 22005 MB), Probe Points, Size: 100000, Results: 17
[LIBGPUSPATIAL] [ 16455][19:55:27:203253][info  ] RTSpatialIndex 0x1b08bef0 (Free 22005 MB), Profiling Results. Alloc: 0.05 ms, Prepare: 0.22 ms, RT: 0.06 ms, Copy res: 0.04 ms
[LIBGPUSPATIAL] [ 16455][19:55:27:203535][info  ] RTSpatialRefiner 0x177ea3e0 (Free 22005 MB), Loaded Geometries, ProbeArray 100000, Loaded 15, Type Point
[LIBGPUSPATIAL] [ 16455][19:55:27:203560][info  ] RTSpatialRefiner 0x177ea3e0 (Free 22005 MB), Evaluating 17 Geometry Pairs with Predicate Contains
[LIBGPUSPATIAL] [ 16455][19:55:27:204059][info  ] RTSpatialRefiner 0x177ea3e0 (Free 22005 MB), Profiling Results. Parse: 0.25 ms, Refine: 0.45 ms, Copy Results: 0.04 ms
[LIBGPUSPATIAL] [ 16455][19:55:27:207550][info  ] RTSpatialIndex 0x1b08bef0 (Free 22005 MB), Allocate result buffer, memory consumption 0 MB, capacity 6
[LIBGPUSPATIAL] [ 16455][19:55:27:207644][info  ] RTSpatialIndex 0x1b08bef0 (Free 22005 MB), Probe Points, Size: 33333, Results: 6
[LIBGPUSPATIAL] [ 16455][19:55:27:207666][info  ] RTSpatialIndex 0x1b08bef0 (Free 22005 MB), Profiling Results. Alloc: 0.04 ms, Prepare: 0.11 ms, RT: 0.06 ms, Copy res: 0.04 ms
[LIBGPUSPATIAL] [ 16455][19:55:27:207958][info  ] RTSpatialRefiner 0x177ea3e0 (Free 22005 MB), Loaded Geometries, ProbeArray 33333, Loaded 5, Type Point
[LIBGPUSPATIAL] [ 16455][19:55:27:207983][info  ] RTSpatialRefiner 0x177ea3e0 (Free 22005 MB), Evaluating 6 Geometry Pairs with Predicate Contains
[LIBGPUSPATIAL] [ 16455][19:55:27:208438][info  ] RTSpatialRefiner 0x177ea3e0 (Free 22005 MB), Profiling Results. Parse: 0.26 ms, Refine: 0.41 ms, Copy Results: 0.04 ms
[LIBGPUSPATIAL] [ 16455][19:55:27:228975][info  ] RTSpatialIndex 0x1b08bef0 (Free 22005 MB), Allocate result buffer, memory consumption 0 MB, capacity 28
[LIBGPUSPATIAL] [ 16455][19:55:27:229098][info  ] RTSpatialIndex 0x1b08bef0 (Free 22005 MB), Probe Points, Size: 100000, Results: 28
[LIBGPUSPATIAL] [ 16455][19:55:27:229125][info  ] RTSpatialIndex 0x1b08bef0 (Free 22005 MB), Profiling Results. Alloc: 0.10 ms, Prepare: 0.26 ms, RT: 0.11 ms, Copy res: 0.04 ms
[LIBGPUSPATIAL] [ 16455][19:55:27:229451][info  ] RTSpatialRefiner 0x177ea3e0 (Free 22005 MB), Loaded Geometries, ProbeArray 100000, Loaded 22, Type Point
[LIBGPUSPATIAL] [ 16455][19:55:27:229478][info  ] RTSpatialRefiner 0x177ea3e0 (Free 22005 MB), Evaluating 28 Geometry Pairs with Predicate Contains
[LIBGPUSPATIAL] [ 16455][19:55:27:230056][info  ] RTSpatialRefiner 0x177ea3e0 (Free 22005 MB), Profiling Results. Parse: 0.28 ms, Refine: 0.53 ms, Copy Results: 0.04 ms
[LIBGPUSPATIAL] [ 16455][19:55:27:240357][info  ] RTSpatialIndex 0x1b08bef0 (Free 22005 MB), Allocate result buffer, memory consumption 0 MB, capacity 22
[LIBGPUSPATIAL] [ 16455][19:55:27:240455][info  ] RTSpatialIndex 0x1b08bef0 (Free 22005 MB), Probe Points, Size: 100000, Results: 22
[LIBGPUSPATIAL] [ 16455][19:55:27:240478][info  ] RTSpatialIndex 0x1b08bef0 (Free 22005 MB), Profiling Results. Alloc: 0.05 ms, Prepare: 0.23 ms, RT: 0.06 ms, Copy res: 0.04 ms
[LIBGPUSPATIAL] [ 16455][19:55:27:240818][info  ] RTSpatialRefiner 0x177ea3e0 (Free 22005 MB), Loaded Geometries, ProbeArray 100000, Loaded 16, Type Point
[LIBGPUSPATIAL] [ 16455][19:55:27:240847][info  ] RTSpatialRefiner 0x177ea3e0 (Free 22005 MB), Evaluating 22 Geometry Pairs with Predicate Contains
[LIBGPUSPATIAL] [ 16455][19:55:27:241332][info  ] RTSpatialRefiner 0x177ea3e0 (Free 22005 MB), Profiling Results. Parse: 0.30 ms, Refine: 0.44 ms, Copy Results: 0.04 ms
[LIBGPUSPATIAL] [ 16455][19:55:27:251667][info  ] RTSpatialIndex 0x1b08bef0 (Free 22005 MB), Allocate result buffer, memory consumption 0 MB, capacity 20
[LIBGPUSPATIAL] [ 16455][19:55:27:251779][info  ] RTSpatialIndex 0x1b08bef0 (Free 22005 MB), Probe Points, Size: 100000, Results: 20
[LIBGPUSPATIAL] [ 16455][19:55:27:251803][info  ] RTSpatialIndex 0x1b08bef0 (Free 22005 MB), Profiling Results. Alloc: 0.05 ms, Prepare: 0.22 ms, RT: 0.08 ms, Copy res: 0.04 ms
[LIBGPUSPATIAL] [ 16455][19:55:27:252100][info  ] RTSpatialRefiner 0x177ea3e0 (Free 22005 MB), Loaded Geometries, ProbeArray 100000, Loaded 18, Type Point
[LIBGPUSPATIAL] [ 16455][19:55:27:252125][info  ] RTSpatialRefiner 0x177ea3e0 (Free 22005 MB), Evaluating 20 Geometry Pairs with Predicate Contains
[LIBGPUSPATIAL] [ 16455][19:55:27:252593][info  ] RTSpatialRefiner 0x177ea3e0 (Free 22005 MB), Profiling Results. Parse: 0.26 ms, Refine: 0.42 ms, Copy Results: 0.04 ms
[LIBGPUSPATIAL] [ 16455][19:55:27:262878][info  ] RTSpatialIndex 0x1b08bef0 (Free 22005 MB), Allocate result buffer, memory consumption 0 MB, capacity 23
[LIBGPUSPATIAL] [ 16455][19:55:27:262980][info  ] RTSpatialIndex 0x1b08bef0 (Free 22005 MB), Probe Points, Size: 100000, Results: 23
[LIBGPUSPATIAL] [ 16455][19:55:27:263003][info  ] RTSpatialIndex 0x1b08bef0 (Free 22005 MB), Profiling Results. Alloc: 0.05 ms, Prepare: 0.22 ms, RT: 0.07 ms, Copy res: 0.04 ms
[LIBGPUSPATIAL] [ 16455][19:55:27:263293][info  ] RTSpatialRefiner 0x177ea3e0 (Free 22005 MB), Loaded Geometries, ProbeArray 100000, Loaded 16, Type Point
[LIBGPUSPATIAL] [ 16455][19:55:27:263319][info  ] RTSpatialRefiner 0x177ea3e0 (Free 22005 MB), Evaluating 23 Geometry Pairs with Predicate Contains
[LIBGPUSPATIAL] [ 16455][19:55:27:263824][info  ] RTSpatialRefiner 0x177ea3e0 (Free 22005 MB), Profiling Results. Parse: 0.26 ms, Refine: 0.46 ms, Copy Results: 0.04 ms
[LIBGPUSPATIAL] [ 16455][19:55:27:273743][info  ] RTSpatialIndex 0x1b08bef0 (Free 22005 MB), Allocate result buffer, memory consumption 0 MB, capacity 19
[LIBGPUSPATIAL] [ 16455][19:55:27:273841][info  ] RTSpatialIndex 0x1b08bef0 (Free 22005 MB), Probe Points, Size: 100000, Results: 19
[LIBGPUSPATIAL] [ 16455][19:55:27:273864][info  ] RTSpatialIndex 0x1b08bef0 (Free 22005 MB), Profiling Results. Alloc: 0.06 ms, Prepare: 0.23 ms, RT: 0.06 ms, Copy res: 0.04 ms
[LIBGPUSPATIAL] [ 16455][19:55:27:274162][info  ] RTSpatialRefiner 0x177ea3e0 (Free 22005 MB), Loaded Geometries, ProbeArray 100000, Loaded 13, Type Point
[LIBGPUSPATIAL] [ 16455][19:55:27:274188][info  ] RTSpatialRefiner 0x177ea3e0 (Free 22005 MB), Evaluating 19 Geometry Pairs with Predicate Contains
[LIBGPUSPATIAL] [ 16455][19:55:27:274640][info  ] RTSpatialRefiner 0x177ea3e0 (Free 22005 MB), Profiling Results. Parse: 0.26 ms, Refine: 0.41 ms, Copy Results: 0.04 ms
[LIBGPUSPATIAL] [ 16455][19:55:27:284942][info  ] RTSpatialIndex 0x1b08bef0 (Free 22005 MB), Allocate result buffer, memory consumption 0 MB, capacity 22
[LIBGPUSPATIAL] [ 16455][19:55:27:285056][info  ] RTSpatialIndex 0x1b08bef0 (Free 22005 MB), Probe Points, Size: 100000, Results: 22
[LIBGPUSPATIAL] [ 16455][19:55:27:285078][info  ] RTSpatialIndex 0x1b08bef0 (Free 22005 MB), Profiling Results. Alloc: 0.05 ms, Prepare: 0.23 ms, RT: 0.08 ms, Copy res: 0.04 ms
[LIBGPUSPATIAL] [ 16455][19:55:27:285352][info  ] RTSpatialRefiner 0x177ea3e0 (Free 22005 MB), Loaded Geometries, ProbeArray 100000, Loaded 17, Type Point
[LIBGPUSPATIAL] [ 16455][19:55:27:285378][info  ] RTSpatialRefiner 0x177ea3e0 (Free 22005 MB), Evaluating 22 Geometry Pairs with Predicate Contains
[LIBGPUSPATIAL] [ 16455][19:55:27:285844][info  ] RTSpatialRefiner 0x177ea3e0 (Free 22005 MB), Profiling Results. Parse: 0.24 ms, Refine: 0.42 ms, Copy Results: 0.04 ms
[LIBGPUSPATIAL] [ 16455][19:55:27:295942][info  ] RTSpatialIndex 0x1b08bef0 (Free 22005 MB), Allocate result buffer, memory consumption 0 MB, capacity 19
[LIBGPUSPATIAL] [ 16455][19:55:27:296036][info  ] RTSpatialIndex 0x1b08bef0 (Free 22005 MB), Probe Points, Size: 100000, Results: 19
[LIBGPUSPATIAL] [ 16455][19:55:27:296059][info  ] RTSpatialIndex 0x1b08bef0 (Free 22005 MB), Profiling Results. Alloc: 0.05 ms, Prepare: 0.22 ms, RT: 0.07 ms, Copy res: 0.04 ms
[LIBGPUSPATIAL] [ 16455][19:55:27:296359][info  ] RTSpatialRefiner 0x177ea3e0 (Free 22005 MB), Loaded Geometries, ProbeArray 100000, Loaded 15, Type Point
[LIBGPUSPATIAL] [ 16455][19:55:27:296385][info  ] RTSpatialRefiner 0x177ea3e0 (Free 22005 MB), Evaluating 19 Geometry Pairs with Predicate Contains
[LIBGPUSPATIAL] [ 16455][19:55:27:296887][info  ] RTSpatialRefiner 0x177ea3e0 (Free 22005 MB), Profiling Results. Parse: 0.27 ms, Refine: 0.46 ms, Copy Results: 0.04 ms
[LIBGPUSPATIAL] [ 16455][19:55:27:307179][info  ] RTSpatialIndex 0x1b08bef0 (Free 22005 MB), Allocate result buffer, memory consumption 0 MB, capacity 25
[LIBGPUSPATIAL] [ 16455][19:55:27:307283][info  ] RTSpatialIndex 0x1b08bef0 (Free 22005 MB), Probe Points, Size: 100000, Results: 25
[LIBGPUSPATIAL] [ 16455][19:55:27:307307][info  ] RTSpatialIndex 0x1b08bef0 (Free 22005 MB), Profiling Results. Alloc: 0.05 ms, Prepare: 0.23 ms, RT: 0.08 ms, Copy res: 0.04 ms
[LIBGPUSPATIAL] [ 16455][19:55:27:307598][info  ] RTSpatialRefiner 0x177ea3e0 (Free 22005 MB), Loaded Geometries, ProbeArray 100000, Loaded 20, Type Point
[LIBGPUSPATIAL] [ 16455][19:55:27:307624][info  ] RTSpatialRefiner 0x177ea3e0 (Free 22005 MB), Evaluating 25 Geometry Pairs with Predicate Contains
[LIBGPUSPATIAL] [ 16455][19:55:27:308113][info  ] RTSpatialRefiner 0x177ea3e0 (Free 22005 MB), Profiling Results. Parse: 0.26 ms, Refine: 0.44 ms, Copy Results: 0.04 ms
[LIBGPUSPATIAL] [ 16455][19:55:27:318409][info  ] RTSpatialIndex 0x1b08bef0 (Free 22005 MB), Allocate result buffer, memory consumption 0 MB, capacity 29
[LIBGPUSPATIAL] [ 16455][19:55:27:318511][info  ] RTSpatialIndex 0x1b08bef0 (Free 22005 MB), Probe Points, Size: 100000, Results: 29
[LIBGPUSPATIAL] [ 16455][19:55:27:318533][info  ] RTSpatialIndex 0x1b08bef0 (Free 22005 MB), Profiling Results. Alloc: 0.04 ms, Prepare: 0.23 ms, RT: 0.07 ms, Copy res: 0.04 ms
[LIBGPUSPATIAL] [ 16455][19:55:27:318848][info  ] RTSpatialRefiner 0x177ea3e0 (Free 22005 MB), Loaded Geometries, ProbeArray 100000, Loaded 21, Type Point
[LIBGPUSPATIAL] [ 16455][19:55:27:318875][info  ] RTSpatialRefiner 0x177ea3e0 (Free 22005 MB), Evaluating 29 Geometry Pairs with Predicate Contains
[LIBGPUSPATIAL] [ 16455][19:55:27:319392][info  ] RTSpatialRefiner 0x177ea3e0 (Free 22005 MB), Profiling Results. Parse: 0.28 ms, Refine: 0.47 ms, Copy Results: 0.04 ms
[LIBGPUSPATIAL] [ 16455][19:55:27:329601][info  ] RTSpatialIndex 0x1b08bef0 (Free 22005 MB), Allocate result buffer, memory consumption 0 MB, capacity 28
[LIBGPUSPATIAL] [ 16455][19:55:27:329704][info  ] RTSpatialIndex 0x1b08bef0 (Free 22005 MB), Probe Points, Size: 100000, Results: 28
[LIBGPUSPATIAL] [ 16455][19:55:27:329743][info  ] RTSpatialIndex 0x1b08bef0 (Free 22005 MB), Profiling Results. Alloc: 0.05 ms, Prepare: 0.22 ms, RT: 0.07 ms, Copy res: 0.04 ms
[LIBGPUSPATIAL] [ 16455][19:55:27:330034][info  ] RTSpatialRefiner 0x177ea3e0 (Free 22005 MB), Loaded Geometries, ProbeArray 100000, Loaded 19, Type Point
[LIBGPUSPATIAL] [ 16455][19:55:27:330058][info  ] RTSpatialRefiner 0x177ea3e0 (Free 22005 MB), Evaluating 28 Geometry Pairs with Predicate Contains
[LIBGPUSPATIAL] [ 16455][19:55:27:330559][info  ] RTSpatialRefiner 0x177ea3e0 (Free 22005 MB), Profiling Results. Parse: 0.25 ms, Refine: 0.46 ms, Copy Results: 0.04 ms
[LIBGPUSPATIAL] [ 16455][19:55:27:340809][info  ] RTSpatialIndex 0x1b08bef0 (Free 22005 MB), Allocate result buffer, memory consumption 0 MB, capacity 31
[LIBGPUSPATIAL] [ 16455][19:55:27:340911][info  ] RTSpatialIndex 0x1b08bef0 (Free 22005 MB), Probe Points, Size: 100000, Results: 31
[LIBGPUSPATIAL] [ 16455][19:55:27:340936][info  ] RTSpatialIndex 0x1b08bef0 (Free 22005 MB), Profiling Results. Alloc: 0.05 ms, Prepare: 0.23 ms, RT: 0.07 ms, Copy res: 0.04 ms
[LIBGPUSPATIAL] [ 16455][19:55:27:341233][info  ] RTSpatialRefiner 0x177ea3e0 (Free 22005 MB), Loaded Geometries, ProbeArray 100000, Loaded 24, Type Point
[LIBGPUSPATIAL] [ 16455][19:55:27:341259][info  ] RTSpatialRefiner 0x177ea3e0 (Free 22005 MB), Evaluating 31 Geometry Pairs with Predicate Contains
[LIBGPUSPATIAL] [ 16455][19:55:27:341781][info  ] RTSpatialRefiner 0x177ea3e0 (Free 22005 MB), Profiling Results. Parse: 0.26 ms, Refine: 0.46 ms, Copy Results: 0.05 ms
[LIBGPUSPATIAL] [ 16455][19:55:27:351707][info  ] RTSpatialIndex 0x1b08bef0 (Free 22005 MB), Allocate result buffer, memory consumption 0 MB, capacity 25
[LIBGPUSPATIAL] [ 16455][19:55:27:351823][info  ] RTSpatialIndex 0x1b08bef0 (Free 22005 MB), Probe Points, Size: 100000, Results: 25
[LIBGPUSPATIAL] [ 16455][19:55:27:351846][info  ] RTSpatialIndex 0x1b08bef0 (Free 22005 MB), Profiling Results. Alloc: 0.06 ms, Prepare: 0.22 ms, RT: 0.08 ms, Copy res: 0.04 ms
[LIBGPUSPATIAL] [ 16455][19:55:27:352126][info  ] RTSpatialRefiner 0x177ea3e0 (Free 22005 MB), Loaded Geometries, ProbeArray 100000, Loaded 15, Type Point
[LIBGPUSPATIAL] [ 16455][19:55:27:352151][info  ] RTSpatialRefiner 0x177ea3e0 (Free 22005 MB), Evaluating 25 Geometry Pairs with Predicate Contains
[LIBGPUSPATIAL] [ 16455][19:55:27:352632][info  ] RTSpatialRefiner 0x177ea3e0 (Free 22005 MB), Profiling Results. Parse: 0.24 ms, Refine: 0.44 ms, Copy Results: 0.04 ms
[LIBGPUSPATIAL] [ 16455][19:55:27:362904][info  ] RTSpatialIndex 0x1b08bef0 (Free 22005 MB), Allocate result buffer, memory consumption 0 MB, capacity 17
[LIBGPUSPATIAL] [ 16455][19:55:27:362999][info  ] RTSpatialIndex 0x1b08bef0 (Free 22005 MB), Probe Points, Size: 100000, Results: 17
[LIBGPUSPATIAL] [ 16455][19:55:27:363022][info  ] RTSpatialIndex 0x1b08bef0 (Free 22005 MB), Profiling Results. Alloc: 0.05 ms, Prepare: 0.23 ms, RT: 0.06 ms, Copy res: 0.04 ms
[LIBGPUSPATIAL] [ 16455][19:55:27:363307][info  ] RTSpatialRefiner 0x177ea3e0 (Free 22005 MB), Loaded Geometries, ProbeArray 100000, Loaded 15, Type Point
[LIBGPUSPATIAL] [ 16455][19:55:27:363332][info  ] RTSpatialRefiner 0x177ea3e0 (Free 22005 MB), Evaluating 17 Geometry Pairs with Predicate Contains
[LIBGPUSPATIAL] [ 16455][19:55:27:363823][info  ] RTSpatialRefiner 0x177ea3e0 (Free 22005 MB), Profiling Results. Parse: 0.25 ms, Refine: 0.44 ms, Copy Results: 0.04 ms
[LIBGPUSPATIAL] [ 16455][19:55:27:367327][info  ] RTSpatialIndex 0x1b08bef0 (Free 22005 MB), Allocate result buffer, memory consumption 0 MB, capacity 8
[LIBGPUSPATIAL] [ 16455][19:55:27:367420][info  ] RTSpatialIndex 0x1b08bef0 (Free 22005 MB), Probe Points, Size: 33333, Results: 8
[LIBGPUSPATIAL] [ 16455][19:55:27:367444][info  ] RTSpatialIndex 0x1b08bef0 (Free 22005 MB), Profiling Results. Alloc: 0.04 ms, Prepare: 0.12 ms, RT: 0.06 ms, Copy res: 0.04 ms
[LIBGPUSPATIAL] [ 16455][19:55:27:367716][info  ] RTSpatialRefiner 0x177ea3e0 (Free 22005 MB), Loaded Geometries, ProbeArray 33333, Loaded 7, Type Point
[LIBGPUSPATIAL] [ 16455][19:55:27:367757][info  ] RTSpatialRefiner 0x177ea3e0 (Free 22005 MB), Evaluating 8 Geometry Pairs with Predicate Contains
[LIBGPUSPATIAL] [ 16455][19:55:27:368205][info  ] RTSpatialRefiner 0x177ea3e0 (Free 22005 MB), Profiling Results. Parse: 0.24 ms, Refine: 0.41 ms, Copy Results: 0.04 ms
[LIBGPUSPATIAL] [ 16455][19:55:27:390813][info  ] RTSpatialIndex 0x1b08bef0 (Free 22005 MB), Allocate result buffer, memory consumption 0 MB, capacity 16
[LIBGPUSPATIAL] [ 16455][19:55:27:390926][info  ] RTSpatialIndex 0x1b08bef0 (Free 22005 MB), Probe Points, Size: 100000, Results: 16
[LIBGPUSPATIAL] [ 16455][19:55:27:390952][info  ] RTSpatialIndex 0x1b08bef0 (Free 22005 MB), Profiling Results. Alloc: 0.09 ms, Prepare: 0.26 ms, RT: 0.12 ms, Copy res: 0.04 ms
[LIBGPUSPATIAL] [ 16455][19:55:27:391268][info  ] RTSpatialRefiner 0x177ea3e0 (Free 22005 MB), Loaded Geometries, ProbeArray 100000, Loaded 10, Type Point
[LIBGPUSPATIAL] [ 16455][19:55:27:391295][info  ] RTSpatialRefiner 0x177ea3e0 (Free 22005 MB), Evaluating 16 Geometry Pairs with Predicate Contains
[LIBGPUSPATIAL] [ 16455][19:55:27:391828][info  ] RTSpatialRefiner 0x177ea3e0 (Free 22005 MB), Profiling Results. Parse: 0.28 ms, Refine: 0.48 ms, Copy Results: 0.04 ms
[LIBGPUSPATIAL] [ 16455][19:55:27:402152][info  ] RTSpatialIndex 0x1b08bef0 (Free 22005 MB), Allocate result buffer, memory consumption 0 MB, capacity 18
[LIBGPUSPATIAL] [ 16455][19:55:27:402255][info  ] RTSpatialIndex 0x1b08bef0 (Free 22005 MB), Probe Points, Size: 100000, Results: 18
[LIBGPUSPATIAL] [ 16455][19:55:27:402278][info  ] RTSpatialIndex 0x1b08bef0 (Free 22005 MB), Profiling Results. Alloc: 0.05 ms, Prepare: 0.22 ms, RT: 0.08 ms, Copy res: 0.04 ms
[LIBGPUSPATIAL] [ 16455][19:55:27:402568][info  ] RTSpatialRefiner 0x177ea3e0 (Free 22005 MB), Loaded Geometries, ProbeArray 100000, Loaded 14, Type Point
[LIBGPUSPATIAL] [ 16455][19:55:27:402594][info  ] RTSpatialRefiner 0x177ea3e0 (Free 22005 MB), Evaluating 18 Geometry Pairs with Predicate Contains
[LIBGPUSPATIAL] [ 16455][19:55:27:403129][info  ] RTSpatialRefiner 0x177ea3e0 (Free 22005 MB), Profiling Results. Parse: 0.26 ms, Refine: 0.49 ms, Copy Results: 0.04 ms
[LIBGPUSPATIAL] [ 16455][19:55:27:413380][info  ] RTSpatialIndex 0x1b08bef0 (Free 22005 MB), Allocate result buffer, memory consumption 0 MB, capacity 8
[LIBGPUSPATIAL] [ 16455][19:55:27:413475][info  ] RTSpatialIndex 0x1b08bef0 (Free 22005 MB), Probe Points, Size: 100000, Results: 8
[LIBGPUSPATIAL] [ 16455][19:55:27:413498][info  ] RTSpatialIndex 0x1b08bef0 (Free 22005 MB), Profiling Results. Alloc: 0.05 ms, Prepare: 0.23 ms, RT: 0.06 ms, Copy res: 0.04 ms
[LIBGPUSPATIAL] [ 16455][19:55:27:413780][info  ] RTSpatialRefiner 0x177ea3e0 (Free 22005 MB), Loaded Geometries, ProbeArray 100000, Loaded 6, Type Point
[LIBGPUSPATIAL] [ 16455][19:55:27:413806][info  ] RTSpatialRefiner 0x177ea3e0 (Free 22005 MB), Evaluating 8 Geometry Pairs with Predicate Contains
[LIBGPUSPATIAL] [ 16455][19:55:27:414250][info  ] RTSpatialRefiner 0x177ea3e0 (Free 22005 MB), Profiling Results. Parse: 0.25 ms, Refine: 0.40 ms, Copy Results: 0.04 ms
[LIBGPUSPATIAL] [ 16455][19:55:27:424525][info  ] RTSpatialIndex 0x1b08bef0 (Free 22005 MB), Allocate result buffer, memory consumption 0 MB, capacity 30
[LIBGPUSPATIAL] [ 16455][19:55:27:424627][info  ] RTSpatialIndex 0x1b08bef0 (Free 22005 MB), Probe Points, Size: 100000, Results: 30
[LIBGPUSPATIAL] [ 16455][19:55:27:424649][info  ] RTSpatialIndex 0x1b08bef0 (Free 22005 MB), Profiling Results. Alloc: 0.05 ms, Prepare: 0.22 ms, RT: 0.08 ms, Copy res: 0.04 ms
[LIBGPUSPATIAL] [ 16455][19:55:27:424951][info  ] RTSpatialRefiner 0x177ea3e0 (Free 22005 MB), Loaded Geometries, ProbeArray 100000, Loaded 21, Type Point
[LIBGPUSPATIAL] [ 16455][19:55:27:424977][info  ] RTSpatialRefiner 0x177ea3e0 (Free 22005 MB), Evaluating 30 Geometry Pairs with Predicate Contains
[LIBGPUSPATIAL] [ 16455][19:55:27:425481][info  ] RTSpatialRefiner 0x177ea3e0 (Free 22005 MB), Profiling Results. Parse: 0.27 ms, Refine: 0.46 ms, Copy Results: 0.04 ms
[LIBGPUSPATIAL] [ 16455][19:55:27:435392][info  ] RTSpatialIndex 0x1b08bef0 (Free 22005 MB), Allocate result buffer, memory consumption 0 MB, capacity 32
[LIBGPUSPATIAL] [ 16455][19:55:27:435494][info  ] RTSpatialIndex 0x1b08bef0 (Free 22005 MB), Probe Points, Size: 100000, Results: 32
[LIBGPUSPATIAL] [ 16455][19:55:27:435516][info  ] RTSpatialIndex 0x1b08bef0 (Free 22005 MB), Profiling Results. Alloc: 0.05 ms, Prepare: 0.23 ms, RT: 0.08 ms, Copy res: 0.04 ms
[LIBGPUSPATIAL] [ 16455][19:55:27:435820][info  ] RTSpatialRefiner 0x177ea3e0 (Free 22005 MB), Loaded Geometries, ProbeArray 100000, Loaded 25, Type Point
[LIBGPUSPATIAL] [ 16455][19:55:27:435841][info  ] RTSpatialRefiner 0x177ea3e0 (Free 22005 MB), Evaluating 32 Geometry Pairs with Predicate Contains
[LIBGPUSPATIAL] [ 16455][19:55:27:436384][info  ] RTSpatialRefiner 0x177ea3e0 (Free 22005 MB), Profiling Results. Parse: 0.27 ms, Refine: 0.50 ms, Copy Results: 0.04 ms
[LIBGPUSPATIAL] [ 16455][19:55:27:446714][info  ] RTSpatialIndex 0x1b08bef0 (Free 22005 MB), Allocate result buffer, memory consumption 0 MB, capacity 26
[LIBGPUSPATIAL] [ 16455][19:55:27:446826][info  ] RTSpatialIndex 0x1b08bef0 (Free 22005 MB), Probe Points, Size: 100000, Results: 26
[LIBGPUSPATIAL] [ 16455][19:55:27:446849][info  ] RTSpatialIndex 0x1b08bef0 (Free 22005 MB), Profiling Results. Alloc: 0.06 ms, Prepare: 0.23 ms, RT: 0.06 ms, Copy res: 0.04 ms
[LIBGPUSPATIAL] [ 16455][19:55:27:447139][info  ] RTSpatialRefiner 0x177ea3e0 (Free 22005 MB), Loaded Geometries, ProbeArray 100000, Loaded 21, Type Point
[LIBGPUSPATIAL] [ 16455][19:55:27:447164][info  ] RTSpatialRefiner 0x177ea3e0 (Free 22005 MB), Evaluating 26 Geometry Pairs with Predicate Contains
[LIBGPUSPATIAL] [ 16455][19:55:27:447769][info  ] RTSpatialRefiner 0x177ea3e0 (Free 22005 MB), Profiling Results. Parse: 0.25 ms, Refine: 0.54 ms, Copy Results: 0.06 ms
[LIBGPUSPATIAL] [ 16455][19:55:27:457965][info  ] RTSpatialIndex 0x1b08bef0 (Free 22005 MB), Allocate result buffer, memory consumption 0 MB, capacity 24
[LIBGPUSPATIAL] [ 16455][19:55:27:458067][info  ] RTSpatialIndex 0x1b08bef0 (Free 22005 MB), Probe Points, Size: 100000, Results: 24
[LIBGPUSPATIAL] [ 16455][19:55:27:458089][info  ] RTSpatialIndex 0x1b08bef0 (Free 22005 MB), Profiling Results. Alloc: 0.05 ms, Prepare: 0.23 ms, RT: 0.08 ms, Copy res: 0.04 ms
[LIBGPUSPATIAL] [ 16455][19:55:27:458378][info  ] RTSpatialRefiner 0x177ea3e0 (Free 22005 MB), Loaded Geometries, ProbeArray 100000, Loaded 17, Type Point
[LIBGPUSPATIAL] [ 16455][19:55:27:458404][info  ] RTSpatialRefiner 0x177ea3e0 (Free 22005 MB), Evaluating 24 Geometry Pairs with Predicate Contains
[LIBGPUSPATIAL] [ 16455][19:55:27:458973][info  ] RTSpatialRefiner 0x177ea3e0 (Free 22005 MB), Profiling Results. Parse: 0.26 ms, Refine: 0.52 ms, Copy Results: 0.04 ms
[LIBGPUSPATIAL] [ 16455][19:55:27:469218][info  ] RTSpatialIndex 0x1b08bef0 (Free 22005 MB), Allocate result buffer, memory consumption 0 MB, capacity 21
[LIBGPUSPATIAL] [ 16455][19:55:27:469321][info  ] RTSpatialIndex 0x1b08bef0 (Free 22005 MB), Probe Points, Size: 100000, Results: 21
[LIBGPUSPATIAL] [ 16455][19:55:27:469344][info  ] RTSpatialIndex 0x1b08bef0 (Free 22005 MB), Profiling Results. Alloc: 0.05 ms, Prepare: 0.22 ms, RT: 0.08 ms, Copy res: 0.04 ms
[LIBGPUSPATIAL] [ 16455][19:55:27:469630][info  ] RTSpatialRefiner 0x177ea3e0 (Free 22005 MB), Loaded Geometries, ProbeArray 100000, Loaded 16, Type Point
[LIBGPUSPATIAL] [ 16455][19:55:27:469656][info  ] RTSpatialRefiner 0x177ea3e0 (Free 22005 MB), Evaluating 21 Geometry Pairs with Predicate Contains
[LIBGPUSPATIAL] [ 16455][19:55:27:470165][info  ] RTSpatialRefiner 0x177ea3e0 (Free 22005 MB), Profiling Results. Parse: 0.25 ms, Refine: 0.47 ms, Copy Results: 0.04 ms
[LIBGPUSPATIAL] [ 16455][19:55:27:480438][info  ] RTSpatialIndex 0x1b08bef0 (Free 22005 MB), Allocate result buffer, memory consumption 0 MB, capacity 22
[LIBGPUSPATIAL] [ 16455][19:55:27:480533][info  ] RTSpatialIndex 0x1b08bef0 (Free 22005 MB), Probe Points, Size: 100000, Results: 22
[LIBGPUSPATIAL] [ 16455][19:55:27:480555][info  ] RTSpatialIndex 0x1b08bef0 (Free 22005 MB), Profiling Results. Alloc: 0.05 ms, Prepare: 0.23 ms, RT: 0.07 ms, Copy res: 0.04 ms
[LIBGPUSPATIAL] [ 16455][19:55:27:480848][info  ] RTSpatialRefiner 0x177ea3e0 (Free 22005 MB), Loaded Geometries, ProbeArray 100000, Loaded 18, Type Point
[LIBGPUSPATIAL] [ 16455][19:55:27:480874][info  ] RTSpatialRefiner 0x177ea3e0 (Free 22005 MB), Evaluating 22 Geometry Pairs with Predicate Contains
[LIBGPUSPATIAL] [ 16455][19:55:27:481346][info  ] RTSpatialRefiner 0x177ea3e0 (Free 22005 MB), Profiling Results. Parse: 0.26 ms, Refine: 0.43 ms, Copy Results: 0.04 ms
[LIBGPUSPATIAL] [ 16455][19:55:27:491597][info  ] RTSpatialIndex 0x1b08bef0 (Free 22005 MB), Allocate result buffer, memory consumption 0 MB, capacity 13
[LIBGPUSPATIAL] [ 16455][19:55:27:491699][info  ] RTSpatialIndex 0x1b08bef0 (Free 22005 MB), Probe Points, Size: 100000, Results: 13
[LIBGPUSPATIAL] [ 16455][19:55:27:491735][info  ] RTSpatialIndex 0x1b08bef0 (Free 22005 MB), Profiling Results. Alloc: 0.05 ms, Prepare: 0.22 ms, RT: 0.07 ms, Copy res: 0.04 ms
[LIBGPUSPATIAL] [ 16455][19:55:27:492023][info  ] RTSpatialRefiner 0x177ea3e0 (Free 22005 MB), Loaded Geometries, ProbeArray 100000, Loaded 10, Type Point
[LIBGPUSPATIAL] [ 16455][19:55:27:492048][info  ] RTSpatialRefiner 0x177ea3e0 (Free 22005 MB), Evaluating 13 Geometry Pairs with Predicate Contains
[LIBGPUSPATIAL] [ 16455][19:55:27:492529][info  ] RTSpatialRefiner 0x177ea3e0 (Free 22005 MB), Profiling Results. Parse: 0.25 ms, Refine: 0.44 ms, Copy Results: 0.04 ms
[LIBGPUSPATIAL] [ 16455][19:55:27:502779][info  ] RTSpatialIndex 0x1b08bef0 (Free 22005 MB), Allocate result buffer, memory consumption 0 MB, capacity 15
[LIBGPUSPATIAL] [ 16455][19:55:27:502876][info  ] RTSpatialIndex 0x1b08bef0 (Free 22005 MB), Probe Points, Size: 100000, Results: 15
[LIBGPUSPATIAL] [ 16455][19:55:27:502899][info  ] RTSpatialIndex 0x1b08bef0 (Free 22005 MB), Profiling Results. Alloc: 0.05 ms, Prepare: 0.22 ms, RT: 0.07 ms, Copy res: 0.04 ms
[LIBGPUSPATIAL] [ 16455][19:55:27:503196][info  ] RTSpatialRefiner 0x177ea3e0 (Free 22005 MB), Loaded Geometries, ProbeArray 100000, Loaded 10, Type Point
[LIBGPUSPATIAL] [ 16455][19:55:27:503222][info  ] RTSpatialRefiner 0x177ea3e0 (Free 22005 MB), Evaluating 15 Geometry Pairs with Predicate Contains
[LIBGPUSPATIAL] [ 16455][19:55:27:503760][info  ] RTSpatialRefiner 0x177ea3e0 (Free 22005 MB), Profiling Results. Parse: 0.26 ms, Refine: 0.47 ms, Copy Results: 0.04 ms
[LIBGPUSPATIAL] [ 16455][19:55:27:513645][info  ] RTSpatialIndex 0x1b08bef0 (Free 22005 MB), Allocate result buffer, memory consumption 0 MB, capacity 18
[LIBGPUSPATIAL] [ 16455][19:55:27:513759][info  ] RTSpatialIndex 0x1b08bef0 (Free 22005 MB), Probe Points, Size: 100000, Results: 18
[LIBGPUSPATIAL] [ 16455][19:55:27:513782][info  ] RTSpatialIndex 0x1b08bef0 (Free 22005 MB), Profiling Results. Alloc: 0.05 ms, Prepare: 0.22 ms, RT: 0.06 ms, Copy res: 0.06 ms
[LIBGPUSPATIAL] [ 16455][19:55:27:514064][info  ] RTSpatialRefiner 0x177ea3e0 (Free 22005 MB), Loaded Geometries, ProbeArray 100000, Loaded 13, Type Point
[LIBGPUSPATIAL] [ 16455][19:55:27:514089][info  ] RTSpatialRefiner 0x177ea3e0 (Free 22005 MB), Evaluating 18 Geometry Pairs with Predicate Contains
[LIBGPUSPATIAL] [ 16455][19:55:27:514588][info  ] RTSpatialRefiner 0x177ea3e0 (Free 22005 MB), Profiling Results. Parse: 0.25 ms, Refine: 0.45 ms, Copy Results: 0.04 ms
[LIBGPUSPATIAL] [ 16455][19:55:27:524866][info  ] RTSpatialIndex 0x1b08bef0 (Free 22005 MB), Allocate result buffer, memory consumption 0 MB, capacity 23
[LIBGPUSPATIAL] [ 16455][19:55:27:524968][info  ] RTSpatialIndex 0x1b08bef0 (Free 22005 MB), Probe Points, Size: 100000, Results: 23
[LIBGPUSPATIAL] [ 16455][19:55:27:524997][info  ] RTSpatialIndex 0x1b08bef0 (Free 22005 MB), Profiling Results. Alloc: 0.05 ms, Prepare: 0.23 ms, RT: 0.08 ms, Copy res: 0.04 ms
[LIBGPUSPATIAL] [ 16455][19:55:27:525276][info  ] RTSpatialRefiner 0x177ea3e0 (Free 22005 MB), Loaded Geometries, ProbeArray 100000, Loaded 18, Type Point
[LIBGPUSPATIAL] [ 16455][19:55:27:525301][info  ] RTSpatialRefiner 0x177ea3e0 (Free 22005 MB), Evaluating 23 Geometry Pairs with Predicate Contains
[LIBGPUSPATIAL] [ 16455][19:55:27:525862][info  ] RTSpatialRefiner 0x177ea3e0 (Free 22005 MB), Profiling Results. Parse: 0.24 ms, Refine: 0.51 ms, Copy Results: 0.04 ms
[LIBGPUSPATIAL] [ 16455][19:55:27:529375][info  ] RTSpatialIndex 0x1b08bef0 (Free 22005 MB), Allocate result buffer, memory consumption 0 MB, capacity 3
[LIBGPUSPATIAL] [ 16455][19:55:27:529467][info  ] RTSpatialIndex 0x1b08bef0 (Free 22005 MB), Probe Points, Size: 33333, Results: 3
[LIBGPUSPATIAL] [ 16455][19:55:27:529489][info  ] RTSpatialIndex 0x1b08bef0 (Free 22005 MB), Profiling Results. Alloc: 0.04 ms, Prepare: 0.12 ms, RT: 0.06 ms, Copy res: 0.04 ms
[LIBGPUSPATIAL] [ 16455][19:55:27:529769][info  ] RTSpatialRefiner 0x177ea3e0 (Free 22005 MB), Loaded Geometries, ProbeArray 33333, Loaded 2, Type Point
[LIBGPUSPATIAL] [ 16455][19:55:27:529794][info  ] RTSpatialRefiner 0x177ea3e0 (Free 22005 MB), Evaluating 3 Geometry Pairs with Predicate Contains
[LIBGPUSPATIAL] [ 16455][19:55:27:530256][info  ] RTSpatialRefiner 0x177ea3e0 (Free 22005 MB), Profiling Results. Parse: 0.25 ms, Refine: 0.42 ms, Copy Results: 0.04 ms
[LIBGPUSPATIAL] [ 16455][19:55:27:550418][info  ] RTSpatialIndex 0x1b08bef0 (Free 22005 MB), Allocate result buffer, memory consumption 0 MB, capacity 17
[LIBGPUSPATIAL] [ 16455][19:55:27:550523][info  ] RTSpatialIndex 0x1b08bef0 (Free 22005 MB), Probe Points, Size: 100000, Results: 17
[LIBGPUSPATIAL] [ 16455][19:55:27:550550][info  ] RTSpatialIndex 0x1b08bef0 (Free 22005 MB), Profiling Results. Alloc: 0.09 ms, Prepare: 0.27 ms, RT: 0.10 ms, Copy res: 0.04 ms
[LIBGPUSPATIAL] [ 16455][19:55:27:550874][info  ] RTSpatialRefiner 0x177ea3e0 (Free 22005 MB), Loaded Geometries, ProbeArray 100000, Loaded 14, Type Point
[LIBGPUSPATIAL] [ 16455][19:55:27:550900][info  ] RTSpatialRefiner 0x177ea3e0 (Free 22005 MB), Evaluating 17 Geometry Pairs with Predicate Contains
[LIBGPUSPATIAL] [ 16455][19:55:27:551390][info  ] RTSpatialRefiner 0x177ea3e0 (Free 22005 MB), Profiling Results. Parse: 0.28 ms, Refine: 0.44 ms, Copy Results: 0.04 ms
[LIBGPUSPATIAL] [ 16455][19:55:27:561688][info  ] RTSpatialIndex 0x1b08bef0 (Free 22005 MB), Allocate result buffer, memory consumption 0 MB, capacity 26
[LIBGPUSPATIAL] [ 16455][19:55:27:561803][info  ] RTSpatialIndex 0x1b08bef0 (Free 22005 MB), Probe Points, Size: 100000, Results: 26
[LIBGPUSPATIAL] [ 16455][19:55:27:561826][info  ] RTSpatialIndex 0x1b08bef0 (Free 22005 MB), Profiling Results. Alloc: 0.05 ms, Prepare: 0.23 ms, RT: 0.08 ms, Copy res: 0.04 ms
[LIBGPUSPATIAL] [ 16455][19:55:27:562120][info  ] RTSpatialRefiner 0x177ea3e0 (Free 22005 MB), Loaded Geometries, ProbeArray 100000, Loaded 20, Type Point
[LIBGPUSPATIAL] [ 16455][19:55:27:562145][info  ] RTSpatialRefiner 0x177ea3e0 (Free 22005 MB), Evaluating 26 Geometry Pairs with Predicate Contains
[LIBGPUSPATIAL] [ 16455][19:55:27:562661][info  ] RTSpatialRefiner 0x177ea3e0 (Free 22005 MB), Profiling Results. Parse: 0.26 ms, Refine: 0.47 ms, Copy Results: 0.04 ms
[LIBGPUSPATIAL] [ 16455][19:55:27:572926][info  ] RTSpatialIndex 0x1b08bef0 (Free 22005 MB), Allocate result buffer, memory consumption 0 MB, capacity 28
[LIBGPUSPATIAL] [ 16455][19:55:27:573029][info  ] RTSpatialIndex 0x1b08bef0 (Free 22005 MB), Probe Points, Size: 100000, Results: 28
[LIBGPUSPATIAL] [ 16455][19:55:27:573052][info  ] RTSpatialIndex 0x1b08bef0 (Free 22005 MB), Profiling Results. Alloc: 0.05 ms, Prepare: 0.23 ms, RT: 0.08 ms, Copy res: 0.04 ms
[LIBGPUSPATIAL] [ 16455][19:55:27:573339][info  ] RTSpatialRefiner 0x177ea3e0 (Free 22005 MB), Loaded Geometries, ProbeArray 100000, Loaded 21, Type Point
[LIBGPUSPATIAL] [ 16455][19:55:27:573364][info  ] RTSpatialRefiner 0x177ea3e0 (Free 22005 MB), Evaluating 28 Geometry Pairs with Predicate Contains
[LIBGPUSPATIAL] [ 16455][19:55:27:573966][info  ] RTSpatialRefiner 0x177ea3e0 (Free 22005 MB), Profiling Results. Parse: 0.25 ms, Refine: 0.56 ms, Copy Results: 0.04 ms
[LIBGPUSPATIAL] [ 16455][19:55:27:584293][info  ] RTSpatialIndex 0x1b08bef0 (Free 22005 MB), Allocate result buffer, memory consumption 0 MB, capacity 14
[LIBGPUSPATIAL] [ 16455][19:55:27:584398][info  ] RTSpatialIndex 0x1b08bef0 (Free 22005 MB), Probe Points, Size: 100000, Results: 14
[LIBGPUSPATIAL] [ 16455][19:55:27:584421][info  ] RTSpatialIndex 0x1b08bef0 (Free 22005 MB), Profiling Results. Alloc: 0.05 ms, Prepare: 0.23 ms, RT: 0.07 ms, Copy res: 0.04 ms
[LIBGPUSPATIAL] [ 16455][19:55:27:584714][info  ] RTSpatialRefiner 0x177ea3e0 (Free 22005 MB), Loaded Geometries, ProbeArray 100000, Loaded 13, Type Point
[LIBGPUSPATIAL] [ 16455][19:55:27:584756][info  ] RTSpatialRefiner 0x177ea3e0 (Free 22005 MB), Evaluating 14 Geometry Pairs with Predicate Contains
[LIBGPUSPATIAL] [ 16455][19:55:27:585251][info  ] RTSpatialRefiner 0x177ea3e0 (Free 22005 MB), Profiling Results. Parse: 0.26 ms, Refine: 0.45 ms, Copy Results: 0.04 ms
[LIBGPUSPATIAL] [ 16455][19:55:27:595259][info  ] RTSpatialIndex 0x1b08bef0 (Free 22005 MB), Allocate result buffer, memory consumption 0 MB, capacity 17
[LIBGPUSPATIAL] [ 16455][19:55:27:595355][info  ] RTSpatialIndex 0x1b08bef0 (Free 22005 MB), Probe Points, Size: 100000, Results: 17
[LIBGPUSPATIAL] [ 16455][19:55:27:595379][info  ] RTSpatialIndex 0x1b08bef0 (Free 22005 MB), Profiling Results. Alloc: 0.05 ms, Prepare: 0.23 ms, RT: 0.06 ms, Copy res: 0.04 ms
[LIBGPUSPATIAL] [ 16455][19:55:27:595664][info  ] RTSpatialRefiner 0x177ea3e0 (Free 22005 MB), Loaded Geometries, ProbeArray 100000, Loaded 14, Type Point
[LIBGPUSPATIAL] [ 16455][19:55:27:595690][info  ] RTSpatialRefiner 0x177ea3e0 (Free 22005 MB), Evaluating 17 Geometry Pairs with Predicate Contains
[LIBGPUSPATIAL] [ 16455][19:55:27:596216][info  ] RTSpatialRefiner 0x177ea3e0 (Free 22005 MB), Profiling Results. Parse: 0.25 ms, Refine: 0.48 ms, Copy Results: 0.04 ms
[LIBGPUSPATIAL] [ 16455][19:55:27:606585][info  ] RTSpatialIndex 0x1b08bef0 (Free 22005 MB), Allocate result buffer, memory consumption 0 MB, capacity 34
[LIBGPUSPATIAL] [ 16455][19:55:27:606681][info  ] RTSpatialIndex 0x1b08bef0 (Free 22005 MB), Probe Points, Size: 100000, Results: 34
[LIBGPUSPATIAL] [ 16455][19:55:27:606704][info  ] RTSpatialIndex 0x1b08bef0 (Free 22005 MB), Profiling Results. Alloc: 0.05 ms, Prepare: 0.23 ms, RT: 0.07 ms, Copy res: 0.04 ms
[LIBGPUSPATIAL] [ 16455][19:55:27:607005][info  ] RTSpatialRefiner 0x177ea3e0 (Free 22005 MB), Loaded Geometries, ProbeArray 100000, Loaded 28, Type Point
[LIBGPUSPATIAL] [ 16455][19:55:27:607030][info  ] RTSpatialRefiner 0x177ea3e0 (Free 22005 MB), Evaluating 34 Geometry Pairs with Predicate Contains
[LIBGPUSPATIAL] [ 16455][19:55:27:607506][info  ] RTSpatialRefiner 0x177ea3e0 (Free 22005 MB), Profiling Results. Parse: 0.27 ms, Refine: 0.43 ms, Copy Results: 0.04 ms
[LIBGPUSPATIAL] [ 16455][19:55:27:617742][info  ] RTSpatialIndex 0x1b08bef0 (Free 22005 MB), Allocate result buffer, memory consumption 0 MB, capacity 27
[LIBGPUSPATIAL] [ 16455][19:55:27:617850][info  ] RTSpatialIndex 0x1b08bef0 (Free 22005 MB), Probe Points, Size: 100000, Results: 27
[LIBGPUSPATIAL] [ 16455][19:55:27:617872][info  ] RTSpatialIndex 0x1b08bef0 (Free 22005 MB), Profiling Results. Alloc: 0.06 ms, Prepare: 0.23 ms, RT: 0.09 ms, Copy res: 0.04 ms
[LIBGPUSPATIAL] [ 16455][19:55:27:618156][info  ] RTSpatialRefiner 0x177ea3e0 (Free 22005 MB), Loaded Geometries, ProbeArray 100000, Loaded 20, Type Point
[LIBGPUSPATIAL] [ 16455][19:55:27:618181][info  ] RTSpatialRefiner 0x177ea3e0 (Free 22005 MB), Evaluating 27 Geometry Pairs with Predicate Contains
[LIBGPUSPATIAL] [ 16455][19:55:27:618688][info  ] RTSpatialRefiner 0x177ea3e0 (Free 22005 MB), Profiling Results. Parse: 0.25 ms, Refine: 0.46 ms, Copy Results: 0.04 ms
[LIBGPUSPATIAL] [ 16455][19:55:27:629129][info  ] RTSpatialIndex 0x1b08bef0 (Free 22005 MB), Allocate result buffer, memory consumption 0 MB, capacity 23
[LIBGPUSPATIAL] [ 16455][19:55:27:629234][info  ] RTSpatialIndex 0x1b08bef0 (Free 22005 MB), Probe Points, Size: 100000, Results: 23
[LIBGPUSPATIAL] [ 16455][19:55:27:629256][info  ] RTSpatialIndex 0x1b08bef0 (Free 22005 MB), Profiling Results. Alloc: 0.05 ms, Prepare: 0.22 ms, RT: 0.08 ms, Copy res: 0.04 ms
[LIBGPUSPATIAL] [ 16455][19:55:27:629539][info  ] RTSpatialRefiner 0x177ea3e0 (Free 22005 MB), Loaded Geometries, ProbeArray 100000, Loaded 19, Type Point
[LIBGPUSPATIAL] [ 16455][19:55:27:629564][info  ] RTSpatialRefiner 0x177ea3e0 (Free 22005 MB), Evaluating 23 Geometry Pairs with Predicate Contains
[LIBGPUSPATIAL] [ 16455][19:55:27:630056][info  ] RTSpatialRefiner 0x177ea3e0 (Free 22005 MB), Profiling Results. Parse: 0.25 ms, Refine: 0.44 ms, Copy Results: 0.04 ms
[LIBGPUSPATIAL] [ 16455][19:55:27:640356][info  ] RTSpatialIndex 0x1b08bef0 (Free 22005 MB), Allocate result buffer, memory consumption 0 MB, capacity 21
[LIBGPUSPATIAL] [ 16455][19:55:27:640452][info  ] RTSpatialIndex 0x1b08bef0 (Free 22005 MB), Probe Points, Size: 100000, Results: 21
[LIBGPUSPATIAL] [ 16455][19:55:27:640476][info  ] RTSpatialIndex 0x1b08bef0 (Free 22005 MB), Profiling Results. Alloc: 0.05 ms, Prepare: 0.22 ms, RT: 0.06 ms, Copy res: 0.04 ms
[LIBGPUSPATIAL] [ 16455][19:55:27:640784][info  ] RTSpatialRefiner 0x177ea3e0 (Free 22005 MB), Loaded Geometries, ProbeArray 100000, Loaded 19, Type Point
[LIBGPUSPATIAL] [ 16455][19:55:27:640814][info  ] RTSpatialRefiner 0x177ea3e0 (Free 22005 MB), Evaluating 21 Geometry Pairs with Predicate Contains
[LIBGPUSPATIAL] [ 16455][19:55:27:641306][info  ] RTSpatialRefiner 0x177ea3e0 (Free 22005 MB), Profiling Results. Parse: 0.27 ms, Refine: 0.45 ms, Copy Results: 0.04 ms
[LIBGPUSPATIAL] [ 16455][19:55:27:651552][info  ] RTSpatialIndex 0x1b08bef0 (Free 22005 MB), Allocate result buffer, memory consumption 0 MB, capacity 11
[LIBGPUSPATIAL] [ 16455][19:55:27:651653][info  ] RTSpatialIndex 0x1b08bef0 (Free 22005 MB), Probe Points, Size: 100000, Results: 11
[LIBGPUSPATIAL] [ 16455][19:55:27:651676][info  ] RTSpatialIndex 0x1b08bef0 (Free 22005 MB), Profiling Results. Alloc: 0.05 ms, Prepare: 0.23 ms, RT: 0.08 ms, Copy res: 0.04 ms
[LIBGPUSPATIAL] [ 16455][19:55:27:651969][info  ] RTSpatialRefiner 0x177ea3e0 (Free 22005 MB), Loaded Geometries, ProbeArray 100000, Loaded 10, Type Point
[LIBGPUSPATIAL] [ 16455][19:55:27:651995][info  ] RTSpatialRefiner 0x177ea3e0 (Free 22005 MB), Evaluating 11 Geometry Pairs with Predicate Contains
[LIBGPUSPATIAL] [ 16455][19:55:27:652511][info  ] RTSpatialRefiner 0x177ea3e0 (Free 22005 MB), Profiling Results. Parse: 0.26 ms, Refine: 0.47 ms, Copy Results: 0.04 ms
[LIBGPUSPATIAL] [ 16455][19:55:27:662855][info  ] RTSpatialIndex 0x1b08bef0 (Free 22005 MB), Allocate result buffer, memory consumption 0 MB, capacity 27
[LIBGPUSPATIAL] [ 16455][19:55:27:662958][info  ] RTSpatialIndex 0x1b08bef0 (Free 22005 MB), Probe Points, Size: 100000, Results: 27
[LIBGPUSPATIAL] [ 16455][19:55:27:662979][info  ] RTSpatialIndex 0x1b08bef0 (Free 22005 MB), Profiling Results. Alloc: 0.05 ms, Prepare: 0.23 ms, RT: 0.08 ms, Copy res: 0.04 ms
[LIBGPUSPATIAL] [ 16455][19:55:27:663266][info  ] RTSpatialRefiner 0x177ea3e0 (Free 22005 MB), Loaded Geometries, ProbeArray 100000, Loaded 20, Type Point
[LIBGPUSPATIAL] [ 16455][19:55:27:663291][info  ] RTSpatialRefiner 0x177ea3e0 (Free 22005 MB), Evaluating 27 Geometry Pairs with Predicate Contains
[LIBGPUSPATIAL] [ 16455][19:55:27:663776][info  ] RTSpatialRefiner 0x177ea3e0 (Free 22005 MB), Profiling Results. Parse: 0.25 ms, Refine: 0.43 ms, Copy Results: 0.05 ms
[LIBGPUSPATIAL] [ 16455][19:55:27:673738][info  ] RTSpatialIndex 0x1b08bef0 (Free 22005 MB), Allocate result buffer, memory consumption 0 MB, capacity 13
[LIBGPUSPATIAL] [ 16455][19:55:27:673835][info  ] RTSpatialIndex 0x1b08bef0 (Free 22005 MB), Probe Points, Size: 100000, Results: 13
[LIBGPUSPATIAL] [ 16455][19:55:27:673857][info  ] RTSpatialIndex 0x1b08bef0 (Free 22005 MB), Profiling Results. Alloc: 0.06 ms, Prepare: 0.23 ms, RT: 0.06 ms, Copy res: 0.04 ms
[LIBGPUSPATIAL] [ 16455][19:55:27:674134][info  ] RTSpatialRefiner 0x177ea3e0 (Free 22005 MB), Loaded Geometries, ProbeArray 100000, Loaded 10, Type Point
[LIBGPUSPATIAL] [ 16455][19:55:27:674159][info  ] RTSpatialRefiner 0x177ea3e0 (Free 22005 MB), Evaluating 13 Geometry Pairs with Predicate Contains
[LIBGPUSPATIAL] [ 16455][19:55:27:674621][info  ] RTSpatialRefiner 0x177ea3e0 (Free 22005 MB), Profiling Results. Parse: 0.24 ms, Refine: 0.42 ms, Copy Results: 0.04 ms
[LIBGPUSPATIAL] [ 16455][19:55:27:684914][info  ] RTSpatialIndex 0x1b08bef0 (Free 22005 MB), Allocate result buffer, memory consumption 0 MB, capacity 27
[LIBGPUSPATIAL] [ 16455][19:55:27:685022][info  ] RTSpatialIndex 0x1b08bef0 (Free 22005 MB), Probe Points, Size: 100000, Results: 27
[LIBGPUSPATIAL] [ 16455][19:55:27:685044][info  ] RTSpatialIndex 0x1b08bef0 (Free 22005 MB), Profiling Results. Alloc: 0.04 ms, Prepare: 0.23 ms, RT: 0.07 ms, Copy res: 0.04 ms
[LIBGPUSPATIAL] [ 16455][19:55:27:685330][info  ] RTSpatialRefiner 0x177ea3e0 (Free 22005 MB), Loaded Geometries, ProbeArray 100000, Loaded 23, Type Point
[LIBGPUSPATIAL] [ 16455][19:55:27:685355][info  ] RTSpatialRefiner 0x177ea3e0 (Free 22005 MB), Evaluating 27 Geometry Pairs with Predicate Contains
[LIBGPUSPATIAL] [ 16455][19:55:27:685848][info  ] RTSpatialRefiner 0x177ea3e0 (Free 22005 MB), Profiling Results. Parse: 0.25 ms, Refine: 0.44 ms, Copy Results: 0.04 ms
[LIBGPUSPATIAL] [ 16455][19:55:27:689356][info  ] RTSpatialIndex 0x1b08bef0 (Free 22005 MB), Allocate result buffer, memory consumption 0 MB, capacity 9
[LIBGPUSPATIAL] [ 16455][19:55:27:689448][info  ] RTSpatialIndex 0x1b08bef0 (Free 22005 MB), Probe Points, Size: 33333, Results: 9
[LIBGPUSPATIAL] [ 16455][19:55:27:689470][info  ] RTSpatialIndex 0x1b08bef0 (Free 22005 MB), Profiling Results. Alloc: 0.04 ms, Prepare: 0.12 ms, RT: 0.06 ms, Copy res: 0.04 ms
[LIBGPUSPATIAL] [ 16455][19:55:27:689753][info  ] RTSpatialRefiner 0x177ea3e0 (Free 22005 MB), Loaded Geometries, ProbeArray 33333, Loaded 7, Type Point
[LIBGPUSPATIAL] [ 16455][19:55:27:689779][info  ] RTSpatialRefiner 0x177ea3e0 (Free 22005 MB), Evaluating 9 Geometry Pairs with Predicate Contains
[LIBGPUSPATIAL] [ 16455][19:55:27:690218][info  ] RTSpatialRefiner 0x177ea3e0 (Free 22005 MB), Profiling Results. Parse: 0.23 ms, Refine: 0.40 ms, Copy Results: 0.04 ms
[LIBGPUSPATIAL] [ 16455][19:55:27:710440][info  ] RTSpatialIndex 0x1b08bef0 (Free 22005 MB), Allocate result buffer, memory consumption 0 MB, capacity 13
[LIBGPUSPATIAL] [ 16455][19:55:27:710554][info  ] RTSpatialIndex 0x1b08bef0 (Free 22005 MB), Probe Points, Size: 100000, Results: 13
[LIBGPUSPATIAL] [ 16455][19:55:27:710581][info  ] RTSpatialIndex 0x1b08bef0 (Free 22005 MB), Profiling Results. Alloc: 0.10 ms, Prepare: 0.27 ms, RT: 0.10 ms, Copy res: 0.04 ms
[LIBGPUSPATIAL] [ 16455][19:55:27:710912][info  ] RTSpatialRefiner 0x177ea3e0 (Free 22005 MB), Loaded Geometries, ProbeArray 100000, Loaded 9, Type Point
[LIBGPUSPATIAL] [ 16455][19:55:27:710937][info  ] RTSpatialRefiner 0x177ea3e0 (Free 22005 MB), Evaluating 13 Geometry Pairs with Predicate Contains
[LIBGPUSPATIAL] [ 16455][19:55:27:711434][info  ] RTSpatialRefiner 0x177ea3e0 (Free 22005 MB), Profiling Results. Parse: 0.29 ms, Refine: 0.44 ms, Copy Results: 0.05 ms
[LIBGPUSPATIAL] [ 16455][19:55:27:721757][info  ] RTSpatialIndex 0x1b08bef0 (Free 22005 MB), Allocate result buffer, memory consumption 0 MB, capacity 17
[LIBGPUSPATIAL] [ 16455][19:55:27:721857][info  ] RTSpatialIndex 0x1b08bef0 (Free 22005 MB), Probe Points, Size: 100000, Results: 17
[LIBGPUSPATIAL] [ 16455][19:55:27:721879][info  ] RTSpatialIndex 0x1b08bef0 (Free 22005 MB), Profiling Results. Alloc: 0.07 ms, Prepare: 0.23 ms, RT: 0.07 ms, Copy res: 0.04 ms
[LIBGPUSPATIAL] [ 16455][19:55:27:722183][info  ] RTSpatialRefiner 0x177ea3e0 (Free 22005 MB), Loaded Geometries, ProbeArray 100000, Loaded 12, Type Point
[LIBGPUSPATIAL] [ 16455][19:55:27:722209][info  ] RTSpatialRefiner 0x177ea3e0 (Free 22005 MB), Evaluating 17 Geometry Pairs with Predicate Contains
[LIBGPUSPATIAL] [ 16455][19:55:27:722670][info  ] RTSpatialRefiner 0x177ea3e0 (Free 22005 MB), Profiling Results. Parse: 0.27 ms, Refine: 0.42 ms, Copy Results: 0.04 ms
[LIBGPUSPATIAL] [ 16455][19:55:27:732991][info  ] RTSpatialIndex 0x1b08bef0 (Free 22005 MB), Allocate result buffer, memory consumption 0 MB, capacity 27
[LIBGPUSPATIAL] [ 16455][19:55:27:733086][info  ] RTSpatialIndex 0x1b08bef0 (Free 22005 MB), Probe Points, Size: 100000, Results: 27
[LIBGPUSPATIAL] [ 16455][19:55:27:733109][info  ] RTSpatialIndex 0x1b08bef0 (Free 22005 MB), Profiling Results. Alloc: 0.05 ms, Prepare: 0.23 ms, RT: 0.06 ms, Copy res: 0.04 ms
[LIBGPUSPATIAL] [ 16455][19:55:27:733403][info  ] RTSpatialRefiner 0x177ea3e0 (Free 22005 MB), Loaded Geometries, ProbeArray 100000, Loaded 19, Type Point
[LIBGPUSPATIAL] [ 16455][19:55:27:733428][info  ] RTSpatialRefiner 0x177ea3e0 (Free 22005 MB), Evaluating 27 Geometry Pairs with Predicate Contains
[LIBGPUSPATIAL] [ 16455][19:55:27:733993][info  ] RTSpatialRefiner 0x177ea3e0 (Free 22005 MB), Profiling Results. Parse: 0.26 ms, Refine: 0.52 ms, Copy Results: 0.04 ms
[LIBGPUSPATIAL] [ 16455][19:55:27:744247][info  ] RTSpatialIndex 0x1b08bef0 (Free 22005 MB), Allocate result buffer, memory consumption 0 MB, capacity 20
[LIBGPUSPATIAL] [ 16455][19:55:27:744349][info  ] RTSpatialIndex 0x1b08bef0 (Free 22005 MB), Probe Points, Size: 100000, Results: 20
[LIBGPUSPATIAL] [ 16455][19:55:27:744371][info  ] RTSpatialIndex 0x1b08bef0 (Free 22005 MB), Profiling Results. Alloc: 0.05 ms, Prepare: 0.23 ms, RT: 0.08 ms, Copy res: 0.04 ms
[LIBGPUSPATIAL] [ 16455][19:55:27:744668][info  ] RTSpatialRefiner 0x177ea3e0 (Free 22005 MB), Loaded Geometries, ProbeArray 100000, Loaded 16, Type Point
[LIBGPUSPATIAL] [ 16455][19:55:27:744693][info  ] RTSpatialRefiner 0x177ea3e0 (Free 22005 MB), Evaluating 20 Geometry Pairs with Predicate Contains
[LIBGPUSPATIAL] [ 16455][19:55:27:745170][info  ] RTSpatialRefiner 0x177ea3e0 (Free 22005 MB), Profiling Results. Parse: 0.26 ms, Refine: 0.43 ms, Copy Results: 0.04 ms
[LIBGPUSPATIAL] [ 16455][19:55:27:755182][info  ] RTSpatialIndex 0x1b08bef0 (Free 22005 MB), Allocate result buffer, memory consumption 0 MB, capacity 24
[LIBGPUSPATIAL] [ 16455][19:55:27:755278][info  ] RTSpatialIndex 0x1b08bef0 (Free 22005 MB), Probe Points, Size: 100000, Results: 24
[LIBGPUSPATIAL] [ 16455][19:55:27:755301][info  ] RTSpatialIndex 0x1b08bef0 (Free 22005 MB), Profiling Results. Alloc: 0.05 ms, Prepare: 0.23 ms, RT: 0.07 ms, Copy res: 0.04 ms
[LIBGPUSPATIAL] [ 16455][19:55:27:755596][info  ] RTSpatialRefiner 0x177ea3e0 (Free 22005 MB), Loaded Geometries, ProbeArray 100000, Loaded 17, Type Point
[LIBGPUSPATIAL] [ 16455][19:55:27:755621][info  ] RTSpatialRefiner 0x177ea3e0 (Free 22005 MB), Evaluating 24 Geometry Pairs with Predicate Contains
[LIBGPUSPATIAL] [ 16455][19:55:27:756134][info  ] RTSpatialRefiner 0x177ea3e0 (Free 22005 MB), Profiling Results. Parse: 0.26 ms, Refine: 0.47 ms, Copy Results: 0.04 ms
[LIBGPUSPATIAL] [ 16455][19:55:27:766530][info  ] RTSpatialIndex 0x1b08bef0 (Free 22005 MB), Allocate result buffer, memory consumption 0 MB, capacity 15
[LIBGPUSPATIAL] [ 16455][19:55:27:766626][info  ] RTSpatialIndex 0x1b08bef0 (Free 22005 MB), Probe Points, Size: 100000, Results: 15
[LIBGPUSPATIAL] [ 16455][19:55:27:766649][info  ] RTSpatialIndex 0x1b08bef0 (Free 22005 MB), Profiling Results. Alloc: 0.05 ms, Prepare: 0.23 ms, RT: 0.06 ms, Copy res: 0.04 ms
[LIBGPUSPATIAL] [ 16455][19:55:27:766950][info  ] RTSpatialRefiner 0x177ea3e0 (Free 22005 MB), Loaded Geometries, ProbeArray 100000, Loaded 12, Type Point
[LIBGPUSPATIAL] [ 16455][19:55:27:766976][info  ] RTSpatialRefiner 0x177ea3e0 (Free 22005 MB), Evaluating 15 Geometry Pairs with Predicate Contains
[LIBGPUSPATIAL] [ 16455][19:55:27:767473][info  ] RTSpatialRefiner 0x177ea3e0 (Free 22005 MB), Profiling Results. Parse: 0.27 ms, Refine: 0.45 ms, Copy Results: 0.04 ms
[LIBGPUSPATIAL] [ 16455][19:55:27:777640][info  ] RTSpatialIndex 0x1b08bef0 (Free 22005 MB), Allocate result buffer, memory consumption 0 MB, capacity 16
[LIBGPUSPATIAL] [ 16455][19:55:27:777758][info  ] RTSpatialIndex 0x1b08bef0 (Free 22005 MB), Probe Points, Size: 100000, Results: 16
[LIBGPUSPATIAL] [ 16455][19:55:27:777782][info  ] RTSpatialIndex 0x1b08bef0 (Free 22005 MB), Profiling Results. Alloc: 0.05 ms, Prepare: 0.23 ms, RT: 0.08 ms, Copy res: 0.06 ms
[LIBGPUSPATIAL] [ 16455][19:55:27:778063][info  ] RTSpatialRefiner 0x177ea3e0 (Free 22005 MB), Loaded Geometries, ProbeArray 100000, Loaded 11, Type Point
[LIBGPUSPATIAL] [ 16455][19:55:27:778088][info  ] RTSpatialRefiner 0x177ea3e0 (Free 22005 MB), Evaluating 16 Geometry Pairs with Predicate Contains
[LIBGPUSPATIAL] [ 16455][19:55:27:778569][info  ] RTSpatialRefiner 0x177ea3e0 (Free 22005 MB), Profiling Results. Parse: 0.25 ms, Refine: 0.44 ms, Copy Results: 0.04 ms
[LIBGPUSPATIAL] [ 16455][19:55:27:788884][info  ] RTSpatialIndex 0x1b08bef0 (Free 22005 MB), Allocate result buffer, memory consumption 0 MB, capacity 23
[LIBGPUSPATIAL] [ 16455][19:55:27:788994][info  ] RTSpatialIndex 0x1b08bef0 (Free 22005 MB), Probe Points, Size: 100000, Results: 23
[LIBGPUSPATIAL] [ 16455][19:55:27:789017][info  ] RTSpatialIndex 0x1b08bef0 (Free 22005 MB), Profiling Results. Alloc: 0.05 ms, Prepare: 0.23 ms, RT: 0.08 ms, Copy res: 0.05 ms
[LIBGPUSPATIAL] [ 16455][19:55:27:789312][info  ] RTSpatialRefiner 0x177ea3e0 (Free 22005 MB), Loaded Geometries, ProbeArray 100000, Loaded 16, Type Point
[LIBGPUSPATIAL] [ 16455][19:55:27:789337][info  ] RTSpatialRefiner 0x177ea3e0 (Free 22005 MB), Evaluating 23 Geometry Pairs with Predicate Contains
[LIBGPUSPATIAL] [ 16455][19:55:27:789823][info  ] RTSpatialRefiner 0x177ea3e0 (Free 22005 MB), Profiling Results. Parse: 0.26 ms, Refine: 0.44 ms, Copy Results: 0.04 ms
[LIBGPUSPATIAL] [ 16455][19:55:27:800086][info  ] RTSpatialIndex 0x1b08bef0 (Free 22005 MB), Allocate result buffer, memory consumption 0 MB, capacity 23
[LIBGPUSPATIAL] [ 16455][19:55:27:800181][info  ] RTSpatialIndex 0x1b08bef0 (Free 22005 MB), Probe Points, Size: 100000, Results: 23
[LIBGPUSPATIAL] [ 16455][19:55:27:800203][info  ] RTSpatialIndex 0x1b08bef0 (Free 22005 MB), Profiling Results. Alloc: 0.05 ms, Prepare: 0.22 ms, RT: 0.07 ms, Copy res: 0.04 ms
[LIBGPUSPATIAL] [ 16455][19:55:27:800484][info  ] RTSpatialRefiner 0x177ea3e0 (Free 22005 MB), Loaded Geometries, ProbeArray 100000, Loaded 18, Type Point
[LIBGPUSPATIAL] [ 16455][19:55:27:800509][info  ] RTSpatialRefiner 0x177ea3e0 (Free 22005 MB), Evaluating 23 Geometry Pairs with Predicate Contains
[LIBGPUSPATIAL] [ 16455][19:55:27:801028][info  ] RTSpatialRefiner 0x177ea3e0 (Free 22005 MB), Profiling Results. Parse: 0.25 ms, Refine: 0.47 ms, Copy Results: 0.04 ms
[LIBGPUSPATIAL] [ 16455][19:55:27:811260][info  ] RTSpatialIndex 0x1b08bef0 (Free 22005 MB), Allocate result buffer, memory consumption 0 MB, capacity 22
[LIBGPUSPATIAL] [ 16455][19:55:27:811356][info  ] RTSpatialIndex 0x1b08bef0 (Free 22005 MB), Probe Points, Size: 100000, Results: 22
[LIBGPUSPATIAL] [ 16455][19:55:27:811378][info  ] RTSpatialIndex 0x1b08bef0 (Free 22005 MB), Profiling Results. Alloc: 0.05 ms, Prepare: 0.23 ms, RT: 0.07 ms, Copy res: 0.04 ms
[LIBGPUSPATIAL] [ 16455][19:55:27:811668][info  ] RTSpatialRefiner 0x177ea3e0 (Free 22005 MB), Loaded Geometries, ProbeArray 100000, Loaded 17, Type Point
[LIBGPUSPATIAL] [ 16455][19:55:27:811692][info  ] RTSpatialRefiner 0x177ea3e0 (Free 22005 MB), Evaluating 22 Geometry Pairs with Predicate Contains
[LIBGPUSPATIAL] [ 16455][19:55:27:812298][info  ] RTSpatialRefiner 0x177ea3e0 (Free 22005 MB), Profiling Results. Parse: 0.26 ms, Refine: 0.56 ms, Copy Results: 0.04 ms
[LIBGPUSPATIAL] [ 16455][19:55:27:822556][info  ] RTSpatialIndex 0x1b08bef0 (Free 22005 MB), Allocate result buffer, memory consumption 0 MB, capacity 19
[LIBGPUSPATIAL] [ 16455][19:55:27:822659][info  ] RTSpatialIndex 0x1b08bef0 (Free 22005 MB), Probe Points, Size: 100000, Results: 19
[LIBGPUSPATIAL] [ 16455][19:55:27:822681][info  ] RTSpatialIndex 0x1b08bef0 (Free 22005 MB), Profiling Results. Alloc: 0.05 ms, Prepare: 0.23 ms, RT: 0.07 ms, Copy res: 0.04 ms
[LIBGPUSPATIAL] [ 16455][19:55:27:822992][info  ] RTSpatialRefiner 0x177ea3e0 (Free 22005 MB), Loaded Geometries, ProbeArray 100000, Loaded 17, Type Point
[LIBGPUSPATIAL] [ 16455][19:55:27:823017][info  ] RTSpatialRefiner 0x177ea3e0 (Free 22005 MB), Evaluating 19 Geometry Pairs with Predicate Contains
[LIBGPUSPATIAL] [ 16455][19:55:27:823461][info  ] RTSpatialRefiner 0x177ea3e0 (Free 22005 MB), Profiling Results. Parse: 0.28 ms, Refine: 0.40 ms, Copy Results: 0.04 ms
[LIBGPUSPATIAL] [ 16455][19:55:27:833337][info  ] RTSpatialIndex 0x1b08bef0 (Free 22005 MB), Allocate result buffer, memory consumption 0 MB, capacity 27
[LIBGPUSPATIAL] [ 16455][19:55:27:833441][info  ] RTSpatialIndex 0x1b08bef0 (Free 22005 MB), Probe Points, Size: 100000, Results: 27
[LIBGPUSPATIAL] [ 16455][19:55:27:833464][info  ] RTSpatialIndex 0x1b08bef0 (Free 22005 MB), Profiling Results. Alloc: 0.05 ms, Prepare: 0.22 ms, RT: 0.07 ms, Copy res: 0.04 ms
[LIBGPUSPATIAL] [ 16455][19:55:27:833774][info  ] RTSpatialRefiner 0x177ea3e0 (Free 22005 MB), Loaded Geometries, ProbeArray 100000, Loaded 20, Type Point
[LIBGPUSPATIAL] [ 16455][19:55:27:833799][info  ] RTSpatialRefiner 0x177ea3e0 (Free 22005 MB), Evaluating 27 Geometry Pairs with Predicate Contains
[LIBGPUSPATIAL] [ 16455][19:55:27:834321][info  ] RTSpatialRefiner 0x177ea3e0 (Free 22005 MB), Profiling Results. Parse: 0.28 ms, Refine: 0.48 ms, Copy Results: 0.04 ms
[LIBGPUSPATIAL] [ 16455][19:55:27:844583][info  ] RTSpatialIndex 0x1b08bef0 (Free 22005 MB), Allocate result buffer, memory consumption 0 MB, capacity 12
[LIBGPUSPATIAL] [ 16455][19:55:27:844686][info  ] RTSpatialIndex 0x1b08bef0 (Free 22005 MB), Probe Points, Size: 100000, Results: 12
[LIBGPUSPATIAL] [ 16455][19:55:27:844708][info  ] RTSpatialIndex 0x1b08bef0 (Free 22005 MB), Profiling Results. Alloc: 0.05 ms, Prepare: 0.23 ms, RT: 0.07 ms, Copy res: 0.04 ms
[LIBGPUSPATIAL] [ 16455][19:55:27:845015][info  ] RTSpatialRefiner 0x177ea3e0 (Free 22005 MB), Loaded Geometries, ProbeArray 100000, Loaded 11, Type Point
[LIBGPUSPATIAL] [ 16455][19:55:27:845040][info  ] RTSpatialRefiner 0x177ea3e0 (Free 22005 MB), Evaluating 12 Geometry Pairs with Predicate Contains
[LIBGPUSPATIAL] [ 16455][19:55:27:845491][info  ] RTSpatialRefiner 0x177ea3e0 (Free 22005 MB), Profiling Results. Parse: 0.26 ms, Refine: 0.41 ms, Copy Results: 0.04 ms
[LIBGPUSPATIAL] [ 16455][19:55:27:849061][info  ] RTSpatialIndex 0x1b08bef0 (Free 22005 MB), Allocate result buffer, memory consumption 0 MB, capacity 4
[LIBGPUSPATIAL] [ 16455][19:55:27:849154][info  ] RTSpatialIndex 0x1b08bef0 (Free 22005 MB), Probe Points, Size: 33333, Results: 4
[LIBGPUSPATIAL] [ 16455][19:55:27:849176][info  ] RTSpatialIndex 0x1b08bef0 (Free 22005 MB), Profiling Results. Alloc: 0.04 ms, Prepare: 0.12 ms, RT: 0.06 ms, Copy res: 0.04 ms
[LIBGPUSPATIAL] [ 16455][19:55:27:849476][info  ] RTSpatialRefiner 0x177ea3e0 (Free 22005 MB), Loaded Geometries, ProbeArray 33333, Loaded 3, Type Point
[LIBGPUSPATIAL] [ 16455][19:55:27:849502][info  ] RTSpatialRefiner 0x177ea3e0 (Free 22005 MB), Evaluating 4 Geometry Pairs with Predicate Contains
[LIBGPUSPATIAL] [ 16455][19:55:27:849948][info  ] RTSpatialRefiner 0x177ea3e0 (Free 22005 MB), Profiling Results. Parse: 0.26 ms, Refine: 0.39 ms, Copy Results: 0.05 ms
[LIBGPUSPATIAL] [ 16455][19:55:27:870378][info  ] RTSpatialIndex 0x1b08bef0 (Free 22005 MB), Allocate result buffer, memory consumption 0 MB, capacity 23
[LIBGPUSPATIAL] [ 16455][19:55:27:870492][info  ] RTSpatialIndex 0x1b08bef0 (Free 22005 MB), Probe Points, Size: 100000, Results: 23
[LIBGPUSPATIAL] [ 16455][19:55:27:870518][info  ] RTSpatialIndex 0x1b08bef0 (Free 22005 MB), Profiling Results. Alloc: 0.09 ms, Prepare: 0.28 ms, RT: 0.11 ms, Copy res: 0.04 ms
[LIBGPUSPATIAL] [ 16455][19:55:27:870857][info  ] RTSpatialRefiner 0x177ea3e0 (Free 22005 MB), Loaded Geometries, ProbeArray 100000, Loaded 18, Type Point
[LIBGPUSPATIAL] [ 16455][19:55:27:870884][info  ] RTSpatialRefiner 0x177ea3e0 (Free 22005 MB), Evaluating 23 Geometry Pairs with Predicate Contains
[LIBGPUSPATIAL] [ 16455][19:55:27:871390][info  ] RTSpatialRefiner 0x177ea3e0 (Free 22005 MB), Profiling Results. Parse: 0.30 ms, Refine: 0.46 ms, Copy Results: 0.04 ms
[LIBGPUSPATIAL] [ 16455][19:55:27:881712][info  ] RTSpatialIndex 0x1b08bef0 (Free 22005 MB), Allocate result buffer, memory consumption 0 MB, capacity 19
[LIBGPUSPATIAL] [ 16455][19:55:27:881828][info  ] RTSpatialIndex 0x1b08bef0 (Free 22005 MB), Probe Points, Size: 100000, Results: 19
[LIBGPUSPATIAL] [ 16455][19:55:27:881851][info  ] RTSpatialIndex 0x1b08bef0 (Free 22005 MB), Profiling Results. Alloc: 0.07 ms, Prepare: 0.23 ms, RT: 0.06 ms, Copy res: 0.04 ms
[LIBGPUSPATIAL] [ 16455][19:55:27:882140][info  ] RTSpatialRefiner 0x177ea3e0 (Free 22005 MB), Loaded Geometries, ProbeArray 100000, Loaded 16, Type Point
[LIBGPUSPATIAL] [ 16455][19:55:27:882166][info  ] RTSpatialRefiner 0x177ea3e0 (Free 22005 MB), Evaluating 19 Geometry Pairs with Predicate Contains
[LIBGPUSPATIAL] [ 16455][19:55:27:882650][info  ] RTSpatialRefiner 0x177ea3e0 (Free 22005 MB), Profiling Results. Parse: 0.25 ms, Refine: 0.44 ms, Copy Results: 0.04 ms
[LIBGPUSPATIAL] [ 16455][19:55:27:893054][info  ] RTSpatialIndex 0x1b08bef0 (Free 22005 MB), Allocate result buffer, memory consumption 0 MB, capacity 31
[LIBGPUSPATIAL] [ 16455][19:55:27:893159][info  ] RTSpatialIndex 0x1b08bef0 (Free 22005 MB), Probe Points, Size: 100000, Results: 31
[LIBGPUSPATIAL] [ 16455][19:55:27:893182][info  ] RTSpatialIndex 0x1b08bef0 (Free 22005 MB), Profiling Results. Alloc: 0.05 ms, Prepare: 0.24 ms, RT: 0.09 ms, Copy res: 0.04 ms
[LIBGPUSPATIAL] [ 16455][19:55:27:893469][info  ] RTSpatialRefiner 0x177ea3e0 (Free 22005 MB), Loaded Geometries, ProbeArray 100000, Loaded 25, Type Point
[LIBGPUSPATIAL] [ 16455][19:55:27:893494][info  ] RTSpatialRefiner 0x177ea3e0 (Free 22005 MB), Evaluating 31 Geometry Pairs with Predicate Contains
[LIBGPUSPATIAL] [ 16455][19:55:27:894042][info  ] RTSpatialRefiner 0x177ea3e0 (Free 22005 MB), Profiling Results. Parse: 0.25 ms, Refine: 0.50 ms, Copy Results: 0.04 ms
[LIBGPUSPATIAL] [ 16455][19:55:27:904375][info  ] RTSpatialIndex 0x1b08bef0 (Free 22005 MB), Allocate result buffer, memory consumption 0 MB, capacity 22
[LIBGPUSPATIAL] [ 16455][19:55:27:904478][info  ] RTSpatialIndex 0x1b08bef0 (Free 22005 MB), Probe Points, Size: 100000, Results: 22
[LIBGPUSPATIAL] [ 16455][19:55:27:904501][info  ] RTSpatialIndex 0x1b08bef0 (Free 22005 MB), Profiling Results. Alloc: 0.05 ms, Prepare: 0.23 ms, RT: 0.07 ms, Copy res: 0.04 ms
[LIBGPUSPATIAL] [ 16455][19:55:27:904812][info  ] RTSpatialRefiner 0x177ea3e0 (Free 22005 MB), Loaded Geometries, ProbeArray 100000, Loaded 17, Type Point
[LIBGPUSPATIAL] [ 16455][19:55:27:904837][info  ] RTSpatialRefiner 0x177ea3e0 (Free 22005 MB), Evaluating 22 Geometry Pairs with Predicate Contains
[LIBGPUSPATIAL] [ 16455][19:55:27:905327][info  ] RTSpatialRefiner 0x177ea3e0 (Free 22005 MB), Profiling Results. Parse: 0.28 ms, Refine: 0.44 ms, Copy Results: 0.04 ms
[LIBGPUSPATIAL] [ 16455][19:55:27:915288][info  ] RTSpatialIndex 0x1b08bef0 (Free 22005 MB), Allocate result buffer, memory consumption 0 MB, capacity 26
[LIBGPUSPATIAL] [ 16455][19:55:27:915382][info  ] RTSpatialIndex 0x1b08bef0 (Free 22005 MB), Probe Points, Size: 100000, Results: 26
[LIBGPUSPATIAL] [ 16455][19:55:27:915404][info  ] RTSpatialIndex 0x1b08bef0 (Free 22005 MB), Profiling Results. Alloc: 0.05 ms, Prepare: 0.23 ms, RT: 0.06 ms, Copy res: 0.04 ms
[LIBGPUSPATIAL] [ 16455][19:55:27:915685][info  ] RTSpatialRefiner 0x177ea3e0 (Free 22005 MB), Loaded Geometries, ProbeArray 100000, Loaded 20, Type Point
[LIBGPUSPATIAL] [ 16455][19:55:27:915710][info  ] RTSpatialRefiner 0x177ea3e0 (Free 22005 MB), Evaluating 26 Geometry Pairs with Predicate Contains
[LIBGPUSPATIAL] [ 16455][19:55:27:916273][info  ] RTSpatialRefiner 0x177ea3e0 (Free 22005 MB), Profiling Results. Parse: 0.25 ms, Refine: 0.52 ms, Copy Results: 0.04 ms
[LIBGPUSPATIAL] [ 16455][19:55:27:926651][info  ] RTSpatialIndex 0x1b08bef0 (Free 22005 MB), Allocate result buffer, memory consumption 0 MB, capacity 20
[LIBGPUSPATIAL] [ 16455][19:55:27:926773][info  ] RTSpatialIndex 0x1b08bef0 (Free 22005 MB), Probe Points, Size: 100000, Results: 20
[LIBGPUSPATIAL] [ 16455][19:55:27:926797][info  ] RTSpatialIndex 0x1b08bef0 (Free 22005 MB), Profiling Results. Alloc: 0.05 ms, Prepare: 0.23 ms, RT: 0.08 ms, Copy res: 0.04 ms
[LIBGPUSPATIAL] [ 16455][19:55:27:927070][info  ] RTSpatialRefiner 0x177ea3e0 (Free 22005 MB), Loaded Geometries, ProbeArray 100000, Loaded 15, Type Point
[LIBGPUSPATIAL] [ 16455][19:55:27:927095][info  ] RTSpatialRefiner 0x177ea3e0 (Free 22005 MB), Evaluating 20 Geometry Pairs with Predicate Contains
[LIBGPUSPATIAL] [ 16455][19:55:27:927585][info  ] RTSpatialRefiner 0x177ea3e0 (Free 22005 MB), Profiling Results. Parse: 0.24 ms, Refine: 0.44 ms, Copy Results: 0.04 ms
[LIBGPUSPATIAL] [ 16455][19:55:27:937807][info  ] RTSpatialIndex 0x1b08bef0 (Free 22005 MB), Allocate result buffer, memory consumption 0 MB, capacity 31
[LIBGPUSPATIAL] [ 16455][19:55:27:937909][info  ] RTSpatialIndex 0x1b08bef0 (Free 22005 MB), Probe Points, Size: 100000, Results: 31
[LIBGPUSPATIAL] [ 16455][19:55:27:937931][info  ] RTSpatialIndex 0x1b08bef0 (Free 22005 MB), Profiling Results. Alloc: 0.05 ms, Prepare: 0.23 ms, RT: 0.09 ms, Copy res: 0.04 ms
[LIBGPUSPATIAL] [ 16455][19:55:27:938217][info  ] RTSpatialRefiner 0x177ea3e0 (Free 22005 MB), Loaded Geometries, ProbeArray 100000, Loaded 21, Type Point
[LIBGPUSPATIAL] [ 16455][19:55:27:938241][info  ] RTSpatialRefiner 0x177ea3e0 (Free 22005 MB), Evaluating 31 Geometry Pairs with Predicate Contains
[LIBGPUSPATIAL] [ 16455][19:55:27:938748][info  ] RTSpatialRefiner 0x177ea3e0 (Free 22005 MB), Profiling Results. Parse: 0.25 ms, Refine: 0.44 ms, Copy Results: 0.04 ms
[LIBGPUSPATIAL] [ 16455][19:55:27:949088][info  ] RTSpatialIndex 0x1b08bef0 (Free 22005 MB), Allocate result buffer, memory consumption 0 MB, capacity 21
[LIBGPUSPATIAL] [ 16455][19:55:27:949182][info  ] RTSpatialIndex 0x1b08bef0 (Free 22005 MB), Probe Points, Size: 100000, Results: 21
[LIBGPUSPATIAL] [ 16455][19:55:27:949204][info  ] RTSpatialIndex 0x1b08bef0 (Free 22005 MB), Profiling Results. Alloc: 0.05 ms, Prepare: 0.23 ms, RT: 0.06 ms, Copy res: 0.04 ms
[LIBGPUSPATIAL] [ 16455][19:55:27:949478][info  ] RTSpatialRefiner 0x177ea3e0 (Free 22005 MB), Loaded Geometries, ProbeArray 100000, Loaded 19, Type Point
[LIBGPUSPATIAL] [ 16455][19:55:27:949503][info  ] RTSpatialRefiner 0x177ea3e0 (Free 22005 MB), Evaluating 21 Geometry Pairs with Predicate Contains
[LIBGPUSPATIAL] [ 16455][19:55:27:949962][info  ] RTSpatialRefiner 0x177ea3e0 (Free 22005 MB), Profiling Results. Parse: 0.24 ms, Refine: 0.41 ms, Copy Results: 0.04 ms
[LIBGPUSPATIAL] [ 16455][19:55:27:960242][info  ] RTSpatialIndex 0x1b08bef0 (Free 22005 MB), Allocate result buffer, memory consumption 0 MB, capacity 29
[LIBGPUSPATIAL] [ 16455][19:55:27:960337][info  ] RTSpatialIndex 0x1b08bef0 (Free 22005 MB), Probe Points, Size: 100000, Results: 29
[LIBGPUSPATIAL] [ 16455][19:55:27:960359][info  ] RTSpatialIndex 0x1b08bef0 (Free 22005 MB), Profiling Results. Alloc: 0.05 ms, Prepare: 0.22 ms, RT: 0.06 ms, Copy res: 0.04 ms
[LIBGPUSPATIAL] [ 16455][19:55:27:960631][info  ] RTSpatialRefiner 0x177ea3e0 (Free 22005 MB), Loaded Geometries, ProbeArray 100000, Loaded 24, Type Point
[LIBGPUSPATIAL] [ 16455][19:55:27:960656][info  ] RTSpatialRefiner 0x177ea3e0 (Free 22005 MB), Evaluating 29 Geometry Pairs with Predicate Contains
[LIBGPUSPATIAL] [ 16455][19:55:27:961184][info  ] RTSpatialRefiner 0x177ea3e0 (Free 22005 MB), Profiling Results. Parse: 0.24 ms, Refine: 0.48 ms, Copy Results: 0.04 ms
[LIBGPUSPATIAL] [ 16455][19:55:27:971462][info  ] RTSpatialIndex 0x1b08bef0 (Free 22005 MB), Allocate result buffer, memory consumption 0 MB, capacity 19
[LIBGPUSPATIAL] [ 16455][19:55:27:971565][info  ] RTSpatialIndex 0x1b08bef0 (Free 22005 MB), Probe Points, Size: 100000, Results: 19
[LIBGPUSPATIAL] [ 16455][19:55:27:971588][info  ] RTSpatialIndex 0x1b08bef0 (Free 22005 MB), Profiling Results. Alloc: 0.05 ms, Prepare: 0.23 ms, RT: 0.08 ms, Copy res: 0.04 ms
[LIBGPUSPATIAL] [ 16455][19:55:27:971892][info  ] RTSpatialRefiner 0x177ea3e0 (Free 22005 MB), Loaded Geometries, ProbeArray 100000, Loaded 14, Type Point
[LIBGPUSPATIAL] [ 16455][19:55:27:971918][info  ] RTSpatialRefiner 0x177ea3e0 (Free 22005 MB), Evaluating 19 Geometry Pairs with Predicate Contains
[LIBGPUSPATIAL] [ 16455][19:55:27:972457][info  ] RTSpatialRefiner 0x177ea3e0 (Free 22005 MB), Profiling Results. Parse: 0.27 ms, Refine: 0.49 ms, Copy Results: 0.04 ms
[LIBGPUSPATIAL] [ 16455][19:55:27:982753][info  ] RTSpatialIndex 0x1b08bef0 (Free 22005 MB), Allocate result buffer, memory consumption 0 MB, capacity 17
[LIBGPUSPATIAL] [ 16455][19:55:27:982852][info  ] RTSpatialIndex 0x1b08bef0 (Free 22005 MB), Probe Points, Size: 100000, Results: 17
[LIBGPUSPATIAL] [ 16455][19:55:27:982878][info  ] RTSpatialIndex 0x1b08bef0 (Free 22005 MB), Profiling Results. Alloc: 0.06 ms, Prepare: 0.23 ms, RT: 0.06 ms, Copy res: 0.04 ms
[LIBGPUSPATIAL] [ 16455][19:55:27:983164][info  ] RTSpatialRefiner 0x177ea3e0 (Free 22005 MB), Loaded Geometries, ProbeArray 100000, Loaded 12, Type Point
[LIBGPUSPATIAL] [ 16455][19:55:27:983189][info  ] RTSpatialRefiner 0x177ea3e0 (Free 22005 MB), Evaluating 17 Geometry Pairs with Predicate Contains
[LIBGPUSPATIAL] [ 16455][19:55:27:983694][info  ] RTSpatialRefiner 0x177ea3e0 (Free 22005 MB), Profiling Results. Parse: 0.25 ms, Refine: 0.46 ms, Copy Results: 0.04 ms
[LIBGPUSPATIAL] [ 16455][19:55:27:993609][info  ] RTSpatialIndex 0x1b08bef0 (Free 22005 MB), Allocate result buffer, memory consumption 0 MB, capacity 29
[LIBGPUSPATIAL] [ 16455][19:55:27:993716][info  ] RTSpatialIndex 0x1b08bef0 (Free 22005 MB), Probe Points, Size: 100000, Results: 29
[LIBGPUSPATIAL] [ 16455][19:55:27:993753][info  ] RTSpatialIndex 0x1b08bef0 (Free 22005 MB), Profiling Results. Alloc: 0.05 ms, Prepare: 0.22 ms, RT: 0.08 ms, Copy res: 0.06 ms
[LIBGPUSPATIAL] [ 16455][19:55:27:994038][info  ] RTSpatialRefiner 0x177ea3e0 (Free 22005 MB), Loaded Geometries, ProbeArray 100000, Loaded 20, Type Point
[LIBGPUSPATIAL] [ 16455][19:55:27:994062][info  ] RTSpatialRefiner 0x177ea3e0 (Free 22005 MB), Evaluating 29 Geometry Pairs with Predicate Contains
[LIBGPUSPATIAL] [ 16455][19:55:27:994539][info  ] RTSpatialRefiner 0x177ea3e0 (Free 22005 MB), Profiling Results. Parse: 0.25 ms, Refine: 0.43 ms, Copy Results: 0.04 ms
[LIBGPUSPATIAL] [ 16455][19:55:28:004828][info  ] RTSpatialIndex 0x1b08bef0 (Free 22005 MB), Allocate result buffer, memory consumption 0 MB, capacity 24
[LIBGPUSPATIAL] [ 16455][19:55:28:004932][info  ] RTSpatialIndex 0x1b08bef0 (Free 22005 MB), Probe Points, Size: 100000, Results: 24
[LIBGPUSPATIAL] [ 16455][19:55:28:004955][info  ] RTSpatialIndex 0x1b08bef0 (Free 22005 MB), Profiling Results. Alloc: 0.05 ms, Prepare: 0.24 ms, RT: 0.08 ms, Copy res: 0.04 ms
[LIBGPUSPATIAL] [ 16455][19:55:28:005238][info  ] RTSpatialRefiner 0x177ea3e0 (Free 22005 MB), Loaded Geometries, ProbeArray 100000, Loaded 17, Type Point
[LIBGPUSPATIAL] [ 16455][19:55:28:005264][info  ] RTSpatialRefiner 0x177ea3e0 (Free 22005 MB), Evaluating 24 Geometry Pairs with Predicate Contains
[LIBGPUSPATIAL] [ 16455][19:55:28:005748][info  ] RTSpatialRefiner 0x177ea3e0 (Free 22005 MB), Profiling Results. Parse: 0.25 ms, Refine: 0.42 ms, Copy Results: 0.04 ms
[LIBGPUSPATIAL] [ 16455][19:55:28:009251][info  ] RTSpatialIndex 0x1b08bef0 (Free 22005 MB), Allocate result buffer, memory consumption 0 MB, capacity 11
[LIBGPUSPATIAL] [ 16455][19:55:28:009344][info  ] RTSpatialIndex 0x1b08bef0 (Free 22005 MB), Probe Points, Size: 33333, Results: 11
[LIBGPUSPATIAL] [ 16455][19:55:28:009366][info  ] RTSpatialIndex 0x1b08bef0 (Free 22005 MB), Profiling Results. Alloc: 0.04 ms, Prepare: 0.12 ms, RT: 0.06 ms, Copy res: 0.04 ms
[LIBGPUSPATIAL] [ 16455][19:55:28:009628][info  ] RTSpatialRefiner 0x177ea3e0 (Free 22005 MB), Loaded Geometries, ProbeArray 33333, Loaded 7, Type Point
[LIBGPUSPATIAL] [ 16455][19:55:28:009652][info  ] RTSpatialRefiner 0x177ea3e0 (Free 22005 MB), Evaluating 11 Geometry Pairs with Predicate Contains
[LIBGPUSPATIAL] [ 16455][19:55:28:010146][info  ] RTSpatialRefiner 0x177ea3e0 (Free 22005 MB), Profiling Results. Parse: 0.23 ms, Refine: 0.45 ms, Copy Results: 0.04 ms
[LIBGPUSPATIAL] [ 16455][19:55:28:030534][info  ] RTSpatialIndex 0x1b08bef0 (Free 22005 MB), Allocate result buffer, memory consumption 0 MB, capacity 21
[LIBGPUSPATIAL] [ 16455][19:55:28:030642][info  ] RTSpatialIndex 0x1b08bef0 (Free 22005 MB), Probe Points, Size: 100000, Results: 21
[LIBGPUSPATIAL] [ 16455][19:55:28:030668][info  ] RTSpatialIndex 0x1b08bef0 (Free 22005 MB), Profiling Results. Alloc: 0.09 ms, Prepare: 0.27 ms, RT: 0.10 ms, Copy res: 0.04 ms
[LIBGPUSPATIAL] [ 16455][19:55:28:031002][info  ] RTSpatialRefiner 0x177ea3e0 (Free 22005 MB), Loaded Geometries, ProbeArray 100000, Loaded 17, Type Point
[LIBGPUSPATIAL] [ 16455][19:55:28:031028][info  ] RTSpatialRefiner 0x177ea3e0 (Free 22005 MB), Evaluating 21 Geometry Pairs with Predicate Contains
[LIBGPUSPATIAL] [ 16455][19:55:28:031588][info  ] RTSpatialRefiner 0x177ea3e0 (Free 22005 MB), Profiling Results. Parse: 0.29 ms, Refine: 0.51 ms, Copy Results: 0.04 ms
[LIBGPUSPATIAL] [ 16455][19:55:28:041970][info  ] RTSpatialIndex 0x1b08bef0 (Free 22005 MB), Allocate result buffer, memory consumption 0 MB, capacity 26
[LIBGPUSPATIAL] [ 16455][19:55:28:042076][info  ] RTSpatialIndex 0x1b08bef0 (Free 22005 MB), Probe Points, Size: 100000, Results: 26
[LIBGPUSPATIAL] [ 16455][19:55:28:042100][info  ] RTSpatialIndex 0x1b08bef0 (Free 22005 MB), Profiling Results. Alloc: 0.05 ms, Prepare: 0.23 ms, RT: 0.08 ms, Copy res: 0.04 ms
[LIBGPUSPATIAL] [ 16455][19:55:28:042394][info  ] RTSpatialRefiner 0x177ea3e0 (Free 22005 MB), Loaded Geometries, ProbeArray 100000, Loaded 19, Type Point
[LIBGPUSPATIAL] [ 16455][19:55:28:042419][info  ] RTSpatialRefiner 0x177ea3e0 (Free 22005 MB), Evaluating 26 Geometry Pairs with Predicate Contains
[LIBGPUSPATIAL] [ 16455][19:55:28:043032][info  ] RTSpatialRefiner 0x177ea3e0 (Free 22005 MB), Profiling Results. Parse: 0.25 ms, Refine: 0.57 ms, Copy Results: 0.04 ms
[LIBGPUSPATIAL] [ 16455][19:55:28:053376][info  ] RTSpatialIndex 0x1b08bef0 (Free 22005 MB), Allocate result buffer, memory consumption 0 MB, capacity 17
[LIBGPUSPATIAL] [ 16455][19:55:28:053472][info  ] RTSpatialIndex 0x1b08bef0 (Free 22005 MB), Probe Points, Size: 100000, Results: 17
[LIBGPUSPATIAL] [ 16455][19:55:28:053495][info  ] RTSpatialIndex 0x1b08bef0 (Free 22005 MB), Profiling Results. Alloc: 0.05 ms, Prepare: 0.23 ms, RT: 0.07 ms, Copy res: 0.04 ms
[LIBGPUSPATIAL] [ 16455][19:55:28:053810][info  ] RTSpatialRefiner 0x177ea3e0 (Free 22005 MB), Loaded Geometries, ProbeArray 100000, Loaded 14, Type Point
[LIBGPUSPATIAL] [ 16455][19:55:28:053836][info  ] RTSpatialRefiner 0x177ea3e0 (Free 22005 MB), Evaluating 17 Geometry Pairs with Predicate Contains
[LIBGPUSPATIAL] [ 16455][19:55:28:054312][info  ] RTSpatialRefiner 0x177ea3e0 (Free 22005 MB), Profiling Results. Parse: 0.28 ms, Refine: 0.43 ms, Copy Results: 0.04 ms
[LIBGPUSPATIAL] [ 16455][19:55:28:064627][info  ] RTSpatialIndex 0x1b08bef0 (Free 22005 MB), Allocate result buffer, memory consumption 0 MB, capacity 36
[LIBGPUSPATIAL] [ 16455][19:55:28:064747][info  ] RTSpatialIndex 0x1b08bef0 (Free 22005 MB), Probe Points, Size: 100000, Results: 36
[LIBGPUSPATIAL] [ 16455][19:55:28:064771][info  ] RTSpatialIndex 0x1b08bef0 (Free 22005 MB), Profiling Results. Alloc: 0.05 ms, Prepare: 0.23 ms, RT: 0.08 ms, Copy res: 0.06 ms
[LIBGPUSPATIAL] [ 16455][19:55:28:065062][info  ] RTSpatialRefiner 0x177ea3e0 (Free 22005 MB), Loaded Geometries, ProbeArray 100000, Loaded 27, Type Point
[LIBGPUSPATIAL] [ 16455][19:55:28:065086][info  ] RTSpatialRefiner 0x177ea3e0 (Free 22005 MB), Evaluating 36 Geometry Pairs with Predicate Contains
[LIBGPUSPATIAL] [ 16455][19:55:28:065583][info  ] RTSpatialRefiner 0x177ea3e0 (Free 22005 MB), Profiling Results. Parse: 0.26 ms, Refine: 0.45 ms, Copy Results: 0.04 ms
[LIBGPUSPATIAL] [ 16455][19:55:28:075572][info  ] RTSpatialIndex 0x1b08bef0 (Free 22005 MB), Allocate result buffer, memory consumption 0 MB, capacity 20
[LIBGPUSPATIAL] [ 16455][19:55:28:075674][info  ] RTSpatialIndex 0x1b08bef0 (Free 22005 MB), Probe Points, Size: 100000, Results: 20
[LIBGPUSPATIAL] [ 16455][19:55:28:075696][info  ] RTSpatialIndex 0x1b08bef0 (Free 22005 MB), Profiling Results. Alloc: 0.05 ms, Prepare: 0.22 ms, RT: 0.08 ms, Copy res: 0.04 ms
[LIBGPUSPATIAL] [ 16455][19:55:28:075979][info  ] RTSpatialRefiner 0x177ea3e0 (Free 22005 MB), Loaded Geometries, ProbeArray 100000, Loaded 16, Type Point
[LIBGPUSPATIAL] [ 16455][19:55:28:076005][info  ] RTSpatialRefiner 0x177ea3e0 (Free 22005 MB), Evaluating 20 Geometry Pairs with Predicate Contains
[LIBGPUSPATIAL] [ 16455][19:55:28:076462][info  ] RTSpatialRefiner 0x177ea3e0 (Free 22005 MB), Profiling Results. Parse: 0.25 ms, Refine: 0.41 ms, Copy Results: 0.04 ms
[LIBGPUSPATIAL] [ 16455][19:55:28:086862][info  ] RTSpatialIndex 0x1b08bef0 (Free 22005 MB), Allocate result buffer, memory consumption 0 MB, capacity 27
[LIBGPUSPATIAL] [ 16455][19:55:28:086967][info  ] RTSpatialIndex 0x1b08bef0 (Free 22005 MB), Probe Points, Size: 100000, Results: 27
[LIBGPUSPATIAL] [ 16455][19:55:28:086990][info  ] RTSpatialIndex 0x1b08bef0 (Free 22005 MB), Profiling Results. Alloc: 0.05 ms, Prepare: 0.24 ms, RT: 0.09 ms, Copy res: 0.04 ms
[LIBGPUSPATIAL] [ 16455][19:55:28:087266][info  ] RTSpatialRefiner 0x177ea3e0 (Free 22005 MB), Loaded Geometries, ProbeArray 100000, Loaded 21, Type Point
[LIBGPUSPATIAL] [ 16455][19:55:28:087290][info  ] RTSpatialRefiner 0x177ea3e0 (Free 22005 MB), Evaluating 27 Geometry Pairs with Predicate Contains
[LIBGPUSPATIAL] [ 16455][19:55:28:087781][info  ] RTSpatialRefiner 0x177ea3e0 (Free 22005 MB), Profiling Results. Parse: 0.24 ms, Refine: 0.43 ms, Copy Results: 0.05 ms
[LIBGPUSPATIAL] [ 16455][19:55:28:098030][info  ] RTSpatialIndex 0x1b08bef0 (Free 22005 MB), Allocate result buffer, memory consumption 0 MB, capacity 18
[LIBGPUSPATIAL] [ 16455][19:55:28:098137][info  ] RTSpatialIndex 0x1b08bef0 (Free 22005 MB), Probe Points, Size: 100000, Results: 18
[LIBGPUSPATIAL] [ 16455][19:55:28:098160][info  ] RTSpatialIndex 0x1b08bef0 (Free 22005 MB), Profiling Results. Alloc: 0.05 ms, Prepare: 0.23 ms, RT: 0.08 ms, Copy res: 0.04 ms
[LIBGPUSPATIAL] [ 16455][19:55:28:098448][info  ] RTSpatialRefiner 0x177ea3e0 (Free 22005 MB), Loaded Geometries, ProbeArray 100000, Loaded 14, Type Point
[LIBGPUSPATIAL] [ 16455][19:55:28:098473][info  ] RTSpatialRefiner 0x177ea3e0 (Free 22005 MB), Evaluating 18 Geometry Pairs with Predicate Contains
[LIBGPUSPATIAL] [ 16455][19:55:28:098940][info  ] RTSpatialRefiner 0x177ea3e0 (Free 22005 MB), Profiling Results. Parse: 0.25 ms, Refine: 0.42 ms, Copy Results: 0.04 ms
[LIBGPUSPATIAL] [ 16455][19:55:28:109283][info  ] RTSpatialIndex 0x1b08bef0 (Free 22005 MB), Allocate result buffer, memory consumption 0 MB, capacity 32
[LIBGPUSPATIAL] [ 16455][19:55:28:109386][info  ] RTSpatialIndex 0x1b08bef0 (Free 22005 MB), Probe Points, Size: 100000, Results: 32
[LIBGPUSPATIAL] [ 16455][19:55:28:109411][info  ] RTSpatialIndex 0x1b08bef0 (Free 22005 MB), Profiling Results. Alloc: 0.05 ms, Prepare: 0.23 ms, RT: 0.07 ms, Copy res: 0.04 ms
[LIBGPUSPATIAL] [ 16455][19:55:28:109693][info  ] RTSpatialRefiner 0x177ea3e0 (Free 22005 MB), Loaded Geometries, ProbeArray 100000, Loaded 23, Type Point
[LIBGPUSPATIAL] [ 16455][19:55:28:109718][info  ] RTSpatialRefiner 0x177ea3e0 (Free 22005 MB), Evaluating 32 Geometry Pairs with Predicate Contains
[LIBGPUSPATIAL] [ 16455][19:55:28:110235][info  ] RTSpatialRefiner 0x177ea3e0 (Free 22005 MB), Profiling Results. Parse: 0.25 ms, Refine: 0.47 ms, Copy Results: 0.04 ms
[LIBGPUSPATIAL] [ 16455][19:55:28:120682][info  ] RTSpatialIndex 0x1b08bef0 (Free 22005 MB), Allocate result buffer, memory consumption 0 MB, capacity 22
[LIBGPUSPATIAL] [ 16455][19:55:28:120803][info  ] RTSpatialIndex 0x1b08bef0 (Free 22005 MB), Probe Points, Size: 100000, Results: 22
[LIBGPUSPATIAL] [ 16455][19:55:28:120826][info  ] RTSpatialIndex 0x1b08bef0 (Free 22005 MB), Profiling Results. Alloc: 0.05 ms, Prepare: 0.22 ms, RT: 0.09 ms, Copy res: 0.04 ms
[LIBGPUSPATIAL] [ 16455][19:55:28:121110][info  ] RTSpatialRefiner 0x177ea3e0 (Free 22005 MB), Loaded Geometries, ProbeArray 100000, Loaded 16, Type Point
[LIBGPUSPATIAL] [ 16455][19:55:28:121134][info  ] RTSpatialRefiner 0x177ea3e0 (Free 22005 MB), Evaluating 22 Geometry Pairs with Predicate Contains
[LIBGPUSPATIAL] [ 16455][19:55:28:121614][info  ] RTSpatialRefiner 0x177ea3e0 (Free 22005 MB), Profiling Results. Parse: 0.25 ms, Refine: 0.43 ms, Copy Results: 0.04 ms
[LIBGPUSPATIAL] [ 16455][19:55:28:131901][info  ] RTSpatialIndex 0x1b08bef0 (Free 22005 MB), Allocate result buffer, memory consumption 0 MB, capacity 20
[LIBGPUSPATIAL] [ 16455][19:55:28:132002][info  ] RTSpatialIndex 0x1b08bef0 (Free 22005 MB), Probe Points, Size: 100000, Results: 20
[LIBGPUSPATIAL] [ 16455][19:55:28:132025][info  ] RTSpatialIndex 0x1b08bef0 (Free 22005 MB), Profiling Results. Alloc: 0.05 ms, Prepare: 0.23 ms, RT: 0.07 ms, Copy res: 0.04 ms
[LIBGPUSPATIAL] [ 16455][19:55:28:132320][info  ] RTSpatialRefiner 0x177ea3e0 (Free 22005 MB), Loaded Geometries, ProbeArray 100000, Loaded 18, Type Point
[LIBGPUSPATIAL] [ 16455][19:55:28:132346][info  ] RTSpatialRefiner 0x177ea3e0 (Free 22005 MB), Evaluating 20 Geometry Pairs with Predicate Contains
[LIBGPUSPATIAL] [ 16455][19:55:28:132823][info  ] RTSpatialRefiner 0x177ea3e0 (Free 22005 MB), Profiling Results. Parse: 0.26 ms, Refine: 0.43 ms, Copy Results: 0.04 ms
[LIBGPUSPATIAL] [ 16455][19:55:28:143096][info  ] RTSpatialIndex 0x1b08bef0 (Free 22005 MB), Allocate result buffer, memory consumption 0 MB, capacity 17
[LIBGPUSPATIAL] [ 16455][19:55:28:143200][info  ] RTSpatialIndex 0x1b08bef0 (Free 22005 MB), Probe Points, Size: 100000, Results: 17
[LIBGPUSPATIAL] [ 16455][19:55:28:143222][info  ] RTSpatialIndex 0x1b08bef0 (Free 22005 MB), Profiling Results. Alloc: 0.04 ms, Prepare: 0.22 ms, RT: 0.08 ms, Copy res: 0.04 ms
[LIBGPUSPATIAL] [ 16455][19:55:28:143503][info  ] RTSpatialRefiner 0x177ea3e0 (Free 22005 MB), Loaded Geometries, ProbeArray 100000, Loaded 11, Type Point
[LIBGPUSPATIAL] [ 16455][19:55:28:143529][info  ] RTSpatialRefiner 0x177ea3e0 (Free 22005 MB), Evaluating 17 Geometry Pairs with Predicate Contains
[LIBGPUSPATIAL] [ 16455][19:55:28:144030][info  ] RTSpatialRefiner 0x177ea3e0 (Free 22005 MB), Profiling Results. Parse: 0.25 ms, Refine: 0.46 ms, Copy Results: 0.04 ms
[LIBGPUSPATIAL] [ 16455][19:55:28:153922][info  ] RTSpatialIndex 0x1b08bef0 (Free 22005 MB), Allocate result buffer, memory consumption 0 MB, capacity 23
[LIBGPUSPATIAL] [ 16455][19:55:28:154023][info  ] RTSpatialIndex 0x1b08bef0 (Free 22005 MB), Probe Points, Size: 100000, Results: 23
[LIBGPUSPATIAL] [ 16455][19:55:28:154046][info  ] RTSpatialIndex 0x1b08bef0 (Free 22005 MB), Profiling Results. Alloc: 0.04 ms, Prepare: 0.23 ms, RT: 0.08 ms, Copy res: 0.04 ms
[LIBGPUSPATIAL] [ 16455][19:55:28:154328][info  ] RTSpatialRefiner 0x177ea3e0 (Free 22005 MB), Loaded Geometries, ProbeArray 100000, Loaded 18, Type Point
[LIBGPUSPATIAL] [ 16455][19:55:28:154353][info  ] RTSpatialRefiner 0x177ea3e0 (Free 22005 MB), Evaluating 23 Geometry Pairs with Predicate Contains
[LIBGPUSPATIAL] [ 16455][19:55:28:154830][info  ] RTSpatialRefiner 0x177ea3e0 (Free 22005 MB), Profiling Results. Parse: 0.25 ms, Refine: 0.42 ms, Copy Results: 0.05 ms
[LIBGPUSPATIAL] [ 16455][19:55:28:165166][info  ] RTSpatialIndex 0x1b08bef0 (Free 22005 MB), Allocate result buffer, memory consumption 0 MB, capacity 13
[LIBGPUSPATIAL] [ 16455][19:55:28:165262][info  ] RTSpatialIndex 0x1b08bef0 (Free 22005 MB), Probe Points, Size: 100000, Results: 13
[LIBGPUSPATIAL] [ 16455][19:55:28:165284][info  ] RTSpatialIndex 0x1b08bef0 (Free 22005 MB), Profiling Results. Alloc: 0.05 ms, Prepare: 0.23 ms, RT: 0.06 ms, Copy res: 0.04 ms
[LIBGPUSPATIAL] [ 16455][19:55:28:165556][info  ] RTSpatialRefiner 0x177ea3e0 (Free 22005 MB), Loaded Geometries, ProbeArray 100000, Loaded 12, Type Point
[LIBGPUSPATIAL] [ 16455][19:55:28:165580][info  ] RTSpatialRefiner 0x177ea3e0 (Free 22005 MB), Evaluating 13 Geometry Pairs with Predicate Contains
[LIBGPUSPATIAL] [ 16455][19:55:28:166067][info  ] RTSpatialRefiner 0x177ea3e0 (Free 22005 MB), Profiling Results. Parse: 0.24 ms, Refine: 0.44 ms, Copy Results: 0.04 ms
[LIBGPUSPATIAL] [ 16455][19:55:28:169581][info  ] RTSpatialIndex 0x1b08bef0 (Free 22005 MB), Allocate result buffer, memory consumption 0 MB, capacity 5
[LIBGPUSPATIAL] [ 16455][19:55:28:169675][info  ] RTSpatialIndex 0x1b08bef0 (Free 22005 MB), Probe Points, Size: 33333, Results: 5
[LIBGPUSPATIAL] [ 16455][19:55:28:169697][info  ] RTSpatialIndex 0x1b08bef0 (Free 22005 MB), Profiling Results. Alloc: 0.04 ms, Prepare: 0.12 ms, RT: 0.06 ms, Copy res: 0.04 ms
[LIBGPUSPATIAL] [ 16455][19:55:28:169981][info  ] RTSpatialRefiner 0x177ea3e0 (Free 22005 MB), Loaded Geometries, ProbeArray 33333, Loaded 4, Type Point
[LIBGPUSPATIAL] [ 16455][19:55:28:170007][info  ] RTSpatialRefiner 0x177ea3e0 (Free 22005 MB), Evaluating 5 Geometry Pairs with Predicate Contains
[LIBGPUSPATIAL] [ 16455][19:55:28:170444][info  ] RTSpatialRefiner 0x177ea3e0 (Free 22005 MB), Profiling Results. Parse: 0.25 ms, Refine: 0.39 ms, Copy Results: 0.04 ms
[LIBGPUSPATIAL] [ 16455][19:55:28:190706][info  ] RTSpatialIndex 0x1b08bef0 (Free 22005 MB), Allocate result buffer, memory consumption 0 MB, capacity 18
[LIBGPUSPATIAL] [ 16455][19:55:28:190836][info  ] RTSpatialIndex 0x1b08bef0 (Free 22005 MB), Probe Points, Size: 100000, Results: 18
[LIBGPUSPATIAL] [ 16455][19:55:28:190864][info  ] RTSpatialIndex 0x1b08bef0 (Free 22005 MB), Profiling Results. Alloc: 0.11 ms, Prepare: 0.26 ms, RT: 0.10 ms, Copy res: 0.04 ms
[LIBGPUSPATIAL] [ 16455][19:55:28:191198][info  ] RTSpatialRefiner 0x177ea3e0 (Free 22005 MB), Loaded Geometries, ProbeArray 100000, Loaded 14, Type Point
[LIBGPUSPATIAL] [ 16455][19:55:28:191224][info  ] RTSpatialRefiner 0x177ea3e0 (Free 22005 MB), Evaluating 18 Geometry Pairs with Predicate Contains
[LIBGPUSPATIAL] [ 16455][19:55:28:191756][info  ] RTSpatialRefiner 0x177ea3e0 (Free 22005 MB), Profiling Results. Parse: 0.29 ms, Refine: 0.46 ms, Copy Results: 0.04 ms
[LIBGPUSPATIAL] [ 16455][19:55:28:202469][info  ] RTSpatialIndex 0x1b08bef0 (Free 22005 MB), Allocate result buffer, memory consumption 0 MB, capacity 23
[LIBGPUSPATIAL] [ 16455][19:55:28:202577][info  ] RTSpatialIndex 0x1b08bef0 (Free 22005 MB), Probe Points, Size: 100000, Results: 23
[LIBGPUSPATIAL] [ 16455][19:55:28:202601][info  ] RTSpatialIndex 0x1b08bef0 (Free 22005 MB), Profiling Results. Alloc: 0.06 ms, Prepare: 0.23 ms, RT: 0.07 ms, Copy res: 0.04 ms
[LIBGPUSPATIAL] [ 16455][19:55:28:202922][info  ] RTSpatialRefiner 0x177ea3e0 (Free 22005 MB), Loaded Geometries, ProbeArray 100000, Loaded 15, Type Point
[LIBGPUSPATIAL] [ 16455][19:55:28:202948][info  ] RTSpatialRefiner 0x177ea3e0 (Free 22005 MB), Evaluating 23 Geometry Pairs with Predicate Contains
[LIBGPUSPATIAL] [ 16455][19:55:28:203428][info  ] RTSpatialRefiner 0x177ea3e0 (Free 22005 MB), Profiling Results. Parse: 0.28 ms, Refine: 0.43 ms, Copy Results: 0.04 ms
[LIBGPUSPATIAL] [ 16455][19:55:28:213672][info  ] RTSpatialIndex 0x1b08bef0 (Free 22005 MB), Allocate result buffer, memory consumption 0 MB, capacity 16
[LIBGPUSPATIAL] [ 16455][19:55:28:213781][info  ] RTSpatialIndex 0x1b08bef0 (Free 22005 MB), Probe Points, Size: 100000, Results: 16
[LIBGPUSPATIAL] [ 16455][19:55:28:213805][info  ] RTSpatialIndex 0x1b08bef0 (Free 22005 MB), Profiling Results. Alloc: 0.05 ms, Prepare: 0.22 ms, RT: 0.07 ms, Copy res: 0.04 ms
[LIBGPUSPATIAL] [ 16455][19:55:28:214093][info  ] RTSpatialRefiner 0x177ea3e0 (Free 22005 MB), Loaded Geometries, ProbeArray 100000, Loaded 14, Type Point
[LIBGPUSPATIAL] [ 16455][19:55:28:214118][info  ] RTSpatialRefiner 0x177ea3e0 (Free 22005 MB), Evaluating 16 Geometry Pairs with Predicate Contains
[LIBGPUSPATIAL] [ 16455][19:55:28:214603][info  ] RTSpatialRefiner 0x177ea3e0 (Free 22005 MB), Profiling Results. Parse: 0.25 ms, Refine: 0.44 ms, Copy Results: 0.04 ms
[LIBGPUSPATIAL] [ 16455][19:55:28:224886][info  ] RTSpatialIndex 0x1b08bef0 (Free 22005 MB), Allocate result buffer, memory consumption 0 MB, capacity 26
[LIBGPUSPATIAL] [ 16455][19:55:28:225001][info  ] RTSpatialIndex 0x1b08bef0 (Free 22005 MB), Probe Points, Size: 100000, Results: 26
[LIBGPUSPATIAL] [ 16455][19:55:28:225024][info  ] RTSpatialIndex 0x1b08bef0 (Free 22005 MB), Profiling Results. Alloc: 0.05 ms, Prepare: 0.22 ms, RT: 0.08 ms, Copy res: 0.05 ms
[LIBGPUSPATIAL] [ 16455][19:55:28:225319][info  ] RTSpatialRefiner 0x177ea3e0 (Free 22005 MB), Loaded Geometries, ProbeArray 100000, Loaded 19, Type Point
[LIBGPUSPATIAL] [ 16455][19:55:28:225346][info  ] RTSpatialRefiner 0x177ea3e0 (Free 22005 MB), Evaluating 26 Geometry Pairs with Predicate Contains
[LIBGPUSPATIAL] [ 16455][19:55:28:225829][info  ] RTSpatialRefiner 0x177ea3e0 (Free 22005 MB), Profiling Results. Parse: 0.26 ms, Refine: 0.44 ms, Copy Results: 0.04 ms
[LIBGPUSPATIAL] [ 16455][19:55:28:235754][info  ] RTSpatialIndex 0x1b08bef0 (Free 22005 MB), Allocate result buffer, memory consumption 0 MB, capacity 19
[LIBGPUSPATIAL] [ 16455][19:55:28:235855][info  ] RTSpatialIndex 0x1b08bef0 (Free 22005 MB), Probe Points, Size: 100000, Results: 19
[LIBGPUSPATIAL] [ 16455][19:55:28:235877][info  ] RTSpatialIndex 0x1b08bef0 (Free 22005 MB), Profiling Results. Alloc: 0.06 ms, Prepare: 0.22 ms, RT: 0.07 ms, Copy res: 0.04 ms
[LIBGPUSPATIAL] [ 16455][19:55:28:236164][info  ] RTSpatialRefiner 0x177ea3e0 (Free 22005 MB), Loaded Geometries, ProbeArray 100000, Loaded 13, Type Point
[LIBGPUSPATIAL] [ 16455][19:55:28:236190][info  ] RTSpatialRefiner 0x177ea3e0 (Free 22005 MB), Evaluating 19 Geometry Pairs with Predicate Contains
[LIBGPUSPATIAL] [ 16455][19:55:28:236678][info  ] RTSpatialRefiner 0x177ea3e0 (Free 22005 MB), Profiling Results. Parse: 0.25 ms, Refine: 0.44 ms, Copy Results: 0.04 ms
[LIBGPUSPATIAL] [ 16455][19:55:28:247024][info  ] RTSpatialIndex 0x1b08bef0 (Free 22005 MB), Allocate result buffer, memory consumption 0 MB, capacity 16
[LIBGPUSPATIAL] [ 16455][19:55:28:247119][info  ] RTSpatialIndex 0x1b08bef0 (Free 22005 MB), Probe Points, Size: 100000, Results: 16
[LIBGPUSPATIAL] [ 16455][19:55:28:247142][info  ] RTSpatialIndex 0x1b08bef0 (Free 22005 MB), Profiling Results. Alloc: 0.05 ms, Prepare: 0.24 ms, RT: 0.06 ms, Copy res: 0.04 ms
[LIBGPUSPATIAL] [ 16455][19:55:28:247425][info  ] RTSpatialRefiner 0x177ea3e0 (Free 22005 MB), Loaded Geometries, ProbeArray 100000, Loaded 14, Type Point
[LIBGPUSPATIAL] [ 16455][19:55:28:247450][info  ] RTSpatialRefiner 0x177ea3e0 (Free 22005 MB), Evaluating 16 Geometry Pairs with Predicate Contains
[LIBGPUSPATIAL] [ 16455][19:55:28:247920][info  ] RTSpatialRefiner 0x177ea3e0 (Free 22005 MB), Profiling Results. Parse: 0.25 ms, Refine: 0.42 ms, Copy Results: 0.04 ms
[LIBGPUSPATIAL] [ 16455][19:55:28:258077][info  ] RTSpatialIndex 0x1b08bef0 (Free 22005 MB), Allocate result buffer, memory consumption 0 MB, capacity 31
[LIBGPUSPATIAL] [ 16455][19:55:28:258181][info  ] RTSpatialIndex 0x1b08bef0 (Free 22005 MB), Probe Points, Size: 100000, Results: 31
[LIBGPUSPATIAL] [ 16455][19:55:28:258203][info  ] RTSpatialIndex 0x1b08bef0 (Free 22005 MB), Profiling Results. Alloc: 0.05 ms, Prepare: 0.22 ms, RT: 0.08 ms, Copy res: 0.04 ms
[LIBGPUSPATIAL] [ 16455][19:55:28:258495][info  ] RTSpatialRefiner 0x177ea3e0 (Free 22005 MB), Loaded Geometries, ProbeArray 100000, Loaded 23, Type Point
[LIBGPUSPATIAL] [ 16455][19:55:28:258520][info  ] RTSpatialRefiner 0x177ea3e0 (Free 22005 MB), Evaluating 31 Geometry Pairs with Predicate Contains
[LIBGPUSPATIAL] [ 16455][19:55:28:258981][info  ] RTSpatialRefiner 0x177ea3e0 (Free 22005 MB), Profiling Results. Parse: 0.26 ms, Refine: 0.41 ms, Copy Results: 0.04 ms
[LIBGPUSPATIAL] [ 16455][19:55:28:269206][info  ] RTSpatialIndex 0x1b08bef0 (Free 22005 MB), Allocate result buffer, memory consumption 0 MB, capacity 34
[LIBGPUSPATIAL] [ 16455][19:55:28:269303][info  ] RTSpatialIndex 0x1b08bef0 (Free 22005 MB), Probe Points, Size: 100000, Results: 34
[LIBGPUSPATIAL] [ 16455][19:55:28:269326][info  ] RTSpatialIndex 0x1b08bef0 (Free 22005 MB), Profiling Results. Alloc: 0.05 ms, Prepare: 0.22 ms, RT: 0.06 ms, Copy res: 0.04 ms
[LIBGPUSPATIAL] [ 16455][19:55:28:269597][info  ] RTSpatialRefiner 0x177ea3e0 (Free 22005 MB), Loaded Geometries, ProbeArray 100000, Loaded 25, Type Point
[LIBGPUSPATIAL] [ 16455][19:55:28:269622][info  ] RTSpatialRefiner 0x177ea3e0 (Free 22005 MB), Evaluating 34 Geometry Pairs with Predicate Contains
[LIBGPUSPATIAL] [ 16455][19:55:28:270151][info  ] RTSpatialRefiner 0x177ea3e0 (Free 22005 MB), Profiling Results. Parse: 0.24 ms, Refine: 0.48 ms, Copy Results: 0.04 ms
[LIBGPUSPATIAL] [ 16455][19:55:28:280440][info  ] RTSpatialIndex 0x1b08bef0 (Free 22005 MB), Allocate result buffer, memory consumption 0 MB, capacity 32
[LIBGPUSPATIAL] [ 16455][19:55:28:280543][info  ] RTSpatialIndex 0x1b08bef0 (Free 22005 MB), Probe Points, Size: 100000, Results: 32
[LIBGPUSPATIAL] [ 16455][19:55:28:280566][info  ] RTSpatialIndex 0x1b08bef0 (Free 22005 MB), Profiling Results. Alloc: 0.05 ms, Prepare: 0.22 ms, RT: 0.08 ms, Copy res: 0.04 ms
[LIBGPUSPATIAL] [ 16455][19:55:28:280865][info  ] RTSpatialRefiner 0x177ea3e0 (Free 22005 MB), Loaded Geometries, ProbeArray 100000, Loaded 23, Type Point
[LIBGPUSPATIAL] [ 16455][19:55:28:280890][info  ] RTSpatialRefiner 0x177ea3e0 (Free 22005 MB), Evaluating 32 Geometry Pairs with Predicate Contains
[LIBGPUSPATIAL] [ 16455][19:55:28:281443][info  ] RTSpatialRefiner 0x177ea3e0 (Free 22005 MB), Profiling Results. Parse: 0.27 ms, Refine: 0.51 ms, Copy Results: 0.04 ms
[LIBGPUSPATIAL] [ 16455][19:55:28:291694][info  ] RTSpatialIndex 0x1b08bef0 (Free 22005 MB), Allocate result buffer, memory consumption 0 MB, capacity 17
[LIBGPUSPATIAL] [ 16455][19:55:28:291806][info  ] RTSpatialIndex 0x1b08bef0 (Free 22005 MB), Probe Points, Size: 100000, Results: 17
[LIBGPUSPATIAL] [ 16455][19:55:28:291830][info  ] RTSpatialIndex 0x1b08bef0 (Free 22005 MB), Profiling Results. Alloc: 0.05 ms, Prepare: 0.22 ms, RT: 0.09 ms, Copy res: 0.04 ms
[LIBGPUSPATIAL] [ 16455][19:55:28:292116][info  ] RTSpatialRefiner 0x177ea3e0 (Free 22005 MB), Loaded Geometries, ProbeArray 100000, Loaded 13, Type Point
[LIBGPUSPATIAL] [ 16455][19:55:28:292141][info  ] RTSpatialRefiner 0x177ea3e0 (Free 22005 MB), Evaluating 17 Geometry Pairs with Predicate Contains
[LIBGPUSPATIAL] [ 16455][19:55:28:292617][info  ] RTSpatialRefiner 0x177ea3e0 (Free 22005 MB), Profiling Results. Parse: 0.25 ms, Refine: 0.43 ms, Copy Results: 0.04 ms
[LIBGPUSPATIAL] [ 16455][19:55:28:302852][info  ] RTSpatialIndex 0x1b08bef0 (Free 22005 MB), Allocate result buffer, memory consumption 0 MB, capacity 21
[LIBGPUSPATIAL] [ 16455][19:55:28:302955][info  ] RTSpatialIndex 0x1b08bef0 (Free 22005 MB), Probe Points, Size: 100000, Results: 21
[LIBGPUSPATIAL] [ 16455][19:55:28:302978][info  ] RTSpatialIndex 0x1b08bef0 (Free 22005 MB), Profiling Results. Alloc: 0.04 ms, Prepare: 0.22 ms, RT: 0.07 ms, Copy res: 0.04 ms
[LIBGPUSPATIAL] [ 16455][19:55:28:303252][info  ] RTSpatialRefiner 0x177ea3e0 (Free 22005 MB), Loaded Geometries, ProbeArray 100000, Loaded 17, Type Point
[LIBGPUSPATIAL] [ 16455][19:55:28:303278][info  ] RTSpatialRefiner 0x177ea3e0 (Free 22005 MB), Evaluating 21 Geometry Pairs with Predicate Contains
[LIBGPUSPATIAL] [ 16455][19:55:28:303768][info  ] RTSpatialRefiner 0x177ea3e0 (Free 22005 MB), Profiling Results. Parse: 0.24 ms, Refine: 0.43 ms, Copy Results: 0.06 ms
[LIBGPUSPATIAL] [ 16455][19:55:28:313659][info  ] RTSpatialIndex 0x1b08bef0 (Free 22005 MB), Allocate result buffer, memory consumption 0 MB, capacity 26
[LIBGPUSPATIAL] [ 16455][19:55:28:313778][info  ] RTSpatialIndex 0x1b08bef0 (Free 22005 MB), Probe Points, Size: 100000, Results: 26
[LIBGPUSPATIAL] [ 16455][19:55:28:313801][info  ] RTSpatialIndex 0x1b08bef0 (Free 22005 MB), Profiling Results. Alloc: 0.04 ms, Prepare: 0.22 ms, RT: 0.08 ms, Copy res: 0.04 ms
[LIBGPUSPATIAL] [ 16455][19:55:28:314073][info  ] RTSpatialRefiner 0x177ea3e0 (Free 22005 MB), Loaded Geometries, ProbeArray 100000, Loaded 22, Type Point
[LIBGPUSPATIAL] [ 16455][19:55:28:314098][info  ] RTSpatialRefiner 0x177ea3e0 (Free 22005 MB), Evaluating 26 Geometry Pairs with Predicate Contains
[LIBGPUSPATIAL] [ 16455][19:55:28:314576][info  ] RTSpatialRefiner 0x177ea3e0 (Free 22005 MB), Profiling Results. Parse: 0.24 ms, Refine: 0.43 ms, Copy Results: 0.04 ms
[LIBGPUSPATIAL] [ 16455][19:55:28:324839][info  ] RTSpatialIndex 0x1b08bef0 (Free 22005 MB), Allocate result buffer, memory consumption 0 MB, capacity 28
[LIBGPUSPATIAL] [ 16455][19:55:28:324952][info  ] RTSpatialIndex 0x1b08bef0 (Free 22005 MB), Probe Points, Size: 100000, Results: 28
[LIBGPUSPATIAL] [ 16455][19:55:28:324988][info  ] RTSpatialIndex 0x1b08bef0 (Free 22005 MB), Profiling Results. Alloc: 0.05 ms, Prepare: 0.23 ms, RT: 0.07 ms, Copy res: 0.04 ms
[LIBGPUSPATIAL] [ 16455][19:55:28:325288][info  ] RTSpatialRefiner 0x177ea3e0 (Free 22005 MB), Loaded Geometries, ProbeArray 100000, Loaded 19, Type Point
[LIBGPUSPATIAL] [ 16455][19:55:28:325323][info  ] RTSpatialRefiner 0x177ea3e0 (Free 22005 MB), Evaluating 28 Geometry Pairs with Predicate Contains
[LIBGPUSPATIAL] [ 16455][19:55:28:325830][info  ] RTSpatialRefiner 0x177ea3e0 (Free 22005 MB), Profiling Results. Parse: 0.26 ms, Refine: 0.47 ms, Copy Results: 0.04 ms
[LIBGPUSPATIAL] [ 16455][19:55:28:329366][info  ] RTSpatialIndex 0x1b08bef0 (Free 22005 MB), Allocate result buffer, memory consumption 0 MB, capacity 4
[LIBGPUSPATIAL] [ 16455][19:55:28:329481][info  ] RTSpatialIndex 0x1b08bef0 (Free 22005 MB), Probe Points, Size: 33333, Results: 4
[LIBGPUSPATIAL] [ 16455][19:55:28:329512][info  ] RTSpatialIndex 0x1b08bef0 (Free 22005 MB), Profiling Results. Alloc: 0.05 ms, Prepare: 0.12 ms, RT: 0.06 ms, Copy res: 0.05 ms
[LIBGPUSPATIAL] [ 16455][19:55:28:329808][info  ] RTSpatialRefiner 0x177ea3e0 (Free 22005 MB), Loaded Geometries, ProbeArray 33333, Loaded 4, Type Point
[LIBGPUSPATIAL] [ 16455][19:55:28:329844][info  ] RTSpatialRefiner 0x177ea3e0 (Free 22005 MB), Evaluating 4 Geometry Pairs with Predicate Contains
[LIBGPUSPATIAL] [ 16455][19:55:28:330316][info  ] RTSpatialRefiner 0x177ea3e0 (Free 22005 MB), Profiling Results. Parse: 0.26 ms, Refine: 0.44 ms, Copy Results: 0.04 ms
[LIBGPUSPATIAL] [ 16455][19:55:28:350989][info  ] RTSpatialIndex 0x1b08bef0 (Free 22005 MB), Allocate result buffer, memory consumption 0 MB, capacity 17
[LIBGPUSPATIAL] [ 16455][19:55:28:351120][info  ] RTSpatialIndex 0x1b08bef0 (Free 22005 MB), Probe Points, Size: 100000, Results: 17
[LIBGPUSPATIAL] [ 16455][19:55:28:351155][info  ] RTSpatialIndex 0x1b08bef0 (Free 22005 MB), Profiling Results. Alloc: 0.10 ms, Prepare: 0.26 ms, RT: 0.11 ms, Copy res: 0.05 ms
[LIBGPUSPATIAL] [ 16455][19:55:28:351486][info  ] RTSpatialRefiner 0x177ea3e0 (Free 22005 MB), Loaded Geometries, ProbeArray 100000, Loaded 13, Type Point
[LIBGPUSPATIAL] [ 16455][19:55:28:351521][info  ] RTSpatialRefiner 0x177ea3e0 (Free 22005 MB), Evaluating 17 Geometry Pairs with Predicate Contains
[LIBGPUSPATIAL] [ 16455][19:55:28:352041][info  ] RTSpatialRefiner 0x177ea3e0 (Free 22005 MB), Profiling Results. Parse: 0.28 ms, Refine: 0.48 ms, Copy Results: 0.04 ms
[LIBGPUSPATIAL] [ 16455][19:55:28:362540][info  ] RTSpatialIndex 0x1b08bef0 (Free 22005 MB), Allocate result buffer, memory consumption 0 MB, capacity 29
[LIBGPUSPATIAL] [ 16455][19:55:28:362659][info  ] RTSpatialIndex 0x1b08bef0 (Free 22005 MB), Probe Points, Size: 100000, Results: 29
[LIBGPUSPATIAL] [ 16455][19:55:28:362690][info  ] RTSpatialIndex 0x1b08bef0 (Free 22005 MB), Profiling Results. Alloc: 0.05 ms, Prepare: 0.22 ms, RT: 0.08 ms, Copy res: 0.04 ms
[LIBGPUSPATIAL] [ 16455][19:55:28:363002][info  ] RTSpatialRefiner 0x177ea3e0 (Free 22005 MB), Loaded Geometries, ProbeArray 100000, Loaded 23, Type Point
[LIBGPUSPATIAL] [ 16455][19:55:28:363037][info  ] RTSpatialRefiner 0x177ea3e0 (Free 22005 MB), Evaluating 29 Geometry Pairs with Predicate Contains
[LIBGPUSPATIAL] [ 16455][19:55:28:363539][info  ] RTSpatialRefiner 0x177ea3e0 (Free 22005 MB), Profiling Results. Parse: 0.27 ms, Refine: 0.47 ms, Copy Results: 0.04 ms
[LIBGPUSPATIAL] [ 16455][19:55:28:373861][info  ] RTSpatialIndex 0x1b08bef0 (Free 22005 MB), Allocate result buffer, memory consumption 0 MB, capacity 20
[LIBGPUSPATIAL] [ 16455][19:55:28:373977][info  ] RTSpatialIndex 0x1b08bef0 (Free 22005 MB), Probe Points, Size: 100000, Results: 20
[LIBGPUSPATIAL] [ 16455][19:55:28:374008][info  ] RTSpatialIndex 0x1b08bef0 (Free 22005 MB), Profiling Results. Alloc: 0.05 ms, Prepare: 0.23 ms, RT: 0.08 ms, Copy res: 0.04 ms
[LIBGPUSPATIAL] [ 16455][19:55:28:374310][info  ] RTSpatialRefiner 0x177ea3e0 (Free 22005 MB), Loaded Geometries, ProbeArray 100000, Loaded 15, Type Point
[LIBGPUSPATIAL] [ 16455][19:55:28:374344][info  ] RTSpatialRefiner 0x177ea3e0 (Free 22005 MB), Evaluating 20 Geometry Pairs with Predicate Contains
[LIBGPUSPATIAL] [ 16455][19:55:28:374845][info  ] RTSpatialRefiner 0x177ea3e0 (Free 22005 MB), Profiling Results. Parse: 0.26 ms, Refine: 0.46 ms, Copy Results: 0.04 ms
[LIBGPUSPATIAL] [ 16455][19:55:28:385117][info  ] RTSpatialIndex 0x1b08bef0 (Free 22005 MB), Allocate result buffer, memory consumption 0 MB, capacity 27
[LIBGPUSPATIAL] [ 16455][19:55:28:385231][info  ] RTSpatialIndex 0x1b08bef0 (Free 22005 MB), Probe Points, Size: 100000, Results: 27
[LIBGPUSPATIAL] [ 16455][19:55:28:385261][info  ] RTSpatialIndex 0x1b08bef0 (Free 22005 MB), Profiling Results. Alloc: 0.05 ms, Prepare: 0.22 ms, RT: 0.08 ms, Copy res: 0.04 ms
[LIBGPUSPATIAL] [ 16455][19:55:28:385571][info  ] RTSpatialRefiner 0x177ea3e0 (Free 22005 MB), Loaded Geometries, ProbeArray 100000, Loaded 21, Type Point
[LIBGPUSPATIAL] [ 16455][19:55:28:385605][info  ] RTSpatialRefiner 0x177ea3e0 (Free 22005 MB), Evaluating 27 Geometry Pairs with Predicate Contains
[LIBGPUSPATIAL] [ 16455][19:55:28:386149][info  ] RTSpatialRefiner 0x177ea3e0 (Free 22005 MB), Profiling Results. Parse: 0.27 ms, Refine: 0.50 ms, Copy Results: 0.04 ms
[LIBGPUSPATIAL] [ 16455][19:55:28:396079][info  ] RTSpatialIndex 0x1b08bef0 (Free 22005 MB), Allocate result buffer, memory consumption 0 MB, capacity 21
[LIBGPUSPATIAL] [ 16455][19:55:28:396196][info  ] RTSpatialIndex 0x1b08bef0 (Free 22005 MB), Probe Points, Size: 100000, Results: 21
[LIBGPUSPATIAL] [ 16455][19:55:28:396227][info  ] RTSpatialIndex 0x1b08bef0 (Free 22005 MB), Profiling Results. Alloc: 0.05 ms, Prepare: 0.22 ms, RT: 0.08 ms, Copy res: 0.04 ms
[LIBGPUSPATIAL] [ 16455][19:55:28:396516][info  ] RTSpatialRefiner 0x177ea3e0 (Free 22005 MB), Loaded Geometries, ProbeArray 100000, Loaded 17, Type Point
[LIBGPUSPATIAL] [ 16455][19:55:28:396550][info  ] RTSpatialRefiner 0x177ea3e0 (Free 22005 MB), Evaluating 21 Geometry Pairs with Predicate Contains
[LIBGPUSPATIAL] [ 16455][19:55:28:397094][info  ] RTSpatialRefiner 0x177ea3e0 (Free 22005 MB), Profiling Results. Parse: 0.25 ms, Refine: 0.51 ms, Copy Results: 0.04 ms
[LIBGPUSPATIAL] [ 16455][19:55:28:407457][info  ] RTSpatialIndex 0x1b08bef0 (Free 22005 MB), Allocate result buffer, memory consumption 0 MB, capacity 23
[LIBGPUSPATIAL] [ 16455][19:55:28:407574][info  ] RTSpatialIndex 0x1b08bef0 (Free 22005 MB), Probe Points, Size: 100000, Results: 23
[LIBGPUSPATIAL] [ 16455][19:55:28:407605][info  ] RTSpatialIndex 0x1b08bef0 (Free 22005 MB), Profiling Results. Alloc: 0.05 ms, Prepare: 0.22 ms, RT: 0.08 ms, Copy res: 0.04 ms
[LIBGPUSPATIAL] [ 16455][19:55:28:407912][info  ] RTSpatialRefiner 0x177ea3e0 (Free 22005 MB), Loaded Geometries, ProbeArray 100000, Loaded 17, Type Point
[LIBGPUSPATIAL] [ 16455][19:55:28:407947][info  ] RTSpatialRefiner 0x177ea3e0 (Free 22005 MB), Evaluating 23 Geometry Pairs with Predicate Contains
[LIBGPUSPATIAL] [ 16455][19:55:28:408589][info  ] RTSpatialRefiner 0x177ea3e0 (Free 22005 MB), Profiling Results. Parse: 0.27 ms, Refine: 0.60 ms, Copy Results: 0.04 ms
[LIBGPUSPATIAL] [ 16455][19:55:28:418781][info  ] RTSpatialIndex 0x1b08bef0 (Free 22005 MB), Allocate result buffer, memory consumption 0 MB, capacity 26
[LIBGPUSPATIAL] [ 16455][19:55:28:418898][info  ] RTSpatialIndex 0x1b08bef0 (Free 22005 MB), Probe Points, Size: 100000, Results: 26
[LIBGPUSPATIAL] [ 16455][19:55:28:418929][info  ] RTSpatialIndex 0x1b08bef0 (Free 22005 MB), Profiling Results. Alloc: 0.05 ms, Prepare: 0.22 ms, RT: 0.09 ms, Copy res: 0.04 ms
[LIBGPUSPATIAL] [ 16455][19:55:28:419210][info  ] RTSpatialRefiner 0x177ea3e0 (Free 22005 MB), Loaded Geometries, ProbeArray 100000, Loaded 23, Type Point
[LIBGPUSPATIAL] [ 16455][19:55:28:419244][info  ] RTSpatialRefiner 0x177ea3e0 (Free 22005 MB), Evaluating 26 Geometry Pairs with Predicate Contains
[LIBGPUSPATIAL] [ 16455][19:55:28:419781][info  ] RTSpatialRefiner 0x177ea3e0 (Free 22005 MB), Profiling Results. Parse: 0.24 ms, Refine: 0.49 ms, Copy Results: 0.05 ms
[LIBGPUSPATIAL] [ 16455][19:55:28:430030][info  ] RTSpatialIndex 0x1b08bef0 (Free 22005 MB), Allocate result buffer, memory consumption 0 MB, capacity 18
[LIBGPUSPATIAL] [ 16455][19:55:28:430143][info  ] RTSpatialIndex 0x1b08bef0 (Free 22005 MB), Probe Points, Size: 100000, Results: 18
[LIBGPUSPATIAL] [ 16455][19:55:28:430173][info  ] RTSpatialIndex 0x1b08bef0 (Free 22005 MB), Profiling Results. Alloc: 0.05 ms, Prepare: 0.23 ms, RT: 0.07 ms, Copy res: 0.04 ms
[LIBGPUSPATIAL] [ 16455][19:55:28:430457][info  ] RTSpatialRefiner 0x177ea3e0 (Free 22005 MB), Loaded Geometries, ProbeArray 100000, Loaded 16, Type Point
[LIBGPUSPATIAL] [ 16455][19:55:28:430490][info  ] RTSpatialRefiner 0x177ea3e0 (Free 22005 MB), Evaluating 18 Geometry Pairs with Predicate Contains
[LIBGPUSPATIAL] [ 16455][19:55:28:430973][info  ] RTSpatialRefiner 0x177ea3e0 (Free 22005 MB), Profiling Results. Parse: 0.24 ms, Refine: 0.44 ms, Copy Results: 0.04 ms
[LIBGPUSPATIAL] [ 16455][19:55:28:441323][info  ] RTSpatialIndex 0x1b08bef0 (Free 22005 MB), Allocate result buffer, memory consumption 0 MB, capacity 16
[LIBGPUSPATIAL] [ 16455][19:55:28:441440][info  ] RTSpatialIndex 0x1b08bef0 (Free 22005 MB), Probe Points, Size: 100000, Results: 16
[LIBGPUSPATIAL] [ 16455][19:55:28:441471][info  ] RTSpatialIndex 0x1b08bef0 (Free 22005 MB), Profiling Results. Alloc: 0.05 ms, Prepare: 0.22 ms, RT: 0.08 ms, Copy res: 0.04 ms
[LIBGPUSPATIAL] [ 16455][19:55:28:441774][info  ] RTSpatialRefiner 0x177ea3e0 (Free 22005 MB), Loaded Geometries, ProbeArray 100000, Loaded 11, Type Point
[LIBGPUSPATIAL] [ 16455][19:55:28:441808][info  ] RTSpatialRefiner 0x177ea3e0 (Free 22005 MB), Evaluating 16 Geometry Pairs with Predicate Contains
[LIBGPUSPATIAL] [ 16455][19:55:28:442288][info  ] RTSpatialRefiner 0x177ea3e0 (Free 22005 MB), Profiling Results. Parse: 0.26 ms, Refine: 0.44 ms, Copy Results: 0.04 ms
[LIBGPUSPATIAL] [ 16455][19:55:28:452571][info  ] RTSpatialIndex 0x1b08bef0 (Free 22005 MB), Allocate result buffer, memory consumption 0 MB, capacity 23
[LIBGPUSPATIAL] [ 16455][19:55:28:452688][info  ] RTSpatialIndex 0x1b08bef0 (Free 22005 MB), Probe Points, Size: 100000, Results: 23
[LIBGPUSPATIAL] [ 16455][19:55:28:452719][info  ] RTSpatialIndex 0x1b08bef0 (Free 22005 MB), Profiling Results. Alloc: 0.05 ms, Prepare: 0.22 ms, RT: 0.08 ms, Copy res: 0.04 ms
[LIBGPUSPATIAL] [ 16455][19:55:28:453033][info  ] RTSpatialRefiner 0x177ea3e0 (Free 22005 MB), Loaded Geometries, ProbeArray 100000, Loaded 16, Type Point
[LIBGPUSPATIAL] [ 16455][19:55:28:453068][info  ] RTSpatialRefiner 0x177ea3e0 (Free 22005 MB), Evaluating 23 Geometry Pairs with Predicate Contains
[LIBGPUSPATIAL] [ 16455][19:55:28:453580][info  ] RTSpatialRefiner 0x177ea3e0 (Free 22005 MB), Profiling Results. Parse: 0.26 ms, Refine: 0.47 ms, Copy Results: 0.04 ms
[LIBGPUSPATIAL] [ 16455][19:55:28:463841][info  ] RTSpatialIndex 0x1b08bef0 (Free 22005 MB), Allocate result buffer, memory consumption 0 MB, capacity 18
[LIBGPUSPATIAL] [ 16455][19:55:28:463958][info  ] RTSpatialIndex 0x1b08bef0 (Free 22005 MB), Probe Points, Size: 100000, Results: 18
[LIBGPUSPATIAL] [ 16455][19:55:28:463989][info  ] RTSpatialIndex 0x1b08bef0 (Free 22005 MB), Profiling Results. Alloc: 0.05 ms, Prepare: 0.23 ms, RT: 0.08 ms, Copy res: 0.04 ms
[LIBGPUSPATIAL] [ 16455][19:55:28:464268][info  ] RTSpatialRefiner 0x177ea3e0 (Free 22005 MB), Loaded Geometries, ProbeArray 100000, Loaded 15, Type Point
[LIBGPUSPATIAL] [ 16455][19:55:28:464301][info  ] RTSpatialRefiner 0x177ea3e0 (Free 22005 MB), Evaluating 18 Geometry Pairs with Predicate Contains
[LIBGPUSPATIAL] [ 16455][19:55:28:464810][info  ] RTSpatialRefiner 0x177ea3e0 (Free 22005 MB), Profiling Results. Parse: 0.24 ms, Refine: 0.47 ms, Copy Results: 0.04 ms
[LIBGPUSPATIAL] [ 16455][19:55:28:474641][info  ] RTSpatialIndex 0x1b08bef0 (Free 22005 MB), Allocate result buffer, memory consumption 0 MB, capacity 18
[LIBGPUSPATIAL] [ 16455][19:55:28:474766][info  ] RTSpatialIndex 0x1b08bef0 (Free 22005 MB), Probe Points, Size: 100000, Results: 18
[LIBGPUSPATIAL] [ 16455][19:55:28:474796][info  ] RTSpatialIndex 0x1b08bef0 (Free 22005 MB), Profiling Results. Alloc: 0.05 ms, Prepare: 0.22 ms, RT: 0.07 ms, Copy res: 0.06 ms
[LIBGPUSPATIAL] [ 16455][19:55:28:475086][info  ] RTSpatialRefiner 0x177ea3e0 (Free 22005 MB), Loaded Geometries, ProbeArray 100000, Loaded 14, Type Point
[LIBGPUSPATIAL] [ 16455][19:55:28:475121][info  ] RTSpatialRefiner 0x177ea3e0 (Free 22005 MB), Evaluating 18 Geometry Pairs with Predicate Contains
[LIBGPUSPATIAL] [ 16455][19:55:28:475625][info  ] RTSpatialRefiner 0x177ea3e0 (Free 22005 MB), Profiling Results. Parse: 0.25 ms, Refine: 0.47 ms, Copy Results: 0.04 ms
[LIBGPUSPATIAL] [ 16455][19:55:28:485922][info  ] RTSpatialIndex 0x1b08bef0 (Free 22005 MB), Allocate result buffer, memory consumption 0 MB, capacity 20
[LIBGPUSPATIAL] [ 16455][19:55:28:486041][info  ] RTSpatialIndex 0x1b08bef0 (Free 22005 MB), Probe Points, Size: 100000, Results: 20
[LIBGPUSPATIAL] [ 16455][19:55:28:486072][info  ] RTSpatialIndex 0x1b08bef0 (Free 22005 MB), Profiling Results. Alloc: 0.05 ms, Prepare: 0.23 ms, RT: 0.08 ms, Copy res: 0.04 ms
[LIBGPUSPATIAL] [ 16455][19:55:28:486370][info  ] RTSpatialRefiner 0x177ea3e0 (Free 22005 MB), Loaded Geometries, ProbeArray 100000, Loaded 14, Type Point
[LIBGPUSPATIAL] [ 16455][19:55:28:486405][info  ] RTSpatialRefiner 0x177ea3e0 (Free 22005 MB), Evaluating 20 Geometry Pairs with Predicate Contains
[LIBGPUSPATIAL] [ 16455][19:55:28:486900][info  ] RTSpatialRefiner 0x177ea3e0 (Free 22005 MB), Profiling Results. Parse: 0.26 ms, Refine: 0.46 ms, Copy Results: 0.04 ms
[LIBGPUSPATIAL] [ 16455][19:55:28:490434][info  ] RTSpatialIndex 0x1b08bef0 (Free 22005 MB), Allocate result buffer, memory consumption 0 MB, capacity 8
[LIBGPUSPATIAL] [ 16455][19:55:28:490544][info  ] RTSpatialIndex 0x1b08bef0 (Free 22005 MB), Probe Points, Size: 33333, Results: 8
[LIBGPUSPATIAL] [ 16455][19:55:28:490574][info  ] RTSpatialIndex 0x1b08bef0 (Free 22005 MB), Profiling Results. Alloc: 0.05 ms, Prepare: 0.12 ms, RT: 0.07 ms, Copy res: 0.04 ms
[LIBGPUSPATIAL] [ 16455][19:55:28:490860][info  ] RTSpatialRefiner 0x177ea3e0 (Free 22005 MB), Loaded Geometries, ProbeArray 33333, Loaded 6, Type Point
[LIBGPUSPATIAL] [ 16455][19:55:28:490894][info  ] RTSpatialRefiner 0x177ea3e0 (Free 22005 MB), Evaluating 8 Geometry Pairs with Predicate Contains
[LIBGPUSPATIAL] [ 16455][19:55:28:491361][info  ] RTSpatialRefiner 0x177ea3e0 (Free 22005 MB), Profiling Results. Parse: 0.25 ms, Refine: 0.43 ms, Copy Results: 0.04 ms
[LIBGPUSPATIAL] [ 16455][19:55:28:511567][info  ] RTSpatialIndex 0x1b08bef0 (Free 22005 MB), Allocate result buffer, memory consumption 0 MB, capacity 23
[LIBGPUSPATIAL] [ 16455][19:55:28:511702][info  ] RTSpatialIndex 0x1b08bef0 (Free 22005 MB), Probe Points, Size: 100000, Results: 23
[LIBGPUSPATIAL] [ 16455][19:55:28:511751][info  ] RTSpatialIndex 0x1b08bef0 (Free 22005 MB), Profiling Results. Alloc: 0.10 ms, Prepare: 0.27 ms, RT: 0.11 ms, Copy res: 0.05 ms
[LIBGPUSPATIAL] [ 16455][19:55:28:512083][info  ] RTSpatialRefiner 0x177ea3e0 (Free 22005 MB), Loaded Geometries, ProbeArray 100000, Loaded 17, Type Point
[LIBGPUSPATIAL] [ 16455][19:55:28:512118][info  ] RTSpatialRefiner 0x177ea3e0 (Free 22005 MB), Evaluating 23 Geometry Pairs with Predicate Contains
[LIBGPUSPATIAL] [ 16455][19:55:28:512670][info  ] RTSpatialRefiner 0x177ea3e0 (Free 22005 MB), Profiling Results. Parse: 0.28 ms, Refine: 0.51 ms, Copy Results: 0.04 ms
[LIBGPUSPATIAL] [ 16455][19:55:28:523160][info  ] RTSpatialIndex 0x1b08bef0 (Free 22005 MB), Allocate result buffer, memory consumption 0 MB, capacity 12
[LIBGPUSPATIAL] [ 16455][19:55:28:523283][info  ] RTSpatialIndex 0x1b08bef0 (Free 22005 MB), Probe Points, Size: 100000, Results: 12
[LIBGPUSPATIAL] [ 16455][19:55:28:523313][info  ] RTSpatialIndex 0x1b08bef0 (Free 22005 MB), Profiling Results. Alloc: 0.06 ms, Prepare: 0.22 ms, RT: 0.09 ms, Copy res: 0.04 ms
[LIBGPUSPATIAL] [ 16455][19:55:28:523619][info  ] RTSpatialRefiner 0x177ea3e0 (Free 22005 MB), Loaded Geometries, ProbeArray 100000, Loaded 10, Type Point
[LIBGPUSPATIAL] [ 16455][19:55:28:523653][info  ] RTSpatialRefiner 0x177ea3e0 (Free 22005 MB), Evaluating 12 Geometry Pairs with Predicate Contains
[LIBGPUSPATIAL] [ 16455][19:55:28:524209][info  ] RTSpatialRefiner 0x177ea3e0 (Free 22005 MB), Profiling Results. Parse: 0.27 ms, Refine: 0.52 ms, Copy Results: 0.04 ms
[LIBGPUSPATIAL] [ 16455][19:55:28:534462][info  ] RTSpatialIndex 0x1b08bef0 (Free 22005 MB), Allocate result buffer, memory consumption 0 MB, capacity 17
[LIBGPUSPATIAL] [ 16455][19:55:28:534577][info  ] RTSpatialIndex 0x1b08bef0 (Free 22005 MB), Probe Points, Size: 100000, Results: 17
[LIBGPUSPATIAL] [ 16455][19:55:28:534607][info  ] RTSpatialIndex 0x1b08bef0 (Free 22005 MB), Profiling Results. Alloc: 0.05 ms, Prepare: 0.23 ms, RT: 0.08 ms, Copy res: 0.04 ms
[LIBGPUSPATIAL] [ 16455][19:55:28:534909][info  ] RTSpatialRefiner 0x177ea3e0 (Free 22005 MB), Loaded Geometries, ProbeArray 100000, Loaded 14, Type Point
[LIBGPUSPATIAL] [ 16455][19:55:28:534945][info  ] RTSpatialRefiner 0x177ea3e0 (Free 22005 MB), Evaluating 17 Geometry Pairs with Predicate Contains
[LIBGPUSPATIAL] [ 16455][19:55:28:535434][info  ] RTSpatialRefiner 0x177ea3e0 (Free 22005 MB), Profiling Results. Parse: 0.26 ms, Refine: 0.45 ms, Copy Results: 0.04 ms
[LIBGPUSPATIAL] [ 16455][19:55:28:545704][info  ] RTSpatialIndex 0x1b08bef0 (Free 22005 MB), Allocate result buffer, memory consumption 0 MB, capacity 16
[LIBGPUSPATIAL] [ 16455][19:55:28:545837][info  ] RTSpatialIndex 0x1b08bef0 (Free 22005 MB), Probe Points, Size: 100000, Results: 16
[LIBGPUSPATIAL] [ 16455][19:55:28:545868][info  ] RTSpatialIndex 0x1b08bef0 (Free 22005 MB), Profiling Results. Alloc: 0.06 ms, Prepare: 0.22 ms, RT: 0.08 ms, Copy res: 0.04 ms
[LIBGPUSPATIAL] [ 16455][19:55:28:546162][info  ] RTSpatialRefiner 0x177ea3e0 (Free 22005 MB), Loaded Geometries, ProbeArray 100000, Loaded 10, Type Point
[LIBGPUSPATIAL] [ 16455][19:55:28:546195][info  ] RTSpatialRefiner 0x177ea3e0 (Free 22005 MB), Evaluating 16 Geometry Pairs with Predicate Contains
[LIBGPUSPATIAL] [ 16455][19:55:28:546712][info  ] RTSpatialRefiner 0x177ea3e0 (Free 22005 MB), Profiling Results. Parse: 0.25 ms, Refine: 0.48 ms, Copy Results: 0.04 ms
[LIBGPUSPATIAL] [ 16455][19:55:28:556601][info  ] RTSpatialIndex 0x1b08bef0 (Free 22005 MB), Allocate result buffer, memory consumption 0 MB, capacity 22
[LIBGPUSPATIAL] [ 16455][19:55:28:556736][info  ] RTSpatialIndex 0x1b08bef0 (Free 22005 MB), Probe Points, Size: 100000, Results: 22
[LIBGPUSPATIAL] [ 16455][19:55:28:556768][info  ] RTSpatialIndex 0x1b08bef0 (Free 22005 MB), Profiling Results. Alloc: 0.05 ms, Prepare: 0.22 ms, RT: 0.08 ms, Copy res: 0.06 ms
[LIBGPUSPATIAL] [ 16455][19:55:28:557084][info  ] RTSpatialRefiner 0x177ea3e0 (Free 22005 MB), Loaded Geometries, ProbeArray 100000, Loaded 17, Type Point
[LIBGPUSPATIAL] [ 16455][19:55:28:557120][info  ] RTSpatialRefiner 0x177ea3e0 (Free 22005 MB), Evaluating 22 Geometry Pairs with Predicate Contains
[LIBGPUSPATIAL] [ 16455][19:55:28:557627][info  ] RTSpatialRefiner 0x177ea3e0 (Free 22005 MB), Profiling Results. Parse: 0.28 ms, Refine: 0.47 ms, Copy Results: 0.04 ms
[LIBGPUSPATIAL] [ 16455][19:55:28:567923][info  ] RTSpatialIndex 0x1b08bef0 (Free 22005 MB), Allocate result buffer, memory consumption 0 MB, capacity 22
[LIBGPUSPATIAL] [ 16455][19:55:28:568036][info  ] RTSpatialIndex 0x1b08bef0 (Free 22005 MB), Probe Points, Size: 100000, Results: 22
[LIBGPUSPATIAL] [ 16455][19:55:28:568067][info  ] RTSpatialIndex 0x1b08bef0 (Free 22005 MB), Profiling Results. Alloc: 0.05 ms, Prepare: 0.22 ms, RT: 0.07 ms, Copy res: 0.04 ms
[LIBGPUSPATIAL] [ 16455][19:55:28:568364][info  ] RTSpatialRefiner 0x177ea3e0 (Free 22005 MB), Loaded Geometries, ProbeArray 100000, Loaded 19, Type Point
[LIBGPUSPATIAL] [ 16455][19:55:28:568397][info  ] RTSpatialRefiner 0x177ea3e0 (Free 22005 MB), Evaluating 22 Geometry Pairs with Predicate Contains
[LIBGPUSPATIAL] [ 16455][19:55:28:568864][info  ] RTSpatialRefiner 0x177ea3e0 (Free 22005 MB), Profiling Results. Parse: 0.26 ms, Refine: 0.43 ms, Copy Results: 0.04 ms
[LIBGPUSPATIAL] [ 16455][19:55:28:579035][info  ] RTSpatialIndex 0x1b08bef0 (Free 22005 MB), Allocate result buffer, memory consumption 0 MB, capacity 21
[LIBGPUSPATIAL] [ 16455][19:55:28:579155][info  ] RTSpatialIndex 0x1b08bef0 (Free 22005 MB), Probe Points, Size: 100000, Results: 21
[LIBGPUSPATIAL] [ 16455][19:55:28:579185][info  ] RTSpatialIndex 0x1b08bef0 (Free 22005 MB), Profiling Results. Alloc: 0.05 ms, Prepare: 0.23 ms, RT: 0.08 ms, Copy res: 0.04 ms
[LIBGPUSPATIAL] [ 16455][19:55:28:579479][info  ] RTSpatialRefiner 0x177ea3e0 (Free 22005 MB), Loaded Geometries, ProbeArray 100000, Loaded 16, Type Point
[LIBGPUSPATIAL] [ 16455][19:55:28:579512][info  ] RTSpatialRefiner 0x177ea3e0 (Free 22005 MB), Evaluating 21 Geometry Pairs with Predicate Contains
[LIBGPUSPATIAL] [ 16455][19:55:28:580008][info  ] RTSpatialRefiner 0x177ea3e0 (Free 22005 MB), Profiling Results. Parse: 0.25 ms, Refine: 0.46 ms, Copy Results: 0.04 ms
[LIBGPUSPATIAL] [ 16455][19:55:28:590260][info  ] RTSpatialIndex 0x1b08bef0 (Free 22005 MB), Allocate result buffer, memory consumption 0 MB, capacity 29
[LIBGPUSPATIAL] [ 16455][19:55:28:590373][info  ] RTSpatialIndex 0x1b08bef0 (Free 22005 MB), Probe Points, Size: 100000, Results: 29
[LIBGPUSPATIAL] [ 16455][19:55:28:590403][info  ] RTSpatialIndex 0x1b08bef0 (Free 22005 MB), Profiling Results. Alloc: 0.05 ms, Prepare: 0.22 ms, RT: 0.07 ms, Copy res: 0.04 ms
[LIBGPUSPATIAL] [ 16455][19:55:28:590695][info  ] RTSpatialRefiner 0x177ea3e0 (Free 22005 MB), Loaded Geometries, ProbeArray 100000, Loaded 22, Type Point
[LIBGPUSPATIAL] [ 16455][19:55:28:590745][info  ] RTSpatialRefiner 0x177ea3e0 (Free 22005 MB), Evaluating 29 Geometry Pairs with Predicate Contains
[LIBGPUSPATIAL] [ 16455][19:55:28:591232][info  ] RTSpatialRefiner 0x177ea3e0 (Free 22005 MB), Profiling Results. Parse: 0.25 ms, Refine: 0.47 ms, Copy Results: 0.04 ms
[LIBGPUSPATIAL] [ 16455][19:55:28:601484][info  ] RTSpatialIndex 0x1b08bef0 (Free 22005 MB), Allocate result buffer, memory consumption 0 MB, capacity 28
[LIBGPUSPATIAL] [ 16455][19:55:28:601602][info  ] RTSpatialIndex 0x1b08bef0 (Free 22005 MB), Probe Points, Size: 100000, Results: 28
[LIBGPUSPATIAL] [ 16455][19:55:28:601632][info  ] RTSpatialIndex 0x1b08bef0 (Free 22005 MB), Profiling Results. Alloc: 0.05 ms, Prepare: 0.22 ms, RT: 0.08 ms, Copy res: 0.04 ms
[LIBGPUSPATIAL] [ 16455][19:55:28:601947][info  ] RTSpatialRefiner 0x177ea3e0 (Free 22005 MB), Loaded Geometries, ProbeArray 100000, Loaded 21, Type Point
[LIBGPUSPATIAL] [ 16455][19:55:28:601981][info  ] RTSpatialRefiner 0x177ea3e0 (Free 22005 MB), Evaluating 28 Geometry Pairs with Predicate Contains
[LIBGPUSPATIAL] [ 16455][19:55:28:602465][info  ] RTSpatialRefiner 0x177ea3e0 (Free 22005 MB), Profiling Results. Parse: 0.28 ms, Refine: 0.45 ms, Copy Results: 0.04 ms
[LIBGPUSPATIAL] [ 16455][19:55:28:612823][info  ] RTSpatialIndex 0x1b08bef0 (Free 22005 MB), Allocate result buffer, memory consumption 0 MB, capacity 16
[LIBGPUSPATIAL] [ 16455][19:55:28:612936][info  ] RTSpatialIndex 0x1b08bef0 (Free 22005 MB), Probe Points, Size: 100000, Results: 16
[LIBGPUSPATIAL] [ 16455][19:55:28:612967][info  ] RTSpatialIndex 0x1b08bef0 (Free 22005 MB), Profiling Results. Alloc: 0.05 ms, Prepare: 0.24 ms, RT: 0.07 ms, Copy res: 0.04 ms
[LIBGPUSPATIAL] [ 16455][19:55:28:613276][info  ] RTSpatialRefiner 0x177ea3e0 (Free 22005 MB), Loaded Geometries, ProbeArray 100000, Loaded 15, Type Point
[LIBGPUSPATIAL] [ 16455][19:55:28:613310][info  ] RTSpatialRefiner 0x177ea3e0 (Free 22005 MB), Evaluating 16 Geometry Pairs with Predicate Contains
[LIBGPUSPATIAL] [ 16455][19:55:28:613814][info  ] RTSpatialRefiner 0x177ea3e0 (Free 22005 MB), Profiling Results. Parse: 0.26 ms, Refine: 0.46 ms, Copy Results: 0.04 ms
[LIBGPUSPATIAL] [ 16455][19:55:28:624056][info  ] RTSpatialIndex 0x1b08bef0 (Free 22005 MB), Allocate result buffer, memory consumption 0 MB, capacity 34
[LIBGPUSPATIAL] [ 16455][19:55:28:624170][info  ] RTSpatialIndex 0x1b08bef0 (Free 22005 MB), Probe Points, Size: 100000, Results: 34
[LIBGPUSPATIAL] [ 16455][19:55:28:624200][info  ] RTSpatialIndex 0x1b08bef0 (Free 22005 MB), Profiling Results. Alloc: 0.05 ms, Prepare: 0.22 ms, RT: 0.08 ms, Copy res: 0.04 ms
[LIBGPUSPATIAL] [ 16455][19:55:28:624506][info  ] RTSpatialRefiner 0x177ea3e0 (Free 22005 MB), Loaded Geometries, ProbeArray 100000, Loaded 27, Type Point
[LIBGPUSPATIAL] [ 16455][19:55:28:624540][info  ] RTSpatialRefiner 0x177ea3e0 (Free 22005 MB), Evaluating 34 Geometry Pairs with Predicate Contains
[LIBGPUSPATIAL] [ 16455][19:55:28:625160][info  ] RTSpatialRefiner 0x177ea3e0 (Free 22005 MB), Profiling Results. Parse: 0.27 ms, Refine: 0.58 ms, Copy Results: 0.04 ms
[LIBGPUSPATIAL] [ 16455][19:55:28:635003][info  ] RTSpatialIndex 0x1b08bef0 (Free 22005 MB), Allocate result buffer, memory consumption 0 MB, capacity 19
[LIBGPUSPATIAL] [ 16455][19:55:28:635113][info  ] RTSpatialIndex 0x1b08bef0 (Free 22005 MB), Probe Points, Size: 100000, Results: 19
[LIBGPUSPATIAL] [ 16455][19:55:28:635143][info  ] RTSpatialIndex 0x1b08bef0 (Free 22005 MB), Profiling Results. Alloc: 0.05 ms, Prepare: 0.23 ms, RT: 0.07 ms, Copy res: 0.04 ms
[LIBGPUSPATIAL] [ 16455][19:55:28:635446][info  ] RTSpatialRefiner 0x177ea3e0 (Free 22005 MB), Loaded Geometries, ProbeArray 100000, Loaded 14, Type Point
[LIBGPUSPATIAL] [ 16455][19:55:28:635481][info  ] RTSpatialRefiner 0x177ea3e0 (Free 22005 MB), Evaluating 19 Geometry Pairs with Predicate Contains
[LIBGPUSPATIAL] [ 16455][19:55:28:636004][info  ] RTSpatialRefiner 0x177ea3e0 (Free 22005 MB), Profiling Results. Parse: 0.26 ms, Refine: 0.49 ms, Copy Results: 0.04 ms
[LIBGPUSPATIAL] [ 16455][19:55:28:646271][info  ] RTSpatialIndex 0x1b08bef0 (Free 22005 MB), Allocate result buffer, memory consumption 0 MB, capacity 21
[LIBGPUSPATIAL] [ 16455][19:55:28:646390][info  ] RTSpatialIndex 0x1b08bef0 (Free 22005 MB), Probe Points, Size: 100000, Results: 21
[LIBGPUSPATIAL] [ 16455][19:55:28:646420][info  ] RTSpatialIndex 0x1b08bef0 (Free 22005 MB), Profiling Results. Alloc: 0.05 ms, Prepare: 0.22 ms, RT: 0.08 ms, Copy res: 0.04 ms
[LIBGPUSPATIAL] [ 16455][19:55:28:646790][info  ] RTSpatialRefiner 0x177ea3e0 (Free 22005 MB), Loaded Geometries, ProbeArray 100000, Loaded 14, Type Point
[LIBGPUSPATIAL] [ 16455][19:55:28:646825][info  ] RTSpatialRefiner 0x177ea3e0 (Free 22005 MB), Evaluating 21 Geometry Pairs with Predicate Contains
[LIBGPUSPATIAL] [ 16455][19:55:28:647352][info  ] RTSpatialRefiner 0x177ea3e0 (Free 22005 MB), Profiling Results. Parse: 0.32 ms, Refine: 0.48 ms, Copy Results: 0.04 ms
[LIBGPUSPATIAL] [ 16455][19:55:28:650937][info  ] RTSpatialIndex 0x1b08bef0 (Free 22005 MB), Allocate result buffer, memory consumption 0 MB, capacity 7
[LIBGPUSPATIAL] [ 16455][19:55:28:651032][info  ] RTSpatialIndex 0x1b08bef0 (Free 22005 MB), Probe Points, Size: 33333, Results: 7
[LIBGPUSPATIAL] [ 16455][19:55:28:651055][info  ] RTSpatialIndex 0x1b08bef0 (Free 22005 MB), Profiling Results. Alloc: 0.04 ms, Prepare: 0.12 ms, RT: 0.06 ms, Copy res: 0.04 ms
[LIBGPUSPATIAL] [ 16455][19:55:28:651345][info  ] RTSpatialRefiner 0x177ea3e0 (Free 22005 MB), Loaded Geometries, ProbeArray 33333, Loaded 6, Type Point
[LIBGPUSPATIAL] [ 16455][19:55:28:651371][info  ] RTSpatialRefiner 0x177ea3e0 (Free 22005 MB), Evaluating 7 Geometry Pairs with Predicate Contains
[LIBGPUSPATIAL] [ 16455][19:55:28:651820][info  ] RTSpatialRefiner 0x177ea3e0 (Free 22005 MB), Profiling Results. Parse: 0.26 ms, Refine: 0.40 ms, Copy Results: 0.04 ms
[LIBGPUSPATIAL] [ 16455][19:55:28:672300][info  ] RTSpatialIndex 0x1b08bef0 (Free 22005 MB), Allocate result buffer, memory consumption 0 MB, capacity 35
[LIBGPUSPATIAL] [ 16455][19:55:28:672417][info  ] RTSpatialIndex 0x1b08bef0 (Free 22005 MB), Probe Points, Size: 100000, Results: 35
[LIBGPUSPATIAL] [ 16455][19:55:28:672444][info  ] RTSpatialIndex 0x1b08bef0 (Free 22005 MB), Profiling Results. Alloc: 0.09 ms, Prepare: 0.27 ms, RT: 0.11 ms, Copy res: 0.04 ms
[LIBGPUSPATIAL] [ 16455][19:55:28:672793][info  ] RTSpatialRefiner 0x177ea3e0 (Free 22005 MB), Loaded Geometries, ProbeArray 100000, Loaded 22, Type Point
[LIBGPUSPATIAL] [ 16455][19:55:28:672819][info  ] RTSpatialRefiner 0x177ea3e0 (Free 22005 MB), Evaluating 35 Geometry Pairs with Predicate Contains
[LIBGPUSPATIAL] [ 16455][19:55:28:673445][info  ] RTSpatialRefiner 0x177ea3e0 (Free 22005 MB), Profiling Results. Parse: 0.30 ms, Refine: 0.56 ms, Copy Results: 0.05 ms
[LIBGPUSPATIAL] [ 16455][19:55:28:684022][info  ] RTSpatialIndex 0x1b08bef0 (Free 22005 MB), Allocate result buffer, memory consumption 0 MB, capacity 20
[LIBGPUSPATIAL] [ 16455][19:55:28:684127][info  ] RTSpatialIndex 0x1b08bef0 (Free 22005 MB), Probe Points, Size: 100000, Results: 20
[LIBGPUSPATIAL] [ 16455][19:55:28:684151][info  ] RTSpatialIndex 0x1b08bef0 (Free 22005 MB), Profiling Results. Alloc: 0.05 ms, Prepare: 0.24 ms, RT: 0.08 ms, Copy res: 0.04 ms
[LIBGPUSPATIAL] [ 16455][19:55:28:684453][info  ] RTSpatialRefiner 0x177ea3e0 (Free 22005 MB), Loaded Geometries, ProbeArray 100000, Loaded 15, Type Point
[LIBGPUSPATIAL] [ 16455][19:55:28:684480][info  ] RTSpatialRefiner 0x177ea3e0 (Free 22005 MB), Evaluating 20 Geometry Pairs with Predicate Contains
[LIBGPUSPATIAL] [ 16455][19:55:28:685005][info  ] RTSpatialRefiner 0x177ea3e0 (Free 22005 MB), Profiling Results. Parse: 0.27 ms, Refine: 0.47 ms, Copy Results: 0.04 ms
[LIBGPUSPATIAL] [ 16455][19:55:28:695284][info  ] RTSpatialIndex 0x1b08bef0 (Free 22005 MB), Allocate result buffer, memory consumption 0 MB, capacity 22
[LIBGPUSPATIAL] [ 16455][19:55:28:695385][info  ] RTSpatialIndex 0x1b08bef0 (Free 22005 MB), Probe Points, Size: 100000, Results: 22
[LIBGPUSPATIAL] [ 16455][19:55:28:695407][info  ] RTSpatialIndex 0x1b08bef0 (Free 22005 MB), Profiling Results. Alloc: 0.05 ms, Prepare: 0.22 ms, RT: 0.07 ms, Copy res: 0.04 ms
[LIBGPUSPATIAL] [ 16455][19:55:28:695685][info  ] RTSpatialRefiner 0x177ea3e0 (Free 22005 MB), Loaded Geometries, ProbeArray 100000, Loaded 16, Type Point
[LIBGPUSPATIAL] [ 16455][19:55:28:695710][info  ] RTSpatialRefiner 0x177ea3e0 (Free 22005 MB), Evaluating 22 Geometry Pairs with Predicate Contains
[LIBGPUSPATIAL] [ 16455][19:55:28:696223][info  ] RTSpatialRefiner 0x177ea3e0 (Free 22005 MB), Profiling Results. Parse: 0.24 ms, Refine: 0.47 ms, Copy Results: 0.04 ms
[LIBGPUSPATIAL] [ 16455][19:55:28:706503][info  ] RTSpatialIndex 0x1b08bef0 (Free 22005 MB), Allocate result buffer, memory consumption 0 MB, capacity 17
[LIBGPUSPATIAL] [ 16455][19:55:28:706605][info  ] RTSpatialIndex 0x1b08bef0 (Free 22005 MB), Probe Points, Size: 100000, Results: 17
[LIBGPUSPATIAL] [ 16455][19:55:28:706627][info  ] RTSpatialIndex 0x1b08bef0 (Free 22005 MB), Profiling Results. Alloc: 0.05 ms, Prepare: 0.22 ms, RT: 0.08 ms, Copy res: 0.04 ms
[LIBGPUSPATIAL] [ 16455][19:55:28:706927][info  ] RTSpatialRefiner 0x177ea3e0 (Free 22005 MB), Loaded Geometries, ProbeArray 100000, Loaded 14, Type Point
[LIBGPUSPATIAL] [ 16455][19:55:28:706956][info  ] RTSpatialRefiner 0x177ea3e0 (Free 22005 MB), Evaluating 17 Geometry Pairs with Predicate Contains
[LIBGPUSPATIAL] [ 16455][19:55:28:707421][info  ] RTSpatialRefiner 0x177ea3e0 (Free 22005 MB), Profiling Results. Parse: 0.27 ms, Refine: 0.42 ms, Copy Results: 0.04 ms
[LIBGPUSPATIAL] [ 16455][19:55:28:717322][info  ] RTSpatialIndex 0x1b08bef0 (Free 22005 MB), Allocate result buffer, memory consumption 0 MB, capacity 21
[LIBGPUSPATIAL] [ 16455][19:55:28:717417][info  ] RTSpatialIndex 0x1b08bef0 (Free 22005 MB), Probe Points, Size: 100000, Results: 21
[LIBGPUSPATIAL] [ 16455][19:55:28:717440][info  ] RTSpatialIndex 0x1b08bef0 (Free 22005 MB), Profiling Results. Alloc: 0.05 ms, Prepare: 0.22 ms, RT: 0.06 ms, Copy res: 0.04 ms
[LIBGPUSPATIAL] [ 16455][19:55:28:717753][info  ] RTSpatialRefiner 0x177ea3e0 (Free 22005 MB), Loaded Geometries, ProbeArray 100000, Loaded 18, Type Point
[LIBGPUSPATIAL] [ 16455][19:55:28:717779][info  ] RTSpatialRefiner 0x177ea3e0 (Free 22005 MB), Evaluating 21 Geometry Pairs with Predicate Contains
[LIBGPUSPATIAL] [ 16455][19:55:28:718272][info  ] RTSpatialRefiner 0x177ea3e0 (Free 22005 MB), Profiling Results. Parse: 0.26 ms, Refine: 0.45 ms, Copy Results: 0.04 ms
[LIBGPUSPATIAL] [ 16455][19:55:28:728628][info  ] RTSpatialIndex 0x1b08bef0 (Free 22005 MB), Allocate result buffer, memory consumption 0 MB, capacity 35
[LIBGPUSPATIAL] [ 16455][19:55:28:728750][info  ] RTSpatialIndex 0x1b08bef0 (Free 22005 MB), Probe Points, Size: 100000, Results: 35
[LIBGPUSPATIAL] [ 16455][19:55:28:728777][info  ] RTSpatialIndex 0x1b08bef0 (Free 22005 MB), Profiling Results. Alloc: 0.05 ms, Prepare: 0.22 ms, RT: 0.08 ms, Copy res: 0.06 ms
[LIBGPUSPATIAL] [ 16455][19:55:28:729077][info  ] RTSpatialRefiner 0x177ea3e0 (Free 22005 MB), Loaded Geometries, ProbeArray 100000, Loaded 23, Type Point
[LIBGPUSPATIAL] [ 16455][19:55:28:729103][info  ] RTSpatialRefiner 0x177ea3e0 (Free 22005 MB), Evaluating 35 Geometry Pairs with Predicate Contains
[LIBGPUSPATIAL] [ 16455][19:55:28:729610][info  ] RTSpatialRefiner 0x177ea3e0 (Free 22005 MB), Profiling Results. Parse: 0.26 ms, Refine: 0.46 ms, Copy Results: 0.04 ms
[LIBGPUSPATIAL] [ 16455][19:55:28:739819][info  ] RTSpatialIndex 0x1b08bef0 (Free 22005 MB), Allocate result buffer, memory consumption 0 MB, capacity 20
[LIBGPUSPATIAL] [ 16455][19:55:28:739922][info  ] RTSpatialIndex 0x1b08bef0 (Free 22005 MB), Probe Points, Size: 100000, Results: 20
[LIBGPUSPATIAL] [ 16455][19:55:28:739945][info  ] RTSpatialIndex 0x1b08bef0 (Free 22005 MB), Profiling Results. Alloc: 0.05 ms, Prepare: 0.23 ms, RT: 0.08 ms, Copy res: 0.04 ms
[LIBGPUSPATIAL] [ 16455][19:55:28:740238][info  ] RTSpatialRefiner 0x177ea3e0 (Free 22005 MB), Loaded Geometries, ProbeArray 100000, Loaded 14, Type Point
[LIBGPUSPATIAL] [ 16455][19:55:28:740264][info  ] RTSpatialRefiner 0x177ea3e0 (Free 22005 MB), Evaluating 20 Geometry Pairs with Predicate Contains
[LIBGPUSPATIAL] [ 16455][19:55:28:740806][info  ] RTSpatialRefiner 0x177ea3e0 (Free 22005 MB), Profiling Results. Parse: 0.26 ms, Refine: 0.47 ms, Copy Results: 0.07 ms
[LIBGPUSPATIAL] [ 16455][19:55:28:751069][info  ] RTSpatialIndex 0x1b08bef0 (Free 22005 MB), Allocate result buffer, memory consumption 0 MB, capacity 26
[LIBGPUSPATIAL] [ 16455][19:55:28:751166][info  ] RTSpatialIndex 0x1b08bef0 (Free 22005 MB), Probe Points, Size: 100000, Results: 26
[LIBGPUSPATIAL] [ 16455][19:55:28:751188][info  ] RTSpatialIndex 0x1b08bef0 (Free 22005 MB), Profiling Results. Alloc: 0.05 ms, Prepare: 0.23 ms, RT: 0.06 ms, Copy res: 0.04 ms
[LIBGPUSPATIAL] [ 16455][19:55:28:751489][info  ] RTSpatialRefiner 0x177ea3e0 (Free 22005 MB), Loaded Geometries, ProbeArray 100000, Loaded 20, Type Point
[LIBGPUSPATIAL] [ 16455][19:55:28:751515][info  ] RTSpatialRefiner 0x177ea3e0 (Free 22005 MB), Evaluating 26 Geometry Pairs with Predicate Contains
[LIBGPUSPATIAL] [ 16455][19:55:28:751983][info  ] RTSpatialRefiner 0x177ea3e0 (Free 22005 MB), Profiling Results. Parse: 0.27 ms, Refine: 0.42 ms, Copy Results: 0.04 ms
[LIBGPUSPATIAL] [ 16455][19:55:28:762262][info  ] RTSpatialIndex 0x1b08bef0 (Free 22005 MB), Allocate result buffer, memory consumption 0 MB, capacity 30
[LIBGPUSPATIAL] [ 16455][19:55:28:762385][info  ] RTSpatialIndex 0x1b08bef0 (Free 22005 MB), Probe Points, Size: 100000, Results: 30
[LIBGPUSPATIAL] [ 16455][19:55:28:762416][info  ] RTSpatialIndex 0x1b08bef0 (Free 22005 MB), Profiling Results. Alloc: 0.05 ms, Prepare: 0.22 ms, RT: 0.08 ms, Copy res: 0.05 ms
[LIBGPUSPATIAL] [ 16455][19:55:28:762763][info  ] RTSpatialRefiner 0x177ea3e0 (Free 22005 MB), Loaded Geometries, ProbeArray 100000, Loaded 23, Type Point
[LIBGPUSPATIAL] [ 16455][19:55:28:762790][info  ] RTSpatialRefiner 0x177ea3e0 (Free 22005 MB), Evaluating 30 Geometry Pairs with Predicate Contains
[LIBGPUSPATIAL] [ 16455][19:55:28:763314][info  ] RTSpatialRefiner 0x177ea3e0 (Free 22005 MB), Profiling Results. Parse: 0.30 ms, Refine: 0.48 ms, Copy Results: 0.04 ms
[LIBGPUSPATIAL] [ 16455][19:55:28:773567][info  ] RTSpatialIndex 0x1b08bef0 (Free 22005 MB), Allocate result buffer, memory consumption 0 MB, capacity 23
[LIBGPUSPATIAL] [ 16455][19:55:28:773670][info  ] RTSpatialIndex 0x1b08bef0 (Free 22005 MB), Probe Points, Size: 100000, Results: 23
[LIBGPUSPATIAL] [ 16455][19:55:28:773693][info  ] RTSpatialIndex 0x1b08bef0 (Free 22005 MB), Profiling Results. Alloc: 0.04 ms, Prepare: 0.22 ms, RT: 0.07 ms, Copy res: 0.04 ms
[LIBGPUSPATIAL] [ 16455][19:55:28:773987][info  ] RTSpatialRefiner 0x177ea3e0 (Free 22005 MB), Loaded Geometries, ProbeArray 100000, Loaded 18, Type Point
[LIBGPUSPATIAL] [ 16455][19:55:28:774018][info  ] RTSpatialRefiner 0x177ea3e0 (Free 22005 MB), Evaluating 23 Geometry Pairs with Predicate Contains
[LIBGPUSPATIAL] [ 16455][19:55:28:774541][info  ] RTSpatialRefiner 0x177ea3e0 (Free 22005 MB), Profiling Results. Parse: 0.26 ms, Refine: 0.49 ms, Copy Results: 0.04 ms
[LIBGPUSPATIAL] [ 16455][19:55:28:784823][info  ] RTSpatialIndex 0x1b08bef0 (Free 22005 MB), Allocate result buffer, memory consumption 0 MB, capacity 20
[LIBGPUSPATIAL] [ 16455][19:55:28:784927][info  ] RTSpatialIndex 0x1b08bef0 (Free 22005 MB), Probe Points, Size: 100000, Results: 20
[LIBGPUSPATIAL] [ 16455][19:55:28:784950][info  ] RTSpatialIndex 0x1b08bef0 (Free 22005 MB), Profiling Results. Alloc: 0.05 ms, Prepare: 0.23 ms, RT: 0.07 ms, Copy res: 0.04 ms
[LIBGPUSPATIAL] [ 16455][19:55:28:785245][info  ] RTSpatialRefiner 0x177ea3e0 (Free 22005 MB), Loaded Geometries, ProbeArray 100000, Loaded 15, Type Point
[LIBGPUSPATIAL] [ 16455][19:55:28:785270][info  ] RTSpatialRefiner 0x177ea3e0 (Free 22005 MB), Evaluating 20 Geometry Pairs with Predicate Contains
[LIBGPUSPATIAL] [ 16455][19:55:28:785768][info  ] RTSpatialRefiner 0x177ea3e0 (Free 22005 MB), Profiling Results. Parse: 0.26 ms, Refine: 0.43 ms, Copy Results: 0.06 ms
[LIBGPUSPATIAL] [ 16455][19:55:28:795651][info  ] RTSpatialIndex 0x1b08bef0 (Free 22005 MB), Allocate result buffer, memory consumption 0 MB, capacity 37
[LIBGPUSPATIAL] [ 16455][19:55:28:795759][info  ] RTSpatialIndex 0x1b08bef0 (Free 22005 MB), Probe Points, Size: 100000, Results: 37
[LIBGPUSPATIAL] [ 16455][19:55:28:795781][info  ] RTSpatialIndex 0x1b08bef0 (Free 22005 MB), Profiling Results. Alloc: 0.04 ms, Prepare: 0.22 ms, RT: 0.07 ms, Copy res: 0.06 ms
[LIBGPUSPATIAL] [ 16455][19:55:28:796076][info  ] RTSpatialRefiner 0x177ea3e0 (Free 22005 MB), Loaded Geometries, ProbeArray 100000, Loaded 30, Type Point
[LIBGPUSPATIAL] [ 16455][19:55:28:796101][info  ] RTSpatialRefiner 0x177ea3e0 (Free 22005 MB), Evaluating 37 Geometry Pairs with Predicate Contains
[LIBGPUSPATIAL] [ 16455][19:55:28:796573][info  ] RTSpatialRefiner 0x177ea3e0 (Free 22005 MB), Profiling Results. Parse: 0.26 ms, Refine: 0.42 ms, Copy Results: 0.04 ms
[LIBGPUSPATIAL] [ 16455][19:55:28:806854][info  ] RTSpatialIndex 0x1b08bef0 (Free 22005 MB), Allocate result buffer, memory consumption 0 MB, capacity 24
[LIBGPUSPATIAL] [ 16455][19:55:28:806967][info  ] RTSpatialIndex 0x1b08bef0 (Free 22005 MB), Probe Points, Size: 100000, Results: 24
[LIBGPUSPATIAL] [ 16455][19:55:28:806993][info  ] RTSpatialIndex 0x1b08bef0 (Free 22005 MB), Profiling Results. Alloc: 0.05 ms, Prepare: 0.22 ms, RT: 0.08 ms, Copy res: 0.04 ms
[LIBGPUSPATIAL] [ 16455][19:55:28:807299][info  ] RTSpatialRefiner 0x177ea3e0 (Free 22005 MB), Loaded Geometries, ProbeArray 100000, Loaded 21, Type Point
[LIBGPUSPATIAL] [ 16455][19:55:28:807327][info  ] RTSpatialRefiner 0x177ea3e0 (Free 22005 MB), Evaluating 24 Geometry Pairs with Predicate Contains
[LIBGPUSPATIAL] [ 16455][19:55:28:807824][info  ] RTSpatialRefiner 0x177ea3e0 (Free 22005 MB), Profiling Results. Parse: 0.27 ms, Refine: 0.45 ms, Copy Results: 0.04 ms
[LIBGPUSPATIAL] [ 16455][19:55:28:811358][info  ] RTSpatialIndex 0x1b08bef0 (Free 22005 MB), Allocate result buffer, memory consumption 0 MB, capacity 7
[LIBGPUSPATIAL] [ 16455][19:55:28:811452][info  ] RTSpatialIndex 0x1b08bef0 (Free 22005 MB), Probe Points, Size: 33333, Results: 7
[LIBGPUSPATIAL] [ 16455][19:55:28:811474][info  ] RTSpatialIndex 0x1b08bef0 (Free 22005 MB), Profiling Results. Alloc: 0.04 ms, Prepare: 0.12 ms, RT: 0.06 ms, Copy res: 0.04 ms
[LIBGPUSPATIAL] [ 16455][19:55:28:811762][info  ] RTSpatialRefiner 0x177ea3e0 (Free 22005 MB), Loaded Geometries, ProbeArray 33333, Loaded 6, Type Point
[LIBGPUSPATIAL] [ 16455][19:55:28:811788][info  ] RTSpatialRefiner 0x177ea3e0 (Free 22005 MB), Evaluating 7 Geometry Pairs with Predicate Contains
[LIBGPUSPATIAL] [ 16455][19:55:28:812244][info  ] RTSpatialRefiner 0x177ea3e0 (Free 22005 MB), Profiling Results. Parse: 0.25 ms, Refine: 0.41 ms, Copy Results: 0.04 ms
[LIBGPUSPATIAL] [ 16455][19:55:28:832419][info  ] RTSpatialIndex 0x1b08bef0 (Free 22005 MB), Allocate result buffer, memory consumption 0 MB, capacity 18
[LIBGPUSPATIAL] [ 16455][19:55:28:832544][info  ] RTSpatialIndex 0x1b08bef0 (Free 22005 MB), Probe Points, Size: 100000, Results: 18
[LIBGPUSPATIAL] [ 16455][19:55:28:832574][info  ] RTSpatialIndex 0x1b08bef0 (Free 22005 MB), Profiling Results. Alloc: 0.10 ms, Prepare: 0.27 ms, RT: 0.11 ms, Copy res: 0.04 ms
[LIBGPUSPATIAL] [ 16455][19:55:28:832909][info  ] RTSpatialRefiner 0x177ea3e0 (Free 22005 MB), Loaded Geometries, ProbeArray 100000, Loaded 15, Type Point
[LIBGPUSPATIAL] [ 16455][19:55:28:832938][info  ] RTSpatialRefiner 0x177ea3e0 (Free 22005 MB), Evaluating 18 Geometry Pairs with Predicate Contains
[LIBGPUSPATIAL] [ 16455][19:55:28:833489][info  ] RTSpatialRefiner 0x177ea3e0 (Free 22005 MB), Profiling Results. Parse: 0.28 ms, Refine: 0.49 ms, Copy Results: 0.05 ms
[LIBGPUSPATIAL] [ 16455][19:55:28:844008][info  ] RTSpatialIndex 0x1b08bef0 (Free 22005 MB), Allocate result buffer, memory consumption 0 MB, capacity 18
[LIBGPUSPATIAL] [ 16455][19:55:28:844128][info  ] RTSpatialIndex 0x1b08bef0 (Free 22005 MB), Probe Points, Size: 100000, Results: 18
[LIBGPUSPATIAL] [ 16455][19:55:28:844154][info  ] RTSpatialIndex 0x1b08bef0 (Free 22005 MB), Profiling Results. Alloc: 0.06 ms, Prepare: 0.24 ms, RT: 0.09 ms, Copy res: 0.04 ms
[LIBGPUSPATIAL] [ 16455][19:55:28:844446][info  ] RTSpatialRefiner 0x177ea3e0 (Free 22005 MB), Loaded Geometries, ProbeArray 100000, Loaded 14, Type Point
[LIBGPUSPATIAL] [ 16455][19:55:28:844476][info  ] RTSpatialRefiner 0x177ea3e0 (Free 22005 MB), Evaluating 18 Geometry Pairs with Predicate Contains
[LIBGPUSPATIAL] [ 16455][19:55:28:844962][info  ] RTSpatialRefiner 0x177ea3e0 (Free 22005 MB), Profiling Results. Parse: 0.25 ms, Refine: 0.44 ms, Copy Results: 0.04 ms
[LIBGPUSPATIAL] [ 16455][19:55:28:855269][info  ] RTSpatialIndex 0x1b08bef0 (Free 22005 MB), Allocate result buffer, memory consumption 0 MB, capacity 29
[LIBGPUSPATIAL] [ 16455][19:55:28:855371][info  ] RTSpatialIndex 0x1b08bef0 (Free 22005 MB), Probe Points, Size: 100000, Results: 29
[LIBGPUSPATIAL] [ 16455][19:55:28:855395][info  ] RTSpatialIndex 0x1b08bef0 (Free 22005 MB), Profiling Results. Alloc: 0.05 ms, Prepare: 0.23 ms, RT: 0.07 ms, Copy res: 0.04 ms
[LIBGPUSPATIAL] [ 16455][19:55:28:855660][info  ] RTSpatialRefiner 0x177ea3e0 (Free 22005 MB), Loaded Geometries, ProbeArray 100000, Loaded 24, Type Point
[LIBGPUSPATIAL] [ 16455][19:55:28:855686][info  ] RTSpatialRefiner 0x177ea3e0 (Free 22005 MB), Evaluating 29 Geometry Pairs with Predicate Contains
[LIBGPUSPATIAL] [ 16455][19:55:28:856254][info  ] RTSpatialRefiner 0x177ea3e0 (Free 22005 MB), Profiling Results. Parse: 0.23 ms, Refine: 0.53 ms, Copy Results: 0.04 ms
[LIBGPUSPATIAL] [ 16455][19:55:28:866548][info  ] RTSpatialIndex 0x1b08bef0 (Free 22005 MB), Allocate result buffer, memory consumption 0 MB, capacity 13
[LIBGPUSPATIAL] [ 16455][19:55:28:866642][info  ] RTSpatialIndex 0x1b08bef0 (Free 22005 MB), Probe Points, Size: 100000, Results: 13
[LIBGPUSPATIAL] [ 16455][19:55:28:866665][info  ] RTSpatialIndex 0x1b08bef0 (Free 22005 MB), Profiling Results. Alloc: 0.04 ms, Prepare: 0.22 ms, RT: 0.06 ms, Copy res: 0.04 ms
[LIBGPUSPATIAL] [ 16455][19:55:28:866953][info  ] RTSpatialRefiner 0x177ea3e0 (Free 22005 MB), Loaded Geometries, ProbeArray 100000, Loaded 12, Type Point
[LIBGPUSPATIAL] [ 16455][19:55:28:866979][info  ] RTSpatialRefiner 0x177ea3e0 (Free 22005 MB), Evaluating 13 Geometry Pairs with Predicate Contains
[LIBGPUSPATIAL] [ 16455][19:55:28:867495][info  ] RTSpatialRefiner 0x177ea3e0 (Free 22005 MB), Profiling Results. Parse: 0.25 ms, Refine: 0.47 ms, Copy Results: 0.04 ms
[LIBGPUSPATIAL] [ 16455][19:55:28:877384][info  ] RTSpatialIndex 0x1b08bef0 (Free 22005 MB), Allocate result buffer, memory consumption 0 MB, capacity 22
[LIBGPUSPATIAL] [ 16455][19:55:28:877496][info  ] RTSpatialIndex 0x1b08bef0 (Free 22005 MB), Probe Points, Size: 100000, Results: 22
[LIBGPUSPATIAL] [ 16455][19:55:28:877522][info  ] RTSpatialIndex 0x1b08bef0 (Free 22005 MB), Profiling Results. Alloc: 0.05 ms, Prepare: 0.22 ms, RT: 0.08 ms, Copy res: 0.04 ms
[LIBGPUSPATIAL] [ 16455][19:55:28:877829][info  ] RTSpatialRefiner 0x177ea3e0 (Free 22005 MB), Loaded Geometries, ProbeArray 100000, Loaded 16, Type Point
[LIBGPUSPATIAL] [ 16455][19:55:28:877858][info  ] RTSpatialRefiner 0x177ea3e0 (Free 22005 MB), Evaluating 22 Geometry Pairs with Predicate Contains
[LIBGPUSPATIAL] [ 16455][19:55:28:878373][info  ] RTSpatialRefiner 0x177ea3e0 (Free 22005 MB), Profiling Results. Parse: 0.26 ms, Refine: 0.47 ms, Copy Results: 0.04 ms
[LIBGPUSPATIAL] [ 16455][19:55:28:888763][info  ] RTSpatialIndex 0x1b08bef0 (Free 22005 MB), Allocate result buffer, memory consumption 0 MB, capacity 27
[LIBGPUSPATIAL] [ 16455][19:55:28:888870][info  ] RTSpatialIndex 0x1b08bef0 (Free 22005 MB), Probe Points, Size: 100000, Results: 27
[LIBGPUSPATIAL] [ 16455][19:55:28:888896][info  ] RTSpatialIndex 0x1b08bef0 (Free 22005 MB), Profiling Results. Alloc: 0.07 ms, Prepare: 0.23 ms, RT: 0.07 ms, Copy res: 0.04 ms
[LIBGPUSPATIAL] [ 16455][19:55:28:889180][info  ] RTSpatialRefiner 0x177ea3e0 (Free 22005 MB), Loaded Geometries, ProbeArray 100000, Loaded 19, Type Point
[LIBGPUSPATIAL] [ 16455][19:55:28:889207][info  ] RTSpatialRefiner 0x177ea3e0 (Free 22005 MB), Evaluating 27 Geometry Pairs with Predicate Contains
[LIBGPUSPATIAL] [ 16455][19:55:28:889785][info  ] RTSpatialRefiner 0x177ea3e0 (Free 22005 MB), Profiling Results. Parse: 0.24 ms, Refine: 0.52 ms, Copy Results: 0.06 ms
[LIBGPUSPATIAL] [ 16455][19:55:28:899914][info  ] RTSpatialIndex 0x1b08bef0 (Free 22005 MB), Allocate result buffer, memory consumption 0 MB, capacity 16
[LIBGPUSPATIAL] [ 16455][19:55:28:900019][info  ] RTSpatialIndex 0x1b08bef0 (Free 22005 MB), Probe Points, Size: 100000, Results: 16
[LIBGPUSPATIAL] [ 16455][19:55:28:900044][info  ] RTSpatialIndex 0x1b08bef0 (Free 22005 MB), Profiling Results. Alloc: 0.05 ms, Prepare: 0.23 ms, RT: 0.07 ms, Copy res: 0.04 ms
[LIBGPUSPATIAL] [ 16455][19:55:28:900333][info  ] RTSpatialRefiner 0x177ea3e0 (Free 22005 MB), Loaded Geometries, ProbeArray 100000, Loaded 14, Type Point
[LIBGPUSPATIAL] [ 16455][19:55:28:900361][info  ] RTSpatialRefiner 0x177ea3e0 (Free 22005 MB), Evaluating 16 Geometry Pairs with Predicate Contains
[LIBGPUSPATIAL] [ 16455][19:55:28:900851][info  ] RTSpatialRefiner 0x177ea3e0 (Free 22005 MB), Profiling Results. Parse: 0.24 ms, Refine: 0.44 ms, Copy Results: 0.04 ms
[LIBGPUSPATIAL] [ 16455][19:55:28:911091][info  ] RTSpatialIndex 0x1b08bef0 (Free 22005 MB), Allocate result buffer, memory consumption 0 MB, capacity 23
[LIBGPUSPATIAL] [ 16455][19:55:28:911203][info  ] RTSpatialIndex 0x1b08bef0 (Free 22005 MB), Probe Points, Size: 100000, Results: 23
[LIBGPUSPATIAL] [ 16455][19:55:28:911228][info  ] RTSpatialIndex 0x1b08bef0 (Free 22005 MB), Profiling Results. Alloc: 0.04 ms, Prepare: 0.22 ms, RT: 0.08 ms, Copy res: 0.04 ms
[LIBGPUSPATIAL] [ 16455][19:55:28:911514][info  ] RTSpatialRefiner 0x177ea3e0 (Free 22005 MB), Loaded Geometries, ProbeArray 100000, Loaded 15, Type Point
[LIBGPUSPATIAL] [ 16455][19:55:28:911542][info  ] RTSpatialRefiner 0x177ea3e0 (Free 22005 MB), Evaluating 23 Geometry Pairs with Predicate Contains
[LIBGPUSPATIAL] [ 16455][19:55:28:912038][info  ] RTSpatialRefiner 0x177ea3e0 (Free 22005 MB), Profiling Results. Parse: 0.24 ms, Refine: 0.45 ms, Copy Results: 0.04 ms
[LIBGPUSPATIAL] [ 16455][19:55:28:922280][info  ] RTSpatialIndex 0x1b08bef0 (Free 22005 MB), Allocate result buffer, memory consumption 0 MB, capacity 20
[LIBGPUSPATIAL] [ 16455][19:55:28:922383][info  ] RTSpatialIndex 0x1b08bef0 (Free 22005 MB), Probe Points, Size: 100000, Results: 20
[LIBGPUSPATIAL] [ 16455][19:55:28:922405][info  ] RTSpatialIndex 0x1b08bef0 (Free 22005 MB), Profiling Results. Alloc: 0.05 ms, Prepare: 0.22 ms, RT: 0.07 ms, Copy res: 0.04 ms
[LIBGPUSPATIAL] [ 16455][19:55:28:922672][info  ] RTSpatialRefiner 0x177ea3e0 (Free 22005 MB), Loaded Geometries, ProbeArray 100000, Loaded 16, Type Point
[LIBGPUSPATIAL] [ 16455][19:55:28:922698][info  ] RTSpatialRefiner 0x177ea3e0 (Free 22005 MB), Evaluating 20 Geometry Pairs with Predicate Contains
[LIBGPUSPATIAL] [ 16455][19:55:28:923195][info  ] RTSpatialRefiner 0x177ea3e0 (Free 22005 MB), Profiling Results. Parse: 0.23 ms, Refine: 0.45 ms, Copy Results: 0.04 ms
[LIBGPUSPATIAL] [ 16455][19:55:28:933430][info  ] RTSpatialIndex 0x1b08bef0 (Free 22005 MB), Allocate result buffer, memory consumption 0 MB, capacity 38
[LIBGPUSPATIAL] [ 16455][19:55:28:933534][info  ] RTSpatialIndex 0x1b08bef0 (Free 22005 MB), Probe Points, Size: 100000, Results: 38
[LIBGPUSPATIAL] [ 16455][19:55:28:933557][info  ] RTSpatialIndex 0x1b08bef0 (Free 22005 MB), Profiling Results. Alloc: 0.05 ms, Prepare: 0.22 ms, RT: 0.08 ms, Copy res: 0.04 ms
[LIBGPUSPATIAL] [ 16455][19:55:28:933906][info  ] RTSpatialRefiner 0x177ea3e0 (Free 22005 MB), Loaded Geometries, ProbeArray 100000, Loaded 27, Type Point
[LIBGPUSPATIAL] [ 16455][19:55:28:933949][info  ] RTSpatialRefiner 0x177ea3e0 (Free 22005 MB), Evaluating 38 Geometry Pairs with Predicate Contains
[LIBGPUSPATIAL] [ 16455][19:55:28:934581][info  ] RTSpatialRefiner 0x177ea3e0 (Free 22005 MB), Profiling Results. Parse: 0.30 ms, Refine: 0.60 ms, Copy Results: 0.04 ms
[LIBGPUSPATIAL] [ 16455][19:55:28:944848][info  ] RTSpatialIndex 0x1b08bef0 (Free 22005 MB), Allocate result buffer, memory consumption 0 MB, capacity 20
[LIBGPUSPATIAL] [ 16455][19:55:28:944960][info  ] RTSpatialIndex 0x1b08bef0 (Free 22005 MB), Probe Points, Size: 100000, Results: 20
[LIBGPUSPATIAL] [ 16455][19:55:28:944998][info  ] RTSpatialIndex 0x1b08bef0 (Free 22005 MB), Profiling Results. Alloc: 0.05 ms, Prepare: 0.23 ms, RT: 0.08 ms, Copy res: 0.04 ms
[LIBGPUSPATIAL] [ 16455][19:55:28:945280][info  ] RTSpatialRefiner 0x177ea3e0 (Free 22005 MB), Loaded Geometries, ProbeArray 100000, Loaded 16, Type Point
[LIBGPUSPATIAL] [ 16455][19:55:28:945314][info  ] RTSpatialRefiner 0x177ea3e0 (Free 22005 MB), Evaluating 20 Geometry Pairs with Predicate Contains
[LIBGPUSPATIAL] [ 16455][19:55:28:945878][info  ] RTSpatialRefiner 0x177ea3e0 (Free 22005 MB), Profiling Results. Parse: 0.24 ms, Refine: 0.53 ms, Copy Results: 0.04 ms
[LIBGPUSPATIAL] [ 16455][19:55:28:955748][info  ] RTSpatialIndex 0x1b08bef0 (Free 22005 MB), Allocate result buffer, memory consumption 0 MB, capacity 32
[LIBGPUSPATIAL] [ 16455][19:55:28:955864][info  ] RTSpatialIndex 0x1b08bef0 (Free 22005 MB), Probe Points, Size: 100000, Results: 32
[LIBGPUSPATIAL] [ 16455][19:55:28:955895][info  ] RTSpatialIndex 0x1b08bef0 (Free 22005 MB), Profiling Results. Alloc: 0.07 ms, Prepare: 0.22 ms, RT: 0.08 ms, Copy res: 0.04 ms
[LIBGPUSPATIAL] [ 16455][19:55:28:956178][info  ] RTSpatialRefiner 0x177ea3e0 (Free 22005 MB), Loaded Geometries, ProbeArray 100000, Loaded 26, Type Point
[LIBGPUSPATIAL] [ 16455][19:55:28:956211][info  ] RTSpatialRefiner 0x177ea3e0 (Free 22005 MB), Evaluating 32 Geometry Pairs with Predicate Contains
[LIBGPUSPATIAL] [ 16455][19:55:28:956684][info  ] RTSpatialRefiner 0x177ea3e0 (Free 22005 MB), Profiling Results. Parse: 0.24 ms, Refine: 0.43 ms, Copy Results: 0.04 ms
[LIBGPUSPATIAL] [ 16455][19:55:28:966984][info  ] RTSpatialIndex 0x1b08bef0 (Free 22005 MB), Allocate result buffer, memory consumption 0 MB, capacity 25
[LIBGPUSPATIAL] [ 16455][19:55:28:967101][info  ] RTSpatialIndex 0x1b08bef0 (Free 22005 MB), Probe Points, Size: 100000, Results: 25
[LIBGPUSPATIAL] [ 16455][19:55:28:967131][info  ] RTSpatialIndex 0x1b08bef0 (Free 22005 MB), Profiling Results. Alloc: 0.05 ms, Prepare: 0.24 ms, RT: 0.08 ms, Copy res: 0.04 ms
[LIBGPUSPATIAL] [ 16455][19:55:28:967401][info  ] RTSpatialRefiner 0x177ea3e0 (Free 22005 MB), Loaded Geometries, ProbeArray 100000, Loaded 20, Type Point
[LIBGPUSPATIAL] [ 16455][19:55:28:967436][info  ] RTSpatialRefiner 0x177ea3e0 (Free 22005 MB), Evaluating 25 Geometry Pairs with Predicate Contains
[LIBGPUSPATIAL] [ 16455][19:55:28:967986][info  ] RTSpatialRefiner 0x177ea3e0 (Free 22005 MB), Profiling Results. Parse: 0.23 ms, Refine: 0.51 ms, Copy Results: 0.04 ms
[LIBGPUSPATIAL] [ 16455][19:55:28:971511][info  ] RTSpatialIndex 0x1b08bef0 (Free 22005 MB), Allocate result buffer, memory consumption 0 MB, capacity 8
[LIBGPUSPATIAL] [ 16455][19:55:28:971622][info  ] RTSpatialIndex 0x1b08bef0 (Free 22005 MB), Probe Points, Size: 33333, Results: 8
[LIBGPUSPATIAL] [ 16455][19:55:28:971652][info  ] RTSpatialIndex 0x1b08bef0 (Free 22005 MB), Profiling Results. Alloc: 0.04 ms, Prepare: 0.13 ms, RT: 0.07 ms, Copy res: 0.04 ms
[LIBGPUSPATIAL] [ 16455][19:55:28:971925][info  ] RTSpatialRefiner 0x177ea3e0 (Free 22005 MB), Loaded Geometries, ProbeArray 33333, Loaded 5, Type Point
[LIBGPUSPATIAL] [ 16455][19:55:28:971958][info  ] RTSpatialRefiner 0x177ea3e0 (Free 22005 MB), Evaluating 8 Geometry Pairs with Predicate Contains
[LIBGPUSPATIAL] [ 16455][19:55:28:972447][info  ] RTSpatialRefiner 0x177ea3e0 (Free 22005 MB), Profiling Results. Parse: 0.23 ms, Refine: 0.45 ms, Copy Results: 0.04 ms
[LIBGPUSPATIAL] [ 16455][19:55:28:992898][info  ] RTSpatialIndex 0x1b08bef0 (Free 22005 MB), Allocate result buffer, memory consumption 0 MB, capacity 21
[LIBGPUSPATIAL] [ 16455][19:55:28:993029][info  ] RTSpatialIndex 0x1b08bef0 (Free 22005 MB), Probe Points, Size: 100000, Results: 21
[LIBGPUSPATIAL] [ 16455][19:55:28:993064][info  ] RTSpatialIndex 0x1b08bef0 (Free 22005 MB), Profiling Results. Alloc: 0.10 ms, Prepare: 0.28 ms, RT: 0.10 ms, Copy res: 0.06 ms
[LIBGPUSPATIAL] [ 16455][19:55:28:993381][info  ] RTSpatialRefiner 0x177ea3e0 (Free 22005 MB), Loaded Geometries, ProbeArray 100000, Loaded 15, Type Point
[LIBGPUSPATIAL] [ 16455][19:55:28:993414][info  ] RTSpatialRefiner 0x177ea3e0 (Free 22005 MB), Evaluating 21 Geometry Pairs with Predicate Contains
[LIBGPUSPATIAL] [ 16455][19:55:28:993937][info  ] RTSpatialRefiner 0x177ea3e0 (Free 22005 MB), Profiling Results. Parse: 0.27 ms, Refine: 0.48 ms, Copy Results: 0.04 ms
[LIBGPUSPATIAL] [ 16455][19:55:29:004402][info  ] RTSpatialIndex 0x1b08bef0 (Free 22005 MB), Allocate result buffer, memory consumption 0 MB, capacity 23
[LIBGPUSPATIAL] [ 16455][19:55:29:004517][info  ] RTSpatialIndex 0x1b08bef0 (Free 22005 MB), Probe Points, Size: 100000, Results: 23
[LIBGPUSPATIAL] [ 16455][19:55:29:004548][info  ] RTSpatialIndex 0x1b08bef0 (Free 22005 MB), Profiling Results. Alloc: 0.06 ms, Prepare: 0.22 ms, RT: 0.07 ms, Copy res: 0.04 ms
[LIBGPUSPATIAL] [ 16455][19:55:29:004855][info  ] RTSpatialRefiner 0x177ea3e0 (Free 22005 MB), Loaded Geometries, ProbeArray 100000, Loaded 21, Type Point
[LIBGPUSPATIAL] [ 16455][19:55:29:004889][info  ] RTSpatialRefiner 0x177ea3e0 (Free 22005 MB), Evaluating 23 Geometry Pairs with Predicate Contains
[LIBGPUSPATIAL] [ 16455][19:55:29:005394][info  ] RTSpatialRefiner 0x177ea3e0 (Free 22005 MB), Profiling Results. Parse: 0.27 ms, Refine: 0.47 ms, Copy Results: 0.04 ms
[LIBGPUSPATIAL] [ 16455][19:55:29:015677][info  ] RTSpatialIndex 0x1b08bef0 (Free 22005 MB), Allocate result buffer, memory consumption 0 MB, capacity 27
[LIBGPUSPATIAL] [ 16455][19:55:29:015807][info  ] RTSpatialIndex 0x1b08bef0 (Free 22005 MB), Probe Points, Size: 100000, Results: 27
[LIBGPUSPATIAL] [ 16455][19:55:29:015838][info  ] RTSpatialIndex 0x1b08bef0 (Free 22005 MB), Profiling Results. Alloc: 0.05 ms, Prepare: 0.22 ms, RT: 0.09 ms, Copy res: 0.04 ms
[LIBGPUSPATIAL] [ 16455][19:55:29:016135][info  ] RTSpatialRefiner 0x177ea3e0 (Free 22005 MB), Loaded Geometries, ProbeArray 100000, Loaded 19, Type Point
[LIBGPUSPATIAL] [ 16455][19:55:29:016169][info  ] RTSpatialRefiner 0x177ea3e0 (Free 22005 MB), Evaluating 27 Geometry Pairs with Predicate Contains
[LIBGPUSPATIAL] [ 16455][19:55:29:016665][info  ] RTSpatialRefiner 0x177ea3e0 (Free 22005 MB), Profiling Results. Parse: 0.26 ms, Refine: 0.46 ms, Copy Results: 0.04 ms
[LIBGPUSPATIAL] [ 16455][19:55:29:026947][info  ] RTSpatialIndex 0x1b08bef0 (Free 22005 MB), Allocate result buffer, memory consumption 0 MB, capacity 25
[LIBGPUSPATIAL] [ 16455][19:55:29:027061][info  ] RTSpatialIndex 0x1b08bef0 (Free 22005 MB), Probe Points, Size: 100000, Results: 25
[LIBGPUSPATIAL] [ 16455][19:55:29:027091][info  ] RTSpatialIndex 0x1b08bef0 (Free 22005 MB), Profiling Results. Alloc: 0.05 ms, Prepare: 0.22 ms, RT: 0.07 ms, Copy res: 0.04 ms
[LIBGPUSPATIAL] [ 16455][19:55:29:027372][info  ] RTSpatialRefiner 0x177ea3e0 (Free 22005 MB), Loaded Geometries, ProbeArray 100000, Loaded 20, Type Point
[LIBGPUSPATIAL] [ 16455][19:55:29:027406][info  ] RTSpatialRefiner 0x177ea3e0 (Free 22005 MB), Evaluating 25 Geometry Pairs with Predicate Contains
[LIBGPUSPATIAL] [ 16455][19:55:29:027974][info  ] RTSpatialRefiner 0x177ea3e0 (Free 22005 MB), Profiling Results. Parse: 0.24 ms, Refine: 0.53 ms, Copy Results: 0.04 ms
[LIBGPUSPATIAL] [ 16455][19:55:29:037903][info  ] RTSpatialIndex 0x1b08bef0 (Free 22005 MB), Allocate result buffer, memory consumption 0 MB, capacity 16
[LIBGPUSPATIAL] [ 16455][19:55:29:038015][info  ] RTSpatialIndex 0x1b08bef0 (Free 22005 MB), Probe Points, Size: 100000, Results: 16
[LIBGPUSPATIAL] [ 16455][19:55:29:038046][info  ] RTSpatialIndex 0x1b08bef0 (Free 22005 MB), Profiling Results. Alloc: 0.05 ms, Prepare: 0.23 ms, RT: 0.07 ms, Copy res: 0.04 ms
[LIBGPUSPATIAL] [ 16455][19:55:29:038332][info  ] RTSpatialRefiner 0x177ea3e0 (Free 22005 MB), Loaded Geometries, ProbeArray 100000, Loaded 12, Type Point
[LIBGPUSPATIAL] [ 16455][19:55:29:038366][info  ] RTSpatialRefiner 0x177ea3e0 (Free 22005 MB), Evaluating 16 Geometry Pairs with Predicate Contains
[LIBGPUSPATIAL] [ 16455][19:55:29:038925][info  ] RTSpatialRefiner 0x177ea3e0 (Free 22005 MB), Profiling Results. Parse: 0.25 ms, Refine: 0.52 ms, Copy Results: 0.04 ms
[LIBGPUSPATIAL] [ 16455][19:55:29:049263][info  ] RTSpatialIndex 0x1b08bef0 (Free 22005 MB), Allocate result buffer, memory consumption 0 MB, capacity 38
[LIBGPUSPATIAL] [ 16455][19:55:29:049380][info  ] RTSpatialIndex 0x1b08bef0 (Free 22005 MB), Probe Points, Size: 100000, Results: 38
[LIBGPUSPATIAL] [ 16455][19:55:29:049410][info  ] RTSpatialIndex 0x1b08bef0 (Free 22005 MB), Profiling Results. Alloc: 0.05 ms, Prepare: 0.24 ms, RT: 0.07 ms, Copy res: 0.04 ms
[LIBGPUSPATIAL] [ 16455][19:55:29:049690][info  ] RTSpatialRefiner 0x177ea3e0 (Free 22005 MB), Loaded Geometries, ProbeArray 100000, Loaded 29, Type Point
[LIBGPUSPATIAL] [ 16455][19:55:29:049738][info  ] RTSpatialRefiner 0x177ea3e0 (Free 22005 MB), Evaluating 38 Geometry Pairs with Predicate Contains
[LIBGPUSPATIAL] [ 16455][19:55:29:050268][info  ] RTSpatialRefiner 0x177ea3e0 (Free 22005 MB), Profiling Results. Parse: 0.24 ms, Refine: 0.51 ms, Copy Results: 0.04 ms
[LIBGPUSPATIAL] [ 16455][19:55:29:060385][info  ] RTSpatialIndex 0x1b08bef0 (Free 22005 MB), Allocate result buffer, memory consumption 0 MB, capacity 25
[LIBGPUSPATIAL] [ 16455][19:55:29:060500][info  ] RTSpatialIndex 0x1b08bef0 (Free 22005 MB), Probe Points, Size: 100000, Results: 25
[LIBGPUSPATIAL] [ 16455][19:55:29:060532][info  ] RTSpatialIndex 0x1b08bef0 (Free 22005 MB), Profiling Results. Alloc: 0.05 ms, Prepare: 0.22 ms, RT: 0.08 ms, Copy res: 0.04 ms
[LIBGPUSPATIAL] [ 16455][19:55:29:060816][info  ] RTSpatialRefiner 0x177ea3e0 (Free 22005 MB), Loaded Geometries, ProbeArray 100000, Loaded 18, Type Point
[LIBGPUSPATIAL] [ 16455][19:55:29:060850][info  ] RTSpatialRefiner 0x177ea3e0 (Free 22005 MB), Evaluating 25 Geometry Pairs with Predicate Contains
[LIBGPUSPATIAL] [ 16455][19:55:29:061352][info  ] RTSpatialRefiner 0x177ea3e0 (Free 22005 MB), Profiling Results. Parse: 0.24 ms, Refine: 0.47 ms, Copy Results: 0.04 ms
[LIBGPUSPATIAL] [ 16455][19:55:29:071590][info  ] RTSpatialIndex 0x1b08bef0 (Free 22005 MB), Allocate result buffer, memory consumption 0 MB, capacity 31
[LIBGPUSPATIAL] [ 16455][19:55:29:071704][info  ] RTSpatialIndex 0x1b08bef0 (Free 22005 MB), Probe Points, Size: 100000, Results: 31
[LIBGPUSPATIAL] [ 16455][19:55:29:071749][info  ] RTSpatialIndex 0x1b08bef0 (Free 22005 MB), Profiling Results. Alloc: 0.05 ms, Prepare: 0.22 ms, RT: 0.08 ms, Copy res: 0.04 ms
[LIBGPUSPATIAL] [ 16455][19:55:29:072025][info  ] RTSpatialRefiner 0x177ea3e0 (Free 22005 MB), Loaded Geometries, ProbeArray 100000, Loaded 22, Type Point
[LIBGPUSPATIAL] [ 16455][19:55:29:072060][info  ] RTSpatialRefiner 0x177ea3e0 (Free 22005 MB), Evaluating 31 Geometry Pairs with Predicate Contains
[LIBGPUSPATIAL] [ 16455][19:55:29:072579][info  ] RTSpatialRefiner 0x177ea3e0 (Free 22005 MB), Profiling Results. Parse: 0.23 ms, Refine: 0.48 ms, Copy Results: 0.04 ms
[LIBGPUSPATIAL] [ 16455][19:55:29:082853][info  ] RTSpatialIndex 0x1b08bef0 (Free 22005 MB), Allocate result buffer, memory consumption 0 MB, capacity 16
[LIBGPUSPATIAL] [ 16455][19:55:29:082965][info  ] RTSpatialIndex 0x1b08bef0 (Free 22005 MB), Probe Points, Size: 100000, Results: 16
[LIBGPUSPATIAL] [ 16455][19:55:29:082995][info  ] RTSpatialIndex 0x1b08bef0 (Free 22005 MB), Profiling Results. Alloc: 0.05 ms, Prepare: 0.22 ms, RT: 0.07 ms, Copy res: 0.04 ms
[LIBGPUSPATIAL] [ 16455][19:55:29:083279][info  ] RTSpatialRefiner 0x177ea3e0 (Free 22005 MB), Loaded Geometries, ProbeArray 100000, Loaded 14, Type Point
[LIBGPUSPATIAL] [ 16455][19:55:29:083312][info  ] RTSpatialRefiner 0x177ea3e0 (Free 22005 MB), Evaluating 16 Geometry Pairs with Predicate Contains
[LIBGPUSPATIAL] [ 16455][19:55:29:083813][info  ] RTSpatialRefiner 0x177ea3e0 (Free 22005 MB), Profiling Results. Parse: 0.24 ms, Refine: 0.46 ms, Copy Results: 0.04 ms
[LIBGPUSPATIAL] [ 16455][19:55:29:094133][info  ] RTSpatialIndex 0x1b08bef0 (Free 22005 MB), Allocate result buffer, memory consumption 0 MB, capacity 25
[LIBGPUSPATIAL] [ 16455][19:55:29:094252][info  ] RTSpatialIndex 0x1b08bef0 (Free 22005 MB), Probe Points, Size: 100000, Results: 25
[LIBGPUSPATIAL] [ 16455][19:55:29:094283][info  ] RTSpatialIndex 0x1b08bef0 (Free 22005 MB), Profiling Results. Alloc: 0.06 ms, Prepare: 0.22 ms, RT: 0.08 ms, Copy res: 0.04 ms
[LIBGPUSPATIAL] [ 16455][19:55:29:094561][info  ] RTSpatialRefiner 0x177ea3e0 (Free 22005 MB), Loaded Geometries, ProbeArray 100000, Loaded 18, Type Point
[LIBGPUSPATIAL] [ 16455][19:55:29:094595][info  ] RTSpatialRefiner 0x177ea3e0 (Free 22005 MB), Evaluating 25 Geometry Pairs with Predicate Contains
[LIBGPUSPATIAL] [ 16455][19:55:29:095122][info  ] RTSpatialRefiner 0x177ea3e0 (Free 22005 MB), Profiling Results. Parse: 0.24 ms, Refine: 0.49 ms, Copy Results: 0.04 ms
[LIBGPUSPATIAL] [ 16455][19:55:29:105435][info  ] RTSpatialIndex 0x1b08bef0 (Free 22005 MB), Allocate result buffer, memory consumption 0 MB, capacity 23
[LIBGPUSPATIAL] [ 16455][19:55:29:105548][info  ] RTSpatialIndex 0x1b08bef0 (Free 22005 MB), Probe Points, Size: 100000, Results: 23
[LIBGPUSPATIAL] [ 16455][19:55:29:105579][info  ] RTSpatialIndex 0x1b08bef0 (Free 22005 MB), Profiling Results. Alloc: 0.05 ms, Prepare: 0.22 ms, RT: 0.07 ms, Copy res: 0.04 ms
[LIBGPUSPATIAL] [ 16455][19:55:29:105862][info  ] RTSpatialRefiner 0x177ea3e0 (Free 22005 MB), Loaded Geometries, ProbeArray 100000, Loaded 15, Type Point
[LIBGPUSPATIAL] [ 16455][19:55:29:105897][info  ] RTSpatialRefiner 0x177ea3e0 (Free 22005 MB), Evaluating 23 Geometry Pairs with Predicate Contains
[LIBGPUSPATIAL] [ 16455][19:55:29:106422][info  ] RTSpatialRefiner 0x177ea3e0 (Free 22005 MB), Profiling Results. Parse: 0.24 ms, Refine: 0.49 ms, Copy Results: 0.04 ms
[LIBGPUSPATIAL] [ 16455][19:55:29:116299][info  ] RTSpatialIndex 0x1b08bef0 (Free 22005 MB), Allocate result buffer, memory consumption 0 MB, capacity 20
[LIBGPUSPATIAL] [ 16455][19:55:29:116410][info  ] RTSpatialIndex 0x1b08bef0 (Free 22005 MB), Probe Points, Size: 100000, Results: 20
[LIBGPUSPATIAL] [ 16455][19:55:29:116441][info  ] RTSpatialIndex 0x1b08bef0 (Free 22005 MB), Profiling Results. Alloc: 0.05 ms, Prepare: 0.22 ms, RT: 0.07 ms, Copy res: 0.04 ms
[LIBGPUSPATIAL] [ 16455][19:55:29:116708][info  ] RTSpatialRefiner 0x177ea3e0 (Free 22005 MB), Loaded Geometries, ProbeArray 100000, Loaded 15, Type Point
[LIBGPUSPATIAL] [ 16455][19:55:29:116761][info  ] RTSpatialRefiner 0x177ea3e0 (Free 22005 MB), Evaluating 20 Geometry Pairs with Predicate Contains
[LIBGPUSPATIAL] [ 16455][19:55:29:117254][info  ] RTSpatialRefiner 0x177ea3e0 (Free 22005 MB), Profiling Results. Parse: 0.23 ms, Refine: 0.47 ms, Copy Results: 0.04 ms
[LIBGPUSPATIAL] [ 16455][19:55:29:127645][info  ] RTSpatialIndex 0x1b08bef0 (Free 22005 MB), Allocate result buffer, memory consumption 0 MB, capacity 24
[LIBGPUSPATIAL] [ 16455][19:55:29:127775][info  ] RTSpatialIndex 0x1b08bef0 (Free 22005 MB), Probe Points, Size: 100000, Results: 24
[LIBGPUSPATIAL] [ 16455][19:55:29:127806][info  ] RTSpatialIndex 0x1b08bef0 (Free 22005 MB), Profiling Results. Alloc: 0.05 ms, Prepare: 0.23 ms, RT: 0.08 ms, Copy res: 0.04 ms
[LIBGPUSPATIAL] [ 16455][19:55:29:128091][info  ] RTSpatialRefiner 0x177ea3e0 (Free 22005 MB), Loaded Geometries, ProbeArray 100000, Loaded 20, Type Point
[LIBGPUSPATIAL] [ 16455][19:55:29:128126][info  ] RTSpatialRefiner 0x177ea3e0 (Free 22005 MB), Evaluating 24 Geometry Pairs with Predicate Contains
[LIBGPUSPATIAL] [ 16455][19:55:29:128617][info  ] RTSpatialRefiner 0x177ea3e0 (Free 22005 MB), Profiling Results. Parse: 0.24 ms, Refine: 0.46 ms, Copy Results: 0.04 ms
[LIBGPUSPATIAL] [ 16455][19:55:29:132150][info  ] RTSpatialIndex 0x1b08bef0 (Free 22005 MB), Allocate result buffer, memory consumption 0 MB, capacity 14
[LIBGPUSPATIAL] [ 16455][19:55:29:132264][info  ] RTSpatialIndex 0x1b08bef0 (Free 22005 MB), Probe Points, Size: 33333, Results: 14
[LIBGPUSPATIAL] [ 16455][19:55:29:132294][info  ] RTSpatialIndex 0x1b08bef0 (Free 22005 MB), Profiling Results. Alloc: 0.05 ms, Prepare: 0.12 ms, RT: 0.06 ms, Copy res: 0.05 ms
[LIBGPUSPATIAL] [ 16455][19:55:29:132562][info  ] RTSpatialRefiner 0x177ea3e0 (Free 22005 MB), Loaded Geometries, ProbeArray 33333, Loaded 10, Type Point
[LIBGPUSPATIAL] [ 16455][19:55:29:132597][info  ] RTSpatialRefiner 0x177ea3e0 (Free 22005 MB), Evaluating 14 Geometry Pairs with Predicate Contains
[LIBGPUSPATIAL] [ 16455][19:55:29:133117][info  ] RTSpatialRefiner 0x177ea3e0 (Free 22005 MB), Profiling Results. Parse: 0.23 ms, Refine: 0.48 ms, Copy Results: 0.04 ms
[LIBGPUSPATIAL] [ 16455][19:55:29:153490][info  ] RTSpatialIndex 0x1b08bef0 (Free 22005 MB), Allocate result buffer, memory consumption 0 MB, capacity 12
[LIBGPUSPATIAL] [ 16455][19:55:29:153620][info  ] RTSpatialIndex 0x1b08bef0 (Free 22005 MB), Probe Points, Size: 100000, Results: 12
[LIBGPUSPATIAL] [ 16455][19:55:29:153655][info  ] RTSpatialIndex 0x1b08bef0 (Free 22005 MB), Profiling Results. Alloc: 0.10 ms, Prepare: 0.27 ms, RT: 0.10 ms, Copy res: 0.05 ms
[LIBGPUSPATIAL] [ 16455][19:55:29:153969][info  ] RTSpatialRefiner 0x177ea3e0 (Free 22005 MB), Loaded Geometries, ProbeArray 100000, Loaded 9, Type Point
[LIBGPUSPATIAL] [ 16455][19:55:29:154003][info  ] RTSpatialRefiner 0x177ea3e0 (Free 22005 MB), Evaluating 12 Geometry Pairs with Predicate Contains
[LIBGPUSPATIAL] [ 16455][19:55:29:154513][info  ] RTSpatialRefiner 0x177ea3e0 (Free 22005 MB), Profiling Results. Parse: 0.27 ms, Refine: 0.47 ms, Copy Results: 0.04 ms
[LIBGPUSPATIAL] [ 16455][19:55:29:164998][info  ] RTSpatialIndex 0x1b08bef0 (Free 22005 MB), Allocate result buffer, memory consumption 0 MB, capacity 20
[LIBGPUSPATIAL] [ 16455][19:55:29:165118][info  ] RTSpatialIndex 0x1b08bef0 (Free 22005 MB), Probe Points, Size: 100000, Results: 20
[LIBGPUSPATIAL] [ 16455][19:55:29:165150][info  ] RTSpatialIndex 0x1b08bef0 (Free 22005 MB), Profiling Results. Alloc: 0.06 ms, Prepare: 0.23 ms, RT: 0.08 ms, Copy res: 0.04 ms
[LIBGPUSPATIAL] [ 16455][19:55:29:165428][info  ] RTSpatialRefiner 0x177ea3e0 (Free 22005 MB), Loaded Geometries, ProbeArray 100000, Loaded 15, Type Point
[LIBGPUSPATIAL] [ 16455][19:55:29:165463][info  ] RTSpatialRefiner 0x177ea3e0 (Free 22005 MB), Evaluating 20 Geometry Pairs with Predicate Contains
[LIBGPUSPATIAL] [ 16455][19:55:29:166009][info  ] RTSpatialRefiner 0x177ea3e0 (Free 22005 MB), Profiling Results. Parse: 0.24 ms, Refine: 0.51 ms, Copy Results: 0.04 ms
[LIBGPUSPATIAL] [ 16455][19:55:29:176279][info  ] RTSpatialIndex 0x1b08bef0 (Free 22005 MB), Allocate result buffer, memory consumption 0 MB, capacity 23
[LIBGPUSPATIAL] [ 16455][19:55:29:176396][info  ] RTSpatialIndex 0x1b08bef0 (Free 22005 MB), Probe Points, Size: 100000, Results: 23
[LIBGPUSPATIAL] [ 16455][19:55:29:176427][info  ] RTSpatialIndex 0x1b08bef0 (Free 22005 MB), Profiling Results. Alloc: 0.05 ms, Prepare: 0.22 ms, RT: 0.08 ms, Copy res: 0.04 ms
[LIBGPUSPATIAL] [ 16455][19:55:29:176698][info  ] RTSpatialRefiner 0x177ea3e0 (Free 22005 MB), Loaded Geometries, ProbeArray 100000, Loaded 19, Type Point
[LIBGPUSPATIAL] [ 16455][19:55:29:176749][info  ] RTSpatialRefiner 0x177ea3e0 (Free 22005 MB), Evaluating 23 Geometry Pairs with Predicate Contains
[LIBGPUSPATIAL] [ 16455][19:55:29:177244][info  ] RTSpatialRefiner 0x177ea3e0 (Free 22005 MB), Profiling Results. Parse: 0.23 ms, Refine: 0.47 ms, Copy Results: 0.04 ms
[LIBGPUSPATIAL] [ 16455][19:55:29:187505][info  ] RTSpatialIndex 0x1b08bef0 (Free 22005 MB), Allocate result buffer, memory consumption 0 MB, capacity 31
[LIBGPUSPATIAL] [ 16455][19:55:29:187622][info  ] RTSpatialIndex 0x1b08bef0 (Free 22005 MB), Probe Points, Size: 100000, Results: 31
[LIBGPUSPATIAL] [ 16455][19:55:29:187654][info  ] RTSpatialIndex 0x1b08bef0 (Free 22005 MB), Profiling Results. Alloc: 0.05 ms, Prepare: 0.22 ms, RT: 0.08 ms, Copy res: 0.04 ms
[LIBGPUSPATIAL] [ 16455][19:55:29:187952][info  ] RTSpatialRefiner 0x177ea3e0 (Free 22005 MB), Loaded Geometries, ProbeArray 100000, Loaded 19, Type Point
[LIBGPUSPATIAL] [ 16455][19:55:29:187986][info  ] RTSpatialRefiner 0x177ea3e0 (Free 22005 MB), Evaluating 31 Geometry Pairs with Predicate Contains
[LIBGPUSPATIAL] [ 16455][19:55:29:188629][info  ] RTSpatialRefiner 0x177ea3e0 (Free 22005 MB), Profiling Results. Parse: 0.26 ms, Refine: 0.60 ms, Copy Results: 0.04 ms
[LIBGPUSPATIAL] [ 16455][19:55:29:198668][info  ] RTSpatialIndex 0x1b08bef0 (Free 22005 MB), Allocate result buffer, memory consumption 0 MB, capacity 17
[LIBGPUSPATIAL] [ 16455][19:55:29:198799][info  ] RTSpatialIndex 0x1b08bef0 (Free 22005 MB), Probe Points, Size: 100000, Results: 17
[LIBGPUSPATIAL] [ 16455][19:55:29:198831][info  ] RTSpatialIndex 0x1b08bef0 (Free 22005 MB), Profiling Results. Alloc: 0.05 ms, Prepare: 0.23 ms, RT: 0.09 ms, Copy res: 0.05 ms
[LIBGPUSPATIAL] [ 16455][19:55:29:199105][info  ] RTSpatialRefiner 0x177ea3e0 (Free 22005 MB), Loaded Geometries, ProbeArray 100000, Loaded 12, Type Point
[LIBGPUSPATIAL] [ 16455][19:55:29:199140][info  ] RTSpatialRefiner 0x177ea3e0 (Free 22005 MB), Evaluating 17 Geometry Pairs with Predicate Contains
[LIBGPUSPATIAL] [ 16455][19:55:29:199645][info  ] RTSpatialRefiner 0x177ea3e0 (Free 22005 MB), Profiling Results. Parse: 0.23 ms, Refine: 0.47 ms, Copy Results: 0.04 ms
[LIBGPUSPATIAL] [ 16455][19:55:29:209973][info  ] RTSpatialIndex 0x1b08bef0 (Free 22005 MB), Allocate result buffer, memory consumption 0 MB, capacity 8
[LIBGPUSPATIAL] [ 16455][19:55:29:210087][info  ] RTSpatialIndex 0x1b08bef0 (Free 22005 MB), Probe Points, Size: 100000, Results: 8
[LIBGPUSPATIAL] [ 16455][19:55:29:210118][info  ] RTSpatialIndex 0x1b08bef0 (Free 22005 MB), Profiling Results. Alloc: 0.05 ms, Prepare: 0.23 ms, RT: 0.07 ms, Copy res: 0.04 ms
[LIBGPUSPATIAL] [ 16455][19:55:29:210390][info  ] RTSpatialRefiner 0x177ea3e0 (Free 22005 MB), Loaded Geometries, ProbeArray 100000, Loaded 7, Type Point
[LIBGPUSPATIAL] [ 16455][19:55:29:210424][info  ] RTSpatialRefiner 0x177ea3e0 (Free 22005 MB), Evaluating 8 Geometry Pairs with Predicate Contains
[LIBGPUSPATIAL] [ 16455][19:55:29:210900][info  ] RTSpatialRefiner 0x177ea3e0 (Free 22005 MB), Profiling Results. Parse: 0.23 ms, Refine: 0.44 ms, Copy Results: 0.04 ms
[LIBGPUSPATIAL] [ 16455][19:55:29:220986][info  ] RTSpatialIndex 0x1b08bef0 (Free 22005 MB), Allocate result buffer, memory consumption 0 MB, capacity 11
[LIBGPUSPATIAL] [ 16455][19:55:29:221099][info  ] RTSpatialIndex 0x1b08bef0 (Free 22005 MB), Probe Points, Size: 100000, Results: 11
[LIBGPUSPATIAL] [ 16455][19:55:29:221130][info  ] RTSpatialIndex 0x1b08bef0 (Free 22005 MB), Profiling Results. Alloc: 0.06 ms, Prepare: 0.23 ms, RT: 0.07 ms, Copy res: 0.04 ms
[LIBGPUSPATIAL] [ 16455][19:55:29:221399][info  ] RTSpatialRefiner 0x177ea3e0 (Free 22005 MB), Loaded Geometries, ProbeArray 100000, Loaded 11, Type Point
[LIBGPUSPATIAL] [ 16455][19:55:29:221433][info  ] RTSpatialRefiner 0x177ea3e0 (Free 22005 MB), Evaluating 11 Geometry Pairs with Predicate Contains
[LIBGPUSPATIAL] [ 16455][19:55:29:221919][info  ] RTSpatialRefiner 0x177ea3e0 (Free 22005 MB), Profiling Results. Parse: 0.23 ms, Refine: 0.45 ms, Copy Results: 0.04 ms
[LIBGPUSPATIAL] [ 16455][19:55:29:232129][info  ] RTSpatialIndex 0x1b08bef0 (Free 22005 MB), Allocate result buffer, memory consumption 0 MB, capacity 24
[LIBGPUSPATIAL] [ 16455][19:55:29:232245][info  ] RTSpatialIndex 0x1b08bef0 (Free 22005 MB), Probe Points, Size: 100000, Results: 24
[LIBGPUSPATIAL] [ 16455][19:55:29:232275][info  ] RTSpatialIndex 0x1b08bef0 (Free 22005 MB), Profiling Results. Alloc: 0.05 ms, Prepare: 0.22 ms, RT: 0.08 ms, Copy res: 0.04 ms
[LIBGPUSPATIAL] [ 16455][19:55:29:232553][info  ] RTSpatialRefiner 0x177ea3e0 (Free 22005 MB), Loaded Geometries, ProbeArray 100000, Loaded 17, Type Point
[LIBGPUSPATIAL] [ 16455][19:55:29:232588][info  ] RTSpatialRefiner 0x177ea3e0 (Free 22005 MB), Evaluating 24 Geometry Pairs with Predicate Contains
[LIBGPUSPATIAL] [ 16455][19:55:29:233121][info  ] RTSpatialRefiner 0x177ea3e0 (Free 22005 MB), Profiling Results. Parse: 0.24 ms, Refine: 0.50 ms, Copy Results: 0.04 ms
[LIBGPUSPATIAL] [ 16455][19:55:29:243427][info  ] RTSpatialIndex 0x1b08bef0 (Free 22005 MB), Allocate result buffer, memory consumption 0 MB, capacity 39
[LIBGPUSPATIAL] [ 16455][19:55:29:243546][info  ] RTSpatialIndex 0x1b08bef0 (Free 22005 MB), Probe Points, Size: 100000, Results: 39
[LIBGPUSPATIAL] [ 16455][19:55:29:243576][info  ] RTSpatialIndex 0x1b08bef0 (Free 22005 MB), Profiling Results. Alloc: 0.05 ms, Prepare: 0.22 ms, RT: 0.07 ms, Copy res: 0.04 ms
[LIBGPUSPATIAL] [ 16455][19:55:29:243886][info  ] RTSpatialRefiner 0x177ea3e0 (Free 22005 MB), Loaded Geometries, ProbeArray 100000, Loaded 28, Type Point
[LIBGPUSPATIAL] [ 16455][19:55:29:243921][info  ] RTSpatialRefiner 0x177ea3e0 (Free 22005 MB), Evaluating 39 Geometry Pairs with Predicate Contains
[LIBGPUSPATIAL] [ 16455][19:55:29:244448][info  ] RTSpatialRefiner 0x177ea3e0 (Free 22005 MB), Profiling Results. Parse: 0.27 ms, Refine: 0.49 ms, Copy Results: 0.04 ms
[LIBGPUSPATIAL] [ 16455][19:55:29:254683][info  ] RTSpatialIndex 0x1b08bef0 (Free 22005 MB), Allocate result buffer, memory consumption 0 MB, capacity 24
[LIBGPUSPATIAL] [ 16455][19:55:29:254816][info  ] RTSpatialIndex 0x1b08bef0 (Free 22005 MB), Probe Points, Size: 100000, Results: 24
[LIBGPUSPATIAL] [ 16455][19:55:29:254847][info  ] RTSpatialIndex 0x1b08bef0 (Free 22005 MB), Profiling Results. Alloc: 0.05 ms, Prepare: 0.22 ms, RT: 0.09 ms, Copy res: 0.04 ms
[LIBGPUSPATIAL] [ 16455][19:55:29:255118][info  ] RTSpatialRefiner 0x177ea3e0 (Free 22005 MB), Loaded Geometries, ProbeArray 100000, Loaded 19, Type Point
[LIBGPUSPATIAL] [ 16455][19:55:29:255151][info  ] RTSpatialRefiner 0x177ea3e0 (Free 22005 MB), Evaluating 24 Geometry Pairs with Predicate Contains
[LIBGPUSPATIAL] [ 16455][19:55:29:255645][info  ] RTSpatialRefiner 0x177ea3e0 (Free 22005 MB), Profiling Results. Parse: 0.23 ms, Refine: 0.46 ms, Copy Results: 0.04 ms
[LIBGPUSPATIAL] [ 16455][19:55:29:265910][info  ] RTSpatialIndex 0x1b08bef0 (Free 22005 MB), Allocate result buffer, memory consumption 0 MB, capacity 24
[LIBGPUSPATIAL] [ 16455][19:55:29:266026][info  ] RTSpatialIndex 0x1b08bef0 (Free 22005 MB), Probe Points, Size: 100000, Results: 24
[LIBGPUSPATIAL] [ 16455][19:55:29:266056][info  ] RTSpatialIndex 0x1b08bef0 (Free 22005 MB), Profiling Results. Alloc: 0.05 ms, Prepare: 0.22 ms, RT: 0.08 ms, Copy res: 0.04 ms
[LIBGPUSPATIAL] [ 16455][19:55:29:266327][info  ] RTSpatialRefiner 0x177ea3e0 (Free 22005 MB), Loaded Geometries, ProbeArray 100000, Loaded 19, Type Point
[LIBGPUSPATIAL] [ 16455][19:55:29:266362][info  ] RTSpatialRefiner 0x177ea3e0 (Free 22005 MB), Evaluating 24 Geometry Pairs with Predicate Contains
[LIBGPUSPATIAL] [ 16455][19:55:29:266874][info  ] RTSpatialRefiner 0x177ea3e0 (Free 22005 MB), Profiling Results. Parse: 0.23 ms, Refine: 0.47 ms, Copy Results: 0.04 ms
[LIBGPUSPATIAL] [ 16455][19:55:29:276710][info  ] RTSpatialIndex 0x1b08bef0 (Free 22005 MB), Allocate result buffer, memory consumption 0 MB, capacity 26
[LIBGPUSPATIAL] [ 16455][19:55:29:276845][info  ] RTSpatialIndex 0x1b08bef0 (Free 22005 MB), Probe Points, Size: 100000, Results: 26
[LIBGPUSPATIAL] [ 16455][19:55:29:276877][info  ] RTSpatialIndex 0x1b08bef0 (Free 22005 MB), Profiling Results. Alloc: 0.06 ms, Prepare: 0.22 ms, RT: 0.08 ms, Copy res: 0.04 ms
[LIBGPUSPATIAL] [ 16455][19:55:29:277171][info  ] RTSpatialRefiner 0x177ea3e0 (Free 22005 MB), Loaded Geometries, ProbeArray 100000, Loaded 22, Type Point
[LIBGPUSPATIAL] [ 16455][19:55:29:277205][info  ] RTSpatialRefiner 0x177ea3e0 (Free 22005 MB), Evaluating 26 Geometry Pairs with Predicate Contains
[LIBGPUSPATIAL] [ 16455][19:55:29:277865][info  ] RTSpatialRefiner 0x177ea3e0 (Free 22005 MB), Profiling Results. Parse: 0.25 ms, Refine: 0.62 ms, Copy Results: 0.04 ms
[LIBGPUSPATIAL] [ 16455][19:55:29:288132][info  ] RTSpatialIndex 0x1b08bef0 (Free 22005 MB), Allocate result buffer, memory consumption 0 MB, capacity 28
[LIBGPUSPATIAL] [ 16455][19:55:29:288251][info  ] RTSpatialIndex 0x1b08bef0 (Free 22005 MB), Probe Points, Size: 100000, Results: 28
[LIBGPUSPATIAL] [ 16455][19:55:29:288281][info  ] RTSpatialIndex 0x1b08bef0 (Free 22005 MB), Profiling Results. Alloc: 0.05 ms, Prepare: 0.23 ms, RT: 0.08 ms, Copy res: 0.04 ms
[LIBGPUSPATIAL] [ 16455][19:55:29:288566][info  ] RTSpatialRefiner 0x177ea3e0 (Free 22005 MB), Loaded Geometries, ProbeArray 100000, Loaded 20, Type Point
[LIBGPUSPATIAL] [ 16455][19:55:29:288600][info  ] RTSpatialRefiner 0x177ea3e0 (Free 22005 MB), Evaluating 28 Geometry Pairs with Predicate Contains
[LIBGPUSPATIAL] [ 16455][19:55:29:289101][info  ] RTSpatialRefiner 0x177ea3e0 (Free 22005 MB), Profiling Results. Parse: 0.24 ms, Refine: 0.46 ms, Copy Results: 0.04 ms
[LIBGPUSPATIAL] [ 16455][19:55:29:292614][info  ] RTSpatialIndex 0x1b08bef0 (Free 22005 MB), Allocate result buffer, memory consumption 0 MB, capacity 5
[LIBGPUSPATIAL] [ 16455][19:55:29:292741][info  ] RTSpatialIndex 0x1b08bef0 (Free 22005 MB), Probe Points, Size: 33333, Results: 5
[LIBGPUSPATIAL] [ 16455][19:55:29:292772][info  ] RTSpatialIndex 0x1b08bef0 (Free 22005 MB), Profiling Results. Alloc: 0.05 ms, Prepare: 0.12 ms, RT: 0.06 ms, Copy res: 0.06 ms
[LIBGPUSPATIAL] [ 16455][19:55:29:293031][info  ] RTSpatialRefiner 0x177ea3e0 (Free 22005 MB), Loaded Geometries, ProbeArray 33333, Loaded 4, Type Point
[LIBGPUSPATIAL] [ 16455][19:55:29:293066][info  ] RTSpatialRefiner 0x177ea3e0 (Free 22005 MB), Evaluating 5 Geometry Pairs with Predicate Contains
[LIBGPUSPATIAL] [ 16455][19:55:29:293632][info  ] RTSpatialRefiner 0x177ea3e0 (Free 22005 MB), Profiling Results. Parse: 0.22 ms, Refine: 0.53 ms, Copy Results: 0.04 ms
[LIBGPUSPATIAL] [ 16455][19:55:29:314199][info  ] RTSpatialIndex 0x1b08bef0 (Free 22005 MB), Allocate result buffer, memory consumption 0 MB, capacity 27
[LIBGPUSPATIAL] [ 16455][19:55:29:314332][info  ] RTSpatialIndex 0x1b08bef0 (Free 22005 MB), Probe Points, Size: 100000, Results: 27
[LIBGPUSPATIAL] [ 16455][19:55:29:314367][info  ] RTSpatialIndex 0x1b08bef0 (Free 22005 MB), Profiling Results. Alloc: 0.10 ms, Prepare: 0.27 ms, RT: 0.11 ms, Copy res: 0.05 ms
[LIBGPUSPATIAL] [ 16455][19:55:29:314677][info  ] RTSpatialRefiner 0x177ea3e0 (Free 22005 MB), Loaded Geometries, ProbeArray 100000, Loaded 22, Type Point
[LIBGPUSPATIAL] [ 16455][19:55:29:314712][info  ] RTSpatialRefiner 0x177ea3e0 (Free 22005 MB), Evaluating 27 Geometry Pairs with Predicate Contains
[LIBGPUSPATIAL] [ 16455][19:55:29:315281][info  ] RTSpatialRefiner 0x177ea3e0 (Free 22005 MB), Profiling Results. Parse: 0.26 ms, Refine: 0.53 ms, Copy Results: 0.04 ms
[LIBGPUSPATIAL] [ 16455][19:55:29:325805][info  ] RTSpatialIndex 0x1b08bef0 (Free 22005 MB), Allocate result buffer, memory consumption 0 MB, capacity 16
[LIBGPUSPATIAL] [ 16455][19:55:29:325924][info  ] RTSpatialIndex 0x1b08bef0 (Free 22005 MB), Probe Points, Size: 100000, Results: 16
[LIBGPUSPATIAL] [ 16455][19:55:29:325956][info  ] RTSpatialIndex 0x1b08bef0 (Free 22005 MB), Profiling Results. Alloc: 0.05 ms, Prepare: 0.23 ms, RT: 0.10 ms, Copy res: 0.04 ms
[LIBGPUSPATIAL] [ 16455][19:55:29:326235][info  ] RTSpatialRefiner 0x177ea3e0 (Free 22005 MB), Loaded Geometries, ProbeArray 100000, Loaded 11, Type Point
[LIBGPUSPATIAL] [ 16455][19:55:29:326269][info  ] RTSpatialRefiner 0x177ea3e0 (Free 22005 MB), Evaluating 16 Geometry Pairs with Predicate Contains
[LIBGPUSPATIAL] [ 16455][19:55:29:326837][info  ] RTSpatialRefiner 0x177ea3e0 (Free 22005 MB), Profiling Results. Parse: 0.24 ms, Refine: 0.53 ms, Copy Results: 0.04 ms
[LIBGPUSPATIAL] [ 16455][19:55:29:337101][info  ] RTSpatialIndex 0x1b08bef0 (Free 22005 MB), Allocate result buffer, memory consumption 0 MB, capacity 21
[LIBGPUSPATIAL] [ 16455][19:55:29:337215][info  ] RTSpatialIndex 0x1b08bef0 (Free 22005 MB), Probe Points, Size: 100000, Results: 21
[LIBGPUSPATIAL] [ 16455][19:55:29:337246][info  ] RTSpatialIndex 0x1b08bef0 (Free 22005 MB), Profiling Results. Alloc: 0.05 ms, Prepare: 0.23 ms, RT: 0.08 ms, Copy res: 0.04 ms
[LIBGPUSPATIAL] [ 16455][19:55:29:337518][info  ] RTSpatialRefiner 0x177ea3e0 (Free 22005 MB), Loaded Geometries, ProbeArray 100000, Loaded 19, Type Point
[LIBGPUSPATIAL] [ 16455][19:55:29:337553][info  ] RTSpatialRefiner 0x177ea3e0 (Free 22005 MB), Evaluating 21 Geometry Pairs with Predicate Contains
[LIBGPUSPATIAL] [ 16455][19:55:29:338092][info  ] RTSpatialRefiner 0x177ea3e0 (Free 22005 MB), Profiling Results. Parse: 0.23 ms, Refine: 0.50 ms, Copy Results: 0.04 ms
[LIBGPUSPATIAL] [ 16455][19:55:29:348413][info  ] RTSpatialIndex 0x1b08bef0 (Free 22005 MB), Allocate result buffer, memory consumption 0 MB, capacity 21
[LIBGPUSPATIAL] [ 16455][19:55:29:348533][info  ] RTSpatialIndex 0x1b08bef0 (Free 22005 MB), Probe Points, Size: 100000, Results: 21
[LIBGPUSPATIAL] [ 16455][19:55:29:348564][info  ] RTSpatialIndex 0x1b08bef0 (Free 22005 MB), Profiling Results. Alloc: 0.05 ms, Prepare: 0.22 ms, RT: 0.08 ms, Copy res: 0.04 ms
[LIBGPUSPATIAL] [ 16455][19:55:29:348862][info  ] RTSpatialRefiner 0x177ea3e0 (Free 22005 MB), Loaded Geometries, ProbeArray 100000, Loaded 15, Type Point
[LIBGPUSPATIAL] [ 16455][19:55:29:348897][info  ] RTSpatialRefiner 0x177ea3e0 (Free 22005 MB), Evaluating 21 Geometry Pairs with Predicate Contains
[LIBGPUSPATIAL] [ 16455][19:55:29:349442][info  ] RTSpatialRefiner 0x177ea3e0 (Free 22005 MB), Profiling Results. Parse: 0.26 ms, Refine: 0.51 ms, Copy Results: 0.04 ms
[LIBGPUSPATIAL] [ 16455][19:55:29:359352][info  ] RTSpatialIndex 0x1b08bef0 (Free 22005 MB), Allocate result buffer, memory consumption 0 MB, capacity 17
[LIBGPUSPATIAL] [ 16455][19:55:29:359466][info  ] RTSpatialIndex 0x1b08bef0 (Free 22005 MB), Probe Points, Size: 100000, Results: 17
[LIBGPUSPATIAL] [ 16455][19:55:29:359496][info  ] RTSpatialIndex 0x1b08bef0 (Free 22005 MB), Profiling Results. Alloc: 0.05 ms, Prepare: 0.23 ms, RT: 0.07 ms, Copy res: 0.04 ms
[LIBGPUSPATIAL] [ 16455][19:55:29:359788][info  ] RTSpatialRefiner 0x177ea3e0 (Free 22005 MB), Loaded Geometries, ProbeArray 100000, Loaded 15, Type Point
[LIBGPUSPATIAL] [ 16455][19:55:29:359823][info  ] RTSpatialRefiner 0x177ea3e0 (Free 22005 MB), Evaluating 17 Geometry Pairs with Predicate Contains
[LIBGPUSPATIAL] [ 16455][19:55:29:360310][info  ] RTSpatialRefiner 0x177ea3e0 (Free 22005 MB), Profiling Results. Parse: 0.25 ms, Refine: 0.45 ms, Copy Results: 0.04 ms
[LIBGPUSPATIAL] [ 16455][19:55:29:370619][info  ] RTSpatialIndex 0x1b08bef0 (Free 22005 MB), Allocate result buffer, memory consumption 0 MB, capacity 34
[LIBGPUSPATIAL] [ 16455][19:55:29:370750][info  ] RTSpatialIndex 0x1b08bef0 (Free 22005 MB), Probe Points, Size: 100000, Results: 34
[LIBGPUSPATIAL] [ 16455][19:55:29:370782][info  ] RTSpatialIndex 0x1b08bef0 (Free 22005 MB), Profiling Results. Alloc: 0.05 ms, Prepare: 0.22 ms, RT: 0.08 ms, Copy res: 0.06 ms
[LIBGPUSPATIAL] [ 16455][19:55:29:371054][info  ] RTSpatialRefiner 0x177ea3e0 (Free 22005 MB), Loaded Geometries, ProbeArray 100000, Loaded 25, Type Point
[LIBGPUSPATIAL] [ 16455][19:55:29:371088][info  ] RTSpatialRefiner 0x177ea3e0 (Free 22005 MB), Evaluating 34 Geometry Pairs with Predicate Contains
[LIBGPUSPATIAL] [ 16455][19:55:29:371585][info  ] RTSpatialRefiner 0x177ea3e0 (Free 22005 MB), Profiling Results. Parse: 0.23 ms, Refine: 0.46 ms, Copy Results: 0.04 ms
[LIBGPUSPATIAL] [ 16455][19:55:29:381706][info  ] RTSpatialIndex 0x1b08bef0 (Free 22005 MB), Allocate result buffer, memory consumption 0 MB, capacity 32
[LIBGPUSPATIAL] [ 16455][19:55:29:381839][info  ] RTSpatialIndex 0x1b08bef0 (Free 22005 MB), Probe Points, Size: 100000, Results: 32
[LIBGPUSPATIAL] [ 16455][19:55:29:381870][info  ] RTSpatialIndex 0x1b08bef0 (Free 22005 MB), Profiling Results. Alloc: 0.06 ms, Prepare: 0.22 ms, RT: 0.07 ms, Copy res: 0.04 ms
[LIBGPUSPATIAL] [ 16455][19:55:29:382151][info  ] RTSpatialRefiner 0x177ea3e0 (Free 22005 MB), Loaded Geometries, ProbeArray 100000, Loaded 23, Type Point
[LIBGPUSPATIAL] [ 16455][19:55:29:382184][info  ] RTSpatialRefiner 0x177ea3e0 (Free 22005 MB), Evaluating 32 Geometry Pairs with Predicate Contains
[LIBGPUSPATIAL] [ 16455][19:55:29:382823][info  ] RTSpatialRefiner 0x177ea3e0 (Free 22005 MB), Profiling Results. Parse: 0.24 ms, Refine: 0.60 ms, Copy Results: 0.04 ms
[LIBGPUSPATIAL] [ 16455][19:55:29:393068][info  ] RTSpatialIndex 0x1b08bef0 (Free 22005 MB), Allocate result buffer, memory consumption 0 MB, capacity 26
[LIBGPUSPATIAL] [ 16455][19:55:29:393185][info  ] RTSpatialIndex 0x1b08bef0 (Free 22005 MB), Probe Points, Size: 100000, Results: 26
[LIBGPUSPATIAL] [ 16455][19:55:29:393215][info  ] RTSpatialIndex 0x1b08bef0 (Free 22005 MB), Profiling Results. Alloc: 0.05 ms, Prepare: 0.22 ms, RT: 0.08 ms, Copy res: 0.04 ms
[LIBGPUSPATIAL] [ 16455][19:55:29:393486][info  ] RTSpatialRefiner 0x177ea3e0 (Free 22005 MB), Loaded Geometries, ProbeArray 100000, Loaded 20, Type Point
[LIBGPUSPATIAL] [ 16455][19:55:29:393520][info  ] RTSpatialRefiner 0x177ea3e0 (Free 22005 MB), Evaluating 26 Geometry Pairs with Predicate Contains
[LIBGPUSPATIAL] [ 16455][19:55:29:394188][info  ] RTSpatialRefiner 0x177ea3e0 (Free 22005 MB), Profiling Results. Parse: 0.23 ms, Refine: 0.63 ms, Copy Results: 0.04 ms
[LIBGPUSPATIAL] [ 16455][19:55:29:404422][info  ] RTSpatialIndex 0x1b08bef0 (Free 22005 MB), Allocate result buffer, memory consumption 0 MB, capacity 27
[LIBGPUSPATIAL] [ 16455][19:55:29:404539][info  ] RTSpatialIndex 0x1b08bef0 (Free 22005 MB), Probe Points, Size: 100000, Results: 27
[LIBGPUSPATIAL] [ 16455][19:55:29:404569][info  ] RTSpatialIndex 0x1b08bef0 (Free 22005 MB), Profiling Results. Alloc: 0.05 ms, Prepare: 0.22 ms, RT: 0.07 ms, Copy res: 0.04 ms
[LIBGPUSPATIAL] [ 16455][19:55:29:404862][info  ] RTSpatialRefiner 0x177ea3e0 (Free 22005 MB), Loaded Geometries, ProbeArray 100000, Loaded 21, Type Point
[LIBGPUSPATIAL] [ 16455][19:55:29:404895][info  ] RTSpatialRefiner 0x177ea3e0 (Free 22005 MB), Evaluating 27 Geometry Pairs with Predicate Contains
[LIBGPUSPATIAL] [ 16455][19:55:29:405393][info  ] RTSpatialRefiner 0x177ea3e0 (Free 22005 MB), Profiling Results. Parse: 0.25 ms, Refine: 0.46 ms, Copy Results: 0.04 ms
[LIBGPUSPATIAL] [ 16455][19:55:29:415590][info  ] RTSpatialIndex 0x1b08bef0 (Free 22005 MB), Allocate result buffer, memory consumption 0 MB, capacity 29
[LIBGPUSPATIAL] [ 16455][19:55:29:415705][info  ] RTSpatialIndex 0x1b08bef0 (Free 22005 MB), Probe Points, Size: 100000, Results: 29
[LIBGPUSPATIAL] [ 16455][19:55:29:415751][info  ] RTSpatialIndex 0x1b08bef0 (Free 22005 MB), Profiling Results. Alloc: 0.05 ms, Prepare: 0.22 ms, RT: 0.08 ms, Copy res: 0.04 ms
[LIBGPUSPATIAL] [ 16455][19:55:29:416021][info  ] RTSpatialRefiner 0x177ea3e0 (Free 22005 MB), Loaded Geometries, ProbeArray 100000, Loaded 21, Type Point
[LIBGPUSPATIAL] [ 16455][19:55:29:416054][info  ] RTSpatialRefiner 0x177ea3e0 (Free 22005 MB), Evaluating 29 Geometry Pairs with Predicate Contains
[LIBGPUSPATIAL] [ 16455][19:55:29:416566][info  ] RTSpatialRefiner 0x177ea3e0 (Free 22005 MB), Profiling Results. Parse: 0.23 ms, Refine: 0.48 ms, Copy Results: 0.04 ms
[LIBGPUSPATIAL] [ 16455][19:55:29:426772][info  ] RTSpatialIndex 0x1b08bef0 (Free 22005 MB), Allocate result buffer, memory consumption 0 MB, capacity 24
[LIBGPUSPATIAL] [ 16455][19:55:29:426884][info  ] RTSpatialIndex 0x1b08bef0 (Free 22005 MB), Probe Points, Size: 100000, Results: 24
[LIBGPUSPATIAL] [ 16455][19:55:29:426915][info  ] RTSpatialIndex 0x1b08bef0 (Free 22005 MB), Profiling Results. Alloc: 0.05 ms, Prepare: 0.22 ms, RT: 0.08 ms, Copy res: 0.04 ms
[LIBGPUSPATIAL] [ 16455][19:55:29:427184][info  ] RTSpatialRefiner 0x177ea3e0 (Free 22005 MB), Loaded Geometries, ProbeArray 100000, Loaded 18, Type Point
[LIBGPUSPATIAL] [ 16455][19:55:29:427216][info  ] RTSpatialRefiner 0x177ea3e0 (Free 22005 MB), Evaluating 24 Geometry Pairs with Predicate Contains
[LIBGPUSPATIAL] [ 16455][19:55:29:427712][info  ] RTSpatialRefiner 0x177ea3e0 (Free 22005 MB), Profiling Results. Parse: 0.23 ms, Refine: 0.46 ms, Copy Results: 0.04 ms
[LIBGPUSPATIAL] [ 16455][19:55:29:437572][info  ] RTSpatialIndex 0x1b08bef0 (Free 22005 MB), Allocate result buffer, memory consumption 0 MB, capacity 24
[LIBGPUSPATIAL] [ 16455][19:55:29:437689][info  ] RTSpatialIndex 0x1b08bef0 (Free 22005 MB), Probe Points, Size: 100000, Results: 24
[LIBGPUSPATIAL] [ 16455][19:55:29:437719][info  ] RTSpatialIndex 0x1b08bef0 (Free 22005 MB), Profiling Results. Alloc: 0.05 ms, Prepare: 0.22 ms, RT: 0.08 ms, Copy res: 0.04 ms
[LIBGPUSPATIAL] [ 16455][19:55:29:438026][info  ] RTSpatialRefiner 0x177ea3e0 (Free 22005 MB), Loaded Geometries, ProbeArray 100000, Loaded 19, Type Point
[LIBGPUSPATIAL] [ 16455][19:55:29:438060][info  ] RTSpatialRefiner 0x177ea3e0 (Free 22005 MB), Evaluating 24 Geometry Pairs with Predicate Contains
[LIBGPUSPATIAL] [ 16455][19:55:29:438536][info  ] RTSpatialRefiner 0x177ea3e0 (Free 22005 MB), Profiling Results. Parse: 0.25 ms, Refine: 0.44 ms, Copy Results: 0.04 ms
[LIBGPUSPATIAL] [ 16455][19:55:29:448821][info  ] RTSpatialIndex 0x1b08bef0 (Free 22005 MB), Allocate result buffer, memory consumption 0 MB, capacity 19
[LIBGPUSPATIAL] [ 16455][19:55:29:448938][info  ] RTSpatialIndex 0x1b08bef0 (Free 22005 MB), Probe Points, Size: 100000, Results: 19
[LIBGPUSPATIAL] [ 16455][19:55:29:448968][info  ] RTSpatialIndex 0x1b08bef0 (Free 22005 MB), Profiling Results. Alloc: 0.05 ms, Prepare: 0.23 ms, RT: 0.08 ms, Copy res: 0.04 ms
[LIBGPUSPATIAL] [ 16455][19:55:29:449256][info  ] RTSpatialRefiner 0x177ea3e0 (Free 22005 MB), Loaded Geometries, ProbeArray 100000, Loaded 16, Type Point
[LIBGPUSPATIAL] [ 16455][19:55:29:449291][info  ] RTSpatialRefiner 0x177ea3e0 (Free 22005 MB), Evaluating 19 Geometry Pairs with Predicate Contains
[LIBGPUSPATIAL] [ 16455][19:55:29:449817][info  ] RTSpatialRefiner 0x177ea3e0 (Free 22005 MB), Profiling Results. Parse: 0.24 ms, Refine: 0.49 ms, Copy Results: 0.04 ms
[LIBGPUSPATIAL] [ 16455][19:55:29:453333][info  ] RTSpatialIndex 0x1b08bef0 (Free 22005 MB), Allocate result buffer, memory consumption 0 MB, capacity 9
[LIBGPUSPATIAL] [ 16455][19:55:29:453445][info  ] RTSpatialIndex 0x1b08bef0 (Free 22005 MB), Probe Points, Size: 33333, Results: 9
[LIBGPUSPATIAL] [ 16455][19:55:29:453475][info  ] RTSpatialIndex 0x1b08bef0 (Free 22005 MB), Profiling Results. Alloc: 0.05 ms, Prepare: 0.12 ms, RT: 0.07 ms, Copy res: 0.04 ms
[LIBGPUSPATIAL] [ 16455][19:55:29:453750][info  ] RTSpatialRefiner 0x177ea3e0 (Free 22005 MB), Loaded Geometries, ProbeArray 33333, Loaded 7, Type Point
[LIBGPUSPATIAL] [ 16455][19:55:29:453785][info  ] RTSpatialRefiner 0x177ea3e0 (Free 22005 MB), Evaluating 9 Geometry Pairs with Predicate Contains
[LIBGPUSPATIAL] [ 16455][19:55:29:454261][info  ] RTSpatialRefiner 0x177ea3e0 (Free 22005 MB), Profiling Results. Parse: 0.22 ms, Refine: 0.44 ms, Copy Results: 0.04 ms
[LIBGPUSPATIAL] [ 16455][19:55:29:474581][info  ] RTSpatialIndex 0x1b08bef0 (Free 22005 MB), Allocate result buffer, memory consumption 0 MB, capacity 23
[LIBGPUSPATIAL] [ 16455][19:55:29:474710][info  ] RTSpatialIndex 0x1b08bef0 (Free 22005 MB), Probe Points, Size: 100000, Results: 23
[LIBGPUSPATIAL] [ 16455][19:55:29:474759][info  ] RTSpatialIndex 0x1b08bef0 (Free 22005 MB), Profiling Results. Alloc: 0.10 ms, Prepare: 0.27 ms, RT: 0.10 ms, Copy res: 0.05 ms
[LIBGPUSPATIAL] [ 16455][19:55:29:475067][info  ] RTSpatialRefiner 0x177ea3e0 (Free 22005 MB), Loaded Geometries, ProbeArray 100000, Loaded 19, Type Point
[LIBGPUSPATIAL] [ 16455][19:55:29:475102][info  ] RTSpatialRefiner 0x177ea3e0 (Free 22005 MB), Evaluating 23 Geometry Pairs with Predicate Contains
[LIBGPUSPATIAL] [ 16455][19:55:29:475634][info  ] RTSpatialRefiner 0x177ea3e0 (Free 22005 MB), Profiling Results. Parse: 0.25 ms, Refine: 0.49 ms, Copy Results: 0.04 ms
[LIBGPUSPATIAL] [ 16455][19:55:29:486105][info  ] RTSpatialIndex 0x1b08bef0 (Free 22005 MB), Allocate result buffer, memory consumption 0 MB, capacity 22
[LIBGPUSPATIAL] [ 16455][19:55:29:486226][info  ] RTSpatialIndex 0x1b08bef0 (Free 22005 MB), Probe Points, Size: 100000, Results: 22
[LIBGPUSPATIAL] [ 16455][19:55:29:486257][info  ] RTSpatialIndex 0x1b08bef0 (Free 22005 MB), Profiling Results. Alloc: 0.05 ms, Prepare: 0.22 ms, RT: 0.08 ms, Copy res: 0.04 ms
[LIBGPUSPATIAL] [ 16455][19:55:29:486556][info  ] RTSpatialRefiner 0x177ea3e0 (Free 22005 MB), Loaded Geometries, ProbeArray 100000, Loaded 16, Type Point
[LIBGPUSPATIAL] [ 16455][19:55:29:486590][info  ] RTSpatialRefiner 0x177ea3e0 (Free 22005 MB), Evaluating 22 Geometry Pairs with Predicate Contains
[LIBGPUSPATIAL] [ 16455][19:55:29:487130][info  ] RTSpatialRefiner 0x177ea3e0 (Free 22005 MB), Profiling Results. Parse: 0.26 ms, Refine: 0.50 ms, Copy Results: 0.04 ms
[LIBGPUSPATIAL] [ 16455][19:55:29:497408][info  ] RTSpatialIndex 0x1b08bef0 (Free 22005 MB), Allocate result buffer, memory consumption 0 MB, capacity 21
[LIBGPUSPATIAL] [ 16455][19:55:29:497528][info  ] RTSpatialIndex 0x1b08bef0 (Free 22005 MB), Probe Points, Size: 100000, Results: 21
[LIBGPUSPATIAL] [ 16455][19:55:29:497559][info  ] RTSpatialIndex 0x1b08bef0 (Free 22005 MB), Profiling Results. Alloc: 0.05 ms, Prepare: 0.23 ms, RT: 0.08 ms, Copy res: 0.04 ms
[LIBGPUSPATIAL] [ 16455][19:55:29:497847][info  ] RTSpatialRefiner 0x177ea3e0 (Free 22005 MB), Loaded Geometries, ProbeArray 100000, Loaded 15, Type Point
[LIBGPUSPATIAL] [ 16455][19:55:29:497881][info  ] RTSpatialRefiner 0x177ea3e0 (Free 22005 MB), Evaluating 21 Geometry Pairs with Predicate Contains
[LIBGPUSPATIAL] [ 16455][19:55:29:498361][info  ] RTSpatialRefiner 0x177ea3e0 (Free 22005 MB), Profiling Results. Parse: 0.25 ms, Refine: 0.44 ms, Copy Results: 0.04 ms
[LIBGPUSPATIAL] [ 16455][19:55:29:508642][info  ] RTSpatialIndex 0x1b08bef0 (Free 22005 MB), Allocate result buffer, memory consumption 0 MB, capacity 25
[LIBGPUSPATIAL] [ 16455][19:55:29:508765][info  ] RTSpatialIndex 0x1b08bef0 (Free 22005 MB), Probe Points, Size: 100000, Results: 25
[LIBGPUSPATIAL] [ 16455][19:55:29:508797][info  ] RTSpatialIndex 0x1b08bef0 (Free 22005 MB), Profiling Results. Alloc: 0.05 ms, Prepare: 0.22 ms, RT: 0.07 ms, Copy res: 0.06 ms
[LIBGPUSPATIAL] [ 16455][19:55:29:509077][info  ] RTSpatialRefiner 0x177ea3e0 (Free 22005 MB), Loaded Geometries, ProbeArray 100000, Loaded 20, Type Point
[LIBGPUSPATIAL] [ 16455][19:55:29:509110][info  ] RTSpatialRefiner 0x177ea3e0 (Free 22005 MB), Evaluating 25 Geometry Pairs with Predicate Contains
[LIBGPUSPATIAL] [ 16455][19:55:29:509622][info  ] RTSpatialRefiner 0x177ea3e0 (Free 22005 MB), Profiling Results. Parse: 0.24 ms, Refine: 0.47 ms, Copy Results: 0.04 ms
[LIBGPUSPATIAL] [ 16455][19:55:29:519515][info  ] RTSpatialIndex 0x1b08bef0 (Free 22005 MB), Allocate result buffer, memory consumption 0 MB, capacity 28
[LIBGPUSPATIAL] [ 16455][19:55:29:519628][info  ] RTSpatialIndex 0x1b08bef0 (Free 22005 MB), Probe Points, Size: 100000, Results: 28
[LIBGPUSPATIAL] [ 16455][19:55:29:519658][info  ] RTSpatialIndex 0x1b08bef0 (Free 22005 MB), Profiling Results. Alloc: 0.05 ms, Prepare: 0.22 ms, RT: 0.08 ms, Copy res: 0.04 ms
[LIBGPUSPATIAL] [ 16455][19:55:29:519945][info  ] RTSpatialRefiner 0x177ea3e0 (Free 22005 MB), Loaded Geometries, ProbeArray 100000, Loaded 22, Type Point
[LIBGPUSPATIAL] [ 16455][19:55:29:519981][info  ] RTSpatialRefiner 0x177ea3e0 (Free 22005 MB), Evaluating 28 Geometry Pairs with Predicate Contains
[LIBGPUSPATIAL] [ 16455][19:55:29:520540][info  ] RTSpatialRefiner 0x177ea3e0 (Free 22005 MB), Profiling Results. Parse: 0.25 ms, Refine: 0.52 ms, Copy Results: 0.04 ms
[LIBGPUSPATIAL] [ 16455][19:55:29:530832][info  ] RTSpatialIndex 0x1b08bef0 (Free 22005 MB), Allocate result buffer, memory consumption 0 MB, capacity 21
[LIBGPUSPATIAL] [ 16455][19:55:29:530945][info  ] RTSpatialIndex 0x1b08bef0 (Free 22005 MB), Probe Points, Size: 100000, Results: 21
[LIBGPUSPATIAL] [ 16455][19:55:29:530976][info  ] RTSpatialIndex 0x1b08bef0 (Free 22005 MB), Profiling Results. Alloc: 0.05 ms, Prepare: 0.23 ms, RT: 0.07 ms, Copy res: 0.04 ms
[LIBGPUSPATIAL] [ 16455][19:55:29:531247][info  ] RTSpatialRefiner 0x177ea3e0 (Free 22005 MB), Loaded Geometries, ProbeArray 100000, Loaded 17, Type Point
[LIBGPUSPATIAL] [ 16455][19:55:29:531281][info  ] RTSpatialRefiner 0x177ea3e0 (Free 22005 MB), Evaluating 21 Geometry Pairs with Predicate Contains
[LIBGPUSPATIAL] [ 16455][19:55:29:531821][info  ] RTSpatialRefiner 0x177ea3e0 (Free 22005 MB), Profiling Results. Parse: 0.23 ms, Refine: 0.50 ms, Copy Results: 0.04 ms
[LIBGPUSPATIAL] [ 16455][19:55:29:541932][info  ] RTSpatialIndex 0x1b08bef0 (Free 22005 MB), Allocate result buffer, memory consumption 0 MB, capacity 27
[LIBGPUSPATIAL] [ 16455][19:55:29:542048][info  ] RTSpatialIndex 0x1b08bef0 (Free 22005 MB), Probe Points, Size: 100000, Results: 27
[LIBGPUSPATIAL] [ 16455][19:55:29:542078][info  ] RTSpatialIndex 0x1b08bef0 (Free 22005 MB), Profiling Results. Alloc: 0.05 ms, Prepare: 0.22 ms, RT: 0.08 ms, Copy res: 0.05 ms
[LIBGPUSPATIAL] [ 16455][19:55:29:542351][info  ] RTSpatialRefiner 0x177ea3e0 (Free 22005 MB), Loaded Geometries, ProbeArray 100000, Loaded 24, Type Point
[LIBGPUSPATIAL] [ 16455][19:55:29:542386][info  ] RTSpatialRefiner 0x177ea3e0 (Free 22005 MB), Evaluating 27 Geometry Pairs with Predicate Contains
[LIBGPUSPATIAL] [ 16455][19:55:29:542881][info  ] RTSpatialRefiner 0x177ea3e0 (Free 22005 MB), Profiling Results. Parse: 0.23 ms, Refine: 0.46 ms, Copy Results: 0.04 ms
[LIBGPUSPATIAL] [ 16455][19:55:29:553181][info  ] RTSpatialIndex 0x1b08bef0 (Free 22005 MB), Allocate result buffer, memory consumption 0 MB, capacity 19
[LIBGPUSPATIAL] [ 16455][19:55:29:553300][info  ] RTSpatialIndex 0x1b08bef0 (Free 22005 MB), Probe Points, Size: 100000, Results: 19
[LIBGPUSPATIAL] [ 16455][19:55:29:553330][info  ] RTSpatialIndex 0x1b08bef0 (Free 22005 MB), Profiling Results. Alloc: 0.05 ms, Prepare: 0.23 ms, RT: 0.08 ms, Copy res: 0.04 ms
[LIBGPUSPATIAL] [ 16455][19:55:29:553598][info  ] RTSpatialRefiner 0x177ea3e0 (Free 22005 MB), Loaded Geometries, ProbeArray 100000, Loaded 14, Type Point
[LIBGPUSPATIAL] [ 16455][19:55:29:553631][info  ] RTSpatialRefiner 0x177ea3e0 (Free 22005 MB), Evaluating 19 Geometry Pairs with Predicate Contains
[LIBGPUSPATIAL] [ 16455][19:55:29:554127][info  ] RTSpatialRefiner 0x177ea3e0 (Free 22005 MB), Profiling Results. Parse: 0.23 ms, Refine: 0.46 ms, Copy Results: 0.04 ms
[LIBGPUSPATIAL] [ 16455][19:55:29:564386][info  ] RTSpatialIndex 0x1b08bef0 (Free 22005 MB), Allocate result buffer, memory consumption 0 MB, capacity 22
[LIBGPUSPATIAL] [ 16455][19:55:29:564497][info  ] RTSpatialIndex 0x1b08bef0 (Free 22005 MB), Probe Points, Size: 100000, Results: 22
[LIBGPUSPATIAL] [ 16455][19:55:29:564528][info  ] RTSpatialIndex 0x1b08bef0 (Free 22005 MB), Profiling Results. Alloc: 0.05 ms, Prepare: 0.22 ms, RT: 0.07 ms, Copy res: 0.04 ms
[LIBGPUSPATIAL] [ 16455][19:55:29:564803][info  ] RTSpatialRefiner 0x177ea3e0 (Free 22005 MB), Loaded Geometries, ProbeArray 100000, Loaded 18, Type Point
[LIBGPUSPATIAL] [ 16455][19:55:29:564836][info  ] RTSpatialRefiner 0x177ea3e0 (Free 22005 MB), Evaluating 22 Geometry Pairs with Predicate Contains
[LIBGPUSPATIAL] [ 16455][19:55:29:565321][info  ] RTSpatialRefiner 0x177ea3e0 (Free 22005 MB), Profiling Results. Parse: 0.23 ms, Refine: 0.45 ms, Copy Results: 0.04 ms
[LIBGPUSPATIAL] [ 16455][19:55:29:575475][info  ] RTSpatialIndex 0x1b08bef0 (Free 22005 MB), Allocate result buffer, memory consumption 0 MB, capacity 19
[LIBGPUSPATIAL] [ 16455][19:55:29:575584][info  ] RTSpatialIndex 0x1b08bef0 (Free 22005 MB), Probe Points, Size: 100000, Results: 19
[LIBGPUSPATIAL] [ 16455][19:55:29:575614][info  ] RTSpatialIndex 0x1b08bef0 (Free 22005 MB), Profiling Results. Alloc: 0.05 ms, Prepare: 0.22 ms, RT: 0.07 ms, Copy res: 0.04 ms
[LIBGPUSPATIAL] [ 16455][19:55:29:575880][info  ] RTSpatialRefiner 0x177ea3e0 (Free 22005 MB), Loaded Geometries, ProbeArray 100000, Loaded 16, Type Point
[LIBGPUSPATIAL] [ 16455][19:55:29:575914][info  ] RTSpatialRefiner 0x177ea3e0 (Free 22005 MB), Evaluating 19 Geometry Pairs with Predicate Contains
[LIBGPUSPATIAL] [ 16455][19:55:29:576406][info  ] RTSpatialRefiner 0x177ea3e0 (Free 22005 MB), Profiling Results. Parse: 0.23 ms, Refine: 0.46 ms, Copy Results: 0.04 ms
[LIBGPUSPATIAL] [ 16455][19:55:29:586585][info  ] RTSpatialIndex 0x1b08bef0 (Free 22005 MB), Allocate result buffer, memory consumption 0 MB, capacity 25
[LIBGPUSPATIAL] [ 16455][19:55:29:586702][info  ] RTSpatialIndex 0x1b08bef0 (Free 22005 MB), Probe Points, Size: 100000, Results: 25
[LIBGPUSPATIAL] [ 16455][19:55:29:586746][info  ] RTSpatialIndex 0x1b08bef0 (Free 22005 MB), Profiling Results. Alloc: 0.05 ms, Prepare: 0.22 ms, RT: 0.08 ms, Copy res: 0.04 ms
[LIBGPUSPATIAL] [ 16455][19:55:29:587015][info  ] RTSpatialRefiner 0x177ea3e0 (Free 22005 MB), Loaded Geometries, ProbeArray 100000, Loaded 19, Type Point
[LIBGPUSPATIAL] [ 16455][19:55:29:587048][info  ] RTSpatialRefiner 0x177ea3e0 (Free 22005 MB), Evaluating 25 Geometry Pairs with Predicate Contains
[LIBGPUSPATIAL] [ 16455][19:55:29:587543][info  ] RTSpatialRefiner 0x177ea3e0 (Free 22005 MB), Profiling Results. Parse: 0.23 ms, Refine: 0.46 ms, Copy Results: 0.04 ms
[LIBGPUSPATIAL] [ 16455][19:55:29:597382][info  ] RTSpatialIndex 0x1b08bef0 (Free 22005 MB), Allocate result buffer, memory consumption 0 MB, capacity 25
[LIBGPUSPATIAL] [ 16455][19:55:29:597499][info  ] RTSpatialIndex 0x1b08bef0 (Free 22005 MB), Probe Points, Size: 100000, Results: 25
[LIBGPUSPATIAL] [ 16455][19:55:29:597530][info  ] RTSpatialIndex 0x1b08bef0 (Free 22005 MB), Profiling Results. Alloc: 0.05 ms, Prepare: 0.22 ms, RT: 0.08 ms, Copy res: 0.04 ms
[LIBGPUSPATIAL] [ 16455][19:55:29:597812][info  ] RTSpatialRefiner 0x177ea3e0 (Free 22005 MB), Loaded Geometries, ProbeArray 100000, Loaded 20, Type Point
[LIBGPUSPATIAL] [ 16455][19:55:29:597846][info  ] RTSpatialRefiner 0x177ea3e0 (Free 22005 MB), Evaluating 25 Geometry Pairs with Predicate Contains
[LIBGPUSPATIAL] [ 16455][19:55:29:598318][info  ] RTSpatialRefiner 0x177ea3e0 (Free 22005 MB), Profiling Results. Parse: 0.24 ms, Refine: 0.43 ms, Copy Results: 0.04 ms
[LIBGPUSPATIAL] [ 16455][19:55:29:608581][info  ] RTSpatialIndex 0x1b08bef0 (Free 22005 MB), Allocate result buffer, memory consumption 0 MB, capacity 18
[LIBGPUSPATIAL] [ 16455][19:55:29:608698][info  ] RTSpatialIndex 0x1b08bef0 (Free 22005 MB), Probe Points, Size: 100000, Results: 18
[LIBGPUSPATIAL] [ 16455][19:55:29:608743][info  ] RTSpatialIndex 0x1b08bef0 (Free 22005 MB), Profiling Results. Alloc: 0.05 ms, Prepare: 0.22 ms, RT: 0.08 ms, Copy res: 0.04 ms
[LIBGPUSPATIAL] [ 16455][19:55:29:609021][info  ] RTSpatialRefiner 0x177ea3e0 (Free 22005 MB), Loaded Geometries, ProbeArray 100000, Loaded 15, Type Point
[LIBGPUSPATIAL] [ 16455][19:55:29:609056][info  ] RTSpatialRefiner 0x177ea3e0 (Free 22005 MB), Evaluating 18 Geometry Pairs with Predicate Contains
[LIBGPUSPATIAL] [ 16455][19:55:29:609534][info  ] RTSpatialRefiner 0x177ea3e0 (Free 22005 MB), Profiling Results. Parse: 0.24 ms, Refine: 0.44 ms, Copy Results: 0.04 ms
[LIBGPUSPATIAL] [ 16455][19:55:29:613045][info  ] RTSpatialIndex 0x1b08bef0 (Free 22005 MB), Allocate result buffer, memory consumption 0 MB, capacity 12
[LIBGPUSPATIAL] [ 16455][19:55:29:613155][info  ] RTSpatialIndex 0x1b08bef0 (Free 22005 MB), Probe Points, Size: 33333, Results: 12
[LIBGPUSPATIAL] [ 16455][19:55:29:613185][info  ] RTSpatialIndex 0x1b08bef0 (Free 22005 MB), Profiling Results. Alloc: 0.04 ms, Prepare: 0.11 ms, RT: 0.07 ms, Copy res: 0.04 ms
[LIBGPUSPATIAL] [ 16455][19:55:29:613446][info  ] RTSpatialRefiner 0x177ea3e0 (Free 22005 MB), Loaded Geometries, ProbeArray 33333, Loaded 7, Type Point
[LIBGPUSPATIAL] [ 16455][19:55:29:613480][info  ] RTSpatialRefiner 0x177ea3e0 (Free 22005 MB), Evaluating 12 Geometry Pairs with Predicate Contains
[LIBGPUSPATIAL] [ 16455][19:55:29:613944][info  ] RTSpatialRefiner 0x177ea3e0 (Free 22005 MB), Profiling Results. Parse: 0.22 ms, Refine: 0.43 ms, Copy Results: 0.04 ms
[LIBGPUSPATIAL] [ 16455][19:55:29:634325][info  ] RTSpatialIndex 0x1b08bef0 (Free 22005 MB), Allocate result buffer, memory consumption 0 MB, capacity 22
[LIBGPUSPATIAL] [ 16455][19:55:29:634449][info  ] RTSpatialIndex 0x1b08bef0 (Free 22005 MB), Probe Points, Size: 100000, Results: 22
[LIBGPUSPATIAL] [ 16455][19:55:29:634484][info  ] RTSpatialIndex 0x1b08bef0 (Free 22005 MB), Profiling Results. Alloc: 0.10 ms, Prepare: 0.27 ms, RT: 0.10 ms, Copy res: 0.05 ms
[LIBGPUSPATIAL] [ 16455][19:55:29:634805][info  ] RTSpatialRefiner 0x177ea3e0 (Free 22005 MB), Loaded Geometries, ProbeArray 100000, Loaded 17, Type Point
[LIBGPUSPATIAL] [ 16455][19:55:29:634840][info  ] RTSpatialRefiner 0x177ea3e0 (Free 22005 MB), Evaluating 22 Geometry Pairs with Predicate Contains
[LIBGPUSPATIAL] [ 16455][19:55:29:635347][info  ] RTSpatialRefiner 0x177ea3e0 (Free 22005 MB), Profiling Results. Parse: 0.27 ms, Refine: 0.47 ms, Copy Results: 0.04 ms
[LIBGPUSPATIAL] [ 16455][19:55:29:645993][info  ] RTSpatialIndex 0x1b08bef0 (Free 22005 MB), Allocate result buffer, memory consumption 0 MB, capacity 19
[LIBGPUSPATIAL] [ 16455][19:55:29:646116][info  ] RTSpatialIndex 0x1b08bef0 (Free 22005 MB), Probe Points, Size: 100000, Results: 19
[LIBGPUSPATIAL] [ 16455][19:55:29:646148][info  ] RTSpatialIndex 0x1b08bef0 (Free 22005 MB), Profiling Results. Alloc: 0.06 ms, Prepare: 0.24 ms, RT: 0.09 ms, Copy res: 0.04 ms
[LIBGPUSPATIAL] [ 16455][19:55:29:646442][info  ] RTSpatialRefiner 0x177ea3e0 (Free 22005 MB), Loaded Geometries, ProbeArray 100000, Loaded 17, Type Point
[LIBGPUSPATIAL] [ 16455][19:55:29:646476][info  ] RTSpatialRefiner 0x177ea3e0 (Free 22005 MB), Evaluating 19 Geometry Pairs with Predicate Contains
[LIBGPUSPATIAL] [ 16455][19:55:29:646975][info  ] RTSpatialRefiner 0x177ea3e0 (Free 22005 MB), Profiling Results. Parse: 0.25 ms, Refine: 0.46 ms, Copy Results: 0.04 ms
[LIBGPUSPATIAL] [ 16455][19:55:29:657294][info  ] RTSpatialIndex 0x1b08bef0 (Free 22005 MB), Allocate result buffer, memory consumption 0 MB, capacity 15
[LIBGPUSPATIAL] [ 16455][19:55:29:657409][info  ] RTSpatialIndex 0x1b08bef0 (Free 22005 MB), Probe Points, Size: 100000, Results: 15
[LIBGPUSPATIAL] [ 16455][19:55:29:657440][info  ] RTSpatialIndex 0x1b08bef0 (Free 22005 MB), Profiling Results. Alloc: 0.05 ms, Prepare: 0.23 ms, RT: 0.07 ms, Copy res: 0.04 ms
[LIBGPUSPATIAL] [ 16455][19:55:29:657719][info  ] RTSpatialRefiner 0x177ea3e0 (Free 22005 MB), Loaded Geometries, ProbeArray 100000, Loaded 13, Type Point
[LIBGPUSPATIAL] [ 16455][19:55:29:657772][info  ] RTSpatialRefiner 0x177ea3e0 (Free 22005 MB), Evaluating 15 Geometry Pairs with Predicate Contains
[LIBGPUSPATIAL] [ 16455][19:55:29:658283][info  ] RTSpatialRefiner 0x177ea3e0 (Free 22005 MB), Profiling Results. Parse: 0.24 ms, Refine: 0.48 ms, Copy Results: 0.04 ms
[LIBGPUSPATIAL] [ 16455][19:55:29:668568][info  ] RTSpatialIndex 0x1b08bef0 (Free 22005 MB), Allocate result buffer, memory consumption 0 MB, capacity 18
[LIBGPUSPATIAL] [ 16455][19:55:29:668681][info  ] RTSpatialIndex 0x1b08bef0 (Free 22005 MB), Probe Points, Size: 100000, Results: 18
[LIBGPUSPATIAL] [ 16455][19:55:29:668712][info  ] RTSpatialIndex 0x1b08bef0 (Free 22005 MB), Profiling Results. Alloc: 0.05 ms, Prepare: 0.23 ms, RT: 0.08 ms, Copy res: 0.04 ms
[LIBGPUSPATIAL] [ 16455][19:55:29:669022][info  ] RTSpatialRefiner 0x177ea3e0 (Free 22005 MB), Loaded Geometries, ProbeArray 100000, Loaded 14, Type Point
[LIBGPUSPATIAL] [ 16455][19:55:29:669057][info  ] RTSpatialRefiner 0x177ea3e0 (Free 22005 MB), Evaluating 18 Geometry Pairs with Predicate Contains
[LIBGPUSPATIAL] [ 16455][19:55:29:669552][info  ] RTSpatialRefiner 0x177ea3e0 (Free 22005 MB), Profiling Results. Parse: 0.26 ms, Refine: 0.46 ms, Copy Results: 0.04 ms
[LIBGPUSPATIAL] [ 16455][19:55:29:679602][info  ] RTSpatialIndex 0x1b08bef0 (Free 22005 MB), Allocate result buffer, memory consumption 0 MB, capacity 19
[LIBGPUSPATIAL] [ 16455][19:55:29:679741][info  ] RTSpatialIndex 0x1b08bef0 (Free 22005 MB), Probe Points, Size: 100000, Results: 19
[LIBGPUSPATIAL] [ 16455][19:55:29:679774][info  ] RTSpatialIndex 0x1b08bef0 (Free 22005 MB), Profiling Results. Alloc: 0.05 ms, Prepare: 0.23 ms, RT: 0.09 ms, Copy res: 0.06 ms
[LIBGPUSPATIAL] [ 16455][19:55:29:680060][info  ] RTSpatialRefiner 0x177ea3e0 (Free 22005 MB), Loaded Geometries, ProbeArray 100000, Loaded 13, Type Point
[LIBGPUSPATIAL] [ 16455][19:55:29:680094][info  ] RTSpatialRefiner 0x177ea3e0 (Free 22005 MB), Evaluating 19 Geometry Pairs with Predicate Contains
[LIBGPUSPATIAL] [ 16455][19:55:29:680615][info  ] RTSpatialRefiner 0x177ea3e0 (Free 22005 MB), Profiling Results. Parse: 0.24 ms, Refine: 0.48 ms, Copy Results: 0.04 ms
[LIBGPUSPATIAL] [ 16455][19:55:29:690946][info  ] RTSpatialIndex 0x1b08bef0 (Free 22005 MB), Allocate result buffer, memory consumption 0 MB, capacity 19
[LIBGPUSPATIAL] [ 16455][19:55:29:691064][info  ] RTSpatialIndex 0x1b08bef0 (Free 22005 MB), Probe Points, Size: 100000, Results: 19
[LIBGPUSPATIAL] [ 16455][19:55:29:691095][info  ] RTSpatialIndex 0x1b08bef0 (Free 22005 MB), Profiling Results. Alloc: 0.05 ms, Prepare: 0.22 ms, RT: 0.08 ms, Copy res: 0.04 ms
[LIBGPUSPATIAL] [ 16455][19:55:29:691385][info  ] RTSpatialRefiner 0x177ea3e0 (Free 22005 MB), Loaded Geometries, ProbeArray 100000, Loaded 15, Type Point
[LIBGPUSPATIAL] [ 16455][19:55:29:691419][info  ] RTSpatialRefiner 0x177ea3e0 (Free 22005 MB), Evaluating 19 Geometry Pairs with Predicate Contains
[LIBGPUSPATIAL] [ 16455][19:55:29:691933][info  ] RTSpatialRefiner 0x177ea3e0 (Free 22005 MB), Profiling Results. Parse: 0.25 ms, Refine: 0.47 ms, Copy Results: 0.04 ms
[LIBGPUSPATIAL] [ 16455][19:55:29:702071][info  ] RTSpatialIndex 0x1b08bef0 (Free 22005 MB), Allocate result buffer, memory consumption 0 MB, capacity 33
[LIBGPUSPATIAL] [ 16455][19:55:29:702191][info  ] RTSpatialIndex 0x1b08bef0 (Free 22005 MB), Probe Points, Size: 100000, Results: 33
[LIBGPUSPATIAL] [ 16455][19:55:29:702222][info  ] RTSpatialIndex 0x1b08bef0 (Free 22005 MB), Profiling Results. Alloc: 0.05 ms, Prepare: 0.22 ms, RT: 0.08 ms, Copy res: 0.04 ms
[LIBGPUSPATIAL] [ 16455][19:55:29:702508][info  ] RTSpatialRefiner 0x177ea3e0 (Free 22005 MB), Loaded Geometries, ProbeArray 100000, Loaded 20, Type Point
[LIBGPUSPATIAL] [ 16455][19:55:29:702542][info  ] RTSpatialRefiner 0x177ea3e0 (Free 22005 MB), Evaluating 33 Geometry Pairs with Predicate Contains
[LIBGPUSPATIAL] [ 16455][19:55:29:703088][info  ] RTSpatialRefiner 0x177ea3e0 (Free 22005 MB), Profiling Results. Parse: 0.25 ms, Refine: 0.51 ms, Copy Results: 0.04 ms
[LIBGPUSPATIAL] [ 16455][19:55:29:713402][info  ] RTSpatialIndex 0x1b08bef0 (Free 22005 MB), Allocate result buffer, memory consumption 0 MB, capacity 33
[LIBGPUSPATIAL] [ 16455][19:55:29:713518][info  ] RTSpatialIndex 0x1b08bef0 (Free 22005 MB), Probe Points, Size: 100000, Results: 33
[LIBGPUSPATIAL] [ 16455][19:55:29:713549][info  ] RTSpatialIndex 0x1b08bef0 (Free 22005 MB), Profiling Results. Alloc: 0.05 ms, Prepare: 0.22 ms, RT: 0.08 ms, Copy res: 0.04 ms
[LIBGPUSPATIAL] [ 16455][19:55:29:713840][info  ] RTSpatialRefiner 0x177ea3e0 (Free 22005 MB), Loaded Geometries, ProbeArray 100000, Loaded 23, Type Point
[LIBGPUSPATIAL] [ 16455][19:55:29:713874][info  ] RTSpatialRefiner 0x177ea3e0 (Free 22005 MB), Evaluating 33 Geometry Pairs with Predicate Contains
[LIBGPUSPATIAL] [ 16455][19:55:29:714380][info  ] RTSpatialRefiner 0x177ea3e0 (Free 22005 MB), Profiling Results. Parse: 0.25 ms, Refine: 0.47 ms, Copy Results: 0.04 ms
[LIBGPUSPATIAL] [ 16455][19:55:29:724649][info  ] RTSpatialIndex 0x1b08bef0 (Free 22005 MB), Allocate result buffer, memory consumption 0 MB, capacity 24
[LIBGPUSPATIAL] [ 16455][19:55:29:724782][info  ] RTSpatialIndex 0x1b08bef0 (Free 22005 MB), Probe Points, Size: 100000, Results: 24
[LIBGPUSPATIAL] [ 16455][19:55:29:724813][info  ] RTSpatialIndex 0x1b08bef0 (Free 22005 MB), Profiling Results. Alloc: 0.05 ms, Prepare: 0.22 ms, RT: 0.09 ms, Copy res: 0.04 ms
[LIBGPUSPATIAL] [ 16455][19:55:29:725094][info  ] RTSpatialRefiner 0x177ea3e0 (Free 22005 MB), Loaded Geometries, ProbeArray 100000, Loaded 18, Type Point
[LIBGPUSPATIAL] [ 16455][19:55:29:725127][info  ] RTSpatialRefiner 0x177ea3e0 (Free 22005 MB), Evaluating 24 Geometry Pairs with Predicate Contains
[LIBGPUSPATIAL] [ 16455][19:55:29:725625][info  ] RTSpatialRefiner 0x177ea3e0 (Free 22005 MB), Profiling Results. Parse: 0.24 ms, Refine: 0.46 ms, Copy Results: 0.04 ms
[LIBGPUSPATIAL] [ 16455][19:55:29:735820][info  ] RTSpatialIndex 0x1b08bef0 (Free 22005 MB), Allocate result buffer, memory consumption 0 MB, capacity 23
[LIBGPUSPATIAL] [ 16455][19:55:29:735935][info  ] RTSpatialIndex 0x1b08bef0 (Free 22005 MB), Probe Points, Size: 100000, Results: 23
[LIBGPUSPATIAL] [ 16455][19:55:29:735965][info  ] RTSpatialIndex 0x1b08bef0 (Free 22005 MB), Profiling Results. Alloc: 0.05 ms, Prepare: 0.23 ms, RT: 0.07 ms, Copy res: 0.04 ms
[LIBGPUSPATIAL] [ 16455][19:55:29:736242][info  ] RTSpatialRefiner 0x177ea3e0 (Free 22005 MB), Loaded Geometries, ProbeArray 100000, Loaded 16, Type Point
[LIBGPUSPATIAL] [ 16455][19:55:29:736276][info  ] RTSpatialRefiner 0x177ea3e0 (Free 22005 MB), Evaluating 23 Geometry Pairs with Predicate Contains
[LIBGPUSPATIAL] [ 16455][19:55:29:736822][info  ] RTSpatialRefiner 0x177ea3e0 (Free 22005 MB), Profiling Results. Parse: 0.24 ms, Refine: 0.51 ms, Copy Results: 0.04 ms
[LIBGPUSPATIAL] [ 16455][19:55:29:747071][info  ] RTSpatialIndex 0x1b08bef0 (Free 22005 MB), Allocate result buffer, memory consumption 0 MB, capacity 24
[LIBGPUSPATIAL] [ 16455][19:55:29:747188][info  ] RTSpatialIndex 0x1b08bef0 (Free 22005 MB), Probe Points, Size: 100000, Results: 24
[LIBGPUSPATIAL] [ 16455][19:55:29:747219][info  ] RTSpatialIndex 0x1b08bef0 (Free 22005 MB), Profiling Results. Alloc: 0.05 ms, Prepare: 0.22 ms, RT: 0.08 ms, Copy res: 0.04 ms
[LIBGPUSPATIAL] [ 16455][19:55:29:747495][info  ] RTSpatialRefiner 0x177ea3e0 (Free 22005 MB), Loaded Geometries, ProbeArray 100000, Loaded 19, Type Point
[LIBGPUSPATIAL] [ 16455][19:55:29:747528][info  ] RTSpatialRefiner 0x177ea3e0 (Free 22005 MB), Evaluating 24 Geometry Pairs with Predicate Contains
[LIBGPUSPATIAL] [ 16455][19:55:29:748070][info  ] RTSpatialRefiner 0x177ea3e0 (Free 22005 MB), Profiling Results. Parse: 0.24 ms, Refine: 0.50 ms, Copy Results: 0.04 ms
[LIBGPUSPATIAL] [ 16455][19:55:29:757908][info  ] RTSpatialIndex 0x1b08bef0 (Free 22005 MB), Allocate result buffer, memory consumption 0 MB, capacity 13
[LIBGPUSPATIAL] [ 16455][19:55:29:758020][info  ] RTSpatialIndex 0x1b08bef0 (Free 22005 MB), Probe Points, Size: 100000, Results: 13
[LIBGPUSPATIAL] [ 16455][19:55:29:758050][info  ] RTSpatialIndex 0x1b08bef0 (Free 22005 MB), Profiling Results. Alloc: 0.05 ms, Prepare: 0.22 ms, RT: 0.07 ms, Copy res: 0.04 ms
[LIBGPUSPATIAL] [ 16455][19:55:29:758339][info  ] RTSpatialRefiner 0x177ea3e0 (Free 22005 MB), Loaded Geometries, ProbeArray 100000, Loaded 11, Type Point
[LIBGPUSPATIAL] [ 16455][19:55:29:758373][info  ] RTSpatialRefiner 0x177ea3e0 (Free 22005 MB), Evaluating 13 Geometry Pairs with Predicate Contains
[LIBGPUSPATIAL] [ 16455][19:55:29:758854][info  ] RTSpatialRefiner 0x177ea3e0 (Free 22005 MB), Profiling Results. Parse: 0.25 ms, Refine: 0.44 ms, Copy Results: 0.04 ms
[LIBGPUSPATIAL] [ 16455][19:55:29:769180][info  ] RTSpatialIndex 0x1b08bef0 (Free 22005 MB), Allocate result buffer, memory consumption 0 MB, capacity 22
[LIBGPUSPATIAL] [ 16455][19:55:29:769300][info  ] RTSpatialIndex 0x1b08bef0 (Free 22005 MB), Probe Points, Size: 100000, Results: 22
[LIBGPUSPATIAL] [ 16455][19:55:29:769330][info  ] RTSpatialIndex 0x1b08bef0 (Free 22005 MB), Profiling Results. Alloc: 0.05 ms, Prepare: 0.23 ms, RT: 0.08 ms, Copy res: 0.04 ms
[LIBGPUSPATIAL] [ 16455][19:55:29:769614][info  ] RTSpatialRefiner 0x177ea3e0 (Free 22005 MB), Loaded Geometries, ProbeArray 100000, Loaded 17, Type Point
[LIBGPUSPATIAL] [ 16455][19:55:29:769648][info  ] RTSpatialRefiner 0x177ea3e0 (Free 22005 MB), Evaluating 22 Geometry Pairs with Predicate Contains
[LIBGPUSPATIAL] [ 16455][19:55:29:770164][info  ] RTSpatialRefiner 0x177ea3e0 (Free 22005 MB), Profiling Results. Parse: 0.24 ms, Refine: 0.48 ms, Copy Results: 0.04 ms
[LIBGPUSPATIAL] [ 16455][19:55:29:773694][info  ] RTSpatialIndex 0x1b08bef0 (Free 22005 MB), Allocate result buffer, memory consumption 0 MB, capacity 5
[LIBGPUSPATIAL] [ 16455][19:55:29:773822][info  ] RTSpatialIndex 0x1b08bef0 (Free 22005 MB), Probe Points, Size: 33333, Results: 5
[LIBGPUSPATIAL] [ 16455][19:55:29:773853][info  ] RTSpatialIndex 0x1b08bef0 (Free 22005 MB), Profiling Results. Alloc: 0.05 ms, Prepare: 0.12 ms, RT: 0.07 ms, Copy res: 0.04 ms
[LIBGPUSPATIAL] [ 16455][19:55:29:774110][info  ] RTSpatialRefiner 0x177ea3e0 (Free 22005 MB), Loaded Geometries, ProbeArray 33333, Loaded 4, Type Point
[LIBGPUSPATIAL] [ 16455][19:55:29:774144][info  ] RTSpatialRefiner 0x177ea3e0 (Free 22005 MB), Evaluating 5 Geometry Pairs with Predicate Contains
[LIBGPUSPATIAL] [ 16455][19:55:29:774648][info  ] RTSpatialRefiner 0x177ea3e0 (Free 22005 MB), Profiling Results. Parse: 0.22 ms, Refine: 0.47 ms, Copy Results: 0.04 ms
[LIBGPUSPATIAL] [ 16455][19:55:29:794949][info  ] RTSpatialIndex 0x1b08bef0 (Free 22005 MB), Allocate result buffer, memory consumption 0 MB, capacity 21
[LIBGPUSPATIAL] [ 16455][19:55:29:795079][info  ] RTSpatialIndex 0x1b08bef0 (Free 22005 MB), Probe Points, Size: 100000, Results: 21
[LIBGPUSPATIAL] [ 16455][19:55:29:795113][info  ] RTSpatialIndex 0x1b08bef0 (Free 22005 MB), Profiling Results. Alloc: 0.09 ms, Prepare: 0.27 ms, RT: 0.10 ms, Copy res: 0.05 ms
[LIBGPUSPATIAL] [ 16455][19:55:29:795422][info  ] RTSpatialRefiner 0x177ea3e0 (Free 22005 MB), Loaded Geometries, ProbeArray 100000, Loaded 16, Type Point
[LIBGPUSPATIAL] [ 16455][19:55:29:795456][info  ] RTSpatialRefiner 0x177ea3e0 (Free 22005 MB), Evaluating 21 Geometry Pairs with Predicate Contains
[LIBGPUSPATIAL] [ 16455][19:55:29:795954][info  ] RTSpatialRefiner 0x177ea3e0 (Free 22005 MB), Profiling Results. Parse: 0.26 ms, Refine: 0.46 ms, Copy Results: 0.04 ms
[LIBGPUSPATIAL] [ 16455][19:55:29:806429][info  ] RTSpatialIndex 0x1b08bef0 (Free 22005 MB), Allocate result buffer, memory consumption 0 MB, capacity 14
[LIBGPUSPATIAL] [ 16455][19:55:29:806550][info  ] RTSpatialIndex 0x1b08bef0 (Free 22005 MB), Probe Points, Size: 100000, Results: 14
[LIBGPUSPATIAL] [ 16455][19:55:29:806581][info  ] RTSpatialIndex 0x1b08bef0 (Free 22005 MB), Profiling Results. Alloc: 0.06 ms, Prepare: 0.22 ms, RT: 0.08 ms, Copy res: 0.04 ms
[LIBGPUSPATIAL] [ 16455][19:55:29:806877][info  ] RTSpatialRefiner 0x177ea3e0 (Free 22005 MB), Loaded Geometries, ProbeArray 100000, Loaded 12, Type Point
[LIBGPUSPATIAL] [ 16455][19:55:29:806912][info  ] RTSpatialRefiner 0x177ea3e0 (Free 22005 MB), Evaluating 14 Geometry Pairs with Predicate Contains
[LIBGPUSPATIAL] [ 16455][19:55:29:807439][info  ] RTSpatialRefiner 0x177ea3e0 (Free 22005 MB), Profiling Results. Parse: 0.25 ms, Refine: 0.49 ms, Copy Results: 0.04 ms
[LIBGPUSPATIAL] [ 16455][19:55:29:817716][info  ] RTSpatialIndex 0x1b08bef0 (Free 22005 MB), Allocate result buffer, memory consumption 0 MB, capacity 25
[LIBGPUSPATIAL] [ 16455][19:55:29:817853][info  ] RTSpatialIndex 0x1b08bef0 (Free 22005 MB), Probe Points, Size: 100000, Results: 25
[LIBGPUSPATIAL] [ 16455][19:55:29:817884][info  ] RTSpatialIndex 0x1b08bef0 (Free 22005 MB), Profiling Results. Alloc: 0.07 ms, Prepare: 0.22 ms, RT: 0.08 ms, Copy res: 0.04 ms
[LIBGPUSPATIAL] [ 16455][19:55:29:818160][info  ] RTSpatialRefiner 0x177ea3e0 (Free 22005 MB), Loaded Geometries, ProbeArray 100000, Loaded 18, Type Point
[LIBGPUSPATIAL] [ 16455][19:55:29:818194][info  ] RTSpatialRefiner 0x177ea3e0 (Free 22005 MB), Evaluating 25 Geometry Pairs with Predicate Contains
[LIBGPUSPATIAL] [ 16455][19:55:29:818763][info  ] RTSpatialRefiner 0x177ea3e0 (Free 22005 MB), Profiling Results. Parse: 0.24 ms, Refine: 0.51 ms, Copy Results: 0.04 ms
[LIBGPUSPATIAL] [ 16455][19:55:29:829026][info  ] RTSpatialIndex 0x1b08bef0 (Free 22005 MB), Allocate result buffer, memory consumption 0 MB, capacity 22
[LIBGPUSPATIAL] [ 16455][19:55:29:829146][info  ] RTSpatialIndex 0x1b08bef0 (Free 22005 MB), Probe Points, Size: 100000, Results: 22
[LIBGPUSPATIAL] [ 16455][19:55:29:829177][info  ] RTSpatialIndex 0x1b08bef0 (Free 22005 MB), Profiling Results. Alloc: 0.05 ms, Prepare: 0.23 ms, RT: 0.08 ms, Copy res: 0.04 ms
[LIBGPUSPATIAL] [ 16455][19:55:29:829452][info  ] RTSpatialRefiner 0x177ea3e0 (Free 22005 MB), Loaded Geometries, ProbeArray 100000, Loaded 17, Type Point
[LIBGPUSPATIAL] [ 16455][19:55:29:829485][info  ] RTSpatialRefiner 0x177ea3e0 (Free 22005 MB), Evaluating 22 Geometry Pairs with Predicate Contains
[LIBGPUSPATIAL] [ 16455][19:55:29:829983][info  ] RTSpatialRefiner 0x177ea3e0 (Free 22005 MB), Profiling Results. Parse: 0.23 ms, Refine: 0.46 ms, Copy Results: 0.04 ms
[LIBGPUSPATIAL] [ 16455][19:55:29:839884][info  ] RTSpatialIndex 0x1b08bef0 (Free 22005 MB), Allocate result buffer, memory consumption 0 MB, capacity 15
[LIBGPUSPATIAL] [ 16455][19:55:29:839998][info  ] RTSpatialIndex 0x1b08bef0 (Free 22005 MB), Probe Points, Size: 100000, Results: 15
[LIBGPUSPATIAL] [ 16455][19:55:29:840028][info  ] RTSpatialIndex 0x1b08bef0 (Free 22005 MB), Profiling Results. Alloc: 0.05 ms, Prepare: 0.23 ms, RT: 0.07 ms, Copy res: 0.04 ms
[LIBGPUSPATIAL] [ 16455][19:55:29:840335][info  ] RTSpatialRefiner 0x177ea3e0 (Free 22005 MB), Loaded Geometries, ProbeArray 100000, Loaded 13, Type Point
[LIBGPUSPATIAL] [ 16455][19:55:29:840369][info  ] RTSpatialRefiner 0x177ea3e0 (Free 22005 MB), Evaluating 15 Geometry Pairs with Predicate Contains
[LIBGPUSPATIAL] [ 16455][19:55:29:840864][info  ] RTSpatialRefiner 0x177ea3e0 (Free 22005 MB), Profiling Results. Parse: 0.27 ms, Refine: 0.46 ms, Copy Results: 0.04 ms
[LIBGPUSPATIAL] [ 16455][19:55:29:851228][info  ] RTSpatialIndex 0x1b08bef0 (Free 22005 MB), Allocate result buffer, memory consumption 0 MB, capacity 25
[LIBGPUSPATIAL] [ 16455][19:55:29:851345][info  ] RTSpatialIndex 0x1b08bef0 (Free 22005 MB), Probe Points, Size: 100000, Results: 25
[LIBGPUSPATIAL] [ 16455][19:55:29:851376][info  ] RTSpatialIndex 0x1b08bef0 (Free 22005 MB), Profiling Results. Alloc: 0.05 ms, Prepare: 0.22 ms, RT: 0.08 ms, Copy res: 0.04 ms
[LIBGPUSPATIAL] [ 16455][19:55:29:851693][info  ] RTSpatialRefiner 0x177ea3e0 (Free 22005 MB), Loaded Geometries, ProbeArray 100000, Loaded 18, Type Point
[LIBGPUSPATIAL] [ 16455][19:55:29:851750][info  ] RTSpatialRefiner 0x177ea3e0 (Free 22005 MB), Evaluating 25 Geometry Pairs with Predicate Contains
[LIBGPUSPATIAL] [ 16455][19:55:29:852322][info  ] RTSpatialRefiner 0x177ea3e0 (Free 22005 MB), Profiling Results. Parse: 0.27 ms, Refine: 0.54 ms, Copy Results: 0.05 ms
[LIBGPUSPATIAL] [ 16455][19:55:29:862539][info  ] RTSpatialIndex 0x1b08bef0 (Free 22005 MB), Allocate result buffer, memory consumption 0 MB, capacity 27
[LIBGPUSPATIAL] [ 16455][19:55:29:862654][info  ] RTSpatialIndex 0x1b08bef0 (Free 22005 MB), Probe Points, Size: 100000, Results: 27
[LIBGPUSPATIAL] [ 16455][19:55:29:862680][info  ] RTSpatialIndex 0x1b08bef0 (Free 22005 MB), Profiling Results. Alloc: 0.05 ms, Prepare: 0.23 ms, RT: 0.07 ms, Copy res: 0.05 ms
[LIBGPUSPATIAL] [ 16455][19:55:29:862985][info  ] RTSpatialRefiner 0x177ea3e0 (Free 22005 MB), Loaded Geometries, ProbeArray 100000, Loaded 22, Type Point
[LIBGPUSPATIAL] [ 16455][19:55:29:863011][info  ] RTSpatialRefiner 0x177ea3e0 (Free 22005 MB), Evaluating 27 Geometry Pairs with Predicate Contains
[LIBGPUSPATIAL] [ 16455][19:55:29:863572][info  ] RTSpatialRefiner 0x177ea3e0 (Free 22005 MB), Profiling Results. Parse: 0.26 ms, Refine: 0.51 ms, Copy Results: 0.04 ms
[LIBGPUSPATIAL] [ 16455][19:55:29:873855][info  ] RTSpatialIndex 0x1b08bef0 (Free 22005 MB), Allocate result buffer, memory consumption 0 MB, capacity 32
[LIBGPUSPATIAL] [ 16455][19:55:29:873966][info  ] RTSpatialIndex 0x1b08bef0 (Free 22005 MB), Probe Points, Size: 100000, Results: 32
[LIBGPUSPATIAL] [ 16455][19:55:29:873991][info  ] RTSpatialIndex 0x1b08bef0 (Free 22005 MB), Profiling Results. Alloc: 0.04 ms, Prepare: 0.22 ms, RT: 0.06 ms, Copy res: 0.05 ms
[LIBGPUSPATIAL] [ 16455][19:55:29:874298][info  ] RTSpatialRefiner 0x177ea3e0 (Free 22005 MB), Loaded Geometries, ProbeArray 100000, Loaded 25, Type Point
[LIBGPUSPATIAL] [ 16455][19:55:29:874324][info  ] RTSpatialRefiner 0x177ea3e0 (Free 22005 MB), Evaluating 32 Geometry Pairs with Predicate Contains
[LIBGPUSPATIAL] [ 16455][19:55:29:874960][info  ] RTSpatialRefiner 0x177ea3e0 (Free 22005 MB), Profiling Results. Parse: 0.27 ms, Refine: 0.59 ms, Copy Results: 0.04 ms
[LIBGPUSPATIAL] [ 16455][19:55:29:885223][info  ] RTSpatialIndex 0x1b08bef0 (Free 22005 MB), Allocate result buffer, memory consumption 0 MB, capacity 25
[LIBGPUSPATIAL] [ 16455][19:55:29:885341][info  ] RTSpatialIndex 0x1b08bef0 (Free 22005 MB), Probe Points, Size: 100000, Results: 25
[LIBGPUSPATIAL] [ 16455][19:55:29:885365][info  ] RTSpatialIndex 0x1b08bef0 (Free 22005 MB), Profiling Results. Alloc: 0.05 ms, Prepare: 0.23 ms, RT: 0.07 ms, Copy res: 0.05 ms
[LIBGPUSPATIAL] [ 16455][19:55:29:885640][info  ] RTSpatialRefiner 0x177ea3e0 (Free 22005 MB), Loaded Geometries, ProbeArray 100000, Loaded 19, Type Point
[LIBGPUSPATIAL] [ 16455][19:55:29:885666][info  ] RTSpatialRefiner 0x177ea3e0 (Free 22005 MB), Evaluating 25 Geometry Pairs with Predicate Contains
[LIBGPUSPATIAL] [ 16455][19:55:29:886309][info  ] RTSpatialRefiner 0x177ea3e0 (Free 22005 MB), Profiling Results. Parse: 0.24 ms, Refine: 0.60 ms, Copy Results: 0.04 ms
[LIBGPUSPATIAL] [ 16455][19:55:29:896511][info  ] RTSpatialIndex 0x1b08bef0 (Free 22005 MB), Allocate result buffer, memory consumption 0 MB, capacity 25
[LIBGPUSPATIAL] [ 16455][19:55:29:896623][info  ] RTSpatialIndex 0x1b08bef0 (Free 22005 MB), Probe Points, Size: 100000, Results: 25
[LIBGPUSPATIAL] [ 16455][19:55:29:896648][info  ] RTSpatialIndex 0x1b08bef0 (Free 22005 MB), Profiling Results. Alloc: 0.04 ms, Prepare: 0.22 ms, RT: 0.06 ms, Copy res: 0.05 ms
[LIBGPUSPATIAL] [ 16455][19:55:29:896938][info  ] RTSpatialRefiner 0x177ea3e0 (Free 22005 MB), Loaded Geometries, ProbeArray 100000, Loaded 19, Type Point
[LIBGPUSPATIAL] [ 16455][19:55:29:896964][info  ] RTSpatialRefiner 0x177ea3e0 (Free 22005 MB), Evaluating 25 Geometry Pairs with Predicate Contains
[LIBGPUSPATIAL] [ 16455][19:55:29:897508][info  ] RTSpatialRefiner 0x177ea3e0 (Free 22005 MB), Profiling Results. Parse: 0.25 ms, Refine: 0.50 ms, Copy Results: 0.04 ms
[LIBGPUSPATIAL] [ 16455][19:55:29:907736][info  ] RTSpatialIndex 0x1b08bef0 (Free 22005 MB), Allocate result buffer, memory consumption 0 MB, capacity 14
[LIBGPUSPATIAL] [ 16455][19:55:29:907857][info  ] RTSpatialIndex 0x1b08bef0 (Free 22005 MB), Probe Points, Size: 100000, Results: 14
[LIBGPUSPATIAL] [ 16455][19:55:29:907881][info  ] RTSpatialIndex 0x1b08bef0 (Free 22005 MB), Profiling Results. Alloc: 0.06 ms, Prepare: 0.22 ms, RT: 0.08 ms, Copy res: 0.05 ms
[LIBGPUSPATIAL] [ 16455][19:55:29:908170][info  ] RTSpatialRefiner 0x177ea3e0 (Free 22005 MB), Loaded Geometries, ProbeArray 100000, Loaded 12, Type Point
[LIBGPUSPATIAL] [ 16455][19:55:29:908195][info  ] RTSpatialRefiner 0x177ea3e0 (Free 22005 MB), Evaluating 14 Geometry Pairs with Predicate Contains
[LIBGPUSPATIAL] [ 16455][19:55:29:908686][info  ] RTSpatialRefiner 0x177ea3e0 (Free 22005 MB), Profiling Results. Parse: 0.25 ms, Refine: 0.44 ms, Copy Results: 0.04 ms
[LIBGPUSPATIAL] [ 16455][19:55:29:918560][info  ] RTSpatialIndex 0x1b08bef0 (Free 22005 MB), Allocate result buffer, memory consumption 0 MB, capacity 19
[LIBGPUSPATIAL] [ 16455][19:55:29:918681][info  ] RTSpatialIndex 0x1b08bef0 (Free 22005 MB), Probe Points, Size: 100000, Results: 19
[LIBGPUSPATIAL] [ 16455][19:55:29:918705][info  ] RTSpatialIndex 0x1b08bef0 (Free 22005 MB), Profiling Results. Alloc: 0.05 ms, Prepare: 0.22 ms, RT: 0.07 ms, Copy res: 0.05 ms
[LIBGPUSPATIAL] [ 16455][19:55:29:918996][info  ] RTSpatialRefiner 0x177ea3e0 (Free 22005 MB), Loaded Geometries, ProbeArray 100000, Loaded 15, Type Point
[LIBGPUSPATIAL] [ 16455][19:55:29:919022][info  ] RTSpatialRefiner 0x177ea3e0 (Free 22005 MB), Evaluating 19 Geometry Pairs with Predicate Contains
[LIBGPUSPATIAL] [ 16455][19:55:29:919528][info  ] RTSpatialRefiner 0x177ea3e0 (Free 22005 MB), Profiling Results. Parse: 0.25 ms, Refine: 0.46 ms, Copy Results: 0.04 ms
[LIBGPUSPATIAL] [ 16455][19:55:29:929835][info  ] RTSpatialIndex 0x1b08bef0 (Free 22005 MB), Allocate result buffer, memory consumption 0 MB, capacity 27
[LIBGPUSPATIAL] [ 16455][19:55:29:929948][info  ] RTSpatialIndex 0x1b08bef0 (Free 22005 MB), Probe Points, Size: 100000, Results: 27
[LIBGPUSPATIAL] [ 16455][19:55:29:929975][info  ] RTSpatialIndex 0x1b08bef0 (Free 22005 MB), Profiling Results. Alloc: 0.05 ms, Prepare: 0.24 ms, RT: 0.06 ms, Copy res: 0.05 ms
[LIBGPUSPATIAL] [ 16455][19:55:29:930278][info  ] RTSpatialRefiner 0x177ea3e0 (Free 22005 MB), Loaded Geometries, ProbeArray 100000, Loaded 20, Type Point
[LIBGPUSPATIAL] [ 16455][19:55:29:930304][info  ] RTSpatialRefiner 0x177ea3e0 (Free 22005 MB), Evaluating 27 Geometry Pairs with Predicate Contains
[LIBGPUSPATIAL] [ 16455][19:55:29:930850][info  ] RTSpatialRefiner 0x177ea3e0 (Free 22005 MB), Profiling Results. Parse: 0.26 ms, Refine: 0.50 ms, Copy Results: 0.04 ms
[LIBGPUSPATIAL] [ 16455][19:55:29:934405][info  ] RTSpatialIndex 0x1b08bef0 (Free 22005 MB), Allocate result buffer, memory consumption 0 MB, capacity 6
[LIBGPUSPATIAL] [ 16455][19:55:29:934518][info  ] RTSpatialIndex 0x1b08bef0 (Free 22005 MB), Probe Points, Size: 33333, Results: 6
[LIBGPUSPATIAL] [ 16455][19:55:29:934542][info  ] RTSpatialIndex 0x1b08bef0 (Free 22005 MB), Profiling Results. Alloc: 0.04 ms, Prepare: 0.12 ms, RT: 0.06 ms, Copy res: 0.05 ms
[LIBGPUSPATIAL] [ 16455][19:55:29:934835][info  ] RTSpatialRefiner 0x177ea3e0 (Free 22005 MB), Loaded Geometries, ProbeArray 33333, Loaded 5, Type Point
[LIBGPUSPATIAL] [ 16455][19:55:29:934860][info  ] RTSpatialRefiner 0x177ea3e0 (Free 22005 MB), Evaluating 6 Geometry Pairs with Predicate Contains
[LIBGPUSPATIAL] [ 16455][19:55:29:935339][info  ] RTSpatialRefiner 0x177ea3e0 (Free 22005 MB), Profiling Results. Parse: 0.25 ms, Refine: 0.44 ms, Copy Results: 0.04 ms
[LIBGPUSPATIAL] [ 16455][19:55:29:955309][info  ] RTSpatialIndex 0x1b08bef0 (Free 22005 MB), Allocate result buffer, memory consumption 0 MB, capacity 30
[LIBGPUSPATIAL] [ 16455][19:55:29:955433][info  ] RTSpatialIndex 0x1b08bef0 (Free 22005 MB), Probe Points, Size: 100000, Results: 30
[LIBGPUSPATIAL] [ 16455][19:55:29:955467][info  ] RTSpatialIndex 0x1b08bef0 (Free 22005 MB), Profiling Results. Alloc: 0.09 ms, Prepare: 0.27 ms, RT: 0.10 ms, Copy res: 0.05 ms
[LIBGPUSPATIAL] [ 16455][19:55:29:955804][info  ] RTSpatialRefiner 0x177ea3e0 (Free 22005 MB), Loaded Geometries, ProbeArray 100000, Loaded 21, Type Point
[LIBGPUSPATIAL] [ 16455][19:55:29:955832][info  ] RTSpatialRefiner 0x177ea3e0 (Free 22005 MB), Evaluating 30 Geometry Pairs with Predicate Contains
[LIBGPUSPATIAL] [ 16455][19:55:29:956357][info  ] RTSpatialRefiner 0x177ea3e0 (Free 22005 MB), Profiling Results. Parse: 0.28 ms, Refine: 0.48 ms, Copy Results: 0.04 ms
[LIBGPUSPATIAL] [ 16455][19:55:29:967108][info  ] RTSpatialIndex 0x1b08bef0 (Free 22005 MB), Allocate result buffer, memory consumption 0 MB, capacity 20
[LIBGPUSPATIAL] [ 16455][19:55:29:967230][info  ] RTSpatialIndex 0x1b08bef0 (Free 22005 MB), Probe Points, Size: 100000, Results: 20
[LIBGPUSPATIAL] [ 16455][19:55:29:967256][info  ] RTSpatialIndex 0x1b08bef0 (Free 22005 MB), Profiling Results. Alloc: 0.05 ms, Prepare: 0.23 ms, RT: 0.08 ms, Copy res: 0.05 ms
[LIBGPUSPATIAL] [ 16455][19:55:29:967559][info  ] RTSpatialRefiner 0x177ea3e0 (Free 22005 MB), Loaded Geometries, ProbeArray 100000, Loaded 15, Type Point
[LIBGPUSPATIAL] [ 16455][19:55:29:967586][info  ] RTSpatialRefiner 0x177ea3e0 (Free 22005 MB), Evaluating 20 Geometry Pairs with Predicate Contains
[LIBGPUSPATIAL] [ 16455][19:55:29:968138][info  ] RTSpatialRefiner 0x177ea3e0 (Free 22005 MB), Profiling Results. Parse: 0.26 ms, Refine: 0.51 ms, Copy Results: 0.04 ms
[LIBGPUSPATIAL] [ 16455][19:55:29:978449][info  ] RTSpatialIndex 0x1b08bef0 (Free 22005 MB), Allocate result buffer, memory consumption 0 MB, capacity 19
[LIBGPUSPATIAL] [ 16455][19:55:29:978564][info  ] RTSpatialIndex 0x1b08bef0 (Free 22005 MB), Probe Points, Size: 100000, Results: 19
[LIBGPUSPATIAL] [ 16455][19:55:29:978589][info  ] RTSpatialIndex 0x1b08bef0 (Free 22005 MB), Profiling Results. Alloc: 0.05 ms, Prepare: 0.23 ms, RT: 0.07 ms, Copy res: 0.05 ms
[LIBGPUSPATIAL] [ 16455][19:55:29:978896][info  ] RTSpatialRefiner 0x177ea3e0 (Free 22005 MB), Loaded Geometries, ProbeArray 100000, Loaded 15, Type Point
[LIBGPUSPATIAL] [ 16455][19:55:29:978922][info  ] RTSpatialRefiner 0x177ea3e0 (Free 22005 MB), Evaluating 19 Geometry Pairs with Predicate Contains
[LIBGPUSPATIAL] [ 16455][19:55:29:979448][info  ] RTSpatialRefiner 0x177ea3e0 (Free 22005 MB), Profiling Results. Parse: 0.26 ms, Refine: 0.48 ms, Copy Results: 0.04 ms
[LIBGPUSPATIAL] [ 16455][19:55:29:989721][info  ] RTSpatialIndex 0x1b08bef0 (Free 22005 MB), Allocate result buffer, memory consumption 0 MB, capacity 16
[LIBGPUSPATIAL] [ 16455][19:55:29:989851][info  ] RTSpatialIndex 0x1b08bef0 (Free 22005 MB), Probe Points, Size: 100000, Results: 16
[LIBGPUSPATIAL] [ 16455][19:55:29:989876][info  ] RTSpatialIndex 0x1b08bef0 (Free 22005 MB), Profiling Results. Alloc: 0.06 ms, Prepare: 0.23 ms, RT: 0.07 ms, Copy res: 0.05 ms
[LIBGPUSPATIAL] [ 16455][19:55:29:990157][info  ] RTSpatialRefiner 0x177ea3e0 (Free 22005 MB), Loaded Geometries, ProbeArray 100000, Loaded 12, Type Point
[LIBGPUSPATIAL] [ 16455][19:55:29:990182][info  ] RTSpatialRefiner 0x177ea3e0 (Free 22005 MB), Evaluating 16 Geometry Pairs with Predicate Contains
[LIBGPUSPATIAL] [ 16455][19:55:29:990754][info  ] RTSpatialRefiner 0x177ea3e0 (Free 22005 MB), Profiling Results. Parse: 0.24 ms, Refine: 0.50 ms, Copy Results: 0.04 ms
[LIBGPUSPATIAL] [ 16455][19:55:30:000642][info  ] RTSpatialIndex 0x1b08bef0 (Free 22005 MB), Allocate result buffer, memory consumption 0 MB, capacity 28
[LIBGPUSPATIAL] [ 16455][19:55:30:000780][info  ] RTSpatialIndex 0x1b08bef0 (Free 22005 MB), Probe Points, Size: 100000, Results: 28
[LIBGPUSPATIAL] [ 16455][19:55:30:000804][info  ] RTSpatialIndex 0x1b08bef0 (Free 22005 MB), Profiling Results. Alloc: 0.05 ms, Prepare: 0.22 ms, RT: 0.08 ms, Copy res: 0.07 ms
[LIBGPUSPATIAL] [ 16455][19:55:30:001101][info  ] RTSpatialRefiner 0x177ea3e0 (Free 22005 MB), Loaded Geometries, ProbeArray 100000, Loaded 22, Type Point
[LIBGPUSPATIAL] [ 16455][19:55:30:001128][info  ] RTSpatialRefiner 0x177ea3e0 (Free 22005 MB), Evaluating 28 Geometry Pairs with Predicate Contains
[LIBGPUSPATIAL] [ 16455][19:55:30:001672][info  ] RTSpatialRefiner 0x177ea3e0 (Free 22005 MB), Profiling Results. Parse: 0.26 ms, Refine: 0.50 ms, Copy Results: 0.04 ms
[LIBGPUSPATIAL] [ 16455][19:55:30:012021][info  ] RTSpatialIndex 0x1b08bef0 (Free 22005 MB), Allocate result buffer, memory consumption 0 MB, capacity 21
[LIBGPUSPATIAL] [ 16455][19:55:30:012141][info  ] RTSpatialIndex 0x1b08bef0 (Free 22005 MB), Probe Points, Size: 100000, Results: 21
[LIBGPUSPATIAL] [ 16455][19:55:30:012166][info  ] RTSpatialIndex 0x1b08bef0 (Free 22005 MB), Profiling Results. Alloc: 0.06 ms, Prepare: 0.24 ms, RT: 0.08 ms, Copy res: 0.05 ms
[LIBGPUSPATIAL] [ 16455][19:55:30:012440][info  ] RTSpatialRefiner 0x177ea3e0 (Free 22005 MB), Loaded Geometries, ProbeArray 100000, Loaded 16, Type Point
[LIBGPUSPATIAL] [ 16455][19:55:30:012466][info  ] RTSpatialRefiner 0x177ea3e0 (Free 22005 MB), Evaluating 21 Geometry Pairs with Predicate Contains
[LIBGPUSPATIAL] [ 16455][19:55:30:012990][info  ] RTSpatialRefiner 0x177ea3e0 (Free 22005 MB), Profiling Results. Parse: 0.23 ms, Refine: 0.47 ms, Copy Results: 0.04 ms
[LIBGPUSPATIAL] [ 16455][19:55:30:023174][info  ] RTSpatialIndex 0x1b08bef0 (Free 22005 MB), Allocate result buffer, memory consumption 0 MB, capacity 22
[LIBGPUSPATIAL] [ 16455][19:55:30:023294][info  ] RTSpatialIndex 0x1b08bef0 (Free 22005 MB), Probe Points, Size: 100000, Results: 22
[LIBGPUSPATIAL] [ 16455][19:55:30:023318][info  ] RTSpatialIndex 0x1b08bef0 (Free 22005 MB), Profiling Results. Alloc: 0.05 ms, Prepare: 0.23 ms, RT: 0.08 ms, Copy res: 0.05 ms
[LIBGPUSPATIAL] [ 16455][19:55:30:023623][info  ] RTSpatialRefiner 0x177ea3e0 (Free 22005 MB), Loaded Geometries, ProbeArray 100000, Loaded 15, Type Point
[LIBGPUSPATIAL] [ 16455][19:55:30:023650][info  ] RTSpatialRefiner 0x177ea3e0 (Free 22005 MB), Evaluating 22 Geometry Pairs with Predicate Contains
[LIBGPUSPATIAL] [ 16455][19:55:30:024281][info  ] RTSpatialRefiner 0x177ea3e0 (Free 22005 MB), Profiling Results. Parse: 0.26 ms, Refine: 0.58 ms, Copy Results: 0.04 ms
[LIBGPUSPATIAL] [ 16455][19:55:30:034558][info  ] RTSpatialIndex 0x1b08bef0 (Free 22005 MB), Allocate result buffer, memory consumption 0 MB, capacity 33
[LIBGPUSPATIAL] [ 16455][19:55:30:034670][info  ] RTSpatialIndex 0x1b08bef0 (Free 22005 MB), Probe Points, Size: 100000, Results: 33
[LIBGPUSPATIAL] [ 16455][19:55:30:034695][info  ] RTSpatialIndex 0x1b08bef0 (Free 22005 MB), Profiling Results. Alloc: 0.05 ms, Prepare: 0.22 ms, RT: 0.06 ms, Copy res: 0.05 ms
[LIBGPUSPATIAL] [ 16455][19:55:30:034993][info  ] RTSpatialRefiner 0x177ea3e0 (Free 22005 MB), Loaded Geometries, ProbeArray 100000, Loaded 21, Type Point
[LIBGPUSPATIAL] [ 16455][19:55:30:035020][info  ] RTSpatialRefiner 0x177ea3e0 (Free 22005 MB), Evaluating 33 Geometry Pairs with Predicate Contains
[LIBGPUSPATIAL] [ 16455][19:55:30:035631][info  ] RTSpatialRefiner 0x177ea3e0 (Free 22005 MB), Profiling Results. Parse: 0.26 ms, Refine: 0.57 ms, Copy Results: 0.04 ms
[LIBGPUSPATIAL] [ 16455][19:55:30:046040][info  ] RTSpatialIndex 0x1b08bef0 (Free 22005 MB), Allocate result buffer, memory consumption 0 MB, capacity 28
[LIBGPUSPATIAL] [ 16455][19:55:30:046162][info  ] RTSpatialIndex 0x1b08bef0 (Free 22005 MB), Probe Points, Size: 100000, Results: 28
[LIBGPUSPATIAL] [ 16455][19:55:30:046187][info  ] RTSpatialIndex 0x1b08bef0 (Free 22005 MB), Profiling Results. Alloc: 0.05 ms, Prepare: 0.24 ms, RT: 0.08 ms, Copy res: 0.05 ms
[LIBGPUSPATIAL] [ 16455][19:55:30:046481][info  ] RTSpatialRefiner 0x177ea3e0 (Free 22005 MB), Loaded Geometries, ProbeArray 100000, Loaded 21, Type Point
[LIBGPUSPATIAL] [ 16455][19:55:30:046507][info  ] RTSpatialRefiner 0x177ea3e0 (Free 22005 MB), Evaluating 28 Geometry Pairs with Predicate Contains
[LIBGPUSPATIAL] [ 16455][19:55:30:047087][info  ] RTSpatialRefiner 0x177ea3e0 (Free 22005 MB), Profiling Results. Parse: 0.25 ms, Refine: 0.53 ms, Copy Results: 0.04 ms
[LIBGPUSPATIAL] [ 16455][19:55:30:057368][info  ] RTSpatialIndex 0x1b08bef0 (Free 22005 MB), Allocate result buffer, memory consumption 0 MB, capacity 17
[LIBGPUSPATIAL] [ 16455][19:55:30:057488][info  ] RTSpatialIndex 0x1b08bef0 (Free 22005 MB), Probe Points, Size: 100000, Results: 17
[LIBGPUSPATIAL] [ 16455][19:55:30:057512][info  ] RTSpatialIndex 0x1b08bef0 (Free 22005 MB), Profiling Results. Alloc: 0.05 ms, Prepare: 0.22 ms, RT: 0.08 ms, Copy res: 0.05 ms
[LIBGPUSPATIAL] [ 16455][19:55:30:057825][info  ] RTSpatialRefiner 0x177ea3e0 (Free 22005 MB), Loaded Geometries, ProbeArray 100000, Loaded 14, Type Point
[LIBGPUSPATIAL] [ 16455][19:55:30:057852][info  ] RTSpatialRefiner 0x177ea3e0 (Free 22005 MB), Evaluating 17 Geometry Pairs with Predicate Contains
[LIBGPUSPATIAL] [ 16455][19:55:30:058354][info  ] RTSpatialRefiner 0x177ea3e0 (Free 22005 MB), Profiling Results. Parse: 0.27 ms, Refine: 0.46 ms, Copy Results: 0.04 ms
[LIBGPUSPATIAL] [ 16455][19:55:30:068626][info  ] RTSpatialIndex 0x1b08bef0 (Free 22005 MB), Allocate result buffer, memory consumption 0 MB, capacity 19
[LIBGPUSPATIAL] [ 16455][19:55:30:068752][info  ] RTSpatialIndex 0x1b08bef0 (Free 22005 MB), Probe Points, Size: 100000, Results: 19
[LIBGPUSPATIAL] [ 16455][19:55:30:068778][info  ] RTSpatialIndex 0x1b08bef0 (Free 22005 MB), Profiling Results. Alloc: 0.04 ms, Prepare: 0.22 ms, RT: 0.07 ms, Copy res: 0.07 ms
[LIBGPUSPATIAL] [ 16455][19:55:30:069071][info  ] RTSpatialRefiner 0x177ea3e0 (Free 22005 MB), Loaded Geometries, ProbeArray 100000, Loaded 14, Type Point
[LIBGPUSPATIAL] [ 16455][19:55:30:069097][info  ] RTSpatialRefiner 0x177ea3e0 (Free 22005 MB), Evaluating 19 Geometry Pairs with Predicate Contains
[LIBGPUSPATIAL] [ 16455][19:55:30:069592][info  ] RTSpatialRefiner 0x177ea3e0 (Free 22005 MB), Profiling Results. Parse: 0.25 ms, Refine: 0.45 ms, Copy Results: 0.04 ms
[LIBGPUSPATIAL] [ 16455][19:55:30:079480][info  ] RTSpatialIndex 0x1b08bef0 (Free 22005 MB), Allocate result buffer, memory consumption 0 MB, capacity 15
[LIBGPUSPATIAL] [ 16455][19:55:30:079591][info  ] RTSpatialIndex 0x1b08bef0 (Free 22005 MB), Probe Points, Size: 100000, Results: 15
[LIBGPUSPATIAL] [ 16455][19:55:30:079620][info  ] RTSpatialIndex 0x1b08bef0 (Free 22005 MB), Profiling Results. Alloc: 0.05 ms, Prepare: 0.22 ms, RT: 0.07 ms, Copy res: 0.05 ms
[LIBGPUSPATIAL] [ 16455][19:55:30:079923][info  ] RTSpatialRefiner 0x177ea3e0 (Free 22005 MB), Loaded Geometries, ProbeArray 100000, Loaded 12, Type Point
[LIBGPUSPATIAL] [ 16455][19:55:30:079950][info  ] RTSpatialRefiner 0x177ea3e0 (Free 22005 MB), Evaluating 15 Geometry Pairs with Predicate Contains
[LIBGPUSPATIAL] [ 16455][19:55:30:080445][info  ] RTSpatialRefiner 0x177ea3e0 (Free 22005 MB), Profiling Results. Parse: 0.26 ms, Refine: 0.45 ms, Copy Results: 0.04 ms
[LIBGPUSPATIAL] [ 16455][19:55:30:091183][info  ] RTSpatialIndex 0x1b08bef0 (Free 22005 MB), Allocate result buffer, memory consumption 0 MB, capacity 28
[LIBGPUSPATIAL] [ 16455][19:55:30:091298][info  ] RTSpatialIndex 0x1b08bef0 (Free 22005 MB), Probe Points, Size: 100000, Results: 28
[LIBGPUSPATIAL] [ 16455][19:55:30:091326][info  ] RTSpatialIndex 0x1b08bef0 (Free 22005 MB), Profiling Results. Alloc: 0.05 ms, Prepare: 0.23 ms, RT: 0.08 ms, Copy res: 0.04 ms
[LIBGPUSPATIAL] [ 16455][19:55:30:091637][info  ] RTSpatialRefiner 0x177ea3e0 (Free 22005 MB), Loaded Geometries, ProbeArray 100000, Loaded 20, Type Point
[LIBGPUSPATIAL] [ 16455][19:55:30:091664][info  ] RTSpatialRefiner 0x177ea3e0 (Free 22005 MB), Evaluating 28 Geometry Pairs with Predicate Contains
[LIBGPUSPATIAL] [ 16455][19:55:30:092264][info  ] RTSpatialRefiner 0x177ea3e0 (Free 22005 MB), Profiling Results. Parse: 0.27 ms, Refine: 0.55 ms, Copy Results: 0.04 ms
[LIBGPUSPATIAL] [ 16455][19:55:30:095836][info  ] RTSpatialIndex 0x1b08bef0 (Free 22005 MB), Allocate result buffer, memory consumption 0 MB, capacity 13
[LIBGPUSPATIAL] [ 16455][19:55:30:095927][info  ] RTSpatialIndex 0x1b08bef0 (Free 22005 MB), Probe Points, Size: 33333, Results: 13
[LIBGPUSPATIAL] [ 16455][19:55:30:095951][info  ] RTSpatialIndex 0x1b08bef0 (Free 22005 MB), Profiling Results. Alloc: 0.04 ms, Prepare: 0.11 ms, RT: 0.06 ms, Copy res: 0.04 ms
[LIBGPUSPATIAL] [ 16455][19:55:30:096207][info  ] RTSpatialRefiner 0x177ea3e0 (Free 22005 MB), Loaded Geometries, ProbeArray 33333, Loaded 10, Type Point
[LIBGPUSPATIAL] [ 16455][19:55:30:096232][info  ] RTSpatialRefiner 0x177ea3e0 (Free 22005 MB), Evaluating 13 Geometry Pairs with Predicate Contains
[LIBGPUSPATIAL] [ 16455][19:55:30:096784][info  ] RTSpatialRefiner 0x177ea3e0 (Free 22005 MB), Profiling Results. Parse: 0.22 ms, Refine: 0.49 ms, Copy Results: 0.05 ms
[LIBGPUSPATIAL] [ 16455][19:55:30:117404][info  ] RTSpatialIndex 0x1b08bef0 (Free 22005 MB), Allocate result buffer, memory consumption 0 MB, capacity 28
[LIBGPUSPATIAL] [ 16455][19:55:30:117521][info  ] RTSpatialIndex 0x1b08bef0 (Free 22005 MB), Probe Points, Size: 100000, Results: 28
[LIBGPUSPATIAL] [ 16455][19:55:30:117548][info  ] RTSpatialIndex 0x1b08bef0 (Free 22005 MB), Profiling Results. Alloc: 0.10 ms, Prepare: 0.27 ms, RT: 0.10 ms, Copy res: 0.04 ms
[LIBGPUSPATIAL] [ 16455][19:55:30:117866][info  ] RTSpatialRefiner 0x177ea3e0 (Free 22005 MB), Loaded Geometries, ProbeArray 100000, Loaded 21, Type Point
[LIBGPUSPATIAL] [ 16455][19:55:30:117893][info  ] RTSpatialRefiner 0x177ea3e0 (Free 22005 MB), Evaluating 28 Geometry Pairs with Predicate Contains
[LIBGPUSPATIAL] [ 16455][19:55:30:118421][info  ] RTSpatialRefiner 0x177ea3e0 (Free 22005 MB), Profiling Results. Parse: 0.27 ms, Refine: 0.48 ms, Copy Results: 0.04 ms
[LIBGPUSPATIAL] [ 16455][19:55:30:128852][info  ] RTSpatialIndex 0x1b08bef0 (Free 22005 MB), Allocate result buffer, memory consumption 0 MB, capacity 22
[LIBGPUSPATIAL] [ 16455][19:55:30:128965][info  ] RTSpatialIndex 0x1b08bef0 (Free 22005 MB), Probe Points, Size: 100000, Results: 22
[LIBGPUSPATIAL] [ 16455][19:55:30:129000][info  ] RTSpatialIndex 0x1b08bef0 (Free 22005 MB), Profiling Results. Alloc: 0.05 ms, Prepare: 0.24 ms, RT: 0.07 ms, Copy res: 0.04 ms
[LIBGPUSPATIAL] [ 16455][19:55:30:129292][info  ] RTSpatialRefiner 0x177ea3e0 (Free 22005 MB), Loaded Geometries, ProbeArray 100000, Loaded 14, Type Point
[LIBGPUSPATIAL] [ 16455][19:55:30:129321][info  ] RTSpatialRefiner 0x177ea3e0 (Free 22005 MB), Evaluating 22 Geometry Pairs with Predicate Contains
[LIBGPUSPATIAL] [ 16455][19:55:30:129874][info  ] RTSpatialRefiner 0x177ea3e0 (Free 22005 MB), Profiling Results. Parse: 0.25 ms, Refine: 0.51 ms, Copy Results: 0.04 ms
[LIBGPUSPATIAL] [ 16455][19:55:30:140152][info  ] RTSpatialIndex 0x1b08bef0 (Free 22005 MB), Allocate result buffer, memory consumption 0 MB, capacity 28
[LIBGPUSPATIAL] [ 16455][19:55:30:140248][info  ] RTSpatialIndex 0x1b08bef0 (Free 22005 MB), Probe Points, Size: 100000, Results: 28
[LIBGPUSPATIAL] [ 16455][19:55:30:140271][info  ] RTSpatialIndex 0x1b08bef0 (Free 22005 MB), Profiling Results. Alloc: 0.05 ms, Prepare: 0.23 ms, RT: 0.07 ms, Copy res: 0.04 ms
[LIBGPUSPATIAL] [ 16455][19:55:30:140542][info  ] RTSpatialRefiner 0x177ea3e0 (Free 22005 MB), Loaded Geometries, ProbeArray 100000, Loaded 20, Type Point
[LIBGPUSPATIAL] [ 16455][19:55:30:140568][info  ] RTSpatialRefiner 0x177ea3e0 (Free 22005 MB), Evaluating 28 Geometry Pairs with Predicate Contains
[LIBGPUSPATIAL] [ 16455][19:55:30:141199][info  ] RTSpatialRefiner 0x177ea3e0 (Free 22005 MB), Profiling Results. Parse: 0.24 ms, Refine: 0.58 ms, Copy Results: 0.05 ms
[LIBGPUSPATIAL] [ 16455][19:55:30:151476][info  ] RTSpatialIndex 0x1b08bef0 (Free 22005 MB), Allocate result buffer, memory consumption 0 MB, capacity 21
[LIBGPUSPATIAL] [ 16455][19:55:30:151571][info  ] RTSpatialIndex 0x1b08bef0 (Free 22005 MB), Probe Points, Size: 100000, Results: 21
[LIBGPUSPATIAL] [ 16455][19:55:30:151595][info  ] RTSpatialIndex 0x1b08bef0 (Free 22005 MB), Profiling Results. Alloc: 0.04 ms, Prepare: 0.22 ms, RT: 0.06 ms, Copy res: 0.04 ms
[LIBGPUSPATIAL] [ 16455][19:55:30:151886][info  ] RTSpatialRefiner 0x177ea3e0 (Free 22005 MB), Loaded Geometries, ProbeArray 100000, Loaded 15, Type Point
[LIBGPUSPATIAL] [ 16455][19:55:30:151913][info  ] RTSpatialRefiner 0x177ea3e0 (Free 22005 MB), Evaluating 21 Geometry Pairs with Predicate Contains
[LIBGPUSPATIAL] [ 16455][19:55:30:152383][info  ] RTSpatialRefiner 0x177ea3e0 (Free 22005 MB), Profiling Results. Parse: 0.26 ms, Refine: 0.42 ms, Copy Results: 0.04 ms
[LIBGPUSPATIAL] [ 16455][19:55:30:162297][info  ] RTSpatialIndex 0x1b08bef0 (Free 22005 MB), Allocate result buffer, memory consumption 0 MB, capacity 15
[LIBGPUSPATIAL] [ 16455][19:55:30:162412][info  ] RTSpatialIndex 0x1b08bef0 (Free 22005 MB), Probe Points, Size: 100000, Results: 15
[LIBGPUSPATIAL] [ 16455][19:55:30:162437][info  ] RTSpatialIndex 0x1b08bef0 (Free 22005 MB), Profiling Results. Alloc: 0.05 ms, Prepare: 0.22 ms, RT: 0.08 ms, Copy res: 0.04 ms
[LIBGPUSPATIAL] [ 16455][19:55:30:162716][info  ] RTSpatialRefiner 0x177ea3e0 (Free 22005 MB), Loaded Geometries, ProbeArray 100000, Loaded 11, Type Point
[LIBGPUSPATIAL] [ 16455][19:55:30:162768][info  ] RTSpatialRefiner 0x177ea3e0 (Free 22005 MB), Evaluating 15 Geometry Pairs with Predicate Contains
[LIBGPUSPATIAL] [ 16455][19:55:30:163333][info  ] RTSpatialRefiner 0x177ea3e0 (Free 22005 MB), Profiling Results. Parse: 0.23 ms, Refine: 0.53 ms, Copy Results: 0.04 ms
[LIBGPUSPATIAL] [ 16455][19:55:30:173611][info  ] RTSpatialIndex 0x1b08bef0 (Free 22005 MB), Allocate result buffer, memory consumption 0 MB, capacity 27
[LIBGPUSPATIAL] [ 16455][19:55:30:173739][info  ] RTSpatialIndex 0x1b08bef0 (Free 22005 MB), Probe Points, Size: 100000, Results: 27
[LIBGPUSPATIAL] [ 16455][19:55:30:173765][info  ] RTSpatialIndex 0x1b08bef0 (Free 22005 MB), Profiling Results. Alloc: 0.05 ms, Prepare: 0.22 ms, RT: 0.08 ms, Copy res: 0.06 ms
[LIBGPUSPATIAL] [ 16455][19:55:30:174050][info  ] RTSpatialRefiner 0x177ea3e0 (Free 22005 MB), Loaded Geometries, ProbeArray 100000, Loaded 19, Type Point
[LIBGPUSPATIAL] [ 16455][19:55:30:174078][info  ] RTSpatialRefiner 0x177ea3e0 (Free 22005 MB), Evaluating 27 Geometry Pairs with Predicate Contains
[LIBGPUSPATIAL] [ 16455][19:55:30:174609][info  ] RTSpatialRefiner 0x177ea3e0 (Free 22005 MB), Profiling Results. Parse: 0.24 ms, Refine: 0.49 ms, Copy Results: 0.04 ms
[LIBGPUSPATIAL] [ 16455][19:55:30:184751][info  ] RTSpatialIndex 0x1b08bef0 (Free 22005 MB), Allocate result buffer, memory consumption 0 MB, capacity 21
[LIBGPUSPATIAL] [ 16455][19:55:30:184861][info  ] RTSpatialIndex 0x1b08bef0 (Free 22005 MB), Probe Points, Size: 100000, Results: 21
[LIBGPUSPATIAL] [ 16455][19:55:30:184886][info  ] RTSpatialIndex 0x1b08bef0 (Free 22005 MB), Profiling Results. Alloc: 0.06 ms, Prepare: 0.23 ms, RT: 0.07 ms, Copy res: 0.04 ms
[LIBGPUSPATIAL] [ 16455][19:55:30:185185][info  ] RTSpatialRefiner 0x177ea3e0 (Free 22005 MB), Loaded Geometries, ProbeArray 100000, Loaded 16, Type Point
[LIBGPUSPATIAL] [ 16455][19:55:30:185211][info  ] RTSpatialRefiner 0x177ea3e0 (Free 22005 MB), Evaluating 21 Geometry Pairs with Predicate Contains
[LIBGPUSPATIAL] [ 16455][19:55:30:185679][info  ] RTSpatialRefiner 0x177ea3e0 (Free 22005 MB), Profiling Results. Parse: 0.26 ms, Refine: 0.42 ms, Copy Results: 0.04 ms
[LIBGPUSPATIAL] [ 16455][19:55:30:195919][info  ] RTSpatialIndex 0x1b08bef0 (Free 22005 MB), Allocate result buffer, memory consumption 0 MB, capacity 21
[LIBGPUSPATIAL] [ 16455][19:55:30:196014][info  ] RTSpatialIndex 0x1b08bef0 (Free 22005 MB), Probe Points, Size: 100000, Results: 21
[LIBGPUSPATIAL] [ 16455][19:55:30:196038][info  ] RTSpatialIndex 0x1b08bef0 (Free 22005 MB), Profiling Results. Alloc: 0.04 ms, Prepare: 0.22 ms, RT: 0.07 ms, Copy res: 0.04 ms
[LIBGPUSPATIAL] [ 16455][19:55:30:196318][info  ] RTSpatialRefiner 0x177ea3e0 (Free 22005 MB), Loaded Geometries, ProbeArray 100000, Loaded 17, Type Point
[LIBGPUSPATIAL] [ 16455][19:55:30:196347][info  ] RTSpatialRefiner 0x177ea3e0 (Free 22005 MB), Evaluating 21 Geometry Pairs with Predicate Contains
[LIBGPUSPATIAL] [ 16455][19:55:30:196825][info  ] RTSpatialRefiner 0x177ea3e0 (Free 22005 MB), Profiling Results. Parse: 0.24 ms, Refine: 0.43 ms, Copy Results: 0.04 ms
[LIBGPUSPATIAL] [ 16455][19:55:30:207138][info  ] RTSpatialIndex 0x1b08bef0 (Free 22005 MB), Allocate result buffer, memory consumption 0 MB, capacity 26
[LIBGPUSPATIAL] [ 16455][19:55:30:207234][info  ] RTSpatialIndex 0x1b08bef0 (Free 22005 MB), Probe Points, Size: 100000, Results: 26
[LIBGPUSPATIAL] [ 16455][19:55:30:207259][info  ] RTSpatialIndex 0x1b08bef0 (Free 22005 MB), Profiling Results. Alloc: 0.05 ms, Prepare: 0.22 ms, RT: 0.07 ms, Copy res: 0.04 ms
[LIBGPUSPATIAL] [ 16455][19:55:30:207539][info  ] RTSpatialRefiner 0x177ea3e0 (Free 22005 MB), Loaded Geometries, ProbeArray 100000, Loaded 19, Type Point
[LIBGPUSPATIAL] [ 16455][19:55:30:207566][info  ] RTSpatialRefiner 0x177ea3e0 (Free 22005 MB), Evaluating 26 Geometry Pairs with Predicate Contains
[LIBGPUSPATIAL] [ 16455][19:55:30:208106][info  ] RTSpatialRefiner 0x177ea3e0 (Free 22005 MB), Profiling Results. Parse: 0.25 ms, Refine: 0.49 ms, Copy Results: 0.04 ms
[LIBGPUSPATIAL] [ 16455][19:55:30:218357][info  ] RTSpatialIndex 0x1b08bef0 (Free 22005 MB), Allocate result buffer, memory consumption 0 MB, capacity 15
[LIBGPUSPATIAL] [ 16455][19:55:30:218454][info  ] RTSpatialIndex 0x1b08bef0 (Free 22005 MB), Probe Points, Size: 100000, Results: 15
[LIBGPUSPATIAL] [ 16455][19:55:30:218477][info  ] RTSpatialIndex 0x1b08bef0 (Free 22005 MB), Profiling Results. Alloc: 0.05 ms, Prepare: 0.22 ms, RT: 0.06 ms, Copy res: 0.04 ms
[LIBGPUSPATIAL] [ 16455][19:55:30:218759][info  ] RTSpatialRefiner 0x177ea3e0 (Free 22005 MB), Loaded Geometries, ProbeArray 100000, Loaded 12, Type Point
[LIBGPUSPATIAL] [ 16455][19:55:30:218786][info  ] RTSpatialRefiner 0x177ea3e0 (Free 22005 MB), Evaluating 15 Geometry Pairs with Predicate Contains
[LIBGPUSPATIAL] [ 16455][19:55:30:219342][info  ] RTSpatialRefiner 0x177ea3e0 (Free 22005 MB), Profiling Results. Parse: 0.22 ms, Refine: 0.51 ms, Copy Results: 0.04 ms
[LIBGPUSPATIAL] [ 16455][19:55:30:229574][info  ] RTSpatialIndex 0x1b08bef0 (Free 22005 MB), Allocate result buffer, memory consumption 0 MB, capacity 21
[LIBGPUSPATIAL] [ 16455][19:55:30:229671][info  ] RTSpatialIndex 0x1b08bef0 (Free 22005 MB), Probe Points, Size: 100000, Results: 21
[LIBGPUSPATIAL] [ 16455][19:55:30:229695][info  ] RTSpatialIndex 0x1b08bef0 (Free 22005 MB), Profiling Results. Alloc: 0.04 ms, Prepare: 0.22 ms, RT: 0.07 ms, Copy res: 0.04 ms
[LIBGPUSPATIAL] [ 16455][19:55:30:229978][info  ] RTSpatialRefiner 0x177ea3e0 (Free 22005 MB), Loaded Geometries, ProbeArray 100000, Loaded 18, Type Point
[LIBGPUSPATIAL] [ 16455][19:55:30:230004][info  ] RTSpatialRefiner 0x177ea3e0 (Free 22005 MB), Evaluating 21 Geometry Pairs with Predicate Contains
[LIBGPUSPATIAL] [ 16455][19:55:30:230516][info  ] RTSpatialRefiner 0x177ea3e0 (Free 22005 MB), Profiling Results. Parse: 0.25 ms, Refine: 0.47 ms, Copy Results: 0.04 ms
[LIBGPUSPATIAL] [ 16455][19:55:30:240405][info  ] RTSpatialIndex 0x1b08bef0 (Free 22005 MB), Allocate result buffer, memory consumption 0 MB, capacity 31
[LIBGPUSPATIAL] [ 16455][19:55:30:240519][info  ] RTSpatialIndex 0x1b08bef0 (Free 22005 MB), Probe Points, Size: 100000, Results: 31
[LIBGPUSPATIAL] [ 16455][19:55:30:240545][info  ] RTSpatialIndex 0x1b08bef0 (Free 22005 MB), Profiling Results. Alloc: 0.04 ms, Prepare: 0.22 ms, RT: 0.08 ms, Copy res: 0.04 ms
[LIBGPUSPATIAL] [ 16455][19:55:30:240824][info  ] RTSpatialRefiner 0x177ea3e0 (Free 22005 MB), Loaded Geometries, ProbeArray 100000, Loaded 24, Type Point
[LIBGPUSPATIAL] [ 16455][19:55:30:240853][info  ] RTSpatialRefiner 0x177ea3e0 (Free 22005 MB), Evaluating 31 Geometry Pairs with Predicate Contains
[LIBGPUSPATIAL] [ 16455][19:55:30:241356][info  ] RTSpatialRefiner 0x177ea3e0 (Free 22005 MB), Profiling Results. Parse: 0.24 ms, Refine: 0.46 ms, Copy Results: 0.04 ms
[LIBGPUSPATIAL] [ 16455][19:55:30:251624][info  ] RTSpatialIndex 0x1b08bef0 (Free 22005 MB), Allocate result buffer, memory consumption 0 MB, capacity 20
[LIBGPUSPATIAL] [ 16455][19:55:30:251749][info  ] RTSpatialIndex 0x1b08bef0 (Free 22005 MB), Probe Points, Size: 100000, Results: 20
[LIBGPUSPATIAL] [ 16455][19:55:30:251775][info  ] RTSpatialIndex 0x1b08bef0 (Free 22005 MB), Profiling Results. Alloc: 0.05 ms, Prepare: 0.22 ms, RT: 0.07 ms, Copy res: 0.06 ms
[LIBGPUSPATIAL] [ 16455][19:55:30:252048][info  ] RTSpatialRefiner 0x177ea3e0 (Free 22005 MB), Loaded Geometries, ProbeArray 100000, Loaded 17, Type Point
[LIBGPUSPATIAL] [ 16455][19:55:30:252077][info  ] RTSpatialRefiner 0x177ea3e0 (Free 22005 MB), Evaluating 20 Geometry Pairs with Predicate Contains
[LIBGPUSPATIAL] [ 16455][19:55:30:252588][info  ] RTSpatialRefiner 0x177ea3e0 (Free 22005 MB), Profiling Results. Parse: 0.23 ms, Refine: 0.47 ms, Copy Results: 0.04 ms
[LIBGPUSPATIAL] [ 16455][19:55:30:256158][info  ] RTSpatialIndex 0x1b08bef0 (Free 22005 MB), Allocate result buffer, memory consumption 0 MB, capacity 15
[LIBGPUSPATIAL] [ 16455][19:55:30:256266][info  ] RTSpatialIndex 0x1b08bef0 (Free 22005 MB), Probe Points, Size: 33333, Results: 15
[LIBGPUSPATIAL] [ 16455][19:55:30:256290][info  ] RTSpatialIndex 0x1b08bef0 (Free 22005 MB), Profiling Results. Alloc: 0.04 ms, Prepare: 0.12 ms, RT: 0.07 ms, Copy res: 0.04 ms
[LIBGPUSPATIAL] [ 16455][19:55:30:256553][info  ] RTSpatialRefiner 0x177ea3e0 (Free 22005 MB), Loaded Geometries, ProbeArray 33333, Loaded 10, Type Point
[LIBGPUSPATIAL] [ 16455][19:55:30:256581][info  ] RTSpatialRefiner 0x177ea3e0 (Free 22005 MB), Evaluating 15 Geometry Pairs with Predicate Contains
[LIBGPUSPATIAL] [ 16455][19:55:30:257124][info  ] RTSpatialRefiner 0x177ea3e0 (Free 22005 MB), Profiling Results. Parse: 0.22 ms, Refine: 0.50 ms, Copy Results: 0.04 ms
[LIBGPUSPATIAL] [ 16455][19:55:30:277494][info  ] RTSpatialIndex 0x1b08bef0 (Free 22005 MB), Allocate result buffer, memory consumption 0 MB, capacity 14
[LIBGPUSPATIAL] [ 16455][19:55:30:277619][info  ] RTSpatialIndex 0x1b08bef0 (Free 22005 MB), Probe Points, Size: 100000, Results: 14
[LIBGPUSPATIAL] [ 16455][19:55:30:277649][info  ] RTSpatialIndex 0x1b08bef0 (Free 22005 MB), Profiling Results. Alloc: 0.10 ms, Prepare: 0.27 ms, RT: 0.10 ms, Copy res: 0.05 ms
[LIBGPUSPATIAL] [ 16455][19:55:30:277978][info  ] RTSpatialRefiner 0x177ea3e0 (Free 22005 MB), Loaded Geometries, ProbeArray 100000, Loaded 12, Type Point
[LIBGPUSPATIAL] [ 16455][19:55:30:278005][info  ] RTSpatialRefiner 0x177ea3e0 (Free 22005 MB), Evaluating 14 Geometry Pairs with Predicate Contains
[LIBGPUSPATIAL] [ 16455][19:55:30:278556][info  ] RTSpatialRefiner 0x177ea3e0 (Free 22005 MB), Profiling Results. Parse: 0.28 ms, Refine: 0.50 ms, Copy Results: 0.04 ms
[LIBGPUSPATIAL] [ 16455][19:55:30:288905][info  ] RTSpatialIndex 0x1b08bef0 (Free 22005 MB), Allocate result buffer, memory consumption 0 MB, capacity 18
[LIBGPUSPATIAL] [ 16455][19:55:30:289022][info  ] RTSpatialIndex 0x1b08bef0 (Free 22005 MB), Probe Points, Size: 100000, Results: 18
[LIBGPUSPATIAL] [ 16455][19:55:30:289048][info  ] RTSpatialIndex 0x1b08bef0 (Free 22005 MB), Profiling Results. Alloc: 0.05 ms, Prepare: 0.22 ms, RT: 0.07 ms, Copy res: 0.04 ms
[LIBGPUSPATIAL] [ 16455][19:55:30:289332][info  ] RTSpatialRefiner 0x177ea3e0 (Free 22005 MB), Loaded Geometries, ProbeArray 100000, Loaded 12, Type Point
[LIBGPUSPATIAL] [ 16455][19:55:30:289360][info  ] RTSpatialRefiner 0x177ea3e0 (Free 22005 MB), Evaluating 18 Geometry Pairs with Predicate Contains
[LIBGPUSPATIAL] [ 16455][19:55:30:289875][info  ] RTSpatialRefiner 0x177ea3e0 (Free 22005 MB), Profiling Results. Parse: 0.24 ms, Refine: 0.47 ms, Copy Results: 0.04 ms
[LIBGPUSPATIAL] [ 16455][19:55:30:300135][info  ] RTSpatialIndex 0x1b08bef0 (Free 22005 MB), Allocate result buffer, memory consumption 0 MB, capacity 24
[LIBGPUSPATIAL] [ 16455][19:55:30:300240][info  ] RTSpatialIndex 0x1b08bef0 (Free 22005 MB), Probe Points, Size: 100000, Results: 24
[LIBGPUSPATIAL] [ 16455][19:55:30:300264][info  ] RTSpatialIndex 0x1b08bef0 (Free 22005 MB), Profiling Results. Alloc: 0.05 ms, Prepare: 0.22 ms, RT: 0.08 ms, Copy res: 0.04 ms
[LIBGPUSPATIAL] [ 16455][19:55:30:300545][info  ] RTSpatialRefiner 0x177ea3e0 (Free 22005 MB), Loaded Geometries, ProbeArray 100000, Loaded 21, Type Point
[LIBGPUSPATIAL] [ 16455][19:55:30:300571][info  ] RTSpatialRefiner 0x177ea3e0 (Free 22005 MB), Evaluating 24 Geometry Pairs with Predicate Contains
[LIBGPUSPATIAL] [ 16455][19:55:30:301117][info  ] RTSpatialRefiner 0x177ea3e0 (Free 22005 MB), Profiling Results. Parse: 0.25 ms, Refine: 0.50 ms, Copy Results: 0.04 ms
[LIBGPUSPATIAL] [ 16455][19:55:30:311373][info  ] RTSpatialIndex 0x1b08bef0 (Free 22005 MB), Allocate result buffer, memory consumption 0 MB, capacity 24
[LIBGPUSPATIAL] [ 16455][19:55:30:311488][info  ] RTSpatialIndex 0x1b08bef0 (Free 22005 MB), Probe Points, Size: 100000, Results: 24
[LIBGPUSPATIAL] [ 16455][19:55:30:311513][info  ] RTSpatialIndex 0x1b08bef0 (Free 22005 MB), Profiling Results. Alloc: 0.05 ms, Prepare: 0.22 ms, RT: 0.08 ms, Copy res: 0.04 ms
[LIBGPUSPATIAL] [ 16455][19:55:30:311814][info  ] RTSpatialRefiner 0x177ea3e0 (Free 22005 MB), Loaded Geometries, ProbeArray 100000, Loaded 18, Type Point
[LIBGPUSPATIAL] [ 16455][19:55:30:311844][info  ] RTSpatialRefiner 0x177ea3e0 (Free 22005 MB), Evaluating 24 Geometry Pairs with Predicate Contains
[LIBGPUSPATIAL] [ 16455][19:55:30:312339][info  ] RTSpatialRefiner 0x177ea3e0 (Free 22005 MB), Profiling Results. Parse: 0.26 ms, Refine: 0.45 ms, Copy Results: 0.04 ms
[LIBGPUSPATIAL] [ 16455][19:55:30:322189][info  ] RTSpatialIndex 0x1b08bef0 (Free 22005 MB), Allocate result buffer, memory consumption 0 MB, capacity 23
[LIBGPUSPATIAL] [ 16455][19:55:30:322294][info  ] RTSpatialIndex 0x1b08bef0 (Free 22005 MB), Probe Points, Size: 100000, Results: 23
[LIBGPUSPATIAL] [ 16455][19:55:30:322318][info  ] RTSpatialIndex 0x1b08bef0 (Free 22005 MB), Profiling Results. Alloc: 0.05 ms, Prepare: 0.22 ms, RT: 0.08 ms, Copy res: 0.04 ms
[LIBGPUSPATIAL] [ 16455][19:55:30:322585][info  ] RTSpatialRefiner 0x177ea3e0 (Free 22005 MB), Loaded Geometries, ProbeArray 100000, Loaded 19, Type Point
[LIBGPUSPATIAL] [ 16455][19:55:30:322610][info  ] RTSpatialRefiner 0x177ea3e0 (Free 22005 MB), Evaluating 23 Geometry Pairs with Predicate Contains
[LIBGPUSPATIAL] [ 16455][19:55:30:323100][info  ] RTSpatialRefiner 0x177ea3e0 (Free 22005 MB), Profiling Results. Parse: 0.23 ms, Refine: 0.44 ms, Copy Results: 0.04 ms
[LIBGPUSPATIAL] [ 16455][19:55:30:333337][info  ] RTSpatialIndex 0x1b08bef0 (Free 22005 MB), Allocate result buffer, memory consumption 0 MB, capacity 24
[LIBGPUSPATIAL] [ 16455][19:55:30:333432][info  ] RTSpatialIndex 0x1b08bef0 (Free 22005 MB), Probe Points, Size: 100000, Results: 24
[LIBGPUSPATIAL] [ 16455][19:55:30:333455][info  ] RTSpatialIndex 0x1b08bef0 (Free 22005 MB), Profiling Results. Alloc: 0.05 ms, Prepare: 0.22 ms, RT: 0.06 ms, Copy res: 0.04 ms
[LIBGPUSPATIAL] [ 16455][19:55:30:333707][info  ] RTSpatialRefiner 0x177ea3e0 (Free 22005 MB), Loaded Geometries, ProbeArray 100000, Loaded 19, Type Point
[LIBGPUSPATIAL] [ 16455][19:55:30:333749][info  ] RTSpatialRefiner 0x177ea3e0 (Free 22005 MB), Evaluating 24 Geometry Pairs with Predicate Contains
[LIBGPUSPATIAL] [ 16455][19:55:30:334252][info  ] RTSpatialRefiner 0x177ea3e0 (Free 22005 MB), Profiling Results. Parse: 0.22 ms, Refine: 0.47 ms, Copy Results: 0.04 ms
[LIBGPUSPATIAL] [ 16455][19:55:30:344394][info  ] RTSpatialIndex 0x1b08bef0 (Free 22005 MB), Allocate result buffer, memory consumption 0 MB, capacity 29
[LIBGPUSPATIAL] [ 16455][19:55:30:344508][info  ] RTSpatialIndex 0x1b08bef0 (Free 22005 MB), Probe Points, Size: 100000, Results: 29
[LIBGPUSPATIAL] [ 16455][19:55:30:344535][info  ] RTSpatialIndex 0x1b08bef0 (Free 22005 MB), Profiling Results. Alloc: 0.05 ms, Prepare: 0.23 ms, RT: 0.08 ms, Copy res: 0.04 ms
[LIBGPUSPATIAL] [ 16455][19:55:30:344822][info  ] RTSpatialRefiner 0x177ea3e0 (Free 22005 MB), Loaded Geometries, ProbeArray 100000, Loaded 23, Type Point
[LIBGPUSPATIAL] [ 16455][19:55:30:344851][info  ] RTSpatialRefiner 0x177ea3e0 (Free 22005 MB), Evaluating 29 Geometry Pairs with Predicate Contains
[LIBGPUSPATIAL] [ 16455][19:55:30:345371][info  ] RTSpatialRefiner 0x177ea3e0 (Free 22005 MB), Profiling Results. Parse: 0.24 ms, Refine: 0.48 ms, Copy Results: 0.04 ms
[LIBGPUSPATIAL] [ 16455][19:55:30:355647][info  ] RTSpatialIndex 0x1b08bef0 (Free 22005 MB), Allocate result buffer, memory consumption 0 MB, capacity 15
[LIBGPUSPATIAL] [ 16455][19:55:30:355777][info  ] RTSpatialIndex 0x1b08bef0 (Free 22005 MB), Probe Points, Size: 100000, Results: 15
[LIBGPUSPATIAL] [ 16455][19:55:30:355803][info  ] RTSpatialIndex 0x1b08bef0 (Free 22005 MB), Profiling Results. Alloc: 0.05 ms, Prepare: 0.22 ms, RT: 0.07 ms, Copy res: 0.04 ms
[LIBGPUSPATIAL] [ 16455][19:55:30:356079][info  ] RTSpatialRefiner 0x177ea3e0 (Free 22005 MB), Loaded Geometries, ProbeArray 100000, Loaded 10, Type Point
[LIBGPUSPATIAL] [ 16455][19:55:30:356107][info  ] RTSpatialRefiner 0x177ea3e0 (Free 22005 MB), Evaluating 15 Geometry Pairs with Predicate Contains
[LIBGPUSPATIAL] [ 16455][19:55:30:356675][info  ] RTSpatialRefiner 0x177ea3e0 (Free 22005 MB), Profiling Results. Parse: 0.23 ms, Refine: 0.53 ms, Copy Results: 0.04 ms
[LIBGPUSPATIAL] [ 16455][19:55:30:366970][info  ] RTSpatialIndex 0x1b08bef0 (Free 22005 MB), Allocate result buffer, memory consumption 0 MB, capacity 30
[LIBGPUSPATIAL] [ 16455][19:55:30:367065][info  ] RTSpatialIndex 0x1b08bef0 (Free 22005 MB), Probe Points, Size: 100000, Results: 30
[LIBGPUSPATIAL] [ 16455][19:55:30:367089][info  ] RTSpatialIndex 0x1b08bef0 (Free 22005 MB), Profiling Results. Alloc: 0.05 ms, Prepare: 0.22 ms, RT: 0.07 ms, Copy res: 0.04 ms
[LIBGPUSPATIAL] [ 16455][19:55:30:367365][info  ] RTSpatialRefiner 0x177ea3e0 (Free 22005 MB), Loaded Geometries, ProbeArray 100000, Loaded 23, Type Point
[LIBGPUSPATIAL] [ 16455][19:55:30:367393][info  ] RTSpatialRefiner 0x177ea3e0 (Free 22005 MB), Evaluating 30 Geometry Pairs with Predicate Contains
[LIBGPUSPATIAL] [ 16455][19:55:30:367940][info  ] RTSpatialRefiner 0x177ea3e0 (Free 22005 MB), Profiling Results. Parse: 0.24 ms, Refine: 0.50 ms, Copy Results: 0.04 ms
[LIBGPUSPATIAL] [ 16455][19:55:30:378101][info  ] RTSpatialIndex 0x1b08bef0 (Free 22005 MB), Allocate result buffer, memory consumption 0 MB, capacity 21
[LIBGPUSPATIAL] [ 16455][19:55:30:378205][info  ] RTSpatialIndex 0x1b08bef0 (Free 22005 MB), Probe Points, Size: 100000, Results: 21
[LIBGPUSPATIAL] [ 16455][19:55:30:378228][info  ] RTSpatialIndex 0x1b08bef0 (Free 22005 MB), Profiling Results. Alloc: 0.04 ms, Prepare: 0.22 ms, RT: 0.07 ms, Copy res: 0.04 ms
[LIBGPUSPATIAL] [ 16455][19:55:30:378489][info  ] RTSpatialRefiner 0x177ea3e0 (Free 22005 MB), Loaded Geometries, ProbeArray 100000, Loaded 18, Type Point
[LIBGPUSPATIAL] [ 16455][19:55:30:378515][info  ] RTSpatialRefiner 0x177ea3e0 (Free 22005 MB), Evaluating 21 Geometry Pairs with Predicate Contains
[LIBGPUSPATIAL] [ 16455][19:55:30:379029][info  ] RTSpatialRefiner 0x177ea3e0 (Free 22005 MB), Profiling Results. Parse: 0.23 ms, Refine: 0.47 ms, Copy Results: 0.04 ms
[LIBGPUSPATIAL] [ 16455][19:55:30:389259][info  ] RTSpatialIndex 0x1b08bef0 (Free 22005 MB), Allocate result buffer, memory consumption 0 MB, capacity 21
[LIBGPUSPATIAL] [ 16455][19:55:30:389369][info  ] RTSpatialIndex 0x1b08bef0 (Free 22005 MB), Probe Points, Size: 100000, Results: 21
[LIBGPUSPATIAL] [ 16455][19:55:30:389393][info  ] RTSpatialIndex 0x1b08bef0 (Free 22005 MB), Profiling Results. Alloc: 0.05 ms, Prepare: 0.23 ms, RT: 0.07 ms, Copy res: 0.04 ms
[LIBGPUSPATIAL] [ 16455][19:55:30:389663][info  ] RTSpatialRefiner 0x177ea3e0 (Free 22005 MB), Loaded Geometries, ProbeArray 100000, Loaded 16, Type Point
[LIBGPUSPATIAL] [ 16455][19:55:30:389692][info  ] RTSpatialRefiner 0x177ea3e0 (Free 22005 MB), Evaluating 21 Geometry Pairs with Predicate Contains
[LIBGPUSPATIAL] [ 16455][19:55:30:390190][info  ] RTSpatialRefiner 0x177ea3e0 (Free 22005 MB), Profiling Results. Parse: 0.23 ms, Refine: 0.46 ms, Copy Results: 0.04 ms
[LIBGPUSPATIAL] [ 16455][19:55:30:400129][info  ] RTSpatialIndex 0x1b08bef0 (Free 22005 MB), Allocate result buffer, memory consumption 0 MB, capacity 37
[LIBGPUSPATIAL] [ 16455][19:55:30:400224][info  ] RTSpatialIndex 0x1b08bef0 (Free 22005 MB), Probe Points, Size: 100000, Results: 37
[LIBGPUSPATIAL] [ 16455][19:55:30:400248][info  ] RTSpatialIndex 0x1b08bef0 (Free 22005 MB), Profiling Results. Alloc: 0.04 ms, Prepare: 0.22 ms, RT: 0.07 ms, Copy res: 0.04 ms
[LIBGPUSPATIAL] [ 16455][19:55:30:400515][info  ] RTSpatialRefiner 0x177ea3e0 (Free 22005 MB), Loaded Geometries, ProbeArray 100000, Loaded 26, Type Point
[LIBGPUSPATIAL] [ 16455][19:55:30:400541][info  ] RTSpatialRefiner 0x177ea3e0 (Free 22005 MB), Evaluating 37 Geometry Pairs with Predicate Contains
[LIBGPUSPATIAL] [ 16455][19:55:30:401094][info  ] RTSpatialRefiner 0x177ea3e0 (Free 22005 MB), Profiling Results. Parse: 0.23 ms, Refine: 0.51 ms, Copy Results: 0.04 ms
[LIBGPUSPATIAL] [ 16455][19:55:30:411372][info  ] RTSpatialIndex 0x1b08bef0 (Free 22005 MB), Allocate result buffer, memory consumption 0 MB, capacity 16
[LIBGPUSPATIAL] [ 16455][19:55:30:411476][info  ] RTSpatialIndex 0x1b08bef0 (Free 22005 MB), Probe Points, Size: 100000, Results: 16
[LIBGPUSPATIAL] [ 16455][19:55:30:411499][info  ] RTSpatialIndex 0x1b08bef0 (Free 22005 MB), Profiling Results. Alloc: 0.05 ms, Prepare: 0.22 ms, RT: 0.07 ms, Copy res: 0.04 ms
[LIBGPUSPATIAL] [ 16455][19:55:30:411771][info  ] RTSpatialRefiner 0x177ea3e0 (Free 22005 MB), Loaded Geometries, ProbeArray 100000, Loaded 13, Type Point
[LIBGPUSPATIAL] [ 16455][19:55:30:411797][info  ] RTSpatialRefiner 0x177ea3e0 (Free 22005 MB), Evaluating 16 Geometry Pairs with Predicate Contains
[LIBGPUSPATIAL] [ 16455][19:55:30:412302][info  ] RTSpatialRefiner 0x177ea3e0 (Free 22005 MB), Profiling Results. Parse: 0.24 ms, Refine: 0.46 ms, Copy Results: 0.04 ms
[LIBGPUSPATIAL] [ 16455][19:55:30:415817][info  ] RTSpatialIndex 0x1b08bef0 (Free 22005 MB), Allocate result buffer, memory consumption 0 MB, capacity 14
[LIBGPUSPATIAL] [ 16455][19:55:30:415924][info  ] RTSpatialIndex 0x1b08bef0 (Free 22005 MB), Probe Points, Size: 33333, Results: 14
[LIBGPUSPATIAL] [ 16455][19:55:30:415950][info  ] RTSpatialIndex 0x1b08bef0 (Free 22005 MB), Profiling Results. Alloc: 0.04 ms, Prepare: 0.13 ms, RT: 0.07 ms, Copy res: 0.04 ms
[LIBGPUSPATIAL] [ 16455][19:55:30:416219][info  ] RTSpatialRefiner 0x177ea3e0 (Free 22005 MB), Loaded Geometries, ProbeArray 33333, Loaded 12, Type Point
[LIBGPUSPATIAL] [ 16455][19:55:30:416248][info  ] RTSpatialRefiner 0x177ea3e0 (Free 22005 MB), Evaluating 14 Geometry Pairs with Predicate Contains
[LIBGPUSPATIAL] [ 16455][19:55:30:416748][info  ] RTSpatialRefiner 0x177ea3e0 (Free 22005 MB), Profiling Results. Parse: 0.23 ms, Refine: 0.44 ms, Copy Results: 0.04 ms
[LIBGPUSPATIAL] [ 16455][19:55:30:437153][info  ] RTSpatialIndex 0x1b08bef0 (Free 22005 MB), Allocate result buffer, memory consumption 0 MB, capacity 25
[LIBGPUSPATIAL] [ 16455][19:55:30:437267][info  ] RTSpatialIndex 0x1b08bef0 (Free 22005 MB), Probe Points, Size: 100000, Results: 25
[LIBGPUSPATIAL] [ 16455][19:55:30:437296][info  ] RTSpatialIndex 0x1b08bef0 (Free 22005 MB), Profiling Results. Alloc: 0.09 ms, Prepare: 0.29 ms, RT: 0.11 ms, Copy res: 0.04 ms
[LIBGPUSPATIAL] [ 16455][19:55:30:437598][info  ] RTSpatialRefiner 0x177ea3e0 (Free 22005 MB), Loaded Geometries, ProbeArray 100000, Loaded 18, Type Point
[LIBGPUSPATIAL] [ 16455][19:55:30:437624][info  ] RTSpatialRefiner 0x177ea3e0 (Free 22005 MB), Evaluating 25 Geometry Pairs with Predicate Contains
[LIBGPUSPATIAL] [ 16455][19:55:30:438171][info  ] RTSpatialRefiner 0x177ea3e0 (Free 22005 MB), Profiling Results. Parse: 0.26 ms, Refine: 0.50 ms, Copy Results: 0.04 ms
[LIBGPUSPATIAL] [ 16455][19:55:30:448447][info  ] RTSpatialIndex 0x1b08bef0 (Free 22005 MB), Allocate result buffer, memory consumption 0 MB, capacity 17
[LIBGPUSPATIAL] [ 16455][19:55:30:448544][info  ] RTSpatialIndex 0x1b08bef0 (Free 22005 MB), Probe Points, Size: 100000, Results: 17
[LIBGPUSPATIAL] [ 16455][19:55:30:448569][info  ] RTSpatialIndex 0x1b08bef0 (Free 22005 MB), Profiling Results. Alloc: 0.05 ms, Prepare: 0.22 ms, RT: 0.06 ms, Copy res: 0.04 ms
[LIBGPUSPATIAL] [ 16455][19:55:30:448875][info  ] RTSpatialRefiner 0x177ea3e0 (Free 22005 MB), Loaded Geometries, ProbeArray 100000, Loaded 14, Type Point
[LIBGPUSPATIAL] [ 16455][19:55:30:448902][info  ] RTSpatialRefiner 0x177ea3e0 (Free 22005 MB), Evaluating 17 Geometry Pairs with Predicate Contains
[LIBGPUSPATIAL] [ 16455][19:55:30:449395][info  ] RTSpatialRefiner 0x177ea3e0 (Free 22005 MB), Profiling Results. Parse: 0.27 ms, Refine: 0.45 ms, Copy Results: 0.04 ms
[LIBGPUSPATIAL] [ 16455][19:55:30:459672][info  ] RTSpatialIndex 0x1b08bef0 (Free 22005 MB), Allocate result buffer, memory consumption 0 MB, capacity 14
[LIBGPUSPATIAL] [ 16455][19:55:30:459797][info  ] RTSpatialIndex 0x1b08bef0 (Free 22005 MB), Probe Points, Size: 100000, Results: 14
[LIBGPUSPATIAL] [ 16455][19:55:30:459825][info  ] RTSpatialIndex 0x1b08bef0 (Free 22005 MB), Profiling Results. Alloc: 0.05 ms, Prepare: 0.23 ms, RT: 0.08 ms, Copy res: 0.04 ms
[LIBGPUSPATIAL] [ 16455][19:55:30:460099][info  ] RTSpatialRefiner 0x177ea3e0 (Free 22005 MB), Loaded Geometries, ProbeArray 100000, Loaded 11, Type Point
[LIBGPUSPATIAL] [ 16455][19:55:30:460126][info  ] RTSpatialRefiner 0x177ea3e0 (Free 22005 MB), Evaluating 14 Geometry Pairs with Predicate Contains
[LIBGPUSPATIAL] [ 16455][19:55:30:460620][info  ] RTSpatialRefiner 0x177ea3e0 (Free 22005 MB), Profiling Results. Parse: 0.23 ms, Refine: 0.45 ms, Copy Results: 0.04 ms
[LIBGPUSPATIAL] [ 16455][19:55:30:470873][info  ] RTSpatialIndex 0x1b08bef0 (Free 22005 MB), Allocate result buffer, memory consumption 0 MB, capacity 17
[LIBGPUSPATIAL] [ 16455][19:55:30:470969][info  ] RTSpatialIndex 0x1b08bef0 (Free 22005 MB), Probe Points, Size: 100000, Results: 17
[LIBGPUSPATIAL] [ 16455][19:55:30:470993][info  ] RTSpatialIndex 0x1b08bef0 (Free 22005 MB), Profiling Results. Alloc: 0.04 ms, Prepare: 0.22 ms, RT: 0.06 ms, Copy res: 0.04 ms
[LIBGPUSPATIAL] [ 16455][19:55:30:471258][info  ] RTSpatialRefiner 0x177ea3e0 (Free 22005 MB), Loaded Geometries, ProbeArray 100000, Loaded 14, Type Point
[LIBGPUSPATIAL] [ 16455][19:55:30:471283][info  ] RTSpatialRefiner 0x177ea3e0 (Free 22005 MB), Evaluating 17 Geometry Pairs with Predicate Contains
[LIBGPUSPATIAL] [ 16455][19:55:30:471774][info  ] RTSpatialRefiner 0x177ea3e0 (Free 22005 MB), Profiling Results. Parse: 0.23 ms, Refine: 0.42 ms, Copy Results: 0.06 ms
[LIBGPUSPATIAL] [ 16455][19:55:30:481586][info  ] RTSpatialIndex 0x1b08bef0 (Free 22005 MB), Allocate result buffer, memory consumption 0 MB, capacity 30
[LIBGPUSPATIAL] [ 16455][19:55:30:481681][info  ] RTSpatialIndex 0x1b08bef0 (Free 22005 MB), Probe Points, Size: 100000, Results: 30
[LIBGPUSPATIAL] [ 16455][19:55:30:481705][info  ] RTSpatialIndex 0x1b08bef0 (Free 22005 MB), Profiling Results. Alloc: 0.05 ms, Prepare: 0.22 ms, RT: 0.07 ms, Copy res: 0.04 ms
[LIBGPUSPATIAL] [ 16455][19:55:30:481991][info  ] RTSpatialRefiner 0x177ea3e0 (Free 22005 MB), Loaded Geometries, ProbeArray 100000, Loaded 21, Type Point
[LIBGPUSPATIAL] [ 16455][19:55:30:482016][info  ] RTSpatialRefiner 0x177ea3e0 (Free 22005 MB), Evaluating 30 Geometry Pairs with Predicate Contains
[LIBGPUSPATIAL] [ 16455][19:55:30:482510][info  ] RTSpatialRefiner 0x177ea3e0 (Free 22005 MB), Profiling Results. Parse: 0.23 ms, Refine: 0.45 ms, Copy Results: 0.04 ms
[LIBGPUSPATIAL] [ 16455][19:55:30:492798][info  ] RTSpatialIndex 0x1b08bef0 (Free 22005 MB), Allocate result buffer, memory consumption 0 MB, capacity 22
[LIBGPUSPATIAL] [ 16455][19:55:30:492895][info  ] RTSpatialIndex 0x1b08bef0 (Free 22005 MB), Probe Points, Size: 100000, Results: 22
[LIBGPUSPATIAL] [ 16455][19:55:30:492918][info  ] RTSpatialIndex 0x1b08bef0 (Free 22005 MB), Profiling Results. Alloc: 0.05 ms, Prepare: 0.22 ms, RT: 0.08 ms, Copy res: 0.04 ms
[LIBGPUSPATIAL] [ 16455][19:55:30:493188][info  ] RTSpatialRefiner 0x177ea3e0 (Free 22005 MB), Loaded Geometries, ProbeArray 100000, Loaded 18, Type Point
[LIBGPUSPATIAL] [ 16455][19:55:30:493213][info  ] RTSpatialRefiner 0x177ea3e0 (Free 22005 MB), Evaluating 22 Geometry Pairs with Predicate Contains
[LIBGPUSPATIAL] [ 16455][19:55:30:493677][info  ] RTSpatialRefiner 0x177ea3e0 (Free 22005 MB), Profiling Results. Parse: 0.23 ms, Refine: 0.42 ms, Copy Results: 0.04 ms
[LIBGPUSPATIAL] [ 16455][19:55:30:503855][info  ] RTSpatialIndex 0x1b08bef0 (Free 22005 MB), Allocate result buffer, memory consumption 0 MB, capacity 26
[LIBGPUSPATIAL] [ 16455][19:55:30:503959][info  ] RTSpatialIndex 0x1b08bef0 (Free 22005 MB), Probe Points, Size: 100000, Results: 26
[LIBGPUSPATIAL] [ 16455][19:55:30:503983][info  ] RTSpatialIndex 0x1b08bef0 (Free 22005 MB), Profiling Results. Alloc: 0.05 ms, Prepare: 0.23 ms, RT: 0.07 ms, Copy res: 0.04 ms
[LIBGPUSPATIAL] [ 16455][19:55:30:504251][info  ] RTSpatialRefiner 0x177ea3e0 (Free 22005 MB), Loaded Geometries, ProbeArray 100000, Loaded 20, Type Point
[LIBGPUSPATIAL] [ 16455][19:55:30:504277][info  ] RTSpatialRefiner 0x177ea3e0 (Free 22005 MB), Evaluating 26 Geometry Pairs with Predicate Contains
[LIBGPUSPATIAL] [ 16455][19:55:30:504893][info  ] RTSpatialRefiner 0x177ea3e0 (Free 22005 MB), Profiling Results. Parse: 0.23 ms, Refine: 0.57 ms, Copy Results: 0.04 ms
[LIBGPUSPATIAL] [ 16455][19:55:30:515149][info  ] RTSpatialIndex 0x1b08bef0 (Free 22005 MB), Allocate result buffer, memory consumption 0 MB, capacity 46
[LIBGPUSPATIAL] [ 16455][19:55:30:515253][info  ] RTSpatialIndex 0x1b08bef0 (Free 22005 MB), Probe Points, Size: 100000, Results: 46
[LIBGPUSPATIAL] [ 16455][19:55:30:515276][info  ] RTSpatialIndex 0x1b08bef0 (Free 22005 MB), Profiling Results. Alloc: 0.04 ms, Prepare: 0.22 ms, RT: 0.08 ms, Copy res: 0.04 ms
[LIBGPUSPATIAL] [ 16455][19:55:30:515528][info  ] RTSpatialRefiner 0x177ea3e0 (Free 22005 MB), Loaded Geometries, ProbeArray 100000, Loaded 34, Type Point
[LIBGPUSPATIAL] [ 16455][19:55:30:515553][info  ] RTSpatialRefiner 0x177ea3e0 (Free 22005 MB), Evaluating 46 Geometry Pairs with Predicate Contains
[LIBGPUSPATIAL] [ 16455][19:55:30:516107][info  ] RTSpatialRefiner 0x177ea3e0 (Free 22005 MB), Profiling Results. Parse: 0.22 ms, Refine: 0.51 ms, Copy Results: 0.04 ms
[LIBGPUSPATIAL] [ 16455][19:55:30:526422][info  ] RTSpatialIndex 0x1b08bef0 (Free 22005 MB), Allocate result buffer, memory consumption 0 MB, capacity 29
[LIBGPUSPATIAL] [ 16455][19:55:30:526535][info  ] RTSpatialIndex 0x1b08bef0 (Free 22005 MB), Probe Points, Size: 100000, Results: 29
[LIBGPUSPATIAL] [ 16455][19:55:30:526561][info  ] RTSpatialIndex 0x1b08bef0 (Free 22005 MB), Profiling Results. Alloc: 0.05 ms, Prepare: 0.22 ms, RT: 0.07 ms, Copy res: 0.04 ms
[LIBGPUSPATIAL] [ 16455][19:55:30:526843][info  ] RTSpatialRefiner 0x177ea3e0 (Free 22005 MB), Loaded Geometries, ProbeArray 100000, Loaded 24, Type Point
[LIBGPUSPATIAL] [ 16455][19:55:30:526869][info  ] RTSpatialRefiner 0x177ea3e0 (Free 22005 MB), Evaluating 29 Geometry Pairs with Predicate Contains
[LIBGPUSPATIAL] [ 16455][19:55:30:527355][info  ] RTSpatialRefiner 0x177ea3e0 (Free 22005 MB), Profiling Results. Parse: 0.24 ms, Refine: 0.44 ms, Copy Results: 0.04 ms
[LIBGPUSPATIAL] [ 16455][19:55:30:537601][info  ] RTSpatialIndex 0x1b08bef0 (Free 22005 MB), Allocate result buffer, memory consumption 0 MB, capacity 26
[LIBGPUSPATIAL] [ 16455][19:55:30:537713][info  ] RTSpatialIndex 0x1b08bef0 (Free 22005 MB), Probe Points, Size: 100000, Results: 26
[LIBGPUSPATIAL] [ 16455][19:55:30:537751][info  ] RTSpatialIndex 0x1b08bef0 (Free 22005 MB), Profiling Results. Alloc: 0.06 ms, Prepare: 0.22 ms, RT: 0.07 ms, Copy res: 0.06 ms
[LIBGPUSPATIAL] [ 16455][19:55:30:538014][info  ] RTSpatialRefiner 0x177ea3e0 (Free 22005 MB), Loaded Geometries, ProbeArray 100000, Loaded 18, Type Point
[LIBGPUSPATIAL] [ 16455][19:55:30:538040][info  ] RTSpatialRefiner 0x177ea3e0 (Free 22005 MB), Evaluating 26 Geometry Pairs with Predicate Contains
[LIBGPUSPATIAL] [ 16455][19:55:30:538496][info  ] RTSpatialRefiner 0x177ea3e0 (Free 22005 MB), Profiling Results. Parse: 0.23 ms, Refine: 0.41 ms, Copy Results: 0.04 ms
[LIBGPUSPATIAL] [ 16455][19:55:30:548749][info  ] RTSpatialIndex 0x1b08bef0 (Free 22005 MB), Allocate result buffer, memory consumption 0 MB, capacity 22
[LIBGPUSPATIAL] [ 16455][19:55:30:548872][info  ] RTSpatialIndex 0x1b08bef0 (Free 22005 MB), Probe Points, Size: 100000, Results: 22
[LIBGPUSPATIAL] [ 16455][19:55:30:548904][info  ] RTSpatialIndex 0x1b08bef0 (Free 22005 MB), Profiling Results. Alloc: 0.07 ms, Prepare: 0.22 ms, RT: 0.08 ms, Copy res: 0.05 ms
[LIBGPUSPATIAL] [ 16455][19:55:30:549206][info  ] RTSpatialRefiner 0x177ea3e0 (Free 22005 MB), Loaded Geometries, ProbeArray 100000, Loaded 18, Type Point
[LIBGPUSPATIAL] [ 16455][19:55:30:549239][info  ] RTSpatialRefiner 0x177ea3e0 (Free 22005 MB), Evaluating 22 Geometry Pairs with Predicate Contains
[LIBGPUSPATIAL] [ 16455][19:55:30:549766][info  ] RTSpatialRefiner 0x177ea3e0 (Free 22005 MB), Profiling Results. Parse: 0.26 ms, Refine: 0.47 ms, Copy Results: 0.06 ms
[LIBGPUSPATIAL] [ 16455][19:55:30:559648][info  ] RTSpatialIndex 0x1b08bef0 (Free 22005 MB), Allocate result buffer, memory consumption 0 MB, capacity 29
[LIBGPUSPATIAL] [ 16455][19:55:30:559782][info  ] RTSpatialIndex 0x1b08bef0 (Free 22005 MB), Probe Points, Size: 100000, Results: 29
[LIBGPUSPATIAL] [ 16455][19:55:30:559814][info  ] RTSpatialIndex 0x1b08bef0 (Free 22005 MB), Profiling Results. Alloc: 0.05 ms, Prepare: 0.22 ms, RT: 0.07 ms, Copy res: 0.05 ms
[LIBGPUSPATIAL] [ 16455][19:55:30:560083][info  ] RTSpatialRefiner 0x177ea3e0 (Free 22005 MB), Loaded Geometries, ProbeArray 100000, Loaded 25, Type Point
[LIBGPUSPATIAL] [ 16455][19:55:30:560117][info  ] RTSpatialRefiner 0x177ea3e0 (Free 22005 MB), Evaluating 29 Geometry Pairs with Predicate Contains
[LIBGPUSPATIAL] [ 16455][19:55:30:560605][info  ] RTSpatialRefiner 0x177ea3e0 (Free 22005 MB), Profiling Results. Parse: 0.23 ms, Refine: 0.45 ms, Copy Results: 0.04 ms
[LIBGPUSPATIAL] [ 16455][19:55:30:570912][info  ] RTSpatialIndex 0x1b08bef0 (Free 22005 MB), Allocate result buffer, memory consumption 0 MB, capacity 17
[LIBGPUSPATIAL] [ 16455][19:55:30:571027][info  ] RTSpatialIndex 0x1b08bef0 (Free 22005 MB), Probe Points, Size: 100000, Results: 17
[LIBGPUSPATIAL] [ 16455][19:55:30:571058][info  ] RTSpatialIndex 0x1b08bef0 (Free 22005 MB), Profiling Results. Alloc: 0.05 ms, Prepare: 0.23 ms, RT: 0.08 ms, Copy res: 0.05 ms
[LIBGPUSPATIAL] [ 16455][19:55:30:571334][info  ] RTSpatialRefiner 0x177ea3e0 (Free 22005 MB), Loaded Geometries, ProbeArray 100000, Loaded 14, Type Point
[LIBGPUSPATIAL] [ 16455][19:55:30:571369][info  ] RTSpatialRefiner 0x177ea3e0 (Free 22005 MB), Evaluating 17 Geometry Pairs with Predicate Contains
[LIBGPUSPATIAL] [ 16455][19:55:30:571870][info  ] RTSpatialRefiner 0x177ea3e0 (Free 22005 MB), Profiling Results. Parse: 0.24 ms, Refine: 0.46 ms, Copy Results: 0.04 ms
[LIBGPUSPATIAL] [ 16455][19:55:30:575377][info  ] RTSpatialIndex 0x1b08bef0 (Free 22005 MB), Allocate result buffer, memory consumption 0 MB, capacity 9
[LIBGPUSPATIAL] [ 16455][19:55:30:575490][info  ] RTSpatialIndex 0x1b08bef0 (Free 22005 MB), Probe Points, Size: 33333, Results: 9
[LIBGPUSPATIAL] [ 16455][19:55:30:575521][info  ] RTSpatialIndex 0x1b08bef0 (Free 22005 MB), Profiling Results. Alloc: 0.04 ms, Prepare: 0.11 ms, RT: 0.07 ms, Copy res: 0.04 ms
[LIBGPUSPATIAL] [ 16455][19:55:30:575797][info  ] RTSpatialRefiner 0x177ea3e0 (Free 22005 MB), Loaded Geometries, ProbeArray 33333, Loaded 8, Type Point
[LIBGPUSPATIAL] [ 16455][19:55:30:575833][info  ] RTSpatialRefiner 0x177ea3e0 (Free 22005 MB), Evaluating 9 Geometry Pairs with Predicate Contains
[LIBGPUSPATIAL] [ 16455][19:55:30:576288][info  ] RTSpatialRefiner 0x177ea3e0 (Free 22005 MB), Profiling Results. Parse: 0.24 ms, Refine: 0.42 ms, Copy Results: 0.04 ms
[LIBGPUSPATIAL] [ 16455][19:55:30:596647][info  ] RTSpatialIndex 0x1b08bef0 (Free 22005 MB), Allocate result buffer, memory consumption 0 MB, capacity 28
[LIBGPUSPATIAL] [ 16455][19:55:30:596791][info  ] RTSpatialIndex 0x1b08bef0 (Free 22005 MB), Probe Points, Size: 100000, Results: 28
[LIBGPUSPATIAL] [ 16455][19:55:30:596825][info  ] RTSpatialIndex 0x1b08bef0 (Free 22005 MB), Profiling Results. Alloc: 0.10 ms, Prepare: 0.26 ms, RT: 0.10 ms, Copy res: 0.05 ms
[LIBGPUSPATIAL] [ 16455][19:55:30:597143][info  ] RTSpatialRefiner 0x177ea3e0 (Free 22005 MB), Loaded Geometries, ProbeArray 100000, Loaded 20, Type Point
[LIBGPUSPATIAL] [ 16455][19:55:30:597178][info  ] RTSpatialRefiner 0x177ea3e0 (Free 22005 MB), Evaluating 28 Geometry Pairs with Predicate Contains
[LIBGPUSPATIAL] [ 16455][19:55:30:597757][info  ] RTSpatialRefiner 0x177ea3e0 (Free 22005 MB), Profiling Results. Parse: 0.27 ms, Refine: 0.51 ms, Copy Results: 0.04 ms
[LIBGPUSPATIAL] [ 16455][19:55:30:608109][info  ] RTSpatialIndex 0x1b08bef0 (Free 22005 MB), Allocate result buffer, memory consumption 0 MB, capacity 25
[LIBGPUSPATIAL] [ 16455][19:55:30:608223][info  ] RTSpatialIndex 0x1b08bef0 (Free 22005 MB), Probe Points, Size: 100000, Results: 25
[LIBGPUSPATIAL] [ 16455][19:55:30:608254][info  ] RTSpatialIndex 0x1b08bef0 (Free 22005 MB), Profiling Results. Alloc: 0.06 ms, Prepare: 0.24 ms, RT: 0.07 ms, Copy res: 0.04 ms
[LIBGPUSPATIAL] [ 16455][19:55:30:608534][info  ] RTSpatialRefiner 0x177ea3e0 (Free 22005 MB), Loaded Geometries, ProbeArray 100000, Loaded 20, Type Point
[LIBGPUSPATIAL] [ 16455][19:55:30:608568][info  ] RTSpatialRefiner 0x177ea3e0 (Free 22005 MB), Evaluating 25 Geometry Pairs with Predicate Contains
[LIBGPUSPATIAL] [ 16455][19:55:30:609174][info  ] RTSpatialRefiner 0x177ea3e0 (Free 22005 MB), Profiling Results. Parse: 0.24 ms, Refine: 0.56 ms, Copy Results: 0.04 ms
[LIBGPUSPATIAL] [ 16455][19:55:30:619459][info  ] RTSpatialIndex 0x1b08bef0 (Free 22005 MB), Allocate result buffer, memory consumption 0 MB, capacity 21
[LIBGPUSPATIAL] [ 16455][19:55:30:619573][info  ] RTSpatialIndex 0x1b08bef0 (Free 22005 MB), Probe Points, Size: 100000, Results: 21
[LIBGPUSPATIAL] [ 16455][19:55:30:619604][info  ] RTSpatialIndex 0x1b08bef0 (Free 22005 MB), Profiling Results. Alloc: 0.05 ms, Prepare: 0.23 ms, RT: 0.07 ms, Copy res: 0.04 ms
[LIBGPUSPATIAL] [ 16455][19:55:30:619878][info  ] RTSpatialRefiner 0x177ea3e0 (Free 22005 MB), Loaded Geometries, ProbeArray 100000, Loaded 17, Type Point
[LIBGPUSPATIAL] [ 16455][19:55:30:619912][info  ] RTSpatialRefiner 0x177ea3e0 (Free 22005 MB), Evaluating 21 Geometry Pairs with Predicate Contains
[LIBGPUSPATIAL] [ 16455][19:55:30:620410][info  ] RTSpatialRefiner 0x177ea3e0 (Free 22005 MB), Profiling Results. Parse: 0.23 ms, Refine: 0.46 ms, Copy Results: 0.04 ms
[LIBGPUSPATIAL] [ 16455][19:55:30:630702][info  ] RTSpatialIndex 0x1b08bef0 (Free 22005 MB), Allocate result buffer, memory consumption 0 MB, capacity 34
[LIBGPUSPATIAL] [ 16455][19:55:30:630830][info  ] RTSpatialIndex 0x1b08bef0 (Free 22005 MB), Probe Points, Size: 100000, Results: 34
[LIBGPUSPATIAL] [ 16455][19:55:30:630862][info  ] RTSpatialIndex 0x1b08bef0 (Free 22005 MB), Profiling Results. Alloc: 0.06 ms, Prepare: 0.22 ms, RT: 0.07 ms, Copy res: 0.05 ms
[LIBGPUSPATIAL] [ 16455][19:55:30:631106][info  ] RTSpatialRefiner 0x177ea3e0 (Free 22005 MB), Loaded Geometries, ProbeArray 100000, Loaded 24, Type Point
[LIBGPUSPATIAL] [ 16455][19:55:30:631139][info  ] RTSpatialRefiner 0x177ea3e0 (Free 22005 MB), Evaluating 34 Geometry Pairs with Predicate Contains
[LIBGPUSPATIAL] [ 16455][19:55:30:631688][info  ] RTSpatialRefiner 0x177ea3e0 (Free 22005 MB), Profiling Results. Parse: 0.20 ms, Refine: 0.51 ms, Copy Results: 0.04 ms
[LIBGPUSPATIAL] [ 16455][19:55:30:641579][info  ] RTSpatialIndex 0x1b08bef0 (Free 22005 MB), Allocate result buffer, memory consumption 0 MB, capacity 23
[LIBGPUSPATIAL] [ 16455][19:55:30:641697][info  ] RTSpatialIndex 0x1b08bef0 (Free 22005 MB), Probe Points, Size: 100000, Results: 23
[LIBGPUSPATIAL] [ 16455][19:55:30:641743][info  ] RTSpatialIndex 0x1b08bef0 (Free 22005 MB), Profiling Results. Alloc: 0.05 ms, Prepare: 0.22 ms, RT: 0.08 ms, Copy res: 0.04 ms
[LIBGPUSPATIAL] [ 16455][19:55:30:642062][info  ] RTSpatialRefiner 0x177ea3e0 (Free 22005 MB), Loaded Geometries, ProbeArray 100000, Loaded 17, Type Point
[LIBGPUSPATIAL] [ 16455][19:55:30:642100][info  ] RTSpatialRefiner 0x177ea3e0 (Free 22005 MB), Evaluating 23 Geometry Pairs with Predicate Contains
[LIBGPUSPATIAL] [ 16455][19:55:30:642638][info  ] RTSpatialRefiner 0x177ea3e0 (Free 22005 MB), Profiling Results. Parse: 0.23 ms, Refine: 0.50 ms, Copy Results: 0.04 ms
[LIBGPUSPATIAL] [ 16455][19:55:30:653015][info  ] RTSpatialIndex 0x1b08bef0 (Free 22005 MB), Allocate result buffer, memory consumption 0 MB, capacity 21
[LIBGPUSPATIAL] [ 16455][19:55:30:653130][info  ] RTSpatialIndex 0x1b08bef0 (Free 22005 MB), Probe Points, Size: 100000, Results: 21
[LIBGPUSPATIAL] [ 16455][19:55:30:653156][info  ] RTSpatialIndex 0x1b08bef0 (Free 22005 MB), Profiling Results. Alloc: 0.05 ms, Prepare: 0.24 ms, RT: 0.08 ms, Copy res: 0.04 ms
[LIBGPUSPATIAL] [ 16455][19:55:30:653395][info  ] RTSpatialRefiner 0x177ea3e0 (Free 22005 MB), Loaded Geometries, ProbeArray 100000, Loaded 17, Type Point
[LIBGPUSPATIAL] [ 16455][19:55:30:653424][info  ] RTSpatialRefiner 0x177ea3e0 (Free 22005 MB), Evaluating 21 Geometry Pairs with Predicate Contains
[LIBGPUSPATIAL] [ 16455][19:55:30:653913][info  ] RTSpatialRefiner 0x177ea3e0 (Free 22005 MB), Profiling Results. Parse: 0.20 ms, Refine: 0.44 ms, Copy Results: 0.04 ms
[LIBGPUSPATIAL] [ 16455][19:55:30:664088][info  ] RTSpatialIndex 0x1b08bef0 (Free 22005 MB), Allocate result buffer, memory consumption 0 MB, capacity 23
[LIBGPUSPATIAL] [ 16455][19:55:30:664193][info  ] RTSpatialIndex 0x1b08bef0 (Free 22005 MB), Probe Points, Size: 100000, Results: 23
[LIBGPUSPATIAL] [ 16455][19:55:30:664217][info  ] RTSpatialIndex 0x1b08bef0 (Free 22005 MB), Profiling Results. Alloc: 0.05 ms, Prepare: 0.23 ms, RT: 0.07 ms, Copy res: 0.04 ms
[LIBGPUSPATIAL] [ 16455][19:55:30:664454][info  ] RTSpatialRefiner 0x177ea3e0 (Free 22005 MB), Loaded Geometries, ProbeArray 100000, Loaded 18, Type Point
[LIBGPUSPATIAL] [ 16455][19:55:30:664480][info  ] RTSpatialRefiner 0x177ea3e0 (Free 22005 MB), Evaluating 23 Geometry Pairs with Predicate Contains
[LIBGPUSPATIAL] [ 16455][19:55:30:665098][info  ] RTSpatialRefiner 0x177ea3e0 (Free 22005 MB), Profiling Results. Parse: 0.20 ms, Refine: 0.56 ms, Copy Results: 0.05 ms
[LIBGPUSPATIAL] [ 16455][19:55:30:675485][info  ] RTSpatialIndex 0x1b08bef0 (Free 22005 MB), Allocate result buffer, memory consumption 0 MB, capacity 19
[LIBGPUSPATIAL] [ 16455][19:55:30:675590][info  ] RTSpatialIndex 0x1b08bef0 (Free 22005 MB), Probe Points, Size: 100000, Results: 19
[LIBGPUSPATIAL] [ 16455][19:55:30:675615][info  ] RTSpatialIndex 0x1b08bef0 (Free 22005 MB), Profiling Results. Alloc: 0.05 ms, Prepare: 0.23 ms, RT: 0.08 ms, Copy res: 0.04 ms
[LIBGPUSPATIAL] [ 16455][19:55:30:675845][info  ] RTSpatialRefiner 0x177ea3e0 (Free 22005 MB), Loaded Geometries, ProbeArray 100000, Loaded 14, Type Point
[LIBGPUSPATIAL] [ 16455][19:55:30:675872][info  ] RTSpatialRefiner 0x177ea3e0 (Free 22005 MB), Evaluating 19 Geometry Pairs with Predicate Contains
[LIBGPUSPATIAL] [ 16455][19:55:30:676366][info  ] RTSpatialRefiner 0x177ea3e0 (Free 22005 MB), Profiling Results. Parse: 0.20 ms, Refine: 0.45 ms, Copy Results: 0.04 ms
[LIBGPUSPATIAL] [ 16455][19:55:30:686778][info  ] RTSpatialIndex 0x1b08bef0 (Free 22005 MB), Allocate result buffer, memory consumption 0 MB, capacity 21
[LIBGPUSPATIAL] [ 16455][19:55:30:686917][info  ] RTSpatialIndex 0x1b08bef0 (Free 22005 MB), Probe Points, Size: 100000, Results: 21
[LIBGPUSPATIAL] [ 16455][19:55:30:686943][info  ] RTSpatialIndex 0x1b08bef0 (Free 22005 MB), Profiling Results. Alloc: 0.05 ms, Prepare: 0.22 ms, RT: 0.09 ms, Copy res: 0.05 ms
[LIBGPUSPATIAL] [ 16455][19:55:30:687189][info  ] RTSpatialRefiner 0x177ea3e0 (Free 22005 MB), Loaded Geometries, ProbeArray 100000, Loaded 16, Type Point
[LIBGPUSPATIAL] [ 16455][19:55:30:687217][info  ] RTSpatialRefiner 0x177ea3e0 (Free 22005 MB), Evaluating 21 Geometry Pairs with Predicate Contains
[LIBGPUSPATIAL] [ 16455][19:55:30:687744][info  ] RTSpatialRefiner 0x177ea3e0 (Free 22005 MB), Profiling Results. Parse: 0.21 ms, Refine: 0.46 ms, Copy Results: 0.04 ms
[LIBGPUSPATIAL] [ 16455][19:55:30:697991][info  ] RTSpatialIndex 0x1b08bef0 (Free 22005 MB), Allocate result buffer, memory consumption 0 MB, capacity 17
[LIBGPUSPATIAL] [ 16455][19:55:30:698099][info  ] RTSpatialIndex 0x1b08bef0 (Free 22005 MB), Probe Points, Size: 100000, Results: 17
[LIBGPUSPATIAL] [ 16455][19:55:30:698123][info  ] RTSpatialIndex 0x1b08bef0 (Free 22005 MB), Profiling Results. Alloc: 0.05 ms, Prepare: 0.23 ms, RT: 0.07 ms, Copy res: 0.04 ms
[LIBGPUSPATIAL] [ 16455][19:55:30:698372][info  ] RTSpatialRefiner 0x177ea3e0 (Free 22005 MB), Loaded Geometries, ProbeArray 100000, Loaded 14, Type Point
[LIBGPUSPATIAL] [ 16455][19:55:30:698399][info  ] RTSpatialRefiner 0x177ea3e0 (Free 22005 MB), Evaluating 17 Geometry Pairs with Predicate Contains
[LIBGPUSPATIAL] [ 16455][19:55:30:698939][info  ] RTSpatialRefiner 0x177ea3e0 (Free 22005 MB), Profiling Results. Parse: 0.21 ms, Refine: 0.49 ms, Copy Results: 0.04 ms
[LIBGPUSPATIAL] [ 16455][19:55:30:709189][info  ] RTSpatialIndex 0x1b08bef0 (Free 22005 MB), Allocate result buffer, memory consumption 0 MB, capacity 20
[LIBGPUSPATIAL] [ 16455][19:55:30:709303][info  ] RTSpatialIndex 0x1b08bef0 (Free 22005 MB), Probe Points, Size: 100000, Results: 20
[LIBGPUSPATIAL] [ 16455][19:55:30:709328][info  ] RTSpatialIndex 0x1b08bef0 (Free 22005 MB), Profiling Results. Alloc: 0.05 ms, Prepare: 0.22 ms, RT: 0.08 ms, Copy res: 0.04 ms
[LIBGPUSPATIAL] [ 16455][19:55:30:709569][info  ] RTSpatialRefiner 0x177ea3e0 (Free 22005 MB), Loaded Geometries, ProbeArray 100000, Loaded 15, Type Point
[LIBGPUSPATIAL] [ 16455][19:55:30:709596][info  ] RTSpatialRefiner 0x177ea3e0 (Free 22005 MB), Evaluating 20 Geometry Pairs with Predicate Contains
[LIBGPUSPATIAL] [ 16455][19:55:30:710163][info  ] RTSpatialRefiner 0x177ea3e0 (Free 22005 MB), Profiling Results. Parse: 0.20 ms, Refine: 0.52 ms, Copy Results: 0.04 ms
[LIBGPUSPATIAL] [ 16455][19:55:30:720002][info  ] RTSpatialIndex 0x1b08bef0 (Free 22005 MB), Allocate result buffer, memory consumption 0 MB, capacity 36
[LIBGPUSPATIAL] [ 16455][19:55:30:720110][info  ] RTSpatialIndex 0x1b08bef0 (Free 22005 MB), Probe Points, Size: 100000, Results: 36
[LIBGPUSPATIAL] [ 16455][19:55:30:720135][info  ] RTSpatialIndex 0x1b08bef0 (Free 22005 MB), Profiling Results. Alloc: 0.05 ms, Prepare: 0.23 ms, RT: 0.07 ms, Copy res: 0.04 ms
[LIBGPUSPATIAL] [ 16455][19:55:30:720383][info  ] RTSpatialRefiner 0x177ea3e0 (Free 22005 MB), Loaded Geometries, ProbeArray 100000, Loaded 26, Type Point
[LIBGPUSPATIAL] [ 16455][19:55:30:720410][info  ] RTSpatialRefiner 0x177ea3e0 (Free 22005 MB), Evaluating 36 Geometry Pairs with Predicate Contains
[LIBGPUSPATIAL] [ 16455][19:55:30:720998][info  ] RTSpatialRefiner 0x177ea3e0 (Free 22005 MB), Profiling Results. Parse: 0.21 ms, Refine: 0.53 ms, Copy Results: 0.04 ms
[LIBGPUSPATIAL] [ 16455][19:55:30:731228][info  ] RTSpatialIndex 0x1b08bef0 (Free 22005 MB), Allocate result buffer, memory consumption 0 MB, capacity 16
[LIBGPUSPATIAL] [ 16455][19:55:30:731337][info  ] RTSpatialIndex 0x1b08bef0 (Free 22005 MB), Probe Points, Size: 100000, Results: 16
[LIBGPUSPATIAL] [ 16455][19:55:30:731362][info  ] RTSpatialIndex 0x1b08bef0 (Free 22005 MB), Profiling Results. Alloc: 0.05 ms, Prepare: 0.22 ms, RT: 0.07 ms, Copy res: 0.04 ms
[LIBGPUSPATIAL] [ 16455][19:55:30:731606][info  ] RTSpatialRefiner 0x177ea3e0 (Free 22005 MB), Loaded Geometries, ProbeArray 100000, Loaded 12, Type Point
[LIBGPUSPATIAL] [ 16455][19:55:30:731634][info  ] RTSpatialRefiner 0x177ea3e0 (Free 22005 MB), Evaluating 16 Geometry Pairs with Predicate Contains
[LIBGPUSPATIAL] [ 16455][19:55:30:732177][info  ] RTSpatialRefiner 0x177ea3e0 (Free 22005 MB), Profiling Results. Parse: 0.20 ms, Refine: 0.50 ms, Copy Results: 0.04 ms
[LIBGPUSPATIAL] [ 16455][19:55:30:735683][info  ] RTSpatialIndex 0x1b08bef0 (Free 22005 MB), Allocate result buffer, memory consumption 0 MB, capacity 8
[LIBGPUSPATIAL] [ 16455][19:55:30:735808][info  ] RTSpatialIndex 0x1b08bef0 (Free 22005 MB), Probe Points, Size: 33333, Results: 8
[LIBGPUSPATIAL] [ 16455][19:55:30:735833][info  ] RTSpatialIndex 0x1b08bef0 (Free 22005 MB), Profiling Results. Alloc: 0.04 ms, Prepare: 0.11 ms, RT: 0.08 ms, Copy res: 0.05 ms
[LIBGPUSPATIAL] [ 16455][19:55:30:736068][info  ] RTSpatialRefiner 0x177ea3e0 (Free 22005 MB), Loaded Geometries, ProbeArray 33333, Loaded 7, Type Point
[LIBGPUSPATIAL] [ 16455][19:55:30:736095][info  ] RTSpatialRefiner 0x177ea3e0 (Free 22005 MB), Evaluating 8 Geometry Pairs with Predicate Contains
[LIBGPUSPATIAL] [ 16455][19:55:30:736565][info  ] RTSpatialRefiner 0x177ea3e0 (Free 22005 MB), Profiling Results. Parse: 0.20 ms, Refine: 0.43 ms, Copy Results: 0.04 ms
[LIBGPUSPATIAL] [ 16455][19:55:30:757202][info  ] RTSpatialIndex 0x1b08bef0 (Free 22005 MB), Allocate result buffer, memory consumption 0 MB, capacity 28
[LIBGPUSPATIAL] [ 16455][19:55:30:757327][info  ] RTSpatialIndex 0x1b08bef0 (Free 22005 MB), Probe Points, Size: 100000, Results: 28
[LIBGPUSPATIAL] [ 16455][19:55:30:757358][info  ] RTSpatialIndex 0x1b08bef0 (Free 22005 MB), Profiling Results. Alloc: 0.09 ms, Prepare: 0.27 ms, RT: 0.10 ms, Copy res: 0.05 ms
[LIBGPUSPATIAL] [ 16455][19:55:30:757633][info  ] RTSpatialRefiner 0x177ea3e0 (Free 22005 MB), Loaded Geometries, ProbeArray 100000, Loaded 19, Type Point
[LIBGPUSPATIAL] [ 16455][19:55:30:757662][info  ] RTSpatialRefiner 0x177ea3e0 (Free 22005 MB), Evaluating 28 Geometry Pairs with Predicate Contains
[LIBGPUSPATIAL] [ 16455][19:55:30:758269][info  ] RTSpatialRefiner 0x177ea3e0 (Free 22005 MB), Profiling Results. Parse: 0.23 ms, Refine: 0.56 ms, Copy Results: 0.04 ms
[LIBGPUSPATIAL] [ 16455][19:55:30:768628][info  ] RTSpatialIndex 0x1b08bef0 (Free 22005 MB), Allocate result buffer, memory consumption 0 MB, capacity 30
[LIBGPUSPATIAL] [ 16455][19:55:30:768759][info  ] RTSpatialIndex 0x1b08bef0 (Free 22005 MB), Probe Points, Size: 100000, Results: 30
[LIBGPUSPATIAL] [ 16455][19:55:30:768785][info  ] RTSpatialIndex 0x1b08bef0 (Free 22005 MB), Profiling Results. Alloc: 0.06 ms, Prepare: 0.23 ms, RT: 0.09 ms, Copy res: 0.06 ms
[LIBGPUSPATIAL] [ 16455][19:55:30:769045][info  ] RTSpatialRefiner 0x177ea3e0 (Free 22005 MB), Loaded Geometries, ProbeArray 100000, Loaded 22, Type Point
[LIBGPUSPATIAL] [ 16455][19:55:30:769074][info  ] RTSpatialRefiner 0x177ea3e0 (Free 22005 MB), Evaluating 30 Geometry Pairs with Predicate Contains
[LIBGPUSPATIAL] [ 16455][19:55:30:769597][info  ] RTSpatialRefiner 0x177ea3e0 (Free 22005 MB), Profiling Results. Parse: 0.22 ms, Refine: 0.48 ms, Copy Results: 0.04 ms
[LIBGPUSPATIAL] [ 16455][19:55:30:779841][info  ] RTSpatialIndex 0x1b08bef0 (Free 22005 MB), Allocate result buffer, memory consumption 0 MB, capacity 22
[LIBGPUSPATIAL] [ 16455][19:55:30:779955][info  ] RTSpatialIndex 0x1b08bef0 (Free 22005 MB), Probe Points, Size: 100000, Results: 22
[LIBGPUSPATIAL] [ 16455][19:55:30:779980][info  ] RTSpatialIndex 0x1b08bef0 (Free 22005 MB), Profiling Results. Alloc: 0.05 ms, Prepare: 0.24 ms, RT: 0.08 ms, Copy res: 0.04 ms
[LIBGPUSPATIAL] [ 16455][19:55:30:780219][info  ] RTSpatialRefiner 0x177ea3e0 (Free 22005 MB), Loaded Geometries, ProbeArray 100000, Loaded 18, Type Point
[LIBGPUSPATIAL] [ 16455][19:55:30:780248][info  ] RTSpatialRefiner 0x177ea3e0 (Free 22005 MB), Evaluating 22 Geometry Pairs with Predicate Contains
[LIBGPUSPATIAL] [ 16455][19:55:30:780769][info  ] RTSpatialRefiner 0x177ea3e0 (Free 22005 MB), Profiling Results. Parse: 0.20 ms, Refine: 0.46 ms, Copy Results: 0.06 ms
[LIBGPUSPATIAL] [ 16455][19:55:30:791018][info  ] RTSpatialIndex 0x1b08bef0 (Free 22005 MB), Allocate result buffer, memory consumption 0 MB, capacity 13
[LIBGPUSPATIAL] [ 16455][19:55:30:791114][info  ] RTSpatialIndex 0x1b08bef0 (Free 22005 MB), Probe Points, Size: 100000, Results: 13
[LIBGPUSPATIAL] [ 16455][19:55:30:791138][info  ] RTSpatialIndex 0x1b08bef0 (Free 22005 MB), Profiling Results. Alloc: 0.05 ms, Prepare: 0.23 ms, RT: 0.06 ms, Copy res: 0.04 ms
[LIBGPUSPATIAL] [ 16455][19:55:30:791377][info  ] RTSpatialRefiner 0x177ea3e0 (Free 22005 MB), Loaded Geometries, ProbeArray 100000, Loaded 11, Type Point
[LIBGPUSPATIAL] [ 16455][19:55:30:791404][info  ] RTSpatialRefiner 0x177ea3e0 (Free 22005 MB), Evaluating 13 Geometry Pairs with Predicate Contains
[LIBGPUSPATIAL] [ 16455][19:55:30:791913][info  ] RTSpatialRefiner 0x177ea3e0 (Free 22005 MB), Profiling Results. Parse: 0.20 ms, Refine: 0.46 ms, Copy Results: 0.04 ms
[LIBGPUSPATIAL] [ 16455][19:55:30:801765][info  ] RTSpatialIndex 0x1b08bef0 (Free 22005 MB), Allocate result buffer, memory consumption 0 MB, capacity 20
[LIBGPUSPATIAL] [ 16455][19:55:30:801869][info  ] RTSpatialIndex 0x1b08bef0 (Free 22005 MB), Probe Points, Size: 100000, Results: 20
[LIBGPUSPATIAL] [ 16455][19:55:30:801892][info  ] RTSpatialIndex 0x1b08bef0 (Free 22005 MB), Profiling Results. Alloc: 0.05 ms, Prepare: 0.23 ms, RT: 0.08 ms, Copy res: 0.04 ms
[LIBGPUSPATIAL] [ 16455][19:55:30:802159][info  ] RTSpatialRefiner 0x177ea3e0 (Free 22005 MB), Loaded Geometries, ProbeArray 100000, Loaded 17, Type Point
[LIBGPUSPATIAL] [ 16455][19:55:30:802186][info  ] RTSpatialRefiner 0x177ea3e0 (Free 22005 MB), Evaluating 20 Geometry Pairs with Predicate Contains
[LIBGPUSPATIAL] [ 16455][19:55:30:802677][info  ] RTSpatialRefiner 0x177ea3e0 (Free 22005 MB), Profiling Results. Parse: 0.23 ms, Refine: 0.45 ms, Copy Results: 0.04 ms
[LIBGPUSPATIAL] [ 16455][19:55:30:813064][info  ] RTSpatialIndex 0x1b08bef0 (Free 22005 MB), Allocate result buffer, memory consumption 0 MB, capacity 20
[LIBGPUSPATIAL] [ 16455][19:55:30:813169][info  ] RTSpatialIndex 0x1b08bef0 (Free 22005 MB), Probe Points, Size: 100000, Results: 20
[LIBGPUSPATIAL] [ 16455][19:55:30:813193][info  ] RTSpatialIndex 0x1b08bef0 (Free 22005 MB), Profiling Results. Alloc: 0.05 ms, Prepare: 0.22 ms, RT: 0.07 ms, Copy res: 0.04 ms
[LIBGPUSPATIAL] [ 16455][19:55:30:813462][info  ] RTSpatialRefiner 0x177ea3e0 (Free 22005 MB), Loaded Geometries, ProbeArray 100000, Loaded 16, Type Point
[LIBGPUSPATIAL] [ 16455][19:55:30:813490][info  ] RTSpatialRefiner 0x177ea3e0 (Free 22005 MB), Evaluating 20 Geometry Pairs with Predicate Contains
[LIBGPUSPATIAL] [ 16455][19:55:30:813988][info  ] RTSpatialRefiner 0x177ea3e0 (Free 22005 MB), Profiling Results. Parse: 0.23 ms, Refine: 0.46 ms, Copy Results: 0.04 ms
[LIBGPUSPATIAL] [ 16455][19:55:30:824103][info  ] RTSpatialIndex 0x1b08bef0 (Free 22005 MB), Allocate result buffer, memory consumption 0 MB, capacity 12
[LIBGPUSPATIAL] [ 16455][19:55:30:824208][info  ] RTSpatialIndex 0x1b08bef0 (Free 22005 MB), Probe Points, Size: 100000, Results: 12
[LIBGPUSPATIAL] [ 16455][19:55:30:824231][info  ] RTSpatialIndex 0x1b08bef0 (Free 22005 MB), Profiling Results. Alloc: 0.05 ms, Prepare: 0.23 ms, RT: 0.07 ms, Copy res: 0.04 ms
[LIBGPUSPATIAL] [ 16455][19:55:30:824467][info  ] RTSpatialRefiner 0x177ea3e0 (Free 22005 MB), Loaded Geometries, ProbeArray 100000, Loaded 10, Type Point
[LIBGPUSPATIAL] [ 16455][19:55:30:824493][info  ] RTSpatialRefiner 0x177ea3e0 (Free 22005 MB), Evaluating 12 Geometry Pairs with Predicate Contains
[LIBGPUSPATIAL] [ 16455][19:55:30:824992][info  ] RTSpatialRefiner 0x177ea3e0 (Free 22005 MB), Profiling Results. Parse: 0.20 ms, Refine: 0.45 ms, Copy Results: 0.04 ms
[LIBGPUSPATIAL] [ 16455][19:55:30:835183][info  ] RTSpatialIndex 0x1b08bef0 (Free 22005 MB), Allocate result buffer, memory consumption 0 MB, capacity 16
[LIBGPUSPATIAL] [ 16455][19:55:30:835288][info  ] RTSpatialIndex 0x1b08bef0 (Free 22005 MB), Probe Points, Size: 100000, Results: 16
[LIBGPUSPATIAL] [ 16455][19:55:30:835314][info  ] RTSpatialIndex 0x1b08bef0 (Free 22005 MB), Profiling Results. Alloc: 0.04 ms, Prepare: 0.22 ms, RT: 0.07 ms, Copy res: 0.04 ms
[LIBGPUSPATIAL] [ 16455][19:55:30:835570][info  ] RTSpatialRefiner 0x177ea3e0 (Free 22005 MB), Loaded Geometries, ProbeArray 100000, Loaded 14, Type Point
[LIBGPUSPATIAL] [ 16455][19:55:30:835598][info  ] RTSpatialRefiner 0x177ea3e0 (Free 22005 MB), Evaluating 16 Geometry Pairs with Predicate Contains
[LIBGPUSPATIAL] [ 16455][19:55:30:836121][info  ] RTSpatialRefiner 0x177ea3e0 (Free 22005 MB), Profiling Results. Parse: 0.22 ms, Refine: 0.48 ms, Copy Results: 0.04 ms
[LIBGPUSPATIAL] [ 16455][19:55:30:846439][info  ] RTSpatialIndex 0x1b08bef0 (Free 22005 MB), Allocate result buffer, memory consumption 0 MB, capacity 28
[LIBGPUSPATIAL] [ 16455][19:55:30:846552][info  ] RTSpatialIndex 0x1b08bef0 (Free 22005 MB), Probe Points, Size: 100000, Results: 28
[LIBGPUSPATIAL] [ 16455][19:55:30:846577][info  ] RTSpatialIndex 0x1b08bef0 (Free 22005 MB), Profiling Results. Alloc: 0.05 ms, Prepare: 0.22 ms, RT: 0.08 ms, Copy res: 0.04 ms
[LIBGPUSPATIAL] [ 16455][19:55:30:846840][info  ] RTSpatialRefiner 0x177ea3e0 (Free 22005 MB), Loaded Geometries, ProbeArray 100000, Loaded 20, Type Point
[LIBGPUSPATIAL] [ 16455][19:55:30:846869][info  ] RTSpatialRefiner 0x177ea3e0 (Free 22005 MB), Evaluating 28 Geometry Pairs with Predicate Contains
[LIBGPUSPATIAL] [ 16455][19:55:30:847409][info  ] RTSpatialRefiner 0x177ea3e0 (Free 22005 MB), Profiling Results. Parse: 0.22 ms, Refine: 0.50 ms, Copy Results: 0.04 ms
[LIBGPUSPATIAL] [ 16455][19:55:30:857621][info  ] RTSpatialIndex 0x1b08bef0 (Free 22005 MB), Allocate result buffer, memory consumption 0 MB, capacity 25
[LIBGPUSPATIAL] [ 16455][19:55:30:857751][info  ] RTSpatialIndex 0x1b08bef0 (Free 22005 MB), Probe Points, Size: 100000, Results: 25
[LIBGPUSPATIAL] [ 16455][19:55:30:857777][info  ] RTSpatialIndex 0x1b08bef0 (Free 22005 MB), Profiling Results. Alloc: 0.05 ms, Prepare: 0.23 ms, RT: 0.08 ms, Copy res: 0.06 ms
[LIBGPUSPATIAL] [ 16455][19:55:30:858031][info  ] RTSpatialRefiner 0x177ea3e0 (Free 22005 MB), Loaded Geometries, ProbeArray 100000, Loaded 19, Type Point
[LIBGPUSPATIAL] [ 16455][19:55:30:858059][info  ] RTSpatialRefiner 0x177ea3e0 (Free 22005 MB), Evaluating 25 Geometry Pairs with Predicate Contains
[LIBGPUSPATIAL] [ 16455][19:55:30:858564][info  ] RTSpatialRefiner 0x177ea3e0 (Free 22005 MB), Profiling Results. Parse: 0.21 ms, Refine: 0.46 ms, Copy Results: 0.04 ms
[LIBGPUSPATIAL] [ 16455][19:55:30:868805][info  ] RTSpatialIndex 0x1b08bef0 (Free 22005 MB), Allocate result buffer, memory consumption 0 MB, capacity 35
[LIBGPUSPATIAL] [ 16455][19:55:30:868918][info  ] RTSpatialIndex 0x1b08bef0 (Free 22005 MB), Probe Points, Size: 100000, Results: 35
[LIBGPUSPATIAL] [ 16455][19:55:30:868942][info  ] RTSpatialIndex 0x1b08bef0 (Free 22005 MB), Profiling Results. Alloc: 0.05 ms, Prepare: 0.23 ms, RT: 0.09 ms, Copy res: 0.04 ms
[LIBGPUSPATIAL] [ 16455][19:55:30:869185][info  ] RTSpatialRefiner 0x177ea3e0 (Free 22005 MB), Loaded Geometries, ProbeArray 100000, Loaded 27, Type Point
[LIBGPUSPATIAL] [ 16455][19:55:30:869213][info  ] RTSpatialRefiner 0x177ea3e0 (Free 22005 MB), Evaluating 35 Geometry Pairs with Predicate Contains
[LIBGPUSPATIAL] [ 16455][19:55:30:869717][info  ] RTSpatialRefiner 0x177ea3e0 (Free 22005 MB), Profiling Results. Parse: 0.20 ms, Refine: 0.46 ms, Copy Results: 0.04 ms
[LIBGPUSPATIAL] [ 16455][19:55:30:879808][info  ] RTSpatialIndex 0x1b08bef0 (Free 22005 MB), Allocate result buffer, memory consumption 0 MB, capacity 22
[LIBGPUSPATIAL] [ 16455][19:55:30:879922][info  ] RTSpatialIndex 0x1b08bef0 (Free 22005 MB), Probe Points, Size: 100000, Results: 22
[LIBGPUSPATIAL] [ 16455][19:55:30:879947][info  ] RTSpatialIndex 0x1b08bef0 (Free 22005 MB), Profiling Results. Alloc: 0.06 ms, Prepare: 0.24 ms, RT: 0.11 ms, Copy res: 0.04 ms
[LIBGPUSPATIAL] [ 16455][19:55:30:880206][info  ] RTSpatialRefiner 0x177ea3e0 (Free 22005 MB), Loaded Geometries, ProbeArray 100000, Loaded 16, Type Point
[LIBGPUSPATIAL] [ 16455][19:55:30:880234][info  ] RTSpatialRefiner 0x177ea3e0 (Free 22005 MB), Evaluating 22 Geometry Pairs with Predicate Contains
[LIBGPUSPATIAL] [ 16455][19:55:30:880753][info  ] RTSpatialRefiner 0x177ea3e0 (Free 22005 MB), Profiling Results. Parse: 0.21 ms, Refine: 0.45 ms, Copy Results: 0.04 ms
[LIBGPUSPATIAL] [ 16455][19:55:30:891218][info  ] RTSpatialIndex 0x1b08bef0 (Free 22005 MB), Allocate result buffer, memory consumption 0 MB, capacity 20
[LIBGPUSPATIAL] [ 16455][19:55:30:891333][info  ] RTSpatialIndex 0x1b08bef0 (Free 22005 MB), Probe Points, Size: 100000, Results: 20
[LIBGPUSPATIAL] [ 16455][19:55:30:891358][info  ] RTSpatialIndex 0x1b08bef0 (Free 22005 MB), Profiling Results. Alloc: 0.06 ms, Prepare: 0.24 ms, RT: 0.09 ms, Copy res: 0.04 ms
[LIBGPUSPATIAL] [ 16455][19:55:30:891615][info  ] RTSpatialRefiner 0x177ea3e0 (Free 22005 MB), Loaded Geometries, ProbeArray 100000, Loaded 15, Type Point
[LIBGPUSPATIAL] [ 16455][19:55:30:891645][info  ] RTSpatialRefiner 0x177ea3e0 (Free 22005 MB), Evaluating 20 Geometry Pairs with Predicate Contains
[LIBGPUSPATIAL] [ 16455][19:55:30:892231][info  ] RTSpatialRefiner 0x177ea3e0 (Free 22005 MB), Profiling Results. Parse: 0.21 ms, Refine: 0.54 ms, Copy Results: 0.04 ms
[LIBGPUSPATIAL] [ 16455][19:55:30:895832][info  ] RTSpatialIndex 0x1b08bef0 (Free 22005 MB), Allocate result buffer, memory consumption 0 MB, capacity 2
[LIBGPUSPATIAL] [ 16455][19:55:30:895939][info  ] RTSpatialIndex 0x1b08bef0 (Free 22005 MB), Probe Points, Size: 33333, Results: 2
[LIBGPUSPATIAL] [ 16455][19:55:30:895964][info  ] RTSpatialIndex 0x1b08bef0 (Free 22005 MB), Profiling Results. Alloc: 0.04 ms, Prepare: 0.12 ms, RT: 0.07 ms, Copy res: 0.04 ms
[LIBGPUSPATIAL] [ 16455][19:55:30:896221][info  ] RTSpatialRefiner 0x177ea3e0 (Free 22005 MB), Loaded Geometries, ProbeArray 33333, Loaded 1, Type Point
[LIBGPUSPATIAL] [ 16455][19:55:30:896250][info  ] RTSpatialRefiner 0x177ea3e0 (Free 22005 MB), Evaluating 2 Geometry Pairs with Predicate Contains
[LIBGPUSPATIAL] [ 16455][19:55:30:896692][info  ] RTSpatialRefiner 0x177ea3e0 (Free 22005 MB), Profiling Results. Parse: 0.21 ms, Refine: 0.40 ms, Copy Results: 0.04 ms
9.94s (3 rows)

================================================================================
BENCHMARK SUMMARY
================================================================================
Query     sedonadb_gpu   
-------------------------
q6        9.94s          
-------------------------
Total     9.94s         

Results saved to results_breakdown_SF_10/sedonadb_gpu_q6_results.json
